ido_s;J1_fok;J2_fok;J3_fok;J4_fok;J5_fok;J6_fok;J7_fok;TCP_X_mm;TCP_Y_mm;TCP_Z_mm;TCP_sebesseg_mm_s;v_J1_fok_s;v_J2_fok_s;v_J3_fok_s;v_J4_fok_s;v_J5_fok_s;v_J6_fok_s;v_J7_fok_s;a_J1_fok_s2;a_J2_fok_s2;a_J3_fok_s2;a_J4_fok_s2;a_J5_fok_s2;a_J6_fok_s2;a_J7_fok_s2;mozgas_id;hibakod;zona_tavolsag_mm
0,0000;31,1473;32,8012;-41,0628;-100,1776;25,2313;56,5949;160,3878;500,000;0,000;150,000;0,000;-0,0291;-0,0469;0,0000;-0,1543;-0,0002;-0,1099;-0,0839;-14,0564;-22,6621;0,0000;-74,5189;-0,0765;-53,0735;-40,5327;6;0;94,868
0,0021;31,1472;32,8011;-41,0628;-100,1779;25,2313;56,5947;160,3876;499,998;-0,001;149,999;1,036;-0,0582;-0,0939;0,0000;-0,3087;-0,0003;-0,2198;-0,1679;-21,0873;-33,9912;-0,0000;-111,7763;-0,1113;-79,6105;-60,8012;6;0;94,867
0,0041;31,1471;32,8008;-41,0628;-100,1789;25,2313;56,5940;160,3871;499,994;-0,005;149,996;3,107;-0,1165;-0,1877;-0,0000;-0,6174;-0,0006;-0,4397;-0,3358;-28,1221;-45,3171;0,0000;-149,0299;-0,1436;-106,1464;-81,0732;6;0;94,863
0,0062;31,1468;32,8004;-41,0628;-100,1805;25,2313;56,5929;160,3862;499,986;-0,010;149,991;5,178;-0,1747;-0,2816;0,0000;-0,9260;-0,0009;-0,6595;-0,5037;-28,1312;-45,3096;0,0000;-149,0212;-0,1371;-106,1440;-81,0813;6;0;94,857
0,0083;31,1463;32,7997;-41,0628;-100,1827;25,2313;56,5913;160,3850;499,975;-0,018;149,985;7,249;-0,2330;-0,3754;0,0000;-1,2347;-0,0012;-0,8794;-0,6717;-28,1448;-45,2983;0,0000;-149,0081;-0,1273;-106,1404;-81,0933;6;0;94,848
0,0104;31,1458;32,7988;-41,0628;-100,1856;25,2313;56,5892;160,3834;499,962;-0,029;149,976;9,320;-0,2913;-0,4692;0,0000;-1,5433;-0,0014;-1,0992;-0,8396;-28,1633;-45,2833;0,0000;-148,9908;-0,1123;-106,1365;-81,1094;6;0;94,836
0,0124;31,1451;32,7977;-41,0628;-100,1891;25,2313;56,5867;160,3815;499,945;-0,041;149,965;11,391;-0,3497;-0,5630;0,0000;-1,8518;-0,0017;-1,3190;-1,0077;-28,1852;-45,2651;0,0000;-148,9699;-0,0957;-106,1313;-81,1288;6;0;94,822
0,0145;31,1443;32,7965;-41,0628;-100,1933;25,2313;56,5838;160,3792;499,925;-0,056;149,953;13,463;-0,4081;-0,6567;0,0000;-2,1603;-0,0018;-1,5388;-1,1757;-28,2113;-45,2438;0,0000;-148,9454;-0,0753;-106,1254;-81,1516;6;0;94,806
0,0166;31,1434;32,7950;-41,0628;-100,1981;25,2313;56,5803;160,3766;499,902;-0,074;149,939;15,534;-0,4665;-0,7504;0,0000;-2,4688;-0,0020;-1,7586;-1,3438;-28,2417;-45,2198;0,0000;-148,9180;-0,0487;-106,1203;-81,1777;6;0;94,787
0,0186;31,1424;32,7934;-41,0628;-100,2035;25,2313;56,5765;160,3737;499,876;-0,093;149,922;17,605;-0,5250;-0,8441;0,0000;-2,7772;-0,0020;-1,9784;-1,5120;-28,2749;-45,1903;0,0000;-148,8836;-0,0304;-106,1081;-81,2083;6;0;94,765
0,0207;31,1413;32,7915;-41,0628;-100,2096;25,2313;56,5721;160,3704;499,847;-0,115;149,904;19,676;-0,5836;-0,9376;0,0000;-3,0855;-0,0021;-2,1982;-1,6802;-28,3131;-45,1595;-0,0000;-148,8483;0,0011;-106,1005;-81,2416;6;0;94,741
0,0228;31,1400;32,7895;-41,0628;-100,2163;25,2313;56,5674;160,3667;499,814;-0,139;149,884;21,747;-0,6423;-1,0311;-0,0000;-3,3938;-0,0020;-2,4179;-1,8485;-28,3557;-45,1260;0,0000;-148,8099;0,0385;-106,0935;-81,2780;6;0;94,714
0,0249;31,1386;32,7872;-41,0628;-100,2236;25,2313;56,5621;160,3627;499,779;-0,166;149,862;23,818;-0,7011;-1,1245;0,0000;-3,7020;-0,0019;-2,6377;-2,0169;-28,4014;-45,0876;0,0000;-148,7657;0,0715;-106,0814;-81,3190;6;0;94,685
0,0269;31,1371;32,7848;-41,0628;-100,2316;25,2313;56,5564;160,3584;499,741;-0,195;149,838;25,890;-0,7600;-1,2179;0,0000;-4,0100;-0,0017;-2,8574;-2,1854;-28,4514;-45,0465;-0,0000;-148,7183;0,1098;-106,0697;-81,3629;6;0;94,653
0,0290;31,1355;32,7822;-41,0628;-100,2402;25,2312;56,5503;160,3537;499,699;-0,226;149,812;27,961;-0,8190;-1,3111;0,0000;-4,3180;-0,0015;-3,0770;-2,3539;-28,5055;-45,0021;0,0000;-148,6674;0,1520;-106,0574;-81,4108;6;0;94,619
0,0311;31,1337;32,7794;-41,0628;-100,2495;25,2312;56,5437;160,3486;499,655;-0,259;149,784;30,032;-0,8781;-1,4043;0,0000;-4,6259;-0,0011;-3,2967;-2,5226;-28,5635;-44,9543;0,0000;-148,6125;0,1963;-106,0439;-81,4616;6;0;94,582
0,0331;31,1318;32,7764;-41,0628;-100,2594;25,2312;56,5366;160,3432;499,607;-0,295;149,754;32,103;-0,9373;-1,4974;0,0000;-4,9336;-0,0007;-3,5163;-2,6914;-28,6257;-44,9034;0,0000;-148,5540;0,2450;-106,0296;-81,5170;6;0;94,542
0,0352;31,1298;32,7732;-41,0628;-100,2699;25,2312;56,5291;160,3375;499,556;-0,333;149,723;34,175;-0,9966;-1,5903;0,0000;-5,2412;-0,0001;-3,7359;-2,8603;-28,6916;-44,8490;0,0000;-148,4916;0,2952;-106,0146;-81,5743;6;0;94,500
0,0373;31,1277;32,7698;-41,0628;-100,2811;25,2312;56,5212;160,3314;499,503;-0,373;149,689;36,245;-1,0561;-1,6831;0,0000;-5,5487;0,0006;-3,9554;-3,0293;-28,7619;-44,7914;0,0000;-148,4255;0,3505;-105,9983;-81,6375;6;0;94,456
0,0394;31,1254;32,7662;-41,0628;-100,2929;25,2312;56,5127;160,3249;499,446;-0,416;149,654;38,317;-1,1158;-1,7758;0,0000;-5,8560;0,0014;-4,1750;-3,1984;-28,8366;-44,7303;0,0000;-148,3555;0,4106;-105,9800;-81,7085;6;0;94,409
0,0414;31,1231;32,7624;-41,0628;-100,3054;25,2313;56,5039;160,3181;499,386;-0,460;149,616;40,387;-1,1756;-1,8684;0,0000;-6,1632;0,0023;-4,3945;-3,3677;-28,9141;-44,6662;0,0000;-148,2820;0,4686;-105,9632;-81,7726;6;0;94,359
0,0435;31,1206;32,7585;-41,0628;-100,3184;25,2313;56,4945;160,3110;499,323;-0,508;149,577;42,459;-1,2355;-1,9609;0,0000;-6,4703;0,0033;-4,6139;-3,5372;-28,9980;-44,6026;0,0000;-148,2103;0,5509;-105,9559;-81,8410;6;0;94,307
0,0456;31,1179;32,7543;-41,0628;-100,3322;25,2313;56,4848;160,3035;499,257;-0,557;149,536;44,530;-1,2957;-2,0532;0,0000;-6,7772;0,0045;-4,8334;-3,7067;-29,0799;-44,5232;0,0000;-148,1172;0,5768;-105,9124;-81,9238;6;0;94,252
0,0476;31,1152;32,7500;-41,0628;-100,3465;25,2313;56,4745;160,2956;499,188;-0,609;149,493;46,601;-1,3560;-2,1453;0,0000;-7,0838;0,0057;-5,0526;-3,8765;-29,1707;-44,4500;0,0000;-148,0338;0,6522;-105,8944;-82,0038;6;0;94,195
0,0497;31,1123;32,7454;-41,0628;-100,3615;25,2313;56,4638;160,2874;499,116;-0,663;149,447;48,673;-1,4165;-2,2373;0,0000;-7,3904;0,0072;-5,2720;-4,0464;-29,2655;-44,3788;0,0000;-147,9541;0,7449;-105,8940;-82,0540;6;0;94,136
0,0518;31,1093;32,7407;-41,0628;-100,3771;25,2313;56,4527;160,2788;499,041;-0,719;149,400;50,743;-1,4772;-2,3291;0,0000;-7,6967;0,0088;-5,4913;-4,2164;-29,3649;-44,2950;0,0000;-147,8576;0,8193;-105,8598;-82,1745;6;0;94,073
0,0539;31,1062;32,7358;-41,0628;-100,3934;25,2313;56,4411;160,2699;498,963;-0,778;149,352;52,816;-1,5382;-2,4208;0,0000;-8,0029;0,0106;-5,7105;-4,3868;-29,4770;-44,2181;0,0000;-147,7720;0,9625;-105,8489;-82,3271;6;0;94,009
0,0559;31,1030;32,7307;-41,0628;-100,4103;25,2313;56,4290;160,2607;498,881;-0,839;149,301;54,885;-1,5993;-2,5123;0,0000;-8,3088;0,0128;-5,9297;-4,5574;-29,5734;-44,1230;0,0000;-147,6616;0,9823;-105,8116;-82,3615;6;0;93,941
0,0580;31,0996;32,7254;-41,0628;-100,4278;25,2314;56,4165;160,2511;498,797;-0,902;149,248;56,957;-1,6607;-2,6036;0,0000;-8,6145;0,0147;-6,1488;-4,7280;-29,6775;-44,0262;0,0000;-147,5497;1,0253;-105,7742;-82,4305;6;0;93,872
0,0601;31,0961;32,7199;-41,0628;-100,4460;25,2314;56,4036;160,2411;498,709;-0,968;149,193;59,028;-1,7223;-2,6947;0,0000;-8,9200;0,0170;-6,3679;-4,8989;-29,7939;-43,9306;0,0000;-147,4405;1,1200;-105,7407;-82,5649;6;0;93,799
0,0621;31,0925;32,7142;-41,0628;-100,4648;25,2314;56,3901;160,2308;498,619;-1,036;149,137;61,099;-1,7841;-2,7855;0,0000;-9,2253;0,0193;-6,5868;-5,0700;-29,9163;-43,8403;0,0000;-147,3397;1,2502;-105,7335;-82,6696;6;0;93,724
0,0642;31,0887;32,7084;-41,0628;-100,4842;25,2315;56,3763;160,2201;498,525;-1,106;149,078;63,171;-1,8462;-2,8763;0,0000;-9,5304;0,0222;-6,8059;-5,2413;-30,0469;-43,7538;0,0000;-147,2457;1,4214;-105,7454;-82,7765;6;0;93,647
0,0663;31,0848;32,7023;-41,0628;-100,5042;25,2315;56,3619;160,2091;498,428;-1,179;149,018;65,241;-1,9085;-2,9668;0,0000;-9,8352;0,0252;-7,0249;-5,4129;-30,1651;-43,6348;0,0000;-147,1067;1,4458;-105,6769;-82,8950;6;0;93,567
0,0683;31,0808;32,6961;-41,0628;-100,5249;25,2316;56,3472;160,1977;498,329;-1,254;148,955;67,313;-1,9711;-3,0570;0,0000;-10,1397;0,0282;-7,2436;-5,5847;-30,2914;-43,5198;0,0000;-146,9741;1,5106;-105,6272;-83,0147;6;0;93,485
0,0704;31,0766;32,6896;-41,0628;-100,5462;25,2317;56,3319;160,1859;498,226;-1,331;148,891;69,384;-2,0340;-3,1471;0,0000;-10,4440;0,0315;-7,4624;-5,7568;-30,4300;-43,4160;0,0000;-146,8586;1,6538;-105,6165;-83,1348;6;0;93,400
0,0725;31,0724;32,6830;-41,0628;-100,5682;25,2317;56,3163;160,1738;498,120;-1,410;148,825;71,455;-2,0972;-3,2369;0,0000;-10,7481;0,0350;-7,6811;-5,9291;-30,5685;-43,3014;0,0000;-146,7291;1,7630;-105,5851;-83,2610;6;0;93,313
0,0746;31,0680;32,6762;-41,0628;-100,5908;25,2318;56,3001;160,1614;498,011;-1,492;148,757;73,526;-2,1607;-3,3264;0,0000;-11,0518;0,0388;-7,8998;-6,1017;-30,7111;-43,1835;0,0000;-146,5959;1,8755;-105,5528;-83,3910;6;0;93,223
0,0766;31,0634;32,6692;-41,0628;-100,6140;25,2319;56,2835;160,1485;497,899;-1,576;148,687;75,598;-2,2244;-3,4157;0,0000;-11,3553;0,0428;-8,1184;-6,2745;-30,8577;-43,0622;0,0000;-146,4589;1,9913;-105,5196;-83,5249;6;0;93,131
0,0787;31,0587;32,6621;-41,0628;-100,6378;25,2320;56,2665;160,1354;497,784;-1,662;148,615;77,669;-2,2885;-3,5048;0,0000;-11,6585;0,0470;-8,3369;-6,4477;-31,0083;-42,9375;0,0000;-146,3183;2,1105;-105,4855;-83,6629;6;0;93,036
0,0808;31,0539;32,6547;-41,0628;-100,6623;25,2321;56,2490;160,1218;497,666;-1,751;148,541;79,740;-2,3529;-3,5936;0,0000;-11,9614;0,0515;-8,5553;-6,6211;-31,1630;-42,8094;0,0000;-146,1741;2,2331;-105,4505;-83,8049;6;0;92,938
0,0828;31,0490;32,6472;-41,0628;-100,6873;25,2322;56,2311;160,1079;497,544;-1,842;148,465;81,811;-2,4176;-3,6821;0,0000;-12,2640;0,0563;-8,7737;-6,7948;-31,3218;-42,6779;0,0000;-146,0261;2,3590;-105,4147;-83,9509;6;0;92,839
0,0849;31,0439;32,6395;-41,0628;-100,7131;25,2323;56,2127;160,0937;497,420;-1,935;148,388;83,882;-2,4826;-3,7704;0,0000;-12,5663;0,0613;-8,9920;-6,9688;-31,4846;-42,5429;0,0000;-145,8745;2,4884;-105,3780;-84,1011;6;0;92,736
0,0870;31,0387;32,6316;-41,0628;-100,7394;25,2324;56,1938;160,0791;497,293;-2,030;148,308;85,953;-2,5480;-3,8584;0,0000;-12,8683;0,0666;-9,2102;-7,1432;-31,6515;-42,4045;0,0000;-145,7193;2,6212;-105,3404;-84,2553;6;0;92,631
0,0891;31,0334;32,6235;-41,0628;-100,7664;25,2326;56,1745;160,0641;497,162;-2,128;148,226;88,025;-2,6137;-3,9460;0,0000;-13,1699;0,0722;-9,4283;-7,3178;-31,8224;-42,2626;0,0000;-145,5603;2,7574;-105,3020;-84,4137;6;0;92,524
0,0911;31,0279;32,6152;-41,0628;-100,7940;25,2327;56,1547;160,0488;497,029;-2,228;148,143;90,096;-2,6798;-4,0334;0,0000;-13,4712;0,0780;-9,6464;-7,4928;-31,9974;-42,1174;0,0000;-145,3978;2,8972;-105,2627;-84,5763;6;0;92,415
0,0932;31,0223;32,6068;-41,0628;-100,8222;25,2329;56,1345;160,0331;496,892;-2,331;148,058;92,167;-2,7463;-4,1205;0,0000;-13,7722;0,0842;-9,8644;-7,6682;-32,1765;-41,9686;0,0000;-145,2316;3,0403;-105,2226;-84,7431;6;0;92,302
0,0953;31,0165;32,5982;-41,0628;-100,8510;25,2331;56,1139;160,0170;496,752;-2,436;147,970;94,238;-2,8131;-4,2073;0,0000;-14,0728;0,0906;-10,0823;-7,8439;-32,3596;-41,8164;0,0000;-145,0617;3,1870;-105,1816;-84,9141;6;0;92,188
0,0973;31,0106;32,5894;-41,0628;-100,8805;25,2333;56,0928;160,0006;496,610;-2,543;147,881;96,309;-2,8803;-4,2937;0,0000;-14,3731;0,0974;-10,3001;-8,0199;-32,5468;-41,6607;0,0000;-144,8883;3,3373;-105,1398;-85,0894;6;0;92,071
0,0994;31,0046;32,5804;-41,0628;-100,9105;25,2335;56,0712;159,9838;496,464;-2,652;147,790;98,380;-2,9479;-4,3799;0,0000;-14,6730;0,1044;-10,5178;-8,1963;-32,7381;-41,5015;0,0000;-144,7112;3,4910;-105,0971;-85,2690;6;0;91,951
0,1015;30,9984;32,5712;-41,0628;-100,9412;25,2337;56,0492;159,9666;496,315;-2,764;147,697;100,452;-3,0159;-4,4656;0,0000;-14,9725;0,1118;-10,7354;-8,3731;-32,9335;-41,3389;0,0000;-144,5305;3,6483;-105,0535;-85,4530;6;0;91,829
0,1036;30,9921;32,5619;-41,0628;-100,9726;25,2340;56,0268;159,9491;496,163;-2,878;147,602;102,523;-3,0843;-4,5511;0,0000;-15,2717;0,1196;-10,9530;-8,5503;-33,1329;-41,1727;0,0000;-144,3462;3,8092;-105,0092;-85,6413;6;0;91,705
0,1056;30,9856;32,5524;-41,0628;-101,0045;25,2342;56,0038;159,9312;496,008;-2,994;147,505;104,594;-3,1532;-4,6362;0,0000;-15,5705;0,1276;-11,1704;-8,7279;-33,3365;-41,0031;0,0000;-144,1583;3,9738;-104,9640;-85,8341;6;0;91,578
0,1077;30,9790;32,5427;-41,0628;-101,0371;25,2345;55,9805;159,9129;495,850;-3,112;147,406;106,665;-3,2224;-4,7209;0,0000;-15,8688;0,1360;-11,3877;-8,9059;-33,5441;-40,8299;0,0000;-143,9668;4,1419;-104,9179;-86,0313;6;0;91,448
0,1098;30,9723;32,5328;-41,0628;-101,0702;25,2348;55,9567;159,8943;495,689;-3,233;147,306;108,736;-3,2921;-4,8053;0,0000;-16,1668;0,1448;-11,6050;-9,0843;-33,7558;-40,6531;0,0000;-143,7717;4,3137;-104,8711;-86,2330;6;0;91,317
0,1118;30,9654;32,5228;-41,0628;-101,1040;25,2351;55,9324;159,8753;495,525;-3,356;147,203;110,807;-3,3622;-4,8893;0,0000;-16,4644;0,1539;-11,8222;-9,2631;-33,9717;-40,4729;0,0000;-143,5730;4,4892;-104,8234;-86,4393;6;0;91,182
0,1139;30,9583;32,5126;-41,0628;-101,1384;25,2354;55,9077;159,8559;495,357;-3,482;147,098;112,879;-3,4328;-4,9730;0,0000;-16,7616;0,1634;-12,0392;-9,4423;-34,1916;-40,2891;0,0000;-143,3707;4,6683;-104,7748;-86,6501;6;0;91,046
0,1160;30,9512;32,5022;-41,0628;-101,1735;25,2358;55,8825;159,8362;495,187;-3,610;146,992;114,950;-3,5039;-5,0562;0,0000;-17,0583;0,1732;-12,2562;-9,6220;-34,4157;-40,1017;0,0000;-143,1649;4,8512;-104,7255;-86,8656;6;0;90,907
0,1181;30,9438;32,4916;-41,0628;-101,2091;25,2361;55,8569;159,8161;495,014;-3,740;146,884;117,021;-3,5754;-5,1391;0,0000;-17,3546;0,1835;-12,4730;-9,8022;-34,6438;-39,9108;0,0000;-142,9555;5,0379;-104,6753;-87,0857;6;0;90,765
0,1201;30,9364;32,4809;-41,0628;-101,2453;25,2365;55,8309;159,7956;494,837;-3,872;146,773;119,092;-3,6474;-5,2216;0,0000;-17,6505;0,1941;-12,6898;-9,9828;-34,8761;-39,7162;0,0000;-142,7425;5,2283;-104,6244;-87,3105;6;0;90,621
0,1222;30,9287;32,4700;-41,0628;-101,2822;25,2369;55,8044;159,7747;494,658;-4,007;146,661;121,163;-3,7199;-5,3036;0,0000;-17,9459;0,2051;-12,9064;-10,1638;-35,1125;-39,5181;0,0000;-142,5261;5,4226;-104,5726;-87,5400;6;0;90,475
0,1243;30,9209;32,4589;-41,0628;-101,3197;25,2374;55,7774;159,7535;494,475;-4,144;146,547;123,234;-3,7928;-5,3852;0,0000;-18,2408;0,2166;-13,1229;-10,3454;-35,3530;-39,3164;0,0000;-142,3060;5,6206;-104,5200;-87,7744;6;0;90,327
0,1263;30,9130;32,4477;-41,0628;-101,3578;25,2378;55,7500;159,7319;494,289;-4,283;146,431;125,306;-3,8663;-5,4665;0,0000;-18,5354;0,2284;-13,3394;-10,5274;-35,5977;-39,1111;0,0000;-142,0824;5,8225;-104,4666;-88,0135;6;0;90,176
0,1284;30,9049;32,4363;-41,0628;-101,3965;25,2383;55,7222;159,7099;494,100;-4,425;146,313;127,377;-3,9403;-5,5473;0,0000;-18,8294;0,2407;-13,5557;-10,7100;-35,8465;-38,9021;0,0000;-141,8553;6,0284;-104,4124;-88,2576;6;0;90,022
0,1305;30,8967;32,4247;-41,0628;-101,4358;25,2388;55,6939;159,6875;493,909;-4,569;146,193;129,448;-4,0148;-5,6276;0,0000;-19,1230;0,2534;-13,7719;-10,8930;-36,0994;-38,6895;0,0000;-141,6247;6,2381;-104,3574;-88,5066;6;0;89,866
0,1326;30,8883;32,4130;-41,0628;-101,4757;25,2394;55,6651;159,6648;493,714;-4,715;146,071;131,519;-4,0898;-5,7075;0,0000;-19,4161;0,2665;-13,9880;-11,0766;-36,3565;-38,4732;0,0000;-141,3906;6,4518;-104,3016;-88,7605;6;0;89,708
0,1346;30,8797;32,4011;-41,0628;-101,5162;25,2399;55,6359;159,6416;493,516;-4,863;145,947;133,590;-4,1654;-5,7870;0,0000;-19,7087;0,2801;-14,2039;-11,2607;-36,6177;-38,2533;0,0000;-141,1529;6,6694;-104,2450;-89,0195;6;0;89,548
0,1367;30,8710;32,3890;-41,0628;-101,5573;25,2405;55,6063;159,6181;493,315;-5,014;145,822;135,661;-4,2415;-5,8660;0,0000;-20,0008;0,2941;-14,4198;-11,4453;-36,8831;-38,0297;0,0000;-140,9118;6,8911;-104,1876;-89,2836;6;0;89,385
0,1388;30,8622;32,3768;-41,0628;-101,5990;25,2412;55,5762;159,5942;493,111;-5,167;145,694;137,733;-4,3182;-5,9445;0,0000;-20,2924;0,3086;-14,6355;-11,6305;-37,1527;-37,8024;0,0000;-140,6671;7,1168;-104,1295;-89,5528;6;0;89,220
0,1408;30,8532;32,3644;-41,0628;-101,6414;25,2418;55,5456;159,5699;492,903;-5,322;145,565;139,804;-4,3954;-6,0226;0,0000;-20,5834;0,3236;-14,8511;-11,8163;-37,4264;-37,5713;0,0000;-140,4190;7,3465;-104,0705;-89,8272;6;0;89,052
0,1429;30,8440;32,3518;-41,0628;-101,6843;25,2425;55,5147;159,5453;492,693;-5,480;145,433;141,875;-4,4732;-6,1001;0,0000;-20,8740;0,3391;-15,0666;-12,0026;-37,7043;-37,3366;0,0000;-140,1674;7,5804;-104,0108;-90,1068;6;0;88,882
0,1450;30,8346;32,3391;-41,0628;-101,7278;25,2432;55,4832;159,5202;492,480;-5,640;145,300;143,946;-4,5516;-6,1772;0,0000;-21,1641;0,3550;-15,2820;-12,1895;-37,9863;-37,0981;0,0000;-139,9123;7,8184;-103,9503;-90,3917;6;0;88,710
0,1471;30,8251;32,3262;-41,0628;-101,7720;25,2440;55,4514;159,4948;492,263;-5,802;145,165;146,017;-4,6306;-6,2538;0,0000;-21,4536;0,3715;-15,4972;-12,3771;-38,2726;-36,8559;0,0000;-139,6537;8,0606;-103,8890;-90,6819;6;0;88,535
0,1491;30,8154;32,3132;-41,0628;-101,8167;25,2448;55,4190;159,4690;492,044;-5,967;145,027;148,088;-4,7101;-6,3299;0,0000;-21,7426;0,3884;-15,7123;-12,5652;-38,5631;-36,6099;0,0000;-139,3917;8,3070;-103,8270;-90,9775;6;0;88,359
0,1512;30,8056;32,3000;-41,0628;-101,8620;25,2456;55,3863;159,4427;491,821;-6,134;144,888;150,160;-4,7903;-6,4055;0,0000;-22,0310;0,4059;-15,9273;-12,7539;-38,8577;-36,3601;0,0000;-139,1262;8,5576;-103,7642;-91,2786;6;0;88,179
0,1533;30,7956;32,2867;-41,0628;-101,9080;25,2464;55,3531;159,4161;491,596;-6,303;144,747;152,231;-4,8711;-6,4805;0,0000;-22,3189;0,4239;-16,1421;-12,9433;-39,1566;-36,1066;0,0000;-138,8573;8,8126;-103,7006;-91,5852;6;0;87,998
0,1553;30,7854;32,2732;-41,0628;-101,9545;25,2473;55,3194;159,3891;491,367;-6,475;144,604;154,302;-4,9525;-6,5550;0,0000;-22,6062;0,4424;-16,3569;-13,1333;-39,4596;-35,8492;0,0000;-138,5850;9,0718;-103,6363;-91,8974;6;0;87,814
0,1574;30,7751;32,2595;-41,0628;-102,0016;25,2483;55,2853;159,3617;491,135;-6,649;144,460;156,373;-5,0345;-6,6290;0,0000;-22,8929;0,4614;-16,5714;-13,3239;-39,7669;-35,5880;0,0000;-138,3092;9,3354;-103,5712;-92,2152;6;0;87,628
0,1595;30,7646;32,2457;-41,0628;-102,0493;25,2492;55,2508;159,3339;490,901;-6,825;144,313;158,444;-5,1172;-6,7025;0,0000;-23,1791;0,4810;-16,7859;-13,5153;-40,0784;-35,3229;0,0000;-138,0300;9,6034;-103,5053;-92,5387;6;0;87,440
0,1616;30,7539;32,2317;-41,0628;-102,0976;25,2503;55,2158;159,3057;490,663;-7,003;144,164;160,515;-5,2006;-6,7753;0,0000;-23,4647;0,5012;-17,0002;-13,7073;-40,3941;-35,0540;0,0000;-137,7474;9,8759;-103,4387;-92,8679;6;0;87,249
0,1636;30,7430;32,2176;-41,0628;-102,1465;25,2513;55,1803;159,2771;490,422;-7,184;144,014;162,587;-5,2846;-6,8477;0,0000;-23,7497;0,5220;-17,2144;-13,9000;-40,7141;-34,7812;0,0000;-137,4613;10,1528;-103,3714;-93,2029;6;0;87,057
0,1657;30,7320;32,2034;-41,0628;-102,1960;25,2524;55,1445;159,2482;490,178;-7,367;143,861;164,658;-5,3692;-6,9194;0,0000;-24,0341;0,5433;-17,4284;-14,0934;-41,0383;-34,5045;0,0000;-137,1719;10,4342;-103,3033;-93,5439;6;0;86,862
0,1678;30,7208;32,1890;-41,0628;-102,2461;25,2536;55,1081;159,2188;489,931;-7,552;143,707;166,729;-5,4546;-6,9906;0,0000;-24,3179;0,5652;-17,6423;-14,2875;-41,3668;-34,2239;0,0000;-136,8790;10,7202;-103,2344;-93,8908;6;0;86,664
0,1698;30,7094;32,1744;-41,0628;-102,2967;25,2548;55,0714;159,1890;489,680;-7,740;143,550;168,800;-5,5406;-7,0612;0,0000;-24,6011;0,5877;-17,8560;-14,4823;-41,6995;-33,9394;0,0000;-136,5828;11,0108;-103,1648;-94,2437;6;0;86,465
0,1719;30,6978;32,1597;-41,0628;-102,3480;25,2560;55,0342;159,1588;489,427;-7,930;143,392;170,871;-5,6273;-7,1312;0,0000;-24,8837;0,6108;-18,0696;-14,6778;-42,0365;-33,6509;0,0000;-136,2831;11,3061;-103,0945;-94,6026;6;0;86,263
0,1740;30,6861;32,1449;-41,0628;-102,3998;25,2573;54,9965;159,1282;489,171;-8,122;143,232;172,942;-5,7147;-7,2006;0,0000;-25,1656;0,6345;-18,2831;-14,8742;-42,3777;-33,3585;0,0000;-135,9801;11,6060;-103,0234;-94,9677;6;0;86,059
0,1760;30,6742;32,1299;-41,0628;-102,4522;25,2586;54,9584;159,0972;488,911;-8,316;143,070;175,014;-5,8028;-7,2694;0,0000;-25,4470;0,6589;-18,4964;-15,0712;-42,7233;-33,0620;0,0000;-135,6737;11,9107;-102,9517;-95,3391;6;0;85,853
0,1781;30,6621;32,1148;-41,0628;-102,5052;25,2600;54,9199;159,0657;488,649;-8,513;142,906;177,085;-5,8917;-7,3375;0,0000;-25,7276;0,6839;-18,7095;-15,2691;-43,0731;-32,7616;0,0000;-135,3640;12,2202;-102,8791;-95,7167;6;0;85,645
0,1802;30,6498;32,0995;-41,0628;-102,5588;25,2615;54,8809;159,0339;488,384;-8,712;142,740;179,156;-5,9813;-7,4051;0,0000;-26,0077;0,7095;-18,9225;-15,4677;-43,4272;-32,4571;0,0000;-135,0508;12,5345;-102,8059;-96,1007;6;0;85,434
0,1823;30,6373;32,0841;-41,0628;-102,6130;25,2630;54,8415;159,0017;488,115;-8,914;142,572;181,227;-6,0716;-7,4720;0,0000;-26,2871;0,7358;-19,1354;-15,6672;-43,7857;-32,1486;0,0000;-134,7343;12,8537;-102,7319;-96,4911;6;0;85,222
0,1843;30,6246;32,0685;-41,0628;-102,6677;25,2645;54,8017;158,9690;487,843;-9,118;142,402;183,298;-6,1626;-7,5382;0,0000;-26,5658;0,7627;-19,3481;-15,8674;-44,1484;-31,8360;0,0000;-134,4145;13,1778;-102,6572;-96,8880;6;0;85,007
0,1864;30,6118;32,0529;-41,0628;-102,7230;25,2661;54,7614;158,9359;487,569;-9,324;142,230;185,369;-6,2544;-7,6039;0,0000;-26,8439;0,7904;-19,5606;-16,0685;-44,5155;-31,5193;0,0000;-134,0913;13,5069;-102,5817;-97,2915;6;0;84,790
0,1885;30,5987;32,0370;-41,0628;-102,7789;25,2678;54,7207;158,9025;487,291;-9,532;142,057;187,441;-6,3470;-7,6688;0,0000;-27,1213;0,8187;-19,7730;-16,2704;-44,8869;-31,1985;0,0000;-133,7648;13,8410;-102,5056;-97,7016;6;0;84,571
0,1905;30,5855;32,0211;-41,0628;-102,8354;25,2695;54,6795;158,8685;487,010;-9,743;141,881;189,512;-6,4404;-7,7331;0,0000;-27,3980;0,8477;-19,9852;-16,4732;-45,2626;-30,8736;0,0000;-133,4349;14,1803;-102,4287;-98,1185;6;0;84,350
0,1926;30,5720;32,0050;-41,0628;-102,8924;25,2713;54,6379;158,8342;486,726;-9,955;141,704;191,583;-6,5345;-7,7967;0,0000;-27,6740;0,8774;-20,1973;-16,6769;-45,6427;-30,5446;0,0000;-133,1017;14,5246;-102,3511;-98,5422;6;0;84,127
0,1947;30,5584;31,9888;-41,0628;-102,9500;25,2731;54,5958;158,7995;486,439;-10,171;141,524;193,654;-6,6294;-7,8596;0,0000;-27,9493;0,9079;-20,4092;-16,8814;-46,0272;-30,2113;0,0000;-132,7652;14,8742;-102,2728;-98,9728;6;0;83,901
0,1968;30,5446;31,9725;-41,0628;-103,0082;25,2751;54,5533;158,7643;486,149;-10,388;141,343;195,725;-6,7252;-7,9218;0,0000;-28,2239;0,9390;-20,6210;-17,0869;-45,5973;-28,9220;0,0000;-129,0208;15,1103;-99,7035;-97,3395;6;0;83,674
0,1988;30,5305;31,9560;-41,0628;-103,0669;25,2770;54,5104;158,7287;485,856;-10,608;141,160;197,796;-6,8183;-7,9794;0,0000;-28,4838;0,9705;-20,8222;-17,2846;-37,8969;-19,2386;0,0000;-95,1934;14,2723;-75,1175;-77,3634;6;0;83,444
0,2009;30,5163;31,9394;-41,0628;-103,1261;25,2791;54,4671;158,6927;485,560;-10,830;140,975;199,671;-6,8822;-8,0015;0,0000;-28,6183;0,9982;-20,9321;-17,4073;-23,1005;-1,5536;0,0000;-32,4844;12,3183;-29,3515;-39,6262;6;0;83,213
0,2030;30,5020;31,9228;-41,0628;-103,1854;25,2812;54,4237;158,6566;485,264;-11,052;140,790;200,000;-6,9140;-7,9859;0,0000;-28,6183;1,0215;-20,9438;-17,4488;-14,0202;9,1718;0,0000;5,6661;11,0826;-1,4788;-16,5812;6;0;82,982
0,2050;30,4877;31,9063;-41,0628;-103,2447;25,2833;54,3803;158,6204;484,967;-11,275;140,604;200,000;-6,9402;-7,9635;0,0000;-28,5948;1,0441;-20,9382;-17,4760;-12,6614;10,7800;0,0000;11,3564;10,9176;2,6828;-13,1710;6;0;82,751
0,2071;30,4733;31,8898;-41,0628;-103,3039;25,2855;54,3370;158,5842;484,671;-11,497;140,419;200,000;-6,9665;-7,9412;0,0000;-28,5713;1,0667;-20,9327;-17,5033;-12,6663;10,7923;0,0000;11,3500;10,9468;2,6798;-13,2178;6;0;82,520
0,2092;30,4588;31,8734;-41,0628;-103,3630;25,2877;54,2936;158,5479;484,374;-11,719;140,234;200,000;-6,9927;-7,9188;0,0000;-28,5478;1,0894;-20,9271;-17,5308;-12,6713;10,8046;0,0000;11,3436;10,9761;2,6769;-13,2647;6;0;82,290
0,2113;30,4443;31,8570;-41,0628;-103,4222;25,2900;54,2503;158,5116;484,078;-11,942;140,049;200,000;-7,0190;-7,8964;0,0000;-28,5243;1,1122;-20,9216;-17,5583;-12,6762;10,8170;0,0000;11,3373;11,0055;2,6741;-13,3116;6;0;82,060
0,2133;30,4297;31,8407;-41,0628;-103,4812;25,2923;54,2069;158,4752;483,781;-12,164;139,863;200,000;-7,0452;-7,8740;0,0000;-28,5008;1,1350;-20,9161;-17,5859;-12,6812;10,8294;0,0000;11,3311;11,0350;2,6713;-13,3587;6;0;81,831
0,2154;30,4151;31,8244;-41,0628;-103,5402;25,2947;54,1636;158,4387;483,485;-12,386;139,678;200,000;-7,0715;-7,8516;0,0000;-28,4774;1,1579;-20,9105;-17,6136;-12,6862;10,8419;0,0000;11,3249;11,0646;2,6685;-13,4059;6;0;81,602
0,2175;30,4005;31,8082;-41,0628;-103,5992;25,2971;54,1203;158,4022;483,189;-12,608;139,493;200,000;-7,0978;-7,8291;0,0000;-28,4539;1,1808;-20,9050;-17,6414;-12,6912;10,8544;0,0000;11,3188;11,0943;2,6658;-13,4532;6;0;81,373
0,2195;30,3857;31,7920;-41,0628;-103,6581;25,2996;54,0770;158,3656;482,892;-12,831;139,308;200,000;-7,1241;-7,8066;0,0000;-28,4305;1,2038;-20,8995;-17,6693;-12,6963;10,8670;0,0000;11,3127;11,1242;2,6631;-13,5006;6;0;81,145
0,2216;30,3709;31,7759;-41,0628;-103,7169;25,3021;54,0337;158,3290;482,596;-13,053;139,122;200,000;-7,1504;-7,7841;0,0000;-28,4070;1,2269;-20,8940;-17,6974;-12,7013;10,8795;0,0000;11,3067;11,1542;2,6604;-13,5481;6;0;80,917
0,2237;30,3561;31,7598;-41,0628;-103,7757;25,3047;53,9905;158,2923;482,299;-13,275;138,937;200,000;-7,1767;-7,7616;0,0000;-28,3836;1,2500;-20,8885;-17,7255;-12,7064;10,8922;0,0000;11,3008;11,1843;2,6578;-13,5956;6;0;80,689
0,2258;30,3412;31,7437;-41,0628;-103,8345;25,3073;53,9472;158,2556;482,003;-13,498;138,752;200,000;-7,2030;-7,7390;0,0000;-28,3602;1,2732;-20,8830;-17,7537;-12,7115;10,9048;0,0000;11,2949;11,2145;2,6552;-13,6433;6;0;80,462
0,2278;30,3263;31,7277;-41,0628;-103,8932;25,3100;53,9040;158,2188;481,707;-13,720;138,567;200,000;-7,2293;-7,7164;0,0000;-28,3368;1,2965;-20,8775;-17,7820;-12,7166;10,9175;0,0000;11,2891;11,2449;2,6527;-13,6911;6;0;80,236
0,2299;30,3113;31,7117;-41,0628;-103,9519;25,3127;53,8607;158,1819;481,410;-13,942;138,381;200,000;-7,2557;-7,6938;0,0000;-28,3135;1,3198;-20,8720;-17,8104;-12,7217;10,9303;0,0000;11,2834;11,2753;2,6502;-13,7390;6;0;80,009
0,2320;30,2962;31,6958;-41,0628;-104,0105;25,3154;53,8175;158,1450;481,114;-14,165;138,196;200,000;-7,2820;-7,6711;0,0000;-28,2901;1,3432;-20,8665;-17,8389;-12,7268;10,9431;0,0000;11,2777;11,3059;2,6478;-13,7870;6;0;79,783
0,2340;30,2811;31,6800;-41,0628;-104,0691;25,3182;53,7743;158,1080;480,817;-14,387;138,011;200,000;-7,3084;-7,6484;0,0000;-28,2668;1,3667;-20,8610;-17,8675;-12,7320;10,9559;0,0000;11,2721;11,3366;2,6454;-13,8350;6;0;79,558
0,2361;30,2659;31,6641;-41,0628;-104,1276;25,3211;53,7311;158,0710;480,521;-14,609;137,826;200,000;-7,3348;-7,6257;0,0000;-28,2434;1,3902;-20,8555;-17,8962;-12,7372;10,9687;0,0000;11,2665;11,3675;2,6430;-13,8832;6;0;79,333
0,2382;30,2507;31,6484;-41,0628;-104,1861;25,3240;53,6879;158,0339;480,225;-14,831;137,640;200,000;-7,3611;-7,6030;0,0000;-28,2201;1,4137;-20,8501;-17,9250;-12,7424;10,9816;0,0000;11,2610;11,3984;2,6407;-13,9315;6;0;79,108
0,2403;30,2354;31,6327;-41,0628;-104,2445;25,3269;53,6447;157,9968;479,928;-15,054;137,455;200,000;-7,3875;-7,5802;0,0000;-28,1968;1,4374;-20,8446;-17,9539;-12,7476;10,9946;0,0000;11,2556;11,4295;2,6384;-13,9799;6;0;78,884
0,2423;30,2201;31,6170;-41,0628;-104,3029;25,3299;53,6016;157,9595;479,632;-15,276;137,270;200,000;-7,4140;-7,5574;0,0000;-28,1735;1,4611;-20,8391;-17,9829;-12,7528;11,0076;0,0000;11,2502;11,4607;2,6361;-14,0283;6;0;78,660
0,2444;30,2047;31,6013;-41,0628;-104,3612;25,3330;53,5584;157,9223;479,335;-15,498;137,085;200,000;-7,4404;-7,5346;0,0000;-28,1502;1,4849;-20,8337;-18,0120;-12,7581;11,0206;0,0000;11,2449;11,4920;2,6339;-14,0769;6;0;78,437
0,2465;30,1893;31,5858;-41,0628;-104,4195;25,3361;53,5153;157,8849;479,039;-15,721;136,899;200,000;-7,4668;-7,5118;0,0000;-28,1269;1,5087;-20,8282;-18,0412;-12,7633;11,0336;0,0000;11,2397;11,5234;2,6318;-14,1256;6;0;78,214
0,2485;30,1738;31,5702;-41,0628;-104,4777;25,3392;53,4721;157,8475;478,743;-15,943;136,714;200,000;-7,4932;-7,4889;0,0000;-28,1036;1,5326;-20,8228;-18,0705;-12,7686;11,0467;0,0000;11,2345;11,5550;2,6297;-14,1744;6;0;77,991
0,2506;30,1583;31,5547;-41,0628;-104,5359;25,3424;53,4290;157,8101;478,446;-16,165;136,529;200,000;-7,5197;-7,4660;0,0000;-28,0803;1,5566;-20,8173;-18,0999;-12,7739;11,0599;-0,0000;11,2293;11,5867;2,6276;-14,2233;6;0;77,769
0,2527;30,1427;31,5393;-41,0628;-104,5940;25,3457;53,3859;157,7726;478,150;-16,388;136,344;200,000;-7,5462;-7,4431;-0,0000;-28,0571;1,5806;-20,8119;-18,1294;-12,7792;11,0730;-0,0000;11,2243;11,6185;2,6256;-14,2723;6;0;77,548
0,2548;30,1270;31,5239;-41,0628;-104,6521;25,3490;53,3428;157,7350;477,853;-16,610;136,158;200,000;-7,5726;-7,4202;0,0000;-28,0338;1,6047;-20,8065;-18,1591;-12,7845;11,0863;0,0000;11,2192;11,6504;2,6236;-14,3214;6;0;77,327
0,2568;30,1113;31,5086;-41,0628;-104,7102;25,3523;53,2997;157,6973;477,557;-16,832;135,973;200,000;-7,5991;-7,3972;0,0000;-28,0106;1,6288;-20,8010;-18,1888;-12,7899;11,0995;0,0000;11,2143;11,6825;2,6217;-14,3706;6;0;77,106
0,2589;30,0955;31,4933;-41,0628;-104,7681;25,3557;53,2566;157,6596;477,261;-17,055;135,788;200,000;-7,6256;-7,3742;0,0000;-27,9874;1,6531;-20,7956;-18,2186;-12,7952;11,1128;-0,0000;11,2094;11,7147;2,6198;-14,4199;6;0;76,886
0,2610;30,0797;31,4780;-41,0628;-104,8261;25,3592;53,2136;157,6219;476,964;-17,277;135,603;200,000;-7,6521;-7,3512;-0,0000;-27,9642;1,6774;-20,7902;-18,2485;-12,8006;11,1261;-0,0000;11,2046;11,7470;2,6179;-14,4693;6;0;76,666
0,2630;30,0638;31,4628;-41,0628;-104,8840;25,3627;53,1705;157,5840;476,668;-17,499;135,417;200,000;-7,6786;-7,3281;0,0000;-27,9410;1,7017;-20,7848;-18,2785;-12,8060;11,1395;0,0000;11,1998;11,7794;2,6161;-14,5188;6;0;76,446
0,2651;30,0479;31,4477;-41,0628;-104,9418;25,3662;53,1275;157,5461;476,371;-17,721;135,232;200,000;-7,7052;-7,3050;0,0000;-27,9178;1,7262;-20,7793;-18,3086;-12,8114;11,1529;0,0000;11,1951;11,8120;2,6143;-14,5684;6;0;76,228
0,2672;30,0319;31,4326;-41,0628;-104,9996;25,3698;53,0844;157,5082;476,075;-17,944;135,047;200,000;-7,7317;-7,2819;0,0000;-27,8946;1,7507;-20,7739;-18,3389;-12,8168;11,1663;0,0000;11,1904;11,8447;2,6126;-14,6182;6;0;76,009
0,2693;30,0159;31,4175;-41,0628;-105,0574;25,3735;53,0414;157,4702;475,779;-18,166;134,862;200,000;-7,7583;-7,2588;0,0000;-27,8714;1,7752;-20,7685;-18,3692;-12,8222;11,1798;-0,0000;11,1858;11,8775;2,6109;-14,6680;6;0;75,791
0,2713;29,9998;31,4025;-41,0628;-105,1151;25,3772;52,9984;157,4321;475,482;-18,388;134,676;200,000;-7,7848;-7,2356;-0,0000;-27,8483;1,7999;-20,7631;-18,3996;-12,8277;11,1933;-0,0000;11,1813;11,9104;2,6093;-14,7179;6;0;75,574
0,2734;29,9836;31,3875;-41,0628;-105,1727;25,3809;52,9554;157,3940;475,186;-18,611;134,491;200,000;-7,8114;-7,2124;0,0000;-27,8251;1,8246;-20,7577;-18,4302;-12,8331;11,2069;0,0000;11,1768;11,9435;2,6077;-14,7680;6;0;75,357
0,2755;29,9674;31,3726;-41,0628;-105,2303;25,3847;52,9124;157,3558;474,889;-18,833;134,306;200,000;-7,8380;-7,1892;0,0000;-27,8020;1,8493;-20,7523;-18,4608;-12,8386;11,2205;0,0000;11,1724;11,9767;2,6061;-14,8181;6;0;75,140
0,2775;29,9512;31,3577;-41,0628;-105,2879;25,3886;52,8695;157,3175;474,593;-19,055;134,121;200,000;-7,8646;-7,1659;0,0000;-27,7788;1,8742;-20,7469;-18,4915;-12,8441;11,2341;-0,0000;11,1680;12,0100;2,6046;-14,8684;6;0;74,924
0,2796;29,9348;31,3429;-41,0628;-105,3454;25,3925;52,8265;157,2792;474,297;-19,278;133,935;200,000;-7,8912;-7,1426;-0,0000;-27,7557;1,8991;-20,7415;-18,5224;-12,8496;11,2478;-0,0000;11,1637;12,0434;2,6031;-14,9187;6;0;74,709
0,2817;29,9185;31,3282;-41,0628;-105,4029;25,3965;52,7835;157,2408;474,000;-19,500;133,750;200,000;-7,9178;-7,1193;0,0000;-27,7326;1,9241;-20,7361;-18,5533;-12,8552;11,2615;0,0000;11,1595;12,0770;2,6017;-14,9692;6;0;74,494
0,2837;29,9020;31,3134;-41,0628;-105,4603;25,4005;52,7406;157,2023;473,704;-19,722;133,565;200,000;-7,9444;-7,0960;0,0000;-27,7095;1,9491;-20,7307;-18,5844;-12,8607;11,2753;0,0000;11,1553;12,1107;2,6004;-15,0198;6;0;74,279
0,2858;29,8856;31,2988;-41,0628;-105,5177;25,4045;52,6977;157,1638;473,407;-19,944;133,380;200,000;-7,9711;-7,0726;0,0000;-27,6864;1,9742;-20,7254;-18,6156;-12,8662;11,2890;-0,0000;11,1512;12,1445;2,5990;-15,0705;6;0;74,065
0,2879;29,8690;31,2841;-41,0628;-105,5750;25,4087;52,6547;157,1252;473,111;-20,167;133,194;200,000;-7,9977;-7,0492;-0,0000;-27,6633;1,9994;-20,7200;-18,6468;-12,8718;11,3029;-0,0000;11,1471;12,1785;2,5977;-15,1213;6;0;73,852
0,2900;29,8524;31,2696;-41,0628;-105,6322;25,4128;52,6118;157,0865;472,815;-20,389;133,009;200,000;-8,0244;-7,0258;0,0000;-27,6402;2,0247;-20,7146;-18,6782;-12,8774;11,3167;0,0000;11,1431;12,2126;2,5965;-15,1722;6;0;73,639
0,2920;29,8358;31,2550;-41,0628;-105,6895;25,4170;52,5689;157,0478;472,518;-20,611;132,824;200,000;-8,0511;-7,0023;0,0000;-27,6171;2,0500;-20,7092;-18,7097;-12,8830;11,3306;0,0000;11,1392;12,2468;2,5953;-15,2232;6;0;73,427
0,2941;29,8191;31,2406;-41,0628;-105,7466;25,4213;52,5260;157,0090;472,222;-20,834;132,639;200,000;-8,0778;-6,9789;0,0000;-27,5941;2,0754;-20,7038;-18,7413;-12,8886;11,3446;-0,0000;11,1353;12,2812;2,5942;-15,2744;6;0;73,215
0,2962;29,8023;31,2261;-41,0628;-105,8038;25,4256;52,4832;156,9702;471,925;-21,056;132,453;200,000;-8,1045;-6,9554;-0,0000;-27,5710;2,1009;-20,6985;-18,7729;-12,8942;11,3585;-0,0000;11,1315;12,3156;2,5931;-15,3256;6;0;73,003
0,2982;29,7855;31,2117;-41,0628;-105,8609;25,4300;52,4403;156,9313;471,629;-21,278;132,268;200,000;-8,1312;-6,9318;0,0000;-27,5480;2,1264;-20,6931;-18,8047;-12,8999;11,3725;0,0000;11,1277;12,3503;2,5920;-15,3769;6;0;72,793
0,3003;29,7686;31,1974;-41,0628;-105,9179;25,4345;52,3975;156,8923;471,333;-21,501;132,083;200,000;-8,1579;-6,9082;0,0000;-27,5249;2,1520;-20,6877;-18,8366;-12,9055;11,3866;0,0000;11,1240;12,3850;2,5910;-15,4284;6;0;72,582
0,3024;29,7517;31,1831;-41,0628;-105,9749;25,4389;52,3546;156,8532;471,036;-21,723;131,898;200,000;-8,1846;-6,8846;0,0000;-27,5019;2,1777;-20,6824;-18,8687;-12,9112;11,4007;-0,0000;11,1203;12,4199;2,5900;-15,4800;6;0;72,373
0,3045;29,7347;31,1689;-41,0628;-106,0318;25,4435;52,3118;156,8141;470,740;-21,945;131,712;200,000;-8,2114;-6,8610;-0,0000;-27,4788;2,2035;-20,6770;-18,9008;-12,9168;11,4148;-0,0000;11,1167;12,4549;2,5891;-15,5317;6;0;72,163
0,3065;29,7177;31,1547;-41,0628;-106,0887;25,4481;52,2690;156,7750;470,443;-22,167;131,527;200,000;-8,2381;-6,8374;0,0000;-27,4558;2,2293;-20,6716;-18,9330;-12,9225;11,4289;0,0000;11,1132;12,4900;2,5882;-15,5835;6;0;71,955
0,3086;29,7006;31,1406;-41,0628;-106,1455;25,4527;52,2262;156,7357;470,147;-22,390;131,342;200,000;-8,2649;-6,8137;0,0000;-27,4328;2,2552;-20,6663;-18,9653;-12,9282;11,4431;0,0000;11,1097;12,5253;2,5874;-15,6354;6;0;71,747
0,3107;29,6835;31,1265;-41,0628;-106,2023;25,4574;52,1834;156,6964;469,851;-22,612;131,157;200,000;-8,2917;-6,7900;0,0000;-27,4098;2,2812;-20,6609;-18,9978;-12,9340;11,4574;-0,0000;11,1063;12,5607;2,5866;-15,6874;6;0;71,539
0,3127;29,6663;31,1124;-41,0628;-106,2591;25,4622;52,1406;156,6570;469,554;-22,834;130,971;200,000;-8,3185;-6,7662;-0,0000;-27,3868;2,3073;-20,6556;-19,0303;-12,9397;11,4716;-0,0000;11,1029;12,5962;2,5859;-15,7395;6;0;71,334
0,3148;29,6490;31,0985;-41,0628;-106,3158;25,4670;52,0978;156,6176;469,258;-23,057;130,786;200,000;-8,3453;-6,7424;0,0000;-27,3638;2,3334;-20,6502;-19,0630;-12,9454;11,4859;0,0000;11,0996;12,6319;2,5852;-15,7918;6;0;71,130
0,3169;29,6317;31,0845;-41,0628;-106,3724;25,4718;52,0550;156,5780;468,961;-23,279;130,601;200,000;-8,3721;-6,7186;0,0000;-27,3408;2,3596;-20,6449;-19,0957;-12,9512;11,5003;0,0000;11,0963;12,6677;2,5846;-15,8441;6;0;70,928
0,3190;29,6143;31,0706;-41,0628;-106,4290;25,4767;52,0123;156,5385;468,665;-23,501;130,416;200,000;-8,3989;-6,6948;0,0000;-27,3179;2,3859;-20,6395;-19,1286;-12,9569;11,5146;-0,0000;11,0931;12,7036;2,5840;-15,8966;6;0;70,727
0,3210;29,5969;31,0568;-41,0628;-106,4856;25,4817;51,9695;156,4988;468,369;-23,724;130,230;200,000;-8,4258;-6,6709;-0,0000;-27,2949;2,4122;-20,6342;-19,1616;-12,9627;11,5290;-0,0000;11,0900;12,7397;2,5834;-15,9492;6;0;70,529
0,3231;29,5794;31,0430;-41,0628;-106,5421;25,4867;51,9268;156,4591;468,072;-23,946;130,045;200,000;-8,4526;-6,6470;0,0000;-27,2719;2,4386;-20,6288;-19,1947;-12,9685;11,5435;0,0000;11,0869;12,7759;2,5829;-16,0019;6;0;70,333
0,3252;29,5619;31,0293;-41,0628;-106,5986;25,4918;51,8841;156,4193;467,776;-24,168;129,860;200,000;-8,4795;-6,6231;0,0000;-27,2490;2,4651;-20,6235;-19,2279;-12,9743;11,5580;0,0000;11,0839;12,8122;2,5825;-16,0547;6;0;70,138
0,3272;29,5443;31,0156;-41,0628;-106,6550;25,4969;51,8414;156,3794;467,479;-24,390;129,675;200,000;-8,5064;-6,5992;0,0000;-27,2260;2,4917;-20,6181;-19,2612;-12,9801;11,5725;-0,0000;11,0809;12,8487;2,5821;-16,1077;6;0;69,946
0,3293;29,5267;31,0019;-41,0628;-106,7113;25,5021;51,7987;156,3395;467,183;-24,613;129,489;200,000;-8,5333;-6,5752;-0,0000;-27,2031;2,5183;-20,6128;-19,2946;-12,9860;11,5870;-0,0000;11,0780;12,8853;2,5817;-16,1607;6;0;69,755
0,3314;29,5090;30,9883;-41,0628;-106,7677;25,5074;51,7560;156,2995;466,887;-24,835;129,304;200,000;-8,5602;-6,5512;0,0000;-27,1801;2,5451;-20,6074;-19,3281;-12,9918;11,6016;0,0000;11,0751;12,9221;2,5814;-16,2139;6;0;69,566
0,3335;29,4912;30,9748;-41,0628;-106,8239;25,5127;51,7133;156,2595;466,590;-25,057;129,119;200,000;-8,5871;-6,5271;0,0000;-27,1572;2,5719;-20,6021;-19,3617;-12,9976;11,6163;0,0000;11,0723;12,9590;2,5812;-16,2672;6;0;69,379
0,3355;29,4734;30,9613;-41,0628;-106,8802;25,5180;51,6706;156,2193;466,294;-25,280;128,934;200,000;-8,6140;-6,5031;0,0000;-27,1342;2,5988;-20,5967;-19,3955;-13,0035;11,6309;0,0000;11,0696;12,9960;2,5810;-16,3206;6;0;69,194
0,3376;29,4555;30,9478;-41,0628;-106,9363;25,5234;51,6280;156,1791;465,997;-25,502;128,748;200,000;-8,6409;-6,4789;0,0000;-27,1113;2,6257;-20,5914;-19,4293;-13,0094;11,6456;-0,0000;11,0669;13,0331;2,5808;-16,3741;6;0;69,012
0,3397;29,4376;30,9344;-41,0628;-106,9925;25,5289;51,5853;156,1388;465,701;-25,724;128,563;200,000;-8,6679;-6,4548;-0,0000;-27,0884;2,6527;-20,5860;-19,4633;-13,0153;11,6603;-0,0000;11,0642;13,0704;2,5807;-16,4277;6;0;68,831
0,3417;29,4196;30,9211;-41,0628;-107,0485;25,5344;51,5427;156,0985;465,405;-25,947;128,378;200,000;-8,6949;-6,4306;0,0000;-27,0655;2,6799;-20,5807;-19,4974;-13,0211;11,6751;0,0000;11,0616;13,1079;2,5806;-16,4815;6;0;68,652
0,3438;29,4016;30,9078;-41,0628;-107,1046;25,5400;51,5001;156,0581;465,108;-26,169;128,193;200,000;-8,7218;-6,4064;0,0000;-27,0426;2,7070;-20,5753;-19,5316;-13,0270;11,6899;0,0000;11,0591;13,1454;2,5806;-16,5354;6;0;68,475
0,3459;29,3835;30,8946;-41,0628;-107,1606;25,5456;51,4575;156,0176;464,812;-26,391;128,007;200,000;-8,7488;-6,3822;0,0000;-27,0197;2,7343;-20,5700;-19,5659;-13,0330;11,7047;-0,0000;11,0567;13,1832;2,5807;-16,5894;6;0;68,300
0,3480;29,3653;30,8814;-41,0628;-107,2165;25,5513;51,4149;155,9770;464,515;-26,613;127,822;200,000;-8,7758;-6,3580;-0,0000;-26,9968;2,7616;-20,5647;-19,6003;-13,0389;11,7196;-0,0000;11,0542;13,2210;2,5808;-16,6435;6;0;68,128
0,3500;29,3471;30,8682;-41,0628;-107,2724;25,5571;51,3723;155,9364;464,219;-26,836;127,637;200,000;-8,8028;-6,3337;0,0000;-26,9739;2,7891;-20,5593;-19,6348;-13,0448;11,7345;0,0000;11,0519;13,2590;2,5809;-16,6977;6;0;67,957
0,3521;29,3289;30,8551;-41,0628;-107,3282;25,5629;51,3297;155,8957;463,923;-27,058;127,452;200,000;-8,8299;-6,3094;0,0000;-26,9510;2,8166;-20,5540;-19,6695;-13,0508;11,7495;0,0000;11,0496;13,2971;2,5811;-16,7520;6;0;67,789
0,3542;29,3105;30,8421;-41,0628;-107,3840;25,5687;51,2872;155,8549;463,626;-27,280;127,266;200,000;-8,8569;-6,2850;0,0000;-26,9281;2,8442;-20,5486;-19,7042;-13,0567;11,7644;-0,0000;11,0473;13,3354;2,5813;-16,8065;6;0;67,622
0,3562;29,2922;30,8291;-41,0628;-107,4398;25,5747;51,2446;155,8141;463,330;-27,503;127,081;200,000;-8,8839;-6,2606;-0,0000;-26,9052;2,8718;-20,5433;-19,7391;-13,0627;11,7794;-0,0000;11,0451;13,3738;2,5816;-16,8611;6;0;67,458
0,3583;29,2737;30,8162;-41,0628;-107,4955;25,5806;51,2021;155,7731;463,033;-27,725;126,896;200,000;-8,9110;-6,2362;0,0000;-26,8824;2,8996;-20,5379;-19,7741;-13,0687;11,7945;0,0000;11,0430;13,4123;2,5820;-16,9158;6;0;67,296
0,3604;29,2553;30,8033;-41,0628;-107,5511;25,5867;51,1595;155,7322;462,737;-27,947;126,711;200,000;-8,9381;-6,2118;0,0000;-26,8595;2,9274;-20,5326;-19,8092;-13,0747;11,8096;0,0000;11,0409;13,4510;2,5824;-16,9706;6;0;67,136
0,3625;29,2367;30,7904;-41,0628;-107,6067;25,5928;51,1170;155,6911;462,441;-28,170;126,525;200,000;-8,9652;-6,1873;0,0000;-26,8366;2,9553;-20,5272;-19,8444;-13,0807;11,8247;-0,0000;11,0389;13,4899;2,5828;-17,0256;6;0;66,979
0,3645;29,2181;30,7776;-41,0628;-107,6623;25,5989;51,0745;155,6500;462,144;-28,392;126,340;200,000;-8,9923;-6,1628;-0,0000;-26,8138;2,9832;-20,5219;-19,8797;-13,0867;11,8398;-0,0000;11,0369;13,5288;2,5833;-17,0806;6;0;66,823
0,3666;29,1995;30,7649;-41,0628;-107,7178;25,6051;51,0320;155,6087;461,848;-28,614;126,155;200,000;-9,0194;-6,1382;0,0000;-26,7909;3,0113;-20,5165;-19,9151;-13,0927;11,8550;0,0000;11,0350;13,5679;2,5839;-17,1358;6;0;66,670
0,3687;29,1808;30,7522;-41,0628;-107,7733;25,6114;50,9895;155,5675;461,551;-28,836;125,970;200,000;-9,0465;-6,1137;0,0000;-26,7681;3,0395;-20,5112;-19,9507;-13,0987;11,8702;0,0000;11,0331;13,6072;2,5845;-17,1911;6;0;66,519
0,3707;29,1620;30,7396;-41,0628;-107,8287;25,6177;50,9470;155,5261;461,255;-29,059;125,784;200,000;-9,0736;-6,0891;0,0000;-26,7452;3,0677;-20,5058;-19,9863;-13,1047;11,8855;-0,0000;11,0313;13,6466;2,5851;-17,2466;6;0;66,370
0,3728;29,1432;30,7270;-41,0628;-107,8841;25,6241;50,9046;155,4847;460,959;-29,281;125,599;200,000;-9,1008;-6,0644;-0,0000;-26,7224;3,0960;-20,5005;-20,0221;-13,1108;11,9008;-0,0000;11,0296;13,6861;2,5858;-17,3021;6;0;66,223
0,3749;29,1243;30,7145;-41,0628;-107,9394;25,6305;50,8621;155,4432;460,662;-29,503;125,414;200,000;-9,1279;-6,0398;0,0000;-26,6995;3,1244;-20,4951;-20,0580;-13,1168;11,9161;0,0000;11,0279;13,7258;2,5866;-17,3578;6;0;66,079
0,3770;29,1054;30,7020;-41,0628;-107,9947;25,6370;50,8197;155,4016;460,366;-29,726;125,229;200,000;-9,1551;-6,0151;0,0000;-26,6767;3,1528;-20,4898;-20,0940;-13,1229;11,9314;0,0000;11,0262;13,7656;2,5874;-17,4136;6;0;65,937
0,3790;29,0864;30,6895;-41,0628;-108,0499;25,6436;50,7772;155,3599;460,069;-29,948;125,043;200,000;-9,1823;-5,9904;0,0000;-26,6538;3,1814;-20,4844;-20,1301;-13,1290;11,9468;-0,0000;11,0247;13,8056;2,5883;-17,4696;6;0;65,797
0,3811;29,0673;30,6772;-41,0628;-108,1051;25,6502;50,7348;155,3182;459,773;-30,170;124,858;200,000;-9,2095;-5,9656;-0,0000;-26,6310;3,2100;-20,4790;-20,1664;-13,1350;11,9622;-0,0000;11,0231;13,8457;2,5892;-17,5256;6;0;65,659
0,3832;29,0482;30,6648;-41,0628;-108,1602;25,6569;50,6924;155,2764;459,477;-30,393;124,673;200,000;-9,2367;-5,9408;0,0000;-26,6082;3,2387;-20,4737;-20,2027;-13,1411;11,9777;0,0000;11,0216;13,8860;2,5901;-17,5818;6;0;65,523
0,3852;29,0291;30,6525;-41,0628;-108,2153;25,6636;50,6500;155,2345;459,180;-30,615;124,488;200,000;-9,2639;-5,9160;0,0000;-26,5854;3,2675;-20,4683;-20,2392;-13,1472;11,9932;0,0000;11,0202;13,9264;2,5912;-17,6381;6;0;65,389
0,3873;29,0099;30,6403;-41,0628;-108,2703;25,6704;50,6076;155,1925;458,884;-30,837;124,302;200,000;-9,2912;-5,8911;0,0000;-26,5625;3,2964;-20,4629;-20,2758;-13,1533;12,0087;-0,0000;11,0188;13,9669;2,5922;-17,6945;6;0;65,256
0,3894;28,9906;30,6281;-41,0628;-108,3253;25,6773;50,5652;155,1505;458,587;-31,059;124,117;200,000;-9,3184;-5,8662;-0,0000;-26,5397;3,3254;-20,4576;-20,3125;-13,1594;12,0242;-0,0000;11,0175;14,0076;2,5934;-17,7511;6;0;65,125
0,3915;28,9713;30,6160;-41,0628;-108,3803;25,6842;50,5229;155,1084;458,291;-31,282;123,932;200,000;-9,3457;-5,8413;0,0000;-26,5169;3,3545;-20,4522;-20,3493;-13,1656;12,0398;0,0000;11,0163;14,0485;2,5946;-17,8077;6;0;64,995
0,3935;28,9519;30,6039;-41,0628;-108,4352;25,6912;50,4805;155,0662;457,995;-31,504;123,747;200,000;-9,3730;-5,8164;0,0000;-26,4941;3,3836;-20,4468;-20,3863;-13,1717;12,0554;0,0000;11,0150;14,0895;2,5958;-17,8645;6;0;64,867
0,3956;28,9324;30,5919;-41,0628;-108,4900;25,6982;50,4382;155,0240;457,698;-31,726;123,561;200,000;-9,4002;-5,7914;0,0000;-26,4713;3,4128;-20,4414;-20,4233;-13,1778;12,0711;0,0000;11,0139;14,1306;2,5971;-17,9215;6;0;64,741
0,3977;28,9129;30,5800;-41,0628;-108,5448;25,7053;50,3959;154,9816;457,402;-31,949;123,376;200,000;-9,4275;-5,7664;0,0000;-26,4485;3,4421;-20,4361;-20,4605;-13,1840;12,0868;-0,0000;11,0128;14,1719;2,5985;-17,9785;6;0;64,616
0,3997;28,8934;30,5680;-41,0628;-108,5996;25,7125;50,3535;154,9392;457,105;-32,171;123,191;200,000;-9,4549;-5,7413;-0,0000;-26,4257;3,4715;-20,4307;-20,4978;-13,1901;12,1025;-0,0000;11,0117;14,2133;2,5999;-18,0357;6;0;64,493
0,4018;28,8738;30,5562;-41,0628;-108,6543;25,7197;50,3112;154,8967;456,809;-32,393;123,006;200,000;-9,4822;-5,7162;0,0000;-26,4028;3,5010;-20,4253;-20,5352;-13,1963;12,1182;0,0000;11,0107;14,2549;2,6013;-18,0930;6;0;64,372
0,4039;28,8541;30,5444;-41,0628;-108,7089;25,7270;50,2689;154,8541;456,513;-32,616;122,820;200,000;-9,5095;-5,6911;0,0000;-26,3800;3,5306;-20,4199;-20,5727;-13,2024;12,1340;0,0000;11,0098;14,2966;2,6028;-18,1505;6;0;64,252
0,4059;28,8344;30,5326;-41,0628;-108,7636;25,7343;50,2266;154,8115;456,216;-32,838;122,635;200,000;-9,5369;-5,6660;0,0000;-26,3572;3,5602;-20,4145;-20,6104;-13,2086;12,1498;-0,0000;11,0089;14,3385;2,6044;-18,2080;6;0;64,134
0,4080;28,8146;30,5209;-41,0628;-108,8181;25,7417;50,1844;154,7688;455,920;-33,060;122,450;200,000;-9,5642;-5,6408;-0,0000;-26,3344;3,5900;-20,4091;-20,6482;-13,2148;12,1656;-0,0000;11,0081;14,3805;2,6060;-18,2657;6;0;64,017
0,4101;28,7948;30,5092;-41,0628;-108,8726;25,7492;50,1421;154,7260;455,623;-33,282;122,265;200,000;-9,5916;-5,6156;0,0000;-26,3116;3,6198;-20,4037;-20,6861;-13,2210;12,1815;0,0000;11,0073;14,4226;2,6077;-18,3235;6;0;63,903
0,4122;28,7749;30,4976;-41,0628;-108,9271;25,7567;50,0998;154,6831;455,327;-33,505;122,079;200,000;-9,6190;-5,5903;0,0000;-26,2888;3,6497;-20,3983;-20,7241;-13,2272;12,1974;0,0000;11,0066;14,4650;2,6095;-18,3815;6;0;63,790
0,4142;28,7549;30,4861;-41,0628;-108,9815;25,7643;50,0576;154,6401;455,031;-33,727;121,894;200,000;-9,6464;-5,5650;0,0000;-26,2660;3,6797;-20,3929;-20,7622;-13,2333;12,2134;-0,0000;11,0059;14,5074;2,6113;-18,4396;6;0;63,679
0,4163;28,7349;30,4746;-41,0628;-109,0359;25,7720;50,0154;154,5971;454,734;-33,949;121,709;200,000;-9,6738;-5,5397;-0,0000;-26,2433;3,7098;-20,3875;-20,8005;-13,2396;12,2293;-0,0000;11,0053;14,5500;2,6131;-18,4978;6;0;63,569
0,4184;28,7148;30,4631;-41,0628;-109,0902;25,7797;49,9731;154,5540;454,438;-34,172;121,524;200,000;-9,7012;-5,5144;0,0000;-26,2205;3,7400;-20,3821;-20,8388;-13,2458;12,2453;0,0000;11,0047;14,5928;2,6151;-18,5561;6;0;63,461
0,4204;28,6947;30,4517;-41,0628;-109,1445;25,7875;49,9309;154,5108;454,141;-34,394;121,338;200,000;-9,7287;-5,4890;0,0000;-26,1977;3,7703;-20,3767;-20,8773;-13,2520;12,2614;0,0000;11,0042;14,6357;2,6170;-18,6146;6;0;63,355
0,4225;28,6745;30,4404;-41,0628;-109,1988;25,7953;49,8887;154,4675;453,845;-34,616;121,153;200,000;-9,7561;-5,4636;0,0000;-26,1749;3,8006;-20,3712;-20,9159;-13,2582;12,2774;-0,0000;11,0037;14,6788;2,6191;-18,6732;6;0;63,251
0,4246;28,6543;30,4291;-41,0628;-109,2530;25,8032;49,8466;154,4241;453,549;-34,839;120,968;200,000;-9,7836;-5,4382;-0,0000;-26,1521;3,8311;-20,3658;-20,9547;-13,2644;12,2935;-0,0000;11,0033;14,7220;2,6211;-18,7319;6;0;63,148
0,4267;28,6340;30,4179;-41,0628;-109,3071;25,8112;49,8044;154,3807;453,252;-35,061;120,783;200,000;-9,8111;-5,4127;0,0000;-26,1293;3,8616;-20,3604;-20,9935;-13,2707;12,3097;0,0000;11,0029;14,7654;2,6233;-18,7907;6;0;63,048
0,4287;28,6137;30,4067;-41,0628;-109,3612;25,8192;49,7622;154,3372;452,956;-35,283;120,597;200,000;-9,8386;-5,3872;0,0000;-26,1065;3,8922;-20,3549;-21,0325;-13,2769;12,3258;0,0000;11,0026;14,8089;2,6255;-18,8497;6;0;62,949
0,4308;28,5933;30,3956;-41,0628;-109,4152;25,8273;49,7201;154,2935;452,659;-35,505;120,412;200,000;-9,8661;-5,3616;0,0000;-26,0837;3,9229;-20,3495;-21,0716;-13,2831;12,3420;-0,0000;11,0024;14,8526;2,6278;-18,9089;6;0;62,852
0,4329;28,5728;30,3845;-41,0628;-109,4692;25,8354;49,6779;154,2499;452,363;-35,728;120,227;200,000;-9,8936;-5,3360;-0,0000;-26,0609;3,9537;-20,3441;-21,1108;-13,2894;12,3582;-0,0000;11,0022;14,8964;2,6301;-18,9681;6;0;62,756
0,4349;28,5523;30,3734;-41,0628;-109,5232;25,8437;49,6358;154,2061;452,067;-35,950;120,042;200,000;-9,9211;-5,3104;0,0000;-26,0381;3,9846;-20,3386;-21,1502;-13,2956;12,3745;0,0000;11,0020;14,9404;2,6325;-19,0275;6;0;62,663
0,4370;28,5317;30,3625;-41,0628;-109,5771;25,8520;49,5937;154,1623;451,770;-36,172;119,856;200,000;-9,9487;-5,2848;0,0000;-26,0154;4,0156;-20,3332;-21,1897;-13,3019;12,3908;0,0000;11,0019;14,9845;2,6349;-19,0870;6;0;62,571
0,4391;28,5111;30,3516;-41,0628;-109,6310;25,8603;49,5516;154,1183;451,474;-36,395;119,671;200,000;-9,9762;-5,2591;0,0000;-25,9926;4,0467;-20,3277;-21,2292;-13,3082;12,4071;-0,0000;11,0019;15,0288;2,6374;-19,1467;6;0;62,481
0,4412;28,4904;30,3407;-41,0628;-109,6848;25,8687;49,5095;154,0743;451,177;-36,617;119,486;200,000;-10,0038;-5,2334;-0,0000;-25,9698;4,0779;-20,3222;-21,2690;-13,3144;12,4234;-0,0000;11,0019;15,0733;2,6400;-19,2064;6;0;62,393
0,4432;28,4696;30,3299;-41,0628;-109,7385;25,8772;49,4674;154,0302;450,881;-36,839;119,301;200,000;-10,0314;-5,2076;0,0000;-25,9470;4,1092;-20,3168;-21,3088;-13,3207;12,4398;0,0000;11,0020;15,1179;2,6426;-19,2664;6;0;62,306
0,4453;28,4488;30,3191;-41,0628;-109,7922;25,8857;49,4253;153,9860;450,585;-37,062;119,115;200,000;-10,0590;-5,1819;0,0000;-25,9242;4,1405;-20,3113;-21,3488;-13,3270;12,4562;0,0000;11,0021;15,1626;2,6453;-19,3264;6;0;62,222
0,4474;28,4280;30,3084;-41,0628;-109,8459;25,8943;49,3832;153,9418;450,288;-37,284;118,930;200,000;-10,0866;-5,1560;0,0000;-25,9014;4,1720;-20,3058;-21,3889;-13,3333;12,4726;-0,0000;11,0022;15,2075;2,6481;-19,3866;6;0;62,139
0,4494;28,4070;30,2978;-41,0628;-109,8995;25,9030;49,3412;153,8974;449,992;-37,506;118,745;200,000;-10,1142;-5,1302;-0,0000;-25,8786;4,2035;-20,3003;-21,4291;-13,3396;12,4891;-0,0000;11,0025;15,2526;2,6509;-19,4469;6;0;62,059
0,4515;28,3861;30,2872;-41,0628;-109,9531;25,9118;49,2992;153,8530;449,695;-37,728;118,560;200,000;-10,1418;-5,1043;0,0000;-25,8558;4,2351;-20,2948;-21,4694;-13,3459;12,5056;0,0000;11,0027;15,2978;2,6537;-19,5073;6;0;61,980
0,4536;28,3650;30,2766;-41,0628;-110,0066;25,9206;49,2571;153,8085;449,399;-37,951;118,374;200,000;-10,1695;-5,0784;0,0000;-25,8331;4,2669;-20,2893;-21,5099;-13,3521;12,5221;0,0000;11,0030;15,3432;2,6567;-19,5679;6;0;61,903
0,4557;28,3439;30,2661;-41,0628;-110,0601;25,9294;49,2151;153,7639;449,103;-38,173;118,189;200,000;-10,1972;-5,0524;0,0000;-25,8103;4,2987;-20,2838;-21,5505;-13,3584;12,5386;-0,0000;11,0034;15,3887;2,6597;-19,6286;6;0;61,828
0,4577;28,3228;30,2557;-41,0628;-110,1136;25,9384;49,1731;153,7192;448,806;-38,395;118,004;200,000;-10,2248;-5,0264;-0,0000;-25,7875;4,3306;-20,2783;-21,5912;-13,3647;12,5552;-0,0000;11,0038;15,4344;2,6627;-19,6895;6;0;61,755
0,4598;28,3016;30,2453;-41,0628;-110,1669;25,9474;49,1311;153,6745;448,510;-38,618;117,819;200,000;-10,2525;-5,0004;0,0000;-25,7647;4,3626;-20,2728;-21,6320;-13,3711;12,5718;0,0000;11,0043;15,4802;2,6658;-19,7505;6;0;61,683
0,4619;28,2803;30,2350;-41,0628;-110,2203;25,9564;49,0891;153,6296;448,213;-38,840;117,633;200,000;-10,2802;-4,9744;0,0000;-25,7419;4,3947;-20,2673;-21,6730;-13,3774;12,5885;0,0000;11,0048;15,5263;2,6690;-19,8116;6;0;61,614
0,4639;28,2590;30,2247;-41,0628;-110,2736;25,9656;49,0472;153,5847;447,917;-39,062;117,448;200,000;-10,3079;-4,9483;0,0000;-25,7191;4,4269;-20,2617;-21,7141;-13,3837;12,6051;0,0000;11,0054;15,5724;2,6723;-19,8729;6;0;61,546
0,4660;28,2376;30,2145;-41,0628;-110,3268;25,9748;49,0052;153,5397;447,621;-39,285;117,263;200,000;-10,3357;-4,9222;0,0000;-25,6963;4,4592;-20,2562;-21,7553;-13,3900;12,6218;-0,0000;11,0061;15,6187;2,6756;-19,9343;6;0;61,481
0,4681;28,2162;30,2043;-41,0628;-110,3800;25,9840;48,9632;153,4946;447,324;-39,507;117,078;200,000;-10,3634;-4,8960;-0,0000;-25,6735;4,4916;-20,2506;-21,7967;-13,3963;12,6386;-0,0000;11,0067;15,6652;2,6790;-19,9958;6;0;61,417
0,4702;28,1947;30,1942;-41,0628;-110,4332;25,9934;48,9213;153,4494;447,028;-39,729;116,892;200,000;-10,3911;-4,8698;0,0000;-25,6507;4,5241;-20,2451;-21,8382;-13,4026;12,6553;0,0000;11,0075;15,7118;2,6824;-20,0575;6;0;61,355
0,4722;28,1731;30,1841;-41,0628;-110,4863;26,0028;48,8794;153,4041;446,731;-39,952;116,707;200,000;-10,4189;-4,8436;0,0000;-25,6279;4,5567;-20,2395;-21,8798;-13,4089;12,6721;0,0000;11,0083;15,7586;2,6859;-20,1193;6;0;61,295
0,4743;28,1515;30,1741;-41,0628;-110,5393;26,0123;48,8375;153,3588;446,435;-40,174;116,522;200,000;-10,4467;-4,8173;0,0000;-25,6051;4,5894;-20,2340;-21,9215;-13,4153;12,6889;-0,0000;11,0091;15,8056;2,6895;-20,1812;6;0;61,237
0,4764;28,1299;30,1642;-41,0628;-110,5923;26,0218;48,7956;153,3133;446,139;-40,396;116,337;200,000;-10,4745;-4,7910;-0,0000;-25,5823;4,6222;-20,2284;-21,9634;-13,4216;12,7057;-0,0000;11,0100;15,8527;2,6931;-20,2433;6;0;61,182
0,4784;28,1081;30,1543;-41,0628;-110,6453;26,0314;48,7537;153,2678;445,842;-40,618;116,151;200,000;-10,5023;-4,7647;0,0000;-25,5595;4,6551;-20,2228;-22,0054;-13,4279;12,7226;0,0000;11,0109;15,9000;2,6968;-20,3055;6;0;61,128
0,4805;28,0864;30,1444;-41,0628;-110,6982;26,0411;48,7118;153,2222;445,546;-40,841;115,966;200,000;-10,5301;-4,7383;0,0000;-25,5367;4,6881;-20,2172;-22,0475;-13,4343;12,7395;0,0000;11,0119;15,9474;2,7006;-20,3679;6;0;61,075
0,4826;28,0645;30,1347;-41,0628;-110,7511;26,0508;48,6699;153,1765;445,249;-41,063;115,781;200,000;-10,5579;-4,7119;0,0000;-25,5139;4,7211;-20,2116;-22,0897;-13,4406;12,7564;-0,0000;11,0130;15,9950;2,7044;-20,4304;6;0;61,025
0,4847;28,0426;30,1249;-41,0628;-110,8039;26,0606;48,6281;153,1307;444,953;-41,285;115,596;200,000;-10,5858;-4,6855;-0,0000;-25,4911;4,7543;-20,2060;-22,1321;-13,4469;12,7734;-0,0000;11,0140;16,0428;2,7083;-20,4930;6;0;60,977
0,4867;28,0207;30,1152;-41,0628;-110,8567;26,0705;48,5862;153,0848;444,657;-41,508;115,410;200,000;-10,6136;-4,6590;0,0000;-25,4683;4,7876;-20,2004;-22,1746;-13,4533;12,7904;0,0000;11,0152;16,0907;2,7123;-20,5558;6;0;60,931
0,4888;27,9987;30,1056;-41,0628;-110,9094;26,0805;48,5444;153,0388;444,360;-41,730;115,225;200,000;-10,6415;-4,6325;0,0000;-25,4455;4,8210;-20,1948;-22,2173;-13,4596;12,8074;0,0000;11,0164;16,1388;2,7163;-20,6187;6;0;60,887
0,4909;27,9766;30,0961;-41,0628;-110,9621;26,0905;48,5026;152,9928;444,064;-41,952;115,040;200,000;-10,6694;-4,6059;0,0000;-25,4226;4,8545;-20,1892;-22,2600;-13,4659;12,8244;-0,0000;11,0176;16,1870;2,7204;-20,6818;6;0;60,845
0,4929;27,9545;30,0865;-41,0628;-111,0147;26,1006;48,4608;152,9466;443,767;-42,175;114,855;200,000;-10,6973;-4,5794;-0,0000;-25,3998;4,8880;-20,1835;-22,3029;-13,4723;12,8415;-0,0000;11,0189;16,2354;2,7246;-20,7449;6;0;60,804
0,4950;27,9323;30,0771;-41,0628;-111,0673;26,1107;48,4190;152,9004;443,471;-42,397;114,669;200,000;-10,7252;-4,5527;0,0000;-25,3770;4,9217;-20,1779;-22,3460;-13,4786;12,8586;0,0000;11,0203;16,2840;2,7288;-20,8083;6;0;60,766
0,4971;27,9100;30,0677;-41,0628;-111,1198;26,1210;48,3772;152,8540;443,175;-42,619;114,484;200,000;-10,7531;-4,5261;0,0000;-25,3542;4,9555;-20,1722;-22,3891;-13,4850;12,8757;0,0000;11,0217;16,3327;2,7331;-20,8718;6;0;60,730
0,4992;27,8877;30,0583;-41,0628;-111,1723;26,1313;48,3354;152,8076;442,878;-42,841;114,299;200,000;-10,7811;-4,4994;0,0000;-25,3313;4,9894;-20,1665;-22,4324;-13,4913;12,8928;0,0000;11,0231;16,3816;2,7375;-20,9354;6;0;60,696
0,5012;27,8654;30,0491;-41,0628;-111,2248;26,1416;48,2936;152,7611;442,582;-43,064;114,114;200,000;-10,8090;-4,4727;0,0000;-25,3085;5,0233;-20,1609;-22,4758;-13,4977;12,9100;0,0000;11,0246;16,4306;2,7419;-20,9991;6;0;60,663
0,5033;27,8430;30,0398;-41,0628;-111,2772;26,1521;48,2519;152,7145;442,285;-43,286;113,928;200,000;-10,8370;-4,4459;0,0000;-25,2857;5,0574;-20,1552;-22,5194;-13,5040;12,9272;-0,0000;11,0262;16,4799;2,7464;-21,0630;6;0;60,633
0,5054;27,8205;30,0306;-41,0628;-111,3295;26,1626;48,2102;152,6678;441,989;-43,508;113,743;200,000;-10,8649;-4,4191;-0,0000;-25,2628;5,0916;-20,1495;-22,5631;-13,5103;12,9444;0,0000;11,0278;16,5293;2,7510;-21,1270;6;0;60,605
0,5074;27,7980;30,0215;-41,0628;-111,3818;26,1732;48,1684;152,6211;441,693;-43,731;113,558;200,000;-10,8929;-4,3923;0,0000;-25,2400;5,1259;-20,1438;-22,6069;-13,5167;12,9617;0,0000;11,0294;16,5788;2,7557;-21,1912;6;0;60,578
0,5095;27,7754;30,0124;-41,0628;-111,4341;26,1838;48,1267;152,5742;441,396;-43,953;113,373;200,000;-10,9209;-4,3655;-0,0000;-25,2171;5,1603;-20,1381;-22,6509;-13,5230;12,9789;0,0000;11,0311;16,6285;2,7604;-21,2555;6;0;60,554
0,5116;27,7527;30,0034;-41,0628;-111,4863;26,1945;48,0850;152,5272;441,100;-44,175;113,187;200,000;-10,9490;-4,3386;0,0000;-25,1943;5,1948;-20,1324;-22,6950;-13,5294;12,9962;0,0000;11,0329;16,6784;2,7652;-21,3200;6;0;60,532
0,5136;27,7300;29,9945;-41,0628;-111,5384;26,2053;48,0433;152,4802;440,803;-44,398;113,002;200,000;-10,9770;-4,3116;0,0000;-25,1714;5,2294;-20,1266;-22,7392;-13,5357;13,0136;-0,0000;11,0347;16,7284;2,7700;-21,3846;6;0;60,512
0,5157;27,7072;29,9856;-41,0628;-111,5905;26,2162;48,0016;152,4330;440,507;-44,620;112,817;200,000;-11,0050;-4,2846;-0,0000;-25,1486;5,2641;-20,1209;-22,7835;-13,5421;13,0309;0,0000;11,0365;16,7786;2,7750;-21,4493;6;0;60,493
0,5178;27,6844;29,9767;-41,0628;-111,6426;26,2271;47,9600;152,3858;440,210;-44,842;112,632;200,000;-11,0331;-4,2576;0,0000;-25,1257;5,2989;-20,1151;-22,8280;-13,5484;13,0483;0,0000;11,0384;16,8290;2,7800;-21,5142;6;0;60,477
0,5199;27,6615;29,9679;-41,0628;-111,6946;26,2382;47,9183;152,3385;439,914;-45,064;112,446;200,000;-11,0611;-4,2306;0,0000;-25,1029;5,3338;-20,1094;-22,8727;-13,5547;13,0657;-0,0000;11,0404;16,8796;2,7850;-21,5793;6;0;60,463
0,5219;27,6386;29,9592;-41,0628;-111,7466;26,2492;47,8767;152,2911;439,618;-45,287;112,261;200,000;-11,0892;-4,2035;-0,0000;-25,0800;5,3688;-20,1036;-22,9174;-13,5611;13,0831;0,0000;11,0424;16,9303;2,7902;-21,6444;6;0;60,451
0,5240;27,6156;29,9505;-41,0628;-111,7985;26,2604;47,8350;152,2435;439,321;-45,509;112,076;200,000;-11,1173;-4,1764;0,0000;-25,0571;5,4039;-20,0978;-22,9623;-13,5674;13,1006;0,0000;11,0444;16,9812;2,7954;-21,7097;6;0;60,441
0,5261;27,5926;29,9419;-41,0628;-111,8504;26,2716;47,7934;152,1959;439,025;-45,731;111,891;200,000;-11,1454;-4,1493;-0,0000;-25,0342;5,4391;-20,0920;-23,0074;-13,5738;13,1181;0,0000;11,0465;17,0322;2,8007;-21,7752;6;0;60,433
0,5281;27,5694;29,9333;-41,0628;-111,9022;26,2829;47,7518;152,1482;438,728;-45,954;111,705;200,000;-11,1735;-4,1221;0,0000;-25,0114;5,4745;-20,0862;-23,0525;-13,5801;13,1356;0,0000;11,0487;17,0834;2,8061;-21,8408;6;0;60,426
0,5302;27,5463;29,9248;-41,0628;-111,9540;26,2943;47,7102;152,1004;438,432;-46,176;111,520;200,000;-11,2017;-4,0948;0,0000;-24,9885;5,5099;-20,0804;-23,0978;-13,5864;13,1531;-0,0000;11,0509;17,1348;2,8115;-21,9066;6;0;60,422
0,5323;27,5230;29,9164;-41,0628;-112,0057;26,3057;47,6686;152,0526;438,136;-46,398;111,335;200,000;-11,2298;-4,0676;-0,0000;-24,9656;5,5454;-20,0746;-23,1433;-13,5928;13,1707;0,0000;11,0531;17,1863;2,8170;-21,9724;6;0;60,420
0,5344;27,4998;29,9080;-41,0628;-112,0574;26,3173;47,6271;152,0046;437,839;-46,621;111,150;200,000;-11,2580;-4,0403;0,0000;-24,9427;5,5811;-20,0687;-23,1888;-13,5991;13,1882;0,0000;11,0554;17,2380;2,8226;-22,0385;6;0;60,420
0,5364;27,4764;29,8996;-41,0628;-112,1090;26,3289;47,5855;151,9565;437,543;-46,843;110,964;200,000;-11,2862;-4,0129;-0,0000;-24,9198;5,6168;-20,0629;-23,2346;-13,6054;13,2058;0,0000;11,0578;17,2899;2,8283;-22,1047;6;0;60,422
0,5385;27,4530;29,8913;-41,0628;-112,1606;26,3405;47,5440;151,9083;437,246;-47,065;110,779;200,000;-11,3143;-3,9856;0,0000;-24,8969;5,6527;-20,0570;-23,2804;-13,6118;13,2235;0,0000;11,0602;17,3420;2,8340;-22,1710;6;0;60,426
0,5406;27,4295;29,8831;-41,0628;-112,2122;26,3523;47,5024;151,8601;436,950;-47,287;110,594;200,000;-11,3425;-3,9582;0,0000;-24,8740;5,6887;-20,0511;-23,3264;-13,6181;13,2411;-0,0000;11,0626;17,3942;2,8398;-22,2374;6;0;60,432
0,5426;27,4060;29,8750;-41,0628;-112,2637;26,3641;47,4609;151,8117;436,654;-47,510;110,409;200,000;-11,3708;-3,9307;-0,0000;-24,8511;5,7248;-20,0452;-23,3725;-13,6244;13,2588;0,0000;11,0651;17,4466;2,8457;-22,3041;6;0;60,440
0,5447;27,3824;29,8668;-41,0628;-112,3151;26,3760;47,4194;151,7633;436,357;-47,732;110,223;200,000;-11,3990;-3,9032;0,0000;-24,8281;5,7610;-20,0393;-23,4188;-13,6307;13,2765;0,0000;11,0677;17,4992;2,8517;-22,3708;6;0;60,450
0,5468;27,3588;29,8588;-41,0628;-112,3665;26,3880;47,3779;151,7147;436,061;-47,954;110,038;200,000;-11,4272;-3,8757;0,0000;-24,8052;5,7972;-20,0334;-23,4652;-13,6371;13,2942;-0,0000;11,0703;17,5519;2,8577;-22,4377;6;0;60,462
0,5489;27,3351;29,8508;-41,0628;-112,4179;26,4000;47,3364;151,6660;435,764;-48,177;109,853;200,000;-11,4555;-3,8482;-0,0000;-24,7823;5,8337;-20,0275;-23,5117;-13,6434;13,3120;0,0000;11,0729;17,6048;2,8638;-22,5048;6;0;60,476
0,5509;27,3113;29,8428;-41,0628;-112,4692;26,4121;47,2949;151,6173;435,468;-48,399;109,668;200,000;-11,4837;-3,8206;0,0000;-24,7593;5,8702;-20,0216;-23,5584;-13,6497;13,3297;0,0000;11,0756;17,6579;2,8700;-22,5720;6;0;60,492
0,5530;27,2875;29,8350;-41,0628;-112,5204;26,4243;47,2535;151,5685;435,172;-48,621;109,482;200,000;-11,5120;-3,7930;-0,0000;-24,7364;5,9068;-20,0156;-23,6052;-13,6560;13,3475;0,0000;11,0784;17,7111;2,8763;-22,6393;6;0;60,510
0,5551;27,2637;29,8271;-41,0628;-112,5716;26,4366;47,2120;151,5195;434,875;-48,844;109,297;200,000;-11,5403;-3,7653;0,0000;-24,7135;5,9435;-20,0097;-23,6522;-13,6623;13,3654;0,0000;11,0812;17,7645;2,8827;-22,7068;6;0;60,531
0,5571;27,2397;29,8194;-41,0628;-112,6228;26,4489;47,1706;151,4705;434,579;-49,066;109,112;200,000;-11,5686;-3,7376;0,0000;-24,6905;5,9804;-20,0037;-23,6993;-13,6686;13,3832;-0,0000;11,0840;17,8181;2,8891;-22,7744;6;0;60,553
0,5592;27,2157;29,8116;-41,0628;-112,6739;26,4614;47,1292;151,4214;434,282;-49,288;108,927;200,000;-11,5969;-3,7099;-0,0000;-24,6675;6,0173;-19,9977;-23,7465;-13,6749;13,4011;0,0000;11,0869;17,8719;2,8956;-22,8422;6;0;60,577
0,5613;27,1917;29,8040;-41,0628;-112,7250;26,4739;47,0877;151,3721;433,986;-49,510;108,741;200,000;-11,6252;-3,6821;0,0000;-24,6446;6,0544;-19,9917;-23,7939;-13,6812;13,4189;0,0000;11,0899;17,9258;2,9022;-22,9101;6;0;60,603
0,5634;27,1676;29,7964;-41,0628;-112,7760;26,4864;47,0463;151,3228;433,690;-49,733;108,556;200,000;-11,6536;-3,6543;0,0000;-24,6216;6,0916;-19,9857;-23,8414;-13,6875;13,4368;-0,0000;11,0929;17,9799;2,9088;-22,9782;6;0;60,631
0,5654;27,1434;29,7889;-41,0628;-112,8270;26,4991;47,0050;151,2734;433,393;-49,955;108,371;200,000;-11,6819;-3,6264;-0,0000;-24,5986;6,1289;-19,9796;-23,8891;-13,6938;13,4548;0,0000;11,0959;18,0342;2,9156;-23,0464;6;0;60,661
0,5675;27,1192;29,7814;-41,0628;-112,8779;26,5118;46,9636;151,2238;433,097;-50,177;108,186;200,000;-11,7103;-3,5985;0,0000;-24,5756;6,1663;-19,9736;-23,9369;-13,7000;13,4727;0,0000;11,0990;18,0886;2,9224;-23,1148;6;0;60,693
0,5696;27,0949;29,7740;-41,0628;-112,9288;26,5246;46,9222;151,1742;432,800;-50,400;108,000;200,000;-11,7387;-3,5706;-0,0000;-24,5526;6,2038;-19,9675;-23,9848;-13,7063;13,4907;0,0000;11,1021;18,1433;2,9293;-23,1833;6;0;60,728
0,5716;27,0706;29,7666;-41,0628;-112,9796;26,5375;46,8809;151,1245;432,504;-50,622;107,815;200,000;-11,7671;-3,5427;0,0000;-24,5296;6,2415;-19,9615;-24,0329;-13,7126;13,5087;0,0000;11,1053;18,1981;2,9363;-23,2520;6;0;60,764
0,5737;27,0462;29,7593;-41,0628;-113,0304;26,5505;46,8395;151,0747;432,208;-50,844;107,630;200,000;-11,7955;-3,5147;0,0000;-24,5066;6,2792;-19,9554;-24,0812;-13,7189;13,5267;-0,0000;11,1086;18,2530;2,9434;-23,3208;6;0;60,802
0,5758;27,0217;29,7520;-41,0628;-113,0811;26,5635;46,7982;151,0247;431,911;-51,067;107,445;200,000;-11,8239;-3,4866;-0,0000;-24,4836;6,3171;-19,9493;-24,1295;-13,7251;13,5448;0,0000;11,1119;18,3082;2,9505;-23,3897;6;0;60,842
0,5779;26,9972;29,7448;-41,0628;-113,1318;26,5767;46,7569;150,9747;431,615;-51,289;107,259;200,000;-11,8524;-3,4586;0,0000;-24,4606;6,3550;-19,9431;-24,1780;-13,7314;13,5628;0,0000;11,1152;18,3635;2,9578;-23,4589;6;0;60,884
0,5799;26,9726;29,7377;-41,0628;-113,1824;26,5899;46,7156;150,9246;431,318;-51,511;107,074;200,000;-11,8808;-3,4304;0,0000;-24,4376;6,3931;-19,9370;-24,2267;-13,4261;15,9574;-0,0000;11,5656;20,9432;2,0392;-24,8043;6;0;60,928
0,5820;26,9480;29,7306;-41,0628;-113,2330;26,6032;46,6743;150,8743;431,022;-51,733;106,889;200,000;-11,9080;-3,3925;-0,0000;-24,4127;6,4418;-19,9347;-24,2808;-1,0405;110,2714;0,0000;29,2994;121,2510;-34,6614;-75,6024;6;0;60,974
0,5841;26,9233;29,7236;-41,0628;-113,2835;26,6166;46,6330;150,8240;430,726;-51,956;106,703;199,999;-11,8851;-2,9737;0,0000;-24,3162;6,8954;-20,0806;-24,5399;10,8004;199,9569;0,0000;46,1527;216,8323;-69,4996;-124,0947;6;0;61,022
0,5861;26,8987;29,7183;-41,0628;-113,3337;26,6317;46,5911;150,7727;430,433;-52,175;106,509;200,000;-11,8632;-2,5642;-0,0000;-24,2215;7,3400;-20,2226;-24,7948;-1,4410;105,9280;0,0000;28,4528;117,2803;-32,7627;-73,9290;6;0;61,063
0,5882;26,8741;29,7130;-41,0628;-113,3839;26,6470;46,5492;150,7213;430,140;-52,395;106,315;200,000;-11,8911;-2,5349;0,0000;-24,1984;7,3812;-20,2163;-24,8461;-5,7513;67,0810;0,0000;22,5390;75,7659;-16,2568;-51,8597;6;0;61,106
0,5903;26,8495;29,7078;-41,0628;-113,4340;26,6623;46,5074;150,6698;429,847;-52,614;106,121;200,000;-11,8871;-2,2863;0,0000;-24,1282;7,6538;-20,2899;-25,0097;23,0923;264,8552;-0,0000;64,9444;284,6836;-88,2562;-153,2860;6;0;61,151
0,5924;26,8249;29,7036;-41,0628;-113,4838;26,6787;46,4652;150,6177;429,557;-52,832;105,922;199,951;-11,7954;-1,4378;-0,0000;-23,9293;8,5605;-20,5819;-25,4811;36,7199;357,0182;0,0000;84,6768;382,6007;-121,6242;-201,0793;6;0;61,192
0,5944;26,8006;29,7018;-41,0628;-113,5331;26,6978;46,4221;150,5642;429,272;-53,046;105,710;200,000;-11,7349;-0,8074;0,0000;-23,7774;9,2387;-20,7937;-25,8426;8,2238;159,7773;0,0000;42,3433;175,1359;-49,5244;-100,7936;6;0;61,222
0,5965;26,7763;29,7002;-41,0628;-113,5823;26,7169;46,3791;150,5106;428,987;-53,259;105,498;200,000;-11,7614;-0,7759;-0,0000;-23,7539;9,2859;-20,7870;-25,8986;8,3918;143,3303;0,0000;43,4778;156,4951;-39,0894;-87,8231;6;0;61,255
0,5986;26,7519;29,6986;-41,0628;-113,6315;26,7362;46,3360;150,4569;428,703;-53,473;105,286;200,000;-11,7002;-0,2137;0,0000;-23,5973;9,8870;-20,9557;-26,2064;43,0750;352,6881;0,0000;95,9945;375,3014;-108,1259;-187,4622;6;0;61,289
0,6006;26,7278;29,6993;-41,0628;-113,6801;26,7579;46,2923;150,4021;428,424;-53,682;105,063;199,934;-11,5829;0,6850;0,0000;-23,3563;10,8406;-21,2349;-26,6751;35,6784;306,0637;-0,0000;84,2554;327,4878;-92,4317;-166,1054;6;0;61,313
0,6027;26,7039;29,7015;-41,0628;-113,7282;26,7811;46,2481;150,3464;428,148;-53,889;104,832;200,000;-11,5524;1,0541;-0,0000;-23,2483;11,2435;-21,3385;-26,8945;3,4333;108,1471;0,0000;34,9838;121,4331;-26,4504;-72,3439;6;0;61,331
0,6048;26,6800;29,7037;-41,0628;-113,7764;26,8045;46,2039;150,2907;427,873;-54,095;104,602;200,000;-11,5687;1,1330;0,0000;-23,2114;11,3436;-21,3445;-26,9748;30,9649;246,9169;0,0000;78,2036;263,6116;-64,3789;-129,5733;6;0;61,352
0,6069;26,6560;29,7062;-41,0628;-113,8244;26,8281;46,1596;150,2347;427,598;-54,301;104,371;199,986;-11,4241;2,0769;0,0000;-22,9243;12,3355;-21,6052;-27,4312;68,0178;445,0640;-0,0000;135,4801;468,3953;-122,5515;-216,1330;6;0;61,373
0,6089;26,6326;29,7123;-41,0628;-113,8713;26,8556;46,1144;150,1771;427,333;-54,500;104,122;200,000;-11,2870;2,9766;-0,0000;-22,6502;13,2838;-21,8521;-27,8701;27,6301;225,8078;0,0000;72,0377;243,3476;-57,5982;-121,6953;6;0;61,377
0,6110;26,6092;29,7185;-41,0628;-113,9182;26,8831;46,0691;150,1193;427,069;-54,699;103,873;200,000;-11,3097;3,0123;0,0000;-22,6259;13,3435;-21,8438;-27,9353;16,0737;147,3981;0,0000;54,5857;161,1283;-29,4649;-82,4272;6;0;61,383
0,6131;26,5858;29,7248;-41,0628;-113,9651;26,9108;46,0239;150,0613;426,804;-54,897;103,624;200,000;-11,2204;3,5872;-0,0000;-22,4241;13,9513;-21,9742;-28,2115;63,8134;376,3301;0,0000;129,9918;394,2038;-88,2119;-172,3273;6;0;61,392
0,6151;26,5628;29,7334;-41,0628;-114,0111;26,9409;45,9781;150,0024;426,546;-55,091;103,364;199,918;-11,0453;4,5712;0,0000;-22,0875;14,9764;-22,2092;-28,6491;57,7350;345,1556;0,0000;119,6941;363,4186;-79,8218;-160,8565;6;0;61,390
0,6172;26,5400;29,7437;-41,0628;-114,0566;26,9729;45,9319;149,9427;426,293;-55,280;103,096;200,000;-10,9812;5,0170;0,0000;-21,9283;15,4567;-22,3048;-28,8779;19,2164;154,2497;-0,0000;58,3792;169,4622;-28,9528;-84,9710;6;0;61,381
0,6193;26,5173;29,7541;-41,0628;-114,1019;27,0050;45,8857;149,8828;426,040;-55,470;102,828;200,000;-10,9657;5,2102;-0,0000;-21,8456;15,6784;-22,3291;-29,0011;53,4405;291,6328;0,0000;113,6470;305,8139;-54,8704;-128,1185;6;0;61,374
0,6214;26,4946;29,7653;-41,0628;-114,1470;27,0378;45,8394;149,8225;425,789;-55,658;102,558;199,952;-10,7598;6,2250;0,0000;-21,4575;16,7235;-22,5321;-29,4086;91,0273;452,6054;0,0000;173,5005;467,6793;-89,6260;-184,2179;6;0;61,366
0,6234;26,4727;29,7799;-41,0628;-114,1908;27,0742;45,7924;149,7610;425,550;-55,838;102,272;200,000;-10,5887;7,0850;0,0000;-21,1269;17,6157;-22,7004;-29,7642;36,9764;217,0773;-0,0000;85,8999;232,7673;-37,9024;-103,5779;6;0;61,341
0,6255;26,4508;29,7946;-41,0628;-114,2346;27,1108;45,7454;149,6992;425,310;-56,017;101,985;200,000;-10,6067;7,1242;-0,0000;-21,1017;17,6877;-22,6891;-29,8376;41,1870;213,4502;0,0000;93,2839;226,2857;-28,8446;-92,9906;6;0;61,319
0,6276;26,4288;29,8094;-41,0628;-114,2782;27,1475;45,6984;149,6374;425,070;-56,197;101,699;200,000;-10,4181;7,9692;0,0000;-20,7405;18,5530;-22,8199;-30,1494;103,1405;454,0731;0,0000;193,5813;463,6529;-71,0265;-164,4554;6;0;61,298
0,6296;26,4076;29,8276;-41,0628;-114,3205;27,1876;45,6508;149,5743;424,843;-56,368;101,399;199,941;-10,1794;9,0051;-0,0000;-20,2998;19,6083;-22,9834;-30,5189;65,6597;305,8123;0,0000;131,7985;318,6450;-44,3996;-121,2643;6;0;61,262
0,6317;26,3866;29,8467;-41,0628;-114,3623;27,2287;45,6032;149,5109;424,618;-56,537;101,094;200,000;-10,1461;9,2360;0,0000;-20,1946;19,8730;-23,0038;-30,6517;38,9808;187,8691;0,0000;88,4788;200,8429;-17,9439;-80,2354;6;0;61,223
0,6338;26,3656;29,8659;-41,0628;-114,4041;27,2700;45,5555;149,4474;424,393;-56,705;100,790;200,000;-10,0180;9,7833;0,0000;-19,9333;20,4402;-23,0577;-30,8512;96,0163;384,1828;-0,0000;181,8675;390,0391;-41,6905;-125,5298;6;0;61,187
0,6358;26,3451;29,8873;-41,0628;-114,4449;27,3134;45,5077;149,3831;424,176;-56,868;100,477;199,900;-9,7483;10,8274;-0,0000;-19,4412;21,4887;-23,1765;-31,1717;95,8884;381,8352;0,0000;180,8208;388,6026;-40,8890;-125,4379;6;0;61,142
0,6379;26,3252;29,9108;-41,0628;-114,4847;27,3590;45,4595;149,3183;423,967;-57,025;100,156;200,000;-9,6208;11,3650;0,0000;-19,1843;22,0500;-23,2271;-31,3708;45,4357;196,4847;0,0000;97,6402;209,0547;-13,3259;-77,6904;6;0;61,087
0,6400;26,3053;29,9343;-41,0628;-114,5244;27,4047;45,4115;149,2532;423,757;-57,182;99,835;200,000;-9,5601;11,6413;0,0000;-19,0368;22,3546;-23,2317;-31,4935;86,7974;317,4262;-0,0000;166,0610;321,3832;-17,8803;-93,2008;6;0;61,034
0,6421;26,2856;29,9590;-41,0628;-114,5635;27,4516;45,3633;149,1878;423,552;-57,336;99,510;199,925;-9,2612;12,6799;-0,0000;-18,4964;23,3812;-23,3011;-31,7569;127,0192;444,8629;0,0000;231,7937;442,5679;-28,3500;-116,9396;6;0;60,979
0,6441;26,2669;29,9869;-41,0628;-114,6010;27,5016;45,3149;149,1216;423,360;-57,480;99,172;200,000;-9,0340;13,4841;0,0000;-18,0766;24,1879;-23,3491;-31,9779;52,5398;204,2697;0,0000;107,9119;215,7272;-7,2194;-73,0037;6;0;60,908
0,6462;26,2482;30,0148;-41,0628;-114,6384;27,5518;45,2666;149,0553;423,168;-57,624;98,835;200,000;-9,0436;13,5261;-0,0000;-18,0494;24,2748;-23,3310;-32,0593;75,1112;252,9347;0,0000;145,6485;256,9144;0,4113;-67,4752;6;0;60,839
0,6483;26,2294;30,0429;-41,0628;-114,6757;27,6021;45,2183;148,9888;422,976;-57,768;98,497;200,000;-8,7228;14,5318;0,0000;-17,4733;25,2521;-23,3474;-32,2574;156,3191;488,8538;0,0000;280,0913;475,2314;-7,7177;-96,1450;6;0;60,773
0,6503;26,2120;30,0750;-41,0628;-114,7108;27,6564;45,1699;148,9217;422,801;-57,899;98,145;199,994;-8,3961;15,5511;0,0000;-16,8891;26,2434;-23,3630;-32,4576;78,3896;259,4907;-0,0000;149,6166;264,1095;1,1621;-68,5770;6;0;60,686
0,6524;26,1947;30,1073;-41,0628;-114,7457;27,7108;45,1215;148,8544;422,627;-58,030;97,793;200,000;-8,3981;15,6067;-0,0000;-16,8535;26,3461;-23,3426;-32,5415;61,5717;193,0915;0,0000;121,7421;198,9740;12,8702;-49,0344;6;0;60,601
0,6545;26,1773;30,1397;-41,0628;-114,7806;27,7655;45,0732;148,7869;422,453;-58,160;97,440;200,000;-8,1410;16,3509;0,0000;-16,3848;27,0676;-23,3097;-32,6607;146,3862;417,6989;0,0000;263,0206;401,0644;17,1896;-60,5805;6;0;60,519
0,6566;26,1609;30,1750;-41,0628;-114,8136;27,8230;45,0250;148,7191;422,293;-58,281;97,078;199,920;-7,7917;17,3369;0,0000;-15,7640;28,0075;-23,2714;-32,7924;105,2803;306,5234;-0,0000;193,4440;301,6969;15,9397;-54,7343;6;0;60,422
0,6586;26,1450;30,2115;-41,0628;-114,8459;27,8815;44,9768;148,6511;422,137;-58,397;96,712;200,000;-7,7049;17,6206;-0,0000;-15,5835;28,3174;-23,2437;-32,8874;64,1684;185,8531;0,0000;124,5479;190,6505;20,3873;-40,3888;6;0;60,321
0,6607;26,1290;30,2480;-41,0628;-114,8781;27,9403;44,9287;148,5829;421,981;-58,514;96,346;200,000;-7,5259;18,1068;0,0000;-15,2481;28,7972;-23,1870;-32,9597;131,7721;344,3793;0,0000;237,7743;327,3699;35,7281;-32,3382;6;0;60,223
0,6628;26,1138;30,2865;-41,0628;-114,9090;28,0008;44,8807;148,5145;421,835;-58,623;95,975;199,896;-7,1591;19,0472;-0,0000;-14,5986;29,6734;-23,0957;-33,0214;133,3297;346,6341;0,0000;239,5920;329,7013;36,5207;-32,0523;6;0;60,117
0,6648;26,0994;30,3269;-41,0628;-114,9386;28,0632;44,8330;148,4461;421,699;-58,726;95,597;200,000;-6,9736;19,5427;0,0000;-14,2556;30,1630;-23,0357;-33,0925;65,0581;175,2433;0,0000;124,5624;179,2841;27,1524;-32,0399;6;0;60,001
0,6669;26,0849;30,3675;-41,0628;-114,9681;28,1258;44,7853;148,3775;421,563;-58,828;95,220;200,000;-6,8896;19,7731;0,0000;-14,0826;30,4161;-22,9832;-33,1541;111,8335;269,1063;-0,0000;203,3086;254,9516;46,8488;-13,0067;6;0;59,888
0,6690;26,0708;30,4088;-41,0628;-114,9969;28,1892;44,7378;148,3088;421,431;-58,927;94,840;199,930;-6,5104;20,6574;-0,0000;-13,4134;31,2191;-22,8416;-33,1464;162,7780;381,0594;0,0000;288,4827;349,2214;62,5336;-0,8459;6;0;59,773
0,6711;26,0579;30,4530;-41,0628;-115,0237;28,2551;44,6907;148,2402;421,314;-59,015;94,453;200,000;-6,2153;21,3516;0,0000;-12,8876;31,8627;-22,7242;-33,1576;71,5524;177,1422;0,0000;134,1651;178,0405;35,5916;-21,9071;6;0;59,643
0,6731;26,0451;30,4973;-41,0628;-115,0503;28,3212;44,6437;148,1714;421,197;-59,103;94,065;200,000;-6,2140;21,3912;-0,0000;-12,8577;31,9566;-22,6942;-33,2371;86,1434;192,7103;0,0000;158,9210;185,2491;49,4926;-4,3236;6;0;59,516
0,6752;26,0322;30,5416;-41,0628;-115,0769;28,3875;44,5967;148,1025;421,080;-59,190;93,677;200,000;-5,8584;22,1498;0,0000;-12,2293;32,6300;-22,5191;-33,1755;179,2562;380,9966;0,0000;315,8431;337,0357;87,8408;33,0201;6;0;59,392
0,6773;26,0208;30,5890;-41,0628;-115,1010;28,4563;44,5504;148,0340;420,980;-59,265;93,282;199,972;-5,4715;22,9694;0,0000;-11,5493;33,3527;-22,3303;-33,1004;101,5856;221,9266;-0,0000;183,9130;208,8673;56,5130;2,5066;6;0;59,251
0,6793;26,0095;30,6368;-41,0628;-115,1248;28,5256;44,5042;147,9654;420,883;-59,338;92,886;200,000;-5,4376;23,0691;-0,0000;-11,4675;33,4952;-22,2850;-33,1651;61,8954;131,4618;0,0000;116,7749;132,1937;45,7466;-5,0342;6;0;59,110
0,6814;25,9983;30,6846;-41,0628;-115,1485;28,5951;44,4581;147,8966;420,785;-59,411;92,491;200,000;-5,2151;23,5140;0,0000;-11,0656;33,9003;-22,1408;-33,1212;147,4487;288,5225;0,0000;261,5479;252,0619;90,0895;43,4770;6;0;58,972
0,6835;25,9879;30,7342;-41,0628;-115,1706;28,6660;44,4125;147,8282;420,699;-59,476;92,091;199,912;-4,8269;24,2643;0,0000;-10,3841;34,5394;-21,9119;-32,9850;134,7719;263,8249;-0,0000;239,4912;232,9708;84,0252;37,0271;6;0;58,826
0,6856;25,9783;30,7851;-41,0628;-115,1915;28,7382;44,3673;147,7600;420,620;-59,535;91,688;200,000;-4,6568;24,6068;-0,0000;-10,0736;34,8653;-21,7928;-32,9678;57,0604;116,3743;0,0000;107,4595;118,6928;46,1799;-3,3745;6;0;58,673
0,6876;25,9686;30,8361;-41,0628;-115,2123;28,8105;44,3222;147,6916;420,542;-59,594;91,286;200,000;-4,5905;24,7463;0,0000;-9,9389;35,0310;-21,7206;-32,9990;108,8323;197,5216;0,0000;195,4634;174,0679;80,8420;38,4466;6;0;58,523
0,6897;25,9593;30,8876;-41,0628;-115,2327;28,8833;44,2773;147,6233;420,466;-59,650;90,883;199,955;-4,2060;25,4250;-0,0000;-9,2639;35,5864;-21,4579;-32,8086;171,1336;302,4380;0,0000;300,9712;249,6885;118,3389;82,2346;6;0;58,373
0,6918;25,9512;30,9414;-41,0628;-115,2507;28,9579;44,2333;147,5557;420,406;-59,695;90,475;200,000;-3,8816;25,9991;0,0000;-8,6922;36,0653;-21,2304;-32,6584;79,9862;146,7874;0,0000;145,6198;136,8577;64,1930;19,5302;6;0;58,209
0,6938;25,9432;30,9953;-41,0628;-115,2687;29,0327;44,1894;147,4880;420,347;-59,740;90,068;200,000;-3,8746;26,0331;0,0000;-8,6607;36,1533;-21,1920;-32,7277;64,0677;110,4434;-0,0000;118,6682;105,7814;59,8369;16,8677;6;0;58,048
0,6959;25,9352;31,0493;-41,0628;-115,2866;29,1076;44,1455;147,4201;420,287;-59,785;89,660;200,000;-3,6162;26,4566;-0,0000;-8,2006;36,5035;-20,9825;-32,5885;153,4493;248,5253;0,0000;270,8032;198,5021;120,7693;91,3430;6;0;57,889
0,6980;25,9282;31,1049;-41,0628;-115,3026;29,1839;44,1025;147,3530;420,239;-59,821;89,251;199,934;-3,2390;27,0625;0,0000;-7,5389;36,9755;-20,6917;-32,3493;121,5660;198,1813;0,0000;216,0860;164,1413;99,3981;65,6857;6;0;57,721
0,7001;25,9218;31,1614;-41,0628;-115,3178;29,2608;44,0598;147,2861;420,197;-59,852;88,840;200,000;-3,1126;27,2776;0,0000;-7,3055;37,1834;-20,5708;-32,3164;42,6075;73,8432;-0,0000;81,3347;79,3642;46,6991;1,9702;6;0;57,550
0,7021;25,9153;31,2179;-41,0628;-115,3329;29,3379;44,0173;147,2191;420,156;-59,883;88,429;200,000;-3,0625;27,3684;-0,0000;-7,2020;37,3043;-20,4983;-32,3411;100,3793;151,3828;0,0000;180,0955;124,4422;92,6111;61,0771;6;0;57,382
0,7042;25,9091;31,2747;-41,0628;-115,3476;29,4153;43,9749;147,1522;420,116;-59,913;88,018;199,971;-2,6968;27,9047;0,0000;-6,5595;37,6989;-20,1871;-32,0634;166,5510;244,3090;0,0000;292,9525;181,2010;142,8129;125,0307;6;0;57,214
0,7063;25,9042;31,3335;-41,0628;-115,3601;29,4941;43,9336;147,0863;420,092;-59,931;87,604;200,000;-2,3726;28,3804;-0,0000;-5,9885;38,0549;-19,9067;-31,8232;80,4889;121,8931;0,0000;145,6284;105,2534;78,0620;43,5178;6;0;57,034
0,7083;25,8992;31,3923;-41,0628;-115,3724;29,5730;43,8925;147,0203;420,067;-59,950;87,191;200,000;-2,3634;28,4096;0,0000;-5,9563;38,1349;-19,8638;-31,8831;42,6241;63,2207;0,0000;80,9977;65,6774;52,2579;12,2358;6;0;56,856
0,7104;25,8944;31,4512;-41,0628;-115,3848;29,6520;43,8514;146,9542;420,043;-59,968;86,778;200,000;-2,1960;28,6423;0,0000;-5,6530;38,3269;-19,6902;-31,7725;125,3474;169,3973;-0,0000;222,6617;123,7857;120,6407;101,7484;6;0;56,681
0,7125;25,8901;31,5109;-41,0628;-115,3959;29,7317;43,8109;146,8887;420,026;-59,980;86,365;199,938;-1,8442;29,1113;-0,0000;-5,0339;38,6477;-19,3640;-31,4616;131,7652;176,9799;0,0000;233,4748;127,2549;126,1736;109,5707;8;0;56,502
0,7146;25,8867;31,5718;-41,0628;-115,4056;29,8121;43,7711;146,8239;420,018;-59,986;85,951;200,000;-1,6502;29,3754;0,0000;-4,6859;38,8541;-19,1676;-31,3187;49,2054;70,2010;0,0000;91,8709;68,0026;58,2497;21,3007;8;0;56,317
0,7166;25,8833;31,6326;-41,0628;-115,4153;29,8927;43,7315;146,7590;420,010;-59,992;85,536;200,000;-1,6404;29,4021;0,0000;-4,6534;38,9294;-19,1228;-31,3734;32,8513;46,4153;-0,0000;63,9009;52,8075;46,2457;6,4329;8;0;56,135
0,7187;25,8799;31,6936;-41,0628;-115,4249;29,9734;43,6919;146,6940;420,002;-59,998;85,122;200,000;-1,5141;29,5677;-0,0000;-4,4212;39,0728;-18,9760;-31,2920;72,7446;93,8967;0,0000;132,3471;75,9011;81,2486;53,3421;8;0;55,954
0,7208;25,8770;31,7551;-41,0628;-115,4336;30,0545;43,6529;146,6294;420,000;-60,000;84,708;199,988;-1,3390;29,7910;0,0000;-4,1052;39,2438;-18,7862;-31,1524;56,4813;74,1231;0,0000;104,3598;65,7708;67,1630;34,8562;8;0;55,772
0,7228;25,8744;31,8170;-41,0628;-115,4419;30,1359;43,6141;146,5649;420,000;-60,000;84,294;200,000;-1,2802;29,8747;-0,0000;-3,9889;39,3453;-18,6978;-31,1476;16,6509;26,3142;0,0000;35,9408;42,0385;32,4219;-11,3739;8;0;55,589
0,7249;25,8717;31,8789;-41,0628;-115,4501;30,2175;43,5754;146,5003;420,000;-60,000;83,880;200,000;-1,2701;29,9000;0,0000;-3,9563;39,4179;-18,6519;-31,1996;4,8855;12,2015;0,0000;15,7333;35,0597;22,1888;-25,0527;8;0;55,410
0,7270;25,8691;31,9408;-41,0628;-115,4583;30,2992;43,5368;146,4357;420,000;-60,000;83,465;200,000;-1,2599;29,9253;0,0000;-3,9237;39,4905;-18,6059;-31,2514;4,8906;12,1751;-0,0000;15,7365;35,0243;22,2474;-25,0065;8;0;55,232
0,7291;25,8665;32,0028;-41,0628;-115,4664;30,3811;43,4984;146,3709;420,000;-60,000;83,051;200,000;-1,2498;29,9505;-0,0000;-3,8911;39,5630;-18,5597;-31,3031;4,8957;12,1486;0,0000;15,7396;34,9882;22,3059;-24,9596;8;0;55,058
0,7311;25,8639;32,0649;-41,0628;-115,4744;30,4631;43,4600;146,3060;420,000;-60,000;82,637;200,000;-1,2397;29,9756;0,0000;-3,8585;39,6354;-18,5135;-31,3548;4,9007;12,1221;0,0000;15,7427;34,9512;22,3643;-24,9119;8;0;54,886
0,7332;25,8614;32,1270;-41,0628;-115,4823;30,5453;43,4217;146,2410;420,000;-60,000;82,223;200,000;-1,2295;30,0007;-0,0000;-3,8259;39,7078;-18,4671;-31,4063;4,9057;12,0955;0,0000;15,7458;34,9135;22,4225;-24,8634;8;0;54,716
0,7353;25,8588;32,1892;-41,0628;-115,4902;30,6276;43,3835;146,1759;420,000;-60,000;81,808;200,000;-1,2193;30,0257;0,0000;-3,7933;39,7800;-18,4206;-31,4578;4,9106;12,0689;0,0000;15,7489;34,8749;22,4807;-24,8141;8;0;54,549
0,7373;25,8563;32,2514;-41,0628;-115,4981;30,7100;43,3454;146,1107;420,000;-60,000;81,394;200,000;-1,2092;30,0507;0,0000;-3,7606;39,8522;-18,3740;-31,5091;4,9155;12,0422;-0,0000;15,7519;34,8355;22,5387;-24,7641;8;0;54,385
0,7394;25,8538;32,3136;-41,0628;-115,5058;30,7927;43,3074;146,0454;420,000;-60,000;80,980;200,000;-1,1990;30,0756;-0,0000;-3,7280;39,9243;-18,3272;-31,5604;4,9204;12,0154;0,0000;15,7549;34,7953;22,5966;-24,7133;8;0;54,223
0,7415;25,8514;32,3759;-41,0628;-115,5135;30,8754;43,2694;145,9800;420,000;-60,000;80,566;200,000;-1,1888;30,1004;0,0000;-3,6954;39,9964;-18,2804;-31,6115;4,9252;11,9887;0,0000;15,7579;34,7544;22,6543;-24,6617;8;0;54,064
0,7435;25,8489;32,4383;-41,0628;-115,5211;30,9583;43,2316;145,9144;420,000;-60,000;80,152;200,000;-1,1786;30,1252;0,0000;-3,6627;40,0683;-18,2334;-31,6625;4,9300;11,9618;-0,0000;15,7609;34,7125;22,7120;-24,6093;8;0;53,908
0,7456;25,8465;32,5007;-41,0628;-115,5287;31,0414;43,1939;145,8488;420,000;-60,000;79,737;200,000;-1,1684;30,1500;-0,0000;-3,6301;40,1402;-18,1863;-31,7134;4,9347;11,9349;0,0000;15,7638;34,6699;22,7694;-24,5562;8;0;53,755
0,7477;25,8441;32,5632;-41,0628;-115,5362;31,1246;43,1563;145,7831;420,000;-60,000;79,323;200,000;-1,1581;30,1747;0,0000;-3,5974;40,2119;-18,1391;-31,7642;4,9394;11,9080;0,0000;15,7668;34,6265;22,8268;-24,5022;8;0;53,604
0,7498;25,8417;32,6257;-41,0628;-115,5436;31,2080;43,1188;145,7172;420,000;-60,000;78,909;200,000;-1,1479;30,1993;-0,0000;-3,5648;40,2836;-18,0917;-31,8149;4,9441;11,8810;0,0000;15,7697;34,5822;22,8840;-24,4475;8;0;53,456
0,7518;25,8393;32,6883;-41,0628;-115,5509;31,2915;43,0814;145,6513;420,000;-60,000;78,495;200,000;-1,1377;30,2239;0,0000;-3,5321;40,3552;-18,0443;-31,8655;4,9487;11,8540;0,0000;15,7725;34,5371;22,9411;-24,3920;8;0;53,311
0,7539;25,8370;32,7509;-41,0628;-115,5582;31,3751;43,0440;145,5852;420,000;-60,000;78,080;200,000;-1,1274;30,2484;0,0000;-3,4995;40,4267;-17,9967;-31,9160;4,9532;11,8269;-0,0000;15,7754;34,4911;22,9980;-24,3356;8;0;53,169
0,7560;25,8347;32,8136;-41,0628;-115,5654;31,4589;43,0068;145,5191;420,000;-60,000;77,666;200,000;-1,1171;30,2729;-0,0000;-3,4668;40,4980;-17,9490;-31,9663;4,9578;11,7998;0,0000;15,7782;34,4443;23,0548;-24,2785;8;0;53,029
0,7580;25,8323;32,8763;-41,0628;-115,5726;31,5429;42,9697;145,4528;420,000;-60,000;77,252;200,000;-1,1069;30,2973;0,0000;-3,4341;40,5693;-17,9012;-32,0165;4,9622;11,7726;0,0000;15,7810;34,3967;23,1114;-24,2206;8;0;52,893
0,7601;25,8301;32,9391;-41,0628;-115,5797;31,6270;42,9327;145,3865;420,000;-60,000;76,838;200,000;-1,0966;30,3217;0,0000;-3,4014;40,6405;-17,8533;-32,0667;4,9667;11,7454;-0,0000;15,7838;34,3483;23,1679;-24,1618;8;0;52,759
0,7622;25,8278;33,0019;-41,0628;-115,5867;31,7112;42,8957;145,3200;420,000;-60,000;76,423;200,000;-1,0863;30,3460;-0,0000;-3,3687;40,7116;-17,8052;-32,1166;4,9711;11,7181;0,0000;15,7865;34,2990;23,2243;-24,1023;8;0;52,628
0,7643;25,8256;33,0648;-41,0628;-115,5936;31,7956;42,8589;145,2534;420,000;-60,000;76,009;200,000;-1,0760;30,3702;0,0000;-3,3360;40,7826;-17,7571;-32,1665;4,9754;11,6907;0,0000;15,7893;34,2488;23,2804;-24,0419;8;0;52,500
0,7663;25,8233;33,1277;-41,0628;-115,6005;31,8802;42,8222;145,1867;420,000;-60,000;75,595;200,000;-1,0657;30,3944;-0,0000;-3,3033;40,8535;-17,7088;-32,2162;4,9798;11,6634;0,0000;15,7920;34,1978;23,3365;-23,9807;8;0;52,376
0,7684;25,8212;33,1907;-41,0628;-115,6073;31,9649;42,7855;145,1200;420,000;-60,000;75,181;200,000;-1,0554;30,4185;0,0000;-3,2706;40,9243;-17,6604;-32,2658;4,9840;11,6359;0,0000;15,7946;34,1460;23,3923;-23,9187;8;0;52,254
0,7705;25,8190;33,2537;-41,0628;-115,6140;32,0497;42,7490;145,0531;420,000;-60,000;74,767;200,000;-1,0450;30,4426;0,0000;-3,2379;40,9949;-17,6119;-32,3153;4,9883;11,6085;-0,0000;15,7973;34,0933;23,4480;-23,8559;8;0;52,135
0,7725;25,8168;33,3168;-41,0628;-115,6207;32,1347;42,7126;144,9861;420,000;-60,000;74,352;200,000;-1,0347;30,4666;-0,0000;-3,2052;41,0655;-17,5633;-32,3646;4,9925;11,5809;0,0000;15,7999;34,0397;23,5036;-23,7923;8;0;52,019
0,7746;25,8147;33,3799;-41,0628;-115,6273;32,2198;42,6763;144,9190;420,000;-60,000;73,938;200,000;-1,0244;30,4905;0,0000;-3,1724;41,1359;-17,5145;-32,4139;4,9966;11,5534;0,0000;15,8025;33,9853;23,5589;-23,7278;8;0;51,906
0,7767;25,8126;33,4431;-41,0628;-115,6338;32,3051;42,6400;144,8518;420,000;-60,000;73,524;200,000;-1,0140;30,5144;0,0000;-3,1397;41,2063;-17,4657;-32,4629;5,0007;11,5257;-0,0000;15,8051;33,9300;23,6141;-23,6625;8;0;51,797
0,7788;25,8105;33,5063;-41,0628;-115,6403;32,3905;42,6039;144,7846;420,000;-60,000;73,110;200,000;-1,0036;30,5383;-0,0000;-3,1070;41,2765;-17,4167;-32,5119;5,0048;11,4981;0,0000;15,8076;33,8738;23,6692;-23,5964;8;0;51,690
0,7808;25,8084;33,5696;-41,0628;-115,6467;32,4761;42,5679;144,7172;420,000;-60,000;72,695;200,000;-0,9933;30,5621;0,0000;-3,0742;41,3466;-17,3676;-32,5607;5,0088;11,4704;0,0000;15,8102;33,8168;23,7240;-23,5294;8;0;51,587
0,7829;25,8064;33,6329;-41,0628;-115,6530;32,5618;42,5320;144,6497;420,000;-60,000;72,281;200,000;-0,9829;30,5858;-0,0000;-3,0415;41,4166;-17,3185;-32,6093;5,0128;11,4426;0,0000;15,8127;33,7589;23,7787;-23,4617;8;0;51,486
0,7850;25,8044;33,6963;-41,0628;-115,6593;32,6476;42,4962;144,5821;420,000;-60,000;71,867;200,000;-0,9725;30,6095;0,0000;-3,0087;41,4864;-17,2691;-32,6579;5,0167;11,4148;0,0000;15,8151;33,7001;23,8332;-23,3930;8;0;51,389
0,7870;25,8023;33,7597;-41,0628;-115,6655;32,7336;42,4604;144,5144;420,000;-60,000;71,453;200,000;-0,9621;30,6331;0,0000;-2,9760;41,5562;-17,2197;-32,7062;5,0206;11,3869;-0,0000;15,8176;33,6405;23,8875;-23,3236;8;0;51,295
0,7891;25,8004;33,8232;-41,0628;-115,6716;32,8198;42,4248;144,4466;420,000;-60,000;71,038;200,000;-0,9517;30,6566;-0,0000;-2,9432;41,6258;-17,1702;-32,7545;5,0245;11,3590;0,0000;15,8200;33,5800;23,9417;-23,2533;8;0;51,204
0,7912;25,7984;33,8867;-41,0628;-115,6777;32,9060;42,3893;144,3787;420,000;-60,000;70,624;200,000;-0,9413;30,6801;0,0000;-2,9104;41,6953;-17,1206;-32,8026;5,0283;11,3311;0,0000;15,8224;33,5186;23,9956;-23,1821;8;0;51,116
0,7933;25,7965;33,9503;-41,0628;-115,6837;32,9925;42,3539;144,3107;420,000;-60,000;70,210;200,000;-0,9309;30,7036;-0,0000;-2,8777;41,7646;-17,0708;-32,8505;5,0320;11,3031;0,0000;15,8248;33,4563;24,0494;-23,1101;8;0;51,032
0,7953;25,7945;34,0139;-41,0628;-115,6896;33,0791;42,3186;144,2426;420,000;-60,000;69,796;200,000;-0,9205;30,7270;0,0000;-2,8449;41,8339;-17,0209;-32,8983;5,0358;11,2750;0,0000;15,8271;33,3931;24,1030;-23,0373;8;0;50,951
0,7974;25,7927;34,0776;-41,0628;-115,6955;33,1658;42,2834;144,1745;420,000;-60,000;69,381;200,000;-0,9100;30,7503;0,0000;-2,8121;41,9029;-16,9710;-32,9459;5,0395;11,2470;-0,0000;15,8294;33,3291;24,1564;-22,9636;8;0;50,873
0,7995;25,7908;34,1413;-41,0628;-115,7013;33,2526;42,2483;144,1062;420,000;-60,000;68,967;200,000;-0,8996;30,7736;-0,0000;-2,7793;41,9719;-16,9209;-32,9934;5,0431;11,2188;0,0000;15,8317;33,2641;24,2096;-22,8891;8;0;50,798
0,8015;25,7889;34,2050;-41,0628;-115,7070;33,3396;42,2133;144,0378;420,000;-60,000;68,553;200,000;-0,8891;30,7968;0,0000;-2,7465;42,0407;-16,8707;-33,0407;5,0467;11,1907;0,0000;15,8340;33,1983;24,2626;-22,8137;8;0;50,726
0,8036;25,7871;34,2689;-41,0628;-115,7126;33,4268;42,1784;143,9693;420,000;-60,000;68,139;200,000;-0,8787;30,8199;0,0000;-2,7137;42,1094;-16,8204;-33,0879;5,0503;11,1624;-0,0000;15,8363;33,1315;24,3154;-22,7374;8;0;50,658
0,8057;25,7853;34,3327;-41,0628;-115,7182;33,5141;42,1436;143,9007;420,000;-60,000;67,725;200,000;-0,8682;30,8430;-0,0000;-2,6809;42,1780;-16,7699;-33,1349;5,0538;11,1342;0,0000;15,8385;33,0639;24,3679;-22,6603;8;0;50,593
0,8078;25,7835;34,3966;-41,0628;-115,7238;33,6015;42,1090;143,8320;420,000;-60,000;67,310;200,000;-0,8577;30,8660;0,0000;-2,6481;42,2464;-16,7194;-33,1818;5,0572;11,1059;0,0000;15,8407;32,9954;24,4203;-22,5823;8;0;50,532
0,8098;25,7817;34,4606;-41,0628;-115,7292;33,6891;42,0744;143,7633;420,000;-60,000;66,896;200,000;-0,8473;30,8890;-0,0000;-2,6153;42,3147;-16,6688;-33,2285;5,0607;11,0775;0,0000;15,8428;32,9260;24,4725;-22,5035;8;0;50,473
0,8119;25,7800;34,5246;-41,0628;-115,7346;33,7768;42,0399;143,6944;420,000;-60,000;66,482;200,000;-0,8368;30,9119;0,0000;-2,5825;42,3828;-16,6181;-33,2750;5,0641;11,0491;0,0000;15,8450;32,8556;24,5245;-22,4238;8;0;50,418
0,8140;25,7783;34,5886;-41,0628;-115,7399;33,8646;42,0055;143,6254;420,000;-60,000;66,068;200,000;-0,8263;30,9348;0,0000;-2,5497;42,4508;-16,5672;-33,3214;5,0674;11,0207;-0,0000;15,8471;32,7844;24,5762;-22,3433;8;0;50,367
0,8160;25,7766;34,6527;-41,0628;-115,7451;33,9526;41,9713;143,5564;420,000;-60,000;65,653;200,000;-0,8158;30,9576;-0,0000;-2,5168;42,5186;-16,5162;-33,3676;5,0707;10,9922;0,0000;15,8492;32,7123;24,6278;-22,2619;8;0;50,319
0,8181;25,7749;34,7169;-41,0628;-115,7503;34,0407;41,9371;143,4872;420,000;-60,000;65,239;200,000;-0,8053;30,9803;0,0000;-2,4840;42,5863;-16,4652;-33,4136;5,0740;10,9636;0,0000;15,8512;32,6392;24,6791;-22,1796;8;0;50,274
0,8202;25,7732;34,7810;-41,0628;-115,7554;34,1290;41,9031;143,4180;420,000;-60,000;64,825;200,000;-0,7948;31,0030;0,0000;-2,4512;42,6538;-16,4140;-33,4594;5,0772;10,9351;-0,0000;15,8533;32,5653;24,7302;-22,0964;8;0;50,232
0,8223;25,7716;34,8453;-41,0628;-115,7605;34,2174;41,8691;143,3486;420,000;-60,000;64,411;200,000;-0,7843;31,0256;-0,0000;-2,4183;42,7212;-16,3627;-33,5051;5,0804;10,9065;0,0000;15,8553;32,4904;24,7811;-22,0124;8;0;50,194
0,8243;25,7700;34,9096;-41,0628;-115,7655;34,3060;41,8353;143,2792;420,000;-60,000;63,996;200,000;-0,7737;31,0482;0,0000;-2,3855;42,7884;-16,3114;-33,5506;5,0835;10,8778;0,0000;15,8573;32,4147;24,8318;-21,9275;8;0;50,159
0,8264;25,7684;34,9739;-41,0628;-115,7704;34,3947;41,8016;143,2096;420,000;-60,000;63,582;200,000;-0,7632;31,0707;-0,0000;-2,3527;42,8554;-16,2599;-33,5959;5,0866;10,8491;0,0000;15,8592;32,3380;24,8822;-21,8417;8;0;50,128
0,8285;25,7668;35,0383;-41,0628;-115,7752;34,4835;41,7679;143,1400;420,000;-60,000;63,168;200,000;-0,7527;31,0931;0,0000;-2,3198;42,9223;-16,2083;-33,6411;5,0896;10,8204;0,0000;15,8612;32,2604;24,9324;-21,7551;8;0;50,100
0,8305;25,7653;35,1027;-41,0628;-115,7800;34,5725;41,7344;143,0703;420,000;-60,000;62,754;200,000;-0,7421;31,1155;0,0000;-2,2870;42,9891;-16,1566;-33,6861;5,0926;10,7916;-0,0000;15,8631;32,1819;24,9824;-21,6676;8;0;50,076
0,8326;25,7637;35,1672;-41,0628;-115,7847;34,6616;41,7010;143,0005;420,000;-60,000;62,340;200,000;-0,7316;31,1378;-0,0000;-2,2541;43,0556;-16,1048;-33,7308;5,0956;10,7627;0,0000;15,8650;32,1025;25,0321;-21,5792;8;0;50,055
0,8347;25,7622;35,2317;-41,0628;-115,7893;34,7508;41,6677;142,9306;420,000;-60,000;61,925;200,000;-0,7210;31,1601;0,0000;-2,2212;43,1220;-16,0529;-33,7754;5,0985;10,7339;0,0000;15,8668;32,0221;25,0816;-21,4899;8;0;50,037
0,8368;25,7608;35,2962;-41,0628;-115,7939;34,8402;41,6345;142,8606;420,000;-60,000;61,511;200,000;-0,7104;31,1823;0,0000;-2,1884;43,1883;-16,0009;-33,8199;5,1014;10,7050;-0,0000;15,8686;31,9409;25,1309;-21,3998;8;0;50,023
0,8388;25,7593;35,3608;-41,0628;-115,7984;34,9297;41,6014;142,7905;420,000;-60,000;61,097;200,000;-0,6999;31,2044;-0,0000;-2,1555;43,2544;-15,9488;-33,8641;5,1042;10,6760;0,0000;15,8704;31,8587;25,1799;-21,3087;8;0;50,012
0,8409;25,7579;35,4255;-41,0628;-115,8028;35,0194;41,5685;142,7203;420,000;-60,000;60,683;200,000;-0,6893;31,2265;0,0000;-2,1226;43,3203;-15,8966;-33,9081;5,1070;10,6470;0,0000;15,8722;31,7756;25,2287;-21,2168;8;0;50,005
0,8430;25,7564;35,4902;-41,0628;-115,8072;35,1092;41,5356;142,6500;420,000;-60,000;60,268;200,000;-0,6787;31,2485;-0,0000;-2,0898;43,3860;-15,8443;-33,9520;5,1098;10,6180;0,0000;15,8740;31,6915;25,2772;-21,1240;8;0;50,001
0,8450;25,7550;35,5549;-41,0628;-115,8115;35,1991;41,5028;142,5796;420,000;-60,000;59,854;200,000;-0,6681;31,2705;0,0000;-2,0569;43,4515;-15,7919;-33,9956;5,1125;10,5889;0,0000;15,8757;31,6066;25,3255;-21,0303;8;0;50,000
0,8471;25,7537;35,6197;-41,0628;-115,8157;35,2892;41,4702;142,5092;420,000;-60,000;59,440;200,000;-0,6575;31,2924;0,0000;-2,0240;43,5169;-15,7394;-34,0391;5,1152;10,5598;-0,0000;15,8774;31,5207;25,3736;-20,9358;8;0;50,000
0,8492;25,7523;35,6846;-41,0628;-115,8198;35,3794;41,4376;142,4386;420,000;-60,000;59,026;200,000;-0,6469;31,3142;-0,0000;-1,9911;43,5821;-15,6868;-34,0824;5,1178;10,5306;0,0000;15,8790;31,4339;25,4213;-20,8403;8;0;50,000
0,8512;25,7510;35,7494;-41,0628;-115,8239;35,4697;41,4052;142,3680;420,000;-60,000;58,611;200,000;-0,6363;31,3360;0,0000;-1,9582;43,6471;-15,6341;-34,1254;5,1204;10,5015;0,0000;15,8807;31,3462;25,4689;-20,7440;8;0;50,000
0,8533;25,7497;35,8144;-41,0628;-115,8280;35,5602;41,3729;142,2973;420,000;-60,000;58,197;200,000;-0,6257;31,3577;0,0000;-1,9253;43,7119;-15,5813;-34,1683;5,1229;10,4722;-0,0000;15,8823;31,2575;25,5161;-20,6468;8;0;50,000
0,8554;25,7484;35,8793;-41,0628;-115,8319;35,6508;41,3406;142,2265;420,000;-60,000;57,783;200,000;-0,6151;31,3794;-0,0000;-1,8924;43,7766;-15,5284;-34,2109;5,1254;10,4430;0,0000;15,8839;31,1680;25,5631;-20,5487;8;0;50,000
0,8575;25,7471;35,9443;-41,0628;-115,8358;35,7415;41,3085;142,1556;420,000;-60,000;57,369;200,000;-0,6045;31,4010;0,0000;-1,8595;43,8411;-15,4754;-34,2534;5,1278;10,4136;0,0000;15,8854;31,0774;25,6099;-20,4497;8;0;50,000
0,8595;25,7459;36,0094;-41,0628;-115,8396;35,8324;41,2765;142,0846;420,000;-60,000;56,954;200,000;-0,5939;31,4225;-0,0000;-1,8266;43,9053;-15,4223;-34,2957;5,1302;10,3843;0,0000;15,8870;30,9860;25,6564;-20,3498;8;0;50,000
0,8616;25,7447;36,0745;-41,0628;-115,8434;35,9234;41,2447;142,0135;420,000;-60,000;56,540;200,000;-0,5832;31,4440;0,0000;-1,7937;43,9694;-15,3691;-34,3377;5,1326;10,3549;0,0000;15,8885;30,8936;25,7026;-20,2491;8;0;50,000
0,8637;25,7435;36,1397;-41,0628;-115,8470;36,0145;41,2129;141,9423;420,000;-60,000;56,126;200,000;-0,5726;31,4654;0,0000;-1,7608;44,0333;-15,3158;-34,3795;5,1349;10,3255;-0,0000;15,8900;30,8003;25,7485;-20,1474;8;0;50,000
0,8657;25,7423;36,2049;-41,0628;-115,8507;36,1058;41,1812;141,8711;420,000;-60,000;55,712;200,000;-0,5620;31,4868;-0,0000;-1,7279;44,0970;-15,2625;-34,4212;5,1372;10,2960;0,0000;15,8914;30,7061;25,7942;-20,0449;8;0;50,000
0,8678;25,7412;36,2701;-41,0628;-115,8542;36,1972;41,1497;141,7998;420,000;-60,000;55,298;200,000;-0,5513;31,5081;0,0000;-1,6950;44,1605;-15,2090;-34,4626;5,1394;10,2665;0,0000;15,8928;30,6109;25,8396;-19,9415;8;0;50,000
0,8699;25,7400;36,3354;-41,0628;-115,8577;36,2887;41,1182;141,7283;420,000;-60,000;54,883;200,000;-0,5407;31,5293;-0,0000;-1,6621;44,2238;-15,1554;-34,5038;5,1416;10,2370;0,0000;15,8942;30,5148;25,8847;-19,8371;8;0;50,000
0,8720;25,7389;36,4007;-41,0628;-115,8611;36,3804;41,0869;141,6568;420,000;-60,000;54,469;200,000;-0,5300;31,5505;0,0000;-1,6291;44,2869;-15,1018;-34,5447;5,1438;10,2074;0,0000;15,8956;30,4178;25,9295;-19,7319;8;0;50,000
0,8740;25,7378;36,4661;-41,0628;-115,8644;36,4722;41,0557;141,5852;420,000;-60,000;54,055;200,000;-0,5194;31,5716;0,0000;-1,5962;44,3498;-15,0480;-34,5855;5,1459;10,1778;-0,0000;15,8970;30,3199;25,9740;-19,6258;8;0;50,000
0,8761;25,7368;36,5315;-41,0628;-115,8677;36,5641;41,0245;141,5136;420,000;-60,000;53,641;200,000;-0,5087;31,5926;-0,0000;-1,5633;44,4125;-14,9942;-34,6260;5,1480;10,1481;0,0000;15,8983;30,2210;26,0183;-19,5189;8;0;50,000
0,8782;25,7357;36,5969;-41,0628;-115,8709;36,6561;40,9935;141,4418;420,000;-60,000;53,226;200,000;-0,4981;31,6136;0,0000;-1,5304;44,4750;-14,9402;-34,6664;5,1500;10,1185;0,0000;15,8996;30,1212;26,0623;-19,4110;8;0;50,000
0,8802;25,7347;36,6624;-41,0628;-115,8740;36,7483;40,9627;141,3700;420,000;-60,000;52,812;200,000;-0,4874;31,6345;0,0000;-1,4974;44,5373;-14,8862;-34,7064;5,1520;10,0887;-0,0000;15,9008;30,0204;26,1060;-19,3022;8;0;50,000
0,8823;25,7337;36,7280;-41,0628;-115,8771;36,8406;40,9319;141,2980;420,000;-60,000;52,398;200,000;-0,4767;31,6554;-0,0000;-1,4645;44,5993;-14,8321;-34,7463;5,1539;10,0590;0,0000;15,9021;29,9187;26,1493;-19,1926;8;0;50,000
0,8844;25,7327;36,7936;-41,0628;-115,8801;36,9330;40,9012;141,2260;420,000;-60,000;51,984;200,000;-0,4660;31,6762;0,0000;-1,4316;44,6612;-14,7779;-34,7859;5,1558;10,0292;0,0000;15,9033;29,8161;26,1924;-19,0821;8;0;50,000
0,8865;25,7318;36,8592;-41,0628;-115,8830;37,0256;40,8707;141,1539;420,000;-60,000;51,569;200,000;-0,4554;31,6969;-0,0000;-1,3986;44,7228;-14,7236;-34,8254;5,1576;9,9994;0,0000;15,9045;29,7126;26,2352;-18,9706;8;0;50,000
0,8885;25,7308;36,9249;-41,0628;-115,8859;37,1183;40,8402;141,0818;420,000;-60,000;51,155;200,000;-0,4447;31,7176;0,0000;-1,3657;44,7843;-14,6692;-34,8645;5,1595;9,9695;0,0000;15,9056;29,6081;26,2777;-18,8583;8;0;50,000
0,8906;25,7299;36,9906;-41,0628;-115,8887;37,2111;40,8099;141,0095;420,000;-60,000;50,741;200,000;-0,4340;31,7382;0,0000;-1,3327;44,8455;-14,6148;-34,9035;5,1612;9,9396;-0,0000;15,9067;29,5027;26,3199;-18,7451;8;0;50,000
0,8927;25,7290;37,0563;-41,0628;-115,8914;37,3041;40,7797;140,9372;420,000;-60,000;50,327;200,000;-0,4233;31,7588;-0,0000;-1,2998;44,9065;-14,5602;-34,9422;5,1629;9,9097;0,0000;15,9078;29,3963;26,3618;-18,6311;8;0;50,000
0,8947;25,7282;37,1221;-41,0628;-115,8941;37,3971;40,7496;140,8648;420,000;-60,000;49,912;200,000;-0,4126;31,7793;0,0000;-1,2668;44,9673;-14,5056;-34,9806;5,1646;9,8797;0,0000;15,9089;29,2891;26,4034;-18,5161;8;0;50,000
0,8968;25,7273;37,1880;-41,0628;-115,8967;37,4903;40,7196;140,7923;420,000;-60,000;49,498;200,000;-0,4019;31,7997;0,0000;-1,2339;45,0278;-14,4508;-35,0189;5,1663;9,8497;-0,0000;15,9100;29,1809;26,4446;-18,4003;8;0;50,000
0,8989;25,7265;37,2538;-41,0628;-115,8992;37,5837;40,6897;140,7197;420,000;-60,000;49,084;200,000;-0,3912;31,8201;-0,0000;-1,2009;45,0881;-14,3960;-35,0569;5,1678;9,8197;0,0000;15,9110;29,0718;26,4856;-18,2835;8;0;50,000
0,9010;25,7257;37,3198;-41,0628;-115,9016;37,6771;40,6600;140,6471;420,000;-60,000;48,670;200,000;-0,3805;31,8404;0,0000;-1,1680;45,1482;-14,3411;-35,0946;5,1694;9,7896;0,0000;15,9120;28,9617;26,5262;-18,1659;8;0;50,000
0,9030;25,7249;37,3857;-41,0628;-115,9040;37,7707;40,6303;140,5744;420,000;-60,000;48,256;200,000;-0,3698;31,8606;-0,0000;-1,1350;45,2081;-14,2861;-35,1321;5,1709;9,7595;0,0000;15,9129;28,8507;26,5666;-18,0474;8;0;50,000
0,9051;25,7242;37,4518;-41,0628;-115,9063;37,8644;40,6008;140,5015;420,000;-60,000;47,841;200,000;-0,3591;31,8808;0,0000;-1,1021;45,2677;-14,2311;-35,1694;5,1724;9,7293;0,0000;15,9139;28,7388;26,6066;-17,9280;8;0;50,000
0,9072;25,7235;37,5178;-41,0628;-115,9086;37,9582;40,5714;140,4287;420,000;-60,000;47,427;200,000;-0,3484;31,9009;0,0000;-1,0691;45,3272;-14,1759;-35,2064;5,1738;9,6992;-0,0000;15,9148;28,6260;26,6462;-17,8078;8;0;50,000
0,9092;25,7227;37,5839;-41,0628;-115,9108;38,0521;40,5421;140,3557;420,000;-60,000;47,013;200,000;-0,3376;31,9210;-0,0000;-1,0361;45,3863;-14,1207;-35,2431;5,1752;9,6690;0,0000;15,9157;28,5122;26,6856;-17,6866;8;0;50,000
0,9113;25,7221;37,6500;-41,0628;-115,9129;38,1462;40,5129;140,2827;420,000;-60,000;46,599;200,000;-0,3269;31,9410;0,0000;-1,0032;45,4453;-14,0654;-35,2796;5,1765;9,6387;0,0000;15,9165;28,3976;26,7246;-17,5646;8;0;50,000
0,9134;25,7214;37,7162;-41,0628;-115,9149;38,2404;40,4838;140,2096;420,000;-60,000;46,184;200,000;-0,3162;31,9609;0,0000;-0,9702;45,5040;-14,0100;-35,3159;5,1778;9,6085;-0,0000;15,9173;28,2820;26,7633;-17,4417;8;0;50,000
0,9155;25,7207;37,7824;-41,0628;-115,9169;38,3347;40,4548;140,1364;420,000;-60,000;45,770;200,000;-0,3055;31,9808;-0,0000;-0,9372;45,5624;-13,9545;-35,3519;5,1790;9,5782;0,0000;15,9181;28,1655;26,8017;-17,3180;8;0;50,000
0,9175;25,7201;37,8487;-41,0628;-115,9188;38,4291;40,4260;140,0631;420,000;-60,000;45,356;200,000;-0,2947;32,0006;0,0000;-0,9043;45,6206;-13,8990;-35,3876;5,1802;9,5478;0,0000;15,9189;28,0480;26,8397;-17,1934;8;0;50,000
0,9196;25,7195;37,9150;-41,0628;-115,9206;38,5237;40,3973;139,9898;420,000;-60,000;44,942;200,000;-0,2840;32,0203;-0,0000;-0,8713;45,6786;-13,8433;-35,4231;5,1814;9,5175;0,0000;15,9197;27,9297;26,8774;-17,0678;8;0;50,000
0,9217;25,7189;37,9813;-41,0628;-115,9224;38,6183;40,3687;139,9164;420,000;-60,000;44,527;200,000;-0,2733;32,0400;0,0000;-0,8383;45,7363;-13,7876;-35,4583;5,1825;9,4871;0,0000;15,9204;27,8104;26,9148;-16,9415;8;0;50,000
0,9237;25,7184;38,0477;-41,0628;-115,9241;38,7131;40,3402;139,8429;420,000;-60,000;44,113;200,000;-0,2625;32,0596;0,0000;-0,8053;45,7938;-13,7319;-35,4933;5,1836;9,4567;-0,0000;15,9211;27,6902;26,9518;-16,8142;8;0;50,000
0,9258;25,7179;38,1141;-41,0628;-115,9258;38,8080;40,3118;139,7694;420,000;-60,000;43,699;200,000;-0,2518;32,0792;-0,0000;-0,7724;45,8510;-13,6760;-35,5280;5,1846;9,4262;0,0000;15,9217;27,5691;26,9885;-16,6861;8;0;50,000
0,9279;25,7173;38,1806;-41,0628;-115,9273;38,9031;40,2835;139,6958;420,000;-60,000;43,285;200,000;-0,2411;32,0987;0,0000;-0,7394;45,9080;-13,6201;-35,5624;5,1856;9,3957;0,0000;15,9224;27,4471;27,0248;-16,5571;8;0;50,000
0,9300;25,7169;38,2471;-41,0628;-115,9288;38,9982;40,2554;139,6221;420,000;-60,000;42,871;200,000;-0,2303;32,1181;-0,0000;-0,7064;45,9647;-13,5640;-35,5966;5,1866;9,3652;0,0000;15,9230;27,3242;27,0608;-16,4273;8;0;50,000
0,9320;25,7164;38,3136;-41,0628;-115,9302;39,0935;40,2273;139,5483;420,000;-60,000;42,456;200,000;-0,2196;32,1375;0,0000;-0,6734;46,0212;-13,5080;-35,6305;5,1875;9,3347;0,0000;15,9235;27,2004;27,0964;-16,2966;8;0;50,000
0,9341;25,7159;38,3802;-41,0628;-115,9316;39,1888;40,1994;139,4745;420,000;-60,000;42,042;200,000;-0,2088;32,1568;0,0000;-0,6405;46,0774;-13,4518;-35,6641;5,1883;9,3041;-0,0000;15,9241;27,0756;27,1317;-16,1650;8;0;50,000
0,9362;25,7155;38,4468;-41,0628;-115,9329;39,2843;40,1716;139,4006;420,000;-60,000;41,628;200,000;-0,1981;32,1760;-0,0000;-0,6075;46,1333;-13,3956;-35,6974;5,1891;9,2735;0,0000;15,9246;26,9500;27,1666;-16,0326;8;0;50,000
0,9382;25,7151;38,5135;-41,0628;-115,9341;39,3799;40,1439;139,3266;420,000;-60,000;41,214;200,000;-0,1873;32,1952;0,0000;-0,5745;46,1890;-13,3393;-35,7305;5,1899;9,2429;0,0000;15,9251;26,8234;27,2012;-15,8993;8;0;50,000
0,9403;25,7148;38,5802;-41,0628;-115,9353;39,4757;40,1163;139,2526;420,000;-60,000;40,799;200,000;-0,1766;32,2143;0,0000;-0,5415;46,2445;-13,2829;-35,7633;5,1906;9,2122;-0,0000;15,9256;26,6960;27,2354;-15,7652;8;0;50,000
0,9424;25,7144;38,6469;-41,0628;-115,9364;39,5715;40,0889;139,1785;420,000;-60,000;40,385;200,000;-0,1658;32,2334;-0,0000;-0,5085;46,2996;-13,2265;-35,7958;5,1913;9,1815;0,0000;15,9260;26,5677;27,2693;-15,6302;8;0;50,000
0,9445;25,7141;38,7137;-41,0628;-115,9374;39,6674;40,0616;139,1043;420,000;-60,000;39,971;200,000;-0,1551;32,2523;0,0000;-0,4755;46,3545;-13,1699;-35,8280;5,1920;9,1508;0,0000;15,9264;26,4384;27,3027;-15,4944;8;0;50,000
0,9465;25,7138;38,7805;-41,0628;-115,9383;39,7635;40,0343;139,0300;420,000;-60,000;39,557;200,000;-0,1443;32,2713;-0,0000;-0,4425;46,4091;-13,1134;-35,8600;5,1926;9,1200;0,0000;15,9268;26,3083;27,3359;-15,3577;8;0;50,000
0,9486;25,7135;38,8474;-41,0628;-115,9392;39,8597;40,0072;138,9557;420,000;-60,000;39,142;200,000;-0,1336;32,2901;0,0000;-0,4096;46,4635;-13,0567;-35,8916;5,1931;9,0893;0,0000;15,9272;26,1773;27,3686;-15,2202;8;0;50,000
0,9507;25,7132;38,9143;-41,0628;-115,9400;39,9560;39,9802;138,8814;420,000;-60,000;38,728;200,000;-0,1228;32,3089;0,0000;-0,3766;46,5176;-13,0000;-35,9230;5,1936;9,0585;-0,0000;15,9275;26,0454;27,4010;-15,0819;8;0;50,000
0,9527;25,7130;38,9812;-41,0628;-115,9408;40,0524;39,9534;138,8069;420,000;-60,000;38,314;200,000;-0,1121;32,3277;-0,0000;-0,3436;46,5714;-12,9432;-35,9541;5,1941;9,0276;0,0000;15,9278;25,9126;27,4330;-14,9427;8;0;50,000
0,9548;25,7127;39,0482;-41,0628;-115,9415;40,1489;39,9266;138,7324;420,000;-60,000;37,900;200,000;-0,1013;32,3463;0,0000;-0,3106;46,6249;-12,8863;-35,9849;5,1945;8,9968;0,0000;15,9281;25,7789;27,4646;-14,8026;8;0;50,000
0,9569;25,7125;39,1152;-41,0628;-115,9421;40,2455;39,9000;138,6579;420,000;-60,000;37,485;200,000;-0,0906;32,3649;0,0000;-0,2776;46,6782;-12,8294;-36,0154;5,1949;8,9659;-0,0000;15,9283;25,6443;27,4959;-14,6618;8;0;50,000
0,9590;25,7124;39,1823;-41,0628;-115,9426;40,3422;39,8735;138,5832;420,000;-60,000;37,071;200,000;-0,0798;32,3835;-0,0000;-0,2446;46,7311;-12,7725;-36,0457;5,1953;8,9350;0,0000;15,9286;25,5089;27,5267;-14,5201;8;0;50,000
0,9610;25,7122;39,2494;-41,0628;-115,9431;40,4391;39,8471;138,5086;420,000;-60,000;36,657;200,000;-0,0690;32,4019;0,0000;-0,2116;46,7838;-12,7154;-36,0756;5,1956;8,9041;0,0000;15,9287;25,3726;27,5572;-14,3776;8;0;50,000
0,9631;25,7121;39,3165;-41,0628;-115,9435;40,5360;39,8208;138,4338;420,000;-60,000;36,243;200,000;-0,0583;32,4203;-0,0000;-0,1786;46,8362;-12,6583;-36,1052;5,1958;8,8731;0,0000;15,9289;25,2354;27,5873;-14,2342;8;0;50,000
0,9652;25,7120;39,3837;-41,0628;-115,9438;40,6331;39,7947;138,3590;420,000;-60,000;35,829;200,000;-0,0475;32,4387;0,0000;-0,1456;46,8884;-12,6011;-36,1345;5,1960;8,8421;0,0000;15,9290;25,0973;27,6171;-14,0901;8;0;50,000
0,9672;25,7119;39,4509;-41,0628;-115,9441;40,7303;39,7686;138,2841;420,000;-60,000;35,414;200,000;-0,0367;32,4570;0,0000;-0,1126;46,9402;-12,5439;-36,1636;5,1962;8,8111;-0,0000;15,9292;24,9584;27,6464;-13,9451;8;0;50,000
0,9693;25,7118;39,5181;-41,0628;-115,9443;40,8275;39,7427;138,2092;420,000;-60,000;35,000;200,000;-0,0260;32,4752;-0,0000;-0,0797;46,9917;-12,4866;-36,1923;5,1963;8,7801;0,0000;15,9292;24,8186;27,6753;-13,7993;8;0;50,000
0,9714;25,7118;39,5854;-41,0628;-115,9444;40,9249;39,7169;138,1342;420,000;-60,000;34,586;200,000;-0,0152;32,4933;0,0000;-0,0467;47,0430;-12,4293;-36,2207;5,1964;8,7490;0,0000;15,9293;24,6780;27,7039;-13,6527;8;0;50,000
0,9734;25,7117;39,6527;-41,0628;-115,9445;41,0224;39,6912;138,0592;420,000;-60,000;34,172;200,000;-0,0045;32,5114;0,0000;-0,0137;47,0940;-12,3719;-36,2489;5,1965;8,7179;-0,0000;15,9293;24,5365;27,7320;-13,5053;8;0;50,000
0,9755;25,7118;39,7201;-41,0628;-115,9445;41,1200;39,6656;137,9841;420,000;-60,000;33,757;200,000;0,0063;32,5294;-0,0000;0,0193;47,1446;-12,3144;-36,2767;5,1965;8,6868;0,0000;15,9293;24,3941;27,7598;-13,3571;8;0;50,000
0,9776;25,7118;39,7875;-41,0628;-115,9444;41,2177;39,6402;137,9089;420,000;-60,000;33,343;200,000;0,0171;32,5474;0,0000;0,0523;47,1950;-12,2569;-36,3042;5,1964;8,6557;0,0000;15,9293;24,2509;27,7872;-13,2081;8;0;50,000
0,9797;25,7118;39,8549;-41,0628;-115,9443;41,3155;39,6149;137,8337;420,000;-60,000;32,929;200,000;0,0278;32,5653;-0,0000;0,0853;47,2451;-12,1993;-36,3314;5,1963;8,6246;0,0000;15,9292;24,1069;27,8141;-13,0583;8;0;50,000
0,9817;25,7119;39,9223;-41,0628;-115,9440;41,4134;39,5897;137,7584;420,000;-60,000;32,515;200,000;0,0386;32,5831;0,0000;0,1183;47,2949;-12,1416;-36,3583;5,1962;8,5934;0,0000;15,9291;23,9620;27,8407;-12,9077;8;0;50,000
0,9838;25,7120;39,9899;-41,0628;-115,9438;41,5114;39,5646;137,6831;420,000;-60,000;32,100;200,000;0,0494;32,6009;0,0000;0,1513;47,3444;-12,0840;-36,3849;5,1960;8,5622;-0,0000;15,9290;23,8162;27,8668;-12,7563;8;0;50,000
0,9859;25,7121;40,0574;-41,0628;-115,9434;41,6095;39,5396;137,6077;420,000;-60,000;31,686;200,000;0,0601;32,6186;-0,0000;0,1843;47,3935;-12,0262;-36,4111;5,1958;8,5310;0,0000;15,9289;23,6697;27,8926;-12,6041;8;0;50,000
0,9879;25,7122;40,1250;-41,0628;-115,9430;41,7077;39,5148;137,5322;420,000;-60,000;31,272;200,000;0,0709;32,6362;0,0000;0,2173;47,4424;-11,9684;-36,4371;5,1955;8,4997;0,0000;15,9287;23,5223;27,9179;-12,4512;8;0;50,000
0,9900;25,7124;40,1926;-41,0628;-115,9425;41,8060;39,4900;137,4567;420,000;-60,000;30,858;200,000;0,0816;32,6538;0,0000;0,2503;47,4910;-11,9106;-36,4627;5,1952;8,4684;-0,0000;15,9285;23,3740;27,9428;-12,2975;8;0;50,000
0,9921;25,7126;40,2602;-41,0628;-115,9420;41,9045;39,4654;137,3812;420,000;-60,000;30,444;200,000;0,0924;32,6713;-0,0000;0,2833;47,5392;-11,8527;-36,4880;5,1949;8,4372;0,0000;15,9283;23,2250;27,9674;-12,1430;8;0;50,000
0,9942;25,7128;40,3279;-41,0628;-115,9413;42,0030;39,4409;137,3056;420,000;-60,000;30,029;200,000;0,1032;32,6888;0,0000;0,3162;47,5872;-11,7947;-36,5130;5,1945;8,4058;0,0000;15,9280;23,0751;27,9915;-11,9877;8;0;50,000
0,9962;25,7130;40,3956;-41,0628;-115,9407;42,1016;39,4166;137,2299;420,000;-60,000;29,615;200,000;0,1139;32,7061;-0,0000;0,3492;47,6348;-11,7367;-36,5377;5,1940;8,3745;-0,0000;15,9278;22,9245;28,0151;-11,8317;8;0;50,000
0,9983;25,7132;40,4634;-41,0628;-115,9399;42,2003;39,3923;137,1542;420,000;-60,000;29,201;200,000;0,1247;32,7235;0,0000;0,3822;47,6821;-11,6787;-36,5620;5,1936;8,3432;0,0000;15,9275;22,7730;28,0384;-11,6749;8;0;50,000
1,0004;25,7135;40,5312;-41,0628;-115,9391;42,2991;39,3682;137,0785;420,000;-60,000;28,787;200,000;0,1354;32,7407;0,0000;0,4152;47,7291;-11,6206;-36,5860;5,1930;8,3118;0,0000;15,9271;22,6207;28,0613;-11,5173;8;0;50,000
1,0024;25,7138;40,5990;-41,0628;-115,9382;42,3980;39,3442;137,0027;420,000;-60,000;28,372;200,000;0,1462;32,7579;0,0000;0,4482;47,7758;-11,5624;-36,6097;5,1925;8,2804;-0,0000;15,9268;22,4676;28,0837;-11,3590;8;0;50,000
1,0045;25,7141;40,6669;-41,0628;-115,9372;42,4970;39,3203;136,9268;420,000;-60,000;27,958;200,000;0,1569;32,7750;0,0000;0,4812;47,8222;-11,5042;-36,6331;5,1919;8,2490;0,0000;15,9264;22,3137;28,1057;-11,2000;8;0;50,000
1,0066;25,7145;40,7348;-41,0628;-115,9362;42,5961;39,2965;136,8509;420,000;-60,000;27,544;200,000;0,1677;32,7921;0,0000;0,5142;47,8683;-11,4460;-36,6561;5,1912;8,2175;0,0000;15,9260;22,1590;28,1272;-11,0402;8;0;50,000
1,0087;25,7148;40,8027;-41,0628;-115,9351;42,6953;39,2729;136,7750;420,000;-60,000;27,130;200,000;0,1784;32,8090;0,0000;0,5472;47,9140;-11,3877;-36,6788;5,1905;8,1861;0,0000;15,9255;22,0035;28,1484;-10,8797;8;0;50,000
1,0107;25,7152;40,8707;-41,0628;-115,9339;42,7946;39,2494;136,6990;420,000;-60,000;26,715;200,000;0,1892;32,8260;0,0000;0,5801;47,9594;-11,3294;-36,7012;5,1898;8,1546;0,0000;15,9250;21,8472;28,1691;-10,7184;8;0;50,000
1,0128;25,7156;40,9387;-41,0628;-115,9327;42,8939;39,2260;136,6230;420,000;-60,000;26,301;200,000;0,1999;32,8428;0,0000;0,6131;48,0045;-11,2710;-36,7232;5,1890;8,1231;0,0000;15,9245;21,6902;28,1894;-10,5564;8;0;50,000
1,0149;25,7160;41,0067;-41,0628;-115,9314;42,9934;39,2027;136,5469;420,000;-60,000;25,887;200,000;0,2107;32,8596;0,0000;0,6461;48,0493;-11,2126;-36,7449;5,1882;8,0916;0,0000;15,9240;21,5324;28,2092;-10,3937;8;0;50,000
1,0169;25,7165;41,0748;-41,0628;-115,9300;43,0930;39,1795;136,4708;420,000;-60,000;25,473;200,000;0,2214;32,8763;0,0000;0,6791;48,0937;-11,1542;-36,7663;5,1873;8,0601;0,0000;15,9234;21,3738;28,2286;-10,2303;8;0;50,000
1,0190;25,7169;41,1429;-41,0628;-115,9286;43,1926;39,1565;136,3946;420,000;-60,000;25,058;200,000;0,2322;32,8930;0,0000;0,7121;48,1378;-11,0957;-36,7873;5,1864;8,0285;0,0000;15,9229;21,2144;28,2476;-10,0662;8;0;50,000
1,0211;25,7174;41,2111;-41,0628;-115,9271;43,2924;39,1335;136,3184;420,000;-60,000;24,644;200,000;0,2429;32,9096;0,0000;0,7450;48,1816;-11,0372;-36,8080;5,1854;7,9970;0,0000;15,9223;21,0543;28,2662;-9,9014;8;0;50,000
1,0232;25,7179;41,2792;-41,0628;-115,9255;43,3922;39,1107;136,2421;420,000;-60,000;24,230;200,000;0,2537;32,9261;0,0000;0,7780;48,2250;-10,9786;-36,8283;5,1845;7,9654;0,0000;15,9216;20,8934;28,2843;-9,7358;8;0;50,000
1,0252;25,7185;41,3475;-41,0628;-115,9238;43,4922;39,0881;136,1658;420,000;-60,000;23,816;200,000;0,2644;32,9426;0,0000;0,8110;48,2681;-10,9200;-36,8483;5,1834;7,9338;0,0000;15,9209;20,7318;28,3019;-9,5696;8;0;50,000
1,0273;25,7190;41,4157;-41,0628;-115,9221;43,5922;39,0655;136,0895;420,000;-60,000;23,402;200,000;0,2751;32,9590;0,0000;0,8440;48,3109;-10,8614;-36,8679;5,1823;7,9022;0,0000;15,9203;20,5695;28,3191;-9,4027;8;0;50,000
1,0294;25,7196;41,4840;-41,0628;-115,9203;43,6923;39,0431;136,0131;420,000;-60,000;22,987;200,000;0,2859;32,9753;0,0000;0,8769;48,3533;-10,8027;-36,8872;5,1812;7,8706;0,0000;15,9195;20,4064;28,3359;-9,2350;8;0;50,000
1,0314;25,7202;41,5523;-41,0628;-115,9185;43,7925;39,0208;135,9367;420,000;-60,000;22,573;200,000;0,2966;32,9916;0,0000;0,9099;48,3954;-10,7440;-36,9062;5,1800;7,8389;0,0000;15,9188;20,2425;28,3522;-9,0668;8;0;50,000
1,0335;25,7209;41,6206;-41,0628;-115,9166;43,8927;38,9986;135,8602;420,000;-60,000;22,159;200,000;0,3073;33,0078;0,0000;0,9429;48,4372;-10,6853;-36,9248;5,1788;7,8072;0,0000;15,9180;20,0780;28,3681;-8,8978;8;0;50,000
1,0356;25,7215;41,6890;-41,0628;-115,9146;43,9931;38,9765;135,7837;420,000;-60,000;21,745;200,000;0,3180;33,0239;0,0000;0,9759;48,4786;-10,6265;-36,9431;5,1776;7,7756;0,0000;15,9172;19,9127;28,3835;-8,7282;8;0;50,000
1,0377;25,7222;41,7574;-41,0628;-115,9125;44,0936;38,9546;135,7072;420,000;-60,000;21,330;200,000;0,3288;33,0400;0,0000;1,0088;48,5197;-10,5677;-36,9610;5,1763;7,7439;0,0000;15,9164;19,7467;28,3985;-8,5579;8;0;50,000
1,0397;25,7229;41,8259;-41,0628;-115,9104;44,1941;38,9327;135,6306;420,000;-60,000;20,916;200,000;0,3395;33,0560;0,0000;1,0418;48,5604;-10,5089;-36,9785;5,1749;7,7121;0,0000;15,9155;19,5800;28,4130;-8,3869;8;0;50,000
1,0418;25,7236;41,8944;-41,0628;-115,9082;44,2947;38,9110;135,5540;420,000;-60,000;20,502;200,000;0,3502;33,0719;0,0000;1,0747;48,6008;-10,4500;-36,9957;5,0292;-5,1771;0,0000;15,4716;0,5050;32,4401;6,1669;8;0;50,000
1,0439;25,7243;41,9629;-41,0628;-115,9059;44,3954;38,8894;135,4774;420,000;-60,000;20,088;200,000;0,3603;33,0346;0,0000;1,1059;48,5625;-10,3745;-36,9530;4,4081;-58,5500;0,0000;13,5684;-78,1361;48,9758;66,0026;8;0;50,000
1,0459;25,7251;42,0312;-41,0628;-115,9036;44,4959;38,8680;135,4009;420,000;-60,000;19,675;199,356;0,3685;32,8294;0,0000;1,1310;48,2771;-10,2471;-36,7223;3,5505;-127,6762;0,0000;10,9390;-180,0341;70,0665;143,4504;8;0;50,000
1,0480;25,7258;42,0989;-41,0628;-115,9013;44,5954;38,8470;135,3253;420,000;-60,000;19,266;197,332;0,3750;32,5057;0,0000;1,1512;47,8167;-10,0842;-36,3587;3,0794;-157,3602;0,0000;9,4953;-224,0133;78,5046;176,7668;8;0;50,000
1,0501;25,7266;42,1659;-41,0628;-115,8989;44,6939;38,8263;135,2503;420,000;-60,000;18,862;195,261;0,3812;32,1776;0,0000;1,1703;47,3492;-9,9219;-35,9901;2,9111;-158,5461;0,0000;8,9807;-226,1050;77,9434;178,1965;8;0;50,000
1,0522;25,7274;42,2322;-41,0628;-115,8964;44,7915;38,8059;135,1762;420,000;-60,000;18,462;193,189;0,3871;31,8489;0,0000;1,1884;46,8801;-9,7614;-35,6206;2,7546;-158,8010;0,0000;8,5023;-226,8190;77,0993;178,5775;8;0;50,000
1,0542;25,7282;42,2978;-41,0628;-115,8939;44,8881;38,7858;135,1028;420,000;-60,000;18,066;191,118;0,3926;31,5198;0,0000;1,2055;46,4096;-9,6026;-35,2503;2,5998;-159,0517;0,0000;8,0291;-227,5178;76,2632;178,9466;8;0;50,000
1,0563;25,7290;42,3627;-41,0628;-115,8914;44,9838;38,7661;135,0302;420,000;-60,000;17,674;189,047;0,3978;31,1901;0,0000;1,2216;45,9377;-9,4455;-34,8793;2,4468;-159,2982;0,0000;7,5610;-228,2016;75,4353;179,3040;8;0;50,000
1,0584;25,7299;42,4270;-41,0628;-115,8889;45,0784;38,7467;134,9583;420,000;-60,000;17,287;186,976;0,4028;30,8599;0,0000;1,2368;45,4643;-9,2901;-34,5076;2,2954;-159,5406;0,0000;7,0981;-228,8705;74,6157;179,6500;8;0;50,000
1,0604;25,7307;42,4906;-41,0628;-115,8863;45,1721;38,7276;134,8872;420,000;-60,000;16,904;184,905;0,4074;30,5292;0,0000;1,2510;44,9896;-9,1364;-34,1352;2,1458;-159,7788;0,0000;6,6404;-229,5248;73,8043;179,9847;8;0;50,000
1,0625;25,7316;42,5535;-41,0628;-115,8837;45,2648;38,7089;134,8169;420,000;-60,000;16,525;182,834;0,4116;30,1980;0,0000;1,2643;44,5135;-8,9844;-33,7620;1,9979;-160,0131;0,0000;6,1878;-230,1647;73,0013;180,3083;8;0;50,000
1,0646;25,7324;42,6157;-41,0628;-115,8811;45,3565;38,6904;134,7474;420,000;-60,000;16,151;180,762;0,4156;29,8664;0,0000;1,2767;44,0362;-8,8340;-33,3883;1,8517;-160,2433;0,0000;5,7403;-230,7904;72,2066;180,6212;8;0;50,000
1,0667;25,7333;42,6772;-41,0628;-115,8784;45,4472;38,6723;134,6786;420,000;-60,000;15,781;178,691;0,4193;29,5343;0,0000;1,2881;43,5575;-8,6853;-33,0139;1,7073;-160,4696;0,0000;5,2980;-231,4020;71,4203;180,9234;8;0;50,000
1,0687;25,7342;42,7380;-41,0628;-115,8757;45,5369;38,6544;134,6106;420,000;-60,000;15,415;176,620;0,4227;29,2017;0,0000;1,2986;43,0776;-8,5381;-32,6388;1,5646;-160,6919;0,0000;4,8609;-231,9999;70,6426;181,2152;8;0;50,000
1,0708;25,7350;42,7981;-41,0628;-115,8730;45,6256;38,6369;134,5434;420,000;-60,000;15,053;174,549;0,4258;28,8686;0,0000;1,3082;42,5965;-8,3926;-32,2632;1,4236;-160,9104;0,0000;4,4289;-232,5841;69,8733;181,4968;8;0;50,000
1,0729;25,7359;42,8576;-41,0628;-115,8703;45,7134;38,6197;134,4770;420,000;-60,000;14,696;172,478;0,4286;28,5351;0,0000;1,3170;42,1142;-8,2487;-31,8870;1,2843;-161,1251;0,0000;4,0021;-233,1549;69,1126;181,7684;8;0;50,000
1,0749;25,7368;42,9163;-41,0628;-115,8676;45,8001;38,6027;134,4113;420,000;-60,000;14,343;170,407;0,4311;28,2012;0,0000;1,3248;41,6307;-8,1063;-31,5103;1,1468;-161,3360;0,0000;3,5805;-233,7124;68,3605;182,0302;8;0;50,000
1,0770;25,7377;42,9744;-41,0628;-115,8648;45,8858;38,5861;134,3464;420,000;-60,000;13,995;168,335;0,4334;27,8668;0,0000;1,3318;41,1461;-7,9655;-31,1330;1,0110;-161,5431;0,0000;3,1640;-234,2570;67,6171;182,2824;8;0;50,000
1,0791;25,7386;43,0318;-41,0628;-115,8621;45,9705;38,5697;134,2823;420,000;-60,000;13,650;166,264;0,4353;27,5320;0,0000;1,3379;40,6603;-7,8262;-30,7552;0,8769;-161,7466;0,0000;2,7526;-234,7887;66,8823;182,5253;8;0;50,000
1,0811;25,7395;43,0884;-41,0628;-115,8593;46,0542;38,5537;134,2190;420,000;-60,000;13,310;164,193;0,4370;27,1968;0,0000;1,3432;40,1735;-7,6885;-30,3769;0,7445;-161,9464;0,0000;2,3465;-235,3078;66,1563;182,7590;8;0;50,000
1,0832;25,7404;43,1444;-41,0628;-115,8565;46,1369;38,5379;134,1565;420,000;-60,000;12,974;162,122;0,4384;26,8612;0,0000;1,3476;39,6856;-7,5522;-29,9981;0,6138;-162,1426;0,0000;1,9455;-235,8145;65,4390;182,9838;8;0;50,000
1,0853;25,7413;43,1997;-41,0628;-115,8537;46,2186;38,5224;134,0948;420,000;-60,000;12,643;160,051;0,4395;26,5252;0,0000;1,3513;39,1967;-7,4174;-29,6189;0,4849;-162,3353;0,0000;1,5496;-236,3090;64,7305;183,1998;8;0;50,000
1,0874;25,7422;43,2543;-41,0628;-115,8509;46,2993;38,5072;134,0338;420,000;-60,000;12,316;157,979;0,4404;26,1887;0,0000;1,3541;38,7067;-7,2841;-29,2393;0,3577;-162,5244;0,0000;1,1589;-236,7915;64,0308;183,4073;8;0;50,000
1,0894;25,7431;43,3082;-41,0628;-115,8481;46,3790;38,4922;133,9737;420,000;-60,000;11,993;155,908;0,4410;25,8519;0,0000;1,3561;38,2158;-7,1522;-28,8592;0,2323;-162,7100;0,0000;0,7734;-237,2621;63,3399;183,6064;8;0;50,000
1,0915;25,7441;43,3614;-41,0628;-115,8453;46,4576;38,4775;133,9143;420,000;-60,000;11,674;153,837;0,4414;25,5147;0,0000;1,3573;37,7239;-7,0217;-28,4787;0,1085;-162,8921;0,0000;0,3930;-237,7211;62,6579;183,7975;8;0;50,000
1,0936;25,7450;43,4139;-41,0628;-115,8425;46,5352;38,4631;133,8557;420,000;-60,000;11,360;151,766;0,4415;25,1772;0,0000;1,3577;37,2311;-6,8926;-28,0978;-0,0135;-163,0709;0,0000;0,0178;-238,1687;61,9849;183,9805;8;0;50,000
1,0956;25,7459;43,4657;-41,0628;-115,8396;46,6118;38,4490;133,7979;420,000;-60,000;11,050;149,695;0,4413;24,8392;0,0000;1,3573;36,7373;-6,7649;-27,7166;-0,1338;-163,2463;0,0000;-0,3523;-238,6051;61,3207;184,1559;8;0;50,000
1,0977;25,7468;43,5168;-41,0628;-115,8368;46,6874;38,4351;133,7409;420,000;-60,000;10,744;147,624;0,4409;24,5010;0,0000;1,3562;36,2427;-6,6386;-27,3350;-0,2524;-163,4183;0,0000;-0,7172;-239,0304;60,6655;184,3237;8;0;50,000
1,0998;25,7477;43,5672;-41,0628;-115,8340;46,7620;38,4215;133,6847;420,000;-60,000;10,443;145,552;0,4403;24,1623;0,0000;1,3544;35,7472;-6,5136;-26,9531;-0,3693;-163,5871;0,0000;-1,0770;-239,4448;60,0193;184,4842;8;0;50,000
1,1019;25,7486;43,6169;-41,0628;-115,8312;46,8355;38,4081;133,6292;420,000;-60,000;10,145;143,481;0,4394;23,8233;0,0000;1,3518;35,2508;-6,3900;-26,5708;-0,4845;-163,7526;0,0000;-1,4316;-239,8486;59,3821;184,6376;8;0;50,000
1,1039;25,7495;43,6659;-41,0628;-115,8284;46,9080;38,3950;133,5746;420,000;-60,000;9,853;141,410;0,4383;23,4840;0,0000;1,3484;34,7537;-6,2677;-26,1882;-0,5979;-163,9149;0,0000;-1,7810;-240,2420;58,7539;184,7840;8;0;50,000
1,1060;25,7504;43,7141;-41,0628;-115,8256;46,9795;38,3822;133,5207;420,000;-60,000;9,564;139,339;0,4369;23,1443;0,0000;1,3444;34,2557;-6,1466;-25,8054;-0,7096;-164,0740;0,0000;-2,1253;-240,6250;58,1348;184,9236;8;0;50,000
1,1081;25,7513;43,7617;-41,0628;-115,8229;47,0499;38,3696;133,4677;420,000;-60,000;9,280;137,268;0,4353;22,8043;0,0000;1,3396;33,7569;-6,0268;-25,4222;-0,8196;-164,2299;0,0000;-2,4645;-240,9980;57,5247;185,0567;8;0;50,000
1,1101;25,7522;43,8086;-41,0628;-115,8201;47,1193;38,3572;133,4154;420,000;-60,000;9,000;135,197;0,4335;22,4640;0,0000;1,3342;33,2574;-5,9083;-25,0388;-0,9279;-164,3827;0,0000;-2,7985;-241,3610;56,9237;185,1835;8;0;50,000
1,1122;25,7531;43,8548;-41,0628;-115,8173;47,1876;38,3451;133,3640;420,000;-60,000;8,724;133,125;0,4315;22,1234;0,0000;1,3280;32,7571;-5,7910;-24,6551;-1,0345;-164,5325;0,0000;-3,1273;-241,7143;56,3318;185,3040;8;0;50,000
1,1143;25,7540;43,9002;-41,0628;-115,8146;47,2550;38,3332;133,3133;420,000;-60,000;8,452;131,054;0,4292;21,7825;0,0000;1,3212;32,2561;-5,6750;-24,2712;-1,1394;-164,6792;0,0000;-3,4510;-242,0581;55,7490;185,4186;8;0;50,000
1,1164;25,7549;43,9450;-41,0628;-115,8119;47,3213;38,3216;133,2634;420,000;-60,000;8,185;128,983;0,4267;21,4413;0,0000;1,3138;31,7544;-5,5601;-23,8871;-1,2426;-164,8229;0,0000;-3,7696;-242,3925;55,1753;185,5273;8;0;50,000
1,1184;25,7558;43,9891;-41,0628;-115,8092;47,3865;38,3102;133,2144;420,000;-60,000;7,922;126,912;0,4241;21,0997;0,0000;1,3056;31,2521;-5,4464;-23,5027;-1,3440;-164,9636;0,0000;-4,0830;-242,7177;54,6108;185,6305;8;0;50,000
1,1205;25,7567;44,0324;-41,0628;-115,8065;47,4507;38,2990;133,1661;420,000;-60,000;7,664;124,841;0,4212;20,7579;0,0000;1,2968;30,7490;-5,3339;-23,1181;-1,4438;-165,1013;0,0000;-4,3913;-243,0339;54,0554;185,7281;8;0;50,000
1,1226;25,7575;44,0751;-41,0628;-115,8038;47,5139;38,2881;133,1186;420,000;-60,000;7,410;122,770;0,4181;20,4158;0,0000;1,2874;30,2453;-5,2225;-22,7333;-1,5419;-165,2362;0,0000;-4,6944;-243,3412;53,5091;185,8205;8;0;50,000
1,1246;25,7584;44,1170;-41,0628;-115,8011;47,5760;38,2774;133,0719;420,000;-60,000;7,160;120,698;0,4148;20,0735;0,0000;1,2774;29,7410;-5,1122;-22,3484;-1,6382;-165,3681;0,0000;-4,9924;-243,6399;52,9721;185,9078;8;0;50,000
1,1267;25,7593;44,1582;-41,0628;-115,7985;47,6371;38,2669;133,0260;420,000;-60,000;6,914;118,627;0,4113;19,7308;0,0000;1,2667;29,2361;-5,0031;-21,9632;-1,7329;-165,4973;0,0000;-5,2852;-243,9301;52,4442;185,9902;8;0;50,000
1,1288;25,7601;44,1987;-41,0628;-115,7959;47,6971;38,2567;132,9809;420,000;-60,000;6,673;116,556;0,4076;19,3879;0,0000;1,2555;28,7306;-4,8950;-21,5779;-1,8258;-165,6235;0,0000;-5,5729;-244,2120;51,9255;186,0679;8;0;50,000
1,1309;25,7610;44,2385;-41,0628;-115,7933;47,7561;38,2466;132,9366;420,000;-60,000;6,435;114,485;0,4037;19,0448;0,0000;1,2437;28,2245;-4,7880;-21,1925;-1,9171;-165,7470;0,0000;-5,8554;-244,4857;51,4160;186,1409;8;0;50,000
1,1329;25,7618;44,2776;-41,0628;-115,7907;47,8140;38,2368;132,8931;420,000;-60,000;6,203;112,414;0,3997;18,7013;0,0000;1,2312;27,7178;-4,6820;-20,8069;-2,0067;-165,8678;0,0000;-6,1328;-244,7514;50,9157;186,2096;8;0;50,000
1,1350;25,7626;44,3160;-41,0628;-115,7882;47,8709;38,2272;132,8505;420,000;-60,000;5,974;110,343;0,3954;18,3577;0,0000;1,2183;27,2106;-4,5771;-20,4211;-2,0946;-165,9858;0,0000;-6,4051;-245,0092;50,4246;186,2739;8;0;50,000
1,1371;25,7634;44,3536;-41,0628;-115,7857;47,9267;38,2179;132,8086;420,000;-60,000;5,750;108,271;0,3910;18,0138;0,0000;1,2047;26,7029;-4,4731;-20,0353;-2,1807;-166,1011;0,0000;-6,6723;-245,2594;49,9428;186,3342;8;0;50,000
1,1391;25,7642;44,3906;-41,0628;-115,7832;47,9815;38,2087;132,7675;420,000;-60,000;5,530;106,200;0,3864;17,6696;0,0000;1,1906;26,1947;-4,3702;-19,6493;-2,2653;-166,2137;0,0000;-6,9343;-245,5020;49,4701;186,3906;8;0;50,000
1,1412;25,7650;44,4268;-41,0628;-115,7807;48,0353;38,1998;132,7272;420,000;-60,000;5,314;104,129;0,3816;17,3253;0,0000;1,1760;25,6860;-4,2682;-19,2632;-2,3481;-166,3236;0,0000;-7,1911;-245,7373;49,0067;186,4432;8;0;50,000
1,1433;25,7658;44,4624;-41,0628;-115,7783;48,0879;38,1910;132,6877;420,000;-60,000;5,103;102,058;0,3767;16,9807;0,0000;1,1608;25,1768;-4,1672;-18,8770;-2,4292;-166,4310;0,0000;-7,4429;-245,9653;48,5525;186,4922;8;0;50,000
1,1454;25,7666;44,4972;-41,0628;-115,7759;48,1395;38,1825;132,6490;420,000;-60,000;4,896;99,987;0,3716;16,6358;0,0000;1,1452;24,6671;-4,0671;-18,4907;-2,5086;-166,5357;0,0000;-7,6895;-246,1863;48,1076;186,5377;8;0;50,000
1,1474;25,7673;44,5313;-41,0628;-115,7736;48,1901;38,1742;132,6111;420,000;-60,000;4,693;97,916;0,3663;16,2908;0,0000;1,1290;24,1570;-3,9679;-18,1043;-2,5864;-166,6379;0,0000;-7,9309;-246,4004;47,6719;186,5799;8;0;50,000
1,1495;25,7681;44,5647;-41,0628;-115,7713;48,2396;38,1661;132,5740;420,000;-60,000;4,494;95,844;0,3608;15,9456;0,0000;1,1123;23,6464;-3,8696;-17,7178;-2,6625;-166,7375;0,0000;-8,1673;-246,6076;47,2455;186,6189;8;0;50,000
1,1516;25,7688;44,5973;-41,0628;-115,7690;48,2881;38,1581;132,5377;420,000;-60,000;4,300;93,773;0,3552;15,6001;0,0000;1,0951;23,1355;-3,7722;-17,3312;-2,7369;-166,8346;0,0000;-8,3985;-246,8082;46,8283;186,6548;8;0;50,000
1,1536;25,7696;44,6293;-41,0628;-115,7667;48,3354;38,1504;132,5022;420,000;-60,000;4,110;91,702;0,3495;15,2545;0,0000;1,0775;22,6241;-3,6757;-16,9446;-2,8096;-166,9292;0,0000;-8,6246;-247,0024;46,4203;186,6879;8;0;50,000
1,1557;25,7703;44,6605;-41,0628;-115,7645;48,3818;38,1429;132,4675;420,000;-60,000;3,925;89,631;0,3436;14,9087;0,0000;1,0594;22,1123;-3,5799;-16,5579;-2,8807;-167,0213;0,0000;-8,8455;-247,1901;46,0216;186,7183;8;0;50,000
1,1578;25,7710;44,6910;-41,0628;-115,7623;48,4270;38,1356;132,4336;420,000;-60,000;3,743;87,560;0,3376;14,5626;0,0000;1,0409;21,6001;-3,4850;-16,1712;-2,9501;-167,1110;0,0000;-9,0614;-247,3716;45,6321;186,7460;8;0;50,000
1,1599;25,7717;44,7208;-41,0628;-115,7602;48,4712;38,1285;132,4005;420,000;-60,000;3,566;85,489;0,3314;14,2164;0,0000;1,0219;21,0876;-3,3909;-15,7844;-3,0178;-167,1983;0,0000;-9,2721;-247,5471;45,2519;186,7712;8;0;50,000
1,1619;25,7724;44,7499;-41,0628;-115,7581;48,5144;38,1216;132,3682;420,000;-60,000;3,393;83,417;0,3251;13,8700;0,0000;1,0025;20,5747;-3,2976;-15,3975;-3,0839;-167,2831;0,0000;-9,4777;-247,7165;44,8809;186,7941;8;0;50,000
1,1640;25,7730;44,7783;-41,0628;-115,7560;48,5565;38,1148;132,3367;420,000;-60,000;3,225;81,346;0,3186;13,5235;0,0000;0,9826;20,0615;-3,2050;-15,0106;-3,1482;-167,3656;0,0000;-9,6781;-247,8801;44,5192;186,8147;8;0;50,000
1,1661;25,7737;44,8059;-41,0628;-115,7540;48,5975;38,1083;132,3060;420,000;-60,000;3,061;79,275;0,3120;13,1768;0,0000;0,9624;19,5479;-3,1132;-14,6236;-3,2110;-167,4456;0,0000;-9,8735;-248,0380;44,1667;186,8333;8;0;50,000
1,1681;25,7743;44,8329;-41,0628;-115,7521;48,6374;38,1019;132,2761;420,000;-60,000;2,901;77,204;0,3053;12,8299;0,0000;0,9417;19,0340;-3,0220;-14,2367;-3,2720;-167,5234;0,0000;-10,0637;-248,1902;43,8235;186,8498;8;0;50,000
1,1702;25,7750;44,8591;-41,0628;-115,7501;48,6763;38,0958;132,2471;420,000;-60,000;2,745;75,133;0,2985;12,4828;0,0000;0,9207;18,5198;-2,9316;-13,8496;-3,3314;-167,5988;0,0000;-10,2488;-248,3370;43,4895;186,8645;8;0;50,000
1,1723;25,7756;44,8846;-41,0628;-115,7482;48,7142;38,0898;132,2188;420,000;-60,000;2,594;73,062;0,2915;12,1356;0,0000;0,8993;18,0053;-2,8419;-13,4626;-3,3891;-167,6719;0,0000;-10,4288;-248,4784;43,1648;186,8774;8;0;50,000
1,1744;25,7762;44,9094;-41,0628;-115,7464;48,7509;38,0840;132,1913;420,000;-60,000;2,447;70,990;0,2844;11,7883;0,0000;0,8775;17,4905;-2,7528;-13,0755;-3,4452;-167,7428;0,0000;-10,6037;-248,6145;42,8493;186,8887;8;0;50,000
1,1764;25,7767;44,9334;-41,0628;-115,7446;48,7866;38,0784;132,1646;420,000;-60,000;2,304;68,919;0,2772;11,4408;0,0000;0,8553;16,9755;-2,6644;-12,6885;-3,4996;-167,8114;0,0000;-10,7735;-248,7454;42,5431;186,8985;8;0;50,000
1,1785;25,7773;44,9568;-41,0628;-115,7429;48,8212;38,0730;132,1387;420,000;-60,000;2,166;66,848;0,2699;11,0931;0,0000;0,8329;16,4601;-2,5766;-12,3013;-3,5524;-167,8777;0,0000;-10,9381;-248,8713;42,2461;186,9068;8;0;50,000
1,1806;25,7779;44,9794;-41,0628;-115,7412;48,8548;38,0677;132,1137;420,000;-60,000;2,031;64,777;0,2625;10,7454;0,0000;0,8100;15,9446;-2,4894;-11,9142;-3,6035;-167,9418;0,0000;-11,0977;-248,9922;41,9583;186,9138;8;0;50,000
1,1826;25,7784;45,0013;-41,0628;-115,7395;48,8873;38,0626;132,0894;420,000;-60,000;1,902;62,706;0,2550;10,3975;0,0000;0,7869;15,4287;-2,4028;-11,5271;-3,6530;-168,0036;0,0000;-11,2521;-249,1083;41,6798;186,9196;8;0;50,000
1,1847;25,7789;45,0224;-41,0628;-115,7379;48,9187;38,0578;132,0659;420,000;-60,000;1,776;60,635;0,2474;10,0494;0,0000;0,7634;14,9127;-2,3167;-11,1399;-3,7008;-168,0633;0,0000;-11,4014;-249,2196;41,4105;186,9243;8;0;50,000
1,1868;25,7794;45,0429;-41,0628;-115,7363;48,9491;38,0530;132,0432;420,000;-60,000;1,655;58,563;0,2397;9,7013;0,0000;0,7397;14,3964;-2,2312;-10,7528;-3,7470;-168,1208;0,0000;-11,5456;-249,3263;41,1504;186,9279;8;0;50,000
1,1889;25,7799;45,0626;-41,0628;-115,7348;48,9783;38,0485;132,0214;420,000;-60,000;1,538;56,492;0,2319;9,3530;0,0000;0,7156;13,8799;-2,1463;-10,3656;-3,7915;-168,1761;0,0000;-11,6847;-249,4283;40,8996;186,9306;8;0;50,000
1,1909;25,7804;45,0816;-41,0628;-115,7334;49,0066;38,0442;132,0003;420,000;-60,000;1,425;54,421;0,2240;9,0046;0,0000;0,6913;13,3632;-2,0618;-9,9785;-3,8344;-168,2293;0,0000;-11,8187;-249,5259;40,6580;186,9324;8;0;50,000
1,1930;25,7808;45,0999;-41,0628;-115,7320;49,0337;38,0400;131,9800;420,000;-60,000;1,317;52,350;0,2160;8,6562;0,0000;0,6666;12,8463;-1,9779;-9,5913;-3,8756;-168,2803;0,0000;-11,9476;-249,6191;40,4256;186,9335;8;0;50,000
1,1951;25,7813;45,1175;-41,0628;-115,7306;49,0598;38,0360;131,9606;420,000;-60,000;1,212;50,279;0,2079;8,3076;0,0000;0,6418;12,3292;-1,8944;-9,2041;-3,9152;-168,3292;0,0000;-12,0713;-249,7079;40,2024;186,9339;8;0;50,000
1,1971;25,7817;45,1343;-41,0628;-115,7293;49,0848;38,0321;131,9419;420,000;-60,000;1,113;48,208;0,1998;7,9589;0,0000;0,6166;11,8119;-1,8113;-8,8169;-3,9531;-168,3760;0,0000;-12,1900;-249,7925;39,9884;186,9336;8;0;50,000
1,1992;25,7821;45,1505;-41,0628;-115,7281;49,1087;38,0285;131,9240;420,000;-60,000;1,017;46,136;0,1915;7,6101;0,0000;0,5913;11,2944;-1,7287;-8,4298;-3,9895;-168,4207;0,0000;-12,3036;-249,8729;39,7837;186,9328;8;0;50,000
1,2013;25,7825;45,1659;-41,0628;-115,7269;49,1316;38,0250;131,9070;420,000;-60,000;0,926;44,065;0,1832;7,2612;0,0000;0,5657;10,7768;-1,6465;-8,0426;-4,0241;-168,4633;0,0000;-12,4120;-249,9492;39,5882;186,9316;8;0;50,000
1,2033;25,7829;45,1805;-41,0628;-115,7257;49,1533;38,0216;131,8907;420,000;-60,000;0,839;41,994;0,1749;6,9123;0,0000;0,5399;10,2591;-1,5647;-7,6554;-4,0572;-168,5038;0,0000;-12,5154;-250,0215;39,4019;186,9300;8;0;50,000
1,2054;25,7832;45,1945;-41,0628;-115,7246;49,1741;38,0185;131,8753;420,000;-60,000;0,756;39,923;0,1664;6,5632;0,0000;0,5138;9,7412;-1,4833;-7,2683;-4,0886;-168,5423;0,0000;-12,6137;-250,0898;39,2248;186,9280;8;0;50,000
1,2075;25,7836;45,2077;-41,0628;-115,7236;49,1937;38,0155;131,8606;420,000;-60,000;0,678;37,852;0,1579;6,2141;0,0000;0,4876;9,2231;-1,4023;-6,8811;-4,1183;-168,5787;0,0000;-12,7068;-250,1542;39,0569;186,9257;8;0;50,000
1,2096;25,7839;45,2202;-41,0628;-115,7226;49,2123;38,0127;131,8468;420,000;-60,000;0,604;35,781;0,1494;5,8649;0,0000;0,4612;8,7049;-1,3215;-6,4940;-4,1464;-168,6130;0,0000;-12,7949;-250,2147;38,8982;186,9233;8;0;50,000
1,2116;25,7842;45,2320;-41,0628;-115,7217;49,2298;38,0100;131,8337;420,000;-60,000;0,534;33,709;0,1408;5,5157;0,0000;0,4346;8,1866;-1,2411;-6,1068;-4,1552;-168,6492;0,0000;-12,8863;-250,3121;38,6922;186,9753;8;0;50,000
1,2137;25,7845;45,2431;-41,0628;-115,7208;49,2462;38,0075;131,8215;420,000;-60,000;0,468;31,638;0,1322;5,1663;0,0000;0,4078;7,6681;-1,1613;-5,7195;-4,1978;-168,6757;0,0000;-12,9557;-250,3244;38,6084;186,9179;8;0;50,000
1,2158;25,7847;45,2534;-41,0628;-115,7200;49,2615;38,0052;131,8100;420,000;-60,000;0,407;29,567;0,1234;4,8169;0,0000;0,3809;7,1497;-1,0812;-5,3325;-4,2565;-168,6962;0,0000;-13,0115;-250,2924;38,5902;186,8060;8;0;50,000
1,2178;25,7850;45,2630;-41,0628;-115,7192;49,2758;38,0031;131,7994;420,000;-60,000;0,350;27,496;0,1145;4,4675;0,0000;0,3539;6,6313;-1,0014;-4,9456;-4,2314;-168,7326;0,0000;-13,1015;-250,4452;38,3195;186,9471;8;0;50,000
1,2199;25,7852;45,2719;-41,0628;-115,7185;49,2890;38,0011;131,7895;420,000;-60,000;0,297;25,425;0,1058;4,1180;0,0000;0,3267;6,1123;-0,9225;-4,5581;-4,2448;-168,7583;0,0000;-13,1671;-250,5021;38,1862;186,9644;8;0;50,000
1,2220;25,7854;45,2801;-41,0628;-115,7179;49,3011;37,9992;131,7805;420,000;-60,000;0,249;23,354;0,0970;3,7685;0,0000;0,2994;5,5936;-0,8432;-4,1712;-4,2956;-168,7733;0,0000;-13,2086;-250,4681;38,1869;186,8639;8;0;50,000
1,2241;25,7856;45,2875;-41,0628;-115,7173;49,3122;37,9976;131,7723;420,000;-60,000;0,205;21,282;0,0881;3,4189;0,0000;0,2720;5,0748;-0,7643;-3,7841;-4,2976;-168,7969;0,0000;-13,2685;-250,5349;38,0448;186,9046;8;0;50,000
1,2261;25,7858;45,2943;-41,0628;-115,7168;49,3221;37,9961;131,7648;420,000;-60,000;0,165;19,211;0,0792;3,0693;0,0000;0,2444;4,5558;-0,6856;-3,3969;-4,3123;-168,8157;0,0000;-13,3168;-250,5640;37,9565;186,9000;8;0;50,000
1,2282;25,7859;45,3003;-41,0628;-115,7163;49,3310;37,9947;131,7582;420,000;-60,000;0,130;17,140;0,0702;2,7196;0,0000;0,2168;4,0368;-0,6071;-3,0099;-4,3262;-168,8315;0,0000;-13,3579;-250,5943;37,8836;186,9000;8;0;50,000
1,2303;25,7861;45,3055;-41,0628;-115,7159;49,3388;37,9936;131,7524;420,000;-60,000;0,098;15,069;0,0612;2,3699;0,0000;0,1891;3,5178;-0,5287;-2,6227;-4,3373;-168,8458;0,0000;-13,3951;-250,6215;37,8150;186,9014;8;0;50,000
1,2323;25,7862;45,3101;-41,0628;-115,7155;49,3456;37,9925;131,7473;420,000;-60,000;0,072;12,998;0,0522;2,0202;0,0000;0,1613;2,9987;-0,4504;-2,2357;-4,3482;-168,8581;0,0000;-13,4270;-250,6399;37,7592;186,8962;8;0;50,000
1,2344;25,7863;45,3139;-41,0628;-115,7152;49,3513;37,9917;131,7431;420,000;-60,000;0,049;10,927;0,0432;1,6704;0,0000;0,1335;2,4795;-0,3723;-1,8486;-4,3561;-168,8686;0,0000;-13,4541;-250,6596;37,7087;186,8973;8;0;50,000
1,2365;25,7864;45,3170;-41,0628;-115,7149;49,3559;37,9910;131,7397;420,000;-60,000;0,031;8,855;0,0342;1,3207;0,0000;0,1056;1,9604;-0,2942;-1,4615;-4,3637;-168,8769;0,0000;-13,4756;-250,6720;37,6716;186,8935;8;0;50,000
1,2386;25,7864;45,3194;-41,0628;-115,7147;49,3594;37,9905;131,7370;420,000;-60,000;0,017;6,784;0,0251;0,9709;0,0000;0,0776;1,4412;-0,2162;-1,0744;-4,3686;-168,8835;0,0000;-13,4929;-250,6845;37,6391;186,8943;8;0;50,000
1,2406;25,7865;45,3210;-41,0628;-115,7146;49,3618;37,9901;131,7352;420,000;-60,000;0,007;4,713;0,0161;0,6211;0,0000;0,0497;0,9219;-0,1383;-0,6873;-4,3722;-168,8883;0,0000;-13,5044;-250,6909;37,6209;186,8914;8;0;50,000
1,2427;25,7865;45,3219;-41,0628;-115,7145;49,3632;37,9899;131,7342;420,000;-60,000;0,001;2,642;0,0070;0,2713;0,0000;0,0217;0,4027;-0,0604;-0,3002;-4,3745;-168,8903;0,0000;-13,5094;-250,6965;37,6131;186,8813;8;0;50,000
1,2448;25,7865;45,3221;-41,0628;-115,7145;49,3635;37,9899;131,7340;420,000;-60,000;0,000;0,571;-0,0020;-0,0785;0,0000;-0,0063;-0,1165;0,0175;0,0868;-4,3757;-168,8903;0,0000;-13,5115;-250,6955;37,6055;186,8928;10;0;50,000
1,2468;25,7865;45,3216;-41,0628;-115,7146;49,3627;37,9900;131,7346;420,000;-60,000;0,003;1,500;-0,0111;-0,4283;0,0000;-0,0343;-0,6358;0,0954;0,4740;-4,3711;-168,8903;0,0000;-13,5109;-250,6957;37,5980;186,9207;10;0;50,000
1,2489;25,7864;45,3204;-41,0628;-115,7147;49,3609;37,9902;131,7359;420,000;-60,000;0,011;3,572;-0,0201;-0,7781;0,0000;-0,0622;-1,1550;0,1733;0,8611;-4,3714;-168,8860;0,0000;-13,4992;-250,6875;37,6294;186,8910;10;0;50,000
1,2510;25,7864;45,3184;-41,0628;-115,7148;49,3579;37,9907;131,7381;420,000;-60,000;0,022;5,643;-0,0292;-1,1279;0,0000;-0,0902;-1,6742;0,2512;1,2481;-4,3678;-168,8802;0,0000;-13,4844;-250,6795;37,6579;186,8811;10;0;50,000
1,2531;25,7863;45,3157;-41,0628;-115,7150;49,3539;37,9913;131,7411;420,000;-60,000;0,038;7,714;-0,0382;-1,4777;0,0000;-0,1181;-2,1934;0,3292;1,6352;-4,3608;-168,8734;0,0000;-13,4665;-250,6660;37,6880;186,8940;10;0;50,000
1,2551;25,7862;45,3123;-41,0628;-115,7153;49,3489;37,9921;131,7449;420,000;-60,000;0,059;9,785;-0,0473;-1,8274;0,0000;-0,1460;-2,7125;0,4074;2,0223;-4,3524;-168,8642;0,0000;-13,4428;-250,6517;37,7291;186,8975;10;0;50,000
1,2572;25,7861;45,3081;-41,0628;-115,7156;49,3427;37,9930;131,7495;420,000;-60,000;0,083;11,856;-0,0563;-2,1772;0,0000;-0,1738;-3,2317;0,4855;2,4094;-4,3438;-168,8528;0,0000;-13,4132;-250,6309;37,7839;186,8970;10;0;50,000
1,2593;25,7860;45,3032;-41,0628;-115,7160;49,3355;37,9941;131,7549;420,000;-60,000;0,112;13,927;-0,0653;-2,5269;0,0000;-0,2015;-3,7507;0,5639;2,7965;-4,3322;-168,8398;0,0000;-13,3793;-250,6097;37,8435;186,9009;10;0;50,000
1,2613;25,7859;45,2977;-41,0628;-115,7165;49,3272;37,9953;131,7611;420,000;-60,000;0,145;15,999;-0,0742;-2,8765;0,0000;-0,2292;-4,2698;0,6423;3,1836;-4,3203;-168,8244;0,0000;-13,3396;-250,5821;37,9166;186,9010;10;0;50,000
1,2634;25,7857;45,2913;-41,0628;-115,7170;49,3178;37,9967;131,7681;420,000;-60,000;0,183;18,070;-0,0832;-3,2262;0,0000;-0,2568;-4,7887;0,7209;3,5707;-4,3055;-168,8074;0,0000;-13,2956;-250,5536;37,9944;186,9047;10;0;50,000
1,2655;25,7855;45,2843;-41,0628;-115,7175;49,3073;37,9983;131,7759;420,000;-60,000;0,224;20,141;-0,0920;-3,5758;0,0000;-0,2843;-5,3077;0,7997;3,9578;-4,2903;-168,7881;0,0000;-13,2456;-250,5196;38,0860;186,9057;10;0;50,000
1,2676;25,7853;45,2765;-41,0628;-115,7182;49,2958;38,0000;131,7845;420,000;-60,000;0,270;22,212;-0,1009;-3,9254;0,0000;-0,3117;-5,8265;0,8787;4,3449;-4,2864;-168,7638;0,0000;-13,1842;-250,4536;38,2281;186,8683;10;0;50,000
1,2696;25,7851;45,2680;-41,0628;-115,7188;49,2832;38,0019;131,7939;420,000;-60,000;0,321;24,283;-0,1098;-4,2749;0,0000;-0,3389;-6,3451;0,9580;4,7319;-4,2374;-168,7474;0,0000;-13,1391;-250,4807;38,2398;186,9615;10;0;50,000
1,2717;25,7849;45,2588;-41,0628;-115,7196;49,2695;38,0040;131,8041;420,000;-60,000;0,375;26,354;-0,1185;-4,6244;0,0000;-0,3661;-6,8640;1,0371;5,1194;-4,2230;-168,7209;0,0000;-13,0714;-250,4217;38,3762;186,9440;10;0;50,000
1,2738;25,7846;45,2489;-41,0628;-115,7204;49,2548;38,0062;131,8151;420,000;-60,000;0,434;28,426;-0,1273;-4,9738;0,0000;-0,3930;-7,3825;1,1170;5,5063;-4,2437;-168,6843;0,0000;-12,9807;-250,2768;38,6396;186,8154;10;0;50,000
1,2758;25,7843;45,2382;-41,0628;-115,7212;49,2389;38,0086;131,8269;420,000;-60,000;0,497;30,497;-0,1361;-5,3231;0,0000;-0,4199;-7,9008;1,1972;5,8932;-4,1868;-168,6623;0,0000;-12,9214;-250,3012;38,6702;186,9193;10;0;50,000
1,2779;25,7840;45,2268;-41,0628;-115,7221;49,2220;38,0112;131,8395;420,000;-60,000;0,565;32,568;-0,1446;-5,6724;0,0000;-0,4466;-8,4193;1,2772;6,2806;-4,1448;-168,6347;0,0000;-12,8491;-250,2841;38,7623;186,9724;10;0;50,000
1,2800;25,7837;45,2147;-41,0628;-115,7230;49,2041;38,0139;131,8529;420,000;-60,000;0,636;34,639;-0,1532;-6,0217;0,0000;-0,4731;-8,9375;1,3577;6,6677;-4,1340;-168,5979;0,0000;-12,7560;-250,1880;38,9682;186,9244;10;0;50,000
1,2821;25,7834;45,2019;-41,0628;-115,7241;49,1850;38,0168;131,8671;420,000;-60,000;0,712;36,710;-0,1618;-6,3708;0,0000;-0,4994;-9,4556;1,4386;7,0549;-4,1052;-168,5626;0,0000;-12,6656;-250,1258;39,1311;186,9268;10;0;50,000
1,2841;25,7831;45,1883;-41,0628;-115,7251;49,1649;38,0199;131,8821;420,000;-60,000;0,793;38,781;-0,1702;-6,7199;0,0000;-0,5255;-9,9736;1,5198;7,4420;-4,0747;-168,5253;0,0000;-12,5702;-250,0596;39,3031;186,9289;10;0;50,000
1,2862;25,7827;45,1740;-41,0628;-115,7262;49,1437;38,0231;131,8979;420,000;-60,000;0,877;40,853;-0,1786;-7,0689;0,0000;-0,5515;-10,4915;1,6014;7,8292;-4,0425;-168,4859;0,0000;-12,4696;-249,9896;39,4844;186,9307;10;0;50,000
1,2883;25,7823;45,1590;-41,0628;-115,7274;49,1214;38,0265;131,9145;420,000;-60,000;0,966;42,924;-0,1870;-7,4178;0,0000;-0,5772;-11,0092;1,6834;8,2164;-4,0088;-168,4444;0,0000;-12,3640;-249,9155;39,6748;186,9322;10;0;50,000
1,2903;25,7819;45,1433;-41,0628;-115,7286;49,0981;38,0301;131,9320;420,000;-60,000;1,059;44,995;-0,1952;-7,7667;0,0000;-0,6027;-11,5267;1,7658;8,6035;-3,9734;-168,4009;0,0000;-12,2532;-249,8374;39,8745;186,9332;10;0;50,000
1,2924;25,7815;45,1269;-41,0628;-115,7299;49,0737;38,0338;131,9502;420,000;-60,000;1,157;47,066;-0,2034;-8,1154;0,0000;-0,6280;-12,0441;1,8486;8,9907;-3,9363;-168,3553;0,0000;-12,1374;-249,7551;40,0833;186,9338;10;0;50,000
1,2945;25,7811;45,1097;-41,0628;-115,7312;49,0482;38,0377;131,9692;420,000;-60,000;1,259;49,137;-0,2116;-8,4640;0,0000;-0,6530;-12,5613;1,9318;9,3779;-3,8976;-168,3075;0,0000;-12,0164;-249,6686;40,3014;186,9338;10;0;50,000
1,2966;25,7806;45,0918;-41,0628;-115,7326;49,0216;38,0418;131,9890;420,000;-60,000;1,365;51,208;-0,2196;-8,8126;0,0000;-0,6777;-13,0783;2,0155;9,7651;-3,8573;-168,2577;0,0000;-11,8904;-249,5778;40,5287;186,9331;10;0;50,000
1,2986;25,7802;45,0732;-41,0628;-115,7340;48,9940;38,0461;132,0097;420,000;-60,000;1,475;53,280;-0,2275;-9,1610;0,0000;-0,7022;-13,5951;2,0997;10,1522;-3,8153;-168,2057;0,0000;-11,7592;-249,4827;40,7653;186,9317;10;0;50,000
1,3007;25,7797;45,0539;-41,0628;-115,7355;48,9653;38,0505;132,0311;420,000;-60,000;1,590;55,351;-0,2354;-9,5094;0,0000;-0,7264;-14,1117;2,1844;10,5394;-3,7717;-168,1516;0,0000;-11,6229;-249,3831;41,0110;186,9295;10;0;50,000
1,3028;25,7792;45,0338;-41,0628;-115,7370;48,9356;38,0551;132,0533;420,000;-60,000;1,709;57,422;-0,2432;-9,8576;0,0000;-0,7504;-14,6281;2,2696;10,9266;-3,7265;-168,0953;0,0000;-11,4815;-249,2790;41,2660;186,9264;10;0;50,000
1,3048;25,7787;45,0130;-41,0628;-115,7386;48,9047;38,0599;132,0763;420,000;-60,000;1,832;59,493;-0,2508;-10,2057;0,0000;-0,7740;-15,1443;2,3553;11,3137;-3,6796;-168,0368;0,0000;-11,3350;-249,1702;41,5302;186,9223;10;0;50,000
1,3069;25,7782;44,9915;-41,0628;-115,7402;48,8728;38,0649;132,1002;420,000;-60,000;1,959;61,564;-0,2584;-10,5536;0,0000;-0,7973;-15,6603;2,4416;11,7008;-3,6310;-167,9761;0,0000;-11,1834;-249,0568;41,8036;186,9172;10;0;50,000
1,3090;25,7776;44,9693;-41,0628;-115,7419;48,8399;38,0700;132,1248;420,000;-60,000;2,091;63,635;-0,2659;-10,9015;0,0000;-0,8203;-16,1760;2,5285;12,0880;-3,5808;-167,9133;0,0000;-11,0267;-248,9386;42,0863;186,9108;10;0;50,000
1,3110;25,7771;44,9464;-41,0628;-115,7436;48,8058;38,0754;132,1502;420,000;-60,000;2,227;65,707;-0,2732;-11,2492;0,0000;-0,8430;-16,6915;2,6159;12,4751;-3,5289;-167,8482;0,0000;-10,8648;-248,8154;42,3782;186,9032;10;0;50,000
1,3131;25,7765;44,9227;-41,0628;-115,7454;48,7707;38,0809;132,1765;420,000;-60,000;2,368;67,778;-0,2805;-11,5968;0,0000;-0,8653;-17,2067;2,7040;12,8622;-3,4754;-167,7809;0,0000;-10,6979;-248,6873;42,6794;186,8943;10;0;50,000
1,3152;25,7759;44,8983;-41,0628;-115,7472;48,7346;38,0866;132,2035;420,000;-60,000;2,512;69,849;-0,2876;-11,9442;0,0000;-0,8873;-17,7216;2,7927;13,2493;-3,4203;-167,7113;0,0000;-10,5258;-248,5540;42,9898;186,8839;10;0;50,000
1,3173;25,7753;44,8732;-41,0628;-115,7491;48,6973;38,0924;132,2314;420,000;-60,000;2,661;71,920;-0,2947;-12,2915;0,0000;-0,9089;-18,2363;2,8821;13,6363;-3,3634;-167,6394;0,0000;-10,3487;-248,4156;43,3094;186,8718;10;0;50,000
1,3193;25,7747;44,8474;-41,0628;-115,7510;48,6590;38,0985;132,2600;420,000;-60,000;2,815;73,991;-0,3016;-12,6386;0,0000;-0,9302;-18,7506;2,9721;14,0234;-3,3050;-167,5653;0,0000;-10,1664;-248,2718;43,6383;186,8581;10;0;50,000
1,3214;25,7740;44,8209;-41,0628;-115,7529;48,6196;38,1048;132,2895;420,000;-60,000;2,972;76,062;-0,3083;-12,9856;0,0000;-0,9510;-19,2647;3,0628;14,4104;-3,2448;-167,4888;0,0000;-9,9790;-248,1226;43,9764;186,8426;10;0;50,000
1,3235;25,7734;44,7936;-41,0628;-115,7549;48,5792;38,1112;132,3197;420,000;-60,000;3,134;78,134;-0,3150;-13,3324;0,0000;-0,9715;-19,7785;3,1543;14,7973;-3,1830;-167,4100;0,0000;-9,7864;-247,9678;44,3238;186,8252;10;0;50,000
1,3255;25,7727;44,7657;-41,0628;-115,7570;48,5377;38,1178;132,3508;420,000;-60,000;3,300;80,205;-0,3215;-13,6791;0,0000;-0,9916;-20,2919;3,2465;15,1843;-3,1195;-167,3288;0,0000;-9,5888;-247,8074;44,6804;186,8057;10;0;50,000
1,3276;25,7721;44,7370;-41,0628;-115,7590;48,4952;38,1246;132,3826;420,000;-60,000;3,470;82,276;-0,3279;-14,0255;0,0000;-1,0112;-20,8050;3,3394;15,5711;-3,0544;-167,2453;0,0000;-9,3860;-247,6412;45,0463;186,7841;10;0;50,000
1,3297;25,7714;44,7076;-41,0628;-115,7612;48,4515;38,1317;132,4153;420,000;-60,000;3,645;84,347;-0,3342;-14,3718;0,0000;-1,0305;-21,3177;3,4330;15,9580;-2,9876;-167,1594;0,0000;-9,1781;-247,4691;45,4214;186,7602;10;0;50,000
1,3318;25,7707;44,6774;-41,0628;-115,7633;48,4069;38,1389;132,4487;420,000;-60,000;3,824;86,418;-0,3403;-14,7180;0,0000;-1,0493;-21,8301;3,5275;16,3448;-2,9191;-167,0711;0,0000;-8,9651;-247,2909;45,8058;186,7338;10;0;50,000
1,3338;25,7700;44,6466;-41,0628;-115,7655;48,3611;38,1463;132,4830;420,000;-60,000;4,007;88,489;-0,3463;-15,0639;0,0000;-1,0676;-22,3420;3,6228;16,7315;-2,8490;-166,9803;0,0000;-8,7470;-247,1066;46,1994;186,7050;10;0;50,000
1,3359;25,7692;44,6150;-41,0628;-115,7677;48,3143;38,1539;132,5180;420,000;-60,000;4,195;90,561;-0,3521;-15,4097;0,0000;-1,0855;-22,8536;3,7189;17,1182;-2,7772;-166,8870;0,0000;-8,5237;-246,9160;46,6023;186,6734;10;0;50,000
1,3380;25,7685;44,5828;-41,0628;-115,7700;48,2664;38,1617;132,5539;420,000;-60,000;4,387;92,632;-0,3578;-15,7552;0,0000;-1,1029;-23,3649;3,8158;17,5048;-2,7037;-166,7913;0,0000;-8,2953;-246,7190;47,0144;186,6391;10;0;50,000
1,3400;25,7678;44,5498;-41,0628;-115,7723;48,2175;38,1697;132,5905;420,000;-60,000;4,583;94,703;-0,3633;-16,1006;0,0000;-1,1198;-23,8756;3,9136;17,8913;-2,6285;-166,6931;0,0000;-8,0618;-246,5154;47,4357;186,6017;10;0;50,000
1,3421;25,7670;44,5161;-41,0628;-115,7746;48,1675;38,1779;132,6280;420,000;-60,000;4,783;96,774;-0,3687;-16,4457;0,0000;-1,1363;-24,3860;4,0123;18,2777;-2,5517;-166,5923;0,0000;-7,8232;-246,3051;47,8663;186,5613;10;0;50,000
1,3442;25,7662;44,4816;-41,0628;-115,7770;48,1165;38,1863;132,6662;420,000;-60,000;4,988;98,845;-0,3739;-16,7906;0,0000;-1,1523;-24,8959;4,1119;18,6641;-2,4732;-166,4890;0,0000;-7,5794;-246,0880;48,3062;186,5177;10;0;50,000
1,3463;25,7655;44,4465;-41,0628;-115,7794;48,0644;38,1949;132,7053;420,000;-60,000;5,197;100,916;-0,3789;-17,1354;0,0000;-1,1677;-25,4054;4,2124;19,0503;-2,3930;-166,3831;0,0000;-7,3305;-245,8639;48,7553;186,4706;10;0;50,000
1,3483;25,7647;44,4107;-41,0628;-115,7818;48,0113;38,2037;132,7451;420,000;-60,000;5,410;102,988;-0,3838;-17,4799;0,0000;-1,1826;-25,9144;4,3139;19,4365;-2,3111;-166,2746;0,0000;-7,0765;-245,6326;49,2136;186,4201;10;0;50,000
1,3504;25,7639;44,3741;-41,0628;-115,7843;47,9571;38,2128;132,7858;420,000;-60,000;5,628;105,059;-0,3885;-17,8241;0,0000;-1,1970;-26,4229;4,4163;19,8226;-2,2275;-166,1635;0,0000;-6,8173;-245,3940;49,6811;186,3658;10;0;50,000
1,3525;25,7631;44,3368;-41,0628;-115,7868;47,9018;38,2220;132,8273;420,000;-60,000;5,850;107,130;-0,3930;-18,1682;0,0000;-1,2109;-26,9309;4,5197;20,2085;-2,1423;-166,0496;0,0000;-6,5530;-245,1480;50,1579;186,3077;10;0;50,000
1,3545;25,7622;44,2988;-41,0628;-115,7893;47,8455;38,2315;132,8695;420,000;-60,000;6,076;109,201;-0,3974;-18,5120;0,0000;-1,2242;-27,4384;4,6241;20,5943;-2,0553;-165,9331;0,0000;-6,2835;-244,8944;50,6439;186,2456;10;0;50,000
1,3566;25,7614;44,2601;-41,0628;-115,7919;47,7882;38,2412;132,9126;420,000;-60,000;6,307;111,272;-0,4015;-18,8555;0,0000;-1,2369;-27,9453;4,7295;20,9800;-1,9667;-165,8139;0,0000;-6,0090;-244,6331;51,1391;186,1793;10;0;50,000
1,3587;25,7606;44,2207;-41,0628;-115,7944;47,7298;38,2511;132,9564;420,000;-60,000;6,541;113,343;-0,4055;-19,1988;0,0000;-1,2490;-28,4517;4,8359;21,3655;-1,8764;-165,6920;0,0000;-5,7292;-244,3638;51,6435;186,1087;10;0;50,000
1,3608;25,7597;44,1806;-41,0628;-115,7970;47,6703;38,2612;133,0011;420,000;-60,000;6,780;115,415;-0,4093;-19,5419;0,0000;-1,2606;-28,9575;4,9434;21,7509;-1,7843;-165,5672;0,0000;-5,4444;-244,0865;52,1572;186,0336;10;0;50,000
1,3628;25,7589;44,1398;-41,0628;-115,7997;47,6098;38,2716;133,0465;420,000;-60,000;7,024;117,486;-0,4129;-19,8846;0,0000;-1,2716;-29,4628;5,0519;22,1361;-1,6906;-165,4397;0,0000;-5,1544;-243,8009;52,6800;185,9538;10;0;50,000
1,3649;25,7580;44,0983;-41,0628;-115,8023;47,5483;38,2822;133,0928;420,000;-60,000;7,271;119,557;-0,4163;-20,2272;0,0000;-1,2820;-29,9675;5,1616;22,5212;-1,5952;-165,3093;0,0000;-4,8593;-243,5069;53,2120;185,8693;10;0;50,000
1,3670;25,7572;44,0560;-41,0628;-115,8050;47,4857;38,2930;133,1398;420,000;-60,000;7,523;121,628;-0,4195;-20,5694;0,0000;-1,2917;-30,4715;5,2724;22,9061;-1,4981;-165,1760;0,0000;-4,5590;-243,2044;53,7532;185,7797;10;0;50,000
1,3690;25,7563;44,0130;-41,0628;-115,8077;47,4220;38,3040;133,1877;420,000;-60,000;7,779;123,699;-0,4225;-20,9114;0,0000;-1,3009;-30,9749;5,3843;23,2907;-1,3992;-165,0399;0,0000;-4,2535;-242,8931;54,3035;185,6849;10;0;50,000
1,3711;25,7554;43,9694;-41,0628;-115,8104;47,3574;38,3153;133,2363;420,000;-60,000;8,040;125,770;-0,4253;-21,2531;0,0000;-1,3093;-31,4776;5,4973;23,6752;-1,2987;-164,9008;0,0000;-3,9430;-242,5728;54,8630;185,5849;10;0;50,000
1,3732;25,7545;43,9250;-41,0628;-115,8131;47,2916;38,3268;133,2857;420,000;-60,000;8,305;127,842;-0,4279;-21,5945;0,0000;-1,3172;-31,9797;5,6115;24,0595;-1,1965;-164,7588;0,0000;-3,6273;-242,2435;55,4317;185,4792;10;0;50,000
1,3753;25,7536;43,8799;-41,0628;-115,8158;47,2249;38,3385;133,3360;420,000;-60,000;8,574;129,913;-0,4303;-21,9355;0,0000;-1,3244;-32,4811;5,7269;24,4436;-1,0925;-164,6137;0,0000;-3,3064;-241,9050;56,0094;185,3679;10;0;50,000
1,3773;25,7527;43,8341;-41,0628;-115,8186;47,1571;38,3505;133,3870;420,000;-60,000;8,847;131,984;-0,4324;-22,2763;0,0000;-1,3309;-32,9818;5,8435;24,8274;-0,9869;-164,4657;0,0000;-2,9804;-241,5569;56,5963;185,2507;10;0;50,000
1,3794;25,7518;43,7877;-41,0628;-115,8213;47,0883;38,3627;133,4388;420,000;-60,000;9,125;134,055;-0,4343;-22,6168;0,0000;-1,3367;-33,4817;5,9614;25,2109;-0,8795;-164,3145;0,0000;-2,6492;-241,1993;57,1923;185,1274;10;0;50,000
1,3815;25,7509;43,7405;-41,0628;-115,8241;47,0184;38,3752;133,4914;420,000;-60,000;9,407;136,126;-0,4361;-22,9570;0,0000;-1,3419;-33,9809;6,0804;25,5942;-0,7705;-164,1603;0,0000;-2,3129;-240,8318;57,7974;184,9978;10;0;50,000
1,3835;25,7500;43,6926;-41,0628;-115,8269;46,9475;38,3879;133,5448;420,000;-60,000;9,693;138,197;-0,4375;-23,2968;0,0000;-1,3463;-34,4793;6,2008;25,9772;-0,6597;-164,0030;0,0000;-1,9714;-240,4543;58,4116;184,8618;10;0;50,000
1,3856;25,7491;43,6440;-41,0628;-115,8297;46,8756;38,4009;133,5990;420,000;-60,000;9,983;140,269;-0,4388;-23,6363;0,0000;-1,3500;-34,9769;6,3224;26,3600;-0,5472;-163,8424;0,0000;-1,6248;-240,0667;59,0348;184,7191;10;0;50,000
1,3877;25,7482;43,5946;-41,0628;-115,8325;46,8026;38,4141;133,6540;420,000;-60,000;10,278;142,340;-0,4398;-23,9755;0,0000;-1,3530;-35,4737;6,4453;26,7424;-0,4330;-163,6787;0,0000;-1,2731;-239,6687;59,6670;184,5696;10;0;50,000
1,3898;25,7473;43,5446;-41,0628;-115,8353;46,7286;38,4276;133,7098;420,000;-60,000;10,577;144,411;-0,4406;-24,3144;0,0000;-1,3553;-35,9697;6,5696;27,1245;-0,3171;-163,5118;0,0000;-0,9161;-239,2601;60,3083;184,4131;10;0;50,000
1,3918;25,7464;43,4939;-41,0628;-115,8381;46,6536;38,4413;133,7664;420,000;-60,000;10,881;146,482;-0,4411;-24,6528;0,0000;-1,3568;-36,4648;6,6951;27,5063;-0,1994;-163,3415;0,0000;-0,5541;-238,8408;60,9585;184,2493;10;0;50,000
1,3939;25,7455;43,4425;-41,0628;-115,8409;46,5776;38,4553;133,8237;420,000;-60,000;11,188;148,553;-0,4414;-24,9910;0,0000;-1,3576;-36,9591;6,8221;27,8878;-0,0801;-163,1680;0,0000;-0,1868;-238,4106;61,6177;184,0781;10;0;50,000
1,3960;25,7446;43,3904;-41,0628;-115,8437;46,5005;38,4696;133,8819;420,000;-60,000;11,500;150,624;-0,4414;-25,3287;0,0000;-1,3576;-37,4524;6,9504;28,2688;0,0410;-162,9911;0,0000;0,1855;-237,9692;62,2859;183,8993;10;0;50,000
1,3980;25,7436;43,3376;-41,0628;-115,8465;46,4224;38,4841;133,9408;420,000;-60,000;11,817;152,696;-0,4412;-25,6661;0,0000;-1,3568;-37,9448;7,0801;28,6495;0,1638;-162,8108;0,0000;0,5631;-237,5165;62,9629;183,7127;10;0;50,000
1,4001;25,7427;43,2841;-41,0628;-115,8493;46,3433;38,4989;134,0006;420,000;-60,000;12,137;154,767;-0,4408;-26,0032;0,0000;-1,3553;-38,4363;7,2112;29,0298;0,2884;-162,6271;0,0000;0,9458;-237,0523;63,6489;183,5181;10;0;50,000
1,4022;25,7418;43,2299;-41,0628;-115,8521;46,2632;38,5140;134,0611;420,000;-60,000;12,462;156,838;-0,4400;-26,3398;0,0000;-1,3529;-38,9268;7,3437;29,4097;0,4146;-162,4399;0,0000;1,3336;-236,5764;64,3437;183,3152;10;0;50,000
1,4043;25,7409;43,1750;-41,0628;-115,8549;46,1821;38,5293;134,1224;420,000;-60,000;12,791;158,909;-0,4390;-26,6760;0,0000;-1,3497;-39,4163;7,4777;29,7892;0,5426;-162,2492;0,0000;1,7266;-236,0886;65,0474;183,1039;10;0;50,000
1,4063;25,7400;43,1194;-41,0628;-115,8577;46,1000;38,5449;134,1845;420,000;-60,000;13,125;160,980;-0,4378;-27,0119;0,0000;-1,3458;-39,9047;7,6132;30,1682;0,6723;-162,0550;0,0000;2,1248;-235,5886;65,7598;182,8840;10;0;50,000
1,4084;25,7391;43,0631;-41,0628;-115,8605;46,0168;38,5608;134,2474;420,000;-60,000;13,462;163,051;-0,4363;-27,3473;0,0000;-1,3409;-40,3921;7,7501;30,5467;0,8037;-161,8572;0,0000;2,5281;-235,0764;66,4811;182,6552;10;0;50,000
1,4105;25,7382;43,0061;-41,0628;-115,8633;45,9326;38,5770;134,3110;420,000;-60,000;13,804;165,123;-0,4345;-27,6823;0,0000;-1,3353;-40,8785;7,8886;30,9248;0,9368;-161,6557;0,0000;2,9366;-234,5516;67,2110;182,4174;10;0;50,000
1,4125;25,7373;42,9484;-41,0628;-115,8661;45,8475;38,5935;134,3755;420,000;-60,000;14,151;167,194;-0,4324;-28,0170;0,0000;-1,3288;-41,3637;8,0285;31,3024;1,0717;-161,4506;0,0000;3,3503;-234,0142;67,9497;182,1704;10;0;50,000
1,4146;25,7364;42,8900;-41,0628;-115,8688;45,7613;38,6103;134,4407;420,000;-60,000;14,501;169,265;-0,4300;-28,3511;0,0000;-1,3214;-41,8479;8,1700;31,6794;1,2083;-161,2418;0,0000;3,7691;-233,4638;68,6970;181,9139;10;0;50,000
1,4167;25,7355;42,8310;-41,0628;-115,8715;45,6741;38,6274;134,5067;420,000;-60,000;14,856;171,336;-0,4274;-28,6849;0,0000;-1,3132;-42,3308;8,3131;32,0559;1,3466;-161,0292;0,0000;4,1931;-232,9003;69,4530;181,6477;10;0;50,000
1,4187;25,7346;42,7712;-41,0628;-115,8742;45,5859;38,6447;134,5735;420,000;-60,000;15,215;173,407;-0,4244;-29,0182;0,0000;-1,3040;-42,8126;8,4577;32,4319;1,4867;-160,8128;0,0000;4,6222;-232,3235;70,2175;181,3716;10;0;50,000
1,4208;25,7338;42,7108;-41,0628;-115,8769;45,4968;38,6624;134,6410;420,000;-60,000;15,579;175,478;-0,4212;-29,3510;0,0000;-1,2940;-43,2932;8,6040;32,8072;1,6284;-160,5926;0,0000;5,0565;-231,7332;70,9906;181,0855;10;0;50,000
1,4229;25,7329;42,6496;-41,0628;-115,8796;45,4066;38,6804;134,7094;420,000;-60,000;15,946;177,550;-0,4177;-29,6834;0,0000;-1,2831;-43,7725;8,7518;33,1820;1,7719;-160,3685;0,0000;5,4959;-231,1292;71,7722;180,7890;10;0;50,000
1,4250;25,7320;42,5878;-41,0628;-115,8822;45,3155;38,6987;134,7785;420,000;-60,000;16,318;179,621;-0,4139;-30,0153;0,0000;-1,2713;-44,2506;8,9013;33,5561;1,9171;-160,1404;0,0000;5,9405;-230,5113;72,5622;180,4821;10;0;50,000
1,4270;25,7312;42,5253;-41,0628;-115,8849;45,2233;38,7172;134,8484;420,000;-60,000;16,695;181,692;-0,4098;-30,3467;0,0000;-1,2585;-44,7274;9,0524;33,9296;2,0641;-159,9084;0,0000;6,3903;-229,8793;73,3607;180,1644;10;0;50,000
1,4291;25,7303;42,4621;-41,0628;-115,8875;45,1302;38,7362;134,9190;420,000;-60,000;17,075;183,763;-0,4053;-30,6777;0,0000;-1,2448;-45,2028;9,2052;34,3024;2,2127;-159,6724;0,0000;6,8452;-229,2329;74,1675;179,8358;10;0;50,000
1,4312;25,7295;42,3982;-41,0628;-115,8900;45,0361;38,7554;134,9905;420,000;-60,000;17,460;185,834;-0,4006;-31,0082;0,0000;-1,2301;-45,6769;9,3596;34,6745;2,3631;-159,4323;0,0000;7,3053;-228,5721;74,9826;179,4961;10;0;50,000
1,4332;25,7287;42,3337;-41,0628;-115,8926;44,9410;38,7749;135,0627;420,000;-60,000;17,849;187,905;-0,3955;-31,3381;0,0000;-1,2145;-46,1497;9,5158;35,0460;2,5152;-159,1881;0,0000;7,7705;-227,8965;75,8059;179,1450;10;0;50,000
1,4353;25,7279;42,2684;-41,0628;-115,8951;44,8449;38,7948;135,1356;420,000;-60,000;18,243;189,977;-0,3902;-31,6676;0,0000;-1,1979;-46,6210;9,6736;35,4166;2,6691;-158,9397;0,0000;8,2409;-227,2060;76,6375;178,7823;10;0;50,000
1,4374;25,7271;42,2025;-41,0628;-115,8975;44,7478;38,8150;135,2094;420,000;-60,000;18,641;192,048;-0,3845;-31,9965;0,0000;-1,1804;-47,0908;9,8332;35,7865;2,8246;-158,6871;0,0000;8,7164;-226,5004;77,4771;178,4079;10;0;50,000
1,4395;25,7263;42,1359;-41,0628;-115,8999;44,6498;38,8355;135,2839;420,000;-60,000;19,043;194,119;-0,3785;-32,3249;0,0000;-1,1618;-47,5592;9,9946;36,1556;2,9819;-158,4303;0,0000;9,1971;-225,7795;78,3249;178,0215;10;0;50,000
1,4415;25,7255;42,0686;-41,0628;-115,9023;44,5508;38,8564;135,3591;420,000;-60,000;19,449;196,190;-0,3721;-32,6528;0,0000;-1,1423;-48,0261;10,1577;36,5240;3,2380;-149,1485;0,0000;9,9810;-211,7844;76,3400;167,5323;10;0;50,000
1,4436;25,7247;42,0006;-41,0628;-115,9047;44,4509;38,8776;135,4352;420,000;-60,000;19,860;198,261;-0,3651;-32,9427;0,0000;-1,1205;-48,4365;10,3108;36,8496;3,8966;-100,9219;0,0000;12,0002;-140,5668;61,9893;113,4691;10;0;50,000
1,4457;25,7240;41,9321;-41,0628;-115,9070;44,3502;38,8991;135,5118;420,000;-60,000;20,274;199,881;-0,3560;-33,0708;0,0000;-1,0926;-48,6084;10,4144;36,9940;4,7495;-29,4681;0,0000;14,6148;-35,2930;39,9847;33,4128;10;0;50,000
1,4477;25,7233;41,8636;-41,0628;-115,9092;44,2495;38,9207;135,5884;420,000;-60,000;20,688;200,000;-0,3454;-33,0648;0,0000;-1,0600;-48,5827;10,4764;36,9880;5,1477;5,3108;0,0000;15,8339;15,9828;29,1669;-5,6259;10;0;50,000
1,4498;25,7225;41,7952;-41,0628;-115,9114;44,1490;38,9425;135,6650;420,000;-60,000;21,102;200,000;-0,3347;-33,0488;0,0000;-1,0270;-48,5421;10,5353;36,9707;5,1755;7,7264;0,0000;15,9159;19,6549;28,4065;-8,4637;10;0;50,000
1,4519;25,7219;41,7267;-41,0628;-115,9135;44,0485;38,9644;135,7415;420,000;-60,000;21,516;200,000;-0,3239;-33,0328;0,0000;-0,9940;-48,5013;10,5941;36,9530;5,1769;7,7581;0,0000;15,9167;19,8213;28,3918;-8,6344;10;0;50,000
1,4540;25,7212;41,6583;-41,0628;-115,9155;43,9480;38,9864;135,8181;420,000;-60,000;21,931;200,000;-0,3132;-33,0167;0,0000;-0,9611;-48,4600;10,6529;36,9349;5,1781;7,7898;0,0000;15,9176;19,9870;28,3766;-8,8044;10;0;50,000
1,4560;25,7206;41,5900;-41,0628;-115,9174;43,8477;39,0085;135,8945;420,000;-60,000;22,345;200,000;-0,3025;-33,0005;0,0000;-0,9281;-48,4185;10,7116;36,9165;5,1794;7,8215;0,0000;15,9184;20,1519;28,3610;-8,9737;10;0;50,000
1,4581;25,7200;41,5216;-41,0628;-115,9193;43,7475;39,0308;135,9710;420,000;-60,000;22,759;200,000;-0,2918;-32,9843;0,0000;-0,8951;-48,3766;10,7704;36,8977;5,1806;7,8531;0,0000;15,9191;20,3162;28,3449;-9,1424;10;0;50,000
1,4602;25,7194;41,4533;-41,0628;-115,9211;43,6473;39,0531;136,0474;420,000;-60,000;23,173;200,000;-0,2810;-32,9680;0,0000;-0,8621;-48,3343;10,8290;36,8786;5,1817;7,8848;0,0000;15,9199;20,4797;28,3284;-9,3104;10;0;50,000
1,4622;25,7188;41,3851;-41,0628;-115,9229;43,5473;39,0756;136,1237;420,000;-60,000;23,587;200,000;-0,2703;-32,9516;0,0000;-0,8292;-48,2917;10,8877;36,8592;5,1828;7,9164;0,0000;15,9206;20,6424;28,3115;-9,4777;10;0;50,000
1,4643;25,7182;41,3168;-41,0628;-115,9246;43,4473;39,0982;136,2001;420,000;-60,000;24,002;200,000;-0,2596;-32,9352;0,0000;-0,7962;-48,2488;10,9463;36,8394;5,1839;7,9480;0,0000;15,9212;20,8045;28,2940;-9,6443;10;0;50,000
1,4664;25,7177;41,2486;-41,0628;-115,9262;43,3474;39,1210;136,2764;420,000;-60,000;24,416;200,000;-0,2488;-32,9187;0,0000;-0,7632;-48,2056;11,0049;36,8192;5,1849;7,9796;0,0000;15,9219;20,9657;28,2762;-9,8102;10;0;50,000
1,4685;25,7172;41,1805;-41,0628;-115,9277;43,2476;39,1438;136,3526;420,000;-60,000;24,830;200,000;-0,2381;-32,9022;0,0000;-0,7302;-48,1620;11,0635;36,7987;5,1859;8,0112;0,0000;15,9225;21,1263;28,2579;-9,9754;10;0;50,000
1,4705;25,7167;41,1123;-41,0628;-115,9292;43,1479;39,1668;136,4288;420,000;-60,000;25,244;200,000;-0,2273;-32,8855;0,0000;-0,6973;-48,1180;11,1220;36,7779;5,1868;8,0427;0,0000;15,9231;21,2860;28,2392;-10,1400;10;0;50,000
1,4726;25,7163;41,0443;-41,0628;-115,9306;43,0483;39,1899;136,5049;420,000;-60,000;25,659;200,000;-0,2166;-32,8688;0,0000;-0,6643;-48,0738;11,1804;36,7567;5,1877;8,0742;0,0000;15,9237;21,4450;28,2200;-10,3038;10;0;50,000
1,4747;25,7158;40,9762;-41,0628;-115,9320;42,9488;39,2131;136,5810;420,000;-60,000;26,073;200,000;-0,2059;-32,8521;0,0000;-0,6313;-48,0292;11,2389;36,7352;5,1886;8,1058;0,0000;15,9242;21,6033;28,2004;-10,4669;10;0;50,000
1,4767;25,7154;40,9082;-41,0628;-115,9332;42,8493;39,2364;136,6571;420,000;-60,000;26,487;200,000;-0,1951;-32,8353;0,0000;-0,5983;-47,9843;11,2972;36,7134;5,1894;8,1373;0,0000;15,9248;21,7608;28,1803;-10,6292;10;0;50,000
1,4788;25,7150;40,8402;-41,0628;-115,9344;42,7500;39,2599;136,7331;420,000;-60,000;26,901;200,000;-0,1844;-32,8184;0,0000;-0,5653;-47,9391;11,3556;36,6912;5,1901;8,1688;0,0000;15,9252;21,9175;28,1599;-10,7909;10;0;50,000
1,4809;25,7146;40,7722;-41,0628;-115,9356;42,6508;39,2835;136,8091;420,000;-60,000;27,316;200,000;-0,1736;-32,8014;0,0000;-0,5324;-47,8935;11,4139;36,6687;5,1908;8,2002;0,0000;15,9257;22,0734;28,1389;-10,9518;10;0;50,000
1,4830;25,7143;40,7043;-41,0628;-115,9367;42,5516;39,3072;136,8850;420,000;-60,000;27,730;200,000;-0,1629;-32,7844;0,0000;-0,4994;-47,8476;11,4722;36,6458;5,1915;8,2317;0,0000;15,9261;22,2285;28,1176;-11,1120;10;0;50,000
1,4850;25,7140;40,6364;-41,0628;-115,9377;42,4525;39,3310;136,9609;420,000;-60,000;28,144;200,000;-0,1521;-32,7673;0,0000;-0,4664;-47,8014;11,5304;36,6226;5,1921;8,2631;0,0000;15,9265;22,3828;28,0959;-11,2715;10;0;50,000
1,4871;25,7137;40,5686;-41,0628;-115,9386;42,3536;39,3549;137,0367;420,000;-60,000;28,558;200,000;-0,1414;-32,7502;0,0000;-0,4334;-47,7549;11,5885;36,5991;5,1927;8,2945;0,0000;15,9269;22,5364;28,0737;-11,4302;10;0;50,000
1,4892;25,7134;40,5008;-41,0628;-115,9394;42,2547;39,3790;137,1125;420,000;-60,000;28,973;200,000;-0,1306;-32,7330;0,0000;-0,4004;-47,7081;11,6467;36,5753;5,1933;8,3259;0,0000;15,9273;22,6891;28,0511;-11,5881;10;0;50,000
1,4912;25,7131;40,4330;-41,0628;-115,9402;42,1560;39,4032;137,1882;420,000;-60,000;29,387;200,000;-0,1198;-32,7157;0,0000;-0,3674;-47,6609;11,7047;36,5511;5,1938;8,3572;0,0000;15,9276;22,8411;28,0280;-11,7453;10;0;50,000
1,4933;25,7129;40,3652;-41,0628;-115,9410;42,0573;39,4275;137,2639;420,000;-60,000;29,801;200,000;-0,1091;-32,6983;0,0000;-0,3344;-47,6135;11,7628;36,5266;5,1942;8,3886;0,0000;15,9279;22,9922;28,0046;-11,9018;10;0;50,000
1,4954;25,7127;40,2975;-41,0628;-115,9416;41,9587;39,4519;137,3395;420,000;-60,000;30,215;200,000;-0,0983;-32,6809;0,0000;-0,3014;-47,5657;11,8207;36,5018;5,1947;8,4199;0,0000;15,9282;23,1425;27,9807;-12,0575;10;0;50,000
1,4975;25,7125;40,2299;-41,0628;-115,9422;41,8603;39,4765;137,4151;420,000;-60,000;30,629;200,000;-0,0876;-32,6635;0,0000;-0,2684;-47,5176;11,8787;36,4767;5,1950;8,4512;0,0000;15,9284;23,2920;27,9564;-12,2124;10;0;50,000
1,4995;25,7123;40,1622;-41,0628;-115,9427;41,7619;39,5011;137,4906;420,000;-60,000;31,044;200,000;-0,0768;-32,6459;0,0000;-0,2355;-47,4692;11,9365;36,4512;5,1954;8,4825;0,0000;15,9286;23,4407;27,9317;-12,3666;10;0;50,000
1,5016;25,7122;40,0946;-41,0628;-115,9432;41,6636;39,5259;137,5661;420,000;-60,000;31,458;200,000;-0,0660;-32,6283;0,0000;-0,2025;-47,4205;11,9944;36,4255;5,1956;8,5137;0,0000;15,9288;23,5885;27,9066;-12,5199;10;0;50,000
1,5037;25,7120;40,0271;-41,0628;-115,9436;41,5655;39,5508;137,6415;420,000;-60,000;31,872;200,000;-0,0553;-32,6107;0,0000;-0,1695;-47,3715;12,0521;36,3994;5,1959;8,5450;0,0000;15,9290;23,7356;27,8811;-12,6725;10;0;50,000
1,5057;25,7119;39,9595;-41,0628;-115,9439;41,4674;39,5758;137,7169;420,000;-60,000;32,286;200,000;-0,0445;-32,5929;0,0000;-0,1365;-47,3222;12,1099;36,3730;5,1961;8,5762;0,0000;15,9291;23,8818;27,8551;-12,8244;10;0;50,000
1,5078;25,7119;39,8921;-41,0628;-115,9441;41,3694;39,6010;137,7922;420,000;-60,000;32,701;200,000;-0,0338;-32,5751;0,0000;-0,1035;-47,2726;12,1675;36,3463;5,1963;8,6074;0,0000;15,9292;24,0271;27,8288;-12,9754;10;0;50,000
1,5099;25,7118;39,8246;-41,0628;-115,9443;41,2716;39,6262;137,8674;420,000;-60,000;33,115;200,000;-0,0230;-32,5573;0,0000;-0,0705;-47,2227;12,2251;36,3192;5,1964;8,6385;0,0000;15,9293;24,1716;27,8021;-13,1256;10;0;50,000
1,5120;25,7118;39,7572;-41,0628;-115,9444;41,1738;39,6516;137,9426;420,000;-60,000;33,529;200,000;-0,0122;-32,5394;0,0000;-0,0375;-47,1724;12,2827;36,2919;5,1964;8,6697;0,0000;15,9293;24,3153;27,7749;-13,2751;10;0;50,000
1,5140;25,7117;39,6898;-41,0628;-115,9445;41,0762;39,6771;138,0178;420,000;-60,000;33,943;200,000;-0,0015;-32,5214;0,0000;-0,0045;-47,1219;12,3402;36,2642;5,1965;8,7008;0,0000;15,9293;24,4581;27,7474;-13,4237;10;0;50,000
1,5161;25,7118;39,6225;-41,0628;-115,9445;40,9786;39,7027;138,0929;420,000;-60,000;34,358;200,000;0,0093;-32,5033;0,0000;0,0285;-47,0711;12,3976;36,2363;5,1964;8,7319;0,0000;15,9293;24,6001;27,7195;-13,5716;10;0;50,000
1,5182;25,7118;39,5552;-41,0628;-115,9444;40,8812;39,7285;138,1679;420,000;-60,000;34,772;200,000;0,0201;-32,4852;0,0000;0,0615;-47,0200;12,4550;36,2080;5,1964;8,7630;0,0000;15,9293;24,7412;27,6911;-13,7186;10;0;50,000
1,5202;25,7118;39,4879;-41,0628;-115,9442;40,7839;39,7543;138,2428;420,000;-60,000;35,186;200,000;0,0308;-32,4670;0,0000;0,0945;-46,9686;12,5123;36,1795;5,1963;8,7940;0,0000;15,9292;24,8815;27,6624;-13,8649;10;0;50,000
1,5223;25,7119;39,4207;-41,0628;-115,9440;40,6866;39,7803;138,3177;420,000;-60,000;35,600;200,000;0,0416;-32,4488;0,0000;0,1275;-46,9170;12,5696;36,1506;5,1961;8,8250;0,0000;15,9291;25,0209;27,6333;-14,0103;10;0;50,000
1,5244;25,7120;39,3535;-41,0628;-115,9437;40,5895;39,8064;138,3926;420,000;-60,000;36,014;200,000;0,0523;-32,4305;0,0000;0,1604;-46,8650;12,6268;36,1214;5,1960;8,8560;0,0000;15,9290;25,1594;27,6038;-14,1549;10;0;50,000
1,5265;25,7121;39,2864;-41,0628;-115,9433;40,4925;39,8326;138,4674;420,000;-60,000;36,429;200,000;0,0631;-32,4121;0,0000;0,1934;-46,8127;12,6839;36,0920;5,1957;8,8870;0,0000;15,9288;25,2971;27,5739;-14,2987;10;0;50,000
1,5285;25,7123;39,2192;-41,0628;-115,9429;40,3956;39,8589;138,5421;420,000;-60,000;36,843;200,000;0,0739;-32,3936;0,0000;0,2264;-46,7602;12,7410;36,0622;5,1954;8,9180;0,0000;15,9287;25,4339;27,5436;-14,4417;10;0;50,000
1,5306;25,7124;39,1522;-41,0628;-115,9424;40,2988;39,8854;138,6167;420,000;-60,000;37,257;200,000;0,0846;-32,3751;0,0000;0,2594;-46,7074;12,7980;36,0321;5,1951;8,9489;0,0000;15,9285;25,5698;27,5129;-14,5838;10;0;50,000
1,5327;25,7126;39,0851;-41,0628;-115,9418;40,2021;39,9119;138,6913;420,000;-60,000;37,671;200,000;0,0954;-32,3566;0,0000;0,2924;-46,6543;12,8550;36,0018;5,1948;8,9798;0,0000;15,9282;25,7048;27,4819;-14,7251;10;0;50,000
1,5347;25,7128;39,0181;-41,0628;-115,9412;40,1056;39,9386;138,7659;420,000;-60,000;38,086;200,000;0,1061;-32,3379;0,0000;0,3254;-46,6009;12,9119;35,9711;5,1944;9,0106;0,0000;15,9280;25,8390;27,4505;-14,8656;10;0;50,000
1,5368;25,7131;38,9512;-41,0628;-115,9404;40,0091;39,9654;138,8404;420,000;-60,000;38,500;200,000;0,1169;-32,3193;0,0000;0,3584;-46,5473;12,9687;35,9402;5,1939;9,0415;0,0000;15,9277;25,9723;27,4187;-15,0053;10;0;50,000
1,5389;25,7133;38,8843;-41,0628;-115,9397;39,9127;39,9923;138,9148;420,000;-60,000;38,914;200,000;0,1277;-32,3005;0,0000;0,3914;-46,4933;13,0255;35,9090;5,1934;9,0723;0,0000;15,9274;26,1047;27,3865;-15,1441;10;0;50,000
1,5409;25,7136;38,8174;-41,0628;-115,9388;39,8165;40,0194;138,9891;420,000;-60,000;39,328;200,000;0,1384;-32,2817;0,0000;0,4244;-46,4391;13,0821;35,8775;5,1929;9,1031;0,0000;15,9270;26,2362;27,3540;-15,2820;10;0;50,000
1,5430;25,7139;38,7505;-41,0628;-115,9379;39,7204;40,0465;139,0634;420,000;-60,000;39,743;200,000;0,1492;-32,2628;0,0000;0,4574;-46,3846;13,1388;35,8457;5,1923;9,1338;0,0000;15,9267;26,3668;27,3210;-15,4192;10;0;50,000
1,5451;25,7142;38,6837;-41,0628;-115,9369;39,6244;40,0738;139,1376;420,000;-60,000;40,157;200,000;0,1599;-32,2438;0,0000;0,4903;-46,3299;13,1953;35,8136;5,1917;9,1646;0,0000;15,9263;26,4965;27,2878;-15,5555;10;0;50,000
1,5472;25,7146;38,6170;-41,0628;-115,9359;39,5285;40,1012;139,2117;420,000;-60,000;40,571;200,000;0,1707;-32,2248;0,0000;0,5233;-46,2749;13,2518;35,7812;5,1910;9,1953;0,0000;15,9258;26,6254;27,2541;-15,6909;10;0;50,000
1,5492;25,7149;38,5503;-41,0628;-115,9348;39,4327;40,1287;139,2858;420,000;-60,000;40,985;200,000;0,1814;-32,2057;0,0000;0,5563;-46,2196;13,3082;35,7486;5,1903;9,2260;0,0000;15,9254;26,7533;27,2201;-15,8255;10;0;50,000
1,5513;25,7153;38,4836;-41,0628;-115,9336;39,3370;40,1563;139,3598;420,000;-60,000;41,400;200,000;0,1922;-32,1866;0,0000;0,5893;-46,1641;13,3646;35,7157;5,1896;9,2566;0,0000;15,9249;26,8803;27,1857;-15,9593;10;0;50,000
1,5534;25,7157;38,4169;-41,0628;-115,9323;39,2415;40,1841;139,4337;420,000;-60,000;41,814;200,000;0,2029;-32,1674;0,0000;0,6223;-46,1083;13,4208;35,6825;5,1888;9,2872;0,0000;15,9244;27,0065;27,1510;-16,0921;10;0;50,000
1,5554;25,7161;38,3503;-41,0628;-115,9310;39,1460;40,2119;139,5076;420,000;-60,000;42,228;200,000;0,2137;-32,1481;0,0000;0,6553;-46,0522;13,4770;35,6490;5,1879;9,3178;0,0000;15,9239;27,1317;27,1159;-16,2242;10;0;50,000
1,5575;25,7166;38,2838;-41,0628;-115,9296;39,0507;40,2399;139,5814;420,000;-60,000;42,642;200,000;0,2244;-32,1288;0,0000;0,6882;-45,9959;13,5331;35,6153;5,1871;9,3484;0,0000;15,9233;27,2560;27,0805;-16,3554;10;0;50,000
1,5596;25,7171;38,2172;-41,0628;-115,9281;38,9555;40,2680;139,6551;420,000;-60,000;43,056;200,000;0,2352;-32,1094;0,0000;0,7212;-45,9393;13,5892;35,5813;5,1861;9,3789;0,0000;15,9227;27,3795;27,0447;-16,4857;10;0;50,000
1,5617;25,7176;38,1507;-41,0628;-115,9266;38,8604;40,2962;139,7288;420,000;-60,000;43,471;200,000;0,2459;-32,0900;0,0000;0,7542;-45,8825;13,6452;35,5470;5,1852;9,4094;0,0000;15,9221;27,5020;27,0086;-16,6151;10;0;50,000
1,5637;25,7181;38,0843;-41,0628;-115,9250;38,7654;40,3245;139,8024;420,000;-60,000;43,885;200,000;0,2566;-32,0704;0,0000;0,7872;-45,8254;13,7011;35,5124;5,1842;9,4399;0,0000;15,9214;27,6236;26,9721;-16,7437;10;0;50,000
1,5658;25,7186;38,0179;-41,0628;-115,9234;38,6706;40,3529;139,8759;420,000;-60,000;44,299;200,000;0,2674;-32,0509;0,0000;0,8201;-45,7680;13,7569;35,4776;5,1831;9,4703;0,0000;15,9208;27,7443;26,9352;-16,8714;10;0;50,000
1,5679;25,7192;37,9515;-41,0628;-115,9216;38,5758;40,3815;139,9494;420,000;-60,000;44,713;200,000;0,2781;-32,0312;0,0000;0,8531;-45,7104;13,8126;35,4426;5,1820;9,5007;0,0000;15,9201;27,8640;26,8981;-16,9983;10;0;50,000
1,5699;25,7198;37,8852;-41,0628;-115,9198;38,4812;40,4101;140,0227;420,000;-60,000;45,128;200,000;0,2888;-32,0115;0,0000;0,8861;-45,6526;13,8683;35,4072;5,1809;9,5311;0,0000;15,9193;27,9829;26,8606;-17,1243;10;0;50,000
1,5720;25,7204;37,8189;-41,0628;-115,9180;38,3867;40,4389;140,0960;420,000;-60,000;45,542;200,000;0,2996;-31,9917;0,0000;0,9191;-45,5945;13,9239;35,3716;5,1797;9,5615;0,0000;15,9186;28,1008;26,8227;-17,2494;10;0;50,000
1,5741;25,7210;37,7527;-41,0628;-115,9160;38,2924;40,4678;140,1692;420,000;-60,000;45,956;200,000;0,3103;-31,9719;0,0000;0,9520;-45,5362;13,9794;35,3358;5,1785;9,5918;0,0000;15,9178;28,2179;26,7845;-17,3736;10;0;50,000
1,5762;25,7217;37,6865;-41,0628;-115,9140;38,1981;40,4968;140,2424;420,000;-60,000;46,370;200,000;0,3210;-31,9520;0,0000;0,9850;-45,4776;14,0349;35,2997;5,1772;9,6221;0,0000;15,9170;28,3340;26,7460;-17,4970;10;0;50,000
1,5782;25,7224;37,6203;-41,0628;-115,9119;38,1040;40,5260;140,3155;420,000;-60,000;46,785;200,000;0,3317;-31,9320;0,0000;1,0180;-45,4188;14,0902;35,2633;5,1759;9,6523;0,0000;15,9161;28,4492;26,7072;-17,6195;10;0;50,000
1,5803;25,7231;37,5542;-41,0628;-115,9098;38,0100;40,5552;140,3885;420,000;-60,000;47,199;200,000;0,3425;-31,9120;0,0000;1,0509;-45,3598;14,1455;35,2267;5,1745;9,6825;0,0000;15,9153;28,5634;26,6680;-17,7411;10;0;50,000
1,5824;25,7238;37,4881;-41,0628;-115,9076;37,9161;40,5846;140,4614;420,000;-60,000;47,613;200,000;0,3532;-31,8919;0,0000;1,0839;-45,3005;14,2007;35,1898;5,1732;9,7127;0,0000;15,9144;28,6768;26,6285;-17,8619;10;0;50,000
1,5844;25,7245;37,4221;-41,0628;-115,9053;37,8223;40,6140;140,5342;420,000;-60,000;48,027;200,000;0,3639;-31,8718;0,0000;1,1169;-45,2410;14,2558;35,1527;5,1717;9,7429;0,0000;15,9135;28,7892;26,5886;-17,9817;10;0;50,000
1,5865;25,7253;37,3561;-41,0628;-115,9030;37,7287;40,6436;140,6070;420,000;-60,000;48,441;200,000;0,3746;-31,8516;0,0000;1,1498;-45,1813;14,3108;35,1153;5,1702;9,7730;0,0000;15,9125;28,9007;26,5485;-18,1007;10;0;50,000
1,5886;25,7261;37,2902;-41,0628;-115,9005;37,6352;40,6733;140,6797;420,000;-60,000;48,856;200,000;0,3853;-31,8313;0,0000;1,1828;-45,1213;14,3658;35,0777;5,1687;9,8031;0,0000;15,9115;29,0112;26,5080;-18,2188;10;0;50,000
1,5907;25,7269;37,2243;-41,0628;-115,8981;37,5418;40,7031;140,7523;420,000;-60,000;49,270;200,000;0,3960;-31,8110;0,0000;1,2157;-45,0611;14,4206;35,0398;5,1671;9,8331;0,0000;15,9105;29,1209;26,4673;-18,3360;10;0;50,000
1,5927;25,7277;37,1584;-41,0628;-115,8955;37,4485;40,7330;140,8248;420,000;-60,000;49,684;200,000;0,4067;-31,7906;0,0000;1,2487;-45,0007;14,4754;35,0017;5,1655;9,8632;0,0000;15,9095;29,2296;26,4262;-18,4524;10;0;50,000
1,5948;25,7286;37,0926;-41,0628;-115,8929;37,3554;40,7631;140,8973;420,000;-60,000;50,098;200,000;0,4174;-31,7701;0,0000;1,2816;-44,9400;14,5301;34,9634;5,1639;9,8931;0,0000;15,9084;29,3373;26,3847;-18,5678;10;0;50,000
1,5969;25,7294;37,0268;-41,0628;-115,8902;37,2623;40,7932;140,9697;420,000;-60,000;50,513;200,000;0,4281;-31,7496;0,0000;1,3146;-44,8791;14,5847;34,9248;5,1622;9,9231;0,0000;15,9073;29,4442;26,3430;-18,6824;10;0;50,000
1,5989;25,7303;36,9611;-41,0628;-115,8874;37,1694;40,8235;141,0420;420,000;-60,000;50,927;200,000;0,4388;-31,7290;0,0000;1,3475;-44,8180;14,6392;34,8860;5,1604;9,9530;0,0000;15,9062;29,5501;26,3010;-18,7961;10;0;50,000
1,6010;25,7313;36,8954;-41,0628;-115,8846;37,0767;40,8539;141,1142;420,000;-60,000;51,341;200,000;0,4495;-31,7083;0,0000;1,3805;-44,7567;14,6937;34,8470;5,1586;9,9829;0,0000;15,9051;29,6551;26,2587;-18,9089;10;0;50,000
1,6031;25,7322;36,8297;-41,0628;-115,8817;36,9841;40,8844;141,1863;420,000;-60,000;51,755;200,000;0,4602;-31,6876;0,0000;1,4134;-44,6952;14,7480;34,8077;5,1568;10,0127;0,0000;15,9039;29,7592;26,2161;-19,0208;10;0;50,000
1,6052;25,7332;36,7641;-41,0628;-115,8788;36,8915;40,9150;141,2584;420,000;-60,000;52,170;200,000;0,4708;-31,6669;0,0000;1,4463;-44,6335;14,8022;34,7682;5,1550;10,0426;0,0000;15,9027;29,8623;26,1731;-19,1318;10;0;50,000
1,6072;25,7341;36,6985;-41,0628;-115,8757;36,7992;40,9457;141,3303;420,000;-60,000;52,584;200,000;0,4815;-31,6460;0,0000;1,4793;-44,5715;14,8564;34,7284;5,1530;10,0723;0,0000;15,9015;29,9645;26,1299;-19,2419;10;0;50,000
1,6093;25,7352;36,6330;-41,0628;-115,8726;36,7069;40,9765;141,4022;420,000;-60,000;52,998;200,000;0,4922;-31,6252;0,0000;1,5122;-44,5093;14,9105;34,6885;5,1511;10,1021;0,0000;15,9003;30,0657;26,0864;-19,3512;10;0;50,000
1,6114;25,7362;36,5675;-41,0628;-115,8695;36,6148;41,0074;141,4740;420,000;-60,000;53,412;200,000;0,5028;-31,6042;0,0000;1,5451;-44,4470;14,9645;34,6483;5,1491;10,1318;0,0000;15,8990;30,1661;26,0426;-19,4595;10;0;50,000
1,6134;25,7372;36,5021;-41,0628;-115,8662;36,5228;41,0385;141,5457;420,000;-60,000;53,827;200,000;0,5135;-31,5832;0,0000;1,5781;-44,3844;15,0184;34,6079;5,1470;10,1615;0,0000;15,8977;30,2655;25,9985;-19,5670;10;0;50,000
1,6155;25,7383;36,4367;-41,0628;-115,8629;36,4309;41,0697;141,6174;420,000;-60,000;54,241;200,000;0,5242;-31,5621;0,0000;1,6110;-44,3216;15,0722;34,5672;5,1450;10,1911;0,0000;15,8964;30,3639;25,9541;-19,6736;10;0;50,000
1,6176;25,7394;36,3714;-41,0628;-115,8596;36,3392;41,1009;141,6889;420,000;-60,000;54,655;200,000;0,5348;-31,5410;0,0000;1,6439;-44,2586;15,1259;34,5264;5,1428;10,2207;0,0000;15,8950;30,4615;25,9094;-19,7793;10;0;50,000
1,6197;25,7405;36,3061;-41,0628;-115,8561;36,2476;41,1323;141,7604;420,000;-60,000;55,069;200,000;0,5455;-31,5198;0,0000;1,6768;-44,1954;15,1795;34,4853;5,1407;10,2502;0,0000;15,8936;30,5581;25,8645;-19,8841;10;0;50,000
1,6217;25,7417;36,2408;-41,0628;-115,8526;36,1561;41,1638;141,8318;420,000;-60,000;55,483;200,000;0,5561;-31,4985;0,0000;1,7098;-44,1320;15,2330;34,4440;5,1384;10,2798;0,0000;15,8922;30,6538;25,8192;-19,9880;10;0;50,000
1,6238;25,7428;36,1756;-41,0628;-115,8490;36,0648;41,1954;141,9031;420,000;-60,000;55,898;200,000;0,5668;-31,4772;0,0000;1,7427;-44,0684;15,2864;34,4025;5,1362;10,3093;0,0000;15,8908;30,7485;25,7737;-20,0910;10;0;50,000
1,6259;25,7440;36,1104;-41,0628;-115,8454;35,9736;41,2271;141,9743;420,000;-60,000;56,312;200,000;0,5774;-31,4558;0,0000;1,7756;-44,0046;15,3398;34,3608;5,1339;10,3387;0,0000;15,8893;30,8423;25,7279;-20,1932;10;0;50,000
1,6279;25,7452;36,0453;-41,0628;-115,8417;35,8825;41,2590;142,0454;420,000;-60,000;56,726;200,000;0,5880;-31,4344;0,0000;1,8085;-43,9407;15,3930;34,3189;5,1316;10,3681;0,0000;15,8878;30,9352;25,6819;-20,2944;10;0;50,000
1,6300;25,7465;35,9802;-41,0628;-115,8379;35,7916;41,2909;142,1165;420,000;-60,000;57,140;200,000;0,5986;-31,4129;0,0000;1,8414;-43,8765;15,4462;34,2767;5,1292;10,3975;0,0000;15,8863;31,0272;25,6355;-20,3948;10;0;50,000
1,6321;25,7477;35,9152;-41,0628;-115,8341;35,7008;41,3229;142,1874;420,000;-60,000;57,555;200,000;0,6093;-31,3913;0,0000;1,8743;-43,8121;15,4992;34,2344;5,1267;10,4268;0,0000;15,8847;31,1182;25,5889;-20,4942;10;0;50,000
1,6342;25,7490;35,8502;-41,0628;-115,8301;35,6101;41,3551;142,2583;420,000;-60,000;57,969;200,000;0,6199;-31,3697;0,0000;1,9072;-43,7476;15,5522;34,1918;5,1243;10,4561;0,0000;15,8832;31,2083;25,5421;-20,5928;10;0;50,000
1,6362;25,7503;35,7852;-41,0628;-115,8262;35,5195;41,3874;142,3290;420,000;-60,000;58,383;200,000;0,6305;-31,3480;0,0000;1,9401;-43,6829;15,6050;34,1491;5,1218;10,4854;0,0000;15,8816;31,2974;25,4950;-20,6905;10;0;50,000
1,6383;25,7516;35,7203;-41,0628;-115,8221;35,4291;41,4197;142,3997;420,000;-60,000;58,797;200,000;0,6411;-31,3262;0,0000;1,9730;-43,6180;15,6578;34,1061;5,1192;10,5146;0,0000;15,8799;31,3857;25,4476;-20,7874;10;0;50,000
1,6404;25,7529;35,6555;-41,0628;-115,8180;35,3389;41,4522;142,4703;420,000;-60,000;59,212;200,000;0,6517;-31,3044;0,0000;2,0059;-43,5529;15,7104;34,0630;5,1166;10,5437;0,0000;15,8783;31,4730;25,3999;-20,8833;10;0;50,000
1,6424;25,7543;35,5906;-41,0628;-115,8138;35,2487;41,4848;142,5408;420,000;-60,000;59,626;200,000;0,6623;-31,2826;0,0000;2,0388;-43,4876;15,7630;34,0196;5,1140;10,5729;0,0000;15,8766;31,5594;25,3520;-20,9783;10;0;50,000
1,6445;25,7557;35,5259;-41,0628;-115,8095;35,1587;41,5175;142,6112;420,000;-60,000;60,040;200,000;0,6729;-31,2606;0,0000;2,0716;-43,4221;15,8154;33,9761;5,1113;10,6020;0,0000;15,8749;31,6448;25,3039;-21,0725;10;0;50,000
1,6466;25,7571;35,4611;-41,0628;-115,8052;35,0689;41,5503;142,6816;420,000;-60,000;60,454;200,000;0,6835;-31,2386;0,0000;2,1045;-43,3565;15,8678;33,9323;5,1086;10,6310;0,0000;15,8732;31,7294;25,2555;-21,1658;10;0;50,002
1,6486;25,7585;35,3965;-41,0628;-115,8008;34,9791;41,5832;142,7518;420,000;-60,000;60,868;200,000;0,6940;-31,2166;0,0000;2,1374;-43,2907;15,9201;33,8884;5,1058;10,6600;0,0000;15,8714;31,8130;25,2068;-21,2582;10;0;50,008
1,6507;25,7600;35,3318;-41,0628;-115,7964;34,8895;41,6163;142,8219;420,000;-60,000;61,283;200,000;0,7046;-31,1945;0,0000;2,1703;-43,2247;15,9722;33,8443;5,1030;10,6890;0,0000;15,8696;31,8957;25,1580;-21,3497;10;0;50,016
1,6528;25,7614;35,2673;-41,0628;-115,7918;34,8001;41,6494;142,8920;420,000;-60,000;61,697;200,000;0,7152;-31,1723;0,0000;2,2031;-43,1586;16,0243;33,8000;5,1001;10,7179;0,0000;15,8678;31,9775;25,1088;-21,4403;10;0;50,029
1,6549;25,7629;35,2027;-41,0628;-115,7872;34,7108;41,6826;142,9620;420,000;-60,000;62,111;200,000;0,7257;-31,1501;0,0000;2,2360;-43,0923;16,0762;33,7555;5,0972;10,7468;0,0000;15,8660;32,0583;25,0594;-21,5301;10;0;50,045
1,6569;25,7644;35,1382;-41,0628;-115,7826;34,6216;41,7160;143,0318;420,000;-60,000;62,525;200,000;0,7363;-31,1278;0,0000;2,2688;-43,0258;16,1281;33,7108;5,0943;10,7757;0,0000;15,8641;32,1382;25,0098;-21,6190;10;0;50,064
1,6590;25,7660;35,0738;-41,0628;-115,7778;34,5325;41,7495;143,1016;420,000;-60,000;62,940;200,000;0,7468;-31,1054;0,0000;2,3017;-42,9591;16,1798;33,6659;5,0913;10,8045;0,0000;15,8622;32,2172;24,9600;-21,7070;10;0;50,086
1,6611;25,7675;35,0094;-41,0628;-115,7730;34,4436;41,7830;143,1713;420,000;-60,000;63,354;200,000;0,7574;-31,0830;0,0000;2,3346;-42,8923;16,2315;33,6209;5,0883;10,8333;0,0000;15,8603;32,2953;24,9099;-21,7941;10;0;50,112
1,6631;25,7691;34,9450;-41,0628;-115,7682;34,3549;41,8167;143,2409;420,000;-60,000;63,768;200,000;0,7679;-31,0606;0,0000;2,3674;-42,8254;16,2830;33,5756;5,0852;10,8620;0,0000;15,8584;32,3725;24,8596;-21,8803;10;0;50,142
1,6652;25,7707;34,8807;-41,0628;-115,7632;34,2662;41,8505;143,3104;420,000;-60,000;64,182;200,000;0,7785;-31,0380;0,0000;2,4002;-42,7582;16,3344;33,5302;5,0821;10,8907;0,0000;15,8564;32,4488;24,8091;-21,9657;10;0;50,175
1,6673;25,7723;34,8164;-41,0628;-115,7582;34,1777;41,8844;143,3798;420,000;-60,000;64,597;200,000;0,7890;-31,0155;0,0000;2,4331;-42,6909;16,3858;33,4846;5,0790;10,9193;0,0000;15,8544;32,5242;24,7583;-22,0502;10;0;50,211
1,6694;25,7740;34,7522;-41,0628;-115,7532;34,0894;41,9183;143,4491;420,000;-60,000;65,011;200,000;0,7995;-30,9928;0,0000;2,4659;-42,6235;16,4370;33,4389;5,0758;10,9479;0,0000;15,8524;32,5986;24,7073;-22,1339;10;0;50,250
1,6714;25,7756;34,6881;-41,0628;-115,7480;34,0012;41,9524;143,5183;420,000;-60,000;65,425;200,000;0,8100;-30,9701;0,0000;2,4987;-42,5559;16,4881;33,3929;5,0725;10,9765;0,0000;15,8503;32,6721;24,6561;-22,2166;10;0;50,293
1,6735;25,7773;34,6239;-41,0628;-115,7428;33,9131;41,9866;143,5874;420,000;-60,000;65,839;200,000;0,8205;-30,9473;0,0000;2,5316;-42,4882;16,5391;33,3468;5,0692;11,0050;0,0000;15,8482;32,7448;24,6047;-22,2985;10;0;50,340
1,6756;25,7790;34,5599;-41,0628;-115,7375;33,8252;42,0210;143,6564;420,000;-60,000;66,254;200,000;0,8310;-30,9245;0,0000;2,5644;-42,4203;16,5900;33,3006;5,0659;11,0334;0,0000;15,8461;32,8165;24,5530;-22,3795;10;0;50,390
1,6776;25,7808;34,4958;-41,0628;-115,7322;33,7374;42,0554;143,7253;420,000;-60,000;66,668;200,000;0,8415;-30,9016;0,0000;2,5972;-42,3522;16,6408;33,2541;5,0626;11,0619;0,0000;15,8440;32,8873;24,5012;-22,4597;10;0;50,443
1,6797;25,7825;34,4319;-41,0628;-115,7268;33,6497;42,0899;143,7942;420,000;-60,000;67,082;200,000;0,8520;-30,8787;0,0000;2,6300;-42,2840;16,6915;33,2075;5,0591;11,0902;0,0000;15,8419;32,9572;24,4491;-22,5390;10;0;50,499
1,6818;25,7843;34,3679;-41,0628;-115,7213;33,5622;42,1245;143,8629;420,000;-60,000;67,496;200,000;0,8624;-30,8557;0,0000;2,6628;-42,2157;16,7421;33,1608;5,0557;11,1186;0,0000;15,8397;33,0263;24,3968;-22,6174;10;0;50,559
1,6839;25,7861;34,3040;-41,0628;-115,7157;33,4749;42,1592;143,9315;420,000;-60,000;67,910;200,000;0,8729;-30,8326;0,0000;2,6956;-42,1472;16,7926;33,1139;5,0522;11,1469;0,0000;15,8375;33,0944;24,3444;-22,6950;10;0;50,622
1,6859;25,7879;34,2402;-41,0628;-115,7101;33,3876;42,1941;144,0001;420,000;-60,000;68,325;200,000;0,8834;-30,8095;0,0000;2,7284;-42,0786;16,8430;33,0668;5,0487;11,1751;0,0000;15,8353;33,1616;24,2917;-22,7717;10;0;50,688
1,6880;25,7898;34,1764;-41,0628;-115,7044;33,3006;42,2290;144,0685;420,000;-60,000;68,739;200,000;0,8938;-30,7864;0,0000;2,7612;-42,0099;16,8932;33,0195;5,0451;11,2033;0,0000;15,8330;33,2279;24,2388;-22,8476;10;0;50,758
1,6901;25,7916;34,1127;-41,0628;-115,6987;33,2136;42,2640;144,1368;420,000;-60,000;69,153;200,000;0,9043;-30,7631;0,0000;2,7940;-41,9410;16,9434;32,9721;5,0415;11,2315;0,0000;15,8307;33,2934;24,1857;-22,9226;10;0;50,831
1,6921;25,7935;34,0490;-41,0628;-115,6929;33,1268;42,2992;144,2051;420,000;-60,000;69,567;200,000;0,9147;-30,7398;0,0000;2,8268;-41,8720;16,9934;32,9246;5,0378;11,2596;0,0000;15,8284;33,3579;24,1324;-22,9968;10;0;50,907
1,6942;25,7954;33,9853;-41,0628;-115,6870;33,0402;42,3344;144,2732;420,000;-60,000;69,982;200,000;0,9251;-30,7165;0,0000;2,8596;-41,8028;17,0433;32,8769;5,0341;11,2876;0,0000;15,8261;33,4216;24,0790;-23,0701;10;0;50,987
1,6963;25,7973;33,9218;-41,0628;-115,6810;32,9537;42,3698;144,3413;420,000;-60,000;70,396;200,000;0,9356;-30,6931;0,0000;2,8924;-41,7335;17,0931;32,8290;5,0304;11,3157;0,0000;15,8237;33,4843;24,0253;-23,1425;10;0;51,069
1,6984;25,7993;33,8582;-41,0628;-115,6750;32,8673;42,4052;144,4092;420,000;-60,000;70,810;200,000;0,9460;-30,6696;0,0000;2,9251;-41,6641;17,1428;32,7810;5,0266;11,3436;0,0000;15,8213;33,5462;23,9714;-23,2142;10;0;51,155
1,7004;25,8013;33,7947;-41,0628;-115,6689;32,7811;42,4408;144,4770;420,000;-60,000;71,224;200,000;0,9564;-30,6461;0,0000;2,9579;-41,5945;17,1924;32,7328;5,0227;11,3716;0,0000;15,8189;33,6072;23,9174;-23,2849;10;0;51,244
1,7025;25,8032;33,7313;-41,0628;-115,6627;32,6950;42,4765;144,5448;420,000;-60,000;71,639;200,000;0,9668;-30,6225;0,0000;2,9907;-41,5249;17,2419;32,6845;5,0189;11,3994;0,0000;15,8165;33,6674;23,8632;-23,3549;10;0;51,337
1,7046;25,8053;33,6679;-41,0628;-115,6565;32,6091;42,5122;144,6124;420,000;-60,000;72,053;200,000;0,9772;-30,5989;0,0000;3,0234;-41,4551;17,2913;32,6361;5,0150;11,4273;0,0000;15,8140;33,7266;23,8088;-23,4239;10;0;51,432
1,7066;25,8073;33,6045;-41,0628;-115,6502;32,5233;42,5481;144,6800;420,000;-60,000;72,467;200,000;0,9876;-30,5752;0,0000;3,0562;-41,3852;17,3405;32,5875;5,0110;11,4551;0,0000;15,8115;33,7850;23,7542;-23,4922;10;0;51,531
1,7087;25,8093;33,5412;-41,0628;-115,6438;32,4376;42,5841;144,7474;420,000;-60,000;72,881;200,000;0,9979;-30,5514;0,0000;3,0889;-41,3151;17,3897;32,5388;5,0070;11,4828;0,0000;15,8090;33,8425;23,6994;-23,5596;10;0;51,633
1,7108;25,8114;33,4780;-41,0628;-115,6374;32,3521;42,6201;144,8148;420,000;-60,000;73,295;200,000;1,0083;-30,5276;0,0000;3,1217;-41,2450;17,4387;32,4899;5,0030;11,5105;0,0000;15,8065;33,8991;23,6445;-23,6262;10;0;51,738
1,7129;25,8135;33,4148;-41,0628;-115,6309;32,2668;42,6563;144,8820;420,000;-60,000;73,710;200,000;1,0187;-30,5037;0,0000;3,1544;-41,1747;17,4876;32,4409;4,9989;11,5381;0,0000;15,8039;33,9549;23,5894;-23,6919;10;0;51,846
1,7149;25,8156;33,3516;-41,0628;-115,6243;32,1816;42,6926;144,9492;420,000;-60,000;74,124;200,000;1,0290;-30,4798;0,0000;3,1871;-41,1043;17,5364;32,3918;4,9948;11,5657;0,0000;15,8013;34,0098;23,5341;-23,7568;10;0;51,957
1,7170;25,8178;33,2885;-41,0628;-115,6177;32,0965;42,7289;145,0162;420,000;-60,000;74,538;200,000;1,0393;-30,4558;0,0000;3,2198;-41,0338;17,5851;32,3425;4,9906;11,5933;0,0000;15,7987;34,0638;23,4787;-23,8209;10;0;52,071
1,7191;25,8199;33,2254;-41,0628;-115,6110;32,0116;42,7654;145,0831;420,000;-60,000;74,952;200,000;1,0497;-30,4318;0,0000;3,2526;-40,9632;17,6337;32,2931;4,9864;11,6208;0,0000;15,7961;34,1170;23,4230;-23,8842;10;0;52,188
1,7211;25,8221;33,1624;-41,0628;-115,6042;31,9268;42,8020;145,1500;420,000;-60,000;75,367;200,000;1,0600;-30,4077;0,0000;3,2853;-40,8925;17,6821;32,2436;4,9821;11,6483;0,0000;15,7934;34,1693;23,3673;-23,9466;10;0;52,308
1,7232;25,8243;33,0995;-41,0628;-115,5974;31,8422;42,8386;145,2167;420,000;-60,000;75,781;200,000;1,0703;-30,3835;0,0000;3,3180;-40,8217;17,7305;32,1939;4,9778;11,6757;0,0000;15,7908;34,2208;23,3113;-24,0083;10;0;52,431
1,7253;25,8266;33,0366;-41,0628;-115,5905;31,7577;42,8754;145,2833;420,000;-60,000;76,195;200,000;1,0806;-30,3593;0,0000;3,3507;-40,7508;17,7787;32,1441;4,9735;11,7030;0,0000;15,7880;34,2714;23,2552;-24,0691;10;0;52,557
1,7274;25,8288;32,9737;-41,0628;-115,5835;31,6734;42,9123;145,3498;420,000;-60,000;76,609;200,000;1,0909;-30,3351;0,0000;3,3834;-40,6797;17,8268;32,0942;4,9691;11,7303;0,0000;15,7853;34,3212;23,1990;-24,1291;10;0;52,687
1,7294;25,8311;32,9109;-41,0628;-115,5765;31,5892;42,9493;145,4163;420,000;-60,000;77,024;200,000;1,1012;-30,3107;0,0000;3,4161;-40,6086;17,8748;32,0442;4,9647;11,7576;0,0000;15,7825;34,3701;23,1426;-24,1883;10;0;52,819
1,7315;25,8334;32,8482;-41,0628;-115,5694;31,5052;42,9863;145,4826;420,000;-60,000;77,438;200,000;1,1115;-30,2863;0,0000;3,4488;-40,5374;17,9227;31,9940;4,9602;11,7848;0,0000;15,7798;34,4182;23,0860;-24,2467;10;0;52,954
1,7336;25,8357;32,7855;-41,0628;-115,5622;31,4213;43,0235;145,5488;420,000;-60,000;77,852;200,000;1,1217;-30,2619;0,0000;3,4814;-40,4660;17,9704;31,9437;4,9557;11,8120;0,0000;15,7769;34,4654;23,0293;-24,3042;10;0;53,091
1,7356;25,8380;32,7228;-41,0628;-115,5550;31,3376;43,0608;145,6149;420,000;-60,000;78,266;200,000;1,1320;-30,2374;0,0000;3,5141;-40,3946;18,0181;31,8933;4,9512;11,8391;0,0000;15,7741;34,5119;22,9725;-24,3610;10;0;53,232
1,7377;25,8404;32,6602;-41,0628;-115,5476;31,2540;43,0981;145,6809;420,000;-60,000;78,681;200,000;1,1423;-30,2129;0,0000;3,5468;-40,3231;18,0656;31,8428;4,9466;11,8661;0,0000;15,7713;34,5574;22,9155;-24,4170;10;0;53,376
1,7398;25,8428;32,5977;-41,0628;-115,5403;31,1705;43,1356;145,7468;420,000;-60,000;79,095;200,000;1,1525;-30,1883;0,0000;3,5794;-40,2514;18,1130;31,7922;4,9420;11,8931;0,0000;15,7684;34,6022;22,8583;-24,4722;10;0;53,522
1,7419;25,8452;32,5352;-41,0628;-115,5328;31,0872;43,1732;145,8126;420,000;-60,000;79,509;200,000;1,1627;-30,1636;0,0000;3,6121;-40,1797;18,1603;31,7415;4,9373;11,9201;0,0000;15,7655;34,6461;22,8011;-24,5265;10;0;53,671
1,7439;25,8476;32,4727;-41,0628;-115,5253;31,0041;43,2108;145,8783;420,000;-60,000;79,923;200,000;1,1730;-30,1389;0,0000;3,6448;-40,1079;18,2074;31,6906;4,9326;11,9470;0,0000;15,7625;34,6892;22,7437;-24,5801;10;0;53,823
1,7460;25,8500;32,4103;-41,0628;-115,5177;30,9211;43,2486;145,9439;420,000;-60,000;80,337;200,000;1,1832;-30,1141;0,0000;3,6774;-40,0360;18,2545;31,6396;4,9278;11,9739;0,0000;15,7596;34,7314;22,6861;-24,6329;10;0;53,978
1,7481;25,8525;32,3480;-41,0628;-115,5101;30,8383;43,2865;146,0093;420,000;-60,000;80,752;200,000;1,1934;-30,0893;0,0000;3,7100;-39,9641;18,3014;31,5886;4,9230;12,0007;0,0000;15,7566;34,7729;22,6284;-24,6850;10;0;54,135
1,7501;25,8550;32,2857;-41,0628;-115,5023;30,7556;43,3244;146,0747;420,000;-60,000;81,166;200,000;1,2036;-30,0644;0,0000;3,7427;-39,8920;18,3482;31,5374;4,9182;12,0275;0,0000;15,7536;34,8135;22,5706;-24,7362;10;0;54,295
1,7522;25,8575;32,2234;-41,0628;-115,4946;30,6730;43,3625;146,1400;420,000;-60,000;81,580;200,000;1,2137;-30,0395;0,0000;3,7753;-39,8198;18,3949;31,4861;4,9133;12,0542;0,0000;15,7506;34,8533;22,5127;-24,7867;10;0;54,458
1,7543;25,8600;32,1612;-41,0628;-115,4867;30,5906;43,4006;146,2051;420,000;-60,000;81,994;200,000;1,2239;-30,0145;0,0000;3,8079;-39,7476;18,4415;31,4347;4,9084;12,0808;0,0000;15,7475;34,8923;22,4546;-24,8363;10;0;54,624
1,7564;25,8625;32,0991;-41,0628;-115,4788;30,5084;43,4388;146,2702;420,000;-60,000;82,409;200,000;1,2341;-29,9894;0,0000;3,8405;-39,6753;18,4879;31,3832;4,9035;12,1074;0,0000;15,7444;34,9305;22,3964;-24,8852;10;0;54,792
1,7584;25,8651;32,0370;-41,0628;-115,4708;30,4263;43,4772;146,3351;420,000;-60,000;82,823;200,000;1,2442;-29,9643;0,0000;3,8731;-39,6029;18,5343;31,3316;4,8985;12,1340;0,0000;15,7413;34,9679;22,3381;-24,9334;10;0;54,963
1,7605;25,8677;31,9750;-41,0628;-115,4627;30,3443;43,5156;146,4000;420,000;-60,000;83,237;200,000;1,2544;-29,9392;0,0000;3,9057;-39,5305;18,5805;31,2799;4,8934;12,1605;0,0000;15,7382;35,0045;22,2797;-24,9807;10;0;55,136
1,7626;25,8703;31,9130;-41,0628;-115,4546;30,2625;43,5542;146,4647;420,000;-60,000;83,651;200,000;1,2645;-29,9139;0,0000;3,9383;-39,4579;18,6265;31,2281;4,8883;12,1869;0,0000;15,7351;35,0403;22,2211;-25,0274;10;0;55,312
1,7646;25,8729;31,8511;-41,0628;-115,4464;30,1809;43,5928;146,5293;420,000;-60,000;84,066;200,000;1,2746;-29,8887;0,0000;3,9709;-39,3853;18,6725;31,1763;4,8832;12,2133;0,0000;15,7319;35,0753;22,1625;-25,0732;10;0;55,490
1,7667;25,8756;31,7892;-41,0628;-115,4382;30,0994;43,6315;146,5939;420,000;-60,000;84,480;200,000;1,2847;-29,8634;0,0000;4,0035;-39,3126;18,7184;31,1243;-3,7590;68,2663;0,0000;96,4236;62,5971;63,3087;-25,7977;10;0;55,671
1,7688;25,8782;31,7274;-41,0628;-115,4298;30,0180;43,6703;146,6583;420,000;-60,000;84,894;200,000;1,2590;-29,6059;0,0000;4,3703;-39,1260;18,9348;31,0694;-15,4037;143,7669;0,0000;204,8381;99,9645;118,5201;-27,1630;10;0;55,854
1,7708;25,8808;31,6666;-41,0628;-115,4201;29,9373;43,7099;146,7226;420,008;-60,000;85,308;199,986;1,2209;-29,2678;0,0000;4,8520;-38,8985;19,2093;31,0118;-9,8132;107,4309;0,0000;151,8456;82,8096;91,2075;-27,6348;10;0;56,033
1,7729;25,8833;31,6061;-41,0628;-115,4097;29,8569;43,7499;146,7867;420,020;-60,000;85,722;200,000;1,2184;-29,1609;0,0000;4,9993;-38,7830;19,3126;30,9549;0,9381;37,8311;0,0000;50,7109;49,3351;39,2178;-27,6875;10;0;56,211
1,7750;25,8858;31,5458;-41,0628;-115,3994;29,7766;43,7899;146,8508;420,031;-60,000;86,136;200,000;1,2248;-29,1111;0,0000;5,0621;-38,6942;19,3718;30,8971;-21,7703;191,2162;0,0000;255,9574;133,4645;138,4083;-40,8175;10;0;56,392
1,7771;25,8884;31,4855;-41,0628;-115,3888;29,6966;43,8301;146,9147;420,043;-60,000;86,550;199,990;1,1282;-28,3688;0,0000;6,0596;-38,2301;19,8859;30,7858;-45,9334;353,4467;0,0000;474,2541;222,0429;244,3694;-54,2602;10;0;56,574
1,7791;25,8905;31,4282;-41,0628;-115,3743;29,6183;43,8723;146,9783;420,078;-60,000;86,963;200,000;1,0345;-27,6470;0,0000;7,0266;-37,7744;20,3840;30,6723;-20,4763;181,7698;0,0000;241,1625;130,3674;130,3303;-42,9017;10;0;56,738
1,7812;25,8927;31,3710;-41,0628;-115,3597;29,5401;43,9146;147,0418;420,113;-60,000;87,376;200,000;1,0434;-27,6158;0,0000;7,0586;-37,6901;20,4258;30,6081;-10,5284;119,3585;0,0000;144,8483;103,2724;78,7462;-46,6972;10;0;56,904
1,7833;25,8948;31,3139;-41,0628;-115,3450;29,4622;43,9569;147,1051;420,149;-60,000;87,789;200,000;0,9909;-27,1526;0,0000;7,6266;-37,3466;20,7102;30,4789;-39,7947;325,1345;0,0000;399,6635;227,1676;193,8763;-78,3432;10;0;57,073
1,7853;25,8968;31,2585;-41,0628;-115,3281;29,3854;44,0004;147,1680;420,198;-60,000;88,200;199,895;0,8785;-26,2690;0,0000;8,7141;-36,7491;21,2289;30,2836;-39,5906;322,7626;0,0000;395,5888;226,7762;191,4311;-79,5004;10;0;57,232
1,7874;25,8985;31,2050;-41,0628;-115,3089;29,3099;44,0449;147,2305;420,260;-60,000;88,609;200,000;0,8269;-25,8156;0,0000;9,2653;-36,4072;21,5032;30,1496;-15,8826;156,7446;0,0000;184,7324;129,9980;93,7511;-58,2491;10;0;57,381
1,7895;25,9002;31,1516;-41,0628;-115,2897;29,2346;44,0894;147,2929;420,322;-60,000;89,019;200,000;0,8128;-25,6197;0,0000;9,4793;-36,2106;21,6172;30,0423;-34,6389;298,9959;0,0000;335,2945;228,9878;150,8473;-97,1497;10;0;57,533
1,7916;25,9018;31,0989;-41,0628;-115,2697;29,1599;44,1344;147,3550;420,389;-60,000;89,427;199,931;0,6834;-24,5771;0,0000;10,6542;-35,4587;22,1280;29,7471;-57,3565;465,0414;0,0000;523,0140;338,3974;227,9264;-134,8477;10;0;57,683
1,7936;25,9030;31,0498;-41,0628;-115,2456;29,0877;44,1811;147,4161;420,480;-60,000;89,831;200,000;0,5752;-23,6934;0,0000;11,6458;-34,8089;22,5614;29,4837;-24,6590;222,6724;0,0000;246,7575;180,4354;112,9547;-82,6372;10;0;57,812
1,7957;25,9042;31,0008;-41,0628;-115,2214;29,0157;44,2279;147,4771;420,571;-60,000;90,236;200,000;0,5813;-23,6547;0,0000;11,6763;-34,7113;22,5959;29,4048;-33,0721;295,5782;0,0000;301,3338;242,5647;122,1770;-117,2433;10;0;57,943
1,7978;25,9054;30,9518;-41,0628;-115,1972;28,9440;44,2747;147,5379;420,662;-60,000;90,640;200,000;0,4382;-22,4690;0,0000;12,8940;-33,8041;23,0675;28,9981;-70,3618;580,8574;0,0000;596,1046;444,2479;230,2130;-199,3808;10;0;58,078
1,7998;25,9060;30,9077;-41,0628;-115,1680;28,8757;44,3234;147,5972;420,784;-60,000;91,035;199,983;0,2898;-21,2486;0,0000;14,1456;-32,8710;23,5496;28,5789;-35,8346;312,7473;0,0000;317,5027;255,5903;126,7238;-123,9257;10;0;58,184
1,8019;25,9066;30,8638;-41,0628;-115,1386;28,8078;44,3722;147,6563;420,907;-60,000;91,431;200,000;0,2897;-21,1735;0,0000;14,2093;-32,7453;23,5924;28,4847;-37,0082;333,0695;0,0000;308,7077;284,6296;107,8123;-148,7880;10;0;58,293
1,8040;25,9072;30,8200;-41,0628;-115,1091;28,7401;44,4211;147,7152;421,030;-60,000;91,827;200,000;0,1365;-19,8689;0,0000;15,4243;-31,6920;23,9962;27,9626;-77,2652;654,5125;0,0000;609,3542;527,2232;201,5927;-261,0178;10;0;58,404
1,8061;25,9072;30,7815;-41,0628;-115,0747;28,6765;44,4716;147,7722;421,184;-60,000;92,211;199,949;-0,0303;-18,4623;0,0000;16,7334;-30,5614;24,4275;27,4035;-42,9062;375,2192;0,0000;346,1301;317,0783;117,5870;-165,0394;10;0;58,486
1,8081;25,9071;30,7435;-41,0628;-115,0398;28,6135;44,5223;147,8287;421,340;-60,000;92,595;200,000;-0,0412;-18,3146;0,0000;16,8581;-30,3786;24,4832;27,2789;-46,7803;419,6867;0,0000;352,8425;367,2072;99,2524;-202,1103;10;0;58,568
1,8102;25,9070;30,7056;-41,0628;-115,0049;28,5507;44,5731;147,8852;421,496;-60,000;92,978;199,999;-0,2241;-16,7238;0,0000;18,1950;-29,0403;24,8386;26,5663;-88,5421;767,6494;0,0000;644,7594;645,6850;170,8480;-344,0400;10;0;58,653
1,8123;25,9062;30,6742;-41,0628;-114,9645;28,4932;44,6252;147,9388;421,687;-60,000;93,346;200,000;-0,4080;-15,1347;0,0000;19,5289;-27,7039;25,1909;25,8538;-52,8176;467,1171;0,0000;383,2080;408,7511;99,6503;-226,9119;10;0;58,703
1,8143;25,9053;30,6429;-41,0628;-114,9240;28,4359;44,6774;147,9923;421,878;-60,000;93,713;200,000;-0,4429;-14,7889;0,0000;19,7824;-27,3471;25,2514;25,6264;-56,0122;508,1478;0,0000;380,5362;458,5311;74,5901;-265,7909;10;0;58,756
1,8164;25,9043;30,6130;-41,0628;-114,8825;28,3799;44,7298;148,0449;422,076;-60,000;94,077;199,860;-0,6400;-13,0298;0,0000;21,1052;-25,8045;25,4999;24,7528;-87,2314;776,8910;0,0000;583,6544;683,6021;109,6755;-388,4687;10;0;58,805
1,8185;25,9027;30,5890;-41,0628;-114,8366;28,3290;44,7830;148,0948;422,302;-60,000;94,424;200,000;-0,8042;-11,5707;0,0000;22,2001;-24,5154;25,7057;24,0172;-60,9944;550,8090;0,0000;395,8311;500,5830;63,8492;-294,3491;10;0;58,823
1,8206;25,9010;30,5650;-41,0628;-114,7906;28,2784;44,8363;148,1444;422,528;-60,000;94,771;200,000;-0,8927;-10,7482;0,0000;22,7449;-23,7309;25,7644;23,5335;-71,1787;655,0994;0,0000;435,8722;605,1753;42,4441;-364,4255;10;0;58,844
1,8226;25,8990;30,5444;-41,0628;-114,7423;28,2307;44,8898;148,1923;422,769;-60,000;95,108;199,743;-1,0991;-8,8571;0,0000;24,0056;-22,0086;25,8815;22,5076;-79,4925;725,4463;0,0000;482,8133;665,9415;45,4372;-399,3806;10;0;58,850
1,8247;25,8965;30,5284;-41,0628;-114,6911;28,1872;44,9435;148,2377;423,030;-60,000;95,430;200,000;-1,2219;-7,7432;0,0000;24,7449;-20,9724;25,9526;21,8792;-65,7905;610,0884;0,0000;377,3986;576,0414;13,1027;-356,0841;10;0;58,834
1,8268;25,8939;30,5124;-41,0628;-114,6398;28,1438;44,9973;148,2829;423,290;-60,000;95,752;200,000;-1,3716;-6,3299;0,0000;25,5689;-19,6224;25,9358;21,0326;-86,6361;816,6591;0,0000;476,4830;774,2409;-11,2109;-482,9380;10;0;58,822
1,8288;25,8908;30,5021;-41,0628;-114,5852;28,1059;45,0509;148,3248;423,574;-60,000;96,053;199,774;-1,5808;-4,3603;0,0000;26,7186;-17,7652;25,9062;19,8787;-67,4429;627,3190;0,0000;364,9758;599,2650;-8,9154;-376,3049;10;0;58,781
1,8309;25,8874;30,4943;-41,0628;-114,5292;28,0703;45,1046;148,3652;423,867;-60,000;96,346;200,000;-1,6510;-3,7313;0,0000;27,0808;-17,1401;25,8989;19,4738;-66,0715;631,1600;0,0000;328,4804;618,5951;-44,4257;-399,2702;10;0;58,731
1,8330;25,8839;30,4867;-41,0628;-114,4730;28,0349;45,1582;148,4055;424,160;-60,000;96,638;199,984;-1,8545;-1,7458;0,0000;28,0793;-15,2028;25,7222;18,2248;-97,8417;950,9552;0,0000;478,3088;927,0127;-85,0242;-597,4419;10;0;58,683
1,8351;25,8797;30,4871;-41,0628;-114,4128;28,0073;45,2111;148,4407;424,482;-60,000;96,899;200,000;-2,0563;0,2079;0,0000;29,0621;-13,3001;25,5467;16,9990;-64,7341;620,3705;0,0000;300,7994;614,9427;-64,8950;-402,2523;10;0;58,595
1,8371;25,8754;30,4875;-41,0628;-114,3526;27,9798;45,2640;148,4759;424,804;-60,000;97,160;200,000;-2,1227;0,8240;0,0000;29,3253;-12,6555;25,4533;16,5585;-62,4635;615,5616;0,0000;261,4770;624,9548;-98,2180;-418,5243;10;0;58,511
1,8392;25,8709;30,4905;-41,0628;-114,2914;27,9549;45,3166;148,5093;425,134;-60,000;97,410;199,777;-2,3150;2,7577;0,0000;30,1452;-10,7113;25,1398;15,2653;-79,8207;793,1726;0,0000;336,6308;798,7765;-128,3624;-532,0135;10;0;58,417
1,8413;25,8658;30,4990;-41,0628;-114,2278;27,9354;45,3682;148,5391;425,481;-60,000;97,636;200,000;-2,4533;4,1096;0,0000;30,7198;-9,3467;24,9216;14,3547;-58,1194;572,6478;0,0000;224,7277;587,2862;-109,1949;-397,5392;10;0;58,296
1,8433;25,8607;30,5075;-41,0628;-114,1641;27,9161;45,4198;148,5688;425,827;-60,000;97,862;200,000;-2,5558;5,1298;0,0000;31,0761;-8,2785;24,6875;13,6186;-67,1655;686,8260;0,0000;238,7403;713,4112;-159,4485;-489,0005;10;0;58,179
1,8454;25,8552;30,5202;-41,0628;-114,0990;27,9011;45,4704;148,5955;426,186;-60,000;98,069;199,761;-2,7315;6,9546;0,0000;31,7087;-6,3915;24,2611;12,3291;-63,4979;641,5865;0,0000;223,4179;665,3250;-149,2118;-455,6247;10;0;58,043
1,8475;25,8494;30,5363;-41,0628;-114,0328;27,8897;45,5203;148,6199;426,553;-60,000;98,260;200,000;-2,8188;7,7875;0,0000;32,0016;-5,5225;24,0694;11,7313;-49,2175;495,9997;0,0000;151,1021;524,6280;-135,2139;-365,4318;10;0;57,892
1,8496;25,8436;30,5525;-41,0628;-113,9665;27,8783;45,5702;148,6441;426,921;-60,000;98,451;200,000;-2,9354;9,0092;0,0000;32,3346;-4,2183;23,7010;10,8154;-65,7632;699,2549;0,0000;189,8733;744,2081;-211,7364;-521,5557;10;0;57,744
1,8516;25,8373;30,5736;-41,0628;-113,8988;27,8722;45,6185;148,6647;427,300;-60,000;98,617;199,829;-3,0912;10,6840;0,0000;32,7881;-2,4398;23,1923;9,5708;-50,7127;519,0052;0,0000;142,2923;552,3547;-156,6765;-387,1549;10;0;57,572
1,8537;25,8308;30,5967;-41,0628;-113,8307;27,8682;45,6662;148,6838;427,684;-60,000;98,774;200,000;-3,1455;11,1591;0,0000;32,9240;-1,9303;23,0520;9,2116;-39,8014;406,1170;0,0000;90,4455;441,3385;-141,9838;-314,6722;10;0;57,394
1,8558;25,8242;30,6199;-41,0628;-113,7625;27,8642;45,7140;148,7028;428,067;-60,000;98,930;200,000;-3,2561;12,3663;0,0000;33,1627;-0,6116;22,6042;8,2673;-59,1953;654,0572;0,0000;128,7094;713,2764;-243,2326;-510,2064;10;0;57,218
1,8578;25,8173;30,6479;-41,0628;-113,6933;27,8656;45,7599;148,7180;428,460;-60,000;99,059;199,882;-3,3907;13,8684;0,0000;33,4572;1,0243;22,0445;7,0982;-42,0652;437,6346;0,0000;88,1362;476,5933;-162,0166;-340,5886;10;0;57,019
1,8599;25,8102;30,6773;-41,0628;-113,6239;27,8684;45,8053;148,7322;428,856;-60,000;99,182;200,000;-3,4303;14,1791;0,0000;33,5278;1,3626;21,9331;6,8565;-31,2392;317,0210;0,0000;47,3983;352,1254;-133,0082;-255,5385;10;0;56,816
1,8620;25,8031;30,7067;-41,0628;-113,5544;27,8713;45,8507;148,7464;429,252;-60,000;99,305;200,000;-3,5201;15,1817;0,0000;33,6535;2,4830;21,4935;6,0397;-49,1601;561,4585;0,0000;69,4254;626,8505;-246,7945;-456,6936;10;0;56,615
1,8641;25,7956;30,7402;-41,0628;-113,4845;27,8787;45,8943;148,7572;429,654;-60,000;99,404;199,885;-3,6340;16,5049;0,0000;33,8154;3,9592;20,9107;4,9647;-37,1347;399,2423;0,0000;51,3063;444,2532;-174,9007;-322,8777;10;0;56,396
1,8661;25,7880;30,7751;-41,0628;-113,4143;27,8877;45,9373;148,7670;430,058;-60,000;99,495;200,000;-3,6739;16,8355;0,0000;33,8661;4,3232;20,7690;4,7022;-24,2697;237,9813;0,0000;21,5229;268,0852;-113,8139;-196,6357;10;0;56,172
1,8682;25,7804;30,8099;-41,0628;-113,3442;27,8966;45,9803;148,7767;430,462;-60,000;99,586;200,000;-3,7345;17,4907;0,0000;33,9046;5,0697;20,4393;4,1502;-37,5182;435,8850;0,0000;23,0503;497,2593;-220,4760;-368,0282;10;0;55,950
1,8703;25,7725;30,8475;-41,0628;-113,2739;27,9087;46,0220;148,7842;430,869;-60,000;99,661;199,874;-3,8293;18,6410;0,0000;33,9615;6,3830;19,8557;3,1777;-34,9292;398,3071;0,0000;21,6873;453,1001;-201,4428;-334,6225;10;0;55,716
1,8723;25,7645;30,8871;-41,0628;-113,2035;27,9231;46,0626;148,7899;431,278;-60,000;99,723;200,000;-3,8792;19,1406;0,0000;33,9944;6,9466;19,6048;2,7641;-19,0742;173,2027;0,0000;9,4719;195,4891;-89,7886;-143,4952;10;0;55,473
1,8744;25,7565;30,9268;-41,0628;-113,1331;27,9375;46,1032;148,7956;431,688;-60,000;99,785;200,000;-3,9083;19,3585;0,0000;34,0008;7,1928;19,4838;2,5833;-25,8724;291,8479;0,0000;-3,8369;338,6723;-166,4129;-253,5409;10;0;55,233
1,8765;25,7483;30,9673;-41,0628;-113,0626;27,9529;46,1433;148,8006;432,098;-60,000;99,842;199,928;-3,9864;20,3495;0,0000;33,9785;8,3495;18,9155;1,7138;-34,3117;425,8381;0,0000;-8,8063;495,9506;-244,0237;-372,1929;10;0;54,990
1,8785;25,7400;31,0111;-41,0628;-112,9923;27,9720;46,1816;148,8027;432,511;-60,000;99,877;200,000;-4,0505;21,1225;0,0000;33,9643;9,2472;18,4730;1,0416;-19,0863;186,0040;0,0000;0,0830;212,5609;-105,4879;-157,2390;10;0;54,732
1,8806;25,7316;31,0548;-41,0628;-112,9220;27,9912;46,2198;148,8049;432,924;-60,000;99,912;200,000;-4,0654;21,1200;0,0000;33,9789;9,2300;18,4785;1,0625;-15,3814;141,5045;0,0000;-8,7603;164,1468;-89,1465;-122,5735;10;0;54,476
1,8827;25,7231;31,0986;-41,0628;-112,8516;28,0103;46,2581;148,8071;433,336;-60,000;99,948;200,000;-4,1142;21,7086;0,0000;33,9280;9,9271;18,1037;0,5338;-27,0690;346,6042;0,0000;-31,4694;411,7554;-221,2281;-312,8823;10;0;54,222
1,8848;25,7145;31,1448;-41,0628;-112,7814;28,0323;46,2948;148,8071;433,750;-60,000;99,966;199,927;-4,1776;22,5558;0,0000;33,8485;10,9356;17,5621;-0,2336;-22,3613;265,9045;0,0000;-22,5729;313,6013;-169,4107;-236,9464;12;0;53,957
1,8868;25,7058;31,1920;-41,0628;-112,7114;28,0556;46,3309;148,8062;434,164;-60,000;99,977;200,000;-4,2068;22,8101;0,0000;33,8345;11,2262;17,4019;-0,4477;-10,5195;59,9115;0,0000;0,2103;64,2586;-36,8921;-44,8458;12;0;53,688
1,8889;25,6971;31,2392;-41,0628;-112,6413;28,0788;46,3669;148,8053;434,578;-60,000;99,989;200,000;-4,2211;22,8040;0,0000;33,8494;11,2018;17,4093;-0,4194;-11,5930;86,7498;0,0000;-7,7401;98,6105;-58,6102;-72,1587;12;0;53,421
1,8910;25,6883;31,2865;-41,0628;-112,5711;28,1020;46,4030;148,8044;434,992;-60,000;100,000;200,000;-4,2548;23,1694;0,0000;33,8024;11,6347;17,1591;-0,7466;-16,3188;177,9499;0,0000;-22,9107;210,6964;-121,8504;-159,2304;12;0;53,156
1,8930;25,6795;31,3352;-41,0628;-112,5012;28,1270;46,4380;148,8022;435,407;-60,000;100,000;199,999;-4,2887;23,5411;0,0000;33,7545;12,0746;16,9046;-1,0789;-11,6439;89,5463;0,0000;-8,2279;101,6739;-60,6332;-74,2438;12;0;52,884
1,8951;25,6706;31,3840;-41,0628;-112,4313;28,1520;46,4730;148,7999;435,821;-60,000;100,000;200,000;-4,3031;23,5404;0,0000;33,7684;12,0558;16,9080;-1,0541;-6,8326;-2,0285;0,0000;7,0003;-11,1120;2,8108;13,5731;12;0;52,614
1,8972;25,6616;31,4327;-41,0628;-112,3614;28,1769;46,5080;148,7978;436,235;-60,000;100,000;200,000;-4,3170;23,5327;0,0000;33,7835;12,0286;16,9162;-1,0227;-6,7419;-3,6999;0,0000;7,2940;-13,1481;3,9701;15,1596;12;0;52,346
1,8993;25,6527;31,4815;-41,0628;-112,2914;28,2018;46,5431;148,7957;436,649;-60,000;100,000;200,000;-4,3310;23,5250;0,0000;33,7986;12,0014;16,9244;-0,9913;-6,7395;-3,6843;0,0000;7,3074;-13,1076;3,9604;15,1302;12;0;52,079
1,9013;25,6437;31,5302;-41,0628;-112,2214;28,2266;46,5781;148,7937;437,064;-60,000;100,000;200,000;-4,3449;23,5174;0,0000;33,8137;11,9743;16,9326;-0,9600;-6,7371;-3,6687;0,0000;7,3208;-13,0671;3,9509;15,1008;12;0;51,815
1,9034;25,6347;31,5789;-41,0628;-112,1513;28,2514;46,6132;148,7917;437,478;-60,000;100,000;200,000;-4,3589;23,5098;0,0000;33,8289;11,9472;16,9408;-0,9288;-6,7348;-3,6532;0,0000;7,3342;-13,0268;3,9414;15,0716;12;0;51,553
1,9055;25,6256;31,6276;-41,0628;-112,0812;28,2761;46,6483;148,7898;437,892;-60,000;100,000;200,000;-4,3728;23,5023;0,0000;33,8441;11,9203;16,9490;-0,8976;-6,7325;-3,6377;0,0000;7,3477;-12,9866;3,9321;15,0425;12;0;51,293
1,9075;25,6166;31,6762;-41,0628;-112,0111;28,3008;46,6834;148,7880;438,306;-60,000;100,000;200,000;-4,3868;23,4948;0,0000;33,8593;11,8934;16,9571;-0,8665;-6,7303;-3,6222;0,0000;7,3613;-12,9465;3,9228;15,0135;12;0;51,034
1,9096;25,6075;31,7249;-41,0628;-111,9410;28,3254;46,7185;148,7863;438,720;-60,000;100,000;200,000;-4,4007;23,4873;0,0000;33,8746;11,8667;16,9652;-0,8354;-6,7281;-3,6068;0,0000;7,3748;-12,9066;3,9135;14,9846;12;0;50,778
1,9117;25,5983;31,7735;-41,0628;-111,8708;28,3500;46,7537;148,7846;439,135;-60,000;100,000;200,000;-4,4147;23,4798;0,0000;33,8899;11,8400;16,9733;-0,8044;-6,7259;-3,5913;0,0000;7,3885;-12,8668;3,9044;14,9558;12;0;50,524
1,9138;25,5892;31,8221;-41,0628;-111,8006;28,3744;46,7889;148,7829;439,549;-60,000;100,000;200,000;-4,4286;23,4724;0,0000;33,9052;11,8134;16,9814;-0,7735;-6,7238;-3,5759;0,0000;7,4022;-12,8271;3,8953;14,9272;12;0;50,272
1,9158;25,5800;31,8708;-41,0628;-111,7303;28,3989;46,8240;148,7813;439,963;-60,000;100,000;200,000;-4,4425;23,4650;0,0000;33,9206;11,7868;16,9894;-0,7426;-6,7217;-3,5605;0,0000;7,4159;-12,7875;3,8864;14,8987;12;0;50,022
1,9179;25,5708;31,9193;-41,0628;-111,6601;28,4233;46,8592;148,7798;440,377;-60,000;100,000;200,000;-4,4564;23,4577;0,0000;33,9359;11,7604;16,9975;-0,7118;-6,7196;-3,5451;0,0000;7,4297;-12,7481;3,8775;14,8702;12;0;49,774
1,9200;25,5615;31,9679;-41,0628;-111,5898;28,4476;46,8944;148,7784;440,792;-60,000;100,000;200,000;-4,4703;23,4503;0,0000;33,9513;11,7340;17,0055;-0,6810;-6,7176;-3,5298;0,0000;7,4435;-12,7087;3,8687;14,8420;12;0;49,529
1,9220;25,5523;32,0165;-41,0628;-111,5194;28,4719;46,9297;148,7770;441,206;-60,000;100,000;200,000;-4,4843;23,4430;0,0000;33,9668;11,7078;17,0135;-0,6503;-6,7156;-3,5144;0,0000;7,4574;-12,6695;3,8599;14,8138;12;0;49,286
1,9241;25,5430;32,0650;-41,0628;-111,4491;28,4961;46,9649;148,7757;441,620;-60,000;100,000;200,000;-4,4982;23,4358;0,0000;33,9822;11,6816;17,0215;-0,6196;-6,7136;-3,4991;0,0000;7,4713;-12,6304;3,8513;14,7857;12;0;49,045
1,9262;25,5336;32,1136;-41,0628;-111,3787;28,5203;47,0002;148,7745;442,034;-60,000;100,000;200,000;-4,5121;23,4285;0,0000;33,9977;11,6554;17,0295;-0,5890;-6,7117;-3,4838;0,0000;7,4852;-12,5915;3,8427;14,7578;12;0;48,807
1,9283;25,5243;32,1621;-41,0628;-111,3082;28,5444;47,0355;148,7733;442,449;-60,000;100,000;200,000;-4,5260;23,4213;0,0000;34,0132;11,6294;17,0374;-0,5585;-6,7098;-3,4685;0,0000;7,4993;-12,5526;3,8342;14,7300;12;0;48,570
1,9303;25,5149;32,2106;-41,0628;-111,2378;28,5684;47,0708;148,7721;442,863;-60,000;100,000;200,000;-4,5399;23,4142;0,0000;34,0288;11,6034;17,0453;-0,5280;-6,7079;-3,4532;0,0000;7,5133;-12,5139;3,8258;14,7022;12;0;48,337
1,9324;25,5055;32,2591;-41,0628;-111,1673;28,5924;47,1061;148,7711;443,277;-60,000;100,000;200,000;-4,5537;23,4070;0,0000;34,0444;11,5776;17,0532;-0,4976;-6,7061;-3,4380;0,0000;7,5274;-12,4753;3,8175;14,6747;12;0;48,105
1,9345;25,4960;32,3075;-41,0628;-111,0968;28,6164;47,1414;148,7701;443,691;-60,000;100,000;200,000;-4,5676;23,3999;0,0000;34,0600;11,5518;17,0611;-0,4672;-6,7043;-3,4228;0,0000;7,5416;-12,4368;3,8092;14,6472;12;0;47,876
1,9365;25,4865;32,3560;-41,0628;-111,0262;28,6403;47,1767;148,7691;444,105;-60,000;100,000;200,000;-4,5815;23,3929;0,0000;34,0756;11,5260;17,0690;-0,4369;-6,7026;-3,4075;0,0000;7,5558;-12,3984;3,8010;14,6198;12;0;47,650
1,9386;25,4770;32,4044;-41,0628;-110,9556;28,6641;47,2121;148,7683;444,520;-60,000;100,000;200,000;-4,5954;23,3858;0,0000;34,0913;11,5004;17,0769;-0,4067;-6,7009;-3,3923;0,0000;7,5700;-12,3602;3,7929;14,5926;12;0;47,426
1,9407;25,4675;32,4529;-41,0628;-110,8850;28,6879;47,2475;148,7675;444,934;-60,000;100,000;200,000;-4,6093;23,3788;0,0000;34,1069;11,4748;17,0847;-0,3765;-6,6992;-3,3772;0,0000;7,5843;-12,3220;3,7849;14,5654;12;0;47,205
1,9428;25,4579;32,5013;-41,0628;-110,8143;28,7117;47,2829;148,7667;445,348;-60,000;100,000;200,000;-4,6232;23,3718;0,0000;34,1227;11,4494;17,0926;-0,3463;-6,6976;-3,3620;0,0000;7,5987;-12,2840;3,7770;14,5384;12;0;46,986
1,9448;25,4484;32,5497;-41,0628;-110,7436;28,7354;47,3183;148,7660;445,762;-60,000;100,000;200,000;-4,6370;23,3649;0,0000;34,1384;11,4240;17,1004;-0,3162;-6,6960;-3,3469;0,0000;7,6131;-12,2461;3,7691;14,5115;12;0;46,770
1,9469;25,4387;32,5981;-41,0628;-110,6729;28,7590;47,3537;148,7654;446,177;-60,000;100,000;200,000;-4,6509;23,3580;0,0000;34,1542;11,3986;17,1082;-0,2862;-6,6944;-3,3317;0,0000;7,6276;-12,2083;3,7613;14,4847;12;0;46,557
1,9490;25,4291;32,6464;-41,0628;-110,6022;28,7826;47,3891;148,7648;446,591;-60,000;100,000;200,000;-4,6648;23,3511;0,0000;34,1700;11,3734;17,1160;-0,2562;-6,6929;-3,3166;0,0000;7,6421;-12,1707;3,7536;14,4581;12;0;46,346
1,9510;25,4194;32,6948;-41,0628;-110,5314;28,8061;47,4246;148,7643;447,005;-60,000;100,000;200,000;-4,6786;23,3442;0,0000;34,1859;11,3482;17,1237;-0,2263;-6,6914;-3,3015;0,0000;7,6566;-12,1331;3,7460;14,4315;12;0;46,139
1,9531;25,4097;32,7431;-41,0628;-110,4605;28,8296;47,4601;148,7639;447,419;-60,000;100,000;200,000;-4,6925;23,3374;0,0000;34,2017;11,3231;17,1315;-0,1965;-6,6899;-3,2865;0,0000;7,6712;-12,0957;3,7384;14,4051;12;0;45,933
1,9552;25,4000;32,7915;-41,0628;-110,3897;28,8530;47,4956;148,7635;447,834;-60,000;100,000;200,000;-4,7063;23,3306;0,0000;34,2176;11,2981;17,1392;-0,1667;-6,6885;-3,2714;0,0000;7,6859;-12,0584;3,7309;14,3787;12;0;45,731
1,9573;25,3902;32,8398;-41,0628;-110,3188;28,8764;47,5311;148,7632;448,248;-60,000;100,000;200,000;-4,7202;23,3239;0,0000;34,2336;11,2732;17,1469;-0,1369;-6,6871;-3,2564;0,0000;7,7006;-12,0212;3,7235;14,3525;12;0;45,532
1,9593;25,3804;32,8881;-41,0628;-110,2479;28,8997;47,5666;148,7630;448,662;-60,000;100,000;200,000;-4,7340;23,3171;0,0000;34,2495;11,2483;17,1546;-0,1072;-6,6857;-3,2413;0,0000;7,7153;-11,9841;3,7162;14,3264;12;0;45,335
1,9614;25,3706;32,9364;-41,0628;-110,1769;28,9230;47,6021;148,7628;449,076;-60,000;100,000;200,000;-4,7479;23,3104;0,0000;34,2655;11,2235;17,1623;-0,0776;-6,6844;-3,2263;0,0000;7,7301;-11,9471;3,7089;14,3004;12;0;45,142
1,9635;25,3608;32,9846;-41,0628;-110,1059;28,9462;47,6377;148,7626;449,491;-60,000;100,000;200,000;-4,7617;23,3038;0,0000;34,2816;11,1988;17,1700;-0,0480;-6,6831;-3,2113;0,0000;7,7450;-11,9102;3,7017;14,2746;12;0;44,952
1,9655;25,3509;33,0329;-41,0628;-110,0349;28,9694;47,6733;148,7626;449,905;-60,000;100,000;200,000;-4,7756;23,2971;0,0000;34,2976;11,1742;17,1777;-0,0184;-6,6818;-3,1963;0,0000;7,7599;-11,8735;3,6946;14,2488;12;0;44,764
1,9676;25,3410;33,0812;-41,0628;-109,9639;28,9925;47,7088;148,7626;450,319;-60,000;100,000;200,000;-4,7894;23,2905;0,0000;34,3137;11,1497;17,1853;0,0111;-6,6806;-3,1814;0,0000;7,7748;-11,8369;3,6876;14,2231;12;0;44,580
1,9697;25,3310;33,1294;-41,0628;-109,8928;29,0156;47,7444;148,7626;450,733;-60,000;100,000;200,000;-4,8032;23,2839;0,0000;34,3298;11,1252;17,1929;0,0405;-6,6794;-3,1664;0,0000;7,7898;-11,8004;3,6807;14,1976;12;0;44,398
1,9718;25,3211;33,1776;-41,0628;-109,8217;29,0386;47,7801;148,7627;451,147;-60,000;100,000;200,000;-4,8171;23,2774;0,0000;34,3460;11,1008;17,2006;0,0699;-6,6783;-3,1515;0,0000;7,8049;-11,7640;3,6738;14,1722;12;0;44,220
1,9738;25,3111;33,2258;-41,0628;-109,7505;29,0615;47,8157;148,7629;451,562;-60,000;100,000;200,000;-4,8309;23,2709;0,0000;34,3622;11,0764;17,2082;0,0992;-6,6772;-3,1365;0,0000;7,8200;-11,7277;3,6670;14,1469;12;0;44,045
1,9759;25,3011;33,2740;-41,0628;-109,6793;29,0845;47,8513;148,7631;451,976;-60,000;100,000;200,000;-4,8447;23,2644;0,0000;34,3784;11,0522;17,2157;0,1285;-6,6761;-3,1216;0,0000;7,8352;-11,6915;3,6602;14,1217;12;0;43,873
1,9780;25,2910;33,3222;-41,0628;-109,6081;29,1073;47,8870;148,7634;452,390;-60,000;100,000;200,000;-4,8585;23,2580;0,0000;34,3946;11,0280;17,2233;0,1577;-6,6750;-3,1067;0,0000;7,8504;-11,6554;3,6536;14,0966;12;0;43,705
1,9800;25,2809;33,3703;-41,0628;-109,5368;29,1301;47,9227;148,7638;452,804;-60,000;100,000;200,000;-4,8724;23,2515;0,0000;34,4109;11,0039;17,2309;0,1869;-6,6740;-3,0919;0,0000;7,8656;-11,6195;3,6470;14,0716;12;0;43,540
1,9821;25,2708;33,4185;-41,0628;-109,4656;29,1529;47,9584;148,7642;453,219;-60,000;100,000;200,000;-4,8862;23,2452;0,0000;34,4272;10,9799;17,2384;0,2160;-6,6730;-3,0770;0,0000;7,8810;-11,5836;3,6405;14,0467;12;0;43,378
1,9842;25,2607;33,4666;-41,0628;-109,3942;29,1756;47,9941;148,7647;453,633;-60,000;100,000;200,000;-4,9000;23,2388;0,0000;34,4435;10,9559;17,2460;0,2451;-6,6721;-3,0621;0,0000;7,8963;-11,5479;3,6340;14,0220;12;0;43,219
1,9862;25,2505;33,5148;-41,0628;-109,3229;29,1983;48,0298;148,7652;454,047;-60,000;100,000;200,000;-4,9138;23,2325;0,0000;34,4599;10,9320;17,2535;0,2741;-6,6712;-3,0473;0,0000;7,9117;-11,5123;3,6277;13,9973;12;0;43,064
1,9883;25,2404;33,5629;-41,0628;-109,2515;29,2209;48,0656;148,7658;454,461;-60,000;100,000;200,000;-4,9276;23,2262;0,0000;34,4763;10,9082;17,2610;0,3030;-6,6703;-3,0324;0,0000;7,9272;-11,4768;3,6214;13,9728;12;0;42,912
1,9904;25,2301;33,6110;-41,0628;-109,1801;29,2435;48,1013;148,7665;454,876;-60,000;100,000;200,000;-4,9415;23,2199;0,0000;34,4927;10,8845;17,2685;0,3319;-6,6695;-3,0176;0,0000;7,9428;-11,4414;3,6152;13,9484;12;0;42,764
1,9925;25,2199;33,6591;-41,0628;-109,1086;29,2660;48,1371;148,7672;455,290;-60,000;100,000;200,000;-4,9553;23,2137;0,0000;34,5092;10,8608;17,2760;0,3608;-6,6687;-3,0028;0,0000;7,9583;-11,4061;3,6090;13,9241;12;0;42,619
1,9945;25,2096;33,7071;-41,0628;-109,0371;29,2885;48,1729;148,7680;455,704;-60,000;100,000;200,000;-4,9691;23,2075;0,0000;34,5257;10,8373;17,2834;0,3896;-6,6679;-2,9880;0,0000;7,9740;-11,3709;3,6029;13,8999;12;0;42,478
1,9966;25,1993;33,7552;-41,0628;-108,9656;29,3109;48,2087;148,7688;456,118;-60,000;100,000;200,000;-4,9829;23,2013;0,0000;34,5422;10,8137;17,2909;0,4184;-6,6672;-2,9732;0,0000;7,9897;-11,3358;3,5969;13,8758;12;0;42,340
1,9987;25,1890;33,8032;-41,0628;-108,8940;29,3333;48,2445;148,7697;456,533;-60,000;100,000;200,000;-4,9967;23,1952;0,0000;34,5588;10,7903;17,2983;0,4471;-6,6665;-2,9585;-0,0000;8,0054;-11,3009;3,5910;13,8518;12;0;42,206
2,0007;25,1786;33,8513;-41,0628;-108,8224;29,3556;48,2804;148,7707;456,947;-60,000;100,000;200,000;-5,0105;23,1890;-0,0000;34,5754;10,7669;17,3058;0,4758;-6,6658;-2,9437;0,0000;8,0212;-11,2660;3,5851;13,8279;12;0;42,076
2,0028;25,1682;33,8993;-41,0628;-108,7508;29,3779;48,3162;148,7717;457,361;-60,000;100,000;200,000;-5,0243;23,1830;0,0000;34,5920;10,7436;17,3132;0,5044;-6,6652;-2,9290;-0,0000;8,0371;-11,2313;3,5793;13,8042;12;0;41,949
2,0049;25,1578;33,9473;-41,0628;-108,6792;29,4001;48,3521;148,7728;457,775;-60,000;100,000;200,000;-5,0381;23,1769;-0,0000;34,6087;10,7204;17,3206;0,5330;-6,6646;-2,9142;-0,0000;8,0530;-11,1966;3,5736;13,7805;12;0;41,826
2,0070;25,1473;33,9953;-41,0628;-108,6075;29,4223;48,3879;148,7739;458,189;-60,000;100,000;200,000;-5,0519;23,1709;0,0000;34,6254;10,6973;17,3280;0,5615;-6,6641;-2,8995;-0,0000;8,0689;-11,1621;3,5680;13,7570;12;0;41,707
2,0090;25,1369;34,0433;-41,0628;-108,5357;29,4444;48,4238;148,7751;458,604;-60,000;100,000;200,000;-5,0657;23,1649;-0,0000;34,6421;10,6742;17,3354;0,5899;-6,6636;-2,8848;-0,0000;8,0849;-11,1277;3,5624;13,7336;12;0;41,592
2,0111;25,1264;34,0913;-41,0628;-108,4640;29,4665;48,4598;148,7763;459,018;-60,000;100,000;200,000;-5,0795;23,1589;0,0000;34,6589;10,6512;17,3427;0,6184;-6,6631;-2,8701;0,0000;8,1010;-11,0934;3,5569;13,7102;12;0;41,480
2,0132;25,1158;34,1392;-41,0628;-108,3922;29,4885;48,4957;148,7776;459,432;-60,000;100,000;200,000;-5,0933;23,1530;0,0000;34,6757;10,6282;17,3501;0,6467;-6,6626;-2,8554;-0,0000;8,1172;-11,0592;3,5515;13,6870;12;0;41,372
2,0152;25,1053;34,1872;-41,0628;-108,3203;29,5105;48,5316;148,7790;459,846;-60,000;100,000;200,000;-5,1071;23,1471;-0,0000;34,6925;10,6053;17,3575;0,6751;-6,6622;-2,8407;0,0000;8,1333;-11,0250;3,5461;13,6639;12;0;41,269
2,0173;25,0947;34,2351;-41,0628;-108,2484;29,5324;48,5676;148,7804;460,261;-60,000;100,000;200,000;-5,1209;23,1412;0,0000;34,7094;10,5825;17,3648;0,7033;-6,6618;-2,8260;-0,0000;8,1496;-10,9910;3,5408;13,6409;12;0;41,169
2,0194;25,0840;34,2830;-41,0628;-108,1765;29,5543;48,6036;148,7819;460,675;-60,000;100,000;200,000;-5,1347;23,1354;-0,0000;34,7263;10,5598;17,3721;0,7316;-6,6615;-2,8113;-0,0000;8,1659;-10,9572;3,5356;13,6180;12;0;41,073
2,0215;25,0734;34,3309;-41,0628;-108,1046;29,5762;48,6395;148,7835;461,089;-60,000;100,000;200,000;-5,1485;23,1296;0,0000;34,7432;10,5372;17,3794;0,7597;-6,6612;-2,7967;0,0000;8,1822;-10,9234;3,5304;13,5953;12;0;40,981
2,0235;25,0627;34,3788;-41,0628;-108,0326;29,5980;48,6756;148,7851;461,503;-60,000;100,000;200,000;-5,1623;23,1238;0,0000;34,7601;10,5146;17,3867;0,7879;-6,6609;-2,7820;-0,0000;8,1986;-10,8897;3,5253;13,5726;12;0;40,892
2,0256;25,0520;34,4267;-41,0628;-107,9606;29,6197;48,7116;148,7867;461,918;-60,000;100,000;200,000;-5,1761;23,1181;-0,0000;34,7771;10,4921;17,3940;0,8160;-6,6607;-2,7674;0,0000;8,2151;-10,8561;3,5203;13,5500;12;0;40,808
2,0277;25,0413;34,4746;-41,0628;-107,8886;29,6415;48,7476;148,7885;462,332;-60,000;100,000;200,000;-5,1899;23,1124;0,0000;34,7942;10,4696;17,4013;0,8440;-6,6605;-2,7528;-0,0000;8,2316;-10,8226;3,5154;13,5276;12;0;40,728
2,0297;25,0305;34,5225;-41,0628;-107,8165;29,6631;48,7837;148,7902;462,746;-60,000;100,000;200,000;-5,2037;23,1067;-0,0000;34,8112;10,4472;17,4086;0,8720;-6,6603;-2,7382;-0,0000;8,2482;-10,7893;3,5105;13,5052;12;0;40,652
2,0318;25,0197;34,5703;-41,0628;-107,7444;29,6847;48,8197;148,7921;463,160;-60,000;100,000;200,000;-5,2175;23,1010;0,0000;34,8283;10,4249;17,4159;0,8999;-6,6602;-2,7235;0,0000;8,2648;-10,7560;3,5057;13,4830;12;0;40,581
2,0339;25,0089;34,6181;-41,0628;-107,6722;29,7063;48,8558;148,7940;463,574;-60,000;100,000;200,000;-5,2313;23,0954;0,0000;34,8455;10,4027;17,4231;0,9278;-6,6601;-2,7089;-0,0000;8,2815;-10,7228;3,5009;13,4608;12;0;40,513
2,0360;24,9981;34,6660;-41,0628;-107,6000;29,7278;48,8919;148,7959;463,989;-60,000;100,000;200,000;-5,2451;23,0898;-0,0000;34,8627;10,3805;17,4304;0,9557;-6,6600;-2,6943;0,0000;8,2983;-10,6898;3,4963;13,4388;12;0;40,449
2,0380;24,9872;34,7138;-41,0628;-107,5278;29,7493;48,9280;148,7979;464,403;-60,000;100,000;200,000;-5,2589;23,0842;0,0000;34,8799;10,3584;17,4376;0,9835;-6,6600;-2,6797;-0,0000;8,3151;-10,6568;3,4917;13,4169;12;0;40,390
2,0401;24,9763;34,7616;-41,0628;-107,4555;29,7707;48,9641;148,8000;464,817;-60,000;100,000;200,000;-5,2727;23,0787;-0,0000;34,8971;10,3363;17,4448;1,0113;-6,6600;-2,6652;-0,0000;8,3320;-10,6239;3,4871;13,3951;12;0;40,334
2,0422;24,9653;34,8094;-41,0628;-107,3832;29,7921;49,0003;148,8021;465,231;-60,000;100,000;200,000;-5,2865;23,0732;0,0000;34,9144;10,3144;17,4521;1,0390;-6,6600;-2,6506;0,0000;8,3489;-10,5912;3,4827;13,3734;12;0;40,283
2,0442;24,9544;34,8572;-41,0628;-107,3109;29,8135;49,0364;148,8043;465,646;-60,000;100,000;200,000;-5,3003;23,0677;0,0000;34,9317;10,2925;17,4593;1,0667;-6,6601;-2,6360;-0,0000;8,3659;-10,5585;3,4783;13,3518;12;0;40,236
2,0463;24,9434;34,9049;-41,0628;-107,2385;29,8347;49,0726;148,8065;466,060;-60,000;100,000;200,000;-5,3140;23,0623;-0,0000;34,9490;10,2706;17,4665;1,0943;-6,6602;-2,6215;0,0000;8,3829;-10,5260;3,4739;13,3303;12;0;40,194
2,0484;24,9324;34,9527;-41,0628;-107,1661;29,8560;49,1088;148,8088;466,474;-60,000;100,000;200,000;-5,3278;23,0569;0,0000;34,9664;10,2489;17,4737;1,1219;-6,6604;-2,6069;-0,0000;8,4000;-10,4935;3,4697;13,3089;12;0;40,155
2,0505;24,9213;35,0005;-41,0628;-107,0937;29,8772;49,1450;148,8112;466,888;-60,000;100,000;200,000;-5,3416;23,0515;-0,0000;34,9838;10,2272;17,4808;1,1494;-6,6606;-2,5924;-0,0000;8,4172;-10,4612;3,4655;13,2876;12;0;40,121
2,0525;24,9102;35,0482;-41,0628;-107,0212;29,8984;49,1812;148,8136;467,303;-60,000;100,000;200,000;-5,3554;23,0461;0,0000;35,0013;10,2055;17,4880;1,1769;-6,6608;-2,5778;0,0000;8,4344;-10,4289;3,4614;13,2664;12;0;40,091
2,0546;24,8991;35,0959;-41,0628;-106,9487;29,9195;49,2174;148,8160;467,717;-60,000;100,000;200,000;-5,3692;23,0408;0,0000;35,0188;10,1840;17,4952;1,2044;-6,6610;-2,5633;-0,0000;8,4517;-10,3968;3,4573;13,2453;12;0;40,065
2,0567;24,8880;35,1436;-41,0628;-106,8762;29,9405;49,2536;148,8186;468,131;-60,000;100,000;200,000;-5,3830;23,0355;-0,0000;35,0363;10,1625;17,5023;1,2318;-6,6613;-2,5488;0,0000;8,4690;-10,3647;3,4533;13,2244;12;0;40,044
2,0587;24,8768;35,1913;-41,0628;-106,8036;29,9616;49,2899;148,8211;468,545;-60,000;100,000;200,000;-5,3968;23,0302;0,0000;35,0538;10,1410;17,5095;1,2592;-6,6616;-2,5342;-0,0000;8,4864;-10,3328;3,4494;13,2035;12;0;40,026
2,0608;24,8656;35,2390;-41,0628;-106,7310;29,9826;49,3262;148,8238;468,960;-60,000;100,000;200,000;-5,4106;23,0250;-0,0000;35,0714;10,1197;17,5166;1,2865;-6,6620;-2,5197;-0,0000;8,5039;-10,3009;3,4455;13,1827;12;0;40,014
2,0629;24,8544;35,2867;-41,0628;-106,6583;30,0035;49,3625;148,8265;469,374;-60,000;100,000;200,000;-5,4244;23,0198;0,0000;35,0891;10,0984;17,5237;1,3138;-6,6624;-2,5052;0,0000;8,5214;-10,2691;3,4417;13,1621;12;0;40,005
2,0650;24,8432;35,3344;-41,0628;-106,5856;30,0244;49,3988;148,8292;469,788;-60,000;100,000;200,000;-5,4382;23,0146;0,0000;35,1067;10,0771;17,5309;1,3410;-6,6628;-2,4907;-0,0000;8,5390;-10,2375;3,4380;13,1415;12;0;40,001
2,0670;24,8319;35,3821;-41,0628;-106,5129;30,0452;49,4351;148,8320;470,202;-60,000;100,000;200,000;-5,4520;23,0095;-0,0000;35,1244;10,0560;17,5380;1,3682;-6,6633;-2,4762;0,0000;8,5567;-10,2059;3,4343;13,1211;12;0;40,000
2,0691;24,8206;35,4297;-41,0628;-106,4401;30,0660;49,4714;148,8349;470,616;-60,000;100,000;200,000;-5,4658;23,0044;0,0000;35,1422;10,0349;17,5451;1,3954;-6,6638;-2,4617;-0,0000;8,5744;-10,1745;3,4307;13,1008;12;0;40,000
2,0712;24,8092;35,4773;-41,0628;-106,3673;30,0868;49,5078;148,8378;471,031;-60,000;100,000;200,000;-5,4796;22,9993;-0,0000;35,1600;10,0138;17,5522;1,4225;-6,6644;-2,4472;-0,0000;8,5921;-10,1431;3,4272;13,0805;12;0;40,000
2,0732;24,7979;35,5250;-41,0628;-106,2945;30,1075;49,5441;148,8408;471,445;-60,000;100,000;200,000;-5,4934;22,9942;0,0000;35,1778;9,9928;17,5593;1,4496;-6,6649;-2,4327;0,0000;8,6100;-10,1118;3,4238;13,0604;12;0;40,000
2,0753;24,7865;35,5726;-41,0628;-106,2216;30,1282;49,5805;148,8438;471,859;-60,000;100,000;200,000;-5,5072;22,9892;0,0000;35,1956;9,9719;17,5664;1,4766;-6,6655;-2,4182;-0,0000;8,6279;-10,0806;3,4204;13,0404;12;0;40,000
2,0774;24,7751;35,6202;-41,0628;-106,1487;30,1488;49,6169;148,8469;472,273;-60,000;100,000;200,000;-5,5210;22,9842;-0,0000;35,2135;9,9511;17,5735;1,5036;-6,6662;-2,4037;0,0000;8,6458;-10,0496;3,4170;13,0204;12;0;40,000
2,0795;24,7636;35,6678;-41,0628;-106,0757;30,1694;49,6533;148,8500;472,688;-60,000;100,000;200,000;-5,5348;22,9792;0,0000;35,2314;9,9303;17,5805;1,5305;-6,6669;-2,3893;-0,0000;8,6638;-10,0186;3,4138;13,0006;12;0;40,000
2,0815;24,7521;35,7154;-41,0628;-106,0027;30,1900;49,6897;148,8532;473,102;-60,000;100,000;200,000;-5,5487;22,9743;-0,0000;35,2494;9,9096;17,5876;1,5574;-6,6676;-2,3748;-0,0000;8,6819;-9,9877;3,4106;12,9809;12;0;40,000
2,0836;24,7406;35,7630;-41,0628;-105,9297;30,2105;49,7261;148,8565;473,516;-60,000;100,000;200,000;-5,5625;22,9694;0,0000;35,2674;9,8889;17,5947;1,5843;-6,6683;-2,3603;-0,0000;8,7001;-9,9569;3,4075;12,9613;12;0;40,000
2,0857;24,7291;35,8105;-41,0628;-105,8566;30,2309;49,7626;148,8598;473,930;-60,000;100,000;200,000;-5,5763;22,9645;-0,0000;35,2854;9,8683;17,6017;1,6111;-6,6691;-2,3459;-0,0000;8,7183;-9,9262;3,4044;12,9418;12;0;40,000
2,0877;24,7175;35,8581;-41,0628;-105,7835;30,2513;49,7991;148,8632;474,345;-60,000;100,000;200,000;-5,5901;22,9597;0,0000;35,3035;9,8478;17,6088;1,6379;-6,6700;-2,3314;0,0000;8,7365;-9,8956;3,4014;12,9224;12;0;40,000
2,0898;24,7059;35,9056;-41,0628;-105,7104;30,2717;49,8355;148,8666;474,759;-60,000;100,000;200,000;-5,6039;22,9549;0,0000;35,3216;9,8273;17,6158;1,6646;-6,6708;-2,3169;-0,0000;8,7549;-9,8651;3,3984;12,9031;12;0;40,000
2,0919;24,6943;35,9532;-41,0628;-105,6372;30,2921;49,8720;148,8701;475,173;-60,000;100,000;200,000;-5,6177;22,9501;-0,0000;35,3398;9,8069;17,6228;1,6914;-6,6717;-2,3025;0,0000;8,7733;-9,8347;3,3956;12,8839;12;0;40,000
2,0940;24,6827;36,0007;-41,0628;-105,5640;30,3123;49,9085;148,8736;475,587;-60,000;100,000;200,000;-5,6315;22,9453;0,0000;35,3580;9,7866;17,6299;1,7180;-6,6727;-2,2880;-0,0000;8,7918;-9,8044;3,3928;12,8648;12;0;40,000
2,0960;24,6710;36,0482;-41,0628;-105,4908;30,3326;49,9451;148,8772;476,001;-60,000;100,000;200,000;-5,6454;22,9406;-0,0000;35,3762;9,7663;17,6369;1,7446;-6,6736;-2,2736;-0,0000;8,8103;-9,7741;3,3900;12,8458;12;0;40,000
2,0981;24,6593;36,0957;-41,0628;-105,4175;30,3528;49,9816;148,8808;476,416;-60,000;100,000;200,000;-5,6592;22,9359;0,0000;35,3945;9,7461;17,6439;1,7712;-6,6746;-2,2591;0,0000;8,8289;-9,7440;3,3874;12,8269;12;0;40,000
2,1002;24,6476;36,1432;-41,0628;-105,3442;30,3730;50,0181;148,8845;476,830;-60,000;100,000;200,000;-5,6730;22,9313;0,0000;35,4128;9,7260;17,6509;1,7978;-6,6757;-2,2446;-0,0000;8,8475;-9,7140;3,3847;12,8081;12;0;40,000
2,1022;24,6358;36,1907;-41,0628;-105,2708;30,3931;50,0547;148,8883;477,244;-60,000;100,000;200,000;-5,6868;22,9266;-0,0000;35,4311;9,7059;17,6579;1,8243;-6,6767;-2,2302;0,0000;8,8663;-9,6840;3,3822;12,7894;12;0;40,000
2,1043;24,6240;36,2382;-41,0628;-105,1974;30,4132;50,0913;148,8921;477,658;-60,000;100,000;200,000;-5,7007;22,9220;0,0000;35,4495;9,6859;17,6649;1,8508;-6,6779;-2,2157;-0,0000;8,8851;-9,6542;3,3797;12,7708;12;0;40,000
2,1064;24,6122;36,2857;-41,0628;-105,1239;30,4332;50,1279;148,8959;478,073;-60,000;100,000;200,000;-5,7145;22,9174;-0,0000;35,4679;9,6659;17,6719;1,8772;-6,6790;-2,2013;-0,0000;8,9039;-9,6244;3,3773;12,7523;12;0;40,000
2,1084;24,6003;36,3331;-41,0628;-105,0505;30,4532;50,1645;148,8999;478,487;-60,000;100,000;200,000;-5,7283;22,9129;0,0000;35,4864;9,6460;17,6789;1,9036;-6,6802;-2,1868;0,0000;8,9229;-9,5947;3,3750;12,7339;12;0;40,000
2,1105;24,5884;36,3806;-41,0628;-104,9769;30,4732;50,2011;148,9038;478,901;-60,000;100,000;200,000;-5,7422;22,9084;0,0000;35,5049;9,6261;17,6859;1,9299;-6,6814;-2,1724;-0,0000;8,9419;-9,5651;3,3727;12,7156;12;0;40,000
2,1126;24,5765;36,4280;-41,0628;-104,9034;30,4931;50,2378;148,9078;479,315;-60,000;100,000;200,000;-5,7560;22,9039;-0,0000;35,5234;9,6064;17,6929;1,9562;-6,6827;-2,1580;0,0000;8,9609;-9,5356;3,3704;12,6974;12;0;40,000
2,1147;24,5646;36,4755;-41,0628;-104,8298;30,5130;50,2744;148,9119;479,730;-60,000;100,000;200,000;-5,7699;22,8994;0,0000;35,5420;9,5866;17,6999;1,9825;-6,6840;-2,1435;-0,0000;8,9800;-9,5062;3,3683;12,6793;12;0;40,000
2,1167;24,5526;36,5229;-41,0628;-104,7562;30,5328;50,3111;148,9161;480,144;-60,000;100,000;200,000;-5,7837;22,8950;-0,0000;35,5606;9,5670;17,7069;2,0088;-6,6853;-2,1291;-0,0000;8,9992;-9,4769;3,3662;12,6614;12;0;40,000
2,1188;24,5406;36,5703;-41,0628;-104,6825;30,5526;50,3478;148,9202;480,558;-60,000;100,000;200,000;-5,7975;22,8906;0,0000;35,5793;9,5474;17,7138;2,0350;-6,6867;-2,1146;0,0000;9,0185;-9,4477;3,3641;12,6435;12;0;40,000
2,1209;24,5286;36,6177;-41,0628;-104,6088;30,5723;50,3844;148,9245;480,972;-60,000;100,000;200,000;-5,8114;22,8863;0,0000;35,5980;9,5279;17,7208;2,0611;-6,6881;-2,1002;-0,0000;9,0378;-9,4186;3,3622;12,6257;12;0;40,000
2,1229;24,5166;36,6651;-41,0628;-104,5350;30,5921;50,4212;148,9288;481,387;-60,000;100,000;200,000;-5,8253;22,8819;-0,0000;35,6167;9,5084;17,7278;2,0873;-6,6895;-2,0857;0,0000;9,0572;-9,3895;3,3603;12,6080;12;0;40,000
2,1250;24,5045;36,7125;-41,0628;-104,4612;30,6117;50,4579;148,9331;481,801;-60,000;100,000;200,000;-5,8391;22,8776;0,0000;35,6355;9,4890;17,7347;2,1134;-6,6910;-2,0713;-0,0000;9,0767;-9,3606;3,3584;12,5904;12;0;40,000
2,1271;24,4924;36,7599;-41,0628;-104,3874;30,6314;50,4946;148,9375;482,215;-60,000;100,000;200,000;-5,8530;22,8733;-0,0000;35,6543;9,4696;17,7417;2,1394;-6,6925;-2,0568;-0,0000;9,0962;-9,3317;3,3567;12,5729;12;0;40,000
2,1292;24,4802;36,8072;-41,0628;-104,3136;30,6510;50,5314;148,9420;482,629;-60,000;100,000;200,000;-5,8668;22,8691;0,0000;35,6732;9,4503;17,7486;2,1655;-6,6941;-2,0424;0,0000;9,1159;-9,3029;3,3549;12,5556;12;0;40,000
2,1312;24,4681;36,8546;-41,0628;-104,2397;30,6705;50,5681;148,9465;483,043;-60,000;100,000;200,000;-5,8807;22,8649;0,0000;35,6921;9,4311;17,7556;2,1914;-6,6957;-2,0279;-0,0000;9,1355;-9,2742;3,3533;12,5383;12;0;40,000
2,1333;24,4559;36,9020;-41,0628;-104,1657;30,6900;50,6049;148,9511;483,458;-60,000;100,000;200,000;-5,8946;22,8607;-0,0000;35,7110;9,4119;17,7625;2,2174;-6,6973;-2,0135;0,0000;9,1553;-9,2456;3,3517;12,5211;12;0;40,000
2,1354;24,4437;36,9493;-41,0628;-104,0917;30,7095;50,6417;148,9557;483,872;-60,000;100,000;200,000;-5,9084;22,8565;0,0000;35,7300;9,3928;17,7694;2,2433;-6,6990;-1,9990;-0,0000;9,1751;-9,2171;3,3502;12,5040;12;0;40,000
2,1374;24,4314;36,9966;-41,0628;-104,0177;30,7289;50,6785;148,9604;484,286;-60,000;100,000;200,000;-5,9223;22,8524;-0,0000;35,7490;9,3737;17,7764;2,2692;-6,7007;-1,9845;-0,0000;9,1950;-9,1887;3,3487;12,4870;12;0;40,000
2,1395;24,4191;37,0440;-41,0628;-103,9436;30,7483;50,7154;148,9651;484,700;-60,000;100,000;200,000;-5,9362;22,8483;0,0000;35,7681;9,3547;17,7833;2,2950;-6,7024;-1,9701;0,0000;9,2150;-9,1603;3,3473;12,4701;12;0;40,000
2,1416;24,4068;37,0913;-41,0628;-103,8695;30,7677;50,7522;148,9699;485,115;-60,000;100,000;200,000;-5,9501;22,8443;0,0000;35,7872;9,3358;17,7902;2,3208;-6,7042;-1,9556;-0,0000;9,2350;-9,1321;3,3460;12,4533;12;0;40,000
2,1437;24,3945;37,1386;-41,0628;-103,7954;30,7870;50,7890;148,9747;485,529;-60,000;100,000;200,000;-5,9640;22,8402;-0,0000;35,8063;9,3169;17,7972;2,3466;-6,7060;-1,9412;0,0000;9,2551;-9,1039;3,3447;12,4367;12;0;40,000
2,1457;24,3821;37,1859;-41,0628;-103,7212;30,8063;50,8259;148,9796;485,943;-60,000;100,000;200,000;-5,9779;22,8362;0,0000;35,8255;9,2980;17,8041;2,3724;-6,7078;-1,9267;-0,0000;9,2753;-9,0758;3,3435;12,4201;12;0;40,000
2,1478;24,3697;37,2332;-41,0628;-103,6470;30,8255;50,8628;148,9845;486,357;-60,000;100,000;200,000;-5,9918;22,8322;-0,0000;35,8448;9,2793;17,8110;2,3981;-6,7097;-1,9122;-0,0000;9,2955;-9,0478;3,3423;12,4036;12;0;40,000
2,1499;24,3573;37,2805;-41,0628;-103,5727;30,8447;50,8997;148,9895;486,772;-60,000;100,000;200,000;-6,0057;22,8283;0,0000;35,8640;9,2606;17,8179;2,4237;-6,7117;-1,8977;0,0000;9,3158;-9,0199;3,3413;12,3872;12;0;40,000
2,1519;24,3448;37,3278;-41,0628;-103,4984;30,8639;50,9366;148,9946;487,186;-60,000;100,000;200,000;-6,0196;22,8244;0,0000;35,8833;9,2419;17,8249;2,4494;-6,7136;-1,8833;-0,0000;9,3362;-8,9921;3,3402;12,3709;12;0;40,000
2,1540;24,3324;37,3750;-41,0628;-103,4241;30,8830;50,9735;148,9997;487,600;-60,000;100,000;200,000;-6,0335;22,8205;-0,0000;35,9027;9,2233;17,8318;2,4750;-6,7156;-1,8688;0,0000;9,3567;-8,9644;3,3393;12,3547;12;0;40,000
2,1561;24,3199;37,4223;-41,0628;-103,3497;30,9021;51,0105;149,0048;488,014;-60,000;100,000;200,000;-6,0474;22,8166;0,0000;35,9221;9,2048;17,8387;2,5006;-6,7177;-1,8543;-0,0000;9,3772;-8,9367;3,3384;12,3386;12;0;40,000
2,1582;24,3073;37,4695;-41,0628;-103,2753;30,9211;51,0474;149,0100;488,428;-60,000;100,000;200,000;-6,0613;22,8128;-0,0000;35,9416;9,1863;17,8456;2,5261;-6,7197;-1,8398;-0,0000;9,3978;-8,9091;3,3375;12,3226;12;0;40,000
2,1602;24,2947;37,5168;-41,0628;-103,2008;30,9401;51,0844;149,0153;488,843;-60,000;100,000;200,000;-6,0752;22,8090;0,0000;35,9610;9,1679;17,8525;2,5516;-6,7218;-1,8253;-0,0000;9,4185;-8,8816;3,3368;12,3067;12;0;40,000
2,1623;24,2821;37,5640;-41,0628;-103,1263;30,9591;51,1214;149,0206;489,257;-60,000;100,000;200,000;-6,0891;22,8053;-0,0000;35,9806;9,1495;17,8594;2,5771;-6,7240;-1,8108;-0,0000;9,4393;-8,8542;3,3361;12,2909;12;0;40,000
2,1644;24,2695;37,6112;-41,0628;-103,0518;30,9780;51,1584;149,0260;489,671;-60,000;100,000;200,000;-6,1031;22,8015;0,0000;36,0001;9,1312;17,8663;2,6025;-6,7262;-1,7963;0,0000;9,4601;-8,8269;3,3354;12,2752;12;0;40,000
2,1664;24,2569;37,6585;-41,0628;-102,9772;30,9969;51,1954;149,0314;490,085;-60,000;100,000;200,000;-6,1170;22,7978;0,0000;36,0198;9,1129;17,8732;2,6279;-6,7284;-1,7818;-0,0000;9,4810;-8,7996;3,3348;12,2596;12;0;40,000
2,1685;24,2442;37,7057;-41,0628;-102,9026;31,0158;51,2324;149,0369;490,500;-60,000;100,000;200,000;-6,1309;22,7941;-0,0000;36,0394;9,0947;17,8802;2,6533;-6,7307;-1,7673;0,0000;9,5020;-8,7725;3,3343;12,2441;12;0;40,000
2,1706;24,2315;37,7529;-41,0628;-102,8279;31,0346;51,2695;149,0424;490,914;-60,000;100,000;200,000;-6,1449;22,7905;0,0000;36,0591;9,0766;17,8871;2,6786;-6,7330;-1,7527;-0,0000;9,5231;-8,7454;3,3338;12,2287;12;0;40,000
2,1727;24,2187;37,8001;-41,0628;-102,7532;31,0534;51,3065;149,0479;491,328;-60,000;100,000;200,000;-6,1588;22,7869;-0,0000;36,0789;9,0585;17,8940;2,7039;-6,7353;-1,7382;-0,0000;9,5442;-8,7184;3,3334;12,2134;12;0;40,000
2,1747;24,2060;37,8473;-41,0628;-102,6785;31,0721;51,3436;149,0536;491,742;-60,000;100,000;200,000;-6,1728;22,7833;0,0000;36,0986;9,0405;17,9009;2,7292;-6,7377;-1,7237;0,0000;9,5654;-8,6915;3,3331;12,1981;12;0;40,000
2,1768;24,1932;37,8945;-41,0628;-102,6037;31,0908;51,3807;149,0593;492,157;-60,000;100,000;200,000;-6,1867;22,7797;0,0000;36,1185;9,0225;17,9078;2,7545;-6,7401;-1,7092;-0,0000;9,5867;-8,6647;3,3328;12,1830;12;0;40,000
2,1789;24,1803;37,9416;-41,0628;-102,5289;31,1095;51,4178;149,0650;492,571;-60,000;100,000;200,000;-6,2007;22,7762;-0,0000;36,1384;9,0046;17,9147;2,7797;-6,7426;-1,6946;0,0000;9,6081;-8,6379;3,3326;12,1680;12;0;40,000
2,1809;24,1675;37,9888;-41,0628;-102,4540;31,1281;51,4549;149,0708;492,985;-60,000;100,000;200,000;-6,2147;22,7727;0,0000;36,1583;8,9867;17,9216;2,8049;-6,7451;-1,6801;-0,0000;9,6296;-8,6112;3,3325;12,1531;12;0;40,000
2,1830;24,1546;38,0360;-41,0628;-102,3791;31,1467;51,4920;149,0766;493,399;-60,000;100,000;200,000;-6,2286;22,7693;-0,0000;36,1782;8,9689;17,9285;2,8300;-6,7476;-1,6655;-0,0000;9,6511;-8,5846;3,3324;12,1382;12;0;40,000
2,1851;24,1417;38,0831;-41,0628;-102,3041;31,1653;51,5291;149,0825;493,814;-60,000;100,000;200,000;-6,2426;22,7658;0,0000;36,1983;8,9512;17,9354;2,8552;-6,7502;-1,6509;0,0000;9,6727;-8,5581;3,3324;12,1235;12;0;40,000
2,1872;24,1287;38,1303;-41,0628;-102,2291;31,1838;51,5663;149,0884;494,228;-60,000;100,000;200,000;-6,2566;22,7624;0,0000;36,2183;8,9335;17,9423;2,8803;-6,7528;-1,6364;-0,0000;9,6944;-8,5317;3,3324;12,1089;12;0;40,000
2,1892;24,1158;38,1774;-41,0628;-102,1541;31,2023;51,6035;149,0944;494,642;-60,000;100,000;200,000;-6,2706;22,7590;-0,0000;36,2384;8,9158;17,9492;2,9053;-6,7554;-1,6218;0,0000;9,7161;-8,5053;3,3325;12,0943;12;0;40,000
2,1913;24,1028;38,2246;-41,0628;-102,0790;31,2207;51,6406;149,1005;495,056;-60,000;100,000;200,000;-6,2846;22,7557;0,0000;36,2586;8,8982;17,9561;2,9304;-6,7581;-1,6072;-0,0000;9,7380;-8,4791;3,3327;12,0799;12;0;40,000
2,1934;24,0897;38,2717;-41,0628;-102,0039;31,2391;51,6778;149,1066;495,470;-60,000;100,000;200,000;-6,2986;22,7524;-0,0000;36,2788;8,8807;17,9630;2,9554;-6,7608;-1,5926;-0,0000;9,7599;-8,4529;3,3329;12,0655;12;0;40,000
2,1954;24,0767;38,3188;-41,0628;-101,9287;31,2575;51,7150;149,1127;495,885;-60,000;100,000;200,000;-6,3126;22,7491;0,0000;36,2990;8,8632;17,9699;2,9803;-6,7636;-1,5780;0,0000;9,7819;-8,4268;3,3332;12,0513;12;0;40,000
2,1975;24,0636;38,3659;-41,0628;-101,8535;31,2759;51,7523;149,1189;496,299;-60,000;100,000;200,000;-6,3266;22,7458;0,0000;36,3193;8,8458;17,9768;3,0053;-6,7664;-1,5634;-0,0000;9,8040;-8,4007;3,3335;12,0371;12;0;40,000
2,1996;24,0505;38,4130;-41,0628;-101,7783;31,2942;51,7895;149,1252;496,713;-60,000;100,000;200,000;-6,3406;22,7426;-0,0000;36,3396;8,8284;17,9837;3,0302;-6,7692;-1,5488;0,0000;9,8261;-8,3748;3,3339;12,0231;12;0;40,000
2,2017;24,0373;38,4601;-41,0628;-101,7030;31,3124;51,8268;149,1315;497,127;-60,000;100,000;200,000;-6,3546;22,7394;0,0000;36,3600;8,8111;17,9906;3,0551;-6,7721;-1,5341;-0,0000;9,8484;-8,3489;3,3344;12,0091;12;0;40,000
2,2037;24,0241;38,5072;-41,0628;-101,6277;31,3307;51,8640;149,1378;497,542;-60,000;100,000;200,000;-6,3687;22,7363;-0,0000;36,3804;8,7939;17,9975;3,0799;-6,7750;-1,5195;-0,0000;9,8707;-8,3231;3,3349;11,9953;12;0;40,000
2,2058;24,0109;38,5543;-41,0628;-101,5523;31,3489;51,9013;149,1442;497,956;-60,000;100,000;200,000;-6,3827;22,7331;0,0000;36,4009;8,7766;18,0044;3,1048;-6,7780;-1,5049;0,0000;9,8931;-8,2974;3,3355;11,9815;12;0;40,000
2,2079;23,9977;38,6014;-41,0628;-101,4769;31,3670;51,9386;149,1507;498,370;-60,000;100,000;200,000;-6,3967;22,7300;0,0000;36,4214;8,7595;18,0113;3,1296;-6,7810;-1,4902;-0,0000;9,9156;-8,2717;3,3362;11,9678;12;0;40,000
2,2099;23,9844;38,6485;-41,0628;-101,4014;31,3851;51,9759;149,1572;498,784;-60,000;100,000;200,000;-6,4108;22,7270;-0,0000;36,4419;8,7424;18,0182;3,1543;-6,7840;-1,4755;0,0000;9,9382;-8,2461;3,3369;11,9542;12;0;40,000
2,2120;23,9711;38,6955;-41,0628;-101,3259;31,4032;52,0133;149,1637;499,199;-60,000;100,000;200,000;-6,4248;22,7239;0,0000;36,4625;8,7253;18,0252;3,1791;-6,7871;-1,4609;-0,0000;9,9608;-8,2206;3,3376;11,9407;12;0;40,000
2,2141;23,9578;38,7426;-41,0628;-101,2504;31,4213;52,0506;149,1703;499,613;-60,000;100,000;200,000;-6,4389;22,7209;-0,0000;36,4832;8,7083;18,0321;3,2038;-6,7902;-1,4462;-0,0000;9,9836;-8,1952;3,3385;11,9274;12;0;40,000
2,2161;23,9445;38,7896;-41,0628;-101,1748;31,4393;52,0879;149,1770;500,027;-60,000;100,000;200,000;-6,4530;22,7179;0,0000;36,5039;8,6914;18,0390;3,2285;-6,7934;-1,4315;0,0000;10,0064;-8,1699;3,3394;11,9141;12;0;40,000
2,2182;23,9311;38,8367;-41,0628;-101,0992;31,4573;52,1253;149,1837;500,441;-60,000;100,000;200,000;-6,4670;22,7150;0,0000;36,5247;8,6745;18,0459;3,2532;-6,7966;-1,4168;-0,0000;10,0293;-8,1446;3,3403;11,9009;12;0;40,000
2,2203;23,9177;38,8837;-41,0628;-101,0235;31,4752;52,1627;149,1905;500,855;-60,000;100,000;200,000;-6,4811;22,7121;-0,0000;36,5454;8,6576;18,0528;3,2778;-6,7998;-1,4021;0,0000;10,0523;-8,1194;3,3414;11,8878;12;0;40,000
2,2224;23,9042;38,9308;-41,0628;-100,9478;31,4932;52,2001;149,1973;501,270;-60,000;100,000;200,000;-6,4952;22,7092;0,0000;36,5663;8,6408;18,0597;3,3024;-6,8031;-1,3873;-0,0000;10,0754;-8,0943;3,3424;11,8747;12;0;40,000
2,2244;23,8908;38,9778;-41,0628;-100,8720;31,5110;52,2375;149,2042;501,684;-60,000;100,000;200,000;-6,5093;22,7063;-0,0000;36,5872;8,6241;18,0667;3,3270;-6,8064;-1,3726;-0,0000;10,0985;-8,0692;3,3436;11,8618;12;0;40,000
2,2265;23,8773;39,0248;-41,0628;-100,7962;31,5289;52,2749;149,2111;502,098;-60,000;100,000;200,000;-6,5234;22,7035;0,0000;36,6081;8,6074;18,0736;3,3515;-6,8098;-1,3578;0,0000;10,1218;-8,0442;3,3448;11,8490;12;0;40,000
2,2286;23,8637;39,0719;-41,0628;-100,7204;31,5467;52,3124;149,2180;502,512;-60,000;100,000;200,000;-6,5375;22,7007;0,0000;36,6291;8,5908;18,0805;3,3761;-6,8132;-1,3431;-0,0000;10,1451;-8,0194;3,3461;11,8363;12;0;40,000
2,2306;23,8502;39,1189;-41,0628;-100,6445;31,5645;52,3498;149,2251;502,927;-60,000;100,000;200,000;-6,5516;22,6979;-0,0000;36,6501;8,5742;18,0875;3,4006;-6,8166;-1,3283;0,0000;10,1685;-7,9945;3,3474;11,8237;12;0;40,000
2,2327;23,8366;39,1659;-41,0628;-100,5686;31,5822;52,3873;149,2321;503,341;-60,000;100,000;200,000;-6,5658;22,6952;0,0000;36,6712;8,5577;18,0944;3,4250;-6,8201;-1,3135;-0,0000;10,1920;-7,9698;3,3488;11,8111;12;0;40,000
2,2348;23,8230;39,2129;-41,0628;-100,4926;31,5999;52,4248;149,2393;503,755;-60,000;100,000;200,000;-6,5799;22,6925;-0,0000;36,6924;8,5412;18,1013;3,4495;-6,8236;-1,2987;-0,0000;10,2156;-7,9451;3,3503;11,7987;12;0;40,000
2,2369;23,8094;39,2599;-41,0628;-100,4166;31,6176;52,4623;149,2464;504,169;-60,000;100,000;200,000;-6,5940;22,6898;0,0000;36,7135;8,5248;18,1083;3,4739;-6,8272;-1,2839;-0,0000;10,2393;-7,9205;3,3518;11,7863;12;0;40,000
2,2389;23,7957;39,3069;-41,0628;-100,3405;31,6352;52,4998;149,2536;504,584;-60,000;100,000;200,000;-6,6082;22,6872;-0,0000;36,7348;8,5084;18,1152;3,4983;-6,8308;-1,2691;-0,0000;10,2631;-7,8960;3,3533;11,7741;12;0;40,000
2,2410;23,7820;39,3539;-41,0628;-100,2644;31,6528;52,5373;149,2609;504,998;-60,000;100,000;200,000;-6,6223;22,6846;0,0000;36,7561;8,4921;18,1222;3,5227;-6,8344;-1,2542;0,0000;10,2869;-7,8715;3,3550;11,7619;12;0;40,000
2,2431;23,7682;39,4008;-41,0628;-100,1883;31,6704;52,5749;149,2682;505,412;-60,000;100,000;200,000;-6,6365;22,6820;0,0000;36,7774;8,4758;18,1291;3,5470;-6,8381;-1,2394;-0,0000;10,3109;-7,8471;3,3567;11,7499;12;0;40,000
2,2451;23,7545;39,4478;-41,0628;-100,1121;31,6879;52,6124;149,2756;505,826;-60,000;100,000;200,000;-6,6506;22,6794;-0,0000;36,7988;8,4595;18,1361;3,5714;-6,8418;-1,2245;0,0000;10,3349;-7,8228;3,3584;11,7379;12;0;40,000
2,2472;23,7407;39,4948;-41,0628;-100,0358;31,7054;52,6500;149,2830;506,241;-60,000;100,000;200,000;-6,6648;22,6769;0,0000;36,8202;8,4434;18,1430;3,5957;-6,8456;-1,2097;-0,0000;10,3591;-7,7985;3,3603;11,7260;12;0;40,000
2,2493;23,7269;39,5417;-41,0628;-99,9596;31,7229;52,6876;149,2905;506,655;-60,000;100,000;200,000;-6,6790;22,6744;-0,0000;36,8417;8,4272;18,1500;3,6199;-6,8494;-1,1948;-0,0000;10,3833;-7,7744;3,3622;11,7142;12;0;40,000
2,2514;23,7130;39,5887;-41,0628;-99,8832;31,7404;52,7252;149,2980;507,069;-60,000;100,000;200,000;-6,6932;22,6720;0,0000;36,8632;8,4112;18,1569;3,6442;-6,8533;-1,1799;0,0000;10,4076;-7,7503;3,3641;11,7026;12;0;40,000
2,2534;23,6992;39,6357;-41,0628;-99,8069;31,7578;52,7628;149,3056;507,483;-60,000;100,000;200,000;-6,7074;22,6695;0,0000;36,8848;8,3951;18,1639;3,6684;-6,8572;-1,1649;-0,0000;10,4320;-7,7262;3,3661;11,6910;12;0;40,000
2,2555;23,6852;39,6826;-41,0628;-99,7304;31,7751;52,8004;149,3132;507,897;-60,000;100,000;200,000;-6,7216;22,6671;-0,0000;36,9064;8,3792;18,1709;3,6926;-6,8611;-1,1500;0,0000;10,4565;-7,7023;3,3682;11,6795;12;0;40,000
2,2576;23,6713;39,7296;-41,0628;-99,6540;31,7925;52,8381;149,3209;508,312;-60,000;100,000;200,000;-6,7358;22,6648;0,0000;36,9281;8,3632;18,1779;3,7168;-6,8651;-1,1351;-0,0000;10,4811;-7,6784;3,3703;11,6681;12;0;40,000
2,2596;23,6573;39,7765;-41,0628;-99,5775;31,8098;52,8757;149,3286;508,726;-60,000;100,000;200,000;-6,7500;22,6624;-0,0000;36,9498;8,3474;18,1848;3,7409;-6,8691;-1,1201;-0,0000;10,5057;-7,6546;3,3725;11,6568;12;0;40,000
2,2617;23,6434;39,8234;-41,0628;-99,5009;31,8270;52,9134;149,3364;509,140;-60,000;100,000;200,000;-6,7643;22,6601;0,0000;36,9716;8,3315;18,1918;3,7651;-6,8732;-1,1051;0,0000;10,5305;-7,6308;3,3748;11,6455;12;0;40,000
2,2638;23,6293;39,8704;-41,0628;-99,4243;31,8443;52,9511;149,3442;509,554;-60,000;100,000;200,000;-6,7785;22,6578;0,0000;36,9935;8,3157;18,1988;3,7892;-6,8773;-1,0901;-0,0000;10,5554;-7,6071;3,3771;11,6344;12;0;40,000
2,2659;23,6153;39,9173;-41,0628;-99,3477;31,8615;52,9888;149,3521;509,969;-60,000;100,000;200,000;-6,7927;22,6556;-0,0000;37,0154;8,3000;18,2058;3,8133;-6,8814;-1,0751;0,0000;10,5803;-7,5835;3,3795;11,6234;12;0;40,000
2,2679;23,6012;39,9642;-41,0628;-99,2710;31,8787;53,0265;149,3600;510,383;-60,000;100,000;200,000;-6,8070;22,6534;0,0000;37,0373;8,2843;18,2128;3,8373;-6,8856;-1,0601;-0,0000;10,6054;-7,5600;3,3819;11,6124;12;0;40,000
2,2700;23,5871;40,0111;-41,0628;-99,1943;31,8958;53,0642;149,3680;510,797;-60,000;100,000;200,000;-6,8213;22,6512;-0,0000;37,0593;8,2687;18,2198;3,8614;-6,8898;-1,0451;-0,0000;10,6305;-7,5365;3,3844;11,6016;12;0;40,000
2,2721;23,5729;40,0580;-41,0628;-99,1175;31,9129;53,1020;149,3760;511,211;-60,000;100,000;200,000;-6,8355;22,6491;0,0000;37,0813;8,2531;18,2268;3,8854;-6,8941;-1,0300;0,0000;10,6558;-7,5131;3,3870;11,5909;12;0;40,000
2,2741;23,5588;40,1049;-41,0628;-99,0407;31,9300;53,1397;149,3841;511,626;-60,000;100,000;200,000;-6,8498;22,6469;0,0000;37,1034;8,2376;18,2339;3,9094;-6,8984;-1,0149;-0,0000;10,6811;-7,4897;3,3896;11,5802;12;0;40,000
2,2762;23,5446;40,1519;-41,0628;-98,9638;31,9470;53,1775;149,3922;512,040;-60,000;100,000;200,000;-6,8641;22,6449;-0,0000;37,1256;8,2221;18,2409;3,9334;-6,9028;-0,9998;0,0000;10,7066;-7,4665;3,3923;11,5696;12;0;40,000
2,2783;23,5303;40,1987;-41,0628;-98,8869;31,9641;53,2153;149,4004;512,454;-60,000;100,000;200,000;-6,8784;22,6428;0,0000;37,1478;8,2066;18,2479;3,9573;-6,9072;-0,9847;-0,0000;10,7321;-7,4433;3,3951;11,5592;12;0;40,000
2,2804;23,5161;40,2456;-41,0628;-98,8099;31,9810;53,2531;149,4086;512,868;-60,000;100,000;200,000;-6,8927;22,6408;-0,0000;37,1700;8,1913;18,2550;3,9812;-6,9116;-0,9696;-0,0000;10,7577;-7,4201;3,3979;11,5488;12;0;40,000
2,2824;23,5018;40,2925;-41,0628;-98,7329;31,9980;53,2909;149,4169;513,282;-60,000;100,000;200,000;-6,9071;22,6388;0,0000;37,1923;8,1759;18,2620;4,0052;-6,9161;-0,9544;0,0000;10,7835;-7,3971;3,4008;11,5385;12;0;40,000
2,2845;23,4875;40,3394;-41,0628;-98,6558;32,0149;53,3287;149,4252;513,697;-60,000;100,000;200,000;-6,9214;22,6368;0,0000;37,2147;8,1606;18,2690;4,0290;-6,9206;-0,9393;-0,0000;10,8093;-7,3740;3,4037;11,5283;12;0;40,000
2,2866;23,4731;40,3863;-41,0628;-98,5787;32,0318;53,3666;149,4335;514,111;-60,000;100,000;200,000;-6,9357;22,6349;-0,0000;37,2371;8,1454;18,2761;4,0529;-6,9252;-0,9241;0,0000;10,8352;-7,3511;3,4067;11,5182;12;0;40,000
2,2886;23,4587;40,4332;-41,0628;-98,5016;32,0486;53,4044;149,4420;514,525;-60,000;100,000;200,000;-6,9501;22,6330;0,0000;37,2596;8,1302;18,2832;4,0768;-6,9298;-0,9089;-0,0000;10,8612;-7,3282;3,4098;11,5082;12;0;40,000
2,2907;23,4443;40,4801;-41,0628;-98,4244;32,0655;53,4423;149,4504;514,939;-60,000;100,000;200,000;-6,9644;22,6311;-0,0000;37,2821;8,1150;18,2902;4,1006;-6,9345;-0,8937;-0,0000;10,8874;-7,3054;3,4129;11,4983;12;0;40,000
2,2928;23,4299;40,5269;-41,0628;-98,3472;32,0823;53,4802;149,4590;515,354;-60,000;100,000;200,000;-6,9788;22,6293;0,0000;37,3047;8,0999;18,2973;4,1244;-6,9392;-0,8784;0,0000;10,9136;-7,2827;3,4161;11,4885;12;0;40,000
2,2949;23,4154;40,5738;-41,0628;-98,2699;32,0990;53,5181;149,4675;515,768;-60,000;100,000;200,000;-6,9932;22,6275;0,0000;37,3273;8,0848;18,3044;4,1482;-6,9440;-0,8632;-0,0000;10,9399;-7,2600;3,4194;11,4788;12;0;40,000
2,2969;23,4009;40,6207;-41,0628;-98,1925;32,1157;53,5560;149,4761;516,182;-60,000;100,000;200,000;-7,0076;22,6257;-0,0000;37,3500;8,0698;18,3115;4,1719;-6,9488;-0,8479;0,0000;10,9663;-7,2374;3,4227;11,4691;12;0;40,000
2,2990;23,3864;40,6675;-41,0628;-98,1152;32,1324;53,5939;149,4848;516,596;-60,000;100,000;200,000;-7,0220;22,6240;0,0000;37,3727;8,0549;18,3185;4,1957;-6,9536;-0,8326;-0,0000;10,9929;-7,2149;3,4261;11,4596;12;0;40,000
2,3011;23,3718;40,7144;-41,0628;-98,0377;32,1491;53,6319;149,4935;517,011;-60,000;100,000;200,000;-7,0364;22,6223;-0,0000;37,3955;8,0399;18,3256;4,2194;-6,9585;-0,8173;-0,0000;11,0195;-7,1924;3,4295;11,4502;12;0;40,000
2,3031;23,3572;40,7612;-41,0628;-97,9603;32,1657;53,6699;149,5023;517,425;-60,000;100,000;200,000;-7,0508;22,6206;0,0000;37,4184;8,0251;18,3328;4,2431;-6,9634;-0,8020;0,0000;11,0462;-7,1700;3,4330;11,4408;12;0;40,000
2,3052;23,3426;40,8081;-41,0628;-97,8827;32,1824;53,7078;149,5111;517,839;-60,000;100,000;200,000;-7,0652;22,6190;0,0000;37,4413;8,0102;18,3399;4,2668;-6,9684;-0,7866;-0,0000;11,0731;-7,1476;3,4366;11,4316;12;0;40,000
2,3073;23,3280;40,8549;-41,0628;-97,8052;32,1989;53,7458;149,5200;518,253;-60,000;100,000;200,000;-7,0796;22,6173;-0,0000;37,4643;7,9955;18,3470;4,2905;-6,9734;-0,7712;0,0000;11,1000;-7,1253;3,4402;11,4224;12;0;40,000
2,3094;23,3133;40,9018;-41,0628;-97,7275;32,2155;53,7838;149,5289;518,668;-60,000;100,000;200,000;-7,0941;22,6158;0,0000;37,4873;7,9807;18,3541;4,3141;-6,9785;-0,7558;-0,0000;11,1271;-7,1031;3,4439;11,4133;12;0;40,000
2,3114;23,2986;40,9486;-41,0628;-97,6499;32,2320;53,8219;149,5378;519,082;-60,000;100,000;200,000;-7,1086;22,6142;-0,0000;37,5103;7,9660;18,3613;4,3377;-6,9836;-0,7404;-0,0000;11,1542;-7,0809;3,4477;11,4043;12;0;40,000
2,3135;23,2838;40,9954;-41,0628;-97,5722;32,2485;53,8599;149,5468;519,496;-60,000;100,000;200,000;-7,1230;22,6127;0,0000;37,5335;7,9514;18,3684;4,3614;-6,9887;-0,7250;-0,0000;11,1815;-7,0588;3,4515;11,3955;12;0;40,000
2,3156;23,2691;41,0423;-41,0628;-97,4944;32,2649;53,8979;149,5559;519,910;-60,000;100,000;200,000;-7,1375;22,6112;-0,0000;37,5567;7,9368;18,3755;4,3849;-6,9940;-0,7095;-0,0000;11,2088;-7,0368;3,4554;11,3867;12;0;40,000
2,3176;23,2543;41,0891;-41,0628;-97,4166;32,2813;53,9360;149,5650;520,324;-60,000;100,000;200,000;-7,1520;22,6098;0,0000;37,5799;7,9222;18,3827;4,4085;-6,9992;-0,6940;0,0000;11,2363;-7,0148;3,4593;11,3780;12;0;40,000
2,3197;23,2394;41,1359;-41,0628;-97,3387;32,2977;53,9741;149,5742;520,739;-60,000;100,000;200,000;-7,1665;22,6083;0,0000;37,6032;7,9077;18,3899;4,4321;-7,0045;-0,6785;-0,0000;11,2639;-6,9929;3,4633;11,3694;12;0;40,000
2,3218;23,2246;41,1828;-41,0628;-97,2608;32,3141;54,0122;149,5834;521,153;-60,000;100,000;200,000;-7,1810;22,6069;-0,0000;37,6266;7,8933;18,3971;4,4556;-7,0098;-0,6630;0,0000;11,2916;-6,9710;3,4674;11,3608;12;0;40,000
2,3238;23,2097;41,2296;-41,0628;-97,1829;32,3304;54,0503;149,5926;521,567;-60,000;100,000;200,000;-7,1955;22,6056;0,0000;37,6500;7,8789;18,4042;4,4791;-7,0152;-0,6474;-0,0000;11,3194;-6,9493;3,4715;11,3524;12;0;40,000
2,3259;23,1948;41,2764;-41,0628;-97,1049;32,3467;54,0884;149,6019;521,981;-60,000;100,000;200,000;-7,2101;22,6043;-0,0000;37,6735;7,8645;18,4114;4,5026;-7,0207;-0,6319;-0,0000;11,3473;-6,9275;3,4757;11,3441;12;0;40,000
2,3280;23,1798;41,3232;-41,0628;-97,0268;32,3630;54,1266;149,6113;522,396;-60,000;100,000;200,000;-7,2246;22,6030;0,0000;37,6970;7,8502;18,4186;4,5261;-7,0261;-0,6163;0,0000;11,3753;-6,9059;3,4800;11,3359;12;0;40,000
2,3301;23,1649;41,3700;-41,0628;-96,9487;32,3793;54,1647;149,6207;522,810;-60,000;100,000;200,000;-7,2392;22,6017;0,0000;37,7206;7,8359;18,4259;4,5496;-7,0317;-0,6006;-0,0000;11,4034;-6,8842;3,4843;11,3277;12;0;40,000
2,3321;23,1498;41,4168;-41,0628;-96,8706;32,3955;54,2029;149,6301;523,224;-60,000;100,000;200,000;-7,2537;22,6005;-0,0000;37,7442;7,8217;18,4331;4,5730;-7,0372;-0,5850;0,0000;11,4316;-6,8627;3,4887;11,3197;12;0;40,000
2,3342;23,1348;41,4636;-41,0628;-96,7924;32,4117;54,2411;149,6396;523,638;-60,000;100,000;200,000;-7,2683;22,5993;0,0000;37,7679;7,8075;18,4403;4,5965;-7,0428;-0,5693;-0,0000;11,4600;-6,8412;3,4932;11,3117;12;0;40,000
2,3363;23,1197;41,5104;-41,0628;-96,7141;32,4278;54,2793;149,6491;524,053;-60,000;100,000;200,000;-7,2829;22,5981;-0,0000;37,7917;7,7933;18,4475;4,6199;-7,0485;-0,5536;-0,0000;11,4884;-6,8198;3,4977;11,3038;12;0;40,000
2,3383;23,1046;41,5573;-41,0628;-96,6358;32,4439;54,3175;149,6587;524,467;-60,000;100,000;200,000;-7,2975;22,5970;0,0000;37,8155;7,7792;18,4548;4,6433;-7,0542;-0,5379;0,0000;11,5170;-6,7984;3,5023;11,2961;12;0;40,000
2,3404;23,0895;41,6041;-41,0628;-96,5575;32,4600;54,3557;149,6684;524,881;-60,000;100,000;200,000;-7,3121;22,5959;0,0000;37,8394;7,7652;18,4621;4,6667;-7,0600;-0,5222;-0,0000;11,5457;-6,7771;3,5070;11,2884;12;0;40,000
2,3425;23,0744;41,6509;-41,0628;-96,4791;32,4761;54,3940;149,6781;525,295;-60,000;100,000;200,000;-7,3268;22,5948;-0,0000;37,8633;7,7511;18,4693;4,6901;-7,0658;-0,5064;0,0000;11,5745;-6,7559;3,5117;11,2808;12;0;40,000
2,3446;23,0592;41,6976;-41,0628;-96,4006;32,4921;54,4322;149,6878;525,709;-60,000;100,000;200,000;-7,3414;22,5938;0,0000;37,8873;7,7372;18,4766;4,7134;-7,0717;-0,4906;-0,0000;11,6034;-6,7347;3,5165;11,2733;12;0;40,000
2,3466;23,0439;41,7444;-41,0628;-96,3221;32,5082;54,4705;149,6976;526,124;-60,000;100,000;200,000;-7,3561;22,5928;-0,0000;37,9114;7,7232;18,4839;4,7368;-7,0776;-0,4748;-0,0000;11,6324;-6,7136;3,5213;11,2659;12;0;40,000
2,3487;23,0287;41,7912;-41,0628;-96,2436;32,5241;54,5088;149,7074;526,538;-60,000;100,000;200,000;-7,3707;22,5918;0,0000;37,9355;7,7094;18,4912;4,7601;-7,0835;-0,4589;0,0000;11,6615;-6,6925;3,5262;11,2586;12;0;40,000
2,3508;23,0134;41,8380;-41,0628;-96,1650;32,5401;54,5471;149,7173;526,952;-60,000;100,000;200,000;-7,3854;22,5909;0,0000;37,9597;7,6955;18,4985;4,7834;-7,0895;-0,4431;-0,0000;11,6908;-6,6715;3,5312;11,2514;12;0;40,000
2,3528;22,9981;41,8848;-41,0628;-96,0863;32,5560;54,5854;149,7272;527,366;-60,000;100,000;200,000;-7,4001;22,5900;-0,0000;37,9840;7,6817;18,5058;4,8067;-7,0956;-0,4272;0,0000;11,7202;-6,6505;3,5362;11,2443;12;0;40,000
2,3549;22,9828;41,9316;-41,0628;-96,0076;32,5719;54,6238;149,7372;527,781;-60,000;100,000;200,000;-7,4148;22,5891;0,0000;38,0083;7,6680;18,5131;4,8300;-7,1017;-0,4112;-0,0000;11,7496;-6,6296;3,5413;11,2373;12;0;40,000
2,3570;22,9674;41,9784;-41,0628;-95,9289;32,5878;54,6621;149,7473;528,195;-60,000;100,000;200,000;-7,4295;22,5883;-0,0000;38,0326;7,6543;18,5205;4,8533;-7,1078;-0,3953;-0,0000;11,7792;-6,6088;3,5465;11,2303;12;0;40,000
2,3591;22,9520;42,0252;-41,0628;-95,8501;32,6036;54,7005;149,7573;528,609;-60,000;100,000;200,000;-7,4442;22,5875;0,0000;38,0571;7,6406;18,5278;4,8765;-7,1140;-0,3793;0,0000;11,8090;-6,5880;3,5518;11,2235;12;0;40,000
2,3611;22,9365;42,0720;-41,0628;-95,7713;32,6194;54,7389;149,7675;529,023;-60,000;100,000;200,000;-7,4590;22,5867;0,0000;38,0815;7,6270;18,5352;4,8997;-7,1203;-0,3633;-0,0000;11,8388;-6,5673;3,5571;11,2167;12;0;40,000
2,3632;22,9211;42,1187;-41,0628;-95,6924;32,6352;54,7773;149,7776;529,438;-60,000;100,000;200,000;-7,4737;22,5860;-0,0000;38,1061;7,6134;18,5426;4,9230;-7,1266;-0,3472;0,0000;11,8688;-6,5466;3,5624;11,2101;12;0;40,000
2,3653;22,9056;42,1655;-41,0628;-95,6134;32,6510;54,8157;149,7878;529,852;-60,000;100,000;200,000;-7,4885;22,5853;0,0000;38,1307;7,5998;18,5499;4,9462;-7,1329;-0,3312;-0,0000;11,8989;-6,5260;3,5679;11,2035;12;0;40,000
2,3673;22,8901;42,2123;-41,0628;-95,5344;32,6667;54,8541;149,7981;530,266;-60,000;100,000;200,000;-7,5033;22,5846;-0,0000;38,1554;7,5864;18,5573;4,9694;-7,1393;-0,3151;-0,0000;11,9291;-6,5055;3,5734;11,1971;12;0;40,001
2,3694;22,8745;42,2591;-41,0628;-95,4554;32,6824;54,8925;149,8084;530,680;-60,000;100,000;200,000;-7,5181;22,5840;0,0000;38,1801;7,5729;18,5648;4,9926;-7,1457;-0,2990;0,0000;11,9594;-6,4850;3,5789;11,1907;12;0;40,006
2,3715;22,8589;42,3058;-41,0628;-95,3762;32,6981;54,9310;149,8188;531,095;-60,000;100,000;200,000;-7,5329;22,5834;0,0000;38,2049;7,5595;18,5722;5,0157;-7,1522;-0,2828;-0,0000;11,9898;-6,4645;3,5846;11,1844;12;0;40,015
2,3736;22,8433;42,3526;-41,0628;-95,2971;32,7137;54,9695;149,8292;531,509;-60,000;100,000;200,000;-7,5477;22,5828;-0,0000;38,2298;7,5461;18,5796;5,0389;-7,1588;-0,2666;0,0000;12,0204;-6,4441;3,5903;11,1782;12;0;40,028
2,3756;22,8277;42,3994;-41,0628;-95,2179;32,7293;55,0080;149,8397;531,923;-60,000;100,000;200,000;-7,5625;22,5823;0,0000;38,2547;7,5328;18,5870;5,0620;-7,1654;-0,2504;-0,0000;12,0511;-6,4238;3,5960;11,1721;12;0;40,046
2,3777;22,8120;42,4462;-41,0628;-95,1386;32,7449;55,0465;149,8502;532,337;-60,000;100,000;200,000;-7,5774;22,5818;-0,0000;38,2797;7,5195;18,5945;5,0852;-7,1720;-0,2342;-0,0000;12,0819;-6,4035;3,6019;11,1661;12;0;40,068
2,3798;22,7963;42,4929;-41,0628;-95,0593;32,7605;55,0850;149,8607;532,751;-60,000;100,000;200,000;-7,5922;22,5813;0,0000;38,3048;7,5063;18,6020;5,1083;-7,1787;-0,2179;0,0000;12,1128;-6,3833;3,6078;11,1602;12;0;40,095
2,3818;22,7805;42,5397;-41,0628;-94,9800;32,7760;55,1235;149,8713;533,166;-60,000;100,000;200,000;-7,6071;22,5809;0,0000;38,3299;7,4931;18,6094;5,1314;-7,1855;-0,2016;-0,0000;12,1439;-6,3631;3,6138;11,1544;12;0;40,125
2,3839;22,7648;42,5865;-41,0628;-94,9005;32,7915;55,1621;149,8820;533,580;-60,000;100,000;200,000;-7,6220;22,5805;-0,0000;38,3551;7,4799;18,6169;5,1545;-7,1923;-0,1852;0,0000;12,1751;-6,3430;3,6198;11,1487;12;0;40,160
2,3860;22,7490;42,6332;-41,0628;-94,8211;32,8070;55,2006;149,8927;533,994;-60,000;100,000;200,000;-7,6369;22,5801;0,0000;38,3803;7,4668;18,6244;5,1776;-7,1991;-0,1689;-0,0000;12,2064;-6,3230;3,6259;11,1431;12;0;40,199
2,3881;22,7331;42,6800;-41,0628;-94,7416;32,8224;55,2392;149,9034;534,408;-60,000;100,000;200,000;-7,6518;22,5798;-0,0000;38,4056;7,4537;18,6320;5,2007;-7,2060;-0,1525;-0,0000;12,2379;-6,3030;3,6321;11,1375;12;0;40,242
2,3901;22,7173;42,7268;-41,0628;-94,6620;32,8379;55,2778;149,9142;534,823;-60,000;100,000;200,000;-7,6668;22,5795;0,0000;38,4310;7,4407;18,6395;5,2237;-7,2130;-0,1360;0,0000;12,2695;-6,2830;3,6383;11,1321;12;0;40,290
2,3922;22,7014;42,7735;-41,0628;-94,5824;32,8533;55,3164;149,9251;535,237;-60,000;100,000;200,000;-7,6817;22,5792;0,0000;38,4565;7,4277;18,6470;5,2468;-7,2200;-0,1196;-0,0000;12,3012;-6,2631;3,6446;11,1268;12;0;40,341
2,3943;22,6854;42,8203;-41,0628;-94,5027;32,8686;55,3551;149,9360;535,651;-60,000;100,000;200,000;-7,6967;22,5790;-0,0000;38,4820;7,4147;18,6546;5,2698;-7,2271;-0,1031;0,0000;12,3330;-6,2433;3,6510;11,1215;12;0;40,397
2,3963;22,6695;42,8671;-41,0628;-94,4230;32,8840;55,3937;149,9469;536,065;-60,000;100,000;200,000;-7,7116;22,5788;0,0000;38,5075;7,4018;18,6621;5,2928;-7,2342;-0,0866;-0,0000;12,3650;-6,2235;3,6574;11,1163;12;0;40,457
2,3984;22,6535;42,9138;-41,0628;-94,3432;32,8993;55,4324;149,9579;536,480;-60,000;100,000;200,000;-7,7266;22,5786;-0,0000;38,5332;7,3890;18,6697;5,3159;-7,2413;-0,0700;-0,0000;12,3971;-6,2038;3,6639;11,1113;12;0;40,521
2,4005;22,6375;42,9606;-41,0628;-94,2633;32,9146;55,4710;149,9689;536,894;-60,000;100,000;200,000;-7,7416;22,5785;0,0000;38,5589;7,3761;18,6773;5,3389;-7,2486;-0,0534;-0,0000;12,4293;-6,1841;3,6705;11,1063;12;0;40,590
2,4026;22,6214;43,0074;-41,0628;-94,1835;32,9298;55,5097;149,9800;537,308;-60,000;100,000;200,000;-7,7567;22,5784;-0,0000;38,5847;7,3633;18,6849;5,3619;-7,2558;-0,0368;-0,0000;12,4617;-6,1645;3,6772;11,1015;12;0;40,662
2,4046;22,6053;43,0541;-41,0628;-94,1035;32,9451;55,5484;149,9911;537,722;-60,000;100,000;200,000;-7,7717;22,5783;0,0000;38,6105;7,3506;18,6926;5,3848;-7,2632;-0,0201;0,0000;12,4941;-6,1449;3,6839;11,0967;12;0;40,739
2,4067;22,5892;43,1009;-41,0628;-94,0235;32,9603;55,5872;150,0023;538,137;-60,000;100,000;200,000;-7,7867;22,5783;0,0000;38,6364;7,3379;18,7002;5,4078;-7,2705;-0,0034;-0,0000;12,5268;-6,1253;3,6907;11,0920;12;0;40,819
2,4088;22,5731;43,1476;-41,0628;-93,9435;32,9755;55,6259;150,0135;538,551;-60,000;100,000;200,000;-7,8018;22,5783;-0,0000;38,6624;7,3252;18,7078;5,4308;-7,2780;0,0133;0,0000;12,5595;-6,1059;3,6975;11,0874;12;0;40,904
2,4108;22,5569;43,1944;-41,0628;-93,8634;32,9906;55,6647;150,0248;538,965;-60,000;100,000;200,000;-7,8169;22,5784;0,0000;38,6885;7,3126;18,7155;5,4538;-7,2855;0,0301;-0,0000;12,5924;-6,0864;3,7045;11,0829;12;0;40,992
2,4129;22,5407;43,2412;-41,0628;-93,7832;33,0058;55,7034;150,0361;539,379;-60,000;100,000;200,000;-7,8320;22,5784;-0,0000;38,7146;7,3000;18,7232;5,4767;-7,2930;0,0469;-0,0000;12,6255;-6,0671;3,7114;11,0785;12;0;41,085
2,4150;22,5245;43,2879;-41,0628;-93,7030;33,0209;55,7422;150,0475;539,793;-60,000;100,000;200,000;-7,8471;22,5786;0,0000;38,7407;7,2875;18,7309;5,4996;-7,3006;0,0637;0,0000;12,6586;-6,0477;3,7185;11,0742;12;0;41,181
2,4171;22,5082;43,3347;-41,0628;-93,6227;33,0360;55,7810;150,0589;540,208;-60,000;100,000;200,000;-7,8622;22,5787;0,0000;38,7670;7,2750;18,7386;5,5226;-7,3083;0,0806;-0,0000;12,6920;-6,0285;3,7256;11,0700;12;0;41,282
2,4191;22,4919;43,3815;-41,0628;-93,5424;33,0510;55,8198;150,0704;540,622;-60,000;100,000;200,000;-7,8774;22,5789;-0,0000;38,7933;7,2625;18,7463;5,5455;-7,3160;0,0975;0,0000;12,7254;-6,0093;3,7329;11,0659;12;0;41,386
2,4212;22,4756;43,4282;-41,0628;-93,4620;33,0660;55,8587;150,0819;541,036;-60,000;100,000;200,000;-7,8925;22,5791;0,0000;38,8197;7,2501;18,7541;5,5684;-7,3237;0,1145;-0,0000;12,7590;-5,9901;3,7401;11,0619;12;0;41,495
2,4233;22,4592;43,4750;-41,0628;-93,3816;33,0810;55,8975;150,0934;541,450;-60,000;100,000;200,000;-7,9077;22,5794;-0,0000;38,8462;7,2377;18,7618;5,5913;-7,3316;0,1315;-0,0000;12,7927;-5,9710;3,7475;11,0579;12;0;41,607
2,4253;22,4428;43,5218;-41,0628;-93,3011;33,0960;55,9364;150,1050;541,865;-60,000;100,000;200,000;-7,9229;22,5797;0,0000;38,8727;7,2253;18,7696;5,6142;-7,3394;0,1485;0,0000;12,8266;-5,9519;3,7549;11,0541;12;0;41,723
2,4274;22,4264;43,5685;-41,0628;-93,2206;33,1110;55,9753;150,1167;542,279;-60,000;100,000;200,000;-7,9381;22,5800;0,0000;38,8993;7,2130;18,7774;5,6371;-7,3474;0,1655;-0,0000;12,8606;-5,9329;3,7624;11,0504;12;0;41,842
2,4295;22,4099;43,6153;-41,0628;-93,1400;33,1259;56,0142;150,1284;542,693;-60,000;100,000;200,000;-7,9533;22,5803;-0,0000;38,9260;7,2008;18,7852;5,6600;-7,3554;0,1826;0,0000;12,8948;-5,9139;3,7699;11,0467;12;0;41,966
2,4316;22,3934;43,6621;-41,0628;-93,0593;33,1408;56,0531;150,1401;543,107;-60,000;100,000;200,000;-7,9686;22,5807;0,0000;38,9527;7,1885;18,7930;5,6829;-7,3634;0,1998;-0,0000;12,9291;-5,8950;3,7776;11,0432;12;0;42,093
2,4336;22,3769;43,7088;-41,0628;-92,9786;33,1557;56,0920;150,1519;543,522;-60,000;100,000;200,000;-7,9838;22,5812;-0,0000;38,9795;7,1763;18,8008;5,7057;-7,3715;0,2170;-0,0000;12,9635;-5,8761;3,7853;11,0398;12;0;42,224
2,4357;22,3604;43,7556;-41,0628;-92,8979;33,1705;56,1310;150,1638;543,936;-60,000;100,000;200,000;-7,9991;22,5816;0,0000;39,0064;7,1642;18,8087;5,7286;-7,3797;0,2342;0,0000;12,9981;-5,8573;3,7930;11,0364;12;0;42,358
2,4378;22,3438;43,8024;-41,0628;-92,8171;33,1854;56,1699;150,1757;544,350;-60,000;100,000;200,000;-8,0144;22,5821;0,0000;39,0334;7,1521;18,8165;5,7515;-7,3879;0,2514;-0,0000;13,0328;-5,8385;3,8009;11,0331;12;0;42,496
2,4398;22,3272;43,8491;-41,0628;-92,7362;33,2002;56,2089;150,1876;544,764;-60,000;100,000;200,000;-8,0297;22,5827;-0,0000;39,0604;7,1400;18,8244;5,7743;-7,3962;0,2687;0,0000;13,0677;-5,8198;3,8088;11,0300;12;0;42,638
2,4419;22,3105;43,8959;-41,0628;-92,6553;33,2149;56,2479;150,1996;545,178;-60,000;100,000;200,000;-8,0450;22,5832;0,0000;39,0875;7,1280;18,8323;5,7971;-7,4045;0,2861;-0,0000;13,1027;-5,8011;3,8168;11,0269;12;0;42,783
2,4440;22,2938;43,9427;-41,0628;-92,5743;33,2297;56,2869;150,2116;545,593;-60,000;100,000;200,000;-8,0604;22,5839;-0,0000;39,1147;7,1160;18,8402;5,8200;-7,4129;0,3034;-0,0000;13,1379;-5,7824;3,8249;11,0240;12;0;42,932
2,4460;22,2771;43,9895;-41,0628;-92,4932;33,2444;56,3260;150,2237;546,007;-60,000;100,000;200,000;-8,0758;22,5845;0,0000;39,1419;7,1040;18,8481;5,8428;-7,4213;0,3209;0,0000;13,1732;-5,7639;3,8330;11,0211;12;0;43,084
2,4481;22,2604;44,0362;-41,0628;-92,4121;33,2591;56,3650;150,2358;546,421;-60,000;100,000;200,000;-8,0911;22,5852;0,0000;39,1693;7,0921;18,8561;5,8656;-7,4298;0,3383;-0,0000;13,2087;-5,7453;3,8412;11,0183;12;0;43,240
2,4502;22,2436;44,0830;-41,0628;-92,3310;33,2738;56,4041;150,2480;546,835;-60,000;100,000;200,000;-8,1065;22,5859;-0,0000;39,1966;7,0802;18,8641;5,8885;-7,4384;0,3558;0,0000;13,2443;-5,7268;3,8495;11,0156;12;0;43,399
2,4523;22,2268;44,1298;-41,0628;-92,2498;33,2884;56,4431;150,2602;547,250;-60,000;100,000;200,000;-8,1219;22,5867;0,0000;39,2241;7,0684;18,8720;5,9113;-7,4470;0,3734;-0,0000;13,2801;-5,7084;3,8578;11,0131;12;0;43,561
2,4543;22,2100;44,1766;-41,0628;-92,1685;33,3031;56,4822;150,2725;547,664;-60,000;100,000;200,000;-8,1374;22,5875;-0,0000;39,2517;7,0566;18,8800;5,9341;-7,4557;0,3910;-0,0000;13,3161;-5,6900;3,8663;11,0106;12;0;43,727
2,4564;22,1931;44,2234;-41,0628;-92,0872;33,3177;56,5213;150,2848;548,078;-60,000;100,000;200,000;-8,1528;22,5883;0,0000;39,2793;7,0448;18,8881;5,9569;-7,4644;0,4086;0,0000;13,3521;-5,6716;3,8748;11,0082;12;0;43,896
2,4585;22,1762;44,2701;-41,0628;-92,0058;33,3322;56,5605;150,2971;548,492;-60,000;100,000;200,000;-8,1683;22,5891;0,0000;39,3070;7,0331;18,8961;5,9797;-7,4733;0,4263;-0,0000;13,3884;-5,6533;3,8834;11,0059;12;0;44,068
2,4605;22,1593;44,3169;-41,0628;-91,9243;33,3468;56,5996;150,3096;548,907;-60,000;100,000;200,000;-8,1838;22,5900;-0,0000;39,3347;7,0214;18,9041;6,0025;-7,4821;0,4440;0,0000;13,4248;-5,6351;3,8920;11,0037;12;0;44,243
2,4626;22,1423;44,3637;-41,0628;-91,8429;33,3613;56,6388;150,3220;549,321;-60,000;100,000;200,000;-8,1993;22,5910;0,0000;39,3626;7,0097;18,9122;6,0253;-7,4910;0,4617;-0,0000;13,4613;-5,6168;3,9007;11,0016;12;0;44,422
2,4647;22,1253;44,4105;-41,0628;-91,7613;33,3758;56,6780;150,3345;549,735;-60,000;100,000;200,000;-8,2148;22,5920;-0,0000;39,3905;6,9981;18,9203;6,0480;-7,5000;0,4795;-0,0000;13,4980;-5,5987;3,9095;10,9996;12;0;44,603
2,4668;22,1083;44,4573;-41,0628;-91,6797;33,3903;56,7172;150,3471;550,149;-60,000;100,000;200,000;-8,2304;22,5930;0,0000;39,4185;6,9865;18,9284;6,0708;-7,5091;0,4974;0,0000;13,5349;-5,5805;3,9184;10,9977;12;0;44,788
2,4688;22,0912;44,5041;-41,0628;-91,5980;33,4048;56,7564;150,3597;550,564;-60,000;100,000;200,000;-8,2459;22,5940;0,0000;39,4466;6,9750;18,9365;6,0936;-7,5182;0,5153;-0,0000;13,5719;-5,5625;3,9274;10,9960;12;0;44,976
2,4709;22,0741;44,5509;-41,0628;-91,5163;33,4192;56,7956;150,3723;550,978;-60,000;100,000;200,000;-8,2615;22,5951;-0,0000;39,4747;6,9635;18,9447;6,1164;-7,5274;0,5332;0,0000;13,6091;-5,5444;3,9364;10,9943;12;0;45,167
2,4730;22,0570;44,5977;-41,0628;-91,4345;33,4336;56,8348;150,3850;551,392;-60,000;100,000;200,000;-8,2771;22,5962;0,0000;39,5029;6,9520;18,9528;6,1391;-7,5366;0,5512;-0,0000;13,6465;-5,5264;3,9455;10,9927;12;0;45,361
2,4750;22,0398;44,6445;-41,0628;-91,3526;33,4480;56,8741;150,3977;551,806;-60,000;100,000;200,000;-8,2927;22,5974;-0,0000;39,5312;6,9406;18,9610;6,1619;-7,5459;0,5692;-0,0000;13,6840;-5,5085;3,9547;10,9911;12;0;45,558
2,4771;22,0226;44,6913;-41,0628;-91,2707;33,4624;56,9134;150,4105;552,220;-60,000;100,000;200,000;-8,3084;22,5986;0,0000;39,5596;6,9292;18,9692;6,1847;-7,5552;0,5873;-0,0000;13,7216;-5,4906;3,9639;10,9897;12;0;45,757
2,4792;22,0054;44,7381;-41,0628;-91,1888;33,4767;56,9527;150,4234;552,635;-60,000;100,000;200,000;-8,3240;22,5998;-0,0000;39,5881;6,9179;18,9774;6,2074;-7,5647;0,6054;-0,0000;13,7595;-5,4727;3,9733;10,9884;12;0;45,960
2,4813;21,9882;44,7849;-41,0628;-91,1068;33,4910;56,9920;150,4362;553,049;-60,000;100,000;200,000;-8,3397;22,6011;0,0000;39,6166;6,9066;18,9857;6,2302;-7,5741;0,6236;0,0000;13,7975;-5,4549;3,9827;10,9872;12;0;46,165
2,4833;21,9709;44,8317;-41,0628;-91,0247;33,5053;57,0313;150,4492;553,463;-60,000;100,000;200,000;-8,3554;22,6024;0,0000;39,6452;6,8953;18,9939;6,2529;-7,5837;0,6418;-0,0000;13,8356;-5,4371;3,9922;10,9861;12;0;46,374
2,4854;21,9536;44,8785;-41,0628;-90,9425;33,5196;57,0707;150,4621;553,877;-60,000;100,000;200,000;-8,3711;22,6038;-0,0000;39,6739;6,8840;19,0022;6,2757;-7,5933;0,6601;0,0000;13,8740;-5,4194;4,0018;10,9851;12;0;46,585
2,4875;21,9362;44,9254;-41,0628;-90,8603;33,5338;57,1100;150,4752;554,292;-60,000;100,000;200,000;-8,3868;22,6051;0,0000;39,7027;6,8728;19,0105;6,2984;-7,6030;0,6784;-0,0000;13,9125;-5,4017;4,0114;10,9842;12;0;46,798
2,4895;21,9188;44,9722;-41,0628;-90,7781;33,5481;57,1494;150,4882;554,706;-60,000;100,000;200,000;-8,4026;22,6066;-0,0000;39,7316;6,8617;19,0188;6,3212;-7,6127;0,6968;-0,0000;13,9512;-5,3841;4,0211;10,9834;12;0;47,015
2,4916;21,9014;45,0190;-41,0628;-90,6957;33,5623;57,1888;150,5013;555,120;-60,000;100,000;200,000;-8,4184;22,6080;0,0000;39,7605;6,8505;19,0272;6,3439;-7,6225;0,7152;0,0000;13,9900;-5,3665;4,0309;10,9827;12;0;47,234
2,4937;21,8839;45,0658;-41,0628;-90,6134;33,5764;57,2282;150,5145;555,534;-60,000;100,000;200,000;-8,4342;22,6095;0,0000;39,7895;6,8394;19,0355;6,3667;-7,6324;0,7337;-0,0000;14,0290;-5,3489;4,0408;10,9821;12;0;47,455
2,4958;21,8665;45,1127;-41,0628;-90,5309;33,5906;57,2677;150,5277;555,949;-60,000;100,000;200,000;-8,4500;22,6111;-0,0000;39,8186;6,8284;19,0439;6,3894;-7,6423;0,7522;0,0000;14,0682;-5,3314;4,0508;10,9816;12;0;47,679
2,4978;21,8489;45,1595;-41,0628;-90,4484;33,6047;57,3071;150,5410;556,363;-60,000;100,000;200,000;-8,4658;22,6126;0,0000;39,8478;6,8173;19,0523;6,4122;-7,6523;0,7708;-0,0000;14,1075;-5,3139;4,0608;10,9812;12;0;47,906
2,4999;21,8314;45,2063;-41,0628;-90,3659;33,6188;57,3466;150,5543;556,777;-60,000;100,000;200,000;-8,4817;22,6143;-0,0000;39,8770;6,8064;19,0607;6,4349;-7,6624;0,7894;-0,0000;14,1471;-5,2965;4,0709;10,9809;12;0;48,135
2,5020;21,8138;45,2532;-41,0628;-90,2832;33,6329;57,3861;150,5676;557,191;-60,000;100,000;200,000;-8,4976;22,6159;0,0000;39,9064;6,7954;19,0692;6,4577;-7,6725;0,8080;0,0000;14,1868;-5,2791;4,0811;10,9807;12;0;48,367
2,5040;21,7962;45,3000;-41,0628;-90,2006;33,6470;57,4256;150,5810;557,605;-60,000;100,000;200,000;-8,5135;22,6176;0,0000;39,9358;6,7845;19,0776;6,4804;-7,6827;0,8268;-0,0000;14,2267;-5,2618;4,0914;10,9806;12;0;48,601
2,5061;21,7785;45,3469;-41,0628;-90,1178;33,6610;57,4651;150,5945;558,020;-60,000;100,000;200,000;-8,5294;22,6193;-0,0000;39,9653;6,7736;19,0861;6,5031;-7,6930;0,8455;0,0000;14,2667;-5,2444;4,1018;10,9806;12;0;48,838
2,5082;21,7609;45,3937;-41,0628;-90,0350;33,6750;57,5046;150,6080;558,434;-60,000;100,000;200,000;-8,5453;22,6211;0,0000;39,9949;6,7628;19,0946;6,5259;-7,7033;0,8644;-0,0000;14,3069;-5,2272;4,1122;10,9807;12;0;49,076
2,5103;21,7431;45,4406;-41,0628;-89,9521;33,6890;57,5442;150,6215;558,848;-60,000;100,000;200,000;-8,5613;22,6229;-0,0000;40,0246;6,7520;19,1032;6,5486;-7,7137;0,8832;-0,0000;14,3474;-5,2099;4,1228;10,9809;12;0;49,318
2,5123;21,7254;45,4874;-41,0628;-89,8692;33,7030;57,5838;150,6351;559,262;-60,000;100,000;200,000;-8,5773;22,6248;0,0000;40,0543;6,7412;19,1117;6,5714;-7,7242;0,9022;0,0000;14,3880;-5,1928;4,1334;10,9812;12;0;49,561
2,5144;21,7076;45,5343;-41,0628;-89,7862;33,7170;57,6234;150,6487;559,677;-60,000;100,000;200,000;-8,5933;22,6267;0,0000;40,0842;6,7304;19,1203;6,5941;-7,7347;0,9212;-0,0000;14,4287;-5,1756;4,1440;10,9816;12;0;49,807
2,5165;21,6898;45,5812;-41,0628;-89,7032;33,7309;57,6630;150,6624;560,091;-60,000;100,000;200,000;-8,6093;22,6286;-0,0000;40,1141;6,7197;19,1289;6,6169;-7,7453;0,9402;0,0000;14,4697;-5,1585;4,1548;10,9821;12;0;50,055
2,5185;21,6719;45,6280;-41,0628;-89,6201;33,7448;57,7026;150,6761;560,505;-60,000;100,000;200,000;-8,6254;22,6305;0,0000;40,1441;6,7091;19,1375;6,6396;-7,7560;0,9593;-0,0000;14,5108;-5,1414;4,1657;10,9827;12;0;50,305
2,5206;21,6541;45,6749;-41,0628;-89,5369;33,7587;57,7423;150,6899;560,919;-60,000;100,000;200,000;-8,6415;22,6326;-0,0000;40,1742;6,6984;19,1461;6,6624;-7,7668;0,9785;-0,0000;14,5522;-5,1244;4,1766;10,9834;12;0;50,557
2,5227;21,6361;45,7218;-41,0628;-89,4536;33,7725;57,7819;150,7037;561,334;-60,000;100,000;200,000;-8,6576;22,6346;0,0000;40,2044;6,6878;19,1548;6,6851;-7,7776;0,9977;0,0000;14,5937;-5,1074;4,1876;10,9843;12;0;50,811
2,5248;21,6182;45,7687;-41,0628;-89,3703;33,7864;57,8216;150,7176;561,748;-60,000;100,000;200,000;-8,6737;22,6367;0,0000;40,2347;6,6773;19,1635;6,7079;-7,7885;1,0169;-0,0000;14,6354;-5,0904;4,1987;10,9852;12;0;51,068
2,5268;21,6002;45,8155;-41,0628;-89,2870;33,8002;57,8613;150,7315;562,162;-60,000;100,000;200,000;-8,6898;22,6388;-0,0000;40,2650;6,6668;19,1722;6,7306;-7,7994;1,0363;0,0000;14,6773;-5,0735;4,2099;10,9862;12;0;51,326
2,5289;21,5822;45,8624;-41,0628;-89,2036;33,8140;57,9010;150,7455;562,576;-60,000;100,000;200,000;-8,7060;22,6410;0,0000;40,2955;6,6563;19,1809;6,7534;-7,8104;1,0557;-0,0000;14,7194;-5,0567;4,2212;10,9873;12;0;51,587
2,5310;21,5642;45,9093;-41,0628;-89,1201;33,8278;57,9408;150,7595;562,991;-60,000;100,000;200,000;-8,7222;22,6432;-0,0000;40,3260;6,6458;19,1897;6,7761;-7,8215;1,0751;-0,0000;14,7616;-5,0398;4,2326;10,9886;12;0;51,850
2,5330;21,5461;45,9562;-41,0628;-89,0365;33,8415;57,9805;150,7736;563,405;-60,000;100,000;200,000;-8,7384;22,6454;0,0000;40,3566;6,6354;19,1984;6,7989;-7,8327;1,0946;0,0000;14,8041;-5,0230;4,2440;10,9899;12;0;52,114
2,5351;21,5280;46,0031;-41,0628;-88,9529;33,8553;58,0203;150,7877;563,819;-60,000;100,000;200,000;-8,7546;22,6477;0,0000;40,3873;6,6250;19,2072;6,8216;-7,8440;1,1141;-0,0000;14,8467;-5,0063;4,2555;10,9914;12;0;52,381
2,5372;21,5098;46,0500;-41,0628;-88,8692;33,8690;58,0601;150,8018;564,233;-60,000;100,000;200,000;-8,7709;22,6501;-0,0000;40,4181;6,6147;19,2161;6,8444;-7,7704;10,7433;0,0000;12,3282;4,6465;-3,9528;4,7782;12;0;52,649
2,5393;21,4916;46,0970;-41,0628;-88,7855;33,8827;58,0999;150,8160;564,647;-60,000;100,000;200,000;-8,7868;22,6922;0,0000;40,4384;6,6443;19,1909;6,8414;-7,1976;75,2276;-0,0000;-4,8317;69,2446;-59,1299;-36,8380;12;0;52,919
2,5413;21,4734;46,1440;-41,0628;-88,7017;33,8965;58,1396;150,8301;565,062;-60,000;99,998;199,991;-8,8007;22,9617;-0,0000;40,3981;6,9015;18,9711;6,6918;-6,7702;120,3674;-0,0000;-16,8698;114,3389;-97,8396;-65,8161;12;0;53,190
2,5434;21,4552;46,1921;-41,0628;-88,6181;33,9113;58,1785;150,8437;565,476;-60,000;99,987;200,000;-8,8149;23,1908;0,0000;40,3685;7,1179;18,7856;6,5688;-7,3169;55,6716;0,0000;0,3739;49,3110;-42,5846;-23,7800;12;0;53,456
2,5455;21,4369;46,2401;-41,0628;-88,5345;33,9260;58,2174;150,8574;565,890;-60,000;99,976;200,000;-8,8310;23,1923;0,0000;40,3996;7,1058;18,7947;6,5933;-6,0532;58,3202;-0,0000;-6,4937;53,8495;-50,0846;-28,0333;12;0;53,723
2,5475;21,4186;46,2881;-41,0628;-88,4508;33,9407;58,2563;150,8710;566,304;-60,000;99,965;200,000;-8,8399;23,4324;-0,0000;40,3416;7,3409;18,5781;6,4527;-2,0076;190,2485;0,0000;-55,8690;190,4099;-175,0091;-119,1365;12;0;53,992
2,5496;21,4003;46,3372;-41,0628;-88,3674;33,9564;58,2943;150,8841;566,717;-60,000;99,943;199,916;-8,8393;23,9804;0,0000;40,1682;7,8945;18,0698;6,0998;-1,4005;206,7002;-0,0000;-62,1462;207,0992;-190,8539;-130,0850;12;0;54,255
2,5517;21,3820;46,3875;-41,0628;-88,2844;33,9734;58,3312;150,8963;567,130;-60,000;99,908;200,000;-8,8457;24,2886;-0,0000;40,0842;8,1988;17,7875;5,9138;-5,3463;74,2960;-0,0000;-12,6930;69,6253;-65,7782;-38,1345;12;0;54,509
2,5537;21,3636;46,4378;-41,0628;-88,2013;33,9904;58,3680;150,9086;567,543;-60,000;99,872;200,000;-8,8615;24,2881;0,0000;40,1156;8,1829;17,7973;5,9418;0,4968;122,2243;-0,0000;-52,4608;126,3150;-129,4338;-80,7691;12;0;54,766
2,5558;21,3453;46,4881;-41,0628;-88,1182;34,0073;58,4049;150,9209;567,956;-60,000;99,837;200,000;-8,8437;24,7949;-0,0000;39,8669;8,7221;17,2514;5,5793;9,4410;256,2093;-0,0000;-126,5931;272,7223;-276,3794;-183,7084;12;0;55,024
2,5579;21,3270;46,5405;-41,0628;-88,0362;34,0265;58,4395;150,9317;568,365;-60,000;99,777;199,966;-8,8224;25,3494;0,0000;39,5913;9,3126;16,6525;5,1809;2,2651;145,0021;0,0000;-65,3853;150,6708;-154,9286;-97,6365;12;0;55,264
2,5600;21,3087;46,5931;-41,0628;-87,9542;34,0459;58,4739;150,9424;568,775;-60,000;99,715;200,000;-8,8343;25,3956;0,0000;39,5960;9,3462;16,6096;5,1748;2,0302;85,5768;-0,0000;-50,6714;91,4360;-104,9998;-59,6986;12;0;55,505
2,5620;21,2904;46,6457;-41,0628;-87,8722;34,0652;58,5083;150,9531;569,185;-60,000;99,653;200,000;-8,8140;25,7039;-0,0000;39,3814;9,6914;16,2175;4,9336;16,5096;206,5775;0,0000;-149,5328;234,2747;-264,2259;-166,9621;12;0;55,748
2,5641;21,2722;46,6996;-41,0628;-87,7911;34,0860;58,5411;150,9628;569,591;-60,000;99,575;199,874;-8,7659;26,2513;0,0000;38,9766;10,3166;15,5151;4,4832;14,7261;188,9948;-0,0000;-135,9234;213,3406;-241,8416;-151,2039;12;0;55,978
2,5662;21,2541;46,7544;-41,0628;-87,7107;34,1079;58,5726;150,9717;569,995;-60,000;99,483;200,000;-8,7530;26,4868;-0,0000;38,8183;10,5751;15,2157;4,3072;8,3740;103,5048;-0,0000;-84,6130;118,2271;-144,8479;-83,3005;12;0;56,201
2,5682;21,2360;46,8093;-41,0628;-87,6303;34,1298;58,6041;150,9807;570,399;-60,000;99,392;200,000;-8,7312;26,6800;0,0000;38,6261;10,8064;14,9151;4,1381;25,0070;172,1861;0,0000;-182,3467;213,1676;-269,7394;-162,8746;12;0;56,425
2,5703;21,2179;46,8649;-41,0628;-87,5507;34,1527;58,6343;150,9888;570,800;-60,000;99,289;199,854;-8,6494;27,2000;0,0000;38,0630;11,4581;14,0984;3,6326;30,9266;203,0890;-0,0000;-217,7889;252,7646;-318,8920;-194,5261;12;0;56,641
2,5724;21,2001;46,9220;-41,0628;-87,4726;34,1773;58,6625;150,9957;571,196;-60,000;99,166;200,000;-8,6031;27,5213;-0,0000;37,7240;11,8534;13,5941;3,3324;18,7915;113,8385;0,0000;-136,5894;144,2761;-194,6362;-111,2654;12;0;56,842
2,5745;21,1823;46,9790;-41,0628;-87,3944;34,2018;58,6906;151,0026;571,591;-60,000;99,043;200,000;-8,5715;27,6716;0,0000;37,4972;12,0558;13,2921;3,1717;37,3056;148,9606;-0,0000;-235,8814;209,4113;-299,2545;-174,3215;12;0;57,046
2,5765;21,1646;47,0366;-41,0628;-87,3173;34,2272;58,7175;151,0088;571,983;-60,000;98,910;199,836;-8,4486;28,1383;-0,0000;36,7469;12,7209;12,3545;2,6103;48,6581;187,3394;-0,0000;-299,8005;265,4554;-376,6694;-222,8672;12;0;57,241
2,5786;21,1473;47,0955;-41,0628;-87,2422;34,2545;58,7418;151,0135;572,366;-60,000;98,753;200,000;-8,3700;28,4476;0,0000;36,2553;13,1554;11,7318;2,2485;33,9107;111,1692;0,0000;-208,3459;165,4670;-252,1889;-141,8540;12;0;57,417
2,5807;21,1299;47,1544;-41,0628;-87,1671;34,2817;58,7661;151,0182;572,750;-60,000;98,597;200,000;-8,3081;28,5988;0,0000;35,8838;13,4063;11,3099;2,0226;56,0980;129,0670;-0,0000;-321,6969;219,9536;-357,2152;-202,6976;12;0;57,596
2,5827;21,1129;47,2140;-41,0628;-87,0936;34,3100;58,7887;151,0218;573,127;-60,000;98,427;199,793;-8,1376;28,9823;-0,0000;34,9227;14,0665;10,2521;1,4088;64,6339;146,5593;0,0000;-366,6406;250,8054;-405,4385;-232,0107;12;0;57,763
2,5848;21,0962;47,2745;-41,0628;-87,0224;34,3400;58,8086;151,0240;573,495;-60,000;98,235;200,000;-8,0404;29,2059;0,0000;34,3651;14,4452;9,6304;1,0616;53,4064;90,7651;-0,0000;-297,1113;176,8345;-311,9980;-171,6989;12;0;57,911
2,5869;21,0796;47,3350;-41,0628;-86,9512;34,3699;58,8286;151,0262;573,862;-60,000;98,044;200,000;-7,9164;29,3582;-0,0000;33,6920;14,7990;8,9597;0,6976;83,6007;101,7073;-0,0000;-448,3392;238,1605;-443,5962;-246,6537;12;0;58,063
2,5890;21,0634;47,3961;-41,0628;-86,8829;34,4013;58,8457;151,0269;574,218;-60,000;97,833;199,764;-7,6941;29,6272;0,0000;32,5079;15,4317;7,7929;0,0399;74,9885;90,8873;0,0000;-401,5242;212,4278;-397,7712;-219,6671;12;0;58,194
2,5910;21,0477;47,4577;-41,0628;-86,8166;34,4338;58,8608;151,0264;574,565;-60,000;97,607;200,000;-7,6057;29,7347;0,0000;32,0287;15,6789;7,3120;-0,2123;75,4760;50,9549;-0,0000;-393,6268;173,9883;-365,1819;-196,0439;12;0;58,312
2,5931;21,0319;47,5193;-41,0628;-86,7502;34,4662;58,8760;151,0260;574,912;-60,000;97,380;200,000;-7,3814;29,8383;-0,0000;30,8774;16,1525;6,2802;-0,7722;120,4075;55,8271;0,0000;-616,3453;254,5390;-551,5498;-301,1627;12;0;58,432
2,5952;21,0171;47,5813;-41,0628;-86,6887;34,5007;58,8869;151,0232;575,238;-60,000;97,126;199,848;-7,1070;29,9660;0,0000;29,4756;16,7333;5,0273;-1,4599;85,4801;33,7530;-0,0000;-436,3637;173,4079;-388,6036;-207,4546;12;0;58,522
2,5972;21,0025;47,6434;-41,0628;-86,6281;34,5355;58,8968;151,0200;575,560;-60,000;96,865;200,000;-7,0273;29,9781;-0,0000;29,0698;16,8708;4,6705;-1,6316;96,7805;-4,6394;-0,0000;-482,4209;155,1138;-401,2322;-209,8683;12;0;58,607
2,5993;20,9880;47,7055;-41,0628;-86,5683;34,5706;58,9062;151,0164;575,879;-60,000;96,601;199,888;-6,7061;29,9468;0,0000;27,4773;17,3759;3,3653;-2,3292;146,1781;-14,3834;0,0000;-723,7608;229,2677;-593,2194;-316,6427;12;0;58,689
2,6014;20,9747;47,7674;-41,0628;-86,5143;34,6075;58,9108;151,0103;576,172;-60,000;96,308;200,000;-6,4218;29,9186;0,0000;26,0717;17,8205;2,2131;-2,9432;104,1840;-27,5614;-0,0000;-510,9583;145,0448;-408,9339;-212,4824;12;0;58,737
2,6035;20,9614;47,8294;-41,0628;-86,4603;34,6444;58,9154;151,0043;576,464;-60,000;96,015;200,000;-6,2745;29,8326;-0,0000;25,3607;17,9767;1,6713;-3,2094;122,3440;-67,3518;0,0000;-590,8381;137,4052;-448,3039;-230,2082;12;0;58,788
2,6055;20,9487;47,8910;-41,0628;-86,4092;34,6820;58,9177;150,9970;576,744;-60,000;95,710;199,732;-5,9150;29,6396;0,0000;23,6243;18,3896;0,3561;-3,8968;136,7575;-74,1310;-0,0000;-659,2378;155,2438;-499,6565;-259,0070;12;0;58,823
2,6076;20,9369;47,9522;-41,0628;-86,3624;34,7206;58,9169;150,9881;577,004;-60,000;95,388;200,000;-5,7080;29,5255;-0,0000;22,6299;18,6197;-0,3984;-4,2823;115,4623;-86,7297;-0,0000;-549,6034;107,0474;-400,6268;-202,9440;12;0;58,836
2,6097;20,9251;48,0133;-41,0628;-86,3155;34,7591;58,9160;150,9793;577,265;-60,000;95,066;200,000;-5,4367;29,2803;0,0000;21,3476;18,8331;-1,3034;-4,7375;158,3220;-141,7440;0,0000;-748,7989;127,0339;-528,1381;-268,5721;12;0;58,852
2,6117;20,9144;48,0735;-41,0628;-86,2740;34,7986;58,9115;150,9685;577,501;-60,000;94,726;199,783;-5,0522;28,9384;0,0000;19,5282;19,1460;-2,5861;-5,3948;119,2725;-107,0354;-0,0000;-561,5038;94,2239;-396,0481;-199,9130;12;0;58,841
2,6138;20,9042;48,1332;-41,0628;-86,2346;34,8384;58,9053;150,9569;577,728;-60,000;94,379;200,000;-4,9427;28,8369;-0,0000;19,0217;19,2234;-2,9440;-5,5656;117,3926;-132,1979;0,0000;-545,7595;67,2332;-366,0428;-181,2337;12;0;58,820
2,6159;20,8939;48,1929;-41,0628;-86,1952;34,8782;58,8993;150,9454;577,954;-60,000;94,032;200,000;-4,5659;28,3908;0,0000;17,2674;19,4245;-4,1024;-6,1455;186,3165;-220,0576;-0,0000;-867,1654;100,2776;-572,5286;-287,5392;12;0;58,803
2,6180;20,8852;48,2508;-41,0628;-86,1631;34,9189;58,8883;150,9315;578,147;-60,000;93,666;199,959;-4,1709;27,9254;-0,0000;15,4296;19,6388;-5,3156;-6,7567;111,3561;-134,8172;-0,0000;-513,3381;55,0719;-336,5308;-166,5997;12;0;58,749
2,6200;20,8766;48,3086;-41,0628;-86,1313;34,9596;58,8772;150,9174;578,338;-60,000;93,298;200,000;-4,1046;27,8323;0,0000;15,1410;19,6526;-5,4964;-6,8356;110,4727;-157,1201;0,0000;-503,5810;32,7774;-313,3154;-152,2128;12;0;58,697
2,6221;20,8682;48,3661;-41,0628;-86,1004;35,0003;58,8656;150,9032;578,524;-60,000;92,928;199,904;-3,7133;27,2745;0,0000;13,3436;19,7745;-6,6134;-7,3872;176,8044;-251,5486;-0,0000;-810,9978;55,4735;-503,8678;-249,1715;12;0;58,642
2,6242;20,8613;48,4216;-41,0628;-86,0760;35,0415;58,8498;150,8868;578,681;-60,000;92,545;200,000;-3,3722;26,7903;-0,0000;11,7816;19,8824;-7,5836;-7,8678;100,6384;-146,7384;0,0000;-455,7432;26,8320;-279,7258;-136,7696;12;0;58,557
2,6262;20,8543;48,4771;-41,0628;-86,0516;35,0826;58,8342;150,8706;578,837;-60,000;92,161;200,000;-3,2964;26,6667;0,0000;11,4558;19,8857;-7,7722;-7,9537;109,3260;-178,2351;-0,0000;-491,8011;12,1561;-288,2287;-139,1030;12;0;58,475
2,6283;20,8476;48,5320;-41,0628;-86,0285;35,1239;58,8176;150,8539;578,986;-60,000;91,775;199,880;-2,9194;26,0520;-0,0000;9,7444;19,9327;-8,7776;-8,4440;163,4142;-265,8869;-0,0000;-740,3920;20,8725;-434,7358;-212,4374;12;0;58,389
2,6304;20,8422;48,5850;-41,0628;-86,0112;35,1652;58,7978;150,8356;579,109;-60,000;91,379;200,000;-2,6195;25,5653;0,0000;8,3888;19,9721;-9,5730;-8,8337;85,7641;-140,8544;-0,0000;-382,2203;8,7462;-221,6916;-108,0580;12;0;58,278
2,6325;20,8368;48,6379;-41,0628;-85,9938;35,2066;58,7780;150,8173;579,232;-60,000;90,984;200,000;-2,5641;25,4685;-0,0000;8,1611;19,9690;-9,6959;-8,8916;99,0261;-178,1492;-0,0000;-440,0251;-3,5740;-244,3286;-117,6380;12;0;58,170
2,6345;20,8316;48,6905;-41,0628;-85,9774;35,2479;58,7576;150,7988;579,350;-60,000;90,587;199,917;-2,2093;24,8273;0,0000;6,5661;19,9573;-10,5851;-9,3210;157,7264;-284,3997;0,0000;-707,9208;-4,4336;-394,4539;-191,1423;12;0;58,060
2,6366;20,8276;48,7408;-41,0628;-85,9666;35,2893;58,7341;150,7787;579,441;-60,000;90,183;200,000;-1,9108;24,2904;0,0000;5,2287;19,9506;-11,3298;-9,6834;71,8556;-127,4343;-0,0000;-315,6723;-0,5186;-174,5826;-85,9150;12;0;57,926
2,6387;20,8236;48,7911;-41,0628;-85,9557;35,3306;58,7107;150,7586;579,532;-60,000;89,779;200,000;-1,9116;24,2995;-0,0000;5,2585;19,9552;-11,3083;-9,6769;76,6693;-148,4890;0,0000;-335,3427;-11,6706;-176,5754;-85,6431;12;0;57,795
2,6407;20,8197;48,8414;-41,0628;-85,9448;35,3719;58,6873;150,7386;579,623;-60,000;89,375;200,000;-1,5932;23,6754;0,0000;3,8396;19,9023;-12,0613;-10,0381;156,0874;-305,6119;-0,0000;-695,6448;-25,3300;-369,2201;-177,6827;12;0;57,666
2,6428;20,8170;48,8892;-41,0628;-85,9398;35,4130;58,6607;150,7171;579,686;-60,000;88,965;199,985;-1,2651;23,0335;-0,0000;2,3769;19,8503;-12,8377;-10,4129;81,3294;-156,7107;-0,0000;-356,4811;-10,5671;-187,8808;-92,7475;12;0;57,513
2,6449;20,8144;48,9368;-41,0628;-85,9350;35,4541;58,6341;150,6955;579,748;-60,000;88,556;200,000;-1,2563;23,0262;0,0000;2,3629;19,8585;-12,8395;-10,4223;47,0640;-94,9924;0,0000;-199,9595;-9,7131;-99,5092;-50,4334;12;0;57,361
2,6470;20,8118;48,9845;-41,0628;-85,9300;35,4953;58,6076;150,6739;579,810;-60,000;88,146;200,000;-1,0701;22,6400;0,0000;1,5486;19,8100;-13,2499;-10,6218;117,2290;-244,4121;-0,0000;-516,6210;-31,4533;-261,3060;-126,1684;12;0;57,213
2,6490;20,8100;49,0306;-41,0628;-85,9285;35,5362;58,5792;150,6515;579,856;-60,000;87,735;199,901;-0,7707;22,0138;-0,0000;0,2229;19,7282;-13,9219;-10,9450;99,4074;-205,9901;0,0000;-436,3090;-24,8295;-220,2359;-107,9754;12;0;57,051
2,6511;20,8087;49,0757;-41,0628;-85,9291;35,5770;58,5499;150,6286;579,891;-60,000;87,322;200,000;-0,6583;21,7867;0,0000;-0,2588;19,7072;-14,1622;-11,0691;33,3870;-66,0278;-0,0000;-138,3050;-4,2956;-67,1665;-37,1549;12;0;56,883
2,6532;20,8073;49,1209;-41,0628;-85,9296;35,6178;58,5206;150,6056;579,927;-60,000;86,909;200,000;-0,6324;21,7403;-0,0000;-0,3500;19,7104;-14,2002;-11,0989;71,6517;-155,8080;-0,0000;-309,8063;-23,5520;-148,8551;-74,2974;12;0;56,717
2,6552;20,8060;49,1658;-41,0628;-85,9306;35,6586;58,4911;150,5826;579,960;-60,000;86,496;199,969;-0,3615;21,1413;0,0000;-1,5421;19,6096;-14,7788;-11,3769;124,2465;-274,2221;0,0000;-546,3304;-45,3437;-265,0383;-128,1182;14;0;56,551
2,6573;20,8058;49,2084;-41,0628;-85,9360;35,6991;58,4594;150,5585;579,971;-60,000;86,082;200,000;-0,1177;20,6043;0,0000;-2,6131;19,5226;-15,2981;-11,6296;58,5751;-125,6485;-0,0000;-251,3733;-16,4143;-120,2225;-62,5496;14;0;56,368
2,6594;20,8055;49,2511;-41,0628;-85,9414;35,7395;58,4277;150,5344;579,982;-60,000;85,668;200,000;-0,1189;20,6209;-0,0000;-2,5833;19,5416;-15,2768;-11,6360;11,1439;-19,4979;0,0000;-38,1501;3,2965;-14,7753;-14,4328;14;0;56,188
2,6615;20,8053;49,2939;-41,0628;-85,9467;35,7800;58,3961;150,5103;579,993;-60,000;85,254;200,000;-0,0715;20,5236;0,0000;-2,7711;19,5362;-15,3593;-11,6894;41,4592;-90,5376;-0,0000;-174,1133;-11,8174;-79,6197;-43,9790;14;0;56,010
2,6635;20,8052;49,3362;-41,0628;-85,9529;35,8204;58,3641;150,4860;580,000;-60,000;84,840;199,983;0,0528;20,2458;-0,0000;-3,3046;19,4927;-15,6066;-11,8181;48,3324;-106,5142;-0,0000;-205,0379;-14,8999;-94,3853;-51,0107;14;0;55,830
2,6656;20,8055;49,3777;-41,0628;-85,9604;35,8608;58,3314;150,4613;580,000;-60,000;84,426;200,000;0,1287;20,0824;0,0000;-3,6205;19,4745;-15,7502;-11,9007;17,9901;-35,2494;0,0000;-69,0711;0,6565;-29,5556;-21,8487;14;0;55,647
2,6677;20,8058;49,4193;-41,0628;-85,9679;35,9011;58,2988;150,4367;580,000;-60,000;84,012;200,000;0,1274;20,0998;0,0000;-3,5907;19,4954;-15,7290;-11,9086;-0,6230;8,4210;-0,0000;14,3754;10,0768;10,2416;-3,8381;14;0;55,467
2,6697;20,8060;49,4610;-41,0628;-85,9753;35,9415;58,2663;150,4120;580,000;-60,000;83,597;200,000;0,1261;20,1172;-0,0000;-3,5609;19,5162;-15,7078;-11,9166;-0,6202;8,4080;0,0000;14,3749;10,0571;10,2477;-3,8182;14;0;55,289
2,6718;20,8063;49,5027;-41,0628;-85,9826;35,9820;58,2338;150,3873;580,000;-60,000;83,183;200,000;0,1248;20,1346;0,0000;-3,5312;19,5371;-15,6866;-11,9245;-0,6174;8,3949;-0,0000;14,3745;10,0373;10,2538;-3,7982;14;0;55,113
2,6739;20,8066;49,5444;-41,0628;-85,9899;36,0224;58,2013;150,3626;580,000;-60,000;82,769;200,000;0,1235;20,1520;-0,0000;-3,5014;19,5578;-15,6653;-11,9323;-0,6146;8,3819;-0,0000;14,3741;10,0175;10,2599;-3,7782;14;0;54,940
2,6759;20,8068;49,5862;-41,0628;-85,9971;36,0630;58,1689;150,3379;580,000;-60,000;82,355;200,000;0,1223;20,1694;0,0000;-3,4716;19,5786;-15,6441;-11,9401;-0,6119;8,3688;0,0000;14,3737;9,9975;10,2659;-3,7581;14;0;54,770
2,6780;20,8071;49,6279;-41,0628;-86,0043;36,1035;58,1365;150,3132;580,000;-60,000;81,940;200,000;0,1210;20,1867;0,0000;-3,4418;19,5992;-15,6228;-11,9479;-0,6092;8,3557;-0,0000;14,3733;9,9774;10,2719;-3,7379;14;0;54,602
2,6801;20,8073;49,6698;-41,0628;-86,0114;36,1442;58,1042;150,2884;580,000;-60,000;81,526;200,000;0,1197;20,2040;-0,0000;-3,4121;19,6199;-15,6015;-11,9556;-0,6065;8,3426;0,0000;14,3729;9,9573;10,2778;-3,7176;14;0;54,437
2,6822;20,8076;49,7116;-41,0628;-86,0184;36,1848;58,0719;150,2636;580,000;-60,000;81,112;200,000;0,1185;20,2212;0,0000;-3,3823;19,6405;-15,5802;-11,9633;-0,6038;8,3295;-0,0000;14,3725;9,9371;10,2838;-3,6972;14;0;54,274
2,6842;20,8078;49,7535;-41,0628;-86,0254;36,2255;58,0396;150,2388;580,000;-60,000;80,698;200,000;0,1172;20,2385;-0,0000;-3,3525;19,6610;-15,5589;-11,9709;-0,6012;8,3164;-0,0000;14,3721;9,9167;10,2896;-3,6768;14;0;54,115
2,6863;20,8080;49,7955;-41,0628;-86,0323;36,2663;58,0074;150,2140;580,000;-60,000;80,283;200,000;0,1160;20,2557;0,0000;-3,3228;19,6816;-15,5376;-11,9785;-0,5985;8,3033;0,0000;14,3717;9,8963;10,2955;-3,6562;14;0;53,958
2,6884;20,8083;49,8374;-41,0628;-86,0391;36,3070;57,9753;150,1892;580,000;-60,000;79,869;200,000;0,1147;20,2729;0,0000;-3,2930;19,7020;-15,5163;-11,9861;-0,5959;8,2902;-0,0000;14,3713;9,8758;10,3013;-3,6356;14;0;53,803
2,6904;20,8085;49,8794;-41,0628;-86,0459;36,3479;57,9431;150,1644;580,000;-60,000;79,455;200,000;0,1135;20,2900;-0,0000;-3,2632;19,7225;-15,4949;-11,9936;-0,5933;8,2770;0,0000;14,3710;9,8551;10,3070;-3,6149;14;0;53,652
2,6925;20,8088;49,9215;-41,0628;-86,0527;36,3887;57,9111;150,1395;580,000;-60,000;79,041;200,000;0,1123;20,3072;0,0000;-3,2335;19,7429;-15,4736;-12,0010;-0,5908;8,2639;-0,0000;14,3706;9,8344;10,3127;-3,5941;14;0;53,503
2,6946;20,8090;49,9636;-41,0628;-86,0593;36,4297;57,8790;150,1147;580,000;-60,000;78,626;200,000;0,1111;20,3243;-0,0000;-3,2037;19,7632;-15,4522;-12,0085;-0,5883;8,2507;-0,0000;14,3702;9,8136;10,3184;-3,5732;14;0;53,357
2,6967;20,8092;50,0057;-41,0628;-86,0659;36,4706;57,8471;150,0898;580,000;-60,000;78,212;200,000;0,1099;20,3413;0,0000;-3,1739;19,7835;-15,4308;-12,0158;-0,5857;8,2375;0,0000;14,3699;9,7927;10,3240;-3,5523;14;0;53,214
2,6987;20,8094;50,0478;-41,0628;-86,0725;36,5116;57,8151;150,0649;580,000;-60,000;77,798;200,000;0,1086;20,3584;0,0000;-3,1442;19,8038;-15,4095;-12,0232;-0,5833;8,2244;-0,0000;14,3695;9,7717;10,3296;-3,5313;14;0;53,073
2,7008;20,8097;50,0900;-41,0628;-86,0790;36,5526;57,7832;150,0400;580,000;-60,000;77,384;200,000;0,1074;20,3754;-0,0000;-3,1144;19,8240;-15,3881;-12,0305;-0,5808;8,2112;0,0000;14,3692;9,7506;10,3351;-3,5102;14;0;52,936
2,7029;20,8099;50,1322;-41,0628;-86,0854;36,5937;57,7514;150,0151;580,000;-60,000;76,970;200,000;0,1062;20,3924;0,0000;-3,0847;19,8442;-15,3666;-12,0377;-0,5784;8,1980;-0,0000;14,3688;9,7294;10,3406;-3,4890;14;0;52,801
2,7049;20,8101;50,1745;-41,0628;-86,0917;36,6348;57,7196;149,9901;580,000;-60,000;76,555;200,000;0,1050;20,4094;-0,0000;-3,0549;19,8643;-15,3452;-12,0449;-0,5759;8,1847;-0,0000;14,3685;9,7082;10,3461;-3,4677;14;0;52,670
2,7070;20,8103;50,2168;-41,0628;-86,0980;36,6760;57,6878;149,9652;580,000;-60,000;76,141;200,000;0,1039;20,4263;0,0000;-3,0251;19,8844;-15,3238;-12,0521;-0,5736;8,1715;-0,0000;14,3681;9,6868;10,3515;-3,4463;14;0;52,541
2,7091;20,8105;50,2591;-41,0628;-86,1043;36,7172;57,6561;149,9402;580,000;-60,000;75,727;200,000;0,1027;20,4432;-0,0000;-2,9954;19,9044;-15,3023;-12,0592;-0,5712;8,1583;-0,0000;14,3678;9,6653;10,3569;-3,4249;14;0;52,415
2,7112;20,8107;50,3015;-41,0628;-86,1104;36,7585;57,6244;149,9152;580,000;-60,000;75,313;200,000;0,1015;20,4601;0,0000;-2,9656;19,9244;-15,2809;-12,0663;-0,5688;8,1450;0,0000;14,3675;9,6437;10,3622;-3,4034;14;0;52,292
2,7132;20,8110;50,3438;-41,0628;-86,1165;36,7997;57,5928;149,8902;580,000;-60,000;74,898;200,000;0,1003;20,4769;0,0000;-2,9359;19,9444;-15,2594;-12,0733;-0,5665;8,1318;-0,0000;14,3671;9,6221;10,3675;-3,3818;14;0;52,172
2,7153;20,8112;50,3863;-41,0628;-86,1226;36,8411;57,5612;149,8652;580,000;-60,000;74,484;200,000;0,0991;20,4938;-0,0000;-2,9061;19,9643;-15,2379;-12,0803;-0,5642;8,1185;0,0000;14,3668;9,6003;10,3728;-3,3601;14;0;52,056
2,7174;20,8114;50,4287;-41,0628;-86,1286;36,8824;57,5297;149,8402;580,000;-60,000;74,070;200,000;0,0980;20,5106;0,0000;-2,8764;19,9841;-15,2165;-12,0872;-0,5619;8,1053;-0,0000;14,3665;9,5785;10,3780;-3,3383;14;0;51,942
2,7194;20,8116;50,4712;-41,0628;-86,1345;36,9239;57,4982;149,8151;580,000;-60,000;73,656;200,000;0,0968;20,5273;-0,0000;-2,8466;20,0040;-15,1950;-12,0941;-0,5597;8,0920;-0,0000;14,3662;9,5565;10,3831;-3,3165;14;0;51,831
2,7215;20,8118;50,5138;-41,0628;-86,1404;36,9653;57,4667;149,7901;580,000;-60,000;73,241;200,000;0,0957;20,5441;0,0000;-2,8169;20,0237;-15,1734;-12,1009;-0,5575;8,0787;0,0000;14,3659;9,5345;10,3882;-3,2945;14;0;51,724
2,7236;20,8120;50,5563;-41,0628;-86,1462;37,0068;57,4353;149,7650;580,000;-60,000;72,827;200,000;0,0945;20,5608;0,0000;-2,7871;20,0434;-15,1519;-12,1077;-0,5553;8,0654;-0,0000;14,3655;9,5123;10,3933;-3,2725;14;0;51,619
2,7257;20,8122;50,5989;-41,0628;-86,1519;37,0483;57,4040;149,7399;580,000;-60,000;72,413;200,000;0,0934;20,5775;-0,0000;-2,7573;20,0631;-15,1304;-12,1145;-0,5531;8,0521;0,0000;14,3652;9,4901;10,3984;-3,2504;14;0;51,518
2,7277;20,8124;50,6416;-41,0628;-86,1576;37,0899;57,3727;149,7148;580,000;-60,000;71,999;200,000;0,0922;20,5942;0,0000;-2,7276;20,0828;-15,1088;-12,1212;-0,5509;8,0387;-0,0000;14,3649;9,4678;10,4033;-3,2282;14;0;51,420
2,7298;20,8125;50,6842;-41,0628;-86,1632;37,1315;57,3414;149,6897;580,000;-60,000;71,585;200,000;0,0911;20,6108;-0,0000;-2,6978;20,1023;-15,0873;-12,1279;-0,5488;8,0254;-0,0000;14,3646;9,4454;10,4083;-3,2060;14;0;51,324
2,7319;20,8127;50,7270;-41,0628;-86,1688;37,1732;57,3102;149,6646;580,000;-60,000;71,170;200,000;0,0899;20,6274;0,0000;-2,6681;20,1219;-15,0657;-12,1345;-0,5467;8,0121;0,0000;14,3643;9,4228;10,4132;-3,1836;14;0;51,233
2,7339;20,8129;50,7697;-41,0628;-86,1743;37,2149;57,2790;149,6395;580,000;-60,000;70,756;200,000;0,0888;20,6440;0,0000;-2,6383;20,1414;-15,0442;-12,1411;-0,5446;7,9987;-0,0000;14,3641;9,4002;10,4180;-3,1612;14;0;51,144
2,7360;20,8131;50,8125;-41,0628;-86,1797;37,2566;57,2478;149,6143;580,000;-60,000;70,342;200,000;0,0877;20,6605;-0,0000;-2,6086;20,1608;-15,0226;-12,1476;-0,5425;7,9854;0,0000;14,3638;9,3775;10,4228;-3,1387;14;0;51,058
2,7381;20,8133;50,8553;-41,0628;-86,1851;37,2984;57,2168;149,5891;580,000;-60,000;69,928;200,000;0,0866;20,6771;0,0000;-2,5788;20,1802;-15,0010;-12,1541;-0,5405;7,9720;-0,0000;14,3635;9,3547;10,4276;-3,1161;14;0;50,976
2,7402;20,8135;50,8981;-41,0628;-86,1904;37,3402;57,1857;149,5640;580,000;-60,000;69,513;200,000;0,0854;20,6936;-0,0000;-2,5491;20,1996;-14,9794;-12,1605;-0,5385;7,9586;-0,0000;14,3632;9,3318;10,4323;-3,0934;14;0;50,897
2,7422;20,8136;50,9410;-41,0628;-86,1956;37,3821;57,1547;149,5388;580,000;-60,000;69,099;200,000;0,0843;20,7100;0,0000;-2,5193;20,2189;-14,9578;-12,1669;-0,5365;7,9452;0,0000;14,3629;9,3088;10,4370;-3,0707;14;0;50,821
2,7443;20,8138;50,9839;-41,0628;-86,2008;37,4240;57,1237;149,5136;580,000;-60,000;68,685;200,000;0,0832;20,7265;0,0000;-2,4896;20,2381;-14,9361;-12,1732;-0,5345;7,9318;-0,0000;14,3627;9,2857;10,4416;-3,0479;14;0;50,749
2,7464;20,8140;51,0269;-41,0628;-86,2060;37,4659;57,0928;149,4883;580,000;-60,000;68,271;200,000;0,0821;20,7429;-0,0000;-2,4598;20,2573;-14,9145;-12,1795;-0,5326;7,9184;0,0000;14,3624;9,2625;10,4462;-3,0250;14;0;50,679
2,7484;20,8141;51,0698;-41,0628;-86,2110;37,5079;57,0620;149,4631;580,000;-60,000;67,856;200,000;0,0810;20,7593;0,0000;-2,4301;20,2765;-14,8929;-12,1857;-0,5306;7,9050;-0,0000;14,3621;9,2393;10,4507;-3,0020;14;0;50,613
2,7505;20,8143;51,1128;-41,0628;-86,2160;37,5499;57,0311;149,4379;580,000;-60,000;67,442;200,000;0,0799;20,7756;-0,0000;-2,4004;20,2956;-14,8712;-12,1919;-0,5287;7,8916;-0,0000;14,3619;9,2159;10,4552;-2,9789;14;0;50,551
2,7526;20,8145;51,1559;-41,0628;-86,2210;37,5919;57,0004;149,4126;580,000;-60,000;67,028;200,000;0,0788;20,7920;0,0000;-2,3706;20,3147;-14,8496;-12,1981;-0,5269;7,8781;0,0000;14,3616;9,1924;10,4596;-2,9557;14;0;50,492
2,7547;20,8146;51,1990;-41,0628;-86,2258;37,6340;56,9696;149,3873;580,000;-60,000;66,614;200,000;0,0777;20,8083;0,0000;-2,3409;20,3337;-14,8279;-12,2042;-0,5250;7,8647;-0,0000;14,3614;9,1688;10,4640;-2,9325;14;0;50,436
2,7567;20,8148;51,2421;-41,0628;-86,2307;37,6762;56,9389;149,3621;580,000;-60,000;66,199;200,000;0,0767;20,8245;-0,0000;-2,3111;20,3527;-14,8062;-12,2102;-0,5232;7,8513;0,0000;14,3611;9,1452;10,4683;-2,9092;14;0;50,383
2,7588;20,8150;51,2852;-41,0628;-86,2354;37,7183;56,9083;149,3368;580,000;-60,000;65,785;200,000;0,0756;20,8408;0,0000;-2,2814;20,3716;-14,7845;-12,2162;-0,5214;7,8378;-0,0000;14,3609;9,1214;10,4726;-2,8858;14;0;50,334
2,7609;20,8151;51,3284;-41,0628;-86,2401;37,7606;56,8777;149,3115;580,000;-60,000;65,371;200,000;0,0745;20,8570;-0,0000;-2,2516;20,3904;-14,7628;-12,2222;-0,5196;7,8243;-0,0000;14,3607;9,0976;10,4769;-2,8623;14;0;50,288
2,7629;20,8153;51,3716;-41,0628;-86,2447;37,8028;56,8471;149,2861;580,000;-60,000;64,957;200,000;0,0734;20,8732;0,0000;-2,2219;20,4093;-14,7411;-12,2281;-0,5178;7,8108;0,0000;14,3604;9,0736;10,4811;-2,8387;14;0;50,245
2,7650;20,8154;51,4149;-41,0628;-86,2493;37,8451;56,8166;149,2608;580,000;-60,000;64,543;200,000;0,0723;20,8894;0,0000;-2,1921;20,4280;-14,7194;-12,2339;-0,5161;7,7974;-0,0000;14,3602;9,0496;10,4852;-2,8151;14;0;50,206
2,7671;20,8156;51,4582;-41,0628;-86,2538;37,8874;56,7862;149,2355;580,000;-60,000;64,128;200,000;0,0713;20,9055;-0,0000;-2,1624;20,4467;-14,6977;-12,2397;-0,5144;7,7839;0,0000;14,3600;9,0254;10,4893;-2,7914;14;0;50,170
2,7692;20,8157;51,5015;-41,0628;-86,2583;37,9298;56,7558;149,2101;580,000;-60,000;63,714;200,000;0,0702;20,9216;0,0000;-2,1327;20,4654;-14,6760;-12,2455;-0,5127;7,7704;-0,0000;14,3597;9,0012;10,4934;-2,7676;14;0;50,138
2,7712;20,8159;51,5448;-41,0628;-86,2627;37,9722;56,7254;149,1847;580,000;-60,000;63,300;200,000;0,0692;20,9377;-0,0000;-2,1029;20,4840;-14,6542;-12,2512;-0,5110;7,7568;-0,0000;14,3595;8,9769;10,4974;-2,7437;14;0;50,109
2,7733;20,8160;51,5882;-41,0628;-86,2670;38,0146;56,6951;149,1594;580,000;-60,000;62,886;200,000;0,0681;20,9537;0,0000;-2,0732;20,5026;-14,6325;-12,2569;-0,5094;7,7433;0,0000;14,3593;8,9524;10,5013;-2,7197;14;0;50,083
2,7754;20,8161;51,6316;-41,0628;-86,2712;38,0571;56,6648;149,1340;580,000;-60,000;62,471;200,000;0,0670;20,9698;0,0000;-2,0434;20,5211;-14,6107;-12,2625;-0,5078;7,7298;-0,0000;14,3591;8,9279;10,5052;-2,6957;14;0;50,061
2,7774;20,8163;51,6751;-41,0628;-86,2754;38,0996;56,6345;149,1086;580,000;-60,000;62,057;200,000;0,0660;20,9858;-0,0000;-2,0137;20,5396;-14,5890;-12,2680;-0,5062;7,7163;0,0000;14,3589;8,9033;10,5091;-2,6715;14;0;50,042
2,7795;20,8164;51,7186;-41,0628;-86,2796;38,1422;56,6043;149,0831;580,000;-60,000;61,643;200,000;0,0649;21,0017;0,0000;-1,9840;20,5580;-14,5672;-12,2735;-0,5046;7,7027;-0,0000;14,3587;8,8786;10,5129;-2,6473;14;0;50,027
2,7816;20,8165;51,7621;-41,0628;-86,2837;38,1848;56,5742;149,0577;580,000;-60,000;61,229;200,000;0,0639;21,0177;-0,0000;-1,9542;20,5764;-14,5454;-12,2790;-0,5031;7,6892;-0,0000;14,3585;8,8538;10,5166;-2,6231;14;0;50,015
2,7836;20,8167;51,8056;-41,0628;-86,2877;38,2274;56,5441;149,0323;580,000;-60,000;60,814;200,000;0,0629;21,0336;0,0000;-1,9245;20,5947;-14,5236;-12,2844;-0,5015;7,6756;0,0000;14,3583;8,8289;10,5203;-2,5987;14;0;50,007
2,7857;20,8168;51,8492;-41,0628;-86,2916;38,2701;56,5140;149,0068;580,000;-60,000;60,400;200,000;0,0618;21,0495;0,0000;-1,8947;20,6129;-14,5018;-12,2898;-0,5000;7,6620;-0,0000;14,3581;8,8039;10,5240;-2,5742;14;0;50,002
2,7878;20,8169;51,8928;-41,0628;-86,2955;38,3128;56,4840;148,9814;580,000;-60,000;59,986;200,000;0,0608;21,0653;-0,0000;-1,8650;20,6311;-14,4800;-12,2951;-0,4986;7,6484;0,0000;14,3579;8,7788;10,5276;-2,5497;14;0;50,000
2,7899;20,8171;51,9365;-41,0628;-86,2994;38,3556;56,4540;148,9559;580,000;-60,000;59,572;200,000;0,0598;21,0811;0,0000;-1,8353;20,6493;-14,4582;-12,3003;-0,4971;7,6349;-0,0000;14,3577;8,7536;10,5312;-2,5251;14;0;50,000
2,7919;20,8172;51,9801;-41,0628;-86,3031;38,3984;56,4241;148,9304;580,000;-60,000;59,158;200,000;0,0587;21,0969;-0,0000;-1,8055;20,6674;-14,4364;-12,3055;-0,4957;7,6213;-0,0000;14,3575;8,7283;10,5347;-2,5004;14;0;50,000
2,7940;20,8173;52,0238;-41,0628;-86,3068;38,4412;56,3942;148,9049;580,000;-60,000;58,743;200,000;0,0577;21,1127;0,0000;-1,7758;20,6855;-14,4146;-12,3107;-0,4943;7,6077;-0,0000;14,3573;8,7029;10,5381;-2,4757;14;0;50,000
2,7961;20,8174;52,0676;-41,0628;-86,3105;38,4841;56,3644;148,8794;580,000;-60,000;58,329;200,000;0,0567;21,1285;-0,0000;-1,7461;20,7035;-14,3928;-12,3158;-0,4929;7,5940;-0,0000;14,3571;8,6774;10,5415;-2,4508;14;0;50,000
2,7981;20,8175;52,1114;-41,0628;-86,3141;38,5269;56,3346;148,8539;580,000;-60,000;57,915;200,000;0,0557;21,1442;0,0000;-1,7163;20,7214;-14,3709;-12,3208;-0,4915;7,5804;0,0000;14,3569;8,6519;10,5449;-2,4259;14;0;50,000
2,8002;20,8176;52,1552;-41,0628;-86,3176;38,5699;56,3049;148,8284;580,000;-60,000;57,501;200,000;0,0547;21,1599;0,0000;-1,6866;20,7393;-14,3491;-12,3258;-0,4902;7,5668;-0,0000;14,3568;8,6262;10,5482;-2,4009;14;0;50,000
2,8023;20,8178;52,1990;-41,0628;-86,3211;38,6129;56,2752;148,8029;580,000;-60,000;57,086;200,000;0,0536;21,1755;-0,0000;-1,6569;20,7571;-14,3272;-12,3308;-0,4889;7,5532;0,0000;14,3566;8,6004;10,5514;-2,3758;14;0;50,000
2,8044;20,8179;52,2429;-41,0628;-86,3245;38,6559;56,2455;148,7773;580,000;-60,000;56,672;200,000;0,0526;21,1911;0,0000;-1,6271;20,7749;-14,3054;-12,3357;-0,4876;7,5395;-0,0000;14,3564;8,5746;10,5546;-2,3506;14;0;50,000
2,8064;20,8180;52,2868;-41,0628;-86,3278;38,6989;56,2159;148,7518;580,000;-60,000;56,258;200,000;0,0516;21,2068;-0,0000;-1,5974;20,7926;-14,2835;-12,3405;-0,4863;7,5259;-0,0000;14,3563;8,5486;10,5578;-2,3254;14;0;50,000
2,8085;20,8181;52,3307;-41,0628;-86,3311;38,7420;56,1864;148,7262;580,000;-60,000;55,844;200,000;0,0506;21,2223;0,0000;-1,5676;20,8103;-14,2617;-12,3453;-0,4851;7,5122;0,0000;14,3561;8,5226;10,5608;-2,3001;14;0;50,000
2,8106;20,8182;52,3747;-41,0628;-86,3343;38,7851;56,1569;148,7006;580,000;-60,000;55,429;200,000;0,0496;21,2379;0,0000;-1,5379;20,8280;-14,2398;-12,3500;-0,4838;7,4985;-0,0000;14,3560;8,4964;10,5639;-2,2747;14;0;50,000
2,8126;20,8183;52,4187;-41,0628;-86,3374;38,8283;56,1274;148,6750;580,000;-60,000;55,015;200,000;0,0486;21,2534;-0,0000;-1,5082;20,8455;-14,2179;-12,3547;-0,4826;7,4849;0,0000;14,3558;8,4702;10,5669;-2,2492;14;0;50,000
2,8147;20,8184;52,4627;-41,0628;-86,3405;38,8715;56,0980;148,6494;580,000;-60,000;54,601;200,000;0,0476;21,2689;0,0000;-1,4784;20,8630;-14,1960;-12,3594;-0,4815;7,4712;-0,0000;14,3557;8,4439;10,5698;-2,2236;14;0;50,000
2,8168;20,8185;52,5068;-41,0628;-86,3436;38,9147;56,0686;148,6238;580,000;-60,000;54,187;200,000;0,0466;21,2843;-0,0000;-1,4487;20,8805;-14,1741;-12,3639;-0,4803;7,4575;-0,0000;14,3555;8,4175;10,5727;-2,1980;14;0;50,000
2,8189;20,8186;52,5509;-41,0628;-86,3465;38,9580;56,0392;148,5982;580,000;-60,000;53,772;200,000;0,0456;21,2998;0,0000;-1,4190;20,8979;-14,1522;-12,3685;-0,4792;7,4438;0,0000;14,3554;8,3909;10,5755;-2,1723;14;0;50,000
2,8209;20,8187;52,5950;-41,0628;-86,3494;39,0013;56,0100;148,5726;580,000;-60,000;53,358;200,000;0,0446;21,3152;0,0000;-1,3893;20,9153;-14,1303;-12,3729;-0,4781;7,4301;-0,0000;14,3552;8,3643;10,5783;-2,1465;14;0;50,000
2,8230;20,8188;52,6392;-41,0628;-86,3523;39,0446;55,9807;148,5470;580,000;-60,000;52,944;200,000;0,0436;21,3305;-0,0000;-1,3595;20,9326;-14,1084;-12,3774;-0,4770;7,4164;0,0000;14,3551;8,3376;10,5810;-2,1206;14;0;50,000
2,8251;20,8189;52,6834;-41,0628;-86,3551;39,0880;55,9515;148,5213;580,000;-60,000;52,530;200,000;0,0427;21,3459;0,0000;-1,3298;20,9498;-14,0865;-12,3817;-0,4759;7,4027;-0,0000;14,3549;8,3108;10,5837;-2,0947;14;0;50,000
2,8271;20,8189;52,7276;-41,0628;-86,3578;39,1314;55,9224;148,4957;580,000;-60,000;52,116;200,000;0,0417;21,3612;-0,0000;-1,3001;20,9670;-14,0645;-12,3860;-0,4749;7,3889;-0,0000;14,3548;8,2839;10,5863;-2,0687;14;0;50,000
2,8292;20,8190;52,7719;-41,0628;-86,3605;39,1748;55,8933;148,4700;580,000;-60,000;51,701;200,000;0,0407;21,3765;0,0000;-1,2703;20,9841;-14,0426;-12,3903;-0,4739;7,3752;0,0000;14,3547;8,2569;10,5888;-2,0426;14;0;50,000
2,8313;20,8191;52,8162;-41,0628;-86,3631;39,2183;55,8642;148,4444;580,000;-60,000;51,287;200,000;0,0397;21,3918;0,0000;-1,2406;21,0012;-14,0207;-12,3945;-0,4729;7,3615;-0,0000;14,3546;8,2298;10,5913;-2,0164;14;0;50,000
2,8334;20,8192;52,8605;-41,0628;-86,3656;39,2618;55,8352;148,4187;580,000;-60,000;50,873;200,000;0,0387;21,4070;-0,0000;-1,2109;21,0182;-13,9987;-12,3986;-0,4720;7,3477;0,0000;14,3544;8,2026;10,5938;-1,9901;14;0;50,000
2,8354;20,8193;52,9049;-41,0628;-86,3681;39,3054;55,8062;148,3930;580,000;-60,000;50,459;200,000;0,0377;21,4222;0,0000;-1,1811;21,0352;-13,9768;-12,4027;-0,4710;7,3340;-0,0000;14,3543;8,1754;10,5962;-1,9638;14;0;50,000
2,8375;20,8194;52,9492;-41,0628;-86,3705;39,3490;55,7773;148,3673;580,000;-60,000;50,044;200,000;0,0368;21,4374;-0,0000;-1,1514;21,0521;-13,9549;-12,4068;-0,4701;7,3202;-0,0000;14,3542;8,1480;10,5985;-1,9374;14;0;50,000
2,8396;20,8194;52,9937;-41,0628;-86,3728;39,3926;55,7484;148,3416;580,000;-60,000;49,630;200,000;0,0358;21,4525;0,0000;-1,1217;21,0689;-13,9329;-12,4108;-0,4692;7,3064;0,0000;14,3541;8,1205;10,6008;-1,9109;14;0;50,000
2,8416;20,8195;53,0381;-41,0628;-86,3751;39,4362;55,7196;148,3159;580,000;-60,000;49,216;200,000;0,0348;21,4676;0,0000;-1,0919;21,0857;-13,9109;-12,4147;-0,4683;7,2927;-0,0000;14,3540;8,0930;10,6030;-1,8843;14;0;50,000
2,8437;20,8196;53,0826;-41,0628;-86,3774;39,4799;55,6908;148,2902;580,000;-60,000;48,802;200,000;0,0339;21,4827;-0,0000;-1,0622;21,1024;-13,8890;-12,4186;-0,4675;7,2789;0,0000;14,3539;8,0653;10,6052;-1,8577;14;0;50,000
2,8458;20,8196;53,1271;-41,0628;-86,3795;39,5236;55,6620;148,2645;580,000;-60,000;48,387;200,000;0,0329;21,4978;0,0000;-1,0325;21,1191;-13,8670;-12,4224;-0,4667;7,2651;-0,0000;14,3538;8,0376;10,6073;-1,8310;14;0;50,000
2,8479;20,8197;53,1716;-41,0628;-86,3816;39,5674;55,6333;148,2387;580,000;-60,000;47,973;200,000;0,0319;21,5128;-0,0000;-1,0028;21,1357;-13,8450;-12,4262;-0,4659;7,2513;-0,0000;14,3537;8,0097;10,6094;-1,8042;14;0;50,000
2,8499;20,8198;53,2162;-41,0628;-86,3837;39,6112;55,6047;148,2130;580,000;-60,000;47,559;200,000;0,0310;21,5278;0,0000;-0,9730;21,1523;-13,8231;-12,4299;-0,4651;7,2375;0,0000;14,3536;7,9818;10,6114;-1,7773;14;0;50,000
2,8520;20,8198;53,2608;-41,0628;-86,3857;39,6550;55,5761;148,1872;580,000;-60,000;47,145;200,000;0,0300;21,5428;0,0000;-0,9433;21,1688;-13,8011;-12,4335;-0,4643;7,2237;-0,0000;14,3535;7,9538;10,6133;-1,7503;14;0;50,000
2,8541;20,8199;53,3054;-41,0628;-86,3876;39,6989;55,5475;148,1615;580,000;-60,000;46,731;200,000;0,0290;21,5577;-0,0000;-0,9136;21,1852;-13,7791;-12,4371;-0,4636;7,2099;0,0000;14,3534;7,9257;10,6152;-1,7233;14;0;50,000
2,8561;20,8200;53,3501;-41,0628;-86,3895;39,7428;55,5190;148,1357;580,000;-60,000;46,316;200,000;0,0281;21,5727;0,0000;-0,8838;21,2016;-13,7571;-12,4407;-0,4629;7,1960;-0,0000;14,3533;7,8974;10,6171;-1,6962;14;0;50,000
2,8582;20,8200;53,3948;-41,0628;-86,3913;39,7867;55,4905;148,1099;580,000;-60,000;45,902;200,000;0,0271;21,5876;-0,0000;-0,8541;21,2180;-13,7351;-12,4441;-0,4622;7,1822;-0,0000;14,3532;7,8691;10,6188;-1,6690;14;0;50,000
2,8603;20,8201;53,4395;-41,0628;-86,3930;39,8307;55,4621;148,0842;580,000;-60,000;45,488;200,000;0,0262;21,6024;0,0000;-0,8244;21,2342;-13,7131;-12,4476;-0,4616;7,1684;0,0000;14,3531;7,8407;10,6206;-1,6418;14;0;50,000
2,8624;20,8201;53,4843;-41,0628;-86,3947;39,8747;55,4337;148,0584;580,000;-60,000;45,074;200,000;0,0252;21,6172;0,0000;-0,7947;21,2504;-13,6911;-12,4509;-0,4609;7,1545;-0,0000;14,3530;7,8122;10,6222;-1,6145;14;0;50,000
2,8644;20,8202;53,5291;-41,0628;-86,3963;39,9187;55,4054;148,0326;580,000;-60,000;44,659;200,000;0,0243;21,6321;-0,0000;-0,7649;21,2666;-13,6691;-12,4543;-0,4603;7,1407;0,0000;14,3530;7,7837;10,6238;-1,5871;14;0;50,000
2,8665;20,8202;53,5739;-41,0628;-86,3978;39,9628;55,3771;148,0068;580,000;-60,000;44,245;200,000;0,0233;21,6468;0,0000;-0,7352;21,2827;-13,6471;-12,4575;-0,4597;7,1268;-0,0000;14,3529;7,7550;10,6254;-1,5596;14;0;50,000
2,8686;20,8203;53,6187;-41,0628;-86,3993;40,0069;55,3489;147,9810;580,000;-60,000;43,831;200,000;0,0224;21,6616;-0,0000;-0,7055;21,2987;-13,6251;-12,4607;-0,4591;7,1130;-0,0000;14,3528;7,7262;10,6269;-1,5320;14;0;50,000
2,8706;20,8203;53,6636;-41,0628;-86,4008;40,0510;55,3207;147,9552;580,000;-60,000;43,417;200,000;0,0214;21,6763;0,0000;-0,6758;21,3147;-13,6031;-12,4639;-0,4586;7,0991;-0,0000;14,3528;7,6973;10,6283;-1,5044;14;0;50,000
2,8727;20,8204;53,7085;-41,0628;-86,4021;40,0951;55,2925;147,9294;580,000;-60,000;43,002;200,000;0,0205;21,6910;-0,0000;-0,6460;21,3306;-13,5811;-12,4669;-0,4581;7,0853;-0,0000;14,3527;7,6684;10,6297;-1,4767;14;0;50,000
2,8748;20,8204;53,7535;-41,0628;-86,4034;40,1393;55,2644;147,9035;580,000;-60,000;42,588;200,000;0,0195;21,7056;0,0000;-0,6163;21,3464;-13,5591;-12,4700;-0,4576;7,0714;0,0000;14,3526;7,6393;10,6310;-1,4489;14;0;50,000
2,8769;20,8204;53,7984;-41,0628;-86,4047;40,1836;55,2363;147,8777;580,000;-60,000;42,174;200,000;0,0186;21,7203;0,0000;-0,5866;21,3622;-13,5370;-12,4730;-0,4571;7,0575;-0,0000;14,3526;7,6102;10,6323;-1,4211;14;0;50,000
2,8789;20,8205;53,8434;-41,0628;-86,4059;40,2278;55,2083;147,8519;580,000;-60,000;41,760;200,000;0,0176;21,7349;-0,0000;-0,5568;21,3780;-13,5150;-12,4759;-0,4567;7,0436;0,0000;14,3525;7,5810;10,6335;-1,3932;14;0;50,000
2,8810;20,8205;53,8885;-41,0628;-86,4070;40,2721;55,1804;147,8260;580,000;-60,000;41,345;200,000;0,0167;21,7495;0,0000;-0,5271;21,3936;-13,4930;-12,4787;-0,4562;7,0297;-0,0000;14,3525;7,5516;10,6346;-1,3652;14;0;50,000
2,8831;20,8205;53,9335;-41,0628;-86,4081;40,3165;55,1524;147,8002;580,000;-60,000;40,931;200,000;0,0157;21,7640;-0,0000;-0,4974;21,4092;-13,4710;-12,4815;-0,4558;7,0158;-0,0000;14,3524;7,5222;10,6357;-1,3371;14;0;50,000
2,8851;20,8206;53,9786;-41,0628;-86,4091;40,3608;55,1246;147,7743;580,000;-60,000;40,517;200,000;0,0148;21,7785;0,0000;-0,4677;21,4248;-13,4489;-12,4843;-0,4555;7,0019;0,0000;14,3524;7,4927;10,6367;-1,3089;14;0;50,000
2,8872;20,8206;54,0238;-41,0628;-86,4100;40,4052;55,0967;147,7485;580,000;-60,000;40,103;200,000;0,0138;21,7930;0,0000;-0,4379;21,4403;-13,4269;-12,4869;-0,4551;6,9880;-0,0000;14,3523;7,4631;10,6377;-1,2807;14;0;50,000
2,8893;20,8206;54,0689;-41,0628;-86,4109;40,4496;55,0689;147,7226;580,000;-60,000;39,689;200,000;0,0129;21,8075;-0,0000;-0,4082;21,4557;-13,4049;-12,4896;-0,4548;6,9741;0,0000;14,3523;7,4334;10,6386;-1,2524;14;0;50,000
2,8913;20,8207;54,1141;-41,0628;-86,4117;40,4941;55,0412;147,6967;580,000;-60,000;39,274;200,000;0,0120;21,8219;0,0000;-0,3785;21,4711;-13,3828;-12,4921;-0,4545;6,9602;-0,0000;14,3522;7,4036;10,6394;-1,2241;14;0;50,000
2,8934;20,8207;54,1593;-41,0628;-86,4124;40,5386;55,0135;147,6708;580,000;-60,000;38,860;200,000;0,0110;21,8363;-0,0000;-0,3488;21,4864;-13,3608;-12,4946;-0,4542;6,9463;-0,0000;14,3522;7,3738;10,6402;-1,1956;14;0;50,000
2,8955;20,8207;54,2045;-41,0628;-86,4131;40,5831;54,9858;147,6450;580,000;-60,000;38,446;200,000;0,0101;21,8507;0,0000;-0,3190;21,5016;-13,3388;-12,4971;-0,4539;6,9323;0,0000;14,3522;7,3438;10,6410;-1,1671;14;0;50,000
2,8976;20,8207;54,2498;-41,0628;-86,4138;40,6276;54,9582;147,6191;580,000;-60,000;38,032;200,000;0,0091;21,8650;0,0000;-0,2893;21,5168;-13,3167;-12,4995;-0,4537;6,9184;-0,0000;14,3521;7,3137;10,6416;-1,1385;14;0;50,000
2,8996;20,8207;54,2951;-41,0628;-86,4143;40,6722;54,9307;147,5932;580,000;-60,000;37,617;200,000;0,0082;21,8793;-0,0000;-0,2596;21,5319;-13,2947;-12,5018;-0,4535;6,9044;0,0000;14,3521;7,2836;10,6422;-1,1099;14;0;50,000
2,9017;20,8208;54,3404;-41,0628;-86,4148;40,7168;54,9032;147,5673;580,000;-60,000;37,203;200,000;0,0073;21,8936;0,0000;-0,2299;21,5470;-13,2726;-12,5041;-0,4533;6,8905;-0,0000;14,3521;7,2533;10,6428;-1,0812;14;0;50,000
2,9038;20,8208;54,3858;-41,0628;-86,4153;40,7615;54,8757;147,5414;580,000;-60,000;36,789;200,000;0,0063;21,9079;-0,0000;-0,2001;21,5620;-13,2506;-12,5063;-0,4531;6,8765;-0,0000;14,3521;7,2230;10,6433;-1,0524;14;0;50,000
2,9058;20,8208;54,4312;-41,0628;-86,4157;40,8061;54,8483;147,5155;580,000;-60,000;36,375;200,000;0,0054;21,9221;0,0000;-0,1704;21,5769;-13,2286;-12,5084;-0,4529;6,8626;0,0000;14,3521;7,1926;10,6437;-1,0235;14;0;50,000
2,9079;20,8208;54,4766;-41,0628;-86,4160;40,8508;54,8209;147,4896;580,000;-60,000;35,960;200,000;0,0044;21,9363;0,0000;-0,1407;21,5918;-13,2065;-12,5105;-0,4528;6,8486;-0,0000;14,3520;7,1621;10,6441;-0,9946;14;0;50,000
2,9100;20,8208;54,5221;-41,0628;-86,4162;40,8956;54,7936;147,4637;580,000;-60,000;35,546;200,000;0,0035;21,9505;-0,0000;-0,1110;21,6066;-13,1845;-12,5125;-0,4527;6,8347;0,0000;14,3520;7,1315;10,6444;-0,9656;14;0;50,000
2,9121;20,8208;54,5675;-41,0628;-86,4164;40,9403;54,7663;147,4377;580,000;-60,000;35,132;200,000;0,0026;21,9646;0,0000;-0,0812;21,6213;-13,1624;-12,5145;-0,4527;6,8207;-0,0000;14,3520;7,1008;10,6446;-0,9365;14;0;50,000
2,9141;20,8208;54,6130;-41,0628;-86,4166;40,9851;54,7391;147,4118;580,000;-60,000;34,718;200,000;0,0016;21,9787;-0,0000;-0,0515;21,6360;-13,1404;-12,5164;-0,4526;6,8067;-0,0000;14,3520;7,0700;10,6448;-0,9073;14;0;50,000
2,9162;20,8208;54,6586;-41,0628;-86,4167;41,0300;54,7119;147,3859;580,000;-60,000;34,304;200,000;0,0007;21,9928;0,0000;-0,0218;21,6506;-13,1183;-12,5183;-0,4526;6,7927;0,0000;14,3520;7,0392;10,6450;-0,8781;14;0;50,000
2,9183;20,8208;54,7041;-41,0628;-86,4167;41,0748;54,6847;147,3600;580,000;-60,000;33,889;200,000;-0,0003;22,0069;0,0000;0,0079;21,6651;-13,0963;-12,5201;-0,4526;6,7788;-0,0000;14,3520;7,0082;10,6450;-0,8488;14;0;50,000
2,9203;20,8208;54,7497;-41,0628;-86,4166;41,1197;54,6576;147,3340;580,000;-60,000;33,475;200,000;-0,0012;22,0209;-0,0000;0,0377;21,6796;-13,0742;-12,5218;-0,4526;6,7648;0,0000;14,3520;6,9771;10,6450;-0,8195;14;0;50,000
2,9224;20,8208;54,7954;-41,0628;-86,4165;41,1646;54,6306;147,3081;580,000;-60,000;33,061;200,000;-0,0021;22,0349;0,0000;0,0674;21,6940;-13,0522;-12,5235;-0,4526;6,7508;-0,0000;14,3520;6,9460;10,6450;-0,7900;14;0;50,000
2,9245;20,8208;54,8410;-41,0628;-86,4163;41,2096;54,6035;147,2822;580,000;-60,000;32,647;200,000;-0,0031;22,0488;-0,0000;0,0971;21,7084;-13,0301;-12,5251;-0,4527;6,7368;-0,0000;14,3520;6,9148;10,6448;-0,7605;14;0;50,000
2,9266;20,8208;54,8867;-41,0628;-86,4161;41,2546;54,5766;147,2562;580,000;-60,000;32,232;200,000;-0,0040;22,0628;0,0000;0,1268;21,7227;-13,0081;-12,5266;-0,4528;6,7228;0,0000;14,3520;6,8835;10,6447;-0,7310;14;0;50,000
2,9286;20,8208;54,9324;-41,0628;-86,4158;41,2996;54,5497;147,2303;580,000;-60,000;31,818;200,000;-0,0049;22,0767;0,0000;0,1566;21,7369;-12,9860;-12,5281;-0,4529;6,7088;-0,0000;14,3520;6,8521;10,6444;-0,7013;14;0;50,000
2,9307;20,8208;54,9782;-41,0628;-86,4155;41,3446;54,5228;147,2043;580,000;-60,000;31,404;200,000;-0,0059;22,0906;-0,0000;0,1863;21,7511;-12,9640;-12,5295;-0,4530;6,6948;0,0000;14,3521;6,8206;10,6441;-0,6716;14;0;50,000
2,9328;20,8208;55,0239;-41,0628;-86,4151;41,3897;54,4960;147,1784;580,000;-60,000;30,990;200,000;-0,0068;22,1044;0,0000;0,2160;21,7652;-12,9419;-12,5309;-0,4532;6,6807;-0,0000;14,3521;6,7890;10,6437;-0,6418;14;0;50,000
2,9348;20,8208;55,0697;-41,0628;-86,4146;41,4348;54,4692;147,1524;580,000;-60,000;30,575;200,000;-0,0078;22,1182;-0,0000;0,2457;21,7792;-12,9199;-12,5322;-0,4534;6,6667;-0,0000;14,3521;6,7573;10,6433;-0,6120;14;0;50,000
2,9369;20,8207;55,1155;-41,0628;-86,4140;41,4799;54,4424;147,1265;580,000;-60,000;30,161;200,000;-0,0087;22,1320;0,0000;0,2755;21,7931;-12,8979;-12,5334;-0,4536;6,6527;0,0000;14,3521;6,7256;10,6428;-0,5821;14;0;50,000
2,9390;20,8207;55,1614;-41,0628;-86,4134;41,5250;54,4158;147,1005;580,000;-60,000;29,747;200,000;-0,0096;22,1458;0,0000;0,3052;21,8070;-12,8758;-12,5346;-0,4538;6,6387;-0,0000;14,3522;6,6937;10,6423;-0,5521;14;0;50,000
2,9411;20,8207;55,2073;-41,0628;-86,4128;41,5702;54,3891;147,0745;580,000;-60,000;29,333;200,000;-0,0106;22,1595;-0,0000;0,3349;21,8209;-12,8538;-12,5357;-0,4540;6,6246;0,0000;14,3522;6,6618;10,6416;-0,5221;14;0;50,000
2,9431;20,8207;55,2532;-41,0628;-86,4120;41,6154;54,3625;147,0486;580,000;-60,000;28,918;200,000;-0,0115;22,1732;0,0000;0,3647;21,8346;-12,8317;-12,5367;-0,4543;6,6106;-0,0000;14,3522;6,6298;10,6409;-0,4919;14;0;50,000
2,9452;20,8206;55,2991;-41,0628;-86,4113;41,6607;54,3360;147,0226;580,000;-60,000;28,504;200,000;-0,0125;22,1869;-0,0000;0,3944;21,8483;-12,8097;-12,5377;-0,4546;6,5966;-0,0000;14,3523;6,5977;10,6402;-0,4618;14;0;50,000
2,9473;20,8206;55,3451;-41,0628;-86,4104;41,7059;54,3094;146,9966;580,000;-60,000;28,090;200,000;-0,0134;22,2006;0,0000;0,4241;21,8620;-12,7877;-12,5387;-0,4549;6,5825;-0,0000;14,3523;6,5655;10,6394;-0,4315;14;0;50,000
2,9493;20,8206;55,3911;-41,0628;-86,4095;41,7512;54,2830;146,9707;580,000;-60,000;27,676;200,000;-0,0143;22,2142;-0,0000;0,4538;21,8755;-12,7656;-12,5395;-0,4553;6,5685;-0,0000;14,3523;6,5332;10,6385;-0,4012;14;0;50,000
2,9514;20,8206;55,4371;-41,0628;-86,4085;41,7965;54,2566;146,9447;580,000;-60,000;27,262;200,000;-0,0153;22,2278;0,0000;0,4836;21,8890;-12,7436;-12,5403;-0,4557;6,5544;0,0000;14,3524;6,5008;10,6376;-0,3708;14;0;50,000
2,9535;20,8205;55,4832;-41,0628;-86,4075;41,8419;54,2302;146,9187;580,000;-60,000;26,847;200,000;-0,0162;22,2413;0,0000;0,5133;21,9025;-12,7216;-12,5411;-0,4560;6,5404;-0,0000;14,3524;6,4684;10,6366;-0,3404;14;0;50,000
2,9556;20,8205;55,5292;-41,0628;-86,4064;41,8873;54,2039;146,8927;580,000;-60,000;26,433;200,000;-0,0172;22,2549;-0,0000;0,5430;21,9158;-12,6995;-12,5417;-0,4565;6,5263;0,0000;14,3525;6,4359;10,6355;-0,3099;14;0;50,000
2,9576;20,8205;55,5753;-41,0628;-86,4053;41,9327;54,1776;146,8668;580,000;-60,000;26,019;200,000;-0,0181;22,2684;0,0000;0,5727;21,9291;-12,6775;-12,5423;-0,4569;6,5123;-0,0000;14,3525;6,4032;10,6344;-0,2793;14;0;50,000
2,9597;20,8204;55,6215;-41,0628;-86,4040;41,9781;54,1514;146,8408;580,000;-60,000;25,605;200,000;-0,0191;22,2818;-0,0000;0,6025;21,9423;-12,6555;-12,5429;-0,4574;6,4982;-0,0000;14,3526;6,3705;10,6332;-0,2486;14;0;50,000
2,9618;20,8204;55,6676;-41,0628;-86,4028;42,0236;54,1252;146,8148;580,000;-60,000;25,190;200,000;-0,0200;22,2953;0,0000;0,6322;21,9555;-12,6335;-12,5434;-0,4578;6,4841;0,0000;14,3527;6,3377;10,6319;-0,2179;14;0;50,000
2,9638;20,8203;55,7138;-41,0628;-86,4014;42,0690;54,0990;146,7888;580,000;-60,000;24,776;200,000;-0,0210;22,3087;0,0000;0,6619;21,9686;-12,6114;-12,5438;-0,4584;6,4701;-0,0000;14,3527;6,3048;10,6306;-0,1872;14;0;50,000
2,9659;20,8203;55,7601;-41,0628;-86,4000;42,1146;54,0729;146,7628;580,000;-60,000;24,362;200,000;-0,0219;22,3221;-0,0000;0,6916;21,9816;-12,5894;-12,5441;-0,4589;6,4560;0,0000;14,3528;6,2719;10,6292;-0,1563;14;0;50,000
2,9680;20,8202;55,8063;-41,0628;-86,3985;42,1601;54,0469;146,7369;580,000;-60,000;23,948;200,000;-0,0229;22,3354;0,0000;0,7214;21,9946;-12,5674;-12,5444;-0,4594;6,4419;-0,0000;14,3529;6,2388;10,6278;-0,1254;14;0;50,000
2,9701;20,8202;55,8526;-41,0628;-86,3970;42,2057;54,0209;146,7109;580,000;-60,000;23,533;200,000;-0,0238;22,3488;-0,0000;0,7511;22,0075;-12,5454;-12,5447;-0,4600;6,4278;-0,0000;14,3529;6,2057;10,6263;-0,0945;14;0;50,000
2,9721;20,8201;55,8989;-41,0628;-86,3954;42,2513;53,9949;146,6849;580,000;-60,000;23,119;200,000;-0,0248;22,3621;0,0000;0,7808;22,0203;-12,5234;-12,5448;-0,4606;6,4138;0,0000;14,3530;6,1725;10,6247;-0,0634;14;0;50,000
2,9742;20,8201;55,9452;-41,0628;-86,3938;42,2969;53,9690;146,6589;580,000;-60,000;22,705;200,000;-0,0257;22,3753;0,0000;0,8106;22,0330;-12,5014;-12,5449;-0,4613;6,3997;-0,0000;14,3531;6,1392;10,6231;-0,0323;14;0;50,000
2,9763;20,8200;55,9916;-41,0628;-86,3921;42,3425;53,9431;146,6329;580,000;-60,000;22,291;200,000;-0,0267;22,3886;-0,0000;0,8403;22,0457;-12,4794;-12,5450;-0,4619;6,3856;0,0000;14,3532;6,1058;10,6214;-0,0012;14;0;50,000
2,9783;20,8200;56,0379;-41,0628;-86,3903;42,3882;53,9173;146,6070;580,000;-60,000;21,877;200,000;-0,0276;22,4018;0,0000;0,8700;22,0583;-12,4574;-12,5449;-0,4626;6,3715;-0,0000;14,3533;6,0723;10,6196;0,0300;14;0;50,000
2,9804;20,8199;56,0844;-41,0628;-86,3885;42,4339;53,8915;146,5810;580,000;-60,000;21,462;200,000;-0,0286;22,4150;-0,0000;0,8997;22,0709;-12,4354;-12,5448;-0,4633;6,3574;-0,0000;14,3533;6,0388;10,6177;0,0613;14;0;50,000
2,9825;20,8199;56,1308;-41,0628;-86,3866;42,4796;53,8658;146,5550;580,000;-60,000;21,048;200,000;-0,0296;22,4281;0,0000;0,9295;22,0833;-12,4134;-12,5447;-0,4640;6,3433;0,0000;14,3534;6,0051;10,6158;0,0927;14;0;50,000
2,9846;20,8198;56,1773;-41,0628;-86,3846;42,5254;53,8401;146,5290;580,000;-60,000;20,634;200,000;-0,0305;22,4413;0,0000;0,9592;22,0957;-12,3914;-12,5445;-0,4603;3,2282;-0,0000;14,2129;2,9183;12,3181;1,8554;14;0;50,000
2,9866;20,8197;56,2238;-41,0628;-86,3826;42,5712;53,8145;146,5030;580,000;-60,000;20,220;200,000;-0,0315;22,4415;-0,0000;0,9883;22,0954;-12,3624;-12,5370;-0,4204;-24,0433;0,0000;12,9381;-23,9510;27,2569;17,0947;14;0;50,000
2,9887;20,8197;56,2702;-41,0628;-86,3805;42,6169;53,7889;146,4771;580,000;-60,000;19,806;199,771;-0,0323;22,3417;0,0000;1,0128;21,9965;-12,2785;-12,4736;-0,3442;-73,2605;-0,0000;10,5260;-72,4238;54,1142;44,5488;14;0;50,000
2,9908;20,8196;56,3163;-41,0628;-86,3784;42,6623;53,7636;146,4514;580,000;-60,000;19,396;197,991;-0,0329;22,1380;-0,0000;1,0319;21,7954;-12,1382;-12,3525;-0,2915;-102,3604;-0,0000;8,8551;-101,0857;69,7448;60,7253;14;0;50,000
2,9928;20,8195;56,3619;-41,0628;-86,3763;42,7072;53,7386;146,4259;580,000;-60,000;18,990;195,920;-0,0335;21,9176;0,0000;1,0495;21,5778;-11,9896;-12,2221;-0,2726;-106,5079;0,0000;8,2447;-105,1782;71,5921;62,9508;14;0;50,000
2,9949;20,8195;56,4071;-41,0628;-86,3741;42,7517;53,7139;146,4007;580,000;-60,000;18,588;193,849;-0,0340;21,6968;0,0000;1,0661;21,3597;-11,8417;-12,0917;-0,2592;-106,7094;-0,0000;7,8126;-105,3845;71,2707;62,9717;14;0;50,000
2,9970;20,8194;56,4518;-41,0628;-86,3718;42,7957;53,6896;146,3758;580,000;-60,000;18,191;191,778;-0,0345;21,4756;-0,0000;1,0818;21,1413;-11,6944;-11,9612;-0,2460;-106,9081;0,0000;7,3851;-105,5871;70,9528;62,9909;14;0;50,000
2,9991;20,8193;56,4961;-41,0628;-86,3696;42,8392;53,6655;146,3512;580,000;-60,000;17,798;189,706;-0,0350;21,2540;0,0000;1,0967;20,9224;-11,5478;-11,8308;-0,2330;-107,1041;-0,0000;6,9622;-105,7859;70,6383;63,0085;14;0;50,000
3,0011;20,8192;56,5398;-41,0628;-86,3673;42,8823;53,6417;146,3268;580,000;-60,000;17,410;187,635;-0,0355;21,0320;-0,0000;1,1107;20,7031;-11,4018;-11,7002;-0,2200;-107,2972;-0,0000;6,5439;-105,9811;70,3274;63,0245;14;0;50,000
3,0032;20,8192;56,5832;-41,0628;-86,3650;42,9250;53,6183;146,3027;580,000;-60,000;17,025;185,564;-0,0359;20,8095;0,0000;1,1238;20,4834;-11,2564;-11,5697;-0,2072;-107,4876;0,0000;6,1302;-106,1727;70,0200;63,0389;14;0;50,000
3,0053;20,8191;56,6260;-41,0628;-86,3626;42,9672;53,5951;146,2789;580,000;-60,000;16,645;183,493;-0,0364;20,5867;0,0000;1,1361;20,2633;-11,1117;-11,4391;-0,1944;-107,6752;-0,0000;5,7212;-106,3606;69,7160;63,0518;14;0;50,000
3,0073;20,8190;56,6685;-41,0628;-86,3603;43,0089;53,5722;146,2553;580,000;-60,000;16,270;181,422;-0,0368;20,3635;-0,0000;1,1475;20,0428;-10,9676;-11,3085;-0,1818;-107,8601;0,0000;5,3167;-106,5450;69,4156;63,0632;14;0;50,000
3,0094;20,8189;56,7104;-41,0628;-86,3579;43,0502;53,5497;146,2320;580,000;-60,000;15,898;179,351;-0,0371;20,1399;0,0000;1,1581;19,8219;-10,8242;-11,1779;-0,1693;-108,0423;-0,0000;4,9169;-106,7259;69,1186;63,0732;14;0;50,000
3,0115;20,8189;56,7519;-41,0628;-86,3555;43,0910;53,5274;146,2090;580,000;-60,000;15,531;177,279;-0,0375;19,9160;-0,0000;1,1679;19,6007;-10,6813;-11,0472;-0,1570;-108,2218;-0,0000;4,5217;-106,9034;68,8252;63,0818;14;0;50,000
3,0135;20,8188;56,7929;-41,0628;-86,3531;43,1314;53,5054;146,1863;580,000;-60,000;15,168;175,208;-0,0378;19,6916;0,0000;1,1768;19,3791;-10,5391;-10,9166;-0,1447;-108,3987;0,0000;4,1311;-107,0774;68,5353;63,0890;14;0;50,000
3,0156;20,8187;56,8334;-41,0628;-86,3506;43,1713;53,4837;146,1638;580,000;-60,000;14,809;173,137;-0,0381;19,4669;0,0000;1,1850;19,1571;-10,3974;-10,7859;-0,1326;-108,5729;-0,0000;3,7451;-107,2481;68,2488;63,0950;14;0;50,000
3,0177;20,8186;56,8735;-41,0628;-86,3481;43,2108;53,4623;146,1416;580,000;-60,000;14,455;171,066;-0,0383;19,2419;-0,0000;1,1923;18,9348;-10,2564;-10,6552;-0,1206;-108,7445;0,0000;3,3637;-107,4154;67,9659;63,0996;14;0;50,000
3,0198;20,8186;56,9132;-41,0628;-86,3457;43,2497;53,4412;146,1197;580,000;-60,000;14,105;168,995;-0,0386;19,0165;0,0000;1,1989;18,7122;-10,1159;-10,5245;-0,1087;-108,9135;-0,0000;2,9870;-107,5794;67,6864;63,1030;14;0;50,000
3,0218;20,8185;56,9523;-41,0628;-86,3432;43,2883;53,4204;146,0980;580,000;-60,000;13,759;166,924;-0,0388;18,7907;-0,0000;1,2047;18,4892;-9,9760;-10,3938;-0,0969;-109,0799;-0,0000;2,6148;-107,7402;67,4105;63,1053;14;0;50,000
3,0239;20,8184;56,9910;-41,0628;-86,3407;43,3263;53,3999;146,0766;580,000;-60,000;13,418;164,852;-0,0390;18,5646;0,0000;1,2097;18,2659;-9,8367;-10,2631;-0,0852;-109,2438;-0,0000;2,2473;-107,8978;67,1381;63,1064;14;0;50,000
3,0260;20,8183;57,0292;-41,0628;-86,3382;43,3639;53,3797;146,0555;580,000;-60,000;13,081;162,781;-0,0391;18,3382;-0,0000;1,2140;18,0423;-9,6979;-10,1324;-0,0736;-109,4051;-0,0000;1,8844;-108,0523;66,8691;63,1064;14;0;50,000
3,0280;20,8182;57,0670;-41,0628;-86,3356;43,4011;53,3598;146,0346;580,000;-60,000;12,748;160,710;-0,0393;18,1114;0,0000;1,2175;17,8183;-9,5597;-10,0017;-0,0622;-109,5638;0,0000;1,5261;-108,2036;66,6037;63,1053;14;0;50,000
3,0301;20,8182;57,1042;-41,0628;-86,3331;43,4377;53,3401;146,0141;580,000;-60,000;12,419;158,639;-0,0394;17,8844;0,0000;1,2203;17,5940;-9,4220;-9,8710;-0,0509;-109,7201;-0,0000;1,1724;-108,3518;66,3418;63,1032;14;0;50,000
3,0322;20,8181;57,1410;-41,0628;-86,3306;43,4740;53,3207;145,9938;580,000;-60,000;12,095;156,568;-0,0395;17,6569;-0,0000;1,2224;17,3695;-9,2849;-9,7403;-0,0397;-109,8739;0,0000;0,8233;-108,4971;66,0833;63,1000;14;0;50,000
3,0343;20,8180;57,1774;-41,0628;-86,3281;43,5097;53,3016;145,9737;580,000;-60,000;11,775;154,497;-0,0395;17,4292;0,0000;1,2237;17,1446;-9,1483;-9,6096;-0,0286;-110,0252;-0,0000;0,4788;-108,6393;65,8284;63,0960;14;0;50,000
3,0363;20,8179;57,2132;-41,0628;-86,3255;43,5450;53,2828;145,9539;580,000;-60,000;11,459;152,425;-0,0396;17,2012;-0,0000;1,2244;16,9194;-9,0122;-9,4790;-0,0176;-110,1740;-0,0000;0,1390;-108,7785;65,5770;63,0910;14;0;50,000
3,0384;20,8178;57,2486;-41,0628;-86,3230;43,5798;53,2643;145,9344;580,000;-60,000;11,148;150,354;-0,0396;16,9728;0,0000;1,2243;16,6940;-8,8766;-9,3483;-0,0068;-110,3204;0,0000;-0,1963;-108,9149;65,3290;63,0851;14;0;50,000
3,0405;20,8177;57,2835;-41,0628;-86,3205;43,6141;53,2461;145,9152;580,000;-60,000;10,841;148,283;-0,0396;16,7442;0,0000;1,2236;16,4683;-8,7416;-9,2176;0,0039;-110,4644;-0,0000;-0,5269;-109,0484;65,0846;63,0784;14;0;50,000
3,0425;20,8177;57,3180;-41,0628;-86,3179;43,6480;53,2281;145,8963;580,000;-60,000;10,538;146,212;-0,0396;16,5153;-0,0000;1,2221;16,2423;-8,6070;-9,0870;0,0145;-110,6060;0,0000;-0,8529;-109,1790;64,8436;63,0709;14;0;50,000
3,0446;20,8176;57,3520;-41,0628;-86,3154;43,6814;53,2104;145,8776;580,000;-60,000;10,240;144,141;-0,0396;16,2860;0,0000;1,2200;16,0160;-8,4730;-8,9564;0,0250;-110,7452;-0,0000;-1,1743;-109,3068;64,6062;63,0627;14;0;50,000
3,0467;20,8175;57,3854;-41,0628;-86,3129;43,7143;53,1930;145,8592;580,000;-60,000;9,945;142,070;-0,0395;16,0565;-0,0000;1,2173;15,7895;-8,3394;-8,8258;0,0354;-110,8820;-0,0000;-1,4911;-109,4319;64,3722;63,0536;14;0;50,000
3,0488;20,8174;57,4185;-41,0628;-86,3103;43,7468;53,1759;145,8410;580,000;-60,000;9,655;139,998;-0,0394;15,8267;0,0000;1,2139;15,5627;-8,2063;-8,6952;0,0456;-111,0165;0,0000;-1,8032;-109,5543;64,1418;63,0439;14;0;50,000
3,0508;20,8173;57,4510;-41,0628;-86,3078;43,7788;53,1590;145,8231;580,000;-60,000;9,370;137,927;-0,0393;15,5966;0,0000;1,2098;15,3357;-8,0737;-8,5646;0,0557;-111,1486;-0,0000;-2,1108;-109,6740;63,9148;63,0336;14;0;50,000
3,0529;20,8173;57,4831;-41,0628;-86,3053;43,8103;53,1424;145,8055;580,000;-60,000;9,088;135,856;-0,0392;15,3663;-0,0000;1,2051;15,1084;-7,9416;-8,4341;0,0657;-111,2784;0,0000;-2,4137;-109,7910;63,6913;63,0226;14;0;50,000
3,0550;20,8172;57,5147;-41,0628;-86,3028;43,8414;53,1261;145,7882;580,000;-60,000;8,811;133,785;-0,0390;15,1357;0,0000;1,1998;14,8809;-7,8099;-8,3036;0,0756;-111,4059;-0,0000;-2,7120;-109,9054;63,4712;63,0110;14;0;50,000
3,0570;20,8171;57,5458;-41,0628;-86,3004;43,8720;53,1101;145,7711;580,000;-60,000;8,538;131,714;-0,0389;14,9048;-0,0000;1,1939;14,6532;-7,6786;-8,1731;0,0853;-111,5311;-0,0000;-3,0057;-110,0173;63,2547;62,9989;14;0;50,000
3,0591;20,8170;57,5764;-41,0628;-86,2979;43,9021;53,0943;145,7544;580,000;-60,000;8,270;129,643;-0,0387;14,6737;0,0000;1,1874;14,4252;-7,5478;-8,0426;0,0950;-111,6540;0,0000;-3,2948;-110,1266;63,0417;62,9862;14;0;50,000
3,0612;20,8169;57,6066;-41,0628;-86,2954;43,9317;53,0788;145,7378;580,000;-60,000;8,006;127,571;-0,0385;14,4423;0,0000;1,1802;14,1970;-7,4175;-7,9122;0,1045;-111,7747;-0,0000;-3,5793;-110,2334;62,8321;62,9730;14;0;50,000
3,0633;20,8169;57,6362;-41,0628;-86,2930;43,9609;53,0636;145,7216;580,000;-60,000;7,746;125,500;-0,0382;14,2107;-0,0000;1,1725;13,9686;-7,2876;-7,7817;0,1138;-111,8931;0,0000;-3,8591;-110,3378;62,6260;62,9594;14;0;50,000
3,0653;20,8168;57,6654;-41,0628;-86,2906;43,9896;53,0486;145,7056;580,000;-60,000;7,490;123,429;-0,0380;13,9788;0,0000;1,1642;13,7399;-7,1581;-7,6514;0,1231;-112,0092;-0,0000;-4,1344;-110,4397;62,4233;62,9453;14;0;50,000
3,0674;20,8167;57,6941;-41,0628;-86,2882;44,0178;53,0339;145,6899;580,000;-60,000;7,239;121,358;-0,0377;13,7467;-0,0000;1,1554;13,5111;-7,0290;-7,5210;0,1322;-112,1232;-0,0000;-4,4050;-110,5392;62,2242;62,9309;14;0;50,000
3,0695;20,8166;57,7224;-41,0628;-86,2858;44,0456;53,0195;145,6744;580,000;-60,000;6,992;119,287;-0,0375;13,5144;0,0000;1,1460;13,2820;-6,9003;-7,3907;0,1411;-112,2349;0,0000;-4,6710;-110,6364;62,0285;62,9161;14;0;50,000
3,0715;20,8165;57,7501;-41,0628;-86,2834;44,0728;53,0053;145,6593;580,000;-60,000;6,749;117,216;-0,0372;13,2818;0,0000;1,1361;13,0528;-6,7721;-7,2604;0,1500;-112,3445;-0,0000;-4,9324;-110,7312;61,8362;62,9009;14;0;50,000
3,0736;20,8165;57,7774;-41,0628;-86,2811;44,0996;52,9914;145,6444;580,000;-60,000;6,510;115,144;-0,0368;13,0490;-0,0000;1,1256;12,8233;-6,6442;-7,1301;0,1587;-112,4518;0,0000;-5,1892;-110,8238;61,6475;62,8855;14;0;50,000
3,0757;20,8164;57,8042;-41,0628;-86,2788;44,1260;52,9778;145,6297;580,000;-60,000;6,276;113,073;-0,0365;12,8160;0,0000;1,1146;12,5937;-6,5167;-6,9999;0,1673;-112,5570;-0,0000;-5,4414;-110,9140;61,4622;62,8698;14;0;50,000
3,0778;20,8163;57,8305;-41,0628;-86,2765;44,1518;52,9645;145,6154;580,000;-60,000;6,046;111,002;-0,0361;12,5827;-0,0000;1,1030;12,3639;-6,3896;-6,8697;0,1757;-112,6601;-0,0000;-5,6889;-111,0021;61,2803;62,8538;14;0;50,000
3,0798;20,8162;57,8563;-41,0628;-86,2742;44,1772;52,9513;145,6013;580,000;-60,000;5,821;108,931;-0,0358;12,3493;0,0000;1,0910;12,1339;-6,2628;-6,7395;0,1840;-112,7610;0,0000;-5,9319;-111,0879;61,1019;62,8376;14;0;50,000
3,0819;20,8162;57,8816;-41,0628;-86,2720;44,2021;52,9385;145,5875;580,000;-60,000;5,599;106,860;-0,0354;12,1157;0,0000;1,0785;11,9037;-6,1365;-6,6094;0,1922;-112,8598;-0,0000;-6,1702;-111,1716;60,9270;62,8212;14;0;50,000
3,0840;20,8161;57,9065;-41,0628;-86,2697;44,2265;52,9259;145,5739;580,000;-60,000;5,382;104,789;-0,0350;11,8818;-0,0000;1,0654;11,6734;-6,0105;-6,4793;0,2002;-112,9564;0,0000;-6,4039;-111,2531;60,7555;62,8047;14;0;50,000
3,0860;20,8160;57,9308;-41,0628;-86,2676;44,2504;52,9136;145,5606;580,000;-60,000;5,170;102,717;-0,0345;11,6478;0,0000;1,0519;11,4429;-5,8848;-6,3492;0,2081;-113,0510;-0,0000;-6,6330;-111,3325;60,5874;62,7880;14;0;50,000
3,0881;20,8159;57,9547;-41,0628;-86,2654;44,2739;52,9016;145,5476;580,000;-60,000;4,961;100,646;-0,0341;11,4135;-0,0000;1,0380;11,2122;-5,7595;-6,2192;0,2159;-113,1434;-0,0000;-6,8574;-111,4098;60,4228;62,7713;14;0;50,000
3,0902;20,8159;57,9781;-41,0628;-86,2633;44,2969;52,8898;145,5349;580,000;-60,000;4,757;98,575;-0,0337;11,1791;0,0000;1,0235;10,9814;-5,6345;-6,0892;0,2235;-113,2338;0,0000;-7,0773;-111,4851;60,2617;62,7544;14;0;50,000
3,0923;20,8158;58,0010;-41,0628;-86,2611;44,3194;52,8782;145,5224;580,000;-60,000;4,557;96,504;-0,0332;10,9445;0,0000;1,0086;10,7504;-5,5099;-5,9593;0,2310;-113,3221;-0,0000;-7,2925;-111,5583;60,1039;62,7375;14;0;50,000
3,0943;20,8157;58,0235;-41,0628;-86,2591;44,3414;52,8669;145,5102;580,000;-60,000;4,362;94,433;-0,0327;10,7097;-0,0000;0,9933;10,5193;-5,3855;-5,8293;0,2383;-113,4083;0,0000;-7,5031;-111,6296;59,9497;62,7206;14;0;50,000
3,0964;20,8157;58,0454;-41,0628;-86,2570;44,3629;52,8559;145,4982;580,000;-60,000;4,170;92,362;-0,0322;10,4747;0,0000;0,9776;10,2880;-5,2615;-5,6995;0,2455;-113,4925;-0,0000;-7,7091;-111,6988;59,7988;62,7037;14;0;50,000
3,0985;20,8156;58,0668;-41,0628;-86,2550;44,3840;52,8451;145,4866;580,000;-60,000;3,983;90,290;-0,0317;10,2395;-0,0000;0,9614;10,0566;-5,1378;-5,5696;0,2526;-113,5747;-0,0000;-7,9105;-111,7662;59,6514;62,6868;14;0;50,000
3,1005;20,8155;58,0878;-41,0628;-86,2530;44,4046;52,8346;145,4752;580,000;-60,000;3,800;88,219;-0,0311;10,0042;0,0000;0,9448;9,8250;-5,0144;-5,4398;0,2595;-113,6548;-0,0000;-8,1073;-111,8316;59,5074;62,6699;14;0;50,000
3,1026;20,8155;58,1083;-41,0628;-86,2511;44,4247;52,8244;145,4640;580,000;-60,000;3,622;86,148;-0,0306;9,7687;-0,0000;0,9278;9,5933;-4,8913;-5,3100;0,2662;-113,7329;-0,0000;-8,2994;-111,8951;59,3668;62,6531;14;0;50,000
3,1047;20,8154;58,1283;-41,0628;-86,2492;44,4443;52,8144;145,4532;580,000;-60,000;3,448;84,077;-0,0300;9,5331;0,0000;0,9104;9,3615;-4,7685;-5,1803;0,2728;-113,8090;0,0000;-8,4870;-111,9568;59,2296;62,6364;14;0;50,000
3,1068;20,8154;58,1478;-41,0628;-86,2473;44,4635;52,8046;145,4426;580,000;-60,000;3,278;82,006;-0,0295;9,2973;0,0000;0,8926;9,1296;-4,6460;-5,0505;0,2793;-113,8831;-0,0000;-8,6699;-112,0166;59,0959;62,6199;14;0;50,000
3,1088;20,8153;58,1668;-41,0628;-86,2455;44,4822;52,7951;145,4322;580,000;-60,000;3,113;79,935;-0,0289;9,0614;-0,0000;0,8745;8,8975;-4,5237;-4,9209;0,2856;-113,9552;0,0000;-8,8482;-112,0746;58,9656;62,6034;14;0;50,000
3,1109;20,8152;58,1853;-41,0628;-86,2437;44,5003;52,7859;145,4222;580,000;-60,000;2,951;77,863;-0,0283;8,8253;0,0000;0,8560;8,6653;-4,4017;-4,7912;0,2917;-114,0254;-0,0000;-9,0218;-112,1308;58,8387;62,5871;14;0;50,000
3,1130;20,8152;58,2033;-41,0628;-86,2420;44,5181;52,7769;145,4124;580,000;-60,000;2,794;75,792;-0,0277;8,5890;-0,0000;0,8371;8,4330;-4,2800;-4,6616;0,2978;-114,0935;-0,0000;-9,1909;-112,1852;58,7152;62,5710;14;0;50,000
3,1150;20,8151;58,2209;-41,0628;-86,2402;44,5353;52,7681;145,4029;580,000;-60,000;2,642;73,721;-0,0271;8,3526;0,0000;0,8179;8,2006;-4,1585;-4,5320;0,3036;-114,1597;0,0000;-9,3553;-112,2379;58,5951;62,5551;14;0;50,000
3,1171;20,8151;58,2379;-41,0628;-86,2386;44,5520;52,7597;145,3936;580,000;-60,000;2,493;71,650;-0,0264;8,1161;0,0000;0,7984;7,9681;-4,0373;-4,4025;0,3093;-114,2239;-0,0000;-9,5152;-112,2888;58,4784;62,5394;14;0;50,000
3,1192;20,8150;58,2545;-41,0628;-86,2369;44,5683;52,7514;145,3846;580,000;-60,000;2,349;69,579;-0,0258;7,8795;-0,0000;0,7785;7,7355;-3,9163;-4,2730;0,3149;-114,2862;0,0000;-9,6704;-112,3381;58,3651;62,5240;14;0;50,000
3,1212;20,8150;58,2706;-41,0628;-86,2353;44,5841;52,7434;145,3759;580,000;-60,000;2,209;67,508;-0,0251;7,6427;0,0000;0,7583;7,5028;-3,7955;-4,1435;0,3203;-114,3466;-0,0000;-9,8209;-112,3856;58,2553;62,5088;14;0;50,000
3,1233;20,8149;58,2862;-41,0628;-86,2338;44,5994;52,7357;145,3675;580,000;-60,000;2,074;65,436;-0,0244;7,4058;-0,0000;0,7378;7,2699;-3,6750;-4,0140;0,3255;-114,4050;-0,0000;-9,9669;-112,4315;58,1488;62,4939;14;0;50,000
3,1254;20,8149;58,3013;-41,0628;-86,2323;44,6142;52,7282;145,3593;580,000;-60,000;1,942;63,365;-0,0238;7,1688;0,0000;0,7170;7,0370;-3,5546;-3,8846;0,3306;-114,4615;0,0000;-10,1083;-112,4758;58,0457;62,4793;14;0;50,000
3,1275;20,8148;58,3159;-41,0628;-86,2308;44,6285;52,7210;145,3514;580,000;-60,000;1,816;61,294;-0,0231;6,9317;0,0000;0,6960;6,8040;-3,4345;-3,7552;0,3355;-114,5161;-0,0000;-10,2450;-112,5184;57,9460;62,4650;14;0;50,000
3,1295;20,8148;58,3300;-41,0628;-86,2294;44,6424;52,7140;145,3437;580,000;-60,000;1,693;59,223;-0,0224;6,6945;-0,0000;0,6746;6,5709;-3,3146;-3,6259;0,3403;-114,5687;0,0000;-10,3771;-112,5594;57,8497;62,4510;14;0;50,000
3,1316;20,8147;58,3436;-41,0628;-86,2280;44,6557;52,7072;145,3364;580,000;-60,000;1,575;57,152;-0,0217;6,4571;0,0000;0,6530;6,3378;-3,1949;-3,4965;0,3449;-114,6195;-0,0000;-10,5046;-112,5988;57,7568;62,4373;14;0;50,000
3,1337;20,8147;58,3567;-41,0628;-86,2267;44,6686;52,7007;145,3293;580,000;-60,000;1,460;55,081;-0,0210;6,2197;-0,0000;0,6311;6,1045;-3,0754;-3,3672;0,3493;-114,6684;-0,0000;-10,6275;-112,6366;57,6673;62,4241;14;0;50,000
3,1357;20,8146;58,3694;-41,0628;-86,2254;44,6810;52,6945;145,3224;580,000;-60,000;1,351;53,009;-0,0202;5,9821;0,0000;0,6089;5,8712;-2,9560;-3,2380;0,3630;-114,7163;0,0000;-10,7479;-112,7148;57,5564;62,4671;14;0;50,000
3,1378;20,8146;58,3815;-41,0628;-86,2242;44,6929;52,6885;145,3158;580,000;-60,000;1,245;50,938;-0,0194;5,7445;0,0000;0,5866;5,6376;-2,8369;-3,1085;0,3578;-114,7605;-0,0000;-10,8594;-112,7076;57,4984;62,3986;14;0;50,000
3,1399;20,8145;58,3932;-41,0628;-86,2230;44,7044;52,6828;145,3095;580,000;-60,000;1,144;48,867;-0,0187;5,5067;-0,0000;0,5640;5,4043;-2,7178;-2,9795;0,3507;-114,8020;0,0000;-10,9644;-112,6956;57,4506;62,3256;14;0;50,000
3,1420;20,8145;58,4043;-41,0628;-86,2218;44,7153;52,6772;145,3035;580,000;-60,000;1,047;46,796;-0,0180;5,2689;0,0000;0,5411;5,1708;-2,5990;-2,8503;0,3655;-114,8450;-0,0000;-11,0728;-112,7725;57,3430;62,3748;14;0;50,000
3,1440;20,8145;58,4150;-41,0628;-86,2207;44,7258;52,6720;145,2977;580,000;-60,000;0,954;44,725;-0,0172;5,0310;-0,0000;0,5181;4,9372;-2,4803;-2,7211;0,3696;-114,8858;-0,0000;-11,1756;-112,7967;57,2640;62,3571;14;0;50,000
3,1461;20,8144;58,4252;-41,0628;-86,2197;44,7358;52,6670;145,2922;580,000;-60,000;0,866;42,654;-0,0165;4,7930;0,0000;0,4948;4,7036;-2,3618;-2,5920;0,3726;-114,9221;0,0000;-11,2677;-112,8313;57,2012;62,3527;14;0;50,000
3,1482;20,8144;58,4348;-41,0628;-86,2187;44,7453;52,6622;145,2870;580,000;-60,000;0,782;40,582;-0,0157;4,5550;0,0000;0,4714;4,4698;-2,2434;-2,4628;0,3758;-114,9571;-0,0000;-11,3563;-112,8631;57,1390;62,3475;14;0;50,000
3,1502;20,8144;58,4440;-41,0628;-86,2177;44,7543;52,6577;145,2820;580,000;-60,000;0,702;38,511;-0,0149;4,3168;-0,0000;0,4478;4,2360;-2,1251;-2,3337;0,3791;-114,9918;0,0000;-11,4441;-112,8843;57,0728;62,3324;14;0;50,000
3,1523;20,8143;58,4527;-41,0628;-86,2168;44,7628;52,6534;145,2773;580,000;-60,000;0,627;36,440;-0,0141;4,0786;0,0000;0,4240;4,0022;-2,0069;-2,2046;0,3823;-115,0241;-0,0000;-11,5261;-112,9077;57,0121;62,3221;14;0;50,000
3,1544;20,8143;58,4609;-41,0628;-86,2160;44,7709;52,6494;145,2729;580,000;-60,000;0,556;34,369;-0,0133;3,8404;-0,0000;0,4001;3,7683;-1,8889;-2,0756;0,3849;-115,0541;-0,0000;-11,6021;-112,9314;56,9579;62,3140;14;0;50,000
3,1565;20,8143;58,4686;-41,0628;-86,2152;44,7784;52,6456;145,2687;580,000;-60,000;0,489;32,298;-0,0125;3,6020;0,0000;0,3760;3,5344;-1,7710;-1,9465;0,3876;-115,0824;0,0000;-11,6741;-112,9536;56,9054;62,3065;14;0;50,000
3,1585;20,8143;58,4758;-41,0628;-86,2144;44,7855;52,6420;145,2648;580,000;-60,000;0,426;30,227;-0,0117;3,3637;0,0000;0,3517;3,3004;-1,6532;-1,8175;0,3900;-115,1090;-0,0000;-11,7416;-112,9729;56,8565;62,2976;14;0;50,000
3,1606;20,8142;58,4826;-41,0628;-86,2137;44,7921;52,6387;145,2612;580,000;-60,000;0,368;28,155;-0,0109;3,1252;-0,0000;0,3273;3,0664;-1,5355;-1,6884;0,3924;-115,1337;0,0000;-11,8044;-112,9922;56,8107;62,2910;14;0;50,000
3,1627;20,8142;58,4888;-41,0628;-86,2131;44,7982;52,6357;145,2578;580,000;-60,000;0,314;26,084;-0,0101;2,8867;0,0000;0,3028;2,8324;-1,4179;-1,5594;0,3945;-115,1565;-0,0000;-11,8626;-113,0087;56,7686;62,2832;14;0;50,000
3,1647;20,8142;58,4945;-41,0628;-86,2125;44,8038;52,6329;145,2547;580,000;-60,000;0,264;24,013;-0,0093;2,6482;-0,0000;0,2782;2,5983;-1,3003;-1,4304;0,3965;-115,1776;-0,0000;-11,9162;-113,0251;56,7294;62,2776;14;0;50,000
3,1668;20,8142;58,4998;-41,0628;-86,2119;44,8090;52,6303;145,2519;580,000;-60,000;0,219;21,942;-0,0085;2,4096;0,0000;0,2534;2,3642;-1,1829;-1,3015;0,3982;-115,1968;0,0000;-11,9651;-113,0389;56,6941;62,2709;14;0;50,000
3,1689;20,8142;58,5045;-41,0628;-86,2114;44,8136;52,6280;145,2494;580,000;-60,000;0,177;19,871;-0,0076;2,1710;0,0000;0,2286;2,1301;-1,0655;-1,1725;0,4000;-115,2142;-0,0000;-12,0095;-113,0526;56,6615;62,2664;14;0;50,000
3,1710;20,8141;58,5087;-41,0628;-86,2110;44,8178;52,6259;145,2471;580,000;-60,000;0,141;17,800;-0,0068;1,9324;-0,0000;0,2037;1,8959;-0,9481;-1,0435;0,4013;-115,2298;0,0000;-12,0492;-113,0636;56,6330;62,2607;14;0;50,000
3,1730;20,8141;58,5125;-41,0628;-86,2106;44,8215;52,6240;145,2450;580,000;-60,000;0,108;15,728;-0,0060;1,6937;0,0000;0,1787;1,6617;-0,8309;-0,9146;0,4028;-115,2436;-0,0000;-12,0843;-113,0745;56,6072;62,2573;14;0;50,000
3,1751;20,8141;58,5158;-41,0628;-86,2102;44,8247;52,6224;145,2433;580,000;-60,000;0,080;13,657;-0,0051;1,4550;-0,0000;0,1536;1,4275;-0,7137;-0,7857;0,4038;-115,2555;-0,0000;-12,1147;-113,0828;56,5854;62,2528;14;0;50,000
3,1772;20,8141;58,5185;-41,0628;-86,2099;44,8274;52,6211;145,2418;580,000;-60,000;0,056;11,586;-0,0043;1,2163;0,0000;0,1285;1,1933;-0,5965;-0,6567;0,4048;-115,2656;0,0000;-12,1406;-113,0910;56,5662;62,2505;14;0;50,000
3,1792;20,8141;58,5208;-41,0628;-86,2097;44,8296;52,6200;145,2405;580,000;-60,000;0,036;9,515;-0,0034;0,9775;0,0000;0,1033;0,9590;-0,4793;-0,5278;0,4003;-115,2734;-0,0000;-12,1606;-113,0735;56,5648;62,2162;14;0;50,000
3,1813;20,8141;58,5226;-41,0628;-86,2095;44,8314;52,6191;145,2396;580,000;-60,000;0,021;7,444;-0,0026;0,7388;-0,0000;0,0781;0,7249;-0,3622;-0,3990;0,4062;-115,2805;0,0000;-12,1784;-113,1019;56,5389;62,2456;14;0;50,000
3,1834;20,8141;58,5239;-41,0628;-86,2094;44,8326;52,6185;145,2389;580,000;-60,000;0,009;5,373;-0,0018;0,5000;0,0000;0,0529;0,4905;-0,2451;-0,2699;0,4169;-115,2862;-0,0000;-12,1928;-113,1512;56,5032;62,3051;14;0;50,000
3,1855;20,8141;58,5246;-41,0628;-86,2093;44,8334;52,6181;145,2385;580,000;-60,000;0,003;3,301;-0,0009;0,2612;-0,0000;0,0276;0,2562;-0,1281;-0,1409;0,4100;-115,2910;-0,0000;-12,2047;-113,1075;56,5212;62,2428;14;0;50,000
3,1875;20,8141;58,5249;-41,0628;-86,2093;44,8337;52,6179;145,2383;580,000;-60,000;0,000;1,230;-0,0001;0,0224;0,0000;0,0023;0,0220;-0,0110;-0,0121;0,4048;-115,2917;-0,0000;-12,2065;-113,0842;56,5333;62,2102;14;0;50,000
3,1896;20,8141;58,5247;-41,0628;-86,2093;44,8335;52,6180;145,2384;580,000;-60,000;0,002;0,841;0,0008;-0,2164;-0,0000;-0,0229;-0,2123;0,1061;0,1168;0,4048;-115,2855;-0,0000;-12,1919;-113,1121;56,5252;62,2493;16;0;50,000
3,1917;20,8141;58,5240;-41,0628;-86,2094;44,8328;52,6184;145,2388;580,000;-60,000;0,008;2,912;0,0016;-0,4551;0,0000;-0,0482;-0,4465;0,2231;0,2457;0,4036;-115,2825;0,0000;-12,1845;-113,1058;56,5329;62,2447;16;0;50,000
3,1937;20,8141;58,5229;-41,0628;-86,2095;44,8316;52,6189;145,2394;580,000;-60,000;0,018;4,983;0,0024;-0,6939;0,0000;-0,0734;-0,6808;0,3402;0,3746;0,4047;-115,2813;-0,0000;-12,1807;-113,0955;56,5412;62,2357;16;0;50,000
3,1958;20,8141;58,5212;-41,0628;-86,2097;44,8300;52,6198;145,2403;580,000;-60,000;0,033;7,054;0,0033;-0,9327;-0,0000;-0,0986;-0,9150;0,4573;0,5035;0,4056;-115,2755;0,0000;-12,1657;-113,0977;56,5484;62,2465;16;0;50,000
3,1979;20,8141;58,5190;-41,0628;-86,2099;44,8279;52,6208;145,2415;580,000;-60,000;0,052;9,126;0,0041;-1,1714;0,0000;-0,1238;-1,1493;0,5745;0,6325;0,4058;-115,2674;-0,0000;-12,1451;-113,0959;56,5609;62,2548;16;0;50,000
3,2000;20,8141;58,5163;-41,0628;-86,2102;44,8252;52,6222;145,2430;580,000;-60,000;0,075;11,197;0,0050;-1,4101;-0,0000;-0,1489;-1,3835;0,6916;0,7614;0,4039;-115,2575;-0,0000;-12,1199;-113,0843;56,5816;62,2521;16;0;50,000
3,2020;20,8141;58,5132;-41,0628;-86,2105;44,8221;52,6237;145,2447;580,000;-60,000;0,102;13,268;0,0058;-1,6488;0,0000;-0,1740;-1,6177;0,8089;0,8903;0,4030;-115,2459;0,0000;-12,0904;-113,0763;56,6027;62,2566;16;0;50,000
3,2041;20,8141;58,5095;-41,0628;-86,2109;44,8185;52,6255;145,2467;580,000;-60,000;0,134;15,339;0,0066;-1,8875;0,0000;-0,1990;-1,8519;0,9261;1,0193;0,4016;-115,2325;-0,0000;-12,0561;-113,0656;56,6280;62,2599;16;0;50,000
3,2062;20,8142;58,5053;-41,0628;-86,2113;44,8144;52,6275;145,2489;580,000;-60,000;0,170;17,410;0,0075;-2,1262;-0,0000;-0,2239;-2,0861;1,0434;1,1483;0,4003;-115,2173;0,0000;-12,0173;-113,0548;56,6558;62,2654;16;0;50,000
3,2082;20,8142;58,5007;-41,0628;-86,2118;44,8099;52,6298;145,2514;580,000;-60,000;0,210;19,481;0,0083;-2,3648;0,0000;-0,2488;-2,3202;1,1608;1,2772;0,3985;-115,2002;-0,0000;-11,9738;-113,0414;56,6878;62,2698;16;0;50,000
3,2103;20,8142;58,4955;-41,0628;-86,2124;44,8048;52,6324;145,2542;580,000;-60,000;0,255;21,553;0,0091;-2,6034;-0,0000;-0,2735;-2,5543;1,2782;1,4062;0,3969;-115,1814;-0,0000;-11,9257;-113,0279;56,7223;62,2764;16;0;50,000
3,2124;20,8142;58,4899;-41,0628;-86,2130;44,7993;52,6351;145,2572;580,000;-60,000;0,304;23,624;0,0099;-2,8419;0,0000;-0,2982;-2,7884;1,3958;1,5352;0,3948;-115,1606;0,0000;-11,8730;-113,0118;56,7610;62,2819;16;0;50,000
3,2145;20,8142;58,4838;-41,0628;-86,2136;44,7933;52,6381;145,2605;580,000;-60,000;0,357;25,695;0,0108;-3,0804;0,0000;-0,3227;-3,0224;1,5134;1,6642;0,3929;-115,1381;-0,0000;-11,8157;-112,9954;56,8023;62,2895;16;0;50,000
3,2165;20,8143;58,4771;-41,0628;-86,2143;44,7868;52,6414;145,2641;580,000;-60,000;0,415;27,766;0,0116;-3,3189;-0,0000;-0,3471;-3,2565;1,6311;1,7932;0,3904;-115,1137;0,0000;-11,7537;-112,9765;56,8477;62,2961;16;0;50,000
3,2186;20,8143;58,4700;-41,0628;-86,2150;44,7798;52,6449;145,2680;580,000;-60,000;0,477;29,837;0,0124;-3,5572;0,0000;-0,3714;-3,4904;1,7489;1,9222;0,3834;-115,0871;-0,0000;-11,6861;-112,9363;56,9083;62,2768;16;0;50,000
3,2207;20,8143;58,4624;-41,0628;-86,2158;44,7723;52,6486;145,2721;580,000;-60,000;0,543;31,908;0,0132;-3,7956;-0,0000;-0,3955;-3,7243;1,8668;2,0512;0,3854;-115,0595;-0,0000;-11,6160;-112,9356;56,9478;62,3124;16;0;50,000
3,2227;20,8143;58,4543;-41,0628;-86,2167;44,7644;52,6526;145,2765;580,000;-60,000;0,613;33,980;0,0140;-4,0339;0,0000;-0,4195;-3,9582;1,9847;2,1804;0,3922;-115,0306;0,0000;-11,5424;-112,9556;56,9777;62,3781;16;0;50,000
3,2248;20,8144;58,4457;-41,0628;-86,2176;44,7559;52,6569;145,2811;580,000;-60,000;0,688;36,051;0,0148;-4,2721;0,0000;-0,4433;-4,1922;2,1028;2,3096;0,3797;-114,9980;-0,0000;-11,4598;-112,8890;57,0614;62,3306;16;0;50,000
3,2269;20,8144;58,4366;-41,0628;-86,2185;44,7470;52,6613;145,2860;580,000;-60,000;0,767;38,122;0,0155;-4,5102;-0,0000;-0,4670;-4,4259;2,2211;2,4386;0,3648;-114,9632;0,0000;-11,3720;-112,8109;57,1543;62,2704;16;0;50,000
3,2290;20,8144;58,4270;-41,0628;-86,2195;44,7376;52,6661;145,2912;580,000;-60,000;0,850;40,193;0,0163;-4,7483;0,0000;-0,4905;-4,6595;2,3396;2,5675;0,3811;-114,9298;-0,0000;-11,2868;-112,8715;57,1680;62,3973;16;0;50,000
3,2310;20,8145;58,4169;-41,0628;-86,2205;44,7277;52,6710;145,2967;580,000;-60,000;0,937;42,264;0,0171;-4,9863;-0,0000;-0,5137;-4,8934;2,4579;2,6970;0,3757;-114,8923;-0,0000;-11,1921;-112,8344;57,2417;62,3965;16;0;50,000
3,2331;20,8145;58,4064;-41,0628;-86,2216;44,7173;52,6762;145,3024;580,000;-60,000;1,029;44,335;0,0178;-5,2242;0,0000;-0,5368;-5,1269;2,5767;2,8260;0,3506;-114,8510;0,0000;-11,0883;-112,7083;57,3703;62,2795;16;0;50,000
3,2352;20,8145;58,3953;-41,0628;-86,2228;44,7065;52,6817;145,3084;580,000;-60,000;1,125;46,407;0,0186;-5,4621;0,0000;-0,5597;-5,3603;2,6956;2,9550;0,3724;-114,8126;-0,0000;-10,9906;-112,7914;57,3783;62,4437;16;0;50,000
3,2372;20,8146;58,3837;-41,0628;-86,2240;44,6951;52,6874;145,3146;580,000;-60,000;1,226;48,478;0,0194;-5,6998;-0,0000;-0,5823;-5,5941;2,8144;3,0847;0,3663;-114,7695;0,0000;-10,8820;-112,7489;57,4626;62,4429;16;0;50,000
3,2393;20,8146;58,3717;-41,0628;-86,2252;44,6833;52,6934;145,3212;580,000;-60,000;1,330;50,549;0,0201;-5,9375;0,0000;-0,6048;-5,8273;2,9336;3,2137;0,3345;-114,7220;-0,0000;-10,7629;-112,5903;57,6178;62,2900;16;0;50,000
3,2414;20,8147;58,3591;-41,0628;-86,2265;44,6710;52,6996;145,3279;580,000;-60,000;1,439;52,620;0,0208;-6,1750;-0,0000;-0,6269;-6,0605;3,0530;3,3427;0,3502;-114,6773;-0,0000;-10,6500;-112,6436;57,6509;62,4217;16;0;50,000
3,2434;20,8147;58,3461;-41,0628;-86,2278;44,6582;52,7060;145,3350;580,000;-60,000;1,553;54,691;0,0215;-6,4125;0,0000;-0,6489;-6,2939;3,1724;3,4722;0,3557;-114,6298;0,0000;-10,5303;-112,6506;57,7135;62,4942;16;0;50,000
3,2455;20,8147;58,3326;-41,0628;-86,2291;44,6449;52,7127;145,3423;580,000;-60,000;1,670;56,762;0,0222;-6,6499;0,0000;-0,6705;-6,5271;3,2921;3,6016;0,3412;-114,5784;-0,0000;-10,4014;-112,5669;57,8320;62,4484;16;0;50,000
3,2476;20,8148;58,3186;-41,0628;-86,2306;44,6312;52,7196;145,3499;580,000;-60,000;1,792;58,834;0,0229;-6,8871;-0,0000;-0,6920;-6,7602;3,4120;3,7309;0,3364;-114,5261;0,0000;-10,2702;-112,5262;57,9277;62,4623;16;0;50,000
3,2497;20,8148;58,3040;-41,0628;-86,2320;44,6169;52,7268;145,3578;580,000;-60,000;1,918;60,905;0,0236;-7,1243;0,0000;-0,7131;-6,9933;3,5320;3,8603;0,3315;-114,4719;-0,0000;-10,1343;-112,4839;58,0267;62,4766;16;0;50,000
3,2517;20,8149;58,2890;-41,0628;-86,2335;44,6022;52,7343;145,3659;580,000;-60,000;2,049;62,976;0,0243;-7,3613;-0,0000;-0,7339;-7,2262;3,6523;3,9897;0,3265;-114,4158;-0,0000;-9,9938;-112,4400;58,1292;62,4911;16;0;50,000
3,2538;20,8149;58,2736;-41,0628;-86,2351;44,5870;52,7420;145,3743;580,000;-60,000;2,183;65,047;0,0250;-7,5982;0,0000;-0,7545;-7,4590;3,7728;4,1192;0,3213;-114,3577;0,0000;-9,8487;-112,3944;58,2350;62,5060;16;0;50,000
3,2559;20,8150;58,2576;-41,0628;-86,2366;44,5713;52,7499;145,3830;580,000;-60,000;2,322;67,118;0,0257;-7,8350;0,0000;-0,7747;-7,6918;3,8936;4,2486;0,3159;-114,2977;-0,0000;-9,6990;-112,3472;58,3442;62,5211;16;0;50,000
3,2579;20,8151;58,2411;-41,0628;-86,2383;44,5551;52,7581;145,3919;580,000;-60,000;2,466;69,190;0,0263;-8,0717;-0,0000;-0,7947;-7,9244;4,0145;4,3781;0,3104;-114,2358;0,0000;-9,5447;-112,2982;58,4569;62,5365;16;0;50,000
3,2600;20,8151;58,2241;-41,0628;-86,2399;44,5385;52,7665;145,4011;580,000;-60,000;2,613;71,261;0,0269;-8,3082;0,0000;-0,8143;-8,1569;4,1357;4,5077;0,3047;-114,1719;-0,0000;-9,3857;-112,2476;58,5729;62,5522;16;0;50,000
3,2621;20,8152;58,2067;-41,0628;-86,2416;44,5213;52,7752;145,4106;580,000;-60,000;2,765;73,332;0,0276;-8,5446;-0,0000;-0,8335;-8,3894;4,2571;4,6373;0,2989;-114,1061;-0,0000;-9,2222;-112,1953;58,6924;62,5680;16;0;50,000
3,2642;20,8152;58,1887;-41,0628;-86,2434;44,5037;52,7842;145,4203;580,000;-60,000;2,921;75,403;0,0282;-8,7809;0,0000;-0,8525;-8,6217;4,3788;4,7669;0,2929;-114,0383;-0,0000;-9,0540;-112,1412;58,8152;62,5841;16;0;50,000
3,2662;20,8153;58,1703;-41,0628;-86,2452;44,4856;52,7934;145,4303;580,000;-60,000;3,082;77,474;0,0288;-9,0170;-0,0000;-0,8710;-8,8539;4,5008;4,8965;0,2868;-113,9686;-0,0000;-8,8812;-112,0853;58,9415;62,6003;16;0;50,000
3,2683;20,8153;58,1514;-41,0628;-86,2470;44,4670;52,8028;145,4406;580,000;-60,000;3,247;79,545;0,0294;-9,2530;0,0000;-0,8893;-9,0860;4,6230;5,0262;0,2805;-113,8968;0,0000;-8,7037;-112,0276;59,0712;62,6168;16;0;50,000
3,2704;20,8154;58,1320;-41,0628;-86,2489;44,4480;52,8125;145,4512;580,000;-60,000;3,416;81,617;0,0299;-9,4888;0,0000;-0,9071;-9,3179;4,7455;5,1559;0,2740;-113,8231;-0,0000;-8,5217;-111,9682;59,2042;62,6333;16;0;50,000
3,2724;20,8155;58,1121;-41,0628;-86,2507;44,4284;52,8225;145,4620;580,000;-60,000;3,589;83,688;0,0305;-9,7245;-0,0000;-0,9246;-9,5498;4,8682;5,2856;0,2675;-113,7474;0,0000;-8,3350;-111,9069;59,3408;62,6500;16;0;50,000
3,2745;20,8155;58,0917;-41,0628;-86,2527;44,4084;52,8327;145,4730;580,000;-60,000;3,767;85,759;0,0310;-9,9600;0,0000;-0,9416;-9,7815;4,9913;5,4154;0,2607;-113,6696;-0,0000;-8,1437;-111,8437;59,4807;62,6668;16;0;50,000
3,2766;20,8156;58,0708;-41,0628;-86,2546;44,3879;52,8431;145,4844;580,000;-60,000;3,949;87,830;0,0316;-10,1953;-0,0000;-0,9583;-10,0131;5,1146;5,5452;0,2539;-113,5899;-0,0000;-7,9478;-111,7786;59,6240;62,6836;16;0;50,000
3,2787;20,8157;58,0495;-41,0628;-86,2567;44,3669;52,8539;145,4960;580,000;-60,000;4,135;89,901;0,0321;-10,4305;0,0000;-0,9746;-10,2445;5,2383;5,6751;0,2468;-113,5081;0,0000;-7,7473;-111,7117;59,7708;62,7005;16;0;50,000
3,2807;20,8157;58,0276;-41,0628;-86,2587;44,3455;52,8648;145,5079;580,000;-60,000;4,325;91,972;0,0326;-10,6655;0,0000;-0,9904;-10,4758;5,3622;5,8049;0,2397;-113,4243;-0,0000;-7,5422;-111,6427;59,9210;62,7174;16;0;50,000
3,2828;20,8158;58,0053;-41,0628;-86,2608;44,3235;52,8761;145,5201;580,000;-60,000;4,520;94,044;0,0331;-10,9003;-0,0000;-1,0058;-10,7070;5,4865;5,9348;0,2324;-113,3385;0,0000;-7,3324;-111,5719;60,0747;62,7344;16;0;50,000
3,2849;20,8159;57,9825;-41,0628;-86,2629;44,3011;52,8876;145,5325;580,000;-60,000;4,719;96,115;0,0336;-11,1350;0,0000;-1,0208;-10,9380;5,6111;6,0648;0,2249;-113,2505;-0,0000;-7,1181;-111,4990;60,2318;62,7513;16;0;50,000
3,2869;20,8159;57,9592;-41,0628;-86,2650;44,2782;52,8993;145,5452;580,000;-60,000;4,922;98,186;0,0340;-11,3695;-0,0000;-1,0353;-11,1689;5,7360;6,1948;0,2173;-113,1606;-0,0000;-6,8991;-111,4241;60,3923;62,7681;16;0;50,000
3,2890;20,8160;57,9354;-41,0628;-86,2671;44,2549;52,9113;145,5582;580,000;-60,000;5,130;100,257;0,0345;-11,6037;0,0000;-1,0493;-11,3996;5,8612;6,3248;0,2096;-113,0685;0,0000;-6,6755;-111,3472;60,5562;62,7849;16;0;50,000
3,2911;20,8161;57,9111;-41,0628;-86,2693;44,2310;52,9236;145,5714;580,000;-60,000;5,342;102,328;0,0349;-11,8378;0,0000;-1,0629;-11,6301;5,9868;6,4549;0,2017;-112,9743;-0,0000;-6,4473;-111,2682;60,7236;62,8016;16;0;50,000
3,2932;20,8161;57,8863;-41,0628;-86,2715;44,2067;52,9361;145,5849;580,000;-60,000;5,558;104,399;0,0353;-12,0717;-0,0000;-1,0760;-11,8605;6,1128;6,5850;0,1937;-112,8781;0,0000;-6,2144;-111,1870;60,8945;62,8181;16;0;50,000
3,2952;20,8162;57,8611;-41,0628;-86,2738;44,1819;52,9489;145,5987;580,000;-60,000;5,779;106,471;0,0357;-12,3054;0,0000;-1,0887;-12,0907;6,2391;6,7151;0,1856;-112,7797;-0,0000;-5,9770;-111,1038;61,0688;62,8345;16;0;50,000
3,2973;20,8163;57,8354;-41,0628;-86,2761;44,1566;52,9620;145,6127;580,000;-60,000;6,004;108,542;0,0361;-12,5389;-0,0000;-1,1008;-12,3207;6,3657;6,8452;0,1773;-112,6792;-0,0000;-5,7349;-111,0184;61,2465;62,8508;16;0;50,000
3,2994;20,8164;57,8091;-41,0628;-86,2783;44,1308;52,9753;145,6270;580,000;-60,000;6,233;110,613;0,0364;-12,7722;0,0000;-1,1124;-12,5505;6,4928;6,9754;0,1689;-112,5766;0,0000;-5,4882;-110,9307;61,4277;62,8668;16;0;50,000
3,3014;20,8164;57,7825;-41,0628;-86,2807;44,1046;52,9889;145,6416;580,000;-60,000;6,466;112,684;0,0368;-13,0052;0,0000;-1,1235;-12,7802;6,6202;7,1056;0,1603;-112,4718;-0,0000;-5,2369;-110,8409;61,6124;62,8826;16;0;50,000
3,3035;20,8165;57,7553;-41,0628;-86,2830;44,0779;53,0027;145,6565;580,000;-60,000;6,704;114,755;0,0371;-13,2381;-0,0000;-1,1341;-13,0097;6,7480;7,2359;0,1516;-112,3648;0,0000;-4,9810;-110,7488;61,8005;62,8981;16;0;50,000
3,3056;20,8166;57,7276;-41,0628;-86,2854;44,0507;53,0168;145,6716;580,000;-60,000;6,946;116,826;0,0374;-13,4707;0,0000;-1,1442;-13,2390;6,8762;7,3662;0,1428;-112,2557;-0,0000;-4,7205;-110,6544;61,9921;62,9133;16;0;50,000
3,3077;20,8167;57,6995;-41,0628;-86,2877;44,0231;53,0312;145,6870;580,000;-60,000;7,192;118,898;0,0377;-13,7031;-0,0000;-1,1537;-13,4680;7,0048;7,4965;0,1339;-112,1443;-0,0000;-4,4554;-110,5577;62,1871;62,9281;16;0;50,000
3,3097;20,8168;57,6709;-41,0628;-86,2901;43,9949;53,0458;145,7026;580,000;-60,000;7,443;120,969;0,0380;-13,9352;0,0000;-1,1626;-13,6969;7,1338;7,6269;0,1248;-112,0308;0,0000;-4,1856;-110,4586;62,3856;62,9427;16;0;50,000
3,3118;20,8168;57,6417;-41,0628;-86,2926;43,9663;53,0607;145,7186;580,000;-60,000;7,697;123,040;0,0382;-14,1671;0,0000;-1,1710;-13,9256;7,2632;7,7572;0,1156;-111,9151;-0,0000;-3,9112;-110,3571;62,5876;62,9568;16;0;50,000
3,3139;20,8169;57,6122;-41,0628;-86,2950;43,9373;53,0759;145,7348;580,000;-60,000;7,956;125,111;0,0384;-14,3988;-0,0000;-1,1788;-14,1541;7,3930;7,8877;0,1062;-111,7971;0,0000;-3,6322;-110,2532;62,7931;62,9705;16;0;50,000
3,3159;20,8170;57,5821;-41,0628;-86,2974;43,9077;53,0914;145,7512;580,000;-60,000;8,220;127,182;0,0386;-14,6302;0,0000;-1,1861;-14,3823;7,5233;8,0181;0,0968;-111,6768;-0,0000;-3,3486;-110,1469;63,0020;62,9837;16;0;50,000
3,3180;20,8171;57,5516;-41,0628;-86,2999;43,8777;53,1071;145,7680;580,000;-60,000;8,488;129,253;0,0388;-14,8614;-0,0000;-1,1927;-14,6103;7,6540;8,1486;0,0872;-111,5544;-0,0000;-3,0604;-110,0380;63,2144;62,9965;16;0;50,000
3,3201;20,8172;57,5205;-41,0628;-86,3024;43,8472;53,1231;145,7850;580,000;-60,000;8,760;131,325;0,0390;-15,0923;0,0000;-1,1987;-14,8381;7,7852;8,2790;0,0774;-111,4296;0,0000;-2,7676;-109,9267;63,4303;63,0088;16;0;50,000
3,3222;20,8172;57,4890;-41,0628;-86,3049;43,8162;53,1393;145,8023;580,000;-60,000;9,036;133,396;0,0392;-15,3230;0,0000;-1,2042;-15,0657;7,9168;8,4096;0,0676;-111,3025;-0,0000;-2,4701;-109,8127;63,6497;63,0205;16;0;50,000
3,3242;20,8173;57,4571;-41,0628;-86,3074;43,7848;53,1559;145,8198;580,000;-60,000;9,316;135,467;0,0393;-15,5534;-0,0000;-1,2090;-15,2930;8,0488;8,5401;0,0576;-111,1732;0,0000;-2,1680;-109,6962;63,8725;63,0316;16;0;50,000
3,3263;20,8174;57,4246;-41,0628;-86,3099;43,7529;53,1727;145,8376;580,000;-60,000;9,601;137,538;0,0394;-15,7835;0,0000;-1,2131;-15,5201;8,1814;8,6707;0,0475;-111,0415;-0,0000;-1,8614;-109,5770;64,0988;63,0420;16;0;50,000
3,3284;20,8175;57,3917;-41,0628;-86,3124;43,7205;53,1898;145,8557;580,000;-60,000;9,890;139,609;0,0395;-16,0134;-0,0000;-1,2167;-15,7469;8,3143;8,8012;0,0373;-110,9075;-0,0000;-1,5501;-109,4551;64,3286;63,0519;16;0;50,000
3,3304;20,8176;57,3583;-41,0628;-86,3149;43,6876;53,2071;145,8741;580,000;-60,000;10,184;141,680;0,0395;-16,2429;0,0000;-1,2196;-15,9735;8,4478;8,9318;0,0270;-110,7711;0,0000;-1,2342;-109,3306;64,5620;63,0610;16;0;50,000
3,3325;20,8176;57,3244;-41,0628;-86,3174;43,6543;53,2247;145,8927;580,000;-60,000;10,482;143,752;0,0396;-16,4722;0,0000;-1,2218;-16,1998;8,5818;9,0625;0,0165;-110,6323;-0,0000;-0,9136;-109,2032;64,7988;63,0694;16;0;50,000
3,3346;20,8177;57,2901;-41,0628;-86,3200;43,6205;53,2427;145,9116;580,000;-60,000;10,784;145,823;0,0396;-16,7012;-0,0000;-1,2234;-16,4258;8,7162;9,1931;0,0059;-110,4912;0,0000;-0,5885;-109,0731;65,0390;63,0771;16;0;50,000
3,3367;20,8178;57,2552;-41,0628;-86,3225;43,5863;53,2609;145,9308;580,000;-60,000;11,090;147,894;0,0396;-16,9299;0,0000;-1,2242;-16,6516;8,8512;9,3237;-0,0048;-110,3477;-0,0000;-0,2587;-108,9402;65,2828;63,0839;16;0;50,000
3,3387;20,8179;57,2199;-41,0628;-86,3250;43,5516;53,2793;145,9503;580,000;-60,000;11,401;149,965;0,0396;-17,1583;-0,0000;-1,2244;-16,8771;8,9867;9,4544;-0,0156;-110,2017;-0,0000;0,0756;-108,8044;65,5301;63,0900;16;0;50,000
3,3408;20,8180;57,1841;-41,0628;-86,3276;43,5164;53,2981;145,9700;580,000;-60,000;11,715;152,036;0,0396;-17,3864;0,0000;-1,2239;-17,1023;9,1226;9,5851;-0,0265;-110,0533;-0,0000;0,4146;-108,6657;65,7809;63,0951;16;0;50,000
3,3429;20,8181;57,1479;-41,0628;-86,3301;43,4807;53,3171;145,9900;580,000;-60,000;12,035;154,107;0,0395;-17,6142;-0,0000;-1,2227;-17,3272;9,2592;9,7158;-0,0376;-109,9025;-0,0000;0,7582;-108,5240;66,0352;63,0994;16;0;50,000
3,3449;20,8181;57,1112;-41,0628;-86,3326;43,4446;53,3364;146,0102;580,000;-60,000;12,358;156,179;0,0394;-17,8416;0,0000;-1,2208;-17,5519;9,3962;9,8465;-0,0488;-109,7492;0,0000;1,1064;-108,3794;66,2929;63,1026;16;0;50,000
3,3470;20,8182;57,0740;-41,0628;-86,3352;43,4080;53,3560;146,0308;580,000;-60,000;12,686;158,250;0,0393;-18,0688;0,0000;-1,2181;-17,7762;9,5338;9,9772;-0,0601;-109,5934;-0,0000;1,4592;-108,2317;66,5542;63,1050;16;0;50,000
3,3491;20,8183;57,0363;-41,0628;-86,3377;43,3710;53,3759;146,0516;580,000;-60,000;13,018;160,321;0,0391;-18,2956;-0,0000;-1,2147;-18,0002;9,6719;10,1079;-0,0715;-109,4351;0,0000;1,8167;-108,0809;66,8190;63,1062;16;0;50,000
3,3511;20,8184;56,9982;-41,0628;-86,3402;43,3334;53,3961;146,0726;580,000;-60,000;13,354;162,392;0,0390;-18,5221;0,0000;-1,2106;-18,2239;9,8105;10,2386;-0,0830;-109,2743;-0,0000;2,1787;-107,9271;67,0873;63,1065;16;0;50,000
3,3532;20,8185;56,9596;-41,0628;-86,3427;43,2955;53,4166;146,0940;580,000;-60,000;13,695;164,463;0,0388;-18,7483;-0,0000;-1,2057;-18,4473;9,9498;10,3693;-0,0947;-109,1109;-0,0000;2,5454;-107,7701;67,3590;63,1056;16;0;50,000
3,3553;20,8185;56,9205;-41,0628;-86,3452;43,2570;53,4373;146,1156;580,000;-60,000;14,040;166,534;0,0386;-18,9741;0,0000;-1,2001;-18,6703;10,0896;10,5000;-0,1064;-108,9450;0,0000;2,9167;-107,6099;67,6343;63,1036;16;0;50,000
3,3574;20,8186;56,8810;-41,0628;-86,3477;43,2181;53,4584;146,1375;580,000;-60,000;14,389;168,606;0,0384;-19,1996;0,0000;-1,1936;-18,8930;10,2299;10,6307;-0,1183;-108,7764;-0,0000;3,2926;-107,4465;67,9131;63,1004;16;0;50,000
3,3594;20,8187;56,8410;-41,0628;-86,3501;43,1788;53,4797;146,1596;580,000;-60,000;14,743;170,677;0,0381;-19,4247;-0,0000;-1,1864;-19,1154;10,3709;10,7614;-0,1303;-108,6053;0,0000;3,6731;-107,2798;68,1954;63,0959;16;0;50,000
3,3615;20,8188;56,8006;-41,0628;-86,3526;43,1389;53,5013;146,1820;580,000;-60,000;15,100;172,748;0,0378;-19,6494;0,0000;-1,1784;-19,3374;10,5124;10,8920;-0,1424;-108,4316;-0,0000;4,0582;-107,1097;68,4812;63,0902;16;0;50,000
3,3636;20,8189;56,7596;-41,0628;-86,3550;43,0987;53,5232;146,2047;580,000;-60,000;15,462;174,819;0,0375;-19,8738;-0,0000;-1,1696;-19,5591;10,6546;11,0227;-0,1547;-108,2552;-0,0000;4,4479;-106,9363;68,7704;63,0833;16;0;50,000
3,3656;20,8189;56,7182;-41,0628;-86,3574;43,0579;53,5455;146,2277;580,000;-60,000;15,829;176,890;0,0372;-20,0979;0,0000;-1,1600;-19,7804;10,7973;11,1533;-0,1670;-108,0762;0,0000;4,8423;-106,7595;69,0632;63,0749;16;0;50,000
3,3677;20,8190;56,6764;-41,0628;-86,3598;43,0167;53,5680;146,2509;580,000;-60,000;16,199;178,961;0,0368;-20,3215;0,0000;-1,1495;-20,0013;10,9406;11,2840;-0,1795;-107,8945;-0,0000;5,2412;-106,5793;69,3595;63,0652;16;0;50,000
3,3698;20,8191;56,6341;-41,0628;-86,3622;42,9751;53,5908;146,2744;580,000;-60,000;16,574;181,033;0,0364;-20,5448;-0,0000;-1,1383;-20,2219;11,0846;11,4146;-0,1921;-107,7101;0,0000;5,6448;-106,3955;69,6593;63,0541;16;0;50,000
3,3719;20,8192;56,5913;-41,0628;-86,3645;42,9330;53,6139;146,2982;580,000;-60,000;16,954;183,104;0,0360;-20,7677;0,0000;-1,1262;-20,4420;11,2292;11,5452;-0,2048;-107,5230;-0,0000;6,0530;-106,2083;69,9626;63,0414;16;0;50,000
3,3739;20,8192;56,5480;-41,0628;-86,3669;42,8904;53,6373;146,3223;580,000;-60,000;17,337;185,175;0,0356;-20,9902;-0,0000;-1,1132;-20,6618;11,3744;11,6757;-0,2176;-107,3332;-0,0000;6,4658;-106,0174;70,2694;63,0273;16;0;50,000
3,3760;20,8193;56,5043;-41,0628;-86,3692;42,8474;53,6610;146,3466;580,000;-60,000;17,725;187,246;0,0351;-21,2123;0,0000;-1,0994;-20,8812;11,5203;11,8062;-0,2305;-107,1406;0,0000;6,8832;-105,8229;70,5797;63,0116;16;0;50,000
3,3781;20,8194;56,4602;-41,0628;-86,3714;42,8039;53,6850;146,3712;580,000;-60,000;18,117;189,317;0,0346;-21,4340;0,0000;-1,0847;-21,1002;11,6668;11,9367;-0,2436;-106,9452;-0,0000;7,3052;-105,6247;70,8934;62,9944;16;0;50,000
3,3801;20,8195;56,4155;-41,0628;-86,3737;42,7600;53,7093;146,3960;580,000;-60,000;18,513;191,388;0,0341;-21,6553;-0,0000;-1,0691;-21,3187;11,8139;12,0672;-0,2568;-106,7470;0,0000;7,7319;-105,4229;71,2107;62,9754;16;0;50,000
3,3822;20,8195;56,3705;-41,0628;-86,3758;42,7156;53,7339;146,4212;580,000;-60,000;18,914;193,460;0,0336;-21,8762;0,0000;-1,0527;-21,5369;11,9618;12,1976;-0,2701;-106,5460;-0,0000;8,1632;-105,2172;71,5314;62,9549;16;0;50,000
3,3843;20,8196;56,3249;-41,0628;-86,3780;42,6708;53,7589;146,4466;580,000;-60,000;19,319;195,531;0,0330;-22,0967;-0,0000;-1,0353;-21,7546;12,1102;12,3280;-0,2858;-104,6991;-0,0000;8,6718;-103,3901;70,9510;62,0148;16;0;50,000
3,3864;20,8197;56,2789;-41,0628;-86,3801;42,6255;53,7841;146,4722;580,000;-60,000;19,728;197,602;0,0324;-22,3099;0,0000;-1,0167;-21,9651;12,2557;12,4545;-0,3316;-80,8673;0,0000;10,1256;-79,9156;58,2371;48,7854;16;0;50,000
3,3884;20,8197;56,2325;-41,0628;-86,3822;42,5798;53,8096;146,4981;580,000;-60,000;20,142;199,552;0,0316;-22,4316;0,0000;-0,9934;-22,0856;12,3515;12,5301;-0,4079;-32,3086;-0,0000;12,5435;-32,0920;31,7774;21,7084;16;0;50,000
3,3905;20,8198;56,1860;-41,0628;-86,3843;42,5340;53,8353;146,5241;580,000;-60,000;20,556;200,000;0,0307;-22,4437;-0,0000;-0,9648;-22,0981;12,3873;12,5444;-0,4560;0,2488;0,0000;14,0765;-0,0188;13,9522;3,5229;16;0;50,000
3,3926;20,8199;56,1395;-41,0628;-86,3862;42,4882;53,8610;146,5501;580,000;-60,000;20,970;200,000;0,0297;-22,4306;0,0000;-0,9351;-22,0857;12,4093;12,5446;-0,4641;6,3407;-0,0000;14,3534;5,9988;10,6155;0,0986;16;0;50,000
3,3946;20,8199;56,0931;-41,0628;-86,3881;42,4425;53,8867;146,5761;580,000;-60,000;21,384;200,000;0,0288;-22,4175;-0,0000;-0,9053;-22,0732;12,4313;12,5448;-0,4634;6,3548;-0,0000;14,3534;6,0324;10,6174;0,0672;16;0;50,000
3,3967;20,8200;56,0467;-41,0628;-86,3900;42,3968;53,9124;146,6021;580,000;-60,000;21,799;200,000;0,0278;-22,4043;0,0000;-0,8756;-22,0607;12,4533;12,5449;-0,4627;6,3689;0,0000;14,3533;6,0660;10,6192;0,0359;16;0;50,000
3,3988;20,8200;56,0003;-41,0628;-86,3918;42,3511;53,9383;146,6281;580,000;-60,000;22,213;200,000;0,0269;-22,3911;0,0000;-0,8459;-22,0481;12,4753;12,5450;-0,4620;6,3829;-0,0000;14,3532;6,0995;10,6210;0,0047;16;0;50,000
3,4009;20,8201;55,9539;-41,0628;-86,3935;42,3055;53,9641;146,6540;580,000;-60,000;22,627;200,000;0,0259;-22,3778;-0,0000;-0,8161;-22,0354;12,4973;12,5449;-0,4614;6,3970;0,0000;14,3531;6,1329;10,6227;-0,0265;16;0;50,000
3,4029;20,8201;55,9076;-41,0628;-86,3951;42,2598;53,9900;146,6800;580,000;-60,000;23,041;200,000;0,0249;-22,3646;0,0000;-0,7864;-22,0227;12,5193;12,5449;-0,4607;6,4111;-0,0000;14,3530;6,1662;10,6244;-0,0576;16;0;50,000
3,4050;20,8202;55,8613;-41,0628;-86,3967;42,2142;54,0160;146,7060;580,000;-60,000;23,456;200,000;0,0240;-22,3513;-0,0000;-0,7567;-22,0099;12,5413;12,5447;-0,4601;6,4252;-0,0000;14,3529;6,1995;10,6260;-0,0886;16;0;50,000
3,4071;20,8202;55,8150;-41,0628;-86,3983;42,1687;54,0420;146,7320;580,000;-60,000;23,870;200,000;0,0230;-22,3380;0,0000;-0,7270;-21,9970;12,5633;12,5445;-0,4596;6,4393;0,0000;14,3529;6,2326;10,6275;-0,1196;16;0;50,000
3,4091;20,8203;55,7687;-41,0628;-86,3997;42,1231;54,0680;146,7580;580,000;-60,000;24,284;200,000;0,0221;-22,3246;0,0000;-0,6972;-21,9841;12,5853;12,5442;-0,4590;6,4534;-0,0000;14,3528;6,2657;10,6290;-0,1505;16;0;50,000
3,4112;20,8203;55,7225;-41,0628;-86,4012;42,0776;54,0941;146,7839;580,000;-60,000;24,698;200,000;0,0211;-22,3112;-0,0000;-0,6675;-21,9711;12,6073;12,5439;-0,4585;6,4674;0,0000;14,3527;6,2987;10,6304;-0,1814;16;0;50,000
3,4133;20,8204;55,6763;-41,0628;-86,4025;42,0321;54,1202;146,8099;580,000;-60,000;25,113;200,000;0,0202;-22,2978;0,0000;-0,6378;-21,9580;12,6293;12,5435;-0,4579;6,4815;-0,0000;14,3527;6,3316;10,6317;-0,2122;16;0;50,000
3,4154;20,8204;55,6302;-41,0628;-86,4038;41,9866;54,1464;146,8359;580,000;-60,000;25,527;200,000;0,0192;-22,2844;-0,0000;-0,6080;-21,9448;12,6513;12,5430;-0,4575;6,4956;-0,0000;14,3526;6,3644;10,6330;-0,2429;16;0;50,000
3,4174;20,8204;55,5840;-41,0628;-86,4050;41,9412;54,1727;146,8619;580,000;-60,000;25,941;200,000;0,0183;-22,2709;0,0000;-0,5783;-21,9316;12,6734;12,5424;-0,4570;6,5096;-0,0000;14,3526;6,3971;10,6342;-0,2735;16;0;50,000
3,4195;20,8205;55,5379;-41,0628;-86,4062;41,8958;54,1989;146,8879;580,000;-60,000;26,355;200,000;0,0173;-22,2574;-0,0000;-0,5486;-21,9183;12,6954;12,5419;-0,4565;6,5237;-0,0000;14,3525;6,4297;10,6353;-0,3041;16;0;50,000
3,4216;20,8205;55,4918;-41,0628;-86,4073;41,8504;54,2252;146,9138;580,000;-60,000;26,769;200,000;0,0164;-22,2439;0,0000;-0,5189;-21,9050;12,7174;12,5412;-0,4561;6,5377;0,0000;14,3524;6,4623;10,6364;-0,3346;16;0;50,000
3,4236;20,8206;55,4458;-41,0628;-86,4083;41,8051;54,2516;146,9398;580,000;-60,000;27,184;200,000;0,0155;-22,2303;0,0000;-0,4891;-21,8916;12,7395;12,5405;-0,4557;6,5518;-0,0000;14,3524;6,4947;10,6374;-0,3651;16;0;50,000
3,4257;20,8206;55,3997;-41,0628;-86,4093;41,7597;54,2780;146,9658;580,000;-60,000;27,598;200,000;0,0145;-22,2167;-0,0000;-0,4594;-21,8781;12,7615;12,5397;-0,4554;6,5658;0,0000;14,3524;6,5271;10,6384;-0,3955;16;0;50,000
3,4278;20,8206;55,3537;-41,0628;-86,4102;41,7144;54,3045;146,9918;580,000;-60,000;28,012;200,000;0,0136;-22,2031;0,0000;-0,4297;-21,8645;12,7835;12,5388;-0,4550;6,5799;-0,0000;14,3523;6,5594;10,6392;-0,4258;16;0;50,000
3,4299;20,8206;55,3078;-41,0628;-86,4111;41,6692;54,3310;147,0177;580,000;-60,000;28,426;200,000;0,0126;-22,1895;-0,0000;-0,4000;-21,8509;12,8056;12,5379;-0,4547;6,5939;-0,0000;14,3523;6,5916;10,6401;-0,4561;16;0;50,000
3,4319;20,8207;55,2618;-41,0628;-86,4119;41,6239;54,3575;147,0437;580,000;-60,000;28,841;200,000;0,0117;-22,1758;0,0000;-0,3702;-21,8372;12,8276;12,5369;-0,4544;6,6080;0,0000;14,3522;6,6238;10,6408;-0,4863;16;0;50,000
3,4340;20,8207;55,2159;-41,0628;-86,4126;41,5787;54,3841;147,0697;580,000;-60,000;29,255;200,000;0,0107;-22,1621;0,0000;-0,3405;-21,8235;12,8496;12,5359;-0,4541;6,6220;-0,0000;14,3522;6,6558;10,6415;-0,5164;16;0;50,000
3,4361;20,8207;55,1700;-41,0628;-86,4133;41,5335;54,4107;147,0956;580,000;-60,000;29,669;200,000;0,0098;-22,1484;-0,0000;-0,3108;-21,8096;12,8717;12,5348;-0,4538;6,6360;0,0000;14,3522;6,6877;10,6421;-0,5465;16;0;50,000
3,4381;20,8207;55,1242;-41,0628;-86,4139;41,4884;54,4374;147,1216;580,000;-60,000;30,083;200,000;0,0089;-22,1346;0,0000;-0,2811;-21,7958;12,8937;12,5336;-0,4536;6,6501;-0,0000;14,3521;6,7196;10,6427;-0,5765;16;0;50,000
3,4402;20,8207;55,0783;-41,0628;-86,4145;41,4432;54,4642;147,1475;580,000;-60,000;30,498;200,000;0,0079;-22,1208;-0,0000;-0,2513;-21,7818;12,9158;12,5324;-0,4534;6,6641;-0,0000;14,3521;6,7514;10,6432;-0,6064;16;0;50,000
3,4423;20,8208;55,0325;-41,0628;-86,4150;41,3981;54,4909;147,1735;580,000;-60,000;30,912;200,000;0,0070;-22,1070;0,0000;-0,2216;-21,7678;12,9378;12,5311;-0,4532;6,6781;0,0000;14,3521;6,7831;10,6437;-0,6362;16;0;50,000
3,4444;20,8208;54,9867;-41,0628;-86,4154;41,3531;54,5177;147,1994;580,000;-60,000;31,326;200,000;0,0061;-22,0932;0,0000;-0,1919;-21,7537;12,9599;12,5298;-0,4531;6,6921;-0,0000;14,3521;6,8146;10,6440;-0,6660;16;0;50,000
3,4464;20,8208;54,9410;-41,0628;-86,4158;41,3080;54,5446;147,2254;580,000;-60,000;31,740;200,000;0,0051;-22,0793;-0,0000;-0,1622;-21,7396;12,9819;12,5284;-0,4529;6,7061;0,0000;14,3520;6,8462;10,6444;-0,6957;16;0;50,000
3,4485;20,8208;54,8953;-41,0628;-86,4161;41,2630;54,5715;147,2513;580,000;-60,000;32,154;200,000;0,0042;-22,0654;0,0000;-0,1324;-21,7254;13,0039;12,5269;-0,4528;6,7201;-0,0000;14,3520;6,8776;10,6446;-0,7254;16;0;50,000
3,4506;20,8208;54,8496;-41,0628;-86,4163;41,2180;54,5985;147,2773;580,000;-60,000;32,569;200,000;0,0032;-22,0515;-0,0000;-0,1027;-21,7111;13,0260;12,5254;-0,4527;6,7341;-0,0000;14,3520;6,9089;10,6448;-0,7550;16;0;50,000
3,4526;20,8208;54,8039;-41,0628;-86,4165;41,1731;54,6255;147,3032;580,000;-60,000;32,983;200,000;0,0023;-22,0375;0,0000;-0,0730;-21,6967;13,0480;12,5238;-0,4526;6,7481;0,0000;14,3520;6,9401;10,6449;-0,7845;16;0;50,000
3,4547;20,8208;54,7583;-41,0628;-86,4166;41,1282;54,6525;147,3292;580,000;-60,000;33,397;200,000;0,0014;-22,0235;0,0000;-0,0433;-21,6823;13,0701;12,5221;-0,4526;6,7621;-0,0000;14,3520;6,9713;10,6450;-0,8139;16;0;50,000
3,4568;20,8208;54,7127;-41,0628;-86,4167;41,0833;54,6796;147,3551;580,000;-60,000;33,811;200,000;0,0004;-22,0095;-0,0000;-0,0135;-21,6679;13,0921;12,5204;-0,4526;6,7761;0,0000;14,3520;7,0024;10,6450;-0,8433;16;0;50,000
3,4588;20,8208;54,6671;-41,0628;-86,4167;41,0384;54,7068;147,3810;580,000;-60,000;34,226;200,000;-0,0005;-21,9954;0,0000;0,0162;-21,6533;13,1142;12,5186;-0,4526;6,7901;-0,0000;14,3520;7,0333;10,6450;-0,8726;16;0;50,000
3,4609;20,8208;54,6216;-41,0628;-86,4166;40,9936;54,7339;147,4070;580,000;-60,000;34,640;200,000;-0,0014;-21,9814;-0,0000;0,0459;-21,6387;13,1362;12,5168;-0,4526;6,8041;-0,0000;14,3520;7,0642;10,6449;-0,9018;16;0;50,000
3,4630;20,8208;54,5761;-41,0628;-86,4165;40,9488;54,7612;147,4329;580,000;-60,000;35,054;200,000;-0,0024;-21,9673;0,0000;0,0756;-21,6241;13,1583;12,5149;-0,4526;6,8181;0,0000;14,3520;7,0950;10,6447;-0,9310;16;0;50,000
3,4651;20,8208;54,5306;-41,0628;-86,4163;40,9040;54,7884;147,4588;580,000;-60,000;35,468;200,000;-0,0033;-21,9531;0,0000;0,1054;-21,6093;13,1803;12,5129;-0,4527;6,8320;-0,0000;14,3520;7,1257;10,6444;-0,9601;16;0;50,000
3,4671;20,8208;54,4852;-41,0628;-86,4160;40,8592;54,8158;147,4847;580,000;-60,000;35,883;200,000;-0,0043;-21,9390;-0,0000;0,1351;-21,5945;13,2024;12,5109;-0,4528;6,8460;0,0000;14,3520;7,1563;10,6441;-0,9891;16;0;50,000
3,4692;20,8208;54,4397;-41,0628;-86,4157;40,8145;54,8431;147,5106;580,000;-60,000;36,297;200,000;-0,0052;-21,9248;0,0000;0,1648;-21,5797;13,2244;12,5088;-0,4529;6,8600;-0,0000;14,3520;7,1869;10,6438;-1,0181;16;0;50,000
3,4713;20,8208;54,3943;-41,0628;-86,4154;40,7699;54,8705;147,5365;580,000;-60,000;36,711;200,000;-0,0061;-21,9105;-0,0000;0,1945;-21,5648;13,2465;12,5067;-0,4531;6,8739;-0,0000;14,3521;7,2173;10,6434;-1,0470;16;0;50,000
3,4733;20,8208;54,3490;-41,0628;-86,4149;40,7252;54,8980;147,5624;580,000;-60,000;37,125;200,000;-0,0071;-21,8963;0,0000;0,2243;-21,5498;13,2685;12,5045;-0,4532;6,8879;0,0000;14,3521;7,2477;10,6429;-1,0758;16;0;50,000
3,4754;20,8207;54,3036;-41,0628;-86,4144;40,6806;54,9255;147,5883;580,000;-60,000;37,540;200,000;-0,0080;-21,8820;0,0000;0,2540;-21,5348;13,2905;12,5022;-0,4534;6,9018;-0,0000;14,3521;7,2779;10,6424;-1,1045;16;0;50,000
3,4775;20,8207;54,2583;-41,0628;-86,4139;40,6360;54,9531;147,6142;580,000;-60,000;37,954;200,000;-0,0090;-21,8677;-0,0000;0,2837;-21,5196;13,3126;12,4999;-0,4536;6,9158;0,0000;14,3521;7,3081;10,6418;-1,1332;16;0;50,000
3,4796;20,8207;54,2130;-41,0628;-86,4133;40,5915;54,9807;147,6401;580,000;-60,000;38,368;200,000;-0,0099;-21,8534;0,0000;0,3134;-21,5045;13,3346;12,4975;-0,4539;6,9297;-0,0000;14,3522;7,3381;10,6411;-1,1618;16;0;50,000
3,4816;20,8207;54,1678;-41,0628;-86,4126;40,5469;55,0083;147,6660;580,000;-60,000;38,782;200,000;-0,0108;-21,8390;-0,0000;0,3432;-21,4892;13,3567;12,4951;-0,4541;6,9436;-0,0000;14,3522;7,3681;10,6404;-1,1903;16;0;50,000
3,4837;20,8207;54,1226;-41,0628;-86,4118;40,5024;55,0360;147,6919;580,000;-60,000;39,196;200,000;-0,0118;-21,8246;0,0000;0,3729;-21,4740;13,3787;12,4926;-0,4544;6,9576;0,0000;14,3522;7,3980;10,6396;-1,2187;16;0;50,000
3,4858;20,8206;54,0774;-41,0628;-86,4110;40,4580;55,0637;147,7177;580,000;-60,000;39,611;200,000;-0,0127;-21,8102;0,0000;0,4026;-21,4586;13,4007;12,4901;-0,4547;6,9715;-0,0000;14,3523;7,4278;10,6388;-1,2471;16;0;50,000
3,4878;20,8206;54,0322;-41,0628;-86,4102;40,4135;55,0915;147,7436;580,000;-60,000;40,025;200,000;-0,0137;-21,7957;-0,0000;0,4324;-21,4432;13,4228;12,4874;-0,4550;6,9854;0,0000;14,3523;7,4575;10,6379;-1,2754;16;0;50,000
3,4899;20,8206;53,9871;-41,0628;-86,4092;40,3691;55,1193;147,7695;580,000;-60,000;40,439;200,000;-0,0146;-21,7812;0,0000;0,4621;-21,4277;13,4448;12,4848;-0,4554;6,9993;-0,0000;14,3524;7,4871;10,6369;-1,3036;16;0;50,000
3,4920;20,8206;53,9420;-41,0628;-86,4083;40,3248;55,1472;147,7953;580,000;-60,000;40,853;200,000;-0,0155;-21,7667;-0,0000;0,4918;-21,4122;13,4668;12,4820;-0,4558;7,0132;-0,0000;14,3524;7,5167;10,6359;-1,3318;16;0;50,000
3,4941;20,8205;53,8969;-41,0628;-86,4072;40,2805;55,1751;147,8212;580,000;-60,000;41,268;200,000;-0,0165;-21,7522;0,0000;0,5215;-21,3966;13,4889;12,4793;-0,4562;7,0271;-0,0000;14,3525;7,5461;10,6348;-1,3599;16;0;50,000
3,4961;20,8205;53,8519;-41,0628;-86,4061;40,2362;55,2031;147,8470;580,000;-60,000;41,682;200,000;-0,0174;-21,7376;-0,0000;0,5513;-21,3809;13,5109;12,4764;-0,4566;7,0410;-0,0000;14,3525;7,5755;10,6337;-1,3879;16;0;50,000
3,4982;20,8204;53,8069;-41,0628;-86,4049;40,1919;55,2311;147,8728;580,000;-60,000;42,096;200,000;-0,0184;-21,7230;0,0000;0,5810;-21,3652;13,5329;12,4735;-0,4570;7,0549;0,0000;14,3526;7,6047;10,6325;-1,4158;16;0;50,000
3,5003;20,8204;53,7619;-41,0628;-86,4037;40,1477;55,2591;147,8987;580,000;-60,000;42,510;200,000;-0,0193;-21,7084;0,0000;0,6107;-21,3494;13,5549;12,4705;-0,4575;7,0688;-0,0000;14,3526;7,6339;10,6312;-1,4437;16;0;50,000
3,5023;20,8204;53,7170;-41,0628;-86,4024;40,1034;55,2872;147,9245;580,000;-60,000;42,925;200,000;-0,0203;-21,6937;-0,0000;0,6404;-21,3336;13,5769;12,4675;-0,4580;7,0827;0,0000;14,3527;7,6629;10,6299;-1,4715;16;0;50,000
3,5044;20,8203;53,6721;-41,0628;-86,4010;40,0593;55,3154;147,9503;580,000;-60,000;43,339;200,000;-0,0212;-21,6791;0,0000;0,6702;-21,3177;13,5990;12,4644;-0,4585;7,0965;-0,0000;14,3527;7,6919;10,6286;-1,4992;16;0;50,000
3,5065;20,8203;53,6272;-41,0628;-86,3996;40,0151;55,3436;147,9761;580,000;-60,000;43,753;200,000;-0,0222;-21,6643;-0,0000;0,6999;-21,3017;13,6210;12,4613;-0,4590;7,1104;-0,0000;14,3528;7,7208;10,6271;-1,5268;16;0;50,000
3,5086;20,8202;53,5823;-41,0628;-86,3981;39,9710;55,3718;148,0019;580,000;-60,000;44,167;200,000;-0,0231;-21,6496;0,0000;0,7296;-21,2857;13,6430;12,4581;-0,4596;7,1242;0,0000;14,3529;7,7496;10,6257;-1,5544;16;0;50,000
3,5106;20,8202;53,5375;-41,0628;-86,3966;39,9270;55,4001;148,0277;580,000;-60,000;44,582;200,000;-0,0241;-21,6348;0,0000;0,7593;-21,2696;13,6650;12,4549;-0,4602;7,1381;-0,0000;14,3530;7,7783;10,6241;-1,5819;16;0;50,000
3,5127;20,8201;53,4927;-41,0628;-86,3950;39,8829;55,4284;148,0535;580,000;-60,000;44,996;200,000;-0,0250;-21,6200;-0,0000;0,7891;-21,2535;13,6870;12,4516;-0,4608;7,1519;0,0000;14,3530;7,8069;10,6225;-1,6093;16;0;50,000
3,5148;20,8201;53,4479;-41,0628;-86,3933;39,8389;55,4568;148,0793;580,000;-60,000;45,410;200,000;-0,0260;-21,6052;0,0000;0,8188;-21,2373;13,7090;12,4482;-0,4614;7,1658;-0,0000;14,3531;7,8354;10,6209;-1,6367;16;0;50,000
3,5168;20,8200;53,4032;-41,0628;-86,3916;39,7950;55,4852;148,1051;580,000;-60,000;45,824;200,000;-0,0269;-21,5904;-0,0000;0,8485;-21,2210;13,7310;12,4448;-0,4621;7,1796;-0,0000;14,3532;7,8638;10,6192;-1,6639;16;0;50,000
3,5189;20,8200;53,3585;-41,0628;-86,3898;39,7510;55,5136;148,1309;580,000;-60,000;46,238;200,000;-0,0279;-21,5755;0,0000;0,8783;-21,2047;13,7530;12,4413;-0,4628;7,1934;0,0000;14,3533;7,8921;10,6174;-1,6911;16;0;50,000
3,5210;20,8199;53,3138;-41,0628;-86,3880;39,7071;55,5421;148,1566;580,000;-60,000;46,653;200,000;-0,0289;-21,5606;0,0000;0,9080;-21,1883;13,7750;12,4378;-0,4635;7,2073;-0,0000;14,3534;7,9204;10,6156;-1,7182;16;0;50,000
3,5231;20,8198;53,2692;-41,0628;-86,3860;39,6633;55,5707;148,1824;580,000;-60,000;47,067;200,000;-0,0298;-21,5456;-0,0000;0,9377;-21,1719;13,7970;12,4342;-0,4642;7,2211;0,0000;14,3535;7,9485;10,6137;-1,7453;16;0;50,000
3,5251;20,8198;53,2246;-41,0628;-86,3841;39,6194;55,5993;148,2081;580,000;-60,000;47,481;200,000;-0,0308;-21,5306;0,0000;0,9674;-21,1554;13,8189;12,4306;-0,4649;7,2349;-0,0000;14,3536;7,9765;10,6117;-1,7722;16;0;50,000
3,5272;20,8197;53,1800;-41,0628;-86,3820;39,5756;55,6279;148,2339;580,000;-60,000;47,895;200,000;-0,0317;-21,5156;-0,0000;0,9972;-21,1388;13,8409;12,4269;-0,4657;7,2487;-0,0000;14,3536;8,0045;10,6098;-1,7991;16;0;50,000
3,5293;20,8197;53,1355;-41,0628;-86,3799;39,5319;55,6566;148,2596;580,000;-60,000;48,310;200,000;-0,0327;-21,5006;0,0000;1,0269;-21,1222;13,8629;12,4231;-0,4665;7,2625;0,0000;14,3537;8,0323;10,6077;-1,8259;16;0;50,000
3,5313;20,8196;53,0909;-41,0628;-86,3778;39,4881;55,6854;148,2853;580,000;-60,000;48,724;200,000;-0,0337;-21,4856;0,0000;1,0566;-21,1056;13,8849;12,4193;-0,4673;7,2763;-0,0000;14,3539;8,0601;10,6056;-1,8527;16;0;50,000
3,5334;20,8195;53,0465;-41,0628;-86,3756;39,4444;55,7141;148,3111;580,000;-60,000;49,138;200,000;-0,0346;-21,4705;-0,0000;1,0864;-21,0889;13,9068;12,4154;-0,4682;7,2901;0,0000;14,3540;8,0878;10,6034;-1,8793;16;0;50,000
3,5355;20,8194;53,0020;-41,0628;-86,3733;39,4008;55,7430;148,3368;580,000;-60,000;49,552;200,000;-0,0356;-21,4554;0,0000;1,1161;-21,0721;13,9288;12,4115;-0,4690;7,3038;-0,0000;14,3541;8,1154;10,6012;-1,9059;16;0;50,000
3,5376;20,8194;52,9576;-41,0628;-86,3709;39,3571;55,7718;148,3625;580,000;-60,000;49,967;200,000;-0,0366;-21,4402;-0,0000;1,1458;-21,0552;13,9507;12,4075;-0,4699;7,3176;-0,0000;14,3542;8,1428;10,5989;-1,9324;16;0;50,000
3,5396;20,8193;52,9132;-41,0628;-86,3685;39,3136;55,8008;148,3882;580,000;-60,000;50,381;200,000;-0,0376;-21,4250;0,0000;1,1755;-21,0383;13,9727;12,4035;-0,4708;7,3314;0,0000;14,3543;8,1702;10,5966;-1,9588;16;0;50,000
3,5417;20,8192;52,8688;-41,0628;-86,3661;39,2700;55,8297;148,4139;580,000;-60,000;50,795;200,000;-0,0385;-21,4098;0,0000;1,2053;-21,0214;13,9946;12,3994;-0,4718;7,3451;-0,0000;14,3544;8,1975;10,5942;-1,9852;16;0;50,000
3,5438;20,8191;52,8245;-41,0628;-86,3635;39,2265;55,8587;148,4395;580,000;-60,000;51,209;200,000;-0,0395;-21,3946;-0,0000;1,2350;-21,0044;14,0166;12,3953;-0,4727;7,3589;0,0000;14,3545;8,2247;10,5918;-2,0115;16;0;50,000
3,5458;20,8190;52,7802;-41,0628;-86,3610;39,1830;55,8878;148,4652;580,000;-60,000;51,623;200,000;-0,0405;-21,3794;0,0000;1,2647;-20,9873;14,0385;12,3911;-0,4737;7,3726;-0,0000;14,3547;8,2518;10,5893;-2,0376;16;0;50,000
3,5479;20,8190;52,7359;-41,0628;-86,3583;39,1395;55,9169;148,4909;580,000;-60,000;52,038;200,000;-0,0415;-21,3641;-0,0000;1,2945;-20,9702;14,0604;12,3868;-0,4747;7,3863;-0,0000;14,3548;8,2788;10,5868;-2,0638;16;0;50,000
3,5500;20,8189;52,6917;-41,0628;-86,3556;39,0961;55,9460;148,5165;580,000;-60,000;52,452;200,000;-0,0425;-21,3488;0,0000;1,3242;-20,9530;14,0824;12,3825;-0,4757;7,4001;0,0000;14,3549;8,3058;10,5842;-2,0898;16;0;50,000
3,5521;20,8188;52,6475;-41,0628;-86,3528;39,0527;55,9752;148,5421;580,000;-60,000;52,866;200,000;-0,0435;-21,3334;0,0000;1,3539;-20,9358;14,1043;12,3782;-0,4768;7,4138;-0,0000;14,3551;8,3326;10,5815;-2,1158;16;0;50,000
3,5541;20,8187;52,6033;-41,0628;-86,3500;39,0094;56,0045;148,5678;580,000;-60,000;53,280;200,000;-0,0444;-21,3181;-0,0000;1,3837;-20,9185;14,1262;12,3738;-0,4779;7,4275;0,0000;14,3552;8,3593;10,5788;-2,1417;16;0;50,000
3,5562;20,8186;52,5592;-41,0628;-86,3471;38,9661;56,0337;148,5934;580,000;-60,000;53,695;200,000;-0,0454;-21,3027;0,0000;1,4134;-20,9012;14,1481;12,3693;-0,4790;7,4412;-0,0000;14,3553;8,3859;10,5760;-2,1675;16;0;50,000
3,5583;20,8185;52,5151;-41,0628;-86,3441;38,9228;56,0631;148,6190;580,000;-60,000;54,109;200,000;-0,0464;-21,2872;-0,0000;1,4431;-20,8838;14,1700;12,3648;-0,4801;7,4549;-0,0000;14,3555;8,4125;10,5732;-2,1932;16;0;50,000
3,5603;20,8184;52,4710;-41,0628;-86,3411;38,8796;56,0924;148,6446;580,000;-60,000;54,523;200,000;-0,0474;-21,2718;0,0000;1,4729;-20,8663;14,1919;12,3602;-0,4812;7,4686;0,0000;14,3556;8,4389;10,5703;-2,2188;16;0;50,000
3,5624;20,8183;52,4270;-41,0628;-86,3380;38,8364;56,1218;148,6702;580,000;-60,000;54,937;200,000;-0,0484;-21,2563;0,0000;1,5026;-20,8488;14,2138;12,3556;-0,4824;7,4823;-0,0000;14,3558;8,4653;10,5674;-2,2444;16;0;50,000
3,5645;20,8182;52,3830;-41,0628;-86,3349;38,7932;56,1513;148,6958;580,000;-60,000;55,352;200,000;-0,0494;-21,2408;-0,0000;1,5323;-20,8313;14,2357;12,3509;-0,4836;7,4960;0,0000;14,3559;8,4915;10,5644;-2,2699;16;0;50,000
3,5666;20,8181;52,3390;-41,0628;-86,3317;38,7501;56,1808;148,7214;580,000;-60,000;55,766;200,000;-0,0504;-21,2252;0,0000;1,5621;-20,8136;14,2575;12,3462;-0,4848;7,5096;-0,0000;14,3561;8,5177;10,5614;-2,2953;16;0;50,000
3,5686;20,8180;52,2951;-41,0628;-86,3284;38,7070;56,2104;148,7469;580,000;-60,000;56,180;200,000;-0,0514;-21,2097;-0,0000;1,5918;-20,7960;14,2794;12,3414;-0,4861;7,5233;-0,0000;14,3562;8,5437;10,5583;-2,3206;16;0;50,000
3,5707;20,8179;52,2511;-41,0628;-86,3251;38,6640;56,2400;148,7725;580,000;-60,000;56,594;200,000;-0,0524;-21,1941;0,0000;1,6215;-20,7783;14,3013;12,3366;-0,4873;7,5369;-0,0000;14,3564;8,5697;10,5552;-2,3459;16;0;50,000
3,5728;20,8178;52,2073;-41,0628;-86,3217;38,6209;56,2696;148,7981;580,000;-60,000;57,009;200,000;-0,0534;-21,1785;-0,0000;1,6513;-20,7605;14,3231;12,3317;-0,4886;7,5506;-0,0000;14,3566;8,5956;10,5520;-2,3711;16;0;50,000
3,5748;20,8177;52,1634;-41,0628;-86,3182;38,5780;56,2993;148,8236;580,000;-60,000;57,423;200,000;-0,0545;-21,1628;0,0000;1,6810;-20,7426;14,3450;12,3268;-0,4899;7,5642;0,0000;14,3567;8,6214;10,5488;-2,3962;16;0;50,000
3,5769;20,8176;52,1196;-41,0628;-86,3147;38,5350;56,3290;148,8491;580,000;-60,000;57,837;200,000;-0,0555;-21,1471;0,0000;1,7107;-20,7248;14,3668;12,3218;-0,4913;7,5779;-0,0000;14,3569;8,6471;10,5455;-2,4212;16;0;50,000
3,5790;20,8174;52,0758;-41,0628;-86,3112;38,4921;56,3588;148,8746;580,000;-60,000;58,251;200,000;-0,0565;-21,1314;-0,0000;1,7405;-20,7068;14,3887;12,3167;-0,4926;7,5915;0,0000;14,3571;8,6726;10,5422;-2,4461;16;0;50,000
3,5810;20,8173;52,0321;-41,0628;-86,3075;38,4492;56,3886;148,9001;580,000;-60,000;58,665;200,000;-0,0575;-21,1157;0,0000;1,7702;-20,6888;14,4105;12,3116;-0,4940;7,6051;-0,0000;14,3573;8,6981;10,5388;-2,4710;16;0;50,000
3,5831;20,8172;51,9883;-41,0628;-86,3038;38,4064;56,4185;148,9256;580,000;-60,000;59,080;200,000;-0,0585;-21,0999;-0,0000;1,7999;-20,6708;14,4323;12,3065;-0,4954;7,6187;-0,0000;14,3575;8,7235;10,5353;-2,4958;16;0;50,000
3,5852;20,8171;51,9447;-41,0628;-86,3001;38,3636;56,4484;148,9511;580,000;-60,000;59,494;200,000;-0,0596;-21,0841;0,0000;1,8297;-20,6527;14,4541;12,3013;-0,4968;7,6323;0,0000;14,3576;8,7488;10,5318;-2,5205;16;0;50,000
3,5873;20,8170;51,9010;-41,0628;-86,2963;38,3209;56,4784;148,9766;580,000;-60,000;59,908;200,000;-0,0606;-21,0683;0,0000;1,8594;-20,6346;14,4760;12,2961;-0,4983;7,6459;-0,0000;14,3578;8,7741;10,5283;-2,5451;16;0;50,000
3,5893;20,8168;51,8574;-41,0628;-86,2924;38,2781;56,5084;149,0020;580,000;-60,000;60,322;200,000;-0,0616;-21,0524;-0,0000;1,8892;-20,6164;14,4978;12,2908;-0,4997;7,6595;0,0000;14,3580;8,7992;10,5247;-2,5696;16;0;50,001
3,5914;20,8167;51,8138;-41,0628;-86,2884;38,2355;56,5384;149,0275;580,000;-60,000;60,737;200,000;-0,0627;-21,0366;0,0000;1,9189;-20,5981;14,5195;12,2854;-0,5012;7,6730;-0,0000;14,3582;8,8242;10,5210;-2,5941;16;0;50,005
3,5935;20,8166;51,7702;-41,0628;-86,2844;38,1928;56,5685;149,0529;580,000;-60,000;61,151;200,000;-0,0637;-21,0207;-0,0000;1,9486;-20,5798;14,5413;12,2800;-0,5028;7,6866;-0,0000;14,3584;8,8491;10,5173;-2,6185;16;0;50,013
3,5955;20,8164;51,7267;-41,0628;-86,2804;38,1502;56,5987;149,0784;580,000;-60,000;61,565;200,000;-0,0648;-21,0047;0,0000;1,9784;-20,5615;14,5631;12,2746;-0,5043;7,7002;0,0000;14,3586;8,8739;10,5136;-2,6428;16;0;50,024
3,5976;20,8163;51,6832;-41,0628;-86,2762;38,1076;56,6289;149,1038;580,000;-60,000;61,979;200,000;-0,0658;-20,9888;0,0000;2,0081;-20,5430;14,5849;12,2691;-0,5059;7,7137;-0,0000;14,3588;8,8987;10,5098;-2,6670;16;0;50,039
3,5997;20,8162;51,6398;-41,0628;-86,2720;38,0651;56,6591;149,1292;580,000;-60,000;62,394;200,000;-0,0668;-20,9728;-0,0000;2,0379;-20,5246;14,6066;12,2635;-0,5075;7,7273;0,0000;14,3590;8,9233;10,5060;-2,6911;16;0;50,057
3,6018;20,8160;51,5964;-41,0628;-86,2678;38,0226;56,6894;149,1546;580,000;-60,000;62,808;200,000;-0,0679;-20,9568;0,0000;2,0676;-20,5061;14,6284;12,2579;-0,5091;7,7408;-0,0000;14,3593;8,9478;10,5021;-2,7152;16;0;50,079
3,6038;20,8159;51,5530;-41,0628;-86,2635;37,9802;56,7197;149,1800;580,000;-60,000;63,222;200,000;-0,0690;-20,9407;-0,0000;2,0973;-20,4875;14,6502;12,2523;-0,5107;7,7543;-0,0000;14,3595;8,9723;10,4981;-2,7392;16;0;50,104
3,6059;20,8157;51,5096;-41,0628;-86,2591;37,9378;56,7500;149,2053;580,000;-60,000;63,636;200,000;-0,0700;-20,9246;0,0000;2,1271;-20,4689;14,6719;12,2466;-0,5124;7,7678;0,0000;14,3597;8,9966;10,4941;-2,7631;16;0;50,132
3,6080;20,8156;51,4663;-41,0628;-86,2547;37,8954;56,7805;149,2307;580,000;-60,000;64,050;200,000;-0,0711;-20,9085;0,0000;2,1568;-20,4503;14,6936;12,2408;-0,5141;7,7813;-0,0000;14,3599;9,0209;10,4901;-2,7869;16;0;50,164
3,6100;20,8154;51,4230;-41,0628;-86,2502;37,8530;56,8109;149,2560;580,000;-60,000;64,465;200,000;-0,0721;-20,8924;-0,0000;2,1866;-20,4315;14,7153;12,2350;-0,5158;7,7948;0,0000;14,3601;9,0450;10,4860;-2,8106;16;0;50,199
3,6121;20,8153;51,3798;-41,0628;-86,2456;37,8107;56,8414;149,2814;580,000;-60,000;64,879;200,000;-0,0732;-20,8762;0,0000;2,2163;-20,4128;14,7371;12,2292;-0,5175;7,8083;-0,0000;14,3604;9,0691;10,4818;-2,8343;16;0;50,237
3,6142;20,8151;51,3365;-41,0628;-86,2410;37,7685;56,8720;149,3067;580,000;-60,000;65,293;200,000;-0,0743;-20,8601;-0,0000;2,2460;-20,3940;14,7588;12,2233;-0,5193;7,8218;-0,0000;14,3606;9,0931;10,4777;-2,8579;16;0;50,279
3,6163;20,8150;51,2933;-41,0628;-86,2363;37,7263;56,9025;149,3320;580,000;-60,000;65,707;200,000;-0,0754;-20,8438;0,0000;2,2758;-20,3751;14,7805;12,2173;-0,5210;7,8353;0,0000;14,3609;9,1169;10,4734;-2,8814;16;0;50,325
3,6183;20,8148;51,2502;-41,0628;-86,2316;37,6841;56,9332;149,3573;580,000;-60,000;66,122;200,000;-0,0764;-20,8276;0,0000;2,3055;-20,3562;14,8021;12,2114;-0,5228;7,8487;-0,0000;14,3611;9,1407;10,4691;-2,9048;16;0;50,373
3,6204;20,8147;51,2071;-41,0628;-86,2267;37,6419;56,9639;149,3826;580,000;-60,000;66,536;200,000;-0,0775;-20,8113;-0,0000;2,3353;-20,3373;14,8238;12,2053;-0,5247;7,8622;0,0000;14,3613;9,1644;10,4648;-2,9281;16;0;50,425
3,6225;20,8145;51,1640;-41,0628;-86,2219;37,5998;56,9946;149,4079;580,000;-60,000;66,950;200,000;-0,0786;-20,7950;0,0000;2,3650;-20,3183;14,8455;12,1992;-0,5265;7,8756;-0,0000;14,3616;9,1880;10,4604;-2,9514;16;0;50,481
3,6245;20,8143;51,1209;-41,0628;-86,2170;37,5578;57,0254;149,4331;580,000;-60,000;67,364;200,000;-0,0797;-20,7787;-0,0000;2,3948;-20,2992;14,8672;12,1931;-0,5284;7,8891;-0,0000;14,3618;9,2115;10,4560;-2,9745;16;0;50,539
3,6266;20,8142;51,0779;-41,0628;-86,2120;37,5158;57,0562;149,4584;580,000;-60,000;67,779;200,000;-0,0808;-20,7624;0,0000;2,4245;-20,2801;14,8888;12,1869;-0,5303;7,9025;0,0000;14,3621;9,2349;10,4515;-2,9976;16;0;50,601
3,6287;20,8140;51,0349;-41,0628;-86,2069;37,4738;57,0870;149,4836;580,000;-60,000;68,193;200,000;-0,0819;-20,7460;0,0000;2,4543;-20,2609;14,9105;12,1807;-0,5322;7,9159;-0,0000;14,3624;9,2582;10,4470;-3,0206;16;0;50,667
3,6308;20,8138;50,9920;-41,0628;-86,2018;37,4318;57,1179;149,5088;580,000;-60,000;68,607;200,000;-0,0830;-20,7296;-0,0000;2,4840;-20,2417;14,9321;12,1744;-0,5341;7,9293;0,0000;14,3626;9,2814;10,4424;-3,0436;16;0;50,735
3,6328;20,8137;50,9491;-41,0628;-86,1966;37,3899;57,1489;149,5340;580,000;-60,000;69,021;200,000;-0,0841;-20,7131;0,0000;2,5138;-20,2225;14,9537;12,1681;-0,5361;7,9427;-0,0000;14,3629;9,3045;10,4378;-3,0664;16;0;50,807
3,6349;20,8135;50,9062;-41,0628;-86,1914;37,3481;57,1799;149,5592;580,000;-60,000;69,436;200,000;-0,0852;-20,6967;-0,0000;2,5435;-20,2032;14,9753;12,1617;-0,5381;7,9561;-0,0000;14,3632;9,3275;10,4332;-3,0892;16;0;50,883
3,6370;20,8133;50,8633;-41,0628;-86,1861;37,3062;57,2109;149,5844;580,000;-60,000;69,850;200,000;-0,0864;-20,6802;0,0000;2,5732;-20,1839;14,9969;12,1553;-0,5401;7,9695;0,0000;14,3634;9,3504;10,4285;-3,1119;16;0;50,961
3,6390;20,8131;50,8205;-41,0628;-86,1807;37,2645;57,2420;149,6096;580,000;-60,000;70,264;200,000;-0,0875;-20,6637;0,0000;2,6030;-20,1645;15,0185;12,1488;-0,5421;7,9829;-0,0000;14,3637;9,3732;10,4237;-3,1345;16;0;51,043
3,6411;20,8130;50,7777;-41,0628;-86,1753;37,2227;57,2731;149,6347;580,000;-60,000;70,678;200,000;-0,0886;-20,6471;-0,0000;2,6327;-20,1450;15,0401;12,1423;-0,5442;7,9962;0,0000;14,3640;9,3960;10,4189;-3,1570;16;0;51,128
3,6432;20,8128;50,7350;-41,0628;-86,1698;37,1810;57,3043;149,6599;580,000;-60,000;71,092;200,000;-0,0897;-20,6305;0,0000;2,6625;-20,1256;15,0617;12,1357;-0,5463;8,0096;-0,0000;14,3643;9,4186;10,4141;-3,1794;16;0;51,216
3,6453;20,8126;50,6923;-41,0628;-86,1643;37,1393;57,3355;149,6850;580,000;-60,000;71,507;200,000;-0,0909;-20,6139;-0,0000;2,6922;-20,1060;15,0832;12,1291;-0,5484;8,0229;-0,0000;14,3646;9,4411;10,4092;-3,2018;16;0;51,307
3,6473;20,8124;50,6496;-41,0628;-86,1587;37,0977;57,3668;149,7101;580,000;-60,000;71,921;200,000;-0,0920;-20,5973;0,0000;2,7220;-20,0864;15,1048;12,1225;-0,5505;8,0362;0,0000;14,3649;9,4636;10,4043;-3,2241;16;0;51,401
3,6494;20,8122;50,6070;-41,0628;-86,1530;37,0561;57,3981;149,7352;580,000;-60,000;72,335;200,000;-0,0931;-20,5806;0,0000;2,7518;-20,0668;15,1263;12,1158;-0,5527;8,0496;-0,0000;14,3652;9,4859;10,3993;-3,2462;16;0;51,499
3,6515;20,8120;50,5643;-41,0628;-86,1473;37,0146;57,4294;149,7603;580,000;-60,000;72,749;200,000;-0,0943;-20,5640;-0,0000;2,7815;-20,0471;15,1479;12,1090;-0,5549;8,0629;0,0000;14,3655;9,5082;10,3943;-3,2684;16;0;51,600
3,6535;20,8118;50,5218;-41,0628;-86,1415;36,9731;57,4608;149,7854;580,000;-60,000;73,164;200,000;-0,0954;-20,5472;0,0000;2,8113;-20,0274;15,1694;12,1022;-0,5571;8,0762;-0,0000;14,3658;9,5303;10,3892;-3,2904;16;0;51,704
3,6556;20,8116;50,4792;-41,0628;-86,1356;36,9316;57,4923;149,8104;580,000;-60,000;73,578;200,000;-0,0966;-20,5305;-0,0000;2,8410;-20,0077;15,1909;12,0954;-0,5593;8,0895;-0,0000;14,3661;9,5524;10,3841;-3,3123;16;0;51,811
3,6577;20,8114;50,4367;-41,0628;-86,1297;36,8902;57,5238;149,8355;580,000;-60,000;73,992;200,000;-0,0978;-20,5137;0,0000;2,8708;-19,9879;15,2124;12,0885;-0,5615;8,1028;-0,0000;14,3664;9,5743;10,3789;-3,3342;16;0;51,921
3,6598;20,8112;50,3943;-41,0628;-86,1237;36,8488;57,5553;149,8605;580,000;-60,000;74,406;200,000;-0,0989;-20,4969;-0,0000;2,9005;-19,9680;15,2339;12,0816;-0,5638;8,1160;-0,0000;14,3667;9,5962;10,3737;-3,3560;16;0;52,034
3,6618;20,8110;50,3518;-41,0628;-86,1177;36,8075;57,5869;149,8855;580,000;-60,000;74,821;200,000;-0,1001;-20,4801;0,0000;2,9303;-19,9481;15,2554;12,0746;-0,5661;8,1293;0,0000;14,3671;9,6180;10,3685;-3,3777;16;0;52,150
3,6639;20,8108;50,3094;-41,0628;-86,1116;36,7662;57,6185;149,9105;580,000;-60,000;75,235;200,000;-0,1013;-20,4633;0,0000;2,9600;-19,9282;15,2769;12,0676;-0,5684;8,1426;-0,0000;14,3674;9,6397;10,3632;-3,3993;16;0;52,269
3,6660;20,8106;50,2671;-41,0628;-86,1054;36,7250;57,6501;149,9355;580,000;-60,000;75,649;200,000;-0,1024;-20,4464;-0,0000;2,9898;-19,9082;15,2983;12,0605;-0,5707;8,1558;0,0000;14,3677;9,6613;10,3579;-3,4208;16;0;52,392
3,6680;20,8104;50,2247;-41,0628;-86,0992;36,6837;57,6819;149,9605;580,000;-60,000;76,063;200,000;-0,1036;-20,4295;0,0000;3,0196;-19,8881;15,3198;12,0534;-0,5731;8,1690;-0,0000;14,3681;9,6827;10,3525;-3,4423;16;0;52,517
3,6701;20,8101;50,1824;-41,0628;-86,0929;36,6426;57,7136;149,9854;580,000;-60,000;76,477;200,000;-0,1048;-20,4125;-0,0000;3,0493;-19,8681;15,3412;12,0463;-0,5755;8,1823;-0,0000;14,3684;9,7041;10,3471;-3,4637;16;0;52,645
3,6722;20,8099;50,1402;-41,0628;-86,0866;36,6014;57,7454;150,0104;580,000;-60,000;76,892;200,000;-0,1060;-20,3956;0,0000;3,0791;-19,8480;15,3626;12,0391;-0,5779;8,1955;0,0000;14,3687;9,7254;10,3417;-3,4850;16;0;52,776
3,6743;20,8097;50,0979;-41,0628;-86,0802;36,5604;57,7772;150,0353;580,000;-60,000;77,306;200,000;-0,1072;-20,3786;0,0000;3,1088;-19,8278;15,3840;12,0318;-0,5803;8,2087;-0,0000;14,3691;9,7466;10,3362;-3,5062;16;0;52,910
3,6763;20,8095;50,0558;-41,0628;-86,0737;36,5193;57,8091;150,0602;580,000;-60,000;77,720;200,000;-0,1084;-20,3616;-0,0000;3,1386;-19,8076;15,4054;12,0245;-0,5828;8,2219;0,0000;14,3694;9,7678;10,3306;-3,5273;16;0;53,047
3,6784;20,8093;50,0136;-41,0628;-86,0672;36,4783;57,8411;150,0851;580,000;-60,000;78,134;200,000;-0,1096;-20,3445;0,0000;3,1684;-19,7873;15,4268;12,0172;-0,5853;8,2351;-0,0000;14,3698;9,7888;10,3251;-3,5483;16;0;53,187
3,6805;20,8090;49,9715;-41,0628;-86,0606;36,4373;57,8730;150,1100;580,000;-60,000;78,549;200,000;-0,1108;-20,3275;-0,0000;3,1981;-19,7670;15,4482;12,0098;-0,5878;8,2482;-0,0000;14,3702;9,8097;10,3194;-3,5693;16;0;53,330
3,6825;20,8088;49,9294;-41,0628;-86,0539;36,3964;57,9050;150,1349;580,000;-60,000;78,963;200,000;-0,1121;-20,3104;0,0000;3,2279;-19,7467;15,4696;12,0024;-0,5903;8,2614;0,0000;14,3705;9,8305;10,3138;-3,5902;16;0;53,475
3,6846;20,8086;49,8873;-41,0628;-86,0472;36,3555;57,9371;150,1597;580,000;-60,000;79,377;200,000;-0,1133;-20,2932;0,0000;3,2576;-19,7263;15,4909;11,9950;-0,5929;8,2745;-0,0000;14,3709;9,8513;10,3081;-3,6110;16;0;53,623
3,6867;20,8083;49,8453;-41,0628;-86,0404;36,3147;57,9692;150,1846;580,000;-60,000;79,791;200,000;-0,1145;-20,2761;-0,0000;3,2874;-19,7059;15,5123;11,9875;-0,5954;8,2877;0,0000;14,3713;9,8719;10,3023;-3,6317;16;0;53,775
3,6887;20,8081;49,8034;-41,0628;-86,0336;36,2739;58,0014;150,2094;580,000;-60,000;80,206;200,000;-0,1158;-20,2589;0,0000;3,3172;-19,6854;15,5336;11,9799;-0,5980;8,3008;-0,0000;14,3717;9,8924;10,2966;-3,6523;16;0;53,928
3,6908;20,8079;49,7614;-41,0628;-86,0267;36,2332;58,0336;150,2342;580,000;-60,000;80,620;200,000;-0,1170;-20,2417;-0,0000;3,3469;-19,6649;15,5549;11,9723;-0,6007;8,3139;-0,0000;14,3720;9,9129;10,2907;-3,6729;16;0;54,085
3,6929;20,8076;49,7195;-41,0628;-86,0197;36,1925;58,0658;150,2590;580,000;-60,000;81,034;200,000;-0,1182;-20,2245;0,0000;3,3767;-19,6444;15,5762;11,9647;-0,6033;8,3271;0,0000;14,3724;9,9332;10,2849;-3,6934;16;0;54,244
3,6950;20,8074;49,6776;-41,0628;-86,0127;36,1518;58,0981;150,2838;580,000;-60,000;81,448;200,000;-0,1195;-20,2072;0,0000;3,4065;-19,6238;15,5975;11,9570;-0,6060;8,3402;-0,0000;14,3728;9,9535;10,2790;-3,7138;16;0;54,406
3,6970;20,8071;49,6358;-41,0628;-86,0056;36,1112;58,1304;150,3085;580,000;-60,000;81,863;200,000;-0,1208;-20,1899;-0,0000;3,4362;-19,6031;15,6188;11,9493;-0,6087;8,3533;0,0000;14,3732;9,9737;10,2730;-3,7341;16;0;54,571
3,6991;20,8069;49,5940;-41,0628;-85,9985;36,0706;58,1628;150,3332;580,000;-60,000;82,277;200,000;-0,1220;-20,1726;0,0000;3,4660;-19,5824;15,6401;11,9416;-0,6114;8,3663;-0,0000;14,3736;9,9937;10,2670;-3,7543;16;0;54,738
3,7012;20,8066;49,5522;-41,0628;-85,9913;36,0301;58,1952;150,3580;580,000;-60,000;82,691;200,000;-0,1233;-20,1553;-0,0000;3,4958;-19,5617;15,6613;11,9338;-0,6141;8,3794;-0,0000;14,3740;10,0137;10,2610;-3,7744;16;0;54,908
3,7032;20,8064;49,5105;-41,0628;-85,9840;35,9896;58,2277;150,3827;580,000;-60,000;83,105;200,000;-0,1246;-20,1379;0,0000;3,5256;-19,5410;15,6826;11,9259;-0,6169;8,3925;0,0000;14,3744;10,0336;10,2549;-3,7945;16;0;55,080
3,7053;20,8061;49,4688;-41,0628;-85,9766;35,9491;58,2602;150,4074;580,000;-60,000;83,519;200,000;-0,1258;-20,1205;0,0000;3,5553;-19,5202;15,7038;11,9181;-0,6197;8,4055;-0,0000;14,3749;10,0534;10,2488;-3,8145;16;0;55,255
3,7074;20,8058;49,4272;-41,0628;-85,9693;35,9087;58,2927;150,4321;580,000;-60,000;83,934;200,000;-0,1271;-20,1031;-0,0000;3,5851;-19,4993;15,7250;11,9101;-0,6225;8,4185;0,0000;14,3753;10,0731;10,2427;-3,8344;16;0;55,433
3,7095;20,8056;49,3855;-41,0628;-85,9618;35,8683;58,3253;150,4567;580,000;-60,000;84,348;200,000;-0,1284;-20,0856;0,0000;3,6149;-19,4784;15,7462;11,9022;30,6478;-9,9738;-0,0000;-21,0948;6,2305;-6,7797;11,7781;16;0;55,613
3,7115;20,8053;49,3440;-41,0628;-85,9543;35,8280;58,3579;150,4814;580,000;-60,000;84,762;200,000;-0,0002;-20,1444;-0,0000;3,4977;-19,4735;15,6970;11,9589;104,0963;-53,2397;-0,0000;-104,3959;-2,9258;-46,7422;48,5636;16;0;55,796
3,7136;20,8056;49,3021;-41,0628;-85,9473;35,7877;58,3903;150,5062;579,998;-59,996;85,176;199,982;0,3028;-20,3062;0,0000;3,1824;-19,4906;15,5526;12,1033;115,0096;-59,7715;0,0000;-116,7576;-4,5057;-52,6640;54,2160;16;0;55,979
3,7157;20,8066;49,2599;-41,0628;-85,9411;35,7473;58,4224;150,5315;579,992;-59,986;85,590;200,000;0,4762;-20,3920;0,0000;3,0141;-19,4922;15,4788;12,1835;41,5780;-16,6330;-0,0000;-33,4585;4,3940;-12,6978;17,6532;16;0;56,161
3,7177;20,8075;49,2176;-41,0628;-85,9348;35,7069;58,4544;150,5567;579,986;-59,977;86,004;200,000;0,4750;-20,3751;-0,0000;3,0438;-19,4724;15,5000;12,1765;112,6398;-54,3585;0,0000;-114,7910;-0,6876;-54,7162;51,0221;16;0;56,345
3,7198;20,8085;49,1755;-41,0628;-85,9285;35,6666;58,4866;150,5819;579,980;-59,967;86,419;200,000;0,9428;-20,6172;0,0000;2,5386;-19,4950;15,2522;12,3949;271,4629;-142,1927;-0,0000;-295,9376;-15,3493;-145,8154;127,5968;16;0;56,533
3,7219;20,8114;49,1322;-41,0628;-85,9243;35,6262;58,5176;150,6081;579,965;-59,943;86,832;199,930;1,5995;-20,9641;-0,0000;1,8180;-19,5359;14,8960;12,7050;203,8508;-105,1245;-0,0000;-218,7614;-9,8050;-106,9804;95,6102;16;0;56,714
3,7240;20,8151;49,0886;-41,0628;-85,9210;35,5857;58,5483;150,6346;579,946;-59,913;87,244;200,000;1,7872;-21,0526;0,0000;1,6324;-19,5356;14,8090;12,7909;78,2704;-34,1461;0,0000;-75,8067;2,8955;-36,3480;34,5555;16;0;56,894
3,7260;20,8188;49,0450;-41,0628;-85,9175;35,5452;58,5790;150,6610;579,928;-59,883;87,657;200,000;1,9237;-21,1055;0,0000;1,5040;-19,5239;14,7454;12,8482;208,0149;-96,4816;-0,0000;-225,5005;-0,3221;-118,3709;91,8896;16;0;57,076
3,7281;20,8231;49,0012;-41,0628;-85,9147;35,5048;58,6094;150,6878;579,907;-59,848;88,069;199,935;2,6489;-21,4523;-0,0000;0,6983;-19,5370;14,3187;13,1715;316,9763;-151,0573;0,0000;-350,8013;-5,3124;-185,5688;141,5243;16;0;57,259
3,7302;20,8298;48,9562;-41,0628;-85,9147;35,4643;58,6383;150,7156;579,874;-59,796;88,479;200,000;3,2367;-21,7313;0,0000;0,0508;-19,5459;13,9768;13,4344;141,7316;-63,9275;-0,0000;-149,1268;1,2833;-77,3949;62,9972;16;0;57,432
3,7322;20,8365;48,9112;-41,0628;-85,9145;35,4239;58,6672;150,7434;579,842;-59,743;88,888;200,000;3,2360;-21,7171;-0,0000;0,0806;-19,5317;13,9981;13,4325;161,1300;-63,9717;-0,0000;-173,2351;9,3091;-97,2598;66,5634;16;0;57,608
3,7343;20,8432;48,8662;-41,0628;-85,9143;35,3834;58,6963;150,7712;579,809;-59,690;89,298;200,000;3,9042;-21,9962;0,0000;-0,6668;-19,5074;13,5739;13,7101;353,0964;-148,3149;-0,0000;-396,1946;11,7924;-225,0910;147,1400;16;0;57,787
3,7364;20,8527;48,8201;-41,0628;-85,9173;35,3430;58,7235;150,8002;579,764;-59,616;89,703;199,931;4,6987;-22,3315;-0,0000;-1,5606;-19,4828;13,0657;14,0420;222,1361;-91,2316;-0,0000;-243,9623;9,0589;-137,8220;93,1513;16;0;57,954
3,7385;20,8627;48,7737;-41,0628;-85,9208;35,3027;58,7504;150,8294;579,716;-59,538;90,107;200,000;4,8244;-22,3742;0,0000;-1,6774;-19,4699;13,0030;14,0960;165,9186;-57,4851;0,0000;-180,3755;16,4774;-107,9178;64,8573;16;0;58,121
3,7405;20,8727;48,7274;-41,0628;-85,9242;35,2624;58,7773;150,8586;579,668;-59,461;90,511;200,000;5,3859;-22,5696;0,0000;-2,3078;-19,4146;12,6186;14,3107;343,1100;-121,1513;-0,0000;-388,8778;32,0030;-237,4873;131,3336;16;0;58,291
3,7426;20,8850;48,6802;-41,0628;-85,9303;35,2223;58,8027;150,8887;579,610;-59,365;90,910;199,859;6,2456;-22,8760;-0,0000;-3,2882;-19,3373;12,0192;14,6400;279,4658;-97,9501;0,0000;-313,9929;26,1535;-191,5094;107,9896;16;0;58,451
3,7447;20,8986;48,6326;-41,0628;-85,9378;35,1823;58,8271;150,9193;579,545;-59,261;91,305;200,000;6,5436;-22,9753;0,0000;-3,6085;-19,3062;11,8253;14,7580;206,1085;-60,5428;-0,0000;-229,7877;29,6761;-147,1106;74,7498;16;0;58,607
3,7467;20,9121;48,5850;-41,0628;-85,9453;35,1423;58,8516;150,9498;579,481;-59,156;91,701;200,000;7,0994;-23,1268;-0,0000;-4,2401;-19,2144;11,4098;14,9497;355,0225;-98,5999;-0,0000;-408,0278;57,1389;-268,6899;122,0162;16;0;58,765
3,7488;20,9280;48,5368;-41,0628;-85,9554;35,1027;58,8744;150,9812;579,406;-59,034;92,089;199,824;8,0142;-23,3838;0,0000;-5,2986;-19,0695;10,7123;15,2634;307,5747;-85,1089;0,0000;-351,4216;49,0400;-231,3771;106,9928;16;0;58,912
3,7509;20,9453;48,4882;-41,0628;-85,9672;35,0633;58,8960;151,0131;579,324;-58,901;92,473;200,000;8,3735;-23,4793;0,0000;-5,6958;-19,0112;10,4514;15,3929;243,7735;-52,5903;-0,0000;-278,2202;52,0511;-192,8259;78,1571;16;0;59,054
3,7530;20,9626;48,4396;-41,0628;-85,9790;35,0240;58,9177;151,0449;579,242;-58,768;92,856;200,000;9,0240;-23,6016;-0,0000;-6,4511;-18,8539;9,9136;15,5872;386,8853;-73,9046;0,0000;-452,5676;92,7704;-322,2391;114,9845;16;0;59,197
3,7550;20,9827;48,3904;-41,0628;-85,9940;34,9852;58,9371;151,0776;579,148;-58,615;93,229;199,814;9,9761;-23,7855;0,0000;-7,5705;-18,6269;9,1166;15,8692;302,8539;-57,3014;-0,0000;-350,8875;71,9419;-249,9797;92,0649;16;0;59,327
3,7571;21,0040;48,3410;-41,0628;-86,0104;34,9468;58,9554;151,1107;579,047;-58,452;93,596;200,000;10,2785;-23,8390;-0,0000;-7,9046;-18,5559;8,8781;15,9685;272,2904;-30,4823;-0,0000;-318,1175;83,8633;-240,9052;72,0304;16;0;59,451
3,7592;21,0253;48,2917;-41,0628;-86,0267;34,9084;58,9739;151,1438;578,947;-58,289;93,964;200,000;11,1040;-23,9118;0,0000;-8,8882;-18,2795;8,1187;16,1675;431,9113;-38,5440;0,0000;-515,7908;144,1407;-398,1812;104,1120;16;0;59,577
3,7612;21,0500;48,2420;-41,0628;-86,0472;34,8711;58,9891;151,1777;578,831;-58,101;94,314;199,881;12,0676;-23,9986;0,0000;-10,0412;-17,9588;7,2287;16,3998;289,5685;-22,1917;-0,0000;-341,1878;98,0985;-265,8512;71,5603;16;0;59,682
3,7633;21,0752;48,1922;-41,0628;-86,0683;34,8340;59,0038;151,2117;578,713;-57,908;94,661;200,000;12,3035;-24,0037;-0,0000;-10,3015;-17,8732;7,0174;16,4640;284,5426;6,2188;0,0000;-340,7447;122,5813;-284,3564;54,7845;16;0;59,785
3,7654;21,1009;48,1425;-41,0628;-86,0899;34,7970;59,0181;151,2458;578,592;-57,712;95,005;199,903;13,2463;-23,9729;0,0000;-11,4527;-17,4511;6,0508;16,6267;432,0322;14,0885;-0,0000;-526,5886;192,8210;-442,4030;75,6218;16;0;59,888
3,7675;21,1301;48,0929;-41,0628;-86,1157;34,7617;59,0289;151,2806;578,456;-57,491;95,327;200,000;14,0931;-23,9453;-0,0000;-12,4828;-17,0745;5,1848;16,7772;288,8051;22,4110;-0,0000;-349,2596;138,9269;-302,5360;47,4033;16;0;59,966
3,7695;21,1593;48,0434;-41,0628;-86,1416;34,7263;59,0396;151,3153;578,319;-57,269;95,649;200,000;14,4426;-23,8800;0,0000;-12,8994;-16,8756;4,7976;16,8231;298,7169;54,2460;0,0000;-368,2789;173,1730;-339,1845;31,0207;16;0;60,047
3,7716;21,1899;47,9940;-41,0628;-86,1692;34,6918;59,0487;151,3503;578,176;-57,036;95,960;199,738;15,3305;-23,7206;0,0000;-14,0084;-16,3571;3,7798;16,9057;344,9335;62,1541;-0,0000;-427,5691;200,0738;-393,3421;34,8553;16;0;60,117
3,7737;21,2228;47,9451;-41,0628;-86,1996;34,6585;59,0553;151,3854;578,022;-56,786;96,253;200,000;15,8715;-23,6226;-0,0000;-14,6706;-16,0468;3,1682;16,9675;265,6170;72,4020;0,0000;-330,6020;175,6154;-320,6311;15,9752;16;0;60,170
3,7757;21,2557;47,8962;-41,0628;-86,2299;34,6253;59,0619;151,4205;577,869;-56,537;96,546;200,000;16,4308;-23,4207;0,0000;-15,3778;-15,6297;2,4517;16,9719;328,5330;118,2649;-0,0000;-418,9319;246,1347;-423,2706;0,0707;16;0;60,225
3,7778;21,2909;47,8481;-41,0628;-86,2633;34,5938;59,0654;151,4557;577,705;-56,270;96,816;199,768;17,2324;-23,1327;-0,0000;-16,4059;-15,0272;1,4149;16,9678;252,7499;91,1134;-0,0000;-318,3121;187,3981;-323,2113;3,8552;16;0;60,259
3,7799;21,3271;47,8003;-41,0628;-86,2979;34,5631;59,0677;151,4908;577,536;-55,996;97,077;200,000;17,4778;-23,0433;0,0000;-16,6964;-14,8534;1,1128;16,9879;224,0871;117,8732;0,0000;-288,2834;200,6504;-316,1161;-16,5130;16;0;60,286
3,7820;21,3633;47,7526;-41,0628;-86,3325;34,5323;59,0700;151,5260;577,367;-55,722;97,337;200,000;18,1606;-22,6444;0,0000;-17,6001;-14,1961;0,1054;16,8994;331,9547;193,8848;-0,0000;-439,3524;319,4605;-489,8342;-42,8450;16;0;60,314
3,7840;21,4023;47,7065;-41,0628;-86,3708;34,5043;59,0682;151,5608;577,186;-55,427;97,564;199,986;18,8528;-22,2401;-0,0000;-18,5163;-13,5301;-0,9162;16,8104;202,0368;127,3885;0,0000;-262,6449;200,0196;-301,5804;-25,1621;16;0;60,312
3,7861;21,4414;47,6605;-41,0628;-86,4092;34,4762;59,0662;151,5957;577,004;-55,131;97,790;200,000;18,9975;-22,1167;0,0000;-18,6880;-13,3675;-1,1438;16,7951;172,7895;150,0251;-0,0000;-231,1161;209,3073;-290,4491;-43,5133;16;0;60,311
3,7882;21,4810;47,6149;-41,0628;-86,4482;34,4489;59,0634;151,6304;576,819;-54,832;98,008;199,827;19,5686;-21,6187;-0,0000;-19,4737;-12,6631;-2,1194;16,6301;243,9445;212,7890;-0,0000;-333,5507;299,9054;-415,5138;-68,4526;16;0;60,305
3,7902;21,5224;47,5709;-41,0628;-86,4898;34,4238;59,0575;151,6646;576,627;-54,519;98,199;200,000;20,0080;-21,2353;0,0000;-20,0697;-12,1252;-2,8650;16,5116;150,7249;148,3471;0,0000;-203,0978;198,2012;-266,5215;-45,8940;16;0;60,277
3,7923;21,5639;47,5270;-41,0628;-86,5314;34,3987;59,0516;151,6988;576,434;-54,206;98,391;200,000;20,1929;-21,0042;0,0000;-20,3150;-11,8421;-3,2234;16,4400;153,2576;192,0443;-0,0000;-215,9530;241,5032;-305,4272;-71,6600;16;0;60,249
3,7944;21,6061;47,4839;-41,0628;-86,5740;34,3747;59,0441;151,7327;576,238;-53,887;98,568;199,793;20,6429;-20,4398;-0,0000;-20,9643;-11,1248;-4,1302;16,2148;173,5702;217,7274;0,0000;-246,8698;274,9081;-347,5606;-83,3928;16;0;60,211
3,7964;21,6494;47,4423;-41,0628;-86,6182;34,3526;59,0344;151,7660;576,037;-53,560;98,724;200,000;20,9119;-20,1023;0,0000;-21,3376;-10,7033;-4,6631;16,0946;104,7095;152,0601;-0,0000;-146,5120;182,4395;-222,4641;-55,9973;16;0;60,158
3,7985;21,6927;47,4007;-41,0628;-86,6624;34,3304;59,0248;151,7993;575,836;-53,234;98,880;200,000;21,0766;-19,8099;-0,0000;-21,5712;-10,3691;-5,0517;15,9828;121,2838;216,1520;-0,0000;-181,5119;251,5745;-292,6917;-91,8525;16;0;60,105
3,8006;21,7367;47,3602;-41,0628;-86,7076;34,3096;59,0135;151,8322;575,632;-52,902;99,020;199,816;21,4143;-19,2069;0,0000;-22,0895;-9,6612;-5,8755;15,7141;124,3025;221,7970;0,0000;-186,4595;258,4041;-300,4202;-94,7066;16;0;60,040
3,8027;21,7814;47,3211;-41,0628;-86,7539;34,2904;59,0005;151,8644;575,425;-52,565;99,143;200,000;21,5915;-18,8911;0,0000;-22,3436;-9,2987;-6,2961;15,5905;68,5770;141,8371;-0,0000;-99,2285;157,6741;-176,8602;-56,4029;16;0;59,963
3,8047;21,8261;47,2820;-41,0628;-86,8001;34,2711;58,9874;151,8968;575,217;-52,228;99,266;200,000;21,6984;-18,6194;-0,0000;-22,5005;-9,0080;-6,6082;15,4805;83,7453;214,5580;0,0000;-134,5403;234,7425;-252,8265;-97,9915;16;0;59,887
3,8068;21,8713;47,2440;-41,0628;-86,8471;34,2531;58,9731;151,9286;575,008;-51,888;99,375;199,847;21,9384;-18,0024;0,0000;-22,9009;-8,3263;-7,3434;15,1846;91,0828;233,8572;-0,0000;-147,9642;256,6989;-276,3021;-108,4725;16;0;59,801
3,8089;21,9170;47,2074;-41,0628;-86,8950;34,2366;58,9570;151,9597;574,796;-51,544;99,466;200,000;22,0757;-17,6507;-0,0000;-23,1135;-7,9447;-7,7527;15,0311;43,3983;122,7323;-0,0000;-63,6100;129,0589;-135,0176;-49,7160;16;0;59,702
3,8109;21,9627;47,1709;-41,0628;-86,9428;34,2201;58,9410;151,9908;574,584;-51,200;99,557;200,000;22,1182;-17,4940;0,0000;-23,1644;-7,7917;-7,9027;14,9786;48,6464;185,5087;-0,0000;-84,4734;192,4693;-192,5753;-87,2969;16;0;59,603
3,8130;22,0086;47,1349;-41,0628;-86,9909;34,2043;58,9243;152,0217;574,372;-50,854;99,641;199,904;22,2772;-16,8822;-0,0000;-23,4634;-7,1474;-8,5504;14,6695;67,5029;259,4055;-0,0000;-124,6568;272,3625;-273,2512;-129,0945;16;0;59,501
3,8151;22,0550;47,1009;-41,0628;-87,0400;34,1905;58,9056;152,0516;574,157;-50,506;99,703;200,000;22,3978;-16,4194;0,0000;-23,6807;-6,6635;-9,0346;14,4439;30,0889;113,7644;0,0000;-45,0497;115,3260;-113,7094;-47,1829;16;0;59,382
3,8172;22,1014;47,0669;-41,0628;-87,0890;34,1767;58,8869;152,0815;573,943;-50,157;99,766;200,000;22,4018;-16,4110;0,0000;-23,6500;-6,6697;-9,0214;14,4741;21,5822;130,9745;-0,0000;-38,5615;128,7944;-119,2997;-59,6331;16;0;59,264
3,8192;22,1478;47,0330;-41,0628;-87,1380;34,1629;58,8682;152,1115;573,728;-49,808;99,828;200,000;22,4872;-15,8769;-0,0000;-23,8405;-6,1300;-9,5288;14,1969;43,3878;272,1820;0,0000;-97,9247;275,5612;-259,0344;-142,3304;16;0;59,147
3,8213;22,1946;47,0012;-41,0628;-87,1878;34,1513;58,8474;152,1403;573,512;-49,457;99,866;199,962;22,5816;-15,2835;0,0000;-24,0556;-5,5283;-10,0944;13,8845;25,9128;159,7576;-0,0000;-50,4822;159,0126;-147,4798;-76,8397;16;0;59,013
3,8234;22,2413;46,9696;-41,0628;-87,2376;34,1400;58,8264;152,1691;573,296;-49,105;99,901;200,000;22,5945;-15,2151;-0,0000;-24,0496;-5,4713;-10,1397;13,8786;7,7647;69,2708;-0,0000;-7,3141;63,5213;-53,5614;-24,9548;16;0;58,878
3,8254;22,2881;46,9381;-41,0628;-87,2874;34,1287;58,8054;152,1978;573,079;-48,754;99,936;200,000;22,6137;-14,9966;0,0000;-24,0859;-5,2651;-10,3163;13,7811;15,3686;189,2764;0,0000;-44,4129;183,9176;-161,1778;-97,6111;16;0;58,743
3,8275;22,3350;46,9075;-41,0628;-87,3374;34,1182;58,7836;152,2261;572,863;-48,402;99,963;199,920;22,6582;-14,4311;0,0000;-24,2335;-4,7095;-10,8074;13,4742;17,7666;222,7938;-0,0000;-55,0973;217,8527;-191,4108;-118,0483;18;0;58,602
3,8296;22,3820;46,8784;-41,0628;-87,3878;34,1092;58,7606;152,2536;572,646;-48,049;99,974;200,000;22,6873;-14,0737;-0,0000;-24,3141;-4,3627;-11,1092;13,2921;7,9385;88,9514;0,0000;-12,0554;83,3265;-69,8531;-37,6065;18;0;58,451
3,8317;22,4290;46,8492;-41,0628;-87,4381;34,1001;58,7376;152,2812;572,429;-47,697;99,985;200,000;22,6911;-14,0626;0,0000;-24,2835;-4,3643;-11,0967;13,3184;2,7115;47,8386;-0,0000;3,8542;41,1669;-30,2467;-13,4291;18;0;58,301
3,8337;22,4760;46,8201;-41,0628;-87,4884;34,0911;58,7147;152,3088;572,212;-47,344;99,996;200,000;22,6985;-13,8755;-0,0000;-24,2982;-4,1922;-11,2345;13,2365;4,0512;111,9694;-0,0000;-12,6588;104,5078;-84,9506;-52,9490;18;0;58,151
3,8358;22,5230;46,7917;-41,0628;-87,5388;34,0828;58,6911;152,3360;571,995;-46,991;100,000;199,984;22,7079;-13,5988;0,0000;-24,3359;-3,9314;-11,4486;13,0991;3,5979;91,1968;0,0000;-7,2813;84,1243;-67,1306;-40,3106;18;0;57,996
3,8379;22,5701;46,7638;-41,0628;-87,5892;34,0748;58,6672;152,3631;571,777;-46,638;100,000;200,000;22,7135;-13,4977;0,0000;-24,3283;-3,8437;-11,5126;13,0695;2,2495;27,2161;-0,0000;9,2127;21,0593;-12,4585;-1,0414;18;0;57,839
3,8399;22,6171;46,7358;-41,0628;-87,6395;34,0668;58,6434;152,3902;571,560;-46,286;100,000;200,000;22,7172;-13,4860;-0,0000;-24,2978;-3,8441;-11,5002;13,0948;1,8041;5,6501;0,0000;14,7609;-0,2112;5,9591;12,2085;18;0;57,682
3,8420;22,6642;46,7079;-41,0628;-87,6898;34,0589;58,6196;152,4173;571,343;-45,933;100,000;200,000;22,7209;-13,4743;0,0000;-24,2672;-3,8446;-11,4879;13,1201;1,8129;5,6512;-0,0000;14,7503;-0,2087;5,9584;12,2027;18;0;57,526
3,8441;22,7112;46,6800;-41,0628;-87,7401;34,0509;58,5958;152,4445;571,126;-45,580;100,000;200,000;22,7247;-13,4626;-0,0000;-24,2367;-3,8450;-11,4755;13,1454;1,8216;5,6524;-0,0000;14,7397;-0,2062;5,9577;12,1970;18;0;57,370
3,8462;22,7583;46,6521;-41,0628;-87,7902;34,0429;58,5721;152,4718;570,909;-45,227;100,000;200,000;22,7285;-13,4509;0,0000;-24,2061;-3,8454;-11,4632;13,1706;1,8302;5,6537;0,0000;14,7292;-0,2037;5,9570;12,1912;18;0;57,215
3,8482;22,8054;46,6243;-41,0628;-87,8403;34,0350;58,5483;152,4991;570,692;-44,874;100,000;200,000;22,7323;-13,4392;0,0000;-24,1756;-3,8459;-11,4509;13,1959;1,8389;5,6549;-0,0000;14,7188;-0,2011;5,9563;12,1855;18;0;57,060
3,8503;22,8525;46,5965;-41,0628;-87,8904;34,0270;58,5246;152,5264;570,475;-44,522;100,000;200,000;22,7361;-13,4275;-0,0000;-24,1452;-3,8463;-11,4385;13,2211;1,8474;5,6562;0,0000;14,7085;-0,1986;5,9556;12,1797;18;0;56,905
3,8524;22,8996;46,5687;-41,0628;-87,9403;34,0191;58,5009;152,5538;570,258;-44,169;100,000;200,000;22,7399;-13,4158;0,0000;-24,1147;-3,8467;-11,4262;13,2463;1,8560;5,6576;-0,0000;14,6982;-0,1960;5,9550;12,1739;18;0;56,751
3,8544;22,9467;46,5409;-41,0628;-87,9903;34,0111;58,4773;152,5813;570,041;-43,816;100,000;200,000;22,7438;-13,4041;-0,0000;-24,0843;-3,8471;-11,4139;13,2715;1,8645;5,6589;-0,0000;14,6880;-0,1934;5,9544;12,1681;18;0;56,597
3,8565;22,9938;46,5132;-41,0628;-88,0401;34,0031;58,4537;152,6088;569,824;-43,463;100,000;200,000;22,7476;-13,3923;0,0000;-24,0539;-3,8475;-11,4015;13,2967;1,8730;5,6603;0,0000;14,6779;-0,1908;5,9539;12,1624;18;0;56,444
3,8586;23,0409;46,4854;-41,0628;-88,0899;33,9951;58,4301;152,6364;569,606;-43,111;100,000;200,000;22,7515;-13,3806;0,0000;-24,0235;-3,8479;-11,3892;13,3219;1,8815;5,6618;-0,0000;14,6679;-0,1882;5,9533;12,1566;18;0;56,291
3,8607;23,0880;46,4577;-41,0628;-88,1396;33,9872;58,4065;152,6640;569,389;-42,758;100,000;200,000;22,7554;-13,3689;-0,0000;-23,9931;-3,8483;-11,3769;13,3471;1,8899;5,6632;0,0000;14,6579;-0,1855;5,9528;12,1508;18;0;56,138
3,8627;23,1351;46,4301;-41,0628;-88,1893;33,9792;58,3829;152,6917;569,172;-42,405;100,000;200,000;22,7594;-13,3572;0,0000;-23,9628;-3,8486;-11,3645;13,3722;1,8983;5,6647;-0,0000;14,6480;-0,1829;5,9523;12,1449;18;0;55,986
3,8648;23,1823;46,4024;-41,0628;-88,2389;33,9712;58,3594;152,7194;568,955;-42,052;100,000;200,000;22,7633;-13,3454;-0,0000;-23,9324;-3,8490;-11,3522;13,3974;1,9066;5,6663;-0,0000;14,6381;-0,1802;5,9518;12,1391;18;0;55,835
3,8669;23,2294;46,3748;-41,0628;-88,2884;33,9633;58,3359;152,7472;568,738;-41,699;100,000;200,000;22,7673;-13,3337;0,0000;-23,9021;-3,8494;-11,3399;13,4225;1,9150;5,6678;0,0000;14,6283;-0,1775;5,9514;12,1333;18;0;55,683
3,8689;23,2766;46,3472;-41,0628;-88,3379;33,9553;58,3124;152,7750;568,521;-41,347;100,000;200,000;22,7712;-13,3219;0,0000;-23,8718;-3,8498;-11,3276;13,4476;1,9232;5,6694;-0,0000;14,6186;-0,1748;5,9510;12,1274;18;0;55,533
3,8710;23,3238;46,3196;-41,0628;-88,3873;33,9473;58,2890;152,8029;568,304;-40,994;100,000;200,000;22,7752;-13,3102;-0,0000;-23,8416;-3,8501;-11,3152;13,4727;1,9315;5,6711;0,0000;14,6090;-0,1720;5,9506;12,1216;18;0;55,382
3,8731;23,3709;46,2920;-41,0628;-88,4367;33,9393;58,2656;152,8308;568,087;-40,641;100,000;200,000;22,7792;-13,2985;0,0000;-23,8113;-3,8505;-11,3029;13,4978;1,9397;5,6727;-0,0000;14,5994;-0,1693;5,9502;12,1157;18;0;55,232
3,8752;23,4181;46,2645;-41,0628;-88,4859;33,9314;58,2422;152,8588;567,870;-40,288;100,000;200,000;22,7833;-13,2867;-0,0000;-23,7811;-3,8508;-11,2906;13,5229;1,9479;5,6744;-0,0000;14,5899;-0,1665;5,9499;12,1099;18;0;55,083
3,8772;23,4653;46,2370;-41,0628;-88,5352;33,9234;58,2188;152,8868;567,653;-39,935;100,000;200,000;22,7873;-13,2749;0,0000;-23,7509;-3,8512;-11,2783;13,5480;1,9560;5,6762;0,0000;14,5804;-0,1637;5,9495;12,1040;18;0;54,934
3,8793;23,5125;46,2095;-41,0628;-88,5843;33,9154;58,1954;152,9149;567,435;-39,583;100,000;200,000;22,7914;-13,2632;0,0000;-23,7207;-3,8515;-11,2659;13,5731;1,9642;5,6779;-0,0000;14,5710;-0,1609;5,9492;12,0981;18;0;54,785
3,8814;23,5597;46,1821;-41,0628;-88,6334;33,9074;58,1721;152,9430;567,218;-39,230;100,000;200,000;22,7954;-13,2514;-0,0000;-23,6905;-3,8518;-11,2536;13,5981;1,9722;5,6797;0,0000;14,5617;-0,1581;5,9490;12,0922;18;0;54,637
3,8834;23,6069;46,1546;-41,0628;-88,6825;33,8995;58,1488;152,9712;567,001;-38,877;100,000;200,000;22,7995;-13,2397;0,0000;-23,6604;-3,8521;-11,2413;13,6232;1,9803;5,6815;-0,0000;14,5525;-0,1553;5,9487;12,0863;18;0;54,489
3,8855;23,6542;46,1272;-41,0628;-88,7314;33,8915;58,1256;152,9995;566,784;-38,524;100,000;200,000;22,8036;-13,2279;-0,0000;-23,6303;-3,8525;-11,2290;13,6482;1,9883;5,6834;-0,0000;14,5433;-0,1524;5,9485;12,0804;18;0;54,342
3,8876;23,7014;46,0998;-41,0628;-88,7803;33,8835;58,1023;153,0278;566,567;-38,172;100,000;200,000;22,8078;-13,2161;0,0000;-23,6001;-3,8528;-11,2167;13,6732;1,9963;5,6853;-0,0000;14,5342;-0,1495;5,9483;12,0745;18;0;54,196
3,8897;23,7486;46,0725;-41,0628;-88,8292;33,8755;58,0791;153,0561;566,350;-37,819;100,000;200,000;22,8119;-13,2043;-0,0000;-23,5700;-3,8531;-11,2043;13,6982;2,0042;5,6872;-0,0000;14,5251;-0,1466;5,9481;12,0686;18;0;54,049
3,8917;23,7959;46,0451;-41,0628;-88,8780;33,8675;58,0559;153,0845;566,133;-37,466;100,000;200,000;22,8161;-13,1926;0,0000;-23,5400;-3,8534;-11,1920;13,7232;2,0121;5,6891;0,0000;14,5161;-0,1437;5,9479;12,0626;18;0;53,903
3,8938;23,8432;46,0178;-41,0628;-88,9267;33,8596;58,0327;153,1130;565,916;-37,113;100,000;200,000;22,8202;-13,1808;0,0000;-23,5099;-3,8537;-11,1797;13,7482;2,0200;5,6911;-0,0000;14,5072;-0,1408;5,9478;12,0567;18;0;53,758
3,8959;23,8904;45,9905;-41,0628;-88,9754;33,8516;58,0096;153,1415;565,699;-36,760;100,000;200,000;22,8244;-13,1690;-0,0000;-23,4799;-3,8540;-11,1674;13,7731;2,0278;5,6931;0,0000;14,4983;-0,1379;5,9477;12,0507;18;0;53,613
3,8979;23,9377;45,9633;-41,0628;-89,0240;33,8436;57,9865;153,1700;565,482;-36,408;100,000;200,000;22,8286;-13,1572;0,0000;-23,4499;-3,8543;-11,1551;13,7981;2,0356;5,6952;-0,0000;14,4896;-0,1349;5,9476;12,0447;18;0;53,469
3,9000;23,9850;45,9360;-41,0628;-89,0725;33,8356;57,9634;153,1986;565,265;-36,055;100,000;200,000;22,8329;-13,1454;-0,0000;-23,4199;-3,8545;-11,1427;13,8230;2,0434;5,6973;-0,0000;14,4808;-0,1319;5,9476;12,0387;18;0;53,325
3,9021;24,0323;45,9088;-41,0628;-89,1210;33,8276;57,9403;153,2273;565,047;-35,702;100,000;200,000;22,8371;-13,1336;0,0000;-23,3899;-3,8548;-11,1304;13,8480;2,0512;5,6994;0,0000;14,4722;-0,1289;5,9475;12,0327;18;0;53,182
3,9042;24,0796;45,8816;-41,0628;-89,1694;33,8196;57,9173;153,2560;564,830;-35,349;100,000;200,000;22,8414;-13,1218;0,0000;-23,3599;-3,8551;-11,1181;13,8729;2,0589;5,7015;-0,0000;14,4635;-0,1259;5,9475;12,0267;18;0;53,039
3,9062;24,1269;45,8545;-41,0628;-89,2177;33,8117;57,8943;153,2847;564,613;-34,996;100,000;200,000;22,8456;-13,1100;-0,0000;-23,3300;-3,8553;-11,1058;13,8978;2,0665;5,7037;0,0000;14,4550;-0,1229;5,9475;12,0207;18;0;52,897
3,9083;24,1742;45,8273;-41,0628;-89,2660;33,8037;57,8713;153,3136;564,396;-34,644;100,000;200,000;22,8499;-13,0982;0,0000;-23,3000;-3,8556;-11,0935;13,9227;2,0742;5,7059;-0,0000;14,4465;-0,1198;5,9475;12,0147;18;0;52,755
3,9104;24,2216;45,8002;-41,0628;-89,3143;33,7957;57,8483;153,3424;564,179;-34,291;100,000;200,000;22,8542;-13,0863;-0,0000;-23,2701;-3,8558;-11,0811;13,9475;2,0818;5,7081;-0,0000;14,4381;-0,1168;5,9476;12,0086;18;0;52,614
3,9124;24,2689;45,7731;-41,0628;-89,3624;33,7877;57,8254;153,3713;563,962;-33,938;100,000;200,000;22,8586;-13,0745;0,0000;-23,2402;-3,8561;-11,0688;13,9724;2,0893;5,7104;0,0000;14,4298;-0,1137;5,9477;12,0026;18;0;52,473
3,9145;24,3162;45,7460;-41,0628;-89,4105;33,7797;57,8025;153,4003;563,745;-33,585;100,000;200,000;22,8629;-13,0627;0,0000;-23,2103;-3,8563;-11,0565;13,9973;2,0969;5,7126;-0,0000;14,4215;-0,1106;5,9478;11,9965;18;0;52,333
3,9166;24,3636;45,7190;-41,0628;-89,4586;33,7717;57,7796;153,4293;563,528;-33,233;100,000;200,000;22,8672;-13,0509;-0,0000;-23,1805;-3,8565;-11,0442;14,0221;2,1044;5,7150;0,0000;14,4132;-0,1075;5,9479;11,9904;18;0;52,193
3,9186;24,4110;45,6920;-41,0628;-89,5065;33,7637;57,7567;153,4584;563,311;-32,880;100,000;200,000;22,8716;-13,0390;0,0000;-23,1506;-3,8567;-11,0319;14,0469;2,1119;5,7173;-0,0000;14,4051;-0,1043;5,9480;11,9843;18;0;52,054
3,9207;24,4583;45,6650;-41,0628;-89,5545;33,7557;57,7339;153,4875;563,094;-32,527;100,000;200,000;22,8760;-13,0272;-0,0000;-23,1208;-3,8569;-11,0196;14,0717;2,1193;5,7197;-0,0000;14,3970;-0,1012;5,9482;11,9782;18;0;51,915
3,9228;24,5057;45,6380;-41,0628;-89,6023;33,7478;57,7111;153,5167;562,876;-32,174;100,000;200,000;22,8804;-13,0153;0,0000;-23,0910;-3,8572;-11,0072;14,0966;2,1267;5,7221;0,0000;14,3889;-0,0980;5,9484;11,9721;18;0;51,777
3,9249;24,5531;45,6111;-41,0628;-89,6501;33,7398;57,6883;153,5459;562,659;-31,821;100,000;200,000;22,8848;-13,0035;0,0000;-23,0612;-3,8574;-10,9949;14,1213;2,1341;5,7245;-0,0000;14,3809;-0,0948;5,9486;11,9659;18;0;51,639
3,9269;24,6005;45,5842;-41,0628;-89,6978;33,7318;57,6655;153,5752;562,442;-31,469;100,000;200,000;22,8892;-12,9916;-0,0000;-23,0314;-3,8575;-10,9826;14,1461;2,1414;5,7270;0,0000;14,3730;-0,0916;5,9488;11,9598;18;0;51,502
3,9290;24,6479;45,5573;-41,0628;-89,7455;33,7238;57,6428;153,6045;562,225;-31,116;100,000;200,000;22,8937;-12,9797;0,0000;-23,0017;-3,8577;-10,9703;14,1709;2,1487;5,7295;-0,0000;14,3651;-0,0884;5,9490;11,9536;18;0;51,366
3,9311;24,6954;45,5304;-41,0628;-89,7931;33,7158;57,6201;153,6339;562,008;-30,763;100,000;200,000;22,8981;-12,9679;-0,0000;-22,9719;-3,8579;-10,9580;14,1956;2,1560;5,7321;-0,0000;14,3573;-0,0851;5,9493;11,9475;18;0;51,230
3,9331;24,7428;45,5035;-41,0628;-89,8407;33,7078;57,5974;153,6633;561,791;-30,410;100,000;200,000;22,9026;-12,9560;0,0000;-22,9422;-3,8581;-10,9456;14,2204;2,1632;5,7346;0,0000;14,3496;-0,0818;5,9496;11,9413;18;0;51,095
3,9352;24,7902;45,4767;-41,0628;-89,8882;33,6998;57,5747;153,6928;561,574;-30,057;100,000;200,000;22,9071;-12,9441;0,0000;-22,9125;-3,8582;-10,9333;14,2451;2,1704;5,7372;-0,0000;14,3419;-0,0786;5,9499;11,9351;18;0;50,960
3,9373;24,8377;45,4499;-41,0628;-89,9356;33,6918;57,5521;153,7223;561,357;-29,705;100,000;200,000;22,9116;-12,9322;-0,0000;-22,8828;-3,8584;-10,9210;14,2698;2,1775;5,7398;0,0000;14,3342;-0,0753;5,9502;11,9288;18;0;50,826
3,9394;24,8851;45,4232;-41,0628;-89,9830;33,6838;57,5295;153,7519;561,140;-29,352;100,000;200,000;22,9161;-12,9203;0,0000;-22,8531;-3,8586;-10,9087;14,2945;2,1847;5,7425;-0,0000;14,3267;-0,0719;5,9506;11,9226;18;0;50,696
3,9414;24,9326;45,3964;-41,0628;-90,0303;33,6758;57,5069;153,7815;560,923;-28,999;100,000;200,000;22,9206;-12,9084;-0,0000;-22,8234;-3,8587;-10,8963;14,3192;2,1918;5,7451;-0,0000;14,3192;-0,0686;5,9510;11,9164;18;0;50,569
3,9435;24,9801;45,3697;-41,0628;-90,0775;33,6679;57,4844;153,8112;560,705;-28,646;100,000;200,000;22,9252;-12,8965;0,0000;-22,7938;-3,8588;-10,8840;14,3439;2,1988;5,7479;0,0000;14,3117;-0,0653;5,9514;11,9101;18;0;50,445
3,9456;25,0276;45,3430;-41,0628;-90,1247;33,6599;57,4618;153,8409;560,488;-28,294;100,000;200,000;22,9297;-12,8846;0,0000;-22,7642;-3,8590;-10,8717;14,3685;2,2059;5,7506;-0,0000;14,3043;-0,0619;5,9518;11,9038;18;0;50,323
3,9476;25,0751;45,3163;-41,0628;-90,1718;33,6519;57,4393;153,8707;560,271;-27,941;100,000;200,000;22,9343;-12,8727;-0,0000;-22,7345;-3,8591;-10,8594;14,3932;2,2129;5,7534;0,0000;14,2970;-0,0585;5,9522;11,8975;18;0;50,205
3,9497;25,1226;45,2897;-41,0628;-90,2188;33,6439;57,4169;153,9005;560,054;-27,588;100,000;200,000;22,9389;-12,8608;0,0000;-22,7049;-3,8592;-10,8470;14,4178;2,2198;5,7561;-0,0000;14,2897;-0,0551;5,9527;11,8912;18;0;50,091
3,9518;25,1701;45,2630;-41,0628;-90,2658;33,6359;57,3944;153,9304;559,837;-27,235;100,000;200,000;22,9435;-12,8489;-0,0000;-22,6754;-3,8593;-10,8347;14,4424;2,2268;5,7590;-0,0000;14,2825;-0,0517;5,9531;11,8849;18;0;49,979
3,9539;25,2176;45,2364;-41,0628;-90,3128;33,6279;57,3720;153,9604;559,620;-26,882;100,000;200,000;22,9481;-12,8369;0,0000;-22,6458;-3,8594;-10,8224;14,4670;2,2336;5,7618;0,0000;14,2753;-0,0482;5,9536;11,8786;18;0;49,870
3,9559;25,2651;45,2099;-41,0628;-90,3596;33,6199;57,3496;153,9904;559,403;-26,530;100,000;200,000;22,9528;-12,8250;0,0000;-22,6162;-3,8595;-10,8100;14,4916;2,2405;5,7647;-0,0000;14,2682;-0,0448;5,9542;11,8722;18;0;49,765
3,9580;25,3127;45,1833;-41,0628;-90,4065;33,6119;57,3272;154,0204;559,186;-26,177;100,000;200,000;22,9574;-12,8131;-0,0000;-22,5867;-3,8596;-10,7977;14,5162;2,2473;5,7676;0,0000;14,2612;-0,0413;5,9547;11,8658;18;0;49,663
3,9601;25,3602;45,1568;-41,0628;-90,4532;33,6039;57,3048;154,0505;558,969;-25,824;100,000;200,000;22,9621;-12,8011;0,0000;-22,5571;-3,8597;-10,7854;14,5408;2,2541;5,7705;-0,0000;14,2542;-0,0378;5,9553;11,8595;18;0;49,564
3,9621;25,4078;45,1303;-41,0628;-90,4999;33,5959;57,2825;154,0806;558,752;-25,471;100,000;200,000;22,9668;-12,7892;-0,0000;-22,5276;-3,8598;-10,7730;14,5654;2,2609;5,7735;-0,0000;14,2472;-0,0343;5,9558;11,8531;18;0;49,469
3,9642;25,4554;45,1038;-41,0628;-90,5465;33,5879;57,2602;154,1108;558,534;-25,118;100,000;200,000;22,9714;-12,7772;0,0000;-22,4981;-3,8598;-10,7607;14,5899;2,2676;5,7765;-0,0000;14,2403;-0,0307;5,9564;11,8466;18;0;49,377
3,9663;25,5030;45,0774;-41,0628;-90,5931;33,5799;57,2379;154,1411;558,317;-24,766;100,000;200,000;22,9761;-12,7652;-0,0000;-22,4686;-3,8599;-10,7484;14,6144;2,2743;5,7795;-0,0000;14,2335;-0,0272;5,9571;11,8402;18;0;49,288
3,9684;25,5506;45,0509;-41,0628;-90,6396;33,5719;57,2157;154,1714;558,100;-24,413;100,000;200,000;22,9809;-12,7533;0,0000;-22,4392;-3,8600;-10,7360;14,6389;2,2810;5,7826;0,0000;14,2268;-0,0236;5,9577;11,8338;18;0;49,202
3,9704;25,5982;45,0245;-41,0628;-90,6860;33,5639;57,1935;154,2017;557,883;-24,060;100,000;200,000;22,9856;-12,7413;0,0000;-22,4097;-3,8600;-10,7237;14,6634;2,2876;5,7857;-0,0000;14,2200;-0,0200;5,9583;11,8273;18;0;49,120
3,9725;25,6458;44,9981;-41,0628;-90,7324;33,5559;57,1713;154,2321;557,666;-23,707;100,000;200,000;22,9903;-12,7293;-0,0000;-22,3803;-3,8600;-10,7113;14,6879;2,2942;5,7888;0,0000;14,2134;-0,0164;5,9590;11,8208;18;0;49,041
3,9746;25,6934;44,9718;-41,0628;-90,7788;33,5479;57,1491;154,2626;557,449;-23,355;100,000;200,000;22,9951;-12,7173;0,0000;-22,3508;-3,8601;-10,6990;14,7124;2,3007;5,7919;-0,0000;14,2068;-0,0128;5,9597;11,8143;18;0;48,965
3,9766;25,7410;44,9455;-41,0628;-90,8250;33,5400;57,1270;154,2931;557,232;-23,002;100,000;200,000;22,9999;-12,7053;-0,0000;-22,3214;-3,8601;-10,6866;14,7369;2,3073;5,7951;-0,0000;14,2002;-0,0092;5,9604;11,8078;18;0;48,893
3,9787;25,7887;44,9192;-41,0628;-90,8712;33,5320;57,1048;154,3236;557,015;-22,649;100,000;200,000;23,0047;-12,6933;0,0000;-22,2920;-3,8601;-10,6743;14,7613;2,3137;5,7982;0,0000;14,1937;-0,0055;5,9612;11,8012;18;0;48,825
3,9808;25,8363;44,8929;-41,0628;-90,9174;33,5240;57,0827;154,3542;556,798;-22,296;100,000;200,000;23,0095;-12,6813;0,0000;-22,2626;-3,8601;-10,6620;14,7858;2,3202;5,8015;-0,0000;14,1873;-0,0018;5,9619;11,7947;18;0;48,759
3,9829;25,8840;44,8666;-41,0628;-90,9634;33,5160;57,0607;154,3848;556,581;-21,943;100,000;200,000;23,0143;-12,6693;-0,0000;-22,2332;-3,8601;-10,6496;14,8102;2,3266;5,8047;0,0000;14,1809;0,0019;5,9627;11,7881;18;0;48,697
3,9849;25,9316;44,8404;-41,0628;-91,0095;33,5080;57,0386;154,4155;556,363;-21,591;100,000;200,000;23,0191;-12,6572;0,0000;-22,2039;-3,8601;-10,6373;14,8346;2,3330;5,8080;-0,0000;14,1746;0,0056;5,9635;11,7815;18;0;48,639
3,9870;25,9793;44,8142;-41,0628;-91,0554;33,5000;57,0166;154,4463;556,146;-21,238;100,000;200,000;23,0239;-12,6452;-0,0000;-22,1745;-3,8601;-10,6249;14,8590;2,3394;5,8113;-0,0000;14,1683;0,0093;5,9643;11,7749;18;0;48,584
3,9891;26,0270;44,7880;-41,0628;-91,1013;33,4920;56,9946;154,4771;555,929;-20,885;100,000;200,000;23,0288;-12,6332;0,0000;-22,1452;-3,8601;-10,6126;14,8834;2,3457;5,8146;0,0000;14,1621;0,0131;5,9651;11,7683;18;0;48,533
3,9911;26,0747;44,7619;-41,0628;-91,1471;33,4840;56,9726;154,5079;555,712;-20,532;100,000;200,000;23,0337;-12,6211;0,0000;-22,1159;-3,8600;-10,6002;14,9077;2,3520;5,8180;-0,0000;14,1559;0,0168;5,9660;11,7616;18;0;48,485
3,9932;26,1224;44,7357;-41,0628;-91,1929;33,4760;56,9507;154,5388;555,495;-20,179;100,000;200,000;23,0385;-12,6091;-0,0000;-22,0866;-3,8600;-10,5878;14,9321;2,3582;5,8213;0,0000;14,1498;0,0206;5,9668;11,7550;18;0;48,440
3,9953;26,1702;44,7096;-41,0628;-91,2386;33,4680;56,9288;154,5698;555,278;-19,827;100,000;200,000;23,0434;-12,5970;0,0000;-22,0572;-3,8600;-10,5755;14,9564;2,3645;5,8247;-0,0000;14,1437;0,0244;5,9677;11,7483;18;0;48,399
3,9974;26,2179;44,6836;-41,0628;-91,2843;33,4600;56,9069;154,6008;555,061;-19,474;100,000;200,000;23,0483;-12,5849;-0,0000;-22,0280;-3,8599;-10,5631;14,9808;2,3706;5,8282;-0,0000;14,1377;0,0282;5,9686;11,7416;18;0;48,362
3,9994;26,2656;44,6575;-41,0628;-91,3299;33,4520;56,8850;154,6319;554,844;-19,121;100,000;200,000;23,0532;-12,5729;0,0000;-21,9987;-3,8598;-10,5508;15,0051;2,3768;5,8316;0,0000;14,1317;0,0321;5,9695;11,7349;18;0;48,328
4,0015;26,3134;44,6315;-41,0628;-91,3754;33,4440;56,8632;154,6630;554,627;-18,768;100,000;200,000;23,0582;-12,5608;0,0000;-21,9694;-3,8598;-10,5384;15,0294;2,3829;5,8351;0,0000;14,1258;0,0359;5,9705;11,7281;18;0;48,297
4,0036;26,3611;44,6055;-41,0628;-91,4209;33,4360;56,8414;154,6941;554,410;-18,416;100,000;200,000;23,0631;-12,5487;0,0000;-21,9402;-3,8597;-10,5260;15,0536;2,3890;5,8386;0,0000;14,1200;0,0398;5,9714;11,7214;18;0;48,270
4,0056;26,4089;44,5795;-41,0628;-91,4663;33,4280;56,8196;154,7253;554,192;-18,063;100,000;200,000;23,0681;-12,5366;0,0000;-21,9109;-3,8596;-10,5137;15,0779;2,3950;5,8422;0,0000;14,1142;0,0437;5,9724;11,7146;18;0;48,247
4,0077;26,4567;44,5536;-41,0628;-91,5116;33,4200;56,7978;154,7566;553,975;-17,710;100,000;200,000;23,0730;-12,5245;0,0000;-21,8817;-3,8595;-10,5013;15,1022;2,4011;5,8457;0,0000;14,1084;0,0476;5,9734;11,7078;18;0;48,227
4,0098;26,5045;44,5276;-41,0628;-91,5569;33,4120;56,7761;154,7879;553,758;-17,357;100,000;200,000;23,0780;-12,5124;0,0000;-21,8525;-3,8594;-10,4889;15,1264;2,4070;5,8493;0,0000;14,1027;0,0516;5,9744;11,7010;18;0;48,211
4,0119;26,5523;44,5017;-41,0628;-91,6022;33,4040;56,7544;154,8192;553,541;-17,004;100,000;200,000;23,0830;-12,5003;0,0000;-21,8233;-3,8593;-10,4765;15,1506;2,4130;5,8530;0,0000;14,0971;0,0555;5,9754;11,6941;18;0;48,198
4,0139;26,6001;44,4758;-41,0628;-91,6473;33,3961;56,7327;154,8506;553,324;-16,652;100,000;200,000;23,0880;-12,4881;0,0000;-21,7941;-3,8592;-10,4642;15,1749;2,4189;5,8566;0,0000;14,0915;0,0595;5,9765;11,6873;18;0;48,189
4,0160;26,6479;44,4500;-41,0628;-91,6924;33,3881;56,7110;154,8821;553,107;-16,299;100,000;200,000;23,0930;-12,4760;0,0000;-21,7649;-3,8590;-10,4518;15,1991;2,4248;5,8603;0,0000;14,0859;0,0635;5,9775;11,6804;18;0;48,184
4,0181;26,6958;44,4242;-41,0628;-91,7375;33,3801;56,6894;154,9136;552,890;-15,946;100,000;200,000;23,0980;-12,4639;0,0000;-21,7357;-3,8589;-10,4394;15,2232;2,4306;5,8640;0,0000;14,0804;0,0675;5,9786;11,6735;18;0;48,182
4,0201;26,7436;44,3984;-41,0628;-91,7825;33,3721;56,6678;154,9451;552,673;-15,593;100,000;200,000;23,1031;-12,4517;0,0000;-21,7066;-3,8588;-10,4270;15,2474;2,4364;5,8677;0,0000;14,0750;0,0715;5,9797;11,6666;18;0;48,183
4,0222;26,7915;44,3726;-41,0628;-91,8274;33,3641;56,6462;154,9768;552,456;-15,240;100,000;200,000;23,1081;-12,4396;0,0000;-21,6774;-3,8586;-10,4146;15,2716;2,4422;5,8715;0,0000;14,0696;0,0755;5,9808;11,6596;18;0;48,188
4,0243;26,8393;44,3468;-41,0628;-91,8723;33,3561;56,6246;155,0084;552,239;-14,888;100,000;200,000;23,1132;-12,4274;0,0000;-21,6483;-3,8585;-10,4022;15,2957;2,4480;5,8752;0,0000;14,0642;0,0796;5,9820;11,6527;18;0;48,197
4,0263;26,8872;44,3211;-41,0628;-91,9171;33,3481;56,6031;155,0401;552,021;-14,535;100,000;200,000;23,1183;-12,4152;0,0000;-21,6192;-3,8583;-10,3898;15,3198;2,4537;5,8790;0,0000;14,0589;0,0837;5,9831;11,6457;18;0;48,209
4,0284;26,9351;44,2954;-41,0628;-91,9618;33,3401;56,5816;155,0719;551,804;-14,182;100,000;200,000;23,1234;-12,4030;0,0000;-21,5901;-3,8581;-10,3775;15,3439;2,4594;5,8829;0,0000;14,0537;0,0878;5,9843;11,6387;18;0;48,225
4,0305;26,9830;44,2697;-41,0628;-92,0065;33,3321;56,5601;155,1037;551,587;-13,829;100,000;200,000;23,1285;-12,3909;0,0000;-21,5610;-3,8579;-10,3651;15,3680;2,4650;5,8867;0,0000;14,0485;0,0919;5,9855;11,6317;18;0;48,244
4,0326;27,0309;44,2441;-41,0628;-92,0511;33,3241;56,5387;155,1355;551,370;-13,477;100,000;200,000;23,1336;-12,3787;0,0000;-21,5319;-3,8577;-10,3527;15,3921;2,4706;5,8906;0,0000;14,0433;0,0960;5,9867;11,6246;18;0;48,267
4,0346;27,0788;44,2185;-41,0628;-92,0957;33,3161;56,5172;155,1674;551,153;-13,124;100,000;200,000;23,1387;-12,3665;0,0000;-21,5028;-3,8575;-10,3403;15,4162;2,4762;5,8945;0,0000;14,0382;0,1002;5,9879;11,6176;18;0;48,293
4,0367;27,1268;44,1929;-41,0628;-92,1402;33,3081;56,4958;155,1994;550,936;-12,771;100,000;200,000;23,1438;-12,3542;0,0000;-21,4737;-3,8573;-10,3279;15,4403;2,4817;5,8984;0,0000;14,0332;0,1043;5,9891;11,6105;18;0;48,323
4,0388;27,1747;44,1673;-41,0628;-92,1847;33,3002;56,4745;155,2314;550,719;-12,418;100,000;200,000;23,1490;-12,3420;0,0000;-21,4447;-3,8571;-10,3155;15,4643;2,4872;5,9024;0,0000;14,0282;0,1085;5,9904;11,6034;18;0;48,357
4,0408;27,2226;44,1417;-41,0628;-92,2290;33,2922;56,4531;155,2634;550,502;-12,065;100,000;200,000;23,1541;-12,3298;0,0000;-21,4156;-3,8569;-10,3030;15,4883;2,4927;5,9064;0,0000;14,0232;0,1127;5,9916;11,5962;18;0;48,394
4,0429;27,2706;44,1162;-41,0628;-92,2734;33,2842;56,4318;155,2955;550,285;-11,713;100,000;200,000;23,1593;-12,3176;0,0000;-21,3866;-3,8566;-10,2906;15,5123;2,4981;5,9104;0,0000;14,0183;0,1169;5,9929;11,5891;18;0;48,434
4,0450;27,3186;44,0907;-41,0628;-92,3176;33,2762;56,4105;155,3277;550,068;-11,360;100,000;200,000;23,1645;-12,3053;0,0000;-21,3576;-3,8564;-10,2782;15,5363;2,5036;5,9144;0,0000;14,0135;0,1212;5,9942;11,5819;18;0;48,478
4,0471;27,3666;44,0652;-41,0628;-92,3618;33,2682;56,3892;155,3599;549,850;-11,007;100,000;200,000;23,1697;-12,2931;0,0000;-21,3285;-3,8561;-10,2658;15,5603;2,5089;5,9185;0,0000;14,0087;0,1254;5,9955;11,5747;18;0;48,526
4,0491;27,4146;44,0398;-41,0628;-92,4060;33,2602;56,3680;155,3922;549,633;-10,654;100,000;200,000;23,1749;-12,2808;0,0000;-21,2995;-3,8559;-10,2534;15,5843;2,5143;5,9225;0,0000;14,0039;0,1297;5,9968;11,5675;18;0;48,577
4,0512;27,4626;44,0144;-41,0628;-92,4501;33,2522;56,3467;155,4245;549,416;-10,301;100,000;200,000;23,1801;-12,2685;0,0000;-21,2705;-3,8556;-10,2410;15,6082;2,5196;5,9266;0,0000;13,9992;0,1340;5,9982;11,5602;18;0;48,632
4,0533;27,5106;43,9890;-41,0628;-92,4941;33,2443;56,3255;155,4568;549,199;-9,949;100,000;200,000;23,1853;-12,2562;0,0000;-21,2415;-3,8553;-10,2285;15,6322;2,5248;5,9308;0,0000;13,9945;0,1383;5,9996;11,5530;18;0;48,689
4,0553;27,5586;43,9636;-41,0628;-92,5381;33,2363;56,3044;155,4892;548,982;-9,596;100,000;200,000;23,1906;-12,2440;0,0000;-21,2126;-3,8550;-10,2161;15,6561;2,5301;5,9349;0,0000;13,9899;0,1427;6,0009;11,5457;18;0;48,751
4,0574;27,6066;43,9382;-41,0628;-92,5820;33,2283;56,2832;155,5217;548,765;-9,243;100,000;200,000;23,1958;-12,2317;0,0000;-21,1836;-3,8547;-10,2037;15,6800;2,5353;5,9391;0,0000;13,9853;0,1470;6,0023;11,5383;18;0;48,816
4,0595;27,6547;43,9129;-41,0628;-92,6258;33,2203;56,2621;155,5542;548,548;-8,890;100,000;200,000;23,2011;-12,2194;0,0000;-21,1546;-3,8544;-10,1912;15,7039;2,5404;5,9433;0,0000;13,9808;0,1514;6,0037;11,5310;18;0;48,884
4,0616;27,7027;43,8876;-41,0628;-92,6696;33,2123;56,2410;155,5867;548,331;-8,538;100,000;200,000;23,2063;-12,2070;0,0000;-21,1257;-3,8541;-10,1788;15,7277;2,5456;5,9475;0,0000;13,9763;0,1558;6,0052;11,5236;18;0;48,956
4,0636;27,7508;43,8624;-41,0628;-92,7133;33,2043;56,2199;155,6193;548,114;-8,185;100,000;200,000;23,2116;-12,1947;0,0000;-21,0967;-3,8538;-10,1664;15,7516;2,5507;5,9518;0,0000;13,9719;0,1602;6,0066;11,5163;18;0;49,031
4,0657;27,7989;43,8371;-41,0628;-92,7570;33,1964;56,1989;155,6520;547,897;-7,832;100,000;200,000;23,2169;-12,1824;0,0000;-21,0678;-3,8534;-10,1539;15,7755;2,5557;5,9561;0,0000;13,9675;0,1646;6,0081;11,5088;18;0;49,109
4,0678;27,8470;43,8119;-41,0628;-92,8006;33,1884;56,1779;155,6847;547,680;-7,479;100,000;200,000;23,2222;-12,1700;0,0000;-21,0389;-3,8531;-10,1415;15,7993;2,5608;5,9604;0,0000;13,9632;0,1690;6,0095;11,5014;18;0;49,191
4,0698;27,8951;43,7867;-41,0628;-92,8441;33,1804;56,1569;155,7174;547,462;-7,126;100,000;200,000;23,2275;-12,1577;0,0000;-21,0100;-3,8527;-10,1290;15,8231;2,5657;5,9647;0,0000;13,9589;0,1735;6,0110;11,4940;18;0;49,276
4,0719;27,9432;43,7615;-41,0628;-92,8876;33,1724;56,1359;155,7502;547,245;-6,774;100,000;200,000;23,2328;-12,1453;0,0000;-20,9810;-3,8524;-10,1166;15,8469;2,5707;5,9690;0,0000;13,9546;0,1780;6,0125;11,4865;18;0;49,365
4,0740;27,9913;43,7364;-41,0628;-92,9310;33,1644;56,1150;155,7831;547,028;-6,421;100,000;200,000;23,2381;-12,1330;0,0000;-20,9521;-3,8520;-10,1041;15,8707;2,5756;5,9734;0,0000;13,9504;0,1825;6,0140;11,4790;18;0;49,456
4,0761;28,0395;43,7113;-41,0628;-92,9744;33,1565;56,0941;155,8159;546,811;-6,068;100,000;200,000;23,2435;-12,1206;0,0000;-20,9233;-3,8516;-10,0917;15,8944;2,5805;5,9778;0,0000;13,9463;0,1870;6,0156;11,4714;18;0;49,552
4,0781;28,0876;43,6862;-41,0628;-93,0177;33,1485;56,0732;155,8489;546,594;-5,715;100,000;200,000;23,2488;-12,1082;0,0000;-20,8944;-3,8512;-10,0792;15,9182;2,5854;5,9822;0,0000;13,9422;0,1915;6,0171;11,4639;18;0;49,650
4,0802;28,1358;43,6611;-41,0628;-93,0610;33,1405;56,0523;155,8819;546,377;-5,362;100,000;200,000;23,2542;-12,0958;0,0000;-20,8655;-3,8508;-10,0667;15,9419;2,5902;5,9867;0,0000;13,9381;0,1961;6,0187;11,4563;18;0;49,751
4,0823;28,1839;43,6361;-41,0628;-93,1041;33,1325;56,0315;155,9149;546,160;-5,010;100,000;200,000;23,2596;-12,0834;0,0000;-20,8366;-3,8504;-10,0543;15,9656;2,5950;5,9911;0,0000;13,9341;0,2006;6,0203;11,4487;18;0;49,856
4,0843;28,2321;43,6111;-41,0628;-93,1473;33,1246;56,0107;155,9480;545,943;-4,657;100,000;200,000;23,2649;-12,0710;0,0000;-20,8078;-3,8500;-10,0418;15,9894;2,5997;5,9956;0,0000;13,9301;0,2052;6,0218;11,4411;18;0;49,964
4,0864;28,2803;43,5861;-41,0628;-93,1903;33,1166;55,9899;155,9812;545,726;-4,304;100,000;200,000;23,2703;-12,0586;0,0000;-20,7789;-3,8495;-10,0293;16,0130;2,6045;6,0001;0,0000;13,9262;0,2098;6,0234;11,4334;18;0;50,076
4,0885;28,3285;43,5611;-41,0628;-93,2333;33,1086;55,9691;156,0144;545,509;-3,951;100,000;200,000;23,2757;-12,0461;0,0000;-20,7501;-3,8491;-10,0169;16,0367;2,6091;6,0047;0,0000;13,9223;0,2145;6,0251;11,4257;18;0;50,190
4,0906;28,3767;43,5362;-41,0628;-93,2763;33,1006;55,9484;156,0476;545,291;-3,599;100,000;200,000;23,2811;-12,0337;0,0000;-20,7213;-3,8487;-10,0044;16,0604;2,6138;6,0092;0,0000;13,9184;0,2191;6,0267;11,4180;18;0;50,308
4,0926;28,4249;43,5113;-41,0628;-93,3192;33,0927;55,9277;156,0809;545,074;-3,246;100,000;200,000;23,2866;-12,0212;0,0000;-20,6924;-3,8482;-9,9919;16,0840;2,6184;6,0138;0,0000;13,9146;0,2238;6,0284;11,4103;18;0;50,428
4,0947;28,4732;43,4864;-41,0628;-93,3620;33,0847;55,9070;156,1142;544,857;-2,893;100,000;200,000;23,2920;-12,0088;0,0000;-20,6636;-3,8477;-9,9794;16,1076;2,6230;6,0184;0,0000;13,9109;0,2285;6,0300;11,4025;18;0;50,552
4,0968;28,5214;43,4615;-41,0628;-93,4048;33,0767;55,8863;156,1476;544,640;-2,540;100,000;200,000;23,2974;-11,9963;0,0000;-20,6348;-3,8473;-9,9669;16,1312;2,6275;6,0231;0,0000;13,9072;0,2331;6,0317;11,3948;18;0;50,679
4,0988;28,5697;43,4367;-41,0628;-93,4475;33,0688;55,8657;156,1810;544,423;-2,187;100,000;200,000;23,3029;-11,9838;0,0000;-20,6060;-3,8468;-9,9544;16,1548;2,6320;6,0277;0,0000;13,9035;0,2379;6,0334;11,3870;18;0;50,809
4,1009;28,6180;43,4119;-41,0628;-93,4901;33,0608;55,8451;156,2145;544,206;-1,835;100,000;200,000;23,3083;-11,9713;0,0000;-20,5772;-3,8463;-9,9419;16,1784;2,6365;6,0324;0,0000;13,8999;0,2426;6,0351;11,3791;18;0;50,942
4,1030;28,6662;43,3871;-41,0628;-93,5327;33,0528;55,8245;156,2481;543,989;-1,482;100,000;200,000;23,3138;-11,9588;0,0000;-20,5484;-3,8458;-9,9294;16,2020;2,6410;6,0371;0,0000;13,8963;0,2474;6,0368;11,3713;18;0;51,078
4,1051;28,7145;43,3623;-41,0628;-93,5753;33,0449;55,8040;156,2816;543,772;-1,129;100,000;200,000;23,3193;-11,9463;0,0000;-20,5197;-3,8452;-9,9169;16,2255;2,6454;6,0418;0,0000;13,8927;0,2521;6,0385;11,3634;18;0;51,217
4,1071;28,7628;43,3376;-41,0628;-93,6177;33,0369;55,7834;156,3153;543,555;-0,776;100,000;200,000;23,3248;-11,9338;0,0000;-20,4909;-3,8447;-9,9044;16,2490;2,6497;6,0466;0,0000;13,8892;0,2569;6,0403;11,3555;18;0;51,359
4,1092;28,8111;43,3129;-41,0628;-93,6601;33,0289;55,7629;156,3489;543,338;-0,423;100,000;200,000;23,3302;-11,9213;0,0000;-20,4621;-3,8442;-9,8919;16,2726;2,6541;6,0513;0,0000;13,8858;0,2617;6,0421;11,3475;18;0;51,504
4,1113;28,8595;43,2882;-41,0628;-93,7025;33,0210;55,7425;156,3827;543,120;-0,071;100,000;200,000;23,3357;-11,9088;0,0000;-20,4334;-3,8436;-9,8794;16,2960;2,6584;6,0561;0,0000;13,8824;0,2665;6,0438;11,3396;18;0;51,652
4,1133;28,9078;43,2636;-41,0628;-93,7448;33,0130;55,7220;156,4165;542,903;0,282;100,000;200,000;23,3413;-11,8962;0,0000;-20,4046;-3,8431;-9,8669;16,3195;2,6627;6,0609;0,0000;13,8790;0,2714;6,0456;11,3316;18;0;51,803
4,1154;28,9562;43,2390;-41,0628;-93,7870;33,0051;55,7016;156,4503;542,686;0,635;100,000;200,000;23,3468;-11,8836;0,0000;-20,3759;-3,8425;-9,8543;16,3430;2,6669;6,0658;0,0000;13,8757;0,2763;6,0474;11,3235;18;0;51,956
4,1175;29,0045;43,2144;-41,0628;-93,8292;32,9971;55,6812;156,4841;542,469;0,988;100,000;200,000;23,3523;-11,8711;0,0000;-20,3471;-3,8419;-9,8418;16,3664;2,6711;6,0706;0,0000;13,8724;0,2811;6,0492;11,3155;18;0;52,113
4,1196;29,0529;43,1898;-41,0628;-93,8713;32,9891;55,6608;156,5181;542,252;1,340;100,000;200,000;23,3578;-11,8585;0,0000;-20,3184;-3,8413;-9,8293;16,3899;2,6752;6,0755;0,0000;13,8691;0,2860;6,0511;11,3074;18;0;52,272
4,1216;29,1013;43,1652;-41,0628;-93,9133;32,9812;55,6405;156,5520;542,035;1,693;100,000;200,000;23,3634;-11,8459;0,0000;-20,2897;-3,8407;-9,8167;16,4133;2,6794;6,0804;0,0000;13,8659;0,2910;6,0529;11,2993;18;0;52,434
4,1237;29,1497;43,1407;-41,0628;-93,9553;32,9732;55,6202;156,5861;541,818;2,046;100,000;200,000;23,3689;-11,8333;0,0000;-20,2610;-3,8401;-9,8042;16,4367;2,6835;6,0854;0,0000;13,8628;0,2959;6,0548;11,2912;18;0;52,599
4,1258;29,1981;43,1162;-41,0628;-93,9973;32,9653;55,5999;156,6201;541,601;2,399;100,000;200,000;23,3745;-11,8207;0,0000;-20,2323;-3,8395;-9,7917;16,4600;2,6875;6,0903;0,0000;13,8596;0,3008;6,0566;11,2830;18;0;52,766
4,1278;29,2465;43,0917;-41,0628;-94,0391;32,9573;55,5796;156,6542;541,384;2,752;100,000;200,000;23,3801;-11,8081;0,0000;-20,2036;-3,8389;-9,7791;16,4834;2,6915;6,0953;0,0000;13,8566;0,3058;6,0585;11,2748;18;0;52,936
4,1299;29,2949;43,0673;-41,0628;-94,0810;32,9494;55,5594;156,6884;541,167;3,104;100,000;200,000;23,3856;-11,7955;0,0000;-20,1749;-3,8383;-9,7666;16,5067;2,6955;6,1003;0,0000;13,8535;0,3108;6,0604;11,2666;18;0;53,109
4,1320;29,3434;43,0429;-41,0628;-94,1227;32,9414;55,5391;156,7226;540,949;3,457;100,000;200,000;23,3912;-11,7828;0,0000;-20,1462;-3,8376;-9,7540;16,5301;2,6995;6,1053;0,0000;13,8505;0,3158;6,0623;11,2584;18;0;53,285
4,1341;29,3918;43,0185;-41,0628;-94,1644;32,9335;55,5190;156,7569;540,732;3,810;100,000;200,000;23,3968;-11,7702;0,0000;-20,1175;-3,8369;-9,7415;16,5534;2,7034;6,1103;0,0000;13,8476;0,3208;6,0642;11,2501;18;0;53,463
4,1361;29,4403;42,9941;-41,0628;-94,2061;32,9255;55,4988;156,7912;540,515;4,163;100,000;200,000;23,4024;-11,7575;0,0000;-20,0888;-3,8363;-9,7289;16,5767;2,7073;6,1154;0,0000;13,8447;0,3259;6,0662;11,2418;18;0;53,644
4,1382;29,4888;42,9698;-41,0628;-94,2476;32,9176;55,4787;156,8255;540,298;4,516;100,000;200,000;23,4080;-11,7448;0,0000;-20,0602;-3,8356;-9,7163;16,6000;2,7111;6,1204;0,0000;13,8418;0,3310;6,0681;11,2335;18;0;53,827
4,1403;29,5373;42,9455;-41,0628;-94,2891;32,9096;55,4585;156,8600;540,081;4,868;100,000;200,000;23,4137;-11,7322;0,0000;-20,0315;-3,8349;-9,7038;16,6232;2,7149;6,1255;0,0000;13,8389;0,3360;6,0701;11,2251;18;0;54,013
4,1423;29,5858;42,9212;-41,0628;-94,3306;32,9017;55,4385;156,8944;539,864;5,221;100,000;200,000;23,4193;-11,7195;0,0000;-20,0028;-3,8342;-9,6912;16,6465;2,7187;6,1307;0,0000;13,8361;0,3411;6,0720;11,2168;18;0;54,202
4,1444;29,6343;42,8969;-41,0628;-94,3720;32,8938;55,4184;156,9289;539,647;5,574;100,000;200,000;23,4249;-11,7068;0,0000;-19,9742;-3,8335;-9,6786;16,6697;2,7225;6,1358;0,0000;13,8334;0,3463;6,0740;11,2084;18;0;54,393
4,1465;29,6828;42,8727;-41,0628;-94,4133;32,8858;55,3984;156,9635;539,430;5,927;100,000;200,000;23,4306;-11,6940;0,0000;-19,9455;-3,8328;-9,6660;16,6929;2,7262;6,1410;0,0000;13,8307;0,3514;6,0760;11,1999;18;0;54,586
4,1485;29,7313;42,8485;-41,0628;-94,4546;32,8779;55,3784;156,9981;539,213;6,279;100,000;200,000;23,4362;-11,6813;0,0000;-19,9169;-3,8320;-9,6534;16,7161;2,7298;6,1462;0,0000;13,8280;0,3565;6,0780;11,1914;18;0;54,782
4,1506;29,7799;42,8243;-41,0628;-94,4958;32,8699;55,3584;157,0327;538,996;6,632;100,000;200,000;23,4419;-11,6686;0,0000;-19,8882;-3,8313;-9,6408;16,7392;2,7335;6,1514;0,0000;13,8254;0,3617;6,0800;11,1829;18;0;54,980
4,1527;29,8284;42,8002;-41,0628;-94,5370;32,8620;55,3384;157,0674;538,778;6,985;100,000;200,000;23,4475;-11,6558;0,0000;-19,8596;-3,8305;-9,6282;16,7624;2,7371;6,1566;0,0000;13,8228;0,3669;6,0821;11,1744;18;0;55,181
4,1548;29,8770;42,7760;-41,0628;-94,5781;32,8541;55,3185;157,1021;538,561;7,338;100,000;200,000;23,4532;-11,6431;0,0000;-19,8310;-3,8298;-9,6156;16,7855;2,7406;6,1618;0,0000;13,8202;0,3721;6,0841;11,1659;18;0;55,384
4,1568;29,9256;42,7519;-41,0628;-94,6192;32,8462;55,2986;157,1369;538,344;7,691;100,000;200,000;23,4589;-11,6303;0,0000;-19,8024;-3,8290;-9,6030;16,8086;2,7442;6,1671;0,0000;13,8177;0,3773;6,0862;11,1573;18;0;55,590
4,1589;29,9742;42,7278;-41,0628;-94,6601;32,8382;55,2787;157,1718;538,127;8,043;100,000;200,000;23,4646;-11,6175;0,0000;-19,7737;-3,8282;-9,5904;16,8317;2,7477;6,1724;0,0000;13,8152;0,3826;6,0882;11,1487;18;0;55,797
4,1610;30,0228;42,7038;-41,0628;-94,7011;32,8303;55,2589;157,2066;537,910;8,396;100,000;200,000;23,4703;-11,6047;0,0000;-19,7451;-3,8274;-9,5778;16,8548;2,7511;6,1777;0,0000;13,8127;0,3879;6,0903;11,1400;18;0;56,007
4,1630;30,0714;42,6798;-41,0628;-94,7419;32,8224;55,2390;157,2416;537,693;8,749;100,000;200,000;23,4760;-11,5919;0,0000;-19,7165;-3,8266;-9,5652;16,8779;2,7545;6,1830;0,0000;13,8103;0,3931;6,0924;11,1313;18;0;56,220
4,1651;30,1200;42,6558;-41,0628;-94,7827;32,8144;55,2192;157,2766;537,476;9,102;100,000;200,000;23,4817;-11,5791;0,0000;-19,6879;-3,8258;-9,5526;16,9009;2,7579;6,1884;0,0000;13,8080;0,3984;6,0945;11,1226;18;0;56,434
4,1672;30,1687;42,6318;-41,0628;-94,8235;32,8065;55,1995;157,3116;537,259;9,454;100,000;200,000;23,4874;-11,5663;0,0000;-19,6593;-3,8250;-9,5400;16,9240;2,7613;6,1938;0,0000;13,8056;0,4038;6,0966;11,1139;18;0;56,651
4,1693;30,2173;42,6079;-41,0628;-94,8642;32,7986;55,1797;157,3467;537,042;9,807;100,000;200,000;23,4931;-11,5535;0,0000;-19,6307;-3,8241;-9,5273;16,9470;2,7646;6,1992;0,0000;13,8034;0,4091;6,0988;11,1051;18;0;56,870
4,1713;30,2660;42,5840;-41,0628;-94,9048;32,7907;55,1600;157,3818;536,825;10,160;100,000;200,000;23,4989;-11,5406;0,0000;-19,6022;-3,8233;-9,5147;16,9700;2,7679;6,2046;0,0000;13,8011;0,4145;6,1009;11,0963;18;0;57,091
4,1734;30,3147;42,5601;-41,0628;-94,9454;32,7828;55,1403;157,4170;536,607;10,513;100,000;200,000;23,5046;-11,5278;0,0000;-19,5736;-3,8224;-9,5021;16,9929;2,7711;6,2100;0,0000;13,7989;0,4198;6,1031;11,0875;18;0;57,314
4,1755;30,3633;42,5362;-41,0628;-94,9859;32,7748;55,1206;157,4522;536,390;10,866;100,000;200,000;23,5103;-11,5149;0,0000;-19,5450;-3,8215;-9,4894;17,0159;2,7743;6,2155;0,0000;13,7967;0,4252;6,1052;11,0786;18;0;57,540
4,1775;30,4120;42,5124;-41,0628;-95,0263;32,7669;55,1010;157,4874;536,173;11,218;100,000;200,000;23,5161;-11,5020;0,0000;-19,5164;-3,8206;-9,4768;17,0388;2,7775;6,2209;0,0000;13,7946;0,4306;6,1074;11,0698;18;0;57,767
4,1796;30,4608;42,4886;-41,0628;-95,0667;32,7590;55,0814;157,5228;535,956;11,571;100,000;200,000;23,5218;-11,4891;0,0000;-19,4879;-3,8197;-9,4641;17,0617;2,7806;6,2264;0,0000;13,7925;0,4360;6,1096;11,0608;18;0;57,997
4,1817;30,5095;42,4648;-41,0628;-95,1071;32,7511;55,0618;157,5581;535,739;11,924;100,000;200,000;23,5276;-11,4762;0,0000;-19,4593;-3,8188;-9,4515;17,0846;2,7837;6,2320;0,0000;13,7904;0,4415;6,1118;11,0519;18;0;58,229
4,1838;30,5582;42,4410;-41,0628;-95,1473;32,7432;55,0422;157,5935;535,522;12,277;100,000;200,000;23,5334;-11,4633;0,0000;-19,4307;-3,8179;-9,4388;17,1075;2,7868;6,2375;0,0000;13,7884;0,4470;6,1140;11,0429;18;0;58,462
4,1858;30,6070;42,4173;-41,0628;-95,1876;32,7353;55,0227;157,6290;535,305;12,630;100,000;200,000;23,5391;-11,4504;0,0000;-19,4022;-3,8170;-9,4261;17,1304;2,7898;6,2430;0,0000;13,7864;0,4524;6,1162;11,0339;18;0;58,698
4,1879;30,6557;42,3936;-41,0628;-95,2277;32,7274;55,0032;157,6645;535,088;12,982;100,000;200,000;23,5449;-11,4375;0,0000;-19,3736;-3,8160;-9,4135;17,1532;2,7928;6,2486;0,0000;13,7844;0,4579;6,1184;11,0249;18;0;58,935
4,1900;30,7045;42,3699;-41,0628;-95,2678;32,7195;54,9837;157,7000;534,871;13,335;100,000;200,000;23,5507;-11,4245;0,0000;-19,3451;-3,8151;-9,4008;17,1761;2,7957;6,2542;0,0000;13,7825;0,4635;6,1207;11,0158;18;0;59,175
4,1920;30,7533;42,3463;-41,0628;-95,3078;32,7116;54,9643;157,7356;534,654;13,688;100,000;200,000;23,5565;-11,4116;0,0000;-19,3165;-3,8141;-9,3881;17,1989;2,7987;6,2598;0,0000;13,7806;0,4690;6,1229;11,0067;18;0;59,416
4,1941;30,8021;42,3226;-41,0628;-95,3478;32,7037;54,9448;157,7713;534,436;14,041;100,000;200,000;23,5623;-11,3986;0,0000;-19,2880;-3,8131;-9,3754;17,2217;2,8016;6,2655;0,0000;13,7788;0,4745;6,1252;10,9975;18;0;59,660
4,1962;30,8509;42,2990;-41,0628;-95,3877;32,6958;54,9254;157,8070;534,219;14,393;100,000;200,000;23,5681;-11,3856;0,0000;-19,2595;-3,8121;-9,3627;17,2444;2,8044;6,2711;0,0000;13,7770;0,4801;6,1274;10,9884;18;0;59,905
4,1983;30,8997;42,2755;-41,0628;-95,4276;32,6879;54,9060;157,8427;534,002;14,746;100,000;200,000;23,5739;-11,3726;0,0000;-19,2309;-3,8111;-9,3500;17,2672;2,8072;6,2768;0,0000;13,7752;0,4857;6,1297;10,9792;18;0;60,152
4,2003;30,9485;42,2519;-41,0628;-95,4674;32,6800;54,8867;157,8785;533,785;15,099;100,000;200,000;23,5797;-11,3596;0,0000;-19,2024;-3,8101;-9,3374;17,2899;2,8100;6,2825;0,0000;13,7734;0,4913;6,1320;10,9699;18;0;60,401
4,2024;30,9974;42,2284;-41,0628;-95,5071;32,6721;54,8674;157,9143;533,568;15,452;100,000;200,000;23,5856;-11,3466;0,0000;-19,1739;-3,8091;-9,3246;17,3126;2,8127;6,2882;0,0000;13,7717;0,4969;6,1343;10,9607;18;0;60,651
4,2045;31,0462;42,2049;-41,0628;-95,5468;32,6642;54,8481;157,9502;533,351;15,805;100,000;200,000;23,5914;-11,3336;0,0000;-19,1453;-3,8081;-9,3119;17,3353;2,8154;6,2939;0,0000;13,7701;0,5026;6,1366;10,9514;18;0;60,904
4,2065;31,0951;42,1815;-41,0628;-95,5864;32,6563;54,8288;157,9861;533,134;16,157;100,000;200,000;23,5972;-11,3205;0,0000;-19,1168;-3,8070;-9,2992;17,3580;2,8181;6,2997;0,0000;13,7684;0,5082;6,1389;10,9421;18;0;61,158
4,2086;31,1440;42,1580;-41,0628;-95,6260;32,6485;54,8095;158,0221;532,917;16,510;100,000;200,000;23,6031;-11,3075;0,0000;-19,0883;-3,8060;-9,2865;17,3806;2,8207;6,3054;0,0000;13,7668;0,5139;6,1413;10,9327;18;0;61,414
4,2107;31,1929;42,1346;-41,0628;-95,6655;32,6406;54,7903;158,0581;532,700;16,863;100,000;200,000;23,6089;-11,2944;0,0000;-19,0598;-3,8049;-9,2738;17,4033;2,8233;6,3112;0,0000;13,7653;0,5196;6,1436;10,9233;18;0;61,672
4,2128;31,2418;42,1113;-41,0628;-95,7050;32,6327;54,7711;158,0942;532,483;17,216;100,000;200,000;23,6148;-11,2813;0,0000;-19,0313;-3,8038;-9,2611;17,4259;2,8259;6,3170;0,0000;13,7637;0,5253;6,1460;10,9139;18;0;61,931
4,2148;31,2907;42,0879;-41,0628;-95,7444;32,6248;54,7520;158,1303;532,265;17,569;100,000;200,000;23,6206;-11,2682;0,0000;-19,0028;-3,8027;-9,2483;17,4485;2,8284;6,3229;0,0000;13,7622;0,5311;6,1483;10,9044;18;0;62,192
4,2169;31,3396;42,0646;-41,0628;-95,7837;32,6169;54,7328;158,1665;532,048;17,921;100,000;200,000;23,6265;-11,2551;0,0000;-18,9743;-3,8016;-9,2356;17,4710;2,8309;6,3287;0,0000;13,7608;0,5368;6,1507;10,8949;18;0;62,455
4,2190;31,3886;42,0413;-41,0628;-95,8229;32,6091;54,7137;158,2027;531,831;18,274;100,000;200,000;23,6323;-11,2420;0,0000;-18,9458;-3,8005;-9,2229;17,4936;2,8333;6,3346;0,0000;13,7594;0,5426;6,1531;10,8854;18;0;62,720
4,2210;31,4375;42,0180;-41,0628;-95,8622;32,6012;54,6946;158,2390;531,614;18,627;100,000;200,000;23,6382;-11,2289;0,0000;-18,9173;-3,7994;-9,2101;17,5161;2,8357;6,3405;0,0000;13,7580;0,5484;6,1555;10,8758;18;0;62,986
4,2231;31,4865;41,9948;-41,0628;-95,9013;32,5933;54,6755;158,2753;531,397;18,980;100,000;200,000;23,6441;-11,2157;0,0000;-18,8888;-3,7982;-9,1974;17,5387;2,8381;6,3464;0,0000;13,7566;0,5542;6,1579;10,8663;18;0;63,253
4,2252;31,5354;41,9716;-41,0628;-95,9404;32,5855;54,6565;158,3116;531,180;19,332;100,000;200,000;23,6500;-11,2026;0,0000;-18,8603;-3,7971;-9,1846;17,5611;2,8404;6,3523;0,0000;13,7553;0,5600;6,1603;10,8566;18;0;63,522
4,2273;31,5844;41,9484;-41,0628;-95,9794;32,5776;54,6375;158,3480;530,963;19,685;100,000;200,000;23,6559;-11,1894;0,0000;-18,8318;-3,7959;-9,1718;17,5836;2,8427;6,3582;0,0000;13,7540;0,5658;6,1627;10,8470;18;0;63,793
4,2293;31,6334;41,9252;-41,0628;-96,0184;32,5697;54,6185;158,3844;530,746;20,038;100,000;200,000;23,6617;-11,1763;0,0000;-18,8033;-3,7947;-9,1591;17,6061;2,8450;6,3642;0,0000;13,7528;0,5717;6,1652;10,8373;18;0;64,065
4,2314;31,6825;41,9021;-41,0628;-96,0573;32,5619;54,5996;158,4209;530,529;20,391;100,000;200,000;23,6676;-11,1631;0,0000;-18,7748;-3,7935;-9,1463;17,6285;2,8472;6,3702;0,0000;13,7515;0,5776;6,1676;10,8276;18;0;64,339
4,2335;31,7315;41,8790;-41,0628;-96,0962;32,5540;54,5806;158,4575;530,312;20,744;100,000;200,000;23,6735;-11,1499;0,0000;-18,7464;-3,7923;-9,1335;17,6509;2,8494;6,3762;0,0000;13,7503;0,5834;6,1700;10,8178;18;0;64,614
4,2355;31,7805;41,8559;-41,0628;-96,1350;32,5462;54,5617;158,4940;530,095;21,096;100,000;200,000;23,6794;-11,1367;0,0000;-18,7179;-3,7911;-9,1207;17,6733;2,8515;6,3822;0,0000;13,7492;0,5894;6,1725;10,8080;18;0;64,891
4,2376;31,8296;41,8328;-41,0628;-96,1737;32,5383;54,5428;158,5307;529,877;21,449;100,000;200,000;23,6853;-11,1234;0,0000;-18,6894;-3,7899;-9,1080;17,6957;2,8536;6,3882;0,0000;13,7481;0,5953;6,1750;10,7982;18;0;65,169
4,2397;31,8786;41,8098;-41,0628;-96,2124;32,5305;54,5240;158,5673;529,660;21,802;100,000;200,000;23,6913;-11,1102;0,0000;-18,6609;-3,7887;-9,0952;17,7181;2,8557;6,3942;0,0000;13,7470;0,6012;6,1775;10,7883;18;0;65,448
4,2418;31,9277;41,7868;-41,0628;-96,2510;32,5226;54,5052;158,6041;529,443;22,155;100,000;200,000;23,6972;-11,0969;0,0000;-18,6325;-3,7874;-9,0824;17,7404;2,8578;6,4003;0,0000;13,7459;0,6072;6,1799;10,7784;18;0;65,728
4,2438;31,9768;41,7638;-41,0628;-96,2896;32,5148;54,4864;158,6408;529,226;22,508;100,000;200,000;23,7031;-11,0837;0,0000;-18,6040;-3,7861;-9,0696;17,7627;2,8598;6,4064;0,0000;13,7449;0,6132;6,1824;10,7685;18;0;66,008
4,2459;32,0259;41,7409;-41,0628;-96,3281;32,5069;54,4676;158,6776;529,009;22,860;100,000;200,000;23,7090;-11,0704;0,0000;-18,5755;-3,7849;-9,0568;17,7850;2,8617;6,4125;0,0000;13,7439;0,6192;6,1849;10,7586;18;0;66,289
4,2480;32,0750;41,7180;-41,0628;-96,3665;32,4991;54,4489;158,7145;528,792;23,213;100,000;200,000;23,7150;-11,0571;0,0000;-18,5471;-3,7836;-9,0439;17,8073;2,8637;6,4186;0,0000;13,7430;0,6252;6,1875;10,7486;18;0;66,571
4,2500;32,1241;41,6951;-41,0628;-96,4049;32,4913;54,4301;158,7514;528,575;23,566;100,000;200,000;23,7209;-11,0438;0,0000;-18,5186;-3,7823;-9,0311;17,8295;2,8655;6,4247;0,0000;13,7420;0,6312;6,1900;10,7385;18;0;66,853
4,2521;32,1733;41,6722;-41,0628;-96,4432;32,4834;54,4115;158,7884;528,358;23,919;100,000;200,000;23,7268;-11,0305;0,0000;-18,4901;-3,7810;-9,0183;17,8518;2,8674;6,4309;0,0000;13,7411;0,6373;6,1925;10,7285;18;0;67,136
4,2542;32,2224;41,6494;-41,0628;-96,4815;32,4756;54,3928;158,8254;528,141;24,271;100,000;200,000;23,7328;-11,0172;0,0000;-18,4617;-3,7796;-9,0055;17,8740;2,8692;6,4371;0,0000;13,7403;0,6433;6,1951;10,7184;18;0;67,420
4,2562;32,2716;41,6266;-41,0628;-96,5197;32,4678;54,3741;158,8624;527,924;24,624;100,000;200,000;23,7387;-11,0038;0,0000;-18,4332;-3,7783;-8,9926;17,8962;2,8710;6,4433;0,0000;13,7394;0,6494;6,1976;10,7082;18;0;67,704
4,2583;32,3207;41,6038;-41,0628;-96,5579;32,4600;54,3555;158,8995;527,706;24,977;100,000;200,000;23,7447;-10,9905;0,0000;-18,4048;-3,7769;-8,9798;17,9183;2,8727;6,4495;0,0000;13,7387;0,6555;6,2002;10,6981;18;0;67,989
4,2604;32,3699;41,5811;-41,0628;-96,5959;32,4521;54,3369;158,9366;527,489;25,330;100,000;200,000;23,7506;-10,9771;0,0000;-18,3763;-3,7756;-8,9670;17,9405;2,8744;6,4557;0,0000;13,7379;0,6616;6,2027;10,6879;18;0;68,274
4,2625;32,4191;41,5583;-41,0628;-96,6340;32,4443;54,3184;158,9738;527,272;25,683;100,000;200,000;23,7566;-10,9637;0,0000;-18,3479;-3,7742;-8,9541;17,9626;2,8761;6,4619;0,0000;13,7372;0,6678;6,2053;10,6776;18;0;68,561
4,2645;32,4683;41,5357;-41,0628;-96,6720;32,4365;54,2999;159,0110;527,055;26,035;100,000;200,000;23,7625;-10,9504;0,0000;-18,3194;-3,7728;-8,9413;17,9847;2,8777;6,4682;0,0000;13,7365;0,6739;6,2079;10,6674;18;0;68,847
4,2666;32,5176;41,5130;-41,0628;-96,7099;32,4287;54,2814;159,0483;526,838;26,388;100,000;200,000;23,7685;-10,9370;0,0000;-18,2910;-3,7714;-8,9284;18,0068;2,8793;6,4745;0,0000;13,7358;0,6801;6,2105;10,6571;18;0;69,135
4,2687;32,5668;41,4904;-41,0628;-96,7477;32,4209;54,2629;159,0856;526,621;26,741;100,000;200,000;23,7745;-10,9235;0,0000;-18,2625;-3,7700;-8,9155;18,0288;2,8809;6,4808;0,0000;13,7351;0,6863;6,2131;10,6467;18;0;69,423
4,2707;32,6160;41,4677;-41,0628;-96,7855;32,4131;54,2444;159,1230;526,404;27,094;100,000;200,000;23,7804;-10,9101;0,0000;-18,2341;-3,7686;-8,9027;18,0509;2,8824;6,4871;0,0000;13,7345;0,6925;6,2157;10,6363;18;0;69,712
4,2728;32,6653;41,4452;-41,0628;-96,8232;32,4053;54,2260;159,1604;526,187;27,447;100,000;200,000;23,7864;-10,8967;0,0000;-18,2056;-3,7671;-8,8898;18,0729;2,8839;6,4934;0,0000;13,7340;0,6987;6,2183;10,6259;18;0;70,001
4,2749;32,7146;41,4226;-41,0628;-96,8609;32,3975;54,2076;159,1978;525,970;27,799;100,000;200,000;23,7924;-10,8832;0,0000;-18,1772;-3,7657;-8,8769;18,0949;2,8853;6,4997;0,0000;13,7334;0,7050;6,2209;10,6155;18;0;70,291
4,2770;32,7639;41,4001;-41,0628;-96,8985;32,3897;54,1892;159,2354;525,753;28,152;100,000;200,000;23,7983;-10,8697;0,0000;-18,1487;-3,7642;-8,8640;18,1169;2,8867;6,5061;0,0000;13,7329;0,7112;6,2236;10,6050;18;0;70,581
4,2790;32,8132;41,3776;-41,0628;-96,9361;32,3819;54,1709;159,2729;525,535;28,505;100,000;200,000;23,8043;-10,8563;0,0000;-18,1203;-3,7627;-8,8511;18,1388;2,8881;6,5125;0,0000;13,7324;0,7175;6,2262;10,5945;18;0;70,872
4,2811;32,8625;41,3551;-41,0628;-96,9736;32,3741;54,1526;159,3105;525,318;28,858;100,000;200,000;23,8103;-10,8428;0,0000;-18,0918;-3,7612;-8,8382;18,1608;2,8894;6,5189;0,0000;13,7319;0,7238;6,2288;10,5839;18;0;71,163
4,2832;32,9118;41,3327;-41,0628;-97,0110;32,3663;54,1343;159,3481;525,101;29,210;100,000;200,000;23,8163;-10,8293;0,0000;-18,0634;-3,7597;-8,8253;18,1827;2,8907;6,5253;0,0000;13,7315;0,7301;6,2315;10,5733;18;0;71,455
4,2852;32,9611;41,3102;-41,0628;-97,0484;32,3585;54,1160;159,3858;524,884;29,563;100,000;200,000;23,8223;-10,8157;0,0000;-18,0350;-3,7582;-8,8124;18,2046;2,8919;6,5317;0,0000;13,7311;0,7364;6,2342;10,5627;18;0;71,748
4,2873;33,0105;41,2879;-41,0628;-97,0858;32,3507;54,0978;159,4235;524,667;29,916;100,000;200,000;23,8283;-10,8022;0,0000;-18,0065;-3,7567;-8,7995;18,2264;2,8931;6,5381;0,0000;13,7308;0,7428;6,2368;10,5521;18;0;72,041
4,2894;33,0598;41,2655;-41,0628;-97,1230;32,3430;54,0796;159,4613;524,450;30,269;100,000;200,000;23,8343;-10,7887;0,0000;-17,9781;-3,7551;-8,7866;18,2483;2,8943;6,5446;0,0000;13,7304;0,7491;6,2395;10,5414;18;0;72,335
4,2915;33,1092;41,2432;-41,0628;-97,1602;32,3352;54,0614;159,4991;524,233;30,622;100,000;200,000;23,8403;-10,7751;0,0000;-17,9497;-3,7536;-8,7736;18,2701;2,8955;6,5511;0,0000;13,7301;0,7555;6,2422;10,5306;18;0;72,629
4,2935;33,1586;41,2209;-41,0628;-97,1974;32,3274;54,0432;159,5370;524,016;30,974;100,000;200,000;23,8463;-10,7615;0,0000;-17,9212;-3,7520;-8,7607;18,2919;2,8966;6,5576;0,0000;13,7298;0,7619;6,2449;10,5199;18;0;72,924
4,2956;33,2080;41,1986;-41,0628;-97,2345;32,3196;54,0251;159,5749;523,799;31,327;100,000;200,000;23,8523;-10,7479;0,0000;-17,8928;-3,7504;-8,7478;18,3137;2,8976;6,5641;0,0000;13,7296;0,7683;6,2476;10,5090;18;0;73,219
4,2977;33,2574;41,1763;-41,0628;-97,2715;32,3119;54,0070;159,6128;523,582;31,680;100,000;200,000;23,8583;-10,7343;0,0000;-17,8643;-3,7488;-8,7348;18,3354;2,8986;6,5706;0,0000;13,7294;0,7747;6,2503;10,4982;18;0;73,515
4,2997;33,3068;41,1541;-41,0628;-97,3085;32,3041;53,9889;159,6508;523,364;32,033;100,000;200,000;23,8643;-10,7207;0,0000;-17,8359;-3,7472;-8,7219;18,3572;2,8996;6,5771;0,0000;13,7292;0,7812;6,2530;10,4873;18;0;73,811
4,3018;33,3562;41,1319;-41,0628;-97,3454;32,2963;53,9708;159,6889;523,147;32,386;100,000;200,000;23,8703;-10,7071;0,0000;-17,8075;-3,7456;-8,7089;18,3789;2,9006;6,5837;0,0000;13,7290;0,7877;6,2558;10,4764;18;0;74,108
4,3039;33,4057;41,1098;-41,0628;-97,3822;32,2886;53,9528;159,7270;522,930;32,738;100,000;200,000;23,8763;-10,6934;0,0000;-17,7790;-3,7440;-8,6960;18,4006;2,9015;6,5903;0,0000;13,7289;0,7941;6,2585;10,4655;18;0;74,405
4,3060;33,4551;41,0876;-41,0628;-97,4190;32,2808;53,9348;159,7651;522,713;33,091;100,000;200,000;23,8823;-10,6798;0,0000;-17,7506;-3,7423;-8,6830;18,4222;2,9023;6,5968;0,0000;13,7288;0,8006;6,2612;10,4545;18;0;74,703
4,3080;33,5046;41,0655;-41,0628;-97,4558;32,2731;53,9169;159,8033;522,496;33,444;100,000;200,000;23,8883;-10,6661;0,0000;-17,7222;-3,7406;-8,6700;18,4439;2,9032;6,6034;0,0000;13,7287;0,8071;6,2640;10,4434;18;0;75,001
4,3101;33,5541;41,0435;-41,0628;-97,4924;32,2653;53,8989;159,8415;522,279;33,797;100,000;200,000;23,8943;-10,6524;0,0000;-17,6937;-3,7390;-8,6571;18,4655;2,9040;6,6101;0,0000;13,7287;0,8137;6,2667;10,4324;18;0;75,300
4,3122;33,6036;41,0214;-41,0628;-97,5290;32,2576;53,8810;159,8798;522,062;34,149;100,000;200,000;23,9003;-10,6387;0,0000;-17,6653;-3,7373;-8,6441;18,4871;2,9047;6,6167;0,0000;13,7287;0,8202;6,2695;10,4213;18;0;75,599
4,3142;33,6531;40,9994;-41,0628;-97,5656;32,2499;53,8631;159,9181;521,845;34,502;100,000;200,000;23,9063;-10,6250;0,0000;-17,6369;-3,7356;-8,6311;18,5086;2,9054;6,6233;0,0000;13,7287;0,8268;6,2722;10,4101;18;0;75,898
4,3163;33,7026;40,9774;-41,0628;-97,6021;32,2421;53,8452;159,9564;521,628;34,855;100,000;200,000;23,9124;-10,6113;0,0000;-17,6084;-3,7338;-8,6181;18,5302;2,9061;6,6300;0,0000;13,7287;0,8334;6,2750;10,3990;18;0;76,198
4,3184;33,7521;40,9554;-41,0628;-97,6385;32,2344;53,8274;159,9948;521,411;35,208;100,000;200,000;23,9184;-10,5976;0,0000;-17,5800;-3,7321;-8,6051;18,5517;2,9067;6,6367;0,0000;13,7288;0,8400;6,2778;10,3878;18;0;76,499
4,3205;33,8017;40,9335;-41,0628;-97,6749;32,2267;53,8096;160,0333;521,193;35,561;100,000;200,000;23,9244;-10,5838;0,0000;-17,5516;-3,7304;-8,5921;18,5732;2,9073;6,6434;0,0000;13,7289;0,8466;6,2806;10,3765;18;0;76,800
4,3225;33,8512;40,9116;-41,0628;-97,7113;32,2189;53,7918;160,0718;520,976;35,913;100,000;200,000;23,9304;-10,5700;0,0000;-17,5231;-3,7286;-8,5791;18,5947;2,9079;6,6501;0,0000;13,7290;0,8532;6,2834;10,3652;18;0;77,101
4,3246;33,9008;40,8897;-41,0628;-97,7475;32,2112;53,7741;160,1103;520,759;36,266;100,000;200,000;23,9365;-10,5563;0,0000;-17,4947;-3,7268;-8,5661;18,6162;2,9084;6,6568;0,0000;13,7292;0,8599;6,2862;10,3539;18;0;77,403
4,3267;33,9504;40,8679;-41,0628;-97,7837;32,2035;53,7563;160,1489;520,542;36,619;100,000;200,000;23,9425;-10,5425;0,0000;-17,4663;-3,7250;-8,5530;18,6376;2,9089;6,6635;0,0000;13,7293;0,8665;6,2890;10,3425;18;0;77,705
4,3287;34,0000;40,8460;-41,0628;-97,8199;32,1958;53,7386;160,1875;520,325;36,972;100,000;200,000;23,9485;-10,5287;0,0000;-17,4378;-3,7232;-8,5400;18,6590;2,9093;6,6703;0,0000;13,7295;0,8732;6,2918;10,3311;18;0;78,008
4,3308;34,0496;40,8243;-41,0628;-97,8560;32,1881;53,7210;160,2262;520,108;37,325;100,000;200,000;23,9545;-10,5148;0,0000;-17,4094;-3,7214;-8,5270;18,6804;2,9097;6,6770;0,0000;13,7298;0,8799;6,2946;10,3197;18;0;78,311
4,3329;34,0992;40,8025;-41,0628;-97,8920;32,1804;53,7033;160,2649;519,891;37,677;100,000;200,000;23,9606;-10,5010;0,0000;-17,3809;-3,7196;-8,5139;18,7017;2,9101;6,6838;0,0000;13,7300;0,8866;6,2974;10,3082;18;0;78,614
4,3350;34,1489;40,7808;-41,0628;-97,9280;32,1727;53,6857;160,3037;519,674;38,030;100,000;200,000;23,9666;-10,4871;0,0000;-17,3525;-3,7177;-8,5009;18,7231;2,9104;6,6906;0,0000;13,7303;0,8933;6,3003;10,2967;18;0;78,918
4,3370;34,1985;40,7590;-41,0628;-97,9639;32,1650;53,6681;160,3425;519,457;38,383;100,000;200,000;23,9726;-10,4733;0,0000;-17,3241;-3,7159;-8,4878;18,7444;2,9107;6,6974;0,0000;13,7306;0,9001;6,3031;10,2852;18;0;79,223
4,3391;34,2482;40,7374;-41,0628;-97,9997;32,1573;53,6505;160,3813;519,240;38,736;100,000;200,000;23,9786;-10,4594;0,0000;-17,2956;-3,7140;-8,4748;18,7657;2,9109;6,7043;0,0000;13,7310;0,9068;6,3060;10,2736;18;0;79,527
4,3412;34,2978;40,7157;-41,0628;-98,0355;32,1496;53,6330;160,4202;519,022;39,088;100,000;200,000;23,9847;-10,4455;0,0000;-17,2672;-3,7121;-8,4617;18,7870;2,9111;6,7111;0,0000;13,7314;0,9136;6,3088;10,2620;18;0;79,832
4,3432;34,3475;40,6941;-41,0628;-98,0712;32,1419;53,6155;160,4591;518,805;39,441;100,000;200,000;23,9907;-10,4316;0,0000;-17,2388;-3,7102;-8,4486;18,8082;2,9113;6,7179;0,0000;13,7317;0,9204;6,3117;10,2503;18;0;80,138
4,3453;34,3972;40,6725;-41,0628;-98,1069;32,1342;53,5980;160,4981;518,588;39,794;100,000;200,000;23,9967;-10,4177;0,0000;-17,2103;-3,7083;-8,4356;18,8294;2,9114;6,7248;0,0000;13,7322;0,9272;6,3145;10,2386;18;0;80,444
4,3474;34,4469;40,6509;-41,0628;-98,1425;32,1265;53,5805;160,5371;518,371;40,147;100,000;200,000;24,0028;-10,4037;0,0000;-17,1819;-3,7064;-8,4225;18,8506;2,9115;6,7317;0,0000;13,7326;0,9340;6,3174;10,2269;18;0;80,750
4,3495;34,4966;40,6294;-41,0628;-98,1781;32,1189;53,5631;160,5762;518,154;40,500;100,000;200,000;24,0088;-10,3898;0,0000;-17,1534;-3,7045;-8,4094;18,8718;2,9116;6,7386;0,0000;13,7331;0,9409;6,3203;10,2151;18;0;81,057
4,3515;34,5464;40,6079;-41,0628;-98,2136;32,1112;53,5457;160,6153;517,937;40,852;100,000;200,000;24,0148;-10,3758;0,0000;-17,1250;-3,7025;-8,3963;18,8929;2,9116;6,7455;0,0000;13,7336;0,9477;6,3231;10,2033;18;0;81,364
4,3536;34,5961;40,5864;-41,0628;-98,2490;32,1035;53,5283;160,6545;517,720;41,205;100,000;200,000;24,0209;-10,3619;0,0000;-17,0965;-3,7005;-8,3832;18,9140;2,9116;6,7524;0,0000;13,7341;0,9546;6,3260;10,1914;18;0;81,671
4,3557;34,6459;40,5650;-41,0628;-98,2844;32,0959;53,5110;160,6936;517,503;41,558;100,000;200,000;24,0269;-10,3479;0,0000;-17,0681;-3,6985;-8,3701;18,9351;2,9115;6,7594;0,0000;13,7347;0,9615;6,3289;10,1795;18;0;81,979
4,3577;34,6956;40,5436;-41,0628;-98,3197;32,0882;53,4936;160,7329;517,286;41,911;100,000;200,000;24,0329;-10,3339;0,0000;-17,0396;-3,6965;-8,3570;18,9562;2,9114;6,7663;0,0000;13,7352;0,9684;6,3318;10,1676;18;0;82,287
4,3598;34,7454;40,5222;-41,0628;-98,3550;32,0806;53,4764;160,7722;517,069;42,264;100,000;200,000;24,0389;-10,3198;0,0000;-17,0112;-3,6945;-8,3439;18,9773;2,9112;6,7733;0,0000;13,7358;0,9753;6,3347;10,1556;18;0;82,596
4,3619;34,7952;40,5008;-41,0628;-98,3902;32,0729;53,4591;160,8115;516,851;42,616;100,000;200,000;24,0450;-10,3058;0,0000;-16,9827;-3,6925;-8,3308;18,9983;2,9111;6,7803;0,0000;13,7365;0,9823;6,3376;10,1436;18;0;82,904
4,3639;34,8450;40,4795;-41,0628;-98,4253;32,0653;53,4418;160,8509;516,634;42,969;100,000;200,000;24,0510;-10,2917;0,0000;-16,9543;-3,6905;-8,3176;19,0193;2,9108;6,7872;0,0000;13,7371;0,9892;6,3405;10,1316;18;0;83,214
4,3660;34,8948;40,4582;-41,0628;-98,4604;32,0576;53,4246;160,8903;516,417;43,322;100,000;200,000;24,0570;-10,2777;0,0000;-16,9258;-3,6884;-8,3045;19,0403;2,9106;6,7942;0,0000;13,7378;0,9962;6,3435;10,1195;18;0;83,523
4,3681;34,9447;40,4369;-41,0628;-98,4955;32,0500;53,4074;160,9297;516,200;43,675;100,000;200,000;24,0631;-10,2636;0,0000;-16,8974;-3,6863;-8,2913;19,0612;2,9102;6,8013;0,0000;13,7385;1,0032;6,3464;10,1074;18;0;83,833
4,3702;34,9945;40,4157;-41,0628;-98,5304;32,0423;53,3903;160,9692;515,983;44,027;100,000;200,000;24,0691;-10,2495;0,0000;-16,8689;-3,6843;-8,2782;19,0821;2,9099;6,8083;0,0000;13,7392;1,0102;6,3493;10,0952;18;0;84,143
4,3722;35,0444;40,3945;-41,0628;-98,5653;32,0347;53,3732;161,0088;515,766;44,380;100,000;200,000;24,0751;-10,2354;0,0000;-16,8405;-3,6822;-8,2650;19,1030;2,9095;6,8153;0,0000;13,7400;1,0172;6,3522;10,0830;18;0;84,454
4,3743;35,0942;40,3733;-41,0628;-98,6002;32,0271;53,3560;161,0484;515,549;44,733;100,000;200,000;24,0811;-10,2213;0,0000;-16,8120;-3,6800;-8,2519;19,1239;2,9091;6,8224;0,0000;13,7408;1,0242;6,3552;10,0708;18;0;84,765
4,3764;35,1441;40,3521;-41,0628;-98,6350;32,0195;53,3390;161,0880;515,332;45,086;100,000;200,000;24,0872;-10,2071;0,0000;-16,7836;-3,6779;-8,2387;19,1447;2,9086;6,8295;0,0000;13,7416;1,0313;6,3581;10,0585;18;0;85,076
4,3784;35,1940;40,3310;-41,0628;-98,6697;32,0119;53,3219;161,1277;515,115;45,439;100,000;200,000;24,0932;-10,1930;0,0000;-16,7551;-3,6758;-8,2255;19,1656;2,9081;6,8366;0,0000;13,7424;1,0383;6,3611;10,0462;18;0;85,387
4,3805;35,2439;40,3099;-41,0628;-98,7044;32,0042;53,3049;161,1674;514,898;45,791;100,000;200,000;24,0992;-10,1788;0,0000;-16,7266;-3,6736;-8,2124;19,1863;2,9076;6,8436;0,0000;13,7433;1,0454;6,3640;10,0338;18;0;85,699
4,3826;35,2939;40,2888;-41,0628;-98,7390;31,9966;53,2879;161,2072;514,681;46,144;100,000;200,000;24,1052;-10,1646;0,0000;-16,6982;-3,6714;-8,1992;19,2071;2,9070;6,8508;0,0000;13,7441;1,0525;6,3670;10,0214;18;0;86,011
4,3847;35,3438;40,2678;-41,0628;-98,7735;31,9890;53,2709;161,2470;514,463;46,497;100,000;200,000;24,1112;-10,1504;0,0000;-16,6697;-3,6692;-8,1860;19,2279;2,9064;6,8579;0,0000;13,7450;1,0596;6,3700;10,0090;18;0;86,324
4,3867;35,3937;40,2468;-41,0628;-98,8080;31,9814;53,2540;161,2868;514,246;46,850;100,000;200,000;24,1173;-10,1362;0,0000;-16,6412;-3,6670;-8,1728;19,2486;2,9057;6,8650;0,0000;13,7460;1,0667;6,3729;9,9965;18;0;86,637
4,3888;35,4437;40,2258;-41,0628;-98,8425;31,9739;53,2371;161,3267;514,029;47,203;100,000;200,000;24,1233;-10,1220;0,0000;-16,6128;-3,6648;-8,1596;19,2693;2,9050;6,8722;0,0000;13,7469;1,0739;6,3759;9,9840;18;0;86,950
4,3909;35,4937;40,2049;-41,0628;-98,8769;31,9663;53,2202;161,3666;513,812;47,555;100,000;200,000;24,1293;-10,1078;0,0000;-16,5843;-3,6626;-8,1464;19,2899;2,9042;6,8793;0,0000;13,7479;1,0810;6,3789;9,9714;18;0;87,263
4,3929;35,5436;40,1839;-41,0628;-98,9112;31,9587;53,2033;161,4066;513,595;47,908;100,000;200,000;24,1353;-10,0935;0,0000;-16,5558;-3,6603;-8,1332;19,3106;2,9034;6,8865;0,0000;13,7489;1,0882;6,3819;9,9588;18;0;87,577
4,3950;35,5936;40,1630;-41,0628;-98,9454;31,9511;53,1865;161,4466;513,378;48,261;100,000;200,000;24,1413;-10,0792;0,0000;-16,5273;-3,6581;-8,1200;19,3312;2,9026;6,8937;0,0000;13,7499;1,0954;6,3849;9,9462;18;0;87,891
4,3971;35,6436;40,1422;-41,0628;-98,9796;31,9435;53,1697;161,4867;513,161;48,614;100,000;200,000;24,1473;-10,0650;0,0000;-16,4989;-3,6558;-8,1067;19,3518;2,9017;6,9009;0,0000;13,7509;1,1026;6,3878;9,9335;18;0;88,205
4,3992;35,6937;40,1214;-41,0628;-99,0138;31,9360;53,1529;161,5268;512,944;48,966;100,000;200,000;24,1533;-10,0507;0,0000;-16,4704;-3,6535;-8,0935;19,3723;2,9008;6,9081;0,0000;13,7520;1,1098;6,3908;9,9208;18;0;88,520
4,4012;35,7437;40,1005;-41,0628;-99,0479;31,9284;53,1362;161,5669;512,727;49,319;100,000;200,000;24,1594;-10,0363;0,0000;-16,4419;-3,6512;-8,0803;19,3929;2,8999;6,9153;0,0000;13,7531;1,1170;6,3938;9,9081;18;0;88,834
4,4033;35,7937;40,0798;-41,0628;-99,0819;31,9208;53,1195;161,6071;512,510;49,672;100,000;200,000;24,1654;-10,0220;0,0000;-16,4134;-3,6489;-8,0670;19,4134;2,8989;6,9225;0,0000;13,7542;1,1243;6,3968;9,8953;18;0;89,149
4,4054;35,8438;40,0590;-41,0628;-99,1159;31,9133;53,1028;161,6473;512,292;50,025;100,000;200,000;24,1714;-10,0077;0,0000;-16,3849;-3,6466;-8,0538;19,4339;2,8979;6,9298;0,0000;13,7553;1,1316;6,3999;9,8824;18;0;89,465
4,4074;35,8939;40,0383;-41,0628;-99,1498;31,9057;53,0861;161,6876;512,075;50,378;100,000;200,000;24,1774;-9,9933;0,0000;-16,3564;-3,6442;-8,0405;19,4543;2,8968;6,9370;0,0000;13,7565;1,1388;6,4029;9,8696;18;0;89,781
4,4095;35,9439;40,0176;-41,0628;-99,1836;31,8982;53,0695;161,7279;511,858;50,730;100,000;200,000;24,1834;-9,9789;0,0000;-16,3279;-3,6418;-8,0272;19,4747;2,8957;6,9443;0,0000;13,7577;1,1461;6,4059;9,8567;18;0;90,097
4,4116;35,9940;39,9970;-41,0628;-99,2174;31,8906;53,0528;161,7683;511,641;51,083;100,000;200,000;24,1894;-9,9645;0,0000;-16,2994;-3,6395;-8,0140;19,4951;2,8945;6,9516;0,0000;13,7589;1,1534;6,4089;9,8437;18;0;90,413
4,4137;36,0441;39,9764;-41,0628;-99,2511;31,8831;53,0363;161,8087;511,424;51,436;100,000;200,000;24,1954;-9,9501;0,0000;-16,2709;-3,6371;-8,0007;19,5155;2,8933;6,9589;0,0000;13,7601;1,1607;6,4119;9,8307;18;0;90,729
4,4157;36,0943;39,9558;-41,0628;-99,2848;31,8756;53,0197;161,8491;511,207;51,789;100,000;200,000;24,2013;-9,9357;0,0000;-16,2424;-3,6347;-7,9874;19,5359;2,8921;6,9662;0,0000;13,7614;1,1681;6,4150;9,8177;18;0;91,046
4,4178;36,1444;39,9352;-41,0628;-99,3184;31,8680;53,0032;161,8896;510,990;52,142;100,000;200,000;24,2073;-9,9213;0,0000;-16,2139;-3,6322;-7,9741;19,5562;2,8908;6,9735;0,0000;13,7626;1,1754;6,4180;9,8046;18;0;91,363
4,4199;36,1945;39,9147;-41,0628;-99,3520;31,8605;52,9867;161,9301;510,773;52,494;100,000;200,000;24,2133;-9,9068;0,0000;-16,1854;-3,6298;-7,9608;19,5765;2,8895;6,9808;0,0000;13,7639;1,1828;6,4210;9,7915;18;0;91,680
4,4219;36,2447;39,8942;-41,0628;-99,3854;31,8530;52,9702;161,9707;510,556;52,847;100,000;200,000;24,2193;-9,8924;0,0000;-16,1569;-3,6273;-7,9475;19,5967;2,8881;6,9881;0,0000;13,7652;1,1902;6,4241;9,7784;18;0;91,998
4,4240;36,2949;39,8737;-41,0628;-99,4189;31,8455;52,9537;162,0113;510,339;53,200;100,000;200,000;24,2253;-9,8779;0,0000;-16,1284;-3,6249;-7,9342;19,6170;2,8868;6,9955;0,0000;13,7666;1,1976;6,4271;9,7652;18;0;92,316
4,4261;36,3450;39,8533;-41,0628;-99,4523;31,8380;52,9373;162,0520;510,121;53,553;100,000;200,000;24,2313;-9,8634;0,0000;-16,0999;-3,6224;-7,9209;19,6372;2,8853;7,0028;0,0000;13,7679;1,2050;6,4302;9,7519;18;0;92,634
4,4282;36,3952;39,8328;-41,0628;-99,4856;31,8305;52,9209;162,0926;509,904;53,905;100,000;200,000;24,2372;-9,8489;0,0000;-16,0714;-3,6199;-7,9076;19,6574;2,8838;7,0102;0,0000;13,7693;1,2124;6,4332;9,7387;18;0;92,952
4,4302;36,4454;39,8125;-41,0628;-99,5188;31,8230;52,9046;162,1334;509,687;54,258;100,000;200,000;24,2432;-9,8343;0,0000;-16,0429;-3,6173;-7,8942;19,6775;2,8823;7,0176;0,0000;13,7707;1,2198;6,4363;9,7254;18;0;93,271
4,4323;36,4957;39,7921;-41,0628;-99,5520;31,8155;52,8882;162,1742;509,470;54,611;100,000;200,000;24,2492;-9,8198;0,0000;-16,0143;-3,6148;-7,8809;19,6977;2,8807;7,0250;0,0000;13,7721;1,2273;6,4393;9,7120;18;0;93,590
4,4344;36,5459;39,7718;-41,0628;-99,5852;31,8080;52,8719;162,2150;509,253;54,964;100,000;200,000;24,2551;-9,8052;0,0000;-15,9858;-3,6123;-7,8676;19,7178;2,8791;7,0324;0,0000;13,7736;1,2347;6,4424;9,6986;18;0;93,909
4,4364;36,5961;39,7515;-41,0628;-99,6182;31,8006;52,8556;162,2558;509,036;55,317;100,000;200,000;24,2611;-9,7907;0,0000;-15,9573;-3,6097;-7,8542;19,7378;2,8775;7,0398;0,0000;13,7750;1,2422;6,4455;9,6852;18;0;94,228
4,4385;36,6464;39,7312;-41,0628;-99,6513;31,7931;52,8394;162,2967;508,819;55,669;100,000;200,000;24,2671;-9,7761;0,0000;-15,9287;-3,6071;-7,8409;19,7579;2,8758;7,0472;0,0000;13,7765;1,2497;6,4485;9,6717;18;0;94,548
4,4406;36,6967;39,7110;-41,0628;-99,6842;31,7856;52,8232;162,3377;508,602;56,022;100,000;200,000;24,2730;-9,7615;0,0000;-15,9002;-3,6045;-7,8275;19,7779;2,8741;7,0546;0,0000;13,7780;1,2572;6,4516;9,6582;18;0;94,867
4,4427;36,7469;39,6908;-41,0628;-99,7171;31,7781;52,8070;162,3787;508,385;56,375;100,000;200,000;24,2790;-9,7469;0,0000;-15,8717;-3,6019;-7,8141;19,7979;2,8723;7,0621;0,0000;13,7796;1,2647;6,4547;9,6446;18;0;95,187
4,4447;36,7972;39,6706;-41,0628;-99,7500;31,7707;52,7908;162,4197;508,168;56,728;100,000;200,000;24,2849;-9,7322;0,0000;-15,8431;-3,5993;-7,8008;19,8179;1,3001;51,7083;0,0000;4,9602;50,3920;-27,0303;-25,3615;18;0;95,508
4,4468;36,8475;39,6505;-41,0628;-99,7828;31,7632;52,7747;162,4608;507,950;57,081;100,000;200,000;24,2843;-9,5327;0,0000;-15,8511;-3,3932;-7,9261;19,6928;-1,3729;127,4109;0,0000;-9,9882;133,7358;-83,7919;-84,7699;18;0;95,828
4,4489;36,8978;39,6311;-41,0628;-99,8156;31,7566;52,7580;162,5013;507,733;57,433;99,993;199,982;24,2792;-9,2044;0,0000;-15,8845;-3,0453;-8,1479;19,4667;-0,9174;113,9017;0,0000;-7,2976;118,9659;-73,5993;-74,3162;18;0;96,146
4,4509;36,9481;39,6123;-41,0628;-99,8486;31,7506;52,7409;162,5414;507,516;57,786;99,982;200,000;24,2805;-9,0608;0,0000;-15,8814;-2,9004;-8,2310;19,3850;1,7268;38,3454;0,0000;7,6480;35,8888;-16,8754;-15,1812;18;0;96,462
4,4530;36,9984;39,5936;-41,0628;-99,8814;31,7446;52,7239;162,5816;507,299;58,139;99,971;200,000;24,2864;-9,0456;0,0000;-15,8528;-2,8966;-8,2178;19,4038;-8,7155;153,5893;0,0000;-10,4109;161,0608;-99,2317;-109,0937;18;0;96,779
4,4551;37,0487;39,5749;-41,0628;-99,9142;31,7386;52,7069;162,6218;507,082;58,491;99,960;200,000;24,2444;-8,4246;0,0000;-15,9245;-2,2332;-8,6420;18,9331;-21,8847;320,4024;0,0000;-37,9822;342,8603;-219,6441;-244,0783;18;0;97,095
4,4572;37,0988;39,5587;-41,0628;-99,9474;31,7354;52,6881;162,6600;506,866;58,843;99,927;199,963;24,1957;-7,7184;0,0000;-16,0102;-1,4764;-9,1276;18,3928;-12,0253;194,9056;0,0000;-17,1862;206,4395;-128,8668;-142,9962;18;0;97,403
4,4592;37,1489;39,5429;-41,0628;-99,9805;31,7325;52,6690;162,6980;506,650;59,194;99,892;200,000;24,1946;-7,6173;0,0000;-15,9957;-1,3781;-9,1758;18,3408;-8,2192;95,1516;0,0000;2,2932;96,8441;-54,1901;-64,7605;18;0;97,709
4,4613;37,1990;39,5271;-41,0628;-100,0136;31,7297;52,6501;162,7360;506,433;59,546;99,857;200,000;24,1617;-7,3242;0,0000;-16,0007;-1,0752;-9,3521;18,1245;-32,9356;263,5873;0,0000;-17,1852;277,3157;-168,5602;-207,2568;18;0;98,015
4,4634;37,2490;39,5126;-41,0628;-100,0468;31,7281;52,6303;162,7730;506,218;59,896;99,812;199,904;24,0582;-6,5254;0,0000;-16,0669;-0,2293;-9,8741;17,4822;-40,6920;319,1085;0,0000;-23,8811;337,1641;-206,3927;-254,3240;18;0;98,318
4,4654;37,2987;39,5001;-41,0628;-100,0802;31,7287;52,6092;162,8084;506,003;60,245;99,750;200,000;23,9931;-6,0024;0,0000;-16,0996;0,3214;-10,2070;17,0710;-14,6841;131,7882;0,0000;-1,1177;136,4330;-78,0894;-97,1191;18;0;98,612
4,4675;37,3484;39,4877;-41,0628;-100,1135;31,7294;52,5880;162,8437;505,788;60,594;99,688;200,000;23,9974;-5,9795;0,0000;-16,0715;0,3358;-10,1976;17,0799;-41,0244;222,3896;0,0000;-2,1124;230,1042;-131,3723;-181,0328;18;0;98,906
4,4696;37,3981;39,4753;-41,0628;-100,1468;31,7301;52,5669;162,8791;505,574;60,943;99,626;199,997;23,8232;-5,0812;0,0000;-16,1083;1,2746;-10,7512;16,3211;-83,8993;432,6942;0,0000;-17,7029;452,3853;-266,5530;-365,7401;18;0;99,201
4,4717;37,4471;39,4666;-41,0628;-100,1802;31,7347;52,5435;162,9114;505,362;61,287;99,534;200,000;23,6498;-4,1871;0,0000;-16,1448;2,2098;-11,3017;15,5649;-40,6526;220,5193;0,0000;-1,9393;228,7926;-129,8452;-180,2139;18;0;99,480
4,4737;37,4961;39,4580;-41,0628;-100,2137;31,7393;52,5201;162,9436;505,150;61,631;99,443;200,000;23,6548;-4,1677;0,0000;-16,1164;2,2223;-11,2891;15,5746;-50,4667;203,1239;0,0000;9,0021;207,0892;-110,2017;-172,6040;18;0;99,760
4,4758;37,5451;39,4494;-41,0628;-100,2470;31,7439;52,4967;162,9759;504,938;61,975;99,352;200,000;23,4408;-3,3457;0,0000;-16,1075;3,0676;-11,7582;14,8499;-115,1349;440,2095;0,0000;3,2122;453,3231;-252,3917;-389,8398;18;0;100,040
4,4779;37,5932;39,4441;-41,0628;-100,2804;31,7520;52,4714;163,0051;504,730;62,313;99,235;199,907;23,1779;-2,3442;0,0000;-16,1031;4,1001;-12,3346;13,9598;-74,1402;289,9890;0,0000;6,8925;297,9849;-161,9757;-253,0120;18;0;100,305
4,4799;37,6411;39,4397;-41,0628;-100,3137;31,7609;52,4456;163,0337;504,523;62,650;99,112;200,000;23,1337;-2,1445;0,0000;-16,0790;4,3019;-12,4292;13,8019;-79,2637;254,3184;0,0000;18,4205;257,3347;-131,1935;-228,9774;18;0;100,568
4,4820;37,6890;39,4353;-41,0628;-100,3470;31,7698;52,4199;163,0623;504,316;62,987;98,989;200,000;22,8495;-1,2907;0,0000;-16,0268;5,1661;-12,8780;13,0113;-157,8227;471,7445;0,0000;26,9098;478,1312;-249,5933;-438,9809;18;0;100,830
4,4841;37,7357;39,4343;-41,0628;-100,3801;31,7823;52,3923;163,0876;504,113;63,316;98,841;199,870;22,4799;-0,1904;0,0000;-15,9675;6,2825;-13,4631;11,9835;-108,7982;330,4684;0,0000;22,8716;334,9365;-170,9895;-304,6401;18;0;101,077
4,4861;37,7821;39,4345;-41,0628;-100,4131;31,7958;52,3641;163,1119;503,912;63,643;98,684;200,000;22,3988;0,0782;0,0000;-15,9320;6,5535;-13,5863;11,7493;-120,0334;308,3151;0,0000;35,7161;307,7398;-146,8533;-294,4314;18;0;101,319
4,4882;37,8285;39,4347;-41,0628;-100,4461;31,8094;52,3360;163,1363;503,711;63,970;98,528;200,000;21,9827;1,0868;0,0000;-15,8196;7,5573;-14,0714;10,7638;-219,2196;529,9772;0,0000;57,9477;527,8464;-255,7559;-519,2335;18;0;101,561
4,4903;37,8732;39,4390;-41,0628;-100,4787;31,8271;52,3059;163,1565;503,517;64,285;98,342;199,889;21,4908;2,2735;0,0000;-15,6920;8,7400;-14,6457;9,5985;-139,2908;341,3842;0,0000;42,2414;340,4162;-159,8035;-331,7060;18;0;101,783
4,4924;37,9175;39,4441;-41,0628;-100,5111;31,8456;52,2753;163,1760;503,324;64,598;98,151;200,000;21,4057;2,5009;0,0000;-15,6446;8,9674;-14,7333;9,3898;-171,0886;356,4262;0,0000;61,4849;349,0861;-151,6360;-361,3948;18;0;102,001
4,4944;37,9619;39,4493;-41,0628;-100,5435;31,8643;52,2448;163,1954;503,132;64,910;97,959;199,980;20,7821;3,7499;0,0000;-15,4373;10,1861;-15,2739;8,1015;-297,9791;597,0205;0,0000;99,1892;582,9265;-258,0540;-616,1599;18;0;102,220
4,4965;38,0036;39,4596;-41,0628;-100,5750;31,8878;52,2121;163,2096;502,950;65,206;97,733;200,000;20,1714;4,9740;0,0000;-15,2337;11,3821;-15,8023;6,8374;-195,4413;382,3388;0,0000;73,1070;372,5606;-155,9548;-396,1783;18;0;102,411
4,4986;38,0454;39,4699;-41,0628;-100,6066;31,9114;52,1794;163,2237;502,768;65,501;97,507;200,000;19,9725;5,3337;0,0000;-15,1344;11,7293;-15,9199;6,4604;-230,3434;395,4742;0,0000;94,8312;378,3037;-144,5163;-426,1913;18;0;102,602
4,5006;38,0864;39,4817;-41,0628;-100,6377;31,9364;52,1461;163,2363;502,590;65,791;97,271;199,794;19,2172;6,6122;0,0000;-14,8409;12,9491;-16,4009;5,0720;-315,8689;536,7939;0,0000;124,7007;513,0423;-200,1601;-582,3451;18;0;102,787
4,5027;38,1250;39,4973;-41,0628;-100,6680;31,9650;52,1114;163,2447;502,421;66,065;97,011;200,000;18,6640;7,5573;0,0000;-14,6179;13,8545;-16,7490;4,0481;-250,6150;401,1852;0,0000;107,8190;380,4418;-135,9222;-443,3280;18;0;102,948
4,5048;38,1637;39,5130;-41,0628;-100,6983;31,9938;52,0768;163,2531;502,253;66,340;96,750;200,000;18,1791;8,2740;0,0000;-14,3943;14,5251;-16,9639;3,2356;-328,0528;478,8155;0,0000;145,4935;446,3833;-148,0554;-546,1482;18;0;103,111
4,5069;38,2003;39,5316;-41,0628;-100,7277;32,0252;52,0412;163,2581;502,092;66,600;96,471;199,729;17,3051;9,5407;0,0000;-14,0152;15,7036;-17,3623;1,7858;-304,2178;445,2140;0,0000;135,9772;416,1427;-136,4168;-508,1323;18;0;103,256
4,5089;38,2354;39,5525;-41,0628;-100,7563;32,0588;52,0048;163,2605;501,939;66,850;96,178;200,000;16,9189;10,1182;0,0000;-13,8310;16,2489;-17,5290;1,1308;-294,2415;392,3319;0,0000;140,0892;360,4751;-102,0055;-462,7820;18;0;103,386
4,5110;38,2704;39,5735;-41,0628;-100,7850;32,0925;51,9685;163,2628;501,785;67,099;95,886;200,000;16,0863;11,1659;0,0000;-13,4349;17,1968;-17,7849;-0,1312;-434,5502;545,5670;0,0000;205,5454;493,4238;-133,9652;-658,0889;18;0;103,518
4,5131;38,3020;39,5988;-41,0628;-100,8120;32,1301;51,9312;163,2600;501,646;67,325;95,568;199,869;15,1189;12,3781;0,0000;-12,9796;18,2928;-18,0840;-1,5953;-302,9640;378,9718;0,0000;148,9434;344,2994;-85,9986;-458,7045;18;0;103,620
4,5151;38,3330;39,6248;-41,0628;-100,8387;32,1683;51,8936;163,2562;501,510;67,547;95,246;200,000;14,8313;12,7357;0,0000;-12,8179;18,6230;-18,1411;-2,0313;-317,2420;356,7755;0,0000;163,3613;316,0174;-60,5472;-450,0276;18;0;103,719
4,5172;38,3634;39,6515;-41,0628;-100,8651;32,2072;51,8560;163,2516;501,376;67,764;94,920;199,865;13,8047;13,8560;0,0000;-12,3029;19,6018;-18,3348;-3,4594;-458,1591;501,1064;0,0000;231,0022;438,7742;-85,5214;-638,7436;18;0;103,814
4,5193;38,3902;39,6822;-41,0628;-100,8897;32,2495;51,8177;163,2419;501,257;67,957;94,573;200,000;12,9335;14,8115;0,0000;-11,8611;20,4406;-18,4953;-4,6772;-310,3591;330,6894;0,0000;163,9447;289,6401;-44,4232;-427,2803;18;0;103,879
4,5214;38,4170;39,7129;-41,0628;-100,9142;32,2919;51,7794;163,2322;501,139;68,150;94,226;200,000;12,5191;15,2259;0,0000;-11,6237;20,8016;-18,5188;-5,2294;-353,0881;341,8750;0,0000;191,0209;290,5608;-27,4951;-459,6020;18;0;103,946
4,5234;38,4421;39,7452;-41,0628;-100,9378;32,3357;51,7410;163,2202;501,027;68,331;93,871;199,768;11,4708;16,2276;0,0000;-11,0698;21,6442;-18,6092;-6,5810;-405,5549;390,3975;0,0000;217,2555;330,6163;-32,7391;-526,0816;18;0;104,001
4,5255;38,4645;39,7801;-41,0628;-100,9601;32,3815;51,7023;163,2049;500,927;68,493;93,503;200,000;10,8392;16,8430;0,0000;-10,7238;22,1711;-18,6544;-7,4086;-294,7070;271,1551;0,0000;165,1724;228,2463;-8,4282;-373,9676;18;0;104,036
4,5276;38,4870;39,8150;-41,0628;-100,9823;32,4275;51,6637;163,1895;500,827;68,656;93,136;200,000;10,2501;17,3508;0,0000;-10,3856;22,5896;-18,6442;-8,1301;-392,1052;332,5120;0,0000;219,5345;269,8673;2,8152;-474,5444;18;0;104,072
4,5296;38,5070;39,8520;-41,0628;-101,0031;32,4751;51,6251;163,1712;500,737;68,802;92,759;199,790;9,2150;18,2204;0,0000;-9,8144;23,2890;-18,6427;-9,3743;-356,9934;303,8450;0,0000;201,2419;247,8108;3,8985;-433,5917;18;0;104,091
4,5317;38,5251;39,8905;-41,0628;-101,0229;32,5240;51,5865;163,1507;500,655;68,935;92,376;200,000;8,7713;18,6095;0,0000;-9,5520;23,6162;-18,6280;-9,9262;-261,8210;210,9967;0,0000;154,5732;170,4654;17,5542;-310,1913;18;0;104,098
4,5338;38,5433;39,9291;-41,0628;-101,0427;32,5729;51,5479;163,1301;500,573;69,068;91,992;200,000;8,1304;19,0944;0,0000;-9,1741;23,9952;-18,5700;-10,6592;-394,6597;294,7298;0,0000;228,5996;227,0118;32,5849;-447,0898;18;0;104,106
4,5359;38,5588;39,9696;-41,0628;-101,0609;32,6234;51,5096;163,1066;500,503;69,183;91,601;199,831;7,1365;19,8303;0,0000;-8,6050;24,5565;-18,4930;-11,7782;-324,5949;244,6289;0,0000;190,7096;190,6471;29,2297;-370,4538;18;0;104,095
4,5379;38,5729;40,0112;-41,0628;-101,0783;32,6747;51,4713;163,0813;500,439;69,287;91,205;200,000;6,7858;20,1077;0,0000;-8,3841;24,7849;-18,4489;-12,1938;-219,5742;157,8819;0,0000;136,1155;122,8411;32,5756;-246,3202;18;0;104,076
4,5400;38,5869;40,0529;-41,0628;-101,0956;32,7260;51,4331;163,0560;500,374;69,392;90,809;200,000;6,2269;20,4843;0,0000;-8,0412;25,0654;-18,3581;-12,7986;-360,2666;238,2097;0,0000;216,0436;173,1213;54,4551;-384,5969;18;0;104,058
4,5421;38,5987;40,0961;-41,0628;-101,1116;32,7785;51,3953;163,0283;500,320;69,480;90,409;199,851;5,2935;21,0945;0,0000;-7,4892;25,5020;-18,2234;-13,7869;-315,1434;209,7824;0,0000;190,9133;153,9829;49,4812;-338,1696;18;0;104,024
4,5441;38,6089;40,1403;-41,0628;-101,1267;32,8317;51,3576;162,9989;500,272;69,558;90,005;200,000;4,9215;21,3533;0,0000;-7,2504;25,7032;-18,1531;-14,1994;-175,1520;115,5302;0,0000;114,0631;87,6954;38,2233;-189,3200;18;0;103,981
4,5462;38,6191;40,1845;-41,0628;-101,1416;32,8850;51,3201;162,9695;500,224;69,636;89,601;200,000;4,5679;21,5731;0,0000;-7,0167;25,8653;-18,0650;-14,5711;-293,4446;173,2073;0,0000;183,0512;118,6514;63,6604;-297,6872;18;0;103,940
4,5483;38,6278;40,2296;-41,0628;-101,1557;32,9388;51,2828;162,9386;500,183;69,703;89,194;199,875;3,7059;22,0708;0,0000;-6,4921;26,1947;-17,8894;-15,4325;-330,1830;193,0899;0,0000;204,1113;130,4423;70,1583;-332,8210;18;0;103,890
4,5504;38,6344;40,2759;-41,0628;-101,1685;32,9935;51,2460;162,9056;500,150;69,756;88,785;200,000;3,2002;22,3729;0,0000;-6,1712;26,4056;-17,7744;-15,9498;-133,5953;84,4129;0,0000;91,8207;64,2722;37,2024;-142,4447;18;0;103,826
4,5524;38,6410;40,3223;-41,0628;-101,1813;33,0482;51,2092;162,8725;500,118;69,809;88,375;200,000;3,1526;22,4205;0,0000;-6,1118;26,4609;-17,7353;-16,0225;-201,3524;108,3111;0,0000;132,9536;71,4673;58,2454;-197,1525;18;0;103,764
4,5545;38,6475;40,3688;-41,0628;-101,1939;33,1031;51,1725;162,8392;500,086;69,860;87,965;199,975;2,3661;22,8216;0,0000;-5,6205;26,7016;-17,5331;-16,7664;-367,4862;187,6651;0,0000;230,0831;112,9081;95,0105;-347,8702;18;0;103,702
4,5566;38,6508;40,4168;-41,0628;-101,2046;33,1588;51,1366;162,8031;500,067;69,891;87,553;200,000;1,6303;23,1978;0,0000;-5,1587;26,9286;-17,3417;-17,4635;-176,9179;96,1866;0,0000;118,7414;64,5993;53,1430;-174,3146;18;0;103,621
4,5586;38,6542;40,4649;-41,0628;-101,2152;33,2146;51,1007;162,7669;500,049;69,921;87,140;200,000;1,6333;23,2200;0,0000;-5,1286;26,9692;-17,3130;-17,4885;-91,7439;49,5419;0,0000;69,9798;36,3572;38,4860;-92,0920;18;0;103,541
4,5607;38,6576;40,5130;-41,0628;-101,2258;33,2705;51,0648;162,7306;500,030;69,951;86,727;200,000;1,2503;23,4031;0,0000;-4,8688;27,0792;-17,1823;-17,8450;-264,2152;121,3446;0,0000;172,6538;67,1801;84,0801;-240,0404;18;0;103,463
4,5628;38,6594;40,5618;-41,0628;-101,2354;33,3268;51,0295;162,6929;500,019;69,970;86,314;199,915;0,5388;23,7226;0,0000;-4,4134;27,2475;-16,9647;-18,4828;-250,2858;115,2965;0,0000;164,3985;64,2176;80,5289;-227,6649;20;0;103,375
4,5649;38,6598;40,6113;-41,0628;-101,2441;33,3834;50,9946;162,6541;500,013;69,979;85,900;200,000;0,2135;23,8807;0,0000;-4,1878;27,3453;-16,8487;-18,7881;-77,7688;43,1905;0,0000;61,7410;32,8538;35,0855;-79,1934;20;0;103,279
4,5669;38,6603;40,6608;-41,0628;-101,2527;33,4401;50,9597;162,6151;500,007;69,989;85,486;200,000;0,2167;23,9016;0,0000;-4,1577;27,3836;-16,8194;-18,8109;-64,4452;34,7251;0,0000;54,3019;27,0148;33,5812;-65,3005;20;0;103,186
4,5690;38,6607;40,7103;-41,0628;-101,2613;33,4968;50,9249;162,5761;500,001;69,998;85,071;200,000;-0,0535;24,0245;0,0000;-3,9629;27,4572;-16,7096;-19,0586;-144,1724;64,4355;0,0000;102,3510;37,1577;57,0569;-130,7805;20;0;103,093
4,5711;38,6601;40,7603;-41,0628;-101,2692;33,5538;50,8905;162,5362;500,000;70,000;84,657;199,990;-0,3805;24,1685;0,0000;-3,7337;27,5375;-16,5830;-19,3526;-91,9237;44,7849;0,0000;70,8885;30,1546;41,7646;-87,5372;20;0;102,995
4,5731;38,6592;40,8104;-41,0628;-101,2768;33,6109;50,8562;162,4960;500,000;70,000;84,243;200,000;-0,4342;24,2100;0,0000;-3,6692;27,5821;-16,5366;-19,4212;-12,1711;14,9104;0,0000;22,8471;19,7081;18,3699;-21,7540;20;0;102,897
4,5752;38,6583;40,8606;-41,0628;-101,2844;33,6681;50,8220;162,4557;500,000;70,000;83,829;200,000;-0,4309;24,2302;0,0000;-3,6391;27,6192;-16,5069;-19,4427;1,5890;9,7486;0,0000;14,5602;17,8973;14,3490;-10,3929;20;0;102,800
4,5773;38,6574;40,9108;-41,0628;-101,2919;33,7253;50,7878;162,4154;500,000;70,000;83,415;200,000;-0,4277;24,2504;0,0000;-3,6089;27,6562;-16,4772;-19,4642;1,5925;9,7307;0,0000;14,5613;17,8711;14,3694;-10,3621;20;0;102,705
4,5794;38,6565;40,9610;-41,0628;-101,2993;33,7826;50,7537;162,3751;500,000;70,000;83,000;200,000;-0,4243;24,2705;0,0000;-3,5788;27,6932;-16,4474;-19,4857;1,5959;9,7128;0,0000;14,5624;17,8447;14,3897;-10,3312;20;0;102,611
4,5814;38,6556;41,0113;-41,0628;-101,3067;33,8400;50,7197;162,3347;500,000;70,000;82,586;200,000;-0,4210;24,2906;0,0000;-3,5486;27,7301;-16,4176;-19,5070;1,5994;9,6949;0,0000;14,5635;17,8180;14,4100;-10,3000;20;0;102,519
4,5835;38,6547;41,0616;-41,0628;-101,3140;33,8975;50,6857;162,2943;500,000;70,000;82,172;200,000;-0,4177;24,3107;0,0000;-3,5184;27,7670;-16,3877;-19,5283;1,6028;9,6769;0,0000;14,5646;17,7910;14,4302;-10,2686;20;0;102,428
4,5856;38,6539;41,1120;-41,0628;-101,3213;33,9550;50,6518;162,2538;500,000;70,000;81,758;200,000;-0,4144;24,3307;0,0000;-3,4883;27,8038;-16,3578;-19,5496;1,6061;9,6589;0,0000;14,5657;17,7639;14,4503;-10,2370;20;0;102,340
4,5876;38,6530;41,1624;-41,0628;-101,3285;34,0127;50,6180;162,2133;500,000;70,000;81,343;200,000;-0,4111;24,3507;0,0000;-3,4581;27,8406;-16,3279;-19,5707;1,6095;9,6410;0,0000;14,5667;17,7364;14,4703;-10,2051;20;0;102,252
4,5897;38,6522;41,2129;-41,0628;-101,3356;34,0704;50,5842;162,1727;500,000;70,000;80,929;200,000;-0,4077;24,3707;0,0000;-3,4279;27,8773;-16,2979;-19,5918;1,6128;9,6229;0,0000;14,5678;17,7088;14,4903;-10,1731;20;0;102,167
4,5918;38,6513;41,2634;-41,0628;-101,3427;34,1281;50,5505;162,1321;500,000;70,000;80,515;200,000;-0,4044;24,3906;0,0000;-3,3977;27,9139;-16,2678;-19,6129;1,6161;9,6049;0,0000;14,5689;17,6808;14,5101;-10,1408;20;0;102,083
4,5938;38,6505;41,3139;-41,0628;-101,3497;34,1860;50,5168;162,0915;500,000;70,000;80,101;200,000;-0,4010;24,4104;0,0000;-3,3676;27,9505;-16,2378;-19,6338;1,6193;9,5868;0,0000;14,5699;17,6527;14,5299;-10,1082;20;0;102,000
4,5959;38,6497;41,3645;-41,0628;-101,3566;34,2439;50,4832;162,0508;500,000;70,000;79,686;200,000;-0,3977;24,4303;0,0000;-3,3374;27,9871;-16,2077;-19,6547;1,6226;9,5687;0,0000;14,5710;17,6243;14,5497;-10,0755;20;0;101,919
4,5980;38,6489;41,4151;-41,0628;-101,3635;34,3019;50,4497;162,0101;500,000;70,000;79,272;200,000;-0,3943;24,4501;0,0000;-3,3072;28,0235;-16,1775;-19,6756;1,6258;9,5506;0,0000;14,5720;17,5956;14,5693;-10,0425;20;0;101,840
4,6001;38,6480;41,4658;-41,0628;-101,3703;34,3600;50,4162;161,9693;500,000;70,000;78,858;200,000;-0,3909;24,4698;0,0000;-3,2770;28,0600;-16,1473;-19,6963;1,6289;9,5325;0,0000;14,5730;17,5667;14,5889;-10,0093;20;0;101,763
4,6021;38,6472;41,5165;-41,0628;-101,3771;34,4182;50,3828;161,9285;500,000;70,000;78,444;200,000;-0,3876;24,4896;0,0000;-3,2468;28,0963;-16,1171;-19,7170;1,6321;9,5143;0,0000;14,5740;17,5375;14,6084;-9,9759;20;0;101,687
4,6042;38,6464;41,5672;-41,0628;-101,3838;34,4764;50,3494;161,8876;500,000;70,000;78,029;200,000;-0,3842;24,5093;0,0000;-3,2167;28,1326;-16,0868;-19,7377;1,6352;9,4961;0,0000;14,5750;17,5081;14,6278;-9,9422;20;0;101,612
4,6063;38,6456;41,6180;-41,0628;-101,3904;34,5347;50,3161;161,8467;500,000;70,000;77,615;200,000;-0,3808;24,5289;0,0000;-3,1865;28,1688;-16,0565;-19,7582;1,6383;9,4779;0,0000;14,5760;17,4785;14,6471;-9,9083;20;0;101,540
4,6083;38,6449;41,6688;-41,0628;-101,3970;34,5931;50,2829;161,8058;500,000;70,000;77,201;200,000;-0,3774;24,5485;0,0000;-3,1563;28,2050;-16,0261;-19,7787;1,6413;9,4597;0,0000;14,5770;17,4486;14,6663;-9,8742;20;0;101,469
4,6104;38,6441;41,7197;-41,0628;-101,4035;34,6515;50,2497;161,7648;500,000;70,000;76,787;200,000;-0,3740;24,5681;0,0000;-3,1261;28,2411;-15,9957;-19,7991;1,6444;9,4414;0,0000;14,5780;17,4184;14,6855;-9,8399;20;0;101,399
4,6125;38,6433;41,7706;-41,0628;-101,4099;34,7100;50,2166;161,7238;500,000;70,000;76,373;200,000;-0,3706;24,5876;0,0000;-3,0959;28,2772;-15,9653;-19,8195;1,6474;9,4232;0,0000;14,5790;17,3880;14,7046;-9,8053;20;0;101,331
4,6146;38,6425;41,8215;-41,0628;-101,4163;34,7687;50,1836;161,6827;500,000;70,000;75,958;200,000;-0,3672;24,6071;0,0000;-3,0657;28,3131;-15,9348;-19,8397;1,6503;9,4049;0,0000;14,5799;17,3573;14,7236;-9,7706;20;0;101,265
4,6166;38,6418;41,8725;-41,0628;-101,4226;34,8273;50,1506;161,6416;500,000;70,000;75,544;200,000;-0,3638;24,6266;0,0000;-3,0355;28,3491;-15,9043;-19,8599;1,6533;9,3865;0,0000;14,5809;17,3264;14,7425;-9,7355;20;0;101,201
4,6187;38,6410;41,9236;-41,0628;-101,4289;34,8861;50,1177;161,6004;500,000;70,000;75,130;200,000;-0,3603;24,6460;0,0000;-3,0053;28,3849;-15,8737;-19,8801;1,6562;9,3682;0,0000;14,5818;17,2953;14,7613;-9,7003;20;0;101,138
4,6208;38,6403;41,9746;-41,0628;-101,4351;34,9449;50,0849;161,5592;500,000;70,000;74,716;200,000;-0,3569;24,6654;0,0000;-2,9751;28,4207;-15,8432;-19,9001;1,6590;9,3498;0,0000;14,5828;17,2639;14,7800;-9,6648;20;0;101,077
4,6228;38,6396;42,0257;-41,0628;-101,4412;35,0038;50,0521;161,5180;500,000;70,000;74,301;200,000;-0,3535;24,6847;0,0000;-2,9449;28,4564;-15,8125;-19,9201;1,6619;9,3314;0,0000;14,5837;17,2322;14,7987;-9,6291;20;0;101,017
4,6249;38,6388;42,0769;-41,0628;-101,4473;35,0628;50,0194;161,4767;500,000;70,000;73,887;200,000;-0,3500;24,7040;0,0000;-2,9147;28,4921;-15,7819;-19,9400;1,6647;9,3130;0,0000;14,5846;17,2003;14,8172;-9,5932;20;0;100,960
4,6270;38,6381;42,1281;-41,0628;-101,4533;35,1218;49,9867;161,4354;500,000;70,000;73,473;200,000;-0,3466;24,7233;0,0000;-2,8845;28,5277;-15,7511;-19,9598;1,6675;9,2946;0,0000;14,5855;17,1681;14,8357;-9,5570;20;0;100,904
4,6291;38,6374;42,1793;-41,0628;-101,4592;35,1810;49,9541;161,3941;500,000;70,000;73,059;200,000;-0,3431;24,7425;0,0000;-2,8543;28,5632;-15,7204;-19,9796;1,6703;9,2761;0,0000;14,5865;17,1357;14,8541;-9,5206;20;0;100,849
4,6311;38,6367;42,2306;-41,0628;-101,4651;35,2402;49,9216;161,3527;500,000;70,000;72,644;200,000;-0,3396;24,7617;0,0000;-2,8241;28,5987;-15,6896;-19,9993;1,6730;9,2576;0,0000;14,5873;17,1030;14,8724;-9,4840;20;0;100,796
4,6332;38,6360;42,2819;-41,0628;-101,4709;35,2994;49,8891;161,3112;500,000;70,000;72,230;200,000;-0,3362;24,7809;0,0000;-2,7938;28,6340;-15,6588;-20,0189;1,6757;9,2391;0,0000;14,5882;17,0701;14,8906;-9,4472;20;0;100,745
4,6353;38,6353;42,3332;-41,0628;-101,4767;35,3588;49,8567;161,2697;500,000;70,000;71,816;200,000;-0,3327;24,8000;0,0000;-2,7636;28,6694;-15,6279;-20,0384;1,6784;9,2206;0,0000;14,5891;17,0370;14,9087;-9,4101;20;0;100,696
4,6373;38,6346;42,3846;-41,0628;-101,4823;35,4182;49,8244;161,2282;500,000;70,000;71,402;200,000;-0,3292;24,8191;0,0000;-2,7334;28,7046;-15,5970;-20,0579;1,6811;9,2021;0,0000;14,5900;17,0035;14,9268;-9,3728;20;0;100,648
4,6394;38,6339;42,4360;-41,0628;-101,4880;35,4777;49,7921;161,1866;500,000;70,000;70,988;200,000;-0,3257;24,8381;0,0000;-2,7032;28,7398;-15,5661;-20,0772;1,6837;9,1835;0,0000;14,5908;16,9698;14,9447;-9,3352;20;0;100,602
4,6415;38,6333;42,4875;-41,0628;-101,4935;35,5372;49,7599;161,1450;500,000;70,000;70,573;200,000;-0,3222;24,8571;0,0000;-2,6730;28,7749;-15,5351;-20,0965;1,6863;9,1649;0,0000;14,5917;16,9359;14,9625;-9,2975;20;0;100,557
4,6436;38,6326;42,5390;-41,0628;-101,4990;35,5969;49,7278;161,1034;500,000;70,000;70,159;200,000;-0,3187;24,8761;0,0000;-2,6427;28,8100;-15,5041;-20,1158;1,6888;9,1463;0,0000;14,5925;16,9017;14,9803;-9,2595;20;0;100,515
4,6456;38,6319;42,5905;-41,0628;-101,5045;35,6566;49,6957;161,0617;500,000;70,000;69,745;200,000;-0,3152;24,8950;0,0000;-2,6125;28,8449;-15,4731;-20,1349;1,6914;9,1277;0,0000;14,5934;16,8673;14,9980;-9,2212;20;0;100,474
4,6477;38,6313;42,6421;-41,0628;-101,5099;35,7164;49,6637;161,0200;500,000;70,000;69,331;200,000;-0,3117;24,9139;0,0000;-2,5823;28,8798;-15,4420;-20,1540;1,6939;9,1090;0,0000;14,5942;16,8326;15,0155;-9,1828;20;0;100,434
4,6498;38,6307;42,6937;-41,0628;-101,5152;35,7762;49,6317;160,9782;500,000;70,000;68,916;200,000;-0,3082;24,9327;0,0000;-2,5521;28,9146;-15,4109;-20,1729;1,6963;9,0903;0,0000;14,5950;16,7976;15,0330;-9,1441;20;0;100,397
4,6518;38,6300;42,7454;-41,0628;-101,5204;35,8361;49,5999;160,9364;500,000;70,000;68,502;200,000;-0,3047;24,9516;0,0000;-2,5218;28,9494;-15,3797;-20,1918;1,6988;9,0716;0,0000;14,5958;16,7624;15,0504;-9,1052;20;0;100,361
4,6539;38,6294;42,7971;-41,0628;-101,5256;35,8961;49,5680;160,8946;500,000;70,000;68,088;200,000;-0,3012;24,9703;0,0000;-2,4916;28,9841;-15,3485;-20,2106;1,7012;9,0529;0,0000;14,5966;16,7269;15,0677;-9,0660;20;0;100,327
4,6560;38,6288;42,8488;-41,0628;-101,5308;35,9562;49,5363;160,8527;500,000;70,000;67,674;200,000;-0,2977;24,9891;0,0000;-2,4614;29,0187;-15,3173;-20,2294;1,7036;9,0342;0,0000;14,5974;16,6912;15,0848;-9,0266;20;0;100,294
4,6581;38,6282;42,9006;-41,0628;-101,5358;36,0163;49,5046;160,8108;500,000;70,000;67,259;200,000;-0,2941;25,0077;0,0000;-2,4311;29,0532;-15,2860;-20,2480;1,7059;9,0154;0,0000;14,5982;16,6553;15,1019;-8,9870;20;0;100,263
4,6601;38,6276;42,9524;-41,0628;-101,5408;36,0765;49,4730;160,7688;500,000;70,000;66,845;200,000;-0,2906;25,0264;0,0000;-2,4009;29,0877;-15,2547;-20,2666;1,7083;8,9966;0,0000;14,5990;16,6190;15,1189;-8,9472;20;0;100,234
4,6622;38,6270;43,0043;-41,0628;-101,5458;36,1368;49,4414;160,7268;500,000;70,000;66,431;200,000;-0,2871;25,0450;0,0000;-2,3707;29,1221;-15,2234;-20,2851;1,7106;8,9778;0,0000;14,5997;16,5825;15,1358;-8,9071;20;0;100,207
4,6643;38,6264;43,0562;-41,0628;-101,5507;36,1972;49,4099;160,6848;500,000;70,000;66,017;200,000;-0,2835;25,0636;0,0000;-2,3404;29,1564;-15,1921;-20,3035;1,7128;8,9590;0,0000;14,6005;16,5458;15,1526;-8,8668;20;0;100,181
4,6663;38,6258;43,1081;-41,0628;-101,5555;36,2576;49,3785;160,6427;500,000;70,000;65,602;200,000;-0,2800;25,0821;0,0000;-2,3102;29,1906;-15,1606;-20,3218;1,7151;8,9401;0,0000;14,6012;16,5088;15,1693;-8,8263;20;0;100,157
4,6684;38,6252;43,1601;-41,0628;-101,5602;36,3181;49,3471;160,6006;500,000;70,000;65,188;200,000;-0,2764;25,1006;0,0000;-2,2799;29,2248;-15,1292;-20,3401;1,7173;8,9213;0,0000;14,6020;16,4715;15,1859;-8,7855;20;0;100,134
4,6705;38,6246;43,2121;-41,0628;-101,5649;36,3787;49,3158;160,5585;500,000;70,000;64,774;200,000;-0,2729;25,1191;0,0000;-2,2497;29,2588;-15,0977;-20,3582;1,7195;8,9024;0,0000;14,6027;16,4340;15,2024;-8,7445;20;0;100,114
4,6726;38,6241;43,2641;-41,0628;-101,5695;36,4393;49,2846;160,5163;500,000;70,000;64,360;200,000;-0,2693;25,1375;0,0000;-2,2195;29,2928;-15,0662;-20,3763;1,7216;8,8835;0,0000;14,6034;16,3963;15,2188;-8,7033;20;0;100,095
4,6746;38,6235;43,3162;-41,0628;-101,5741;36,5000;49,2534;160,4741;500,000;70,000;63,946;200,000;-0,2657;25,1559;0,0000;-2,1892;29,3268;-15,0347;-20,3943;1,7238;8,8646;0,0000;14,6041;16,3583;15,2351;-8,6618;20;0;100,078
4,6767;38,6230;43,3683;-41,0628;-101,5786;36,5608;49,2223;160,4318;500,000;70,000;63,531;200,000;-0,2621;25,1742;0,0000;-2,1590;29,3606;-15,0031;-20,4122;1,7259;8,8456;0,0000;14,6048;16,3200;15,2512;-8,6201;20;0;100,062
4,6788;38,6224;43,4205;-41,0628;-101,5830;36,6216;49,1912;160,3895;500,000;70,000;63,117;200,000;-0,2586;25,1925;0,0000;-2,1287;29,3944;-14,9715;-20,4300;1,7279;8,8266;0,0000;14,6055;16,2814;15,2673;-8,5782;20;0;100,049
4,6808;38,6219;43,4727;-41,0628;-101,5874;36,6825;49,1603;160,3472;500,000;70,000;62,703;200,000;-0,2550;25,2108;0,0000;-2,0985;29,4280;-14,9399;-20,4477;1,7300;8,8077;0,0000;14,6062;16,2426;15,2833;-8,5360;20;0;100,037
4,6829;38,6214;43,5249;-41,0628;-101,5917;36,7435;49,1293;160,3048;500,000;70,000;62,289;200,000;-0,2514;25,2290;0,0000;-2,0682;29,4616;-14,9082;-20,4653;1,7320;8,7886;0,0000;14,6069;16,2036;15,2992;-8,4936;20;0;100,026
4,6850;38,6209;43,5772;-41,0628;-101,5960;36,8046;49,0985;160,2624;500,000;70,000;61,874;200,000;-0,2478;25,2472;0,0000;-2,0380;29,4952;-14,8765;-20,4829;1,7340;8,7696;0,0000;14,6075;16,1643;15,3150;-8,4510;20;0;100,018
4,6871;38,6203;43,6295;-41,0628;-101,6002;36,8657;49,0677;160,2200;500,000;70,000;61,460;200,000;-0,2442;25,2653;0,0000;-2,0077;29,5286;-14,8448;-20,5003;1,7359;8,7506;0,0000;14,6082;16,1247;15,3306;-8,4082;20;0;100,011
4,6891;38,6198;43,6818;-41,0628;-101,6043;36,9269;49,0370;160,1775;500,000;70,000;61,046;200,000;-0,2406;25,2834;0,0000;-1,9774;29,5620;-14,8130;-20,5177;1,7378;8,7315;0,0000;14,6088;16,0849;15,3462;-8,3651;20;0;100,005
4,6912;38,6194;43,7342;-41,0628;-101,6084;36,9881;49,0064;160,1350;500,000;70,000;60,632;200,000;-0,2370;25,3015;0,0000;-1,9472;29,5952;-14,7812;-20,5350;1,7397;8,7124;0,0000;14,6095;16,0448;15,3616;-8,3218;20;0;100,002
4,6933;38,6189;43,7866;-41,0628;-101,6124;37,0495;48,9758;160,0924;500,000;70,000;60,217;200,000;-0,2334;25,3195;0,0000;-1,9169;29,6284;-14,7494;-20,5522;1,7416;8,6933;0,0000;14,6101;16,0045;15,3770;-8,2782;20;0;100,000
4,6953;38,6184;43,8391;-41,0628;-101,6163;37,1109;48,9453;160,0498;500,000;70,000;59,803;200,000;-0,2298;25,3375;0,0000;-1,8867;29,6615;-14,7175;-20,5693;1,7434;8,6742;0,0000;14,6107;15,9639;15,3922;-8,2345;20;0;100,000
4,6974;38,6179;43,8916;-41,0628;-101,6202;37,1723;48,9148;160,0072;500,000;70,000;59,389;200,000;-0,2262;25,3555;0,0000;-1,8564;29,6945;-14,6856;-20,5863;1,7452;8,6550;0,0000;14,6113;15,9231;15,4073;-8,1905;20;0;100,000
4,6995;38,6174;43,9441;-41,0628;-101,6240;37,2339;48,8844;159,9646;500,000;70,000;58,975;200,000;-0,2226;25,3734;0,0000;-1,8261;29,7275;-14,6537;-20,6032;1,7470;8,6359;0,0000;14,6119;15,8820;15,4224;-8,1462;20;0;100,000
4,7016;38,6170;43,9967;-41,0628;-101,6278;37,2955;48,8541;159,9219;500,000;70,000;58,561;200,000;-0,2190;25,3912;0,0000;-1,7959;29,7603;-14,6217;-20,6200;1,7488;8,6167;0,0000;14,6125;15,8406;15,4373;-8,1018;20;0;100,000
4,7036;38,6165;44,0493;-41,0628;-101,6314;37,3572;48,8239;159,8792;500,000;70,000;58,146;200,000;-0,2153;25,4091;0,0000;-1,7656;29,7931;-14,5897;-20,6368;1,7505;8,5975;0,0000;14,6131;15,7990;15,4521;-8,0571;20;0;100,000
4,7057;38,6161;44,1020;-41,0628;-101,6351;37,4189;48,7937;159,8364;500,000;70,000;57,732;200,000;-0,2117;25,4268;0,0000;-1,7353;29,8258;-14,5577;-20,6534;1,7522;8,5783;0,0000;14,6136;15,7571;15,4668;-8,0122;20;0;100,000
4,7078;38,6157;44,1546;-41,0628;-101,6386;37,4807;48,7636;159,7936;500,000;70,000;57,318;200,000;-0,2081;25,4446;0,0000;-1,7051;29,8584;-14,5257;-20,6700;1,7538;8,5590;0,0000;14,6142;15,7150;15,4813;-7,9670;20;0;100,000
4,7098;38,6152;44,2074;-41,0628;-101,6421;37,5426;48,7335;159,7508;500,000;70,000;56,904;200,000;-0,2044;25,4623;0,0000;-1,6748;29,8909;-14,4936;-20,6864;1,7555;8,5398;0,0000;14,6147;15,6726;15,4958;-7,9216;20;0;100,000
4,7119;38,6148;44,2601;-41,0628;-101,6456;37,6045;48,7035;159,7079;500,000;70,000;56,489;200,000;-0,2008;25,4800;0,0000;-1,6445;29,9233;-14,4615;-20,7028;1,7571;8,5205;0,0000;14,6153;15,6300;15,5101;-7,8760;20;0;100,000
4,7140;38,6144;44,3129;-41,0628;-101,6489;37,6665;48,6736;159,6650;500,000;70,000;56,075;200,000;-0,1972;25,4976;0,0000;-1,6143;29,9556;-14,4293;-20,7190;1,7586;8,5012;0,0000;14,6158;15,5871;15,5244;-7,8302;20;0;100,000
4,7160;38,6140;44,3657;-41,0628;-101,6523;37,7286;48,6438;159,6221;500,000;70,000;55,661;200,000;-0,1935;25,5152;0,0000;-1,5840;29,9879;-14,3972;-20,7352;1,7602;8,4819;0,0000;14,6163;15,5439;15,5385;-7,7841;20;0;100,000
4,7181;38,6136;44,4186;-41,0628;-101,6555;37,7908;48,6140;159,5791;500,000;70,000;55,247;200,000;-0,1899;25,5327;0,0000;-1,5537;30,0200;-14,3650;-20,7513;1,7617;8,4626;0,0000;14,6168;15,5005;15,5525;-7,7378;20;0;100,000
4,7202;38,6132;44,4715;-41,0628;-101,6587;37,8530;48,5842;159,5361;500,000;70,000;54,832;200,000;-0,1862;25,5502;0,0000;-1,5234;30,0521;-14,3328;-20,7673;1,7632;8,4432;0,0000;14,6173;15,4569;15,5664;-7,6913;20;0;100,000
4,7223;38,6128;44,5244;-41,0628;-101,6618;37,9152;48,5546;159,4931;500,000;70,000;54,418;200,000;-0,1826;25,5677;0,0000;-1,4932;30,0840;-14,3005;-20,7832;1,7646;8,4239;0,0000;14,6178;15,4129;15,5802;-7,6445;20;0;100,000
4,7243;38,6125;44,5774;-41,0628;-101,6649;37,9776;48,5250;159,4500;500,000;70,000;54,004;200,000;-0,1789;25,5851;0,0000;-1,4629;30,1159;-14,2682;-20,7989;1,7661;8,4045;0,0000;14,6183;15,3688;15,5938;-7,5975;20;0;100,000
4,7264;38,6121;44,6304;-41,0628;-101,6679;38,0400;48,4955;159,4069;500,000;70,000;53,590;200,000;-0,1753;25,6025;0,0000;-1,4326;30,1477;-14,2359;-20,8146;1,7675;8,3851;0,0000;14,6188;15,3243;15,6074;-7,5503;20;0;100,000
4,7285;38,6117;44,6835;-41,0628;-101,6708;38,1025;48,4660;159,3638;500,000;70,000;53,175;200,000;-0,1716;25,6199;0,0000;-1,4023;30,1794;-14,2036;-20,8302;1,7688;8,3657;0,0000;14,6192;15,2796;15,6208;-7,5029;20;0;100,000
4,7305;38,6114;44,7365;-41,0628;-101,6737;38,1650;48,4367;159,3207;500,000;70,000;52,761;200,000;-0,1679;25,6372;0,0000;-1,3721;30,2110;-14,1712;-20,8457;1,7702;8,3462;0,0000;14,6197;15,2347;15,6341;-7,4552;20;0;100,000
4,7326;38,6110;44,7897;-41,0628;-101,6765;38,2276;48,4073;159,2775;500,000;70,000;52,347;200,000;-0,1643;25,6544;0,0000;-1,3418;30,2425;-14,1388;-20,8611;1,7715;8,3268;0,0000;14,6201;15,1895;15,6473;-7,4073;20;0;100,000
4,7347;38,6107;44,8428;-41,0628;-101,6792;38,2903;48,3781;159,2342;500,000;70,000;51,933;200,000;-0,1606;25,6717;0,0000;-1,3115;30,2739;-14,1064;-20,8764;1,7728;8,3073;0,0000;14,6206;15,1441;15,6604;-7,3592;20;0;100,000
4,7368;38,6104;44,8960;-41,0628;-101,6819;38,3530;48,3489;159,1910;500,000;70,000;51,519;200,000;-0,1569;25,6889;0,0000;-1,2812;30,3052;-14,0739;-20,8916;1,7740;8,2878;0,0000;14,6210;15,0984;15,6733;-7,3108;20;0;100,000
4,7388;38,6101;44,9492;-41,0628;-101,6846;38,4158;48,3198;159,1477;500,000;70,000;51,104;200,000;-0,1532;25,7060;0,0000;-1,2509;30,3365;-14,0415;-20,9067;1,7752;8,2683;0,0000;14,6214;15,0524;15,6862;-7,2623;20;0;100,000
4,7409;38,6097;45,0025;-41,0628;-101,6871;38,4787;48,2907;159,1044;500,000;70,000;50,690;200,000;-0,1496;25,7231;0,0000;-1,2206;30,3676;-14,0090;-20,9217;1,7764;8,2488;0,0000;14,6218;15,0062;15,6989;-7,2135;20;0;100,000
4,7430;38,6094;45,0558;-41,0628;-101,6896;38,5416;48,2618;159,0610;500,000;70,000;50,276;200,000;-0,1459;25,7402;0,0000;-1,1904;30,3986;-13,9764;-20,9365;1,7776;8,2293;0,0000;14,6222;14,9597;15,7114;-7,1644;20;0;100,000
4,7450;38,6091;45,1091;-41,0628;-101,6920;38,6046;48,2328;159,0177;500,000;70,000;49,862;200,000;-0,1422;25,7572;0,0000;-1,1601;30,4295;-13,9439;-20,9513;1,7787;8,2097;0,0000;14,6226;14,9130;15,7239;-7,1152;20;0;100,000
4,7471;38,6088;45,1625;-41,0628;-101,6944;38,6677;48,2040;158,9742;500,000;70,000;49,447;200,000;-0,1385;25,7742;0,0000;-1,1298;30,4604;-13,9113;-20,9660;1,7798;8,1901;0,0000;14,6230;14,8660;15,7362;-7,0657;20;0;100,000
4,7492;38,6086;45,2159;-41,0628;-101,6967;38,7308;48,1752;158,9308;500,000;70,000;49,033;200,000;-0,1348;25,7911;0,0000;-1,0995;30,4911;-13,8787;-20,9806;1,7809;8,1706;0,0000;14,6233;14,8188;15,7485;-7,0160;20;0;100,000
4,7513;38,6083;45,2693;-41,0628;-101,6990;38,7940;48,1465;158,8873;500,000;70,000;48,619;200,000;-0,1311;25,8080;0,0000;-1,0692;30,5218;-13,8461;-20,9951;1,7819;8,1510;0,0000;14,6237;14,7713;15,7606;-6,9661;20;0;100,000
4,7533;38,6080;45,3228;-41,0628;-101,7012;38,8572;48,1179;158,8438;500,000;70,000;48,205;200,000;-0,1274;25,8249;0,0000;-1,0389;30,5523;-13,8134;-21,0095;1,7830;8,1313;0,0000;14,6240;14,7236;15,7725;-6,9159;20;0;100,000
4,7554;38,6078;45,3763;-41,0628;-101,7033;38,9205;48,0893;158,8003;500,000;70,000;47,790;200,000;-0,1238;25,8417;0,0000;-1,0086;30,5828;-13,7807;-21,0237;1,7840;8,1117;0,0000;14,6244;14,6756;15,7844;-6,8655;20;0;100,000
4,7575;38,6075;45,4298;-41,0628;-101,7053;38,9839;48,0608;158,7568;500,000;70,000;47,376;200,000;-0,1201;25,8585;0,0000;-0,9783;30,6131;-13,7480;-21,0379;1,7849;8,0921;0,0000;14,6247;14,6273;15,7961;-6,8149;20;0;100,000
4,7595;38,6073;45,4834;-41,0628;-101,7073;39,0473;48,0323;158,7132;500,000;70,000;46,962;200,000;-0,1164;25,8752;0,0000;-0,9481;30,6434;-13,7153;-21,0520;1,7858;8,0724;0,0000;14,6250;14,5788;15,8077;-6,7641;20;0;100,000
4,7616;38,6070;45,5370;-41,0628;-101,7093;39,1108;48,0040;158,6696;500,000;70,000;46,548;200,000;-0,1127;25,8919;0,0000;-0,9178;30,6735;-13,6825;-21,0659;1,7867;8,0527;0,0000;14,6253;14,5301;15,8191;-6,7131;20;0;100,000
4,7637;38,6068;45,5906;-41,0628;-101,7111;39,1744;47,9757;158,6259;500,000;70,000;46,134;200,000;-0,1090;25,9086;0,0000;-0,8875;30,7035;-13,6498;-21,0798;1,7876;8,0330;0,0000;14,6256;14,4811;15,8305;-6,6618;20;0;100,000
4,7658;38,6066;45,6443;-41,0628;-101,7129;39,2380;47,9474;158,5822;500,000;70,000;45,719;200,000;-0,1053;25,9252;0,0000;-0,8572;30,7335;-13,6170;-21,0935;1,7885;8,0133;0,0000;14,6259;14,4319;15,8417;-6,6103;20;0;100,000
4,7678;38,6064;45,6980;-41,0628;-101,7147;39,3017;47,9193;158,5385;500,000;70,000;45,305;200,000;-0,1015;25,9418;0,0000;-0,8269;30,7633;-13,5841;-21,1072;1,7893;7,9936;0,0000;14,6262;14,3824;15,8528;-6,5586;20;0;100,000
4,7699;38,6061;45,7518;-41,0628;-101,7164;39,3654;47,8912;158,4948;500,000;70,000;44,891;200,000;-0,0978;25,9583;0,0000;-0,7966;30,7931;-13,5513;-21,1207;1,7901;7,9738;0,0000;14,6264;14,3326;15,8637;-6,5067;20;0;100,000
4,7720;38,6060;45,8056;-41,0628;-101,7180;39,4293;47,8631;158,4510;500,000;70,000;44,477;200,000;-0,0941;25,9748;0,0000;-0,7663;30,8227;-13,5184;-21,1341;1,7908;7,9541;0,0000;14,6267;14,2826;15,8745;-6,4545;20;0;100,000
4,7740;38,6058;45,8594;-41,0628;-101,7195;39,4931;47,8352;158,4073;500,000;70,000;44,062;200,000;-0,0904;25,9913;0,0000;-0,7360;30,8522;-13,4855;-21,1474;1,7915;7,9343;0,0000;14,6269;14,2324;15,8852;-6,4021;20;0;100,000
4,7761;38,6056;45,9132;-41,0628;-101,7210;39,5571;47,8073;158,3634;500,000;70,000;43,648;200,000;-0,0867;26,0077;0,0000;-0,7057;30,8816;-13,4526;-21,1606;1,7922;7,9145;0,0000;14,6272;14,1819;15,8958;-6,3495;20;0;100,000
4,7782;38,6054;45,9671;-41,0628;-101,7225;39,6210;47,7794;158,3196;500,000;70,000;43,234;200,000;-0,0830;26,0240;0,0000;-0,6754;30,9110;-13,4197;-21,1737;1,7929;7,8947;0,0000;14,6274;14,1312;15,9062;-6,2967;20;0;100,000
4,7803;38,6052;46,0210;-41,0628;-101,7238;39,6851;47,7517;158,2757;500,000;70,000;42,820;200,000;-0,0793;26,0404;0,0000;-0,6451;30,9402;-13,3867;-21,1867;1,7935;7,8749;0,0000;14,6276;14,0802;15,9165;-6,2437;20;0;100,000
4,7823;38,6051;46,0750;-41,0628;-101,7251;39,7492;47,7240;158,2318;500,000;70,000;42,405;200,000;-0,0756;26,0567;0,0000;-0,6148;30,9693;-13,3538;-21,1996;1,7941;7,8550;0,0000;14,6278;14,0289;15,9267;-6,1904;20;0;100,000
4,7844;38,6049;46,1290;-41,0628;-101,7264;39,8134;47,6964;158,1879;500,000;70,000;41,991;200,000;-0,0719;26,0729;0,0000;-0,5845;30,9983;-13,3208;-21,2124;1,7947;7,8352;0,0000;14,6280;13,9775;15,9367;-6,1370;20;0;100,000
4,7865;38,6048;46,1830;-41,0628;-101,7275;39,8776;47,6688;158,1440;500,000;70,000;41,577;200,000;-0,0681;26,0891;0,0000;-0,5542;31,0272;-13,2877;-21,2250;1,7953;7,8153;0,0000;14,6282;13,9257;15,9466;-6,0833;20;0;100,000
4,7885;38,6046;46,2370;-41,0628;-101,7287;39,9419;47,6413;158,1000;500,000;70,000;41,163;200,000;-0,0644;26,1053;0,0000;-0,5239;31,0560;-13,2547;-21,2376;1,7958;7,7954;0,0000;14,6284;13,8737;15,9564;-6,0294;20;0;100,000
4,7906;38,6045;46,2911;-41,0628;-101,7297;40,0063;47,6139;158,0560;500,000;70,000;40,748;200,000;-0,0607;26,1214;0,0000;-0,4936;31,0847;-13,2217;-21,2500;1,7963;7,7756;0,0000;14,6286;13,8215;15,9660;-5,9753;20;0;100,000
4,7927;38,6044;46,3452;-41,0628;-101,7307;40,0707;47,5865;158,0120;500,000;70,000;40,334;200,000;-0,0570;26,1375;0,0000;-0,4633;31,1132;-13,1886;-21,2623;1,7967;7,7557;0,0000;14,6287;13,7691;15,9755;-5,9210;20;0;100,000
4,7948;38,6043;46,3994;-41,0628;-101,7316;40,1351;47,5593;157,9679;500,000;70,000;39,920;200,000;-0,0533;26,1535;0,0000;-0,4330;31,1417;-13,1555;-21,2745;1,7972;7,7357;0,0000;14,6289;13,7163;15,9849;-5,8664;20;0;100,000
4,7968;38,6042;46,4536;-41,0628;-101,7325;40,1997;47,5321;157,9238;500,000;70,000;39,506;200,000;-0,0495;26,1695;0,0000;-0,4027;31,1701;-13,1224;-21,2866;1,7976;7,7158;0,0000;14,6290;13,6634;15,9941;-5,8117;20;0;100,000
4,7989;38,6041;46,5078;-41,0628;-101,7333;40,2643;47,5049;157,8797;500,000;70,000;39,092;200,000;-0,0458;26,1855;0,0000;-0,3724;31,1983;-13,0892;-21,2986;1,7980;7,6959;0,0000;14,6291;13,6102;16,0032;-5,7567;20;0;100,000
4,8010;38,6040;46,5620;-41,0628;-101,7340;40,3289;47,4778;157,8356;500,000;70,000;38,677;200,000;-0,0421;26,2014;0,0000;-0,3421;31,2264;-13,0561;-21,3104;1,7983;7,6759;0,0000;14,6292;13,5567;16,0121;-5,7015;20;0;100,000
4,8030;38,6039;46,6163;-41,0628;-101,7347;40,3936;47,4508;157,7915;500,000;70,000;38,263;200,000;-0,0384;26,2173;0,0000;-0,3118;31,2545;-13,0229;-21,3222;1,7986;7,6559;0,0000;14,6294;13,5031;16,0209;-5,6461;20;0;100,000
4,8051;38,6038;46,6706;-41,0628;-101,7353;40,4584;47,4239;157,7473;500,000;70,000;37,849;200,000;-0,0346;26,2331;0,0000;-0,2815;31,2824;-12,9897;-21,3338;1,7989;7,6359;0,0000;14,6295;13,4491;16,0296;-5,5905;20;0;100,000
4,8072;38,6037;46,7250;-41,0628;-101,7359;40,5232;47,3970;157,7031;500,000;70,000;37,435;200,000;-0,0309;26,2489;0,0000;-0,2512;31,3102;-12,9565;-21,3454;1,7992;7,6159;0,0000;14,6295;13,3950;16,0381;-5,5347;20;0;100,000
4,8093;38,6037;46,7794;-41,0628;-101,7364;40,5881;47,3702;157,6589;500,000;70,000;37,020;200,000;-0,0272;26,2647;0,0000;-0,2209;31,3379;-12,9233;-21,3568;1,7994;7,5959;0,0000;14,6296;13,3405;16,0465;-5,4786;20;0;100,000
4,8113;38,6036;46,8338;-41,0628;-101,7368;40,6530;47,3435;157,6146;500,000;70,000;36,606;200,000;-0,0235;26,2804;0,0000;-0,1906;31,3654;-12,8900;-21,3681;1,7996;7,5759;0,0000;14,6297;13,2859;16,0548;-5,4224;20;0;100,000
4,8134;38,6036;46,8882;-41,0628;-101,7372;40,7180;47,3168;157,5704;500,000;70,000;36,192;200,000;-0,0197;26,2961;0,0000;-0,1603;31,3929;-12,8568;-21,3792;1,7998;7,5559;0,0000;14,6297;13,2310;16,0629;-5,3659;20;0;100,000
4,8155;38,6036;46,9427;-41,0628;-101,7375;40,7830;47,2902;157,5261;500,000;70,000;35,778;200,000;-0,0160;26,3117;0,0000;-0,1300;31,4202;-12,8235;-21,3903;1,7999;7,5358;0,0000;14,6298;13,1759;16,0709;-5,3093;20;0;100,000
4,8175;38,6035;46,9972;-41,0628;-101,7377;40,8481;47,2637;157,4818;500,000;70,000;35,363;200,000;-0,0123;26,3273;0,0000;-0,0997;31,4475;-12,7902;-21,4012;1,8000;7,5157;0,0000;14,6298;13,1205;16,0787;-5,2524;20;0;100,000
4,8196;38,6035;47,0518;-41,0628;-101,7379;40,9133;47,2372;157,4374;500,000;70,000;34,949;200,000;-0,0085;26,3428;0,0000;-0,0694;31,4746;-12,7569;-21,4120;1,8001;7,4957;0,0000;14,6299;13,0649;16,0864;-5,1954;20;0;100,000
4,8217;38,6035;47,1064;-41,0628;-101,7380;40,9785;47,2109;157,3931;500,000;70,000;34,535;200,000;-0,0048;26,3583;0,0000;-0,0391;31,5016;-12,7236;-21,4227;1,8001;7,4756;0,0000;14,6299;13,0090;16,0940;-5,1381;20;0;100,000
4,8237;38,6035;47,1610;-41,0628;-101,7380;41,0438;47,1845;157,3487;500,000;70,000;34,121;200,000;-0,0011;26,3738;0,0000;-0,0088;31,5285;-12,6902;-21,4333;1,8002;7,4555;0,0000;14,6299;12,9530;16,1014;-5,0806;20;0;100,000
4,8258;38,6035;47,2156;-41,0628;-101,7380;41,1091;47,1583;157,3043;500,000;70,000;33,707;200,000;0,0026;26,3892;0,0000;0,0215;31,5552;-12,6569;-21,4438;1,8002;7,4354;0,0000;14,6299;12,8966;16,1086;-5,0229;20;0;100,000
4,8279;38,6035;47,2703;-41,0628;-101,7380;41,1745;47,1321;157,2599;500,000;70,000;33,292;200,000;0,0064;26,4046;0,0000;0,0518;31,5819;-12,6235;-21,4541;1,8001;7,4152;0,0000;14,6299;12,8401;16,1158;-4,9650;20;0;100,000
4,8300;38,6035;47,3250;-41,0628;-101,7378;41,2399;47,1060;157,2154;500,000;70,000;32,878;200,000;0,0101;26,4199;0,0000;0,0821;31,6084;-12,5901;-21,4644;1,8001;7,3951;0,0000;14,6298;12,7833;16,1227;-4,9069;20;0;100,000
4,8320;38,6035;47,3797;-41,0628;-101,7376;41,3054;47,0800;157,1709;500,000;70,000;32,464;200,000;0,0138;26,4352;0,0000;0,1124;31,6348;-12,5567;-21,4745;1,8000;7,3750;0,0000;14,6298;12,7263;16,1296;-4,8486;20;0;100,000
4,8341;38,6036;47,4345;-41,0628;-101,7374;41,3710;47,0540;157,1265;500,000;70,000;32,050;200,000;0,0176;26,4505;0,0000;0,1427;31,6611;-12,5233;-21,4844;1,7998;7,3548;0,0000;14,6298;12,6690;16,1363;-4,7901;20;0;100,000
4,8362;38,6036;47,4893;-41,0628;-101,7370;41,4366;47,0281;157,0819;500,000;70,000;31,635;200,000;0,0213;26,4657;0,0000;0,1730;31,6873;-12,4899;-21,4943;1,7997;7,3346;0,0000;14,6297;12,6115;16,1428;-4,7314;20;0;100,000
4,8382;38,6037;47,5441;-41,0628;-101,7366;41,5023;47,0022;157,0374;500,000;70,000;31,221;200,000;0,0250;26,4809;0,0000;0,2033;31,7134;-12,4564;-21,5040;1,7995;7,3144;0,0000;14,6297;12,5538;16,1492;-4,6725;20;0;100,000
4,8403;38,6037;47,5990;-41,0628;-101,7362;41,5680;46,9765;156,9929;500,000;70,000;30,807;200,000;0,0287;26,4960;0,0000;0,2336;31,7393;-12,4230;-21,5137;1,7993;7,2942;0,0000;14,6296;12,4958;16,1555;-4,6134;20;0;100,000
4,8424;38,6038;47,6539;-41,0628;-101,7357;41,6337;46,9508;156,9483;500,000;70,000;30,393;200,000;0,0325;26,5111;0,0000;0,2639;31,7651;-12,3895;-21,5231;1,7991;7,2740;0,0000;14,6295;12,4377;16,1616;-4,5541;20;0;100,000
4,8445;38,6038;47,7088;-41,0628;-101,7351;41,6995;46,9252;156,9037;500,000;70,000;29,978;200,000;0,0362;26,5261;0,0000;0,2942;31,7908;-12,3560;-21,5325;1,7988;7,2538;0,0000;14,6294;12,3792;16,1675;-4,4946;20;0;100,000
4,8465;38,6039;47,7637;-41,0628;-101,7344;41,7654;46,8996;156,8591;500,000;70,000;29,564;200,000;0,0399;26,5411;0,0000;0,3245;31,8164;-12,3225;-21,5418;1,7985;7,2336;0,0000;14,6293;12,3206;16,1733;-4,4349;20;0;100,000
4,8486;38,6040;47,8187;-41,0628;-101,7337;41,8313;46,8741;156,8145;500,000;70,000;29,150;200,000;0,0436;26,5561;0,0000;0,3548;31,8419;-12,2890;-21,5509;1,7982;7,2134;0,0000;14,6292;12,2617;16,1790;-4,3750;20;0;100,000
4,8507;38,6041;47,8737;-41,0628;-101,7330;41,8973;46,8487;156,7698;500,000;70,000;28,736;200,000;0,0474;26,5710;0,0000;0,3851;31,8672;-12,2555;-21,5599;1,7978;7,1931;0,0000;14,6291;12,2026;16,1845;-4,3149;20;0;100,000
4,8527;38,6042;47,9288;-41,0628;-101,7322;41,9633;46,8234;156,7252;500,000;70,000;28,321;200,000;0,0511;26,5859;0,0000;0,4154;31,8924;-12,2220;-21,5688;1,7974;7,1729;0,0000;14,6289;12,1433;16,1899;-4,2546;20;0;100,000
4,8548;38,6043;47,9839;-41,0628;-101,7313;42,0294;46,7981;156,6805;500,000;70,000;27,907;200,000;0,0548;26,6007;0,0000;0,4457;31,9175;-12,1884;-21,5775;1,7970;7,1526;0,0000;14,6288;12,0838;16,1951;-4,1942;20;0;100,000
4,8569;38,6044;48,0390;-41,0628;-101,7303;42,0956;46,7729;156,6358;500,000;70,000;27,493;200,000;0,0585;26,6155;0,0000;0,4760;31,9425;-12,1549;-21,5861;1,7966;7,1323;0,0000;14,6287;12,0240;16,2001;-4,1335;20;0;100,000
4,8590;38,6046;48,0941;-41,0628;-101,7293;42,1617;46,7477;156,5911;500,000;70,000;27,079;200,000;0,0623;26,6303;0,0000;0,5063;31,9673;-12,1213;-21,5946;1,7961;7,1120;0,0000;14,6285;11,9640;16,2051;-4,0726;20;0;100,000
4,8610;38,6047;48,1493;-41,0628;-101,7282;42,2280;46,7227;156,5463;500,000;70,000;26,665;200,000;0,0660;26,6450;0,0000;0,5366;31,9920;-12,0878;-21,6030;1,7956;7,0917;0,0000;14,6283;11,9038;16,2098;-4,0116;20;0;100,000
4,8631;38,6048;48,2045;-41,0628;-101,7271;42,2943;46,6977;156,5016;500,000;70,000;26,250;200,000;0,0697;26,6596;0,0000;0,5669;32,0166;-12,0542;-21,6112;1,7950;7,0714;0,0000;14,6281;11,8433;16,2144;-3,9503;20;0;100,000
4,8652;38,6050;48,2597;-41,0628;-101,7259;42,3606;46,6727;156,4568;500,000;70,000;25,836;200,000;0,0734;26,6743;0,0000;0,5972;32,0411;-12,0206;-21,6194;1,7945;7,0511;0,0000;14,6279;11,7826;16,2189;-3,8889;20;0;100,000
4,8672;38,6051;48,3150;-41,0628;-101,7246;42,4270;46,6479;156,4120;500,000;70,000;25,422;200,000;0,0771;26,6888;0,0000;0,6275;32,0654;-11,9870;-21,6274;1,7939;7,0308;0,0000;14,6277;11,7217;16,2232;-3,8273;20;0;100,000
4,8693;38,6053;48,3703;-41,0628;-101,7233;42,4934;46,6231;156,3672;500,000;70,000;25,008;200,000;0,0808;26,7034;0,0000;0,6578;32,0897;-11,9534;-21,6352;1,7933;7,0104;0,0000;14,6275;11,6606;16,2274;-3,7655;20;0;100,000
4,8714;38,6055;48,4256;-41,0628;-101,7219;42,5599;46,5983;156,3224;500,000;70,000;24,593;200,000;0,0845;26,7179;0,0000;0,6880;32,1137;-11,9198;-21,6430;1,7926;6,9901;0,0000;14,6273;11,5993;16,2314;-3,7035;20;0;100,000
4,8735;38,6057;48,4810;-41,0628;-101,7204;42,6264;46,5737;156,2776;500,000;70,000;24,179;200,000;0,0883;26,7323;0,0000;0,7183;32,1377;-11,8862;-21,6506;1,7919;6,9697;0,0000;14,6271;11,5378;16,2352;-3,6413;20;0;100,000
4,8755;38,6058;48,5363;-41,0628;-101,7189;42,6930;46,5491;156,2327;500,000;70,000;23,765;200,000;0,0920;26,7467;0,0000;0,7486;32,1615;-11,8525;-21,6580;1,7912;6,9493;0,0000;14,6268;11,4760;16,2389;-3,5789;20;0;100,000
4,8776;38,6060;48,5918;-41,0628;-101,7173;42,7597;46,5246;156,1879;500,000;70,000;23,351;200,000;0,0957;26,7611;0,0000;0,7789;32,1852;-11,8189;-21,6654;1,7905;6,9290;0,0000;14,6266;11,4140;16,2424;-3,5164;20;0;100,000
4,8797;38,6062;48,6472;-41,0628;-101,7157;42,8264;46,5001;156,1430;500,000;70,000;22,936;200,000;0,0994;26,7755;0,0000;0,8092;32,2088;-11,7853;-21,6726;1,7897;6,9086;0,0000;14,6263;11,3518;16,2458;-3,4537;20;0;100,000
4,8817;38,6064;48,7027;-41,0628;-101,7140;42,8931;46,4758;156,0981;500,000;70,000;22,522;200,000;0,1031;26,7897;0,0000;0,8395;32,2323;-11,7516;-21,6797;1,7889;6,8882;0,0000;14,6261;11,2894;16,2491;-3,3908;20;0;100,000
4,8838;38,6067;48,7582;-41,0628;-101,7122;42,9599;46,4515;156,0532;500,000;70,000;22,108;200,000;0,1068;26,8040;0,0000;0,8698;32,2556;-11,7179;-21,6867;1,7881;6,8678;0,0000;14,6258;11,2268;16,2521;-3,3277;20;0;100,000
4,8859;38,6069;48,8137;-41,0628;-101,7104;43,0267;46,4272;156,0082;500,000;70,000;21,694;200,000;0,1105;26,8182;0,0000;0,9001;32,2788;-11,6843;-21,6935;1,7873;6,8474;0,0000;14,6255;11,1639;16,2551;-3,2644;20;0;100,000
4,8880;38,6071;48,8693;-41,0628;-101,7085;43,0936;46,4031;155,9633;500,000;70,000;21,280;200,000;0,1142;26,8323;0,0000;0,9304;32,3018;-11,6506;-21,7002;1,7864;6,8270;0,0000;14,6252;11,1009;16,2578;-3,2010;20;0;100,000
4,8900;38,6074;48,9248;-41,0628;-101,7065;43,1605;46,3790;155,9184;500,000;70,000;20,865;200,000;0,1179;26,8465;0,0000;0,9607;32,3248;-11,6169;-21,7067;1,7855;6,8065;0,0000;14,6249;11,0376;16,2604;-3,1373;20;0;100,000
4,8921;38,6076;48,9805;-41,0628;-101,7045;43,2275;46,3549;155,8734;500,000;70,000;20,451;200,000;0,1216;26,8605;0,0000;0,9910;32,3476;-11,5833;-21,7132;1,7176;-7,1659;0,0000;14,0790;-5,8339;22,2383;8,1995;20;0;100,000
4,8942;38,6079;49,0361;-41,0628;-101,7024;43,2945;46,3310;155,8284;500,000;70,000;20,037;200,000;0,1250;26,8168;0,0000;1,0190;32,3006;-11,5248;-21,6728;1,4807;-54,6481;0,0000;12,1552;-63,0875;42,4778;46,6002;20;0;100,000
4,8962;38,6081;49,0915;-41,0628;-101,7003;43,3613;46,3072;155,7836;500,000;70,000;19,624;199,140;0,1277;26,6342;0,0000;1,0413;32,0862;-11,4073;-21,5201;1,1945;-107,9197;0,0000;9,8279;-127,3489;64,9605;89,6471;20;0;100,000
4,8983;38,6084;49,1464;-41,0628;-101,6981;43,4274;46,2837;155,7393;500,000;70,000;19,216;197,077;0,1300;26,3697;0,0000;1,0597;31,7731;-11,2557;-21,3014;1,0495;-127,9161;0,0000;8,6507;-151,5505;72,9905;105,7798;20;0;100,000
4,9004;38,6087;49,2008;-41,0628;-101,6959;43,4929;46,2606;155,6954;500,000;70,000;18,812;195,006;0,1321;26,1043;0,0000;1,0772;31,4584;-11,1049;-21,0820;0,9940;-128,2710;0,0000;8,2023;-152,0956;72,5563;106,0331;20;0;100,000
4,9025;38,6089;49,2546;-41,0628;-101,6936;43,5577;46,2377;155,6519;500,000;70,000;18,413;192,935;0,1341;25,8384;0,0000;1,0937;31,1430;-10,9552;-20,8622;0,9396;-128,4901;0,0000;7,7638;-152,4739;72,0702;106,1748;20;0;100,000
4,9045;38,6092;49,3078;-41,0628;-101,6913;43,6219;46,2152;155,6090;500,000;70,000;18,017;190,864;0,1360;25,5721;0,0000;1,1093;30,8269;-10,8064;-20,6421;0,8859;-128,7058;0,0000;7,3299;-152,8452;71,5890;106,3119;20;0;100,000
4,9066;38,6095;49,3605;-41,0628;-101,6890;43,6854;46,1930;155,5664;500,000;70,000;17,626;188,793;0,1378;25,3053;0,0000;1,1241;30,5099;-10,6586;-20,4218;0,8328;-128,9182;0,0000;6,9007;-153,2097;71,1129;106,4448;20;0;100,000
4,9087;38,6098;49,4126;-41,0628;-101,6867;43,7483;46,1711;155,5244;500,000;70,000;17,240;186,721;0,1394;25,0380;0,0000;1,1379;30,1922;-10,5118;-20,2012;0,7803;-129,1274;0,0000;6,4763;-153,5674;70,6418;106,5733;20;0;100,000
4,9107;38,6101;49,4642;-41,0628;-101,6843;43,8105;46,1494;155,4828;500,000;70,000;16,857;184,650;0,1410;24,7704;0,0000;1,1509;29,8738;-10,3660;-19,9804;0,7285;-129,3334;0,0000;6,0566;-153,9184;70,1758;106,6977;20;0;100,000
4,9128;38,6104;49,5152;-41,0628;-101,6819;43,8720;46,1281;155,4416;500,000;70,000;16,479;182,579;0,1424;24,5023;0,0000;1,1630;29,5546;-10,2211;-19,7592;0,6772;-129,5362;0,0000;5,6416;-154,2627;69,7148;106,8179;20;0;100,000
4,9149;38,6107;49,5657;-41,0628;-101,6795;43,9329;46,1071;155,4009;500,000;70,000;16,105;180,508;0,1438;24,2338;0,0000;1,1743;29,2348;-10,0772;-19,5379;0,6266;-129,7358;0,0000;5,2313;-154,6005;69,2589;106,9341;20;0;100,000
4,9170;38,6110;49,6156;-41,0628;-101,6770;43,9931;46,0864;155,3607;500,000;70,000;15,736;178,437;0,1450;23,9649;0,0000;1,1847;28,9142;-9,9343;-19,3163;0,5765;-129,9323;0,0000;4,8258;-154,9318;68,8081;107,0464;20;0;100,000
4,9190;38,6113;49,6650;-41,0628;-101,6746;44,0527;46,0659;155,3209;500,000;70,000;15,370;176,366;0,1462;23,6956;0,0000;1,1942;28,5930;-9,7922;-19,0945;0,5271;-130,1256;0,0000;4,4249;-155,2568;68,3625;107,1547;20;0;100,000
4,9211;38,6116;49,7138;-41,0628;-101,6721;44,1116;46,0458;155,2816;500,000;70,000;15,009;174,294;0,1472;23,4259;0,0000;1,2030;28,2711;-9,6511;-18,8724;0,4783;-130,3159;0,0000;4,0288;-155,5754;67,9219;107,2593;20;0;100,000
4,9232;38,6119;49,7620;-41,0628;-101,6696;44,1698;46,0260;155,2427;500,000;70,000;14,653;172,223;0,1482;23,1558;0,0000;1,2109;27,9485;-9,5108;-18,6502;0,4301;-130,5031;0,0000;3,6374;-155,8878;67,4865;107,3602;20;0;100,000
4,9252;38,6122;49,8097;-41,0628;-101,6671;44,2273;46,0064;155,2043;500,000;70,000;14,300;170,152;0,1490;22,8853;0,0000;1,2181;27,6254;-9,3715;-18,4277;0,3825;-130,6873;0,0000;3,2508;-156,1940;67,0563;107,4575;20;0;100,000
4,9273;38,6125;49,8568;-41,0628;-101,6646;44,2842;45,9871;155,1664;500,000;70,000;13,952;168,081;0,1497;22,6144;0,0000;1,2244;27,3015;-9,2331;-18,2050;0,3356;-130,8686;0,0000;2,8688;-156,4941;66,6311;107,5512;20;0;100,000
4,9294;38,6128;49,9034;-41,0628;-101,6620;44,3404;45,9682;155,1289;500,000;70,000;13,608;166,010;0,1504;22,3432;0,0000;1,2299;26,9771;-9,0955;-17,9822;0,2893;-131,0468;0,0000;2,4916;-156,7883;66,2112;107,6415;20;0;100,000
4,9314;38,6131;49,9494;-41,0628;-101,6595;44,3960;45,9495;155,0919;500,000;70,000;13,269;163,939;0,1509;22,0716;0,0000;1,2347;26,6521;-8,9588;-17,7591;0,2435;-131,2221;0,0000;2,1190;-157,0765;65,7964;107,7284;20;0;100,000
4,9335;38,6134;49,9948;-41,0628;-101,6569;44,4508;45,9311;155,0553;500,000;70,000;12,933;161,867;0,1514;21,7996;0,0000;1,2387;26,3264;-8,8230;-17,5359;0,1984;-131,3945;0,0000;1,7512;-157,3589;65,3868;107,8119;20;0;100,000
4,9356;38,6137;50,0397;-41,0628;-101,6543;44,5050;45,9129;155,0193;500,000;70,000;12,602;159,796;0,1518;21,5273;0,0000;1,2420;26,0002;-8,6880;-17,3126;0,1539;-131,5640;0,0000;1,3881;-157,6355;64,9824;107,8922;20;0;100,000
4,9377;38,6141;50,0840;-41,0628;-101,6518;44,5585;45,8951;154,9836;500,000;70,000;12,276;157,725;0,1520;21,2546;0,0000;1,2445;25,6735;-8,5538;-17,0890;0,1100;-131,7307;0,0000;1,0298;-157,9064;64,5832;107,9694;20;0;100,000
4,9397;38,6144;50,1277;-41,0628;-101,6492;44,6114;45,8775;154,9485;500,000;70,000;11,953;155,654;0,1522;20,9816;0,0000;1,2462;25,3461;-8,4204;-16,8653;0,0668;-131,8945;0,0000;0,6761;-158,1717;64,1892;108,0435;20;0;100,000
4,9418;38,6147;50,1709;-41,0628;-101,6466;44,6635;45,8602;154,9138;500,000;70,000;11,635;153,583;0,1523;20,7083;0,0000;1,2473;25,0183;-8,2879;-16,6415;0,0241;-132,0555;0,0000;0,3272;-158,4315;63,8004;108,1146;20;0;100,000
4,9439;38,6150;50,2135;-41,0628;-101,6440;44,7150;45,8432;154,8795;500,000;70,000;11,322;151,512;0,1523;20,4346;0,0000;1,2476;24,6899;-8,1561;-16,4175;-0,0179;-132,2137;0,0000;-0,0170;-158,6857;63,4169;108,1828;20;0;100,000
4,9459;38,6153;50,2555;-41,0628;-101,6414;44,7658;45,8264;154,8458;500,000;70,000;11,012;149,440;0,1522;20,1606;0,0000;1,2472;24,3609;-8,0252;-16,1933;-0,0594;-132,3691;0,0000;-0,3565;-158,9346;63,0385;108,2481;20;0;100,000
4,9480;38,6156;50,2970;-41,0628;-101,6388;44,8159;45,8099;154,8125;500,000;70,000;10,707;147,369;0,1521;19,8863;0,0000;1,2461;24,0315;-7,8950;-15,9691;-0,1002;-132,5218;0,0000;-0,6913;-159,1782;62,6654;108,3107;20;0;100,000
4,9501;38,6160;50,3379;-41,0628;-101,6363;44,8654;45,7937;154,7796;500,000;70,000;10,406;145,298;0,1518;19,6116;0,0000;1,2443;23,7016;-7,7656;-15,7447;-0,1404;-132,6718;0,0000;-1,0213;-159,4165;62,2976;108,3706;20;0;100,000
4,9522;38,6163;50,3782;-41,0628;-101,6337;44,9141;45,7777;154,7472;500,000;70,000;10,109;143,227;0,1515;19,3367;0,0000;1,2419;23,3711;-7,6370;-15,5202;-0,1800;-132,8192;0,0000;-1,3467;-159,6497;61,9349;108,4278;20;0;100,000
4,9542;38,6166;50,4180;-41,0628;-101,6311;44,9622;45,7621;154,7153;500,000;70,000;9,817;141,156;0,1511;19,0615;0,0000;1,2388;23,0402;-7,5091;-15,2955;-0,2190;-132,9638;0,0000;-1,6673;-159,8777;61,5775;108,4825;20;0;100,000
4,9563;38,6169;50,4572;-41,0628;-101,6286;45,0095;45,7466;154,6839;500,000;70,000;9,529;139,085;0,1506;18,7859;0,0000;1,2350;22,7089;-7,3819;-15,0708;-0,2573;-133,1058;0,0000;-1,9832;-160,1007;61,2254;108,5347;20;0;100,000
4,9584;38,6172;50,4958;-41,0628;-101,6260;45,0562;45,7315;154,6529;500,000;70,000;9,245;137,013;0,1500;18,5101;0,0000;1,2305;22,3770;-7,2554;-14,8459;-0,2951;-133,2452;0,0000;-2,2944;-160,3188;60,8785;108,5844;20;0;100,000
4,9604;38,6175;50,5339;-41,0628;-101,6235;45,1022;45,7166;154,6224;500,000;70,000;8,965;134,942;0,1494;18,2340;0,0000;1,2255;22,0448;-7,1297;-14,6210;-0,3323;-133,3820;0,0000;-2,6008;-160,5319;60,5369;108,6319;20;0;100,000
4,9625;38,6178;50,5714;-41,0628;-101,6209;45,1476;45,7019;154,5923;500,000;70,000;8,690;132,871;0,1486;17,9576;0,0000;1,2198;21,7121;-7,0047;-14,3959;-0,3688;-133,5162;0,0000;-2,9026;-160,7402;60,2005;108,6770;20;0;100,000
4,9646;38,6181;50,6083;-41,0628;-101,6184;45,1922;45,6876;154,5627;500,000;70,000;8,419;130,800;0,1478;17,6809;0,0000;1,2135;21,3789;-6,8803;-14,1708;-0,4048;-133,6479;0,0000;-3,1996;-160,9438;59,8694;108,7200;20;0;100,000
4,9667;38,6184;50,6446;-41,0628;-101,6159;45,2361;45,6734;154,5336;500,000;70,000;8,153;128,729;0,1470;17,4040;0,0000;1,2065;21,0454;-6,7567;-13,9456;-0,4402;-133,7770;0,0000;-3,4920;-161,1427;59,5436;108,7608;20;0;100,000
4,9687;38,6187;50,6804;-41,0628;-101,6134;45,2794;45,6596;154,5050;500,000;70,000;7,890;126,658;0,1460;17,1268;0,0000;1,1990;20,7114;-6,6337;-13,7203;-0,4749;-133,9037;0,0000;-3,7796;-161,3370;59,2230;108,7996;20;0;100,000
4,9708;38,6190;50,7155;-41,0628;-101,6109;45,3219;45,6460;154,4768;500,000;70,000;7,632;124,586;0,1450;16,8493;0,0000;1,1909;20,3771;-6,5114;-13,4949;-0,5091;-134,0278;0,0000;-4,0625;-161,5267;58,9077;108,8363;20;0;100,000
4,9729;38,6193;50,7502;-41,0628;-101,6085;45,3638;45,6326;154,4491;500,000;70,000;7,379;122,515;0,1439;16,5716;0,0000;1,1822;20,0423;-6,3897;-13,2694;-0,5426;-134,1495;0,0000;-4,3407;-161,7119;58,5976;108,8712;20;0;100,000
4,9749;38,6196;50,7842;-41,0628;-101,6060;45,4049;45,6195;154,4218;500,000;70,000;7,129;120,444;0,1427;16,2936;0,0000;1,1729;19,7072;-6,2686;-13,0439;-0,5756;-134,2687;0,0000;-4,6141;-161,8927;58,2929;108,9041;20;0;100,000
4,9770;38,6199;50,8176;-41,0628;-101,6036;45,4454;45,6066;154,3950;500,000;70,000;6,884;118,373;0,1415;16,0154;0,0000;1,1630;19,3717;-6,1482;-12,8183;-0,6079;-134,3855;0,0000;-4,8829;-162,0691;57,9934;108,9352;20;0;100,000
4,9791;38,6202;50,8505;-41,0628;-101,6012;45,4852;45,5940;154,3687;500,000;70,000;6,643;116,302;0,1402;15,7369;0,0000;1,1527;19,0359;-6,0284;-12,5927;-0,6397;-134,4999;0,0000;-5,1469;-162,2412;57,6991;108,9646;20;0;100,000
4,9812;38,6205;50,8828;-41,0628;-101,5988;45,5242;45,5817;154,3429;500,000;70,000;6,407;114,231;0,1389;15,4582;0,0000;1,1417;18,6997;-5,9092;-12,3670;-0,6708;-134,6119;0,0000;-5,4063;-162,4091;57,4102;108,9923;20;0;100,000
4,9832;38,6208;50,9146;-41,0628;-101,5965;45,5626;45,5696;154,3175;500,000;70,000;6,174;112,159;0,1374;15,1793;0,0000;1,1303;18,3631;-5,7906;-12,1412;-0,7014;-134,7216;0,0000;-5,6609;-162,5728;57,1265;109,0184;20;0;100,000
4,9853;38,6211;50,9457;-41,0628;-101,5942;45,6003;45,5577;154,2926;500,000;70,000;5,946;110,088;0,1360;14,9002;0,0000;1,1183;18,0262;-5,6726;-11,9154;-0,7314;-134,8289;0,0000;-5,9108;-162,7324;56,8481;109,0429;20;0;100,000
4,9874;38,6214;50,9763;-41,0628;-101,5919;45,6373;45,5461;154,2681;500,000;70,000;5,723;108,017;0,1344;14,6208;0,0000;1,1058;17,6890;-5,5551;-11,6895;-0,7608;-134,9338;0,0000;-6,1560;-162,8880;56,5750;109,0659;20;0;100,000
4,9894;38,6216;51,0063;-41,0628;-101,5896;45,6736;45,5347;154,2442;500,000;70,000;5,503;105,946;0,1328;14,3412;0,0000;1,0928;17,3515;-5,4382;-11,4636;-0,7896;-135,0365;0,0000;-6,3965;-163,0395;56,3071;109,0875;20;0;100,000
4,9915;38,6219;51,0357;-41,0628;-101,5873;45,7092;45,5235;154,2207;500,000;70,000;5,288;103,875;0,1311;14,0614;0,0000;1,0793;17,0137;-5,3219;-11,2376;-0,8178;-135,1368;0,0000;-6,6323;-163,1871;56,0445;109,1076;20;0;100,000
4,9936;38,6222;51,0645;-41,0628;-101,5851;45,7441;45,5126;154,1976;500,000;70,000;5,077;101,804;0,1294;13,7815;0,0000;1,0653;16,6755;-5,2060;-11,0116;-0,8454;-135,2349;0,0000;-6,8633;-163,3308;55,7872;109,1264;20;0;100,000
4,9957;38,6224;51,0928;-41,0628;-101,5829;45,7783;45,5020;154,1750;500,000;70,000;4,871;99,732;0,1276;13,5013;0,0000;1,0509;16,3371;-5,0908;-10,7856;-0,8724;-135,3307;0,0000;-7,0897;-163,4707;55,5352;109,1440;20;0;100,000
4,9977;38,6227;51,1205;-41,0628;-101,5808;45,8117;45,4915;154,1529;500,000;70,000;4,668;97,661;0,1258;13,2209;0,0000;1,0359;15,9984;-4,9760;-10,5595;-0,8989;-135,4242;0,0000;-7,3113;-163,6068;55,2884;109,1603;20;0;100,000
4,9998;38,6230;51,1475;-41,0628;-101,5786;45,8445;45,4814;154,1313;500,000;70,000;4,470;95,590;0,1239;12,9403;0,0000;1,0206;15,6594;-4,8617;-10,3334;-0,9247;-135,5155;0,0000;-7,5283;-163,7392;55,0469;109,1755;20;0;100,000
5,0019;38,6232;51,1741;-41,0628;-101,5765;45,8766;45,4714;154,1101;500,000;70,000;4,277;93,519;0,1220;12,6595;0,0000;1,0048;15,3201;-4,7480;-10,1073;-0,9500;-135,6046;0,0000;-7,7405;-163,8679;54,8107;109,1895;20;0;100,000
5,0039;38,6235;51,2000;-41,0628;-101,5745;45,9080;45,4617;154,0894;500,000;70,000;4,087;91,448;0,1200;12,3786;0,0000;0,9885;14,9806;-4,6347;-9,8811;-0,9747;-135,6915;0,0000;-7,9480;-163,9929;54,5797;109,2025;20;0;100,000
5,0060;38,6237;51,2253;-41,0628;-101,5724;45,9387;45,4522;154,0692;500,000;70,000;3,902;89,377;0,1179;12,0974;0,0000;0,9718;14,6408;-4,5219;-9,6549;-0,9988;-135,7762;0,0000;-8,1508;-164,1145;54,3540;109,2144;20;0;100,000
5,0081;38,6240;51,2501;-41,0628;-101,5704;45,9686;45,4430;154,0494;500,000;70,000;3,721;87,305;0,1158;11,8161;0,0000;0,9547;14,3008;-4,4095;-9,4287;-1,0224;-135,8588;0,0000;-8,3490;-164,2325;54,1336;109,2254;20;0;100,000
5,0102;38,6242;51,2743;-41,0628;-101,5685;45,9979;45,4339;154,0301;500,000;70,000;3,545;85,234;0,1137;11,5347;0,0000;0,9372;13,9605;-4,2977;-9,2025;-1,0453;-135,9392;0,0000;-8,5424;-164,3470;53,9184;109,2354;20;0;100,000
5,0122;38,6244;51,2979;-41,0628;-101,5666;46,0265;45,4252;154,0113;500,000;70,000;3,372;83,163;0,1115;11,2530;0,0000;0,9194;13,6200;-4,1862;-8,9762;-1,0677;-136,0175;0,0000;-8,7311;-164,4581;53,7085;109,2446;20;0;100,000
5,0143;38,6247;51,3209;-41,0628;-101,5647;46,0543;45,4166;153,9930;500,000;70,000;3,205;81,092;0,1093;10,9712;0,0000;0,9011;13,2792;-4,0752;-8,7499;-1,0895;-136,0936;0,0000;-8,9151;-164,5658;53,5039;109,2529;20;0;100,000
5,0164;38,6249;51,3433;-41,0628;-101,5628;46,0815;45,4083;153,9751;500,000;70,000;3,041;79,021;0,1070;10,6893;0,0000;0,8824;12,9383;-3,9646;-8,5237;-1,1107;-136,1676;0,0000;-9,0943;-164,6702;53,3045;109,2605;20;0;100,000
5,0184;38,6251;51,3652;-41,0628;-101,5610;46,1079;45,4002;153,9577;500,000;70,000;2,881;76,950;0,1047;10,4072;0,0000;0,8634;12,5971;-3,8544;-8,2974;-1,1314;-136,2395;0,0000;-9,2689;-164,7713;53,1104;109,2673;20;0;100,000
5,0205;38,6253;51,3864;-41,0628;-101,5592;46,1336;45,3923;153,9407;500,000;70,000;2,726;74,878;0,1023;10,1249;0,0000;0,8440;12,2558;-3,7446;-8,0710;-1,1515;-136,3093;0,0000;-9,4388;-164,8692;52,9215;109,2734;20;0;100,000
5,0226;38,6255;51,4071;-41,0628;-101,5575;46,1587;45,3847;153,9242;500,000;70,000;2,576;72,807;0,0999;9,8425;0,0000;0,8243;11,9142;-3,6352;-7,8447;-1,1710;-136,3771;0,0000;-9,6040;-164,9639;52,7379;109,2789;20;0;100,000
5,0247;38,6257;51,4272;-41,0628;-101,5558;46,1830;45,3772;153,9082;500,000;70,000;2,429;70,736;0,0975;9,5600;0,0000;0,8042;11,5724;-3,5261;-7,6184;-1,1900;-136,4428;0,0000;-9,7645;-165,0554;52,5595;109,2838;20;0;100,000
5,0267;38,6259;51,4467;-41,0628;-101,5542;46,2066;45,3701;153,8927;500,000;70,000;2,287;68,665;0,0950;9,2774;0,0000;0,7839;11,2305;-3,4174;-7,3920;-1,2084;-136,5064;0,0000;-9,9202;-165,1438;52,3864;109,2880;20;0;100,000
5,0288;38,6261;51,4656;-41,0628;-101,5526;46,2295;45,3631;153,8776;500,000;70,000;2,149;66,594;0,0925;8,9946;0,0000;0,7632;10,8883;-3,3091;-7,1657;-1,2262;-136,5680;0,0000;-10,0713;-165,2291;52,2185;109,2918;20;0;100,000
5,0309;38,6263;51,4840;-41,0628;-101,5510;46,2517;45,3563;153,8630;500,000;70,000;2,015;64,523;0,0899;8,7116;0,0000;0,7421;10,5460;-3,2011;-6,9393;-1,2434;-136,6276;0,0000;-10,2177;-165,3113;52,0559;109,2950;20;0;100,000
5,0329;38,6265;51,5017;-41,0628;-101,5495;46,2732;45,3498;153,8488;500,000;70,000;1,886;62,451;0,0873;8,4286;0,0000;0,7208;10,2036;-3,0935;-6,7129;-1,2601;-136,6851;0,0000;-10,3593;-165,3906;51,8985;109,2978;20;0;100,000
5,0350;38,6267;51,5189;-41,0628;-101,5480;46,2940;45,3435;153,8352;500,000;70,000;1,761;60,380;0,0847;8,1454;0,0000;0,6992;9,8609;-2,9861;-6,4865;-1,2762;-136,7407;0,0000;-10,4963;-165,4669;51,7464;109,3001;20;0;100,000
5,0371;38,6269;51,5355;-41,0628;-101,5466;46,3141;45,3375;153,8220;500,000;70,000;1,640;58,309;0,0820;7,8622;0,0000;0,6774;9,5181;-2,8791;-6,2602;-1,2918;-136,7942;0,0000;-10,6285;-165,5402;51,5995;109,3021;20;0;100,000
5,0392;38,6270;51,5515;-41,0628;-101,5452;46,3334;45,3316;153,8092;500,000;70,000;1,524;56,238;0,0793;7,5788;0,0000;0,6552;9,1752;-2,7724;-6,0338;-1,3068;-136,8458;0,0000;-10,7561;-165,6106;51,4578;109,3037;20;0;100,000
5,0412;38,6272;51,5669;-41,0628;-101,5439;46,3521;45,3260;153,7970;500,000;70,000;1,411;54,167;0,0766;7,2953;0,0000;0,6328;8,8321;-2,6660;-5,8074;-1,3212;-136,8953;0,0000;-10,8790;-165,6782;51,3214;109,3049;20;0;100,000
5,0433;38,6273;51,5817;-41,0628;-101,5426;46,3700;45,3206;153,7852;500,000;70,000;1,304;52,096;0,0739;7,0117;0,0000;0,6101;8,4889;-2,5598;-5,5810;-1,3351;-136,9430;0,0000;-10,9971;-165,7429;51,1902;109,3059;20;0;100,000
5,0454;38,6275;51,5959;-41,0628;-101,5414;46,3872;45,3154;153,7739;500,000;70,000;1,200;50,024;0,0711;6,7281;0,0000;0,5872;8,1456;-2,4539;-5,3546;-1,3484;-136,9886;0,0000;-11,1106;-165,8049;51,0643;109,3065;20;0;100,000
5,0474;38,6276;51,6095;-41,0628;-101,5402;46,4037;45,3104;153,7630;500,000;70,000;1,101;47,953;0,0683;6,4443;0,0000;0,5641;7,8021;-2,3483;-5,1282;-1,3612;-137,0323;0,0000;-11,2193;-165,8640;50,9435;109,3070;20;0;100,000
5,0495;38,6278;51,6226;-41,0628;-101,5390;46,4195;45,3056;153,7526;500,000;70,000;1,006;45,882;0,0654;6,1604;0,0000;0,5408;7,4585;-2,2429;-4,9018;-1,3734;-137,0740;0,0000;-11,3234;-165,9204;50,8280;109,3072;20;0;100,000
5,0516;38,6279;51,6351;-41,0628;-101,5379;46,4346;45,3011;153,7427;500,000;70,000;0,915;43,811;0,0626;5,8765;0,0000;0,5172;7,1148;-2,1377;-4,6754;-1,3850;-137,1139;0,0000;-11,4227;-165,9740;50,7178;109,3072;20;0;100,000
5,0536;38,6280;51,6469;-41,0628;-101,5369;46,4490;45,2968;153,7333;500,000;70,000;0,828;41,740;0,0597;5,5924;0,0000;0,4935;6,7710;-2,0328;-4,4490;-1,3833;-137,1539;0,0000;-11,5221;-166,0694;50,5745;109,3640;20;0;100,000
5,0557;38,6281;51,6582;-41,0628;-101,5359;46,4627;45,2927;153,7243;500,000;70,000;0,746;39,669;0,0569;5,3083;0,0000;0,4695;6,4269;-1,9282;-4,2224;-1,4066;-137,1877;0,0000;-11,6074;-166,0732;50,5129;109,3068;20;0;100,000
5,0578;38,6283;51,6689;-41,0628;-101,5349;46,4756;45,2888;153,7158;500,000;70,000;0,668;37,597;0,0539;5,0242;0,0000;0,4454;6,0830;-1,8236;-3,9962;-1,4319;-137,2184;0,0000;-11,6852;-166,0716;50,4674;109,2450;20;0;100,000
5,0599;38,6284;51,6790;-41,0628;-101,5341;46,4879;45,2851;153,7077;500,000;70,000;0,595;35,526;0,0509;4,7399;0,0000;0,4211;5,7390;-1,7192;-3,7699;-1,4260;-137,2539;0,0000;-11,7732;-166,1619;50,3289;109,3060;20;0;100,000
5,0619;38,6285;51,6886;-41,0628;-101,5332;46,4994;45,2817;153,7001;500,000;70,000;0,526;33,455;0,0480;4,4556;0,0000;0,3966;5,3948;-1,6151;-3,5435;-1,4428;-137,2844;0,0000;-11,8497;-166,1633;50,2612;109,2577;20;0;100,000
5,0640;38,6286;51,6975;-41,0628;-101,5324;46,5102;45,2784;153,6930;500,000;70,000;0,461;31,384;0,0449;4,1713;0,0000;0,3720;5,0507;-1,5110;-3,3173;-1,4363;-137,3136;0,0000;-11,9228;-166,2639;50,1452;109,3354;20;0;100,000
5,0661;38,6287;51,7058;-41,0628;-101,5317;46,5203;45,2754;153,6864;500,000;70,000;0,400;29,313;0,0420;3,8868;0,0000;0,3472;4,7060;-1,4074;-3,0906;-1,4406;-137,3398;0,0000;-11,9887;-166,3169;50,0647;109,3564;20;0;100,000
5,0681;38,6287;51,7136;-41,0628;-101,5310;46,5297;45,2726;153,6802;500,000;70,000;0,343;27,242;0,0390;3,6023;0,0000;0,3223;4,3617;-1,3036;-2,8643;-1,4670;-137,3620;0,0000;-12,0452;-166,2773;50,0499;109,2644;20;0;100,000
5,0702;38,6288;51,7208;-41,0628;-101,5303;46,5384;45,2700;153,6745;500,000;70,000;0,291;25,170;0,0359;3,3178;0,0000;0,2973;4,0173;-1,2000;-2,6380;-1,4649;-137,3861;0,0000;-12,1055;-166,3379;49,9603;109,3027;20;0;100,000
5,0723;38,6289;51,7273;-41,0628;-101,5297;46,5464;45,2676;153,6693;500,000;70,000;0,243;23,099;0,0329;3,0332;0,0000;0,2722;3,6727;-1,0967;-2,4115;-1,4707;-137,4069;0,0000;-12,1580;-166,3667;49,9014;109,3035;20;0;100,000
5,0744;38,6290;51,7333;-41,0628;-101,5292;46,5536;45,2655;153,6646;500,000;70,000;0,200;21,028;0,0299;2,7486;0,0000;0,2470;3,3281;-0,9933;-2,1852;-1,4765;-137,4258;0,0000;-12,2056;-166,3905;49,8493;109,3014;20;0;100,000
5,0764;38,6290;51,7387;-41,0628;-101,5287;46,5601;45,2635;153,6603;500,000;70,000;0,161;18,957;0,0268;2,4640;0,0000;0,2216;2,9834;-0,8902;-1,9588;-1,4813;-137,4429;0,0000;-12,2488;-166,4138;49,8005;109,3017;20;0;100,000
5,0785;38,6291;51,7435;-41,0628;-101,5283;46,5660;45,2618;153,6564;500,000;70,000;0,126;16,886;0,0237;2,1793;0,0000;0,1962;2,6388;-0,7870;-1,7324;-1,4860;-137,4580;0,0000;-12,2869;-166,4331;49,7592;109,3001;20;0;100,000
5,0806;38,6291;51,7478;-41,0628;-101,5279;46,5711;45,2603;153,6531;500,000;70,000;0,095;14,815;0,0206;1,8946;0,0000;0,1707;2,2940;-0,6840;-1,5060;-1,4896;-137,4713;0,0000;-12,3206;-166,4519;49,7211;109,3011;20;0;100,000
5,0826;38,6292;51,7514;-41,0628;-101,5276;46,5755;45,2590;153,6502;500,000;70,000;0,069;12,743;0,0175;1,6099;0,0000;0,1452;1,9493;-0,5811;-1,2797;-1,4933;-137,4827;0,0000;-12,3494;-166,4658;49,6899;109,2991;20;0;100,000
5,0847;38,6292;51,7544;-41,0628;-101,5273;46,5792;45,2579;153,6478;500,000;70,000;0,046;10,672;0,0145;1,3251;0,0000;0,1196;1,6045;-0,4782;-1,0533;-1,4958;-137,4923;0,0000;-12,3737;-166,4796;49,6621;109,3001;20;0;100,000
5,0868;38,6292;51,7569;-41,0628;-101,5271;46,5821;45,2570;153,6458;500,000;70,000;0,029;8,601;0,0114;1,0403;0,0000;0,0939;1,2597;-0,3754;-0,8269;-1,5082;-137,4984;0,0000;-12,3894;-166,4546;49,6708;109,2548;20;0;100,000
5,0889;38,6292;51,7587;-41,0628;-101,5269;46,5844;45,2563;153,6444;500,000;70,000;0,015;6,530;0,0082;0,7555;0,0000;0,0683;0,9149;-0,2725;-0,6007;-1,4999;-137,5059;0,0000;-12,4080;-166,4973;49,6242;109,2993;20;0;100,000
5,0909;38,6292;51,7600;-41,0628;-101,5268;46,5859;45,2558;153,6434;500,000;70,000;0,006;4,459;0,0051;0,4707;0,0000;0,0425;0,5700;-0,1698;-0,3741;-1,4817;-137,5131;0,0000;-12,4252;-166,5697;49,5550;109,3850;20;0;100,000
5,0930;38,6293;51,7607;-41,0628;-101,5267;46,5867;45,2556;153,6428;500,000;70,000;0,001;2,388;0,0021;0,1859;0,0000;0,0168;0,2250;-0,0672;-0,1476;-1,5016;-137,5121;0,0000;-12,4237;-166,5059;49,6064;109,2996;20;0;100,000
5,0951;38,6293;51,7608;-41,0628;-101,5267;46,5868;45,2556;153,6427;500,000;70,000;0,000;0,316;-0,0011;-0,0989;0,0000;-0,0089;-0,1198;0,0357;0,0786;-1,5112;-137,5110;0,0000;-12,4215;-166,4736;49,6335;109,2573;22;0;100,000
5,0971;38,6293;51,7603;-41,0628;-101,5268;46,5862;45,2558;153,6431;500,000;70,000;0,004;1,755;-0,0042;-0,3837;0,0000;-0,0347;-0,4646;0,1384;0,3050;-1,5015;-137,5105;0,0000;-12,4198;-166,5025;49,6118;109,2978;22;0;100,000
5,0992;38,6292;51,7592;-41,0628;-101,5269;46,5849;45,2561;153,6440;500,000;70,000;0,012;3,826;-0,0073;-0,6685;0,0000;-0,0604;-0,8095;0,2412;0,5314;-1,5012;-137,5065;0,0000;-12,4097;-166,4946;49,6250;109,2944;22;0;100,000
5,1013;38,6292;51,7575;-41,0628;-101,5270;46,5829;45,2568;153,6453;500,000;70,000;0,024;5,897;-0,0104;-0,9533;0,0000;-0,0861;-1,1543;0,3440;0,7577;-1,4990;-137,5020;0,0000;-12,3982;-166,4913;49,6357;109,2982;22;0;100,000
5,1034;38,6292;51,7552;-41,0628;-101,5272;46,5801;45,2576;153,6471;500,000;70,000;0,041;7,968;-0,0135;-1,2381;0,0000;-0,1117;-1,4991;0,4468;0,9841;-1,4961;-137,4953;0,0000;-12,3811;-166,4853;49,6525;109,3025;22;0;100,000
5,1054;38,6292;51,7524;-41,0628;-101,5275;46,5767;45,2586;153,6494;500,000;70,000;0,061;10,039;-0,0166;-1,5229;0,0000;-0,1374;-1,8439;0,5497;1,2105;-1,4942;-137,4858;0,0000;-12,3573;-166,4699;49,6811;109,2990;22;0;100,000
5,1075;38,6291;51,7489;-41,0628;-101,5278;46,5725;45,2598;153,6522;500,000;70,000;0,086;12,111;-0,0197;-1,8076;0,0000;-0,1629;-2,1887;0,6526;1,4369;-1,4907;-137,4750;0,0000;-12,3299;-166,4567;49,7106;109,3008;22;0;100,000
5,1096;38,6291;51,7449;-41,0628;-101,5282;46,5676;45,2613;153,6554;500,000;70,000;0,116;14,182;-0,0228;-2,0923;0,0000;-0,1884;-2,5335;0,7556;1,6633;-1,4873;-137,4622;0,0000;-12,2976;-166,4388;49,7472;109,2999;22;0;100,000
5,1116;38,6290;51,7403;-41,0628;-101,5286;46,5620;45,2630;153,6590;500,000;70,000;0,149;16,253;-0,0259;-2,3770;0,0000;-0,2139;-2,8781;0,8587;1,8896;-1,4827;-137,4477;0,0000;-12,2609;-166,4205;49,7872;109,3019;22;0;100,000
5,1137;38,6290;51,7350;-41,0628;-101,5290;46,5557;45,2649;153,6632;500,000;70,000;0,187;18,324;-0,0289;-2,6617;0,0000;-0,2392;-3,2228;0,9618;2,1160;-1,4781;-137,4312;0,0000;-12,2192;-166,3977;49,8342;109,3012;22;0;100,000
5,1158;38,6289;51,7292;-41,0628;-101,5296;46,5487;45,2670;153,6678;500,000;70,000;0,230;20,395;-0,0320;-2,9463;0,0000;-0,2645;-3,5674;1,0651;2,3424;-1,4724;-137,4129;0,0000;-12,1731;-166,3743;49,8845;109,3030;22;0;100,000
5,1179;38,6288;51,7228;-41,0628;-101,5301;46,5409;45,2693;153,6729;500,000;70,000;0,276;22,467;-0,0350;-3,2309;0,0000;-0,2897;-3,9120;1,1684;2,5688;-1,4668;-137,3926;0,0000;-12,1220;-166,3466;49,9420;109,3025;22;0;100,000
5,1199;38,6288;51,7158;-41,0628;-101,5308;46,5324;45,2718;153,6785;500,000;70,000;0,327;24,538;-0,0381;-3,5154;0,0000;-0,3147;-4,2565;1,2720;2,7951;-1,4600;-137,3706;0,0000;-12,0666;-166,3180;50,0027;109,3042;22;0;100,000
5,1220;38,6287;51,7083;-41,0628;-101,5314;46,5233;45,2745;153,6845;500,000;70,000;0,382;26,609;-0,0411;-3,7999;0,0000;-0,3396;-4,6010;1,3756;3,0216;-1,4532;-137,3466;0,0000;-12,0061;-166,2854;50,0706;109,3039;22;0;100,000
5,1241;38,6286;51,7001;-41,0628;-101,5322;46,5134;45,2775;153,6910;500,000;70,000;0,442;28,680;-0,0441;-4,0844;0,0000;-0,3644;-4,9453;1,4794;3,2479;-1,4552;-137,3190;0,0000;-11,9372;-166,2187;50,1720;109,2631;22;0;100,000
5,1261;38,6285;51,6914;-41,0628;-101,5330;46,5028;45,2807;153,6979;500,000;70,000;0,505;30,751;-0,0471;-4,3688;0,0000;-0,3891;-5,2895;1,5834;3,4742;-1,4264;-137,2948;0,0000;-11,8754;-166,2526;50,1869;109,3545;22;0;100,000
5,1282;38,6284;51,6820;-41,0628;-101,5338;46,4915;45,2841;153,7054;500,000;70,000;0,573;32,822;-0,0500;-4,6531;0,0000;-0,4136;-5,6340;1,6873;3,7009;-1,4212;-137,2647;0,0000;-11,7999;-166,2002;50,2795;109,3389;22;0;100,000
5,1303;38,6283;51,6721;-41,0628;-101,5347;46,4795;45,2877;153,7133;500,000;70,000;0,645;34,894;-0,0530;-4,9374;0,0000;-0,4380;-5,9779;1,7917;3,9271;-1,4417;-137,2281;0,0000;-11,7095;-166,0552;50,4568;109,2077;22;0;100,000
5,1324;38,6282;51,6616;-41,0628;-101,5356;46,4667;45,2915;153,7216;500,000;70,000;0,722;36,965;-0,0560;-5,2215;0,0000;-0,4621;-6,3218;1,8963;4,1533;-1,4097;-137,1983;0,0000;-11,6339;-166,0875;50,4835;109,3068;22;0;100,000
5,1344;38,6281;51,6504;-41,0628;-101,5366;46,4533;45,2955;153,7305;500,000;70,000;0,803;39,036;-0,0588;-5,5057;0,0000;-0,4862;-6,6659;2,0008;4,3799;-1,3883;-137,1648;0,0000;-11,5495;-166,0785;50,5485;109,3563;22;0;100,000
5,1365;38,6279;51,6388;-41,0628;-101,5376;46,4391;45,2998;153,7398;500,000;70,000;0,888;41,107;-0,0617;-5,7897;0,0000;-0,5100;-7,0098;2,1057;4,6063;-1,3884;-137,1256;0,0000;-11,4522;-165,9898;50,6851;109,3072;22;0;100,000
5,1386;38,6278;51,6265;-41,0628;-101,5387;46,4242;45,3042;153,7495;500,000;70,000;0,977;43,178;-0,0646;-6,0737;0,0000;-0,5336;-7,3535;2,2108;4,8327;-1,3770;-137,0864;0,0000;-11,3542;-165,9370;50,7938;109,3072;22;0;100,000
5,1406;38,6277;51,6136;-41,0628;-101,5398;46,4086;45,3089;153,7598;500,000;70,000;1,071;45,249;-0,0674;-6,3576;0,0000;-0,5570;-7,6971;2,3161;5,0591;-1,3649;-137,0453;0,0000;-11,2516;-165,8815;50,9077;109,3071;22;0;100,000
5,1427;38,6275;51,6001;-41,0628;-101,5410;46,3923;45,3138;153,7705;500,000;70,000;1,169;47,321;-0,0702;-6,6414;0,0000;-0,5802;-8,0407;2,4216;5,2855;-1,3524;-137,0022;0,0000;-11,1443;-165,8232;51,0268;109,3067;22;0;100,000
5,1448;38,6274;51,5861;-41,0628;-101,5422;46,3753;45,3190;153,7817;500,000;70,000;1,271;49,392;-0,0730;-6,9251;0,0000;-0,6032;-8,3840;2,5274;5,5118;-1,3392;-136,9571;0,0000;-11,0323;-165,7621;51,1512;109,3061;22;0;100,000
5,1469;38,6272;51,5714;-41,0628;-101,5435;46,3576;45,3243;153,7933;500,000;70,000;1,378;51,463;-0,0758;-7,2087;0,0000;-0,6259;-8,7273;2,6335;5,7382;-1,3255;-136,9101;0,0000;-10,9155;-165,6983;51,2808;109,3052;22;0;100,000
5,1489;38,6271;51,5562;-41,0628;-101,5448;46,3392;45,3299;153,8055;500,000;70,000;1,489;53,534;-0,0785;-7,4922;0,0000;-0,6484;-9,0704;2,7399;5,9646;-1,3112;-136,8611;0,0000;-10,7941;-165,6316;51,4156;109,3041;22;0;100,000
5,1510;38,6269;51,5404;-41,0628;-101,5462;46,3200;45,3357;153,8180;500,000;70,000;1,604;55,605;-0,0812;-7,7756;0,0000;-0,6706;-9,4134;2,8465;6,1910;-1,2964;-136,8102;0,0000;-10,6680;-165,5620;51,5557;109,3026;22;0;100,000
5,1531;38,6267;51,5240;-41,0628;-101,5476;46,3002;45,3417;153,8311;500,000;70,000;1,724;57,676;-0,0839;-8,0589;0,0000;-0,6926;-9,7562;2,9534;6,4174;-1,2810;-136,7572;0,0000;-10,5372;-165,4896;51,7010;109,3008;22;0;100,000
5,1551;38,6266;51,5070;-41,0628;-101,5491;46,2796;45,3479;153,8446;500,000;70,000;1,847;59,748;-0,0865;-8,3421;0,0000;-0,7143;-10,0989;3,0607;6,6438;-1,2651;-136,7023;0,0000;-10,4017;-165,4142;51,8515;109,2985;22;0;100,000
5,1572;38,6264;51,4895;-41,0628;-101,5506;46,2584;45,3543;153,8586;500,000;70,000;1,975;61,819;-0,0891;-8,6252;0,0000;-0,7357;-10,4414;3,1682;6,8701;-1,2486;-136,6454;0,0000;-10,2614;-165,3359;52,0073;109,2959;22;0;100,000
5,1593;38,6262;51,4713;-41,0628;-101,5521;46,2364;45,3610;153,8731;500,000;70,000;2,108;63,890;-0,0917;-8,9082;0,0000;-0,7568;-10,7838;3,2761;7,0965;-1,2315;-136,5864;0,0000;-10,1165;-165,2545;52,1683;109,2928;22;0;100,000
5,1613;38,6260;51,4526;-41,0628;-101,5537;46,2137;45,3679;153,8880;500,000;70,000;2,244;65,961;-0,0942;-9,1910;0,0000;-0,7776;-11,1260;3,3843;7,3229;-1,2139;-136,5254;0,0000;-9,9669;-165,1701;52,3346;109,2892;22;0;100,000
5,1634;38,6258;51,4332;-41,0628;-101,5553;46,1903;45,3750;153,9034;500,000;70,000;2,385;68,032;-0,0967;-9,4737;0,0000;-0,7981;-11,4680;3,4929;7,5492;-1,1956;-136,4624;0,0000;-9,8125;-165,0827;52,5061;109,2851;22;0;100,000
5,1655;38,6256;51,4133;-41,0628;-101,5570;46,1662;45,3824;153,9193;500,000;70,000;2,530;70,103;-0,0992;-9,7563;0,0000;-0,8182;-11,8098;3,6018;7,7756;-1,1769;-136,3974;0,0000;-9,6535;-164,9922;52,6828;109,2805;22;0;100,000
5,1676;38,6254;51,3928;-41,0628;-101,5587;46,1414;45,3899;153,9356;500,000;70,000;2,680;72,175;-0,1016;-10,0387;0,0000;-0,8380;-12,1514;3,7111;8,0019;-1,1575;-136,3302;0,0000;-9,4898;-164,8985;52,8649;109,2752;22;0;100,000
5,1696;38,6252;51,3717;-41,0628;-101,5605;46,1158;45,3977;153,9524;500,000;70,000;2,834;74,246;-0,1040;-10,3210;0,0000;-0,8575;-12,4929;3,8208;8,2282;-1,1376;-136,2611;0,0000;-9,3213;-164,8016;53,0521;109,2693;22;0;100,000
5,1717;38,6250;51,3501;-41,0628;-101,5623;46,0896;45,4058;153,9697;500,000;70,000;2,992;76,317;-0,1063;-10,6031;0,0000;-0,8767;-12,8341;3,9309;8,4545;-1,1171;-136,1898;0,0000;-9,1482;-164,7015;53,2446;109,2627;22;0;100,000
5,1738;38,6247;51,3278;-41,0628;-101,5641;46,0627;45,4140;153,9875;500,000;70,000;3,154;78,388;-0,1086;-10,8851;0,0000;-0,8954;-13,1751;4,0413;8,6808;-1,0961;-136,1164;0,0000;-8,9703;-164,5981;53,4424;109,2553;22;0;100,000
5,1758;38,6245;51,3050;-41,0628;-101,5660;46,0350;45,4225;154,0057;500,000;70,000;3,321;80,459;-0,1108;-11,1670;0,0000;-0,9138;-13,5159;4,1522;8,9071;-1,0744;-136,0409;0,0000;-8,7878;-164,4914;53,6455;109,2472;22;0;100,000
5,1779;38,6243;51,2815;-41,0628;-101,5679;46,0067;45,4312;154,0243;500,000;70,000;3,492;82,530;-0,1130;-11,4487;0,0000;-0,9318;-13,8565;4,2636;9,1334;-1,0522;-135,9633;0,0000;-8,6005;-164,3813;53,8538;109,2383;22;0;100,000
5,1800;38,6240;51,2575;-41,0628;-101,5698;45,9776;45,4402;154,0435;500,000;70,000;3,667;84,602;-0,1152;-11,7302;0,0000;-0,9494;-14,1968;4,3753;9,3596;-1,0294;-135,8836;0,0000;-8,4085;-164,2678;54,0673;109,2285;22;0;100,000
5,1821;38,6238;51,2330;-41,0628;-101,5718;45,9479;45,4494;154,0631;500,000;70,000;3,846;86,673;-0,1173;-12,0115;0,0000;-0,9667;-14,5369;4,4875;9,5858;-1,0061;-135,8017;0,0000;-8,2119;-164,1509;54,2861;109,2179;22;0;100,000
5,1841;38,6236;51,2078;-41,0628;-101,5738;45,9174;45,4588;154,0832;500,000;70,000;4,030;88,744;-0,1194;-12,2927;0,0000;-0,9835;-14,8768;4,6002;9,8120;-0,9821;-135,7176;0,0000;-8,0105;-164,0304;54,5102;109,2062;22;0;100,000
5,1862;38,6233;51,1820;-41,0628;-101,5759;45,8863;45,4684;154,1038;500,000;70,000;4,218;90,815;-0,1214;-12,5737;0,0000;-0,9998;-15,2164;4,7133;10,0382;-0,9576;-135,6314;0,0000;-7,8044;-163,9065;54,7396;109,1936;22;0;100,000
5,1883;38,6230;51,1557;-41,0628;-101,5780;45,8544;45,4783;154,1248;500,000;70,000;4,411;92,886;-0,1233;-12,8545;0,0000;-1,0158;-15,5558;4,8269;10,2643;-0,9325;-135,5430;0,0000;-7,5936;-163,7789;54,9742;109,1799;22;0;100,000
5,1903;38,6228;51,1288;-41,0628;-101,5801;45,8218;45,4884;154,1463;500,000;70,000;4,607;94,957;-0,1252;-13,1352;0,0000;-1,0313;-15,8948;4,9410;10,4904;-0,9068;-135,4523;0,0000;-7,3781;-163,6476;55,2141;109,1651;22;0;100,000
5,1924;38,6225;51,1013;-41,0628;-101,5823;45,7886;45,4988;154,1682;500,000;70,000;4,808;97,029;-0,1271;-13,4156;0,0000;-1,0463;-16,2336;5,0557;10,7165;-0,8806;-135,3595;0,0000;-7,1579;-163,5127;55,4592;109,1491;22;0;100,000
5,1945;38,6223;51,0732;-41,0628;-101,5844;45,7546;45,5093;154,1907;500,000;70,000;5,014;99,100;-0,1289;-13,6959;0,0000;-1,0609;-16,5722;5,1708;10,9426;-0,8537;-135,2644;0,0000;-6,9330;-163,3739;55,7097;109,1319;22;0;100,000
5,1966;38,6220;51,0446;-41,0628;-101,5866;45,7199;45,5202;154,2136;500,000;70,000;5,223;101,171;-0,1306;-13,9759;0,0000;-1,0751;-16,9104;5,2864;11,1686;-0,8263;-135,1670;0,0000;-6,7033;-163,2314;55,9654;109,1135;22;0;100,000
5,1986;38,6217;51,0153;-41,0628;-101,5889;45,6845;45,5312;154,2369;500,000;70,000;5,437;103,242;-0,1323;-14,2558;0,0000;-1,0887;-17,2483;5,4026;11,3946;-0,7982;-135,0673;0,0000;-6,4690;-163,0850;56,2263;109,0938;22;0;100,000
5,2007;38,6214;50,9855;-41,0628;-101,5912;45,6485;45,5426;154,2608;500,000;70,000;5,655;105,313;-0,1339;-14,5354;0,0000;-1,1019;-17,5859;5,5193;11,6205;-0,7696;-134,9654;0,0000;-6,2299;-162,9347;56,4926;109,0726;22;0;100,000
5,2028;38,6212;50,9551;-41,0628;-101,5935;45,6117;45,5541;154,2851;500,000;70,000;5,877;107,384;-0,1355;-14,8149;0,0000;-1,1145;-17,9233;5,6366;11,8464;-0,7404;-134,8612;0,0000;-5,9862;-162,7804;56,7641;109,0501;22;0;100,000
5,2048;38,6209;50,9241;-41,0628;-101,5958;45,5742;45,5659;154,3098;500,000;70,000;6,104;109,456;-0,1370;-15,0941;0,0000;-1,1267;-18,2602;5,7545;12,0722;-0,7106;-134,7546;0,0000;-5,7377;-162,6220;57,0409;109,0260;22;0;100,000
5,2069;38,6206;50,8926;-41,0628;-101,5981;45,5360;45,5779;154,3351;500,000;70,000;6,335;111,527;-0,1384;-15,3731;0,0000;-1,1383;-18,5969;5,8729;12,2980;-0,6802;-134,6457;0,0000;-5,4845;-162,4596;57,3230;109,0005;22;0;100,000
5,2090;38,6203;50,8605;-41,0628;-101,6005;45,4972;45,5902;154,3608;500,000;70,000;6,570;113,598;-0,1398;-15,6518;0,0000;-1,1494;-18,9332;5,9919;12,5237;-0,6493;-134,5344;0,0000;-5,2266;-162,2930;57,6103;108,9733;22;0;100,000
5,2111;38,6200;50,8278;-41,0628;-101,6029;45,4576;45,6028;154,3870;500,000;70,000;6,810;115,669;-0,1411;-15,9303;0,0000;-1,1599;-19,2692;6,1115;12,7494;-0,6177;-134,4207;0,0000;-4,9640;-162,1221;57,9029;108,9444;22;0;100,000
5,2131;38,6197;50,7945;-41,0628;-101,6053;45,4174;45,6155;154,4136;500,000;70,000;7,054;117,740;-0,1424;-16,2086;0,0000;-1,1699;-19,6048;6,2318;12,9750;-0,5855;-134,3047;0,0000;-4,6967;-161,9470;58,2008;108,9138;22;0;100,000
5,2152;38,6194;50,7606;-41,0628;-101,6077;45,3764;45,6286;154,4407;500,000;70,000;7,302;119,811;-0,1436;-16,4867;0,0000;-1,1794;-19,9400;6,3526;13,2006;-0,5527;-134,1862;0,0000;-4,4247;-161,7676;58,5040;108,8814;22;0;100,000
5,2173;38,6191;50,7262;-41,0628;-101,6102;45,3348;45,6419;154,4683;500,000;70,000;7,554;121,883;-0,1447;-16,7645;0,0000;-1,1883;-20,2749;6,4741;13,4260;-0,5194;-134,0653;0,0000;-4,1479;-161,5837;58,8124;108,8472;22;0;100,000
5,2193;38,6188;50,6912;-41,0628;-101,6127;45,2924;45,6554;154,4963;500,000;70,000;7,811;123,954;-0,1457;-17,0420;0,0000;-1,1966;-20,6093;6,5962;13,6514;-0,4854;-133,9419;0,0000;-3,8665;-161,3954;59,1261;108,8110;22;0;100,000
5,2214;38,6185;50,6556;-41,0628;-101,6151;45,2494;45,6692;154,5248;500,000;70,000;8,072;126,025;-0,1467;-17,3193;0,0000;-1,2043;-20,9434;6,7190;13,8768;-0,4508;-133,8160;0,0000;-3,5803;-161,2025;59,4451;108,7729;22;0;100,000
5,2235;38,6182;50,6194;-41,0628;-101,6176;45,2057;45,6832;154,5538;500,000;70,000;8,337;128,096;-0,1476;-17,5963;0,0000;-1,2114;-21,2771;6,8425;14,1020;-0,4157;-133,6876;0,0000;-3,2894;-161,0051;59,7693;108,7327;22;0;100,000
5,2256;38,6179;50,5827;-41,0628;-101,6202;45,1613;45,6975;154,5832;500,000;70,000;8,607;130,167;-0,1484;-17,8731;0,0000;-1,2179;-21,6104;6,9666;14,3272;-0,3799;-133,5567;0,0000;-2,9938;-160,8029;60,0988;108,6904;22;0;100,000
5,2276;38,6176;50,5454;-41,0628;-101,6227;45,1162;45,7121;154,6132;500,000;70,000;8,881;132,238;-0,1491;-18,1496;0,0000;-1,2238;-21,9432;7,0914;14,5523;-0,3435;-133,4233;0,0000;-2,6935;-160,5961;60,4336;108,6459;22;0;100,000
5,2297;38,6173;50,5075;-41,0628;-101,6252;45,0704;45,7269;154,6435;500,000;70,000;9,159;134,310;-0,1498;-18,4258;0,0000;-1,2291;-22,2756;7,2170;14,7772;-0,3065;-133,2873;0,0000;-2,3885;-160,3844;60,7736;108,5992;22;0;100,000
5,2318;38,6170;50,4691;-41,0628;-101,6278;45,0239;45,7420;154,6744;500,000;70,000;9,442;136,381;-0,1504;-18,7017;0,0000;-1,2337;-22,6076;7,3432;15,0021;-0,2689;-133,1487;0,0000;-2,0787;-160,1679;61,1189;108,5501;22;0;100,000
5,2338;38,6167;50,4300;-41,0628;-101,6303;44,9767;45,7573;154,7057;500,000;70,000;9,728;138,452;-0,1509;-18,9773;0,0000;-1,2377;-22,9391;7,4701;15,2269;-0,2308;-133,0075;0,0000;-1,7643;-159,9464;61,4694;108,4987;22;0;100,000
5,2359;38,6164;50,3905;-41,0628;-101,6329;44,9289;45,7729;154,7374;500,000;70,000;10,019;140,523;-0,1514;-19,2527;0,0000;-1,2410;-23,2701;7,5978;15,4515;-0,1919;-132,8636;0,0000;-1,4451;-159,7199;61,8252;108,4448;22;0;100,000
5,2380;38,6161;50,3503;-41,0628;-101,6355;44,8803;45,7888;154,7697;500,000;70,000;10,315;142,594;-0,1517;-19,5277;0,0000;-1,2437;-23,6007;7,7262;15,6761;-0,1525;-132,7171;0,0000;-1,1212;-159,4883;62,1862;108,3883;22;0;100,000
5,2401;38,6157;50,3096;-41,0628;-101,6381;44,8311;45,8049;154,8024;500,000;70,000;10,614;144,665;-0,1520;-19,8024;0,0000;-1,2456;-23,9308;7,8554;15,9005;-0,1125;-132,5679;0,0000;-0,7926;-159,2516;62,5525;108,3293;22;0;100,000
5,2421;38,6154;50,2683;-41,0628;-101,6406;44,7812;45,8213;154,8355;500,000;70,000;10,918;146,737;-0,1522;-20,0768;0,0000;-1,2469;-24,2603;7,9853;16,1248;-0,0719;-132,4161;0,0000;-0,4592;-159,0096;62,9240;108,2675;22;0;100,000
5,2442;38,6151;50,2264;-41,0628;-101,6432;44,7306;45,8380;154,8692;500,000;70,000;11,227;148,808;-0,1523;-20,3509;0,0000;-1,2476;-24,5894;8,1161;16,3490;-0,0306;-132,2614;0,0000;-0,1212;-158,7623;63,3008;108,2031;22;0;100,000
5,2463;38,6148;50,1840;-41,0628;-101,6458;44,6793;45,8550;154,9033;500,000;70,000;11,539;150,879;-0,1523;-20,6247;0,0000;-1,2474;-24,9180;8,2476;16,5730;0,0112;-132,1041;0,0000;0,2216;-158,5097;63,6827;108,1358;22;0;100,000
5,2483;38,6145;50,1410;-41,0628;-101,6484;44,6274;45,8722;154,9378;500,000;70,000;11,856;152,950;-0,1523;-20,8981;0,0000;-1,2466;-25,2460;8,3799;16,7969;0,0537;-131,9439;0,0000;0,5691;-158,2516;64,0699;108,0656;22;0;100,000
5,2504;38,6142;50,0974;-41,0628;-101,6510;44,5748;45,8897;154,9728;500,000;70,000;12,177;155,021;-0,1521;-21,1713;0,0000;-1,2451;-25,5735;8,5130;17,0207;0,0968;-131,7810;0,0000;0,9213;-157,9880;64,4623;107,9924;22;0;100,000
5,2525;38,6138;50,0533;-41,0628;-101,6535;44,5214;45,9074;155,0083;500,000;70,000;12,502;157,092;-0,1519;-21,4440;0,0000;-1,2428;-25,9005;8,6469;17,2443;0,1405;-131,6152;0,0000;1,2782;-157,7189;64,8599;107,9162;22;0;100,000
5,2546;38,6135;50,0086;-41,0628;-101,6561;44,4675;45,9255;155,0443;500,000;70,000;12,832;159,164;-0,1515;-21,7165;0,0000;-1,2398;-26,2269;8,7816;17,4677;0,1848;-131,4466;0,0000;1,6398;-157,4440;65,2627;107,8368;22;0;100,000
5,2566;38,6132;49,9633;-41,0628;-101,6587;44,4128;45,9438;155,0807;500,000;70,000;13,166;161,235;-0,1511;-21,9885;0,0000;-1,2360;-26,5527;8,9172;17,6910;0,2297;-131,2751;0,0000;2,0062;-157,1634;65,6707;107,7542;22;0;100,000
5,2587;38,6129;49,9175;-41,0628;-101,6612;44,3575;45,9624;155,1176;500,000;70,000;13,504;163,306;-0,1506;-22,2602;0,0000;-1,2315;-26,8779;9,0537;17,9141;0,2752;-131,1007;0,0000;2,3773;-156,8770;66,0839;107,6684;22;0;100,000
5,2608;38,6126;49,8711;-41,0628;-101,6638;44,3015;45,9813;155,1549;500,000;70,000;13,847;165,377;-0,1500;-22,5316;0,0000;-1,2262;-27,2025;9,1910;18,1370;0,3214;-130,9233;0,0000;2,7531;-156,5846;66,5023;107,5792;22;0;100,000
5,2628;38,6123;49,8242;-41,0628;-101,6663;44,2448;46,0005;155,1927;500,000;70,000;14,193;167,448;-0,1492;-22,8026;0,0000;-1,2201;-27,5265;9,3291;18,3597;0,3681;-130,7430;0,0000;3,1336;-156,2863;66,9258;107,4865;22;0;100,000
5,2649;38,6120;49,7766;-41,0628;-101,6688;44,1874;46,0200;155,2309;500,000;70,000;14,545;169,519;-0,1484;-23,0732;0,0000;-1,2132;-27,8499;9,4682;18,5822;0,4155;-130,5597;0,0000;3,5188;-155,9820;67,3545;107,3903;22;0;100,000
5,2670;38,6117;49,7286;-41,0628;-101,6713;44,1294;46,0397;155,2697;500,000;70,000;14,900;171,591;-0,1475;-23,3434;0,0000;-1,2055;-28,1726;9,6081;18,8045;0,4635;-130,3734;0,0000;3,9088;-155,6715;67,7884;107,2906;22;0;100,000
5,2691;38,6114;49,6799;-41,0628;-101,6738;44,0707;46,0598;155,3088;500,000;70,000;15,260;173,662;-0,1465;-23,6132;0,0000;-1,1970;-28,4947;9,7490;19,0267;0,5121;-130,1841;0,0000;4,3034;-155,3548;68,2274;107,1871;22;0;100,000
5,2711;38,6111;49,6308;-41,0628;-101,6763;44,0114;46,0801;155,3485;500,000;70,000;15,624;175,733;-0,1454;-23,8827;0,0000;-1,1877;-28,8162;9,8908;19,2485;0,5614;-129,9917;0,0000;4,7028;-155,0318;68,6715;107,0799;22;0;100,000
5,2732;38,6108;49,5810;-41,0628;-101,6787;43,9514;46,1007;155,3886;500,000;70,000;15,992;177,804;-0,1442;-24,1517;0,0000;-1,1775;-29,1369;10,0335;19,4702;0,6112;-129,7961;0,0000;5,1069;-154,7024;69,1207;106,9688;22;0;100,000
5,2753;38,6105;49,5307;-41,0628;-101,6812;43,8907;46,1217;155,4291;500,000;70,000;16,364;179,875;-0,1429;-24,4203;0,0000;-1,1665;-29,4570;10,1771;19,6916;0,6617;-129,5975;0,0000;5,5158;-154,3666;69,5750;106,8538;22;0;100,000
5,2773;38,6102;49,4799;-41,0628;-101,6836;43,8294;46,1429;155,4701;500,000;70,000;16,741;181,946;-0,1414;-24,6885;0,0000;-1,1547;-29,7764;10,3217;19,9128;0,7127;-129,3957;0,0000;5,9293;-154,0243;70,0344;106,7348;22;0;100,000
5,2794;38,6099;49,4284;-41,0628;-101,6860;43,7674;46,1644;155,5116;500,000;70,000;17,122;184,018;-0,1399;-24,9563;0,0000;-1,1420;-30,0950;10,4672;20,1338;0,7644;-129,1907;0,0000;6,3476;-153,6753;70,4989;106,6117;22;0;100,000
5,2815;38,6096;49,3765;-41,0628;-101,6883;43,7047;46,1862;155,5535;500,000;70,000;17,508;186,089;-0,1383;-25,2237;0,0000;-1,1284;-30,4129;10,6137;20,3545;0,8167;-128,9825;0,0000;6,7706;-153,3197;70,9684;106,4845;22;0;100,000
5,2835;38,6093;49,3240;-41,0628;-101,6906;43,6414;46,2084;155,5959;500,000;70,000;17,897;188,160;-0,1365;-25,4906;0,0000;-1,1139;-30,7301;10,7612;20,5749;0,8696;-128,7710;0,0000;7,1983;-152,9573;71,4430;106,3530;22;0;100,000
5,2856;38,6090;49,2709;-41,0628;-101,6929;43,5774;46,2308;155,6388;500,000;70,000;18,291;190,231;-0,1347;-25,7571;0,0000;-1,0986;-31,0465;10,9096;20,7950;0,9232;-128,5563;0,0000;7,6307;-152,5880;71,9226;106,2171;22;0;100,000
5,2877;38,6087;49,2173;-41,0628;-101,6952;43,5128;46,2536;155,6821;500,000;70,000;18,690;192,302;-0,1327;-26,0231;0,0000;-1,0823;-31,3622;11,0591;21,0149;0,9773;-128,3383;0,0000;8,0679;-152,2119;72,4073;106,0769;22;0;100,000
5,2898;38,6085;49,1631;-41,0628;-101,6974;43,4475;46,2766;155,7258;500,000;70,000;19,092;194,373;-0,1306;-26,2887;0,0000;-1,0651;-31,6770;11,2096;21,2344;1,0320;-128,1169;0,0000;8,5097;-151,8287;72,8969;105,9321;22;0;100,000
5,2918;38,6082;49,1084;-41,0628;-101,6996;43,3816;46,3000;155,7700;500,000;70,000;19,499;196,445;-0,1284;-26,5538;0,0000;-1,0471;-31,9911;11,3611;21,4537;1,1345;-117,5884;0,0000;9,3399;-139,0291;68,9528;97,4541;22;0;100,000
5,2939;38,6079;49,0531;-41,0628;-101,7017;43,3150;46,3237;155,8147;500,000;70,000;19,910;198,516;-0,1259;-26,7758;0,0000;-1,0265;-32,2530;11,4952;21,6381;1,3799;-74,2915;0,0000;11,3351;-86,7738;50,8194;62,4772;22;0;100,000
5,2960;38,6077;48,9975;-41,0628;-101,7038;43,2480;46,3476;155,8597;500,000;70,000;20,324;199,951;-0,1227;-26,8616;0,0000;-1,0001;-32,3506;11,5716;21,7125;1,6639;-18,0992;0,0000;13,6432;-19,0187;26,9078;17,0465;22;0;100,000
5,2980;38,6074;48,9418;-41,0628;-101,7059;43,1810;46,3716;155,9046;500,000;70,000;20,739;200,000;-0,1190;-26,8508;0,0000;-0,9699;-32,3317;11,6066;21,7087;1,7815;6,0119;0,0000;14,5946;10,0686;16,5997;-2,4808;22;0;100,000
5,3001;38,6072;48,8862;-41,0628;-101,7079;43,1140;46,3957;155,9496;500,000;70,000;21,153;200,000;-0,1153;-26,8367;0,0000;-0,9397;-32,3088;11,6403;21,7022;1,7861;6,8207;0,0000;14,6251;11,0816;16,2586;-3,1815;22;0;100,000
5,3022;38,6070;48,8307;-41,0628;-101,7098;43,0471;46,4198;155,9945;500,000;70,000;21,567;200,000;-0,1116;-26,8225;0,0000;-0,9094;-32,2858;11,6740;21,6955;1,7870;6,8411;0,0000;14,6254;11,1447;16,2559;-3,2450;22;0;100,000
5,3043;38,6067;48,7751;-41,0628;-101,7116;42,9803;46,4441;156,0395;500,000;70,000;21,981;200,000;-0,1079;-26,8083;0,0000;-0,8791;-32,2627;11,7077;21,6888;1,7879;6,8615;0,0000;14,6257;11,2076;16,2530;-3,3084;22;0;100,000
5,3063;38,6065;48,7196;-41,0628;-101,7134;42,9135;46,4683;156,0844;500,000;70,000;22,396;200,000;-0,1042;-26,7941;0,0000;-0,8488;-32,2394;11,7413;21,6818;1,7887;6,8820;0,0000;14,6260;11,2703;16,2500;-3,3715;22;0;100,000
5,3084;38,6063;48,6641;-41,0628;-101,7151;42,8467;46,4927;156,1293;500,000;70,000;22,810;200,000;-0,1005;-26,7798;0,0000;-0,8185;-32,2160;11,7750;21,6748;1,7895;6,9023;0,0000;14,6262;11,3328;16,2468;-3,4345;22;0;100,000
5,3105;38,6061;48,6087;-41,0628;-101,7168;42,7800;46,5171;156,1742;500,000;70,000;23,224;200,000;-0,0968;-26,7655;0,0000;-0,7882;-32,1925;11,8086;21,6676;1,7903;6,9227;0,0000;14,6265;11,3950;16,2435;-3,4973;22;0;100,000
5,3125;38,6059;48,5533;-41,0628;-101,7184;42,7134;46,5416;156,2190;500,000;70,000;23,638;200,000;-0,0931;-26,7511;0,0000;-0,7579;-32,1688;11,8423;21,6603;1,7910;6,9431;0,0000;14,6268;11,4571;16,2400;-3,5599;22;0;100,000
5,3146;38,6057;48,4979;-41,0628;-101,7200;42,6468;46,5662;156,2639;500,000;70,000;24,053;200,000;-0,0894;-26,7367;0,0000;-0,7276;-32,1450;11,8759;21,6529;1,7917;6,9635;0,0000;14,6270;11,5189;16,2364;-3,6223;22;0;100,000
5,3167;38,6055;48,4425;-41,0628;-101,7214;42,5802;46,5908;156,3087;500,000;70,000;24,467;200,000;-0,0857;-26,7223;0,0000;-0,6973;-32,1211;11,9095;21,6453;1,7924;6,9838;0,0000;14,6272;11,5805;16,2326;-3,6845;22;0;100,000
5,3188;38,6054;48,3872;-41,0628;-101,7228;42,5137;46,6155;156,3535;500,000;70,000;24,881;200,000;-0,0820;-26,7078;0,0000;-0,6670;-32,0970;11,9431;21,6376;1,7931;7,0042;0,0000;14,6275;11,6419;16,2286;-3,7466;22;0;100,000
5,3208;38,6052;48,3319;-41,0628;-101,7242;42,4473;46,6403;156,3983;500,000;70,000;25,295;200,000;-0,0783;-26,6933;0,0000;-0,6367;-32,0729;11,9767;21,6298;1,7937;7,0245;0,0000;14,6277;11,7031;16,2245;-3,8084;22;0;100,000
5,3229;38,6050;48,2766;-41,0628;-101,7255;42,3809;46,6651;156,4431;500,000;70,000;25,710;200,000;-0,0745;-26,6787;0,0000;-0,6064;-32,0486;12,0103;21,6218;1,7943;7,0449;0,0000;14,6279;11,7641;16,2202;-3,8701;22;0;100,000
5,3250;38,6049;48,2214;-41,0628;-101,7267;42,3145;46,6900;156,4879;500,000;70,000;26,124;200,000;-0,0708;-26,6641;0,0000;-0,5761;-32,0241;12,0439;21,6137;1,7949;7,0652;0,0000;14,6281;11,8248;16,2158;-3,9316;22;0;100,000
5,3270;38,6047;48,1662;-41,0628;-101,7279;42,2482;46,7150;156,5327;500,000;70,000;26,538;200,000;-0,0671;-26,6494;0,0000;-0,5458;-31,9996;12,0775;21,6055;1,7954;7,0855;0,0000;14,6283;11,8853;16,2112;-3,9929;22;0;100,000
5,3291;38,6046;48,1110;-41,0628;-101,7290;42,1820;46,7401;156,5774;500,000;70,000;26,952;200,000;-0,0634;-26,6348;0,0000;-0,5155;-31,9749;12,1111;21,5972;1,7959;7,1058;0,0000;14,6284;11,9456;16,2065;-4,0540;22;0;100,000
5,3312;38,6045;48,0558;-41,0628;-101,7300;42,1158;46,7652;156,6221;500,000;70,000;27,366;200,000;-0,0597;-26,6200;0,0000;-0,4852;-31,9501;12,1446;21,5887;1,7964;7,1261;0,0000;14,6286;12,0057;16,2017;-4,1149;22;0;100,000
5,3333;38,6044;48,0007;-41,0628;-101,7310;42,0496;46,7904;156,6668;500,000;70,000;27,781;200,000;-0,0559;-26,6052;0,0000;-0,4549;-31,9252;12,1782;21,5802;1,7969;7,1464;0,0000;14,6288;12,0655;16,1966;-4,1756;22;0;100,000
5,3353;38,6042;47,9456;-41,0628;-101,7319;41,9835;46,8156;156,7115;500,000;70,000;28,195;200,000;-0,0522;-26,5904;0,0000;-0,4246;-31,9001;12,2117;21,5714;1,7973;7,1667;0,0000;14,6289;12,1251;16,1915;-4,2362;22;0;100,000
5,3374;38,6041;47,8906;-41,0628;-101,7327;41,9175;46,8410;156,7562;500,000;70,000;28,609;200,000;-0,0485;-26,5755;0,0000;-0,3943;-31,8749;12,2453;21,5626;1,7977;7,1869;0,0000;14,6290;12,1845;16,1862;-4,2965;22;0;100,000
5,3395;38,6040;47,8355;-41,0628;-101,7335;41,8515;46,8663;156,8008;500,000;70,000;29,023;200,000;-0,0448;-26,5606;0,0000;-0,3640;-31,8496;12,2788;21,5536;1,7981;7,2072;0,0000;14,6292;12,2437;16,1807;-4,3567;22;0;100,000
5,3415;38,6040;47,7805;-41,0628;-101,7342;41,7855;46,8918;156,8455;500,000;70,000;29,438;200,000;-0,0411;-26,5457;0,0000;-0,3337;-31,8242;12,3123;21,5446;1,7984;7,2274;0,0000;14,6293;12,3026;16,1751;-4,4166;22;0;100,000
5,3436;38,6039;47,7256;-41,0628;-101,7349;41,7197;46,9173;156,8901;500,000;70,000;29,852;200,000;-0,0373;-26,5307;0,0000;-0,3034;-31,7987;12,3458;21,5354;1,7987;7,2476;0,0000;14,6294;12,3614;16,1693;-4,4764;22;0;100,000
5,3457;38,6038;47,6706;-41,0628;-101,7355;41,6538;46,9430;156,9347;500,000;70,000;30,266;200,000;-0,0336;-26,5157;0,0000;-0,2731;-31,7730;12,3793;21,5260;1,7990;7,2679;0,0000;14,6295;12,4198;16,1634;-4,5359;22;0;100,000
5,3478;38,6037;47,6157;-41,0628;-101,7360;41,5880;46,9686;156,9793;500,000;70,000;30,680;200,000;-0,0299;-26,5006;0,0000;-0,2428;-31,7472;12,4127;21,5166;1,7992;7,2881;0,0000;14,6296;12,4781;16,1573;-4,5953;22;0;100,000
5,3498;38,6037;47,5609;-41,0628;-101,7365;41,5223;46,9944;157,0238;500,000;70,000;31,095;200,000;-0,0261;-26,4855;0,0000;-0,2125;-31,7213;12,4462;21,5070;1,7995;7,3083;0,0000;14,6296;12,5361;16,1511;-4,6545;22;0;100,000
5,3519;38,6036;47,5060;-41,0628;-101,7369;41,4566;47,0202;157,0683;500,000;70,000;31,509;200,000;-0,0224;-26,4703;0,0000;-0,1822;-31,6953;12,4796;21,4973;1,7996;7,3285;0,0000;14,6297;12,5939;16,1448;-4,7134;22;0;100,000
5,3540;38,6036;47,4512;-41,0628;-101,7373;41,3910;47,0461;157,1129;500,000;70,000;31,923;200,000;-0,0187;-26,4551;0,0000;-0,1519;-31,6692;12,5131;21,4875;1,7998;7,3486;0,0000;14,6298;12,6515;16,1383;-4,7722;22;0;100,000
5,3560;38,6035;47,3964;-41,0628;-101,7375;41,3255;47,0720;157,1574;500,000;70,000;32,337;200,000;-0,0150;-26,4399;0,0000;-0,1216;-31,6429;12,5465;21,4775;1,7999;7,3688;0,0000;14,6298;12,7088;16,1316;-4,8308;22;0;100,000
5,3581;38,6035;47,3417;-41,0628;-101,7378;41,2599;47,0980;157,2018;500,000;70,000;32,752;200,000;-0,0112;-26,4246;0,0000;-0,0913;-31,6165;12,5799;21,4674;1,8000;7,3890;0,0000;14,6298;12,7659;16,1249;-4,8891;22;0;100,000
5,3602;38,6035;47,2870;-41,0628;-101,7379;41,1945;47,1241;157,2463;500,000;70,000;33,166;200,000;-0,0075;-26,4093;0,0000;-0,0610;-31,5900;12,6133;21,4573;1,8001;7,4091;0,0000;14,6299;12,8228;16,1179;-4,9473;22;0;100,000
5,3623;38,6035;47,2323;-41,0628;-101,7380;41,1291;47,1503;157,2907;500,000;70,000;33,580;200,000;-0,0038;-26,3939;0,0000;-0,0307;-31,5634;12,6467;21,4470;1,8002;7,4292;0,0000;14,6299;12,8794;16,1108;-5,0052;22;0;100,000
5,3643;38,6035;47,1776;-41,0628;-101,7380;41,0637;47,1765;157,3351;500,000;70,000;33,994;200,000;-0,0001;-26,3785;0,0000;-0,0004;-31,5367;12,6800;21,4365;1,8002;7,4493;0,0000;14,6299;12,9358;16,1036;-5,0630;22;0;100,000
5,3664;38,6035;47,1230;-41,0628;-101,7380;40,9985;47,2028;157,3795;500,000;70,000;34,408;200,000;0,0037;-26,3630;0,0000;0,0299;-31,5098;12,7134;21,4260;1,8002;7,4694;0,0000;14,6299;12,9919;16,0963;-5,1205;22;0;100,000
5,3685;38,6035;47,0684;-41,0628;-101,7379;40,9332;47,2292;157,4239;500,000;70,000;34,823;200,000;0,0074;-26,3476;0,0000;0,0602;-31,4828;12,7467;21,4153;1,8001;7,4895;0,0000;14,6299;13,0479;16,0887;-5,1779;22;0;100,000
5,3705;38,6035;47,0139;-41,0628;-101,7378;40,8680;47,2556;157,4682;500,000;70,000;35,237;200,000;0,0111;-26,3320;0,0000;0,0905;-31,4558;12,7800;21,4045;1,8000;7,5096;0,0000;14,6298;13,1035;16,0811;-5,2350;22;0;100,000
5,3726;38,6035;46,9594;-41,0628;-101,7375;40,8029;47,2821;157,5125;500,000;70,000;35,651;200,000;0,0149;-26,3165;0,0000;0,1208;-31,4286;12,8133;21,3936;1,7999;7,5297;0,0000;14,6298;13,1590;16,0733;-5,2919;22;0;100,000
5,3747;38,6036;46,9049;-41,0628;-101,7373;40,7379;47,3087;157,5568;500,000;70,000;36,065;200,000;0,0186;-26,3008;0,0000;0,1511;-31,4013;12,8466;21,3826;1,7998;7,5497;0,0000;14,6298;13,2142;16,0654;-5,3487;22;0;100,000
5,3768;38,6036;46,8504;-41,0628;-101,7369;40,6728;47,3353;157,6011;500,000;70,000;36,480;200,000;0,0223;-26,2852;0,0000;0,1814;-31,3738;12,8799;21,3715;1,7996;7,5698;0,0000;14,6297;13,2691;16,0573;-5,4052;22;0;100,000
5,3788;38,6037;46,7960;-41,0628;-101,7365;40,6079;47,3620;157,6454;500,000;70,000;36,894;200,000;0,0260;-26,2695;0,0000;0,2117;-31,3463;12,9131;21,3602;1,7995;7,5898;0,0000;14,6296;13,3239;16,0491;-5,4615;22;0;100,000
5,3809;38,6037;46,7416;-41,0628;-101,7360;40,5430;47,3888;157,6896;500,000;70,000;37,308;200,000;0,0298;-26,2537;0,0000;0,2420;-31,3186;12,9463;21,3489;1,7992;7,6098;0,0000;14,6296;13,3784;16,0407;-5,5176;22;0;100,000
5,3830;38,6038;46,6872;-41,0628;-101,7355;40,4782;47,4157;157,7338;500,000;70,000;37,722;200,000;0,0335;-26,2380;0,0000;0,2723;-31,2909;12,9796;21,3374;1,7990;7,6298;0,0000;14,6295;13,4326;16,0322;-5,5735;22;0;100,000
5,3850;38,6039;46,6329;-41,0628;-101,7349;40,4134;47,4426;157,7780;500,000;70,000;38,137;200,000;0,0372;-26,2221;0,0000;0,3026;-31,2630;13,0128;21,3258;1,7987;7,6498;0,0000;14,6294;13,4866;16,0236;-5,6291;22;0;100,000
5,3871;38,6039;46,5786;-41,0628;-101,7343;40,3487;47,4696;157,8221;500,000;70,000;38,551;200,000;0,0409;-26,2063;0,0000;0,3329;-31,2350;13,0459;21,3141;1,7984;7,6698;0,0000;14,6293;13,5404;16,0148;-5,6846;22;0;100,000
5,3892;38,6040;46,5244;-41,0628;-101,7335;40,2840;47,4966;157,8663;500,000;70,000;38,965;200,000;0,0447;-26,1904;0,0000;0,3632;-31,2069;13,0791;21,3022;1,7981;7,6898;0,0000;14,6292;13,5939;16,0059;-5,7398;22;0;100,000
5,3912;38,6041;46,4701;-41,0628;-101,7328;40,2194;47,5238;157,9104;500,000;70,000;39,379;200,000;0,0484;-26,1744;0,0000;0,3935;-31,1787;13,1122;21,2903;1,7977;7,7097;0,0000;14,6290;13,6472;15,9969;-5,7949;22;0;100,000
5,3933;38,6042;46,4159;-41,0628;-101,7319;40,1548;47,5509;157,9545;500,000;70,000;39,793;200,000;0,0521;-26,1584;0,0000;0,4238;-31,1504;13,1454;21,2782;1,7973;7,7296;0,0000;14,6289;13,7002;15,9877;-5,8497;22;0;100,000
5,3954;38,6043;46,3618;-41,0628;-101,7310;40,0904;47,5782;157,9985;500,000;70,000;40,208;200,000;0,0558;-26,1424;0,0000;0,4541;-31,1219;13,1785;21,2660;1,7969;7,7496;0,0000;14,6288;13,7530;15,9784;-5,9043;22;0;100,000
5,3975;38,6045;46,3076;-41,0628;-101,7300;40,0259;47,6055;158,0425;500,000;70,000;40,622;200,000;0,0596;-26,1263;0,0000;0,4844;-31,0934;13,2115;21,2538;1,7964;7,7695;0,0000;14,6286;13,8055;15,9689;-5,9587;22;0;100,000
5,3995;38,6046;46,2536;-41,0628;-101,7290;39,9616;47,6329;158,0866;500,000;70,000;41,036;200,000;0,0633;-26,1102;0,0000;0,5147;-31,0648;13,2446;21,2414;1,7959;7,7894;0,0000;14,6284;13,8578;15,9593;-6,0129;22;0;100,000
5,4016;38,6047;46,1995;-41,0628;-101,7279;39,8972;47,6604;158,1305;500,000;70,000;41,450;200,000;0,0670;-26,0941;0,0000;0,5450;-31,0360;13,2777;21,2288;1,7954;7,8093;0,0000;14,6283;13,9099;15,9496;-6,0669;22;0;100,000
5,4037;38,6049;46,1455;-41,0628;-101,7267;39,8330;47,6879;158,1745;500,000;70,000;41,865;200,000;0,0707;-26,0779;0,0000;0,5753;-31,0071;13,3107;21,2162;1,7949;7,8291;0,0000;14,6281;13,9617;15,9398;-6,1206;22;0;100,000
5,4057;38,6050;46,0915;-41,0628;-101,7255;39,7688;47,7155;158,2184;500,000;70,000;42,279;200,000;0,0744;-26,0616;0,0000;0,6056;-30,9782;13,3437;21,2035;1,7943;7,8490;0,0000;14,6279;14,0132;15,9298;-6,1741;22;0;100,000
5,4078;38,6052;46,0375;-41,0628;-101,7242;39,7047;47,7432;158,2623;500,000;70,000;42,693;200,000;0,0782;-26,0454;0,0000;0,6359;-30,9491;13,3767;21,1907;1,7937;7,8688;0,0000;14,6277;14,0645;15,9196;-6,2275;22;0;100,000
5,4099;38,6053;45,9836;-41,0628;-101,7229;39,6406;47,7709;158,3062;500,000;70,000;43,107;200,000;0,0819;-26,0290;0,0000;0,6662;-30,9199;13,4096;21,1777;1,7931;7,8886;0,0000;14,6275;14,1156;15,9094;-6,2806;22;0;100,000
5,4120;38,6055;45,9297;-41,0628;-101,7215;39,5766;47,7988;158,3501;500,000;70,000;43,522;200,000;0,0856;-26,0127;0,0000;0,6965;-30,8906;13,4426;21,1646;1,7924;7,9084;0,0000;14,6272;14,1664;15,8990;-6,3334;22;0;100,000
5,4140;38,6057;45,8758;-41,0628;-101,7200;39,5126;47,8266;158,3939;500,000;70,000;43,936;200,000;0,0893;-25,9963;0,0000;0,7268;-30,8612;13,4755;21,1515;1,7918;7,9282;0,0000;14,6270;14,2170;15,8885;-6,3861;22;0;100,000
5,4161;38,6059;45,8220;-41,0628;-101,7185;39,4488;47,8546;158,4377;500,000;70,000;44,350;200,000;0,0930;-25,9798;0,0000;0,7570;-30,8317;13,5084;21,1382;1,7910;7,9480;0,0000;14,6268;14,2673;15,8778;-6,4385;22;0;100,000
5,4182;38,6061;45,7682;-41,0628;-101,7169;39,3849;47,8826;158,4814;500,000;70,000;44,764;200,000;0,0967;-25,9633;0,0000;0,7873;-30,8021;13,5413;21,1248;1,7903;7,9678;0,0000;14,6265;14,3174;15,8670;-6,4907;22;0;100,000
5,4202;38,6063;45,7145;-41,0628;-101,7152;39,3212;47,9107;158,5252;500,000;70,000;45,179;200,000;0,1004;-25,9468;0,0000;0,8176;-30,7724;13,5741;21,1113;1,7895;7,9875;0,0000;14,6263;14,3672;15,8561;-6,5427;22;0;100,000
5,4223;38,6065;45,6607;-41,0628;-101,7135;39,2575;47,9388;158,5689;500,000;70,000;45,593;200,000;0,1041;-25,9303;0,0000;0,8479;-30,7426;13,6069;21,0977;1,7887;8,0073;0,0000;14,6260;14,4168;15,8451;-6,5945;22;0;100,000
5,4244;38,6067;45,6070;-41,0628;-101,7117;39,1938;47,9670;158,6126;500,000;70,000;46,007;200,000;0,1078;-25,9137;0,0000;0,8782;-30,7127;13,6397;21,0840;1,7879;8,0270;0,0000;14,6257;14,4661;15,8339;-6,6461;22;0;100,000
5,4265;38,6070;45,5534;-41,0628;-101,7098;39,1302;47,9953;158,6562;500,000;70,000;46,421;200,000;0,1115;-25,8970;0,0000;0,9085;-30,6827;13,6725;21,0702;1,7870;8,0467;0,0000;14,6254;14,5152;15,8226;-6,6974;22;0;100,000
5,4285;38,6072;45,4998;-41,0628;-101,7079;39,0667;48,0237;158,6998;500,000;70,000;46,835;200,000;0,1152;-25,8803;0,0000;0,9388;-30,6526;13,7053;21,0562;1,7861;8,0664;0,0000;14,6251;14,5640;15,8112;-6,7485;22;0;100,000
5,4306;38,6074;45,4462;-41,0628;-101,7059;39,0033;48,0521;158,7434;500,000;70,000;47,250;200,000;0,1189;-25,8636;0,0000;0,9691;-30,6224;13,7380;21,0422;1,7852;8,0860;0,0000;14,6248;14,6126;15,7996;-6,7994;22;0;100,000
5,4327;38,6077;45,3926;-41,0628;-101,7039;38,9399;48,0806;158,7870;500,000;70,000;47,664;200,000;0,1226;-25,8468;0,0000;0,9994;-30,5920;13,7707;21,0281;1,7843;8,1057;0,0000;14,6245;14,6609;15,7880;-6,8501;22;0;100,000
5,4347;38,6079;45,3391;-41,0628;-101,7018;38,8765;48,1091;158,8305;500,000;70,000;48,078;200,000;0,1263;-25,8300;0,0000;1,0297;-30,5616;13,8034;21,0138;1,7833;8,1253;0,0000;14,6241;14,7089;15,7762;-6,9005;22;0;100,000
5,4368;38,6082;45,2856;-41,0628;-101,6996;38,8133;48,1378;158,8741;500,000;70,000;48,492;200,000;0,1300;-25,8132;0,0000;1,0600;-30,5311;13,8361;20,9995;1,7823;8,1450;0,0000;14,6238;14,7567;15,7642;-6,9508;22;0;100,000
5,4389;38,6085;45,2322;-41,0628;-101,6974;38,7501;48,1664;158,9175;500,000;70,000;48,907;200,000;0,1337;-25,7963;0,0000;1,0902;-30,5005;13,8687;20,9850;1,7812;8,1646;0,0000;14,6234;14,8043;15,7522;-7,0008;22;0;100,000
5,4410;38,6088;45,1788;-41,0628;-101,6951;38,6869;48,1952;158,9610;500,000;70,000;49,321;200,000;0,1374;-25,7794;0,0000;1,1205;-30,4698;13,9013;20,9705;1,7802;8,1842;0,0000;14,6231;14,8516;15,7400;-7,0505;22;0;100,000
5,4430;38,6090;45,1254;-41,0628;-101,6928;38,6239;48,2240;159,0044;500,000;70,000;49,735;200,000;0,1411;-25,7624;0,0000;1,1508;-30,4390;13,9339;20,9558;1,7791;8,2037;0,0000;14,6227;14,8987;15,7277;-7,1001;22;0;100,000
5,4451;38,6093;45,0721;-41,0628;-101,6904;38,5608;48,2529;159,0478;500,000;70,000;50,149;200,000;0,1448;-25,7454;0,0000;1,1811;-30,4081;13,9665;20,9411;1,7779;8,2233;0,0000;14,6223;14,9455;15,7153;-7,1494;22;0;100,000
5,4472;38,6096;45,0188;-41,0628;-101,6879;38,4979;48,2819;159,0911;500,000;70,000;50,564;200,000;0,1484;-25,7283;0,0000;1,2114;-30,3771;13,9990;20,9262;1,7768;8,2428;0,0000;14,6219;14,9920;15,7027;-7,1985;22;0;100,000
5,4492;38,6100;44,9655;-41,0628;-101,6853;38,4350;48,3109;159,1345;500,000;70,000;50,978;200,000;0,1521;-25,7112;0,0000;1,2417;-30,3460;14,0315;20,9113;1,7756;8,2624;0,0000;14,6215;15,0383;15,6900;-7,2474;22;0;100,000
5,4513;38,6103;44,9122;-41,0628;-101,6827;38,3722;48,3400;159,1778;500,000;70,000;51,392;200,000;0,1558;-25,6941;0,0000;1,2720;-30,3148;14,0640;20,8962;1,7744;8,2819;0,0000;14,6211;15,0843;15,6773;-7,2960;22;0;100,000
5,4534;38,6106;44,8590;-41,0628;-101,6801;38,3094;48,3692;159,2210;500,000;70,000;51,806;200,000;0,1595;-25,6769;0,0000;1,3022;-30,2835;14,0965;20,8810;1,7731;8,3014;0,0000;14,6207;15,1301;15,6643;-7,3444;22;0;100,000
5,4555;38,6109;44,8059;-41,0628;-101,6773;38,2467;48,3984;159,2643;500,000;70,000;52,220;200,000;0,1631;-25,6597;0,0000;1,3325;-30,2521;14,1289;20,8658;1,7719;8,3208;0,0000;14,6203;15,1757;15,6513;-7,3926;22;0;100,000
5,4575;38,6113;44,7528;-41,0628;-101,6746;38,1841;48,4277;159,3075;500,000;70,000;52,635;200,000;0,1668;-25,6425;0,0000;1,3628;-30,2206;14,1613;20,8504;1,7706;8,3403;0,0000;14,6198;15,2209;15,6382;-7,4406;22;0;100,000
5,4596;38,6116;44,6997;-41,0628;-101,6717;38,1216;48,4571;159,3506;500,000;70,000;53,049;200,000;0,1705;-25,6252;0,0000;1,3931;-30,1891;14,1937;20,8350;1,7692;8,3597;0,0000;14,6194;15,2659;15,6249;-7,4883;22;0;100,000
5,4617;38,6120;44,6466;-41,0628;-101,6688;38,0591;48,4865;159,3938;500,000;70,000;53,463;200,000;0,1741;-25,6078;0,0000;1,4234;-30,1574;14,2260;20,8194;1,7679;8,3792;0,0000;14,6189;15,3107;15,6115;-7,5358;22;0;100,000
5,4637;38,6123;44,5936;-41,0628;-101,6658;37,9966;48,5160;159,4369;500,000;70,000;53,877;200,000;0,1778;-25,5904;0,0000;1,4536;-30,1256;14,2584;20,8037;1,7665;8,3986;0,0000;14,6184;15,3552;15,5980;-7,5831;22;0;100,000
5,4658;38,6127;44,5406;-41,0628;-101,6628;37,9343;48,5456;159,4799;500,000;70,000;54,292;200,000;0,1815;-25,5730;0,0000;1,4839;-30,0938;14,2906;20,7880;1,7651;8,4180;0,0000;14,6180;15,3995;15,5844;-7,6302;22;0;100,000
5,4679;38,6131;44,4877;-41,0628;-101,6597;37,8720;48,5752;159,5230;500,000;70,000;54,706;200,000;0,1851;-25,5556;0,0000;1,5142;-30,0618;14,3229;20,7721;1,7636;8,4373;0,0000;14,6175;15,4435;15,5706;-7,6770;22;0;100,000
5,4700;38,6135;44,4347;-41,0628;-101,6565;37,8098;48,6049;159,5660;500,000;70,000;55,120;200,000;0,1888;-25,5381;0,0000;1,5445;-30,0298;14,3551;20,7562;1,7621;8,4567;0,0000;14,6170;15,4872;15,5568;-7,7236;22;0;100,000
5,4720;38,6139;44,3819;-41,0628;-101,6533;37,7476;48,6346;159,6090;500,000;70,000;55,534;200,000;0,1924;-25,5205;0,0000;1,5747;-29,9977;14,3873;20,7401;1,7606;8,4760;0,0000;14,6165;15,5307;15,5428;-7,7700;22;0;100,000
5,4741;38,6143;44,3290;-41,0628;-101,6500;37,6855;48,6645;159,6519;500,000;70,000;55,949;200,000;0,1961;-25,5030;0,0000;1,6050;-29,9655;14,4195;20,7240;1,7591;8,4953;0,0000;14,6160;15,5739;15,5287;-7,8161;22;0;100,000
5,4762;38,6147;44,2762;-41,0628;-101,6466;37,6235;48,6944;159,6948;500,000;70,000;56,363;200,000;0,1997;-25,4854;0,0000;1,6353;-29,9332;14,4517;20,7078;1,7575;8,5146;0,0000;14,6154;15,6169;15,5145;-7,8620;22;0;100,000
5,4782;38,6151;44,2235;-41,0628;-101,6432;37,5615;48,7243;159,7377;500,000;70,000;56,777;200,000;0,2033;-25,4677;0,0000;1,6656;-29,9008;14,4838;20,6914;1,7560;8,5339;0,0000;14,6149;15,6596;15,5002;-7,9077;22;0;100,000
5,4803;38,6155;44,1707;-41,0628;-101,6397;37,4996;48,7544;159,7805;500,000;70,000;57,191;200,000;0,2070;-25,4500;0,0000;1,6958;-29,8683;14,5159;20,6750;1,7543;8,5532;0,0000;14,6143;15,7021;15,4858;-7,9532;22;0;100,000
5,4824;38,6160;44,1180;-41,0628;-101,6362;37,4378;48,7845;159,8233;500,000;70,000;57,606;200,000;0,2106;-25,4323;0,0000;1,7261;-29,8357;14,5479;20,6585;1,7527;8,5724;0,0000;14,6138;15,7443;15,4712;-7,9984;22;0;100,000
5,4845;38,6164;44,0654;-41,0628;-101,6326;37,3760;48,8146;159,8661;500,000;70,000;58,020;200,000;0,2142;-25,4145;0,0000;1,7564;-29,8031;14,5800;20,6419;1,7510;8,5916;0,0000;14,6132;15,7862;15,4566;-8,0434;22;0;100,000
5,4865;38,6169;44,0128;-41,0628;-101,6289;37,3143;48,8449;159,9088;500,000;70,000;58,434;200,000;0,2179;-25,3967;0,0000;1,7866;-29,7703;14,6120;20,6252;1,7493;8,6108;0,0000;14,6127;15,8279;15,4418;-8,0881;22;0;100,000
5,4886;38,6173;43,9602;-41,0628;-101,6252;37,2527;48,8752;159,9515;500,000;70,000;58,848;200,000;0,2215;-25,3788;0,0000;1,8169;-29,7375;14,6439;20,6084;1,7476;8,6300;0,0000;14,6121;15,8694;15,4269;-8,1327;22;0;100,000
5,4907;38,6178;43,9076;-41,0628;-101,6214;37,1911;48,9055;159,9942;500,000;70,000;59,262;200,000;0,2251;-25,3609;0,0000;1,8472;-29,7046;14,6759;20,5915;1,7458;8,6492;0,0000;14,6115;15,9106;15,4119;-8,1770;22;0;100,000
5,4927;38,6182;43,8551;-41,0628;-101,6175;37,1296;48,9360;160,0368;500,000;70,000;59,677;200,000;0,2287;-25,3430;0,0000;1,8774;-29,6716;14,7078;20,5745;1,7440;8,6683;0,0000;14,6109;15,9515;15,3968;-8,2211;22;0;100,000
5,4948;38,6187;43,8027;-41,0628;-101,6136;37,0682;48,9665;160,0794;500,000;70,000;60,091;200,000;0,2323;-25,3250;0,0000;1,9077;-29,6385;14,7396;20,5574;1,7422;8,6875;0,0000;14,6103;15,9921;15,3816;-8,2649;22;0;100,000
5,4969;38,6192;43,7502;-41,0628;-101,6096;37,0069;48,9970;160,1220;500,000;70,000;60,505;200,000;0,2359;-25,3070;0,0000;1,9379;-29,6054;14,7715;20,5403;1,7403;8,7066;0,0000;14,6096;16,0325;15,3663;-8,3085;22;0;100,001
5,4989;38,6197;43,6978;-41,0628;-101,6056;36,9456;49,0276;160,1645;500,000;70,000;60,919;200,000;0,2395;-25,2890;0,0000;1,9682;-29,5721;14,8033;20,5230;1,7384;8,7257;0,0000;14,6090;16,0727;15,3509;-8,3519;22;0;100,004
5,5010;38,6202;43,6455;-41,0628;-101,6015;36,8844;49,0583;160,2070;500,000;70,000;61,334;200,000;0,2431;-25,2709;0,0000;1,9985;-29,5388;14,8351;20,5057;1,7365;8,7447;0,0000;14,6084;16,1126;15,3354;-8,3950;22;0;100,009
5,5031;38,6207;43,5931;-41,0628;-101,5973;36,8232;49,0891;160,2495;500,000;70,000;61,748;200,000;0,2467;-25,2527;0,0000;2,0287;-29,5054;14,8668;20,4882;1,7346;8,7638;0,0000;14,6077;16,1522;15,3198;-8,4380;22;0;100,015
5,5052;38,6212;43,5409;-41,0628;-101,5930;36,7622;49,1199;160,2919;500,000;70,000;62,162;200,000;0,2503;-25,2346;0,0000;2,0590;-29,4719;14,8985;20,4707;1,7326;8,7828;0,0000;14,6071;16,1916;15,3040;-8,4806;22;0;100,023
5,5072;38,6217;43,4886;-41,0628;-101,5888;36,7012;49,1508;160,3342;500,000;70,000;62,576;200,000;0,2539;-25,2164;0,0000;2,0892;-29,4383;14,9302;20,4531;1,7306;8,8018;0,0000;14,6064;16,2307;15,2882;-8,5231;22;0;100,033
5,5093;38,6223;43,4364;-41,0628;-101,5844;36,6402;49,1818;160,3766;500,000;70,000;62,991;200,000;0,2575;-25,1981;0,0000;2,1195;-29,4047;14,9619;20,4354;1,7286;8,8208;0,0000;14,6057;16,2696;15,2722;-8,5653;22;0;100,045
5,5114;38,6228;43,3842;-41,0628;-101,5800;36,5793;49,2128;160,4189;500,000;70,000;63,405;200,000;0,2611;-25,1798;0,0000;2,1497;-29,3709;14,9935;20,4176;1,7265;8,8398;0,0000;14,6050;16,3082;15,2562;-8,6073;22;0;100,058
5,5134;38,6234;43,3321;-41,0628;-101,5755;36,5185;49,2439;160,4612;500,000;70,000;63,819;200,000;0,2646;-25,1615;0,0000;2,1800;-29,3371;15,0251;20,3998;1,7244;8,8588;0,0000;14,6043;16,3466;15,2400;-8,6491;22;0;100,073
5,5155;38,6239;43,2800;-41,0628;-101,5709;36,4578;49,2750;160,5034;500,000;70,000;64,233;200,000;0,2682;-25,1431;0,0000;2,2102;-29,3032;15,0566;20,3818;1,7223;8,8777;0,0000;14,6036;16,3847;15,2238;-8,6906;22;0;100,090
5,5176;38,6245;43,2280;-41,0628;-101,5663;36,3972;49,3062;160,5456;500,000;70,000;64,647;200,000;0,2718;-25,1247;0,0000;2,2405;-29,2692;15,0881;20,3638;1,7202;8,8966;0,0000;14,6029;16,4225;15,2074;-8,7319;22;0;100,108
5,5197;38,6250;43,1759;-41,0628;-101,5617;36,3366;49,3375;160,5878;500,000;70,000;65,062;200,000;0,2753;-25,1063;0,0000;2,2707;-29,2352;15,1196;20,3456;1,7180;8,9155;0,0000;14,6022;16,4601;15,1909;-8,7730;22;0;100,128
5,5217;38,6256;43,1240;-41,0628;-101,5569;36,2761;49,3689;160,6299;500,000;70,000;65,476;200,000;0,2789;-25,0878;0,0000;2,3009;-29,2010;15,1511;20,3274;1,7158;8,9344;0,0000;14,6015;16,4974;15,1744;-8,8138;22;0;100,150
5,5238;38,6262;43,0720;-41,0628;-101,5521;36,2156;49,4003;160,6720;500,000;70,000;65,890;200,000;0,2824;-25,0693;0,0000;2,3312;-29,1668;15,1825;20,3091;1,7135;8,9532;0,0000;14,6007;16,5345;15,1577;-8,8544;22;0;100,173
5,5259;38,6268;43,0201;-41,0628;-101,5473;36,1552;49,4318;160,7140;500,000;70,000;66,304;200,000;0,2860;-25,0507;0,0000;2,3614;-29,1326;15,2138;20,2907;1,7113;8,9721;0,0000;14,6000;16,5713;15,1409;-8,8948;22;0;100,199
5,5279;38,6274;42,9682;-41,0628;-101,5423;36,0949;49,4633;160,7560;500,000;70,000;66,719;200,000;0,2895;-25,0321;0,0000;2,3917;-29,0982;15,2452;20,2723;1,7090;8,9909;0,0000;14,5992;16,6079;15,1241;-8,9350;22;0;100,225
5,5300;38,6280;42,9164;-41,0628;-101,5374;36,0347;49,4949;160,7980;500,000;70,000;67,133;200,000;0,2931;-25,0135;0,0000;2,4219;-29,0638;15,2765;20,2537;1,7067;9,0097;0,0000;14,5984;16,6442;15,1071;-8,9749;22;0;100,254
5,5321;38,6286;42,8646;-41,0628;-101,5323;35,9746;49,5266;160,8399;500,000;70,000;67,547;200,000;0,2966;-24,9948;0,0000;2,4521;-29,0292;15,3078;20,2351;1,7043;9,0284;0,0000;14,5977;16,6803;15,0901;-9,0146;22;0;100,284
5,5342;38,6292;42,8129;-41,0628;-101,5272;35,9145;49,5583;160,8818;500,000;70,000;67,961;200,000;0,3001;-24,9761;0,0000;2,4824;-28,9947;15,3390;20,2164;1,7019;9,0472;0,0000;14,5969;16,7161;15,0729;-9,0540;22;0;100,316
5,5362;38,6298;42,7612;-41,0628;-101,5220;35,8544;49,5901;160,9236;500,000;70,000;68,376;200,000;0,3036;-24,9573;0,0000;2,5126;-28,9600;15,3702;20,1976;1,6995;9,0659;0,0000;14,5961;16,7516;15,0557;-9,0932;22;0;100,350
5,5383;38,6305;42,7095;-41,0628;-101,5168;35,7945;49,6220;160,9655;500,000;70,000;68,790;200,000;0,3072;-24,9385;0,0000;2,5428;-28,9253;15,4014;20,1787;1,6971;9,0846;0,0000;14,5953;16,7869;15,0383;-9,1322;22;0;100,386
5,5404;38,6311;42,6579;-41,0628;-101,5115;35,7346;49,6539;161,0072;500,000;70,000;69,204;200,000;0,3107;-24,9197;0,0000;2,5731;-28,8905;15,4325;20,1598;1,6946;9,1033;0,0000;14,5945;16,8219;15,0209;-9,1710;22;0;100,423
5,5424;38,6317;42,6063;-41,0628;-101,5061;35,6748;49,6859;161,0490;500,000;70,000;69,618;200,000;0,3142;-24,9008;0,0000;2,6033;-28,8556;15,4636;20,1407;1,6921;9,1220;0,0000;14,5936;16,8567;15,0033;-9,2095;22;0;100,461
5,5445;38,6324;42,5547;-41,0628;-101,5007;35,6151;49,7180;161,0907;500,000;70,000;70,033;200,000;0,3177;-24,8819;0,0000;2,6335;-28,8206;15,4946;20,1216;1,6896;9,1406;0,0000;14,5928;16,8912;14,9857;-9,2478;22;0;100,502
5,5466;38,6331;42,5032;-41,0628;-101,4952;35,5554;49,7501;161,1323;500,000;70,000;70,447;200,000;0,3212;-24,8629;0,0000;2,6637;-28,7856;15,5257;20,1024;1,6870;9,1592;0,0000;14,5920;16,9255;14,9680;-9,2859;22;0;100,544
5,5487;38,6337;42,4517;-41,0628;-101,4897;35,4959;49,7823;161,1739;500,000;70,000;70,861;200,000;0,3247;-24,8439;0,0000;2,6940;-28,7505;15,5566;20,0831;1,6845;9,1778;0,0000;14,5911;16,9595;14,9502;-9,3237;22;0;100,588
5,5507;38,6344;42,4003;-41,0628;-101,4841;35,4363;49,8145;161,2155;500,000;70,000;71,275;200,000;0,3282;-24,8249;0,0000;2,7242;-28,7154;15,5876;20,0638;1,6819;9,1964;0,0000;14,5902;16,9933;14,9322;-9,3613;22;0;100,634
5,5528;38,6351;42,3489;-41,0628;-101,4784;35,3769;49,8469;161,2570;500,000;70,000;71,689;200,000;0,3316;-24,8058;0,0000;2,7544;-28,6801;15,6185;20,0444;1,6792;9,2150;0,0000;14,5894;17,0268;14,9142;-9,3987;22;0;100,681
5,5549;38,6358;42,2975;-41,0628;-101,4727;35,3175;49,8792;161,2985;500,000;70,000;72,104;200,000;0,3351;-24,7867;0,0000;2,7846;-28,6448;15,6494;20,0249;1,6765;9,2335;0,0000;14,5885;17,0600;14,8962;-9,4359;22;0;100,730
5,5569;38,6365;42,2462;-41,0628;-101,4669;35,2583;49,9117;161,3400;500,000;70,000;72,518;200,000;0,3386;-24,7676;0,0000;2,8148;-28,6095;15,6802;20,0053;1,6738;9,2520;0,0000;14,5876;17,0930;14,8780;-9,4728;22;0;100,780
5,5590;38,6372;42,1949;-41,0628;-101,4610;35,1990;49,9442;161,3814;500,000;70,000;72,932;200,000;0,3420;-24,7484;0,0000;2,8450;-28,5740;15,7110;19,9856;1,6711;9,2705;0,0000;14,5867;17,1258;14,8597;-9,5095;22;0;100,833
5,5611;38,6379;42,1437;-41,0628;-101,4551;35,1399;49,9768;161,4228;500,000;70,000;73,346;200,000;0,3455;-24,7292;0,0000;2,8752;-28,5385;15,7418;19,9659;1,6684;9,2889;0,0000;14,5858;17,1583;14,8413;-9,5459;22;0;100,887
5,5632;38,6386;42,0925;-41,0628;-101,4491;35,0808;50,0094;161,4641;500,000;70,000;73,761;200,000;0,3490;-24,7099;0,0000;2,9055;-28,5030;15,7725;19,9461;1,6656;9,3074;0,0000;14,5849;17,1905;14,8229;-9,5822;22;0;100,942
5,5652;38,6393;42,0414;-41,0628;-101,4430;35,0218;50,0421;161,5054;500,000;70,000;74,175;200,000;0,3524;-24,6906;0,0000;2,9357;-28,4673;15,8032;19,9262;1,6628;9,3258;0,0000;14,5840;17,2225;14,8044;-9,6182;22;0;101,000
5,5673;38,6401;41,9902;-41,0628;-101,4369;34,9629;50,0749;161,5467;500,000;70,000;74,589;200,000;0,3558;-24,6713;0,0000;2,9659;-28,4316;15,8338;19,9062;1,6599;9,3442;0,0000;14,5831;17,2542;14,7857;-9,6539;22;0;101,059
5,5694;38,6408;41,9392;-41,0628;-101,4308;34,9040;50,1077;161,5879;500,000;70,000;75,003;200,000;0,3593;-24,6519;0,0000;2,9961;-28,3958;15,8644;19,8862;1,6571;9,3626;0,0000;14,5821;17,2857;14,7670;-9,6895;22;0;101,119
5,5714;38,6416;41,8881;-41,0628;-101,4245;34,8453;50,1406;161,6290;500,000;70,000;75,418;200,000;0,3627;-24,6325;0,0000;3,0263;-28,3600;15,8950;19,8661;1,6541;9,3809;0,0000;14,5812;17,3169;14,7482;-9,7248;22;0;101,182
5,5735;38,6423;41,8371;-41,0628;-101,4182;34,7866;50,1735;161,6702;500,000;70,000;75,832;200,000;0,3661;-24,6131;0,0000;3,0565;-28,3241;15,9255;19,8459;1,6512;9,3993;0,0000;14,5802;17,3479;14,7293;-9,7599;22;0;101,245
5,5756;38,6431;41,7862;-41,0628;-101,4119;34,7279;50,2065;161,7112;500,000;70,000;76,246;200,000;0,3695;-24,5936;0,0000;3,0867;-28,2882;15,9560;19,8257;1,6483;9,4176;0,0000;14,5793;17,3787;14,7104;-9,7947;22;0;101,311
5,5777;38,6438;41,7352;-41,0628;-101,4054;34,6694;50,2396;161,7523;500,000;70,000;76,660;200,000;0,3730;-24,5741;0,0000;3,1169;-28,2521;15,9864;19,8053;1,6453;9,4359;0,0000;14,5783;17,4091;14,6913;-9,8294;22;0;101,378
5,5797;38,6446;41,6844;-41,0628;-101,3989;34,6109;50,2728;161,7933;500,000;70,000;77,074;200,000;0,3764;-24,5545;0,0000;3,1471;-28,2160;16,0168;19,7850;1,6423;9,4541;0,0000;14,5773;17,4394;14,6722;-9,8638;22;0;101,447
5,5818;38,6454;41,6335;-41,0628;-101,3924;34,5525;50,3060;161,8342;500,000;70,000;77,489;200,000;0,3798;-24,5349;0,0000;3,1772;-28,1799;16,0472;19,7645;1,6392;9,4724;0,0000;14,5763;17,4694;14,6530;-9,8980;22;0;101,518
5,5839;38,6462;41,5827;-41,0628;-101,3858;34,4942;50,3392;161,8752;500,000;70,000;77,903;200,000;0,3832;-24,5153;0,0000;3,2074;-28,1437;16,0775;19,7440;1,6361;9,4906;0,0000;14,5753;17,4991;14,6337;-9,9319;22;0;101,590
5,5859;38,6470;41,5320;-41,0628;-101,3791;34,4359;50,3726;161,9160;500,000;70,000;78,317;200,000;0,3865;-24,4956;0,0000;3,2376;-28,1074;16,1078;19,7233;1,6330;9,5088;0,0000;14,5743;17,5286;14,6143;-9,9656;22;0;101,664
5,5880;38,6478;41,4813;-41,0628;-101,3724;34,3778;50,4060;161,9569;500,000;70,000;78,731;200,000;0,3899;-24,4759;0,0000;3,2678;-28,0711;16,1381;19,7027;1,6299;9,5269;0,0000;14,5733;17,5578;14,5948;-9,9991;22;0;101,739
5,5901;38,6486;41,4306;-41,0628;-101,3656;34,3197;50,4394;161,9976;500,000;70,000;79,146;200,000;0,3933;-24,4561;0,0000;3,2980;-28,0347;16,1683;19,6819;1,6267;9,5451;0,0000;14,5723;17,5868;14,5753;-10,0324;22;0;101,816
5,5922;38,6494;41,3800;-41,0628;-101,3587;34,2616;50,4729;162,0384;500,000;70,000;79,560;200,000;0,3967;-24,4363;0,0000;3,3282;-27,9982;16,1985;19,6611;1,6235;9,5632;0,0000;14,5713;17,6155;14,5557;-10,0654;22;0;101,895
5,5942;38,6503;41,3294;-41,0628;-101,3518;34,2037;50,5065;162,0791;500,000;70,000;79,974;200,000;0,4000;-24,4165;0,0000;3,3584;-27,9617;16,2286;19,6402;1,6203;9,5813;0,0000;14,5702;17,6440;14,5360;-10,0983;22;0;101,975
5,5963;38,6511;41,2788;-41,0628;-101,3448;34,1458;50,5402;162,1197;500,000;70,000;80,388;200,000;0,4034;-24,3966;0,0000;3,3885;-27,9251;16,2587;19,6193;1,6171;9,5994;0,0000;14,5692;17,6723;14,5162;-10,1308;22;0;102,057
5,5984;38,6519;41,2283;-41,0628;-101,3378;34,0880;50,5739;162,1604;500,000;70,000;80,803;200,000;0,4067;-24,3767;0,0000;3,4187;-27,8885;16,2887;19,5983;1,6138;9,6174;0,0000;14,5681;17,7003;14,4964;-10,1632;22;0;102,141
5,6004;38,6528;41,1778;-41,0628;-101,3306;34,0303;50,6076;162,2009;500,000;70,000;81,217;200,000;0,4101;-24,3568;0,0000;3,4489;-27,8518;16,3187;19,5772;1,6105;9,6355;0,0000;14,5671;17,7280;14,4764;-10,1954;22;0;102,226
5,6025;38,6536;41,1274;-41,0628;-101,3235;33,9726;50,6415;162,2414;500,000;70,000;81,631;200,000;0,4134;-24,3368;0,0000;3,4790;-27,8151;16,3487;19,5560;1,6072;9,6535;0,0000;14,5660;17,7555;14,4564;-10,2273;22;0;102,313
5,6046;38,6545;41,0770;-41,0628;-101,3162;33,9151;50,6754;162,2819;500,000;70,000;82,045;200,000;0,4167;-24,3168;0,0000;3,5092;-27,7783;16,3786;19,5348;1,6038;9,6714;0,0000;14,5649;17,7828;14,4363;-10,2590;22;0;102,401
5,6067;38,6553;41,0267;-41,0628;-101,3089;33,8576;50,7093;162,3224;500,000;70,000;82,460;200,000;0,4200;-24,2968;0,0000;3,5394;-27,7414;16,4085;19,5135;1,6004;9,6894;0,0000;14,5638;17,8098;14,4162;-10,2904;22;0;102,491
5,6087;38,6562;40,9764;-41,0628;-101,3016;33,8001;50,7433;162,3628;500,000;70,000;82,874;200,000;0,4233;-24,2767;0,0000;3,5695;-27,7045;16,4383;19,4922;1,5970;9,7073;0,0000;14,5627;17,8365;14,3959;-10,3217;22;0;102,583
5,6108;38,6571;40,9261;-41,0628;-101,2941;33,7428;50,7774;162,4031;500,000;70,000;83,288;200,000;0,4266;-24,2566;0,0000;3,5997;-27,6675;16,4681;19,4708;1,5935;9,7252;0,0000;14,5616;17,8631;14,3756;-10,3527;22;0;102,676
5,6129;38,6580;40,8759;-41,0628;-101,2867;33,6855;50,8115;162,4434;500,000;70,000;83,702;200,000;0,4299;-24,2364;0,0000;3,6299;-27,6305;16,4979;19,4493;1,5901;9,7431;0,0000;14,5605;17,8893;14,3552;-10,3835;22;0;102,771
5,6149;38,6589;40,8257;-41,0628;-101,2791;33,6283;50,8457;162,4837;500,000;70,000;84,116;200,000;0,4332;-24,2162;0,0000;3,6600;-27,5934;16,5276;19,4278;1,5866;9,7610;0,0000;14,5594;17,9154;14,3348;-10,4141;22;0;102,867
5,6170;38,6598;40,7756;-41,0628;-101,2715;33,5712;50,8800;162,5239;500,000;70,000;84,531;200,000;0,4365;-24,1960;0,0000;3,6902;-27,5563;16,5572;19,4062;-46,4888;3,4586;0,0000;2,8861;16,4101;8,1052;-62,5489;22;0;102,965
5,6191;38,6607;40,7255;-41,0628;-101,2638;33,5142;50,9143;162,5641;500,000;70,000;84,945;200,000;0,2407;-24,2019;0,0000;3,6720;-27,5254;16,5611;19,1687;-101,9344;-3,8298;0,0000;-10,5764;14,6345;0,9272;-122,6404;22;0;103,064
5,6211;38,6608;40,6753;-41,0628;-101,2563;33,4572;50,9486;162,6033;500,000;69,992;85,359;199,995;0,0143;-24,2118;0,0000;3,6464;-27,4957;16,5611;18,8982;-61,2348;1,5040;0,0000;-0,6939;15,8833;6,1718;-78,4869;22;0;103,158
5,6232;38,6607;40,6252;-41,0628;-101,2487;33,4003;50,9829;162,6423;500,000;69,983;85,773;200,000;-0,0130;-24,1956;0,0000;3,6691;-27,4596;16,5867;18,8436;-16,8265;7,7529;0,0000;10,0252;17,7442;11,6063;-30,6572;22;0;103,252
5,6253;38,6607;40,5751;-41,0628;-101,2411;33,3435;51,0173;162,6813;500,000;69,974;86,187;200,000;-0,0554;-24,1797;0,0000;3,6879;-27,4222;16,6092;18,7712;-123,8821;-2,0565;0,0000;-16,6264;19,0930;-5,2005;-149,9295;22;0;103,347
5,6274;38,6605;40,5250;-41,0628;-101,2334;33,2867;51,0517;162,7201;500,000;69,964;86,601;199,983;-0,5262;-24,2042;0,0000;3,6002;-27,3806;16,5652;18,2225;-216,2446;-10,7941;0,0000;-39,5814;19,9011;-19,5344;-252,5679;22;0;103,442
5,6294;38,6585;40,4749;-41,0628;-101,2262;33,2300;51,0859;162,7568;500,000;69,936;87,015;200,000;-0,9512;-24,2244;0,0000;3,5239;-27,3397;16,5282;17,7249;-101,8282;-0,0572;0,0000;-11,1390;18,6586;-1,8084;-125,2029;22;0;103,523
5,6315;38,6566;40,4247;-41,0628;-101,2188;33,1735;51,1202;162,7935;500,000;69,909;87,428;200,000;-0,9480;-24,2044;0,0000;3,5541;-27,3033;16,5577;17,7039;-46,2697;7,6275;0,0000;2,2843;20,8237;5,0692;-65,2467;22;0;103,605
5,6336;38,6546;40,3746;-41,0628;-101,2115;33,1169;51,1545;162,8302;500,000;69,881;87,841;200,000;-1,1429;-24,1928;0,0000;3,5334;-27,2535;16,5492;17,4547;-165,0779;2,5216;0,0000;-28,2058;28,7456;-17,6416;-201,9671;22;0;103,689
5,6356;38,6518;40,3245;-41,0628;-101,2042;33,0606;51,1887;162,8658;500,000;69,846;88,254;199,948;-1,6318;-24,1940;0,0000;3,4372;-27,1842;16,4846;16,8672;-188,2435;1,4780;0,0000;-34,1446;30,1430;-22,0872;-228,4852;22;0;103,767
5,6377;38,6479;40,2744;-41,0628;-101,1972;33,0043;51,2228;162,9000;500,000;69,799;88,666;200,000;-1,9226;-24,1867;0,0000;3,3920;-27,1286;16,4577;16,5082;-69,4622;6,5390;0,0000;-3,6535;22,0595;0,5776;-91,6423;22;0;103,835
5,6398;38,6439;40,2243;-41,0628;-101,1902;32,9482;51,2569;162,9342;500,000;69,753;89,077;200,000;-1,9195;-24,1669;0,0000;3,4221;-27,0928;16,4870;16,4876;-93,8871;10,5928;0,0000;-10,7473;29,3374;-7,7199;-123,5774;22;0;103,904
5,6419;38,6399;40,1743;-41,0628;-101,1830;32,8921;51,2911;162,9683;500,000;69,706;89,489;200,000;-2,3115;-24,1428;0,0000;3,3474;-27,0071;16,4258;15,9963;-216,5429;11,8634;0,0000;-43,2841;44,7383;-35,8159;-269,6033;22;0;103,975
5,6439;38,6343;40,1243;-41,0628;-101,1763;32,8363;51,3250;163,0005;500,000;69,644;89,898;199,960;-2,8165;-24,1177;0,0000;3,2428;-26,9075;16,3386;15,3708;-148,4376;11,0844;0,0000;-25,2025;35,9230;-20,2596;-188,2643;22;0;104,033
5,6460;38,6282;40,0744;-41,0628;-101,1696;32,7807;51,3588;163,0320;500,000;69,578;90,307;200,000;-2,9264;-24,0969;0,0000;3,2430;-26,8583;16,3418;15,2165;-52,7459;11,5522;0,0000;-0,0572;25,3912;0,5416;-75,2927;22;0;104,088
5,6481;38,6222;40,0245;-41,0628;-101,1629;32,7251;51,3927;163,0635;500,000;69,511;90,716;200,000;-3,0350;-24,0699;0,0000;3,2426;-26,8023;16,3409;15,0590;-151,2955;19,6018;0,0000;-27,3673;45,5488;-27,0559;-197,8962;22;0;104,144
5,6501;38,6157;39,9747;-41,0628;-101,1562;32,6696;51,4265;163,0944;500,000;69,440;91,124;199,958;-3,5531;-24,0157;0,0000;3,1297;-26,6696;16,2298;14,3967;-223,2771;24,3246;0,0000;-47,1195;58,8836;-46,4368;-286,4552;22;0;104,197
5,6522;38,6075;39,9250;-41,0628;-101,1499;32,6146;51,4599;163,1231;500,000;69,354;91,529;200,000;-3,9599;-23,9691;0,0000;3,0474;-26,5584;16,1485;13,8724;-97,5465;15,9320;0,0000;-12,5794;35,0376;-12,6800;-131,2181;22;0;104,237
5,6543;38,5993;39,8754;-41,0628;-101,1435;32,5596;51,4934;163,1519;500,000;69,267;91,934;200,000;-3,9572;-23,9497;0,0000;3,0776;-26,5244;16,1772;13,8532;-88,7081;20,5740;0,0000;-11,0408;39,0781;-14,1141;-124,1540;22;0;104,277
5,6564;38,5911;39,8258;-41,0628;-101,1371;32,5047;51,5269;163,1805;500,000;69,180;92,339;200,000;-4,3273;-23,8839;0,0000;3,0017;-26,3965;16,0901;13,3581;-216,8313;36,4986;0,0000;-47,4845;71,2397;-53,9694;-287,5468;22;0;104,320
5,6584;38,5813;39,7764;-41,0628;-101,1311;32,4503;51,5600;163,2072;500,000;69,079;92,741;199,945;-4,8554;-23,7985;0,0000;2,8809;-26,2294;15,9537;12,6620;-164,9913;29,9712;0,0000;-32,7120;57,8881;-37,9013;-221,0955;22;0;104,349
5,6605;38,5710;39,7272;-41,0628;-101,1252;32,3961;51,5930;163,2330;500,000;68,972;93,141;200,000;-5,0108;-23,7597;0,0000;2,8662;-26,1567;15,9331;12,4422;-67,3275;19,6235;0,0000;-5,2338;35,1458;-8,9247;-97,6608;22;0;104,373
5,6626;38,5606;39,6780;-41,0628;-101,1192;32,3419;51,6260;163,2587;500,000;68,865;93,541;200,000;-5,1343;-23,7172;0,0000;2,8592;-26,0838;15,9167;12,2575;-158,6959;38,8524;0,0000;-32,5982;66,7153;-43,0909;-220,0096;22;0;104,400
5,6646;38,5497;39,6290;-41,0628;-101,1134;32,2880;51,6589;163,2837;500,000;68,753;93,940;199,951;-5,6682;-23,5988;0,0000;2,7311;-25,8804;15,7546;11,5309;-227,4384;51,5232;0,0000;-52,8643;88,3516;-67,5506;-310,5628;22;0;104,422
5,6667;38,5371;39,5803;-41,0628;-101,1079;32,2347;51,6913;163,3065;500,000;68,625;94,334;200,000;-6,0764;-23,5038;0,0000;2,6402;-25,7178;15,6369;10,9710;-98,0892;27,4926;0,0000;-14,6616;46,8615;-21,6557;-139,3843;22;0;104,430
5,6688;38,5245;39,5316;-41,0628;-101,1024;32,1815;51,7237;163,3292;500,000;68,497;94,728;200,000;-6,0745;-23,4849;0,0000;2,6704;-25,6863;15,6649;10,9535;-102,9615;34,9778;0,0000;-17,2718;55,5309;-28,2716;-150,5864;22;0;104,440
5,6709;38,5119;39,4830;-41,0628;-101,0969;32,1283;51,7562;163,3519;500,000;68,369;95,122;200,000;-6,5029;-23,3589;0,0000;2,5687;-25,4878;15,5198;10,3473;-232,7193;67,2158;0,0000;-57,0275;105,6899;-80,4611;-327,8999;22;0;104,451
5,6729;38,4976;39,4348;-41,0628;-101,0918;32,0759;51,7880;163,3721;500,000;68,224;95,510;199,955;-7,0385;-23,2065;0,0000;2,4342;-25,2484;15,3316;9,5952;-154,7509;47,7286;0,0000;-33,0928;75,0696;-49,1776;-220,8664;22;0;104,446
5,6750;38,4828;39,3868;-41,0628;-101,0868;32,0237;51,8197;163,3916;500,000;68,075;95,896;200,000;-7,1439;-23,1612;0,0000;2,4316;-25,1768;15,3161;9,4324;-75,5990;31,3534;0,0000;-9,4269;47,8336;-19,8905;-114,8672;22;0;104,438
5,6771;38,4680;39,3389;-41,0628;-101,0817;31,9716;51,8514;163,4111;500,000;67,927;96,283;200,000;-7,3516;-23,0766;0,0000;2,3951;-25,0503;15,2492;9,1194;-178,6692;65,5301;0,0000;-42,5752;97,0207;-67,7051;-262,0090;22;0;104,432
5,6791;38,4523;39,2913;-41,0628;-101,0769;31,9200;51,8828;163,4294;500,000;67,770;96,666;199,931;-7,8840;-22,8898;0,0000;2,2552;-24,7749;15,0356;8,3470;-206,6388;74,2554;0,0000;-51,4516;109,5307;-80,3781;-301,2592;22;0;104,419
5,6812;38,4353;39,2441;-41,0628;-101,0724;31,8690;51,9137;163,4457;500,000;67,600;97,044;200,000;-8,2076;-22,7690;0,0000;2,1820;-24,5966;14,9162;7,8715;-77,8990;33,6036;0,0000;-10,3902;49,9627;-22,3279;-118,5690;22;0;104,394
5,6833;38,4183;39,1969;-41,0628;-101,0678;31,8181;51,9446;163,4620;500,000;67,431;97,422;200,000;-8,2067;-22,7506;0,0000;2,2122;-24,5679;14,9431;7,8559;-126,1157;57,5836;0,0000;-27,3928;81,6099;-50,7039;-193,1942;22;0;104,371
5,6854;38,4013;39,1498;-41,0628;-101,0632;31,7672;51,9756;163,4782;500,000;67,262;97,800;200,000;-8,7300;-22,5305;0,0000;2,0685;-24,2585;14,7062;7,0712;-253,0260;106,3465;0,0000;-69,4625;149,3445;-114,6241;-379,1500;22;0;104,349
5,6874;38,3822;39,1036;-41,0628;-101,0593;31,7176;52,0055;163,4913;500,000;67,072;98,169;199,999;-9,2548;-22,3101;0,0000;1,9244;-23,9493;14,4683;6,2853;-126,9373;57,7235;0,0000;-27,5879;81,3476;-51,2097;-193,6828;22;0;104,306
5,6895;38,3630;39,0574;-41,0628;-101,0552;31,6680;52,0355;163,5043;500,000;66,883;98,537;200,000;-9,2558;-22,2914;0,0000;1,9542;-23,9216;14,4940;6,2689;-75,4253;43,3517;0,0000;-11,5290;59,5116;-29,4526;-121,9066;22;0;104,266
5,6916;38,3438;39,0113;-41,0628;-101,0512;31,6185;52,0656;163,5172;500,000;66,693;98,905;200,000;-9,5673;-22,1305;0,0000;1,8767;-23,7028;14,3463;5,7803;-198,8770;99,8297;0,0000;-54,1860;135,2534;-98,4311;-309,4448;22;0;104,227
5,6936;38,3234;38,9657;-41,0628;-101,0475;31,5698;52,0950;163,5282;500,000;66,492;99,267;199,930;-10,0796;-21,8778;0,0000;1,7298;-23,3613;14,0863;4,9871;-172,2141;87,5064;0,0000;-44,9165;118,4037;-83,5919;-268,4386;22;0;104,175
5,6957;38,3021;38,9206;-41,0628;-101,0440;31,5217;52,1239;163,5379;500,000;66,282;99,625;200,000;-10,2807;-21,7680;0,0000;1,6906;-23,2123;14,0001;4,6684;-74,2165;44,5440;0,0000;-11,3891;59,9858;-30,3966;-120,5662;22;0;104,117
5,6978;38,2808;38,8756;-41,0628;-101,0405;31,4737;52,1530;163,5476;500,000;66,073;99,982;200,000;-10,3871;-21,6933;0,0000;1,6826;-23,1128;13,9604;4,4877;-145,3378;86,2103;0,0000;-37,7438;113,4634;-77,0874;-235,2093;22;0;104,061
5,6999;38,2591;38,8308;-41,0628;-101,0370;31,4260;52,1818;163,5565;500,000;65,860;100,337;199,951;-10,8827;-21,4109;0,0000;1,5343;-22,7423;13,6807;3,6941;-213,7901;122,6711;0,0000;-62,3829;160,8224;-119,3297;-342,7001;22;0;104,001
5,7019;38,2357;38,7869;-41,0628;-101,0341;31,3795;52,2096;163,5629;500,000;65,632;100,683;200,000;-11,2727;-21,1852;0,0000;1,4242;-22,4466;13,4661;3,0681;-94,4217;58,7933;0,0000;-19,2831;77,1405;-45,7712;-154,1424;22;0;103,926
5,7040;38,2124;38,7430;-41,0628;-101,0311;31,3330;52,2375;163,5692;500,000;65,404;101,029;200,000;-11,2738;-21,1673;0,0000;1,4544;-22,4228;13,4911;3,0555;-92,6685;65,2287;0,0000;-20,1073;83,7601;-50,3835;-156,5952;22;0;103,852
5,7061;38,1890;38,6992;-41,0628;-101,0281;31,2866;52,2655;163,5755;500,000;65,176;101,374;200,000;-11,6565;-20,9150;0,0000;1,3409;-22,0997;13,2574;2,4194;-207,1708;135,5297;0,0000;-63,2025;173,3019;-128,0544;-343,4667;22;0;103,780
5,7081;38,1641;38,6564;-41,0628;-101,0256;31,2415;52,2925;163,5792;500,000;64,933;101,710;199,956;-12,1320;-20,6059;0,0000;1,1926;-21,7049;12,9607;1,6328;-137,5348;92,5887;0,0000;-36,9095;118,1860;-80,8680;-229,1514;22;0;103,692
5,7102;38,1388;38,6138;-41,0628;-101,0231;31,1967;52,3192;163,5823;500,000;64,687;102,043;200,000;-12,2262;-20,5315;0,0000;1,1880;-21,6101;12,9224;1,4702;-63,5170;50,4429;0,0000;-9,6898;63,5629;-33,3274;-110,4000;22;0;103,601
5,7123;38,1134;38,5713;-41,0628;-101,0207;31,1519;52,3460;163,5853;500,000;64,441;102,376;200,000;-12,3951;-20,3970;0,0000;1,1525;-21,4416;12,8226;1,1755;-149,8305;112,6351;0,0000;-44,0456;140,9907;-98,9576;-257,9467;22;0;103,512
5,7144;38,0874;38,5294;-41,0628;-101,0184;31,1079;52,3723;163,5872;500,000;64,188;102,704;199,936;-12,8469;-20,0649;0,0000;1,0056;-21,0261;12,5125;0,4017;-177,9229;132,1405;0,0000;-55,0499;165,1258;-119,8635;-305,1187;22;0;103,417
5,7164;38,0602;38,4882;-41,0628;-101,0165;31,0648;52,3978;163,5870;500,000;63,925;103,024;200,000;-13,1321;-19,8496;0,0000;0,9244;-20,7576;12,3261;-0,0884;-69,4922;56,2153;0,0000;-12,2916;69,8222;-39,2862;-120,8860;22;0;103,310
5,7185;38,0330;38,4471;-41,0628;-101,0145;31,0219;52,4234;163,5868;500,000;63,662;103,344;200,000;-13,1348;-19,8320;0,0000;0,9546;-20,7369;12,3498;-0,0991;-93,5501;81,2288;0,0000;-23,4513;99,6024;-63,5641;-167,4903;22;0;103,205
5,7206;38,0058;38,4061;-41,0628;-101,0125;30,9789;52,4490;163,5866;500,000;63,398;103,664;200,000;-13,5196;-19,5131;0,0000;0,8273;-20,3450;12,0628;-0,7822;-195,7792;161,7253;0,0000;-65,5603;198,5920;-146,6360;-347,1019;22;0;103,101
5,7226;37,9770;38,3663;-41,0628;-101,0111;30,9376;52,4733;163,5835;500,000;63,121;103,971;199,977;-13,9457;-19,1621;0,0000;0,6831;-19,9142;11,7423;-1,5369;-113,5500;96,7464;0,0000;-31,5869;118,2255;-79,8416;-201,8865;22;0;102,980
5,7247;37,9480;38,3267;-41,0628;-101,0097;30,8965;52,4976;163,5802;500,000;62,841;104,277;200,000;-13,9900;-19,1124;0,0000;0,6964;-19,8553;11,7321;-1,6185;-48,8568;49,1991;0,0000;-5,6219;58,9502;-30,0355;-90,3517;22;0;102,859
5,7268;37,9191;38,2871;-41,0628;-101,0082;30,8554;52,5219;163,5768;500,000;62,562;104,583;200,000;-14,1481;-18,9583;0,0000;0,6598;-19,6700;11,6179;-1,9111;-134,3492;125,5142;0,0000;-42,7388;151,4591;-106,5049;-247,1207;22;0;102,740
5,7288;37,8894;38,2482;-41,0628;-101,0070;30,8150;52,5457;163,5723;500,000;62,277;104,884;199,941;-14,5465;-18,5925;0,0000;0,5194;-19,2279;11,2909;-2,6422;-155,0842;143,6593;0,0000;-51,6344;173,2342;-124,8780;-284,5641;22;0;102,614
5,7309;37,8588;38,2101;-41,0628;-101,0061;30,7757;52,5687;163,5659;500,000;61,983;105,175;200,000;-14,7905;-18,3632;0,0000;0,4459;-18,9524;11,1006;-3,0899;-59,9041;59,5587;0,0000;-10,4490;70,8074;-40,5648;-110,2339;22;0;102,478
5,7330;37,8282;38,1721;-41,0628;-101,0051;30,7365;52,5917;163,5595;500,000;61,689;105,467;200,000;-14,7947;-18,3457;0,0000;0,4761;-18,9346;11,1229;-3,0988;-75,1018;80,2074;0,0000;-18,5587;94,7979;-59,7428;-143,1464;22;0;102,343
5,7351;37,7975;38,1341;-41,0628;-101,0041;30,6973;52,6148;163,5531;500,000;61,395;105,759;200,000;-15,1016;-18,0310;0,0000;0,3690;-18,5598;10,8532;-3,6829;-163,4577;166,8595;0,0000;-58,5853;198,6911;-144,9123;-310,7009;22;0;102,210
5,7371;37,7656;38,0974;-41,0628;-101,0036;30,6596;52,6367;163,5442;500,000;61,089;106,038;199,967;-15,4718;-17,6546;0,0000;0,2334;-18,1115;10,5226;-4,3858;-105,6758;109,9653;0,0000;-32,3112;130,0849;-89,2073;-200,4719;22;0;102,063
5,7392;37,7334;38,0610;-41,0628;-101,0031;30,6222;52,6584;163,5349;500,000;60,781;106,315;200,000;-15,5394;-17,5755;0,0000;0,2352;-18,0209;10,4836;-4,5133;-34,0029;41,2668;0,0000;-0,1537;47,2277;-21,4942;-65,3680;22;0;101,914
5,7413;37,7012;38,0246;-41,0628;-101,0026;30,5849;52,6801;163,5255;500,000;60,474;106,593;200,000;-15,6126;-17,4836;0,0000;0,2328;-17,9159;10,4336;-4,6566;-100,0615;114,6339;0,0000;-31,9567;134,1639;-91,9226;-196,8937;22;0;101,766
5,7433;37,6688;37,9886;-41,0628;-101,0022;30,5480;52,7016;163,5156;500,000;60,163;106,867;199,965;-15,9539;-17,1006;0,0000;0,1028;-17,4651;10,1029;-5,3289;-148,3345;166,9674;0,0000;-54,8974;196,1357;-142,4528;-291,8673;22;0;101,617
5,7454;37,6351;37,9538;-41,0628;-101,0022;30,5126;52,7220;163,5035;500,000;59,843;107,129;200,000;-16,2271;-16,7920;0,0000;0,0054;-17,1034;9,8435;-5,8656;-67,2777;78,7192;0,0000;-16,2180;91,0333;-57,5711;-131,3735;22;0;101,454
5,7475;37,6015;37,9190;-41,0628;-101,0022;30,4772;52,7424;163,4913;500,000;59,523;107,392;200,000;-16,2325;-16,7745;0,0000;0,0356;-17,0881;9,8644;-5,8731;-40,4632;53,7606;0,0000;-4,3596;60,8094;-32,8497;-81,3422;22;0;101,293
5,7496;37,5679;37,8843;-41,0628;-101,0020;30,4418;52,7628;163,4791;500,000;59,202;107,655;200,000;-16,3947;-16,5693;0,0000;-0,0127;-16,8515;9,7074;-6,2026;-114,7184;142,7045;0,0000;-41,5487;165,4452;-117,1720;-233,8242;22;0;101,134
5,7516;37,5336;37,8504;-41,0628;-101,0022;30,4074;52,7826;163,4656;500,000;58,876;107,910;199,950;-16,7078;-16,1834;0,0000;-0,1365;-16,4027;9,3790;-6,8416;-113,4275;140,9936;0,0000;-40,8341;163,1896;-115,6802;-230,7502;24;0;100,967
5,7537;37,4987;37,8173;-41,0628;-101,0026;30,3739;52,8017;163,4508;500,000;58,544;108,158;200,000;-16,8645;-15,9852;0,0000;-0,1818;-16,1756;9,2282;-7,1584;-39,3217;52,0620;0,0000;-3,6451;58,3022;-31,5089;-78,1253;24;0;100,793
5,7558;37,4638;37,7842;-41,0628;-101,0030;30,3404;52,8208;163,4360;500,000;58,212;108,406;200,000;-16,8706;-15,9677;0,0000;-0,1516;-16,1612;9,2485;-7,1653;-28,4937;41,3258;0,0000;1,2880;45,3648;-21,0219;-57,4179;24;0;100,621
5,7578;37,4288;37,7511;-41,0628;-101,0032;30,3069;52,8400;163,4211;500,000;57,881;108,654;200,000;-16,9826;-15,8141;0,0000;-0,1765;-15,9876;9,1411;-7,3962;-63,0879;85,8080;0,0000;-16,7150;97,3297;-62,7509;-130,5995;24;0;100,450
5,7599;37,3934;37,7187;-41,0628;-101,0037;30,2741;52,8587;163,4053;500,000;57,545;108,896;199,991;-17,1320;-15,6123;0,0000;-0,2208;-15,7580;8,9886;-7,7063;-46,6305;64,5605;0,0000;-8,1098;72,3684;-42,8893;-95,5518;24;0;100,275
5,7620;37,3578;37,6864;-41,0628;-101,0042;30,2416;52,8772;163,3892;500,000;57,208;109,137;200,000;-17,1757;-15,5466;0,0000;-0,2101;-15,6879;8,9635;-7,7921;-12,1009;20,1027;0,0000;9,8933;20,3168;-1,2389;-22,3266;24;0;100,098
5,7641;37,3223;37,6543;-41,0628;-101,0046;30,2092;52,8958;163,3730;500,000;56,871;109,378;200,000;-17,1821;-15,5290;0,0000;-0,1799;-15,6739;8,9834;-7,7987;-3,0782;8,5119;0,0000;14,5922;6,7643;9,6326;-3,2378;24;0;99,924
5,7661;37,2867;37,6221;-41,0628;-101,0049;30,1767;52,9144;163,3569;500,000;56,534;109,619;200,000;-17,1885;-15,5114;0,0000;-0,1496;-15,6598;9,0034;-7,8055;-3,0726;8,5283;0,0000;14,5922;6,7930;9,6261;-3,2593;24;0;99,750
5,7682;37,2511;37,5900;-41,0628;-101,0052;30,1443;52,9331;163,3407;500,000;56,197;109,860;200,000;-17,1948;-15,4937;0,0000;-0,1194;-15,6457;9,0233;-7,8122;-3,0670;8,5447;0,0000;14,5922;6,8216;9,6195;-3,2808;24;0;99,578
5,7703;37,2154;37,5579;-41,0628;-101,0054;30,1119;52,9518;163,3245;500,000;55,860;110,100;200,000;-17,2012;-15,4760;0,0000;-0,0892;-15,6316;9,0432;-7,8191;-3,0614;8,5611;0,0000;14,5923;6,8502;9,6129;-3,3022;24;0;99,408
5,7723;37,1798;37,5259;-41,0628;-101,0055;30,0795;52,9706;163,3083;500,000;55,522;110,341;200,000;-17,2075;-15,4582;0,0000;-0,0590;-15,6174;9,0631;-7,8259;-3,0558;8,5774;0,0000;14,5923;6,8787;9,6062;-3,3235;24;0;99,239
5,7744;37,1442;37,4939;-41,0628;-101,0056;30,0472;52,9893;163,2921;500,000;55,185;110,582;200,000;-17,2138;-15,4404;0,0000;-0,0287;-15,6031;9,0830;-7,8328;-3,0503;8,5938;0,0000;14,5923;6,9071;9,5995;-3,3447;24;0;99,071
5,7765;37,1085;37,4619;-41,0628;-101,0057;30,0149;53,0082;163,2759;500,000;54,848;110,823;200,000;-17,2201;-15,4226;0,0000;0,0015;-15,5888;9,1029;-7,8398;-3,0447;8,6101;0,0000;14,5923;6,9354;9,5928;-3,3659;24;0;98,905
5,7786;37,0728;37,4300;-41,0628;-101,0056;29,9826;53,0271;163,2596;500,000;54,511;111,063;200,000;-17,2264;-15,4048;0,0000;0,0317;-15,5744;9,1228;-7,8468;-3,0392;8,6264;0,0000;14,5923;6,9636;9,5860;-3,3870;24;0;98,740
5,7806;37,0372;37,3981;-41,0628;-101,0055;29,9504;53,0460;163,2434;500,000;54,174;111,304;200,000;-17,2327;-15,3869;0,0000;0,0619;-15,5599;9,1426;-7,8538;-3,0337;8,6427;0,0000;14,5923;6,9917;9,5791;-3,4080;24;0;98,577
5,7827;37,0015;37,3663;-41,0628;-101,0054;29,9182;53,0649;163,2271;500,000;53,837;111,545;200,000;-17,2390;-15,3690;0,0000;0,0922;-15,5454;9,1624;-7,8609;-3,0282;8,6590;0,0000;14,5923;7,0198;9,5723;-3,4289;24;0;98,415
5,7848;36,9657;37,3345;-41,0628;-101,0052;29,8860;53,0839;163,2108;500,000;53,500;111,786;200,000;-17,2453;-15,3510;0,0000;0,1224;-15,5308;9,1822;-7,8680;-3,0227;8,6753;0,0000;14,5922;7,0478;9,5653;-3,4498;24;0;98,255
5,7868;36,9300;37,3027;-41,0628;-101,0049;29,8539;53,1030;163,1945;500,000;53,163;112,026;200,000;-17,2515;-15,3330;0,0000;0,1526;-15,5162;9,2021;-7,8752;-3,0172;8,6916;0,0000;14,5922;7,0757;9,5583;-3,4705;24;0;98,096
5,7889;36,8943;37,2709;-41,0628;-101,0045;29,8217;53,1220;163,1782;500,000;52,826;112,267;200,000;-17,2578;-15,3150;0,0000;0,1828;-15,5015;9,2218;-7,8824;-3,0118;8,7078;0,0000;14,5921;7,1035;9,5513;-3,4912;24;0;97,939
5,7910;36,8585;37,2392;-41,0628;-101,0041;29,7896;53,1412;163,1619;500,000;52,489;112,508;200,000;-17,2640;-15,2970;0,0000;0,2130;-15,4868;9,2416;-7,8896;-3,0063;8,7240;0,0000;14,5921;7,1313;9,5442;-3,5119;24;0;97,783
5,7931;36,8228;37,2076;-41,0628;-101,0036;29,7576;53,1603;163,1455;500,000;52,152;112,749;200,000;-17,2702;-15,2789;0,0000;0,2433;-15,4720;9,2614;-7,8969;-3,0009;8,7403;0,0000;14,5920;7,1589;9,5371;-3,5324;24;0;97,629
5,7951;36,7870;37,1760;-41,0628;-101,0031;29,7255;53,1795;163,1291;500,000;51,815;112,990;200,000;-17,2764;-15,2608;0,0000;0,2735;-15,4571;9,2811;-7,9043;-2,9955;8,7565;0,0000;14,5919;7,1865;9,5300;-3,5529;24;0;97,476
5,7972;36,7512;37,1444;-41,0628;-101,0025;29,6935;53,1988;163,1128;500,000;51,478;113,230;200,000;-17,2826;-15,2426;0,0000;0,3037;-15,4422;9,3009;-7,9116;-2,9901;8,7727;0,0000;14,5918;7,2140;9,5228;-3,5733;24;0;97,324
5,7993;36,7154;37,1128;-41,0628;-101,0018;29,6616;53,2181;163,0964;500,000;51,140;113,471;200,000;-17,2888;-15,2244;0,0000;0,3339;-15,4272;9,3206;-7,9191;-2,9847;8,7888;0,0000;14,5918;7,2414;9,5155;-3,5936;24;0;97,175
5,8013;36,6796;37,0813;-41,0628;-101,0011;29,6296;53,2374;163,0800;500,000;50,803;113,712;200,000;-17,2950;-15,2062;0,0000;0,3642;-15,4122;9,3403;-7,9265;-2,9793;8,8050;0,0000;14,5916;7,2687;9,5082;-3,6138;24;0;97,027
5,8034;36,6438;37,0498;-41,0628;-101,0003;29,5977;53,2567;163,0635;500,000;50,466;113,953;200,000;-17,3012;-15,1880;0,0000;0,3944;-15,3971;9,3600;-7,9340;-2,9740;8,8211;0,0000;14,5915;7,2959;9,5009;-3,6339;24;0;96,880
5,8055;36,6079;37,0184;-41,0628;-100,9995;29,5659;53,2762;163,0471;500,000;50,129;114,193;200,000;-17,3073;-15,1697;0,0000;0,4246;-15,3820;9,3796;-7,9416;-2,9686;8,8372;0,0000;14,5914;7,3231;9,4935;-3,6540;24;0;96,735
5,8076;36,5721;36,9870;-41,0628;-100,9986;29,5340;53,2956;163,0306;500,000;49,792;114,434;200,000;-17,3135;-15,1513;0,0000;0,4548;-15,3668;9,3993;-7,9492;-2,9633;8,8534;0,0000;14,5913;7,3501;9,4861;-3,6740;24;0;96,591
5,8096;36,5362;36,9556;-41,0628;-100,9976;29,5022;53,3151;163,0142;500,000;49,455;114,675;200,000;-17,3196;-15,1330;0,0000;0,4850;-15,3516;9,4189;-7,9568;-2,9580;8,8694;0,0000;14,5911;7,3771;9,4786;-3,6939;24;0;96,449
5,8117;36,5003;36,9243;-41,0628;-100,9966;29,4704;53,3346;162,9977;500,000;49,118;114,916;200,000;-17,3257;-15,1146;0,0000;0,5153;-15,3362;9,4385;-7,9645;-2,9527;8,8855;0,0000;14,5910;7,4040;9,4711;-3,7138;24;0;96,309
5,8138;36,4644;36,8930;-41,0628;-100,9955;29,4387;53,3542;162,9812;500,000;48,781;115,156;200,000;-17,3318;-15,0962;0,0000;0,5455;-15,3209;9,4582;-7,9722;-2,9474;8,9016;0,0000;14,5908;7,4308;9,4635;-3,7335;24;0;96,170
5,8158;36,4285;36,8618;-41,0628;-100,9943;29,4070;53,3738;162,9647;500,000;48,444;115,397;200,000;-17,3379;-15,0777;0,0000;0,5757;-15,3055;9,4777;-7,9799;-2,9421;8,9176;0,0000;14,5906;7,4576;9,4559;-3,7532;24;0;96,033
5,8179;36,3926;36,8306;-41,0628;-100,9931;29,3753;53,3934;162,9481;500,000;48,107;115,638;200,000;-17,3440;-15,0592;0,0000;0,6059;-15,2900;9,4973;-7,9877;-2,9369;8,9337;0,0000;14,5905;7,4842;9,4483;-3,7728;24;0;95,897
5,8200;36,3567;36,7994;-41,0628;-100,9918;29,3436;53,4131;162,9316;500,000;47,770;115,879;200,000;-17,3501;-15,0407;0,0000;0,6361;-15,2745;9,5169;-7,9956;-2,9316;8,9497;0,0000;14,5903;7,5108;9,4406;-3,7923;24;0;95,763
5,8221;36,3207;36,7683;-41,0628;-100,9905;29,3120;53,4329;162,9150;500,000;47,433;116,120;200,000;-17,3561;-15,0222;0,0000;0,6664;-15,2589;9,5364;-8,0034;-2,9264;8,9657;0,0000;14,5901;7,5372;9,4329;-3,8118;24;0;95,631
5,8241;36,2848;36,7372;-41,0628;-100,9890;29,2804;53,4526;162,8984;500,000;47,096;116,360;200,000;-17,3622;-15,0036;0,0000;0,6966;-15,2432;9,5560;-8,0114;-2,9212;8,9816;0,0000;14,5899;7,5636;9,4251;-3,8311;24;0;95,500
5,8262;36,2488;36,7061;-41,0628;-100,9876;29,2489;53,4724;162,8818;500,000;46,758;116,601;200,000;-17,3682;-14,9850;0,0000;0,7268;-15,2275;9,5755;-8,0193;-2,9160;8,9976;0,0000;14,5896;7,5899;9,4173;-3,8504;24;0;95,371
5,8283;36,2128;36,6751;-41,0628;-100,9860;29,2173;53,4923;162,8652;500,000;46,421;116,842;200,000;-17,3743;-14,9663;0,0000;0,7570;-15,2118;9,5950;-8,0273;-2,9108;9,0135;0,0000;14,5894;7,6161;9,4094;-3,8696;24;0;95,243
5,8303;36,1769;36,6441;-41,0628;-100,9844;29,1859;53,5122;162,8486;500,000;46,084;117,083;200,000;-17,3803;-14,9476;0,0000;0,7872;-15,1960;9,6144;-8,0353;-2,9057;9,0295;0,0000;14,5892;7,6422;9,4015;-3,8887;24;0;95,117
5,8324;36,1408;36,6132;-41,0628;-100,9828;29,1544;53,5321;162,8319;500,000;45,747;117,323;200,000;-17,3863;-14,9289;0,0000;0,8174;-15,1801;9,6339;-8,0434;-2,9005;9,0454;0,0000;14,5889;7,6683;9,3936;-3,9077;24;0;94,993
5,8345;36,1048;36,5823;-41,0628;-100,9810;29,1230;53,5521;162,8152;500,000;45,410;117,564;200,000;-17,3923;-14,9102;0,0000;0,8477;-15,1642;9,6534;-8,0515;-2,8954;9,0613;0,0000;14,5887;7,6942;9,3856;-3,9267;24;0;94,870
5,8365;36,0688;36,5514;-41,0628;-100,9793;29,0916;53,5721;162,7986;500,000;45,073;117,805;200,000;-17,3983;-14,8914;0,0000;0,8779;-15,1483;9,6728;-8,0597;-2,8903;9,0771;0,0000;14,5884;7,7201;9,3776;-3,9456;24;0;94,749
5,8386;36,0328;36,5206;-41,0628;-100,9774;29,0602;53,5922;162,7819;500,000;44,736;118,046;200,000;-17,4043;-14,8726;0,0000;0,9081;-15,1323;9,6922;-8,0679;-2,8852;9,0930;0,0000;14,5881;7,7459;9,3695;-3,9643;24;0;94,630
5,8407;35,9967;36,4898;-41,0628;-100,9755;29,0289;53,6123;162,7651;500,000;44,399;118,286;200,000;-17,4103;-14,8537;0,0000;0,9383;-15,1162;9,7116;-8,0761;-2,8801;9,1088;0,0000;14,5878;7,7716;9,3614;-3,9831;24;0;94,512
5,8428;35,9606;36,4591;-41,0628;-100,9735;28,9976;53,6324;162,7484;500,000;44,062;118,527;200,000;-17,4162;-14,8348;0,0000;0,9685;-15,1001;9,7310;-8,0844;-2,8750;9,1246;0,0000;14,5876;7,7972;9,3533;-4,0017;24;0;94,396
5,8448;35,9246;36,4283;-41,0628;-100,9715;28,9663;53,6526;162,7317;500,000;43,725;118,768;200,000;-17,4222;-14,8159;0,0000;0,9987;-15,0839;9,7503;-8,0927;-2,8700;9,1404;0,0000;14,5873;7,8227;9,3451;-4,0202;24;0;94,282
5,8469;35,8885;36,3977;-41,0628;-100,9694;28,9351;53,6728;162,7149;500,000;43,388;119,009;200,000;-17,4281;-14,7970;0,0000;1,0289;-15,0677;9,7697;-8,1010;-2,8649;9,1562;0,0000;14,5869;7,8481;9,3369;-4,0387;24;0;94,169
5,8490;35,8524;36,3671;-41,0628;-100,9672;28,9039;53,6930;162,6981;500,000;43,051;119,250;200,000;-17,4340;-14,7780;0,0000;1,0592;-15,0514;9,7890;-8,1094;-2,8599;9,1720;0,0000;14,5866;7,8734;9,3286;-4,0571;24;0;94,058
5,8510;35,8163;36,3365;-41,0628;-100,9650;28,8728;53,7133;162,6813;500,000;42,714;119,490;200,000;-17,4400;-14,7590;0,0000;1,0894;-15,0350;9,8083;-8,1178;-2,8549;9,1877;0,0000;14,5863;7,8987;9,3203;-4,0753;24;0;93,949
5,8531;35,7801;36,3059;-41,0628;-100,9627;28,8417;53,7337;162,6645;500,000;42,376;119,731;200,000;-17,4459;-14,7399;0,0000;1,1196;-15,0187;9,8276;-8,1263;-2,8499;9,2034;0,0000;14,5860;7,9239;9,3120;-4,0936;24;0;93,841
5,8552;35,7440;36,2754;-41,0628;-100,9604;28,8106;53,7540;162,6476;500,000;42,039;119,972;200,000;-17,4518;-14,7208;0,0000;1,1498;-15,0022;9,8469;-8,1348;-2,8449;9,2192;0,0000;14,5856;7,9489;9,3036;-4,1117;24;0;93,735
5,8573;35,7078;36,2449;-41,0628;-100,9579;28,7795;53,7745;162,6308;500,000;41,702;120,213;200,000;-17,4577;-14,7017;0,0000;1,1800;-14,9857;9,8662;-8,1433;-2,8399;9,2348;0,0000;14,5853;7,9739;9,2952;-4,1297;24;0;93,631
5,8593;35,6717;36,2145;-41,0628;-100,9555;28,7485;53,7949;162,6139;500,000;41,365;120,453;200,000;-17,4635;-14,6826;0,0000;1,2102;-14,9692;9,8854;-8,1519;-2,8350;9,2505;0,0000;14,5849;7,9988;9,2867;-4,1477;24;0;93,529
5,8614;35,6355;36,1841;-41,0628;-100,9529;28,7175;53,8154;162,5970;500,000;41,028;120,694;200,000;-17,4694;-14,6634;0,0000;1,2404;-14,9526;9,9046;-8,1605;-2,8300;9,2662;0,0000;14,5845;8,0236;9,2782;-4,1656;24;0;93,428
5,8635;35,5993;36,1538;-41,0628;-100,9503;28,6866;53,8359;162,5801;500,000;40,691;120,935;200,000;-17,4753;-14,6442;0,0000;1,2706;-14,9360;9,9238;-8,1692;-2,8251;9,2818;0,0000;14,5841;8,0483;9,2697;-4,1834;24;0;93,329
5,8655;35,5631;36,1235;-41,0628;-100,9477;28,6556;53,8565;162,5632;500,000;40,354;121,176;200,000;-17,4811;-14,6250;0,0000;1,3008;-14,9193;9,9430;-8,1778;-2,8202;9,2974;0,0000;14,5837;8,0730;9,2611;-4,2011;24;0;93,232
5,8676;35,5269;36,0932;-41,0628;-100,9449;28,6247;53,8771;162,5462;500,000;40,017;121,416;200,000;-17,4869;-14,6057;0,0000;1,3310;-14,9025;9,9622;-8,1866;-2,8153;9,3130;0,0000;14,5833;8,0975;9,2525;-4,2187;24;0;93,136
5,8697;35,4907;36,0630;-41,0628;-100,9422;28,5939;53,8978;162,5293;500,000;39,680;121,657;200,000;-17,4928;-14,5864;0,0000;1,3612;-14,8857;9,9814;-8,1953;-2,8104;9,3286;0,0000;14,5829;8,1220;9,2438;-4,2362;24;0;93,042
5,8718;35,4544;36,0328;-41,0628;-100,9393;28,5631;53,9185;162,5123;500,000;39,343;121,898;200,000;-17,4986;-14,5671;0,0000;1,3914;-14,8689;10,0005;-8,2041;-2,8056;9,3441;0,0000;14,5825;8,1463;9,2352;-4,2537;24;0;92,950
5,8738;35,4182;36,0026;-41,0628;-100,9364;28,5323;53,9392;162,4953;500,000;39,006;122,139;200,000;-17,5044;-14,5477;0,0000;1,4216;-14,8520;10,0196;-8,2129;-2,8007;9,3596;0,0000;14,5821;8,1706;9,2264;-4,2711;24;0;92,860
5,8759;35,3819;35,9725;-41,0628;-100,9334;28,5016;53,9600;162,4783;500,000;38,669;122,380;200,000;-17,5102;-14,5283;0,0000;1,4518;-14,8350;10,0387;-8,2218;-2,7959;9,3752;0,0000;14,5816;8,1948;9,2177;-4,2884;24;0;92,772
5,8780;35,3457;35,9424;-41,0628;-100,9304;28,4709;53,9808;162,4612;500,000;38,332;122,620;200,000;-17,5160;-14,5089;0,0000;1,4820;-14,8180;10,0578;-8,2307;-2,7911;9,3906;0,0000;14,5812;8,2189;9,2089;-4,3056;24;0;92,685
5,8800;35,3094;35,9124;-41,0628;-100,9273;28,4402;54,0016;162,4442;500,000;37,995;122,861;200,000;-17,5217;-14,4894;0,0000;1,5122;-14,8010;10,0769;-8,2396;-2,7863;9,4061;0,0000;14,5807;8,2429;9,2000;-4,3227;24;0;92,600
5,8821;35,2731;35,8824;-41,0628;-100,9241;28,4095;54,0225;162,4271;500,000;37,657;123,102;200,000;-17,5275;-14,4699;0,0000;1,5424;-14,7839;10,0959;-8,2486;-2,7815;9,4216;0,0000;14,5803;8,2668;9,1912;-4,3397;24;0;92,517
5,8842;35,2368;35,8525;-41,0628;-100,9209;28,3789;54,0435;162,4100;500,000;37,320;123,343;200,000;-17,5333;-14,4504;0,0000;1,5726;-14,7667;10,1149;-8,2576;-2,7767;9,4370;0,0000;14,5798;8,2906;9,1823;-4,3567;24;0;92,435
5,8863;35,2004;35,8226;-41,0628;-100,9176;28,3484;54,0644;162,3929;500,000;36,983;123,583;200,000;-17,5390;-14,4308;0,0000;1,6028;-14,7495;10,1339;-8,2666;-2,7720;9,4524;0,0000;14,5793;8,3143;9,1733;-4,3736;24;0;92,356
5,8883;35,1641;35,7927;-41,0628;-100,9142;28,3178;54,0854;162,3757;500,000;36,646;123,824;200,000;-17,5447;-14,4112;0,0000;1,6330;-14,7323;10,1529;-8,2757;-2,7673;9,4678;0,0000;14,5788;8,3380;9,1643;-4,3903;24;0;92,278
5,8904;35,1278;35,7629;-41,0628;-100,9108;28,2874;54,1065;162,3586;500,000;36,309;124,065;200,000;-17,5505;-14,3916;0,0000;1,6632;-14,7150;10,1719;-8,2848;-2,7625;9,4832;0,0000;14,5783;8,3615;9,1553;-4,4070;24;0;92,202
5,8925;35,0914;35,7331;-41,0628;-100,9074;28,2569;54,1276;162,3414;500,000;35,972;124,306;200,000;-17,5562;-14,3719;0,0000;1,6934;-14,6977;10,1909;-8,2940;-2,7578;9,4985;0,0000;14,5778;8,3850;9,1463;-4,4236;24;0;92,128
5,8945;35,0550;35,7033;-41,0628;-100,9038;28,2265;54,1487;162,3242;500,000;35,635;124,546;200,000;-17,5619;-14,3522;0,0000;1,7236;-14,6803;10,2098;-8,3032;-2,7531;9,5138;0,0000;14,5773;8,4084;9,1372;-4,4402;24;0;92,055
5,8966;35,0187;35,6736;-41,0628;-100,9002;28,1961;54,1699;162,3070;500,000;35,298;124,787;200,000;-17,5676;-14,3325;0,0000;1,7538;-14,6628;10,2287;-8,3124;-2,7485;9,5291;0,0000;14,5768;8,4316;9,1280;-4,4566;24;0;91,985
5,8987;34,9823;35,6440;-41,0628;-100,8966;28,1657;54,1911;162,2898;500,000;34,961;125,028;200,000;-17,5733;-14,3128;0,0000;1,7840;-14,6453;10,2476;-8,3216;-2,7438;9,5444;0,0000;14,5763;8,4548;9,1189;-4,4730;24;0;91,916
5,9008;34,9459;35,6143;-41,0628;-100,8928;28,1354;54,2123;162,2726;500,000;34,624;125,269;200,000;-17,5790;-14,2930;0,0000;1,8142;-14,6278;10,2665;-8,3309;-2,7392;9,5597;0,0000;14,5757;8,4779;9,1097;-4,4892;24;0;91,849
5,9028;34,9095;35,5847;-41,0628;-100,8890;28,1051;54,2336;162,2553;500,000;34,287;125,510;200,000;-17,5846;-14,2732;0,0000;1,8444;-14,6102;10,2853;-8,3402;-2,7345;9,5749;0,0000;14,5752;8,5009;9,1005;-4,5054;24;0;91,784
5,9049;34,8730;35,5552;-41,0628;-100,8852;28,0749;54,2549;162,2380;500,000;33,950;125,750;200,000;-17,5903;-14,2533;0,0000;1,8746;-14,5926;10,3042;-8,3496;-2,7299;9,5901;0,0000;14,5746;8,5238;9,0912;-4,5215;24;0;91,721
5,9070;34,8366;35,5257;-41,0628;-100,8813;28,0447;54,2763;162,2207;500,000;33,613;125,991;200,000;-17,5959;-14,2334;0,0000;1,9047;-14,5749;10,3230;-8,3589;-2,7253;9,6053;0,0000;14,5740;8,5467;9,0819;-4,5375;24;0;91,659
5,9090;34,8001;35,4962;-41,0628;-100,8773;28,0145;54,2977;162,2034;500,000;33,275;126,232;200,000;-17,6016;-14,2135;0,0000;1,9349;-14,5572;10,3418;-8,3684;-2,7207;9,6205;0,0000;14,5734;8,5694;9,0726;-4,5534;24;0;91,599
5,9111;34,7637;35,4668;-41,0628;-100,8733;27,9844;54,3191;162,1860;500,000;32,938;126,473;200,000;-17,6072;-14,1936;0,0000;1,9651;-14,5394;10,3606;-8,3778;-2,7162;9,6357;0,0000;14,5729;8,5920;9,0632;-4,5693;24;0;91,541
5,9132;34,7272;35,4375;-41,0628;-100,8692;27,9543;54,3406;162,1687;500,000;32,601;126,713;200,000;-17,6128;-14,1736;0,0000;1,9953;-14,5216;10,3793;-8,3873;-2,7116;9,6508;0,0000;14,5723;8,6146;9,0538;-4,5850;24;0;91,485
5,9153;34,6907;35,4081;-41,0628;-100,8650;27,9242;54,3621;162,1513;500,000;32,264;126,954;200,000;-17,6184;-14,1536;0,0000;2,0255;-14,5037;10,3981;-8,3968;-2,7071;9,6659;0,0000;14,5717;8,6371;9,0444;-4,6007;24;0;91,431
5,9173;34,6542;35,3788;-41,0628;-100,8608;27,8942;54,3837;162,1339;500,000;31,927;127,195;200,000;-17,6240;-14,1336;0,0000;2,0557;-14,4858;10,4168;-8,4063;-2,7026;9,6810;0,0000;14,5710;8,6594;9,0349;-4,6163;24;0;91,379
5,9194;34,6177;35,3496;-41,0628;-100,8565;27,8642;54,4053;162,1165;500,000;31,590;127,436;200,000;-17,6296;-14,1135;0,0000;2,0858;-14,4679;10,4355;-8,4159;-2,6981;9,6960;0,0000;14,5704;8,6817;9,0255;-4,6318;24;0;91,329
5,9215;34,5812;35,3204;-41,0628;-100,8521;27,8343;54,4269;162,0990;500,000;31,253;127,676;200,000;-17,6352;-14,0934;0,0000;2,1160;-14,4499;10,4542;-8,4255;-2,6936;9,7111;0,0000;14,5698;8,7039;9,0159;-4,6472;24;0;91,280
5,9235;34,5447;35,2912;-41,0628;-100,8477;27,8044;54,4486;162,0816;500,000;30,916;127,917;200,000;-17,6408;-14,0733;0,0000;2,1462;-14,4318;10,4729;-8,4352;-2,6891;9,7261;0,0000;14,5692;8,7260;9,0064;-4,6625;24;0;91,233
5,9256;34,5081;35,2621;-41,0628;-100,8432;27,7745;54,4703;162,0641;500,000;30,579;128,158;200,000;-17,6464;-14,0531;0,0000;2,1764;-14,4137;10,4915;-8,4448;-2,6847;9,7411;0,0000;14,5685;8,7480;8,9968;-4,6777;24;0;91,188
5,9277;34,4716;35,2330;-41,0628;-100,8387;27,7447;54,4920;162,0466;500,000;30,242;128,399;200,000;-17,6519;-14,0329;0,0000;2,2065;-14,3956;10,5101;-8,4545;-2,6802;9,7561;0,0000;14,5678;8,7699;8,9872;-4,6929;24;0;91,145
5,9298;34,4350;35,2039;-41,0628;-100,8341;27,7149;54,5138;162,0291;500,000;29,905;128,640;200,000;-17,6575;-14,0127;0,0000;2,2367;-14,3774;10,5287;-8,4643;-2,6758;9,7710;0,0000;14,5672;8,7917;8,9775;-4,7079;24;0;91,104
5,9318;34,3984;35,1749;-41,0628;-100,8294;27,6851;54,5356;162,0115;500,000;29,568;128,880;200,000;-17,6630;-13,9925;0,0000;2,2669;-14,3592;10,5473;-8,4740;-2,6714;9,7859;0,0000;14,5665;8,8134;8,9678;-4,7229;24;0;91,065
5,9339;34,3618;35,1460;-41,0628;-100,8247;27,6554;54,5575;161,9940;500,000;29,231;129,121;200,000;-17,6685;-13,9722;0,0000;2,2970;-14,3409;10,5659;-8,4838;-2,6670;9,8008;0,0000;14,5658;8,8350;8,9581;-4,7378;24;0;91,027
5,9360;34,3252;35,1171;-41,0628;-100,8199;27,6257;54,5794;161,9764;500,000;28,893;129,362;200,000;-17,6740;-13,9519;0,0000;2,3272;-14,3226;10,5844;-8,4937;-2,6627;9,8157;0,0000;14,5651;8,8566;8,9484;-4,7526;24;0;90,992
5,9380;34,2886;35,0882;-41,0628;-100,8151;27,5961;54,6014;161,9588;500,000;28,556;129,603;200,000;-17,6796;-13,9315;0,0000;2,3574;-14,3042;10,6029;-8,5035;-2,6583;9,8306;0,0000;14,5644;8,8780;8,9386;-4,7673;24;0;90,958
5,9401;34,2520;35,0593;-41,0628;-100,8102;27,5665;54,6233;161,9412;500,000;28,219;129,843;200,000;-17,6851;-13,9111;0,0000;2,3875;-14,2858;10,6214;-8,5134;-2,6540;9,8454;0,0000;14,5637;8,8994;8,9288;-4,7819;24;0;90,926
5,9422;34,2154;35,0306;-41,0628;-100,8052;27,5369;54,6454;161,9235;500,000;27,882;130,084;200,000;-17,6905;-13,8907;0,0000;2,4177;-14,2673;10,6399;-8,5233;-2,6496;9,8602;0,0000;14,5630;8,9206;8,9189;-4,7964;24;0;90,896
5,9443;34,1787;35,0018;-41,0628;-100,8001;27,5074;54,6674;161,9059;500,000;27,545;130,325;200,000;-17,6960;-13,8703;0,0000;2,4479;-14,2488;10,6584;-8,5333;-2,6453;9,8750;0,0000;14,5623;8,9418;8,9091;-4,8109;24;0;90,868
5,9463;34,1421;34,9731;-41,0628;-100,7950;27,4779;54,6895;161,8882;500,000;27,208;130,566;200,000;-17,7015;-13,8498;0,0000;2,4780;-14,2303;10,6768;-8,5433;-2,6410;9,8897;0,0000;14,5616;8,9629;8,8992;-4,8252;24;0;90,842
5,9484;34,1054;34,9444;-41,0628;-100,7899;27,4484;54,7116;161,8705;500,000;26,871;130,806;200,000;-17,7070;-13,8293;0,0000;2,5082;-14,2117;10,6953;-8,5533;-2,6368;9,9045;0,0000;14,5608;8,9839;8,8893;-4,8395;24;0;90,818
5,9505;34,0687;34,9158;-41,0628;-100,7846;27,4190;54,7338;161,8527;500,000;26,534;131,047;200,000;-17,7124;-13,8088;0,0000;2,5383;-14,1931;10,7137;-8,5633;-2,6325;9,9192;0,0000;14,5601;9,0048;8,8793;-4,8537;24;0;90,795
5,9525;34,0320;34,8872;-41,0628;-100,7794;27,3896;54,7560;161,8350;500,000;26,197;131,288;200,000;-17,7179;-13,7882;0,0000;2,5685;-14,1744;10,7320;-8,5734;-2,6283;9,9339;0,0000;14,5593;9,0256;8,8693;-4,8678;24;0;90,775
5,9546;33,9953;34,8587;-41,0628;-100,7740;27,3603;54,7783;161,8172;500,000;25,860;131,529;200,000;-17,7233;-13,7676;0,0000;2,5987;-14,1557;10,7504;-8,5835;-2,6240;9,9485;0,0000;14,5585;9,0463;8,8593;-4,8818;24;0;90,756
5,9567;33,9586;34,8302;-41,0628;-100,7686;27,3310;54,8005;161,7994;500,000;25,523;131,769;200,000;-17,7287;-13,7470;0,0000;2,6288;-14,1369;10,7687;-8,5936;-2,6198;9,9632;0,0000;14,5578;9,0669;8,8493;-4,8957;24;0;90,739
5,9587;33,9219;34,8018;-41,0628;-100,7631;27,3017;54,8229;161,7816;500,000;25,186;132,010;200,000;-17,7342;-13,7264;0,0000;2,6590;-14,1181;10,7871;-8,6038;-2,6156;9,9778;0,0000;14,5570;9,0874;8,8392;-4,9095;24;0;90,724
5,9608;33,8852;34,7733;-41,0628;-100,7576;27,2725;54,8452;161,7638;500,000;24,849;132,251;200,000;-17,7396;-13,7057;0,0000;2,6891;-14,0993;10,8054;-8,6139;-2,6114;9,9924;0,0000;14,5562;9,1078;8,8291;-4,9233;24;0;90,711
5,9629;33,8484;34,7450;-41,0628;-100,7520;27,2433;54,8676;161,7460;500,000;24,511;132,492;200,000;-17,7450;-13,6850;0,0000;2,7193;-14,0804;10,8236;-8,6242;-2,6073;10,0069;0,0000;14,5554;9,1282;8,8190;-4,9369;24;0;90,700
5,9650;33,8116;34,7167;-41,0628;-100,7463;27,2142;54,8901;161,7281;500,000;24,174;132,733;200,000;-17,7504;-13,6642;0,0000;2,7494;-14,0615;10,8419;-8,6344;-2,6031;10,0215;0,0000;14,5546;9,1484;8,8088;-4,9505;24;0;90,691
5,9670;33,7749;34,6884;-41,0628;-100,7406;27,1851;54,9125;161,7102;500,000;23,837;132,973;200,000;-17,7558;-13,6435;0,0000;2,7795;-14,0425;10,8601;-8,6447;-2,5990;10,0360;0,0000;14,5538;9,1686;8,7986;-4,9640;24;0;90,684
5,9691;33,7381;34,6601;-41,0628;-100,7348;27,1560;54,9351;161,6923;500,000;23,500;133,214;200,000;-17,7611;-13,6227;0,0000;2,8097;-14,0235;10,8783;-8,6550;-2,5949;10,0505;0,0000;14,5530;9,1886;8,7884;-4,9774;24;0;90,678
5,9712;33,7013;34,6320;-41,0628;-100,7290;27,1270;54,9576;161,6743;500,000;23,163;133,455;200,000;-17,7665;-13,6018;0,0000;2,8398;-14,0044;10,8965;-8,6653;-2,5908;10,0649;0,0000;14,5521;9,2086;8,7782;-4,9907;24;0;90,675
5,9732;33,6645;34,6038;-41,0628;-100,7230;27,0980;54,9802;161,6564;500,000;22,826;133,696;200,000;-17,7719;-13,5810;0,0000;2,8700;-13,9853;10,9147;-8,6756;-2,5867;10,0794;0,0000;14,5513;9,2284;8,7679;-5,0039;24;0;90,673
5,9753;33,6277;34,5757;-41,0628;-100,7171;27,0690;55,0028;161,6384;500,000;22,489;133,936;200,000;-17,7772;-13,5601;0,0000;2,9001;-13,9662;10,9328;-8,6860;-2,5826;10,0938;0,0000;14,5504;9,2482;8,7577;-5,0170;24;0;90,674
5,9774;33,5909;34,5476;-41,0628;-100,7110;27,0401;55,0255;161,6204;500,000;22,152;134,177;200,000;-17,7826;-13,5392;0,0000;2,9302;-13,9470;10,9510;-8,6964;-2,5786;10,1082;0,0000;14,5496;9,2679;8,7473;-5,0301;24;0;90,676
5,9795;33,5540;34,5196;-41,0628;-100,7049;27,0113;55,0482;161,6024;500,000;21,815;134,418;200,000;-17,7879;-13,5182;0,0000;2,9604;-13,9278;10,9691;-8,7068;-2,5746;10,1225;0,0000;14,5487;9,2875;8,7370;-5,0430;24;0;90,680
5,9815;33,5172;34,4916;-41,0628;-100,6988;26,9824;55,0709;161,5843;500,000;21,478;134,659;200,000;-17,7932;-13,4972;0,0000;2,9905;-13,9086;10,9872;-8,7173;-2,5705;10,1369;0,0000;14,5479;9,3070;8,7266;-5,0559;24;0;90,686
5,9836;33,4803;34,4637;-41,0628;-100,6925;26,9537;55,0937;161,5663;500,000;21,141;134,899;200,000;-17,7986;-13,4762;0,0000;3,0206;-13,8893;11,0052;-8,7278;-2,5665;10,1512;0,0000;14,5470;9,3264;8,7162;-5,0686;24;0;90,693
5,9857;33,4434;34,4358;-41,0628;-100,6863;26,9249;55,1165;161,5482;500,000;20,804;135,140;200,000;-17,8039;-13,4552;0,0000;3,0508;-13,8699;11,0233;-8,7383;-2,5626;10,1654;0,0000;14,5461;9,3457;8,7058;-5,0813;24;0;90,703
5,9877;33,4066;34,4080;-41,0628;-100,6799;26,8962;55,1394;161,5301;500,000;20,467;135,381;200,000;-17,8092;-13,4341;0,0000;3,0809;-13,8506;11,0413;-8,7488;-2,5586;10,1797;0,0000;14,5452;9,3649;8,6954;-5,0939;24;0;90,715
5,9898;33,3697;34,3802;-41,0628;-100,6735;26,8675;55,1622;161,5119;500,000;20,130;135,622;200,000;-17,8145;-13,4130;0,0000;3,1110;-13,8311;11,0593;-8,7594;-2,5546;10,1939;0,0000;14,5443;9,3841;8,6849;-5,1064;24;0;90,728
5,9919;33,3328;34,3524;-41,0628;-100,6670;26,8389;55,1852;161,4938;500,000;19,792;135,863;200,000;-17,8198;-13,3919;0,0000;3,1411;-13,8117;11,0773;-8,7700;-2,5507;10,2081;0,0000;14,5434;9,4031;8,6744;-5,1188;24;0;90,744
5,9940;33,2959;34,3247;-41,0628;-100,6605;26,8103;55,2081;161,4756;500,000;19,455;136,103;200,000;-17,8250;-13,3707;0,0000;3,1713;-13,7922;11,0952;-8,7806;-2,5468;10,2223;0,0000;14,5425;9,4221;8,6639;-5,1312;24;0;90,761
5,9960;33,2589;34,2970;-41,0628;-100,6539;26,7818;55,2311;161,4574;500,000;19,118;136,344;200,000;-17,8303;-13,3495;0,0000;3,2014;-13,7727;11,1132;-8,7912;-2,5429;10,2365;0,0000;14,5415;9,4409;8,6534;-5,1434;24;0;90,780
5,9981;33,2220;34,2694;-41,0628;-100,6472;26,7533;55,2542;161,4392;500,000;18,781;136,585;200,000;-17,8356;-13,3283;0,0000;3,2315;-13,7531;11,1311;-8,8019;-2,5390;10,2506;0,0000;14,5406;9,4597;8,6428;-5,1556;24;0;90,801
6,0002;33,1851;34,2418;-41,0628;-100,6405;26,7248;55,2772;161,4210;500,000;18,444;136,826;200,000;-17,8408;-13,3071;0,0000;3,2616;-13,7335;11,1490;-8,8126;-2,5351;10,2647;0,0000;14,5397;9,4783;8,6322;-5,1676;24;0;90,824
6,0022;33,1481;34,2143;-41,0628;-100,6337;26,6964;55,3003;161,4027;500,000;18,107;137,066;200,000;-17,8461;-13,2858;0,0000;3,2917;-13,7138;11,1668;-8,8233;-2,5313;10,2788;0,0000;14,5387;9,4969;8,6216;-5,1796;24;0;90,849
6,0043;33,1111;34,1868;-41,0628;-100,6269;26,6680;55,3235;161,3844;500,000;17,770;137,307;200,000;-17,8513;-13,2645;0,0000;3,3218;-13,6941;11,1847;-8,8341;-2,5274;10,2928;0,0000;14,5378;9,5154;8,6110;-5,1915;24;0;90,876
6,0064;33,0742;34,1593;-41,0628;-100,6199;26,6397;55,3467;161,3661;500,000;17,433;137,548;200,000;-17,8565;-13,2432;0,0000;3,3519;-13,6744;11,2025;-8,8448;-2,5236;10,3068;0,0000;14,5368;9,5338;8,6003;-5,2033;24;0;90,904
6,0085;33,0372;34,1319;-41,0628;-100,6130;26,6114;55,3699;161,3478;500,000;17,096;137,789;200,000;-17,8618;-13,2218;0,0000;3,3820;-13,6546;11,2203;-8,8556;-2,5198;10,3208;0,0000;14,5358;9,5520;8,5897;-5,2150;24;0;90,935
6,0105;33,0002;34,1046;-41,0628;-100,6059;26,5831;55,3932;161,3294;500,000;16,759;138,029;200,000;-17,8670;-13,2004;0,0000;3,4122;-13,6348;11,2381;-8,8664;1,0369;12,9497;0,0000;13,8448;12,2721;6,3385;-3,4603;24;0;90,967
6,0126;32,9632;34,0772;-41,0628;-100,5988;26,5549;55,4164;161,3110;500,000;16,422;138,270;200,000;-17,8575;-13,1682;0,0000;3,4394;-13,6038;11,2465;-8,8699;24,8231;30,4288;0,0000;9,1803;30,3397;-8,6915;8,3648;24;0;91,001
6,0147;32,9262;34,0500;-41,0628;-100,5917;26,5267;55,4397;161,2927;500,000;16,085;138,511;199,671;-17,7642;-13,0744;0,0000;3,4502;-13,5092;11,2021;-8,8318;63,8768;59,0152;0,0000;1,4017;59,8955;-33,4230;27,8230;24;0;91,037
6,0167;32,8896;34,0231;-41,0628;-100,5845;26,4989;55,4628;161,2745;500,000;15,752;138,749;197,796;-17,5929;-12,9237;0,0000;3,4452;-13,3557;11,1081;-8,7547;84,8635;74,1590;0,0000;-3,0346;75,5745;-46,8439;38,3469;24;0;91,075
6,0188;32,8533;33,9965;-41,0628;-100,5774;26,4714;55,4858;161,2564;500,000;15,422;138,984;195,725;-17,4126;-12,7672;0,0000;3,4376;-13,1961;11,0080;-8,6729;87,0675;75,4228;0,0000;-3,8866;76,9167;-48,4517;39,5517;24;0;91,114
6,0209;32,8174;33,9702;-41,0628;-100,5703;26,4443;55,5084;161,2385;500,000;15,096;139,217;193,654;-17,2322;-12,6113;0,0000;3,4291;-13,0371;10,9074;-8,5909;87,1460;75,1226;0,0000;-4,3246;76,6425;-48,7181;39,7003;24;0;91,154
6,0230;32,7819;33,9442;-41,0628;-100,5632;26,4174;55,5309;161,2208;500,000;14,773;139,448;191,583;-17,0516;-12,4560;0,0000;3,4197;-12,8786;10,8062;-8,5085;87,2235;74,8250;0,0000;-4,7579;76,3703;-48,9812;39,8479;24;0;91,195
6,0250;32,7468;33,9186;-41,0628;-100,5561;26,3909;55,5532;161,2033;500,000;14,453;139,676;189,512;-16,8709;-12,3013;0,0000;3,4094;-12,7207;10,7045;-8,4258;87,3000;74,5299;0,0000;-5,1864;76,1002;-49,2410;39,9945;24;0;91,238
6,0271;32,7121;33,8933;-41,0628;-100,5491;26,3647;55,5753;161,1859;500,000;14,137;139,902;187,441;-16,6900;-12,1473;0,0000;3,3982;-12,5634;10,6022;-8,3428;87,3755;74,2373;0,0000;-5,6103;75,8322;-49,4975;40,1400;24;0;91,282
6,0292;32,6777;33,8683;-41,0628;-100,5421;26,3389;55,5971;161,1687;500,000;13,825;140,125;185,369;-16,5090;-11,9938;0,0000;3,3862;-12,4066;10,4995;-8,2595;87,4500;73,9474;0,0000;-6,0294;75,5662;-49,7506;40,2846;24;0;91,327
6,0312;32,6437;33,8436;-41,0628;-100,5351;26,3133;55,6188;161,1517;500,000;13,516;140,346;183,298;-16,3278;-11,8410;0,0000;3,3732;-12,2504;10,3962;-8,1759;87,5234;73,6601;0,0000;-6,4438;75,3024;-50,0004;40,4280;24;0;91,373
6,0333;32,6100;33,8192;-41,0628;-100,5281;26,2881;55,6402;161,1349;500,000;13,211;140,564;181,227;-16,1464;-11,6887;0,0000;3,3595;-12,0947;10,2923;-8,0920;87,5959;73,3754;0,0000;-6,8535;75,0408;-50,2470;40,5703;24;0;91,420
6,0354;32,5768;33,7952;-41,0628;-100,5211;26,2632;55,6614;161,1182;500,000;12,909;140,780;179,156;-15,9649;-11,5370;0,0000;3,3448;-11,9395;10,1880;-8,0079;87,6674;73,0934;0,0000;-7,2584;74,7814;-50,4903;40,7115;24;0;91,469
6,0375;32,5439;33,7714;-41,0628;-100,5142;26,2387;55,6824;161,1017;500,000;12,610;140,993;177,085;-15,7833;-11,3859;0,0000;3,3294;-11,7849;10,0832;-7,9234;87,7379;72,8141;0,0000;-7,6587;74,5243;-50,7304;40,8516;24;0;91,517
6,0395;32,5114;33,7480;-41,0628;-100,5074;26,2144;55,7032;161,0854;500,000;12,315;141,203;175,014;-15,6015;-11,2354;0,0000;3,3131;-11,6308;9,9779;-7,8387;87,8074;72,5374;0,0000;-8,0542;74,2694;-50,9672;40,9905;24;0;91,567
6,0416;32,4793;33,7249;-41,0628;-100,5005;26,1905;55,7237;161,0692;500,000;12,024;141,412;172,942;-15,4195;-11,0854;0,0000;3,2960;-11,4773;9,8721;-7,7536;87,8760;72,2636;0,0000;-8,4450;74,0168;-51,2008;41,1282;24;0;91,618
6,0437;32,4475;33,7021;-41,0628;-100,4937;26,1669;55,7441;161,0532;500,000;11,736;141,617;170,871;-15,2375;-10,9361;0,0000;3,2781;-11,3242;9,7658;-7,6683;87,9436;71,9924;0,0000;-8,8310;73,7666;-51,4312;41,2647;24;0;91,669
6,0457;32,4162;33,6796;-41,0628;-100,4869;26,1436;55,7642;161,0374;500,000;11,451;141,821;168,800;-15,0552;-10,7872;0,0000;3,2595;-11,1717;9,6590;-7,5827;88,0102;71,7240;0,0000;-9,2124;73,5187;-51,6585;41,4000;24;0;91,721
6,0478;32,3852;33,6574;-41,0628;-100,4802;26,1206;55,7841;161,0218;500,000;11,170;142,021;166,729;-14,8729;-10,6389;0,0000;3,2400;-11,0197;9,5518;-7,4968;88,0759;71,4585;0,0000;-9,5890;73,2732;-51,8825;41,5340;24;0;91,774
6,0499;32,3546;33,6355;-41,0628;-100,4735;26,0979;55,8037;161,0064;500,000;10,893;142,219;164,658;-14,6904;-10,4912;0,0000;3,2197;-10,8682;9,4441;-7,4106;88,1406;71,1957;0,0000;-9,9610;73,0301;-52,1034;41,6668;24;0;91,827
6,0520;32,3243;33,6139;-41,0628;-100,4669;26,0756;55,8232;160,9911;500,000;10,619;142,415;162,587;-14,5078;-10,3440;0,0000;3,1987;-10,7172;9,3360;-7,3242;88,2044;70,9357;0,0000;-10,3282;72,7895;-52,3211;41,7983;24;0;91,881
6,0540;32,2945;33,5927;-41,0628;-100,4603;26,0535;55,8424;160,9761;500,000;10,348;142,608;160,515;-14,3250;-10,1974;0,0000;3,1769;-10,5667;9,2274;-7,2375;88,2672;70,6786;0,0000;-10,6907;72,5514;-52,5357;41,9284;24;0;91,935
6,0561;32,2650;33,5717;-41,0628;-100,4537;26,0318;55,8614;160,9612;500,000;10,081;142,799;158,444;-14,1421;-10,0513;0,0000;3,1544;-10,4166;9,1184;-7,1505;88,3291;70,4244;0,0000;-11,0485;72,3157;-52,7471;42,0573;24;0;91,990
6,0582;32,2359;33,5510;-41,0628;-100,4472;26,0104;55,8802;160,9464;500,000;9,818;142,987;156,373;-13,9591;-9,9057;0,0000;3,1312;-10,2671;9,0089;-7,0633;88,3901;70,1731;0,0000;-11,4016;72,0826;-52,9555;42,1848;24;0;92,045
6,0602;32,2072;33,5307;-41,0628;-100,4407;25,9893;55,8987;160,9319;500,000;9,558;143,173;154,302;-13,7760;-9,7606;0,0000;3,1072;-10,1180;8,8990;-6,9758;88,4502;69,9246;0,0000;-11,7499;71,8520;-53,1607;42,3110;24;0;92,101
6,0623;32,1788;33,5106;-41,0628;-100,4343;25,9685;55,9171;160,9175;500,000;9,301;143,356;152,231;-13,5927;-9,6160;0,0000;3,0825;-9,9695;8,7887;-6,8880;88,5093;69,6791;0,0000;-12,0936;71,6240;-53,3629;42,4357;24;0;92,157
6,0644;32,1508;33,4908;-41,0628;-100,4280;25,9480;55,9351;160,9034;500,000;9,048;143,537;150,160;-13,4094;-9,4719;0,0000;3,0571;-9,8214;8,6779;-6,8000;88,5676;69,4365;0,0000;-12,4326;71,3986;-53,5620;42,5592;24;0;92,213
6,0664;32,1233;33,4714;-41,0628;-100,4217;25,9278;55,9530;160,8894;500,000;8,798;143,715;148,088;-13,2259;-9,3284;0,0000;3,0310;-9,6737;8,5668;-6,7117;88,6249;69,1969;0,0000;-12,7668;71,1759;-53,7580;42,6812;24;0;92,269
6,0685;32,0961;33,4522;-41,0628;-100,4154;25,9079;55,9706;160,8756;500,000;8,552;143,891;146,017;-13,0423;-9,1853;0,0000;3,0042;-9,5265;8,4553;-6,6232;88,6814;68,9603;0,0000;-13,0963;70,9557;-53,9510;42,8017;24;0;92,326
6,0706;32,0692;33,4333;-41,0628;-100,4092;25,8883;55,9880;160,8619;500,000;8,310;144,065;143,946;-12,8585;-9,0427;0,0000;2,9768;-9,3798;8,3433;-6,5344;88,7369;68,7266;0,0000;-13,4212;70,7383;-54,1409;42,9209;24;0;92,382
6,0727;32,0428;33,4147;-41,0628;-100,4031;25,8691;56,0052;160,8485;500,000;8,071;144,235;141,875;-12,6747;-8,9006;0,0000;2,9486;-9,2335;8,2310;-6,4454;88,7916;68,4960;0,0000;-13,7413;70,5235;-54,3279;43,0386;24;0;92,439
6,0747;32,0167;33,3965;-41,0628;-100,3970;25,8501;56,0221;160,8352;500,000;7,835;144,404;139,804;-12,4907;-8,7590;0,0000;2,9198;-9,0877;8,1183;-6,3561;88,8453;68,2683;0,0000;-14,0568;70,3114;-54,5118;43,1549;24;0;92,496
6,0768;31,9911;33,3785;-41,0628;-100,3910;25,8314;56,0388;160,8222;500,000;7,603;144,569;137,733;-12,3067;-8,6178;0,0000;2,8904;-8,9422;8,0052;-6,2666;88,8982;68,0437;0,0000;-14,3675;70,1021;-54,6927;43,2696;24;0;92,552
6,0789;31,9658;33,3608;-41,0628;-100,3850;25,8130;56,0553;160,8093;500,000;7,374;144,733;135,661;-12,1225;-8,4771;0,0000;2,8603;-8,7973;7,8917;-6,1769;88,9502;67,8222;0,0000;-14,6735;69,8955;-54,8706;43,3829;24;0;92,609
6,0809;31,9408;33,3433;-41,0628;-100,3791;25,7950;56,0715;160,7966;500,000;7,149;144,894;133,590;-11,9382;-8,3369;0,0000;2,8296;-8,6527;7,7779;-6,0869;89,0013;67,6037;0,0000;-14,9749;69,6917;-55,0456;43,4947;24;0;92,666
6,0830;31,9163;33,3262;-41,0628;-100,3733;25,7772;56,0875;160,7841;500,000;6,927;145,052;131,519;-11,7538;-8,1971;0,0000;2,7983;-8,5086;7,6637;-5,9967;89,0516;67,3884;0,0000;-15,2715;69,4907;-55,2176;43,6050;24;0;92,722
6,0851;31,8922;33,3094;-41,0628;-100,3675;25,7597;56,1033;160,7717;500,000;6,709;145,208;129,448;-11,5693;-8,0577;0,0000;2,7664;-8,3649;7,5492;-5,9063;89,1010;67,1761;0,0000;-15,5635;69,2925;-55,3866;43,7137;24;0;92,779
6,0872;31,8684;33,2928;-41,0628;-100,3618;25,7425;56,1188;160,7596;500,000;6,494;145,361;127,377;-11,3847;-7,9188;0,0000;2,7338;-8,2215;7,4343;-5,8156;89,1495;66,9669;0,0000;-15,8507;69,0971;-55,5527;43,8210;24;0;92,835
6,0892;31,8450;33,2766;-41,0628;-100,3562;25,7257;56,1340;160,7476;500,000;6,283;145,512;125,306;-11,2000;-7,7803;0,0000;2,7007;-8,0786;7,3190;-5,7248;89,1972;66,7609;0,0000;-16,1333;68,9046;-55,7159;43,9266;24;0;92,891
6,0913;31,8220;33,2606;-41,0628;-100,3507;25,7091;56,1491;160,7359;500,000;6,076;145,660;123,234;-11,0152;-7,6423;0,0000;2,6670;-7,9361;7,2035;-5,6337;89,2440;66,5580;0,0000;-16,4111;68,7149;-55,8761;44,0307;24;0;92,947
6,0934;31,7994;33,2449;-41,0628;-100,3452;25,6928;56,1639;160,7243;500,000;5,871;145,806;121,163;-10,8303;-7,5046;0,0000;2,6327;-7,7940;7,0876;-5,5424;89,2899;66,3582;0,0000;-16,6843;68,5281;-56,0335;44,1333;24;0;93,002
6,0954;31,7771;33,2295;-41,0628;-100,3398;25,6768;56,1784;160,7129;500,000;5,671;145,950;119,092;-10,6454;-7,3674;0,0000;2,5979;-7,6523;6,9714;-5,4509;89,3351;66,1617;0,0000;-16,9528;68,3442;-56,1879;44,2343;24;0;93,058
6,0975;31,7553;33,2144;-41,0628;-100,3344;25,6611;56,1928;160,7017;500,000;5,473;146,090;117,021;-10,4603;-7,2306;0,0000;2,5625;-7,5109;6,8548;-5,3592;89,3793;65,9683;0,0000;-17,2166;68,1633;-56,3395;44,3336;24;0;93,112
6,0996;31,7338;33,1996;-41,0628;-100,3291;25,6457;56,2068;160,6907;500,000;5,280;146,229;114,950;-10,2751;-7,0941;0,0000;2,5266;-7,3699;6,7380;-5,2672;89,4228;65,7781;0,0000;-17,4757;67,9853;-56,4881;44,4314;24;0;93,167
6,1017;31,7127;33,1850;-41,0628;-100,3239;25,6306;56,2207;160,6799;500,000;5,089;146,365;112,879;-10,0899;-6,9581;0,0000;2,4901;-7,2293;6,6208;-5,1751;89,4654;65,5911;0,0000;-17,7301;67,8102;-56,6340;44,5276;24;0;93,221
6,1037;31,6920;33,1708;-41,0628;-100,3188;25,6157;56,2343;160,6693;500,000;4,903;146,498;110,807;-9,9045;-6,8224;0,0000;2,4531;-7,0890;6,5034;-5,0828;89,5071;65,4074;0,0000;-17,9798;67,6381;-56,7769;44,6221;24;0;93,274
6,1058;31,6717;33,1568;-41,0628;-100,3138;25,6012;56,2476;160,6589;500,000;4,719;146,629;108,736;-9,7191;-6,6872;0,0000;2,4156;-6,9491;6,3857;-4,9903;89,5480;65,2268;0,0000;-18,2249;67,4689;-56,9170;44,7150;24;0;93,327
6,1079;31,6517;33,1431;-41,0628;-100,3088;25,5870;56,2607;160,6486;500,000;4,540;146,757;106,665;-9,5336;-6,5522;0,0000;2,3776;-6,8095;6,2676;-4,8976;89,5881;65,0495;0,0000;-18,4652;67,3028;-57,0543;44,8063;24;0;93,380
6,1099;31,6322;33,1296;-41,0628;-100,3039;25,5730;56,2736;160,6386;500,000;4,363;146,883;104,594;-9,3480;-6,4177;0,0000;2,3391;-6,6703;6,1493;-4,8047;89,6274;64,8755;0,0000;-18,7009;67,1396;-57,1888;44,8959;24;0;93,432
6,1120;31,6130;33,1165;-41,0628;-100,2991;25,5593;56,2862;160,6287;500,000;4,191;147,007;102,523;-9,1623;-6,2835;0,0000;2,3002;-6,5314;6,0307;-4,7116;89,6659;64,7047;0,0000;-18,9319;66,9795;-57,3204;44,9839;24;0;93,484
6,1141;31,5942;33,1036;-41,0628;-100,2944;25,5459;56,2986;160,6191;500,000;4,021;147,128;100,452;-8,9766;-6,1497;0,0000;2,2607;-6,3929;5,9119;-4,6183;89,7035;64,5373;0,0000;-19,1582;66,8224;-57,4492;45,0702;24;0;93,534
6,1162;31,5758;33,0910;-41,0628;-100,2898;25,5328;56,3107;160,6096;500,000;3,855;147,246;98,380;-8,7907;-6,0162;0,0000;2,2208;-6,2546;5,7928;-4,5249;89,7403;64,3731;0,0000;-19,3798;66,6684;-57,5752;45,1549;24;0;93,585
6,1182;31,5578;33,0787;-41,0628;-100,2852;25,5200;56,3226;160,6003;500,000;3,693;147,362;96,309;-8,6048;-5,8830;0,0000;2,1804;-6,1167;5,6734;-4,4313;89,7763;64,2122;0,0000;-19,5968;66,5174;-57,6985;45,2379;24;0;93,634
6,1203;31,5402;33,0666;-41,0628;-100,2807;25,5075;56,3342;160,5912;500,000;3,534;147,475;94,238;-8,4189;-5,7502;0,0000;2,1396;-5,9791;5,5538;-4,3375;89,8115;64,0546;0,0000;-19,8090;66,3695;-57,8189;45,3192;24;0;93,683
6,1224;31,5229;33,0549;-41,0628;-100,2763;25,4953;56,3456;160,5823;500,000;3,379;147,586;92,167;-8,2328;-5,6177;0,0000;2,0984;-5,8418;5,4339;-4,2436;89,8459;63,9003;0,0000;-20,0166;66,2247;-57,9366;45,3987;24;0;93,731
6,1244;31,5061;33,0434;-41,0628;-100,2720;25,4833;56,3567;160,5737;500,000;3,227;147,695;90,096;-8,0467;-5,4855;0,0000;2,0567;-5,7047;5,3138;-4,1494;89,8794;63,7494;0,0000;-20,2195;66,0830;-58,0515;45,4766;24;0;93,779
6,1265;31,4896;33,0321;-41,0628;-100,2678;25,4716;56,3676;160,5652;500,000;3,079;147,801;88,025;-7,8605;-5,3536;0,0000;2,0146;-5,5680;5,1934;-4,0552;89,9122;63,6018;0,0000;-20,4177;65,9443;-58,1637;45,5528;24;0;93,825
6,1286;31,4735;33,0212;-41,0628;-100,2637;25,4602;56,3782;160,5569;500,000;2,934;147,904;85,953;-7,6742;-5,2220;0,0000;1,9721;-5,4316;5,0728;-3,9607;89,9442;63,4575;0,0000;-20,6113;65,8088;-58,2731;45,6273;24;0;93,871
6,1307;31,4578;33,0105;-41,0628;-100,2597;25,4491;56,3886;160,5487;500,000;2,793;148,005;83,882;-7,4879;-5,0907;0,0000;1,9292;-5,2954;4,9520;-3,8662;89,9753;63,3166;0,0000;-20,8002;65,6765;-58,3798;45,7001;24;0;93,916
6,1327;31,4425;33,0001;-41,0628;-100,2557;25,4383;56,3987;160,5408;500,000;2,655;148,104;81,811;-7,3015;-4,9597;0,0000;1,8860;-5,1595;4,8310;-3,7714;90,0057;63,1791;0,0000;-20,9844;65,5473;-58,4837;45,7711;24;0;93,961
6,1348;31,4276;32,9900;-41,0628;-100,2518;25,4278;56,4086;160,5331;500,000;2,520;148,200;79,740;-7,1151;-4,8290;0,0000;1,8423;-5,0239;4,7098;-3,6766;90,0353;63,0449;0,0000;-21,1639;65,4212;-58,5849;45,8404;24;0;94,004
6,1369;31,4130;32,9801;-41,0628;-100,2481;25,4175;56,4182;160,5256;500,000;2,389;148,293;77,669;-6,9286;-4,6986;0,0000;1,7983;-4,8885;4,5883;-3,5816;90,0641;62,9142;0,0000;-21,3388;65,2983;-58,6834;45,9080;24;0;94,047
6,1389;31,3989;32,9705;-41,0628;-100,2444;25,4075;56,4276;160,5183;500,000;2,262;148,384;75,598;-6,7420;-4,5684;0,0000;1,7539;-4,7534;4,4667;-3,4864;90,0921;62,7868;0,0000;-21,5089;65,1785;-58,7792;45,9738;24;0;94,088
6,1410;31,3851;32,9612;-41,0628;-100,2408;25,3978;56,4367;160,5112;500,000;2,138;148,473;73,526;-6,5554;-4,4385;0,0000;1,7092;-4,6185;4,3448;-3,3911;90,1193;62,6628;0,0000;-21,6745;65,0619;-58,8722;46,0379;24;0;94,129
6,1431;31,3717;32,9521;-41,0628;-100,2373;25,3884;56,4456;160,5042;500,000;2,018;148,559;71,455;-6,3687;-4,3089;0,0000;1,6641;-4,4839;4,2228;-3,2957;90,1457;62,5422;0,0000;-21,8353;64,9485;-58,9626;46,1002;24;0;94,169
6,1452;31,3587;32,9433;-41,0628;-100,2339;25,3792;56,4542;160,4975;500,000;1,901;148,642;69,384;-6,1820;-4,1794;0,0000;1,6188;-4,3495;4,1006;-3,2002;90,1834;62,4232;0,0000;-21,9942;64,7892;-59,0731;46,2307;24;0;94,208
6,1472;31,3461;32,9348;-41,0628;-100,2306;25,3704;56,4626;160,4910;500,000;1,787;148,723;67,313;-5,9951;-4,0503;0,0000;1,5730;-4,2155;3,9781;-3,1042;90,1962;62,3113;0,0000;-22,1430;64,7314;-59,1354;46,2195;24;0;94,246
6,1493;31,3339;32,9265;-41,0628;-100,2274;25,3618;56,4707;160,4847;500,000;1,677;148,802;65,243;-5,8083;-3,9213;0,0000;1,5270;-4,0814;3,8556;-3,0087;90,1960;62,2048;0,0000;-22,2844;64,7259;-59,1720;46,1368;24;0;94,283
6,1514;31,3221;32,9185;-41,0628;-100,2243;25,3535;56,4786;160,4785;500,000;1,571;148,878;63,170;-5,6215;-3,7926;0,0000;1,4807;-3,9474;3,7330;-2,9131;90,2435;62,0942;0,0000;-22,4319;64,5269;-59,2971;46,3320;24;0;94,319
6,1534;31,3106;32,9108;-41,0628;-100,2213;25,3454;56,4862;160,4726;500,000;1,468;148,952;61,099;-5,4345;-3,6641;0,0000;1,4341;-3,8141;3,6100;-2,8168;90,2877;61,9873;0,0000;-22,5743;64,3416;-59,4150;46,5108;24;0;94,354
6,1555;31,2995;32,9034;-41,0628;-100,2183;25,3377;56,4935;160,4669;500,000;1,368;149,023;59,028;-5,2475;-3,5358;0,0000;1,3872;-3,6809;3,4869;-2,7204;90,2877;61,8907;0,0000;-22,7023;64,3357;-59,4486;46,4371;24;0;94,387
6,1576;31,2889;32,8962;-41,0628;-100,2155;25,3302;56,5006;160,4613;500,000;1,272;149,091;56,958;-5,0605;-3,4077;0,0000;1,3401;-3,5476;3,3638;-2,6244;90,2895;61,7972;0,0000;-22,8262;64,3227;-59,4841;46,3762;24;0;94,420
6,1597;31,2786;32,8893;-41,0628;-100,2128;25,3230;56,5074;160,4560;500,000;1,180;149,157;54,885;-4,8735;-3,2798;0,0000;1,2927;-3,4144;3,2405;-2,5283;90,3289;61,7011;0,0000;-22,9540;64,1571;-59,5891;46,5353;24;0;94,452
6,1617;31,2687;32,8826;-41,0628;-100,2102;25,3160;56,5140;160,4508;500,000;1,091;149,221;52,815;-4,6864;-3,1522;0,0000;1,2450;-3,2818;3,1169;-2,4317;90,3651;61,6089;0,0000;-23,0766;64,0045;-59,6872;46,6789;24;0;94,483
6,1638;31,2592;32,8762;-41,0628;-100,2076;25,3094;56,5204;160,4459;500,000;1,005;149,282;50,744;-4,4992;-3,0246;0,0000;1,1971;-3,1493;2,9932;-2,3350;90,3669;61,5254;0,0000;-23,1870;63,9918;-59,7193;46,6262;24;0;94,512
6,1659;31,2500;32,8701;-41,0628;-100,2052;25,3030;56,5264;160,4412;500,000;0,923;149,341;48,673;-4,3120;-2,8973;0,0000;1,1489;-3,0167;2,8695;-2,2385;90,3766;61,4426;0,0000;-23,2966;63,9507;-59,7698;46,6174;24;0;94,541
6,1679;31,2413;32,8642;-41,0628;-100,2029;25,2969;56,5322;160,4366;500,000;0,845;149,397;46,601;-4,1248;-2,7701;0,0000;1,1006;-2,8844;2,7456;-2,1418;90,4019;61,3636;0,0000;-23,4013;63,8394;-59,8388;46,7100;24;0;94,568
6,1700;31,2330;32,8586;-41,0628;-100,2006;25,2910;56,5378;160,4323;500,000;0,770;149,450;44,531;-3,9375;-2,6431;0,0000;1,0520;-2,7523;2,6217;-2,0450;90,4178;61,2900;0,0000;-23,4985;63,7641;-59,8867;46,7538;24;0;94,594
6,1721;31,2250;32,8532;-41,0628;-100,1985;25,2855;56,5431;160,4282;500,000;0,698;149,501;42,458;-3,7503;-2,5162;0,0000;1,0032;-2,6203;2,4976;-1,9482;90,4338;61,2157;0,0000;-23,5970;63,7001;-59,9478;46,7865;24;0;94,620
6,1742;31,2174;32,8482;-41,0628;-100,1965;25,2802;56,5481;160,4242;500,000;0,630;149,550;40,388;-3,5629;-2,3895;0,0000;0,9543;-2,4884;2,3733;-1,8512;90,4448;61,1475;0,0000;-23,6870;63,6505;-59,9914;46,8001;24;0;94,644
6,1762;31,2102;32,8433;-41,0628;-100,1946;25,2752;56,5529;160,4205;500,000;0,565;149,596;38,316;-3,3756;-2,2629;0,0000;0,9051;-2,3566;2,2491;-1,7543;90,4626;61,0817;0,0000;-23,7741;63,5740;-60,0463;46,8558;24;0;94,666
6,1783;31,2034;32,8388;-41,0628;-100,1927;25,2704;56,5575;160,4170;500,000;0,504;149,640;36,245;-3,1882;-2,1365;0,0000;0,8558;-2,2251;2,1246;-1,6571;90,4842;61,0180;0,0000;-23,8584;63,4839;-60,1097;46,9339;24;0;94,688
6,1804;31,1970;32,8345;-41,0628;-100,1910;25,2659;56,5617;160,4136;500,000;0,447;149,681;34,174;-3,0008;-2,0102;0,0000;0,8063;-2,0936;2,0001;-1,5599;90,4884;60,9618;0,0000;-23,9325;63,4610;-60,1344;46,9179;24;0;94,708
6,1824;31,1910;32,8305;-41,0628;-100,1894;25,2617;56,5658;160,4105;500,000;0,393;149,719;32,103;-2,8134;-1,8840;0,0000;0,7566;-1,9622;1,8755;-1,4628;90,4961;60,9077;0,0000;-24,0039;63,4263;-60,1672;46,9224;24;0;94,728
6,1845;31,1854;32,8267;-41,0628;-100,1879;25,2578;56,5695;160,4076;500,000;0,342;149,756;30,032;-2,6259;-1,7579;0,0000;0,7069;-1,8309;1,7508;-1,3655;90,5111;60,8560;0,0000;-24,0722;63,3613;-60,2121;46,9727;24;0;94,746
6,1866;31,1801;32,8232;-41,0628;-100,1865;25,2542;56,5730;160,4048;500,000;0,295;149,789;27,961;-2,4385;-1,6319;0,0000;0,6569;-1,6997;1,6261;-1,2682;90,5214;60,8084;0,0000;-24,1350;63,3158;-60,2467;46,9983;24;0;94,762
6,1886;31,1753;32,8199;-41,0628;-100,1852;25,2508;56,5762;160,4023;500,000;0,251;149,820;25,889;-2,2510;-1,5060;0,0000;0,6069;-1,5686;1,5013;-1,1708;90,5308;60,7642;0,0000;-24,1934;63,2748;-60,2794;47,0203;24;0;94,778
6,1907;31,1708;32,8169;-41,0628;-100,1840;25,2477;56,5792;160,4000;500,000;0,211;149,849;23,819;-2,0634;-1,3802;0,0000;0,5567;-1,4376;1,3764;-1,0734;90,5396;60,7235;0,0000;-24,2470;63,2362;-60,3094;47,0418;24;0;94,792
6,1928;31,1667;32,8142;-41,0628;-100,1829;25,2448;56,5819;160,3979;500,000;0,175;149,875;21,747;-1,8759;-1,2545;0,0000;0,5064;-1,3067;1,2515;-0,9760;90,5474;60,6865;0,0000;-24,2958;63,2016;-60,3362;47,0605;24;0;94,805
6,1949;31,1630;32,8118;-41,0628;-100,1819;25,2422;56,5844;160,3960;500,000;0,141;149,899;19,676;-1,6884;-1,1288;0,0000;0,4561;-1,1758;1,1265;-0,8785;90,5547;60,6529;0,0000;-24,3401;63,1696;-60,3610;47,0785;24;0;94,817
6,1969;31,1597;32,8095;-41,0628;-100,1810;25,2399;56,5866;160,3942;500,000;0,112;149,920;17,605;-1,5008;-1,0032;0,0000;0,4056;-1,0450;1,0014;-0,7810;90,5610;60,6229;0,0000;-24,3797;63,1417;-60,3828;47,0934;24;0;94,828
6,1990;31,1568;32,8076;-41,0628;-100,1802;25,2379;56,5886;160,3927;500,000;0,086;149,939;15,534;-1,3132;-0,8777;0,0000;0,3551;-0,9143;0,8763;-0,6834;90,5668;60,5963;0,0000;-24,4147;63,1163;-60,4023;47,1078;24;0;94,837
6,2011;31,1543;32,8059;-41,0628;-100,1795;25,2362;56,5902;160,3914;500,000;0,063;149,955;13,463;-1,1256;-0,7522;0,0000;0,3045;-0,7836;0,7512;-0,5858;90,5716;60,5734;0,0000;-24,4449;63,0950;-60,4189;47,1191;24;0;94,846
6,2031;31,1522;32,8045;-41,0628;-100,1789;25,2347;56,5917;160,3903;500,000;0,044;149,969;11,391;-0,9381;-0,6268;0,0000;0,2538;-0,6529;0,6261;-0,4882;90,5759;60,5539;0,0000;-24,4705;63,0763;-60,4333;47,1298;24;0;94,853
6,2052;31,1504;32,8033;-41,0628;-100,1784;25,2335;56,5928;160,3894;500,000;0,028;149,980;9,320;-0,7505;-0,5014;0,0000;0,2031;-0,5223;0,5009;-0,3906;90,5852;60,5371;0,0000;-24,4928;63,0373;-60,4560;47,1721;24;0;94,858
6,2073;31,1490;32,8024;-41,0628;-100,1781;25,2325;56,5937;160,3887;500,000;0,016;149,989;7,249;-0,5628;-0,3760;0,0000;0,1524;-0,3918;0,3756;-0,2928;90,5819;60,5256;0,0000;-24,5078;63,0497;-60,4539;47,1443;24;0;94,863
6,2094;31,1481;32,8018;-41,0628;-100,1778;25,2318;56,5944;160,3882;500,000;0,007;149,995;5,178;-0,3752;-0,2507;0,0000;0,1016;-0,2611;0,2505;-0,1953;90,5725;60,5172;0,0000;-24,5183;63,0918;-60,4434;47,0782;24;0;94,866
6,2114;31,1475;32,8014;-41,0628;-100,1777;25,2314;56,5948;160,3879;500,000;0,002;149,999;3,106;-0,1876;-0,1253;0,0000;0,0508;-0,1304;0,1253;-0,0978;67,9401;45,3812;0,0000;-18,3970;47,2800;-45,3592;35,3626;24;0;94,868
6,2135;31,1473;32,8012;-41,0628;-100,1776;25,2313;56,5949;160,3878;500,000;0,000;150,000;1,036;-0,0938;-0,0627;0,0000;0,0254;-0,0653;0,0626;-0,0488;45,3060;30,2504;0,0000;-12,2695;31,4717;-30,2662;23,6439;24;0;94,868
