ido_s;J1_fok;J2_fok;J3_fok;J4_fok;J5_fok;J6_fok;TCP_X_mm;TCP_Y_mm;TCP_Z_mm;TCP_sebesseg_mm_s;v_J1_fok_s;v_J2_fok_s;v_J3_fok_s;v_J4_fok_s;v_J5_fok_s;v_J6_fok_s;a_J1_fok_s2;a_J2_fok_s2;a_J3_fok_s2;a_J4_fok_s2;a_J5_fok_s2;a_J6_fok_s2;mozgas_id;hibakod
0,0000;22,3868;-179,3389;89,5800;-0,2410;-90,0000;112,3868;350,000;0,000;300,000;0,000;-0,8637;-0,5768;0,0482;0,5286;0,0000;-0,8637;-90,0000;-60,1092;5,0255;55,0837;0,0000;-90,0000;6;0
0,0096;22,3785;-179,3445;89,5804;-0,2360;-90,0000;112,3785;350,033;-0,037;299,959;6,688;-1,7273;-1,1536;0,0965;1,0572;0,0000;-1,7273;-135,0000;-90,1638;7,5383;82,6255;0,0000;-135,0000;6;0
0,0192;22,3536;-179,3611;89,5818;-0,2207;-90,0000;112,3536;350,130;-0,149;299,836;20,066;-3,4547;-2,3073;0,1929;2,1144;0,0000;-3,4547;-180,0000;-120,2184;10,0510;110,1673;0,0000;-180,0000;6;0
0,0288;22,3122;-179,3887;89,5841;-0,1954;-90,0000;112,3122;350,293;-0,335;299,632;33,453;-5,1820;-3,4609;0,2894;3,1716;0,0000;-5,1820;-180,0000;-120,2184;10,0510;110,1673;0,0000;-180,0000;6;0
0,0384;22,2542;-179,4275;89,5874;-0,1599;-90,0000;112,2542;350,520;-0,597;299,345;46,855;-6,9093;-4,6146;0,3858;4,2288;0,0000;-6,9093;-180,0000;-120,2184;10,0510;110,1673;0,0000;-180,0000;6;0
0,0480;22,1796;-179,4773;89,5915;-0,1142;-90,0000;112,1796;350,811;-0,934;298,976;60,278;-8,6366;-5,7682;0,4823;5,2860;0,0000;-8,6366;-180,0000;-120,2184;10,0510;110,1673;0,0000;-180,0000;6;0
0,0576;22,0884;-179,5382;89,5966;-0,0584;-90,0000;112,0884;351,167;-1,347;298,525;73,727;-10,3640;-6,9219;0,5787;6,3432;0,0000;-10,3640;-180,0000;-120,2184;10,0510;110,1673;0,0000;-180,0000;6;0
0,0672;21,9807;-179,6102;89,6026;0,0075;-90,0000;111,9807;351,586;-1,837;297,992;87,208;-12,0913;-8,0755;0,6752;7,4004;0,0000;-12,0913;-180,0000;-120,2184;10,0510;110,1673;0,0000;-180,0000;6;0
0,0768;21,8564;-179,6932;89,6096;0,0836;-90,0000;111,8564;352,068;-2,405;297,375;100,728;-13,8186;-9,2292;0,7716;8,4576;0,0000;-13,8186;-180,0000;-120,2184;10,0510;110,1673;0,0000;-180,0000;6;0
0,0864;21,7155;-179,7873;89,6174;0,1699;-90,0000;111,7155;352,612;-3,051;296,676;114,291;-15,5460;-10,3828;0,8681;9,5148;0,0000;-15,5460;-180,0000;-120,2184;10,0510;110,1673;0,0000;-180,0000;6;0
0,0960;21,5580;-179,8925;89,6262;0,2662;-90,0000;111,5580;353,218;-3,777;295,893;127,905;-17,2733;-11,5365;0,9645;10,5720;0,0000;-17,2733;-180,0000;-120,2184;10,0510;110,1673;0,0000;-180,0000;6;0
0,1056;21,3839;-180,0087;89,6360;0,3728;-90,0000;111,3839;353,885;-4,583;295,027;141,574;-19,0006;-12,6901;1,0610;11,6292;0,0000;-19,0006;-180,0000;-120,2184;10,0510;110,1673;0,0000;-180,0000;6;0
0,1152;21,1933;-180,1360;89,6466;0,4894;-90,0000;111,1933;354,611;-5,473;294,077;155,304;-20,7279;-13,8438;1,1574;12,6863;0,0000;-20,7279;-180,0000;-120,2184;10,0510;110,1673;0,0000;-180,0000;6;0
0,1248;20,9861;-180,2744;89,6582;0,6162;-90,0000;110,9861;355,396;-6,445;293,042;169,102;-22,4553;-14,9974;1,2539;13,7435;0,0000;-22,4553;-180,0000;-120,2184;10,0510;110,1673;0,0000;-180,0000;6;0
0,1343;20,7623;-180,4239;89,6707;0,7532;-90,0000;110,7623;356,238;-7,503;291,922;182,972;-24,1826;-16,1511;1,3503;14,8007;0,0000;-24,1826;-180,0000;-120,2184;10,0510;110,1673;0,0000;-180,0000;6;0
0,1439;20,5220;-180,5844;89,6841;0,9003;-90,0000;110,5220;357,137;-8,648;290,717;196,920;-25,9099;-17,3047;1,4468;15,8579;0,0000;-25,9099;-180,0000;-120,2184;10,0510;110,1673;0,0000;-180,0000;6;0
0,1535;20,2651;-180,7560;89,6984;1,0576;-90,0000;110,2651;358,090;-9,882;289,426;210,952;-27,6373;-18,4584;1,5432;16,9151;0,0000;-27,6373;-180,0000;-120,2184;10,0510;110,1673;0,0000;-180,0000;6;0
0,1631;19,9916;-180,9387;89,7137;1,2249;-90,0000;109,9916;359,097;-11,207;288,048;225,073;-29,3646;-19,6120;1,6397;17,9723;0,0000;-29,3646;-180,0000;-120,2184;10,0510;110,1673;0,0000;-180,0000;6;0
0,1727;19,7015;-181,1324;89,7299;1,4025;-90,0000;109,7015;360,155;-12,624;286,583;239,289;-31,0919;-20,7657;1,7361;19,0295;0,0000;-31,0919;-180,0000;-120,2184;10,0510;110,1673;0,0000;-180,0000;6;0
0,1823;19,3948;-181,3372;89,7470;1,5902;-90,0000;109,3948;361,263;-14,135;285,031;253,605;-32,8192;-21,9193;1,8326;20,0867;0,0000;-32,8192;-180,0000;-120,2184;10,0510;110,1673;0,0000;-180,0000;6;0
0,1919;19,0716;-181,5531;89,7651;1,7880;-90,0000;109,0716;362,418;-15,744;283,390;268,026;-34,5466;-23,0730;1,9291;21,1439;0,0000;-34,5466;-180,0000;-120,2184;10,0510;110,1673;0,0000;-180,0000;6;0
0,2015;18,7318;-181,7800;89,7840;1,9960;-90,0000;108,7318;363,620;-17,452;281,661;282,557;-36,2739;-24,2266;2,0255;22,2011;0,0000;-36,2739;-180,0000;-120,2184;10,0510;110,1673;0,0000;-180,0000;6;0
0,2111;18,3754;-182,0180;89,8039;2,2141;-90,0000;108,3754;364,865;-19,262;279,841;297,204;-38,0012;-25,3803;2,1220;23,2583;0,0000;-38,0012;-180,0000;-120,2184;10,0510;110,1673;0,0000;-180,0000;6;0
0,2207;18,0025;-182,2671;89,8248;2,4424;-90,0000;108,0025;366,151;-21,175;277,931;311,971;-39,7286;-26,5339;2,2184;24,3155;0,0000;-39,7286;-180,0000;-120,2184;10,0510;110,1673;0,0000;-180,0000;6;0
0,2303;17,6129;-182,5273;89,8465;2,6808;-90,0000;107,6129;367,475;-23,195;275,930;326,864;-41,4559;-27,6876;2,3149;25,3727;0,0000;-41,4559;-180,0000;-120,2184;10,0510;110,1673;0,0000;-180,0000;6;0
0,2399;17,2068;-182,7985;89,8692;2,9293;-90,0000;107,2068;368,835;-25,324;273,837;341,886;-43,1832;-28,8412;2,4113;26,4299;0,0000;-43,1832;-180,0000;-120,2184;10,0510;110,1673;0,0000;-180,0000;6;0
0,2495;16,7841;-183,0808;89,8928;3,1880;-90,0000;106,7841;370,229;-27,565;271,651;357,044;-44,9106;-29,9949;2,5078;27,4871;0,0000;-44,9106;-180,0000;-120,2184;10,0510;110,1673;0,0000;-180,0000;6;0
0,2591;16,3449;-183,3742;89,9173;3,4569;-90,0000;106,3449;371,652;-29,920;269,372;372,341;-46,6379;-31,1485;2,6042;28,5443;0,0000;-46,6379;-180,0000;-120,2184;10,0510;110,1673;0,0000;-180,0000;6;0
0,2687;15,8890;-183,6787;89,9428;3,7359;-90,0000;105,8890;373,102;-32,392;266,998;387,781;-48,3652;-32,3022;2,7007;29,6015;0,0000;-48,3652;-180,0000;-120,2184;10,0510;110,1673;0,0000;-180,0000;6;0
0,2783;15,4166;-183,9942;89,9692;4,0250;-90,0000;105,4166;374,575;-34,983;264,529;403,369;-50,0925;-33,4558;2,7971;30,6587;0,0000;-50,0925;-180,0000;-120,2184;10,0510;110,1673;0,0000;-180,0000;6;0
0,2879;14,9276;-184,3208;89,9965;4,3243;-90,0000;104,9276;376,067;-37,698;261,964;419,110;-51,8199;-34,6095;2,8936;31,7159;0,0000;-51,8199;-180,0000;-120,2184;10,0510;110,1673;0,0000;-180,0000;6;0
0,2975;14,4221;-184,6584;90,0247;4,6337;-90,0000;104,4221;377,575;-40,538;259,302;435,006;-53,5472;-35,7631;2,9900;32,7731;0,0000;-53,5472;-180,0000;-120,2184;10,0510;110,1673;0,0000;-180,0000;6;0
0,3071;13,8999;-185,0071;90,0539;4,9533;-90,0000;103,8999;379,094;-43,505;256,541;451,062;-55,2745;-36,9167;3,0865;33,8303;0,0000;-55,2745;-180,0000;-120,2184;10,0510;110,1673;0,0000;-180,0000;6;0
0,3167;13,3612;-185,3669;90,0839;5,2830;-90,0000;103,3612;380,621;-46,604;253,682;467,282;-57,0019;-38,0704;3,1829;34,8875;0,0000;-57,0019;-180,0000;-120,2184;10,0510;110,1673;0,0000;-180,0000;6;0
0,3263;12,8059;-185,7378;90,1149;5,6229;-90,0000;102,8059;382,150;-49,836;250,723;483,668;-58,7292;-39,2240;3,2794;35,9447;0,0000;-58,7292;-180,0000;-120,2184;10,0510;110,1673;0,0000;-180,0000;6;0
0,3359;12,2340;-186,1197;90,1469;5,9729;-90,0000;102,2340;383,677;-53,205;247,663;500,224;-60,4565;-40,3777;3,3758;37,0019;0,0000;-60,4565;-180,0000;-120,2184;10,0510;110,1673;0,0000;-180,0000;6;0
0,3455;11,6456;-186,5128;90,1797;6,3330;-90,0000;101,6456;385,197;-56,713;244,501;516,953;-62,1838;-41,5313;3,4723;38,0590;0,0000;-62,1838;-180,0000;-120,2184;10,0510;110,1673;0,0000;-180,0000;6;0
0,3551;11,0406;-186,9168;90,2135;6,7033;-90,0000;101,0406;386,704;-60,362;241,237;533,858;-63,9112;-42,6850;3,5687;39,1162;0,0000;-63,9112;-180,0000;-120,2184;10,0510;110,1673;0,0000;-180,0000;6;0
0,3647;10,4190;-187,3320;90,2482;7,0838;-90,0000;100,4190;388,194;-64,155;237,868;550,940;-65,6385;-43,8386;3,6652;40,1734;0,0000;-65,6385;-180,0000;-120,2184;10,0510;110,1673;0,0000;-180,0000;6;0
0,3743;9,7808;-187,7582;90,2839;7,4744;-90,0000;99,7808;389,660;-68,095;234,396;568,204;-67,3658;-44,9923;3,7616;41,2306;0,0000;-67,3658;-180,0000;-120,2184;10,0510;110,1673;0,0000;-180,0000;6;0
0,3839;9,1261;-188,1955;90,3204;7,8751;-90,0000;99,1261;391,096;-72,183;230,817;585,649;-69,0932;-46,1459;3,8581;42,2878;0,0000;-69,0932;-180,0000;-120,2184;10,0510;110,1673;0,0000;-180,0000;6;0
0,3934;8,4547;-188,6439;90,3579;8,2860;-90,0000;98,4547;392,496;-76,423;227,132;603,279;-70,8205;-47,2996;3,9546;43,3450;0,0000;-70,8205;-180,0000;-120,2184;10,0510;110,1673;0,0000;-180,0000;6;0
0,4030;7,7668;-189,1033;90,3963;8,7070;-90,0000;97,7668;393,853;-80,815;223,339;621,095;-72,5478;-48,4532;4,0510;44,4022;0,0000;-72,5478;-175,0754;-116,9294;9,7761;107,1533;0,0000;-175,0754;6;0
0,4126;7,0624;-189,5738;90,4357;9,1382;-90,0000;97,0623;395,162;-85,363;219,437;639,098;-74,1806;-49,5438;4,1422;45,4016;0,0000;-74,1806;-100,3026;-66,9901;5,6008;61,3893;0,0000;-100,3026;6;0
0,4222;6,3431;-190,0542;90,4758;9,5784;-90,0000;96,3431;396,410;-90,055;215,436;655,632;-74,4729;-49,7389;4,1585;45,5804;0,0000;-74,4729;54,6211;36,4803;-3,0500;-33,4303;-0,0000;54,6211;6;0
0,4318;5,6330;-190,5284;90,5155;10,0130;-90,0000;95,6330;397,556;-94,735;211,469;650,373;-73,1323;-48,8436;4,0836;44,7600;0,0000;-73,1323;159,8483;106,7594;-8,9258;-97,8337;-0,0000;159,8483;6;0
0,4414;4,9395;-190,9916;90,5542;10,4374;-90,0000;94,9395;398,590;-99,349;207,578;638,122;-71,4050;-47,6900;3,9872;43,7028;0,0000;-71,4050;180,0000;120,2184;-10,0510;-110,1673;-0,0000;180,0000;6;0
0,4510;4,2626;-191,4437;90,5920;10,8517;-90,0000;94,2626;399,517;-103,892;203,764;625,636;-69,6777;-46,5363;3,8907;42,6456;0,0000;-69,6777;180,0000;120,2184;-10,0510;-110,1673;-0,0000;180,0000;6;0
0,4606;3,6022;-191,8848;90,6289;11,2559;-90,0000;93,6022;400,343;-108,361;200,030;612,924;-67,9503;-45,3827;3,7943;41,5884;0,0000;-67,9503;180,0000;120,2184;-10,0510;-110,1673;-0,0000;180,0000;6;0
0,4702;2,9584;-192,3147;90,6648;11,6499;-90,0000;92,9584;401,072;-112,750;196,376;599,995;-66,2230;-44,2290;3,6978;40,5312;0,0000;-66,2230;180,0000;120,2184;-10,0510;-110,1673;-0,0000;180,0000;6;0
0,4798;2,3312;-192,7336;90,6998;12,0338;-90,0000;92,3312;401,710;-117,057;192,803;586,857;-64,4957;-43,0754;3,6014;39,4740;0,0000;-64,4957;180,0000;120,2184;-10,0510;-110,1673;-0,0000;180,0000;6;0
0,4894;1,7206;-193,1415;90,7339;12,4075;-90,0000;91,7206;402,262;-121,276;189,314;573,518;-62,7683;-41,9217;3,5049;38,4168;0,0000;-62,7683;180,0000;120,2184;-10,0510;-110,1673;-0,0000;180,0000;6;0
0,4990;1,1266;-193,5382;90,7671;12,7711;-90,0000;91,1266;402,733;-125,406;185,907;559,985;-61,0410;-40,7681;3,4085;37,3596;0,0000;-61,0410;180,0000;120,2184;-10,0510;-110,1673;-0,0000;180,0000;6;0
0,5086;0,5491;-193,9239;90,7994;13,1245;-90,0000;90,5491;403,127;-129,443;182,586;546,266;-59,3137;-39,6144;3,3120;36,3024;0,0000;-59,3137;180,0000;120,2184;-10,0510;-110,1673;-0,0000;180,0000;6;0
0,5182;-0,0118;-194,2985;90,8307;13,4678;-90,0000;89,9882;403,450;-133,383;179,351;532,370;-57,5864;-38,4608;3,2156;35,2452;0,0000;-57,5863;180,0000;120,2184;-10,0510;-110,1673;-0,0000;180,0000;6;0
0,5278;-0,5562;-194,6621;90,8611;13,8010;-90,0000;89,4438;403,707;-137,225;176,202;518,302;-55,8590;-37,3071;3,1191;34,1880;0,0000;-55,8590;180,0000;120,2184;-10,0510;-110,1673;-0,0000;180,0000;6;0
0,5374;-1,0839;-195,0145;90,8905;14,1240;-90,0000;88,9161;403,901;-140,966;173,142;504,071;-54,1317;-36,1535;3,0227;33,1308;0,0000;-54,1317;180,0000;120,2184;-10,0510;-110,1673;-0,0000;180,0000;6;0
0,5470;-1,5951;-195,3559;90,9191;14,4369;-90,0000;88,4049;404,039;-144,603;170,169;489,684;-52,4044;-34,9998;2,9262;32,0736;0,0000;-52,4044;180,0000;120,2184;-10,0510;-110,1673;-0,0000;180,0000;6;0
0,5566;-2,0897;-195,6863;90,9467;14,7396;-90,0000;87,9103;404,125;-148,134;167,286;475,146;-50,6770;-33,8462;2,8298;31,0164;0,0000;-50,6770;180,0000;120,2184;-10,0510;-110,1673;-0,0000;180,0000;6;0
0,5662;-2,5677;-196,0055;90,9734;15,0321;-90,0000;87,4323;404,162;-151,559;164,494;460,466;-48,9497;-32,6925;2,7333;29,9592;0,0000;-48,9497;180,0000;120,2184;-10,0510;-110,1673;-0,0000;180,0000;6;0
0,5758;-3,0291;-196,3137;90,9992;15,3146;-90,0000;86,9709;404,156;-154,874;161,792;445,648;-47,2224;-31,5389;2,6369;28,9020;0,0000;-47,2224;180,0000;120,2184;-10,0510;-110,1673;-0,0000;180,0000;6;0
0,5854;-3,4740;-196,6108;91,0240;15,5868;-90,0000;86,5260;404,111;-158,078;159,182;430,701;-45,4950;-30,3852;2,5404;27,8448;0,0000;-45,4950;180,0000;120,2184;-10,0510;-110,1673;-0,0000;180,0000;6;0
0,5950;-3,9023;-196,8969;91,0479;15,8490;-90,0000;86,0977;404,032;-161,170;156,664;415,629;-43,7677;-29,2316;2,4440;26,7876;0,0000;-43,7677;180,0000;120,2184;-10,0510;-110,1673;-0,0000;180,0000;6;0
0,6046;-4,3140;-197,1719;91,0709;16,1010;-90,0000;85,6860;403,921;-164,149;154,239;400,440;-42,0404;-28,0779;2,3475;25,7304;0,0000;-42,0404;180,0000;120,2184;-10,0510;-110,1673;-0,0000;180,0000;6;0
0,6142;-4,7092;-197,4358;91,0930;16,3428;-90,0000;85,2908;403,783;-167,014;151,908;385,138;-40,3131;-26,9243;2,2510;24,6732;0,0000;-40,3131;180,0000;120,2184;-10,0510;-110,1673;-0,0000;180,0000;6;0
0,6238;-5,0877;-197,6886;91,1141;16,5745;-90,0000;84,9123;403,622;-169,763;149,670;369,729;-38,5857;-25,7706;2,1546;23,6160;0,0000;-38,5857;180,0000;120,2184;-10,0510;-110,1673;-0,0000;180,0000;6;0
0,6334;-5,4497;-197,9304;91,1343;16,7961;-90,0000;84,5503;403,442;-172,395;147,527;354,220;-36,8584;-24,6170;2,0581;22,5588;0,0000;-36,8584;180,0000;120,2184;-10,0510;-110,1673;-0,0000;180,0000;6;0
0,6430;-5,7951;-198,1611;91,1536;17,0075;-90,0000;84,2049;403,245;-174,910;145,480;338,615;-35,1311;-23,4633;1,9617;21,5017;0,0000;-35,1311;180,0000;120,2184;-10,0510;-110,1673;-0,0000;180,0000;6;0
0,6525;-6,1240;-198,3807;91,1720;17,2087;-90,0000;83,8760;403,036;-177,308;143,527;322,920;-33,4037;-22,3097;1,8652;20,4445;0,0000;-33,4037;180,0000;120,2184;-10,0510;-110,1673;-0,0000;180,0000;6;0
0,6621;-6,4363;-198,5893;91,1894;17,3999;-90,0000;83,5637;402,817;-179,587;141,671;307,141;-31,6764;-21,1560;1,7688;19,3873;0,0000;-31,6764;180,0000;120,2184;-10,0510;-110,1673;-0,0000;180,0000;6;0
0,6717;-6,7319;-198,7867;91,2059;17,5808;-90,0000;83,2681;402,593;-181,747;139,911;291,281;-29,9491;-20,0024;1,6723;18,3301;0,0000;-29,9491;180,0000;120,2184;-10,0510;-110,1673;-0,0000;180,0000;6;0
0,6813;-7,0110;-198,9732;91,2215;17,7517;-90,0000;82,9890;402,364;-183,787;138,248;275,346;-28,2218;-18,8487;1,5759;17,2729;0,0000;-28,2218;180,0000;120,2184;-10,0510;-110,1673;-0,0000;180,0000;6;0
0,6909;-7,2736;-199,1485;91,2362;17,9123;-90,0000;82,7264;402,135;-185,708;136,682;259,342;-26,4944;-17,6951;1,4794;16,2157;0,0000;-26,4944;180,0000;120,2184;-10,0510;-110,1673;-0,0000;180,0000;6;0
0,7005;-7,5195;-199,3128;91,2499;18,0629;-90,0000;82,4805;401,908;-187,508;135,213;243,271;-24,7671;-16,5415;1,3830;15,1585;0,0000;-24,7671;180,0000;120,2184;-10,0510;-110,1673;-0,0000;180,0000;6;0
0,7101;-7,7489;-199,4660;91,2627;18,2033;-90,0000;82,2511;401,685;-189,188;133,842;227,141;-23,0398;-15,3878;1,2865;14,1013;0,0000;-23,0398;180,0000;120,2184;-10,0510;-110,1673;-0,0000;180,0000;6;0
0,7197;-7,9617;-199,6081;91,2746;18,3335;-90,0000;82,0383;401,469;-190,747;132,569;210,953;-21,3124;-14,2342;1,1901;13,0441;0,0000;-21,3124;180,0000;120,2184;-10,0510;-110,1673;-0,0000;180,0000;6;0
0,7293;-8,1580;-199,7392;91,2855;18,4536;-90,0000;81,8420;401,262;-192,185;131,394;194,714;-19,5851;-13,0805;1,0936;11,9869;0,0000;-19,5851;180,0000;120,2184;-10,0510;-110,1673;-0,0000;180,0000;6;0
0,7389;-8,3376;-199,8591;91,2956;18,5636;-90,0000;81,6624;401,065;-193,502;130,318;178,428;-17,8578;-11,9269;0,9972;10,9297;0,0000;-17,8578;180,0000;120,2184;-10,0510;-110,1673;-0,0000;180,0000;6;0
0,7485;-8,5007;-199,9681;91,3047;18,6634;-90,0000;81,4993;400,881;-194,698;129,340;162,098;-16,1305;-10,7732;0,9007;9,8725;0,0000;-16,1305;180,0000;120,2184;-10,0510;-110,1673;-0,0000;180,0000;6;0
0,7581;-8,6472;-200,0659;91,3129;18,7530;-90,0000;81,3528;400,711;-195,772;128,461;145,730;-14,4031;-9,6196;0,8043;8,8153;0,0000;-14,4031;180,0000;120,2184;-10,0510;-110,1673;-0,0000;180,0000;6;0
0,7677;-8,7771;-200,1527;91,3201;18,8326;-90,0000;81,2229;400,556;-196,725;127,682;129,327;-12,6758;-8,4659;0,7078;7,7581;0,0000;-12,6758;180,0000;120,2184;-10,0510;-110,1673;-0,0000;180,0000;6;0
0,7773;-8,8905;-200,2284;91,3265;18,9019;-90,0000;81,1095;400,419;-197,557;127,001;112,893;-10,9485;-7,3123;0,6114;6,7009;0,0000;-10,9485;180,0000;120,2184;-10,0510;-110,1673;-0,0000;180,0000;6;0
0,7869;-8,9873;-200,2930;91,3319;18,9612;-90,0000;81,0127;400,299;-198,267;126,420;96,432;-9,2211;-6,1586;0,5149;5,6437;0,0000;-9,2211;180,0000;120,2184;-10,0510;-110,1673;-0,0000;180,0000;6;0
0,7965;-9,0675;-200,3466;91,3363;19,0103;-90,0000;80,9325;400,199;-198,855;125,938;79,948;-7,4938;-5,0050;0,4184;4,5865;0,0000;-7,4938;180,0000;120,2184;-10,0510;-110,1673;-0,0000;180,0000;6;0
0,8061;-9,1311;-200,3891;91,3399;19,0492;-90,0000;80,8689;400,118;-199,322;125,555;63,446;-5,7665;-3,8513;0,3220;3,5293;0,0000;-5,7665;180,0000;120,2184;-10,0510;-110,1673;-0,0000;180,0000;6;0
0,8157;-9,1781;-200,4205;91,3425;19,0780;-90,0000;80,8219;400,058;-199,667;125,272;46,929;-4,0392;-2,6977;0,2255;2,4721;0,0000;-4,0392;180,0000;120,2184;-10,0510;-110,1673;-0,0000;180,0000;6;0
0,8253;-9,2086;-200,4409;91,3442;19,0967;-90,0000;80,7914;400,019;-199,891;125,089;30,401;-2,3118;-1,5440;0,1291;1,4149;0,0000;-2,3118;170,1508;108,0626;-6,1582;-101,9043;-0,0000;170,1508;6;0
0,8349;-9,2225;-200,4501;91,3450;19,1052;-90,0000;80,7775;400,001;-199,993;125,006;13,865;-0,7735;-0,6237;0,1074;0,5163;0,0000;-0,7735;117,8780;43,5478;14,4974;-58,0451;-0,0000;117,8780;6;0
0,8445;-9,2235;-200,4528;91,3463;19,1066;-90,0000;80,7765;400,000;-200,000;124,984;2,391;-0,0494;-0,7082;0,4073;0,3009;0,0000;-0,0494;40,3035;-52,1921;45,1310;7,0615;-0,0002;40,3035;7;0
0,8541;-9,2235;-200,4637;91,3528;19,1109;-90,0000;80,7765;400,000;-200,000;124,898;8,918;-0,0000;-1,6254;0,9735;0,6519;-0,0000;-0,0000;2,5763;-98,7476;59,9702;38,7779;-0,0002;2,5763;7;0
0,8637;-9,2235;-200,4840;91,3650;19,1191;-90,0000;80,7765;400,000;-200,000;124,739;16,595;-0,0000;-2,6034;1,5583;1,0451;-0,0000;-0,0000;0,0001;-101,9139;60,8580;41,0555;0,0002;0,0001;7;0
0,8733;-9,2235;-200,5137;91,3827;19,1310;-90,0000;80,7765;400,000;-200,000;124,506;24,272;0,0000;-3,5814;2,1416;1,4398;-0,0000;0,0000;0,0001;-101,8941;60,6672;41,2265;0,0002;0,0001;7;0
0,8829;-9,2235;-200,5528;91,4061;19,1467;-90,0000;80,7765;400,000;-200,000;124,200;31,949;0,0000;-4,5591;2,7227;1,8364;-0,0000;0,0000;0,0000;-101,8679;60,4161;41,4519;-0,0000;0,0000;7;0
0,8925;-9,2235;-200,6012;91,4350;19,1662;-90,0000;80,7765;400,000;-200,000;123,819;39,626;0,0000;-5,5365;3,3011;2,2354;-0,0000;0,0000;0,0000;-101,8355;60,1046;41,7308;-0,0000;0,0000;7;0
0,9020;-9,2235;-200,6590;91,4694;19,1896;-90,0000;80,7765;400,000;-200,000;123,365;47,303;0,0000;-6,5135;3,8762;2,6373;-0,0000;0,0000;0,0000;-101,7966;59,7329;42,0637;-0,0000;0,0000;7;0
0,9116;-9,2235;-200,7262;91,5094;19,2169;-90,0000;80,7765;400,000;-200,000;122,838;54,980;0,0000;-7,4902;4,4475;3,0427;-0,0000;0,0000;0,0000;-101,7513;59,3010;42,4503;-0,0000;0,0000;7;0
0,9212;-9,2235;-200,8028;91,5548;19,2480;-90,0000;80,7765;400,000;-200,000;122,236;62,657;0,0000;-8,4664;5,0144;3,4520;-0,0000;0,0000;0,0000;-101,6994;58,8089;42,8905;-0,0000;0,0000;7;0
0,9308;-9,2235;-200,8887;91,6056;19,2831;-90,0000;80,7765;400,000;-200,000;121,562;70,334;0,0000;-9,4421;5,5762;3,8659;-0,0000;0,0000;0,0000;-101,6409;58,2566;43,3843;-0,0000;0,0000;7;0
0,9404;-9,2235;-200,9840;91,6618;19,3222;-90,0000;80,7765;400,000;-200,000;120,813;78,011;0,0000;-10,4172;6,1325;4,2847;-0,0000;0,0000;0,0000;-101,5758;57,6442;43,9315;-0,0000;0,0000;7;0
0,9500;-9,2235;-201,0886;91,7233;19,3653;-90,0000;80,7765;400,000;-200,000;119,991;85,688;0,0000;-11,3916;6,6825;4,7090;-0,0000;0,0000;0,0000;-101,5037;56,9718;44,5319;0,0000;0,0000;7;0
0,9596;-9,2235;-201,2026;91,7901;19,4126;-90,0000;80,7765;400,000;-200,000;119,095;93,365;0,0000;-12,3653;7,2259;5,1394;0,0000;0,0000;0,0000;-101,4248;56,2394;45,1854;0,0000;0,0000;7;0
0,9692;-9,2235;-201,3260;91,8620;19,4640;-90,0000;80,7765;400,000;-200,000;118,125;101,042;0,0000;-13,3382;7,7619;5,5762;0,0000;0,0000;0,0000;-101,3387;55,4470;45,8916;-0,0000;0,0000;7;0
0,9788;-9,2235;-201,4586;91,9390;19,5196;-90,0000;80,7765;400,000;-200,000;117,082;108,719;0,0000;-14,3102;8,2901;6,0201;-0,0000;0,0000;0,0000;-101,2453;54,5948;46,6505;-0,0000;0,0000;7;0
0,9884;-9,2235;-201,6006;92,0211;19,5795;-90,0000;80,7765;400,000;-200,000;115,965;116,396;0,0000;-15,2813;8,8097;6,4716;-0,0000;0,0000;0,0000;-101,1445;53,6827;47,4618;-0,0000;0,0000;7;0
0,9980;-9,2235;-201,7519;92,1081;19,6438;-90,0000;80,7765;400,000;-200,000;114,774;124,073;0,0000;-16,2514;9,3204;6,9311;-0,0000;0,0000;0,0000;-101,0359;52,7107;48,3252;-0,0000;0,0000;7;0
1,0076;-9,2235;-201,9125;92,2000;19,7125;-90,0000;80,7765;400,000;-200,000;113,510;131,750;0,0000;-17,2205;9,8214;7,3991;-0,0000;0,0000;0,0000;-100,9194;51,6790;49,2404;-0,0000;0,0000;7;0
1,0172;-9,2235;-202,0824;92,2966;19,7858;-90,0000;80,7765;400,000;-200,000;112,172;139,427;0,0000;-18,1883;10,3122;7,8761;-0,0000;0,0000;0,0000;-100,7946;50,5875;50,2071;-0,0000;0,0000;7;0
1,0268;-9,2235;-202,2616;92,3979;19,8637;-90,0000;80,7765;400,000;-200,000;110,760;147,104;0,0000;-19,1550;10,7923;8,3627;-0,0000;0,0000;0,0000;-100,6613;49,4363;51,2250;-0,0000;0,0000;7;0
1,0364;-9,2235;-202,4500;92,5037;19,9463;-90,0000;80,7765;400,000;-200,000;109,275;154,781;0,0000;-20,1203;11,2610;8,8592;-0,0000;0,0000;0,0000;-100,5191;48,2253;52,2938;-0,0000;0,0000;7;0
1,0460;-9,2235;-202,6478;92,6140;20,0337;-90,0000;80,7765;400,000;-200,000;107,716;162,458;0,0000;-21,0842;11,7179;9,3663;-0,0000;0,0000;0,0000;-100,3676;46,9546;53,4130;-0,0000;0,0000;7;0
1,0556;-9,2235;-202,8547;92,7286;20,1261;-90,0000;80,7765;400,000;-200,000;106,083;170,135;0,0000;-22,0466;12,1622;9,8844;-0,0000;0,0000;0,0000;-100,2063;45,6242;54,5821;-0,0000;0,0000;7;0
1,0652;-9,2235;-203,0709;92,8474;20,2234;-90,0000;80,7765;400,000;-200,000;104,377;177,812;0,0000;-23,0074;12,5935;10,4139;-0,0000;0,0000;0,0000;-100,0349;44,2340;55,8009;-0,0000;0,0000;7;0
1,0748;-9,2235;-203,2963;92,9703;20,3259;-90,0000;80,7765;400,000;-200,000;102,597;185,489;0,0000;-23,9665;13,0112;10,9553;-0,0000;0,0000;0,0000;-99,8527;42,7840;57,0687;-0,0000;0,0000;7;0
1,0844;-9,2235;-203,5309;93,0972;20,4337;-90,0000;80,7765;400,000;-200,000;100,743;193,166;0,0000;-24,9238;13,4146;11,5092;-0,0000;0,0000;0,0000;-99,6593;41,2742;58,3851;-0,0000;0,0000;7;0
1,0940;-9,2235;-203,7746;93,2278;20,5468;-90,0000;80,7765;400,000;-200,000;98,816;200,843;0,0000;-25,8792;13,8033;12,0759;-0,0000;0,0000;0,0000;-99,4539;39,7044;59,7495;0,0000;0,0000;7;0
1,1036;-9,2235;-204,0276;93,3621;20,6655;-90,0000;80,7765;400,000;-200,000;96,815;208,520;0,0000;-26,8326;14,1767;12,6559;0,0000;0,0000;0,0000;-99,2359;38,0746;61,1613;0,0000;0,0000;7;0
1,1132;-9,2235;-204,2896;93,4999;20,7897;-90,0000;80,7765;400,000;-200,000;94,740;216,197;0,0000;-27,7838;14,5341;13,2497;0,0000;0,0000;0,0000;-99,0045;36,3847;62,6198;-0,0000;0,0000;7;0
1,1228;-9,2235;-204,5608;93,6410;20,9198;-90,0000;80,7765;400,000;-200,000;92,592;223,874;0,0000;-28,7327;14,8750;13,8578;-0,0000;0,0000;0,0000;-98,7590;34,6346;64,1244;-0,0000;0,0000;7;0
1,1324;-9,2235;-204,8411;93,7854;21,0557;-90,0000;80,7765;400,000;-200,000;90,370;231,551;0,0000;-29,6793;15,1988;14,4804;0,0000;0,0000;0,0000;-98,4984;32,8241;65,6743;0,0000;0,0000;7;0
1,1420;-9,2235;-205,1304;93,9327;21,1977;-90,0000;80,7765;400,000;-200,000;88,074;239,228;0,0000;-30,6232;15,5050;15,1182;0,0000;0,0000;0,0000;-98,2217;30,9530;67,2687;-0,0000;0,0000;7;0
1,1516;-9,2235;-205,4288;94,0829;21,3459;-90,0000;80,7765;400,000;-200,000;85,705;246,905;0,0000;-31,5644;15,7929;15,7715;-0,0000;0,0000;0,0000;-97,9280;29,0213;68,9068;-0,0000;0,0000;7;0
1,1611;-9,2235;-205,7362;94,2358;21,5004;-90,0000;80,7765;400,000;-200,000;83,262;254,582;0,0000;-32,5027;16,0620;16,4407;-0,0000;0,0000;0,0000;-97,6162;27,0286;70,5876;0,0000;0,0000;7;0
1,1707;-9,2235;-206,0526;94,3912;21,6614;-90,0000;80,7765;400,000;-200,000;80,745;262,259;0,0000;-33,4379;16,3116;17,1263;-0,0000;0,0000;0,0000;-97,2849;24,9748;72,3102;-0,0000;0,0000;7;0
1,1803;-9,2235;-206,3780;94,5489;21,8291;-90,0000;80,7765;400,000;-200,000;78,155;269,936;0,0000;-34,3698;16,5413;17,8285;-0,0000;0,0000;0,0000;-80,1325;15,0009;65,1316;-0,0000;0,0000;7;0
1,1899;-9,2235;-206,7123;94,7087;22,0036;-90,0000;80,7765;400,000;-200,000;75,491;277,613;0,0000;-34,9758;16,5995;18,3763;-0,0000;0,0000;0,0000;-13,7537;-17,4813;31,2351;0,0000;0,0000;7;0
1,1995;-9,2235;-207,0493;94,8675;22,1818;-90,0000;80,7765;400,000;-200,000;72,802;280,143;0,0000;-34,6338;16,2058;18,4280;-0,0000;0,0000;-0,0000;68,9106;-56,0380;-12,8726;0,0000;-0,0000;7;0
1,2091;-9,2235;-207,3770;95,0197;22,3573;-90,0000;80,7765;400,000;-200,000;70,185;272,718;0,0000;-33,6533;15,5240;18,1292;-0,0000;0,0000;-0,0000;102,8836;-70,3852;-32,4984;0,0000;-0,0000;7;0
1,2187;-9,2235;-207,6951;95,1654;22,5297;-90,0000;80,7765;400,000;-200,000;67,642;265,041;0,0000;-32,6592;14,8549;17,8043;-0,0000;0,0000;-0,0000;103,4709;-68,7065;-34,7644;0,0000;-0,0000;7;0
1,2283;-9,2235;-208,0038;95,3048;22,6990;-90,0000;80,7765;400,000;-200,000;65,172;257,364;0,0000;-31,6674;14,2054;17,4620;-0,0000;0,0000;-0,0000;103,2338;-66,6968;-36,5370;0,0000;-0,0000;7;0
1,2379;-9,2235;-208,3029;95,4381;22,8649;-90,0000;80,7765;400,000;-200,000;62,776;249,687;0,0000;-30,6779;13,5748;17,1030;-0,0000;0,0000;-0,0000;102,9960;-64,7466;-38,2494;0,0000;-0,0000;7;0
1,2475;-9,2235;-208,5926;95,5654;23,0272;-90,0000;80,7765;400,000;-200,000;60,454;242,010;0,0000;-29,6906;12,9627;16,7279;-0,0000;0,0000;-0,0000;102,7579;-62,8560;-39,9019;0,0000;-0,0000;7;0
1,2571;-9,2235;-208,8728;95,6869;23,1859;-90,0000;80,7765;400,000;-200,000;58,205;234,333;0,0000;-28,7057;12,3685;16,3372;-0,0000;0,0000;-0,0000;102,5199;-61,0247;-41,4951;0,0000;-0,0000;7;0
1,2667;-9,2235;-209,1435;95,8027;23,3408;-90,0000;80,7765;400,000;-200,000;56,030;226,656;0,0000;-27,7230;11,7915;15,9315;-0,0000;0,0000;-0,0000;102,2824;-59,2529;-43,0295;-0,0000;-0,0000;7;0
1,2763;-9,2235;-209,4048;95,9132;23,4917;-90,0000;80,7765;400,000;-200,000;53,928;218,979;0,0000;-26,7426;11,2312;15,5114;-0,0000;0,0000;-0,0000;102,0460;-57,5404;-44,5056;0,0000;-0,0000;7;0
1,2859;-9,2235;-209,6568;96,0183;23,6385;-90,0000;80,7765;400,000;-200,000;51,901;211,302;0,0000;-25,7645;10,6871;15,0774;-0,0000;0,0000;-0,0000;101,8111;-55,8872;-45,9239;0,0000;-0,0000;7;0
1,2955;-9,2235;-209,8993;96,1183;23,7810;-90,0000;80,7765;400,000;-200,000;49,947;203,625;0,0000;-24,7886;10,1586;14,6300;-0,0000;0,0000;0,0000;101,5784;-54,2935;-47,2849;0,0000;0,0000;7;0
1,3051;-9,2235;-210,1325;96,2133;23,9193;-90,0000;80,7765;400,000;-200,000;48,066;195,948;0,0000;-23,8149;9,6451;14,1698;0,0000;0,0000;0,0000;101,3483;-52,7591;-48,5892;0,0000;0,0000;7;0
1,3147;-9,2235;-210,3564;96,3034;24,0530;-90,0000;80,7765;400,000;-200,000;46,260;188,271;0,0000;-22,8435;9,1460;13,6974;0,0000;0,0000;-0,0000;101,1215;-51,2842;-49,8373;-0,0000;-0,0000;7;0
1,3243;-9,2235;-210,5709;96,3888;24,1821;-90,0000;80,7765;400,000;-200,000;44,527;180,594;0,0000;-21,8742;8,6608;13,2133;-0,0000;0,0000;-0,0000;100,8984;-49,8688;-51,0296;-0,0000;-0,0000;7;0
1,3339;-9,2235;-210,7762;96,4696;24,3066;-90,0000;80,7765;400,000;-200,000;42,867;172,917;0,0000;-20,9070;8,1889;12,7180;-0,0000;0,0000;-0,0000;100,6797;-48,5129;-52,1667;0,0000;-0,0000;7;0
1,3435;-9,2235;-210,9722;96,5460;24,4262;-90,0000;80,7765;400,000;-200,000;41,281;165,240;0,0000;-19,9419;7,7297;12,2121;0,0000;0,0000;-0,0000;100,4659;-47,2167;-53,2492;0,0000;-0,0000;7;0
1,3531;-9,2235;-211,1589;96,6180;24,5410;-90,0000;80,7765;400,000;-200,000;39,769;157,563;0,0000;-18,9788;7,2827;11,6961;0,0000;0,0000;-0,0000;100,2576;-45,9801;-54,2775;-0,0000;-0,0000;7;0
1,3627;-9,2235;-211,3365;96,6857;24,6507;-90,0000;80,7765;400,000;-200,000;38,331;149,886;0,0000;-18,0177;6,8473;11,1704;-0,0000;0,0000;-0,0000;100,0554;-44,8032;-55,2521;-0,0000;-0,0000;7;0
1,3723;-9,2235;-211,5047;96,7494;24,7554;-90,0000;80,7765;400,000;-200,000;36,966;142,209;0,0000;-17,0585;6,4228;10,6356;-0,0000;0,0000;-0,0000;99,8598;-43,6862;-56,1736;0,0000;-0,0000;7;0
1,3819;-9,2235;-211,6638;96,8090;24,8548;-90,0000;80,7765;400,000;-200,000;35,675;134,532;0,0000;-16,1011;6,0088;10,0923;-0,0000;0,0000;-0,0000;99,6713;-42,6290;-57,0423;0,0000;-0,0000;7;0
1,3915;-9,2235;-211,8138;96,8647;24,9491;-90,0000;80,7765;400,000;-200,000;34,458;126,855;0,0000;-15,1455;5,6047;9,5408;-0,0000;0,0000;-0,0000;99,4905;-41,6317;-57,8588;0,0000;-0,0000;7;0
1,4011;-9,2235;-211,9545;96,9166;25,0380;-90,0000;80,7765;400,000;-200,000;33,314;119,178;0,0000;-14,1916;5,2098;8,9818;-0,0000;0,0000;-0,0000;99,3179;-40,6944;-58,6235;-0,0000;-0,0000;7;0
1,4107;-9,2235;-212,0861;96,9647;25,1214;-90,0000;80,7765;400,000;-200,000;32,244;111,501;0,0000;-13,2394;4,8236;8,4157;-0,0000;0,0000;-0,0000;99,1540;-39,8172;-59,3369;-0,0000;-0,0000;7;0
1,4202;-9,2235;-212,2086;97,0092;25,1995;-90,0000;80,7765;400,000;-200,000;31,248;103,824;0,0000;-12,2886;4,4456;7,8430;-0,0000;0,0000;-0,0000;98,9992;-39,0000;-59,9992;0,0000;-0,0000;7;0
1,4298;-9,2235;-212,3220;97,0500;25,2720;-90,0000;80,7765;400,000;-200,000;30,325;96,147;0,0000;-11,3393;4,0751;7,2642;-0,0000;0,0000;-0,0000;98,8540;-38,2431;-60,6109;0,0000;-0,0000;7;0
1,4394;-9,2235;-212,4263;97,0874;25,3389;-90,0000;80,7765;400,000;-200,000;29,477;88,470;0,0000;-10,3914;3,7116;6,6797;-0,0000;0,0000;-0,0000;98,7188;-37,5464;-61,1725;0,0000;-0,0000;7;0
1,4490;-9,2235;-212,5214;97,1213;25,4002;-90,0000;80,7765;400,000;-200,000;28,701;80,793;0,0000;-9,4446;3,3545;6,0901;-0,0000;0,0000;-0,0000;98,5940;-36,9099;-61,6841;0,0000;-0,0000;7;0
1,4586;-9,2235;-212,6075;97,1517;25,4558;-90,0000;80,7765;400,000;-200,000;28,000;73,116;0,0000;-8,4991;3,0032;5,4958;-0,0000;0,0000;-0,0000;98,4799;-36,3338;-62,1461;0,0000;-0,0000;7;0
1,4682;-9,2235;-212,6845;97,1789;25,5057;-90,0000;80,7765;400,000;-200,000;27,372;65,439;0,0000;-7,5546;2,6572;4,8974;0,0000;0,0000;-0,0000;98,3769;-35,8181;-62,5588;0,0000;-0,0000;7;0
1,4778;-9,2235;-212,7525;97,2027;25,5498;-90,0000;80,7765;400,000;-200,000;26,817;57,762;0,0000;-6,6110;2,3158;4,2952;0,0000;0,0000;-0,0000;98,2853;-35,3628;-62,9225;-0,0000;-0,0000;7;0
1,4874;-9,2235;-212,8114;97,2233;25,5881;-90,0000;80,7765;400,000;-200,000;26,337;50,085;0,0000;-5,6682;1,9785;3,6897;0,0000;0,0000;-0,0000;98,2053;-34,9679;-63,2374;-0,0000;-0,0000;7;0
1,4970;-9,2235;-212,8613;97,2407;25,6206;-90,0000;80,7765;400,000;-200,000;25,930;42,407;0,0000;-4,7262;1,6447;3,0815;0,0000;0,0000;-0,0000;98,1371;-34,6335;-63,5037;-0,0000;-0,0000;7;0
1,5066;-9,2235;-212,9021;97,2549;25,6472;-90,0000;80,7765;400,000;-200,000;25,596;34,730;0,0000;-3,7847;1,3138;2,4709;-0,0000;0,0000;-0,0000;98,0810;-34,3596;-63,7215;-0,0000;-0,0000;7;0
1,5162;-9,2235;-212,9339;97,2659;25,6680;-90,0000;80,7765;400,000;-200,000;25,337;27,053;0,0000;-2,8437;0,9852;1,8585;-0,0000;0,0000;-0,0000;98,0372;-34,1462;-63,8910;0,0000;-0,0000;7;0
1,5258;-9,2235;-212,9567;97,2738;25,6829;-90,0000;80,7765;400,000;-200,000;25,151;19,376;0,0000;-1,9031;0,6584;1,2447;-0,0000;0,0000;-0,0000;98,0057;-33,9933;-64,0124;0,0000;-0,0000;7;0
1,5354;-9,2235;-212,9705;97,2786;25,6919;-90,0000;80,7765;400,000;-200,000;25,039;11,699;0,0000;-0,9628;0,3328;0,6300;-0,0000;0,0000;-0,0000;86,3192;-29,8696;-56,4496;-0,0000;-0,0000;7;0
1,5450;-9,2235;-212,9752;97,2802;25,6950;-90,0000;80,7765;400,000;-200,000;25,000;4,022;-0,0000;-0,2464;0,0852;0,1613;-0,0000;-0,0000;-0,0000;50,1566;-17,3381;-32,8185;-0,0000;-0,0000;7;0
1,5546;-9,2235;-212,9752;97,2802;25,6950;-90,0000;80,7765;400,000;-200,000;25,000;0,002;-0,0000;-0,0001;0,0000;0,0001;-0,0000;-0,0000;0,0000;12,8409;-4,4370;-8,4039;0,0000;0,0000;8;0
1,5642;-9,2235;-212,9752;97,2802;25,6950;-90,0000;80,7765;400,000;-200,000;25,000;0,000;0,0000;0,0000;0,0000;-0,0000;0,0000;0,0000;0,0000;0,0070;-0,0024;-0,0046;0,0000;0,0000;8;0
1,5738;-9,2235;-212,9752;97,2802;25,6950;-90,0000;80,7765;400,000;-200,000;25,000;0,000;-0,0000;-0,0000;0,0000;0,0000;0,0000;0,0000;0,0000;0,0000;0,0000;-0,0000;0,0000;0,0000;8;0
1,5834;-9,2235;-212,9752;97,2802;25,6950;-90,0000;80,7765;400,000;-200,000;25,000;0,000;0,0000;0,0000;0,0000;-0,0000;0,0000;0,0000;0,0000;0,0000;0,0000;-0,0000;0,0000;0,0000;8;0
1,5930;-9,2235;-212,9752;97,2802;25,6950;-90,0000;80,7765;400,000;-200,000;25,000;0,000;-0,0000;-0,0000;0,0000;0,0000;0,0000;0,0000;0,0000;0,0000;0,0000;-0,0000;0,0000;0,0000;8;0
1,6026;-9,2235;-212,9752;97,2802;25,6950;-90,0000;80,7765;400,000;-200,000;25,000;0,000;0,0000;0,0000;0,0000;-0,0000;0,0000;0,0000;0,0000;0,0000;0,0000;-0,0000;0,0000;0,0000;8;0
1,6122;-9,2235;-212,9752;97,2802;25,6950;-90,0000;80,7765;400,000;-200,000;25,000;0,000;-0,0000;-0,0000;0,0000;0,0000;0,0000;0,0000;0,0000;0,0000;0,0000;-0,0000;0,0000;0,0000;8;0
1,6218;-9,2235;-212,9752;97,2802;25,6950;-90,0000;80,7765;400,000;-200,000;25,000;0,000;0,0000;0,0000;0,0000;-0,0000;0,0000;0,0000;0,0000;0,0000;0,0000;-0,0000;0,0000;0,0000;8;0
1,6314;-9,2235;-212,9752;97,2802;25,6950;-90,0000;80,7765;400,000;-200,000;25,000;0,000;0,0000;0,0000;0,0000;0,0000;0,0000;0,0000;-0,0000;-0,0000;0,0000;0,0000;0,0000;0,0000;8;0
1,6410;-9,2235;-212,9752;97,2802;25,6950;-90,0000;80,7765;400,000;-200,000;25,000;0,000;-0,0000;-0,0000;0,0000;0,0000;0,0000;0,0000;0,0000;0,0000;0,0000;-0,0000;0,0000;0,0000;8;0
1,6506;-9,2235;-212,9752;97,2802;25,6950;-90,0000;80,7765;400,000;-200,000;25,000;0,000;0,0000;0,0000;0,0000;-0,0000;0,0000;0,0000;0,0000;0,0000;0,0000;-0,0000;0,0000;0,0000;8;0
1,6602;-9,2235;-212,9752;97,2802;25,6950;-90,0000;80,7765;400,000;-200,000;25,000;0,000;-0,0000;-0,0000;0,0000;0,0000;0,0000;0,0000;0,0000;0,0000;0,0000;-0,0000;0,0000;0,0000;8;0
1,6698;-9,2235;-212,9752;97,2802;25,6950;-90,0000;80,7765;400,000;-200,000;25,000;0,000;0,0000;0,0000;0,0000;-0,0000;0,0000;0,0000;0,0000;0,0000;0,0000;-0,0000;0,0000;0,0000;8;0
1,6793;-9,2235;-212,9752;97,2802;25,6950;-90,0000;80,7765;400,000;-200,000;25,000;0,000;-0,0000;-0,0000;0,0000;0,0000;0,0000;0,0000;0,0000;0,0000;0,0000;-0,0000;0,0000;0,0000;8;0
1,6889;-9,2235;-212,9752;97,2802;25,6950;-90,0000;80,7765;400,000;-200,000;25,000;0,000;0,0000;0,0000;0,0000;-0,0000;0,0000;0,0000;0,0000;0,0000;0,0000;-0,0000;0,0000;0,0000;8;0
1,6985;-9,2235;-212,9752;97,2802;25,6950;-90,0000;80,7765;400,000;-200,000;25,000;0,000;-0,0000;-0,0000;0,0000;0,0000;0,0000;0,0000;0,0000;0,0000;0,0000;-0,0000;0,0000;0,0000;8;0
1,7081;-9,2235;-212,9752;97,2802;25,6950;-90,0000;80,7765;400,000;-200,000;25,000;0,000;0,0000;0,0000;0,0000;-0,0000;0,0000;0,0000;0,0000;0,0000;0,0000;-0,0000;0,0000;0,0000;8;0
1,7177;-9,2235;-212,9752;97,2802;25,6950;-90,0000;80,7765;400,000;-200,000;25,000;0,000;-0,0000;-0,0000;0,0000;0,0000;0,0000;0,0000;0,0000;0,0000;0,0000;-0,0000;0,0000;0,0000;8;0
1,7273;-9,2235;-212,9752;97,2802;25,6950;-90,0000;80,7765;400,000;-200,000;25,000;0,000;0,0000;0,0000;0,0000;-0,0000;0,0000;0,0000;0,0000;0,0000;0,0000;-0,0000;0,0000;0,0000;8;0
1,7369;-9,2235;-212,9752;97,2802;25,6950;-90,0000;80,7765;400,000;-200,000;25,000;0,000;0,0000;0,0000;0,0000;0,0000;0,0000;0,0000;-0,0000;-0,0000;0,0000;0,0000;0,0000;0,0000;8;0
1,7465;-9,2235;-212,9752;97,2802;25,6950;-90,0000;80,7765;400,000;-200,000;25,000;0,000;-0,0000;-0,0000;0,0000;0,0000;0,0000;0,0000;0,0000;0,0000;0,0000;-0,0000;0,0000;0,0000;8;0
1,7561;-9,2235;-212,9752;97,2802;25,6950;-90,0000;80,7765;400,000;-200,000;25,000;0,000;0,0000;0,0000;0,0000;-0,0000;0,0000;0,0000;0,0000;0,0000;0,0000;-0,0000;0,0000;0,0000;8;0
1,7657;-9,2235;-212,9752;97,2802;25,6950;-90,0000;80,7765;400,000;-200,000;25,000;0,000;-0,0000;-0,0000;0,0000;0,0000;0,0000;0,0000;0,0000;0,0000;0,0000;-0,0000;0,0000;0,0000;8;0
1,7753;-9,2235;-212,9752;97,2802;25,6950;-90,0000;80,7765;400,000;-200,000;25,000;0,000;0,0000;0,0000;0,0000;-0,0000;0,0000;0,0000;0,0000;0,0000;0,0000;-0,0000;0,0000;0,0000;8;0
1,7849;-9,2235;-212,9752;97,2802;25,6950;-90,0000;80,7765;400,000;-200,000;25,000;0,000;-0,0000;-0,0000;0,0000;0,0000;0,0000;0,0000;0,0000;0,0000;0,0000;-0,0000;0,0000;0,0000;8;0
1,7945;-9,2235;-212,9752;97,2802;25,6950;-90,0000;80,7765;400,000;-200,000;25,000;0,000;0,0000;0,0000;0,0000;-0,0000;0,0000;0,0000;0,0000;0,0000;0,0000;-0,0000;0,0000;0,0000;8;0
1,8041;-9,2235;-212,9752;97,2802;25,6950;-90,0000;80,7765;400,000;-200,000;25,000;0,000;-0,0000;-0,0000;0,0000;0,0000;0,0000;0,0000;0,0000;0,0000;0,0000;-0,0000;0,0000;0,0000;8;0
1,8137;-9,2235;-212,9752;97,2802;25,6950;-90,0000;80,7765;400,000;-200,000;25,000;0,000;0,0000;0,0000;0,0000;-0,0000;0,0000;0,0000;0,0000;0,0000;0,0000;-0,0000;0,0000;0,0000;8;0
1,8233;-9,2235;-212,9752;97,2802;25,6950;-90,0000;80,7765;400,000;-200,000;25,000;0,000;-0,0000;-0,0000;0,0000;0,0000;0,0000;0,0000;0,0000;0,0000;0,0000;-0,0000;0,0000;0,0000;8;0
1,8329;-9,2235;-212,9752;97,2802;25,6950;-90,0000;80,7765;400,000;-200,000;25,000;0,000;0,0000;0,0000;0,0000;-0,0000;0,0000;0,0000;0,0000;6,2418;-2,1566;-4,0852;0,0000;0,0000;8;0
1,8425;-9,2235;-212,9752;97,2802;25,6950;-90,0000;80,7765;400,000;-200,000;25,000;0,000;0,0000;0,1198;-0,0414;-0,0784;0,0000;0,0000;0,0000;35,9763;-12,4343;-23,5420;0,0000;0,0000;8;0
1,8521;-9,2235;-212,9729;97,2794;25,6935;-90,0000;80,7765;400,000;-200,000;25,019;1,956;0,0000;0,6905;-0,2386;-0,4518;0,0000;0,0000;-0,0000;77,7259;-26,8845;-50,8414;-0,0000;-0,0000;10;0
1,8617;-9,2235;-212,9619;97,2756;25,6863;-90,0000;80,7765;400,000;-200,000;25,108;9,319;-0,0000;1,6116;-0,5574;-1,0542;0,0000;-0,0000;-0,0000;96,9960;-33,6119;-63,3841;-0,0000;-0,0000;10;0
1,8713;-9,2235;-212,9420;97,2687;25,6733;-90,0000;80,7765;400,000;-200,000;25,271;16,996;-0,0000;2,5521;-0,8837;-1,6683;0,0000;-0,0000;-0,0000;98,0261;-34,0923;-63,9338;0,0000;0,0000;10;0
1,8809;-9,2235;-212,9130;97,2587;25,6543;-90,0000;80,7765;400,000;-200,000;25,508;24,673;-0,0000;3,4929;-1,2117;-2,2812;0,0000;0,0000;0,0000;98,0661;-34,2869;-63,7792;0,0000;0,0000;10;0
1,8905;-9,2235;-212,8749;97,2455;25,6295;-90,0000;80,7765;400,000;-200,000;25,819;32,350;-0,0000;4,4342;-1,5418;-2,8924;0,0000;0,0000;0,0000;98,1184;-34,5421;-63,5764;0,0000;-0,0000;10;0
1,9001;-9,2235;-212,8279;97,2291;25,5988;-90,0000;80,7765;400,000;-200,000;26,203;40,027;-0,0000;5,3761;-1,8746;-3,5014;0,0000;-0,0000;-0,0000;98,1829;-34,8577;-63,3251;0,0000;-0,0000;10;0
1,9097;-9,2235;-212,7718;97,2095;25,5623;-90,0000;80,7765;400,000;-200,000;26,660;47,704;-0,0000;6,3186;-2,2108;-4,1078;0,0000;-0,0000;-0,0000;98,2592;-35,2339;-63,0254;0,0000;0,0000;10;0
1,9193;-9,2235;-212,7066;97,1866;25,5199;-90,0000;80,7765;400,000;-200,000;27,192;55,381;-0,0000;7,2619;-2,5509;-4,7110;0,0000;0,0000;-0,0000;98,3473;-35,6704;-62,6768;0,0000;-0,0000;10;0
1,9289;-9,2235;-212,6324;97,1605;25,4719;-90,0000;80,7765;400,000;-200,000;27,797;63,058;-0,0000;8,2061;-2,8954;-5,3107;0,0000;-0,0000;-0,0000;98,4468;-36,1675;-62,2793;-0,0000;-0,0000;10;0
1,9384;-9,2235;-212,5491;97,1311;25,4180;-90,0000;80,7765;400,000;-200,000;28,476;70,735;-0,0000;9,1514;-3,2450;-5,9063;-0,0000;-0,0000;-0,0000;98,5575;-36,7249;-61,8326;-0,0000;-0,0000;10;0
1,9480;-9,2235;-212,4567;97,0982;25,3585;-90,0000;80,7765;400,000;-200,000;29,228;78,412;-0,0000;10,0977;-3,6003;-6,4974;-0,0000;-0,0000;0,0000;98,6790;-37,3426;-61,3364;0,0000;0,0000;10;0
1,9576;-9,2235;-212,3553;97,0620;25,2933;-90,0000;80,7765;400,000;-200,000;30,054;86,089;-0,0000;11,0453;-3,9617;-7,0835;0,0000;0,0000;0,0000;98,8110;-38,0206;-60,7904;0,0000;0,0000;10;0
1,9672;-9,2235;-212,2448;97,0222;25,2225;-90,0000;80,7765;400,000;-200,000;30,954;93,766;-0,0000;11,9941;-4,3300;-7,6642;0,0000;-0,0000;-0,0000;98,9532;-38,7589;-60,1943;0,0000;-0,0000;10;0
1,9768;-9,2235;-212,1251;96,9789;25,1462;-90,0000;80,7765;400,000;-200,000;31,928;101,443;-0,0000;12,9444;-4,7056;-8,2388;0,0000;-0,0000;0,0000;99,1050;-39,5574;-59,5477;0,0000;0,0000;10;0
1,9864;-9,2235;-211,9963;96,9319;25,0644;-90,0000;80,7765;400,000;-200,000;32,975;109,120;-0,0000;13,8962;-5,0892;-8,8070;0,0000;0,0000;0,0000;99,2662;-40,4160;-58,8502;0,0000;0,0000;10;0
1,9960;-9,2235;-211,8584;96,8812;24,9772;-90,0000;80,7765;400,000;-200,000;34,096;116,797;-0,0000;14,8496;-5,4813;-9,3683;0,0000;0,0000;-0,0000;99,4361;-41,3346;-58,1015;-0,0000;-0,0000;10;0
2,0056;-9,2235;-211,7113;96,8267;24,8846;-90,0000;80,7765;400,000;-200,000;35,290;124,474;-0,0000;15,8046;-5,8825;-9,9221;0,0000;-0,0000;-0,0000;99,6144;-42,3133;-57,3011;-0,0000;-0,0000;10;0
2,0152;-9,2235;-211,5551;96,7683;24,7868;-90,0000;80,7765;400,000;-200,000;36,558;132,151;-0,0000;16,7614;-6,2934;-10,4681;-0,0000;-0,0000;-0,0000;99,8005;-43,3520;-56,4486;-0,0000;-0,0000;10;0
2,0248;-9,2235;-211,3896;96,7059;24,6837;-90,0000;80,7765;400,000;-200,000;37,900;139,828;-0,0000;17,7201;-6,7145;-11,0055;-0,0000;-0,0000;0,0000;99,9940;-44,4505;-55,5435;0,0000;0,0000;10;0
2,0344;-9,2235;-211,2150;96,6394;24,5755;-90,0000;80,7765;400,000;-200,000;39,316;147,505;-0,0000;18,6806;-7,1465;-11,5341;0,0000;-0,0000;0,0000;100,1942;-45,6088;-54,5854;0,0000;0,0000;10;0
2,0440;-9,2235;-211,0311;96,5687;24,4623;-90,0000;80,7765;400,000;-200,000;40,805;155,182;-0,0000;19,6430;-7,5899;-12,0532;0,0000;-0,0000;0,0000;100,4007;-46,8269;-53,5738;0,0000;0,0000;10;0
2,0536;-9,2235;-210,8380;96,4938;24,3442;-90,0000;80,7765;400,000;-200,000;42,368;162,860;-0,0000;20,6075;-8,0452;-12,5623;0,0000;0,0000;0,0000;100,6128;-48,1047;-52,5082;0,0000;0,0000;10;0
2,0632;-9,2235;-210,6356;96,4143;24,2212;-90,0000;80,7765;400,000;-200,000;44,004;170,537;-0,0000;21,5741;-8,5131;-13,0609;0,0000;-0,0000;0,0000;100,8301;-49,4420;-51,3880;0,0000;-0,0000;10;0
2,0728;-9,2235;-210,4239;96,3304;24,0935;-90,0000;80,7765;400,000;-200,000;45,714;178,214;-0,0000;22,5427;-8,9941;-13,5486;0,0000;-0,0000;-0,0000;101,0519;-50,8390;-50,2129;0,0000;0,0000;10;0
2,0824;-9,2235;-210,2029;96,2417;23,9612;-90,0000;80,7765;400,000;-200,000;47,498;185,891;-0,0000;23,5135;-9,4889;-14,0247;0,0000;0,0000;0,0000;101,2776;-52,2955;-48,9822;0,0000;0,0000;10;0
2,0920;-9,2235;-209,9726;96,1483;23,8244;-90,0000;80,7765;400,000;-200,000;49,356;193,568;-0,0000;24,4865;-9,9978;-14,4887;0,0000;0,0000;0,0000;101,5068;-53,8114;-47,6954;0,0000;-0,0000;10;0
2,1016;-9,2235;-209,7330;96,0498;23,6831;-90,0000;80,7765;400,000;-200,000;51,287;201,245;-0,0000;25,4617;-10,5216;-14,9400;0,0000;0,0000;0,0000;101,7387;-55,3867;-46,3520;0,0000;-0,0000;10;0
2,1112;-9,2235;-209,4839;95,9463;23,5376;-90,0000;80,7765;400,000;-200,000;53,292;208,922;-0,0000;26,4391;-11,0608;-15,3783;0,0000;0,0000;0,0000;101,9730;-57,0214;-44,9515;0,0000;0,0000;10;0
2,1208;-9,2235;-209,2255;95,8376;23,3880;-90,0000;80,7765;400,000;-200,000;55,370;216,599;0,0000;27,4188;-11,6160;-15,8028;0,0000;0,0000;-0,0000;102,2090;-58,7155;-43,4934;-0,0000;-0,0000;10;0
2,1304;-9,2235;-208,9577;95,7234;23,2343;-90,0000;80,7765;400,000;-200,000;57,523;224,276;-0,0000;28,4008;-12,1877;-16,2130;-0,0000;-0,0000;-0,0000;102,4461;-60,4690;-41,9771;-0,0000;-0,0000;10;0
2,1400;-9,2235;-208,6805;95,6036;23,0768;-90,0000;80,7765;400,000;-200,000;59,748;231,953;-0,0000;29,3850;-12,7766;-16,6084;-0,0000;-0,0000;0,0000;102,6840;-62,2818;-40,4022;0,0000;0,0000;10;0
2,1496;-9,2235;-208,3937;95,4782;22,9156;-90,0000;80,7765;400,000;-200,000;62,048;239,630;0,0000;30,3715;-13,3831;-16,9884;0,0000;0,0000;0,0000;102,9222;-64,1541;-38,7681;0,0000;0,0000;10;0
2,1592;-9,2235;-208,0975;95,3468;22,7508;-90,0000;80,7765;400,000;-200,000;64,421;247,307;0,0000;31,3603;-14,0079;-17,3525;0,0000;-0,0000;-0,0000;103,1601;-66,0858;-37,0744;-0,0000;-0,0000;10;0
2,1688;-9,2235;-207,7919;95,2093;22,5825;-90,0000;80,7765;400,000;-200,000;66,868;254,984;-0,0000;32,3514;-14,6514;-17,7000;-0,0000;-0,0000;-0,0000;103,3975;-68,0770;-35,3204;-0,0000;-0,0000;10;0
2,1784;-9,2235;-207,4766;95,0656;22,4111;-90,0000;80,7765;400,000;-200,000;69,389;262,661;-0,0000;33,3448;-15,3144;-18,0304;-0,0000;-0,0000;0,0000;103,6339;-70,1279;-33,5059;0,0000;0,0000;10;0
2,1879;-9,2235;-207,1519;94,9154;22,2365;-90,0000;80,7765;400,000;-200,000;71,983;270,338;-0,0000;34,3404;-15,9974;-18,3431;0,0000;-0,0000;0,0000;84,8211;-63,1077;-21,7134;0,0000;0,0000;10;0
2,1975;-9,2235;-206,8176;94,7586;22,0590;-90,0000;80,7765;400,000;-200,000;74,651;278,015;0,0000;34,9727;-16,5256;-18,4471;0,0000;-0,0000;0,0000;16,1333;-31,6363;15,5030;0,0000;0,0000;10;0
2,2071;-9,2235;-206,4807;94,5982;21,8824;-90,0000;80,7765;400,000;-200,000;77,336;279,866;0,0000;34,6501;-16,6046;-18,0455;0,0000;-0,0000;0,0000;-64,8975;7,3273;57,5702;0,0000;0,0000;10;0
2,2167;-9,2235;-206,1525;94,4399;21,7127;-90,0000;80,7765;400,000;-200,000;79,950;272,317;0,0000;33,7272;-16,3850;-17,3422;0,0000;0,0000;-0,0000;-96,7616;24,1287;72,6329;-0,0000;0,0000;10;0
2,2263;-9,2235;-205,8334;94,2838;21,5496;-90,0000;80,7765;400,000;-200,000;82,489;264,640;0,0000;32,7930;-16,1415;-16,6515;0,0000;0,0000;0,0000;-97,5156;26,3984;71,1172;0,0000;0,0000;10;0
2,2359;-9,2235;-205,5232;94,1301;21,3931;-90,0000;80,7765;400,000;-200,000;84,955;256,963;0,0000;31,8556;-15,8783;-15,9773;0,0000;0,0000;0,0000;-97,8333;28,4100;69,4234;0,0000;-0,0000;10;0
2,2455;-9,2235;-205,2220;93,9790;21,2430;-90,0000;80,7765;400,000;-200,000;87,347;249,286;0,0000;30,9153;-15,5962;-15,3191;0,0000;0,0000;0,0000;-98,1325;30,3606;67,7719;-0,0000;-0,0000;10;0
2,2551;-9,2235;-204,9298;93,8307;21,0991;-90,0000;80,7765;400,000;-200,000;89,666;241,609;0,0000;29,9722;-15,2956;-14,6766;0,0000;0,0000;-0,0000;-98,4143;32,2504;66,1639;-0,0000;-0,0000;10;0
2,2647;-9,2235;-204,6467;93,6854;20,9613;-90,0000;80,7765;400,000;-200,000;91,911;233,932;0,0000;29,0265;-14,9772;-14,0492;0,0000;0,0000;-0,0000;-98,6798;34,0797;64,6001;-0,0000;-0,0000;10;0
2,2743;-9,2235;-204,3727;93,5433;20,8294;-90,0000;80,7765;400,000;-200,000;94,082;226,255;0,0000;28,0783;-14,6416;-13,4367;0,0000;-0,0000;0,0000;-98,9299;35,8486;63,0814;-0,0000;-0,0000;10;0
2,2839;-9,2235;-204,1078;93,4044;20,7034;-90,0000;80,7765;400,000;-200,000;96,179;218,577;0,0000;27,1278;-14,2892;-12,8385;0,0000;-0,0000;-0,0000;-99,1656;37,5571;61,6085;-0,0000;-0,0000;10;0
2,2935;-9,2235;-203,8521;93,2690;20,5830;-90,0000;80,7765;400,000;-200,000;98,203;210,900;-0,0000;26,1750;-13,9208;-12,2543;-0,0000;-0,0000;-0,0000;-99,3877;39,2055;60,1822;-0,0000;-0,0000;10;0
2,3031;-9,2235;-203,6055;93,1373;20,4682;-90,0000;80,7765;400,000;-200,000;100,154;203,223;-0,0000;25,2203;-13,5368;-11,6835;-0,0000;-0,0000;0,0000;-99,5969;40,7939;58,8030;0,0000;0,0000;10;0
2,3127;-9,2235;-203,3680;93,0092;20,3588;-90,0000;80,7765;400,000;-200,000;102,030;195,546;0,0000;24,2635;-13,1378;-11,1257;0,0000;0,0000;0,0000;-99,7940;42,3223;57,4717;0,0000;0,0000;10;0
2,3223;-9,2235;-203,1398;92,8851;20,2547;-90,0000;80,7765;400,000;-200,000;103,833;187,869;0,0000;23,3050;-12,7245;-10,5805;0,0000;-0,0000;0,0000;-99,9796;43,7909;56,1888;-0,0000;-0,0000;10;0
2,3319;-9,2235;-202,9207;92,7650;20,1557;-90,0000;80,7765;400,000;-200,000;105,562;180,192;0,0000;22,3447;-12,2974;-10,0473;0,0000;-0,0000;0,0000;-100,1543;45,1996;54,9547;-0,0000;0,0000;10;0
2,3415;-9,2235;-202,7109;92,6491;20,0618;-90,0000;80,7765;400,000;-200,000;107,218;172,515;0,0000;21,3827;-11,8570;-9,5258;0,0000;0,0000;-0,0000;-100,3187;46,5485;53,7701;-0,0000;0,0000;10;0
2,3511;-9,2235;-202,5104;92,5375;19,9729;-90,0000;80,7765;400,000;-200,000;108,799;164,838;0,0000;20,4193;-11,4040;-9,0153;0,0000;0,0000;0,0000;-100,4731;47,8377;52,6354;-0,0000;-0,0000;10;0
2,3607;-9,2235;-202,3190;92,4302;19,8888;-90,0000;80,7765;400,000;-200,000;110,308;157,161;0,0000;19,4544;-10,9389;-8,5155;0,0000;0,0000;0,0000;-100,6182;49,0672;51,5510;0,0000;0,0000;10;0
2,3703;-9,2235;-202,1370;92,3275;19,8095;-90,0000;80,7765;400,000;-200,000;111,742;149,484;0,0000;18,4882;-10,4622;-8,0259;0,0000;0,0000;0,0000;-100,7542;50,2369;50,5173;-0,0000;0,0000;10;0
2,3799;-9,2235;-201,9642;92,2294;19,7348;-90,0000;80,7765;400,000;-200,000;113,103;141,807;0,0000;17,5207;-9,9747;-7,5460;0,0000;0,0000;-0,0000;-100,8816;51,3470;49,5346;-0,0000;-0,0000;10;0
2,3895;-9,2235;-201,8007;92,1361;19,6646;-90,0000;80,7765;400,000;-200,000;114,390;134,130;0,0000;16,5520;-9,4768;-7,0752;0,0000;0,0000;-0,0000;-101,0006;52,3972;48,6034;-0,0000;-0,0000;10;0
2,3991;-9,2235;-201,6465;92,0475;19,5990;-90,0000;80,7765;400,000;-200,000;115,604;126,453;0,0000;15,5822;-8,9691;-6,6132;0,0000;0,0000;-0,0000;-101,1116;53,3877;47,7239;-0,0000;-0,0000;10;0
2,4087;-9,2235;-201,5017;91,9639;19,5377;-90,0000;80,7765;400,000;-200,000;116,743;118,776;-0,0000;14,6114;-8,4521;-6,1593;-0,0000;-0,0000;-0,0000;-101,2149;54,3184;46,8965;-0,0000;-0,0000;10;0
2,4183;-9,2235;-201,3661;91,8853;19,4808;-90,0000;80,7765;400,000;-200,000;117,809;111,099;-0,0000;13,6396;-7,9265;-5,7131;-0,0000;-0,0000;0,0000;-101,3105;55,1892;46,1213;0,0000;0,0000;10;0
2,4279;-9,2235;-201,2399;91,8118;19,4281;-90,0000;80,7765;400,000;-200,000;118,802;103,422;0,0000;12,6670;-7,3929;-5,2741;0,0000;0,0000;0,0000;-101,3989;56,0001;45,3987;0,0000;0,0000;10;0
2,4375;-9,2235;-201,1230;91,7434;19,3795;-90,0000;80,7765;400,000;-200,000;119,721;95,745;0,0000;11,6935;-6,8518;-4,8418;0,0000;0,0000;-0,0000;-101,4800;56,7512;44,7289;-0,0000;-0,0000;10;0
2,4470;-9,2235;-201,0154;91,6803;19,3351;-90,0000;80,7765;400,000;-200,000;120,566;88,068;0,0000;10,7193;-6,3037;-4,4156;0,0000;0,0000;-0,0000;-101,5542;57,4422;44,1120;-0,0000;0,0000;10;0
2,4566;-9,2235;-200,9173;91,6225;19,2948;-90,0000;80,7765;400,000;-200,000;121,337;80,391;0,0000;9,7445;-5,7493;-3,9952;0,0000;0,0000;-0,0000;-101,6214;58,0732;43,5483;-0,0000;0,0000;10;0
2,4662;-9,2235;-200,8284;91,5700;19,2585;-90,0000;80,7765;400,000;-200,000;122,035;72,714;0,0000;8,7690;-5,1891;-3,5798;0,0000;0,0000;-0,0000;-101,6820;58,6441;43,0379;-0,0000;0,0000;10;0
2,4758;-9,2235;-200,7490;91,5229;19,2261;-90,0000;80,7765;400,000;-200,000;122,659;65,037;0,0000;7,7929;-4,6238;-3,1692;0,0000;0,0000;-0,0000;-101,7359;59,1548;42,5810;-0,0000;0,0000;10;0
2,4854;-9,2235;-200,6789;91,4812;19,1976;-90,0000;80,7765;400,000;-200,000;123,210;57,360;0,0000;6,8164;-4,0538;-2,7626;0,0000;0,0000;-0,0000;-101,7832;59,6054;42,1778;-0,0000;-0,0000;10;0
2,4950;-9,2235;-200,6181;91,4451;19,1731;-90,0000;80,7765;400,000;-200,000;123,686;49,683;0,0000;5,8394;-3,4798;-2,3597;0,0000;0,0000;-0,0000;-101,8241;59,9958;41,8283;-0,0000;-0,0000;10;0
2,5046;-9,2235;-200,5668;91,4144;19,1524;-90,0000;80,7765;400,000;-200,000;124,090;42,006;-0,0000;4,8621;-2,9023;-1,9598;-0,0000;-0,0000;-0,0000;-101,8586;60,3260;41,5326;-0,0000;-0,0000;10;0
2,5142;-9,2235;-200,5248;91,3894;19,1355;-90,0000;80,7765;400,000;-200,000;124,419;34,329;-0,0000;3,8845;-2,3220;-1,5625;-0,0000;-0,0000;0,0000;-101,8866;60,5958;41,2908;0,0000;0,0000;10;0
2,5238;-9,2235;-200,4922;91,3699;19,1224;-90,0000;80,7765;400,000;-200,000;124,675;26,652;0,0000;2,9067;-1,7393;-1,1673;0,0000;0,0000;0,0000;-101,9084;60,8053;41,1031;0,0000;0,0000;10;0
2,5334;-9,2235;-200,4690;91,3560;19,1131;-90,0000;80,7765;400,000;-200,000;124,857;18,975;0,0000;1,9286;-1,1550;-0,7737;0,0000;0,0000;0,0181;-101,9137;60,9484;40,9652;0,0000;0,0181;10;0
2,5430;-9,2235;-200,4552;91,3477;19,1075;-90,0000;80,7765;400,000;-200,000;124,965;11,298;0,0003;0,9507;-0,5696;-0,3811;0,0000;0,0003;23,7930;-88,4586;52,9687;35,4899;0,0000;23,7930;10;0
2,5526;-9,2235;-200,4508;91,3450;19,1057;-90,0000;80,7765;400,000;-200,000;125,000;3,624;0,4566;0,2309;-0,1384;-0,0925;0,0000;0,4566;92,5318;-49,5343;29,6772;19,8571;-0,0000;92,5318;11;0
2,5622;-9,2147;-200,4508;91,3450;19,1057;-90,0000;80,7853;400,031;-199,939;125,000;7,123;1,7763;-0,0000;0,0000;-0,0000;0,0000;1,7763;158,7569;-12,0304;7,2094;4,8211;-0,0000;158,7569;11;0
2,5718;-9,1894;-200,4508;91,3450;19,1057;-90,0000;80,8106;400,119;-199,762;125,000;20,606;3,5036;-0,0000;0,0000;-0,0000;0,0000;3,5036;180,0000;-0,0000;0,0000;-0,0000;0,0000;180,0000;11;0
2,5814;-9,1475;-200,4508;91,3450;19,1057;-90,0000;80,8525;400,265;-199,469;125,000;34,088;5,2309;-0,0000;0,0000;-0,0000;0,0000;5,2309;180,0000;-0,0000;0,0000;-0,0000;0,0000;180,0000;11;0
2,5910;-9,0890;-200,4508;91,3450;19,1057;-90,0000;80,9110;400,468;-199,061;125,000;47,570;6,9583;-0,0000;0,0000;-0,0000;0,0000;6,9583;180,0000;-0,0000;0,0000;-0,0000;0,0000;180,0000;11;0
2,6006;-9,0139;-200,4508;91,3450;19,1057;-90,0000;80,9861;400,729;-198,536;125,000;61,053;8,6856;-0,0000;0,0000;-0,0000;0,0000;8,6856;180,0000;-0,0000;0,0000;-0,0000;0,0000;180,0000;11;0
2,6102;-8,9223;-200,4508;91,3450;19,1057;-90,0000;81,0777;401,046;-197,895;125,000;74,535;10,4129;-0,0000;0,0000;-0,0000;0,0000;10,4129;180,0000;-0,0000;0,0000;-0,0000;0,0000;180,0000;11;0
2,6198;-8,8141;-200,4508;91,3450;19,1057;-90,0000;81,1859;401,419;-197,137;125,000;88,018;12,1402;-0,0000;0,0000;-0,0000;0,0000;12,1402;180,0000;-0,0000;0,0000;-0,0000;0,0000;180,0000;11;0
2,6294;-8,6893;-200,4508;91,3450;19,1057;-90,0000;81,3107;401,847;-196,262;125,000;101,500;13,8676;-0,0000;0,0000;-0,0000;0,0000;13,8676;180,0000;-0,0000;0,0000;-0,0000;0,0000;180,0000;11;0
2,6390;-8,5479;-200,4508;91,3450;19,1057;-90,0000;81,4521;402,330;-195,270;125,000;114,982;15,5949;-0,0000;0,0000;-0,0000;0,0000;15,5949;180,0000;-0,0000;0,0000;-0,0000;0,0000;180,0000;11;0
2,6486;-8,3900;-200,4508;91,3450;19,1057;-90,0000;81,6100;402,867;-194,160;125,000;128,465;17,3222;-0,0000;0,0000;-0,0000;0,0000;17,3222;180,0000;-0,0000;0,0000;-0,0000;0,0000;180,0000;11;0
2,6582;-8,2154;-200,4508;91,3450;19,1057;-90,0000;81,7846;403,457;-192,932;125,000;141,947;19,0496;-0,0000;0,0000;-0,0000;0,0000;19,0496;180,0000;-0,0000;0,0000;-0,0000;0,0000;180,0000;11;0
2,6678;-8,0244;-200,4508;91,3450;19,1057;-90,0000;81,9756;404,098;-191,585;125,000;155,430;20,7769;-0,0000;0,0000;-0,0000;0,0000;20,7769;180,0000;-0,0000;0,0000;-0,0000;0,0000;180,0000;11;0
2,6774;-7,8167;-200,4508;91,3450;19,1057;-90,0000;82,1833;404,790;-190,120;125,000;168,912;22,5042;-0,0000;0,0000;-0,0000;0,0000;22,5042;180,0000;-0,0000;0,0000;-0,0000;0,0000;180,0000;11;0
2,6870;-7,5924;-200,4508;91,3450;19,1057;-90,0000;82,4076;405,531;-188,534;125,000;182,394;24,2315;-0,0000;0,0000;-0,0000;0,0000;24,2315;180,0000;-0,0000;0,0000;-0,0000;0,0000;180,0000;11;0
2,6966;-7,3516;-200,4508;91,3450;19,1057;-90,0000;82,6484;406,319;-186,828;125,000;195,877;25,9589;-0,0000;0,0000;-0,0000;0,0000;25,9589;180,0000;-0,0000;0,0000;-0,0000;0,0000;180,0000;11;0
2,7061;-7,0942;-200,4508;91,3450;19,1057;-90,0000;82,9058;407,155;-185,000;125,000;209,359;27,6862;-0,0000;0,0000;-0,0000;0,0000;27,6862;180,0000;-0,0000;0,0000;-0,0000;0,0000;180,0000;11;0
2,7157;-6,8202;-200,4508;91,3450;19,1057;-90,0000;83,1798;408,035;-183,051;125,000;222,841;29,4135;-0,0000;0,0000;-0,0000;0,0000;29,4135;180,0000;-0,0000;0,0000;-0,0000;0,0000;180,0000;11;0
2,7253;-6,5297;-200,4508;91,3450;19,1057;-90,0000;83,4703;408,958;-180,980;125,000;236,324;31,1409;-0,0000;0,0000;-0,0000;0,0000;31,1409;180,0000;-0,0000;0,0000;-0,0000;0,0000;180,0000;11;0
2,7349;-6,2226;-200,4508;91,3450;19,1057;-90,0000;83,7774;409,922;-178,785;125,000;249,806;32,8682;-0,0000;0,0000;-0,0000;0,0000;32,8682;180,0000;-0,0000;0,0000;-0,0000;0,0000;180,0000;11;0
2,7445;-5,8989;-200,4508;91,3450;19,1057;-90,0000;84,1011;410,925;-176,466;125,000;263,289;34,5955;-0,0000;0,0000;-0,0000;0,0000;34,5955;180,0000;-0,0000;0,0000;-0,0000;0,0000;180,0000;11;0
2,7541;-5,5586;-200,4508;91,3450;19,1057;-90,0000;84,4414;411,966;-174,023;125,000;276,771;36,3228;-0,0000;0,0000;-0,0000;0,0000;36,3228;180,0000;-0,0000;0,0000;-0,0000;0,0000;180,0000;11;0
2,7637;-5,2017;-200,4508;91,3450;19,1057;-90,0000;84,7983;413,042;-171,454;125,000;290,253;38,0502;-0,0000;0,0000;-0,0000;0,0000;38,0502;180,0000;-0,0000;0,0000;-0,0000;0,0000;180,0000;11;0
2,7733;-4,8283;-200,4508;91,3450;19,1057;-90,0000;85,1717;414,151;-168,758;125,000;303,736;39,7775;-0,0000;0,0000;-0,0000;0,0000;39,7775;180,0000;-0,0000;0,0000;-0,0000;0,0000;180,0000;11;0
2,7829;-4,4383;-200,4508;91,3450;19,1057;-90,0000;85,5617;415,290;-165,935;125,000;317,218;41,5048;-0,0000;0,0000;-0,0000;0,0000;41,5048;180,0000;-0,0000;0,0000;-0,0000;0,0000;180,0000;11;0
2,7925;-4,0317;-200,4508;91,3450;19,1057;-90,0000;85,9683;416,457;-162,984;125,000;330,700;43,2322;-0,0000;0,0000;-0,0000;0,0000;43,2322;180,0000;-0,0000;0,0000;-0,0000;0,0000;180,0000;11;0
2,8021;-3,6086;-200,4508;91,3450;19,1057;-90,0000;86,3914;417,649;-159,904;125,000;344,183;44,9595;-0,0000;0,0000;-0,0000;0,0000;44,9595;180,0000;-0,0000;0,0000;-0,0000;0,0000;180,0000;11;0
2,8117;-3,1689;-200,4508;91,3450;19,1057;-90,0000;86,8311;418,864;-156,694;125,000;357,665;46,6868;-0,0000;0,0000;-0,0000;0,0000;46,6868;180,0000;-0,0000;0,0000;-0,0000;0,0000;180,0000;11;0
2,8213;-2,7125;-200,4508;91,3450;19,1057;-90,0000;87,2875;420,099;-153,353;125,000;371,147;48,4141;-0,0000;0,0000;-0,0000;0,0000;48,4141;180,0000;-0,0000;0,0000;-0,0000;0,0000;180,0000;11;0
2,8309;-2,2397;-200,4508;91,3450;19,1057;-90,0000;87,7603;421,350;-149,881;125,000;384,629;50,1415;-0,0000;0,0000;-0,0000;0,0000;50,1415;180,0000;-0,0000;0,0000;-0,0000;0,0000;180,0000;11;0
2,8405;-1,7502;-200,4508;91,3450;19,1057;-90,0000;88,2498;422,615;-146,276;125,000;398,112;51,8688;-0,0000;0,0000;-0,0000;0,0000;51,8688;180,0000;-0,0000;0,0000;-0,0000;0,0000;180,0000;11;0
2,8501;-1,2442;-200,4508;91,3450;19,1057;-90,0000;88,7558;423,890;-142,538;125,000;411,594;53,5961;-0,0000;0,0000;-0,0000;0,0000;53,5961;180,0000;-0,0000;0,0000;-0,0000;0,0000;180,0000;11;0
2,8597;-0,7216;-200,4508;91,3450;19,1057;-90,0000;89,2784;425,173;-138,665;125,000;425,076;55,3235;-0,0000;0,0000;-0,0000;0,0000;55,3235;180,0000;-0,0000;0,0000;-0,0000;0,0000;180,0000;11;0
2,8693;-0,1824;-200,4508;91,3450;19,1057;-90,0000;89,8176;426,459;-134,658;125,000;438,559;57,0508;-0,0000;0,0000;-0,0000;0,0000;57,0508;180,0000;-0,0000;0,0000;-0,0000;0,0000;180,0000;11;0
2,8789;0,3734;-200,4508;91,3450;19,1057;-90,0000;90,3734;427,745;-130,515;125,000;452,041;58,7781;-0,0000;0,0000;-0,0000;0,0000;58,7781;180,0000;-0,0000;0,0000;-0,0000;0,0000;180,0000;11;0
2,8885;0,9457;-200,4508;91,3450;19,1057;-90,0000;90,9457;429,027;-126,236;125,000;465,523;60,5055;-0,0000;0,0000;-0,0000;0,0000;60,5055;180,0000;-0,0000;0,0000;-0,0000;0,0000;180,0000;11;0
2,8981;1,5346;-200,4508;91,3450;19,1057;-90,0000;91,5346;430,302;-121,820;125,000;479,005;62,2328;-0,0000;0,0000;-0,0000;0,0000;62,2328;180,0000;-0,0000;0,0000;-0,0000;0,0000;180,0000;11;0
2,9077;2,1401;-200,4508;91,3450;19,1057;-90,0000;92,1401;431,566;-117,266;125,000;492,488;63,9601;-0,0000;0,0000;-0,0000;0,0000;63,9601;180,0000;-0,0000;0,0000;-0,0000;0,0000;180,0000;11;0
2,9173;2,7622;-200,4508;91,3450;19,1057;-90,0000;92,7622;432,813;-112,573;125,000;505,970;65,6874;-0,0000;0,0000;-0,0000;0,0000;65,6874;180,0000;-0,0000;0,0000;-0,0000;0,0000;180,0000;11;0
2,9269;3,4008;-200,4508;91,3450;19,1057;-90,0000;93,4008;434,041;-107,742;125,000;519,452;67,4148;-0,0000;0,0000;-0,0000;0,0000;67,4148;180,0000;-0,0000;0,0000;-0,0000;0,0000;180,0000;11;0
2,9365;4,0561;-200,4508;91,3450;19,1057;-90,0000;94,0561;435,245;-102,771;125,000;532,934;69,1421;-0,0000;0,0000;-0,0000;0,0000;69,1421;180,0000;-0,0000;0,0000;-0,0000;0,0000;180,0000;11;0
2,9461;4,7279;-200,4508;91,3450;19,1057;-90,0000;94,7279;436,420;-97,661;125,000;546,416;70,8694;-0,0000;0,0000;-0,0000;0,0000;70,8694;180,0000;-0,0000;0,0000;-0,0000;0,0000;180,0000;11;0
2,9557;5,4162;-200,4508;91,3450;19,1057;-90,0000;95,4162;437,562;-92,411;125,000;559,898;72,5968;-0,0000;0,0000;-0,0000;0,0000;72,5968;180,0000;-0,0000;0,0000;-0,0000;0,0000;180,0000;11;0
2,9652;6,1212;-200,4508;91,3450;19,1057;-90,0000;96,1212;438,666;-87,021;125,000;573,381;74,3241;-0,0000;0,0000;-0,0000;0,0000;74,3241;180,0000;-0,0000;0,0000;-0,0000;0,0000;180,0000;11;0
2,9748;6,8427;-200,4508;91,3450;19,1057;-90,0000;96,8427;439,727;-81,490;125,000;586,863;76,0514;-0,0000;0,0000;-0,0000;0,0000;76,0514;180,0000;-0,0000;0,0000;-0,0000;0,0000;180,0000;11;0
2,9844;7,5808;-200,4508;91,3450;19,1057;-90,0000;97,5808;440,740;-75,818;125,000;600,345;77,7787;-0,0000;0,0000;-0,0000;0,0000;77,7787;180,0000;-0,0000;0,0000;-0,0000;0,0000;180,0000;11;0
2,9940;8,3355;-200,4508;91,3450;19,1057;-90,0000;98,3355;441,700;-70,007;125,000;613,827;79,5061;-0,0000;0,0000;-0,0000;0,0000;79,5061;180,0000;-0,0000;0,0000;-0,0000;0,0000;180,0000;11;0
3,0036;9,1067;-200,4508;91,3450;19,1057;-90,0000;99,1067;442,602;-64,055;125,000;627,309;81,2334;-0,0000;0,0000;-0,0000;0,0000;81,2334;180,0000;-0,0000;0,0000;-0,0000;0,0000;180,0000;11;0
3,0132;9,8945;-200,4508;91,3450;19,1057;-90,0000;99,8945;443,441;-57,963;125,000;640,791;82,9607;-0,0000;0,0000;-0,0000;0,0000;82,9607;180,0000;-0,0000;0,0000;-0,0000;0,0000;180,0000;11;0
3,0228;10,6989;-200,4508;91,3450;19,1057;-90,0000;100,6989;444,211;-51,732;125,000;654,273;84,6881;-0,0000;0,0000;-0,0000;0,0000;84,6881;180,0000;-0,0000;0,0000;-0,0000;0,0000;180,0000;11;0
3,0324;11,5199;-200,4508;91,3450;19,1057;-90,0000;101,5199;444,907;-45,362;125,000;667,755;86,4154;-0,0000;0,0000;-0,0000;0,0000;86,4154;180,0000;-0,0000;0,0000;-0,0000;0,0000;180,0000;11;0
3,0420;12,3575;-200,4508;91,3450;19,1057;-90,0000;102,3575;445,523;-38,854;125,000;681,237;88,1427;-0,0000;0,0000;-0,0000;0,0000;88,1427;160,7583;-0,0000;0,0000;-0,0000;0,0000;160,7583;11;0
3,0516;13,2116;-200,4508;91,3450;19,1057;-90,0000;103,2116;446,052;-32,208;125,000;694,719;89,5007;-0,0000;0,0000;-0,0000;0,0000;89,5007;96,6439;-0,0000;0,0000;-0,0000;0,0000;96,6439;11;0
3,0612;14,0752;-200,4508;91,3450;19,1057;-90,0000;104,0752;446,487;-25,481;125,000;702,437;89,9976;-0,0000;0,0000;-0,0000;0,0000;89,9976;26,0130;-0,0000;0,0000;-0,0000;0,0000;26,0130;11;0
3,0708;14,9389;-200,4508;91,3450;19,1057;-90,0000;104,9389;446,820;-18,748;125,000;702,475;90,0000;-0,0000;0,0000;-0,0000;0,0000;90,0000;0,1274;-0,0000;-0,0000;-0,0000;0,0000;0,1274;11;0
3,0804;15,8026;-200,4508;91,3450;19,1057;-90,0000;105,8026;447,052;-12,011;125,000;702,475;90,0000;-0,0000;0,0000;-0,0000;0,0000;90,0000;-0,0000;-0,0000;0,0000;-0,0000;0,0000;-0,0000;11;0
3,0900;16,6662;-200,4508;91,3450;19,1057;-90,0000;106,6662;447,183;-5,271;125,000;702,475;90,0000;-0,0000;0,0000;-0,0000;0,0000;90,0000;-0,0000;0,0000;0,0000;-0,0000;0,0000;0,0000;11;0
3,0996;17,5299;-200,4508;91,3450;19,1057;-90,0000;107,5299;447,211;1,470;125,000;702,475;90,0000;-0,0000;0,0000;-0,0000;0,0000;90,0000;0,0000;-0,0000;-0,0000;0,0000;0,0000;0,0000;11;0
3,1092;18,3935;-200,4508;91,3450;19,1057;-90,0000;108,3935;447,138;8,210;125,000;702,475;90,0000;-0,0000;0,0000;-0,0000;0,0000;90,0000;0,0000;-0,0000;-0,0000;0,0000;0,0000;0,0000;11;0
3,1188;19,2572;-200,4508;91,3450;19,1057;-90,0000;109,2572;446,964;14,949;125,000;702,475;90,0000;-0,0000;0,0000;-0,0000;0,0000;90,0000;-0,0000;0,0000;-0,0000;-0,0000;0,0000;0,0000;11;0
3,1284;20,1209;-200,4508;91,3450;19,1057;-90,0000;110,1209;446,688;21,685;125,000;702,475;90,0000;-0,0000;0,0000;-0,0000;0,0000;90,0000;-5,8814;0,0000;0,0000;0,0000;-0,0000;-5,8814;11;0
3,1380;20,9845;-200,4508;91,3450;19,1057;-90,0000;110,9845;446,310;28,415;125,000;702,475;89,8871;-0,0000;0,0000;-0,0000;0,0000;89,8871;-51,3884;0,0000;0,0000;0,0000;-0,0000;-51,3884;11;0
3,1476;21,8460;-200,4508;91,3450;19,1057;-90,0000;111,8460;445,832;35,123;125,000;700,713;89,0137;-0,0000;0,0000;-0,0000;0,0000;89,0137;-130,1327;0,0000;-0,0000;0,0000;-0,0000;-130,1327;11;0
3,1572;22,6929;-200,4508;91,3450;19,1057;-90,0000;112,6929;445,264;41,708;125,000;688,841;87,3895;-0,0000;0,0000;-0,0000;0,0000;87,3895;-174,6256;0,0000;-0,0000;0,0000;-0,0000;-174,6256;11;0
3,1668;23,5233;-200,4508;91,3450;19,1057;-90,0000;113,5233;444,613;48,157;125,000;675,359;85,6622;-0,0000;0,0000;-0,0000;0,0000;85,6622;-180,0000;0,0000;-0,0000;0,0000;-0,0000;-180,0000;11;0
3,1764;24,3370;-200,4508;91,3450;19,1057;-90,0000;114,3370;443,884;54,466;125,000;661,877;83,9349;-0,0000;0,0000;-0,0000;0,0000;83,9349;-180,0000;0,0000;-0,0000;0,0000;-0,0000;-180,0000;11;0
3,1860;25,1342;-200,4508;91,3450;19,1057;-90,0000;115,1342;443,084;60,637;125,000;648,395;82,2076;-0,0000;0,0000;-0,0000;0,0000;82,2076;-180,0000;0,0000;-0,0000;0,0000;-0,0000;-180,0000;11;0
3,1956;25,9148;-200,4508;91,3450;19,1057;-90,0000;115,9148;442,217;66,667;125,000;634,913;80,4802;-0,0000;0,0000;-0,0000;0,0000;80,4802;-180,0000;0,0000;-0,0000;0,0000;-0,0000;-180,0000;11;0
3,2052;26,6788;-200,4508;91,3450;19,1057;-90,0000;116,6788;441,288;72,558;125,000;621,431;78,7529;-0,0000;0,0000;-0,0000;0,0000;78,7529;-180,0000;0,0000;-0,0000;0,0000;-0,0000;-180,0000;11;0
3,2148;27,4263;-200,4508;91,3450;19,1057;-90,0000;117,4263;440,304;78,309;125,000;607,948;77,0256;-0,0000;0,0000;-0,0000;0,0000;77,0256;-180,0000;0,0000;-0,0000;0,0000;-0,0000;-180,0000;11;0
3,2243;28,1571;-200,4508;91,3450;19,1057;-90,0000;118,1571;439,269;83,919;125,000;594,466;75,2982;-0,0000;0,0000;-0,0000;0,0000;75,2982;-180,0000;0,0000;-0,0000;0,0000;-0,0000;-180,0000;11;0
3,2339;28,8714;-200,4508;91,3450;19,1057;-90,0000;118,8714;438,189;89,388;125,000;580,984;73,5709;-0,0000;0,0000;-0,0000;0,0000;73,5709;-180,0000;0,0000;-0,0000;0,0000;-0,0000;-180,0000;11;0
3,2435;29,5691;-200,4508;91,3450;19,1057;-90,0000;119,5691;437,068;94,717;125,000;567,502;71,8436;-0,0000;0,0000;-0,0000;0,0000;71,8436;-180,0000;0,0000;-0,0000;0,0000;-0,0000;-180,0000;11;0
3,2531;30,2503;-200,4508;91,3450;19,1057;-90,0000;120,2503;435,911;99,907;125,000;554,020;70,1163;-0,0000;0,0000;-0,0000;0,0000;70,1163;-180,0000;0,0000;-0,0000;0,0000;-0,0000;-180,0000;11;0
3,2627;30,9148;-200,4508;91,3450;19,1057;-90,0000;120,9148;434,723;104,956;125,000;540,538;68,3889;-0,0000;0,0000;-0,0000;0,0000;68,3889;-180,0000;0,0000;-0,0000;0,0000;-0,0000;-180,0000;11;0
3,2723;31,5628;-200,4508;91,3450;19,1057;-90,0000;121,5628;433,508;109,866;125,000;527,055;66,6616;-0,0000;0,0000;-0,0000;0,0000;66,6616;-180,0000;0,0000;-0,0000;0,0000;-0,0000;-180,0000;11;0
3,2819;32,1943;-200,4508;91,3450;19,1057;-90,0000;122,1943;432,271;114,636;125,000;513,573;64,9343;-0,0000;0,0000;-0,0000;0,0000;64,9343;-180,0000;0,0000;-0,0000;0,0000;-0,0000;-180,0000;11;0
3,2915;32,8091;-200,4508;91,3450;19,1057;-90,0000;122,8091;431,016;119,268;125,000;500,091;63,2069;-0,0000;0,0000;-0,0000;0,0000;63,2069;-180,0000;0,0000;-0,0000;0,0000;-0,0000;-180,0000;11;0
3,3011;33,4074;-200,4508;91,3450;19,1057;-90,0000;123,4074;429,748;123,762;125,000;486,609;61,4796;-0,0000;0,0000;-0,0000;0,0000;61,4796;-180,0000;0,0000;-0,0000;0,0000;-0,0000;-180,0000;11;0
3,3107;33,9890;-200,4508;91,3450;19,1057;-90,0000;123,9890;428,469;128,119;125,000;473,127;59,7523;-0,0000;0,0000;-0,0000;0,0000;59,7523;-180,0000;0,0000;-0,0000;0,0000;-0,0000;-180,0000;11;0
3,3203;34,5542;-200,4508;91,3450;19,1057;-90,0000;124,5542;427,184;132,338;125,000;459,644;58,0250;-0,0000;0,0000;-0,0000;0,0000;58,0250;-180,0000;0,0000;-0,0000;0,0000;-0,0000;-180,0000;11;0
3,3299;35,1027;-200,4508;91,3450;19,1057;-90,0000;125,1027;425,898;136,422;125,000;446,162;56,2976;-0,0000;0,0000;-0,0000;0,0000;56,2976;-180,0000;0,0000;-0,0000;0,0000;-0,0000;-180,0000;11;0
3,3395;35,6347;-200,4508;91,3450;19,1057;-90,0000;125,6347;424,613;140,370;125,000;432,680;54,5703;-0,0000;0,0000;-0,0000;0,0000;54,5703;-180,0000;0,0000;-0,0000;0,0000;-0,0000;-180,0000;11;0
3,3491;36,1500;-200,4508;91,3450;19,1057;-90,0000;126,1500;423,333;144,184;125,000;419,198;52,8430;-0,0000;0,0000;-0,0000;0,0000;52,8430;-180,0000;0,0000;-0,0000;0,0000;-0,0000;-180,0000;11;0
3,3587;36,6488;-200,4508;91,3450;19,1057;-90,0000;126,6488;422,062;147,864;125,000;405,715;51,1156;-0,0000;0,0000;-0,0000;0,0000;51,1156;-180,0000;0,0000;-0,0000;0,0000;-0,0000;-180,0000;11;0
3,3683;37,1311;-200,4508;91,3450;19,1057;-90,0000;127,1311;420,802;151,411;125,000;392,233;49,3883;-0,0000;0,0000;-0,0000;0,0000;49,3883;-180,0000;0,0000;-0,0000;0,0000;-0,0000;-180,0000;11;0
3,3779;37,5967;-200,4508;91,3450;19,1057;-90,0000;127,5967;419,558;154,826;125,000;378,751;47,6610;-0,0000;0,0000;-0,0000;0,0000;47,6610;-180,0000;0,0000;-0,0000;0,0000;-0,0000;-180,0000;11;0
3,3875;38,0458;-200,4508;91,3450;19,1057;-90,0000;128,0458;418,332;158,110;125,000;365,268;45,9337;-0,0000;0,0000;-0,0000;0,0000;45,9337;-180,0000;0,0000;-0,0000;0,0000;-0,0000;-180,0000;11;0
3,3971;38,4783;-200,4508;91,3450;19,1057;-90,0000;128,4783;417,126;161,263;125,000;351,786;44,2063;-0,0000;0,0000;-0,0000;0,0000;44,2063;-180,0000;0,0000;-0,0000;0,0000;-0,0000;-180,0000;11;0
3,4067;38,8942;-200,4508;91,3450;19,1057;-90,0000;128,8942;415,945;164,287;125,000;338,304;42,4790;-0,0000;0,0000;-0,0000;0,0000;42,4790;-180,0000;0,0000;-0,0000;0,0000;-0,0000;-180,0000;11;0
3,4163;39,2936;-200,4508;91,3450;19,1057;-90,0000;129,2936;414,789;167,182;125,000;324,822;40,7517;-0,0000;0,0000;-0,0000;0,0000;40,7517;-180,0000;0,0000;-0,0000;0,0000;-0,0000;-180,0000;11;0
3,4259;39,6764;-200,4508;91,3450;19,1057;-90,0000;129,6764;413,663;169,949;125,000;311,339;39,0243;-0,0000;0,0000;-0,0000;0,0000;39,0243;-180,0000;0,0000;-0,0000;0,0000;-0,0000;-180,0000;11;0
3,4355;40,0426;-200,4508;91,3450;19,1057;-90,0000;130,0426;412,569;172,589;125,000;297,857;37,2970;-0,0000;0,0000;-0,0000;0,0000;37,2970;-180,0000;0,0000;-0,0000;0,0000;-0,0000;-180,0000;11;0
3,4451;40,3922;-200,4508;91,3450;19,1057;-90,0000;130,3922;411,508;175,104;125,000;284,375;35,5697;-0,0000;0,0000;-0,0000;0,0000;35,5697;-180,0000;0,0000;-0,0000;0,0000;-0,0000;-180,0000;11;0
3,4547;40,7252;-200,4508;91,3450;19,1057;-90,0000;130,7252;410,483;177,493;125,000;270,892;33,8423;-0,0000;0,0000;-0,0000;0,0000;33,8423;-180,0000;0,0000;-0,0000;0,0000;-0,0000;-180,0000;11;0
3,4643;41,0417;-200,4508;91,3450;19,1057;-90,0000;131,0417;409,496;179,757;125,000;257,410;32,1150;-0,0000;0,0000;-0,0000;0,0000;32,1150;-180,0000;0,0000;-0,0000;0,0000;-0,0000;-180,0000;11;0
3,4739;41,3416;-200,4508;91,3450;19,1057;-90,0000;131,3416;408,550;181,898;125,000;243,927;30,3877;-0,0000;0,0000;-0,0000;0,0000;30,3877;-180,0000;0,0000;-0,0000;0,0000;-0,0000;-180,0000;11;0
3,4834;41,6249;-200,4508;91,3450;19,1057;-90,0000;131,6249;407,645;183,916;125,000;230,445;28,6604;-0,0000;0,0000;-0,0000;0,0000;28,6604;-180,0000;0,0000;-0,0000;0,0000;-0,0000;-180,0000;11;0
3,4930;41,8917;-200,4508;91,3450;19,1057;-90,0000;131,8917;406,785;185,812;125,000;216,963;26,9330;-0,0000;0,0000;-0,0000;0,0000;26,9330;-180,0000;0,0000;-0,0000;0,0000;-0,0000;-180,0000;11;0
3,5026;42,1418;-200,4508;91,3450;19,1057;-90,0000;132,1418;405,970;187,586;125,000;203,480;25,2057;-0,0000;0,0000;-0,0000;0,0000;25,2057;-180,0000;0,0000;-0,0000;0,0000;-0,0000;-180,0000;11;0
3,5122;42,3754;-200,4508;91,3450;19,1057;-90,0000;132,3754;405,201;189,240;125,000;189,998;23,4784;-0,0000;0,0000;-0,0000;0,0000;23,4784;-180,0000;0,0000;-0,0000;0,0000;-0,0000;-180,0000;11;0
3,5218;42,5925;-200,4508;91,3450;19,1057;-90,0000;132,5925;404,482;190,773;125,000;176,516;21,7510;-0,0000;0,0000;-0,0000;0,0000;21,7510;-180,0000;0,0000;-0,0000;0,0000;-0,0000;-180,0000;11;0
3,5314;42,7929;-200,4508;91,3450;19,1057;-90,0000;132,7929;403,812;192,187;125,000;163,033;20,0237;-0,0000;0,0000;-0,0000;0,0000;20,0237;-180,0000;0,0000;-0,0000;0,0000;-0,0000;-180,0000;11;0
3,5410;42,9768;-200,4508;91,3450;19,1057;-90,0000;132,9768;403,193;193,482;125,000;149,551;18,2964;-0,0000;0,0000;-0,0000;0,0000;18,2964;-180,0000;0,0000;-0,0000;0,0000;-0,0000;-180,0000;11;0
3,5506;43,1440;-200,4508;91,3450;19,1057;-90,0000;133,1440;402,626;194,659;125,000;136,068;16,5691;-0,0000;0,0000;-0,0000;0,0000;16,5691;-180,0000;0,0000;-0,0000;0,0000;-0,0000;-180,0000;11;0
3,5602;43,2948;-200,4508;91,3450;19,1057;-90,0000;133,2948;402,113;195,717;125,000;122,586;14,8417;-0,0000;0,0000;-0,0000;0,0000;14,8417;-180,0000;0,0000;-0,0000;0,0000;-0,0000;-180,0000;11;0
3,5698;43,4289;-200,4508;91,3450;19,1057;-90,0000;133,4289;401,654;196,658;125,000;109,104;13,1144;-0,0000;0,0000;-0,0000;0,0000;13,1144;-180,0000;0,0000;-0,0000;0,0000;-0,0000;-180,0000;11;0
3,5794;43,5465;-200,4508;91,3450;19,1057;-90,0000;133,5465;401,249;197,482;125,000;95,621;11,3871;-0,0000;0,0000;-0,0000;0,0000;11,3871;-180,0000;0,0000;-0,0000;0,0000;-0,0000;-180,0000;11;0
3,5890;43,6474;-200,4508;91,3450;19,1057;-90,0000;133,6474;400,901;198,188;125,000;82,139;9,6597;-0,0000;0,0000;-0,0000;0,0000;9,6597;-180,0000;0,0000;-0,0000;0,0000;-0,0000;-180,0000;11;0
3,5986;43,7319;-200,4508;91,3450;19,1057;-90,0000;133,7319;400,608;198,779;125,000;68,656;7,9324;-0,0000;0,0000;-0,0000;0,0000;7,9324;-180,0000;0,0000;-0,0000;0,0000;-0,0000;-180,0000;11;0
3,6082;43,7997;-200,4508;91,3450;19,1057;-90,0000;133,7997;400,373;199,253;125,000;55,174;6,2051;-0,0000;0,0000;-0,0000;0,0000;6,2051;-180,0000;0,0000;-0,0000;0,0000;-0,0000;-180,0000;11;0
3,6178;43,8509;-200,4508;91,3450;19,1057;-90,0000;133,8509;400,194;199,611;125,000;41,692;4,4778;-0,0000;0,0000;-0,0000;0,0000;4,4778;-180,0000;0,0000;-0,0000;0,0000;-0,0000;-180,0000;11;0
3,6274;43,8856;-200,4508;91,3450;19,1057;-90,0000;133,8856;400,073;199,853;125,000;28,209;2,7504;-0,0000;0,0000;-0,0000;0,0000;2,7504;-176,2601;-2,1180;1,2693;0,8487;-0,0000;-176,2601;11;0
3,6370;43,9037;-200,4508;91,3450;19,1057;-90,0000;133,9037;400,010;199,980;125,000;14,727;1,0949;-0,0406;0,0244;0,0163;0,0000;1,0949;-135,4137;-25,2500;15,1301;10,1199;-0,0000;-135,4137;11;0
3,6466;43,9066;-200,4516;91,3455;19,1060;-90,0000;133,9066;400,000;200,000;124,994;2,450;0,1515;-0,4846;0,2904;0,1942;0,0000;0,1515;-57,0470;-69,6289;41,7091;27,9198;-0,0000;-57,0470;12;0
3,6562;43,9066;-200,4601;91,3506;19,1095;-90,0000;133,9066;400,000;200,000;124,927;6,968;0,0000;-1,3770;0,8249;0,5521;-0,0000;0,0000;-7,8934;-97,4596;58,3331;39,1265;-0,0000;-7,8934;12;0
3,6658;43,9066;-200,4780;91,3613;19,1166;-90,0000;133,9066;400,000;200,000;124,786;14,645;0,0000;-2,3551;1,4099;0,9452;-0,0000;0,0000;0,0000;-101,9179;60,8969;41,0210;-0,0000;0,0000;12;0
3,6754;43,9066;-200,5053;91,3777;19,1276;-90,0000;133,9066;400,000;200,000;124,572;22,322;0,0000;-3,3331;1,9936;1,3394;-0,0000;0,0000;0,0000;-101,8997;60,7214;41,1783;-0,0000;0,0000;12;0
3,6850;43,9066;-200,5420;91,3996;19,1424;-90,0000;133,9066;400,000;200,000;124,284;29,999;0,0000;-4,3108;2,5753;1,7355;-0,0000;0,0000;0,0000;-101,8752;60,4856;41,3896;-0,0000;0,0000;12;0
3,6946;43,9066;-200,5880;91,4271;19,1609;-90,0000;133,9066;400,000;200,000;123,923;37,676;0,0000;-5,2883;3,1545;2,1338;-0,0000;0,0000;0,0000;-101,8443;60,1894;41,6549;-0,0000;0,0000;12;0
3,7042;43,9066;-200,6435;91,4601;19,1833;-90,0000;133,9066;400,000;200,000;123,488;45,354;0,0000;-6,2655;3,7305;2,5349;-0,0000;0,0000;0,0000;-101,8071;59,8330;41,9740;-0,0000;0,0000;12;0
3,7138;43,9066;-200,7083;91,4987;19,2096;-90,0000;133,9066;400,000;200,000;122,979;53,031;0,0000;-7,2422;4,3029;2,9394;-0,0000;0,0000;0,0000;-101,7634;59,4164;42,3470;-0,0000;0,0000;12;0
3,7234;43,9066;-200,7825;91,5427;19,2397;-90,0000;133,9066;400,000;200,000;122,396;60,708;0,0000;-8,2186;4,8709;3,3477;-0,0000;0,0000;0,0000;-101,7132;58,9395;42,7737;-0,0000;0,0000;12;0
3,7329;43,9066;-200,8660;91,5922;19,2738;-90,0000;133,9066;400,000;200,000;121,740;68,385;0,0000;-9,1944;5,4341;3,7603;-0,0000;0,0000;0,0000;-101,6564;58,4025;43,2539;-0,0000;0,0000;12;0
3,7425;43,9066;-200,9589;91,6470;19,3119;-90,0000;133,9066;400,000;200,000;121,010;76,062;0,0000;-10,1696;5,9918;4,1778;-0,0000;0,0000;0,0000;-101,5929;57,8054;43,7875;-0,0000;0,0000;12;0
3,7521;43,9066;-201,0612;91,7072;19,3540;-90,0000;133,9066;400,000;200,000;120,206;83,739;0,0000;-11,1442;6,5435;4,6007;-0,0000;0,0000;0,0000;-101,5227;57,1482;44,3744;-0,0000;0,0000;12;0
3,7617;43,9066;-201,1728;91,7726;19,4002;-90,0000;133,9066;400,000;200,000;119,329;91,416;0,0000;-12,1181;7,0886;5,0295;-0,0000;0,0000;0,0000;-101,4455;56,4311;45,0144;-0,0000;0,0000;12;0
3,7713;43,9066;-201,2938;91,8432;19,4505;-90,0000;133,9066;400,000;200,000;118,378;99,093;0,0000;-13,0912;7,6265;5,4647;-0,0000;0,0000;0,0000;-101,3612;55,6539;45,7073;-0,0000;0,0000;12;0
3,7809;43,9066;-201,4241;91,9190;19,5051;-90,0000;133,9066;400,000;200,000;117,354;106,770;0,0000;-14,0635;8,1567;5,9067;-0,0000;0,0000;0,0000;-101,2697;54,8169;46,4529;-0,0000;0,0000;12;0
3,7905;43,9066;-201,5637;91,9998;19,5639;-90,0000;133,9066;400,000;200,000;116,255;114,447;0,0000;-15,0348;8,6786;6,3562;-0,0000;0,0000;0,0000;-101,1708;53,9199;47,2509;0,0000;0,0000;12;0
3,8001;43,9066;-201,7126;92,0855;19,6271;-90,0000;133,9066;400,000;200,000;115,083;122,124;0,0000;-16,0052;9,1916;6,8136;-0,0000;0,0000;0,0000;-101,0642;52,9632;48,1010;-0,0000;0,0000;12;0
3,8097;43,9066;-201,8709;92,1762;19,6947;-90,0000;133,9066;400,000;200,000;113,838;129,801;0,0000;-16,9745;9,6951;7,2794;-0,0000;0,0000;0,0000;-100,9497;51,9466;49,0031;-0,0000;0,0000;12;0
3,8193;43,9066;-202,0384;92,2716;19,7668;-90,0000;133,9066;400,000;200,000;112,519;137,478;0,0000;-17,9427;10,1886;7,7541;-0,0000;0,0000;0,0000;-100,8271;50,8703;49,9568;-0,0000;0,0000;12;0
3,8289;43,9066;-202,2152;92,3717;19,8435;-90,0000;133,9066;400,000;200,000;111,126;145,155;0,0000;-18,9096;10,6714;8,2382;-0,0000;0,0000;0,0000;-100,6960;49,7342;50,9618;-0,0000;0,0000;12;0
3,8385;43,9066;-202,4013;92,4764;19,9249;-90,0000;133,9066;400,000;200,000;109,659;152,832;0,0000;-19,8753;11,1431;8,7322;-0,0000;0,0000;0,0000;-100,5561;48,5385;52,0176;-0,0000;0,0000;12;0
3,8481;43,9066;-202,5967;92,5856;20,0111;-90,0000;133,9066;400,000;200,000;108,119;160,509;0,0000;-20,8396;11,6030;9,2365;-0,0000;0,0000;0,0000;-100,4070;47,2829;53,1240;-0,0000;0,0000;12;0
3,8577;43,9066;-202,8013;92,6991;20,1022;-90,0000;133,9066;400,000;200,000;106,505;168,186;0,0000;-21,8024;12,0506;9,7518;-0,0000;0,0000;-0,0000;-100,2482;45,9677;54,2806;-0,0001;-0,0000;12;0
3,8673;43,9066;-203,0151;92,8169;20,1982;-90,0000;133,9066;400,000;200,000;104,817;175,863;-0,0000;-22,7636;12,4853;10,2783;-0,0000;-0,0000;-0,0000;-100,0794;44,5927;55,4868;-0,0001;-0,0000;12;0
3,8769;43,9066;-203,2382;92,9387;20,2994;-90,0000;133,9066;400,000;200,000;103,056;183,540;-0,0000;-23,7231;12,9064;10,8167;-0,0000;-0,0000;0,0000;-99,9001;43,1579;56,7421;0,0001;0,0000;12;0
3,8865;43,9066;-203,4704;93,0646;20,4058;-90,0000;133,9066;400,000;200,000;101,221;191,217;0,0000;-24,6809;13,3136;11,3674;-0,0000;0,0000;0,0000;-99,7095;41,6632;58,0462;0,0001;0,0000;12;0
3,8961;43,9066;-203,7119;93,1943;20,5176;-90,0000;133,9066;400,000;200,000;99,312;198,894;0,0000;-25,6368;13,7061;11,9308;-0,0000;0,0000;0,0000;-99,5072;40,1087;59,3985;-0,0000;-0,0000;12;0
3,9057;43,9066;-203,9625;93,3276;20,6348;-90,0000;133,9066;400,000;200,000;97,330;206,571;0,0000;-26,5907;14,0834;12,5074;-0,0000;0,0000;0,0000;-99,2925;38,4942;60,7983;-0,0000;-0,0000;12;0
3,9153;43,9066;-204,2222;93,4646;20,7576;-90,0000;133,9066;400,000;200,000;95,274;214,248;0,0000;-27,5425;14,4449;13,0976;-0,0000;0,0000;0,0000;-99,0646;36,8195;62,2450;0,0000;0,0000;12;0
3,9249;43,9066;-204,4911;93,6049;20,8862;-90,0000;133,9066;400,000;200,000;93,144;221,925;0,0000;-28,4920;14,7900;13,7020;-0,0000;0,0000;0,0000;-98,8227;35,0847;63,7380;0,0000;0,0000;12;0
3,9345;43,9066;-204,7690;93,7484;21,0206;-90,0000;133,9066;400,000;200,000;90,941;229,602;0,0000;-29,4392;15,1182;14,3209;-0,0000;0,0000;0,0000;-98,5660;33,2895;65,2765;-0,0000;0,0000;12;0
3,9441;43,9066;-205,0561;93,8950;21,1611;-90,0000;133,9066;400,000;200,000;88,664;237,279;0,0000;-30,3838;15,4289;14,9548;-0,0000;0,0000;0,0000;-98,2935;31,4339;66,8597;-0,0000;-0,0000;12;0
3,9537;43,9066;-205,3522;94,0445;21,3076;-90,0000;133,9066;400,000;200,000;86,313;244,956;0,0000;-31,3257;15,7215;15,6041;-0,0000;0,0000;0,0000;-98,0043;29,5175;68,4867;-0,0000;0,0000;12;0
3,9633;43,9066;-205,6573;94,1968;21,4605;-90,0000;133,9066;400,000;200,000;83,889;252,633;0,0000;-32,2647;15,9954;16,2693;-0,0000;0,0000;0,0000;-97,6971;27,5403;70,1568;-0,0000;0,0000;12;0
3,9729;43,9066;-205,9714;94,3515;21,6199;-90,0000;133,9066;400,000;200,000;81,391;260,310;0,0000;-33,2007;16,2501;16,9506;-0,0000;0,0000;0,0000;-97,3709;25,5021;71,8689;-0,0000;0,0000;12;0
3,9825;43,9066;-206,2945;94,5087;21,7859;-90,0000;133,9066;400,000;200,000;78,819;267,987;0,0000;-34,1335;16,4849;17,6486;-0,0000;0,0000;0,0000;-89,0259;19,6471;69,3787;0,0000;0,0000;12;0
3,9920;43,9066;-206,6265;94,6679;21,9586;-90,0000;133,9066;400,000;200,000;76,174;275,664;0,0000;-34,9093;16,6272;18,2822;0,0000;0,0000;0,0000;-35,3405;-7,1254;42,4660;0,0000;0,0000;12;0
4,0016;43,9066;-206,9645;94,8278;22,1367;-90,0000;133,9066;400,000;200,000;73,478;280,891;0,0000;-34,8118;16,3481;18,4636;0,0000;0,0000;-0,0000;52,2764;-48,4603;-3,8161;-0,0000;-0,0000;12;0
4,0112;43,9066;-207,2947;94,9817;22,3130;-90,0000;133,9066;400,000;200,000;70,843;274,667;0,0000;-33,9060;15,6971;18,2089;-0,0000;0,0000;-0,0000;99,0171;-69,0484;-29,9687;-0,0000;-0,0000;12;0
4,0208;43,9066;-207,6153;95,1290;22,4862;-90,0000;133,9066;400,000;200,000;68,281;266,990;0,0000;-32,9114;15,0229;17,8885;-0,0000;0,0000;-0,0000;103,5309;-69,2263;-34,3046;-0,0000;-0,0000;12;0
4,0304;43,9066;-207,9263;95,2700;22,6563;-90,0000;133,9066;400,000;200,000;65,792;259,313;0,0000;-31,9190;14,3685;17,5505;-0,0000;0,0000;-0,0000;103,2941;-67,2015;-36,0926;0,0000;-0,0000;12;0
4,0400;43,9066;-208,2279;95,4048;22,8231;-90,0000;133,9066;400,000;200,000;63,377;251,636;0,0000;-30,9289;13,7332;17,1958;0,0000;0,0000;0,0000;103,0564;-65,2362;-37,8202;0,0000;0,0000;12;0
4,0496;43,9066;-208,5199;95,5336;22,9863;-90,0000;133,9066;400,000;200,000;61,036;243,959;0,0000;-29,9411;13,1164;16,8247;0,0000;0,0000;-0,0000;102,8184;-63,3304;-39,4879;-0,0000;0,0000;12;0
4,0592;43,9066;-208,8025;95,6565;23,1460;-90,0000;133,9066;400,000;200,000;58,769;236,282;0,0000;-28,9556;12,5177;16,4379;0,0000;0,0000;-0,0000;102,5803;-61,4841;-41,0962;-0,0000;-0,0000;12;0
4,0688;43,9066;-209,0757;95,7738;23,3018;-90,0000;133,9066;400,000;200,000;56,575;228,605;0,0000;-27,9723;11,9364;16,0359;0,0000;0,0000;-0,0000;102,3426;-59,6971;-42,6455;-0,0000;-0,0000;12;0
4,0784;43,9066;-209,3394;95,8856;23,4537;-90,0000;133,9066;400,000;200,000;54,455;220,928;0,0000;-26,9913;11,3719;15,6194;-0,0000;0,0000;-0,0000;102,1059;-57,9696;-44,1363;-0,0000;-0,0000;12;0
4,0880;43,9066;-209,5937;95,9921;23,6016;-90,0000;133,9066;400,000;200,000;52,409;213,251;0,0000;-26,0126;10,8238;15,1888;-0,0000;0,0000;-0,0000;101,8706;-56,3014;-45,5692;-0,0000;-0,0000;12;0
4,0976;43,9066;-209,8386;96,0934;23,7452;-90,0000;133,9066;400,000;200,000;50,436;205,574;0,0000;-25,0362;10,2914;14,7448;-0,0000;0,0000;-0,0000;101,6373;-54,6925;-46,9447;0,0000;0,0000;12;0
4,1072;43,9066;-210,0742;96,1896;23,8846;-90,0000;133,9066;400,000;200,000;48,537;197,897;0,0000;-24,0620;9,7741;14,2879;-0,0000;0,0000;-0,0000;101,4065;-53,1431;-48,2634;0,0000;-0,0000;12;0
4,1168;43,9066;-210,3004;96,2810;24,0195;-90,0000;133,9066;400,000;200,000;46,711;190,220;0,0000;-23,0899;9,2714;13,8185;-0,0000;0,0000;-0,0000;101,1787;-51,6531;-49,5256;0,0000;-0,0000;12;0
4,1264;43,9066;-210,5173;96,3676;24,1498;-90,0000;133,9066;400,000;200,000;44,960;182,543;0,0000;-22,1201;8,7828;13,3373;-0,0000;0,0000;-0,0000;100,9546;-50,2226;-50,7321;0,0000;-0,0000;12;0
4,1360;43,9066;-210,7250;96,4495;24,2754;-90,0000;133,9066;400,000;200,000;43,282;174,866;0,0000;-21,1524;8,3075;12,8448;-0,0000;0,0000;-0,0000;100,7348;-48,8516;-51,8832;-0,0000;-0,0000;12;0
4,1456;43,9066;-210,9233;96,5270;24,3963;-90,0000;133,9066;400,000;200,000;41,677;167,189;0,0000;-20,1867;7,8452;12,3416;-0,0000;0,0000;-0,0000;100,5197;-47,5402;-52,9795;0,0000;-0,0000;12;0
4,1552;43,9066;-211,1124;96,6001;24,5123;-90,0000;133,9066;400,000;200,000;40,146;159,512;0,0000;-19,2231;7,3951;11,8280;-0,0000;0,0000;-0,0000;100,3099;-46,2884;-54,0215;0,0000;0,0000;12;0
4,1648;43,9066;-211,2923;96,6689;24,6233;-90,0000;133,9066;400,000;200,000;38,689;151,835;0,0000;-18,2615;6,9568;11,3048;-0,0000;0,0000;-0,0000;100,1061;-45,0964;-55,0097;0,0000;-0,0000;12;0
4,1744;43,9066;-211,4629;96,7336;24,7293;-90,0000;133,9066;400,000;200,000;37,306;144,158;0,0000;-17,3018;6,5296;10,7723;-0,0000;0,0000;-0,0000;99,9088;-43,9641;-55,9446;0,0000;-0,0000;12;0
4,1840;43,9066;-211,6243;96,7942;24,8301;-90,0000;133,9066;400,000;200,000;35,996;136,481;0,0000;-16,3440;6,1130;10,2310;-0,0000;0,0000;-0,0000;99,7184;-42,8917;-56,8267;-0,0000;-0,0000;12;0
4,1936;43,9066;-211,7766;96,8509;24,9256;-90,0000;133,9066;400,000;200,000;34,760;128,804;0,0000;-15,3880;5,7064;9,6816;-0,0000;0,0000;-0,0000;99,5357;-41,8792;-57,6564;-0,0000;-0,0000;12;0
4,2032;43,9066;-211,9197;96,9038;25,0159;-90,0000;133,9066;400,000;200,000;33,598;121,127;0,0000;-14,4337;5,3092;9,1245;-0,0000;0,0000;-0,0000;99,3610;-40,9267;-58,4343;0,0000;-0,0000;12;0
4,2128;43,9066;-212,0536;96,9528;25,1008;-90,0000;133,9066;400,000;200,000;32,509;113,450;0,0000;-13,4810;4,9209;8,5601;-0,0000;0,0000;-0,0000;99,1948;-40,0342;-59,1606;0,0000;0,0000;12;0
4,2224;43,9066;-212,1784;96,9982;25,1802;-90,0000;133,9066;400,000;200,000;31,494;105,773;0,0000;-12,5299;4,5409;7,9890;-0,0000;0,0000;-0,0000;99,0376;-39,2018;-59,8358;0,0000;-0,0000;12;0
4,2320;43,9066;-212,2941;97,0400;25,2541;-90,0000;133,9066;400,000;200,000;30,553;98,096;0,0000;-11,5802;4,1685;7,4117;-0,0000;0,0000;-0,0000;98,8900;-38,4296;-60,4604;0,0000;-0,0000;12;0
4,2416;43,9066;-212,4006;97,0782;25,3224;-90,0000;133,9066;400,000;200,000;29,685;90,419;0,0000;-10,6319;3,8033;6,8286;-0,0000;0,0000;-0,0000;98,7522;-37,7176;-61,0346;0,0000;-0,0000;12;0
4,2511;43,9066;-212,4981;97,1130;25,3851;-90,0000;133,9066;400,000;200,000;28,891;82,742;0,0000;-9,6849;3,4446;6,2403;-0,0000;0,0000;-0,0000;98,6247;-37,0658;-61,5589;0,0000;-0,0000;12;0
4,2607;43,9066;-212,5865;97,1443;25,4422;-90,0000;133,9066;400,000;200,000;28,171;75,065;0,0000;-8,7391;3,0919;5,6472;-0,0000;0,0000;-0,0000;98,5079;-36,4744;-62,0335;0,0000;-0,0000;12;0
4,2703;43,9066;-212,6658;97,1723;25,4935;-90,0000;133,9066;400,000;200,000;27,524;67,388;0,0000;-7,7943;2,7446;5,0497;-0,0000;0,0000;-0,0000;98,4020;-35,9433;-62,4587;-0,0000;-0,0000;12;0
4,2799;43,9066;-212,7361;97,1970;25,5391;-90,0000;133,9066;400,000;200,000;26,951;59,711;0,0000;-6,8505;2,4021;4,4484;-0,0000;0,0000;-0,0000;98,3075;-35,4727;-62,8348;-0,0000;-0,0000;12;0
4,2895;43,9066;-212,7973;97,2184;25,5789;-90,0000;133,9066;400,000;200,000;26,452;52,034;0,0000;-5,9075;2,0638;3,8438;-0,0000;0,0000;0,0000;98,2245;-35,0624;-63,1620;0,0000;0,0000;12;0
4,2991;43,9066;-212,8495;97,2366;25,6129;-90,0000;133,9066;400,000;200,000;26,026;44,357;0,0000;-4,9653;1,7291;3,2362;0,0000;0,0000;0,0000;98,1533;-34,7126;-63,4406;0,0000;0,0000;12;0
4,3087;43,9066;-212,8926;97,2516;25,6410;-90,0000;133,9066;400,000;200,000;25,674;36,680;0,0000;-4,0237;1,3976;2,6262;0,0000;0,0000;-0,0000;98,0941;-34,4234;-63,6708;-0,0000;-0,0000;12;0
4,3183;43,9066;-212,9267;97,2634;25,6633;-90,0000;133,9066;400,000;200,000;25,396;29,003;0,0000;-3,0826;1,0685;2,0142;-0,0000;0,0000;-0,0000;98,0472;-34,1946;-63,8525;-0,0000;-0,0000;12;0
4,3279;43,9066;-212,9518;97,2721;25,6797;-90,0000;133,9066;400,000;200,000;25,191;21,326;0,0000;-2,1419;0,7413;1,4007;-0,0000;0,0000;-0,0000;98,0125;-34,0264;-63,9861;0,0000;-0,0000;12;0
4,3375;43,9066;-212,9678;97,2777;25,6902;-90,0000;133,9066;400,000;200,000;25,060;13,649;0,0000;-1,2015;0,4154;0,7861;-0,0000;0,0000;0,0000;91,6039;-31,7122;-59,8917;0,0001;0,0000;12;0
4,3471;43,9066;-212,9748;97,2801;25,6948;-90,0000;133,9066;400,000;200,000;25,003;5,972;0,0000;-0,3838;0,1326;0,2512;0,0000;0,0000;0,0000;61,6583;-21,3177;-40,3406;0,0001;0,0000;12;0
4,3567;43,9066;-212,9752;97,2802;25,6950;-90,0000;133,9066;400,000;200,000;25,000;0,296;0,0000;-0,0181;0,0063;0,0119;0,0000;0,0000;-0,0000;19,9992;-6,9110;-13,0882;-0,0001;-0,0000;13;0
4,3663;43,9066;-212,9752;97,2802;25,6950;-90,0000;133,9066;400,000;200,000;25,000;0,000;0,0000;0,0000;0,0000;0,0000;0,0000;0,0000;-0,0000;0,9456;-0,3267;-0,6189;-0,0001;-0,0000;13;0
4,3759;43,9066;-212,9752;97,2802;25,6950;-90,0000;133,9066;400,000;200,000;25,000;0,000;0,0000;0,0000;0,0000;0,0000;0,0000;0,0000;0,0000;0,0000;0,0000;-0,0000;0,0000;-0,0000;13;0
4,3855;43,9066;-212,9752;97,2802;25,6950;-90,0000;133,9066;400,000;200,000;25,000;0,000;0,0000;0,0000;0,0000;-0,0000;0,0000;-0,0000;0,0000;-0,0000;0,0000;0,0000;-0,0000;0,0000;13;0
4,3951;43,9066;-212,9752;97,2802;25,6950;-90,0000;133,9066;400,000;200,000;25,000;0,000;0,0000;-0,0000;0,0000;0,0000;-0,0000;0,0000;0,0000;-0,0000;0,0000;0,0000;-0,0000;0,0000;13;0
4,4047;43,9066;-212,9752;97,2802;25,6950;-90,0000;133,9066;400,000;200,000;25,000;0,000;0,0000;0,0000;0,0000;0,0000;0,0000;0,0000;0,0000;0,0000;0,0000;-0,0000;0,0000;-0,0000;13;0
4,4143;43,9066;-212,9752;97,2802;25,6950;-90,0000;133,9066;400,000;200,000;25,000;0,000;0,0000;0,0000;0,0000;0,0000;0,0000;0,0000;0,0000;0,0000;0,0000;0,0000;0,0000;0,0000;13;0
4,4239;43,9066;-212,9752;97,2802;25,6950;-90,0000;133,9066;400,000;200,000;25,000;0,000;0,0000;0,0000;0,0000;0,0000;0,0000;0,0000;0,0000;0,0000;0,0000;0,0000;0,0000;0,0000;13;0
4,4335;43,9066;-212,9752;97,2802;25,6950;-90,0000;133,9066;400,000;200,000;25,000;0,000;0,0000;0,0000;0,0000;0,0000;0,0000;0,0000;0,0000;0,0000;0,0000;0,0000;0,0000;0,0000;13;0
4,4431;43,9066;-212,9752;97,2802;25,6950;-90,0000;133,9066;400,000;200,000;25,000;0,000;0,0000;0,0000;0,0000;0,0000;0,0000;0,0000;0,0000;0,0000;0,0000;-0,0000;0,0000;-0,0000;13;0
4,4527;43,9066;-212,9752;97,2802;25,6950;-90,0000;133,9066;400,000;200,000;25,000;0,000;0,0000;0,0000;0,0000;-0,0000;0,0000;-0,0000;0,0000;-0,0000;0,0000;0,0000;-0,0000;0,0000;13;0
4,4623;43,9066;-212,9752;97,2802;25,6950;-90,0000;133,9066;400,000;200,000;25,000;0,000;0,0000;-0,0000;0,0000;0,0000;-0,0000;0,0000;0,0000;-0,0000;0,0000;0,0000;-0,0000;0,0000;13;0
4,4719;43,9066;-212,9752;97,2802;25,6950;-90,0000;133,9066;400,000;200,000;25,000;0,000;0,0000;0,0000;0,0000;0,0000;0,0000;0,0000;0,0000;0,0000;0,0000;-0,0000;0,0000;-0,0000;13;0
4,4815;43,9066;-212,9752;97,2802;25,6950;-90,0000;133,9066;400,000;200,000;25,000;0,000;0,0000;0,0000;0,0000;0,0000;0,0000;0,0000;0,0000;0,0000;0,0000;0,0000;0,0000;0,0000;13;0
4,4911;43,9066;-212,9752;97,2802;25,6950;-90,0000;133,9066;400,000;200,000;25,000;0,000;0,0000;0,0000;0,0000;0,0000;0,0000;0,0000;0,0000;0,0000;0,0000;0,0000;0,0000;0,0000;13;0
4,5007;43,9066;-212,9752;97,2802;25,6950;-90,0000;133,9066;400,000;200,000;25,000;0,000;0,0000;0,0000;0,0000;0,0000;0,0000;0,0000;0,0000;0,0000;0,0000;0,0000;0,0000;0,0000;13;0
4,5102;43,9066;-212,9752;97,2802;25,6950;-90,0000;133,9066;400,000;200,000;25,000;0,000;0,0000;0,0000;0,0000;0,0000;0,0000;0,0000;0,0000;0,0000;0,0000;-0,0000;0,0000;-0,0000;13;0
4,5198;43,9066;-212,9752;97,2802;25,6950;-90,0000;133,9066;400,000;200,000;25,000;0,000;0,0000;0,0000;0,0000;-0,0000;0,0000;-0,0000;0,0000;-0,0000;0,0000;0,0000;-0,0000;0,0000;13;0
4,5294;43,9066;-212,9752;97,2802;25,6950;-90,0000;133,9066;400,000;200,000;25,000;0,000;0,0000;-0,0000;0,0000;0,0000;-0,0000;0,0000;0,0000;-0,0000;0,0000;0,0000;-0,0000;0,0000;13;0
4,5390;43,9066;-212,9752;97,2802;25,6950;-90,0000;133,9066;400,000;200,000;25,000;0,000;0,0000;0,0000;0,0000;0,0000;0,0000;0,0000;0,0000;0,0000;0,0000;-0,0000;0,0000;-0,0000;13;0
4,5486;43,9066;-212,9752;97,2802;25,6950;-90,0000;133,9066;400,000;200,000;25,000;0,000;0,0000;0,0000;0,0000;0,0000;0,0000;0,0000;0,0000;0,0000;0,0000;0,0000;0,0000;0,0000;13;0
4,5582;43,9066;-212,9752;97,2802;25,6950;-90,0000;133,9066;400,000;200,000;25,000;0,000;0,0000;0,0000;0,0000;0,0000;0,0000;0,0000;0,0000;0,0000;0,0000;0,0000;0,0000;0,0000;13;0
4,5678;43,9066;-212,9752;97,2802;25,6950;-90,0000;133,9066;400,000;200,000;25,000;0,000;0,0000;0,0000;0,0000;0,0000;0,0000;0,0000;0,0000;0,0000;0,0000;0,0000;0,0000;0,0000;13;0
4,5774;43,9066;-212,9752;97,2802;25,6950;-90,0000;133,9066;400,000;200,000;25,000;0,000;0,0000;0,0000;0,0000;0,0000;0,0000;0,0000;0,0000;0,0000;0,0000;0,0000;0,0000;0,0000;13;0
4,5870;43,9066;-212,9752;97,2802;25,6950;-90,0000;133,9066;400,000;200,000;25,000;0,000;0,0000;0,0000;0,0000;0,0000;0,0000;0,0000;0,0000;0,0000;0,0000;-0,0000;0,0000;-0,0000;13;0
4,5966;43,9066;-212,9752;97,2802;25,6950;-90,0000;133,9066;400,000;200,000;25,000;0,000;0,0000;0,0000;0,0000;-0,0000;0,0000;-0,0000;0,0000;-0,0000;0,0000;0,0000;-0,0000;0,0000;13;0
4,6062;43,9066;-212,9752;97,2802;25,6950;-90,0000;133,9066;400,000;200,000;25,000;0,000;0,0000;-0,0000;0,0000;0,0000;-0,0000;0,0000;0,0000;-0,0000;0,0000;0,0000;-0,0000;0,0000;13;0
4,6158;43,9066;-212,9752;97,2802;25,6950;-90,0000;133,9066;400,000;200,000;25,000;0,000;0,0000;0,0000;0,0000;0,0000;0,0000;0,0000;0,0000;0,0000;0,0000;-0,0000;0,0000;-0,0000;13;0
4,6254;43,9066;-212,9752;97,2802;25,6950;-90,0000;133,9066;400,000;200,000;25,000;0,000;0,0000;0,0000;0,0000;0,0000;0,0000;0,0000;0,0000;0,0000;0,0000;0,0000;0,0000;0,0000;13;0
4,6350;43,9066;-212,9752;97,2802;25,6950;-90,0000;133,9066;400,000;200,000;25,000;0,000;0,0000;0,0000;0,0000;0,0000;0,0000;0,0000;-0,0000;2,5913;-0,8952;-1,6961;0,0000;-0,0000;13;0
4,6446;43,9066;-212,9752;97,2802;25,6950;-90,0000;133,9066;400,000;200,000;25,000;0,000;-0,0000;0,0497;-0,0172;-0,0326;0,0000;-0,0000;-0,0000;26,1057;-9,0218;-17,0840;0,0000;-0,0000;13;0
4,6542;43,9066;-212,9742;97,2799;25,6944;-90,0000;133,9066;400,000;200,000;25,008;0,812;-0,0000;0,5010;-0,1732;-0,3279;0,0000;-0,0000;0,0000;68,9352;-23,8375;-45,0977;-0,0000;0,0000;15;0
4,6638;43,9066;-212,9656;97,2769;25,6887;-90,0000;133,9066;400,000;200,000;25,079;7,370;0,0000;1,3728;-0,4747;-0,8981;0,0000;0,0000;0,0000;94,4220;-32,6999;-61,7221;-0,0000;0,0000;15;0
4,6734;43,9066;-212,9479;97,2708;25,6771;-90,0000;133,9066;400,000;200,000;25,223;15,047;0,0000;2,3132;-0,8007;-1,5125;0,0000;0,0000;0,0000;98,0179;-34,0525;-63,9654;-0,0000;0,0000;15;0
4,6830;43,9066;-212,9212;97,2615;25,6597;-90,0000;133,9066;400,000;200,000;25,441;22,724;0,0000;3,2540;-1,1282;-2,1257;0,0000;0,0000;0,0000;98,0548;-34,2318;-63,8230;0,0000;0,0000;15;0
4,6926;43,9066;-212,8854;97,2491;25,6363;-90,0000;133,9066;400,000;200,000;25,733;30,401;0,0000;4,1952;-1,4577;-2,7374;0,0000;0,0000;0,0000;98,1040;-34,4715;-63,6325;0,0000;0,0000;15;0
4,7022;43,9066;-212,8407;97,2335;25,6071;-90,0000;133,9066;400,000;200,000;26,098;38,078;0,0000;5,1369;-1,7898;-3,3470;0,0000;0,0000;0,0000;98,1654;-34,7718;-63,3935;0,0000;0,0000;15;0
4,7118;43,9066;-212,7869;97,2148;25,5721;-90,0000;133,9066;400,000;200,000;26,537;45,755;0,0000;6,0792;-2,1251;-3,9541;0,0000;0,0000;0,0000;98,2387;-35,1326;-63,1061;-0,0000;0,0000;15;0
4,7214;43,9066;-212,7240;97,1928;25,5312;-90,0000;133,9066;400,000;200,000;27,050;53,432;0,0000;7,0223;-2,4641;-4,5582;0,0000;0,0000;0,0000;98,3238;-35,5539;-62,7700;-0,0000;0,0000;15;0
4,7310;43,9066;-212,6521;97,1675;25,4846;-90,0000;133,9066;400,000;200,000;27,636;61,109;0,0000;7,9663;-2,8075;-5,1588;0,0000;0,0000;0,0000;98,4205;-36,0355;-62,3849;0,0000;0,0000;15;0
4,7406;43,9066;-212,5711;97,1389;25,4322;-90,0000;133,9066;400,000;200,000;28,296;68,786;0,0000;8,9112;-3,1557;-5,7555;0,0000;0,0000;0,0000;98,5283;-36,5776;-61,9507;0,0000;0,0000;15;0
4,7502;43,9066;-212,4810;97,1069;25,3741;-90,0000;133,9066;400,000;200,000;29,030;76,463;0,0000;9,8573;-3,5095;-6,3478;0,0000;0,0000;0,0000;98,6471;-37,1800;-61,4671;0,0000;0,0000;15;0
4,7598;43,9066;-212,3819;97,0715;25,3104;-90,0000;133,9066;400,000;200,000;29,838;84,140;0,0000;10,8045;-3,8693;-6,9352;0,0000;0,0000;0,0000;98,7765;-37,8428;-60,9338;-0,0000;0,0000;15;0
4,7693;43,9066;-212,2737;97,0326;25,2410;-90,0000;133,9066;400,000;200,000;30,719;91,817;0,0000;11,7531;-4,2358;-7,5173;0,0000;0,0000;0,0000;98,9161;-38,5657;-60,3504;0,0000;0,0000;15;0
4,7789;43,9066;-212,1563;96,9902;25,1661;-90,0000;133,9066;400,000;200,000;31,674;99,494;0,0000;12,7030;-4,6095;-8,0935;0,0000;0,0000;0,0000;99,0656;-39,3489;-59,7166;0,0000;0,0000;15;0
4,7885;43,9066;-212,0299;96,9442;25,0857;-90,0000;133,9066;400,000;200,000;32,702;107,171;0,0000;13,6544;-4,9910;-8,6634;0,0000;0,0000;0,0000;99,2244;-40,1923;-59,0321;0,0000;0,0000;15;0
4,7981;43,9066;-211,8943;96,8944;24,9999;-90,0000;133,9066;400,000;200,000;33,804;114,848;0,0000;14,6074;-5,3809;-9,2265;0,0000;0,0000;0,0000;99,3921;-41,0957;-58,2965;0,0000;0,0000;15;0
4,8077;43,9066;-211,7495;96,8409;24,9086;-90,0000;133,9066;400,000;200,000;34,980;122,525;0,0000;15,5620;-5,7797;-9,7822;0,0000;0,0000;0,0000;99,5684;-42,0591;-57,5092;0,0000;0,0000;15;0
4,8173;43,9066;-211,5956;96,7835;24,8121;-90,0000;133,9066;400,000;200,000;36,229;130,202;0,0000;16,5183;-6,1881;-10,3302;0,0000;0,0000;0,0000;99,7526;-43,0826;-56,6700;-0,0000;0,0000;15;0
4,8269;43,9066;-211,4325;96,7221;24,7104;-90,0000;133,9066;400,000;200,000;37,552;137,879;0,0000;17,4765;-6,6066;-10,8699;0,0000;0,0000;0,0000;99,9442;-44,1659;-55,7783;-0,0000;0,0000;15;0
4,8365;43,9066;-211,2602;96,6567;24,6035;-90,0000;133,9066;400,000;200,000;38,949;145,556;0,0000;18,4365;-7,0358;-11,4008;0,0000;0,0000;0,0000;100,1428;-45,3090;-54,8337;0,0000;0,0000;15;0
4,8461;43,9066;-211,0787;96,5871;24,4916;-90,0000;133,9066;400,000;200,000;40,420;153,233;0,0000;19,3985;-7,4762;-11,9223;0,0000;0,0000;0,0000;100,3477;-46,5119;-53,8358;0,0000;0,0000;15;0
4,8557;43,9066;-210,8879;96,5132;24,3747;-90,0000;133,9066;400,000;200,000;41,964;160,910;0,0000;20,3624;-7,9284;-12,4340;0,0000;0,0000;0,0000;100,5584;-47,7746;-52,7839;-0,0000;-0,0000;15;0
4,8653;43,9066;-210,6878;96,4349;24,2529;-90,0000;133,9066;400,000;200,000;43,582;168,587;0,0000;21,3284;-8,3931;-12,9353;0,0000;0,0000;0,0000;100,7745;-49,0968;-51,6776;-0,0000;-0,0000;15;0
4,8749;43,9066;-210,4785;96,3521;24,1264;-90,0000;133,9066;400,000;200,000;45,273;176,264;0,0000;22,2966;-8,8707;-13,4258;0,0000;0,0000;0,0000;100,9951;-50,4786;-50,5165;0,0000;0,0000;15;0
4,8845;43,9066;-210,2599;96,2647;23,9952;-90,0000;133,9066;400,000;200,000;47,038;183,941;0,0000;23,2668;-9,3619;-13,9049;0,0000;0,0000;0,0000;101,2199;-51,9200;-49,2999;0,0000;0,0000;15;0
4,8941;43,9066;-210,0320;96,1725;23,8595;-90,0000;133,9066;400,000;200,000;48,877;191,618;0,0000;24,2392;-9,8672;-14,3720;0,0000;0,0000;0,0000;101,4483;-53,4208;-48,0275;-0,0000;0,0000;15;0
4,9037;43,9066;-209,7947;96,0753;23,7194;-90,0000;133,9066;400,000;200,000;50,790;199,295;0,0000;25,2138;-10,3872;-14,8267;0,0000;0,0000;-0,0000;101,6796;-54,9811;-46,6985;-0,0001;-0,0000;15;0
4,9133;43,9066;-209,5481;95,9731;23,5750;-90,0000;133,9066;400,000;200,000;52,776;206,972;-0,0000;26,1907;-10,9224;-15,2683;-0,0000;-0,0000;-0,0000;101,9133;-56,6007;-45,3125;-0,0001;-0,0000;15;0
4,9229;43,9066;-209,2920;95,8657;23,4264;-90,0000;133,9066;400,000;200,000;54,836;214,649;-0,0000;27,1698;-11,4735;-15,6963;-0,0000;-0,0000;0,0000;102,1489;-58,2798;-43,8692;0,0001;0,0000;15;0
4,9325;43,9066;-209,0266;95,7529;23,2737;-90,0000;133,9066;400,000;200,000;56,969;222,326;0,0000;28,1512;-12,0410;-16,1102;0,0000;0,0000;0,0000;102,3858;-60,0181;-42,3677;0,0001;0,0000;15;0
4,9421;43,9066;-208,7517;95,6346;23,1172;-90,0000;133,9066;400,000;200,000;59,176;230,003;0,0000;29,1349;-12,6254;-16,5095;0,0000;0,0000;0,0000;102,6236;-61,8159;-40,8077;0,0000;-0,0000;15;0
4,9517;43,9066;-208,4674;95,5106;22,9569;-90,0000;133,9066;400,000;200,000;61,457;237,680;0,0000;30,1208;-13,2274;-16,8934;0,0000;0,0000;0,0000;102,8617;-63,6730;-39,1887;-0,0000;-0,0000;15;0
4,9613;43,9066;-208,1737;95,3807;22,7929;-90,0000;133,9066;400,000;200,000;63,812;245,357;0,0000;31,1090;-13,8475;-17,2616;0,0000;0,0000;0,0000;103,0998;-65,5896;-37,5101;-0,0000;0,0000;15;0
4,9709;43,9066;-207,8704;95,2448;22,6256;-90,0000;133,9066;400,000;200,000;66,240;253,034;0,0000;32,0996;-14,4862;-17,6134;0,0000;0,0000;-0,0000;103,3373;-67,5658;-35,7715;-0,0000;0,0000;15;0
4,9805;43,9066;-207,5576;95,1027;22,4549;-90,0000;133,9066;400,000;200,000;68,742;260,711;0,0000;33,0924;-15,1442;-17,9481;-0,0000;0,0000;-0,0000;103,5740;-69,6015;-33,9724;-0,0000;-0,0000;15;0
4,9901;43,9066;-207,2353;94,9542;22,2811;-90,0000;133,9066;400,000;200,000;71,317;268,388;0,0000;34,0874;-15,8220;-18,2654;-0,0000;0,0000;0,0000;94,2500;-67,1312;-27,1188;0,0000;0,0000;15;0
4,9997;43,9066;-206,9034;94,7990;22,1043;-90,0000;133,9066;400,000;200,000;73,966;276,065;0,0000;34,9012;-16,4326;-18,4686;0,0000;0,0000;0,0000;38,3464;-42,0232;3,6768;0,0000;0,0000;15;0
5,0093;43,9066;-206,5654;94,6388;21,9266;-90,0000;133,9066;400,000;200,000;76,661;280,818;0,0000;34,8234;-16,6286;-18,1948;0,0000;0,0000;-0,0000;-48,8404;-0,5735;49,4139;0,0000;-0,0000;15;0
5,0189;43,9066;-206,2350;94,4799;21,7551;-90,0000;133,9066;400,000;200,000;79,293;274,266;0,0000;33,9639;-16,4436;-17,5202;0,0000;0,0000;-0,0000;-93,4156;22,0601;71,3555;0,0000;-0,0000;15;0
5,0284;43,9066;-205,9136;94,3232;21,5904;-90,0000;133,9066;400,000;200,000;81,851;266,589;0,0000;33,0305;-16,2052;-16,8253;0,0000;0,0000;-0,0000;-97,4318;25,8778;71,5540;-0,0000;0,0000;15;0
5,0380;43,9066;-205,6011;94,1689;21,4322;-90,0000;133,9066;400,000;200,000;84,336;258,912;0,0000;32,0939;-15,9470;-16,1469;0,0000;0,0000;-0,0000;-97,7545;27,9050;69,8495;-0,0000;-0,0000;15;0
5,0476;43,9066;-205,2976;94,0171;21,2805;-90,0000;133,9066;400,000;200,000;86,747;251,235;0,0000;31,1543;-15,6696;-15,4847;0,0000;0,0000;-0,0000;-98,0583;29,8711;68,1872;0,0000;-0,0000;15;0
5,0572;43,9066;-205,0031;93,8681;21,1350;-90,0000;133,9066;400,000;200,000;89,084;243,558;0,0000;30,2119;-15,3737;-14,8383;0,0000;0,0000;-0,0000;-98,3444;31,7763;66,5681;0,0000;0,0000;15;0
5,0668;43,9066;-204,7177;93,7220;20,9957;-90,0000;133,9066;400,000;200,000;91,348;235,881;0,0000;29,2669;-15,0597;-14,2071;0,0000;0,0000;-0,0000;-98,6139;33,6210;64,9929;0,0000;-0,0000;15;0
5,0764;43,9066;-204,4414;93,5791;20,8624;-90,0000;133,9066;400,000;200,000;93,538;228,204;0,0000;28,3193;-14,7284;-13,5909;0,0000;0,0000;-0,0000;-98,8678;35,4051;63,4627;-0,0000;-0,0000;15;0
5,0860;43,9066;-204,1742;93,4394;20,7349;-90,0000;133,9066;400,000;200,000;95,654;220,527;0,0000;27,3693;-14,3802;-12,9891;0,0000;0,0000;-0,0000;-99,1071;37,1290;61,9781;-0,0000;-0,0000;15;0
5,0956;43,9066;-203,9161;93,3031;20,6131;-90,0000;133,9066;400,000;200,000;97,696;212,850;0,0000;26,4172;-14,0158;-12,4014;0,0000;0,0000;-0,0000;-99,3325;38,7927;60,5399;-0,0000;-0,0000;15;0
5,1052;43,9066;-203,6672;93,1704;20,4968;-90,0000;133,9066;400,000;200,000;99,665;205,173;0,0000;25,4629;-13,6357;-11,8272;-0,0000;0,0000;-0,0000;-99,5450;40,3963;59,1487;-0,0000;-0,0000;15;0
5,1148;43,9066;-203,4274;93,0414;20,3861;-90,0000;133,9066;400,000;200,000;101,561;197,496;0,0000;24,5066;-13,2405;-11,2661;-0,0000;0,0000;0,0000;-99,7451;41,9399;57,8052;0,0000;0,0000;15;0
5,1244;43,9066;-203,1969;92,9163;20,2806;-90,0000;133,9066;400,000;200,000;103,382;189,819;0,0000;23,5485;-12,8308;-10,7178;0,0000;0,0000;0,0000;-99,9335;43,4236;56,5099;0,0000;0,0000;15;0
5,1340;43,9066;-202,9755;92,7951;20,1804;-90,0000;133,9066;400,000;200,000;105,130;182,142;0,0000;22,5887;-12,4071;-10,1816;0,0000;0,0000;-0,0000;-100,1109;44,8475;55,2634;-0,0000;-0,0000;15;0
5,1436;43,9066;-202,7633;92,6781;20,0852;-90,0000;133,9066;400,000;200,000;106,804;174,465;0,0000;21,6271;-11,9700;-9,6571;0,0000;0,0000;-0,0000;-100,2779;46,2117;54,0662;-0,0000;-0,0000;15;0
5,1532;43,9066;-202,5604;92,5654;19,9950;-90,0000;133,9066;400,000;200,000;108,405;166,788;0,0000;20,6641;-11,5202;-9,1439;0,0000;0,0000;-0,0000;-100,4348;47,5160;52,9188;0,0000;-0,0000;15;0
5,1628;43,9066;-202,3667;92,4570;19,9097;-90,0000;133,9066;400,000;200,000;109,932;159,111;0,0000;19,6995;-11,0581;-8,6415;0,0000;0,0000;-0,0000;-100,5822;48,7607;51,8216;-0,0000;-0,0000;15;0
5,1724;43,9066;-202,1823;92,3532;19,8292;-90,0000;133,9066;400,000;200,000;111,385;151,434;0,0000;18,7336;-10,5843;-8,1493;0,0000;0,0000;-0,0000;-100,7205;49,9456;50,7749;-0,0000;-0,0000;15;0
5,1820;43,9066;-202,0072;92,2539;19,7533;-90,0000;133,9066;400,000;200,000;112,764;143,757;0,0000;17,7665;-10,0995;-7,6670;0,0000;0,0000;-0,0000;-100,8501;51,0708;49,7793;-0,0000;-0,0000;15;0
5,1916;43,9066;-201,8413;92,1593;19,6820;-90,0000;133,9066;400,000;200,000;114,070;136,080;0,0000;16,7981;-9,6041;-7,1939;0,0000;0,0000;-0,0000;-100,9712;52,1362;48,8350;-0,0000;-0,0000;15;0
5,2012;43,9066;-201,6848;92,0696;19,6152;-90,0000;133,9066;400,000;200,000;115,302;128,403;0,0000;15,8286;-9,0989;-6,7297;0,0000;0,0000;-0,0000;-101,0842;53,1419;47,9423;-0,0000;-0,0000;15;0
5,2108;43,9066;-201,5376;91,9847;19,5529;-90,0000;133,9066;400,000;200,000;116,461;120,726;0,0000;14,8580;-8,5842;-6,2738;0,0000;0,0000;-0,0000;-101,1894;54,0877;47,1017;-0,0000;-0,0000;15;0
5,2204;43,9066;-201,3996;91,9048;19,4948;-90,0000;133,9066;400,000;200,000;117,546;113,049;0,0000;13,8865;-8,0608;-5,8257;0,0000;0,0000;-0,0000;-101,2869;54,9738;46,3132;0,0000;-0,0000;15;0
5,2300;43,9066;-201,2710;91,8300;19,4410;-90,0000;133,9066;400,000;200,000;118,557;105,372;0,0000;12,9141;-7,5291;-5,3849;0,0000;0,0000;-0,0000;-101,3771;55,7999;45,5772;0,0000;-0,0000;15;0
5,2396;43,9066;-201,1518;91,7603;19,3915;-90,0000;133,9066;400,000;200,000;119,494;97,695;0,0000;11,9408;-6,9898;-4,9510;0,0000;0,0000;-0,0000;-101,4601;56,5661;44,8939;-0,0000;-0,0000;15;0
5,2492;43,9066;-201,0419;91,6958;19,3460;-90,0000;133,9066;400,000;200,000;120,358;90,018;0,0000;10,9668;-6,4435;-4,5233;0,0000;0,0000;-0,0000;-101,5360;57,2724;44,2636;-0,0000;-0,0000;15;0
5,2588;43,9066;-200,9413;91,6366;19,3047;-90,0000;133,9066;400,000;200,000;121,148;82,341;0,0000;9,9921;-5,8906;-4,1014;0,0000;0,0000;-0,0000;-101,6050;57,9186;43,6864;-0,0000;-0,0000;15;0
5,2684;43,9066;-200,8501;91,5828;19,2673;-90,0000;133,9066;400,000;200,000;121,865;74,664;0,0000;9,0167;-5,3319;-3,6848;0,0000;0,0000;-0,0000;-101,6672;58,5048;43,1625;-0,0000;-0,0000;15;0
5,2779;43,9066;-200,7682;91,5343;19,2339;-90,0000;133,9066;400,000;200,000;122,508;66,986;0,0000;8,0408;-4,7678;-3,2730;0,0000;0,0000;-0,0000;-101,7228;59,0308;42,6920;-0,0000;-0,0000;15;0
5,2875;43,9066;-200,6958;91,4913;19,2045;-90,0000;133,9066;400,000;200,000;123,077;59,309;0,0000;7,0644;-4,1989;-2,8655;0,0000;0,0000;-0,0000;-101,7718;59,4967;42,2751;-0,0000;-0,0000;15;0
5,2971;43,9066;-200,6327;91,4537;19,1789;-90,0000;133,9066;400,000;200,000;123,572;51,632;0,0000;6,0876;-3,6259;-2,4617;0,0000;0,0000;-0,0000;-101,8143;59,9024;41,9119;-0,0000;-0,0000;15;0
5,3067;43,9066;-200,5789;91,4217;19,1572;-90,0000;133,9066;400,000;200,000;123,994;43,955;0,0000;5,1103;-3,0492;-2,0611;0,0000;0,0000;-0,0000;-101,8504;60,2479;41,6025;-0,0000;-0,0000;15;0
5,3163;43,9066;-200,5346;91,3952;19,1394;-90,0000;133,9066;400,000;200,000;124,342;36,278;-0,0000;4,1328;-2,4696;-1,6632;-0,0000;0,0000;-0,0000;-101,8801;60,5330;41,3471;-0,0000;-0,0000;15;0
5,3259;43,9066;-200,4996;91,3743;19,1253;-90,0000;133,9066;400,000;200,000;124,617;28,601;-0,0000;3,1550;-1,8875;-1,2675;-0,0000;-0,0000;0,0000;-101,9035;60,7579;41,1456;0,0000;0,0000;15;0
5,3355;43,9066;-200,4740;91,3590;19,1151;-90,0000;133,9066;400,000;200,000;124,818;20,924;0,0000;2,1770;-1,3035;-0,8735;0,0000;0,0000;0,0000;-101,9205;60,9224;40,9982;0,0000;0,0000;15;0
5,3451;43,9066;-200,4578;91,3493;19,1086;-90,0000;133,9066;400,000;200,000;124,945;13,247;0,0000;1,1989;-0,7182;-0,4807;0,0000;0,0000;-0,0000;-101,9313;61,0265;40,9048;0,0000;0,0000;15;0
5,3547;43,9066;-200,4510;91,3452;19,1058;-90,0000;133,9066;400,000;200,000;124,998;5,570;-0,0000;0,2207;-0,1322;-0,0884;0,0000;0,0000;-0,0000;-101,9359;61,0703;40,8655;0,0000;0,0000;15;0
5,3643;43,9066;-200,4536;91,3467;19,1069;-90,0000;133,9066;400,000;200,000;124,978;2,107;-0,0000;-0,7575;0,4539;0,3037;0,0000;0,0000;0,0000;-101,9342;61,0538;40,8804;-0,0000;-0,0000;16;0
5,3739;43,9066;-200,4656;91,3539;19,1117;-90,0000;133,9066;400,000;200,000;124,884;9,784;-0,0000;-1,7357;1,0395;0,6962;-0,0000;0,0000;0,0000;-101,9262;60,9768;40,9493;-0,0000;-0,0000;16;0
5,3835;43,9066;-200,4869;91,3667;19,1202;-90,0000;133,9066;400,000;200,000;124,716;17,461;-0,0000;-2,7138;1,6242;1,0896;-0,0000;0,0000;-0,0000;-101,9120;60,8396;41,0724;-0,0000;0,0000;16;0
5,3931;43,9066;-200,5176;91,3851;19,1326;-90,0000;133,9066;400,000;200,000;124,475;25,138;-0,0000;-3,6917;2,2072;1,4844;-0,0000;0,0000;-0,0000;-101,8914;60,6419;41,2495;-0,0000;-0,0000;16;0
5,4027;43,9066;-200,5578;91,4090;19,1487;-90,0000;133,9066;400,000;200,000;124,160;32,815;-0,0000;-4,6693;2,7881;1,8813;-0,0000;0,0000;-0,0000;-101,8646;60,3840;41,4806;-0,0000;-0,0000;16;0
5,4123;43,9066;-200,6073;91,4386;19,1687;-90,0000;133,9066;400,000;200,000;123,772;40,492;-0,0000;-5,6467;3,3661;2,2806;-0,0000;-0,0000;-0,0000;-101,8314;60,0657;41,7657;-0,0000;-0,0000;16;0
5,4219;43,9066;-200,6661;91,4736;19,1925;-90,0000;133,9066;400,000;200,000;123,310;48,169;-0,0000;-6,6237;3,9409;2,6828;-0,0000;-0,0000;-0,0000;-101,7918;59,6872;42,1046;-0,0000;-0,0000;16;0
5,4315;43,9066;-200,7344;91,5142;19,2202;-90,0000;133,9066;400,000;200,000;122,774;55,846;-0,0000;-7,6003;4,5117;3,0887;-0,0000;-0,0000;-0,0000;-101,7457;59,2485;42,4972;-0,0000;-0,0000;16;0
5,4411;43,9066;-200,8120;91,5602;19,2518;-90,0000;133,9066;400,000;200,000;122,164;63,523;-0,0000;-8,5765;5,0780;3,4985;-0,0000;-0,0000;0,0000;-101,6931;58,7496;42,9436;0,0000;0,0000;16;0
5,4507;43,9066;-200,8990;91,6117;19,2873;-90,0000;133,9066;400,000;200,000;121,481;71,200;-0,0000;-9,5521;5,6392;3,9128;-0,0000;-0,0000;0,0000;-101,6339;58,1905;43,4434;0,0000;0,0000;16;0
5,4603;43,9066;-200,9953;91,6685;19,3269;-90,0000;133,9066;400,000;200,000;120,724;78,877;-0,0000;-10,5271;6,1948;4,3323;-0,0000;-0,0000;0,0000;-101,5680;57,5714;43,9966;-0,0000;0,0000;16;0
5,4699;43,9066;-201,1010;91,7306;19,3705;-90,0000;133,9066;400,000;200,000;119,893;86,554;-0,0000;-11,5014;6,7442;4,7573;-0,0000;-0,0000;-0,0000;-101,4952;56,8922;44,6030;-0,0000;0,0000;16;0
5,4795;43,9066;-201,2161;91,7979;19,4182;-90,0000;133,9066;400,000;200,000;118,989;94,231;-0,0000;-12,4750;7,2867;5,1883;-0,0000;-0,0000;-0,0000;-101,4154;56,1530;45,2624;-0,0000;-0,0000;16;0
5,4891;43,9066;-201,3405;91,8704;19,4700;-90,0000;133,9066;400,000;200,000;118,011;101,908;-0,0000;-13,4479;7,8219;5,6260;-0,0000;-0,0000;0,0000;-101,3285;55,3539;45,9746;-0,0000;0,0000;16;0
5,4987;43,9066;-201,4742;91,9480;19,5261;-90,0000;133,9066;400,000;200,000;116,959;109,585;-0,0000;-14,4198;8,3491;6,0707;-0,0000;-0,0000;0,0000;-101,2343;54,4949;46,7394;-0,0000;0,0000;16;0
5,5083;43,9066;-201,6172;92,0307;19,5865;-90,0000;133,9066;400,000;200,000;115,834;117,262;-0,0000;-15,3908;8,8678;6,5230;-0,0000;-0,0000;-0,0000;-101,1326;53,5760;47,5566;-0,0000;-0,0000;16;0
5,5179;43,9066;-201,7696;92,1182;19,6513;-90,0000;133,9066;400,000;200,000;114,635;124,939;-0,0000;-16,3608;9,3774;6,9834;-0,0000;-0,0000;-0,0000;-101,0232;52,5973;48,4258;-0,0000;0,0000;16;0
5,5275;43,9066;-201,9312;92,2106;19,7206;-90,0000;133,9066;400,000;200,000;113,363;132,616;-0,0000;-17,3297;9,8773;7,4524;-0,0000;-0,0000;-0,0000;-100,9057;51,5589;49,3469;-0,0000;-0,0000;16;0
5,5370;43,9066;-202,1022;92,3078;19,7944;-90,0000;133,9066;400,000;200,000;112,016;140,293;-0,0000;-18,2974;10,3669;7,9305;-0,0000;-0,0000;-0,0000;-100,7800;50,4606;50,3194;-0,0000;-0,0000;16;0
5,5466;43,9066;-202,2824;92,4096;19,8728;-90,0000;133,9066;400,000;200,000;110,596;147,970;-0,0000;-19,2639;10,8457;8,4182;-0,0000;-0,0000;-0,0000;-100,6457;49,3027;51,3431;-0,0000;0,0000;16;0
5,5562;43,9066;-202,4719;92,5160;19,9559;-90,0000;133,9066;400,000;200,000;109,103;155,647;-0,0000;-20,2291;11,3132;8,9159;-0,0000;-0,0000;-0,0000;-100,5025;48,0850;52,4175;-0,0000;0,0000;16;0
5,5658;43,9066;-202,6706;92,6267;20,0439;-90,0000;133,9066;400,000;200,000;107,535;163,324;-0,0000;-21,1928;11,7686;9,4242;-0,0000;-0,0000;0,0000;-100,3499;46,8076;53,5423;0,0000;0,0000;16;0
5,5754;43,9066;-202,8786;92,7418;20,1368;-90,0000;133,9066;400,000;200,000;105,894;171,001;-0,0000;-22,1550;12,2115;9,9435;-0,0000;0,0000;0,0000;-100,1875;45,4704;54,7171;0,0000;0,0000;16;0
5,5850;43,9066;-203,0958;92,8611;20,2347;-90,0000;133,9066;400,000;200,000;104,180;178,678;0,0000;-23,1157;12,6413;10,4744;0,0000;0,0000;0,0000;-100,0149;44,0735;55,9414;0,0000;0,0000;16;0
5,5946;43,9066;-203,3223;92,9844;20,3378;-90,0000;133,9066;400,000;200,000;102,391;186,355;0,0000;-24,0746;13,0574;11,0172;0,0000;0,0000;-0,0000;-99,8315;42,6167;57,2148;-0,0000;-0,0000;16;0
5,6042;43,9066;-203,5579;93,1117;20,4462;-90,0000;133,9066;400,000;200,000;100,530;194,032;-0,0000;-25,0317;13,4592;11,5725;-0,0000;-0,0000;-0,0000;-99,6367;41,1001;58,5366;-0,0000;-0,0000;16;0
5,6138;43,9066;-203,8027;93,2428;20,5599;-90,0000;133,9066;400,000;200,000;98,594;201,709;-0,0000;-25,9869;13,8462;12,1406;-0,0000;0,0000;0,0000;-99,4300;39,5236;59,9064;-0,0000;0,0000;16;0
5,6234;43,9066;-204,0567;93,3775;20,6792;-90,0000;133,9066;400,000;200,000;96,585;209,386;-0,0000;-26,9400;14,2178;12,7222;-0,0000;0,0000;-0,0000;-99,2105;37,8870;61,3234;-0,0000;-0,0000;16;0
5,6330;43,9066;-204,3197;93,5156;20,8041;-90,0000;133,9066;400,000;200,000;94,502;217,063;-0,0000;-27,8910;14,5734;13,3176;-0,0000;-0,0000;0,0000;-98,9776;36,1903;62,7872;-0,0000;-0,0000;16;0
5,6426;43,9066;-204,5920;93,6572;20,9348;-90,0000;133,9066;400,000;200,000;92,345;224,740;-0,0000;-28,8396;14,9124;13,9273;-0,0000;-0,0000;-0,0000;-98,7303;34,4334;64,2969;-0,0000;-0,0000;16;0
5,6522;43,9066;-204,8733;93,8018;21,0714;-90,0000;133,9066;400,000;200,000;90,115;232,417;-0,0000;-29,7859;15,2342;14,5516;-0,0000;-0,0000;0,0000;-98,4680;32,6161;65,8519;0,0000;0,0000;16;0
5,6618;43,9066;-205,1636;93,9495;21,2141;-90,0000;133,9066;400,000;200,000;87,811;240,094;0,0000;-30,7295;15,5384;15,1911;0,0000;0,0000;0,0000;-98,1895;30,7382;67,4513;0,0000;0,0000;16;0
5,6714;43,9066;-205,4630;94,1001;21,3630;-90,0000;133,9066;400,000;200,000;85,433;247,771;0,0000;-31,6704;15,8242;15,8462;0,0000;0,0000;-0,0000;-97,8938;28,7996;69,0942;-0,0000;-0,0000;16;0
5,6810;43,9066;-205,7715;94,2532;21,5182;-90,0000;133,9066;400,000;200,000;82,981;255,448;-0,0000;-32,6083;16,0911;16,5172;-0,0000;0,0000;-0,0000;-97,5798;26,8000;70,7798;-0,0000;-0,0000;16;0
5,6906;43,9066;-206,0889;94,4089;21,6800;-90,0000;133,9066;400,000;200,000;80,456;263,125;0,0000;-33,5432;16,3385;17,2046;0,0000;0,0000;0,0000;-97,2463;24,7393;72,5070;0,0000;-0,0000;16;0
5,7002;43,9066;-206,4152;94,5668;21,8484;-90,0000;133,9066;400,000;200,000;77,858;270,802;0,0000;-34,4747;16,5659;17,9088;0,0000;-0,0000;-0,0000;-75,1466;12,4623;62,6843;-0,0000;-0,0000;16;0
5,7098;43,9066;-206,7505;94,7268;22,0237;-90,0000;133,9066;400,000;200,000;75,185;278,479;-0,0000;-34,9854;16,5777;18,4077;-0,0000;-0,0000;-0,0000;-3,1327;-22,5333;25,6660;-0,0000;0,0000;16;0
5,7194;43,9066;-207,0867;94,8850;22,2017;-90,0000;133,9066;400,000;200,000;72,503;279,493;-0,0000;-34,5348;16,1334;18,4014;-0,0000;-0,0000;0,0000;75,2585;-58,8862;-16,3723;0,0000;0,0000;16;0
5,7290;43,9066;-207,4133;95,0365;22,3769;-90,0000;133,9066;400,000;200,000;69,895;271,852;-0,0000;-33,5410;15,4475;18,0935;-0,0000;0,0000;0,0000;103,5631;-70,4840;-33,0791;0,0000;0,0000;16;0
5,7386;43,9066;-207,7304;95,1815;22,5490;-90,0000;133,9066;400,000;200,000;67,359;264,175;-0,0000;-32,5472;14,7807;17,7665;-0,0000;0,0000;-0,0000;103,4442;-68,4769;-34,9673;-0,0000;-0,0000;16;0
5,7482;43,9066;-208,0380;95,3202;22,7178;-90,0000;133,9066;400,000;200,000;64,898;256,498;-0,0000;-31,5557;14,1333;17,4224;-0,0000;-0,0000;0,0000;103,2070;-66,4739;-36,7332;0,0000;-0,0000;16;0
5,7578;43,9066;-208,3361;95,4527;22,8833;-90,0000;133,9066;400,000;200,000;62,510;248,821;-0,0000;-30,5664;13,5049;17,0615;-0,0000;-0,0000;0,0000;102,9692;-64,5304;-38,4387;0,0000;0,0000;16;0
5,7674;43,9066;-208,6246;95,5793;23,0453;-90,0000;133,9066;400,000;200,000;60,196;241,144;-0,0000;-29,5794;12,8948;16,6846;-0,0000;0,0000;0,0000;102,7310;-62,6464;-40,0846;0,0000;0,0000;16;0
5,7770;43,9066;-208,9038;95,7002;23,2036;-90,0000;133,9066;400,000;200,000;57,956;233,467;-0,0000;-28,5947;12,3025;16,2922;-0,0000;0,0000;0,0000;102,4930;-60,8219;-41,6711;0,0000;0,0000;16;0
5,7866;43,9066;-209,1735;95,8155;23,3580;-90,0000;133,9066;400,000;200,000;55,789;225,790;0,0000;-27,6123;11,7275;15,8849;0,0000;0,0000;0,0000;102,2557;-59,0567;-43,1989;0,0000;0,0000;16;0
5,7961;43,9066;-209,4337;95,9253;23,5084;-90,0000;133,9066;400,000;200,000;53,696;218,113;0,0000;-26,6322;11,1691;15,4631;0,0000;0,0000;-0,0000;102,0194;-57,3509;-44,6685;-0,0000;-0,0000;16;0
5,8057;43,9066;-209,6846;96,0298;23,6548;-90,0000;133,9066;400,000;200,000;51,677;210,436;-0,0000;-25,6543;10,6268;15,0275;-0,0000;-0,0000;-0,0000;101,7848;-55,7045;-46,0803;-0,0000;-0,0000;16;0
5,8153;43,9066;-209,9261;96,1292;23,7969;-90,0000;133,9066;400,000;200,000;49,731;202,759;-0,0000;-24,6787;10,1000;14,5787;-0,0000;-0,0000;0,0000;101,5523;-54,1174;-47,4349;0,0000;0,0000;16;0
5,8249;43,9066;-210,1582;96,2237;23,9346;-90,0000;133,9066;400,000;200,000;47,859;195,082;-0,0000;-23,7053;9,5881;14,1172;-0,0000;-0,0000;-0,0000;101,3226;-52,5898;-48,7328;0,0000;0,0000;16;0
5,8345;43,9066;-210,3811;96,3133;24,0678;-90,0000;133,9066;400,000;200,000;46,060;187,405;-0,0000;-22,7340;9,0906;13,6434;-0,0000;-0,0000;-0,0000;101,0961;-51,1216;-49,9745;-0,0000;0,0000;16;0
5,8441;43,9066;-210,5946;96,3981;24,1964;-90,0000;133,9066;400,000;200,000;44,336;179,728;-0,0000;-21,7650;8,6070;13,1580;-0,0000;0,0000;0,0000;100,8735;-49,7129;-51,1606;0,0000;0,0000;16;0
5,8537;43,9066;-210,7988;96,4784;24,3203;-90,0000;133,9066;400,000;200,000;42,685;172,051;-0,0000;-20,7980;8,1365;12,6615;-0,0000;0,0000;0,0000;100,6553;-48,3637;-52,2915;0,0000;0,0000;16;0
5,8633;43,9066;-210,9937;96,5543;24,4394;-90,0000;133,9066;400,000;200,000;41,107;164,374;-0,0000;-19,8331;7,6787;12,1544;-0,0000;0,0000;-0,0000;100,4421;-47,0742;-53,3679;-0,0000;-0,0000;16;0
5,8729;43,9066;-211,1794;96,6258;24,5536;-90,0000;133,9066;400,000;200,000;39,604;156,697;-0,0000;-18,8703;7,2330;11,6372;-0,0000;0,0000;-0,0000;100,2345;-45,8444;-54,3901;-0,0000;-0,0000;16;0
5,8825;43,9066;-211,3559;96,6931;24,6628;-90,0000;133,9066;400,000;200,000;38,174;149,020;-0,0000;-17,9094;6,7989;11,1105;-0,0000;-0,0000;0,0000;100,0330;-44,6742;-55,3587;0,0000;-0,0000;16;0
5,8921;43,9066;-211,5232;96,7563;24,7668;-90,0000;133,9066;400,000;200,000;36,817;141,343;-0,0000;-16,9504;6,3756;10,5748;-0,0000;-0,0000;0,0000;99,8381;-43,5639;-56,2742;0,0000;-0,0000;16;0
5,9017;43,9066;-211,6812;96,8155;24,8657;-90,0000;133,9066;400,000;200,000;35,534;133,666;-0,0000;-15,9932;5,9628;10,0305;-0,0000;-0,0000;0,0000;99,6505;-42,5135;-57,1370;0,0000;0,0000;16;0
5,9113;43,9066;-211,8301;96,8707;24,9594;-90,0000;133,9066;400,000;200,000;34,325;125,989;-0,0000;-15,0378;5,5597;9,4782;-0,0000;-0,0000;0,0000;99,4706;-41,5229;-57,9477;0,0000;0,0000;16;0
5,9209;43,9066;-211,9698;96,9222;25,0476;-90,0000;133,9066;400,000;200,000;33,190;118,312;0,0000;-14,0841;5,1658;8,9183;0,0000;0,0000;0,0000;99,2990;-40,5924;-58,7066;0,0000;0,0000;16;0
5,9305;43,9066;-212,1004;96,9699;25,1305;-90,0000;133,9066;400,000;200,000;32,128;110,635;0,0000;-13,1320;4,7806;8,3514;0,0000;0,0000;-0,0000;99,1361;-39,7220;-59,4141;-0,0000;-0,0000;16;0
5,9401;43,9066;-212,2219;97,0139;25,2079;-90,0000;133,9066;400,000;200,000;31,140;102,958;0,0000;-12,1815;4,4035;7,7780;-0,0000;0,0000;-0,0000;98,9824;-38,9116;-60,0707;-0,0000;-0,0000;16;0
5,9497;43,9066;-212,3342;97,0544;25,2798;-90,0000;133,9066;400,000;200,000;30,226;95,281;-0,0000;-11,2323;4,0338;7,1985;-0,0000;0,0000;-0,0000;98,8383;-38,1615;-60,6768;-0,0000;-0,0000;16;0
5,9593;43,9066;-212,4374;97,0914;25,3461;-90,0000;133,9066;400,000;200,000;29,385;87,604;-0,0000;-10,2845;3,6710;6,6135;-0,0000;-0,0000;-0,0000;98,7042;-37,4716;-61,2327;-0,0000;-0,0000;16;0
5,9689;43,9066;-212,5316;97,1249;25,4067;-90,0000;133,9066;400,000;200,000;28,618;79,927;-0,0000;-9,3379;3,3146;6,0233;-0,0000;-0,0000;0,0000;98,5806;-36,8419;-61,7387;0,0000;0,0000;16;0
5,9785;43,9066;-212,6167;97,1550;25,4617;-90,0000;133,9066;400,000;200,000;27,925;72,250;-0,0000;-8,3925;2,9640;5,4285;-0,0000;0,0000;0,0000;98,4677;-36,2726;-62,1951;0,0000;0,0000;16;0
5,9881;43,9066;-212,6927;97,1818;25,5109;-90,0000;133,9066;400,000;200,000;27,305;64,573;0,0000;-7,4481;2,6185;4,8296;0,0000;0,0000;0,0000;98,3660;-35,7637;-62,6023;0,0000;-0,0000;16;0
5,9977;43,9066;-212,7596;97,2052;25,5544;-90,0000;133,9066;400,000;200,000;26,759;56,896;0,0000;-6,5046;2,2776;4,2270;0,0000;0,0000;-0,0000;98,2757;-35,3152;-62,9605;-0,0000;-0,0000;16;0
6,0073;43,9066;-212,8175;97,2255;25,5920;-90,0000;133,9066;400,000;200,000;26,287;49,219;0,0000;-5,5619;1,9407;3,6213;-0,0000;-0,0000;-0,0000;98,1970;-34,9271;-63,2699;-0,0000;-0,0000;16;0
6,0169;43,9066;-212,8664;97,2425;25,6239;-90,0000;133,9066;400,000;200,000;25,888;41,542;0,0000;-4,6200;1,6072;3,0127;0,0000;-0,0000;-0,0000;98,1302;-34,5995;-63,5307;-0,0000;-0,0000;16;0
6,0265;43,9066;-212,9062;97,2563;25,6499;-90,0000;133,9066;400,000;200,000;25,563;33,865;0,0000;-3,6786;1,2766;2,4019;-0,0000;-0,0000;0,0000;98,0755;-34,3325;-63,7430;0,0000;0,0000;16;0
6,0361;43,9066;-212,9370;97,2670;25,6700;-90,0000;133,9066;400,000;200,000;25,312;26,188;0,0000;-2,7376;0,9483;1,7893;0,0000;0,0000;0,0000;98,0330;-34,1259;-63,9071;0,0000;0,0000;16;0
6,0457;43,9066;-212,9587;97,2745;25,6842;-90,0000;133,9066;400,000;200,000;25,135;18,511;0,0000;-1,7971;0,6217;1,1754;0,0000;0,0000;-0,0000;97,9063;-33,9465;-63,9598;-0,0000;-0,0000;16;0
6,0552;43,9066;-212,9715;97,2789;25,6925;-90,0000;133,9066;400,000;200,000;25,031;10,834;-0,0000;-0,8586;0,2968;0,5618;-0,0000;-0,0000;-0,0000;83,4654;-28,8772;-54,5882;-0,0000;-0,0000;16;0
6,0648;43,9066;-212,9752;97,2802;25,6950;-90,0000;133,9066;400,000;200,000;25,000;3,187;-0,0000;-0,1951;0,0674;0,1277;-0,0000;-0,0000;0,0000;44,7343;-15,4628;-29,2715;0,0000;0,0000;17;0
6,0744;43,9066;-212,9752;97,2802;25,6950;-90,0000;133,9066;400,000;200,000;25,000;0,000;0,0000;-0,0000;0,0000;0,0000;-0,0000;0,0000;0,0000;10,1677;-3,5132;-6,6545;0,0000;0,0000;17;0
6,0840;43,9066;-212,9752;97,2802;25,6950;-90,0000;133,9066;400,000;200,000;25,000;0,000;0,0000;0,0000;0,0000;0,0000;0,0000;0,0000;-0,0000;0,0000;0,0000;0,0000;0,0000;-0,0000;17;0
6,0936;43,9066;-212,9752;97,2802;25,6950;-90,0000;133,9066;400,000;200,000;25,000;0,000;0,0000;0,0000;0,0000;0,0000;0,0000;0,0000;0,0000;0,0000;0,0000;0,0000;0,0000;0,0000;17;0
6,1032;43,9066;-212,9752;97,2802;25,6950;-90,0000;133,9066;400,000;200,000;25,000;0,000;0,0000;0,0000;0,0000;0,0000;0,0000;0,0000;0,0000;0,0000;0,0000;0,0000;0,0000;0,0000;17;0
6,1128;43,9066;-212,9752;97,2802;25,6950;-90,0000;133,9066;400,000;200,000;25,000;0,000;0,0000;0,0000;0,0000;0,0000;0,0000;0,0000;0,0000;0,0000;0,0000;0,0000;0,0000;0,0000;17;0
6,1224;43,9066;-212,9752;97,2802;25,6950;-90,0000;133,9066;400,000;200,000;25,000;0,000;0,0000;0,0000;0,0000;0,0000;0,0000;0,0000;-0,0000;0,0000;0,0000;0,0000;0,0000;-0,0000;17;0
6,1320;43,9066;-212,9752;97,2802;25,6950;-90,0000;133,9066;400,000;200,000;25,000;0,000;-0,0000;0,0000;0,0000;0,0000;0,0000;-0,0000;0,0000;-0,0000;0,0000;0,0000;-0,0000;0,0000;17;0
6,1416;43,9066;-212,9752;97,2802;25,6950;-90,0000;133,9066;400,000;200,000;25,000;0,000;0,0000;-0,0000;0,0000;0,0000;-0,0000;0,0000;0,0000;-0,0000;0,0000;0,0000;-0,0000;0,0000;17;0
6,1512;43,9066;-212,9752;97,2802;25,6950;-90,0000;133,9066;400,000;200,000;25,000;0,000;0,0000;0,0000;0,0000;0,0000;0,0000;0,0000;-0,0000;0,0000;0,0000;0,0000;0,0000;-0,0000;17;0
6,1608;43,9066;-212,9752;97,2802;25,6950;-90,0000;133,9066;400,000;200,000;25,000;0,000;0,0000;0,0000;0,0000;0,0000;0,0000;0,0000;0,0000;0,0000;0,0000;0,0000;0,0000;0,0000;17;0
6,1704;43,9066;-212,9752;97,2802;25,6950;-90,0000;133,9066;400,000;200,000;25,000;0,000;0,0000;0,0000;0,0000;0,0000;0,0000;0,0000;0,0000;0,0000;0,0000;0,0000;0,0000;0,0000;17;0
6,1800;43,9066;-212,9752;97,2802;25,6950;-90,0000;133,9066;400,000;200,000;25,000;0,000;0,0000;0,0000;0,0000;0,0000;0,0000;0,0000;0,0000;0,0000;0,0000;0,0000;0,0000;0,0000;17;0
6,1896;43,9066;-212,9752;97,2802;25,6950;-90,0000;133,9066;400,000;200,000;25,000;0,000;0,0000;0,0000;0,0000;0,0000;0,0000;0,0000;0,0000;0,0000;0,0000;0,0000;0,0000;0,0000;17;0
6,1992;43,9066;-212,9752;97,2802;25,6950;-90,0000;133,9066;400,000;200,000;25,000;0,000;0,0000;0,0000;0,0000;0,0000;0,0000;0,0000;-0,0000;0,0000;0,0000;0,0000;0,0000;-0,0000;17;0
6,2088;43,9066;-212,9752;97,2802;25,6950;-90,0000;133,9066;400,000;200,000;25,000;0,000;-0,0000;0,0000;0,0000;0,0000;0,0000;-0,0000;0,0000;-0,0000;0,0000;0,0000;-0,0000;0,0000;17;0
6,2184;43,9066;-212,9752;97,2802;25,6950;-90,0000;133,9066;400,000;200,000;25,000;0,000;0,0000;-0,0000;0,0000;0,0000;-0,0000;0,0000;0,0000;-0,0000;0,0000;0,0000;-0,0000;0,0000;17;0
6,2280;43,9066;-212,9752;97,2802;25,6950;-90,0000;133,9066;400,000;200,000;25,000;0,000;0,0000;0,0000;0,0000;0,0000;0,0000;0,0000;-0,0000;0,0000;0,0000;0,0000;0,0000;-0,0000;17;0
6,2376;43,9066;-212,9752;97,2802;25,6950;-90,0000;133,9066;400,000;200,000;25,000;0,000;0,0000;0,0000;0,0000;0,0000;0,0000;0,0000;0,0000;0,0000;0,0000;0,0000;0,0000;0,0000;17;0
6,2472;43,9066;-212,9752;97,2802;25,6950;-90,0000;133,9066;400,000;200,000;25,000;0,000;0,0000;0,0000;0,0000;0,0000;0,0000;0,0000;0,0000;0,0000;0,0000;0,0000;0,0000;0,0000;17;0
6,2568;43,9066;-212,9752;97,2802;25,6950;-90,0000;133,9066;400,000;200,000;25,000;0,000;0,0000;0,0000;0,0000;0,0000;0,0000;0,0000;0,0000;0,0000;0,0000;0,0000;0,0000;0,0000;17;0
6,2664;43,9066;-212,9752;97,2802;25,6950;-90,0000;133,9066;400,000;200,000;25,000;0,000;0,0000;0,0000;0,0000;0,0000;0,0000;0,0000;-0,0000;0,0000;0,0000;0,0000;0,0000;-0,0000;17;0
6,2760;43,9066;-212,9752;97,2802;25,6950;-90,0000;133,9066;400,000;200,000;25,000;0,000;-0,0000;0,0000;0,0000;0,0000;0,0000;-0,0000;0,0000;-0,0000;0,0000;0,0000;-0,0000;0,0000;17;0
6,2856;43,9066;-212,9752;97,2802;25,6950;-90,0000;133,9066;400,000;200,000;25,000;0,000;0,0000;-0,0000;0,0000;0,0000;-0,0000;0,0000;0,0000;-0,0000;0,0000;0,0000;-0,0000;0,0000;17;0
6,2952;43,9066;-212,9752;97,2802;25,6950;-90,0000;133,9066;400,000;200,000;25,000;0,000;0,0000;0,0000;0,0000;0,0000;0,0000;0,0000;-0,0000;0,0000;0,0000;0,0000;0,0000;-0,0000;17;0
6,3048;43,9066;-212,9752;97,2802;25,6950;-90,0000;133,9066;400,000;200,000;25,000;0,000;0,0000;0,0000;0,0000;0,0000;0,0000;0,0000;0,0000;0,0000;0,0000;0,0000;0,0000;0,0000;17;0
6,3143;43,9066;-212,9752;97,2802;25,6950;-90,0000;133,9066;400,000;200,000;25,000;0,000;0,0000;0,0000;0,0000;0,0000;0,0000;0,0000;0,0000;0,0000;0,0000;0,0000;0,0000;0,0000;17;0
6,3239;43,9066;-212,9752;97,2802;25,6950;-90,0000;133,9066;400,000;200,000;25,000;0,000;0,0000;0,0000;0,0000;0,0000;0,0000;0,0000;0,0000;0,0000;0,0000;0,0000;0,0000;0,0000;17;0
6,3335;43,9066;-212,9752;97,2802;25,6950;-90,0000;133,9066;400,000;200,000;25,000;0,000;0,0000;0,0000;0,0000;0,0000;0,0000;0,0000;-0,0000;0,0000;0,0000;0,0000;0,0000;-0,0000;17;0
6,3431;43,9066;-212,9752;97,2802;25,6950;-90,0000;133,9066;400,000;200,000;25,000;0,000;-0,0000;0,0000;0,0000;0,0000;0,0000;-0,0000;0,0000;-0,0000;0,0000;0,0000;-0,0000;0,0000;17;0
6,3527;43,9066;-212,9752;97,2802;25,6950;-90,0000;133,9066;400,000;200,000;25,000;0,000;0,0000;-0,0000;0,0000;0,0000;-0,0000;0,0000;0,0000;8,3700;-2,8920;-5,4780;0,0000;0,0000;17;0
6,3623;43,9066;-212,9752;97,2802;25,6950;-90,0000;133,9066;400,000;200,000;25,000;0,000;0,0000;0,1606;-0,0555;-0,1051;0,0000;0,0000;0,0000;40,8675;-14,1256;-26,7419;0,0000;0,0000;17;0
6,3719;43,9066;-212,9721;97,2791;25,6930;-90,0000;133,9066;400,000;200,000;25,025;2,623;0,0000;0,7844;-0,2711;-0,5132;0,0000;0,0000;-0,0000;81,1244;-28,0641;-53,0604;0,0000;-0,0000;19;0
6,3815;43,9066;-212,9601;97,2750;25,6851;-90,0000;133,9066;400,000;200,000;25,123;10,185;0,0000;1,7176;-0,5941;-1,1235;0,0000;-0,0000;-0,0000;97,6331;-33,8433;-63,7899;0,0000;-0,0000;19;0
6,3911;43,9066;-212,9391;97,2677;25,6714;-90,0000;133,9066;400,000;200,000;25,294;17,862;0,0000;2,6582;-0,9206;-1,7375;0,0000;0,0000;0,0000;98,0300;-34,1112;-63,9188;0,0000;0,0000;19;0
6,4007;43,9066;-212,9091;97,2573;25,6518;-90,0000;133,9066;400,000;200,000;25,539;25,539;0,0000;3,5991;-1,2488;-2,3503;0,0000;0,0000;-0,0000;98,0714;-34,3127;-63,7588;-0,0000;-0,0000;19;0
6,4103;43,9066;-212,8701;97,2438;25,6263;-90,0000;133,9066;400,000;200,000;25,858;33,216;0,0000;4,5404;-1,5792;-2,9612;0,0000;0,0000;-0,0000;98,1251;-34,5746;-63,5505;-0,0000;-0,0000;19;0
6,4199;43,9066;-212,8220;97,2270;25,5950;-90,0000;133,9066;400,000;200,000;26,251;40,893;0,0000;5,4823;-1,9124;-3,5700;0,0000;0,0000;0,0000;98,1909;-34,8971;-63,2938;0,0000;0,0000;19;0
6,4295;43,9066;-212,7649;97,2071;25,5578;-90,0000;133,9066;400,000;200,000;26,717;48,570;0,0000;6,4250;-2,2490;-4,1760;0,0000;0,0000;0,0000;98,2686;-35,2801;-62,9885;0,0000;0,0000;19;0
6,4391;43,9066;-212,6987;97,1839;25,5148;-90,0000;133,9066;400,000;200,000;27,256;56,247;0,0000;7,3684;-2,5895;-4,7789;0,0000;0,0000;0,0000;98,3579;-35,7235;-62,6344;0,0000;-0,0000;19;0
6,4487;43,9066;-212,6234;97,1574;25,4661;-90,0000;133,9066;400,000;200,000;27,870;63,924;0,0000;8,3127;-2,9346;-5,3781;0,0000;-0,0000;-0,0000;98,4587;-36,2273;-62,2314;0,0000;-0,0000;19;0
6,4583;43,9066;-212,5391;97,1275;25,4116;-90,0000;133,9066;400,000;200,000;28,557;71,601;0,0000;9,2580;-3,2848;-5,9732;0,0000;-0,0000;-0,0000;98,5706;-36,7915;-61,7791;-0,0000;-0,0000;19;0
6,4679;43,9066;-212,4458;97,0943;25,3514;-90,0000;133,9066;400,000;200,000;29,318;79,278;-0,0000;10,2045;-3,6407;-6,5638;-0,0000;-0,0000;-0,0000;98,6934;-37,4161;-61,2773;-0,0000;-0,0000;19;0
6,4775;43,9066;-212,3433;97,0577;25,2856;-90,0000;133,9066;400,000;200,000;30,152;86,955;-0,0000;11,1522;-4,0029;-7,1493;-0,0000;-0,0000;0,0000;98,8266;-38,1009;-60,7257;0,0000;0,0000;19;0
6,4871;43,9066;-212,2317;97,0175;25,2142;-90,0000;133,9066;400,000;200,000;31,060;94,632;0,0000;12,1012;-4,3720;-7,7293;0,0000;-0,0000;0,0000;98,9698;-38,8460;-60,1239;0,0000;0,0000;19;0
6,4967;43,9066;-212,1110;96,9738;25,1373;-90,0000;133,9066;400,000;200,000;32,042;102,309;0,0000;13,0517;-4,7485;-8,3032;0,0000;0,0000;0,0000;99,1227;-39,6512;-59,4715;0,0000;0,0000;19;0
6,5063;43,9066;-211,9812;96,9264;25,0549;-90,0000;133,9066;400,000;200,000;33,098;109,986;0,0000;14,0037;-5,1330;-8,8707;0,0000;0,0000;-0,0000;99,2849;-40,5166;-58,7683;-0,0000;-0,0000;19;0
6,5159;43,9066;-211,8423;96,8752;24,9670;-90,0000;133,9066;400,000;200,000;34,227;117,663;0,0000;14,9572;-5,5261;-9,4312;0,0000;-0,0000;0,0000;99,4558;-41,4420;-58,0138;0,0000;0,0000;19;0
6,5255;43,9066;-211,6941;96,8203;24,8738;-90,0000;133,9066;400,000;200,000;35,429;125,340;0,0000;15,9125;-5,9283;-9,9841;0,0000;0,0000;0,0000;99,6350;-42,4275;-57,2075;0,0000;0,0000;19;0
6,5351;43,9066;-211,5369;96,7615;24,7754;-90,0000;133,9066;400,000;200,000;36,706;133,017;0,0000;16,8695;-6,3404;-10,5291;0,0000;0,0000;-0,0000;99,8220;-43,4729;-56,3491;-0,0000;-0,0000;19;0
6,5447;43,9066;-211,3704;96,6986;24,6718;-90,0000;133,9066;400,000;200,000;38,056;140,694;0,0000;17,8283;-6,7627;-11,0656;0,0000;-0,0000;-0,0000;100,0162;-44,5781;-55,4381;-0,0000;-0,0000;19;0
6,5543;43,9066;-211,1947;96,6317;24,5630;-90,0000;133,9066;400,000;200,000;39,480;148,371;0,0000;18,7890;-7,1959;-11,5931;0,0000;-0,0000;0,0000;100,2172;-45,7432;-54,4740;0,0000;0,0000;19;0
6,5638;43,9066;-211,0098;96,5605;24,4493;-90,0000;133,9066;400,000;200,000;40,977;156,048;0,0000;19,7517;-7,6406;-12,1111;0,0000;-0,0000;0,0000;100,4243;-46,9680;-53,4563;0,0000;-0,0000;19;0
6,5734;43,9066;-210,8156;96,4850;24,3306;-90,0000;133,9066;400,000;200,000;42,549;163,725;0,0000;20,7164;-8,0974;-12,6191;0,0000;-0,0000;0,0000;100,6371;-48,2525;-52,3846;0,0000;-0,0000;19;0
6,5830;43,9066;-210,6122;96,4051;24,2071;-90,0000;133,9066;400,000;200,000;44,193;171,402;0,0000;21,6832;-8,5667;-13,1165;0,0000;-0,0000;-0,0000;100,8549;-49,5966;-51,2582;-0,0000;-0,0000;19;0
6,5926;43,9066;-210,3994;96,3206;24,0788;-90,0000;133,9066;400,000;200,000;45,912;179,079;0,0000;22,6521;-9,0492;-13,6029;0,0000;-0,0000;0,0000;101,0771;-51,0003;-50,0768;0,0000;0,0000;19;0
6,6022;43,9066;-210,1774;96,2314;23,9460;-90,0000;133,9066;400,000;200,000;47,704;186,756;0,0000;23,6231;-9,5455;-14,0776;0,0000;-0,0000;0,0000;101,3033;-52,4635;-48,8398;0,0000;0,0000;19;0
6,6118;43,9066;-209,9461;96,1374;23,8087;-90,0000;133,9066;400,000;200,000;49,570;194,434;0,0000;24,5964;-10,0562;-14,5402;0,0000;0,0000;0,0000;101,5328;-53,9861;-47,5467;0,0000;0,0000;19;0
6,6214;43,9066;-209,7054;96,0384;23,6669;-90,0000;133,9066;400,000;200,000;51,509;202,111;0,0000;25,5718;-10,5817;-14,9901;0,0000;0,0000;0,0000;101,7650;-55,5681;-46,1969;0,0000;0,0000;19;0
6,6310;43,9066;-209,4553;95,9343;23,5210;-90,0000;133,9066;400,000;200,000;53,523;209,788;0,0000;26,5495;-11,1227;-15,4269;0,0000;0,0000;0,0000;101,9995;-57,2096;-44,7900;0,0000;0,0000;19;0
6,6406;43,9066;-209,1958;95,8249;23,3709;-90,0000;133,9066;400,000;200,000;55,609;217,465;0,0000;27,5294;-11,6797;-15,8498;0,0000;0,0000;-0,0000;102,2357;-58,9104;-43,3253;-0,0000;-0,0000;19;0
6,6502;43,9066;-208,9269;95,7102;23,2168;-90,0000;133,9066;400,000;200,000;57,770;225,142;0,0000;28,5117;-12,2533;-16,2584;0,0000;0,0000;-0,0000;102,4730;-60,6705;-41,8024;-0,0000;-0,0000;19;0
6,6598;43,9066;-208,6486;95,5898;23,0588;-90,0000;133,9066;400,000;200,000;60,004;232,819;0,0000;29,4962;-12,8441;-16,6521;0,0000;0,0000;0,0000;102,7109;-62,4900;-40,2209;0,0000;0,0000;19;0
6,6694;43,9066;-208,3608;95,4636;22,8972;-90,0000;133,9066;400,000;200,000;62,312;240,496;0,0000;30,4829;-13,4526;-17,0303;0,0000;0,0000;-0,0000;102,9490;-64,3690;-38,5801;-0,0000;-0,0000;19;0
6,6790;43,9066;-208,0635;95,3316;22,7320;-90,0000;133,9066;400,000;200,000;64,694;248,173;0,0000;31,4720;-14,0795;-17,3925;0,0000;0,0000;-0,0000;103,1869;-66,3074;-36,8795;-0,0000;-0,0000;19;0
6,6886;43,9066;-207,7568;95,1934;22,5634;-90,0000;133,9066;400,000;200,000;67,149;255,850;0,0000;32,4634;-14,7252;-17,7381;0,0000;0,0000;0,0000;103,4242;-68,3054;-35,1188;0,0000;0,0000;19;0
6,6982;43,9066;-207,4405;95,0490;22,3915;-90,0000;133,9066;400,000;200,000;69,678;263,527;0,0000;33,4570;-15,3904;-18,0665;0,0000;0,0000;0,0000;103,6605;-70,3630;-33,2974;0,0000;0,0000;19;0
6,7078;43,9066;-207,1147;94,8980;22,2166;-90,0000;133,9066;400,000;200,000;72,280;271,204;0,0000;34,4529;-16,0757;-18,3772;0,0000;0,0000;0,0000;79,5927;-60,8117;-18,7810;0,0000;-0,0000;19;0
6,7174;43,9066;-206,7792;94,7404;22,0388;-90,0000;133,9066;400,000;200,000;74,956;278,881;0,0000;34,9846;-16,5576;-18,4270;0,0000;0,0000;0,0000;5,2230;-26,4908;21,2678;0,0000;0,0000;19;0
6,7270;43,9066;-206,4432;94,5803;21,8630;-90,0000;133,9066;400,000;200,000;77,635;279,126;0,0000;34,5531;-16,5841;-17,9690;0,0000;0,0000;0,0000;-70,9964;10,3716;60,6248;0,0000;0,0000;19;0
6,7366;43,9066;-206,1161;94,4221;21,6939;-90,0000;133,9066;400,000;200,000;80,240;271,451;0,0000;33,6220;-16,3585;-17,2635;0,0000;0,0000;-0,0000;-97,2107;24,5593;72,6514;-0,0000;-0,0000;19;0
6,7462;43,9066;-205,7979;94,2663;21,5316;-90,0000;133,9066;400,000;200,000;82,771;263,774;0,0000;32,6874;-16,1128;-16,5746;0,0000;-0,0000;-0,0000;-97,5524;26,6283;70,9241;-0,0000;-0,0000;19;0
6,7558;43,9066;-205,4887;94,1129;21,3758;-90,0000;133,9066;400,000;200,000;85,229;256,097;0,0000;31,7497;-15,8475;-15,9022;0,0000;-0,0000;0,0000;-97,8680;28,6330;69,2350;0,0000;0,0000;19;0
6,7654;43,9066;-205,1886;93,9621;21,2264;-90,0000;133,9066;400,000;200,000;87,613;248,420;0,0000;30,8091;-15,5632;-15,2458;0,0000;0,0000;-0,0000;-98,1652;30,5768;67,5884;-0,0000;-0,0000;19;0
6,7750;43,9066;-204,8974;93,8142;21,0832;-90,0000;133,9066;400,000;200,000;89,923;240,743;-0,0000;29,8657;-15,2606;-14,6050;-0,0000;-0,0000;-0,0000;-98,4451;32,4598;65,9853;-0,0000;-0,0000;19;0
6,7846;43,9066;-204,6154;93,6693;20,9461;-90,0000;133,9066;400,000;200,000;92,159;233,066;-0,0000;28,9196;-14,9402;-13,9794;-0,0000;-0,0000;0,0000;-98,7088;34,2823;64,4265;0,0000;0,0000;19;0
6,7942;43,9066;-204,3424;93,5275;20,8149;-90,0000;133,9066;400,000;200,000;94,322;225,389;0,0000;27,9712;-14,6026;-13,3685;0,0000;-0,0000;0,0000;-98,9572;36,0443;62,9130;0,0000;0,0000;19;0
6,8038;43,9066;-204,0785;93,3890;20,6895;-90,0000;133,9066;400,000;200,000;96,411;217,712;0,0000;27,0204;-14,2484;-12,7720;0,0000;0,0000;-0,0000;-99,1913;37,7461;61,4453;-0,0000;0,0000;19;0
6,8134;43,9066;-203,8238;93,2540;20,5698;-90,0000;133,9066;400,000;200,000;98,427;210,035;0,0000;26,0675;-13,8782;-12,1892;0,0000;0,0000;0,0000;-99,4119;39,3877;60,0242;0,0000;0,0000;19;0
6,8229;43,9066;-203,5782;93,1226;20,4556;-90,0000;133,9066;400,000;200,000;100,369;202,358;0,0000;25,1124;-13,4925;-11,6199;0,0000;0,0000;0,0000;-99,6197;40,9693;58,6504;0,0000;-0,0000;19;0
6,8325;43,9066;-203,3418;92,9950;20,3468;-90,0000;133,9066;400,000;200,000;102,237;194,681;0,0000;24,1555;-13,0919;-11,0636;0,0000;0,0000;-0,0000;-99,8155;42,4909;57,3246;-0,0000;0,0000;19;0
6,8421;43,9066;-203,1146;92,8714;20,2433;-90,0000;133,9066;400,000;200,000;104,032;187,004;0,0000;23,1967;-12,6770;-10,5197;0,0000;0,0000;-0,0000;-99,9998;43,9527;56,0471;-0,0000;0,0000;19;0
6,8517;43,9066;-202,8966;92,7517;20,1449;-90,0000;133,9066;400,000;200,000;105,752;179,326;0,0000;22,2362;-12,2483;-9,9879;0,0000;0,0000;-0,0000;-100,1734;45,3547;54,8186;-0,0000;-0,0000;19;0
6,8613;43,9066;-202,6878;92,6363;20,0516;-90,0000;133,9066;400,000;200,000;107,400;171,649;0,0000;21,2741;-11,8065;-9,4676;0,0000;0,0000;-0,0000;-100,3366;46,6969;53,6396;-0,0000;-0,0000;19;0
6,8709;43,9066;-202,4883;92,5251;19,9632;-90,0000;133,9066;400,000;200,000;108,973;163,972;0,0000;20,3105;-11,3521;-8,9584;0,0000;0,0000;-0,0000;-100,4900;47,9794;52,5106;-0,0000;0,0000;19;0
6,8805;43,9066;-202,2980;92,4184;19,8796;-90,0000;133,9066;400,000;200,000;110,473;156,295;0,0000;19,3455;-10,8857;-8,4598;0,0000;0,0000;0,0000;-100,6340;49,2021;51,4319;0,0000;0,0000;19;0
6,8901;43,9066;-202,1170;92,3162;19,8008;-90,0000;133,9066;400,000;200,000;111,899;148,618;0,0000;18,3791;-10,4078;-7,9713;0,0000;0,0000;-0,0000;-100,7690;50,3651;50,4039;-0,0000;-0,0000;19;0
6,8997;43,9066;-201,9453;92,2187;19,7266;-90,0000;133,9066;400,000;200,000;113,252;140,941;0,0000;17,4115;-9,9190;-7,4924;0,0000;0,0000;-0,0000;-100,8954;51,4684;49,4270;-0,0000;-0,0000;19;0
6,9093;43,9066;-201,7829;92,1258;19,6570;-90,0000;133,9066;400,000;200,000;114,531;133,264;0,0000;16,4427;-9,4200;-7,0227;0,0000;0,0000;-0,0000;-101,0136;52,5119;48,5016;-0,0000;0,0000;19;0
6,9189;43,9066;-201,6297;92,0379;19,5919;-90,0000;133,9066;400,000;200,000;115,736;125,587;0,0000;15,4728;-8,9112;-6,5616;0,0000;0,0000;-0,0000;-101,1237;53,4957;47,6280;-0,0000;-0,0000;19;0
6,9285;43,9066;-201,4859;91,9548;19,5311;-90,0000;133,9066;400,000;200,000;116,867;117,910;0,0000;14,5018;-8,3933;-6,1086;0,0000;0,0000;0,0000;-101,2260;54,4196;46,8064;0,0000;-0,0000;19;0
6,9381;43,9066;-201,3514;91,8768;19,4746;-90,0000;133,9066;400,000;200,000;117,925;110,233;0,0000;13,5300;-7,8667;-5,6632;0,0000;0,0000;0,0000;-101,3209;55,2837;46,0372;0,0000;0,0000;19;0
6,9477;43,9066;-201,2262;91,8038;19,4224;-90,0000;133,9066;400,000;200,000;118,909;102,556;0,0000;12,5572;-7,3322;-5,2250;0,0000;0,0000;-0,0000;-101,4084;56,0879;45,3205;-0,0000;0,0000;19;0
6,9573;43,9066;-201,1104;91,7361;19,3743;-90,0000;133,9066;400,000;200,000;119,820;94,879;0,0000;11,5837;-6,7903;-4,7934;0,0000;0,0000;-0,0000;-101,4887;56,8321;44,6566;-0,0000;0,0000;19;0
6,9669;43,9066;-201,0039;91,6735;19,3304;-90,0000;133,9066;400,000;200,000;120,657;87,202;0,0000;10,6094;-6,2415;-4,3679;0,0000;0,0000;-0,0000;-101,5621;57,5163;44,0457;-0,0000;0,0000;19;0
6,9765;43,9066;-200,9068;91,6163;19,2905;-90,0000;133,9066;400,000;200,000;121,420;79,525;0,0000;9,6345;-5,6864;-3,9481;0,0000;0,0000;-0,0000;-101,6286;58,1406;43,4881;-0,0000;-0,0000;19;0
6,9861;43,9066;-200,8190;91,5644;19,2546;-90,0000;133,9066;400,000;200,000;122,109;71,848;0,0000;8,6589;-5,1256;-3,5333;0,0000;0,0000;-0,0000;-101,6884;58,7047;42,9837;-0,0000;-0,0000;19;0
6,9957;43,9066;-200,7406;91,5179;19,2227;-90,0000;133,9066;400,000;200,000;122,725;64,171;0,0000;7,6828;-4,5597;-3,1231;0,0000;0,0000;0,0000;-101,7416;59,2087;42,5329;-0,0000;0,0000;19;0
7,0053;43,9066;-200,6715;91,4769;19,1947;-90,0000;133,9066;400,000;200,000;123,267;56,494;0,0000;6,7062;-3,9892;-2,7170;0,0000;0,0000;-0,0000;-101,7882;59,6525;42,1357;-0,0000;-0,0000;19;0
7,0149;43,9066;-200,6119;91,4413;19,1705;-90,0000;133,9066;400,000;200,000;123,736;48,817;0,0000;5,7292;-3,4148;-2,3144;0,0000;0,0000;-0,0000;-101,8283;60,0361;41,7922;-0,0000;-0,0000;19;0
7,0245;43,9066;-200,5616;91,4113;19,1503;-90,0000;133,9066;400,000;200,000;124,130;41,140;0,0000;4,7519;-2,8370;-1,9149;0,0000;0,0000;-0,0000;-101,8620;60,3594;41,5026;-0,0000;0,0000;19;0
7,0341;43,9066;-200,5207;91,3869;19,1338;-90,0000;133,9066;400,000;200,000;124,451;33,463;0,0000;3,7742;-2,2564;-1,5179;0,0000;0,0000;-0,0000;-101,8894;60,6225;41,2669;-0,0000;-0,0000;19;0
7,0437;43,9066;-200,4891;91,3680;19,1211;-90,0000;133,9066;400,000;200,000;124,699;25,786;0,0000;2,7964;-1,6735;-1,1229;0,0000;0,0000;-0,0000;-101,9105;60,8252;41,0853;-0,0000;-0,0000;19;0
7,0533;43,9066;-200,4670;91,3548;19,1122;-90,0000;133,9066;400,000;200,000;124,873;18,109;0,0000;1,8183;-1,0890;-0,7293;0,0000;0,0000;-0,4481;-101,6715;60,8155;40,8560;-0,0000;-0,4481;19;0
7,0629;43,9066;-200,4542;91,3471;19,1071;-90,0000;133,9066;400,000;200,000;124,973;10,432;-0,0086;0,8450;-0,5063;-0,3387;-0,0000;-0,0086;-29,2988;-85,3413;51,1067;34,2346;-0,0000;-29,2988;19;0
7,0725;43,9065;-200,4508;91,3450;19,1057;-90,0000;133,9065;400,001;199,999;125,000;2,835;-0,5623;0,1804;-0,1081;-0,0723;-0,0000;-0,5623;-102,2532;-44,0290;26,3798;17,6493;0,0000;-102,2532;20;0
7,0820;43,8959;-200,4508;91,3450;19,1057;-90,0000;133,8959;400,038;199,925;125,000;8,644;-1,9711;-0,0000;-0,0000;-0,0000;0,0000;-1,9711;-163,4025;-9,3995;5,6328;3,7667;0,0000;-163,4025;20;0
7,0916;43,8686;-200,4508;91,3450;19,1057;-90,0000;133,8686;400,133;199,735;125,000;22,126;-3,6984;-0,0000;-0,0000;-0,0000;0,0000;-3,6984;-180,0000;-0,0000;-0,0000;-0,0000;0,0000;-180,0000;20;0
7,1012;43,8249;-200,4508;91,3450;19,1057;-90,0000;133,8249;400,285;199,429;125,000;35,609;-5,4258;-0,0000;-0,0000;-0,0000;0,0000;-5,4258;-180,0000;-0,0000;-0,0000;-0,0000;0,0000;-180,0000;20;0
7,1108;43,7645;-200,4508;91,3450;19,1057;-90,0000;133,7645;400,495;199,007;125,000;49,091;-7,1531;-0,0000;-0,0000;-0,0000;0,0000;-7,1531;-180,0000;-0,0000;-0,0000;-0,0000;0,0000;-180,0000;20;0
7,1204;43,6876;-200,4508;91,3450;19,1057;-90,0000;133,6876;400,762;198,469;125,000;62,574;-8,8804;-0,0000;-0,0000;-0,0000;0,0000;-8,8804;-180,0000;-0,0000;-0,0000;-0,0000;0,0000;-180,0000;20;0
7,1300;43,5941;-200,4508;91,3450;19,1057;-90,0000;133,5941;401,085;197,815;125,000;76,056;-10,6077;-0,0000;-0,0000;-0,0000;0,0000;-10,6077;-180,0000;-0,0000;-0,0000;-0,0000;0,0000;-180,0000;20;0
7,1396;43,4840;-200,4508;91,3450;19,1057;-90,0000;133,4840;401,464;197,044;125,000;89,538;-12,3351;-0,0000;-0,0000;-0,0000;0,0000;-12,3351;-180,0000;-0,0000;-0,0000;-0,0000;0,0000;-180,0000;20;0
7,1492;43,3573;-200,4508;91,3450;19,1057;-90,0000;133,3573;401,899;196,156;125,000;103,021;-14,0624;-0,0000;-0,0000;-0,0000;0,0000;-14,0624;-180,0000;-0,0000;-0,0000;-0,0000;0,0000;-180,0000;20;0
7,1588;43,2141;-200,4508;91,3450;19,1057;-90,0000;133,2141;402,388;195,151;125,000;116,503;-15,7897;-0,0000;-0,0000;-0,0000;0,0000;-15,7897;-180,0000;-0,0000;-0,0000;-0,0000;0,0000;-180,0000;20;0
7,1684;43,0543;-200,4508;91,3450;19,1057;-90,0000;133,0543;402,931;194,028;125,000;129,986;-17,5171;-0,0000;-0,0000;-0,0000;0,0000;-17,5171;-180,0000;-0,0000;-0,0000;-0,0000;0,0000;-180,0000;20;0
7,1780;42,8779;-200,4508;91,3450;19,1057;-90,0000;132,8779;403,526;192,786;125,000;143,468;-19,2444;-0,0000;-0,0000;-0,0000;0,0000;-19,2444;-180,0000;-0,0000;-0,0000;-0,0000;0,0000;-180,0000;20;0
7,1876;42,6849;-200,4508;91,3450;19,1057;-90,0000;132,6849;404,173;191,426;125,000;156,950;-20,9717;-0,0000;-0,0000;-0,0000;0,0000;-20,9717;-180,0000;-0,0000;-0,0000;-0,0000;0,0000;-180,0000;20;0
7,1972;42,4754;-200,4508;91,3450;19,1057;-90,0000;132,4754;404,871;189,947;125,000;170,433;-22,6990;-0,0000;-0,0000;-0,0000;0,0000;-22,6990;-180,0000;-0,0000;-0,0000;-0,0000;0,0000;-180,0000;20;0
7,2068;42,2493;-200,4508;91,3450;19,1057;-90,0000;132,2493;405,617;188,347;125,000;183,915;-24,4264;-0,0000;-0,0000;-0,0000;0,0000;-24,4264;-180,0000;-0,0000;-0,0000;-0,0000;0,0000;-180,0000;20;0
7,2164;42,0066;-200,4508;91,3450;19,1057;-90,0000;132,0066;406,411;186,628;125,000;197,397;-26,1537;-0,0000;-0,0000;-0,0000;0,0000;-26,1537;-180,0000;-0,0000;-0,0000;-0,0000;0,0000;-180,0000;20;0
7,2260;41,7473;-200,4508;91,3450;19,1057;-90,0000;131,7473;407,252;184,787;125,000;210,880;-27,8810;-0,0000;-0,0000;-0,0000;0,0000;-27,8810;-180,0000;-0,0000;-0,0000;-0,0000;0,0000;-180,0000;20;0
7,2356;41,4715;-200,4508;91,3450;19,1057;-90,0000;131,4715;408,137;182,824;125,000;224,362;-29,6084;-0,0000;-0,0000;-0,0000;0,0000;-29,6084;-180,0000;-0,0000;-0,0000;-0,0000;0,0000;-180,0000;20;0
7,2452;41,1791;-200,4508;91,3450;19,1057;-90,0000;131,1791;409,064;180,739;125,000;237,845;-31,3357;-0,0000;-0,0000;-0,0000;0,0000;-31,3357;-180,0000;-0,0000;-0,0000;-0,0000;0,0000;-180,0000;20;0
7,2548;40,8701;-200,4508;91,3450;19,1057;-90,0000;130,8701;410,033;178,530;125,000;251,327;-33,0630;-0,0000;-0,0000;-0,0000;0,0000;-33,0630;-180,0000;-0,0000;-0,0000;-0,0000;0,0000;-180,0000;20;0
7,2644;40,5445;-200,4508;91,3450;19,1057;-90,0000;130,5445;411,041;176,197;125,000;264,809;-34,7903;-0,0000;-0,0000;-0,0000;0,0000;-34,7903;-180,0000;-0,0000;-0,0000;-0,0000;0,0000;-180,0000;20;0
7,2740;40,2024;-200,4508;91,3450;19,1057;-90,0000;130,2024;412,086;173,739;125,000;278,292;-36,5177;-0,0000;-0,0000;-0,0000;0,0000;-36,5177;-180,0000;-0,0000;-0,0000;-0,0000;0,0000;-180,0000;20;0
7,2836;39,8436;-200,4508;91,3450;19,1057;-90,0000;129,8436;413,165;171,156;125,000;291,774;-38,2450;-0,0000;-0,0000;-0,0000;0,0000;-38,2450;-180,0000;-0,0000;-0,0000;-0,0000;0,0000;-180,0000;20;0
7,2932;39,4683;-200,4508;91,3450;19,1057;-90,0000;129,4683;414,278;168,446;125,000;305,256;-39,9723;-0,0000;-0,0000;-0,0000;0,0000;-39,9723;-180,0000;-0,0000;-0,0000;-0,0000;0,0000;-180,0000;20;0
7,3028;39,0765;-200,4508;91,3450;19,1057;-90,0000;129,0765;415,420;165,609;125,000;318,739;-41,6997;-0,0000;-0,0000;-0,0000;0,0000;-41,6997;-180,0000;-0,0000;-0,0000;-0,0000;0,0000;-180,0000;20;0
7,3124;38,6680;-200,4508;91,3450;19,1057;-90,0000;128,6680;416,590;162,643;125,000;332,221;-43,4270;-0,0000;-0,0000;-0,0000;0,0000;-43,4270;-180,0000;-0,0000;-0,0000;-0,0000;0,0000;-180,0000;20;0
7,3220;38,2430;-200,4508;91,3450;19,1057;-90,0000;128,2430;417,785;159,548;125,000;345,703;-45,1543;-0,0000;-0,0000;-0,0000;0,0000;-45,1543;-180,0000;-0,0000;-0,0000;-0,0000;0,0000;-180,0000;20;0
7,3316;37,8014;-200,4508;91,3450;19,1057;-90,0000;127,8014;419,002;156,324;125,000;359,186;-46,8817;-0,0000;-0,0000;-0,0000;0,0000;-46,8817;-180,0000;-0,0000;-0,0000;-0,0000;0,0000;-180,0000;20;0
7,3411;37,3432;-200,4508;91,3450;19,1057;-90,0000;127,3432;420,239;152,968;125,000;372,668;-48,6090;-0,0000;-0,0000;-0,0000;0,0000;-48,6090;-180,0000;-0,0000;-0,0000;-0,0000;0,0000;-180,0000;20;0
7,3507;36,8685;-200,4508;91,3450;19,1057;-90,0000;126,8685;421,492;149,481;125,000;386,150;-50,3363;-0,0000;-0,0000;-0,0000;0,0000;-50,3363;-180,0000;-0,0000;-0,0000;-0,0000;0,0000;-180,0000;20;0
7,3603;36,3771;-200,4508;91,3450;19,1057;-90,0000;126,3771;422,758;145,861;125,000;399,632;-52,0636;-0,0000;-0,0000;-0,0000;0,0000;-52,0636;-180,0000;-0,0000;-0,0000;-0,0000;0,0000;-180,0000;20;0
7,3699;35,8692;-200,4508;91,3450;19,1057;-90,0000;125,8692;424,035;142,108;125,000;413,115;-53,7910;-0,0000;-0,0000;-0,0000;0,0000;-53,7910;-180,0000;-0,0000;-0,0000;-0,0000;0,0000;-180,0000;20;0
7,3795;35,3448;-200,4508;91,3450;19,1057;-90,0000;125,3448;425,318;138,220;125,000;426,597;-55,5183;-0,0000;-0,0000;-0,0000;0,0000;-55,5183;-180,0000;-0,0000;-0,0000;-0,0000;0,0000;-180,0000;20;0
7,3891;34,8037;-200,4508;91,3450;19,1057;-90,0000;124,8037;426,604;134,198;125,000;440,079;-57,2456;-0,0000;-0,0000;-0,0000;0,0000;-57,2456;-180,0000;-0,0000;-0,0000;-0,0000;0,0000;-180,0000;20;0
7,3987;34,2461;-200,4508;91,3450;19,1057;-90,0000;124,2461;427,890;130,039;125,000;453,562;-58,9730;-0,0000;-0,0000;-0,0000;0,0000;-58,9730;-180,0000;-0,0000;-0,0000;-0,0000;0,0000;-180,0000;20;0
7,4083;33,6719;-200,4508;91,3450;19,1057;-90,0000;123,6719;429,172;125,745;125,000;467,044;-60,7003;-0,0000;-0,0000;-0,0000;0,0000;-60,7003;-180,0000;-0,0000;-0,0000;-0,0000;0,0000;-180,0000;20;0
7,4179;33,0811;-200,4508;91,3450;19,1057;-90,0000;123,0811;430,445;121,313;125,000;480,526;-62,4276;-0,0000;-0,0000;-0,0000;0,0000;-62,4276;-180,0000;-0,0000;-0,0000;-0,0000;0,0000;-180,0000;20;0
7,4275;32,4737;-200,4508;91,3450;19,1057;-90,0000;122,4737;431,707;116,743;125,000;494,008;-64,1549;-0,0000;-0,0000;-0,0000;0,0000;-64,1549;-180,0000;-0,0000;-0,0000;-0,0000;0,0000;-180,0000;20;0
7,4371;31,8498;-200,4508;91,3450;19,1057;-90,0000;121,8498;432,953;112,035;125,000;507,490;-65,8823;-0,0000;-0,0000;-0,0000;0,0000;-65,8823;-180,0000;-0,0000;-0,0000;-0,0000;0,0000;-180,0000;20;0
7,4467;31,2093;-200,4508;91,3450;19,1057;-90,0000;121,2093;434,178;107,188;125,000;520,973;-67,6096;-0,0000;-0,0000;-0,0000;0,0000;-67,6096;-180,0000;-0,0000;-0,0000;-0,0000;0,0000;-180,0000;20;0
7,4563;30,5522;-200,4508;91,3450;19,1057;-90,0000;120,5522;435,379;102,202;125,000;534,455;-69,3369;-0,0000;-0,0000;-0,0000;0,0000;-69,3369;-180,0000;-0,0000;-0,0000;-0,0000;0,0000;-180,0000;20;0
7,4659;29,8785;-200,4508;91,3450;19,1057;-90,0000;119,8785;436,550;97,076;125,000;547,937;-71,0643;-0,0000;-0,0000;-0,0000;0,0000;-71,0643;-180,0000;-0,0000;-0,0000;-0,0000;0,0000;-180,0000;20;0
7,4755;29,1883;-200,4508;91,3450;19,1057;-90,0000;119,1883;437,688;91,810;125,000;561,419;-72,7916;-0,0000;-0,0000;-0,0000;0,0000;-72,7916;-180,0000;-0,0000;-0,0000;-0,0000;0,0000;-180,0000;20;0
7,4851;28,4815;-200,4508;91,3450;19,1057;-90,0000;118,4815;438,787;86,404;125,000;574,901;-74,5189;-0,0000;-0,0000;-0,0000;0,0000;-74,5189;-180,0000;-0,0000;-0,0000;-0,0000;0,0000;-180,0000;20;0
7,4947;27,7581;-200,4508;91,3450;19,1057;-90,0000;117,7581;439,843;80,857;125,000;588,383;-76,2462;-0,0000;-0,0000;-0,0000;0,0000;-76,2462;-180,0000;-0,0000;-0,0000;-0,0000;0,0000;-180,0000;20;0
7,5043;27,0181;-200,4508;91,3450;19,1057;-90,0000;117,0181;440,851;75,170;125,000;601,866;-77,9736;-0,0000;-0,0000;-0,0000;0,0000;-77,9736;-180,0000;-0,0000;-0,0000;-0,0000;0,0000;-180,0000;20;0
7,5139;26,2615;-200,4508;91,3450;19,1057;-90,0000;116,2615;441,805;69,342;125,000;615,348;-79,7009;-0,0000;-0,0000;-0,0000;0,0000;-79,7009;-180,0000;-0,0000;-0,0000;-0,0000;0,0000;-180,0000;20;0
7,5235;25,4884;-200,4508;91,3450;19,1057;-90,0000;115,4884;442,700;63,375;125,000;628,830;-81,4282;-0,0000;-0,0000;-0,0000;0,0000;-81,4282;-180,0000;-0,0000;-0,0000;-0,0000;0,0000;-180,0000;20;0
7,5331;24,6987;-200,4508;91,3450;19,1057;-90,0000;114,6987;443,532;57,267;125,000;642,312;-83,1556;-0,0000;-0,0000;-0,0000;0,0000;-83,1556;-180,0000;-0,0000;-0,0000;-0,0000;0,0000;-180,0000;20;0
7,5427;23,8925;-200,4508;91,3450;19,1057;-90,0000;113,8925;444,294;51,021;125,000;655,794;-84,8829;-0,0000;-0,0000;-0,0000;0,0000;-84,8829;-180,0000;-0,0000;-0,0000;-0,0000;0,0000;-180,0000;20;0
7,5523;23,0696;-200,4508;91,3450;19,1057;-90,0000;113,0696;444,981;44,635;125,000;669,276;-86,6102;-0,0000;-0,0000;-0,0000;0,0000;-86,6102;-179,9683;-0,0000;-0,0000;-0,0000;0,0000;-179,9683;20;0
7,5619;22,2302;-200,4508;91,3450;19,1057;-90,0000;112,2302;445,587;38,111;125,000;682,758;-88,3369;-0,0000;-0,0000;-0,0000;0,0000;-88,3369;-155,7782;-0,0000;-0,0000;-0,0000;0,0000;-155,7782;20;0
7,5715;21,3742;-200,4508;91,3450;19,1057;-90,0000;111,3742;446,106;31,450;125,000;696,231;-89,6000;-0,0000;-0,0000;-0,0000;0,0000;-89,6000;-86,6516;-0,0000;-0,0000;-0,0000;0,0000;-86,6516;20;0
7,5811;20,5105;-200,4508;91,3450;19,1057;-90,0000;110,5105;446,530;24,722;125,000;702,475;-90,0000;-0,0000;-0,0000;-0,0000;0,0000;-90,0000;-20,8417;-0,0000;-0,0000;-0,0000;0,0000;-20,8417;20;0
7,5907;19,6469;-200,4508;91,3450;19,1057;-90,0000;109,6469;446,852;17,989;125,000;702,475;-90,0000;-0,0000;-0,0000;-0,0000;0,0000;-90,0000;0,0000;-0,0000;0,0000;0,0000;0,0000;0,0000;20;0
7,6002;18,7832;-200,4508;91,3450;19,1057;-90,0000;108,7832;447,072;11,251;125,000;702,475;-90,0000;-0,0000;-0,0000;-0,0000;0,0000;-90,0000;0,0000;0,0000;0,0000;-0,0000;0,0000;0,0000;20;0
7,6098;17,9195;-200,4508;91,3450;19,1057;-90,0000;107,9195;447,191;4,511;125,000;702,475;-90,0000;-0,0000;-0,0000;-0,0000;0,0000;-90,0000;0,0000;0,0000;0,0000;0,0000;-0,0000;0,0000;20;0
7,6194;17,0559;-200,4508;91,3450;19,1057;-90,0000;107,0559;447,208;-2,230;125,000;702,475;-90,0000;-0,0000;-0,0000;-0,0000;0,0000;-90,0000;-0,0000;0,0000;-0,0000;0,0000;-0,0000;-0,0000;20;0
7,6290;16,1922;-200,4508;91,3450;19,1057;-90,0000;106,1922;447,124;-8,971;125,000;702,475;-90,0000;-0,0000;-0,0000;-0,0000;0,0000;-90,0000;0,0000;-0,0000;0,0000;0,0000;0,0000;-0,0000;20;0
7,6386;15,3286;-200,4508;91,3450;19,1057;-90,0000;105,3286;446,938;-15,709;125,000;702,475;-90,0000;-0,0000;-0,0000;-0,0000;0,0000;-90,0000;0,0000;-0,0000;0,0000;-0,0000;0,0000;0,0000;20;0
7,6482;14,4649;-200,4508;91,3450;19,1057;-90,0000;104,4649;446,650;-22,444;125,000;702,475;-90,0000;-0,0000;-0,0000;-0,0000;0,0000;-90,0000;8,7627;0,0000;0,0000;0,0000;-0,0000;8,7627;20;0
7,6578;13,6012;-200,4508;91,3450;19,1057;-90,0000;103,6012;446,261;-29,174;125,000;702,475;-89,8318;-0,0000;-0,0000;-0,0000;0,0000;-89,8318;59,3454;0,0000;0,0000;0,0000;-0,0000;59,3454;20;0
7,6674;12,7408;-200,4508;91,3450;19,1057;-90,0000;102,7408;445,773;-35,872;125,000;699,850;-88,8610;-0,0000;-0,0000;-0,0000;0,0000;-88,8610;137,4028;0,0000;0,0000;0,0000;-0,0000;137,4028;20;0
7,6770;11,8958;-200,4508;91,3450;19,1057;-90,0000;101,8958;445,195;-42,443;125,000;687,320;-87,1947;-0,0000;-0,0000;-0,0000;0,0000;-87,1947;176,8201;0,0000;0,0000;0,0000;-0,0000;176,8201;20;0
7,6866;11,0673;-200,4508;91,3450;19,1057;-90,0000;101,0673;444,535;-48,875;125,000;673,838;-85,4674;-0,0000;-0,0000;-0,0000;0,0000;-85,4674;180,0000;0,0000;0,0000;0,0000;-0,0000;180,0000;20;0
7,6962;10,2554;-200,4508;91,3450;19,1057;-90,0000;100,2554;443,798;-55,169;125,000;660,356;-83,7401;-0,0000;-0,0000;-0,0000;0,0000;-83,7401;180,0000;0,0000;0,0000;0,0000;-0,0000;180,0000;20;0
7,7058;9,4601;-200,4508;91,3450;19,1057;-90,0000;99,4601;442,989;-61,324;125,000;646,874;-82,0127;-0,0000;-0,0000;-0,0000;0,0000;-82,0127;180,0000;0,0000;0,0000;0,0000;-0,0000;180,0000;20;0
7,7154;8,6814;-200,4508;91,3450;19,1057;-90,0000;98,6814;442,115;-67,339;125,000;633,392;-80,2854;-0,0000;-0,0000;-0,0000;0,0000;-80,2854;180,0000;0,0000;0,0000;0,0000;-0,0000;180,0000;20;0
7,7250;7,9192;-200,4508;91,3450;19,1057;-90,0000;97,9192;441,180;-73,214;125,000;619,910;-78,5581;-0,0000;-0,0000;-0,0000;0,0000;-78,5581;180,0000;0,0000;0,0000;0,0000;-0,0000;180,0000;20;0
7,7346;7,1737;-200,4508;91,3450;19,1057;-90,0000;97,1737;440,190;-78,948;125,000;606,428;-76,8307;-0,0000;-0,0000;-0,0000;0,0000;-76,8307;180,0000;0,0000;0,0000;0,0000;-0,0000;180,0000;20;0
7,7442;6,4447;-200,4508;91,3450;19,1057;-90,0000;96,4447;439,150;-84,543;125,000;592,946;-75,1034;-0,0000;-0,0000;-0,0000;0,0000;-75,1034;180,0000;0,0000;0,0000;0,0000;-0,0000;180,0000;20;0
7,7538;5,7322;-200,4508;91,3450;19,1057;-90,0000;95,7322;438,065;-89,996;125,000;579,463;-73,3761;-0,0000;-0,0000;-0,0000;0,0000;-73,3761;180,0000;0,0000;0,0000;0,0000;-0,0000;180,0000;20;0
7,7634;5,0364;-200,4508;91,3450;19,1057;-90,0000;95,0364;436,939;-95,310;125,000;565,981;-71,6488;-0,0000;-0,0000;-0,0000;0,0000;-71,6488;180,0000;0,0000;0,0000;0,0000;-0,0000;180,0000;20;0
7,7730;4,3571;-200,4508;91,3450;19,1057;-90,0000;94,3571;435,779;-100,483;125,000;552,499;-69,9214;-0,0000;-0,0000;-0,0000;0,0000;-69,9214;180,0000;0,0000;0,0000;0,0000;-0,0000;180,0000;20;0
7,7826;3,6944;-200,4508;91,3450;19,1057;-90,0000;93,6944;434,587;-105,517;125,000;539,017;-68,1941;-0,0000;-0,0000;-0,0000;0,0000;-68,1941;180,0000;0,0000;0,0000;0,0000;-0,0000;180,0000;20;0
7,7922;3,0483;-200,4508;91,3450;19,1057;-90,0000;93,0483;433,370;-110,411;125,000;525,535;-66,4668;-0,0000;-0,0000;-0,0000;0,0000;-66,4668;180,0000;0,0000;0,0000;0,0000;-0,0000;180,0000;20;0
7,8018;2,4187;-200,4508;91,3450;19,1057;-90,0000;92,4187;432,131;-115,166;125,000;512,053;-64,7394;-0,0000;-0,0000;-0,0000;0,0000;-64,7394;180,0000;0,0000;0,0000;0,0000;-0,0000;180,0000;20;0
7,8114;1,8058;-200,4508;91,3450;19,1057;-90,0000;91,8058;430,874;-119,782;125,000;498,570;-63,0121;-0,0000;-0,0000;-0,0000;0,0000;-63,0121;180,0000;0,0000;0,0000;0,0000;-0,0000;180,0000;20;0
7,8210;1,2094;-200,4508;91,3450;19,1057;-90,0000;91,2094;429,604;-124,260;125,000;485,088;-61,2848;-0,0000;-0,0000;-0,0000;0,0000;-61,2848;180,0000;0,0000;0,0000;0,0000;-0,0000;180,0000;20;0
7,8306;0,6296;-200,4508;91,3450;19,1057;-90,0000;90,6296;428,324;-128,601;125,000;471,606;-59,5575;-0,0000;-0,0000;-0,0000;0,0000;-59,5575;180,0000;0,0000;0,0000;0,0000;-0,0000;180,0000;20;0
7,8402;0,0663;-200,4508;91,3450;19,1057;-90,0000;90,0663;427,039;-132,806;125,000;458,124;-57,8301;-0,0000;-0,0000;-0,0000;0,0000;-57,8301;180,0000;0,0000;0,0000;0,0000;-0,0000;180,0000;20;0
7,8498;-0,4803;-200,4508;91,3450;19,1057;-90,0000;89,5197;425,753;-136,874;125,000;444,641;-56,1028;-0,0000;-0,0000;-0,0000;0,0000;-56,1028;180,0000;0,0000;0,0000;0,0000;-0,0000;180,0000;20;0
7,8593;-1,0104;-200,4508;91,3450;19,1057;-90,0000;88,9896;424,468;-140,807;125,000;431,159;-54,3755;-0,0000;-0,0000;-0,0000;0,0000;-54,3755;180,0000;0,0000;0,0000;0,0000;-0,0000;180,0000;20;0
7,8689;-1,5239;-200,4508;91,3450;19,1057;-90,0000;88,4761;423,189;-144,606;125,000;417,677;-52,6481;-0,0000;-0,0000;-0,0000;0,0000;-52,6481;180,0000;0,0000;0,0000;0,0000;-0,0000;180,0000;20;0
7,8785;-2,0209;-200,4508;91,3450;19,1057;-90,0000;87,9791;421,919;-148,271;125,000;404,195;-50,9208;-0,0000;-0,0000;-0,0000;0,0000;-50,9208;180,0000;0,0000;0,0000;0,0000;-0,0000;180,0000;20;0
7,8881;-2,5012;-200,4508;91,3450;19,1057;-90,0000;87,4988;420,661;-151,803;125,000;390,712;-49,1935;-0,0000;-0,0000;-0,0000;0,0000;-49,1935;180,0000;0,0000;0,0000;0,0000;-0,0000;180,0000;20;0
7,8977;-2,9650;-200,4508;91,3450;19,1057;-90,0000;87,0350;419,419;-155,203;125,000;377,230;-47,4661;-0,0000;-0,0000;-0,0000;0,0000;-47,4661;180,0000;0,0000;0,0000;0,0000;-0,0000;180,0000;20;0
7,9073;-3,4122;-200,4508;91,3450;19,1057;-90,0000;86,5878;418,195;-158,472;125,000;363,748;-45,7388;-0,0000;-0,0000;-0,0000;0,0000;-45,7388;180,0000;0,0000;0,0000;0,0000;-0,0000;180,0000;20;0
7,9169;-3,8429;-200,4508;91,3450;19,1057;-90,0000;86,1571;416,992;-161,610;125,000;350,265;-44,0115;-0,0000;-0,0000;-0,0000;0,0000;-44,0115;180,0000;0,0000;0,0000;0,0000;-0,0000;180,0000;20;0
7,9265;-4,2569;-200,4508;91,3450;19,1057;-90,0000;85,7431;415,813;-164,620;125,000;336,783;-42,2842;-0,0000;-0,0000;-0,0000;0,0000;-42,2842;180,0000;0,0000;0,0000;0,0000;-0,0000;180,0000;20;0
7,9361;-4,6544;-200,4508;91,3450;19,1057;-90,0000;85,3456;414,661;-167,500;125,000;323,301;-40,5568;-0,0000;-0,0000;-0,0000;0,0000;-40,5568;180,0000;0,0000;0,0000;0,0000;-0,0000;180,0000;20;0
7,9457;-5,0353;-200,4508;91,3450;19,1057;-90,0000;84,9647;413,538;-170,253;125,000;309,818;-38,8295;-0,0000;-0,0000;-0,0000;0,0000;-38,8295;180,0000;0,0000;0,0000;0,0000;-0,0000;180,0000;20;0
7,9553;-5,3997;-200,4508;91,3450;19,1057;-90,0000;84,6003;412,447;-172,879;125,000;296,336;-37,1022;-0,0000;-0,0000;-0,0000;0,0000;-37,1022;180,0000;0,0000;0,0000;0,0000;-0,0000;180,0000;20;0
7,9649;-5,7474;-200,4508;91,3450;19,1057;-90,0000;84,2526;411,390;-175,379;125,000;282,854;-35,3748;-0,0000;-0,0000;-0,0000;0,0000;-35,3748;180,0000;0,0000;0,0000;0,0000;-0,0000;180,0000;20;0
7,9745;-6,0786;-200,4508;91,3450;19,1057;-90,0000;83,9214;410,370;-177,754;125,000;269,371;-33,6475;-0,0000;-0,0000;-0,0000;0,0000;-33,6475;180,0000;0,0000;0,0000;0,0000;-0,0000;180,0000;20;0
7,9841;-6,3932;-200,4508;91,3450;19,1057;-90,0000;83,6068;409,388;-180,005;125,000;255,889;-31,9202;-0,0000;-0,0000;-0,0000;0,0000;-31,9202;180,0000;0,0000;0,0000;0,0000;-0,0000;180,0000;20;0
7,9937;-6,6912;-200,4508;91,3450;19,1057;-90,0000;83,3088;408,446;-182,132;125,000;242,407;-30,1929;-0,0000;-0,0000;-0,0000;0,0000;-30,1929;180,0000;0,0000;0,0000;0,0000;-0,0000;180,0000;20;0
8,0033;-6,9727;-200,4508;91,3450;19,1057;-90,0000;83,0273;407,546;-184,136;125,000;228,924;-28,4655;-0,0000;-0,0000;-0,0000;0,0000;-28,4655;180,0000;0,0000;0,0000;0,0000;-0,0000;180,0000;20;0
8,0129;-7,2375;-200,4508;91,3450;19,1057;-90,0000;82,7625;406,691;-186,018;125,000;215,442;-26,7382;-0,0000;-0,0000;-0,0000;0,0000;-26,7382;180,0000;0,0000;0,0000;0,0000;-0,0000;180,0000;20;0
8,0225;-7,4858;-200,4508;91,3450;19,1057;-90,0000;82,5142;405,881;-187,779;125,000;201,960;-25,0109;-0,0000;-0,0000;-0,0000;0,0000;-25,0109;180,0000;0,0000;0,0000;0,0000;-0,0000;180,0000;20;0
8,0321;-7,7176;-200,4508;91,3450;19,1057;-90,0000;82,2824;405,118;-189,419;125,000;188,477;-23,2835;-0,0000;-0,0000;-0,0000;0,0000;-23,2835;180,0000;0,0000;0,0000;0,0000;-0,0000;180,0000;20;0
8,0417;-7,9327;-200,4508;91,3450;19,1057;-90,0000;82,0673;404,404;-190,939;125,000;174,995;-21,5562;-0,0000;-0,0000;-0,0000;0,0000;-21,5562;180,0000;0,0000;0,0000;0,0000;-0,0000;180,0000;20;0
8,0513;-8,1313;-200,4508;91,3450;19,1057;-90,0000;81,8687;403,740;-192,339;125,000;161,513;-19,8289;-0,0000;-0,0000;-0,0000;0,0000;-19,8289;180,0000;0,0000;0,0000;0,0000;-0,0000;180,0000;20;0
8,0609;-8,3133;-200,4508;91,3450;19,1057;-90,0000;81,6867;403,127;-193,621;125,000;148,030;-18,1016;-0,0000;-0,0000;-0,0000;0,0000;-18,1016;180,0000;0,0000;0,0000;0,0000;-0,0000;180,0000;20;0
8,0705;-8,4787;-200,4508;91,3450;19,1057;-90,0000;81,5213;402,566;-194,784;125,000;134,548;-16,3742;-0,0000;-0,0000;-0,0000;0,0000;-16,3742;180,0000;0,0000;0,0000;0,0000;-0,0000;180,0000;20;0
8,0801;-8,6275;-200,4508;91,3450;19,1057;-90,0000;81,3725;402,058;-195,829;125,000;121,065;-14,6469;-0,0000;-0,0000;-0,0000;0,0000;-14,6469;180,0000;0,0000;0,0000;0,0000;-0,0000;180,0000;20;0
8,0897;-8,7598;-200,4508;91,3450;19,1057;-90,0000;81,2402;401,605;-196,757;125,000;107,583;-12,9196;-0,0000;-0,0000;-0,0000;0,0000;-12,9196;180,0000;0,0000;0,0000;0,0000;-0,0000;180,0000;20;0
8,0993;-8,8755;-200,4508;91,3450;19,1057;-90,0000;81,1245;401,207;-197,567;125,000;94,101;-11,1922;-0,0000;-0,0000;-0,0000;0,0000;-11,1922;180,0000;0,0000;0,0000;0,0000;-0,0000;180,0000;20;0
8,1088;-8,9746;-200,4508;91,3450;19,1057;-90,0000;81,0254;400,865;-198,261;125,000;80,618;-9,4649;-0,0000;-0,0000;-0,0000;0,0000;-9,4649;180,0000;0,0000;0,0000;0,0000;-0,0000;180,0000;20;0
8,1184;-9,0572;-200,4508;91,3450;19,1057;-90,0000;80,9428;400,579;-198,838;125,000;67,136;-7,7376;-0,0000;-0,0000;-0,0000;0,0000;-7,7376;180,0000;0,0000;0,0000;0,0000;-0,0000;180,0000;20;0
8,1280;-9,1231;-200,4508;91,3450;19,1057;-90,0000;80,8769;400,350;-199,299;125,000;53,653;-6,0103;-0,0000;-0,0000;-0,0000;0,0000;-6,0103;180,0000;0,0000;0,0000;0,0000;-0,0000;180,0000;20;0
8,1376;-9,1725;-200,4508;91,3450;19,1057;-90,0000;80,8275;400,178;-199,644;125,000;40,171;-4,2829;-0,0000;-0,0000;-0,0000;0,0000;-4,2829;180,0000;0,0000;0,0000;0,0000;-0,0000;180,0000;20;0
8,1472;-9,2053;-200,4508;91,3450;19,1057;-90,0000;80,7947;400,063;-199,873;125,000;26,689;-2,5556;-0,0000;-0,0000;-0,0000;0,0000;-2,5556;173,9044;-3,4521;2,0690;1,3831;-0,0000;173,9044;20;0
8,1568;-9,2216;-200,4508;91,3450;19,1057;-90,0000;80,7784;400,007;-199,987;125,000;13,206;-0,9453;-0,0663;0,0397;0,0265;0,0000;-0,9453;127,9822;-29,4585;17,6516;11,8069;0,0000;127,9822;20;0
8,1664;-9,2235;-200,4521;91,3458;19,1062;-90,0000;80,7765;400,000;-200,000;124,990;1,867;-0,0993;-0,5654;0,3388;0,2266;0,0000;-0,0993;49,2513;-74,0434;44,3507;29,6927;-0,0000;49,2513;21;0
8,1760;-9,2235;-200,4616;91,3515;19,1101;-90,0000;80,7765;400,000;-200,000;124,915;7,834;0,0000;-1,4873;0,8909;0,5964;-0,0000;0,0000;5,1734;-98,9989;59,2462;39,7532;-0,0002;5,1734;21;0
8,1856;-9,2235;-200,4806;91,3629;19,1177;-90,0000;80,7765;400,000;-200,000;124,766;15,511;-0,0000;-2,4654;1,4759;0,9896;-0,0000;-0,0000;-0,0001;-101,9161;60,8802;41,0363;-0,0002;-0,0001;21;0
8,1952;-9,2235;-200,5089;91,3799;19,1291;-90,0000;80,7765;400,000;-200,000;124,543;23,188;-0,0000;-3,4434;2,0594;1,3840;-0,0000;-0,0000;0,0001;-101,8973;60,6978;41,1991;0,0002;0,0001;21;0
8,2048;-9,2235;-200,5467;91,4024;19,1443;-90,0000;80,7765;400,000;-200,000;124,247;30,865;0,0000;-4,4211;2,6408;1,7803;-0,0000;0,0000;0,0001;-101,8721;60,4551;41,4165;0,0002;0,0001;21;0
8,2144;-9,2235;-200,5938;91,4306;19,1632;-90,0000;80,7765;400,000;-200,000;123,877;38,542;0,0000;-5,3985;3,2196;2,1789;-0,0000;0,0000;0,0000;-101,8404;60,1522;41,6882;-0,0000;0,0000;21;0
8,2240;-9,2235;-200,6503;91,4642;19,1861;-90,0000;80,7765;400,000;-200,000;123,434;46,219;0,0000;-6,3757;3,7953;2,5804;-0,0000;0,0000;0,0000;-101,8025;59,7890;42,0134;-0,0000;0,0000;21;0
8,2336;-9,2235;-200,7162;91,5034;19,2128;-90,0000;80,7765;400,000;-200,000;122,917;53,896;0,0000;-7,3524;4,3671;2,9852;-0,0000;0,0000;0,0000;-101,7581;59,3656;42,3925;-0,0000;0,0000;21;0
8,2432;-9,2235;-200,7914;91,5480;19,2434;-90,0000;80,7765;400,000;-200,000;122,326;61,573;0,0000;-8,3287;4,9347;3,3940;-0,0000;0,0000;0,0000;-101,7071;58,8820;42,8252;-0,0000;0,0000;21;0
8,2528;-9,2235;-200,8760;91,5981;19,2779;-90,0000;80,7765;400,000;-200,000;121,661;69,250;0,0000;-9,3044;5,4972;3,8072;-0,0000;0,0000;0,0000;-101,6496;58,3382;43,3114;-0,0000;0,0000;21;0
8,2624;-9,2235;-200,9700;91,6535;19,3164;-90,0000;80,7765;400,000;-200,000;120,923;76,927;0,0000;-10,2796;6,0543;4,2253;-0,0000;0,0000;0,0000;-101,5854;57,7343;43,8511;-0,0000;0,0000;21;0
8,2720;-9,2235;-201,0733;91,7143;19,3590;-90,0000;80,7765;400,000;-200,000;120,111;84,605;0,0000;-11,2541;6,6053;4,6488;-0,0000;0,0000;0,0000;-101,5143;57,0704;44,4440;-0,0000;0,0000;21;0
8,2816;-9,2235;-201,1860;91,7803;19,4057;-90,0000;80,7765;400,000;-200,000;119,226;92,282;0,0000;-12,2279;7,1496;5,0783;-0,0000;0,0000;0,0000;-101,4363;56,3464;45,0899;-0,0000;0,0000;21;0
8,2912;-9,2235;-201,3080;91,8515;19,4565;-90,0000;80,7765;400,000;-200,000;118,266;99,959;0,0000;-13,2009;7,6867;5,5142;-0,0000;0,0000;0,0000;-101,3513;55,5625;45,7888;-0,0000;0,0000;21;0
8,3008;-9,2235;-201,4393;91,9278;19,5115;-90,0000;80,7765;400,000;-200,000;117,233;107,636;0,0000;-14,1731;8,2160;5,9571;-0,0000;0,0000;0,0000;-101,2590;54,7187;46,5403;-0,0000;0,0000;21;0
8,3104;-9,2235;-201,5800;92,0092;19,5708;-90,0000;80,7765;400,000;-200,000;116,127;115,313;0,0000;-15,1443;8,7369;6,4074;-0,0000;0,0000;0,0000;-101,1592;53,8150;47,3442;-0,0000;0,0000;21;0
8,3200;-9,2235;-201,7300;92,0955;19,6345;-90,0000;80,7765;400,000;-200,000;114,947;122,990;0,0000;-16,1146;9,2489;6,8657;-0,0000;0,0000;0,0000;-101,0517;52,8515;48,2002;0,0000;0,0000;21;0
8,3296;-9,2235;-201,8893;92,1867;19,7026;-90,0000;80,7765;400,000;-200,000;113,693;130,667;0,0000;-17,0838;9,7513;7,3325;0,0000;0,0000;0,0000;-100,9363;51,8282;49,1081;0,0000;0,0000;21;0
8,3392;-9,2235;-202,0579;92,2827;19,7752;-90,0000;80,7765;400,000;-200,000;112,365;138,344;0,0000;-18,0518;10,2436;7,8082;0,0000;0,0000;0,0000;-100,8127;50,7452;50,0676;-0,0000;0,0000;21;0
8,3488;-9,2235;-202,2357;92,3833;19,8524;-90,0000;80,7765;400,000;-200,000;110,964;146,021;0,0000;-19,0186;10,7252;8,2934;-0,0000;0,0000;0,0000;-100,6807;49,6024;51,0783;-0,0000;0,0000;21;0
8,3584;-9,2235;-202,4229;92,4885;19,9344;-90,0000;80,7765;400,000;-200,000;109,489;153,698;0,0000;-19,9841;11,1956;8,7885;-0,0000;0,0000;0,0000;-100,5397;48,3998;52,1399;-0,0000;0,0000;21;0
8,3679;-9,2235;-202,6193;92,5982;20,0211;-90,0000;80,7765;400,000;-200,000;107,940;161,375;0,0000;-20,9482;11,6541;9,2941;-0,0000;0,0000;0,0000;-100,3895;47,1376;53,2520;-0,0000;0,0000;21;0
8,3775;-9,2235;-202,8249;92,7122;20,1127;-90,0000;80,7765;400,000;-200,000;106,318;169,052;0,0000;-21,9109;12,1003;9,8106;-0,0000;0,0000;0,0000;-100,2297;45,8156;54,4141;-0,0000;0,0000;21;0
8,3871;-9,2235;-203,0398;92,8304;20,2094;-90,0000;80,7765;400,000;-200,000;104,622;176,729;0,0000;-22,8719;12,5334;10,3385;-0,0000;0,0000;0,0000;-100,0597;44,4338;55,6259;-0,0000;0,0000;21;0
8,3967;-9,2235;-203,2639;92,9527;20,3112;-90,0000;80,7765;400,000;-200,000;102,853;184,406;0,0000;-23,8313;12,9531;10,8782;-0,0000;0,0000;0,0000;-99,8791;42,9923;56,8868;-0,0000;0,0000;21;0
8,4063;-9,2235;-203,4972;93,0790;20,4182;-90,0000;80,7765;400,000;-200,000;101,009;192,083;0,0000;-24,7888;13,3586;11,4303;-0,0000;0,0000;0,0000;-99,6873;41,4909;58,1964;-0,0000;0,0000;21;0
8,4159;-9,2235;-203,7397;93,2091;20,5305;-90,0000;80,7765;400,000;-200,000;99,092;199,760;0,0000;-25,7445;13,7494;11,9951;-0,0000;0,0000;0,0000;-99,4836;39,9296;59,5540;-0,0000;0,0000;21;0
8,4255;-9,2235;-203,9913;93,3429;20,6484;-90,0000;80,7765;400,000;-200,000;97,102;207,437;0,0000;-26,6982;14,1249;12,5733;-0,0000;0,0000;0,0000;-99,2675;38,3083;60,9592;-0,0000;0,0000;21;0
8,4351;-9,2235;-204,2521;93,4802;20,7719;-90,0000;80,7765;400,000;-200,000;95,037;215,114;0,0000;-27,6497;14,4846;13,1651;-0,0000;0,0000;0,0000;-99,0380;36,6269;62,4111;-0,0000;0,0000;21;0
8,4447;-9,2235;-204,5220;93,6209;20,9011;-90,0000;80,7765;400,000;-200,000;92,899;222,791;0,0000;-28,5990;14,8279;13,7711;-0,0000;0,0000;0,0000;-98,7945;34,8852;63,9093;-0,0000;0,0000;21;0
8,4543;-9,2235;-204,8010;93,7648;21,0362;-90,0000;80,7765;400,000;-200,000;90,688;230,468;0,0000;-29,5458;15,1542;14,3917;-0,0000;0,0000;0,0000;-98,5361;33,0833;65,4528;0,0000;0,0000;21;0
8,4639;-9,2235;-205,0890;93,9118;21,1773;-90,0000;80,7765;400,000;-200,000;88,403;238,145;0,0000;-30,4901;15,4628;15,0273;-0,0000;0,0000;0,0000;-98,2618;31,2208;67,0410;0,0000;0,0000;21;0
8,4735;-9,2235;-205,3861;94,0616;21,3246;-90,0000;80,7765;400,000;-200,000;86,044;245,822;0,0000;-31,4317;15,7534;15,6784;-0,0000;0,0000;0,0000;-97,9706;29,2976;68,6730;-0,0000;0,0000;21;0
8,4831;-9,2235;-205,6923;94,2141;21,4782;-90,0000;80,7765;400,000;-200,000;83,611;253,499;0,0000;-32,3704;16,0251;16,3453;-0,0000;0,0000;0,0000;-97,6613;27,3135;70,3478;-0,0000;0,0000;21;0
8,4927;-9,2235;-206,0074;94,3691;21,6383;-90,0000;80,7765;400,000;-200,000;81,105;261,176;0,0000;-33,3061;16,2776;17,0285;-0,0000;0,0000;0,0000;-97,3329;25,2683;72,0646;-0,0000;0,0000;21;0
8,5023;-9,2235;-206,3315;94,5265;21,8050;-90,0000;80,7765;400,000;-200,000;78,525;268,853;0,0000;-34,2385;16,5101;17,7284;-0,0000;0,0000;0,0000;-85,4738;17,7666;67,7072;0,0000;0,0000;21;0
8,5119;-9,2235;-206,6645;94,6860;21,9785;-90,0000;80,7765;400,000;-200,000;75,871;276,530;0,0000;-34,9466;16,6186;18,3280;-0,0000;0,0000;0,0000;-26,1487;-11,5510;37,6997;-0,0000;0,0000;21;0
8,5215;-9,2235;-207,0022;94,8455;22,1568;-90,0000;80,7765;400,000;-200,000;73,177;280,681;0,0000;-34,7404;16,2884;18,4520;-0,0000;0,0000;-0,0000;60,0663;-52,0265;-8,0398;0,0000;-0,0000;21;0
8,5311;-9,2235;-207,3313;94,9986;22,3327;-90,0000;80,7765;400,000;-200,000;70,550;273,801;0,0000;-33,7937;15,6200;18,1737;-0,0000;0,0000;-0,0000;101,1343;-69,8335;-31,3008;0,0000;-0,0000;21;0
8,5407;-9,2235;-207,6508;95,1453;22,5056;-90,0000;80,7765;400,000;-200,000;67,996;266,124;0,0000;-32,7993;14,9481;17,8512;-0,0000;0,0000;-0,0000;103,5043;-68,9950;-34,5093;0,0000;-0,0000;21;0
8,5503;-9,2235;-207,9608;95,2855;22,6753;-90,0000;80,7765;400,000;-200,000;65,516;258,447;0,0000;-31,8072;14,2959;17,5114;-0,0000;0,0000;-0,0000;103,2673;-66,9768;-36,2905;0,0000;-0,0000;21;0
8,5599;-9,2235;-208,2613;95,4196;22,8417;-90,0000;80,7765;400,000;-200,000;63,110;250,770;0,0000;-30,8174;13,6627;17,1547;-0,0000;0,0000;-0,0000;103,0296;-65,0182;-38,0113;0,0000;-0,0000;21;0
8,5695;-9,2235;-208,5523;95,5477;23,0045;-90,0000;80,7765;400,000;-200,000;60,777;243,093;0,0000;-29,8298;13,0480;16,7818;-0,0000;0,0000;-0,0000;102,7915;-63,1192;-39,6723;0,0000;-0,0000;21;0
8,5791;-9,2235;-208,8338;95,6701;23,1637;-90,0000;80,7765;400,000;-200,000;58,518;235,416;0,0000;-28,8445;12,4513;16,3933;-0,0000;0,0000;0,0000;102,5534;-61,2796;-41,2739;0,0000;0,0000;21;0
8,5887;-9,2235;-209,1059;95,7867;23,3191;-90,0000;80,7765;400,000;-200,000;56,332;227,739;0,0000;-27,8616;11,8719;15,9897;0,0000;0,0000;0,0000;102,3159;-59,4993;-42,8165;0,0000;0,0000;21;0
8,5983;-9,2235;-209,3685;95,8979;23,4706;-90,0000;80,7765;400,000;-200,000;54,220;220,062;0,0000;-26,8808;11,3093;15,5715;0,0000;0,0000;-0,0000;102,0793;-57,7784;-44,3008;-0,0000;-0,0000;21;0
8,6079;-9,2235;-209,6218;96,0038;23,6180;-90,0000;80,7765;400,000;-200,000;52,182;212,385;0,0000;-25,9024;10,7630;15,1394;0,0000;0,0000;-0,0000;101,8442;-56,1169;-45,7273;-0,0000;-0,0000;21;0
8,6175;-9,2235;-209,8657;96,1045;23,7612;-90,0000;80,7765;400,000;-200,000;50,218;204,708;0,0000;-24,9262;10,2323;14,6939;-0,0000;0,0000;-0,0000;101,6111;-54,5148;-47,0963;0,0000;-0,0000;21;0
8,6270;-9,2235;-210,1002;96,2002;23,9000;-90,0000;80,7765;400,000;-200,000;48,327;197,031;0,0000;-23,9522;9,7167;14,2355;0,0000;0,0000;-0,0000;101,3806;-52,9720;-48,4086;0,0000;-0,0000;21;0
8,6366;-9,2235;-210,3254;96,2910;24,0344;-90,0000;80,7765;400,000;-200,000;46,510;189,354;0,0000;-22,9804;9,2156;13,7648;0,0000;0,0000;-0,0000;101,1533;-51,4888;-49,6645;-0,0000;-0,0000;21;0
8,6462;-9,2235;-210,5412;96,3770;24,1642;-90,0000;80,7765;400,000;-200,000;44,767;181,677;0,0000;-22,0108;8,7285;13,2823;-0,0000;0,0000;-0,0000;100,9296;-50,0649;-50,8647;0,0000;-0,0000;21;0
8,6558;-9,2235;-210,7478;96,4585;24,2893;-90,0000;80,7765;400,000;-200,000;43,097;174,000;0,0000;-21,0433;8,2547;12,7886;0,0000;0,0000;-0,0000;100,7102;-48,7007;-52,0096;0,0000;-0,0000;21;0
8,6654;-9,2235;-210,9451;96,5355;24,4096;-90,0000;80,7765;400,000;-200,000;41,501;166,323;0,0000;-20,0779;7,7938;12,2841;0,0000;0,0000;-0,0000;100,4957;-47,3960;-53,0997;-0,0000;-0,0000;21;0
8,6750;-9,2235;-211,1332;96,6081;24,5251;-90,0000;80,7765;400,000;-200,000;39,978;158,646;0,0000;-19,1146;7,3451;11,7695;-0,0000;0,0000;-0,0000;100,2866;-46,1510;-54,1356;-0,0000;-0,0000;21;0
8,6846;-9,2235;-211,3120;96,6764;24,6355;-90,0000;80,7765;400,000;-200,000;38,530;150,969;0,0000;-18,1532;6,9080;11,2451;0,0000;0,0000;-0,0000;100,0835;-44,9657;-55,1178;0,0000;-0,0000;21;0
8,6942;-9,2235;-211,4816;96,7406;24,7409;-90,0000;80,7765;400,000;-200,000;37,155;143,292;0,0000;-17,1937;6,4821;10,7116;0,0000;0,0000;-0,0000;99,8869;-43,8402;-56,0468;-0,0000;-0,0000;21;0
8,7038;-9,2235;-211,6420;96,8008;24,8411;-90,0000;80,7765;400,000;-200,000;35,853;135,615;0,0000;-16,2361;6,0666;10,1695;-0,0000;0,0000;-0,0000;99,6974;-42,7745;-56,9229;0,0000;-0,0000;21;0
8,7134;-9,2235;-211,7932;96,8571;24,9361;-90,0000;80,7765;400,000;-200,000;34,625;127,938;0,0000;-15,2803;5,6611;9,6191;0,0000;0,0000;-0,0000;99,5155;-41,7688;-57,7468;0,0000;-0,0000;21;0
8,7230;-9,2235;-211,9352;96,9095;25,0257;-90,0000;80,7765;400,000;-200,000;33,471;120,261;0,0000;-14,3261;5,2650;9,0612;0,0000;0,0000;-0,0000;99,3418;-40,8230;-58,5187;-0,0000;-0,0000;21;0
8,7326;-9,2235;-212,0681;96,9581;25,1100;-90,0000;80,7765;400,000;-200,000;32,391;112,584;0,0000;-13,3737;4,8776;8,4960;-0,0000;0,0000;-0,0000;99,1766;-39,9373;-59,2393;-0,0000;-0,0000;21;0
8,7422;-9,2235;-212,1919;97,0031;25,1888;-90,0000;80,7765;400,000;-200,000;31,384;104,907;0,0000;-12,4227;4,4985;7,9242;-0,0000;0,0000;-0,0000;99,0205;-39,1117;-59,9088;0,0000;-0,0000;21;0
8,7518;-9,2235;-212,3065;97,0445;25,2621;-90,0000;80,7765;400,000;-200,000;30,451;97,230;0,0000;-11,4732;4,1270;7,3462;0,0000;0,0000;-0,0000;98,8739;-38,3463;-60,5277;0,0000;-0,0000;21;0
8,7614;-9,2235;-212,4121;97,0823;25,3298;-90,0000;80,7765;400,000;-200,000;29,592;89,553;0,0000;-10,5251;3,7625;6,7625;0,0000;0,0000;-0,0000;98,7373;-37,6410;-61,0962;0,0000;-0,0000;21;0
8,7710;-9,2235;-212,5085;97,1167;25,3919;-90,0000;80,7765;400,000;-200,000;28,806;81,876;0,0000;-9,5782;3,4046;6,1736;0,0000;0,0000;-0,0000;98,6110;-36,9961;-61,6149;-0,0000;-0,0000;21;0
8,7806;-9,2235;-212,5959;97,1476;25,4483;-90,0000;80,7765;400,000;-200,000;28,094;74,199;0,0000;-8,6325;3,0525;5,5800;-0,0000;0,0000;-0,0000;98,4954;-36,4115;-62,0839;-0,0000;-0,0000;21;0
8,7902;-9,2235;-212,6742;97,1753;25,4990;-90,0000;80,7765;400,000;-200,000;27,456;66,522;0,0000;-7,6878;2,7057;4,9821;0,0000;0,0000;-0,0000;98,3908;-35,8872;-62,5036;0,0000;-0,0000;21;0
8,7998;-9,2235;-212,7435;97,1996;25,5439;-90,0000;80,7765;400,000;-200,000;26,891;58,845;0,0000;-6,7441;2,3637;4,3804;0,0000;0,0000;-0,0000;98,2975;-35,4234;-62,8742;-0,0000;-0,0000;21;0
8,8094;-9,2235;-212,8037;97,2206;25,5830;-90,0000;80,7765;400,000;-200,000;26,400;51,168;0,0000;-5,8012;2,0259;3,7754;-0,0000;0,0000;-0,0000;98,2158;-35,0199;-63,1959;-0,0000;-0,0000;21;0
8,8190;-9,2235;-212,8548;97,2385;25,6164;-90,0000;80,7765;400,000;-200,000;25,983;43,491;0,0000;-4,8591;1,6916;3,1675;-0,0000;0,0000;-0,0000;98,1460;-34,6770;-63,4690;0,0000;-0,0000;21;0
8,8286;-9,2235;-212,8969;97,2531;25,6438;-90,0000;80,7765;400,000;-200,000;25,639;35,814;0,0000;-3,9175;1,3603;2,5572;-0,0000;0,0000;-0,0000;98,0882;-34,3945;-63,6937;0,0000;-0,0000;21;0
8,8382;-9,2235;-212,9300;97,2646;25,6654;-90,0000;80,7765;400,000;-200,000;25,369;28,137;0,0000;-2,9765;1,0315;1,9450;-0,0000;0,0000;-0,0000;98,0426;-34,1726;-63,8700;0,0000;-0,0000;21;0
8,8478;-9,2235;-212,9540;97,2729;25,6812;-90,0000;80,7765;400,000;-200,000;25,173;20,460;0,0000;-2,0359;0,7045;1,3314;-0,0000;0,0000;-0,0000;98,0094;-34,0112;-63,9982;0,0000;-0,0000;21;0
8,8574;-9,2235;-212,9691;97,2781;25,6910;-90,0000;80,7765;400,000;-200,000;25,050;12,783;0,0000;-1,0955;0,3787;0,7168;-0,0000;0,0000;-0,0000;89,4512;-30,9606;-58,4906;-0,0000;-0,0000;21;0
8,8670;-9,2235;-212,9751;97,2802;25,6949;-90,0000;80,7765;400,000;-200,000;25,001;5,106;-0,0000;-0,3191;0,1103;0,2088;-0,0000;-0,0000;-0,0000;56,7440;-19,6170;-37,1270;-0,0000;-0,0000;21;0
8,8766;-9,2235;-212,9752;97,2802;25,6950;-90,0000;80,7765;400,000;-200,000;25,000;0,105;-0,0000;-0,0064;0,0022;0,0042;-0,0000;-0,0000;0,0000;16,6244;-5,7446;-10,8799;0,0000;0,0000;22;0
8,8861;-9,2235;-212,9752;97,2802;25,6950;-90,0000;80,7765;400,000;-200,000;25,000;0,000;0,0000;0,0000;0,0000;0,0000;0,0000;0,0000;0,0000;0,3337;-0,1153;-0,2184;0,0000;0,0000;22;0
8,8957;-9,2235;-212,9752;97,2802;25,6950;-90,0000;80,7765;400,000;-200,000;25,000;0,000;0,0000;0,0000;0,0000;0,0000;0,0000;0,0000;-0,0000;-0,0000;0,0000;0,0000;-0,0000;0,0000;22;0
8,9053;-9,2235;-212,9752;97,2802;25,6950;-90,0000;80,7765;400,000;-200,000;25,000;0,000;-0,0000;-0,0000;0,0000;0,0000;-0,0000;0,0000;0,0000;0,0000;0,0000;0,0000;0,0000;-0,0000;22;0
8,9149;-9,2235;-212,9752;97,2802;25,6950;-90,0000;80,7765;400,000;-200,000;25,000;0,000;0,0000;0,0000;0,0000;0,0000;0,0000;-0,0000;0,0000;0,0000;0,0000;0,0000;0,0000;-0,0000;22;0
8,9245;-9,2235;-212,9752;97,2802;25,6950;-90,0000;80,7765;400,000;-200,000;25,000;0,000;0,0000;0,0000;0,0000;0,0000;0,0000;0,0000;-0,0000;-0,0000;0,0000;0,0000;-0,0000;0,0000;22;0
8,9341;-9,2235;-212,9752;97,2802;25,6950;-90,0000;80,7765;400,000;-200,000;25,000;0,000;0,0000;0,0000;0,0000;0,0000;0,0000;0,0000;0,0000;0,0000;0,0000;0,0000;0,0000;0,0000;22;0
8,9437;-9,2235;-212,9752;97,2802;25,6950;-90,0000;80,7765;400,000;-200,000;25,000;0,000;0,0000;0,0000;0,0000;0,0000;0,0000;0,0000;0,0000;0,0000;0,0000;0,0000;0,0000;0,0000;22;0
8,9533;-9,2235;-212,9752;97,2802;25,6950;-90,0000;80,7765;400,000;-200,000;25,000;0,000;0,0000;0,0000;0,0000;0,0000;0,0000;0,0000;0,0000;0,0000;0,0000;0,0000;0,0000;0,0000;22;0
8,9629;-9,2235;-212,9752;97,2802;25,6950;-90,0000;80,7765;400,000;-200,000;25,000;0,000;0,0000;0,0000;0,0000;0,0000;0,0000;0,0000;0,0000;0,0000;0,0000;0,0000;0,0000;0,0000;22;0
8,9725;-9,2235;-212,9752;97,2802;25,6950;-90,0000;80,7765;400,000;-200,000;25,000;0,000;0,0000;0,0000;0,0000;0,0000;0,0000;0,0000;0,0000;0,0000;0,0000;0,0000;0,0000;0,0000;22;0
8,9821;-9,2235;-212,9752;97,2802;25,6950;-90,0000;80,7765;400,000;-200,000;25,000;0,000;0,0000;0,0000;0,0000;0,0000;0,0000;0,0000;0,0000;0,0000;0,0000;0,0000;0,0000;0,0000;22;0
8,9917;-9,2235;-212,9752;97,2802;25,6950;-90,0000;80,7765;400,000;-200,000;25,000;0,000;0,0000;0,0000;0,0000;0,0000;0,0000;0,0000;0,0000;0,0000;0,0000;0,0000;0,0000;0,0000;22;0
9,0013;-9,2235;-212,9752;97,2802;25,6950;-90,0000;80,7765;400,000;-200,000;25,000;0,000;0,0000;0,0000;0,0000;0,0000;0,0000;0,0000;0,0000;0,0000;0,0000;0,0000;0,0000;0,0000;22;0
9,0109;-9,2235;-212,9752;97,2802;25,6950;-90,0000;80,7765;400,000;-200,000;25,000;0,000;0,0000;0,0000;0,0000;0,0000;0,0000;0,0000;0,0000;0,0000;0,0000;0,0000;0,0000;0,0000;22;0
9,0205;-9,2235;-212,9752;97,2802;25,6950;-90,0000;80,7765;400,000;-200,000;25,000;0,000;0,0000;0,0000;0,0000;0,0000;0,0000;0,0000;0,0000;0,0000;0,0000;0,0000;0,0000;0,0000;22;0
9,0301;-9,2235;-212,9752;97,2802;25,6950;-90,0000;80,7765;400,000;-200,000;25,000;0,000;0,0000;0,0000;0,0000;0,0000;0,0000;0,0000;0,0000;0,0000;0,0000;0,0000;0,0000;0,0000;22;0
9,0397;-9,2235;-212,9752;97,2802;25,6950;-90,0000;80,7765;400,000;-200,000;25,000;0,000;0,0000;0,0000;0,0000;0,0000;0,0000;0,0000;-0,0000;-0,0000;0,0000;0,0000;-0,0000;0,0000;22;0
9,0493;-9,2235;-212,9752;97,2802;25,6950;-90,0000;80,7765;400,000;-200,000;25,000;0,000;-0,0000;-0,0000;0,0000;0,0000;-0,0000;0,0000;0,0000;0,0000;0,0000;0,0000;0,0000;-0,0000;22;0
9,0589;-9,2235;-212,9752;97,2802;25,6950;-90,0000;80,7765;400,000;-200,000;25,000;0,000;0,0000;0,0000;0,0000;0,0000;0,0000;-0,0000;0,0000;0,0000;0,0000;0,0000;0,0000;-0,0000;22;0
9,0685;-9,2235;-212,9752;97,2802;25,6950;-90,0000;80,7765;400,000;-200,000;25,000;0,000;0,0000;0,0000;0,0000;0,0000;0,0000;0,0000;-0,0000;-0,0000;0,0000;0,0000;-0,0000;0,0000;22;0
9,0781;-9,2235;-212,9752;97,2802;25,6950;-90,0000;80,7765;400,000;-200,000;25,000;0,000;0,0000;0,0000;0,0000;0,0000;0,0000;0,0000;0,0000;0,0000;0,0000;0,0000;0,0000;0,0000;22;0
9,0877;-9,2235;-212,9752;97,2802;25,6950;-90,0000;80,7765;400,000;-200,000;25,000;0,000;0,0000;0,0000;0,0000;0,0000;0,0000;0,0000;0,0000;0,0000;0,0000;0,0000;0,0000;0,0000;22;0
9,0973;-9,2235;-212,9752;97,2802;25,6950;-90,0000;80,7765;400,000;-200,000;25,000;0,000;0,0000;0,0000;0,0000;0,0000;0,0000;0,0000;0,0000;0,0000;0,0000;0,0000;0,0000;0,0000;22;0
9,1069;-9,2235;-212,9752;97,2802;25,6950;-90,0000;80,7765;400,000;-200,000;25,000;0,000;0,0000;0,0000;0,0000;0,0000;0,0000;0,0000;0,0000;0,0000;0,0000;0,0000;0,0000;0,0000;22;0
9,1165;-9,2235;-212,9752;97,2802;25,6950;-90,0000;80,7765;400,000;-200,000;25,000;0,000;0,0000;0,0000;0,0000;0,0000;0,0000;0,0000;0,0000;0,0000;0,0000;0,0000;0,0000;0,0000;22;0
9,1261;-9,2235;-212,9752;97,2802;25,6950;-90,0000;80,7765;400,000;-200,000;25,000;0,000;0,0000;0,0000;0,0000;0,0000;0,0000;0,0000;0,0000;0,0000;0,0000;0,0000;0,0000;0,0000;22;0
9,1357;-9,2235;-212,9752;97,2802;25,6950;-90,0000;80,7765;400,000;-200,000;25,000;0,000;0,0000;0,0000;0,0000;0,0000;0,0000;0,0000;0,0000;0,0000;0,0000;0,0000;0,0000;0,0000;22;0
9,1452;-9,2235;-212,9752;97,2802;25,6950;-90,0000;80,7765;400,000;-200,000;25,000;0,000;0,0000;0,0000;0,0000;0,0000;0,0000;0,0000;0,0000;0,0000;0,0000;0,0000;0,0000;0,0000;22;0
9,1548;-9,2235;-212,9752;97,2802;25,6950;-90,0000;80,7765;400,000;-200,000;25,000;0,000;0,0000;0,0000;0,0000;0,0000;0,0000;0,0000;0,0000;4,0180;-1,3882;-2,6297;0,0000;0,0000;22;0
9,1644;-9,2235;-212,9752;97,2802;25,6950;-90,0000;80,7765;400,000;-200,000;25,000;0,000;0,0000;0,0771;-0,0266;-0,0505;0,0000;0,0000;0,0000;30,2954;-10,4701;-19,8252;0,0000;0,0000;22;0
9,1740;-9,2235;-212,9737;97,2797;25,6940;-90,0000;80,7765;400,000;-200,000;25,012;1,259;0,0000;0,5814;-0,2009;-0,3805;0,0000;0,0000;-0,0000;73,0350;-25,2580;-47,7770;-0,0000;-0,0000;24;0
9,1836;-9,2235;-212,9640;97,2763;25,6877;-90,0000;80,7765;400,000;-200,000;25,091;8,236;-0,0000;1,4788;-0,5114;-0,9674;-0,0000;-0,0000;-0,0000;95,7602;-33,1719;-62,5883;-0,0000;-0,0000;24;0
9,1932;-9,2235;-212,9453;97,2699;25,6755;-90,0000;80,7765;400,000;-200,000;25,244;15,913;-0,0000;2,4193;-0,8376;-1,5817;0,0000;-0,0000;0,0000;98,0214;-34,0697;-63,9517;0,0000;0,0000;24;0
9,2028;-9,2235;-212,9176;97,2603;25,6573;-90,0000;80,7765;400,000;-200,000;25,470;23,590;-0,0000;3,3601;-1,1653;-2,1948;0,0000;-0,0000;-0,0000;98,0597;-34,2558;-63,8039;0,0000;0,0000;24;0
9,2124;-9,2235;-212,8808;97,2475;25,6333;-90,0000;80,7765;400,000;-200,000;25,770;31,267;-0,0000;4,3013;-1,4951;-2,8063;0,0000;-0,0000;-0,0000;98,1103;-34,5024;-63,6079;-0,0000;-0,0000;24;0
9,2220;-9,2235;-212,8351;97,2316;25,6035;-90,0000;80,7765;400,000;-200,000;26,144;38,944;-0,0000;5,2431;-1,8275;-3,4156;0,0000;-0,0000;0,0000;98,1730;-34,8095;-63,3635;0,0000;0,0000;24;0
9,2316;-9,2235;-212,7802;97,2124;25,5678;-90,0000;80,7765;400,000;-200,000;26,591;46,621;-0,0000;6,1855;-2,1631;-4,0224;0,0000;0,0000;0,0000;98,2477;-35,1771;-63,0706;0,0000;-0,0000;24;0
9,2412;-9,2235;-212,7163;97,1901;25,5263;-90,0000;80,7765;400,000;-200,000;27,112;54,298;-0,0000;7,1287;-2,5026;-4,6261;0,0000;-0,0000;-0,0000;98,3341;-35,6052;-62,7290;0,0000;-0,0000;24;0
9,2508;-9,2235;-212,6434;97,1644;25,4790;-90,0000;80,7765;400,000;-200,000;27,707;61,975;-0,0000;8,0728;-2,8465;-5,2263;0,0000;-0,0000;0,0000;98,4321;-36,0937;-62,3384;0,0000;0,0000;24;0
9,2604;-9,2235;-212,5614;97,1354;25,4260;-90,0000;80,7765;400,000;-200,000;28,376;69,652;-0,0000;9,0179;-3,1953;-5,8225;0,0000;-0,0000;-0,0000;98,5412;-36,6425;-61,8986;0,0000;0,0000;24;0
9,2700;-9,2235;-212,4703;97,1031;25,3672;-90,0000;80,7765;400,000;-200,000;29,118;77,329;-0,0000;9,9641;-3,5498;-6,4143;0,0000;0,0000;-0,0000;98,6612;-37,2518;-61,4094;-0,0000;0,0000;24;0
9,2796;-9,2235;-212,3702;97,0673;25,3029;-90,0000;80,7765;400,000;-200,000;29,933;85,006;-0,0000;10,9115;-3,9103;-7,0011;0,0000;-0,0000;-0,0000;98,7918;-37,9213;-60,8705;0,0000;-0,0000;24;0
9,2892;-9,2235;-212,2609;97,0280;25,2329;-90,0000;80,7765;400,000;-200,000;30,823;92,683;-0,0000;11,8601;-4,2776;-7,5826;0,0000;-0,0000;-0,0000;98,9325;-38,6511;-60,2814;0,0000;-0,0000;24;0
9,2988;-9,2235;-212,1425;96,9852;25,1573;-90,0000;80,7765;400,000;-200,000;31,786;100,360;-0,0000;12,8102;-4,6521;-8,1581;0,0000;-0,0000;0,0000;99,0830;-39,4410;-59,6420;0,0000;-0,0000;24;0
9,3084;-9,2235;-212,0150;96,9387;25,0763;-90,0000;80,7765;400,000;-200,000;32,823;108,037;-0,0000;13,7618;-5,0345;-8,7273;0,0000;-0,0000;0,0000;99,2429;-40,2912;-58,9517;0,0000;0,0000;24;0
9,3180;-9,2235;-211,8784;96,8886;24,9898;-90,0000;80,7765;400,000;-200,000;33,933;115,714;-0,0000;14,7149;-5,4254;-9,2895;0,0000;-0,0000;0,0000;99,4116;-41,2014;-58,2102;0,0000;0,0000;24;0
9,3276;-9,2235;-211,7326;96,8346;24,8980;-90,0000;80,7765;400,000;-200,000;35,117;123,391;-0,0000;15,6698;-5,8253;-9,8445;0,0000;0,0000;-0,0000;99,5888;-42,1716;-57,4172;0,0000;0,0000;24;0
9,3372;-9,2235;-211,5777;96,7768;24,8009;-90,0000;80,7765;400,000;-200,000;36,375;131,068;-0,0000;16,6263;-6,2348;-10,3915;0,0000;0,0000;-0,0000;99,7738;-43,2018;-56,5721;-0,0000;-0,0000;24;0
9,3468;-9,2235;-211,4135;96,7150;24,6986;-90,0000;80,7765;400,000;-200,000;37,706;138,745;-0,0000;17,5847;-6,6544;-10,9302;-0,0000;-0,0000;-0,0000;99,9663;-44,2918;-55,6744;-0,0000;-0,0000;24;0
9,3564;-9,2235;-211,2402;96,6491;24,5911;-90,0000;80,7765;400,000;-200,000;39,111;146,422;-0,0000;18,5449;-7,0849;-11,4601;-0,0000;-0,0000;0,0000;100,1656;-45,4417;-54,7238;0,0000;0,0000;24;0
9,3660;-9,2235;-211,0576;96,5790;24,4786;-90,0000;80,7765;400,000;-200,000;40,590;154,099;-0,0000;19,5071;-7,5266;-11,9805;0,0000;0,0000;0,0000;100,3712;-46,6514;-53,7198;0,0000;0,0000;24;0
9,3756;-9,2235;-210,8658;96,5046;24,3612;-90,0000;80,7765;400,000;-200,000;42,143;161,776;-0,0000;20,4713;-7,9802;-12,4911;0,0000;-0,0000;-0,0000;100,5826;-47,9207;-52,6618;-0,0000;-0,0000;24;0
9,3852;-9,2235;-210,6647;96,4258;24,2389;-90,0000;80,7765;400,000;-200,000;43,769;169,453;-0,0000;21,4375;-8,4463;-12,9912;0,0000;-0,0000;-0,0000;100,7991;-49,2497;-51,5494;0,0000;-0,0000;24;0
9,3948;-9,2235;-210,4543;96,3425;24,1118;-90,0000;80,7765;400,000;-200,000;45,469;177,130;-0,0000;22,4059;-8,9254;-13,4804;0,0000;-0,0000;0,0000;101,0203;-50,6382;-50,3821;0,0000;0,0000;24;0
9,4043;-9,2235;-210,2347;96,2545;23,9802;-90,0000;80,7765;400,000;-200,000;47,242;184,807;-0,0000;23,3764;-9,4182;-13,9582;0,0000;-0,0000;0,0000;101,2455;-52,0863;-49,1592;0,0000;0,0000;24;0
9,4139;-9,2235;-210,0057;96,1617;23,8439;-90,0000;80,7765;400,000;-200,000;49,089;192,484;-0,0000;24,3490;-9,9251;-14,4239;0,0000;-0,0000;-0,0000;101,4742;-53,5938;-47,8804;-0,0000;-0,0000;24;0
9,4235;-9,2235;-209,7674;96,0640;23,7033;-90,0000;80,7765;400,000;-200,000;51,010;200,161;-0,0000;25,3239;-10,4468;-14,8771;-0,0000;-0,0000;-0,0000;101,7058;-55,1608;-46,5450;-0,0000;-0,0000;24;0
9,4331;-9,2235;-209,5197;95,9612;23,5584;-90,0000;80,7765;400,000;-200,000;53,004;207,838;-0,0000;26,3010;-10,9838;-15,3172;-0,0000;-0,0000;0,0000;101,9398;-56,7871;-45,1527;0,0000;0,0000;24;0
9,4427;-9,2235;-209,2626;95,8532;23,4094;-90,0000;80,7765;400,000;-200,000;55,073;215,515;-0,0000;27,2804;-11,5367;-15,7437;0,0000;-0,0000;0,0000;102,1756;-58,4729;-43,7027;0,0000;0,0000;24;0
9,4523;-9,2235;-208,9961;95,7398;23,2563;-90,0000;80,7765;400,000;-200,000;57,214;223,192;0,0000;28,2620;-12,1060;-16,1560;0,0000;0,0000;0,0000;102,4126;-60,2179;-42,1947;0,0000;0,0000;24;0
9,4619;-9,2235;-208,7202;95,6209;23,0993;-90,0000;80,7765;400,000;-200,000;59,430;230,869;0,0000;29,2460;-12,6924;-16,5535;0,0000;0,0000;0,0000;102,6504;-62,0224;-40,6280;0,0000;-0,0000;24;0
9,4715;-9,2235;-208,4348;95,4962;22,9386;-90,0000;80,7765;400,000;-200,000;61,719;238,546;0,0000;30,2322;-13,2964;-16,9358;0,0000;-0,0000;-0,0000;102,8886;-63,8863;-39,0023;-0,0000;-0,0000;24;0
9,4811;-9,2235;-208,1399;95,3657;22,7742;-90,0000;80,7765;400,000;-200,000;64,082;246,223;-0,0000;31,2207;-13,9186;-17,3021;-0,0000;-0,0000;-0,0000;103,1266;-65,8096;-37,3170;-0,0000;-0,0000;24;0
9,4907;-9,2235;-207,8356;95,2291;22,6065;-90,0000;80,7765;400,000;-200,000;66,518;253,900;-0,0000;32,2114;-14,5595;-17,6520;-0,0000;-0,0000;0,0000;103,3640;-67,7924;-35,5716;0,0000;0,0000;24;0
9,5003;-9,2235;-207,5217;95,0863;22,4354;-90,0000;80,7765;400,000;-200,000;69,028;261,577;0,0000;33,2045;-15,2197;-17,9848;0,0000;-0,0000;0,0000;103,6006;-69,8349;-33,7657;0,0000;0,0000;24;0
9,5099;-9,2235;-207,1983;94,9370;22,2613;-90,0000;80,7765;400,000;-200,000;71,612;269,254;0,0000;34,1998;-15,8998;-18,3000;0,0000;0,0000;0,0000;90,4617;-65,5389;-24,9228;0,0000;0,0000;24;0
9,5195;-9,2235;-206,8653;94,7811;22,0842;-90,0000;80,7765;400,000;-200,000;74,270;276,931;0,0000;34,9407;-16,4775;-18,4631;0,0000;0,0000;0,0000;28,8804;-37,6130;8,7327;0,0000;-0,0000;24;0
9,5291;-9,2235;-206,5277;94,6207;21,9070;-90,0000;80,7765;400,000;-200,000;76,962;280,517;0,0000;34,7541;-16,6217;-18,1324;0,0000;-0,0000;0,0000;-56,3709;3,1145;53,2564;0,0000;0,0000;24;0
9,5387;-9,2235;-206,1983;94,4621;21,7362;-90,0000;80,7765;400,000;-200,000;79,585;273,400;0,0000;33,8588;-16,4177;-17,4410;0,0000;0,0000;-0,0000;-95,3010;23,1662;72,1348;-0,0000;-0,0000;24;0
9,5483;-9,2235;-205,8779;94,3056;21,5722;-90,0000;80,7765;400,000;-200,000;82,135;265,723;-0,0000;32,9250;-16,1770;-16,7480;-0,0000;-0,0000;-0,0000;-97,4692;26,1095;71,3597;-0,0000;-0,0000;24;0
9,5579;-9,2235;-205,5664;94,1516;21,4148;-90,0000;80,7765;400,000;-200,000;84,612;258,046;-0,0000;31,9881;-15,9166;-16,0714;-0,0000;-0,0000;0,0000;-97,7896;28,1298;69,6599;0,0000;0,0000;24;0
9,5675;-9,2235;-205,2639;94,0002;21,2638;-90,0000;80,7765;400,000;-200,000;87,014;250,369;0,0000;31,0482;-15,6372;-15,4110;0,0000;0,0000;0,0000;-98,0914;30,0890;68,0024;0,0000;0,0000;24;0
9,5771;-9,2235;-204,9705;93,8515;21,1190;-90,0000;80,7765;400,000;-200,000;89,343;242,692;0,0000;30,1055;-15,3392;-14,7663;0,0000;0,0000;-0,0000;-98,3756;31,9874;66,3882;-0,0000;-0,0000;24;0
9,5867;-9,2235;-204,6861;93,7058;20,9804;-90,0000;80,7765;400,000;-200,000;91,598;235,015;-0,0000;29,1601;-15,0232;-14,1369;-0,0000;-0,0000;-0,0000;-98,6433;33,8252;64,8181;-0,0000;-0,0000;24;0
9,5963;-9,2235;-204,4108;93,5632;20,8477;-90,0000;80,7765;400,000;-200,000;93,780;227,338;-0,0000;28,2122;-14,6900;-13,5223;-0,0000;-0,0000;0,0000;-98,8955;35,6026;63,2930;0,0000;0,0000;24;0
9,6059;-9,2235;-204,1447;93,4238;20,7208;-90,0000;80,7765;400,000;-200,000;95,888;219,661;0,0000;27,2620;-14,3399;-12,9221;0,0000;0,0000;0,0000;-99,1332;37,3196;61,8136;0,0000;0,0000;24;0
9,6155;-9,2235;-203,8876;93,2879;20,5997;-90,0000;80,7765;400,000;-200,000;97,922;211,984;0,0000;26,3096;-13,9737;-12,3359;0,0000;-0,0000;0,0000;-99,3571;38,9765;60,3806;-0,0000;-0,0000;24;0
9,6251;-9,2235;-203,6397;93,1556;20,4841;-90,0000;80,7765;400,000;-200,000;99,883;204,307;0,0000;25,3551;-13,5919;-11,7633;0,0000;0,0000;0,0000;-99,5681;40,5734;58,9948;0,0000;0,0000;24;0
9,6347;-9,2235;-203,4010;93,0271;20,3739;-90,0000;80,7765;400,000;-200,000;101,770;196,630;0,0000;24,3987;-13,1950;-11,2037;0,0000;0,0000;0,0000;-99,7669;42,1102;57,6567;-0,0000;0,0000;24;0
9,6443;-9,2235;-203,1714;92,9024;20,2690;-90,0000;80,7765;400,000;-200,000;103,583;188,953;0,0000;23,4403;-12,7837;-10,6567;0,0000;0,0000;-0,0000;-99,9541;43,5872;56,3669;-0,0000;-0,0000;24;0
9,6538;-9,2235;-202,9511;92,7817;20,1694;-90,0000;80,7765;400,000;-200,000;105,322;181,276;0,0000;22,4803;-12,3584;-10,1218;0,0000;0,0000;-0,0000;-100,1303;45,0044;55,1259;-0,0000;-0,0000;24;0
9,6634;-9,2235;-202,7400;92,6652;20,0748;-90,0000;80,7765;400,000;-200,000;106,988;173,599;0,0000;21,5186;-11,9199;-9,5987;0,0000;-0,0000;-0,0000;-100,2961;46,3618;53,9343;-0,0000;-0,0000;24;0
9,6730;-9,2235;-202,5381;92,5529;19,9852;-90,0000;80,7765;400,000;-200,000;108,581;165,922;0,0000;20,5553;-11,4686;-9,0867;0,0000;-0,0000;-0,0000;-100,4519;47,6594;52,7925;-0,0000;0,0000;24;0
9,6826;-9,2235;-202,3455;92,4451;19,9004;-90,0000;80,7765;400,000;-200,000;110,099;158,245;0,0000;19,5907;-11,0052;-8,5854;0,0000;0,0000;0,0000;-100,5983;48,8973;51,7010;-0,0000;0,0000;24;0
9,6922;-9,2235;-202,1621;92,3417;19,8204;-90,0000;80,7765;400,000;-200,000;111,544;150,568;0,0000;18,6246;-10,5302;-8,0944;0,0000;0,0000;-0,0000;-100,7356;50,0755;50,6601;-0,0000;0,0000;24;0
9,7018;-9,2235;-201,9880;92,2430;19,7450;-90,0000;80,7765;400,000;-200,000;112,915;142,891;0,0000;17,6573;-10,0441;-7,6132;0,0000;0,0000;-0,0000;-100,8641;51,1939;49,6702;-0,0000;-0,0000;24;0
9,7114;-9,2235;-201,8232;92,1490;19,6743;-90,0000;80,7765;400,000;-200,000;114,213;135,214;0,0000;16,6888;-9,5476;-7,1411;0,0000;0,0000;-0,0000;-100,9843;52,2526;48,7317;-0,0000;-0,0000;24;0
9,7210;-9,2235;-201,6677;92,0597;19,6080;-90,0000;80,7765;400,000;-200,000;115,437;127,537;-0,0000;15,7191;-9,0413;-6,6779;-0,0000;-0,0000;-0,0000;-101,0965;53,2515;47,8449;-0,0000;-0,0000;24;0
9,7306;-9,2235;-201,5215;91,9754;19,5461;-90,0000;80,7765;400,000;-200,000;116,587;119,860;-0,0000;14,7485;-8,5256;-6,2229;-0,0000;-0,0000;0,0000;-101,2008;54,1907;47,0101;0,0000;0,0000;24;0
9,7402;-9,2235;-201,3847;91,8961;19,4885;-90,0000;80,7765;400,000;-200,000;117,663;112,183;-0,0000;13,7768;-8,0012;-5,7756;0,0000;-0,0000;0,0000;-101,2975;55,0699;46,2275;0,0000;0,0000;24;0
9,7498;-9,2235;-201,2571;91,8219;19,4352;-90,0000;80,7765;400,000;-200,000;118,666;104,506;0,0000;12,8043;-7,4687;-5,3356;0,0000;0,0000;0,0000;-101,3868;55,8893;45,4975;0,0000;0,0000;24;0
9,7594;-9,2235;-201,1389;91,7528;19,3861;-90,0000;80,7765;400,000;-200,000;119,596;96,829;0,0000;11,8310;-6,9286;-4,9024;0,0000;0,0000;-0,0000;-101,4690;56,6488;44,8202;-0,0000;-0,0000;24;0
9,7690;-9,2235;-201,0301;91,6889;19,3412;-90,0000;80,7765;400,000;-200,000;120,451;89,152;0,0000;10,8569;-6,3814;-4,4754;0,0000;0,0000;-0,0000;-101,5441;57,3483;44,1958;-0,0000;-0,0000;24;0
9,7786;-9,2235;-200,9305;91,6303;19,3002;-90,0000;80,7765;400,000;-200,000;121,233;81,475;0,0000;9,8821;-5,8279;-4,0542;0,0000;0,0000;-0,0000;-101,6124;57,9878;43,6246;-0,0000;-0,0000;24;0
9,7882;-9,2235;-200,8404;91,5770;19,2633;-90,0000;80,7765;400,000;-200,000;121,941;73,798;0,0000;8,9067;-5,2685;-3,6382;0,0000;0,0000;-0,0000;-101,6738;58,5671;43,1067;-0,0000;-0,0000;24;0
9,7978;-9,2235;-200,7596;91,5292;19,2304;-90,0000;80,7765;400,000;-200,000;122,576;66,121;-0,0000;7,9307;-4,7038;-3,2269;-0,0000;-0,0000;-0,0000;-101,7287;59,0864;42,6423;-0,0000;-0,0000;24;0
9,8074;-9,2235;-200,6882;91,4868;19,2014;-90,0000;80,7765;400,000;-200,000;123,136;58,444;-0,0000;6,9542;-4,1345;-2,8197;-0,0000;-0,0000;0,0000;-101,7769;59,5455;42,2314;0,0000;0,0000;24;0
9,8170;-9,2235;-200,6261;91,4498;19,1763;-90,0000;80,7765;400,000;-200,000;123,624;50,767;0,0000;5,9773;-3,5610;-2,4163;0,0000;0,0000;0,0000;-101,8187;59,9444;41,8743;0,0000;0,0000;24;0
9,8266;-9,2235;-200,5735;91,4184;19,1550;-90,0000;80,7765;400,000;-200,000;124,037;43,090;0,0000;5,0001;-2,9840;-2,0161;0,0000;0,0000;-0,0000;-101,8541;60,2830;41,5710;-0,0000;-0,0000;24;0
9,8362;-9,2235;-200,5302;91,3926;19,1376;-90,0000;80,7765;400,000;-200,000;124,377;35,412;0,0000;4,0225;-2,4040;-1,6185;0,0000;0,0000;-0,0000;-101,8831;60,5614;41,3217;-0,0000;-0,0000;24;0
9,8458;-9,2235;-200,4963;91,3723;19,1240;-90,0000;80,7765;400,000;-200,000;124,643;27,735;0,0000;3,0447;-1,8217;-1,2230;0,0000;0,0000;-0,0000;-101,9057;60,7794;41,1263;-0,0000;-0,0000;24;0
9,8554;-9,2235;-200,4717;91,3576;19,1141;-90,0000;80,7765;400,000;-200,000;124,836;20,058;0,0000;2,0667;-1,2375;-0,8292;0,0000;0,0000;-0,0000;-101,9221;60,9371;40,9849;-0,0000;-0,0000;24;0
9,8650;-9,2235;-200,4566;91,3485;19,1081;-90,0000;80,7765;400,000;-200,000;124,954;12,381;0,0000;1,0885;-0,6521;-0,4364;0,0000;0,0000;-0,0000;-101,9322;61,0345;40,8977;0,0000;-0,0000;24;0
9,8746;-9,2235;-200,4508;91,3451;19,1058;-90,0000;80,7765;400,000;-200,000;125,000;4,704;-0,0000;0,1103;-0,0661;-0,0442;0,0000;-0,0000;-0,0000;-101,9360;61,0715;40,8645;-0,0000;-0,0000;24;0
9,8842;-9,2235;-200,4545;91,3473;19,1072;-90,0000;80,7765;400,000;-200,000;124,971;2,973;-0,0000;-0,8679;0,5200;0,3479;-0,0000;-0,0000;-0,0000;-101,9336;61,0481;40,8855;-0,0000;0,0000;25;0
9,8938;-9,2235;-200,4675;91,3551;19,1124;-90,0000;80,7765;400,000;-200,000;124,869;10,650;-0,0000;-1,8460;1,1056;0,7405;-0,0000;-0,0000;0,0000;-101,9249;60,9644;40,9605;0,0000;0,0000;25;0
9,9034;-9,2235;-200,4899;91,3685;19,1214;-90,0000;80,7765;400,000;-200,000;124,693;18,327;-0,0000;-2,8241;1,6900;1,1340;-0,0000;-0,0000;0,0000;-101,9100;60,8203;41,0897;0,0000;0,0000;25;0
9,9129;-9,2235;-200,5217;91,3875;19,1342;-90,0000;80,7765;400,000;-200,000;124,443;26,004;-0,0000;-3,8019;2,2728;1,5291;-0,0000;-0,0000;-0,0000;-101,8887;60,6158;41,2729;-0,0000;-0,0000;25;0
9,9225;-9,2235;-200,5629;91,4121;19,1508;-90,0000;80,7765;400,000;-200,000;124,120;33,681;-0,0000;-4,7796;2,8534;1,9262;-0,0000;-0,0000;-0,0000;-101,8612;60,3511;41,5101;-0,0000;-0,0000;25;0
9,9321;-9,2235;-200,6134;91,4423;19,1712;-90,0000;80,7765;400,000;-200,000;123,723;41,358;-0,0000;-5,7569;3,4311;2,3258;-0,0000;-0,0000;-0,0000;-101,8273;60,0261;41,8012;-0,0000;-0,0000;25;0
9,9417;-9,2235;-200,6734;91,4780;19,1954;-90,0000;80,7765;400,000;-200,000;123,253;49,035;-0,0000;-6,7339;4,0055;2,7284;-0,0000;-0,0000;0,0000;-101,7869;59,6408;42,1462;0,0000;0,0000;25;0
9,9513;-9,2235;-200,7427;91,5191;19,2235;-90,0000;80,7765;400,000;-200,000;122,709;56,712;0,0000;-7,7105;4,5758;3,1347;0,0000;0,0000;0,0000;-101,7401;59,1952;42,5449;0,0000;0,0000;25;0
9,9609;-9,2235;-200,8213;91,5658;19,2556;-90,0000;80,7765;400,000;-200,000;122,091;64,389;0,0000;-8,6866;5,1416;3,5450;0,0000;0,0000;-0,0000;-101,6868;58,6895;42,9973;-0,0000;-0,0000;25;0
9,9705;-9,2235;-200,9094;91,6178;19,2916;-90,0000;80,7765;400,000;-200,000;121,399;72,066;-0,0000;-9,6621;5,7022;3,9599;-0,0000;-0,0000;-0,0000;-101,6268;58,1237;43,5031;-0,0000;-0,0000;25;0
9,9801;-9,2235;-201,0068;91,6752;19,3316;-90,0000;80,7765;400,000;-200,000;120,634;79,743;-0,0000;-10,6370;6,2571;4,3799;-0,0000;-0,0000;0,0000;-101,5601;57,4978;44,0623;0,0000;0,0000;25;0
9,9897;-9,2235;-201,1135;91,7379;19,3756;-90,0000;80,7765;400,000;-200,000;119,795;87,420;0,0000;-11,6113;6,8057;4,8056;0,0000;0,0000;0,0000;-101,4865;56,8118;44,6747;0,0000;0,0000;25;0
9,9993;-9,2235;-201,2296;91,8058;19,4238;-90,0000;80,7765;400,000;-200,000;118,882;95,097;0,0000;-12,5848;7,3475;5,2373;0,0000;0,0000;-0,0000;-101,4060;56,0659;45,3401;-0,0000;-0,0000;25;0
10,0089;-9,2235;-201,3551;91,8789;19,4762;-90,0000;80,7765;400,000;-200,000;117,896;102,774;-0,0000;-13,5575;7,8818;5,6758;-0,0000;-0,0000;-0,0000;-101,3183;55,2600;46,0583;-0,0000;-0,0000;25;0
10,0185;-9,2235;-201,4898;91,9571;19,5327;-90,0000;80,7765;400,000;-200,000;116,836;110,451;-0,0000;-14,5294;8,4081;6,1213;-0,0000;-0,0000;-0,0000;-101,2232;54,3942;46,8290;-0,0000;-0,0000;25;0
10,0281;-9,2235;-201,6339;92,0403;19,5936;-90,0000;80,7765;400,000;-200,000;115,703;118,128;-0,0000;-15,5003;8,9257;6,5745;-0,0000;-0,0000;-0,0000;-101,1207;53,4686;47,6520;-0,0000;-0,0000;25;0
10,0377;-9,2235;-201,7873;92,1284;19,6589;-90,0000;80,7765;400,000;-200,000;114,495;125,805;-0,0000;-16,4701;9,4343;7,0359;-0,0000;-0,0000;-0,0000;-101,0103;52,4832;48,5271;-0,0000;0,0000;25;0
10,0473;-9,2235;-201,9500;92,2214;19,7287;-90,0000;80,7765;400,000;-200,000;113,214;133,482;-0,0000;-17,4389;9,9330;7,5059;-0,0000;-0,0000;-0,0000;-100,8920;51,4380;49,4540;-0,0000;0,0000;25;0
10,0569;-9,2235;-202,1220;92,3190;19,8030;-90,0000;80,7765;400,000;-200,000;111,860;141,159;-0,0000;-18,4065;10,4215;7,9850;-0,0000;-0,0000;-0,0000;-100,7653;50,3330;50,4323;-0,0000;-0,0000;25;0
10,0665;-9,2235;-202,3033;92,4214;19,8819;-90,0000;80,7765;400,000;-200,000;110,432;148,836;-0,0000;-19,3728;10,8990;8,4738;-0,0000;-0,0000;-0,0000;-100,6300;49,1683;51,4617;-0,0000;-0,0000;25;0
10,0761;-9,2235;-202,4938;92,5282;19,9656;-90,0000;80,7765;400,000;-200,000;108,930;156,513;-0,0000;-20,3379;11,3651;8,9727;-0,0000;-0,0000;0,0000;-100,4857;47,9439;52,5419;0,0000;0,0000;25;0
10,0857;-9,2235;-202,6936;92,6395;20,0541;-90,0000;80,7765;400,000;-200,000;107,354;164,190;0,0000;-21,3014;11,8192;9,4822;0,0000;0,0000;0,0000;-100,3321;46,6597;53,6724;0,0000;0,0000;25;0
10,0953;-9,2235;-202,9027;92,7551;20,1476;-90,0000;80,7765;400,000;-200,000;105,705;171,867;0,0000;-22,2635;12,2607;10,0028;0,0000;0,0000;-0,0000;-100,1686;45,3158;54,8528;-0,0000;-0,0000;25;0
10,1049;-9,2235;-203,1209;92,8748;20,2461;-90,0000;80,7765;400,000;-200,000;103,982;179,544;-0,0000;-23,2239;12,6889;10,5350;-0,0000;-0,0000;-0,0000;-99,9948;43,9121;56,0826;-0,0000;-0,0000;25;0
10,1145;-9,2235;-203,3484;92,9986;20,3498;-90,0000;80,7765;400,000;-200,000;102,185;187,221;-0,0000;-24,1826;13,1034;11,0792;-0,0000;-0,0000;-0,0000;-99,8101;42,4487;57,3615;-0,0000;-0,0000;25;0
10,1241;-9,2235;-203,5851;93,1263;20,4588;-90,0000;80,7765;400,000;-200,000;100,315;194,898;-0,0000;-25,1395;13,5036;11,6359;-0,0000;-0,0000;-0,0000;-99,6140;40,9253;58,6887;-0,0000;-0,0000;25;0
10,1337;-9,2235;-203,8309;93,2578;20,5731;-90,0000;80,7765;400,000;-200,000;98,371;202,575;-0,0000;-26,0945;13,8889;12,2056;-0,0000;-0,0000;-0,0000;-99,4058;39,3420;60,0638;-0,0000;-0,0000;25;0
10,1433;-9,2235;-204,0859;93,3929;20,6930;-90,0000;80,7765;400,000;-200,000;96,353;210,252;-0,0000;-27,0474;14,2587;12,7887;-0,0000;-0,0000;0,0000;-99,1849;37,6987;61,4862;0,0000;0,0000;25;0
10,1529;-9,2235;-204,3500;93,5314;20,8186;-90,0000;80,7765;400,000;-200,000;94,262;217,929;0,0000;-27,9981;14,6124;13,3856;0,0000;0,0000;0,0000;-98,9504;35,9952;62,9552;0,0000;0,0000;25;0
10,1625;-9,2235;-204,6232;93,6733;20,9499;-90,0000;80,7765;400,000;-200,000;92,097;225,606;0,0000;-28,9465;14,9495;13,9969;0,0000;0,0000;-0,0000;-98,7015;34,2314;64,4701;-0,0000;-0,0000;25;0
10,1720;-9,2235;-204,9056;93,8184;21,0872;-90,0000;80,7765;400,000;-200,000;89,858;233,283;-0,0000;-29,8924;15,2694;14,6230;-0,0000;-0,0000;-0,0000;-98,4374;32,4073;66,0301;-0,0000;-0,0000;25;0
10,1816;-9,2235;-205,1969;93,9664;21,2306;-90,0000;80,7765;400,000;-200,000;87,546;240,960;-0,0000;-30,8357;15,5715;15,2642;-0,0000;-0,0000;-0,0000;-98,1570;30,5226;67,6344;-0,0000;0,0000;25;0
10,1912;-9,2235;-205,4974;94,1172;21,3802;-90,0000;80,7765;400,000;-200,000;85,160;248,637;-0,0000;-31,7763;15,8552;15,9211;-0,0000;-0,0000;0,0000;-97,8593;28,5771;69,2822;-0,0000;0,0000;25;0
10,2008;-9,2235;-205,8068;94,2707;21,5361;-90,0000;80,7765;400,000;-200,000;82,700;256,314;-0,0000;-32,7139;16,1200;16,5939;-0,0000;0,0000;-0,0000;-97,5432;26,5706;70,9726;-0,0000;-0,0000;25;0
10,2104;-9,2235;-206,1252;94,4266;21,6986;-90,0000;80,7765;400,000;-200,000;80,167;263,991;-0,0000;-33,6484;16,3652;17,2832;-0,0000;-0,0000;-0,0000;-97,1579;24,4796;72,6783;-0,0000;-0,0000;25;0
10,2200;-9,2235;-206,4526;94,5848;21,8678;-90,0000;80,7765;400,000;-200,000;77,560;271,668;-0,0000;-34,5786;16,5898;17,9888;-0,0000;-0,0000;0,0000;-69,5243;9,6340;59,8903;0,0000;-0,0000;25;0
10,2296;-9,2235;-206,7889;94,7450;22,0439;-90,0000;80,7765;400,000;-200,000;74,880;279,330;-0,0000;-34,9828;16,5501;18,4327;-0,0000;-0,0000;0,0000;8,0238;-27,8141;19,7903;0,0000;0,0000;25;0
10,2392;-9,2235;-207,1240;94,9024;22,2216;-90,0000;80,7765;400,000;-200,000;72,205;278,663;-0,0000;-34,4246;16,0560;18,3686;-0,0000;-0,0000;0,0000;80,9662;-61,4180;-19,5481;0,0000;0,0000;25;0
10,2488;-9,2235;-207,4496;95,0531;22,3964;-90,0000;80,7765;400,000;-200,000;69,605;270,986;-0,0000;-33,4288;15,3713;18,0575;-0,0000;-0,0000;0,0000;103,6538;-70,3039;-33,3499;0,0000;0,0000;25;0
10,2584;-9,2235;-207,7656;95,1974;22,5682;-90,0000;80,7765;400,000;-200,000;67,078;263,309;-0,0000;-32,4352;14,7067;17,7286;-0,0000;-0,0000;-0,0000;103,4175;-68,2479;-35,1695;0,0000;0,0000;25;0
10,2680;-9,2235;-208,0721;95,3354;22,7367;-90,0000;80,7765;400,000;-200,000;64,625;255,632;-0,0000;-31,4440;14,0615;17,3825;-0,0000;-0,0000;0,0000;103,1802;-66,2517;-36,9285;0,0000;-0,0000;25;0
10,2776;-9,2235;-208,3691;95,4673;22,9018;-90,0000;80,7765;400,000;-200,000;62,246;247,955;-0,0000;-30,4550;13,4351;17,0198;-0,0000;-0,0000;0,0000;102,9423;-64,3149;-38,6274;0,0000;-0,0000;25;0
10,2872;-9,2235;-208,6566;95,5933;23,0633;-90,0000;80,7765;400,000;-200,000;59,940;240,278;-0,0000;-29,4682;12,8271;16,6411;-0,0000;-0,0000;0,0000;102,7042;-62,4377;-40,2665;0,0000;0,0000;25;0
10,2968;-9,2235;-208,9347;95,7135;23,2212;-90,0000;80,7765;400,000;-200,000;57,708;232,601;0,0000;-28,4838;12,2368;16,2470;0,0000;0,0000;0,0000;102,4662;-60,6198;-41,8464;0,0000;0,0000;25;0
10,3064;-9,2235;-209,2033;95,8281;23,3752;-90,0000;80,7765;400,000;-200,000;55,549;224,924;0,0000;-27,5017;11,6637;15,8380;0,0000;0,0000;-0,0000;102,2289;-58,8613;-43,3676;-0,0000;-0,0000;25;0
10,3160;-9,2235;-209,4625;95,9373;23,5251;-90,0000;80,7765;400,000;-200,000;53,465;217,247;-0,0000;-26,5218;11,1071;15,4147;-0,0000;0,0000;-0,0000;101,9928;-57,1622;-44,8306;-0,0000;-0,0000;25;0
10,3256;-9,2235;-209,7123;96,0413;23,6710;-90,0000;80,7765;400,000;-200,000;51,453;209,570;-0,0000;-25,5441;10,5666;14,9776;-0,0000;-0,0000;0,0000;101,7584;-55,5225;-46,2359;0,0000;0,0000;25;0
10,3352;-9,2235;-209,9527;96,1401;23,8126;-90,0000;80,7765;400,000;-200,000;49,516;201,893;0,0000;-24,5688;10,0415;14,5273;0,0000;0,0000;0,0000;101,5262;-53,9421;-47,5841;0,0000;0,0000;25;0
10,3448;-9,2235;-210,1838;96,2340;23,9498;-90,0000;80,7765;400,000;-200,000;47,652;194,216;0,0000;-23,5956;9,5313;14,0643;0,0000;0,0000;-0,0000;101,2968;-52,4212;-48,8756;-0,0000;-0,0000;25;0
10,3544;-9,2235;-210,4056;96,3231;24,0825;-90,0000;80,7765;400,000;-200,000;45,862;186,539;-0,0000;-22,6246;9,0354;13,5892;-0,0000;-0,0000;-0,0000;101,0708;-50,9597;-50,1111;-0,0000;-0,0000;25;0
10,3640;-9,2235;-210,6181;96,4074;24,2106;-90,0000;80,7765;400,000;-200,000;44,146;178,862;-0,0000;-21,6558;8,5532;13,1026;-0,0000;-0,0000;-0,0000;100,8486;-49,5577;-51,2909;0,0000;-0,0000;25;0
10,3736;-9,2235;-210,8212;96,4872;24,3340;-90,0000;80,7765;400,000;-200,000;42,503;171,185;-0,0000;-20,6891;8,0843;12,6048;-0,0000;-0,0000;0,0000;100,6310;-48,2153;-52,4157;0,0000;0,0000;25;0
10,3832;-9,2235;-211,0151;96,5626;24,4526;-90,0000;80,7765;400,000;-200,000;40,934;163,508;0,0000;-19,7244;7,6279;12,0966;0,0000;0,0000;0,0000;100,4184;-46,9325;-53,4859;0,0000;0,0000;25;0
10,3928;-9,2235;-211,1998;96,6336;24,5662;-90,0000;80,7765;400,000;-200,000;39,439;155,831;0,0000;-18,7618;7,1835;11,5783;0,0000;0,0000;-0,0000;100,2114;-45,7094;-54,5020;-0,0000;-0,0000;25;0
10,4024;-9,2235;-211,3752;96,7005;24,6748;-90,0000;80,7765;400,000;-200,000;38,017;148,154;-0,0000;-17,8011;6,7506;11,0505;-0,0000;-0,0000;-0,0000;100,0106;-44,5460;-55,4646;-0,0000;-0,0000;25;0
10,4120;-9,2235;-211,5414;96,7632;24,7783;-90,0000;80,7765;400,000;-200,000;36,669;140,477;0,0000;-16,8423;6,3285;10,5138;0,0000;0,0000;0,0000;99,8166;-43,4424;-56,3742;0,0000;0,0000;25;0
10,4216;-9,2235;-211,6985;96,8219;24,8766;-90,0000;80,7765;400,000;-200,000;35,394;132,800;0,0000;-15,8854;5,9168;9,9686;0,0000;0,0000;-0,0000;99,6298;-42,3987;-57,2311;-0,0000;-0,0000;25;0
10,4311;-9,2235;-211,8463;96,8767;24,9696;-90,0000;80,7765;400,000;-200,000;34,194;125,123;-0,0000;-14,9302;5,5148;9,4154;-0,0000;-0,0000;-0,0000;99,4509;-41,4150;-58,0359;-0,0000;-0,0000;25;0
10,4407;-9,2235;-211,9850;96,9278;25,0573;-90,0000;80,7765;400,000;-200,000;33,067;117,446;-0,0000;-13,9767;5,1220;8,8547;-0,0000;-0,0000;0,0000;99,2802;-40,4912;-58,7889;0,0000;0,0000;25;0
10,4503;-9,2235;-212,1146;96,9750;25,1395;-90,0000;80,7765;400,000;-200,000;32,013;109,769;-0,0000;-13,0247;4,7377;8,2871;-0,0000;-0,0000;0,0000;99,1183;-39,6276;-59,4907;0,0000;0,0000;25;0
10,4599;-9,2235;-212,2350;97,0187;25,2163;-90,0000;80,7765;400,000;-200,000;31,034;102,092;-0,0000;-12,0743;4,3614;7,7129;-0,0000;-0,0000;0,0000;98,9656;-38,8240;-60,1416;0,0000;0,0000;25;0
10,4695;-9,2235;-212,3463;97,0588;25,2876;-90,0000;80,7765;400,000;-200,000;30,128;94,415;-0,0000;-11,1253;3,9925;7,1328;-0,0000;-0,0000;0,0000;98,8226;-38,0807;-60,7420;0,0000;0,0000;25;0
10,4791;-9,2235;-212,4485;97,0953;25,3532;-90,0000;80,7765;400,000;-200,000;29,295;86,738;-0,0000;-10,1777;3,6305;6,5471;-0,0000;0,0000;-0,0000;98,6898;-37,3975;-61,2922;0,0000;-0,0000;25;0
10,4887;-9,2235;-212,5416;97,1284;25,4132;-90,0000;80,7765;400,000;-200,000;28,536;79,061;-0,0000;-9,2312;3,2748;5,9564;-0,0000;-0,0000;0,0000;98,5673;-36,7747;-61,7926;0,0000;-0,0000;25;0
10,4983;-9,2235;-212,6257;97,1582;25,4675;-90,0000;80,7765;400,000;-200,000;27,851;71,384;-0,0000;-8,2859;2,9247;5,3612;-0,0000;-0,0000;0,0000;98,4557;-36,2122;-62,2435;0,0000;0,0000;25;0
10,5079;-9,2235;-212,7007;97,1846;25,5161;-90,0000;80,7765;400,000;-200,000;27,240;63,707;-0,0000;-7,3416;2,5798;4,7618;-0,0000;0,0000;-0,0000;98,3552;-35,7101;-62,6451;0,0000;0,0000;25;0
10,5175;-9,2235;-212,7666;97,2077;25,5589;-90,0000;80,7765;400,000;-200,000;26,702;56,030;-0,0000;-6,3982;2,2394;4,1589;-0,0000;0,0000;0,0000;98,2662;-35,2684;-62,9978;0,0000;0,0000;25;0
10,5271;-9,2235;-212,8235;97,2275;25,5959;-90,0000;80,7765;400,000;-200,000;26,238;48,353;0,0000;-5,4556;1,9029;3,5527;0,0000;0,0000;0,0000;98,1889;-34,8871;-63,3017;0,0000;0,0000;25;0
10,5367;-9,2235;-212,8713;97,2442;25,6271;-90,0000;80,7765;400,000;-200,000;25,848;40,676;0,0000;-4,5137;1,5698;2,9439;0,0000;0,0000;-0,0000;98,1234;-34,5664;-63,5570;-0,0000;-0,0000;25;0
10,5463;-9,2235;-212,9101;97,2577;25,6524;-90,0000;80,7765;400,000;-200,000;25,531;32,999;-0,0000;-3,5724;1,2395;2,3329;-0,0000;-0,0000;-0,0000;98,0701;-34,3061;-63,7639;-0,0000;-0,0000;25;0
10,5559;-9,2235;-212,9399;97,2680;25,6719;-90,0000;80,7765;400,000;-200,000;25,288;25,322;-0,0000;-2,6315;0,9114;1,7202;-0,0000;-0,0000;0,0000;98,0290;-34,1064;-63,9226;0,0000;0,0000;25;0
10,5655;-9,2235;-212,9606;97,2752;25,6854;-90,0000;80,7765;400,000;-200,000;25,119;17,645;0,0000;-1,6910;0,5849;1,1061;0,0000;0,0000;-0,0000;97,5024;-33,7952;-63,7072;-0,0000;-0,0000;25;0
10,5751;-9,2235;-212,9723;97,2792;25,6931;-90,0000;80,7765;400,000;-200,000;25,023;9,968;-0,0000;-0,7602;0,2628;0,4975;-0,0000;-0,0000;-0,0000;80,3001;-27,7778;-52,5223;-0,0000;-0,0000;25;0
10,5847;-9,2235;-212,9752;97,2802;25,6950;-90,0000;80,7765;400,000;-200,000;25,000;2,447;-0,0000;-0,1498;0,0518;0,0981;-0,0000;-0,0000;0,0000;39,6096;-13,6906;-25,9190;0,0000;0,0000;26;0
10,5943;-9,2235;-212,9752;97,2802;25,6950;-90,0000;80,7765;400,000;-200,000;25,000;0,000;-0,0000;-0,0000;0,0000;0,0000;-0,0000;0,0000;0,0000;7,8062;-2,6971;-5,1090;0,0000;0,0000;26;0
10,6039;-9,2235;-212,9752;97,2802;25,6950;-90,0000;80,7765;400,000;-200,000;25,000;0,000;0,0000;0,0000;-0,0000;-0,0000;0,0000;-0,0000;0,0000;0,0000;-0,0000;-0,0000;0,0000;-0,0000;26;0
10,6135;-9,2235;-212,9752;97,2802;25,6950;-90,0000;80,7765;400,000;-200,000;25,000;0,000;0,0000;0,0000;0,0000;0,0000;0,0000;0,0000;-0,0000;-0,0000;0,0000;0,0000;-0,0000;0,0000;26;0
10,6231;-9,2235;-212,9752;97,2802;25,6950;-90,0000;80,7765;400,000;-200,000;25,000;0,000;0,0000;0,0000;0,0000;0,0000;0,0000;0,0000;0,0000;0,0000;0,0000;0,0000;0,0000;0,0000;26;0
10,6327;-9,2235;-212,9752;97,2802;25,6950;-90,0000;80,7765;400,000;-200,000;25,000;0,000;0,0000;0,0000;0,0000;0,0000;0,0000;0,0000;0,0000;0,0000;0,0000;0,0000;0,0000;0,0000;26;0
10,6423;-9,2235;-212,9752;97,2802;25,6950;-90,0000;80,7765;400,000;-200,000;25,000;0,000;0,0000;0,0000;0,0000;0,0000;0,0000;0,0000;0,0000;0,0000;0,0000;0,0000;0,0000;0,0000;26;0
10,6519;-9,2235;-212,9752;97,2802;25,6950;-90,0000;80,7765;400,000;-200,000;25,000;0,000;0,0000;0,0000;0,0000;0,0000;0,0000;0,0000;0,0000;0,0000;0,0000;0,0000;0,0000;0,0000;26;0
10,6615;-9,2235;-212,9752;97,2802;25,6950;-90,0000;80,7765;400,000;-200,000;25,000;0,000;0,0000;0,0000;0,0000;0,0000;0,0000;0,0000;0,0000;0,0000;0,0000;0,0000;0,0000;0,0000;26;0
10,6711;-9,2235;-212,9752;97,2802;25,6950;-90,0000;80,7765;400,000;-200,000;25,000;0,000;0,0000;0,0000;0,0000;0,0000;0,0000;0,0000;0,0000;0,0000;0,0000;0,0000;0,0000;0,0000;26;0
10,6807;-9,2235;-212,9752;97,2802;25,6950;-90,0000;80,7765;400,000;-200,000;25,000;0,000;0,0000;0,0000;0,0000;0,0000;0,0000;0,0000;0,0000;0,0000;0,0000;0,0000;0,0000;0,0000;26;0
10,6902;-9,2235;-212,9752;97,2802;25,6950;-90,0000;80,7765;400,000;-200,000;25,000;0,000;0,0000;0,0000;0,0000;0,0000;0,0000;0,0000;0,0000;0,0000;0,0000;0,0000;0,0000;0,0000;26;0
10,6998;-9,2235;-212,9752;97,2802;25,6950;-90,0000;80,7765;400,000;-200,000;25,000;0,000;0,0000;0,0000;0,0000;0,0000;0,0000;0,0000;0,0000;0,0000;0,0000;0,0000;0,0000;0,0000;26;0
10,7094;-9,2235;-212,9752;97,2802;25,6950;-90,0000;80,7765;400,000;-200,000;25,000;0,000;0,0000;0,0000;0,0000;0,0000;0,0000;0,0000;0,0000;0,0000;0,0000;0,0000;0,0000;0,0000;26;0
10,7190;-9,2235;-212,9752;97,2802;25,6950;-90,0000;80,7765;400,000;-200,000;25,000;0,000;0,0000;0,0000;0,0000;0,0000;0,0000;0,0000;0,0000;0,0000;0,0000;0,0000;0,0000;0,0000;26;0
10,7286;-9,2235;-212,9752;97,2802;25,6950;-90,0000;80,7765;400,000;-200,000;25,000;0,000;0,0000;0,0000;0,0000;0,0000;0,0000;0,0000;-0,0000;-0,0000;0,0000;0,0000;-0,0000;0,0000;26;0
10,7382;-9,2235;-212,9752;97,2802;25,6950;-90,0000;80,7765;400,000;-200,000;25,000;0,000;-0,0000;-0,0000;0,0000;0,0000;-0,0000;0,0000;0,0000;0,0000;-0,0000;-0,0000;0,0000;-0,0000;26;0
10,7478;-9,2235;-212,9752;97,2802;25,6950;-90,0000;80,7765;400,000;-200,000;25,000;0,000;0,0000;0,0000;-0,0000;-0,0000;0,0000;-0,0000;0,0000;0,0000;-0,0000;-0,0000;0,0000;-0,0000;26;0
10,7574;-9,2235;-212,9752;97,2802;25,6950;-90,0000;80,7765;400,000;-200,000;25,000;0,000;0,0000;0,0000;0,0000;0,0000;0,0000;0,0000;-0,0000;-0,0000;0,0000;0,0000;-0,0000;0,0000;26;0
10,7670;-9,2235;-212,9752;97,2802;25,6950;-90,0000;80,7765;400,000;-200,000;25,000;0,000;0,0000;0,0000;0,0000;0,0000;0,0000;0,0000;0,0000;0,0000;0,0000;0,0000;0,0000;0,0000;26;0
10,7766;-9,2235;-212,9752;97,2802;25,6950;-90,0000;80,7765;400,000;-200,000;25,000;0,000;0,0000;0,0000;0,0000;0,0000;0,0000;0,0000;0,0000;0,0000;0,0000;0,0000;0,0000;0,0000;26;0
10,7862;-9,2235;-212,9752;97,2802;25,6950;-90,0000;80,7765;400,000;-200,000;25,000;0,000;0,0000;0,0000;0,0000;0,0000;0,0000;0,0000;0,0000;0,0000;0,0000;0,0000;0,0000;0,0000;26;0
10,7958;-9,2235;-212,9752;97,2802;25,6950;-90,0000;80,7765;400,000;-200,000;25,000;0,000;0,0000;0,0000;0,0000;0,0000;0,0000;0,0000;0,0000;0,0000;0,0000;0,0000;0,0000;0,0000;26;0
10,8054;-9,2235;-212,9752;97,2802;25,6950;-90,0000;80,7765;400,000;-200,000;25,000;0,000;0,0000;0,0000;0,0000;0,0000;0,0000;0,0000;0,0000;0,0000;0,0000;0,0000;0,0000;0,0000;26;0
10,8150;-9,2235;-212,9752;97,2802;25,6950;-90,0000;80,7765;400,000;-200,000;25,000;0,000;0,0000;0,0000;0,0000;0,0000;0,0000;0,0000;0,0000;0,0000;0,0000;0,0000;0,0000;0,0000;26;0
10,8246;-9,2235;-212,9752;97,2802;25,6950;-90,0000;80,7765;400,000;-200,000;25,000;0,000;0,0000;0,0000;0,0000;0,0000;0,0000;0,0000;0,0000;0,0000;0,0000;0,0000;0,0000;0,0000;26;0
10,8342;-9,2235;-212,9752;97,2802;25,6950;-90,0000;80,7765;400,000;-200,000;25,000;0,000;0,0000;0,0000;0,0000;0,0000;0,0000;0,0000;0,0000;0,0000;0,0000;0,0000;0,0000;0,0000;26;0
10,8438;-9,2235;-212,9752;97,2802;25,6950;-90,0000;80,7765;400,000;-200,000;25,000;0,000;0,0000;0,0000;0,0000;0,0000;0,0000;0,0000;0,0000;0,0000;0,0000;0,0000;0,0000;0,0000;26;0
10,8534;-9,2235;-212,9752;97,2802;25,6950;-90,0000;80,7765;400,000;-200,000;25,000;0,000;0,0000;0,0000;0,0000;0,0000;0,0000;0,0000;0,0000;0,0000;0,0000;0,0000;0,0000;0,0000;26;0
10,8630;-9,2235;-212,9752;97,2802;25,6950;-90,0000;80,7765;400,000;-200,000;25,000;0,000;0,0000;0,0000;0,0000;0,0000;0,0000;0,0000;-0,0000;-0,0000;0,0000;0,0000;-0,0000;0,0000;26;0
10,8726;-9,2235;-212,9752;97,2802;25,6950;-90,0000;80,7765;400,000;-200,000;25,000;0,000;-0,0000;-0,0000;0,0000;0,0000;-0,0000;0,0000;0,0000;10,8099;-3,7351;-7,0748;0,0000;0,0000;26;0
10,8822;-9,2235;-212,9752;97,2802;25,6950;-90,0000;80,7765;400,000;-200,000;25,000;0,000;0,0000;0,2075;-0,0717;-0,1358;0,0000;0,0000;0,0000;46,0705;-15,9249;-30,1456;0,0000;0,0000;26;0
10,8918;-9,2235;-212,9712;97,2788;25,6924;-90,0000;80,7765;400,000;-200,000;25,033;3,388;0,0000;0,8842;-0,3056;-0,5786;0,0000;0,0000;-0,0000;84,2115;-29,1366;-55,0750;0,0000;-0,0000;28;0
10,9014;-9,2235;-212,9582;97,2743;25,6839;-90,0000;80,7765;400,000;-200,000;25,139;11,051;0,0000;1,8237;-0,6309;-1,1928;0,0000;-0,0000;-0,0000;97,9588;-33,9677;-63,9911;0,0000;-0,0000;28;0
10,9110;-9,2235;-212,9362;97,2667;25,6695;-90,0000;80,7765;400,000;-200,000;25,318;18,728;0,0000;2,7643;-0,9576;-1,8067;0,0000;-0,0000;0,0000;98,0341;-34,1309;-63,9031;0,0000;0,0000;28;0
10,9206;-9,2235;-212,9052;97,2560;25,6492;-90,0000;80,7765;400,000;-200,000;25,572;26,405;0,0000;3,7052;-1,2859;-2,4193;0,0000;0,0000;0,0000;98,0769;-34,3392;-63,7377;0,0000;0,0000;28;0
10,9302;-9,2235;-212,8651;97,2420;25,6231;-90,0000;80,7765;400,000;-200,000;25,899;34,082;0,0000;4,6466;-1,6166;-3,0300;0,0000;0,0000;0,0000;98,1319;-34,6080;-63,5239;0,0000;0,0000;28;0
10,9397;-9,2235;-212,8160;97,2249;25,5911;-90,0000;80,7765;400,000;-200,000;26,299;41,759;0,0000;5,5886;-1,9502;-3,6385;0,0000;0,0000;0,0000;98,1991;-34,9373;-63,2618;0,0000;-0,0000;28;0
10,9493;-9,2235;-212,7578;97,2046;25,5532;-90,0000;80,7765;400,000;-200,000;26,774;49,436;0,0000;6,5313;-2,2872;-4,2442;0,0000;-0,0000;0,0000;98,2781;-35,3271;-62,9510;0,0000;-0,0000;28;0
10,9589;-9,2235;-212,6906;97,1810;25,5096;-90,0000;80,7765;400,000;-200,000;27,322;57,113;0,0000;7,4748;-2,6282;-4,8467;0,0000;-0,0000;0,0000;98,3687;-35,7773;-62,5914;0,0000;0,0000;28;0
10,9685;-9,2235;-212,6144;97,1542;25,4602;-90,0000;80,7765;400,000;-200,000;27,944;64,790;0,0000;8,4193;-2,9738;-5,4455;0,0000;0,0000;0,0000;98,4708;-36,2879;-62,1829;0,0000;0,0000;28;0
10,9781;-9,2235;-212,5291;97,1240;25,4051;-90,0000;80,7765;400,000;-200,000;28,639;72,467;0,0000;9,3647;-3,3246;-6,0401;0,0000;0,0000;0,0000;98,5840;-36,8589;-61,7250;0,0000;0,0000;28;0
10,9877;-9,2235;-212,4346;97,0904;25,3443;-90,0000;80,7765;400,000;-200,000;29,408;80,144;0,0000;10,3113;-3,6812;-6,6301;0,0000;0,0000;0,0000;98,7079;-37,4903;-61,2176;0,0000;-0,0000;28;0
10,9973;-9,2235;-212,3312;97,0533;25,2778;-90,0000;80,7765;400,000;-200,000;30,251;87,821;0,0000;11,2592;-4,0442;-7,2150;0,0000;0,0000;-0,0000;98,8422;-38,1819;-60,6603;0,0000;-0,0000;28;0
11,0069;-9,2235;-212,2186;97,0127;25,2058;-90,0000;80,7765;400,000;-200,000;31,167;95,498;0,0000;12,2084;-4,4140;-7,7943;0,0000;-0,0000;0,0000;98,9866;-38,9338;-60,0528;0,0000;0,0000;28;0
11,0165;-9,2235;-212,0968;96,9686;25,1282;-90,0000;80,7765;400,000;-200,000;32,157;103,175;0,0000;13,1590;-4,7914;-8,3676;0,0000;0,0000;0,0000;99,1406;-39,7458;-59,3948;0,0000;0,0000;28;0
11,0261;-9,2235;-211,9660;96,9208;25,0452;-90,0000;80,7765;400,000;-200,000;33,221;110,852;0,0000;14,1111;-5,1769;-8,9343;0,0000;0,0000;-0,0000;99,3037;-40,6180;-58,6858;-0,0000;-0,0000;28;0
11,0357;-9,2235;-211,8260;96,8692;24,9568;-90,0000;80,7765;400,000;-200,000;34,359;118,529;0,0000;15,0649;-5,5710;-9,4939;0,0000;0,0000;-0,0000;99,4756;-41,5502;-57,9254;-0,0000;-0,0000;28;0
11,0453;-9,2235;-211,6769;96,8139;24,8630;-90,0000;80,7765;400,000;-200,000;35,570;126,206;0,0000;16,0203;-5,9743;-10,0460;0,0000;0,0000;0,0000;99,6557;-42,5424;-57,1133;0,0000;0,0000;28;0
11,0549;-9,2235;-211,5185;96,7546;24,7640;-90,0000;80,7765;400,000;-200,000;36,855;133,883;0,0000;16,9775;-6,3875;-10,5901;0,0000;0,0000;-0,0000;99,8435;-43,5945;-56,2490;-0,0000;-0,0000;28;0
11,0645;-9,2235;-211,3510;96,6913;24,6598;-90,0000;80,7765;400,000;-200,000;38,213;141,560;0,0000;17,9366;-6,8110;-11,1256;0,0000;0,0000;-0,0000;100,0386;-44,7066;-55,3320;-0,0000;-0,0000;28;0
11,0741;-9,2235;-211,1743;96,6239;24,5504;-90,0000;80,7765;400,000;-200,000;39,645;149,237;-0,0000;18,8975;-7,2455;-11,6520;-0,0000;-0,0000;-0,0000;100,2403;-45,8784;-54,3619;-0,0000;-0,0000;28;0
11,0837;-9,2235;-210,9883;96,5522;24,4361;-90,0000;80,7765;400,000;-200,000;41,151;156,914;-0,0000;19,8604;-7,6915;-12,1689;-0,0000;-0,0000;0,0000;100,4481;-47,1099;-53,3381;0,0000;0,0000;28;0
11,0933;-9,2235;-210,7931;96,4762;24,3169;-90,0000;80,7765;400,000;-200,000;42,730;164,591;0,0000;20,8254;-8,1497;-12,6757;0,0000;0,0000;0,0000;100,6614;-48,4012;-52,2603;0,0000;0,0000;28;0
11,1029;-9,2235;-210,5886;96,3958;24,1928;-90,0000;80,7765;400,000;-200,000;44,384;172,268;0,0000;21,7924;-8,6205;-13,1719;0,0000;0,0000;-0,0000;100,8797;-49,7520;-51,1277;-0,0000;-0,0000;28;0
11,1125;-9,2235;-210,3749;96,3108;24,0641;-90,0000;80,7765;400,000;-200,000;46,110;179,945;-0,0000;22,7615;-9,1045;-13,6570;-0,0000;-0,0000;-0,0000;101,1025;-51,1624;-49,9401;-0,0000;-0,0000;28;0
11,1221;-9,2235;-210,1518;96,2211;23,9307;-90,0000;80,7765;400,000;-200,000;47,911;187,622;-0,0000;23,7328;-9,6024;-14,1304;-0,0000;-0,0000;0,0000;101,3290;-52,6322;-48,6968;0,0000;0,0000;28;0
11,1317;-9,2235;-209,9194;96,1265;23,7929;-90,0000;80,7765;400,000;-200,000;49,785;195,299;0,0000;24,7063;-10,1147;-14,5916;0,0000;0,0000;0,0000;101,5589;-54,1616;-47,3973;0,0000;0,0000;28;0
11,1413;-9,2235;-209,6776;96,0269;23,6507;-90,0000;80,7765;400,000;-200,000;51,733;202,976;0,0000;25,6820;-10,6419;-15,0401;0,0000;0,0000;0,0000;101,7914;-55,7503;-46,0411;0,0000;-0,0000;28;0
11,1509;-9,2235;-209,4265;95,9222;23,5042;-90,0000;80,7765;400,000;-200,000;53,754;210,653;0,0000;26,6599;-11,1847;-15,4753;0,0000;0,0000;0,0000;102,0261;-57,3984;-44,6276;0,0000;0,0000;28;0
11,1605;-9,2235;-209,1659;95,8123;23,3537;-90,0000;80,7765;400,000;-200,000;55,849;218,330;0,0000;27,6401;-11,7435;-15,8966;0,0000;0,0000;0,0000;102,2624;-59,1059;-43,1565;0,0000;0,0000;28;0
11,1701;-9,2235;-208,8960;95,6969;23,1991;-90,0000;80,7765;400,000;-200,000;58,018;226,007;0,0000;28,6226;-12,3191;-16,3035;0,0000;0,0000;0,0000;102,4998;-60,8728;-41,6270;0,0000;-0,0000;28;0
11,1797;-9,2235;-208,6166;95,5758;23,0408;-90,0000;80,7765;400,000;-200,000;60,261;233,685;0,0000;29,6074;-12,9118;-16,6955;0,0000;-0,0000;-0,0000;102,7378;-62,6990;-40,0388;-0,0000;-0,0000;28;0
11,1893;-9,2235;-208,3278;95,4490;22,8787;-90,0000;80,7765;400,000;-200,000;62,577;241,362;-0,0000;30,5944;-13,5224;-17,0720;-0,0000;-0,0000;-0,0000;102,9759;-64,5847;-38,3913;-0,0000;-0,0000;28;0
11,1988;-9,2235;-208,0294;95,3163;22,7131;-90,0000;80,7765;400,000;-200,000;64,967;249,039;-0,0000;31,5837;-14,1514;-17,4323;-0,0000;-0,0000;0,0000;103,2137;-66,5298;-36,6840;0,0000;0,0000;28;0
11,2084;-9,2235;-207,7216;95,1774;22,5441;-90,0000;80,7765;400,000;-200,000;67,430;256,716;0,0000;32,5753;-14,7993;-17,7760;0,0000;-0,0000;0,0000;103,4509;-68,5345;-34,9164;0,0000;0,0000;28;0
11,2180;-9,2235;-207,4042;95,0323;22,3719;-90,0000;80,7765;400,000;-200,000;69,967;264,393;0,0000;33,5692;-15,4667;-18,1025;0,0000;0,0000;0,0000;103,4525;-70,4877;-32,9648;0,0000;0,0000;28;0
11,2276;-9,2235;-207,0773;94,8806;22,1967;-90,0000;80,7765;400,000;-200,000;72,578;272,070;0,0000;34,5608;-16,1521;-18,4087;0,0000;0,0000;0,0000;73,7242;-58,2006;-15,5236;0,0000;0,0000;28;0
11,2372;-9,2235;-206,7409;94,7223;22,0186;-90,0000;80,7765;400,000;-200,000;75,262;279,675;0,0000;34,9842;-16,5837;-18,4004;0,0000;0,0000;0,0000;-5,8602;-21,2384;27,0986;0,0000;-0,0000;28;0
11,2468;-9,2235;-206,4059;94,5623;21,8435;-90,0000;80,7765;400,000;-200,000;77,932;278,262;0,0000;34,4484;-16,5597;-17,8886;0,0000;0,0000;0,0000;-76,4588;13,1273;63,3316;0,0000;-0,0000;28;0
11,2564;-9,2235;-206,0798;94,4044;21,6753;-90,0000;80,7765;400,000;-200,000;80,529;270,585;0,0000;33,5167;-16,3318;-17,1849;0,0000;0,0000;-0,0000;-97,2560;24,7985;72,4575;-0,0000;-0,0000;28;0
11,2660;-9,2235;-205,7626;94,2489;21,5137;-90,0000;80,7765;400,000;-200,000;83,052;262,908;0,0000;32,5818;-16,0838;-16,4980;0,0000;-0,0000;-0,0000;-97,5890;26,8575;70,7315;-0,0000;-0,0000;28;0
11,2756;-9,2235;-205,4544;94,0958;21,3587;-90,0000;80,7765;400,000;-200,000;85,501;255,231;0,0000;31,6437;-15,8163;-15,8274;0,0000;-0,0000;-0,0000;-97,9024;28,8553;69,0471;-0,0000;0,0000;28;0
11,2852;-9,2235;-205,1553;93,9453;21,2100;-90,0000;80,7765;400,000;-200,000;87,877;247,554;0,0000;30,7028;-15,5300;-15,1728;0,0000;0,0000;0,0000;-98,1976;30,7922;67,4054;0,0000;0,0000;28;0
11,2948;-9,2235;-204,8652;93,7977;21,0675;-90,0000;80,7765;400,000;-200,000;90,179;239,877;0,0000;29,7591;-15,2254;-14,5337;0,0000;0,0000;0,0000;-98,4756;32,6684;65,8072;0,0000;0,0000;28;0
11,3044;-9,2235;-204,5841;93,6531;20,9310;-90,0000;80,7765;400,000;-200,000;92,407;232,200;0,0000;28,8128;-14,9030;-13,9098;0,0000;0,0000;-0,0000;-98,7376;34,4840;64,2535;-0,0000;-0,0000;28;0
11,3140;-9,2235;-204,3122;93,5117;20,8005;-90,0000;80,7765;400,000;-200,000;94,562;224,523;0,0000;27,8641;-14,5635;-13,3005;0,0000;0,0000;-0,0000;-98,9843;36,2392;62,7451;-0,0000;0,0000;28;0
11,3236;-9,2235;-204,0493;93,3736;20,6757;-90,0000;80,7765;400,000;-200,000;96,642;216,846;0,0000;26,9130;-14,2075;-12,7055;0,0000;0,0000;0,0000;-99,2169;37,9342;61,2827;0,0000;0,0000;28;0
11,3332;-9,2235;-203,7956;93,2390;20,5566;-90,0000;80,7765;400,000;-200,000;98,650;209,169;0,0000;25,9598;-13,8355;-12,1244;0,0000;0,0000;-0,0000;-99,4360;39,5691;59,8669;-0,0000;-0,0000;28;0
11,3428;-9,2235;-203,5511;93,1080;20,4431;-90,0000;80,7765;400,000;-200,000;100,583;201,492;0,0000;25,0046;-13,4480;-11,5566;0,0000;0,0000;-0,0000;-99,6424;41,1439;58,4985;-0,0000;-0,0000;28;0
11,3524;-9,2235;-203,3157;92,9809;20,3348;-90,0000;80,7765;400,000;-200,000;102,443;193,815;0,0000;24,0474;-13,0458;-11,0016;0,0000;0,0000;-0,0000;-99,8369;42,6588;57,1780;-0,0000;-0,0000;28;0
11,3620;-9,2235;-203,0896;92,8577;20,2319;-90,0000;80,7765;400,000;-200,000;104,229;186,138;0,0000;23,0885;-12,6293;-10,4592;0,0000;0,0000;0,0000;-100,0199;44,1139;55,9061;0,0000;0,0000;28;0
11,3716;-9,2235;-202,8726;92,7385;20,1341;-90,0000;80,7765;400,000;-200,000;105,942;178,461;0,0000;22,1278;-12,1991;-9,9287;0,0000;0,0000;0,0000;-100,1923;45,5091;54,6832;-0,0000;0,0000;28;0
11,3812;-9,2235;-202,6649;92,6235;20,0413;-90,0000;80,7765;400,000;-200,000;107,581;170,784;0,0000;21,1655;-11,7559;-9,4096;0,0000;0,0000;-0,0000;-100,3543;46,8446;53,5098;-0,0000;-0,0000;28;0
11,3908;-9,2235;-202,4664;92,5129;19,9535;-90,0000;80,7765;400,000;-200,000;109,146;163,107;0,0000;20,2017;-11,3001;-8,9017;0,0000;0,0000;-0,0000;-100,5067;48,1203;52,3864;-0,0000;-0,0000;28;0
11,4004;-9,2235;-202,2772;92,4067;19,8705;-90,0000;80,7765;400,000;-200,000;110,638;155,430;0,0000;19,2366;-10,8323;-8,4042;0,0000;0,0000;-0,0000;-100,6497;49,3363;51,3134;-0,0000;0,0000;28;0
11,4100;-9,2235;-202,0972;92,3050;19,7922;-90,0000;80,7765;400,000;-200,000;112,055;147,752;0,0000;18,2700;-10,3532;-7,9168;0,0000;0,0000;-0,0000;-100,7837;50,4926;50,2911;-0,0000;-0,0000;28;0
11,4196;-9,2235;-201,9265;92,2080;19,7186;-90,0000;80,7765;400,000;-200,000;113,400;140,075;0,0000;17,3023;-9,8632;-7,4390;0,0000;0,0000;-0,0000;-100,9092;51,5891;49,3201;-0,0000;-0,0000;28;0
11,4292;-9,2235;-201,7651;92,1157;19,6494;-90,0000;80,7765;400,000;-200,000;114,670;132,398;0,0000;16,3333;-9,3631;-6,9703;0,0000;0,0000;-0,0000;-101,0264;52,6259;48,4005;-0,0000;-0,0000;28;0
11,4388;-9,2235;-201,6130;92,0283;19,5848;-90,0000;80,7765;400,000;-200,000;115,867;124,721;0,0000;15,3633;-8,8532;-6,5101;0,0000;0,0000;-0,0000;-101,1356;53,6029;47,5327;-0,0000;-0,0000;28;0
11,4484;-9,2235;-201,4703;91,9458;19,5245;-90,0000;80,7765;400,000;-200,000;116,990;117,044;0,0000;14,3923;-8,3343;-6,0580;0,0000;0,0000;-0,0000;-101,2371;54,5201;46,7170;-0,0000;0,0000;28;0
11,4579;-9,2235;-201,3368;91,8683;19,4685;-90,0000;80,7765;400,000;-200,000;118,040;109,367;0,0000;13,4203;-7,8068;-5,6135;0,0000;0,0000;-0,0000;-101,3311;55,3774;45,9537;-0,0000;0,0000;28;0
11,4675;-9,2235;-201,2127;91,7959;19,4168;-90,0000;80,7765;400,000;-200,000;119,016;101,690;0,0000;12,4475;-7,2715;-5,1760;0,0000;0,0000;-0,0000;-101,4178;56,1748;45,2430;-0,0000;-0,0000;28;0
11,4771;-9,2235;-201,0979;91,7287;19,3692;-90,0000;80,7765;400,000;-200,000;119,918;94,013;0,0000;11,4738;-6,7287;-4,7451;0,0000;0,0000;-0,0000;-101,4973;56,9123;44,5851;-0,0000;-0,0000;28;0
11,4867;-9,2235;-200,9925;91,6668;19,3257;-90,0000;80,7765;400,000;-200,000;120,746;86,336;0,0000;10,4995;-6,1792;-4,3203;0,0000;0,0000;-0,0000;-101,5699;57,5898;43,9802;-0,0000;0,0000;28;0
11,4963;-9,2235;-200,8964;91,6101;19,2863;-90,0000;80,7765;400,000;-200,000;121,501;78,659;0,0000;9,5245;-5,6234;-3,9010;0,0000;0,0000;-0,0000;-101,6357;58,2072;43,4285;-0,0000;0,0000;28;0
11,5059;-9,2235;-200,8097;91,5589;19,2508;-90,0000;80,7765;400,000;-200,000;122,182;70,982;0,0000;8,5488;-5,0620;-3,4868;0,0000;0,0000;-0,0000;-101,6947;58,7645;42,9302;-0,0000;-0,0000;28;0
11,5155;-9,2235;-200,7323;91,5130;19,2193;-90,0000;80,7765;400,000;-200,000;122,790;63,305;-0,0000;7,5727;-4,4956;-3,0771;-0,0000;-0,0000;-0,0000;-101,7471;59,2618;42,4854;-0,0000;-0,0000;28;0
11,5251;-9,2235;-200,6643;91,4726;19,1918;-90,0000;80,7765;400,000;-200,000;123,324;55,628;-0,0000;6,5960;-3,9246;-2,6714;-0,0000;-0,0000;0,0000;-101,7930;59,6988;42,0942;0,0000;0,0000;28;0
11,5347;-9,2235;-200,6057;91,4377;19,1681;-90,0000;80,7765;400,000;-200,000;123,784;47,951;0,0000;5,6190;-3,3498;-2,2692;0,0000;0,0000;0,0000;-101,8324;60,0756;41,7569;0,0000;0,0000;28;0
11,5443;-9,2235;-200,5565;91,4083;19,1482;-90,0000;80,7765;400,000;-200,000;124,170;40,274;-0,0000;4,6416;-2,7716;-1,8700;-0,0000;-0,0000;-0,0000;-101,8654;60,3921;41,4733;-0,0000;-0,0000;28;0
11,5539;-9,2235;-200,5166;91,3845;19,1322;-90,0000;80,7765;400,000;-200,000;124,483;32,597;-0,0000;3,6639;-2,1907;-1,4732;-0,0000;-0,0000;0,0000;-101,8921;60,6484;41,2437;0,0000;0,0000;28;0
11,5635;-9,2235;-200,4862;91,3662;19,1199;-90,0000;80,7765;400,000;-200,000;124,722;24,920;0,0000;2,6861;-1,6076;-1,0784;0,0000;0,0000;0,0000;-101,9124;60,8443;41,0682;0,0000;0,0000;28;0
11,5731;-9,2235;-200,4651;91,3536;19,1115;-90,0000;80,7765;400,000;-200,000;124,888;17,243;-0,0000;1,7080;-1,0230;-0,6850;-0,0000;-0,0000;1,4507;-101,1049;60,4875;40,6175;0,0000;1,4507;28;0
11,5827;-9,2235;-200,4534;91,3466;19,1068;-90,0000;80,7765;400,000;-200,000;124,979;9,566;0,0278;0,7456;-0,4467;-0,2989;0,0000;0,0278;35,3771;-81,8996;49,0497;32,8500;0,0000;35,3771;28;0
11,5923;-9,2229;-200,4508;91,3450;19,1057;-90,0000;80,7771;400,002;-199,996;125,000;2,180;0,6790;0,1361;-0,0816;-0,0545;0,0000;0,6790;111,4021;-38,8480;23,2763;15,5717;-0,0000;111,4021;29;0
11,6019;-9,2104;-200,4508;91,3450;19,1057;-90,0000;80,7896;400,045;-199,909;125,000;10,165;2,1659;-0,0000;-0,0000;-0,0000;0,0000;2,1659;167,4757;-7,0928;4,2506;2,8422;-0,0000;167,4757;29;0
11,6115;-9,1814;-200,4508;91,3450;19,1057;-90,0000;80,8186;400,147;-199,706;125,000;23,647;3,8933;-0,0000;-0,0000;-0,0000;0,0000;3,8933;180,0000;-0,0000;-0,0000;-0,0000;0,0000;180,0000;29;0
11,6211;-9,1357;-200,4508;91,3450;19,1057;-90,0000;80,8643;400,306;-199,387;125,000;37,129;5,6206;-0,0000;-0,0000;-0,0000;0,0000;5,6206;180,0000;-0,0000;-0,0000;-0,0000;0,0000;180,0000;29;0
11,6307;-9,0735;-200,4508;91,3450;19,1057;-90,0000;80,9265;400,522;-198,952;125,000;50,612;7,3479;-0,0000;-0,0000;-0,0000;0,0000;7,3479;180,0000;-0,0000;-0,0000;-0,0000;0,0000;180,0000;29;0
11,6403;-8,9947;-200,4508;91,3450;19,1057;-90,0000;81,0053;400,795;-198,401;125,000;64,094;9,0752;-0,0000;-0,0000;-0,0000;0,0000;9,0752;180,0000;-0,0000;-0,0000;-0,0000;0,0000;180,0000;29;0
11,6499;-8,8993;-200,4508;91,3450;19,1057;-90,0000;81,1007;401,125;-197,734;125,000;77,577;10,8026;-0,0000;-0,0000;-0,0000;0,0000;10,8026;180,0000;-0,0000;-0,0000;-0,0000;0,0000;180,0000;29;0
11,6595;-8,7874;-200,4508;91,3450;19,1057;-90,0000;81,2126;401,511;-196,950;125,000;91,059;12,5299;-0,0000;-0,0000;-0,0000;0,0000;12,5299;180,0000;-0,0000;-0,0000;-0,0000;0,0000;180,0000;29;0
11,6691;-8,6588;-200,4508;91,3450;19,1057;-90,0000;81,3412;401,951;-196,048;125,000;104,541;14,2572;-0,0000;-0,0000;-0,0000;0,0000;14,2572;180,0000;-0,0000;-0,0000;-0,0000;0,0000;180,0000;29;0
11,6787;-8,5137;-200,4508;91,3450;19,1057;-90,0000;81,4863;402,447;-195,030;125,000;118,024;15,9846;-0,0000;-0,0000;-0,0000;0,0000;15,9846;180,0000;-0,0000;-0,0000;-0,0000;0,0000;180,0000;29;0
11,6883;-8,3520;-200,4508;91,3450;19,1057;-90,0000;81,6480;402,995;-193,893;125,000;131,506;17,7119;-0,0000;-0,0000;-0,0000;0,0000;17,7119;180,0000;-0,0000;-0,0000;-0,0000;0,0000;180,0000;29;0
11,6979;-8,1738;-200,4508;91,3450;19,1057;-90,0000;81,8262;403,597;-192,639;125,000;144,989;19,4392;-0,0000;-0,0000;-0,0000;0,0000;19,4392;180,0000;-0,0000;-0,0000;-0,0000;0,0000;180,0000;29;0
11,7075;-7,9790;-200,4508;91,3450;19,1057;-90,0000;82,0210;404,249;-191,265;125,000;158,471;21,1665;-0,0000;-0,0000;-0,0000;0,0000;21,1665;180,0000;-0,0000;-0,0000;-0,0000;0,0000;180,0000;29;0
11,7170;-7,7675;-200,4508;91,3450;19,1057;-90,0000;82,2325;404,952;-189,772;125,000;171,953;22,8939;-0,0000;-0,0000;-0,0000;0,0000;22,8939;180,0000;-0,0000;-0,0000;-0,0000;0,0000;180,0000;29;0
11,7266;-7,5396;-200,4508;91,3450;19,1057;-90,0000;82,4604;405,704;-188,159;125,000;185,436;24,6212;-0,0000;-0,0000;-0,0000;0,0000;24,6212;180,0000;-0,0000;-0,0000;-0,0000;0,0000;180,0000;29;0
11,7362;-7,2950;-200,4508;91,3450;19,1057;-90,0000;82,7050;406,504;-186,426;125,000;198,918;26,3485;-0,0000;-0,0000;-0,0000;0,0000;26,3485;180,0000;-0,0000;-0,0000;-0,0000;0,0000;180,0000;29;0
11,7458;-7,0339;-200,4508;91,3450;19,1057;-90,0000;82,9661;407,349;-184,571;125,000;212,401;28,0759;-0,0000;-0,0000;-0,0000;0,0000;28,0759;180,0000;-0,0000;-0,0000;-0,0000;0,0000;180,0000;29;0
11,7554;-6,7562;-200,4508;91,3450;19,1057;-90,0000;83,2438;408,239;-182,595;125,000;225,883;29,8032;-0,0000;-0,0000;-0,0000;0,0000;29,8032;180,0000;-0,0000;-0,0000;-0,0000;0,0000;180,0000;29;0
11,7650;-6,4619;-200,4508;91,3450;19,1057;-90,0000;83,5381;409,172;-180,496;125,000;239,365;31,5305;-0,0000;-0,0000;-0,0000;0,0000;31,5305;180,0000;-0,0000;-0,0000;-0,0000;0,0000;180,0000;29;0
11,7746;-6,1510;-200,4508;91,3450;19,1057;-90,0000;83,8490;410,145;-178,273;125,000;252,848;33,2579;-0,0000;-0,0000;-0,0000;0,0000;33,2579;180,0000;-0,0000;-0,0000;-0,0000;0,0000;180,0000;29;0
11,7842;-5,8236;-200,4508;91,3450;19,1057;-90,0000;84,1764;411,157;-175,926;125,000;266,330;34,9852;-0,0000;-0,0000;-0,0000;0,0000;34,9852;180,0000;-0,0000;-0,0000;-0,0000;0,0000;180,0000;29;0
11,7938;-5,4795;-200,4508;91,3450;19,1057;-90,0000;84,5205;412,206;-173,454;125,000;279,812;36,7125;-0,0000;-0,0000;-0,0000;0,0000;36,7125;180,0000;-0,0000;-0,0000;-0,0000;0,0000;180,0000;29;0
11,8034;-5,1190;-200,4508;91,3450;19,1057;-90,0000;84,8810;413,289;-170,857;125,000;293,295;38,4398;-0,0000;-0,0000;-0,0000;0,0000;38,4398;180,0000;-0,0000;-0,0000;-0,0000;0,0000;180,0000;29;0
11,8130;-4,7418;-200,4508;91,3450;19,1057;-90,0000;85,2582;414,405;-168,132;125,000;306,777;40,1672;-0,0000;-0,0000;-0,0000;0,0000;40,1672;180,0000;-0,0000;-0,0000;-0,0000;0,0000;180,0000;29;0
11,8226;-4,3480;-200,4508;91,3450;19,1057;-90,0000;85,6520;415,551;-165,281;125,000;320,259;41,8945;-0,0000;-0,0000;-0,0000;0,0000;41,8945;180,0000;-0,0000;-0,0000;-0,0000;0,0000;180,0000;29;0
11,8322;-3,9377;-200,4508;91,3450;19,1057;-90,0000;86,0623;416,724;-162,300;125,000;333,742;43,6218;-0,0000;-0,0000;-0,0000;0,0000;43,6218;180,0000;-0,0000;-0,0000;-0,0000;0,0000;180,0000;29;0
11,8418;-3,5108;-200,4508;91,3450;19,1057;-90,0000;86,4892;417,921;-159,191;125,000;347,224;45,3492;-0,0000;-0,0000;-0,0000;0,0000;45,3492;180,0000;-0,0000;-0,0000;-0,0000;0,0000;180,0000;29;0
11,8514;-3,0674;-200,4508;91,3450;19,1057;-90,0000;86,9326;419,141;-155,952;125,000;360,706;47,0765;-0,0000;-0,0000;-0,0000;0,0000;47,0765;180,0000;-0,0000;-0,0000;-0,0000;0,0000;180,0000;29;0
11,8610;-2,6073;-200,4508;91,3450;19,1057;-90,0000;87,3927;420,380;-152,581;125,000;374,189;48,8038;-0,0000;-0,0000;-0,0000;0,0000;48,8038;180,0000;-0,0000;-0,0000;-0,0000;0,0000;180,0000;29;0
11,8706;-2,1307;-200,4508;91,3450;19,1057;-90,0000;87,8693;421,634;-149,079;125,000;387,671;50,5311;-0,0000;-0,0000;-0,0000;0,0000;50,5311;180,0000;-0,0000;-0,0000;-0,0000;0,0000;180,0000;29;0
11,8802;-1,6375;-200,4508;91,3450;19,1057;-90,0000;88,3625;422,902;-145,444;125,000;401,153;52,2585;-0,0000;-0,0000;-0,0000;0,0000;52,2585;180,0000;-0,0000;-0,0000;-0,0000;0,0000;180,0000;29;0
11,8898;-1,1277;-200,4508;91,3450;19,1057;-90,0000;88,8723;424,179;-141,676;125,000;414,635;53,9858;-0,0000;-0,0000;-0,0000;0,0000;53,9858;180,0000;-0,0000;-0,0000;-0,0000;0,0000;180,0000;29;0
11,8994;-0,6014;-200,4508;91,3450;19,1057;-90,0000;89,3986;425,463;-137,773;125,000;428,118;55,7131;-0,0000;-0,0000;-0,0000;0,0000;55,7131;180,0000;-0,0000;-0,0000;-0,0000;0,0000;180,0000;29;0
11,9090;-0,0584;-200,4508;91,3450;19,1057;-90,0000;89,9416;426,749;-133,735;125,000;441,600;57,4405;-0,0000;-0,0000;-0,0000;0,0000;57,4405;180,0000;-0,0000;-0,0000;-0,0000;0,0000;180,0000;29;0
11,9186;0,5011;-200,4508;91,3450;19,1057;-90,0000;90,5011;428,035;-129,562;125,000;455,082;59,1678;-0,0000;-0,0000;-0,0000;0,0000;59,1678;180,0000;-0,0000;-0,0000;-0,0000;0,0000;180,0000;29;0
11,9282;1,0771;-200,4508;91,3450;19,1057;-90,0000;91,0771;429,316;-125,252;125,000;468,564;60,8951;-0,0000;-0,0000;-0,0000;0,0000;60,8951;180,0000;-0,0000;-0,0000;-0,0000;0,0000;180,0000;29;0
11,9378;1,6698;-200,4508;91,3450;19,1057;-90,0000;91,6698;430,588;-120,804;125,000;482,047;62,6224;-0,0000;-0,0000;-0,0000;0,0000;62,6224;180,0000;-0,0000;-0,0000;-0,0000;0,0000;180,0000;29;0
11,9474;2,2790;-200,4508;91,3450;19,1057;-90,0000;92,2790;431,849;-116,219;125,000;495,529;64,3498;-0,0000;-0,0000;-0,0000;0,0000;64,3498;180,0000;-0,0000;-0,0000;-0,0000;0,0000;180,0000;29;0
11,9570;2,9048;-200,4508;91,3450;19,1057;-90,0000;92,9048;433,092;-111,495;125,000;509,011;66,0771;-0,0000;-0,0000;-0,0000;0,0000;66,0771;180,0000;-0,0000;-0,0000;-0,0000;0,0000;180,0000;29;0
11,9666;3,5472;-200,4508;91,3450;19,1057;-90,0000;93,5472;434,315;-106,633;125,000;522,493;67,8044;-0,0000;-0,0000;-0,0000;0,0000;67,8044;180,0000;-0,0000;-0,0000;-0,0000;0,0000;180,0000;29;0
11,9761;4,2062;-200,4508;91,3450;19,1057;-90,0000;94,2062;435,513;-101,631;125,000;535,976;69,5318;-0,0000;-0,0000;-0,0000;0,0000;69,5318;180,0000;-0,0000;-0,0000;-0,0000;0,0000;180,0000;29;0
11,9857;4,8817;-200,4508;91,3450;19,1057;-90,0000;94,8817;436,681;-96,489;125,000;549,458;71,2591;-0,0000;-0,0000;-0,0000;0,0000;71,2591;180,0000;-0,0000;-0,0000;-0,0000;0,0000;180,0000;29;0
11,9953;5,5738;-200,4508;91,3450;19,1057;-90,0000;95,5738;437,814;-91,207;125,000;562,940;72,9864;-0,0000;-0,0000;-0,0000;0,0000;72,9864;180,0000;-0,0000;-0,0000;-0,0000;0,0000;180,0000;29;0
12,0049;6,2825;-200,4508;91,3450;19,1057;-90,0000;96,2825;438,909;-85,785;125,000;576,422;74,7137;-0,0000;-0,0000;-0,0000;0,0000;74,7137;180,0000;-0,0000;-0,0000;-0,0000;0,0000;180,0000;29;0
12,0145;7,0078;-200,4508;91,3450;19,1057;-90,0000;97,0078;439,959;-80,223;125,000;589,904;76,4411;-0,0000;-0,0000;-0,0000;0,0000;76,4411;180,0000;-0,0000;-0,0000;-0,0000;0,0000;180,0000;29;0
12,0241;7,7496;-200,4508;91,3450;19,1057;-90,0000;97,7496;440,961;-74,520;125,000;603,386;78,1684;-0,0000;-0,0000;-0,0000;0,0000;78,1684;180,0000;-0,0000;-0,0000;-0,0000;0,0000;180,0000;29;0
12,0337;8,5080;-200,4508;91,3450;19,1057;-90,0000;98,5080;441,909;-68,676;125,000;616,868;79,8957;-0,0000;-0,0000;-0,0000;0,0000;79,8957;180,0000;-0,0000;-0,0000;-0,0000;0,0000;180,0000;29;0
12,0433;9,2830;-200,4508;91,3450;19,1057;-90,0000;99,2830;442,797;-62,693;125,000;630,351;81,6231;-0,0000;-0,0000;-0,0000;0,0000;81,6231;180,0000;-0,0000;-0,0000;-0,0000;0,0000;180,0000;29;0
12,0529;10,0746;-200,4508;91,3450;19,1057;-90,0000;100,0746;443,621;-56,570;125,000;643,833;83,3504;-0,0000;-0,0000;-0,0000;0,0000;83,3504;180,0000;-0,0000;-0,0000;-0,0000;0,0000;180,0000;29;0
12,0625;10,8827;-200,4508;91,3450;19,1057;-90,0000;100,8827;444,375;-50,307;125,000;657,315;85,0777;-0,0000;-0,0000;-0,0000;0,0000;85,0777;180,0000;-0,0000;-0,0000;-0,0000;0,0000;180,0000;29;0
12,0721;11,7074;-200,4508;91,3450;19,1057;-90,0000;101,7074;445,053;-43,906;125,000;670,797;86,8050;-0,0000;-0,0000;-0,0000;0,0000;86,8050;179,4914;-0,0000;-0,0000;-0,0000;0,0000;179,4914;29;0
12,0817;12,5487;-200,4508;91,3450;19,1057;-90,0000;102,5487;445,650;-37,366;125,000;684,279;88,5226;-0,0000;-0,0000;-0,0000;0,0000;88,5226;150,2256;-0,0000;-0,0000;-0,0000;0,0000;150,2256;29;0
12,0913;13,4064;-200,4508;91,3450;19,1057;-90,0000;103,4064;446,159;-30,691;125,000;697,608;89,6883;-0,0000;-0,0000;-0,0000;0,0000;89,6883;76,9770;-0,0000;-0,0000;-0,0000;0,0000;76,9770;29;0
12,1009;14,2701;-200,4508;91,3450;19,1057;-90,0000;104,2701;446,571;-23,963;125,000;702,475;90,0000;-0,0000;-0,0000;-0,0000;0,0000;90,0000;16,2428;-0,0000;-0,0000;-0,0000;0,0000;16,2428;29;0
12,1105;15,1337;-200,4508;91,3450;19,1057;-90,0000;105,1337;446,882;-17,229;125,000;702,475;90,0000;-0,0000;-0,0000;-0,0000;0,0000;90,0000;-0,0000;0,0000;0,0000;0,0000;-0,0000;0,0000;29;0
12,1201;15,9974;-200,4508;91,3450;19,1057;-90,0000;105,9974;447,091;-10,491;125,000;702,475;90,0000;-0,0000;-0,0000;-0,0000;0,0000;90,0000;-0,0000;0,0000;0,0000;0,0000;0,0000;0,0000;29;0
12,1297;16,8611;-200,4508;91,3450;19,1057;-90,0000;106,8611;447,198;-3,751;125,000;702,475;90,0000;-0,0000;-0,0000;-0,0000;0,0000;90,0000;0,0000;0,0000;-0,0000;-0,0000;0,0000;0,0000;29;0
12,1393;17,7247;-200,4508;91,3450;19,1057;-90,0000;107,7247;447,204;2,990;125,000;702,475;90,0000;-0,0000;-0,0000;-0,0000;0,0000;90,0000;0,0000;0,0000;-0,0000;-0,0000;0,0000;-0,0000;29;0
12,1489;18,5884;-200,4508;91,3450;19,1057;-90,0000;108,5884;447,108;9,731;125,000;702,475;90,0000;-0,0000;-0,0000;-0,0000;0,0000;90,0000;-0,0000;0,0000;-0,0000;0,0000;0,0000;-0,0000;29;0
12,1585;19,4520;-200,4508;91,3450;19,1057;-90,0000;109,4520;446,910;16,469;125,000;702,475;90,0000;-0,0000;-0,0000;-0,0000;0,0000;90,0000;0,0000;-0,0000;0,0000;0,0000;-0,0000;0,0000;29;0
12,1681;20,3157;-200,4508;91,3450;19,1057;-90,0000;110,3157;446,611;23,204;125,000;702,475;90,0000;-0,0000;-0,0000;-0,0000;0,0000;90,0000;-12,2165;0,0000;0,0000;0,0000;-0,0000;-12,2165;29;0
12,1777;21,1794;-200,4508;91,3450;19,1057;-90,0000;111,1794;446,211;29,933;125,000;702,475;89,7655;-0,0000;-0,0000;-0,0000;0,0000;89,7655;-67,8750;0,0000;0,0000;0,0000;-0,0000;-67,8750;29;0
12,1873;22,0385;-200,4508;91,3450;19,1057;-90,0000;112,0385;445,712;36,620;125,000;698,815;88,6973;-0,0000;-0,0000;-0,0000;0,0000;88,6973;-144,1004;0,0000;0,0000;0,0000;-0,0000;-144,1004;29;0
12,1969;22,8817;-200,4508;91,3450;19,1057;-90,0000;112,8817;445,125;43,175;125,000;685,800;86,9999;-0,0000;-0,0000;-0,0000;0,0000;86,9999;-178,4420;0,0000;0,0000;0,0000;-0,0000;-178,4420;29;0
12,2065;23,7083;-200,4508;91,3450;19,1057;-90,0000;113,7083;444,455;49,592;125,000;672,317;85,2726;-0,0000;-0,0000;-0,0000;0,0000;85,2726;-180,0000;0,0000;0,0000;0,0000;-0,0000;-180,0000;29;0
12,2161;24,5183;-200,4508;91,3450;19,1057;-90,0000;114,5183;443,710;55,870;125,000;658,835;83,5452;-0,0000;-0,0000;-0,0000;0,0000;83,5452;-180,0000;0,0000;0,0000;0,0000;-0,0000;-180,0000;29;0
12,2257;25,3117;-200,4508;91,3450;19,1057;-90,0000;115,3117;442,894;62,009;125,000;645,353;81,8179;-0,0000;-0,0000;-0,0000;0,0000;81,8179;-180,0000;0,0000;0,0000;0,0000;-0,0000;-180,0000;29;0
12,2352;26,0886;-200,4508;91,3450;19,1057;-90,0000;116,0886;442,012;68,008;125,000;631,871;80,0906;-0,0000;-0,0000;-0,0000;0,0000;80,0906;-180,0000;0,0000;0,0000;0,0000;-0,0000;-180,0000;29;0
12,2448;26,8489;-200,4508;91,3450;19,1057;-90,0000;116,8489;441,071;73,868;125,000;618,389;78,3632;-0,0000;-0,0000;-0,0000;0,0000;78,3632;-180,0000;0,0000;0,0000;0,0000;-0,0000;-180,0000;29;0
12,2544;27,5926;-200,4508;91,3450;19,1057;-90,0000;117,5926;440,075;79,586;125,000;604,907;76,6359;-0,0000;-0,0000;-0,0000;0,0000;76,6359;-180,0000;0,0000;0,0000;0,0000;-0,0000;-180,0000;29;0
12,2640;28,3197;-200,4508;91,3450;19,1057;-90,0000;118,3197;439,030;85,165;125,000;591,425;74,9086;-0,0000;-0,0000;-0,0000;0,0000;74,9086;-180,0000;0,0000;0,0000;0,0000;-0,0000;-180,0000;29;0
12,2736;29,0303;-200,4508;91,3450;19,1057;-90,0000;119,0303;437,940;90,603;125,000;577,943;73,1812;-0,0000;-0,0000;-0,0000;0,0000;73,1812;-180,0000;0,0000;0,0000;0,0000;-0,0000;-180,0000;29;0
12,2832;29,7242;-200,4508;91,3450;19,1057;-90,0000;119,7242;436,810;95,900;125,000;564,461;71,4539;-0,0000;-0,0000;-0,0000;0,0000;71,4539;-180,0000;0,0000;0,0000;0,0000;-0,0000;-180,0000;29;0
12,2928;30,4016;-200,4508;91,3450;19,1057;-90,0000;120,4016;435,646;101,058;125,000;550,978;69,7266;-0,0000;-0,0000;-0,0000;0,0000;69,7266;-180,0000;0,0000;0,0000;0,0000;-0,0000;-180,0000;29;0
12,3024;31,0625;-200,4508;91,3450;19,1057;-90,0000;121,0625;434,451;106,076;125,000;537,496;67,9993;-0,0000;-0,0000;-0,0000;0,0000;67,9993;-180,0000;0,0000;0,0000;0,0000;-0,0000;-180,0000;29;0
12,3120;31,7067;-200,4508;91,3450;19,1057;-90,0000;121,7067;433,231;110,954;125,000;524,014;66,2719;-0,0000;-0,0000;-0,0000;0,0000;66,2719;-180,0000;0,0000;0,0000;0,0000;-0,0000;-180,0000;29;0
12,3216;32,3344;-200,4508;91,3450;19,1057;-90,0000;122,3344;431,990;115,693;125,000;510,532;64,5446;-0,0000;-0,0000;-0,0000;0,0000;64,5446;-180,0000;0,0000;0,0000;0,0000;-0,0000;-180,0000;29;0
12,3312;32,9455;-200,4508;91,3450;19,1057;-90,0000;122,9455;430,731;120,294;125,000;497,050;62,8173;-0,0000;-0,0000;-0,0000;0,0000;62,8173;-180,0000;0,0000;0,0000;0,0000;-0,0000;-180,0000;29;0
12,3408;33,5400;-200,4508;91,3450;19,1057;-90,0000;123,5400;429,460;124,757;125,000;483,567;61,0899;-0,0000;-0,0000;-0,0000;0,0000;61,0899;-180,0000;0,0000;0,0000;0,0000;-0,0000;-180,0000;29;0
12,3504;34,1180;-200,4508;91,3450;19,1057;-90,0000;124,1180;428,180;129,082;125,000;470,085;59,3626;-0,0000;-0,0000;-0,0000;0,0000;59,3626;-180,0000;0,0000;0,0000;0,0000;-0,0000;-180,0000;29;0
12,3600;34,6793;-200,4508;91,3450;19,1057;-90,0000;124,6793;426,894;133,271;125,000;456,603;57,6353;-0,0000;-0,0000;-0,0000;0,0000;57,6353;-180,0000;0,0000;0,0000;0,0000;-0,0000;-180,0000;29;0
12,3696;35,2241;-200,4508;91,3450;19,1057;-90,0000;125,2241;425,608;137,324;125,000;443,121;55,9080;-0,0000;-0,0000;-0,0000;0,0000;55,9080;-180,0000;0,0000;0,0000;0,0000;-0,0000;-180,0000;29;0
12,3792;35,7524;-200,4508;91,3450;19,1057;-90,0000;125,7524;424,324;141,242;125,000;429,638;54,1806;-0,0000;-0,0000;-0,0000;0,0000;54,1806;-180,0000;0,0000;0,0000;0,0000;-0,0000;-180,0000;29;0
12,3888;36,2640;-200,4508;91,3450;19,1057;-90,0000;126,2640;423,046;145,026;125,000;416,156;52,4533;-0,0000;-0,0000;-0,0000;0,0000;52,4533;-180,0000;0,0000;0,0000;0,0000;-0,0000;-180,0000;29;0
12,3984;36,7591;-200,4508;91,3450;19,1057;-90,0000;126,7591;421,777;148,676;125,000;402,674;50,7260;-0,0000;-0,0000;-0,0000;0,0000;50,7260;-180,0000;0,0000;0,0000;0,0000;-0,0000;-180,0000;29;0
12,4080;37,2376;-200,4508;91,3450;19,1057;-90,0000;127,2376;420,520;152,193;125,000;389,192;48,9986;-0,0000;-0,0000;-0,0000;0,0000;48,9986;-180,0000;0,0000;0,0000;0,0000;-0,0000;-180,0000;29;0
12,4176;37,6995;-200,4508;91,3450;19,1057;-90,0000;127,6995;419,280;155,578;125,000;375,709;47,2713;-0,0000;-0,0000;-0,0000;0,0000;47,2713;-180,0000;0,0000;0,0000;0,0000;-0,0000;-180,0000;29;0
12,4272;38,1448;-200,4508;91,3450;19,1057;-90,0000;128,1448;418,058;158,832;125,000;362,227;45,5440;-0,0000;-0,0000;-0,0000;0,0000;45,5440;-180,0000;0,0000;0,0000;0,0000;-0,0000;-180,0000;29;0
12,4368;38,5736;-200,4508;91,3450;19,1057;-90,0000;128,5736;416,857;161,956;125,000;348,745;43,8167;-0,0000;-0,0000;-0,0000;0,0000;43,8167;-180,0000;0,0000;0,0000;0,0000;-0,0000;-180,0000;29;0
12,4464;38,9858;-200,4508;91,3450;19,1057;-90,0000;128,9858;415,682;164,951;125,000;335,262;42,0893;-0,0000;-0,0000;-0,0000;0,0000;42,0893;-180,0000;0,0000;0,0000;0,0000;-0,0000;-180,0000;29;0
12,4560;39,3814;-200,4508;91,3450;19,1057;-90,0000;129,3814;414,533;167,817;125,000;321,780;40,3620;-0,0000;-0,0000;-0,0000;0,0000;40,3620;-180,0000;0,0000;0,0000;0,0000;-0,0000;-180,0000;29;0
12,4656;39,7604;-200,4508;91,3450;19,1057;-90,0000;129,7604;413,414;170,556;125,000;308,298;38,6347;-0,0000;-0,0000;-0,0000;0,0000;38,6347;-180,0000;0,0000;0,0000;0,0000;-0,0000;-180,0000;29;0
12,4752;40,1229;-200,4508;91,3450;19,1057;-90,0000;130,1229;412,326;173,168;125,000;294,815;36,9073;-0,0000;-0,0000;-0,0000;0,0000;36,9073;-180,0000;0,0000;0,0000;0,0000;-0,0000;-180,0000;29;0
12,4847;40,4688;-200,4508;91,3450;19,1057;-90,0000;130,4688;411,273;175,654;125,000;281,333;35,1800;-0,0000;-0,0000;-0,0000;0,0000;35,1800;-180,0000;0,0000;0,0000;0,0000;-0,0000;-180,0000;29;0
12,4943;40,7981;-200,4508;91,3450;19,1057;-90,0000;130,7981;410,257;178,015;125,000;267,851;33,4527;-0,0000;-0,0000;-0,0000;0,0000;33,4527;-180,0000;0,0000;0,0000;0,0000;-0,0000;-180,0000;29;0
12,5039;41,1108;-200,4508;91,3450;19,1057;-90,0000;131,1108;409,279;180,251;125,000;254,368;31,7254;-0,0000;-0,0000;-0,0000;0,0000;31,7254;-180,0000;0,0000;0,0000;0,0000;-0,0000;-180,0000;29;0
12,5135;41,4070;-200,4508;91,3450;19,1057;-90,0000;131,4070;408,342;182,364;125,000;240,886;29,9980;-0,0000;-0,0000;-0,0000;0,0000;29,9980;-180,0000;0,0000;0,0000;0,0000;-0,0000;-180,0000;29;0
12,5231;41,6866;-200,4508;91,3450;19,1057;-90,0000;131,6866;407,447;184,355;125,000;227,404;28,2707;-0,0000;-0,0000;-0,0000;0,0000;28,2707;-180,0000;0,0000;0,0000;0,0000;-0,0000;-180,0000;29;0
12,5327;41,9496;-200,4508;91,3450;19,1057;-90,0000;131,9496;406,597;186,223;125,000;213,921;26,5434;-0,0000;-0,0000;-0,0000;0,0000;26,5434;-180,0000;0,0000;0,0000;0,0000;-0,0000;-180,0000;29;0
12,5423;42,1960;-200,4508;91,3450;19,1057;-90,0000;132,1960;405,792;187,970;125,000;200,439;24,8160;-0,0000;-0,0000;-0,0000;0,0000;24,8160;-180,0000;0,0000;0,0000;0,0000;-0,0000;-180,0000;29;0
12,5519;42,4258;-200,4508;91,3450;19,1057;-90,0000;132,4258;405,035;189,596;125,000;186,957;23,0887;-0,0000;-0,0000;-0,0000;0,0000;23,0887;-180,0000;0,0000;0,0000;0,0000;-0,0000;-180,0000;29;0
12,5615;42,6391;-200,4508;91,3450;19,1057;-90,0000;132,6391;404,326;191,103;125,000;173,474;21,3614;-0,0000;-0,0000;-0,0000;0,0000;21,3614;-180,0000;0,0000;0,0000;0,0000;-0,0000;-180,0000;29;0
12,5711;42,8358;-200,4508;91,3450;19,1057;-90,0000;132,8358;403,668;192,490;125,000;159,992;19,6341;-0,0000;-0,0000;-0,0000;0,0000;19,6341;-180,0000;0,0000;0,0000;0,0000;-0,0000;-180,0000;29;0
12,5807;43,0159;-200,4508;91,3450;19,1057;-90,0000;133,0159;403,061;193,758;125,000;146,509;17,9067;-0,0000;-0,0000;-0,0000;0,0000;17,9067;-180,0000;0,0000;0,0000;0,0000;-0,0000;-180,0000;29;0
12,5903;43,1795;-200,4508;91,3450;19,1057;-90,0000;133,1795;402,506;194,908;125,000;133,027;16,1794;-0,0000;-0,0000;-0,0000;0,0000;16,1794;-180,0000;0,0000;0,0000;0,0000;-0,0000;-180,0000;29;0
12,5999;43,3265;-200,4508;91,3450;19,1057;-90,0000;133,3265;402,005;195,939;125,000;119,545;14,4521;-0,0000;-0,0000;-0,0000;0,0000;14,4521;-180,0000;0,0000;0,0000;0,0000;-0,0000;-180,0000;29;0
12,6095;43,4569;-200,4508;91,3450;19,1057;-90,0000;133,4569;401,558;196,854;125,000;106,062;12,7247;-0,0000;-0,0000;-0,0000;0,0000;12,7247;-180,0000;0,0000;0,0000;0,0000;-0,0000;-180,0000;29;0
12,6191;43,5707;-200,4508;91,3450;19,1057;-90,0000;133,5707;401,166;197,651;125,000;92,580;10,9974;-0,0000;-0,0000;-0,0000;0,0000;10,9974;-180,0000;0,0000;0,0000;0,0000;-0,0000;-180,0000;29;0
12,6287;43,6679;-200,4508;91,3450;19,1057;-90,0000;133,6679;400,830;198,332;125,000;79,097;9,2701;-0,0000;-0,0000;-0,0000;0,0000;9,2701;-180,0000;0,0000;0,0000;0,0000;-0,0000;-180,0000;29;0
12,6383;43,7486;-200,4508;91,3450;19,1057;-90,0000;133,7486;400,550;198,896;125,000;65,615;7,5428;-0,0000;-0,0000;-0,0000;0,0000;7,5428;-180,0000;0,0000;0,0000;0,0000;-0,0000;-180,0000;29;0
12,6479;43,8127;-200,4508;91,3450;19,1057;-90,0000;133,8127;400,327;199,344;125,000;52,133;5,8154;-0,0000;-0,0000;-0,0000;0,0000;5,8154;-180,0000;0,0000;0,0000;0,0000;-0,0000;-180,0000;29;0
12,6575;43,8602;-200,4508;91,3450;19,1057;-90,0000;133,8602;400,162;199,676;125,000;38,650;4,0881;-0,0000;-0,0000;-0,0000;0,0000;4,0881;-180,0000;0,0000;0,0000;0,0000;-0,0000;-180,0000;29;0
12,6671;43,8912;-200,4508;91,3450;19,1057;-90,0000;133,8912;400,054;199,892;125,000;25,168;2,3608;-0,0000;-0,0000;-0,0000;0,0000;2,3608;-170,9764;-5,1103;3,0625;2,0478;-0,0000;-170,9764;29;0
12,6767;43,9055;-200,4508;91,3450;19,1057;-90,0000;133,9055;400,004;199,992;125,000;11,685;0,8066;-0,0981;0,0588;0,0393;0,0000;0,8066;-119,9785;-33,9911;20,3668;13,6243;-0,0000;-119,9785;29;0
12,6863;43,9066;-200,4527;91,3462;19,1065;-90,0000;133,9066;400,000;200,000;124,985;1,787;0,0581;-0,6524;0,3909;0,2615;0,0000;0,0581;-42,0279;-78,1337;46,7977;31,3360;-0,0000;-42,0279;30;0
12,6959;43,9066;-200,4633;91,3525;19,1108;-90,0000;133,9066;400,000;200,000;124,902;8,700;0,0000;-1,5977;0,9569;0,6407;-0,0000;0,0000;-3,0258;-100,2141;59,9644;40,2497;-0,0000;-3,0258;30;0
12,7055;43,9066;-200,4833;91,3645;19,1188;-90,0000;133,9066;400,000;200,000;124,745;16,377;0,0000;-2,5757;1,5418;1,0340;-0,0000;0,0000;0,0000;-101,9143;60,8626;41,0518;-0,0000;0,0000;30;0
12,7151;43,9066;-200,5127;91,3821;19,1306;-90,0000;133,9066;400,000;200,000;124,514;24,054;0,0000;-3,5537;2,1251;1,4286;-0,0000;0,0000;0,0000;-101,8947;60,6735;41,2212;-0,0000;0,0000;30;0
12,7247;43,9066;-200,5515;91,4053;19,1462;-90,0000;133,9066;400,000;200,000;124,209;31,731;0,0000;-4,5314;2,7062;1,8251;-0,0000;0,0000;0,0000;-101,8688;60,4240;41,4447;-0,0000;0,0000;30;0
12,7343;43,9066;-200,5997;91,4341;19,1656;-90,0000;133,9066;400,000;200,000;123,831;39,408;0,0000;-5,5088;3,2847;2,2240;-0,0000;0,0000;-0,0000;-101,8365;60,1143;41,7222;-0,0001;-0,0000;30;0
12,7438;43,9066;-200,6573;91,4684;19,1889;-90,0000;133,9066;400,000;200,000;123,379;47,085;-0,0000;-6,4859;3,8600;2,6259;-0,0000;-0,0000;-0,0000;-101,7978;59,7443;42,0535;-0,0001;-0,0000;30;0
12,7534;43,9066;-200,7242;91,5082;19,2160;-90,0000;133,9066;400,000;200,000;122,854;54,762;-0,0000;-7,4625;4,4314;3,0311;-0,0000;-0,0000;0,0000;-101,7526;59,3141;42,4386;0,0001;0,0000;30;0
12,7630;43,9066;-200,8005;91,5534;19,2471;-90,0000;133,9066;400,000;200,000;122,255;62,439;0,0000;-8,4388;4,9984;3,4404;-0,0000;0,0000;0,0000;-101,7010;58,8236;42,8773;0,0001;0,0000;30;0
12,7726;43,9066;-200,8861;91,6041;19,2821;-90,0000;133,9066;400,000;200,000;121,582;70,116;0,0000;-9,4144;5,5604;3,8541;-0,0000;0,0000;0,0000;-101,6427;58,2731;43,3696;-0,0000;0,0000;30;0
12,7822;43,9066;-200,9812;91,6601;19,3210;-90,0000;133,9066;400,000;200,000;120,835;77,793;0,0000;-10,3895;6,1168;4,2728;-0,0000;0,0000;0,0000;-101,5777;57,6624;43,9153;-0,0000;0,0000;30;0
12,7918;43,9066;-201,0855;91,7215;19,3641;-90,0000;133,9066;400,000;200,000;120,015;85,470;0,0000;-11,3640;6,6671;4,6969;-0,0000;0,0000;0,0000;-101,5059;56,9917;44,5142;-0,0000;0,0000;30;0
12,8014;43,9066;-201,1993;91,7881;19,4112;-90,0000;133,9066;400,000;200,000;119,121;93,147;0,0000;-12,3377;7,2106;5,1271;-0,0000;0,0000;0,0000;-101,4271;56,2610;45,1661;0,0000;0,0000;30;0
12,8110;43,9066;-201,3223;91,8599;19,4625;-90,0000;133,9066;400,000;200,000;118,154;100,824;0,0000;-13,3106;7,7468;5,5638;0,0000;0,0000;0,0000;-101,3412;55,4703;45,8709;0,0000;0,0000;30;0
12,8206;43,9066;-201,4547;91,9368;19,5180;-90,0000;133,9066;400,000;200,000;117,112;108,501;0,0000;-14,2827;8,2752;6,0075;0,0000;0,0000;-0,0000;-101,2481;54,6198;46,6283;-0,0000;0,0000;30;0
12,8302;43,9066;-201,5965;92,0187;19,5778;-90,0000;133,9066;400,000;200,000;115,997;116,179;0,0000;-15,2538;8,7951;6,4587;-0,0000;0,0000;0,0000;-101,1474;53,7093;47,4381;-0,0000;0,0000;30;0
12,8398;43,9066;-201,7475;92,1056;19,6419;-90,0000;133,9066;400,000;200,000;114,809;123,856;0,0000;-16,2240;9,3060;6,9179;-0,0000;0,0000;0,0000;-101,0391;52,7391;48,3000;0,0000;0,0000;30;0
12,8494;43,9066;-201,9078;92,1973;19,7105;-90,0000;133,9066;400,000;200,000;113,547;131,533;0,0000;-17,1930;9,8073;7,3857;0,0000;0,0000;0,0000;-100,9228;51,7090;49,2138;0,0000;0,0000;30;0
12,8590;43,9066;-202,0775;92,2938;19,7837;-90,0000;133,9066;400,000;200,000;112,211;139,210;0,0000;-18,1609;10,2985;7,8625;0,0000;0,0000;0,0000;-100,7983;50,6192;50,1790;-0,0000;0,0000;30;0
12,8686;43,9066;-202,2564;92,3950;19,8614;-90,0000;133,9066;400,000;200,000;110,801;146,887;0,0000;-19,1276;10,7788;8,3488;0,0000;0,0000;0,0000;-100,6652;49,4697;51,1955;-0,0000;0,0000;30;0
12,8782;43,9066;-202,4446;92,5007;19,9439;-90,0000;133,9066;400,000;200,000;109,318;154,564;0,0000;-20,0929;11,2479;8,8450;0,0000;0,0000;0,0000;-100,5233;48,2604;52,2628;-0,0000;-0,0000;30;0
12,8878;43,9066;-202,6420;92,6108;20,0312;-90,0000;133,9066;400,000;200,000;107,761;162,241;0,0000;-21,0569;11,7051;9,3518;-0,0000;0,0000;0,0000;-100,3720;46,9915;53,3806;-0,0000;0,0000;30;0
12,8974;43,9066;-202,8487;92,7253;20,1234;-90,0000;133,9066;400,000;200,000;106,131;169,918;0,0000;-22,0193;12,1498;9,8695;-0,0000;0,0000;0,0000;-100,2111;45,6627;54,5483;-0,0000;0,0000;30;0
12,9070;43,9066;-203,0646;92,8440;20,2206;-90,0000;133,9066;400,000;200,000;104,426;177,595;0,0000;-22,9802;12,5815;10,3987;-0,0000;0,0000;0,0000;-100,0399;44,2742;55,7657;0,0000;0,0000;30;0
12,9166;43,9066;-203,2898;92,9668;20,3230;-90,0000;133,9066;400,000;200,000;102,648;185,272;0,0000;-23,9394;12,9995;10,9398;-0,0000;0,0000;0,0000;-99,8581;42,8259;57,0321;0,0000;0,0000;30;0
12,9262;43,9066;-203,5241;93,0935;20,4306;-90,0000;133,9066;400,000;200,000;100,797;192,949;0,0000;-24,8967;13,4034;11,4933;-0,0000;0,0000;0,0000;-99,6649;41,3178;58,3471;0,0000;0,0000;30;0
12,9358;43,9066;-203,7676;93,2240;20,5436;-90,0000;133,9066;400,000;200,000;98,871;200,626;0,0000;-25,8522;13,7925;12,0597;-0,0000;0,0000;0,0000;-99,4599;39,7497;59,7102;0,0000;0,0000;30;0
12,9454;43,9066;-204,0203;93,3582;20,6620;-90,0000;133,9066;400,000;200,000;96,873;208,303;0,0000;-26,8056;14,1663;12,6393;-0,0000;0,0000;0,0000;-99,2422;38,1216;61,1206;-0,0000;0,0000;30;0
12,9550;43,9066;-204,2821;93,4959;20,7861;-90,0000;133,9066;400,000;200,000;94,800;215,980;0,0000;-27,7569;14,5242;13,2327;-0,0000;0,0000;0,0000;-99,0113;36,4334;62,5778;-0,0000;0,0000;30;0
12,9646;43,9066;-204,5530;93,6370;20,9160;-90,0000;133,9066;400,000;200,000;92,654;223,657;0,0000;-28,7059;14,8656;13,8403;-0,0000;0,0000;0,0000;-98,7661;34,6850;64,0811;-0,0000;0,0000;30;0
12,9742;43,9066;-204,8330;93,7812;21,0518;-90,0000;133,9066;400,000;200,000;90,434;231,334;0,0000;-29,6525;15,1899;14,4626;-0,0000;0,0000;0,0000;-98,5060;32,8762;65,6297;-0,0000;-0,0000;30;0
12,9838;43,9066;-205,1221;93,9285;21,1936;-90,0000;133,9066;400,000;200,000;88,140;239,011;0,0000;-30,5965;15,4965;15,0999;-0,0000;0,0000;0,0000;-98,2298;31,0069;67,2229;-0,0000;0,0000;30;0
12,9934;43,9066;-205,4202;94,0787;21,3416;-90,0000;133,9066;400,000;200,000;85,773;246,688;0,0000;-31,5378;15,7850;15,7528;-0,0000;0,0000;0,0000;-97,9366;29,0768;68,8598;-0,0000;0,0000;30;0
13,0029;43,9066;-205,7274;94,2315;21,4959;-90,0000;133,9066;400,000;200,000;83,332;254,365;0,0000;-32,4761;16,0546;16,4215;-0,0000;0,0000;0,0000;-97,6253;27,0859;70,5394;-0,0000;0,0000;30;0
13,0125;43,9066;-206,0435;94,3868;21,6567;-90,0000;133,9066;400,000;200,000;80,817;262,042;0,0000;-33,4114;16,3048;17,1066;-0,0000;0,0000;0,0000;-97,2946;25,0338;72,2608;0,0000;0,0000;30;0
13,0221;43,9066;-206,3686;94,5444;21,8242;-90,0000;133,9066;400,000;200,000;78,229;269,719;0,0000;-34,3435;16,5351;17,8084;-0,0000;0,0000;0,0000;-81,2847;15,5928;65,6919;0,0000;0,0000;30;0
13,0317;43,9066;-206,7027;94,7041;21,9985;-90,0000;133,9066;400,000;200,000;75,567;277,396;0,0000;-34,9715;16,6041;18,3674;-0,0000;0,0000;0,0000;-16,3218;-16,2559;32,5777;-0,0000;-0,0000;30;0
13,0413;43,9066;-207,0398;94,8631;22,1768;-90,0000;133,9066;400,000;200,000;72,877;280,276;0,0000;-34,6567;16,2231;18,4337;-0,0000;0,0000;0,0000;67,2155;-55,2727;-11,9428;0,0000;0,0000;30;0
13,0509;43,9066;-207,3678;95,0155;22,3523;-90,0000;133,9066;400,000;200,000;70,258;272,936;0,0000;-33,6815;15,5433;18,1382;0,0000;0,0000;0,0000;102,6126;-70,3127;-32,2999;0,0000;0,0000;30;0
13,0605;43,9066;-207,6863;95,1614;22,5249;-90,0000;133,9066;400,000;200,000;67,713;265,259;0,0000;-32,6873;14,8736;17,8137;0,0000;0,0000;-0,0000;103,4776;-68,7643;-34,7133;-0,0000;-0,0000;30;0
13,0701;43,9066;-207,9952;95,3010;22,6942;-90,0000;133,9066;400,000;200,000;65,241;257,581;0,0000;-31,6955;14,2235;17,4720;-0,0000;0,0000;-0,0000;103,2405;-66,7529;-36,4876;-0,0000;-0,0000;30;0
13,0797;43,9066;-208,2946;95,4344;22,8602;-90,0000;133,9066;400,000;200,000;62,843;249,904;0,0000;-30,7059;13,5924;17,1134;-0,0000;0,0000;0,0000;103,0027;-64,8011;-38,2017;0,0000;0,0000;30;0
13,0893;43,9066;-208,5845;95,5618;23,0227;-90,0000;133,9066;400,000;200,000;60,518;242,227;0,0000;-29,7186;12,9798;16,7388;0,0000;0,0000;-0,0000;102,7646;-62,9087;-39,8559;0,0000;0,0000;30;0
13,0989;43,9066;-208,8649;95,6835;23,1815;-90,0000;133,9066;400,000;200,000;58,267;234,550;0,0000;-28,7336;12,3850;16,3485;0,0000;0,0000;-0,0000;102,5266;-61,0758;-41,4508;-0,0000;-0,0000;30;0
13,1085;43,9066;-209,1360;95,7995;23,3364;-90,0000;133,9066;400,000;200,000;56,090;226,873;0,0000;-27,7508;11,8076;15,9432;0,0000;0,0000;-0,0000;102,2891;-59,3022;-42,9869;-0,0000;-0,0000;30;0
13,1181;43,9066;-209,3976;95,9101;23,4875;-90,0000;133,9066;400,000;200,000;53,987;219,196;0,0000;-26,7704;11,2469;15,5235;0,0000;0,0000;-0,0000;102,0527;-57,5881;-44,4646;-0,0000;-0,0000;30;0
13,1277;43,9066;-209,6498;96,0154;23,6344;-90,0000;133,9066;400,000;200,000;51,957;211,519;0,0000;-25,7922;10,7023;15,0898;-0,0000;0,0000;-0,0000;101,8178;-55,9332;-45,8845;-0,0000;-0,0000;30;0
13,1373;43,9066;-209,8926;96,1155;23,7771;-90,0000;133,9066;400,000;200,000;50,001;203,842;0,0000;-24,8162;10,1734;14,6428;-0,0000;0,0000;-0,0000;101,5850;-54,3378;-47,2472;0,0000;-0,0000;30;0
13,1469;43,9066;-210,1260;96,2106;23,9154;-90,0000;133,9066;400,000;200,000;48,119;196,165;0,0000;-23,8425;9,6595;14,1830;0,0000;0,0000;-0,0000;101,3548;-52,8018;-48,5530;-0,0000;-0,0000;30;0
13,1565;43,9066;-210,3502;96,3009;24,0493;-90,0000;133,9066;400,000;200,000;46,310;188,488;0,0000;-22,8710;9,1600;13,7110;-0,0000;0,0000;-0,0000;101,1278;-51,3252;-49,8027;-0,0000;-0,0000;30;0
13,1661;43,9066;-210,5650;96,3864;24,1786;-90,0000;133,9066;400,000;200,000;44,575;180,811;0,0000;-21,9016;8,6744;13,2272;-0,0000;0,0000;-0,0000;100,9046;-49,9081;-50,9966;0,0000;-0,0000;30;0
13,1757;43,9066;-210,7705;96,4674;24,3031;-90,0000;133,9066;400,000;200,000;42,913;173,134;0,0000;-20,9344;8,2021;12,7322;-0,0000;0,0000;-0,0000;100,6858;-48,5505;-52,1353;0,0000;-0,0000;30;0
13,1853;43,9066;-210,9668;96,5439;24,4229;-90,0000;133,9066;400,000;200,000;41,325;165,457;0,0000;-19,9692;7,7426;12,2266;-0,0000;0,0000;-0,0000;100,4719;-47,2526;-53,2193;0,0000;0,0000;30;0
13,1949;43,9066;-211,1538;96,6160;24,5378;-90,0000;133,9066;400,000;200,000;39,811;157,780;0,0000;-19,0060;7,2952;11,7108;0,0000;0,0000;-0,0000;100,2634;-46,0143;-54,2491;0,0000;-0,0000;30;0
13,2045;43,9066;-211,3316;96,6839;24,6477;-90,0000;133,9066;400,000;200,000;38,371;150,103;0,0000;-18,0449;6,8595;11,1854;0,0000;0,0000;-0,0000;100,0610;-44,8357;-55,2253;-0,0000;-0,0000;30;0
13,2141;43,9066;-211,5001;96,7476;24,7525;-90,0000;133,9066;400,000;200,000;37,004;142,426;0,0000;-17,0856;6,4347;10,6509;-0,0000;0,0000;-0,0000;99,8652;-43,7170;-56,1482;-0,0000;-0,0000;30;0
13,2237;43,9066;-211,6595;96,8074;24,8521;-90,0000;133,9066;400,000;200,000;35,711;134,749;0,0000;-16,1282;6,0204;10,1078;0,0000;0,0000;-0,0000;99,6765;-42,6581;-57,0185;0,0000;-0,0000;30;0
13,2333;43,9066;-211,8096;96,8632;24,9465;-90,0000;133,9066;400,000;200,000;34,492;127,072;0,0000;-15,1726;5,6160;9,5566;0,0000;0,0000;-0,0000;99,4955;-41,6591;-57,8364;-0,0000;-0,0000;30;0
13,2429;43,9066;-211,9507;96,9152;25,0355;-90,0000;133,9066;400,000;200,000;33,346;119,395;0,0000;-14,2186;5,2209;8,9978;-0,0000;0,0000;-0,0000;99,3227;-40,7201;-58,6026;-0,0000;-0,0000;30;0
13,2525;43,9066;-212,0825;96,9634;25,1192;-90,0000;133,9066;400,000;200,000;32,274;111,718;0,0000;-13,2663;4,8345;8,4318;-0,0000;0,0000;-0,0000;99,1585;-39,8412;-59,3174;-0,0000;-0,0000;30;0
13,2620;43,9066;-212,2053;97,0079;25,1973;-90,0000;133,9066;400,000;200,000;31,275;104,041;0,0000;-12,3155;4,4562;7,8593;-0,0000;0,0000;-0,0000;99,0035;-39,0224;-59,9811;0,0000;0,0000;30;0
13,2716;43,9066;-212,3189;97,0489;25,2700;-90,0000;133,9066;400,000;200,000;30,351;96,364;0,0000;-11,3662;4,0855;7,2807;0,0000;0,0000;-0,0000;98,8580;-38,2637;-60,5943;0,0000;0,0000;30;0
13,2812;43,9066;-212,4234;97,0864;25,3371;-90,0000;133,9066;400,000;200,000;29,500;88,687;0,0000;-10,4182;3,7218;6,6964;0,0000;0,0000;-0,0000;98,7225;-37,5653;-61,1572;-0,0000;-0,0000;30;0
13,2908;43,9066;-212,5189;97,1203;25,3985;-90,0000;133,9066;400,000;200,000;28,722;81,010;0,0000;-9,4714;3,3646;6,1069;-0,0000;0,0000;-0,0000;98,5974;-36,9271;-61,6703;-0,0000;-0,0000;30;0
13,3004;43,9066;-212,6052;97,1509;25,4543;-90,0000;133,9066;400,000;200,000;28,018;73,333;0,0000;-8,5259;3,0131;5,5127;-0,0000;0,0000;-0,0000;98,4830;-36,3493;-62,1337;-0,0000;-0,0000;30;0
13,3100;43,9066;-212,6825;97,1782;25,5043;-90,0000;133,9066;400,000;200,000;27,388;65,656;0,0000;-7,5813;2,6669;4,9144;-0,0000;0,0000;-0,0000;98,3797;-35,8319;-62,5478;-0,0000;-0,0000;30;0
13,3196;43,9066;-212,7507;97,2021;25,5486;-90,0000;133,9066;400,000;200,000;26,832;57,979;0,0000;-6,6377;2,3254;4,3123;-0,0000;0,0000;-0,0000;98,2877;-35,3748;-62,9129;-0,0000;-0,0000;30;0
13,3292;43,9066;-212,8099;97,2228;25,5871;-90,0000;133,9066;400,000;200,000;26,349;50,302;0,0000;-5,6949;1,9880;3,7069;-0,0000;0,0000;-0,0000;98,2074;-34,9782;-63,2291;0,0000;-0,0000;30;0
13,3388;43,9066;-212,8600;97,2403;25,6197;-90,0000;133,9066;400,000;200,000;25,940;42,625;0,0000;-4,7529;1,6541;3,0988;0,0000;0,0000;-0,0000;98,1389;-34,6421;-63,4968;0,0000;-0,0000;30;0
13,3484;43,9066;-212,9011;97,2546;25,6466;-90,0000;133,9066;400,000;200,000;25,605;34,948;0,0000;-3,8114;1,3231;2,4883;0,0000;0,0000;-0,0000;98,0825;-34,3665;-63,7160;-0,0000;-0,0000;30;0
13,3580;43,9066;-212,9332;97,2657;25,6675;-90,0000;133,9066;400,000;200,000;25,343;27,271;0,0000;-2,8704;0,9945;1,8759;0,0000;0,0000;-0,0000;98,0383;-34,1514;-63,8869;-0,0000;-0,0000;30;0
13,3676;43,9066;-212,9562;97,2736;25,6826;-90,0000;133,9066;400,000;200,000;25,155;19,594;0,0000;-1,9298;0,6677;1,2621;0,0000;0,0000;-0,0000;98,0064;-33,9968;-64,0096;-0,0000;-0,0000;30;0
13,3772;43,9066;-212,9702;97,2785;25,6917;-90,0000;133,9066;400,000;200,000;25,041;11,917;0,0000;-0,9894;0,3420;0,6474;-0,0000;0,0000;0,0000;86,9871;-30,1021;-56,8851;0,0001;0,0000;30;0
13,3868;43,9066;-212,9752;97,2802;25,6950;-90,0000;133,9066;400,000;200,000;25,000;4,240;0,0000;-0,2603;0,0899;0,1703;0,0000;0,0000;0,0000;51,5182;-17,8091;-33,7091;0,0001;0,0000;30;0
13,3964;43,9066;-212,9752;97,2802;25,6950;-90,0000;133,9066;400,000;200,000;25,000;0,010;0,0000;-0,0006;0,0002;0,0004;0,0000;0,0000;-0,0000;13,5613;-4,6859;-8,8754;-0,0001;-0,0000;31;0
13,4060;43,9066;-212,9752;97,2802;25,6950;-90,0000;133,9066;400,000;200,000;25,000;0,000;0,0000;-0,0000;0,0000;0,0000;-0,0000;0,0000;-0,0000;0,0335;-0,0116;-0,0219;-0,0001;-0,0000;31;0
13,4156;43,9066;-212,9752;97,2802;25,6950;-90,0000;133,9066;400,000;200,000;25,000;0,000;0,0000;0,0000;0,0000;-0,0000;0,0000;-0,0000;0,0000;0,0000;0,0000;-0,0000;0,0000;-0,0000;31;0
13,4252;43,9066;-212,9752;97,2802;25,6950;-90,0000;133,9066;400,000;200,000;25,000;0,000;0,0000;0,0000;0,0000;0,0000;0,0000;0,0000;0,0000;-0,0000;0,0000;0,0000;-0,0000;0,0000;31;0
13,4348;43,9066;-212,9752;97,2802;25,6950;-90,0000;133,9066;400,000;200,000;25,000;0,000;0,0000;0,0000;0,0000;0,0000;0,0000;0,0000;0,0000;0,0000;0,0000;0,0000;0,0000;0,0000;31;0
13,4444;43,9066;-212,9752;97,2802;25,6950;-90,0000;133,9066;400,000;200,000;25,000;0,000;0,0000;0,0000;0,0000;0,0000;0,0000;0,0000;0,0000;0,0000;0,0000;0,0000;0,0000;0,0000;31;0
13,4540;43,9066;-212,9752;97,2802;25,6950;-90,0000;133,9066;400,000;200,000;25,000;0,000;0,0000;0,0000;0,0000;0,0000;0,0000;0,0000;0,0000;0,0000;0,0000;0,0000;0,0000;0,0000;31;0
13,4636;43,9066;-212,9752;97,2802;25,6950;-90,0000;133,9066;400,000;200,000;25,000;0,000;0,0000;0,0000;0,0000;0,0000;0,0000;0,0000;0,0000;0,0000;0,0000;0,0000;0,0000;0,0000;31;0
13,4732;43,9066;-212,9752;97,2802;25,6950;-90,0000;133,9066;400,000;200,000;25,000;0,000;0,0000;0,0000;0,0000;0,0000;0,0000;0,0000;0,0000;0,0000;0,0000;0,0000;0,0000;0,0000;31;0
13,4828;43,9066;-212,9752;97,2802;25,6950;-90,0000;133,9066;400,000;200,000;25,000;0,000;0,0000;0,0000;0,0000;0,0000;0,0000;0,0000;0,0000;0,0000;0,0000;0,0000;0,0000;0,0000;31;0
13,4924;43,9066;-212,9752;97,2802;25,6950;-90,0000;133,9066;400,000;200,000;25,000;0,000;0,0000;0,0000;0,0000;0,0000;0,0000;0,0000;0,0000;0,0000;0,0000;0,0000;0,0000;0,0000;31;0
13,5020;43,9066;-212,9752;97,2802;25,6950;-90,0000;133,9066;400,000;200,000;25,000;0,000;0,0000;0,0000;0,0000;0,0000;0,0000;0,0000;0,0000;0,0000;0,0000;0,0000;0,0000;0,0000;31;0
13,5116;43,9066;-212,9752;97,2802;25,6950;-90,0000;133,9066;400,000;200,000;25,000;0,000;0,0000;0,0000;0,0000;0,0000;0,0000;0,0000;0,0000;0,0000;0,0000;0,0000;0,0000;0,0000;31;0
13,5211;43,9066;-212,9752;97,2802;25,6950;-90,0000;133,9066;400,000;200,000;25,000;0,000;0,0000;0,0000;0,0000;0,0000;0,0000;0,0000;0,0000;0,0000;0,0000;0,0000;0,0000;0,0000;31;0
13,5307;43,9066;-212,9752;97,2802;25,6950;-90,0000;133,9066;400,000;200,000;25,000;0,000;0,0000;0,0000;0,0000;0,0000;0,0000;0,0000;0,0000;-0,0000;0,0000;0,0000;-0,0000;0,0000;31;0
13,5403;43,9066;-212,9752;97,2802;25,6950;-90,0000;133,9066;400,000;200,000;25,000;0,000;0,0000;-0,0000;0,0000;0,0000;-0,0000;0,0000;0,0000;0,0000;0,0000;-0,0000;0,0000;-0,0000;31;0
13,5499;43,9066;-212,9752;97,2802;25,6950;-90,0000;133,9066;400,000;200,000;25,000;0,000;0,0000;0,0000;0,0000;-0,0000;0,0000;-0,0000;0,0000;0,0000;0,0000;-0,0000;0,0000;-0,0000;31;0
13,5595;43,9066;-212,9752;97,2802;25,6950;-90,0000;133,9066;400,000;200,000;25,000;0,000;0,0000;0,0000;0,0000;0,0000;0,0000;0,0000;0,0000;-0,0000;0,0000;0,0000;-0,0000;0,0000;31;0
13,5691;43,9066;-212,9752;97,2802;25,6950;-90,0000;133,9066;400,000;200,000;25,000;0,000;0,0000;0,0000;0,0000;0,0000;0,0000;0,0000;0,0000;0,0000;0,0000;0,0000;0,0000;0,0000;31;0
13,5787;43,9066;-212,9752;97,2802;25,6950;-90,0000;133,9066;400,000;200,000;25,000;0,000;0,0000;0,0000;0,0000;0,0000;0,0000;0,0000;0,0000;0,0000;0,0000;0,0000;0,0000;0,0000;31;0
13,5883;43,9066;-212,9752;97,2802;25,6950;-90,0000;133,9066;400,000;200,000;25,000;0,000;0,0000;0,0000;0,0000;0,0000;0,0000;0,0000;0,0000;0,0000;0,0000;0,0000;0,0000;0,0000;31;0
13,5979;43,9066;-212,9752;97,2802;25,6950;-90,0000;133,9066;400,000;200,000;25,000;0,000;0,0000;0,0000;0,0000;0,0000;0,0000;0,0000;0,0000;0,0000;0,0000;0,0000;0,0000;0,0000;31;0
13,6075;43,9066;-212,9752;97,2802;25,6950;-90,0000;133,9066;400,000;200,000;25,000;0,000;0,0000;0,0000;0,0000;0,0000;0,0000;0,0000;0,0000;0,0000;0,0000;0,0000;0,0000;0,0000;31;0
13,6171;43,9066;-212,9752;97,2802;25,6950;-90,0000;133,9066;400,000;200,000;25,000;0,000;0,0000;0,0000;0,0000;0,0000;0,0000;0,0000;0,0000;0,0000;0,0000;0,0000;0,0000;0,0000;31;0
13,6267;43,9066;-212,9752;97,2802;25,6950;-90,0000;133,9066;400,000;200,000;25,000;0,000;0,0000;0,0000;0,0000;0,0000;0,0000;0,0000;0,0000;0,0000;0,0000;0,0000;0,0000;0,0000;31;0
13,6363;43,9066;-212,9752;97,2802;25,6950;-90,0000;133,9066;400,000;200,000;25,000;0,000;0,0000;0,0000;0,0000;0,0000;0,0000;0,0000;0,0000;0,0000;0,0000;0,0000;0,0000;0,0000;31;0
13,6459;43,9066;-212,9752;97,2802;25,6950;-90,0000;133,9066;400,000;200,000;25,000;0,000;0,0000;0,0000;0,0000;0,0000;0,0000;0,0000;0,0000;0,0000;0,0000;0,0000;0,0000;0,0000;31;0
13,6555;43,9066;-212,9752;97,2802;25,6950;-90,0000;133,9066;400,000;200,000;25,000;0,000;0,0000;0,0000;0,0000;0,0000;0,0000;0,0000;0,0000;0,0000;0,0000;0,0000;0,0000;0,0000;31;0
13,6651;43,9066;-212,9752;97,2802;25,6950;-90,0000;133,9066;400,000;200,000;25,000;0,000;0,0000;0,0000;0,0000;0,0000;0,0000;0,0000;0,0000;0,0000;0,0000;0,0000;0,0000;0,0000;31;0
13,6747;43,9066;-212,9752;97,2802;25,6950;-90,0000;133,9066;400,000;200,000;25,000;0,000;0,0000;0,0000;0,0000;0,0000;0,0000;0,0000;-0,0000;5,7562;-1,9888;-3,7674;0,0000;-0,0000;31;0
13,6843;43,9066;-212,9752;97,2802;25,6950;-90,0000;133,9066;400,000;200,000;25,000;0,000;-0,0000;0,1105;-0,0382;-0,0723;0,0000;-0,0000;-0,0000;34,7966;-12,0264;-22,7702;0,0000;-0,0000;31;0
13,6939;43,9066;-212,9731;97,2795;25,6936;-90,0000;133,9066;400,000;200,000;25,017;1,804;-0,0000;0,6678;-0,2308;-0,4370;0,0000;-0,0000;0,0000;76,8233;-26,5714;-50,2518;-0,0000;0,0000;33;0
13,7035;43,9066;-212,9624;97,2758;25,6866;-90,0000;133,9066;400,000;200,000;25,105;9,102;0,0000;1,5849;-0,5481;-1,0368;0,0000;0,0000;0,0000;96,7871;-33,5370;-63,2500;-0,0000;0,0000;33;0
13,7131;43,9066;-212,9427;97,2690;25,6737;-90,0000;133,9066;400,000;200,000;25,266;16,779;0,0000;2,5254;-0,8745;-1,6509;0,0000;0,0000;0,0000;98,0251;-34,0877;-63,9375;0,0000;0,0000;33;0
13,7227;43,9066;-212,9139;97,2590;25,6549;-90,0000;133,9066;400,000;200,000;25,500;24,456;0,0000;3,4663;-1,2024;-2,2639;0,0000;0,0000;0,0000;98,0648;-34,2806;-63,7843;0,0000;0,0000;33;0
13,7323;43,9066;-212,8761;97,2459;25,6303;-90,0000;133,9066;400,000;200,000;25,809;32,133;0,0000;4,4075;-1,5324;-2,8751;0,0000;0,0000;0,0000;98,1168;-34,5340;-63,5828;0,0000;0,0000;33;0
13,7419;43,9066;-212,8293;97,2296;25,5997;-90,0000;133,9066;400,000;200,000;26,191;39,810;0,0000;5,3494;-1,8652;-3,4842;0,0000;0,0000;0,0000;98,1809;-34,8479;-63,3329;0,0000;0,0000;33;0
13,7515;43,9066;-212,7735;97,2101;25,5634;-90,0000;133,9066;400,000;200,000;26,646;47,487;0,0000;6,2919;-2,2012;-4,0907;0,0000;0,0000;0,0000;98,2569;-35,2224;-63,0345;-0,0000;0,0000;33;0
13,7611;43,9066;-212,7086;97,1873;25,5212;-90,0000;133,9066;400,000;200,000;27,176;55,164;0,0000;7,2352;-2,5412;-4,6940;0,0000;0,0000;0,0000;98,3446;-35,6572;-62,6874;0,0000;0,0000;33;0
13,7706;43,9066;-212,6346;97,1613;25,4733;-90,0000;133,9066;400,000;200,000;27,779;62,841;0,0000;8,1794;-2,8856;-5,2938;0,0000;0,0000;0,0000;98,4438;-36,1526;-62,2913;0,0000;0,0000;33;0
13,7802;43,9066;-212,5516;97,1320;25,4196;-90,0000;133,9066;400,000;200,000;28,456;70,518;0,0000;9,1246;-3,2350;-5,8895;0,0000;0,0000;0,0000;98,5542;-36,7082;-61,8459;0,0000;0,0000;33;0
13,7898;43,9066;-212,4595;97,0992;25,3603;-90,0000;133,9066;400,000;200,000;29,206;78,195;0,0000;10,0709;-3,5901;-6,4808;0,0000;0,0000;0,0000;98,6754;-37,3243;-61,3511;0,0000;0,0000;33;0
13,7994;43,9066;-212,3583;97,0630;25,2952;-90,0000;133,9066;400,000;200,000;30,030;85,872;0,0000;11,0184;-3,9514;-7,0670;0,0000;0,0000;0,0000;98,8071;-38,0006;-60,8066;0,0000;0,0000;33;0
13,8090;43,9066;-212,2480;97,0234;25,2246;-90,0000;133,9066;400,000;200,000;30,928;93,549;0,0000;11,9672;-4,3194;-7,6478;0,0000;0,0000;0,0000;98,9490;-38,7372;-60,2118;0,0000;0,0000;33;0
13,8186;43,9066;-212,1286;96,9801;25,1485;-90,0000;133,9066;400,000;200,000;31,899;101,226;0,0000;12,9175;-4,6948;-8,2226;0,0000;0,0000;0,0000;99,1006;-39,5339;-59,5667;0,0000;0,0000;33;0
13,8282;43,9066;-212,0001;96,9333;25,0668;-90,0000;133,9066;400,000;200,000;32,944;108,903;0,0000;13,8692;-5,0782;-8,7910;0,0000;0,0000;0,0000;99,2615;-40,3908;-58,8706;0,0000;0,0000;33;0
13,8378;43,9066;-211,8624;96,8827;24,9797;-90,0000;133,9066;400,000;200,000;34,063;116,580;0,0000;14,8226;-5,4700;-9,3525;0,0000;0,0000;0,0000;99,4312;-41,3078;-58,1234;0,0000;0,0000;33;0
13,8474;43,9066;-211,7156;96,8283;24,8873;-90,0000;133,9066;400,000;200,000;35,255;124,257;0,0000;15,7776;-5,8710;-9,9066;0,0000;0,0000;0,0000;99,6092;-42,2848;-57,3245;0,0000;0,0000;33;0
13,8570;43,9066;-211,5596;96,7700;24,7896;-90,0000;133,9066;400,000;200,000;36,521;131,934;0,0000;16,7343;-6,2816;-10,4527;0,0000;0,0000;0,0000;99,7952;-43,3217;-56,4734;0,0000;0,0000;33;0
13,8666;43,9066;-211,3944;96,7077;24,6867;-90,0000;133,9066;400,000;200,000;37,861;139,611;0,0000;17,6929;-6,7024;-10,9904;0,0000;0,0000;0,0000;99,9884;-44,4185;-55,5699;0,0000;0,0000;33;0
13,8762;43,9066;-211,2200;96,6414;24,5787;-90,0000;133,9066;400,000;200,000;39,275;147,288;0,0000;18,6533;-7,1341;-11,5192;0,0000;0,0000;0,0000;100,1885;-45,5752;-54,6133;-0,0000;-0,0000;33;0
13,8858;43,9066;-211,0364;96,5708;24,4656;-90,0000;133,9066;400,000;200,000;40,762;154,965;0,0000;19,6158;-7,5772;-12,0386;0,0000;0,0000;0,0000;100,3947;-46,7916;-53,6032;-0,0000;-0,0000;33;0
13,8954;43,9066;-210,8436;96,4959;24,3476;-90,0000;133,9066;400,000;200,000;42,322;162,642;0,0000;20,5802;-8,0322;-12,5480;0,0000;0,0000;0,0000;100,6067;-48,0676;-52,5391;0,0000;0,0000;33;0
13,9050;43,9066;-210,6414;96,4167;24,2248;-90,0000;133,9066;400,000;200,000;43,957;170,319;0,0000;21,5467;-8,4997;-13,0470;0,0000;0,0000;0,0000;100,8239;-49,4033;-51,4205;-0,0000;-0,0000;33;0
13,9146;43,9066;-210,4300;96,3328;24,0972;-90,0000;133,9066;400,000;200,000;45,665;177,996;0,0000;22,5152;-8,9803;-13,5349;0,0000;0,0000;0,0000;101,0455;-50,7986;-50,2469;0,0000;0,0000;33;0
13,9242;43,9066;-210,2093;96,2443;23,9650;-90,0000;133,9066;400,000;200,000;47,447;185,673;0,0000;23,4860;-9,4746;-14,0113;0,0000;0,0000;-0,0000;101,2712;-52,2534;-49,0178;-0,0001;-0,0000;33;0
13,9338;43,9066;-209,9793;96,1510;23,8283;-90,0000;133,9066;400,000;200,000;49,302;193,350;-0,0000;24,4589;-9,9832;-14,4757;-0,0000;-0,0000;-0,0000;101,5002;-53,7676;-47,7326;-0,0001;-0,0000;33;0
13,9434;43,9066;-209,7399;96,0527;23,6872;-90,0000;133,9066;400,000;200,000;51,231;201,027;-0,0000;25,4340;-10,5066;-14,9274;-0,0000;-0,0000;0,0000;101,7321;-55,3413;-46,3909;0,0001;0,0000;33;0
13,9530;43,9066;-209,4911;95,9493;23,5418;-90,0000;133,9066;400,000;200,000;53,234;208,704;0,0000;26,4114;-11,0453;-15,3660;0,0000;0,0000;0,0000;101,9663;-56,9743;-44,9920;0,0001;0,0000;33;0
13,9626;43,9066;-209,2330;95,8407;23,3923;-90,0000;133,9066;400,000;200,000;55,310;216,381;0,0000;27,3910;-11,6001;-15,7909;0,0000;0,0000;0,0000;102,2023;-58,6667;-43,5355;0,0000;0,0000;33;0
13,9722;43,9066;-208,9654;95,7267;23,2387;-90,0000;133,9066;400,000;200,000;57,461;224,058;0,0000;28,3729;-12,1713;-16,2016;0,0000;0,0000;0,0000;102,4394;-60,4185;-42,0209;-0,0000;0,0000;33;0
13,9818;43,9066;-208,6884;95,6071;23,0813;-90,0000;133,9066;400,000;200,000;59,684;231,735;0,0000;29,3571;-12,7596;-16,5974;0,0000;0,0000;0,0000;102,6773;-62,2297;-40,4476;-0,0000;-0,0000;33;0
13,9914;43,9066;-208,4020;95,4818;22,9202;-90,0000;133,9066;400,000;200,000;61,982;239,412;0,0000;30,3435;-13,3657;-16,9779;0,0000;0,0000;0,0000;102,9154;-64,1002;-38,8152;0,0000;0,0000;33;0
14,0010;43,9066;-208,1061;95,3506;22,7555;-90,0000;133,9066;400,000;200,000;64,353;247,089;0,0000;31,3323;-13,9899;-17,3424;0,0000;0,0000;-0,0000;103,1534;-66,0302;-37,1232;-0,0000;0,0000;33;0
14,0106;43,9066;-207,8006;95,2133;22,5874;-90,0000;133,9066;400,000;200,000;66,798;254,766;0,0000;32,3233;-14,6329;-17,6904;-0,0000;0,0000;-0,0000;103,3908;-68,0198;-35,3710;-0,0000;-0,0000;33;0
14,0202;43,9066;-207,4857;95,0697;22,4160;-90,0000;133,9066;400,000;200,000;69,316;262,443;0,0000;33,3166;-15,2954;-18,0213;-0,0000;0,0000;0,0000;103,6272;-70,0690;-33,5582;0,0000;0,0000;33;0
14,0297;43,9066;-207,1612;94,9197;22,2415;-90,0000;133,9066;400,000;200,000;71,908;270,120;0,0000;34,3122;-15,9777;-18,3344;0,0000;0,0000;0,0000;86,0338;-63,6351;-22,3987;0,0000;0,0000;33;0
14,0393;43,9066;-206,8272;94,7631;22,0641;-90,0000;133,9066;400,000;200,000;74,574;277,797;0,0000;34,9678;-16,5167;-18,4511;0,0000;0,0000;0,0000;18,7729;-32,8772;14,1043;0,0000;0,0000;33;0
14,0489;43,9066;-206,4901;94,6027;21,8874;-90,0000;133,9066;400,000;200,000;77,261;280,021;0,0000;34,6725;-16,6087;-18,0637;0,0000;0,0000;-0,0000;-63,2656;6,5175;56,7481;-0,0000;-0,0000;33;0
14,0585;43,9066;-206,1617;94,4443;21,7174;-90,0000;133,9066;400,000;200,000;79,877;272,534;0,0000;33,7536;-16,3916;-17,3620;0,0000;0,0000;-0,0000;-96,5485;23,9732;72,5753;-0,0000;-0,0000;33;0
14,0681;43,9066;-205,8423;94,2881;21,5541;-90,0000;133,9066;400,000;200,000;82,418;264,857;0,0000;32,8195;-16,1486;-16,6708;0,0000;0,0000;-0,0000;-97,5063;26,3405;71,1658;-0,0000;-0,0000;33;0
14,0777;43,9066;-205,5318;94,1344;21,3974;-90,0000;133,9066;400,000;200,000;84,886;257,180;0,0000;31,8822;-15,8861;-15,9962;0,0000;0,0000;-0,0000;-97,8246;28,3538;69,4708;0,0000;-0,0000;33;0
14,0873;43,9066;-205,2304;93,9833;21,2471;-90,0000;133,9066;400,000;200,000;87,281;249,503;0,0000;30,9420;-15,6045;-15,3375;0,0000;0,0000;-0,0000;-98,1243;30,3062;67,8181;0,0000;-0,0000;33;0
14,0969;43,9066;-204,9380;93,8349;21,1031;-90,0000;133,9066;400,000;200,000;89,601;241,826;0,0000;29,9990;-15,3044;-14,6945;0,0000;0,0000;-0,0000;-98,4066;32,1977;66,2089;-0,0000;-0,0000;33;0
14,1065;43,9066;-204,6546;93,6895;20,9651;-90,0000;133,9066;400,000;200,000;91,848;234,149;0,0000;29,0533;-14,9865;-14,0668;0,0000;0,0000;-0,0000;-98,6725;34,0287;64,6438;-0,0000;-0,0000;33;0
14,1161;43,9066;-204,3804;93,5473;20,8331;-90,0000;133,9066;400,000;200,000;94,021;226,472;0,0000;28,1052;-14,6513;-13,4539;0,0000;0,0000;-0,0000;-98,9231;35,7993;63,1238;0,0000;-0,0000;33;0
14,1257;43,9066;-204,1152;93,4083;20,7069;-90,0000;133,9066;400,000;200,000;96,121;218,795;0,0000;27,1547;-14,2994;-12,8553;0,0000;0,0000;-0,0000;-99,1591;37,5095;61,6496;-0,0000;-0,0000;33;0
14,1353;43,9066;-203,8592;93,2728;20,5864;-90,0000;133,9066;400,000;200,000;98,147;211,118;0,0000;26,2021;-13,9314;-12,2707;-0,0000;0,0000;-0,0000;-99,3816;39,1596;60,2219;-0,0000;-0,0000;33;0
14,1449;43,9066;-203,6123;93,1409;20,4714;-90,0000;133,9066;400,000;200,000;100,099;203,441;0,0000;25,2473;-13,5478;-11,6995;-0,0000;0,0000;0,0000;-99,5912;40,7497;58,8414;0,0000;0,0000;33;0
14,1545;43,9066;-203,3746;93,0128;20,3618;-90,0000;133,9066;400,000;200,000;101,978;195,764;0,0000;24,2907;-13,1493;-11,1413;0,0000;0,0000;0,0000;-99,7886;42,2798;57,5088;0,0000;0,0000;33;0
14,1641;43,9066;-203,1461;92,8886;20,2575;-90,0000;133,9066;400,000;200,000;103,783;188,087;0,0000;23,3321;-12,7364;-10,5958;0,0000;0,0000;-0,0000;-99,9745;43,7501;56,2244;-0,0000;-0,0000;33;0
14,1737;43,9066;-202,9268;92,7684;20,1585;-90,0000;133,9066;400,000;200,000;105,514;180,410;0,0000;22,3719;-12,3096;-10,0623;0,0000;0,0000;-0,0000;-100,1495;45,1605;54,9890;-0,0000;-0,0000;33;0
14,1833;43,9066;-202,7168;92,6523;20,0644;-90,0000;133,9066;400,000;200,000;107,172;172,733;0,0000;21,4100;-11,8696;-9,5404;0,0000;0,0000;-0,0000;-100,3141;46,5111;53,8030;-0,0000;-0,0000;33;0
14,1929;43,9066;-202,5159;92,5406;19,9754;-90,0000;133,9066;400,000;200,000;108,756;165,056;0,0000;20,4466;-11,4170;-9,0296;0,0000;0,0000;-0,0000;-100,4689;47,8020;52,6669;-0,0000;0,0000;33;0
14,2025;43,9066;-202,3243;92,4332;19,8911;-90,0000;133,9066;400,000;200,000;110,266;157,379;0,0000;19,4818;-10,9522;-8,5296;0,0000;0,0000;-0,0000;-100,6142;49,0332;51,5810;-0,0000;-0,0000;33;0
14,2121;43,9066;-202,1420;92,3304;19,8116;-90,0000;133,9066;400,000;200,000;111,702;149,702;0,0000;18,5156;-10,4759;-8,0397;0,0000;0,0000;-0,0000;-100,7505;50,2046;50,5459;-0,0000;-0,0000;33;0
14,2217;43,9066;-201,9690;92,2321;19,7368;-90,0000;133,9066;400,000;200,000;113,065;142,025;0,0000;17,5481;-9,9886;-7,5595;0,0000;0,0000;-0,0000;-100,8781;51,3163;49,5618;-0,0000;-0,0000;33;0
14,2313;43,9066;-201,8052;92,1387;19,6666;-90,0000;133,9066;400,000;200,000;114,355;134,348;0,0000;16,5795;-9,4910;-7,0884;0,0000;0,0000;-0,0000;-100,9974;52,3683;48,6291;-0,0000;-0,0000;33;0
14,2409;43,9066;-201,6508;92,0500;19,6008;-90,0000;133,9066;400,000;200,000;115,570;126,671;0,0000;15,6097;-8,9836;-6,6261;0,0000;0,0000;-0,0000;-101,1086;53,3605;47,7481;-0,0000;-0,0000;33;0
14,2505;43,9066;-201,5056;91,9662;19,5394;-90,0000;133,9066;400,000;200,000;116,712;118,994;0,0000;14,6389;-8,4669;-6,1720;0,0000;0,0000;-0,0000;-101,2120;54,2928;46,9192;-0,0000;-0,0000;33;0
14,2601;43,9066;-201,3698;91,8875;19,4823;-90,0000;133,9066;400,000;200,000;117,780;111,317;0,0000;13,6672;-7,9415;-5,7256;0,0000;0,0000;-0,0000;-101,3079;55,1654;46,1426;-0,0000;-0,0000;33;0
14,2697;43,9066;-201,2433;91,8138;19,4295;-90,0000;133,9066;400,000;200,000;118,775;103,640;0,0000;12,6946;-7,4081;-5,2864;0,0000;0,0000;-0,0000;-101,3965;55,9780;45,4185;-0,0000;-0,0000;33;0
14,2793;43,9066;-201,1262;91,7453;19,3809;-90,0000;133,9066;400,000;200,000;119,696;95,963;0,0000;11,7211;-6,8672;-4,8539;0,0000;0,0000;-0,0000;-101,4778;56,7307;44,7471;-0,0000;-0,0000;33;0
14,2888;43,9066;-201,0184;91,6820;19,3363;-90,0000;133,9066;400,000;200,000;120,543;88,286;0,0000;10,7470;-6,3193;-4,4276;0,0000;0,0000;-0,0000;-101,5522;57,4234;44,1287;-0,0000;-0,0000;33;0
14,2984;43,9066;-200,9199;91,6240;19,2959;-90,0000;133,9066;400,000;200,000;121,316;80,609;0,0000;9,7721;-5,7651;-4,0070;0,0000;0,0000;-0,0000;-101,6196;58,0561;43,5635;-0,0000;-0,0000;33;0
14,3080;43,9066;-200,8308;91,5714;19,2594;-90,0000;133,9066;400,000;200,000;122,016;72,932;0,0000;8,7966;-5,2051;-3,5915;0,0000;0,0000;-0,0000;-101,6804;58,6287;43,0516;-0,0000;-0,0000;33;0
14,3176;43,9066;-200,7511;91,5241;19,2270;-90,0000;133,9066;400,000;200,000;122,643;65,255;0,0000;7,8206;-4,6399;-3,1807;0,0000;0,0000;-0,0000;-101,7344;59,1412;42,5932;-0,0000;-0,0000;33;0
14,3272;43,9066;-200,6807;91,4823;19,1984;-90,0000;133,9066;400,000;200,000;123,195;57,578;0,0000;6,8441;-4,0700;-2,7741;0,0000;0,0000;-0,0000;-101,7820;59,5935;42,1885;-0,0000;-0,0000;33;0
14,3368;43,9066;-200,6197;91,4460;19,1737;-90,0000;133,9066;400,000;200,000;123,674;49,901;0,0000;5,8671;-3,4961;-2,3710;0,0000;0,0000;-0,0000;-101,8230;59,9856;41,8374;-0,0000;-0,0000;33;0
14,3464;43,9066;-200,5681;91,4152;19,1529;-90,0000;133,9066;400,000;200,000;124,079;42,224;0,0000;4,8898;-2,9187;-1,9711;0,0000;0,0000;-0,0000;-101,8577;60,3174;41,5402;-0,0000;-0,0000;33;0
14,3560;43,9066;-200,5259;91,3900;19,1359;-90,0000;133,9066;400,000;200,000;124,411;34,547;0,0000;3,9122;-2,3385;-1,5738;0,0000;0,0000;-0,0000;-101,8859;60,5890;41,2969;-0,0000;-0,0000;33;0
14,3656;43,9066;-200,4930;91,3703;19,1227;-90,0000;133,9066;400,000;200,000;124,668;26,870;0,0000;2,9344;-1,7559;-1,1785;0,0000;0,0000;-0,0000;-101,9079;60,8002;41,1076;-0,0000;-0,0000;33;0
14,3752;43,9066;-200,4696;91,3563;19,1133;-90,0000;133,9066;400,000;200,000;124,853;19,193;-0,0000;1,9564;-1,1715;-0,7848;-0,0000;-0,0000;-0,0000;-101,9235;60,9511;40,9724;-0,0000;-0,0000;33;0
14,3848;43,9066;-200,4555;91,3479;19,1076;-90,0000;133,9066;400,000;200,000;124,963;11,516;-0,0000;0,9782;-0,5861;-0,3921;-0,0000;-0,0000;-0,0000;-101,9329;61,0417;40,8912;0,0000;-0,0000;33;0
14,3944;43,9066;-200,4508;91,3450;19,1057;-90,0000;133,9066;400,000;200,000;125,000;3,839;-0,0000;0,0000;-0,0000;0,0000;0,0000;-0,0000;-0,0000;-101,9360;61,0719;40,8642;0,0000;-0,0000;33;0
14,4040;43,9066;-200,4555;91,3479;19,1076;-90,0000;133,9066;400,000;200,000;124,963;3,839;-0,0000;-0,9782;0,5861;0,3921;-0,0000;-0,0000;0,0000;-101,9329;61,0417;40,8912;-0,0000;0,0000;34;0
14,4136;43,9066;-200,4696;91,3563;19,1133;-90,0000;133,9066;400,000;200,000;124,853;11,516;-0,0000;-1,9564;1,1715;0,7848;-0,0000;-0,0000;0,0000;-101,9235;60,9511;40,9724;0,0000;0,0000;34;0
14,4232;43,9066;-200,4930;91,3703;19,1227;-90,0000;133,9066;400,000;200,000;124,668;19,193;0,0000;-2,9344;1,7559;1,1785;0,0000;0,0000;0,0000;-101,9079;60,8002;41,1076;0,0000;0,0000;34;0
14,4328;43,9066;-200,5259;91,3900;19,1359;-90,0000;133,9066;400,000;200,000;124,411;26,870;0,0000;-3,9122;2,3385;1,5738;0,0000;0,0000;-0,0000;-101,8859;60,5890;41,2969;-0,0000;-0,0000;34;0
14,4424;43,9066;-200,5681;91,4152;19,1529;-90,0000;133,9066;400,000;200,000;124,079;34,547;-0,0000;-4,8898;2,9187;1,9711;-0,0000;-0,0000;-0,0000;-101,8577;60,3174;41,5402;-0,0000;-0,0000;34;0
14,4520;43,9066;-200,6197;91,4460;19,1737;-90,0000;133,9066;400,000;200,000;123,674;42,224;-0,0000;-5,8671;3,4961;2,3710;-0,0000;-0,0000;-0,0000;-101,8230;59,9856;41,8374;-0,0000;-0,0000;34;0
14,4616;43,9066;-200,6807;91,4823;19,1984;-90,0000;133,9066;400,000;200,000;123,195;49,901;-0,0000;-6,8441;4,0700;2,7741;-0,0000;-0,0000;-0,0000;-101,7820;59,5935;42,1885;-0,0000;-0,0000;34;0
14,4712;43,9066;-200,7511;91,5241;19,2270;-90,0000;133,9066;400,000;200,000;122,643;57,578;-0,0000;-7,8206;4,6399;3,1807;-0,0000;-0,0000;-0,0000;-101,7344;59,1412;42,5932;-0,0000;-0,0000;34;0
14,4808;43,9066;-200,8308;91,5714;19,2594;-90,0000;133,9066;400,000;200,000;122,016;65,255;-0,0000;-8,7966;5,2051;3,5915;-0,0000;-0,0000;0,0000;-101,6804;58,6287;43,0516;-0,0000;0,0000;34;0
14,4904;43,9066;-200,9199;91,6240;19,2959;-90,0000;133,9066;400,000;200,000;121,316;72,932;-0,0000;-9,7721;5,7651;4,0070;-0,0000;0,0000;0,0000;-101,6196;58,0561;43,5635;0,0000;0,0000;34;0
14,5000;43,9066;-201,0184;91,6820;19,3363;-90,0000;133,9066;400,000;200,000;120,543;80,609;-0,0000;-10,7470;6,3193;4,4276;-0,0000;0,0000;-0,0000;-101,5522;57,4234;44,1287;-0,0000;-0,0000;34;0
14,5096;43,9066;-201,1262;91,7453;19,3809;-90,0000;133,9066;400,000;200,000;119,696;88,286;-0,0000;-11,7211;6,8672;4,8539;-0,0000;-0,0000;0,0000;-101,4778;56,7307;44,7471;0,0000;0,0000;34;0
14,5192;43,9066;-201,2433;91,8138;19,4295;-90,0000;133,9066;400,000;200,000;118,775;95,963;0,0000;-12,6946;7,4081;5,2864;0,0000;0,0000;0,0000;-101,3965;55,9780;45,4185;0,0000;0,0000;34;0
14,5288;43,9066;-201,3698;91,8875;19,4823;-90,0000;133,9066;400,000;200,000;117,780;103,640;0,0000;-13,6672;7,9415;5,7256;0,0000;0,0000;-0,0000;-101,3079;55,1654;46,1426;-0,0000;-0,0000;34;0
14,5384;43,9066;-201,5056;91,9662;19,5394;-90,0000;133,9066;400,000;200,000;116,712;111,317;-0,0000;-14,6389;8,4669;6,1720;-0,0000;-0,0000;-0,0000;-101,2120;54,2928;46,9192;-0,0000;-0,0000;34;0
14,5479;43,9066;-201,6508;92,0500;19,6008;-90,0000;133,9066;400,000;200,000;115,570;118,994;-0,0000;-15,6097;8,9836;6,6261;-0,0000;-0,0000;-0,0000;-101,1086;53,3605;47,7481;-0,0000;-0,0000;34;0
14,5575;43,9066;-201,8052;92,1387;19,6666;-90,0000;133,9066;400,000;200,000;114,355;126,671;-0,0000;-16,5795;9,4910;7,0884;-0,0000;-0,0000;0,0000;-100,9974;52,3683;48,6291;0,0000;0,0000;34;0
14,5671;43,9066;-201,9690;92,2321;19,7368;-90,0000;133,9066;400,000;200,000;113,065;134,348;0,0000;-17,5481;9,9886;7,5595;0,0000;0,0000;0,0000;-100,8781;51,3163;49,5618;0,0000;0,0000;34;0
14,5767;43,9066;-202,1420;92,3304;19,8116;-90,0000;133,9066;400,000;200,000;111,702;142,025;0,0000;-18,5156;10,4759;8,0397;0,0000;0,0000;-0,0000;-100,7505;50,2046;50,5459;-0,0000;-0,0000;34;0
14,5863;43,9066;-202,3243;92,4332;19,8911;-90,0000;133,9066;400,000;200,000;110,266;149,702;-0,0000;-19,4818;10,9522;8,5296;-0,0000;0,0000;-0,0000;-100,6142;49,0332;51,5810;-0,0000;-0,0000;34;0
14,5959;43,9066;-202,5159;92,5406;19,9754;-90,0000;133,9066;400,000;200,000;108,756;157,379;-0,0000;-20,4466;11,4170;9,0296;-0,0000;0,0000;-0,0000;-100,4689;47,8020;52,6669;-0,0000;-0,0000;34;0
14,6055;43,9066;-202,7168;92,6523;20,0644;-90,0000;133,9066;400,000;200,000;107,172;165,056;-0,0000;-21,4100;11,8696;9,5404;-0,0000;-0,0000;-0,0000;-100,3141;46,5111;53,8030;-0,0000;-0,0000;34;0
14,6151;43,9066;-202,9268;92,7684;20,1585;-90,0000;133,9066;400,000;200,000;105,514;172,733;-0,0000;-22,3719;12,3096;10,0623;-0,0000;-0,0000;0,0000;-100,1495;45,1605;54,9890;0,0000;0,0000;34;0
14,6247;43,9066;-203,1461;92,8886;20,2575;-90,0000;133,9066;400,000;200,000;103,783;180,410;-0,0000;-23,3321;12,7364;10,5958;-0,0000;0,0000;-0,0000;-99,9745;43,7501;56,2244;-0,0000;-0,0000;34;0
14,6343;43,9066;-203,3746;93,0128;20,3618;-90,0000;133,9066;400,000;200,000;101,978;188,087;-0,0000;-24,2907;13,1493;11,1413;-0,0000;-0,0000;-0,0000;-99,7886;42,2798;57,5087;-0,0000;-0,0000;34;0
14,6439;43,9066;-203,6123;93,1409;20,4714;-90,0000;133,9066;400,000;200,000;100,099;195,764;-0,0000;-25,2473;13,5478;11,6995;-0,0000;-0,0000;0,0000;-99,5912;40,7497;58,8414;0,0000;-0,0000;34;0
14,6535;43,9066;-203,8592;93,2728;20,5864;-90,0000;133,9066;400,000;200,000;98,147;203,441;-0,0000;-26,2021;13,9314;12,2707;-0,0000;-0,0000;-0,0000;-99,3816;39,1596;60,2219;-0,0000;-0,0000;34;0
14,6631;43,9066;-204,1152;93,4083;20,7069;-90,0000;133,9066;400,000;200,000;96,121;211,118;-0,0000;-27,1547;14,2994;12,8553;-0,0000;-0,0000;-0,0000;-99,1591;37,5095;61,6496;-0,0000;-0,0000;34;0
14,6727;43,9066;-204,3804;93,5473;20,8331;-90,0000;133,9066;400,000;200,000;94,021;218,795;-0,0000;-28,1052;14,6513;13,4539;-0,0000;-0,0000;-0,0000;-98,9231;35,7993;63,1238;-0,0000;-0,0000;34;0
14,6823;43,9066;-204,6546;93,6895;20,9651;-90,0000;133,9066;400,000;200,000;91,848;226,472;-0,0000;-29,0533;14,9865;14,0668;-0,0000;-0,0000;0,0000;-98,6725;34,0287;64,6438;0,0000;0,0000;34;0
14,6919;43,9066;-204,9380;93,8349;21,1031;-90,0000;133,9066;400,000;200,000;89,601;234,149;-0,0000;-29,9990;15,3044;14,6945;-0,0000;-0,0000;0,0000;-98,4066;32,1977;66,2089;0,0000;0,0000;34;0
14,7015;43,9066;-205,2304;93,9833;21,2471;-90,0000;133,9066;400,000;200,000;87,281;241,826;-0,0000;-30,9420;15,6045;15,3375;-0,0000;-0,0000;0,0000;-98,1243;30,3062;67,8181;0,0000;0,0000;34;0
14,7111;43,9066;-205,5318;94,1344;21,3974;-90,0000;133,9066;400,000;200,000;84,886;249,503;0,0000;-31,8822;15,8861;15,9962;0,0000;0,0000;0,0000;-97,8246;28,3538;69,4708;0,0000;0,0000;34;0
14,7207;43,9066;-205,8423;94,2881;21,5541;-90,0000;133,9066;400,000;200,000;82,418;257,180;0,0000;-32,8195;16,1486;16,6708;0,0000;0,0000;-0,0000;-97,5063;26,3405;71,1658;-0,0000;-0,0000;34;0
14,7303;43,9066;-206,1617;94,4443;21,7174;-90,0000;133,9066;400,000;200,000;79,877;264,857;-0,0000;-33,7536;16,3916;17,3620;-0,0000;-0,0000;-0,0000;-96,5485;23,9732;72,5753;-0,0000;-0,0000;34;0
14,7399;43,9066;-206,4901;94,6027;21,8874;-90,0000;133,9066;400,000;200,000;77,261;272,534;-0,0000;-34,6725;16,6087;18,0637;-0,0000;0,0000;0,0000;-63,2656;6,5175;56,7481;0,0000;0,0000;34;0
14,7495;43,9066;-206,8272;94,7631;22,0641;-90,0000;133,9066;400,000;200,000;74,574;280,021;-0,0000;-34,9678;16,5167;18,4511;-0,0000;0,0000;-0,0000;18,7729;-32,8772;14,1043;-0,0000;-0,0000;34;0
14,7591;43,9066;-207,1612;94,9197;22,2415;-90,0000;133,9066;400,000;200,000;71,908;277,797;-0,0000;-34,3122;15,9777;18,3344;-0,0000;-0,0000;-0,0000;86,0338;-63,6351;-22,3987;-0,0000;-0,0000;34;0
14,7687;43,9066;-207,4857;95,0697;22,4160;-90,0000;133,9066;400,000;200,000;69,316;270,120;-0,0000;-33,3166;15,2954;18,0213;-0,0000;-0,0000;0,0000;103,6272;-70,0690;-33,5582;0,0000;0,0000;34;0
14,7783;43,9066;-207,8006;95,2133;22,5874;-90,0000;133,9066;400,000;200,000;66,798;262,443;-0,0000;-32,3233;14,6329;17,6904;-0,0000;-0,0000;0,0000;103,3908;-68,0198;-35,3710;0,0000;0,0000;34;0
14,7879;43,9066;-208,1061;95,3506;22,7555;-90,0000;133,9066;400,000;200,000;64,353;254,766;-0,0000;-31,3323;13,9899;17,3424;-0,0000;-0,0000;0,0000;103,1534;-66,0302;-37,1232;0,0000;0,0000;34;0
14,7975;43,9066;-208,4020;95,4818;22,9202;-90,0000;133,9066;400,000;200,000;61,982;247,089;-0,0000;-30,3435;13,3657;16,9779;-0,0000;0,0000;0,0000;102,9154;-64,1002;-38,8152;0,0000;0,0000;34;0
14,8070;43,9066;-208,6884;95,6071;23,0813;-90,0000;133,9066;400,000;200,000;59,684;239,412;-0,0000;-29,3571;12,7596;16,5974;-0,0000;0,0000;-0,0000;102,6773;-62,2297;-40,4476;0,0000;-0,0000;34;0
14,8166;43,9066;-208,9654;95,7267;23,2387;-90,0000;133,9066;400,000;200,000;57,461;231,735;-0,0000;-28,3729;12,1713;16,2016;-0,0000;0,0000;0,0000;102,4394;-60,4185;-42,0209;0,0000;0,0000;34;0
14,8262;43,9066;-209,2330;95,8407;23,3923;-90,0000;133,9066;400,000;200,000;55,310;224,058;0,0000;-27,3910;11,6001;15,7909;0,0000;0,0000;0,0000;102,2023;-58,6667;-43,5355;0,0000;0,0000;34;0
14,8358;43,9066;-209,4911;95,9493;23,5418;-90,0000;133,9066;400,000;200,000;53,234;216,381;0,0000;-26,4114;11,0453;15,3660;0,0000;0,0000;-0,0000;101,9663;-56,9743;-44,9920;-0,0000;-0,0000;34;0
14,8454;43,9066;-209,7399;96,0527;23,6872;-90,0000;133,9066;400,000;200,000;51,231;208,704;0,0000;-25,4340;10,5066;14,9274;-0,0000;0,0000;-0,0000;101,7321;-55,3413;-46,3909;-0,0000;-0,0000;34;0
14,8550;43,9066;-209,9793;96,1510;23,8283;-90,0000;133,9066;400,000;200,000;49,302;201,027;-0,0000;-24,4589;9,9832;14,4757;-0,0000;0,0000;-0,0000;101,5002;-53,7676;-47,7326;-0,0000;-0,0000;34;0
14,8646;43,9066;-210,2093;96,2443;23,9650;-90,0000;133,9066;400,000;200,000;47,447;193,350;0,0000;-23,4860;9,4746;14,0113;-0,0000;0,0000;0,0000;101,2712;-52,2534;-49,0178;0,0000;-0,0000;34;0
14,8742;43,9066;-210,4300;96,3328;24,0972;-90,0000;133,9066;400,000;200,000;45,665;185,673;-0,0000;-22,5152;8,9803;13,5349;-0,0000;-0,0000;-0,0000;101,0455;-50,7986;-50,2469;-0,0000;-0,0000;34;0
14,8838;43,9066;-210,6414;96,4167;24,2248;-90,0000;133,9066;400,000;200,000;43,957;177,996;-0,0000;-21,5467;8,4997;13,0470;-0,0000;-0,0000;-0,0000;100,8239;-49,4033;-51,4205;0,0000;0,0000;34;0
14,8934;43,9066;-210,8436;96,4959;24,3476;-90,0000;133,9066;400,000;200,000;42,322;170,319;-0,0000;-20,5802;8,0322;12,5480;-0,0000;0,0000;0,0000;100,6067;-48,0676;-52,5391;0,0000;0,0000;34;0
14,9030;43,9066;-211,0364;96,5708;24,4656;-90,0000;133,9066;400,000;200,000;40,762;162,642;-0,0000;-19,6158;7,5772;12,0386;-0,0000;0,0000;-0,0000;100,3947;-46,7916;-53,6032;-0,0000;-0,0000;34;0
14,9126;43,9066;-211,2200;96,6414;24,5787;-90,0000;133,9066;400,000;200,000;39,275;154,965;-0,0000;-18,6533;7,1341;11,5192;-0,0000;0,0000;-0,0000;100,1885;-45,5752;-54,6133;-0,0000;-0,0000;34;0
14,9222;43,9066;-211,3944;96,7077;24,6867;-90,0000;133,9066;400,000;200,000;37,861;147,288;-0,0000;-17,6929;6,7024;10,9904;-0,0000;-0,0000;0,0000;99,9884;-44,4185;-55,5699;0,0000;-0,0000;34;0
14,9318;43,9066;-211,5596;96,7700;24,7896;-90,0000;133,9066;400,000;200,000;36,521;139,611;-0,0000;-16,7343;6,2816;10,4527;-0,0000;-0,0000;0,0000;99,7952;-43,3217;-56,4734;0,0000;0,0000;34;0
14,9414;43,9066;-211,7156;96,8283;24,8873;-90,0000;133,9066;400,000;200,000;35,255;131,934;0,0000;-15,7776;5,8710;9,9066;-0,0000;0,0000;-0,0000;99,6092;-42,2848;-57,3245;-0,0000;-0,0000;34;0
14,9510;43,9066;-211,8624;96,8827;24,9797;-90,0000;133,9066;400,000;200,000;34,063;124,257;-0,0000;-14,8226;5,4700;9,3525;-0,0000;-0,0000;-0,0000;99,4312;-41,3078;-58,1234;-0,0000;-0,0000;34;0
14,9606;43,9066;-212,0001;96,9333;25,0668;-90,0000;133,9066;400,000;200,000;32,944;116,580;-0,0000;-13,8692;5,0782;8,7910;-0,0000;-0,0000;0,0000;99,2615;-40,3908;-58,8706;0,0000;0,0000;34;0
14,9702;43,9066;-212,1286;96,9801;25,1485;-90,0000;133,9066;400,000;200,000;31,899;108,903;0,0000;-12,9175;4,6948;8,2226;-0,0000;-0,0000;0,0000;99,1006;-39,5339;-59,5667;0,0000;0,0000;34;0
14,9798;43,9066;-212,2480;97,0234;25,2246;-90,0000;133,9066;400,000;200,000;30,928;101,226;0,0000;-11,9672;4,3194;7,6478;-0,0000;0,0000;-0,0000;98,9490;-38,7372;-60,2118;-0,0000;-0,0000;34;0
14,9894;43,9066;-212,3583;97,0630;25,2952;-90,0000;133,9066;400,000;200,000;30,030;93,549;-0,0000;-11,0184;3,9514;7,0670;-0,0000;-0,0000;-0,0000;98,8071;-38,0006;-60,8066;-0,0000;-0,0000;34;0
14,9990;43,9066;-212,4595;97,0992;25,3603;-90,0000;133,9066;400,000;200,000;29,206;85,872;-0,0000;-10,0709;3,5901;6,4808;-0,0000;-0,0000;0,0000;98,6754;-37,3243;-61,3511;0,0000;0,0000;34;0
15,0086;43,9066;-212,5516;97,1320;25,4196;-90,0000;133,9066;400,000;200,000;28,456;78,195;-0,0000;-9,1246;3,2350;5,8895;-0,0000;-0,0000;-0,0000;98,5542;-36,7082;-61,8459;0,0000;0,0000;34;0
15,0182;43,9066;-212,6346;97,1613;25,4733;-90,0000;133,9066;400,000;200,000;27,779;70,518;-0,0000;-8,1794;2,8856;5,2938;-0,0000;0,0000;0,0000;98,4438;-36,1526;-62,2913;0,0000;0,0000;34;0
15,0278;43,9066;-212,7086;97,1873;25,5212;-90,0000;133,9066;400,000;200,000;27,176;62,841;-0,0000;-7,2352;2,5412;4,6940;-0,0000;0,0000;0,0000;98,3446;-35,6572;-62,6874;0,0000;-0,0000;34;0
15,0374;43,9066;-212,7735;97,2101;25,5634;-90,0000;133,9066;400,000;200,000;26,646;55,164;-0,0000;-6,2919;2,2012;4,0907;-0,0000;0,0000;0,0000;98,2569;-35,2224;-63,0345;0,0000;-0,0000;34;0
15,0470;43,9066;-212,8293;97,2296;25,5997;-90,0000;133,9066;400,000;200,000;26,191;47,487;-0,0000;-5,3494;1,8652;3,4842;-0,0000;0,0000;0,0000;98,1809;-34,8479;-63,3329;0,0000;-0,0000;34;0
15,0566;43,9066;-212,8761;97,2459;25,6303;-90,0000;133,9066;400,000;200,000;25,809;39,810;0,0000;-4,4075;1,5324;2,8751;-0,0000;0,0000;0,0000;98,1168;-34,5340;-63,5828;0,0000;0,0000;34;0
15,0661;43,9066;-212,9139;97,2590;25,6549;-90,0000;133,9066;400,000;200,000;25,500;32,133;0,0000;-3,4663;1,2024;2,2639;-0,0000;0,0000;-0,0000;98,0648;-34,2806;-63,7843;-0,0000;0,0000;34;0
15,0757;43,9066;-212,9427;97,2690;25,6737;-90,0000;133,9066;400,000;200,000;25,266;24,456;-0,0000;-2,5254;0,8745;1,6509;-0,0000;0,0000;-0,0000;98,0251;-34,0877;-63,9375;-0,0000;-0,0000;34;0
15,0853;43,9066;-212,9624;97,2758;25,6866;-90,0000;133,9066;400,000;200,000;25,105;16,779;-0,0000;-1,5849;0,5481;1,0368;-0,0000;-0,0000;-0,0000;96,7870;-33,5370;-63,2500;-0,0000;-0,0000;34;0
15,0949;43,9066;-212,9731;97,2795;25,6936;-90,0000;133,9066;400,000;200,000;25,017;9,102;-0,0000;-0,6678;0,2308;0,4370;-0,0000;-0,0000;-0,0000;76,8233;-26,5714;-50,2519;-0,0000;-0,0000;34;0
15,1045;43,9066;-212,9752;97,2802;25,6950;-90,0000;133,9066;400,000;200,000;25,000;1,804;-0,0000;-0,1105;0,0382;0,0723;-0,0000;-0,0000;0,0000;34,7966;-12,0264;-22,7702;0,0000;0,0000;35;0
15,1141;43,9066;-212,9752;97,2802;25,6950;-90,0000;133,9066;400,000;200,000;25,000;0,000;0,0000;0,0000;0,0000;0,0000;0,0000;0,0000;0,0000;5,7562;-1,9888;-3,7674;0,0000;0,0000;35;0
15,1237;43,9066;-212,9752;97,2802;25,6950;-90,0000;133,9066;400,000;200,000;25,000;0,000;0,0000;0,0000;0,0000;0,0000;0,0000;0,0000;0,0000;0,0000;0,0000;0,0000;0,0000;0,0000;35;0
15,1333;43,9066;-212,9752;97,2802;25,6950;-90,0000;133,9066;400,000;200,000;25,000;0,000;0,0000;0,0000;0,0000;0,0000;0,0000;0,0000;0,0000;0,0000;0,0000;0,0000;0,0000;0,0000;35;0
15,1429;43,9066;-212,9752;97,2802;25,6950;-90,0000;133,9066;400,000;200,000;25,000;0,000;0,0000;0,0000;0,0000;0,0000;0,0000;0,0000;0,0000;0,0000;0,0000;0,0000;0,0000;0,0000;35;0
15,1525;43,9066;-212,9752;97,2802;25,6950;-90,0000;133,9066;400,000;200,000;25,000;0,000;0,0000;0,0000;0,0000;0,0000;0,0000;0,0000;0,0000;0,0000;0,0000;0,0000;0,0000;0,0000;35;0
15,1621;43,9066;-212,9752;97,2802;25,6950;-90,0000;133,9066;400,000;200,000;25,000;0,000;0,0000;0,0000;0,0000;0,0000;0,0000;0,0000;0,0000;0,0000;0,0000;0,0000;0,0000;0,0000;35;0
15,1717;43,9066;-212,9752;97,2802;25,6950;-90,0000;133,9066;400,000;200,000;25,000;0,000;0,0000;0,0000;0,0000;0,0000;0,0000;0,0000;0,0000;0,0000;0,0000;0,0000;0,0000;0,0000;35;0
15,1813;43,9066;-212,9752;97,2802;25,6950;-90,0000;133,9066;400,000;200,000;25,000;0,000;0,0000;0,0000;0,0000;0,0000;0,0000;0,0000;0,0000;0,0000;0,0000;0,0000;0,0000;0,0000;35;0
15,1909;43,9066;-212,9752;97,2802;25,6950;-90,0000;133,9066;400,000;200,000;25,000;0,000;0,0000;0,0000;0,0000;0,0000;0,0000;0,0000;0,0000;0,0000;0,0000;0,0000;0,0000;0,0000;35;0
15,2005;43,9066;-212,9752;97,2802;25,6950;-90,0000;133,9066;400,000;200,000;25,000;0,000;0,0000;0,0000;0,0000;0,0000;0,0000;0,0000;0,0000;0,0000;0,0000;0,0000;0,0000;0,0000;35;0
15,2101;43,9066;-212,9752;97,2802;25,6950;-90,0000;133,9066;400,000;200,000;25,000;0,000;0,0000;0,0000;0,0000;0,0000;0,0000;0,0000;0,0000;0,0000;0,0000;0,0000;0,0000;0,0000;35;0
15,2197;43,9066;-212,9752;97,2802;25,6950;-90,0000;133,9066;400,000;200,000;25,000;0,000;0,0000;0,0000;0,0000;0,0000;0,0000;0,0000;0,0000;-0,0000;0,0000;0,0000;-0,0000;0,0000;35;0
15,2293;43,9066;-212,9752;97,2802;25,6950;-90,0000;133,9066;400,000;200,000;25,000;0,000;0,0000;-0,0000;0,0000;0,0000;-0,0000;0,0000;0,0000;0,0000;0,0000;0,0000;0,0000;0,0000;35;0
15,2389;43,9066;-212,9752;97,2802;25,6950;-90,0000;133,9066;400,000;200,000;25,000;0,000;0,0000;0,0000;0,0000;0,0000;0,0000;0,0000;0,0000;0,0000;0,0000;0,0000;0,0000;0,0000;35;0
15,2485;43,9066;-212,9752;97,2802;25,6950;-90,0000;133,9066;400,000;200,000;25,000;0,000;0,0000;0,0000;0,0000;0,0000;0,0000;0,0000;0,0000;-0,0000;0,0000;0,0000;-0,0000;0,0000;35;0
15,2581;43,9066;-212,9752;97,2802;25,6950;-90,0000;133,9066;400,000;200,000;25,000;0,000;0,0000;0,0000;0,0000;0,0000;0,0000;0,0000;0,0000;0,0000;0,0000;0,0000;0,0000;0,0000;35;0
15,2677;43,9066;-212,9752;97,2802;25,6950;-90,0000;133,9066;400,000;200,000;25,000;0,000;0,0000;0,0000;0,0000;0,0000;0,0000;0,0000;0,0000;0,0000;0,0000;0,0000;0,0000;0,0000;35;0
15,2773;43,9066;-212,9752;97,2802;25,6950;-90,0000;133,9066;400,000;200,000;25,000;0,000;0,0000;0,0000;0,0000;0,0000;0,0000;0,0000;0,0000;0,0000;0,0000;0,0000;0,0000;0,0000;35;0
15,2869;43,9066;-212,9752;97,2802;25,6950;-90,0000;133,9066;400,000;200,000;25,000;0,000;0,0000;0,0000;0,0000;0,0000;0,0000;0,0000;0,0000;0,0000;0,0000;0,0000;0,0000;0,0000;35;0
15,2965;43,9066;-212,9752;97,2802;25,6950;-90,0000;133,9066;400,000;200,000;25,000;0,000;0,0000;0,0000;0,0000;0,0000;0,0000;0,0000;0,0000;0,0000;0,0000;0,0000;0,0000;0,0000;35;0
15,3061;43,9066;-212,9752;97,2802;25,6950;-90,0000;133,9066;400,000;200,000;25,000;0,000;0,0000;0,0000;0,0000;0,0000;0,0000;0,0000;0,0000;0,0000;0,0000;0,0000;0,0000;0,0000;35;0
15,3156;43,9066;-212,9752;97,2802;25,6950;-90,0000;133,9066;400,000;200,000;25,000;0,000;0,0000;0,0000;0,0000;0,0000;0,0000;0,0000;0,0000;0,0000;0,0000;0,0000;0,0000;0,0000;35;0
15,3252;43,9066;-212,9752;97,2802;25,6950;-90,0000;133,9066;400,000;200,000;25,000;0,000;0,0000;0,0000;0,0000;0,0000;0,0000;0,0000;0,0000;0,0000;0,0000;0,0000;0,0000;0,0000;35;0
15,3348;43,9066;-212,9752;97,2802;25,6950;-90,0000;133,9066;400,000;200,000;25,000;0,000;0,0000;0,0000;0,0000;0,0000;0,0000;0,0000;0,0000;0,0000;0,0000;0,0000;0,0000;0,0000;35;0
15,3444;43,9066;-212,9752;97,2802;25,6950;-90,0000;133,9066;400,000;200,000;25,000;0,000;0,0000;0,0000;0,0000;0,0000;0,0000;0,0000;0,0000;0,0000;0,0000;0,0000;0,0000;0,0000;35;0
15,3540;43,9066;-212,9752;97,2802;25,6950;-90,0000;133,9066;400,000;200,000;25,000;0,000;0,0000;0,0000;0,0000;0,0000;0,0000;0,0000;0,0000;-0,0000;0,0000;0,0000;-0,0000;0,0000;35;0
15,3636;43,9066;-212,9752;97,2802;25,6950;-90,0000;133,9066;400,000;200,000;25,000;0,000;0,0000;-0,0000;0,0000;0,0000;-0,0000;0,0000;0,0000;0,0000;0,0000;0,0000;0,0000;0,0000;35;0
15,3732;43,9066;-212,9752;97,2802;25,6950;-90,0000;133,9066;400,000;200,000;25,000;0,000;0,0000;0,0000;0,0000;0,0000;0,0000;0,0000;0,0000;0,0000;0,0000;0,0000;0,0000;0,0000;35;0
15,3828;43,9066;-212,9752;97,2802;25,6950;-90,0000;133,9066;400,000;200,000;25,000;0,000;0,0000;0,0000;0,0000;0,0000;0,0000;0,0000;0,0000;0,0335;-0,0116;-0,0219;-0,0000;0,0000;35;0
15,3924;43,9066;-212,9752;97,2802;25,6950;-90,0000;133,9066;400,000;200,000;25,000;0,000;0,0000;0,0006;-0,0002;-0,0004;0,0000;0,0000;0,0000;13,5613;-4,6859;-8,8754;0,0000;0,0000;35;0
15,4020;43,9066;-212,9752;97,2802;25,6950;-90,0000;133,9066;400,000;200,000;25,000;0,010;0,0000;0,2603;-0,0899;-0,1703;0,0000;0,0000;-0,0000;51,5182;-17,8091;-33,7091;0,0000;-0,0000;37;0
15,4116;43,9066;-212,9702;97,2785;25,6917;-90,0000;133,9066;400,000;200,000;25,041;4,240;0,0000;0,9894;-0,3420;-0,6474;0,0000;0,0000;-0,0000;86,9871;-30,1021;-56,8851;0,0000;-0,0000;37;0
15,4212;43,9066;-212,9562;97,2736;25,6826;-90,0000;133,9066;400,000;200,000;25,155;11,917;-0,0000;1,9298;-0,6677;-1,2621;0,0000;0,0000;0,0000;98,0064;-33,9968;-64,0096;0,0000;-0,0000;37;0
15,4308;43,9066;-212,9332;97,2657;25,6675;-90,0000;133,9066;400,000;200,000;25,343;19,594;0,0000;2,8704;-0,9945;-1,8759;0,0000;-0,0000;0,0000;98,0383;-34,1514;-63,8869;0,0000;-0,0000;37;0
15,4404;43,9066;-212,9011;97,2546;25,6466;-90,0000;133,9066;400,000;200,000;25,605;27,271;0,0000;3,8114;-1,3231;-2,4883;0,0000;-0,0000;0,0000;98,0825;-34,3665;-63,7160;0,0000;0,0000;37;0
15,4500;43,9066;-212,8600;97,2403;25,6197;-90,0000;133,9066;400,000;200,000;25,940;34,948;0,0000;4,7529;-1,6541;-3,0988;0,0000;0,0000;0,0000;98,1389;-34,6421;-63,4968;0,0000;0,0000;37;0
15,4596;43,9066;-212,8099;97,2228;25,5871;-90,0000;133,9066;400,000;200,000;26,349;42,625;0,0000;5,6949;-1,9880;-3,7069;0,0000;0,0000;-0,0000;98,2074;-34,9782;-63,2291;-0,0000;-0,0000;37;0
15,4692;43,9066;-212,7507;97,2021;25,5486;-90,0000;133,9066;400,000;200,000;26,832;50,302;0,0000;6,6377;-2,3254;-4,3123;0,0000;-0,0000;0,0000;98,2877;-35,3748;-62,9129;0,0000;-0,0000;37;0
15,4788;43,9066;-212,6825;97,1782;25,5043;-90,0000;133,9066;400,000;200,000;27,388;57,979;0,0000;7,5813;-2,6669;-4,9144;0,0000;-0,0000;0,0000;98,3797;-35,8319;-62,5478;0,0000;-0,0000;37;0
15,4884;43,9066;-212,6052;97,1509;25,4543;-90,0000;133,9066;400,000;200,000;28,018;65,656;0,0000;8,5259;-3,0131;-5,5127;0,0000;-0,0000;-0,0000;98,4830;-36,3493;-62,1337;-0,0000;0,0000;37;0
15,4980;43,9066;-212,5189;97,1203;25,3985;-90,0000;133,9066;400,000;200,000;28,722;73,333;0,0000;9,4714;-3,3646;-6,1069;0,0000;-0,0000;-0,0000;98,5974;-36,9271;-61,6703;-0,0000;0,0000;37;0
15,5076;43,9066;-212,4234;97,0864;25,3371;-90,0000;133,9066;400,000;200,000;29,500;81,010;0,0000;10,4182;-3,7218;-6,6964;0,0000;0,0000;0,0000;98,7225;-37,5653;-61,1572;0,0000;-0,0000;37;0
15,5172;43,9066;-212,3189;97,0489;25,2700;-90,0000;133,9066;400,000;200,000;30,351;88,687;0,0000;11,3662;-4,0855;-7,2807;0,0000;-0,0000;0,0000;98,8580;-38,2637;-60,5943;0,0000;-0,0000;37;0
15,5268;43,9066;-212,2053;97,0079;25,1973;-90,0000;133,9066;400,000;200,000;31,275;96,364;0,0000;12,3155;-4,4562;-7,8593;0,0000;-0,0000;0,0000;99,0035;-39,0224;-59,9811;0,0000;-0,0000;37;0
15,5364;43,9066;-212,0825;96,9634;25,1192;-90,0000;133,9066;400,000;200,000;32,274;104,041;0,0000;13,2663;-4,8345;-8,4318;0,0000;-0,0000;0,0000;99,1585;-39,8412;-59,3174;0,0000;0,0000;37;0
15,5460;43,9066;-211,9507;96,9152;25,0355;-90,0000;133,9066;400,000;200,000;33,346;111,718;0,0000;14,2186;-5,2209;-8,9978;0,0000;-0,0000;0,0000;99,3227;-40,7201;-58,6026;0,0000;0,0000;37;0
15,5556;43,9066;-211,8096;96,8632;24,9465;-90,0000;133,9066;400,000;200,000;34,492;119,395;0,0000;15,1726;-5,6160;-9,5566;0,0000;0,0000;-0,0000;99,4955;-41,6591;-57,8364;-0,0000;0,0000;37;0
15,5652;43,9066;-211,6595;96,8074;24,8521;-90,0000;133,9066;400,000;200,000;35,711;127,072;0,0000;16,1282;-6,0204;-10,1078;0,0000;0,0000;0,0000;99,6765;-42,6581;-57,0185;0,0000;0,0000;37;0
15,5747;43,9066;-211,5001;96,7476;24,7525;-90,0000;133,9066;400,000;200,000;37,004;134,749;0,0000;17,0856;-6,4347;-10,6509;0,0000;0,0000;0,0000;99,8652;-43,7170;-56,1482;0,0000;0,0000;37;0
15,5843;43,9066;-211,3316;96,6839;24,6477;-90,0000;133,9066;400,000;200,000;38,371;142,426;0,0000;18,0449;-6,8595;-11,1854;0,0000;0,0000;0,0000;100,0610;-44,8357;-55,2253;0,0000;0,0000;37;0
15,5939;43,9066;-211,1538;96,6160;24,5378;-90,0000;133,9066;400,000;200,000;39,811;150,103;0,0000;19,0060;-7,2952;-11,7108;0,0000;0,0000;-0,0000;100,2634;-46,0143;-54,2491;-0,0000;-0,0000;37;0
15,6035;43,9066;-210,9668;96,5439;24,4229;-90,0000;133,9066;400,000;200,000;41,325;157,780;0,0000;19,9692;-7,7426;-12,2266;0,0000;0,0000;-0,0000;100,4719;-47,2526;-53,2193;-0,0000;-0,0000;37;0
15,6131;43,9066;-210,7705;96,4674;24,3031;-90,0000;133,9066;400,000;200,000;42,913;165,457;0,0000;20,9344;-8,2021;-12,7322;0,0000;-0,0000;-0,0000;100,6858;-48,5505;-52,1353;-0,0000;-0,0000;37;0
15,6227;43,9066;-210,5650;96,3864;24,1786;-90,0000;133,9066;400,000;200,000;44,575;173,134;0,0000;21,9016;-8,6744;-13,2272;0,0000;-0,0000;0,0000;100,9046;-49,9081;-50,9966;0,0000;0,0000;37;0
15,6323;43,9066;-210,3502;96,3009;24,0493;-90,0000;133,9066;400,000;200,000;46,310;180,811;0,0000;22,8710;-9,1600;-13,7110;0,0000;0,0000;0,0000;101,1278;-51,3252;-49,8027;0,0000;0,0000;37;0
15,6419;43,9066;-210,1260;96,2106;23,9154;-90,0000;133,9066;400,000;200,000;48,119;188,488;0,0000;23,8425;-9,6595;-14,1830;0,0000;0,0000;0,0000;101,3548;-52,8018;-48,5530;0,0000;-0,0000;37;0
15,6515;43,9066;-209,8926;96,1155;23,7771;-90,0000;133,9066;400,000;200,000;50,001;196,165;0,0000;24,8162;-10,1734;-14,6428;0,0000;0,0000;-0,0000;101,5850;-54,3378;-47,2472;-0,0000;-0,0000;37;0
15,6611;43,9066;-209,6498;96,0154;23,6344;-90,0000;133,9066;400,000;200,000;51,957;203,842;0,0000;25,7922;-10,7023;-15,0898;0,0000;-0,0000;-0,0000;101,8178;-55,9332;-45,8845;-0,0000;-0,0000;37;0
15,6707;43,9066;-209,3976;95,9101;23,4875;-90,0000;133,9066;400,000;200,000;53,987;211,519;0,0000;26,7704;-11,2469;-15,5235;0,0000;0,0000;0,0000;102,0527;-57,5881;-44,4646;0,0000;0,0000;37;0
15,6803;43,9066;-209,1360;95,7995;23,3364;-90,0000;133,9066;400,000;200,000;56,090;219,196;0,0000;27,7508;-11,8076;-15,9432;0,0000;0,0000;-0,0000;102,2891;-59,3022;-42,9869;0,0000;0,0000;37;0
15,6899;43,9066;-208,8649;95,6835;23,1815;-90,0000;133,9066;400,000;200,000;58,267;226,873;0,0000;28,7336;-12,3850;-16,3485;0,0000;0,0000;-0,0000;102,5266;-61,0758;-41,4508;-0,0000;-0,0000;37;0
15,6995;43,9066;-208,5845;95,5618;23,0227;-90,0000;133,9066;400,000;200,000;60,518;234,550;0,0000;29,7186;-12,9798;-16,7388;0,0000;0,0000;-0,0000;102,7646;-62,9087;-39,8559;-0,0000;-0,0000;37;0
15,7091;43,9066;-208,2946;95,4344;22,8602;-90,0000;133,9066;400,000;200,000;62,843;242,227;0,0000;30,7059;-13,5924;-17,1134;0,0000;-0,0000;0,0000;103,0027;-64,8011;-38,2017;0,0000;0,0000;37;0
15,7187;43,9066;-207,9952;95,3010;22,6942;-90,0000;133,9066;400,000;200,000;65,241;249,904;0,0000;31,6955;-14,2235;-17,4720;0,0000;0,0000;0,0000;103,2405;-66,7529;-36,4876;0,0000;0,0000;37;0
15,7283;43,9066;-207,6863;95,1614;22,5249;-90,0000;133,9066;400,000;200,000;67,713;257,581;0,0000;32,6873;-14,8736;-17,8137;0,0000;0,0000;0,0000;103,4776;-68,7643;-34,7133;0,0000;-0,0000;37;0
15,7379;43,9066;-207,3678;95,0155;22,3523;-90,0000;133,9066;400,000;200,000;70,258;265,259;0,0000;33,6815;-15,5433;-18,1382;0,0000;-0,0000;0,0000;102,6126;-70,3127;-32,2999;0,0000;-0,0000;37;0
15,7475;43,9066;-207,0398;94,8631;22,1768;-90,0000;133,9066;400,000;200,000;72,877;272,936;0,0000;34,6567;-16,2231;-18,4337;0,0000;-0,0000;0,0000;67,2155;-55,2727;-11,9428;0,0000;0,0000;37;0
15,7571;43,9066;-206,7027;94,7041;21,9985;-90,0000;133,9066;400,000;200,000;75,567;280,276;0,0000;34,9715;-16,6041;-18,3674;0,0000;0,0000;-0,0000;-16,3218;-16,2559;32,5777;-0,0000;-0,0000;37;0
15,7667;43,9066;-206,3686;94,5444;21,8242;-90,0000;133,9066;400,000;200,000;78,229;277,396;0,0000;34,3435;-16,5351;-17,8084;0,0000;-0,0000;-0,0000;-81,2847;15,5928;65,6919;-0,0000;0,0000;37;0
15,7763;43,9066;-206,0435;94,3868;21,6567;-90,0000;133,9066;400,000;200,000;80,817;269,719;0,0000;33,4114;-16,3048;-17,1066;0,0000;0,0000;0,0000;-97,2946;25,0338;72,2608;0,0000;0,0000;37;0
15,7859;43,9066;-205,7274;94,2315;21,4959;-90,0000;133,9066;400,000;200,000;83,332;262,042;0,0000;32,4761;-16,0546;-16,4215;0,0000;0,0000;0,0000;-97,6253;27,0859;70,5394;0,0000;0,0000;37;0
15,7955;43,9066;-205,4202;94,0787;21,3416;-90,0000;133,9066;400,000;200,000;85,773;254,365;0,0000;31,5378;-15,7850;-15,7528;0,0000;0,0000;-0,0000;-97,9366;29,0768;68,8598;-0,0000;-0,0000;37;0
15,8051;43,9066;-205,1221;93,9285;21,1936;-90,0000;133,9066;400,000;200,000;88,140;246,688;0,0000;30,5965;-15,4965;-15,0999;0,0000;0,0000;-0,0000;-98,2298;31,0069;67,2229;-0,0000;-0,0000;37;0
15,8147;43,9066;-204,8330;93,7812;21,0518;-90,0000;133,9066;400,000;200,000;90,434;239,011;0,0000;29,6525;-15,1899;-14,4626;0,0000;-0,0000;0,0000;-98,5060;32,8762;65,6297;0,0000;0,0000;37;0
15,8243;43,9066;-204,5530;93,6370;20,9160;-90,0000;133,9066;400,000;200,000;92,654;231,334;0,0000;28,7059;-14,8656;-13,8403;0,0000;0,0000;-0,0000;-98,7661;34,6850;64,0811;-0,0000;-0,0000;37;0
15,8338;43,9066;-204,2821;93,4959;20,7861;-90,0000;133,9066;400,000;200,000;94,800;223,657;-0,0000;27,7569;-14,5242;-13,2327;-0,0000;-0,0000;-0,0000;-99,0113;36,4334;62,5778;-0,0000;-0,0000;37;0
15,8434;43,9066;-204,0203;93,3582;20,6620;-90,0000;133,9066;400,000;200,000;96,873;215,980;-0,0000;26,8056;-14,1663;-12,6393;-0,0000;-0,0000;0,0000;-99,2422;38,1216;61,1206;0,0000;0,0000;37;0
15,8530;43,9066;-203,7676;93,2240;20,5436;-90,0000;133,9066;400,000;200,000;98,871;208,303;0,0000;25,8522;-13,7925;-12,0597;0,0000;0,0000;0,0000;-99,4599;39,7497;59,7102;0,0000;0,0000;37;0
15,8626;43,9066;-203,5241;93,0935;20,4306;-90,0000;133,9066;400,000;200,000;100,797;200,626;0,0000;24,8967;-13,4034;-11,4933;0,0000;0,0000;-0,0000;-99,6649;41,3178;58,3471;-0,0000;0,0000;37;0
15,8722;43,9066;-203,2898;92,9668;20,3230;-90,0000;133,9066;400,000;200,000;102,648;192,949;0,0000;23,9394;-12,9995;-10,9398;0,0000;0,0000;0,0000;-99,8581;42,8259;57,0321;0,0000;0,0000;37;0
15,8818;43,9066;-203,0646;92,8440;20,2206;-90,0000;133,9066;400,000;200,000;104,426;185,272;0,0000;22,9802;-12,5815;-10,3987;0,0000;0,0000;0,0000;-100,0399;44,2742;55,7657;0,0000;-0,0000;37;0
15,8914;43,9066;-202,8487;92,7253;20,1234;-90,0000;133,9066;400,000;200,000;106,131;177,595;0,0000;22,0193;-12,1498;-9,8695;0,0000;-0,0000;-0,0000;-100,2111;45,6627;54,5483;-0,0000;-0,0000;37;0
15,9010;43,9066;-202,6420;92,6108;20,0312;-90,0000;133,9066;400,000;200,000;107,761;169,918;0,0000;21,0569;-11,7051;-9,3518;0,0000;-0,0000;-0,0000;-100,3720;46,9915;53,3806;-0,0000;-0,0000;37;0
15,9106;43,9066;-202,4446;92,5007;19,9439;-90,0000;133,9066;400,000;200,000;109,318;162,241;0,0000;20,0929;-11,2479;-8,8450;0,0000;-0,0000;-0,0000;-100,5233;48,2604;52,2628;-0,0000;0,0000;37;0
15,9202;43,9066;-202,2564;92,3950;19,8614;-90,0000;133,9066;400,000;200,000;110,801;154,564;0,0000;19,1276;-10,7788;-8,3488;0,0000;0,0000;0,0000;-100,6652;49,4697;51,1955;0,0000;0,0000;37;0
15,9298;43,9066;-202,0775;92,2938;19,7837;-90,0000;133,9066;400,000;200,000;112,211;146,887;0,0000;18,1609;-10,2985;-7,8625;0,0000;0,0000;0,0000;-100,7983;50,6192;50,1790;0,0000;0,0000;37;0
15,9394;43,9066;-201,9078;92,1973;19,7105;-90,0000;133,9066;400,000;200,000;113,547;139,210;0,0000;17,1930;-9,8073;-7,3857;0,0000;0,0000;0,0000;-100,9228;51,7090;49,2138;0,0000;0,0000;37;0
15,9490;43,9066;-201,7475;92,1056;19,6419;-90,0000;133,9066;400,000;200,000;114,809;131,533;0,0000;16,2240;-9,3060;-6,9179;0,0000;0,0000;-0,0000;-101,0391;52,7391;48,3000;-0,0000;-0,0000;37;0
15,9586;43,9066;-201,5965;92,0187;19,5778;-90,0000;133,9066;400,000;200,000;115,997;123,856;0,0000;15,2538;-8,7951;-6,4587;0,0000;0,0000;-0,0000;-101,1474;53,7093;47,4381;-0,0000;-0,0000;37;0
15,9682;43,9066;-201,4547;91,9368;19,5180;-90,0000;133,9066;400,000;200,000;117,112;116,179;0,0000;14,2827;-8,2752;-6,0075;0,0000;0,0000;-0,0000;-101,2481;54,6198;46,6283;-0,0000;-0,0000;37;0
15,9778;43,9066;-201,3223;91,8599;19,4625;-90,0000;133,9066;400,000;200,000;118,154;108,501;0,0000;13,3106;-7,7468;-5,5638;0,0000;-0,0000;-0,0000;-101,3412;55,4703;45,8709;-0,0000;-0,0000;37;0
15,9874;43,9066;-201,1993;91,7881;19,4112;-90,0000;133,9066;400,000;200,000;119,121;100,824;0,0000;12,3377;-7,2106;-5,1271;0,0000;-0,0000;-0,0000;-101,4271;56,2610;45,1661;-0,0000;-0,0000;37;0
15,9970;43,9066;-201,0855;91,7215;19,3641;-90,0000;133,9066;400,000;200,000;120,015;93,147;0,0000;11,3640;-6,6671;-4,6969;0,0000;-0,0000;-0,0000;-101,5059;56,9917;44,5142;-0,0000;0,0000;37;0
16,0066;43,9066;-200,9812;91,6601;19,3210;-90,0000;133,9066;400,000;200,000;120,835;85,470;0,0000;10,3895;-6,1168;-4,2728;0,0000;0,0000;-0,0000;-101,5777;57,6624;43,9153;-0,0000;0,0000;37;0
16,0162;43,9066;-200,8861;91,6041;19,2821;-90,0000;133,9066;400,000;200,000;121,582;77,793;0,0000;9,4144;-5,5604;-3,8541;0,0000;0,0000;-0,0000;-101,6427;58,2731;43,3696;-0,0000;0,0000;37;0
16,0258;43,9066;-200,8005;91,5534;19,2471;-90,0000;133,9066;400,000;200,000;122,255;70,116;0,0000;8,4388;-4,9984;-3,4404;0,0000;0,0000;0,0000;-101,7010;58,8236;42,8773;-0,0000;-0,0000;37;0
16,0354;43,9066;-200,7242;91,5082;19,2160;-90,0000;133,9066;400,000;200,000;122,854;62,439;0,0000;7,4625;-4,4314;-3,0311;0,0000;0,0000;-0,0000;-101,7526;59,3141;42,4386;-0,0000;-0,0000;37;0
16,0450;43,9066;-200,6573;91,4684;19,1889;-90,0000;133,9066;400,000;200,000;123,379;54,762;0,0000;6,4859;-3,8600;-2,6259;0,0000;0,0000;-0,0000;-101,7978;59,7443;42,0535;-0,0000;-0,0000;37;0
16,0546;43,9066;-200,5997;91,4341;19,1656;-90,0000;133,9066;400,000;200,000;123,831;47,085;0,0000;5,5088;-3,2847;-2,2240;0,0000;0,0000;-0,0000;-101,8365;60,1143;41,7222;-0,0000;0,0000;37;0
16,0642;43,9066;-200,5515;91,4053;19,1462;-90,0000;133,9066;400,000;200,000;124,209;39,408;0,0000;4,5314;-2,7062;-1,8251;0,0000;0,0000;-0,0000;-101,8688;60,4240;41,4447;-0,0000;-0,0000;37;0
16,0738;43,9066;-200,5127;91,3821;19,1306;-90,0000;133,9066;400,000;200,000;124,514;31,731;0,0000;3,5537;-2,1251;-1,4286;0,0000;0,0000;-0,0000;-101,8947;60,6735;41,2212;-0,0000;-0,0000;37;0
16,0834;43,9066;-200,4833;91,3645;19,1188;-90,0000;133,9066;400,000;200,000;124,745;24,054;0,0000;2,5757;-1,5418;-1,0340;0,0000;0,0000;-0,0000;-101,9143;60,8626;41,0518;-0,0000;0,0000;37;0
16,0929;43,9066;-200,4633;91,3525;19,1108;-90,0000;133,9066;400,000;200,000;124,902;16,377;0,0000;1,5977;-0,9569;-0,6407;0,0000;0,0000;-3,0258;-100,2141;59,9644;40,2497;-0,0000;-3,0258;37;0
16,1025;43,9066;-200,4527;91,3462;19,1065;-90,0000;133,9066;400,000;200,000;124,985;8,700;-0,0581;0,6524;-0,3909;-0,2615;-0,0000;-0,0581;-42,0279;-78,1337;46,7977;31,3360;-0,0000;-42,0279;37;0
16,1121;43,9055;-200,4508;91,3450;19,1057;-90,0000;133,9055;400,004;199,992;125,000;1,787;-0,8066;0,0981;-0,0588;-0,0393;-0,0000;-0,8066;-119,9784;-33,9911;20,3668;13,6243;0,0000;-119,9784;38;0
16,1217;43,8912;-200,4508;91,3450;19,1057;-90,0000;133,8912;400,054;199,892;125,000;11,685;-2,3608;-0,0000;-0,0000;-0,0000;0,0000;-2,3608;-170,9763;-5,1103;3,0625;2,0478;0,0000;-170,9763;38;0
16,1313;43,8602;-200,4508;91,3450;19,1057;-90,0000;133,8602;400,162;199,676;125,000;25,168;-4,0881;-0,0000;-0,0000;-0,0000;0,0000;-4,0881;-180,0000;-0,0000;-0,0000;-0,0000;0,0000;-180,0000;38;0
16,1409;43,8127;-200,4508;91,3450;19,1057;-90,0000;133,8127;400,327;199,344;125,000;38,650;-5,8154;-0,0000;-0,0000;-0,0000;0,0000;-5,8154;-180,0000;-0,0000;-0,0000;-0,0000;0,0000;-180,0000;38;0
16,1505;43,7486;-200,4508;91,3450;19,1057;-90,0000;133,7486;400,550;198,896;125,000;52,133;-7,5428;-0,0000;-0,0000;-0,0000;0,0000;-7,5428;-180,0000;-0,0000;-0,0000;-0,0000;0,0000;-180,0000;38;0
16,1601;43,6679;-200,4508;91,3450;19,1057;-90,0000;133,6679;400,830;198,332;125,000;65,615;-9,2701;-0,0000;-0,0000;-0,0000;0,0000;-9,2701;-180,0000;-0,0000;-0,0000;-0,0000;0,0000;-180,0000;38;0
16,1697;43,5707;-200,4508;91,3450;19,1057;-90,0000;133,5707;401,166;197,651;125,000;79,097;-10,9974;-0,0000;-0,0000;-0,0000;0,0000;-10,9974;-180,0000;-0,0000;-0,0000;-0,0000;0,0000;-180,0000;38;0
16,1793;43,4569;-200,4508;91,3450;19,1057;-90,0000;133,4569;401,558;196,854;125,000;92,580;-12,7247;-0,0000;-0,0000;-0,0000;0,0000;-12,7247;-180,0000;-0,0000;-0,0000;-0,0000;0,0000;-180,0000;38;0
16,1889;43,3265;-200,4508;91,3450;19,1057;-90,0000;133,3265;402,005;195,939;125,000;106,062;-14,4521;-0,0000;-0,0000;-0,0000;0,0000;-14,4521;-180,0000;-0,0000;-0,0000;-0,0000;0,0000;-180,0000;38;0
16,1985;43,1795;-200,4508;91,3450;19,1057;-90,0000;133,1795;402,506;194,908;125,000;119,545;-16,1794;-0,0000;-0,0000;-0,0000;0,0000;-16,1794;-180,0000;-0,0000;-0,0000;-0,0000;0,0000;-180,0000;38;0
16,2081;43,0159;-200,4508;91,3450;19,1057;-90,0000;133,0159;403,061;193,758;125,000;133,027;-17,9067;-0,0000;-0,0000;-0,0000;0,0000;-17,9067;-180,0000;-0,0000;-0,0000;-0,0000;0,0000;-180,0000;38;0
16,2177;42,8358;-200,4508;91,3450;19,1057;-90,0000;132,8358;403,668;192,490;125,000;146,509;-19,6341;-0,0000;-0,0000;-0,0000;0,0000;-19,6341;-180,0000;-0,0000;-0,0000;-0,0000;0,0000;-180,0000;38;0
16,2273;42,6391;-200,4508;91,3450;19,1057;-90,0000;132,6391;404,326;191,103;125,000;159,992;-21,3614;-0,0000;-0,0000;-0,0000;0,0000;-21,3614;-180,0000;-0,0000;-0,0000;-0,0000;0,0000;-180,0000;38;0
16,2369;42,4258;-200,4508;91,3450;19,1057;-90,0000;132,4258;405,035;189,596;125,000;173,474;-23,0887;-0,0000;-0,0000;-0,0000;0,0000;-23,0887;-180,0000;-0,0000;-0,0000;-0,0000;0,0000;-180,0000;38;0
16,2465;42,1960;-200,4508;91,3450;19,1057;-90,0000;132,1960;405,792;187,970;125,000;186,957;-24,8160;-0,0000;-0,0000;-0,0000;0,0000;-24,8160;-180,0000;-0,0000;-0,0000;-0,0000;0,0000;-180,0000;38;0
16,2561;41,9496;-200,4508;91,3450;19,1057;-90,0000;131,9496;406,597;186,223;125,000;200,439;-26,5434;-0,0000;-0,0000;-0,0000;0,0000;-26,5434;-180,0000;-0,0000;-0,0000;-0,0000;0,0000;-180,0000;38;0
16,2657;41,6866;-200,4508;91,3450;19,1057;-90,0000;131,6866;407,447;184,355;125,000;213,921;-28,2707;-0,0000;-0,0000;-0,0000;0,0000;-28,2707;-180,0000;-0,0000;-0,0000;-0,0000;0,0000;-180,0000;38;0
16,2753;41,4070;-200,4508;91,3450;19,1057;-90,0000;131,4070;408,342;182,364;125,000;227,404;-29,9980;-0,0000;-0,0000;-0,0000;0,0000;-29,9980;-180,0000;-0,0000;-0,0000;-0,0000;0,0000;-180,0000;38;0
16,2849;41,1108;-200,4508;91,3450;19,1057;-90,0000;131,1108;409,279;180,251;125,000;240,886;-31,7254;-0,0000;-0,0000;-0,0000;0,0000;-31,7254;-180,0000;-0,0000;-0,0000;-0,0000;0,0000;-180,0000;38;0
16,2945;40,7981;-200,4508;91,3450;19,1057;-90,0000;130,7981;410,257;178,015;125,000;254,368;-33,4527;-0,0000;-0,0000;-0,0000;0,0000;-33,4527;-180,0000;-0,0000;-0,0000;-0,0000;0,0000;-180,0000;38;0
16,3041;40,4688;-200,4508;91,3450;19,1057;-90,0000;130,4688;411,273;175,654;125,000;267,851;-35,1800;-0,0000;-0,0000;-0,0000;0,0000;-35,1800;-180,0000;-0,0000;-0,0000;-0,0000;0,0000;-180,0000;38;0
16,3137;40,1229;-200,4508;91,3450;19,1057;-90,0000;130,1229;412,326;173,168;125,000;281,333;-36,9073;-0,0000;-0,0000;-0,0000;0,0000;-36,9073;-180,0000;-0,0000;-0,0000;-0,0000;0,0000;-180,0000;38;0
16,3233;39,7604;-200,4508;91,3450;19,1057;-90,0000;129,7604;413,414;170,556;125,000;294,815;-38,6347;-0,0000;-0,0000;-0,0000;0,0000;-38,6347;-180,0000;-0,0000;-0,0000;-0,0000;0,0000;-180,0000;38;0
16,3329;39,3814;-200,4508;91,3450;19,1057;-90,0000;129,3814;414,533;167,817;125,000;308,298;-40,3620;-0,0000;-0,0000;-0,0000;0,0000;-40,3620;-180,0000;-0,0000;-0,0000;-0,0000;0,0000;-180,0000;38;0
16,3425;38,9858;-200,4508;91,3450;19,1057;-90,0000;128,9858;415,682;164,951;125,000;321,780;-42,0893;-0,0000;-0,0000;-0,0000;0,0000;-42,0893;-180,0000;-0,0000;-0,0000;-0,0000;0,0000;-180,0000;38;0
16,3520;38,5736;-200,4508;91,3450;19,1057;-90,0000;128,5736;416,857;161,956;125,000;335,262;-43,8167;-0,0000;-0,0000;-0,0000;0,0000;-43,8167;-180,0000;-0,0000;-0,0000;-0,0000;0,0000;-180,0000;38;0
16,3616;38,1448;-200,4508;91,3450;19,1057;-90,0000;128,1448;418,058;158,832;125,000;348,745;-45,5440;-0,0000;-0,0000;-0,0000;0,0000;-45,5440;-180,0000;-0,0000;-0,0000;-0,0000;0,0000;-180,0000;38;0
16,3712;37,6995;-200,4508;91,3450;19,1057;-90,0000;127,6995;419,280;155,578;125,000;362,227;-47,2713;-0,0000;-0,0000;-0,0000;0,0000;-47,2713;-180,0000;-0,0000;-0,0000;-0,0000;0,0000;-180,0000;38;0
16,3808;37,2376;-200,4508;91,3450;19,1057;-90,0000;127,2376;420,520;152,193;125,000;375,709;-48,9986;-0,0000;-0,0000;-0,0000;0,0000;-48,9986;-180,0000;-0,0000;-0,0000;-0,0000;0,0000;-180,0000;38;0
16,3904;36,7591;-200,4508;91,3450;19,1057;-90,0000;126,7591;421,777;148,676;125,000;389,192;-50,7260;-0,0000;-0,0000;-0,0000;0,0000;-50,7260;-180,0000;-0,0000;-0,0000;-0,0000;0,0000;-180,0000;38;0
16,4000;36,2640;-200,4508;91,3450;19,1057;-90,0000;126,2640;423,046;145,026;125,000;402,674;-52,4533;-0,0000;-0,0000;-0,0000;0,0000;-52,4533;-180,0000;-0,0000;-0,0000;-0,0000;0,0000;-180,0000;38;0
16,4096;35,7524;-200,4508;91,3450;19,1057;-90,0000;125,7524;424,324;141,242;125,000;416,156;-54,1806;-0,0000;-0,0000;-0,0000;0,0000;-54,1806;-180,0000;-0,0000;-0,0000;-0,0000;0,0000;-180,0000;38;0
16,4192;35,2241;-200,4508;91,3450;19,1057;-90,0000;125,2241;425,608;137,324;125,000;429,638;-55,9080;-0,0000;-0,0000;-0,0000;0,0000;-55,9080;-180,0000;-0,0000;-0,0000;-0,0000;0,0000;-180,0000;38;0
16,4288;34,6793;-200,4508;91,3450;19,1057;-90,0000;124,6793;426,894;133,271;125,000;443,121;-57,6353;-0,0000;-0,0000;-0,0000;0,0000;-57,6353;-180,0000;-0,0000;-0,0000;-0,0000;0,0000;-180,0000;38;0
16,4384;34,1180;-200,4508;91,3450;19,1057;-90,0000;124,1180;428,180;129,082;125,000;456,603;-59,3626;-0,0000;-0,0000;-0,0000;0,0000;-59,3626;-180,0000;-0,0000;-0,0000;-0,0000;0,0000;-180,0000;38;0
16,4480;33,5400;-200,4508;91,3450;19,1057;-90,0000;123,5400;429,460;124,757;125,000;470,085;-61,0899;-0,0000;-0,0000;-0,0000;0,0000;-61,0899;-180,0000;-0,0000;-0,0000;-0,0000;0,0000;-180,0000;38;0
16,4576;32,9455;-200,4508;91,3450;19,1057;-90,0000;122,9455;430,731;120,294;125,000;483,567;-62,8173;-0,0000;-0,0000;-0,0000;0,0000;-62,8173;-180,0000;-0,0000;-0,0000;-0,0000;0,0000;-180,0000;38;0
16,4672;32,3344;-200,4508;91,3450;19,1057;-90,0000;122,3344;431,990;115,693;125,000;497,050;-64,5446;-0,0000;-0,0000;-0,0000;0,0000;-64,5446;-180,0000;-0,0000;-0,0000;-0,0000;0,0000;-180,0000;38;0
16,4768;31,7067;-200,4508;91,3450;19,1057;-90,0000;121,7067;433,231;110,954;125,000;510,532;-66,2719;-0,0000;-0,0000;-0,0000;0,0000;-66,2719;-180,0000;-0,0000;-0,0000;-0,0000;0,0000;-180,0000;38;0
16,4864;31,0625;-200,4508;91,3450;19,1057;-90,0000;121,0625;434,451;106,076;125,000;524,014;-67,9993;-0,0000;-0,0000;-0,0000;0,0000;-67,9993;-180,0000;-0,0000;-0,0000;-0,0000;0,0000;-180,0000;38;0
16,4960;30,4016;-200,4508;91,3450;19,1057;-90,0000;120,4016;435,646;101,058;125,000;537,496;-69,7266;-0,0000;-0,0000;-0,0000;0,0000;-69,7266;-180,0000;-0,0000;-0,0000;-0,0000;0,0000;-180,0000;38;0
16,5056;29,7242;-200,4508;91,3450;19,1057;-90,0000;119,7242;436,810;95,900;125,000;550,978;-71,4539;-0,0000;-0,0000;-0,0000;0,0000;-71,4539;-180,0000;-0,0000;-0,0000;-0,0000;0,0000;-180,0000;38;0
16,5152;29,0303;-200,4508;91,3450;19,1057;-90,0000;119,0303;437,940;90,603;125,000;564,461;-73,1812;-0,0000;-0,0000;-0,0000;0,0000;-73,1812;-180,0000;-0,0000;-0,0000;-0,0000;0,0000;-180,0000;38;0
16,5248;28,3197;-200,4508;91,3450;19,1057;-90,0000;118,3197;439,030;85,165;125,000;577,943;-74,9086;-0,0000;-0,0000;-0,0000;0,0000;-74,9086;-180,0000;-0,0000;-0,0000;-0,0000;0,0000;-180,0000;38;0
16,5344;27,5926;-200,4508;91,3450;19,1057;-90,0000;117,5926;440,075;79,586;125,000;591,425;-76,6359;-0,0000;-0,0000;-0,0000;0,0000;-76,6359;-180,0000;-0,0000;-0,0000;-0,0000;0,0000;-180,0000;38;0
16,5440;26,8489;-200,4508;91,3450;19,1057;-90,0000;116,8489;441,071;73,868;125,000;604,907;-78,3632;-0,0000;-0,0000;-0,0000;0,0000;-78,3632;-180,0000;-0,0000;-0,0000;-0,0000;0,0000;-180,0000;38;0
16,5536;26,0886;-200,4508;91,3450;19,1057;-90,0000;116,0886;442,012;68,008;125,000;618,389;-80,0906;-0,0000;-0,0000;-0,0000;0,0000;-80,0906;-180,0000;-0,0000;-0,0000;-0,0000;0,0000;-180,0000;38;0
16,5632;25,3117;-200,4508;91,3450;19,1057;-90,0000;115,3117;442,894;62,009;125,000;631,871;-81,8179;-0,0000;-0,0000;-0,0000;0,0000;-81,8179;-180,0000;-0,0000;-0,0000;-0,0000;0,0000;-180,0000;38;0
16,5728;24,5183;-200,4508;91,3450;19,1057;-90,0000;114,5183;443,710;55,870;125,000;645,353;-83,5452;-0,0000;-0,0000;-0,0000;0,0000;-83,5452;-180,0000;-0,0000;-0,0000;-0,0000;0,0000;-180,0000;38;0
16,5824;23,7083;-200,4508;91,3450;19,1057;-90,0000;113,7083;444,455;49,592;125,000;658,835;-85,2726;-0,0000;-0,0000;-0,0000;0,0000;-85,2726;-180,0000;-0,0000;-0,0000;-0,0000;0,0000;-180,0000;38;0
16,5920;22,8817;-200,4508;91,3450;19,1057;-90,0000;112,8817;445,125;43,175;125,000;672,317;-86,9999;-0,0000;-0,0000;-0,0000;0,0000;-86,9999;-178,4420;-0,0000;-0,0000;-0,0000;0,0000;-178,4420;38;0
16,6016;22,0385;-200,4508;91,3450;19,1057;-90,0000;112,0385;445,712;36,620;125,000;685,800;-88,6973;-0,0000;-0,0000;-0,0000;0,0000;-88,6973;-144,1004;-0,0000;-0,0000;-0,0000;0,0000;-144,1004;38;0
16,6111;21,1794;-200,4508;91,3450;19,1057;-90,0000;111,1794;446,211;29,933;125,000;698,815;-89,7655;-0,0000;-0,0000;-0,0000;0,0000;-89,7655;-67,8750;-0,0000;-0,0000;-0,0000;0,0000;-67,8750;38;0
16,6207;20,3157;-200,4508;91,3450;19,1057;-90,0000;110,3157;446,611;23,204;125,000;702,475;-90,0000;-0,0000;-0,0000;-0,0000;0,0000;-90,0000;-12,2165;-0,0000;-0,0000;-0,0000;0,0000;-12,2165;38;0
16,6303;19,4520;-200,4508;91,3450;19,1057;-90,0000;109,4520;446,910;16,469;125,000;702,475;-90,0000;-0,0000;-0,0000;-0,0000;0,0000;-90,0000;0,0000;0,0000;0,0000;-0,0000;0,0000;0,0000;38;0
16,6399;18,5884;-200,4508;91,3450;19,1057;-90,0000;108,5884;447,108;9,731;125,000;702,475;-90,0000;-0,0000;-0,0000;-0,0000;0,0000;-90,0000;0,0000;-0,0000;0,0000;0,0000;0,0000;0,0000;38;0
16,6495;17,7247;-200,4508;91,3450;19,1057;-90,0000;107,7247;447,204;2,990;125,000;702,475;-90,0000;-0,0000;-0,0000;-0,0000;0,0000;-90,0000;0,0000;-0,0000;-0,0000;0,0000;-0,0000;0,0000;38;0
16,6591;16,8611;-200,4508;91,3450;19,1057;-90,0000;106,8611;447,198;-3,751;125,000;702,475;-90,0000;-0,0000;-0,0000;-0,0000;0,0000;-90,0000;0,0000;0,0000;0,0000;0,0000;0,0000;0,0000;38;0
16,6687;15,9974;-200,4508;91,3450;19,1057;-90,0000;105,9974;447,091;-10,491;125,000;702,475;-90,0000;-0,0000;-0,0000;-0,0000;0,0000;-90,0000;0,0000;0,0000;0,0000;-0,0000;0,0000;-0,0000;38;0
16,6783;15,1337;-200,4508;91,3450;19,1057;-90,0000;105,1337;446,882;-17,229;125,000;702,475;-90,0000;-0,0000;-0,0000;-0,0000;0,0000;-90,0000;-0,0000;-0,0000;-0,0000;-0,0000;0,0000;0,0000;38;0
16,6879;14,2701;-200,4508;91,3450;19,1057;-90,0000;104,2701;446,571;-23,963;125,000;702,475;-90,0000;-0,0000;-0,0000;-0,0000;0,0000;-90,0000;16,2428;0,0000;0,0000;0,0000;-0,0000;16,2428;38;0
16,6975;13,4064;-200,4508;91,3450;19,1057;-90,0000;103,4064;446,159;-30,691;125,000;702,475;-89,6883;-0,0000;-0,0000;-0,0000;0,0000;-89,6883;76,9770;0,0000;0,0000;0,0000;-0,0000;76,9770;38;0
16,7071;12,5487;-200,4508;91,3450;19,1057;-90,0000;102,5487;445,650;-37,366;125,000;697,608;-88,5226;-0,0000;-0,0000;-0,0000;0,0000;-88,5226;150,2256;0,0000;0,0000;0,0000;-0,0000;150,2256;38;0
16,7167;11,7074;-200,4508;91,3450;19,1057;-90,0000;101,7074;445,053;-43,906;125,000;684,279;-86,8050;-0,0000;-0,0000;-0,0000;0,0000;-86,8050;179,4914;0,0000;0,0000;0,0000;-0,0000;179,4914;38;0
16,7263;10,8827;-200,4508;91,3450;19,1057;-90,0000;100,8827;444,375;-50,307;125,000;670,797;-85,0777;-0,0000;-0,0000;-0,0000;0,0000;-85,0777;180,0000;0,0000;0,0000;0,0000;-0,0000;180,0000;38;0
16,7359;10,0746;-200,4508;91,3450;19,1057;-90,0000;100,0746;443,621;-56,570;125,000;657,315;-83,3504;-0,0000;-0,0000;-0,0000;0,0000;-83,3504;180,0000;0,0000;0,0000;0,0000;-0,0000;180,0000;38;0
16,7455;9,2830;-200,4508;91,3450;19,1057;-90,0000;99,2830;442,797;-62,693;125,000;643,833;-81,6231;-0,0000;-0,0000;-0,0000;0,0000;-81,6231;180,0000;0,0000;0,0000;0,0000;-0,0000;180,0000;38;0
16,7551;8,5080;-200,4508;91,3450;19,1057;-90,0000;98,5080;441,909;-68,676;125,000;630,351;-79,8957;-0,0000;-0,0000;-0,0000;0,0000;-79,8957;180,0000;0,0000;0,0000;0,0000;-0,0000;180,0000;38;0
16,7647;7,7496;-200,4508;91,3450;19,1057;-90,0000;97,7496;440,961;-74,520;125,000;616,868;-78,1684;-0,0000;-0,0000;-0,0000;0,0000;-78,1684;180,0000;0,0000;0,0000;0,0000;-0,0000;180,0000;38;0
16,7743;7,0078;-200,4508;91,3450;19,1057;-90,0000;97,0078;439,959;-80,223;125,000;603,386;-76,4411;-0,0000;-0,0000;-0,0000;0,0000;-76,4411;180,0000;0,0000;0,0000;0,0000;-0,0000;180,0000;38;0
16,7839;6,2825;-200,4508;91,3450;19,1057;-90,0000;96,2825;438,909;-85,785;125,000;589,904;-74,7137;-0,0000;-0,0000;-0,0000;0,0000;-74,7137;180,0000;0,0000;0,0000;0,0000;-0,0000;180,0000;38;0
16,7935;5,5738;-200,4508;91,3450;19,1057;-90,0000;95,5738;437,814;-91,207;125,000;576,422;-72,9864;-0,0000;-0,0000;-0,0000;0,0000;-72,9864;180,0000;0,0000;0,0000;0,0000;-0,0000;180,0000;38;0
16,8031;4,8817;-200,4508;91,3450;19,1057;-90,0000;94,8817;436,680;-96,489;125,000;562,940;-71,2591;-0,0000;-0,0000;-0,0000;0,0000;-71,2591;180,0000;0,0000;0,0000;0,0000;-0,0000;180,0000;38;0
16,8127;4,2062;-200,4508;91,3450;19,1057;-90,0000;94,2062;435,513;-101,631;125,000;549,458;-69,5318;-0,0000;-0,0000;-0,0000;0,0000;-69,5318;180,0000;0,0000;0,0000;0,0000;-0,0000;180,0000;38;0
16,8223;3,5472;-200,4508;91,3450;19,1057;-90,0000;93,5472;434,315;-106,633;125,000;535,976;-67,8044;-0,0000;-0,0000;-0,0000;0,0000;-67,8044;180,0000;0,0000;0,0000;0,0000;-0,0000;180,0000;38;0
16,8319;2,9048;-200,4508;91,3450;19,1057;-90,0000;92,9048;433,092;-111,495;125,000;522,493;-66,0771;-0,0000;-0,0000;-0,0000;0,0000;-66,0771;180,0000;0,0000;0,0000;0,0000;-0,0000;180,0000;38;0
16,8415;2,2790;-200,4508;91,3450;19,1057;-90,0000;92,2790;431,849;-116,219;125,000;509,011;-64,3498;-0,0000;-0,0000;-0,0000;0,0000;-64,3498;180,0000;0,0000;0,0000;0,0000;-0,0000;180,0000;38;0
16,8511;1,6698;-200,4508;91,3450;19,1057;-90,0000;91,6698;430,588;-120,804;125,000;495,529;-62,6224;-0,0000;-0,0000;-0,0000;0,0000;-62,6224;180,0000;0,0000;0,0000;0,0000;-0,0000;180,0000;38;0
16,8606;1,0771;-200,4508;91,3450;19,1057;-90,0000;91,0771;429,316;-125,252;125,000;482,047;-60,8951;-0,0000;-0,0000;-0,0000;0,0000;-60,8951;180,0000;0,0000;0,0000;0,0000;-0,0000;180,0000;38;0
16,8702;0,5011;-200,4508;91,3450;19,1057;-90,0000;90,5011;428,035;-129,562;125,000;468,564;-59,1678;-0,0000;-0,0000;-0,0000;0,0000;-59,1678;180,0000;0,0000;0,0000;0,0000;-0,0000;180,0000;38;0
16,8798;-0,0584;-200,4508;91,3450;19,1057;-90,0000;89,9416;426,749;-133,735;125,000;455,082;-57,4405;-0,0000;-0,0000;-0,0000;0,0000;-57,4405;180,0000;0,0000;0,0000;0,0000;-0,0000;180,0000;38;0
16,8894;-0,6014;-200,4508;91,3450;19,1057;-90,0000;89,3986;425,463;-137,773;125,000;441,600;-55,7131;-0,0000;-0,0000;-0,0000;0,0000;-55,7131;180,0000;0,0000;0,0000;0,0000;-0,0000;180,0000;38;0
16,8990;-1,1277;-200,4508;91,3450;19,1057;-90,0000;88,8723;424,179;-141,676;125,000;428,118;-53,9858;-0,0000;-0,0000;-0,0000;0,0000;-53,9858;180,0000;0,0000;0,0000;0,0000;-0,0000;180,0000;38;0
16,9086;-1,6375;-200,4508;91,3450;19,1057;-90,0000;88,3625;422,902;-145,444;125,000;414,635;-52,2585;-0,0000;-0,0000;-0,0000;0,0000;-52,2585;180,0000;0,0000;0,0000;0,0000;-0,0000;180,0000;38;0
16,9182;-2,1307;-200,4508;91,3450;19,1057;-90,0000;87,8693;421,634;-149,079;125,000;401,153;-50,5311;-0,0000;-0,0000;-0,0000;0,0000;-50,5311;180,0000;0,0000;0,0000;0,0000;-0,0000;180,0000;38;0
16,9278;-2,6073;-200,4508;91,3450;19,1057;-90,0000;87,3927;420,380;-152,581;125,000;387,671;-48,8038;-0,0000;-0,0000;-0,0000;0,0000;-48,8038;180,0000;0,0000;0,0000;0,0000;-0,0000;180,0000;38;0
16,9374;-3,0674;-200,4508;91,3450;19,1057;-90,0000;86,9326;419,141;-155,952;125,000;374,189;-47,0765;-0,0000;-0,0000;-0,0000;0,0000;-47,0765;180,0000;0,0000;0,0000;0,0000;-0,0000;180,0000;38;0
16,9470;-3,5108;-200,4508;91,3450;19,1057;-90,0000;86,4892;417,921;-159,191;125,000;360,706;-45,3492;-0,0000;-0,0000;-0,0000;0,0000;-45,3492;180,0000;0,0000;0,0000;0,0000;-0,0000;180,0000;38;0
16,9566;-3,9377;-200,4508;91,3450;19,1057;-90,0000;86,0623;416,724;-162,300;125,000;347,224;-43,6218;-0,0000;-0,0000;-0,0000;0,0000;-43,6218;180,0000;0,0000;0,0000;0,0000;-0,0000;180,0000;38;0
16,9662;-4,3480;-200,4508;91,3450;19,1057;-90,0000;85,6520;415,551;-165,281;125,000;333,742;-41,8945;-0,0000;-0,0000;-0,0000;0,0000;-41,8945;180,0000;0,0000;0,0000;0,0000;-0,0000;180,0000;38;0
16,9758;-4,7418;-200,4508;91,3450;19,1057;-90,0000;85,2582;414,405;-168,132;125,000;320,259;-40,1672;-0,0000;-0,0000;-0,0000;0,0000;-40,1672;180,0000;0,0000;0,0000;0,0000;-0,0000;180,0000;38;0
16,9854;-5,1190;-200,4508;91,3450;19,1057;-90,0000;84,8810;413,289;-170,857;125,000;306,777;-38,4398;-0,0000;-0,0000;-0,0000;0,0000;-38,4398;180,0000;0,0000;0,0000;0,0000;-0,0000;180,0000;38;0
16,9950;-5,4795;-200,4508;91,3450;19,1057;-90,0000;84,5205;412,206;-173,454;125,000;293,295;-36,7125;-0,0000;-0,0000;-0,0000;0,0000;-36,7125;180,0000;0,0000;0,0000;0,0000;-0,0000;180,0000;38;0
17,0046;-5,8236;-200,4508;91,3450;19,1057;-90,0000;84,1764;411,157;-175,926;125,000;279,812;-34,9852;-0,0000;-0,0000;-0,0000;0,0000;-34,9852;180,0000;0,0000;0,0000;0,0000;-0,0000;180,0000;38;0
17,0142;-6,1510;-200,4508;91,3450;19,1057;-90,0000;83,8490;410,145;-178,273;125,000;266,330;-33,2579;-0,0000;-0,0000;-0,0000;0,0000;-33,2579;180,0000;0,0000;0,0000;0,0000;-0,0000;180,0000;38;0
17,0238;-6,4619;-200,4508;91,3450;19,1057;-90,0000;83,5381;409,172;-180,496;125,000;252,848;-31,5305;-0,0000;-0,0000;-0,0000;0,0000;-31,5305;180,0000;0,0000;0,0000;0,0000;-0,0000;180,0000;38;0
17,0334;-6,7562;-200,4508;91,3450;19,1057;-90,0000;83,2438;408,239;-182,595;125,000;239,365;-29,8032;-0,0000;-0,0000;-0,0000;0,0000;-29,8032;180,0000;0,0000;0,0000;0,0000;-0,0000;180,0000;38;0
17,0430;-7,0339;-200,4508;91,3450;19,1057;-90,0000;82,9661;407,349;-184,571;125,000;225,883;-28,0759;-0,0000;-0,0000;-0,0000;0,0000;-28,0759;180,0000;0,0000;0,0000;0,0000;-0,0000;180,0000;38;0
17,0526;-7,2950;-200,4508;91,3450;19,1057;-90,0000;82,7050;406,504;-186,426;125,000;212,401;-26,3485;-0,0000;-0,0000;-0,0000;0,0000;-26,3485;180,0000;0,0000;0,0000;0,0000;-0,0000;180,0000;38;0
17,0622;-7,5396;-200,4508;91,3450;19,1057;-90,0000;82,4604;405,704;-188,159;125,000;198,918;-24,6212;-0,0000;-0,0000;-0,0000;0,0000;-24,6212;180,0000;0,0000;0,0000;0,0000;-0,0000;180,0000;38;0
17,0718;-7,7675;-200,4508;91,3450;19,1057;-90,0000;82,2325;404,952;-189,772;125,000;185,436;-22,8939;-0,0000;-0,0000;-0,0000;0,0000;-22,8939;180,0000;0,0000;0,0000;0,0000;-0,0000;180,0000;38;0
17,0814;-7,9790;-200,4508;91,3450;19,1057;-90,0000;82,0210;404,249;-191,265;125,000;171,953;-21,1665;-0,0000;-0,0000;-0,0000;0,0000;-21,1665;180,0000;0,0000;0,0000;0,0000;-0,0000;180,0000;38;0
17,0910;-8,1738;-200,4508;91,3450;19,1057;-90,0000;81,8262;403,597;-192,639;125,000;158,471;-19,4392;-0,0000;-0,0000;-0,0000;0,0000;-19,4392;180,0000;0,0000;0,0000;0,0000;-0,0000;180,0000;38;0
17,1006;-8,3520;-200,4508;91,3450;19,1057;-90,0000;81,6480;402,995;-193,893;125,000;144,989;-17,7119;-0,0000;-0,0000;-0,0000;0,0000;-17,7119;180,0000;0,0000;0,0000;0,0000;-0,0000;180,0000;38;0
17,1102;-8,5137;-200,4508;91,3450;19,1057;-90,0000;81,4863;402,447;-195,030;125,000;131,506;-15,9846;-0,0000;-0,0000;-0,0000;0,0000;-15,9846;180,0000;0,0000;0,0000;0,0000;-0,0000;180,0000;38;0
17,1197;-8,6588;-200,4508;91,3450;19,1057;-90,0000;81,3412;401,951;-196,048;125,000;118,024;-14,2572;-0,0000;-0,0000;-0,0000;0,0000;-14,2572;180,0000;0,0000;0,0000;0,0000;-0,0000;180,0000;38;0
17,1293;-8,7874;-200,4508;91,3450;19,1057;-90,0000;81,2126;401,511;-196,950;125,000;104,541;-12,5299;-0,0000;-0,0000;-0,0000;0,0000;-12,5299;180,0000;0,0000;0,0000;0,0000;-0,0000;180,0000;38;0
17,1389;-8,8993;-200,4508;91,3450;19,1057;-90,0000;81,1007;401,125;-197,734;125,000;91,059;-10,8026;-0,0000;-0,0000;-0,0000;0,0000;-10,8026;180,0000;0,0000;0,0000;0,0000;-0,0000;180,0000;38;0
17,1485;-8,9947;-200,4508;91,3450;19,1057;-90,0000;81,0053;400,795;-198,401;125,000;77,577;-9,0752;-0,0000;-0,0000;-0,0000;0,0000;-9,0752;180,0000;0,0000;0,0000;0,0000;-0,0000;180,0000;38;0
17,1581;-9,0735;-200,4508;91,3450;19,1057;-90,0000;80,9265;400,522;-198,952;125,000;64,094;-7,3479;-0,0000;-0,0000;-0,0000;0,0000;-7,3479;180,0000;0,0000;0,0000;0,0000;-0,0000;180,0000;38;0
17,1677;-9,1357;-200,4508;91,3450;19,1057;-90,0000;80,8643;400,306;-199,387;125,000;50,612;-5,6206;-0,0000;-0,0000;-0,0000;0,0000;-5,6206;180,0000;0,0000;0,0000;0,0000;-0,0000;180,0000;38;0
17,1773;-9,1814;-200,4508;91,3450;19,1057;-90,0000;80,8186;400,147;-199,706;125,000;37,129;-3,8933;-0,0000;-0,0000;-0,0000;0,0000;-3,8933;180,0000;0,0000;0,0000;0,0000;-0,0000;180,0000;38;0
17,1869;-9,2104;-200,4508;91,3450;19,1057;-90,0000;80,7896;400,045;-199,909;125,000;23,647;-2,1659;-0,0000;-0,0000;-0,0000;0,0000;-2,1659;167,4756;-7,0928;4,2507;2,8421;0,0000;167,4756;38;0
17,1965;-9,2229;-200,4508;91,3450;19,1057;-90,0000;80,7771;400,002;-199,996;125,000;10,165;-0,6790;-0,1361;0,0816;0,0545;0,0000;-0,6790;111,4020;-38,8480;23,2765;15,5716;0,0000;111,4020;38;0
17,2061;-9,2235;-200,4534;91,3466;19,1068;-90,0000;80,7765;400,000;-200,000;124,979;2,180;-0,0278;-0,7456;0,4467;0,2989;0,0000;-0,0278;35,3772;-81,8996;49,0495;32,8501;-0,0000;35,3772;39;0
17,2157;-9,2235;-200,4651;91,3536;19,1115;-90,0000;80,7765;400,000;-200,000;124,888;9,566;0,0000;-1,7080;1,0230;0,6850;-0,0000;0,0000;1,4508;-101,1049;60,4873;40,6176;-0,0000;1,4508;39;0
17,2253;-9,2235;-200,4862;91,3662;19,1199;-90,0000;80,7765;400,000;-200,000;124,722;17,243;0,0000;-2,6861;1,6076;1,0784;-0,0000;0,0000;0,0000;-101,9124;60,8443;41,0682;-0,0000;0,0000;39;0
17,2349;-9,2235;-200,5166;91,3845;19,1322;-90,0000;80,7765;400,000;-200,000;124,483;24,920;0,0000;-3,6639;2,1907;1,4732;-0,0000;0,0000;0,0000;-101,8921;60,6484;41,2437;-0,0000;0,0000;39;0
17,2445;-9,2235;-200,5565;91,4083;19,1482;-90,0000;80,7765;400,000;-200,000;124,170;32,597;0,0000;-4,6416;2,7716;1,8700;-0,0000;0,0000;0,0000;-101,8654;60,3921;41,4733;-0,0000;0,0000;39;0
17,2541;-9,2235;-200,6057;91,4377;19,1681;-90,0000;80,7765;400,000;-200,000;123,784;40,274;0,0000;-5,6190;3,3498;2,2692;-0,0000;0,0000;0,0000;-101,8324;60,0756;41,7569;-0,0000;0,0000;39;0
17,2637;-9,2235;-200,6643;91,4726;19,1918;-90,0000;80,7765;400,000;-200,000;123,324;47,951;0,0000;-6,5960;3,9246;2,6714;-0,0000;0,0000;0,0000;-101,7930;59,6988;42,0942;-0,0000;0,0000;39;0
17,2733;-9,2235;-200,7323;91,5130;19,2193;-90,0000;80,7765;400,000;-200,000;122,790;55,628;0,0000;-7,5727;4,4956;3,0771;-0,0000;0,0000;0,0000;-101,7471;59,2618;42,4854;-0,0000;0,0000;39;0
17,2829;-9,2235;-200,8097;91,5589;19,2508;-90,0000;80,7765;400,000;-200,000;122,182;63,305;0,0000;-8,5488;5,0620;3,4868;-0,0000;0,0000;0,0000;-101,6947;58,7645;42,9302;-0,0000;0,0000;39;0
17,2925;-9,2235;-200,8964;91,6101;19,2863;-90,0000;80,7765;400,000;-200,000;121,501;70,982;0,0000;-9,5245;5,6234;3,9010;-0,0000;0,0000;-0,0001;-101,6356;58,2073;43,4288;-0,0002;-0,0001;39;0
17,3021;-9,2235;-200,9925;91,6668;19,3257;-90,0000;80,7765;400,000;-200,000;120,746;78,659;-0,0000;-10,4995;6,1792;4,3203;-0,0000;-0,0000;-0,0001;-101,5699;57,5898;43,9805;-0,0002;-0,0001;39;0
17,3117;-9,2235;-201,0979;91,7287;19,3692;-90,0000;80,7765;400,000;-200,000;119,918;86,336;-0,0000;-11,4738;6,7287;4,7451;-0,0000;-0,0000;0,0001;-101,4974;56,9122;44,5848;0,0002;0,0001;39;0
17,3213;-9,2235;-201,2127;91,7959;19,4168;-90,0000;80,7765;400,000;-200,000;119,016;94,013;0,0000;-12,4475;7,2715;5,1760;-0,0000;0,0000;0,0001;-101,4179;56,1747;45,2427;0,0002;0,0001;39;0
17,3309;-9,2235;-201,3368;91,8683;19,4685;-90,0000;80,7765;400,000;-200,000;118,040;101,690;0,0000;-13,4203;7,8068;5,6135;-0,0000;0,0000;0,0000;-101,3311;55,3774;45,9537;-0,0000;0,0000;39;0
17,3405;-9,2235;-201,4703;91,9458;19,5245;-90,0000;80,7765;400,000;-200,000;116,990;109,367;0,0000;-14,3923;8,3343;6,0580;-0,0000;0,0000;0,0000;-101,2371;54,5201;46,7170;-0,0000;0,0000;39;0
17,3501;-9,2235;-201,6130;92,0283;19,5848;-90,0000;80,7765;400,000;-200,000;115,867;117,044;0,0000;-15,3633;8,8532;6,5101;-0,0000;0,0000;0,0000;-101,1356;53,6029;47,5327;-0,0000;0,0000;39;0
17,3597;-9,2235;-201,7651;92,1157;19,6494;-90,0000;80,7765;400,000;-200,000;114,670;124,721;0,0000;-16,3333;9,3631;6,9703;-0,0000;0,0000;0,0000;-101,0264;52,6259;48,4005;-0,0000;0,0000;39;0
17,3693;-9,2235;-201,9265;92,2080;19,7186;-90,0000;80,7765;400,000;-200,000;113,400;132,398;0,0000;-17,3023;9,8632;7,4390;-0,0000;0,0000;0,0000;-100,9092;51,5891;49,3201;0,0000;0,0000;39;0
17,3788;-9,2235;-202,0972;92,3050;19,7922;-90,0000;80,7765;400,000;-200,000;112,055;140,075;0,0000;-18,2700;10,3532;7,9168;0,0000;0,0000;0,0000;-100,7837;50,4926;50,2911;0,0000;0,0000;39;0
17,3884;-9,2235;-202,2772;92,4067;19,8705;-90,0000;80,7765;400,000;-200,000;110,638;147,752;0,0000;-19,2366;10,8323;8,4042;0,0000;0,0000;0,0000;-100,6497;49,3363;51,3134;-0,0000;0,0000;39;0
17,3980;-9,2235;-202,4664;92,5129;19,9535;-90,0000;80,7765;400,000;-200,000;109,146;155,430;0,0000;-20,2017;11,3001;8,9017;-0,0000;0,0000;0,0000;-100,5067;48,1203;52,3864;-0,0000;0,0000;39;0
17,4076;-9,2235;-202,6649;92,6235;20,0413;-90,0000;80,7765;400,000;-200,000;107,581;163,107;0,0000;-21,1655;11,7559;9,4096;-0,0000;0,0000;0,0000;-100,3543;46,8446;53,5098;-0,0000;0,0000;39;0
17,4172;-9,2235;-202,8726;92,7385;20,1341;-90,0000;80,7765;400,000;-200,000;105,942;170,784;0,0000;-22,1278;12,1991;9,9287;-0,0000;0,0000;0,0000;-100,1923;45,5091;54,6832;-0,0000;0,0000;39;0
17,4268;-9,2235;-203,0896;92,8577;20,2319;-90,0000;80,7765;400,000;-200,000;104,229;178,461;0,0000;-23,0885;12,6293;10,4592;-0,0000;0,0000;0,0000;-100,0199;44,1139;55,9061;-0,0000;0,0000;39;0
17,4364;-9,2235;-203,3157;92,9809;20,3348;-90,0000;80,7765;400,000;-200,000;102,443;186,138;0,0000;-24,0474;13,0458;11,0016;-0,0000;0,0000;0,0000;-99,8369;42,6588;57,1780;-0,0000;0,0000;39;0
17,4460;-9,2235;-203,5511;93,1080;20,4431;-90,0000;80,7765;400,000;-200,000;100,583;193,815;0,0000;-25,0046;13,4480;11,5566;-0,0000;0,0000;0,0000;-99,6424;41,1439;58,4985;0,0000;0,0000;39;0
17,4556;-9,2235;-203,7956;93,2390;20,5566;-90,0000;80,7765;400,000;-200,000;98,650;201,492;0,0000;-25,9598;13,8355;12,1244;-0,0000;0,0000;0,0000;-99,4360;39,5691;59,8669;-0,0000;0,0000;39;0
17,4652;-9,2235;-204,0493;93,3736;20,6757;-90,0000;80,7765;400,000;-200,000;96,642;209,169;0,0000;-26,9130;14,2075;12,7055;-0,0000;0,0000;0,0000;-99,2169;37,9342;61,2827;-0,0000;0,0000;39;0
17,4748;-9,2235;-204,3122;93,5117;20,8005;-90,0000;80,7765;400,000;-200,000;94,562;216,846;0,0000;-27,8641;14,5635;13,3005;-0,0000;0,0000;0,0000;-98,9843;36,2392;62,7451;-0,0000;0,0000;39;0
17,4844;-9,2235;-204,5841;93,6531;20,9310;-90,0000;80,7765;400,000;-200,000;92,407;224,523;0,0000;-28,8128;14,9030;13,9098;-0,0000;0,0000;0,0000;-98,7376;34,4840;64,2535;-0,0000;0,0000;39;0
17,4940;-9,2235;-204,8652;93,7977;21,0675;-90,0000;80,7765;400,000;-200,000;90,179;232,200;0,0000;-29,7591;15,2254;14,5337;-0,0000;0,0000;0,0000;-98,4756;32,6684;65,8072;-0,0000;0,0000;39;0
17,5036;-9,2235;-205,1553;93,9453;21,2100;-90,0000;80,7765;400,000;-200,000;87,877;239,877;0,0000;-30,7028;15,5300;15,1728;-0,0000;0,0000;0,0000;-98,1976;30,7922;67,4054;0,0000;0,0000;39;0
17,5132;-9,2235;-205,4544;94,0958;21,3587;-90,0000;80,7765;400,000;-200,000;85,501;247,554;0,0000;-31,6437;15,8163;15,8274;-0,0000;0,0000;0,0000;-97,9024;28,8553;69,0471;0,0000;0,0000;39;0
17,5228;-9,2235;-205,7626;94,2489;21,5137;-90,0000;80,7765;400,000;-200,000;83,052;255,231;0,0000;-32,5818;16,0838;16,4980;-0,0000;0,0000;0,0000;-97,5890;26,8575;70,7315;-0,0000;0,0000;39;0
17,5324;-9,2235;-206,0798;94,4044;21,6753;-90,0000;80,7765;400,000;-200,000;80,529;262,908;0,0000;-33,5167;16,3318;17,1849;-0,0000;0,0000;0,0000;-97,2560;24,7985;72,4575;-0,0000;0,0000;39;0
17,5420;-9,2235;-206,4059;94,5623;21,8435;-90,0000;80,7765;400,000;-200,000;77,932;270,585;0,0000;-34,4484;16,5597;17,8886;-0,0000;0,0000;0,0000;-76,4588;13,1273;63,3316;0,0000;0,0000;39;0
17,5516;-9,2235;-206,7409;94,7223;22,0186;-90,0000;80,7765;400,000;-200,000;75,262;278,262;0,0000;-34,9842;16,5837;18,4004;0,0000;0,0000;0,0000;-5,8602;-21,2384;27,0986;0,0000;0,0000;39;0
17,5612;-9,2235;-207,0773;94,8806;22,1967;-90,0000;80,7765;400,000;-200,000;72,578;279,675;0,0000;-34,5608;16,1521;18,4087;0,0000;0,0000;-0,0000;73,7242;-58,2006;-15,5236;-0,0000;-0,0000;39;0
17,5708;-9,2235;-207,4042;95,0323;22,3719;-90,0000;80,7765;400,000;-200,000;69,967;272,070;0,0000;-33,5692;15,4667;18,1025;-0,0000;0,0000;-0,0000;103,4525;-70,4877;-32,9648;-0,0000;-0,0000;39;0
17,5804;-9,2235;-207,7216;95,1774;22,5441;-90,0000;80,7765;400,000;-200,000;67,430;264,393;0,0000;-32,5753;14,7993;17,7760;-0,0000;0,0000;-0,0000;103,4509;-68,5345;-34,9164;0,0000;-0,0000;39;0
17,5900;-9,2235;-208,0294;95,3163;22,7131;-90,0000;80,7765;400,000;-200,000;64,967;256,716;0,0000;-31,5837;14,1514;17,4323;-0,0000;0,0000;-0,0000;103,2137;-66,5298;-36,6840;0,0000;-0,0000;39;0
17,5996;-9,2235;-208,3278;95,4490;22,8787;-90,0000;80,7765;400,000;-200,000;62,577;249,039;0,0000;-30,5944;13,5224;17,0720;-0,0000;0,0000;-0,0000;102,9759;-64,5846;-38,3912;0,0000;-0,0000;39;0
17,6092;-9,2235;-208,6166;95,5758;23,0408;-90,0000;80,7765;400,000;-200,000;60,261;241,362;0,0000;-29,6074;12,9118;16,6955;0,0000;0,0000;-0,0000;102,7378;-62,6990;-40,0388;0,0000;-0,0000;39;0
17,6188;-9,2235;-208,8960;95,6969;23,1991;-90,0000;80,7765;400,000;-200,000;58,018;233,685;0,0000;-28,6226;12,3191;16,3035;0,0000;0,0000;-0,0000;102,4998;-60,8728;-41,6270;-0,0000;-0,0000;39;0
17,6284;-9,2235;-209,1659;95,8123;23,3537;-90,0000;80,7765;400,000;-200,000;55,849;226,007;0,0000;-27,6401;11,7435;15,8966;-0,0000;0,0000;-0,0000;102,2624;-59,1059;-43,1565;-0,0000;-0,0000;39;0
17,6379;-9,2235;-209,4265;95,9222;23,5042;-90,0000;80,7765;400,000;-200,000;53,754;218,330;0,0000;-26,6599;11,1847;15,4753;-0,0000;0,0000;-0,0000;102,0261;-57,3984;-44,6276;0,0000;-0,0000;39;0
17,6475;-9,2235;-209,6776;96,0269;23,6507;-90,0000;80,7765;400,000;-200,000;51,733;210,653;0,0000;-25,6820;10,6419;15,0401;-0,0000;0,0000;-0,0000;101,7914;-55,7503;-46,0411;0,0000;-0,0000;39;0
17,6571;-9,2235;-209,9194;96,1265;23,7929;-90,0000;80,7765;400,000;-200,000;49,785;202,976;0,0000;-24,7063;10,1147;14,5916;0,0000;0,0000;-0,0000;101,5589;-54,1616;-47,3973;0,0000;-0,0000;39;0
17,6667;-9,2235;-210,1518;96,2211;23,9307;-90,0000;80,7765;400,000;-200,000;47,911;195,299;0,0000;-23,7328;9,6024;14,1304;0,0000;0,0000;-0,0000;101,3290;-52,6322;-48,6968;-0,0000;-0,0000;39;0
17,6763;-9,2235;-210,3749;96,3108;24,0641;-90,0000;80,7765;400,000;-200,000;46,110;187,622;0,0000;-22,7615;9,1045;13,6570;-0,0000;0,0000;-0,0000;101,1025;-51,1624;-49,9401;-0,0000;-0,0000;39;0
17,6859;-9,2235;-210,5886;96,3958;24,1928;-90,0000;80,7765;400,000;-200,000;44,384;179,945;0,0000;-21,7924;8,6205;13,1719;-0,0000;0,0000;-0,0000;100,8797;-49,7520;-51,1277;0,0000;-0,0000;39;0
17,6955;-9,2235;-210,7931;96,4762;24,3169;-90,0000;80,7765;400,000;-200,000;42,730;172,268;0,0000;-20,8254;8,1497;12,6757;-0,0000;0,0000;-0,0000;100,6614;-48,4012;-52,2603;0,0000;-0,0000;39;0
17,7051;-9,2235;-210,9883;96,5522;24,4361;-90,0000;80,7765;400,000;-200,000;41,151;164,591;0,0000;-19,8604;7,6915;12,1689;-0,0000;0,0000;-0,0000;100,4481;-47,1099;-53,3381;0,0000;-0,0000;39;0
17,7147;-9,2235;-211,1743;96,6239;24,5504;-90,0000;80,7765;400,000;-200,000;39,645;156,914;0,0000;-18,8975;7,2455;11,6520;-0,0000;0,0000;-0,0000;100,2403;-45,8784;-54,3619;0,0000;-0,0000;39;0
17,7243;-9,2235;-211,3510;96,6913;24,6598;-90,0000;80,7765;400,000;-200,000;38,213;149,237;0,0000;-17,9366;6,8110;11,1256;0,0000;0,0000;-0,0000;100,0386;-44,7066;-55,3320;0,0000;-0,0000;39;0
17,7339;-9,2235;-211,5185;96,7546;24,7640;-90,0000;80,7765;400,000;-200,000;36,855;141,560;0,0000;-16,9775;6,3875;10,5901;0,0000;0,0000;-0,0000;99,8435;-43,5945;-56,2490;-0,0000;-0,0000;39;0
17,7435;-9,2235;-211,6769;96,8139;24,8630;-90,0000;80,7765;400,000;-200,000;35,570;133,883;0,0000;-16,0203;5,9743;10,0460;-0,0000;0,0000;-0,0000;99,6557;-42,5424;-57,1133;-0,0000;-0,0000;39;0
17,7531;-9,2235;-211,8260;96,8692;24,9568;-90,0000;80,7765;400,000;-200,000;34,359;126,206;0,0000;-15,0649;5,5710;9,4939;0,0000;0,0000;-0,0000;99,4756;-41,5502;-57,9254;0,0000;-0,0000;39;0
17,7627;-9,2235;-211,9660;96,9208;25,0452;-90,0000;80,7765;400,000;-200,000;33,221;118,529;0,0000;-14,1111;5,1769;8,9343;0,0000;0,0000;-0,0000;99,3037;-40,6180;-58,6858;-0,0000;-0,0000;39;0
17,7723;-9,2235;-212,0968;96,9686;25,1282;-90,0000;80,7765;400,000;-200,000;32,157;110,852;0,0000;-13,1590;4,7914;8,3676;-0,0000;0,0000;-0,0000;99,1406;-39,7458;-59,3948;-0,0000;-0,0000;39;0
17,7819;-9,2235;-212,2186;97,0127;25,2058;-90,0000;80,7765;400,000;-200,000;31,167;103,175;0,0000;-12,2084;4,4140;7,7943;-0,0000;0,0000;-0,0000;98,9866;-38,9338;-60,0528;0,0000;-0,0000;39;0
17,7915;-9,2235;-212,3312;97,0533;25,2778;-90,0000;80,7765;400,000;-200,000;30,251;95,498;0,0000;-11,2592;4,0442;7,2150;0,0000;0,0000;-0,0000;98,8422;-38,1819;-60,6603;0,0000;-0,0000;39;0
17,8011;-9,2235;-212,4346;97,0904;25,3443;-90,0000;80,7765;400,000;-200,000;29,408;87,821;0,0000;-10,3113;3,6812;6,6301;0,0000;0,0000;-0,0000;98,7079;-37,4903;-61,2176;-0,0000;-0,0000;39;0
17,8107;-9,2235;-212,5291;97,1240;25,4051;-90,0000;80,7765;400,000;-200,000;28,639;80,144;0,0000;-9,3647;3,3246;6,0401;-0,0000;0,0000;-0,0000;98,5840;-36,8589;-61,7250;-0,0000;-0,0000;39;0
17,8203;-9,2235;-212,6144;97,1542;25,4602;-90,0000;80,7765;400,000;-200,000;27,944;72,467;0,0000;-8,4193;2,9738;5,4455;0,0000;0,0000;-0,0000;98,4708;-36,2879;-62,1829;-0,0000;-0,0000;39;0
17,8299;-9,2235;-212,6906;97,1810;25,5096;-90,0000;80,7765;400,000;-200,000;27,322;64,790;0,0000;-7,4748;2,6282;4,8467;-0,0000;0,0000;-0,0000;98,3687;-35,7773;-62,5914;-0,0000;-0,0000;39;0
17,8395;-9,2235;-212,7578;97,2046;25,5532;-90,0000;80,7765;400,000;-200,000;26,774;57,113;0,0000;-6,5313;2,2872;4,2442;0,0000;0,0000;-0,0000;98,2781;-35,3271;-62,9510;0,0000;-0,0000;39;0
17,8491;-9,2235;-212,8160;97,2249;25,5911;-90,0000;80,7765;400,000;-200,000;26,299;49,436;0,0000;-5,5886;1,9502;3,6385;0,0000;0,0000;-0,0000;98,1991;-34,9373;-63,2618;-0,0000;-0,0000;39;0
17,8587;-9,2235;-212,8651;97,2420;25,6231;-90,0000;80,7765;400,000;-200,000;25,899;41,759;0,0000;-4,6466;1,6166;3,0300;-0,0000;0,0000;-0,0000;98,1319;-34,6080;-63,5239;-0,0000;-0,0000;39;0
17,8683;-9,2235;-212,9052;97,2560;25,6492;-90,0000;80,7765;400,000;-200,000;25,572;34,082;0,0000;-3,7052;1,2859;2,4193;-0,0000;0,0000;-0,0000;98,0769;-34,3392;-63,7377;0,0000;-0,0000;39;0
17,8779;-9,2235;-212,9362;97,2667;25,6695;-90,0000;80,7765;400,000;-200,000;25,318;26,405;0,0000;-2,7643;0,9576;1,8067;-0,0000;0,0000;-0,0000;98,0341;-34,1309;-63,9031;0,0000;-0,0000;39;0
17,8875;-9,2235;-212,9582;97,2743;25,6839;-90,0000;80,7765;400,000;-200,000;25,139;18,728;0,0000;-1,8237;0,6309;1,1928;-0,0000;0,0000;-0,0000;97,9588;-33,9677;-63,9911;-0,0000;-0,0000;39;0
17,8970;-9,2235;-212,9712;97,2788;25,6924;-90,0000;80,7765;400,000;-200,000;25,033;11,051;-0,0000;-0,8842;0,3056;0,5786;-0,0000;-0,0000;-0,0000;84,2115;-29,1366;-55,0750;-0,0000;-0,0000;39;0
17,9066;-9,2235;-212,9752;97,2802;25,6950;-90,0000;80,7765;400,000;-200,000;25,000;3,388;-0,0000;-0,2075;0,0717;0,1358;-0,0000;-0,0000;0,0000;46,0705;-15,9249;-30,1456;0,0000;0,0000;40;0
17,9162;-9,2235;-212,9752;97,2802;25,6950;-90,0000;80,7765;400,000;-200,000;25,000;0,000;0,0000;0,0000;0,0000;0,0000;0,0000;0,0000;0,0000;10,8099;-3,7351;-7,0748;0,0000;0,0000;40;0
17,9258;-9,2235;-212,9752;97,2802;25,6950;-90,0000;80,7765;400,000;-200,000;25,000;0,000;0,0000;0,0000;0,0000;0,0000;0,0000;0,0000;0,0000;0,0000;0,0000;0,0000;0,0000;0,0000;40;0
17,9354;-9,2235;-212,9752;97,2802;25,6950;-90,0000;80,7765;400,000;-200,000;25,000;0,000;0,0000;0,0000;0,0000;0,0000;0,0000;0,0000;0,0000;0,0000;0,0000;0,0000;0,0000;0,0000;40;0
17,9450;-9,2235;-212,9752;97,2802;25,6950;-90,0000;80,7765;400,000;-200,000;25,000;0,000;0,0000;0,0000;0,0000;0,0000;0,0000;0,0000;0,0000;0,0000;0,0000;0,0000;0,0000;0,0000;40;0
17,9546;-9,2235;-212,9752;97,2802;25,6950;-90,0000;80,7765;400,000;-200,000;25,000;0,000;0,0000;0,0000;0,0000;0,0000;0,0000;0,0000;0,0000;0,0000;0,0000;0,0000;0,0000;0,0000;40;0
17,9642;-9,2235;-212,9752;97,2802;25,6950;-90,0000;80,7765;400,000;-200,000;25,000;0,000;0,0000;0,0000;0,0000;0,0000;0,0000;0,0000;0,0000;0,0000;0,0000;0,0000;0,0000;0,0000;40;0
17,9738;-9,2235;-212,9752;97,2802;25,6950;-90,0000;80,7765;400,000;-200,000;25,000;0,000;0,0000;0,0000;0,0000;0,0000;0,0000;0,0000;0,0000;0,0000;0,0000;0,0000;0,0000;0,0000;40;0
17,9834;-9,2235;-212,9752;97,2802;25,6950;-90,0000;80,7765;400,000;-200,000;25,000;0,000;0,0000;0,0000;0,0000;0,0000;0,0000;0,0000;0,0000;0,0000;0,0000;0,0000;0,0000;0,0000;40;0
17,9930;-9,2235;-212,9752;97,2802;25,6950;-90,0000;80,7765;400,000;-200,000;25,000;0,000;0,0000;0,0000;0,0000;0,0000;0,0000;0,0000;0,0000;0,0000;0,0000;0,0000;0,0000;0,0000;40;0
18,0026;-9,2235;-212,9752;97,2802;25,6950;-90,0000;80,7765;400,000;-200,000;25,000;0,000;0,0000;0,0000;0,0000;0,0000;0,0000;0,0000;0,0000;0,0000;0,0000;0,0000;0,0000;0,0000;40;0
18,0122;-9,2235;-212,9752;97,2802;25,6950;-90,0000;80,7765;400,000;-200,000;25,000;0,000;0,0000;0,0000;0,0000;0,0000;0,0000;0,0000;0,0000;0,0000;0,0000;0,0000;0,0000;0,0000;40;0
18,0218;-9,2235;-212,9752;97,2802;25,6950;-90,0000;80,7765;400,000;-200,000;25,000;0,000;0,0000;0,0000;0,0000;0,0000;0,0000;0,0000;0,0000;0,0000;0,0000;0,0000;0,0000;0,0000;40;0
18,0314;-9,2235;-212,9752;97,2802;25,6950;-90,0000;80,7765;400,000;-200,000;25,000;0,000;0,0000;0,0000;0,0000;0,0000;0,0000;0,0000;0,0000;0,0000;0,0000;0,0000;0,0000;0,0000;40;0
18,0410;-9,2235;-212,9752;97,2802;25,6950;-90,0000;80,7765;400,000;-200,000;25,000;0,000;0,0000;0,0000;0,0000;0,0000;0,0000;0,0000;0,0000;0,0000;0,0000;0,0000;0,0000;0,0000;40;0
18,0506;-9,2235;-212,9752;97,2802;25,6950;-90,0000;80,7765;400,000;-200,000;25,000;0,000;0,0000;0,0000;0,0000;0,0000;0,0000;0,0000;0,0000;0,0000;0,0000;0,0000;0,0000;0,0000;40;0
18,0602;-9,2235;-212,9752;97,2802;25,6950;-90,0000;80,7765;400,000;-200,000;25,000;0,000;0,0000;0,0000;0,0000;0,0000;0,0000;0,0000;0,0000;0,0000;0,0000;0,0000;0,0000;0,0000;40;0
18,0698;-9,2235;-212,9752;97,2802;25,6950;-90,0000;80,7765;400,000;-200,000;25,000;0,000;0,0000;0,0000;0,0000;0,0000;0,0000;0,0000;0,0000;0,0000;0,0000;0,0000;0,0000;0,0000;40;0
18,0794;-9,2235;-212,9752;97,2802;25,6950;-90,0000;80,7765;400,000;-200,000;25,000;0,000;0,0000;0,0000;0,0000;0,0000;0,0000;0,0000;0,0000;0,0000;0,0000;0,0000;0,0000;0,0000;40;0
18,0890;-9,2235;-212,9752;97,2802;25,6950;-90,0000;80,7765;400,000;-200,000;25,000;0,000;0,0000;0,0000;0,0000;0,0000;0,0000;0,0000;0,0000;0,0000;0,0000;0,0000;0,0000;0,0000;40;0
18,0986;-9,2235;-212,9752;97,2802;25,6950;-90,0000;80,7765;400,000;-200,000;25,000;0,000;0,0000;0,0000;0,0000;0,0000;0,0000;0,0000;0,0000;-0,0000;0,0000;0,0000;-0,0000;0,0000;40;0
18,1082;-9,2235;-212,9752;97,2802;25,6950;-90,0000;80,7765;400,000;-200,000;25,000;0,000;0,0000;-0,0000;0,0000;0,0000;-0,0000;0,0000;0,0000;0,0000;0,0000;-0,0000;0,0000;0,0000;40;0
18,1178;-9,2235;-212,9752;97,2802;25,6950;-90,0000;80,7765;400,000;-200,000;25,000;0,000;0,0000;0,0000;0,0000;-0,0000;0,0000;0,0000;0,0000;0,0000;0,0000;-0,0000;0,0000;0,0000;40;0
18,1274;-9,2235;-212,9752;97,2802;25,6950;-90,0000;80,7765;400,000;-200,000;25,000;0,000;0,0000;0,0000;0,0000;0,0000;0,0000;0,0000;0,0000;-0,0000;0,0000;0,0000;-0,0000;0,0000;40;0
18,1370;-9,2235;-212,9752;97,2802;25,6950;-90,0000;80,7765;400,000;-200,000;25,000;0,000;0,0000;0,0000;0,0000;0,0000;0,0000;0,0000;0,0000;0,0000;0,0000;0,0000;0,0000;0,0000;40;0
18,1465;-9,2235;-212,9752;97,2802;25,6950;-90,0000;80,7765;400,000;-200,000;25,000;0,000;0,0000;0,0000;0,0000;0,0000;0,0000;0,0000;0,0000;0,0000;0,0000;0,0000;0,0000;0,0000;40;0
18,1561;-9,2235;-212,9752;97,2802;25,6950;-90,0000;80,7765;400,000;-200,000;25,000;0,000;0,0000;0,0000;0,0000;0,0000;0,0000;0,0000;0,0000;0,0000;0,0000;0,0000;0,0000;0,0000;40;0
18,1657;-9,2235;-212,9752;97,2802;25,6950;-90,0000;80,7765;400,000;-200,000;25,000;0,000;0,0000;0,0000;0,0000;0,0000;0,0000;0,0000;0,0000;0,0000;0,0000;0,0000;0,0000;0,0000;40;0
18,1753;-9,2235;-212,9752;97,2802;25,6950;-90,0000;80,7765;400,000;-200,000;25,000;0,000;0,0000;0,0000;0,0000;0,0000;0,0000;0,0000;0,0000;0,0000;0,0000;0,0000;0,0000;0,0000;40;0
18,1849;-9,2235;-212,9752;97,2802;25,6950;-90,0000;80,7765;400,000;-200,000;25,000;0,000;0,0000;0,0000;0,0000;0,0000;0,0000;0,0000;0,0000;0,0000;0,0000;0,0000;0,0000;0,0000;40;0
18,1945;-9,2235;-212,9752;97,2802;25,6950;-90,0000;80,7765;400,000;-200,000;25,000;0,000;0,0000;0,0000;0,0000;0,0000;0,0000;0,0000;0,0000;7,8062;-2,6971;-5,1090;0,0000;0,0000;40;0
18,2041;-9,2235;-212,9752;97,2802;25,6950;-90,0000;80,7765;400,000;-200,000;25,000;0,000;0,0000;0,1498;-0,0518;-0,0981;0,0000;0,0000;0,0000;39,6096;-13,6906;-25,9190;0,0000;0,0000;40;0
18,2137;-9,2235;-212,9723;97,2792;25,6931;-90,0000;80,7765;400,000;-200,000;25,023;2,447;0,0000;0,7602;-0,2628;-0,4975;0,0000;0,0000;-0,0000;80,3001;-27,7779;-52,5223;-0,0000;-0,0000;42;0
18,2233;-9,2235;-212,9606;97,2752;25,6854;-90,0000;80,7765;400,000;-200,000;25,119;9,968;-0,0000;1,6910;-0,5849;-1,1061;0,0000;0,0000;-0,0000;97,5024;-33,7952;-63,7072;-0,0000;-0,0000;42;0
18,2329;-9,2235;-212,9399;97,2680;25,6719;-90,0000;80,7765;400,000;-200,000;25,288;17,645;-0,0000;2,6315;-0,9114;-1,7202;0,0000;0,0000;-0,0000;98,0290;-34,1064;-63,9226;0,0000;-0,0000;42;0
18,2425;-9,2235;-212,9101;97,2577;25,6524;-90,0000;80,7765;400,000;-200,000;25,531;25,322;-0,0000;3,5724;-1,2395;-2,3329;0,0000;-0,0000;-0,0000;98,0701;-34,3061;-63,7639;0,0000;-0,0000;42;0
18,2521;-9,2235;-212,8713;97,2442;25,6271;-90,0000;80,7765;400,000;-200,000;25,848;32,999;-0,0000;4,5137;-1,5698;-2,9439;0,0000;-0,0000;0,0000;98,1234;-34,5664;-63,5570;0,0000;0,0000;42;0
18,2617;-9,2235;-212,8235;97,2275;25,5959;-90,0000;80,7765;400,000;-200,000;26,238;40,676;-0,0000;5,4556;-1,9029;-3,5527;0,0000;0,0000;0,0000;98,1889;-34,8872;-63,3017;0,0000;0,0000;42;0
18,2713;-9,2235;-212,7666;97,2077;25,5589;-90,0000;80,7765;400,000;-200,000;26,702;48,353;-0,0000;6,3982;-2,2394;-4,1589;0,0000;0,0000;-0,0000;98,2662;-35,2684;-62,9978;0,0000;-0,0000;42;0
18,2809;-9,2235;-212,7007;97,1846;25,5161;-90,0000;80,7765;400,000;-200,000;27,240;56,030;-0,0000;7,3416;-2,5798;-4,7618;0,0000;-0,0000;-0,0000;98,3552;-35,7101;-62,6451;0,0000;0,0000;42;0
18,2905;-9,2235;-212,6257;97,1582;25,4675;-90,0000;80,7765;400,000;-200,000;27,851;63,707;-0,0000;8,2859;-2,9247;-5,3612;0,0000;0,0000;0,0000;98,4557;-36,2122;-62,2435;0,0000;0,0000;42;0
18,3001;-9,2235;-212,5416;97,1284;25,4132;-90,0000;80,7765;400,000;-200,000;28,536;71,384;-0,0000;9,2312;-3,2748;-5,9564;0,0000;-0,0000;0,0000;98,5673;-36,7747;-61,7926;0,0000;-0,0000;42;0
18,3097;-9,2235;-212,4485;97,0953;25,3532;-90,0000;80,7765;400,000;-200,000;29,295;79,061;-0,0000;10,1777;-3,6305;-6,5471;0,0000;-0,0000;-0,0000;98,6898;-37,3975;-61,2922;0,0000;-0,0000;42;0
18,3193;-9,2235;-212,3463;97,0588;25,2876;-90,0000;80,7765;400,000;-200,000;30,128;86,738;-0,0000;11,1253;-3,9925;-7,1328;0,0000;-0,0000;-0,0000;98,8226;-38,0807;-60,7420;-0,0000;-0,0000;42;0
18,3289;-9,2235;-212,2350;97,0187;25,2163;-90,0000;80,7765;400,000;-200,000;31,034;94,415;-0,0000;12,0743;-4,3614;-7,7129;-0,0000;-0,0000;-0,0000;98,9656;-38,8240;-60,1416;-0,0000;-0,0000;42;0
18,3385;-9,2235;-212,1146;96,9750;25,1395;-90,0000;80,7765;400,000;-200,000;32,013;102,092;-0,0000;13,0247;-4,7377;-8,2871;-0,0000;-0,0000;0,0000;99,1183;-39,6276;-59,4907;0,0000;0,0000;42;0
18,3481;-9,2235;-211,9850;96,9278;25,0573;-90,0000;80,7765;400,000;-200,000;33,067;109,769;-0,0000;13,9767;-5,1220;-8,8547;0,0000;-0,0000;0,0000;99,2802;-40,4912;-58,7889;0,0000;0,0000;42;0
18,3577;-9,2235;-211,8463;96,8767;24,9696;-90,0000;80,7765;400,000;-200,000;34,194;117,446;-0,0000;14,9302;-5,5148;-9,4154;0,0000;0,0000;-0,0000;99,4509;-41,4150;-58,0359;-0,0000;-0,0000;42;0
18,3673;-9,2235;-211,6985;96,8219;24,8766;-90,0000;80,7765;400,000;-200,000;35,394;125,123;-0,0000;15,8854;-5,9168;-9,9686;-0,0000;-0,0000;-0,0000;99,6298;-42,3987;-57,2311;-0,0000;-0,0000;42;0
18,3769;-9,2235;-211,5414;96,7632;24,7783;-90,0000;80,7765;400,000;-200,000;36,669;132,800;-0,0000;16,8423;-6,3285;-10,5138;-0,0000;-0,0000;0,0000;99,8166;-43,4424;-56,3742;0,0000;0,0000;42;0
18,3865;-9,2235;-211,3752;96,7005;24,6748;-90,0000;80,7765;400,000;-200,000;38,017;140,477;-0,0000;17,8011;-6,7506;-11,0505;0,0000;0,0000;0,0000;100,0106;-44,5460;-55,4646;0,0000;0,0000;42;0
18,3961;-9,2235;-211,1998;96,6336;24,5662;-90,0000;80,7765;400,000;-200,000;39,439;148,154;-0,0000;18,7618;-7,1835;-11,5783;0,0000;0,0000;0,0000;100,2114;-45,7094;-54,5020;0,0000;-0,0000;42;0
18,4056;-9,2235;-211,0151;96,5626;24,4526;-90,0000;80,7765;400,000;-200,000;40,934;155,831;-0,0000;19,7244;-7,6279;-12,0966;0,0000;-0,0000;-0,0000;100,4184;-46,9325;-53,4859;0,0000;0,0000;42;0
18,4152;-9,2235;-210,8212;96,4872;24,3340;-90,0000;80,7765;400,000;-200,000;42,503;163,508;-0,0000;20,6891;-8,0843;-12,6048;0,0000;0,0000;-0,0000;100,6310;-48,2153;-52,4157;-0,0000;-0,0000;42;0
18,4248;-9,2235;-210,6181;96,4074;24,2106;-90,0000;80,7765;400,000;-200,000;44,146;171,185;-0,0000;21,6558;-8,5532;-13,1026;-0,0000;-0,0000;-0,0000;100,8486;-49,5577;-51,2909;-0,0000;-0,0000;42;0
18,4344;-9,2235;-210,4056;96,3231;24,0825;-90,0000;80,7765;400,000;-200,000;45,862;178,862;-0,0000;22,6246;-9,0354;-13,5892;-0,0000;-0,0000;0,0000;101,0708;-50,9597;-50,1111;0,0000;0,0000;42;0
18,4440;-9,2235;-210,1838;96,2340;23,9498;-90,0000;80,7765;400,000;-200,000;47,652;186,539;-0,0000;23,5956;-9,5313;-14,0643;0,0000;-0,0000;0,0000;101,2968;-52,4212;-48,8756;0,0000;0,0000;42;0
18,4536;-9,2235;-209,9527;96,1401;23,8126;-90,0000;80,7765;400,000;-200,000;49,516;194,216;-0,0000;24,5688;-10,0415;-14,5273;0,0000;-0,0000;-0,0000;101,5262;-53,9421;-47,5841;-0,0000;-0,0000;42;0
18,4632;-9,2235;-209,7123;96,0413;23,6710;-90,0000;80,7765;400,000;-200,000;51,453;201,893;-0,0000;25,5441;-10,5666;-14,9776;0,0000;-0,0000;0,0000;101,7584;-55,5225;-46,2359;0,0000;0,0000;42;0
18,4728;-9,2235;-209,4625;95,9373;23,5251;-90,0000;80,7765;400,000;-200,000;53,465;209,570;-0,0000;26,5218;-11,1071;-15,4147;0,0000;0,0000;0,0000;101,9928;-57,1622;-44,8306;0,0000;0,0000;42;0
18,4824;-9,2235;-209,2033;95,8281;23,3752;-90,0000;80,7765;400,000;-200,000;55,549;217,247;0,0000;27,5017;-11,6637;-15,8380;0,0000;0,0000;0,0000;102,2289;-58,8613;-43,3676;0,0000;-0,0000;42;0
18,4920;-9,2235;-208,9347;95,7135;23,2212;-90,0000;80,7765;400,000;-200,000;57,708;224,924;0,0000;28,4838;-12,2368;-16,2470;0,0000;-0,0000;-0,0000;102,4662;-60,6198;-41,8464;-0,0000;-0,0000;42;0
18,5016;-9,2235;-208,6566;95,5933;23,0633;-90,0000;80,7765;400,000;-200,000;59,940;232,601;-0,0000;29,4682;-12,8271;-16,6411;0,0000;-0,0000;0,0000;102,7042;-62,4377;-40,2665;0,0000;0,0000;42;0
18,5112;-9,2235;-208,3691;95,4673;22,9018;-90,0000;80,7765;400,000;-200,000;62,246;240,278;0,0000;30,4550;-13,4351;-17,0198;0,0000;0,0000;0,0000;102,9423;-64,3149;-38,6274;0,0000;0,0000;42;0
18,5208;-9,2235;-208,0721;95,3354;22,7367;-90,0000;80,7765;400,000;-200,000;64,625;247,955;0,0000;31,4440;-14,0615;-17,3825;0,0000;-0,0000;0,0000;103,1802;-66,2517;-36,9285;0,0000;-0,0000;42;0
18,5304;-9,2235;-207,7656;95,1974;22,5682;-90,0000;80,7765;400,000;-200,000;67,078;255,632;0,0000;32,4352;-14,7067;-17,7286;0,0000;-0,0000;0,0000;103,4175;-68,2480;-35,1695;0,0000;0,0000;42;0
18,5400;-9,2235;-207,4496;95,0531;22,3964;-90,0000;80,7765;400,000;-200,000;69,605;263,309;0,0000;33,4288;-15,3713;-18,0575;0,0000;0,0000;0,0000;103,6538;-70,3039;-33,3499;0,0000;0,0000;42;0
18,5496;-9,2235;-207,1240;94,9024;22,2216;-90,0000;80,7765;400,000;-200,000;72,205;270,986;0,0000;34,4246;-16,0560;-18,3686;0,0000;0,0000;-0,0000;80,9661;-61,4180;-19,5481;-0,0000;-0,0000;42;0
18,5592;-9,2235;-206,7889;94,7450;22,0439;-90,0000;80,7765;400,000;-200,000;74,880;278,663;0,0000;34,9828;-16,5501;-18,4327;0,0000;0,0000;-0,0000;8,0238;-27,8141;19,7903;-0,0000;-0,0000;42;0
18,5688;-9,2235;-206,4526;94,5848;21,8678;-90,0000;80,7765;400,000;-200,000;77,560;279,330;0,0000;34,5786;-16,5898;-17,9888;0,0000;0,0000;0,0000;-69,5243;9,6340;59,8903;-0,0000;-0,0000;42;0
18,5784;-9,2235;-206,1252;94,4266;21,6986;-90,0000;80,7765;400,000;-200,000;80,167;271,668;0,0000;33,6484;-16,3652;-17,2832;0,0000;-0,0000;0,0000;-97,1579;24,4796;72,6783;-0,0000;-0,0000;42;0
18,5880;-9,2235;-205,8068;94,2707;21,5361;-90,0000;80,7765;400,000;-200,000;82,700;263,991;0,0000;32,7139;-16,1200;-16,5939;0,0000;-0,0000;-0,0000;-97,5432;26,5706;70,9726;-0,0000;-0,0000;42;0
18,5976;-9,2235;-205,4974;94,1172;21,3802;-90,0000;80,7765;400,000;-200,000;85,160;256,314;-0,0000;31,7763;-15,8552;-15,9211;-0,0000;-0,0000;-0,0000;-97,8593;28,5771;69,2822;-0,0000;-0,0000;42;0
18,6072;-9,2235;-205,1969;93,9664;21,2306;-90,0000;80,7765;400,000;-200,000;87,546;248,637;-0,0000;30,8357;-15,5715;-15,2642;-0,0000;-0,0000;0,0000;-98,1570;30,5226;67,6344;0,0000;0,0000;42;0
18,6168;-9,2235;-204,9056;93,8184;21,0872;-90,0000;80,7765;400,000;-200,000;89,858;240,960;0,0000;29,8924;-15,2694;-14,6230;0,0000;0,0000;0,0000;-98,4374;32,4073;66,0301;0,0000;0,0000;42;0
18,6264;-9,2235;-204,6232;93,6733;20,9499;-90,0000;80,7765;400,000;-200,000;92,097;233,283;0,0000;28,9465;-14,9495;-13,9969;0,0000;0,0000;-0,0000;-98,7015;34,2314;64,4701;-0,0000;0,0000;42;0
18,6360;-9,2235;-204,3500;93,5314;20,8186;-90,0000;80,7765;400,000;-200,000;94,262;225,606;0,0000;27,9981;-14,6124;-13,3856;0,0000;0,0000;0,0000;-98,9504;35,9952;62,9552;-0,0000;-0,0000;42;0
18,6456;-9,2235;-204,0859;93,3929;20,6930;-90,0000;80,7765;400,000;-200,000;96,353;217,929;0,0000;27,0474;-14,2587;-12,7887;0,0000;0,0000;-0,0000;-99,1849;37,6987;61,4862;-0,0000;-0,0000;42;0
18,6552;-9,2235;-203,8309;93,2578;20,5731;-90,0000;80,7765;400,000;-200,000;98,371;210,252;-0,0000;26,0945;-13,8889;-12,2056;-0,0000;-0,0000;-0,0000;-99,4058;39,3420;60,0638;-0,0000;-0,0000;42;0
18,6647;-9,2235;-203,5851;93,1263;20,4588;-90,0000;80,7765;400,000;-200,000;100,315;202,575;-0,0000;25,1395;-13,5036;-11,6359;-0,0000;-0,0000;0,0000;-99,6140;40,9253;58,6887;0,0000;0,0000;42;0
18,6743;-9,2235;-203,3484;92,9986;20,3498;-90,0000;80,7765;400,000;-200,000;102,185;194,898;0,0000;24,1826;-13,1034;-11,0792;0,0000;0,0000;0,0000;-99,8101;42,4487;57,3615;0,0000;0,0000;42;0
18,6839;-9,2235;-203,1209;92,8748;20,2461;-90,0000;80,7765;400,000;-200,000;103,982;187,221;0,0000;23,2239;-12,6889;-10,5350;0,0000;0,0000;0,0000;-99,9948;43,9121;56,0826;-0,0000;-0,0000;42;0
18,6935;-9,2235;-202,9027;92,7551;20,1476;-90,0000;80,7765;400,000;-200,000;105,705;179,544;0,0000;22,2635;-12,2607;-10,0028;0,0000;0,0000;-0,0000;-100,1686;45,3158;54,8528;-0,0000;-0,0000;42;0
18,7031;-9,2235;-202,6936;92,6395;20,0541;-90,0000;80,7765;400,000;-200,000;107,354;171,867;0,0000;21,3014;-11,8192;-9,4822;0,0000;0,0000;-0,0000;-100,3321;46,6597;53,6724;-0,0000;0,0000;42;0
18,7127;-9,2235;-202,4938;92,5282;19,9656;-90,0000;80,7765;400,000;-200,000;108,930;164,190;0,0000;20,3379;-11,3651;-8,9727;0,0000;0,0000;-0,0000;-100,4857;47,9439;52,5419;-0,0000;0,0000;42;0
18,7223;-9,2235;-202,3033;92,4214;19,8819;-90,0000;80,7765;400,000;-200,000;110,432;156,513;0,0000;19,3728;-10,8990;-8,4738;0,0000;0,0000;-0,0000;-100,6300;49,1683;51,4617;-0,0000;-0,0000;42;0
18,7319;-9,2235;-202,1220;92,3190;19,8030;-90,0000;80,7765;400,000;-200,000;111,860;148,836;-0,0000;18,4065;-10,4215;-7,9850;-0,0000;-0,0000;-0,0000;-100,7653;50,3330;50,4323;-0,0000;-0,0000;42;0
18,7415;-9,2235;-201,9500;92,2214;19,7287;-90,0000;80,7765;400,000;-200,000;113,214;141,159;-0,0000;17,4389;-9,9330;-7,5059;-0,0000;-0,0000;0,0000;-100,8920;51,4380;49,4540;0,0000;0,0000;42;0
18,7511;-9,2235;-201,7873;92,1284;19,6589;-90,0000;80,7765;400,000;-200,000;114,495;133,482;0,0000;16,4701;-9,4343;-7,0359;0,0000;0,0000;0,0000;-101,0103;52,4832;48,5271;0,0000;0,0000;42;0
18,7607;-9,2235;-201,6339;92,0403;19,5936;-90,0000;80,7765;400,000;-200,000;115,703;125,805;0,0000;15,5003;-8,9257;-6,5745;0,0000;0,0000;-0,0000;-101,1207;53,4686;47,6520;-0,0000;0,0000;42;0
18,7703;-9,2235;-201,4898;91,9571;19,5327;-90,0000;80,7765;400,000;-200,000;116,836;118,128;0,0000;14,5294;-8,4081;-6,1213;0,0000;0,0000;-0,0000;-101,2232;54,3942;46,8290;-0,0000;0,0000;42;0
18,7799;-9,2235;-201,3551;91,8789;19,4762;-90,0000;80,7765;400,000;-200,000;117,896;110,451;0,0000;13,5575;-7,8818;-5,6758;0,0000;0,0000;-0,0000;-101,3183;55,2600;46,0583;-0,0000;-0,0000;42;0
18,7895;-9,2235;-201,2296;91,8058;19,4238;-90,0000;80,7765;400,000;-200,000;118,882;102,774;0,0000;12,5848;-7,3475;-5,2373;0,0000;0,0000;-0,0000;-101,4060;56,0659;45,3401;-0,0000;-0,0000;42;0
18,7991;-9,2235;-201,1135;91,7379;19,3756;-90,0000;80,7765;400,000;-200,000;119,795;95,097;0,0000;11,6113;-6,8057;-4,8056;0,0000;0,0000;-0,0000;-101,4865;56,8118;44,6747;-0,0000;0,0000;42;0
18,8087;-9,2235;-201,0068;91,6752;19,3316;-90,0000;80,7765;400,000;-200,000;120,634;87,420;0,0000;10,6370;-6,2571;-4,3799;0,0000;0,0000;-0,0000;-101,5601;57,4978;44,0623;-0,0000;0,0000;42;0
18,8183;-9,2235;-200,9094;91,6178;19,2916;-90,0000;80,7765;400,000;-200,000;121,399;79,743;0,0000;9,6621;-5,7022;-3,9599;0,0000;0,0000;-0,0000;-101,6268;58,1237;43,5031;-0,0000;-0,0000;42;0
18,8279;-9,2235;-200,8213;91,5658;19,2556;-90,0000;80,7765;400,000;-200,000;122,091;72,066;-0,0000;8,6865;-5,1416;-3,5450;-0,0000;-0,0000;-0,0000;-101,6868;58,6895;42,9973;-0,0000;-0,0000;42;0
18,8375;-9,2235;-200,7427;91,5191;19,2235;-90,0000;80,7765;400,000;-200,000;122,709;64,389;-0,0000;7,7105;-4,5758;-3,1347;-0,0000;-0,0000;0,0000;-101,7401;59,1952;42,5449;0,0000;0,0000;42;0
18,8471;-9,2235;-200,6734;91,4780;19,1954;-90,0000;80,7765;400,000;-200,000;123,253;56,712;0,0000;6,7339;-4,0055;-2,7284;0,0000;0,0000;0,0000;-101,7869;59,6408;42,1462;0,0000;0,0000;42;0
18,8567;-9,2235;-200,6134;91,4423;19,1712;-90,0000;80,7765;400,000;-200,000;123,723;49,035;0,0000;5,7569;-3,4311;-2,3258;0,0000;0,0000;-0,0000;-101,8273;60,0261;41,8012;-0,0000;-0,0000;42;0
18,8663;-9,2235;-200,5629;91,4121;19,1508;-90,0000;80,7765;400,000;-200,000;124,120;41,358;0,0000;4,7796;-2,8534;-1,9262;0,0000;0,0000;-0,0000;-101,8612;60,3511;41,5101;-0,0000;0,0000;42;0
18,8759;-9,2235;-200,5217;91,3875;19,1342;-90,0000;80,7765;400,000;-200,000;124,443;33,681;0,0000;3,8019;-2,2728;-1,5291;0,0000;0,0000;-0,0000;-101,8887;60,6158;41,2729;-0,0000;-0,0000;42;0
18,8855;-9,2235;-200,4899;91,3685;19,1214;-90,0000;80,7765;400,000;-200,000;124,693;26,004;0,0000;2,8241;-1,6900;-1,1340;0,0000;0,0000;-0,0000;-101,9100;60,8203;41,0897;-0,0000;-0,0000;42;0
18,8951;-9,2235;-200,4675;91,3551;19,1124;-90,0000;80,7765;400,000;-200,000;124,869;18,327;0,0000;1,8460;-1,1056;-0,7405;0,0000;0,0000;-0,0000;-101,9249;60,9644;40,9605;0,0000;-0,0000;42;0
18,9047;-9,2235;-200,4545;91,3473;19,1072;-90,0000;80,7765;400,000;-200,000;124,971;10,650;-0,0000;0,8679;-0,5200;-0,3479;0,0000;-0,0000;-0,0000;-101,9336;61,0481;40,8855;0,0000;-0,0000;42;0
18,9143;-9,2235;-200,4508;91,3451;19,1058;-90,0000;80,7765;400,000;-200,000;125,000;2,973;-0,0000;-0,1103;0,0661;0,0442;0,0000;-0,0000;0,0000;-101,9360;61,0715;40,8645;-0,0000;0,0000;43;0
18,9238;-9,2235;-200,4566;91,3485;19,1081;-90,0000;80,7765;400,000;-200,000;124,954;4,704;-0,0000;-1,0885;0,6521;0,4364;-0,0000;-0,0000;0,0000;-101,9322;61,0345;40,8977;-0,0000;0,0000;43;0
18,9334;-9,2235;-200,4717;91,3576;19,1141;-90,0000;80,7765;400,000;-200,000;124,836;12,381;-0,0000;-2,0667;1,2375;0,8292;-0,0000;-0,0000;-0,0000;-101,9221;60,9371;40,9849;-0,0000;-0,0000;43;0
18,9430;-9,2235;-200,4963;91,3723;19,1240;-90,0000;80,7765;400,000;-200,000;124,643;20,058;-0,0000;-3,0447;1,8217;1,2230;-0,0000;-0,0000;-0,0000;-101,9057;60,7794;41,1263;-0,0000;-0,0000;43;0
18,9526;-9,2235;-200,5302;91,3926;19,1376;-90,0000;80,7765;400,000;-200,000;124,377;27,735;-0,0000;-4,0225;2,4040;1,6185;-0,0000;-0,0000;-0,0000;-101,8831;60,5614;41,3217;-0,0000;-0,0000;43;0
18,9622;-9,2235;-200,5735;91,4184;19,1550;-90,0000;80,7765;400,000;-200,000;124,037;35,412;-0,0000;-5,0001;2,9840;2,0161;-0,0000;-0,0000;-0,0000;-101,8541;60,2830;41,5710;-0,0000;-0,0000;43;0
18,9718;-9,2235;-200,6261;91,4498;19,1763;-90,0000;80,7765;400,000;-200,000;123,624;43,090;-0,0000;-5,9773;3,5610;2,4163;-0,0000;-0,0000;-0,0000;-101,8187;59,9444;41,8743;-0,0000;-0,0000;43;0
18,9814;-9,2235;-200,6882;91,4868;19,2014;-90,0000;80,7765;400,000;-200,000;123,136;50,767;-0,0000;-6,9542;4,1345;2,8197;-0,0000;-0,0000;-0,0000;-101,7769;59,5455;42,2314;-0,0000;-0,0000;43;0
18,9910;-9,2235;-200,7596;91,5292;19,2304;-90,0000;80,7765;400,000;-200,000;122,576;58,444;-0,0000;-7,9307;4,7038;3,2269;-0,0000;-0,0000;-0,0000;-101,7287;59,0864;42,6423;-0,0000;-0,0000;43;0
19,0006;-9,2235;-200,8404;91,5770;19,2633;-90,0000;80,7765;400,000;-200,000;121,941;66,121;-0,0000;-8,9067;5,2685;3,6382;-0,0000;-0,0000;-0,0000;-101,6739;58,5671;43,1067;-0,0000;-0,0000;43;0
19,0102;-9,2235;-200,9305;91,6303;19,3002;-90,0000;80,7765;400,000;-200,000;121,233;73,798;-0,0000;-9,8821;5,8279;4,0542;-0,0000;-0,0000;0,0000;-101,6124;57,9878;43,6246;0,0000;0,0000;43;0
19,0198;-9,2235;-201,0301;91,6889;19,3412;-90,0000;80,7765;400,000;-200,000;120,451;81,475;-0,0000;-10,8569;6,3814;4,4754;-0,0000;-0,0000;0,0000;-101,5441;57,3483;44,1958;0,0000;0,0000;43;0
19,0294;-9,2235;-201,1389;91,7528;19,3861;-90,0000;80,7765;400,000;-200,000;119,596;89,152;-0,0000;-11,8310;6,9286;4,9024;-0,0000;-0,0000;-0,0000;-101,4690;56,6488;44,8202;-0,0000;0,0000;43;0
19,0390;-9,2235;-201,2571;91,8219;19,4352;-90,0000;80,7765;400,000;-200,000;118,666;96,829;-0,0000;-12,8043;7,4687;5,3356;-0,0000;-0,0000;-0,0000;-101,3868;55,8893;45,4975;-0,0000;0,0000;43;0
19,0486;-9,2235;-201,3847;91,8961;19,4885;-90,0000;80,7765;400,000;-200,000;117,663;104,506;-0,0000;-13,7768;8,0012;5,7756;-0,0000;-0,0000;-0,0000;-101,2975;55,0699;46,2275;-0,0000;-0,0000;43;0
19,0582;-9,2235;-201,5215;91,9754;19,5461;-90,0000;80,7765;400,000;-200,000;116,587;112,183;-0,0000;-14,7485;8,5256;6,2229;-0,0000;-0,0000;-0,0000;-101,2008;54,1907;47,0101;-0,0000;0,0000;43;0
19,0678;-9,2235;-201,6677;92,0597;19,6080;-90,0000;80,7765;400,000;-200,000;115,437;119,860;-0,0000;-15,7191;9,0413;6,6779;-0,0000;-0,0000;-0,0000;-101,0965;53,2515;47,8449;-0,0000;-0,0000;43;0
19,0774;-9,2235;-201,8232;92,1490;19,6743;-90,0000;80,7765;400,000;-200,000;114,213;127,537;-0,0000;-16,6888;9,5476;7,1411;-0,0000;-0,0000;-0,0000;-100,9843;52,2526;48,7317;-0,0000;-0,0000;43;0
19,0870;-9,2235;-201,9880;92,2430;19,7450;-90,0000;80,7765;400,000;-200,000;112,915;135,214;-0,0000;-17,6573;10,0441;7,6132;-0,0000;-0,0000;-0,0000;-100,8641;51,1939;49,6702;-0,0000;0,0000;43;0
19,0966;-9,2235;-202,1621;92,3417;19,8204;-90,0000;80,7765;400,000;-200,000;111,544;142,891;-0,0000;-18,6246;10,5302;8,0944;-0,0000;-0,0000;-0,0000;-100,7356;50,0755;50,6601;-0,0000;0,0000;43;0
19,1062;-9,2235;-202,3455;92,4451;19,9004;-90,0000;80,7765;400,000;-200,000;110,099;150,568;-0,0000;-19,5907;11,0052;8,5854;-0,0000;-0,0000;-0,0000;-100,5983;48,8973;51,7010;-0,0000;-0,0000;43;0
19,1158;-9,2235;-202,5381;92,5529;19,9852;-90,0000;80,7765;400,000;-200,000;108,581;158,245;-0,0000;-20,5553;11,4686;9,0867;-0,0000;-0,0000;-0,0000;-100,4519;47,6594;52,7925;-0,0000;-0,0000;43;0
19,1254;-9,2235;-202,7400;92,6652;20,0748;-90,0000;80,7765;400,000;-200,000;106,988;165,922;-0,0000;-21,5186;11,9199;9,5987;-0,0000;-0,0000;-0,0000;-100,2961;46,3618;53,9343;-0,0000;-0,0000;43;0
19,1350;-9,2235;-202,9511;92,7817;20,1694;-90,0000;80,7765;400,000;-200,000;105,322;173,599;-0,0000;-22,4803;12,3584;10,1218;-0,0000;-0,0000;-0,0000;-100,1303;45,0044;55,1259;-0,0000;-0,0000;43;0
19,1446;-9,2235;-203,1714;92,9024;20,2690;-90,0000;80,7765;400,000;-200,000;103,583;181,276;-0,0000;-23,4403;12,7837;10,6567;-0,0000;-0,0000;-0,0000;-99,9541;43,5872;56,3669;-0,0000;-0,0000;43;0
19,1542;-9,2235;-203,4010;93,0271;20,3739;-90,0000;80,7765;400,000;-200,000;101,770;188,953;-0,0000;-24,3987;13,1950;11,2037;-0,0000;-0,0000;0,0000;-99,7669;42,1102;57,6567;0,0000;0,0000;43;0
19,1638;-9,2235;-203,6397;93,1556;20,4841;-90,0000;80,7765;400,000;-200,000;99,883;196,630;0,0000;-25,3551;13,5919;11,7633;0,0000;0,0000;0,0000;-99,5681;40,5734;58,9948;0,0000;0,0000;43;0
19,1734;-9,2235;-203,8876;93,2879;20,5997;-90,0000;80,7765;400,000;-200,000;97,922;204,307;0,0000;-26,3096;13,9737;12,3359;0,0000;0,0000;-0,0000;-99,3571;38,9765;60,3806;-0,0000;-0,0000;43;0
19,1829;-9,2235;-204,1447;93,4238;20,7208;-90,0000;80,7765;400,000;-200,000;95,888;211,984;-0,0000;-27,2620;14,3399;12,9221;-0,0000;-0,0000;-0,0000;-99,1332;37,3196;61,8136;-0,0000;-0,0000;43;0
19,1925;-9,2235;-204,4108;93,5632;20,8477;-90,0000;80,7765;400,000;-200,000;93,780;219,661;0,0000;-28,2122;14,6900;13,5223;0,0000;0,0000;0,0000;-98,8955;35,6026;63,2930;0,0000;0,0000;43;0
19,2021;-9,2235;-204,6861;93,7058;20,9804;-90,0000;80,7765;400,000;-200,000;91,598;227,338;0,0000;-29,1601;15,0232;14,1369;0,0000;0,0000;-0,0000;-98,6433;33,8252;64,8181;-0,0000;-0,0000;43;0
19,2117;-9,2235;-204,9705;93,8515;21,1190;-90,0000;80,7765;400,000;-200,000;89,343;235,015;-0,0000;-30,1055;15,3392;14,7663;-0,0000;-0,0000;-0,0000;-98,3756;31,9874;66,3882;-0,0000;-0,0000;43;0
19,2213;-9,2235;-205,2639;94,0002;21,2638;-90,0000;80,7765;400,000;-200,000;87,014;242,692;-0,0000;-31,0482;15,6372;15,4110;-0,0000;-0,0000;-0,0000;-98,0914;30,0890;68,0024;-0,0000;-0,0000;43;0
19,2309;-9,2235;-205,5664;94,1516;21,4148;-90,0000;80,7765;400,000;-200,000;84,612;250,369;-0,0000;-31,9881;15,9166;16,0714;-0,0000;-0,0000;-0,0000;-97,7896;28,1298;69,6599;-0,0000;-0,0000;43;0
19,2405;-9,2235;-205,8779;94,3056;21,5722;-90,0000;80,7765;400,000;-200,000;82,135;258,046;-0,0000;-32,9250;16,1770;16,7480;-0,0000;-0,0000;0,0000;-97,4692;26,1095;71,3597;0,0000;0,0000;43;0
19,2501;-9,2235;-206,1983;94,4621;21,7362;-90,0000;80,7765;400,000;-200,000;79,585;265,723;-0,0000;-33,8588;16,4177;17,4410;-0,0000;-0,0000;0,0000;-95,3010;23,1662;72,1348;0,0000;0,0000;43;0
19,2597;-9,2235;-206,5277;94,6207;21,9070;-90,0000;80,7765;400,000;-200,000;76,962;273,400;-0,0000;-34,7541;16,6217;18,1324;-0,0000;-0,0000;-0,0000;-56,3709;3,1145;53,2564;-0,0000;-0,0000;43;0
19,2693;-9,2235;-206,8653;94,7811;22,0842;-90,0000;80,7765;400,000;-200,000;74,270;280,517;-0,0000;-34,9407;16,4775;18,4631;-0,0000;-0,0000;0,0000;28,8804;-37,6130;8,7327;0,0000;0,0000;43;0
19,2789;-9,2235;-207,1983;94,9370;22,2613;-90,0000;80,7765;400,000;-200,000;71,612;276,931;0,0000;-34,1998;15,8998;18,3000;0,0000;0,0000;0,0000;90,4617;-65,5390;-24,9228;0,0000;0,0000;43;0
19,2885;-9,2235;-207,5217;95,0863;22,4354;-90,0000;80,7765;400,000;-200,000;69,028;269,254;0,0000;-33,2045;15,2197;17,9848;0,0000;0,0000;-0,0000;103,6006;-69,8349;-33,7657;-0,0000;-0,0000;43;0
19,2981;-9,2235;-207,8356;95,2291;22,6065;-90,0000;80,7765;400,000;-200,000;66,518;261,577;-0,0000;-32,2114;14,5595;17,6520;-0,0000;-0,0000;-0,0000;103,3640;-67,7924;-35,5716;-0,0000;-0,0000;43;0
19,3077;-9,2235;-208,1399;95,3657;22,7742;-90,0000;80,7765;400,000;-200,000;64,082;253,900;-0,0000;-31,2207;13,9186;17,3021;-0,0000;-0,0000;0,0000;103,1266;-65,8096;-37,3170;0,0000;-0,0000;43;0
19,3173;-9,2235;-208,4348;95,4962;22,9386;-90,0000;80,7765;400,000;-200,000;61,719;246,223;-0,0000;-30,2322;13,2964;16,9358;-0,0000;-0,0000;0,0000;102,8886;-63,8863;-39,0023;0,0000;0,0000;43;0
19,3269;-9,2235;-208,7202;95,6209;23,0993;-90,0000;80,7765;400,000;-200,000;59,430;238,546;-0,0000;-29,2460;12,6924;16,5535;-0,0000;-0,0000;0,0000;102,6504;-62,0224;-40,6280;0,0000;0,0000;43;0
19,3365;-9,2235;-208,9961;95,7398;23,2563;-90,0000;80,7765;400,000;-200,000;57,214;230,869;-0,0000;-28,2620;12,1060;16,1560;-0,0000;-0,0000;0,0000;102,4126;-60,2179;-42,1947;0,0000;0,0000;43;0
19,3461;-9,2235;-209,2626;95,8532;23,4094;-90,0000;80,7765;400,000;-200,000;55,073;223,192;-0,0000;-27,2804;11,5367;15,7437;-0,0000;-0,0000;0,0000;102,1756;-58,4729;-43,7027;0,0000;-0,0000;43;0
19,3557;-9,2235;-209,5197;95,9612;23,5584;-90,0000;80,7765;400,000;-200,000;53,004;215,515;-0,0000;-26,3010;10,9838;15,3172;-0,0000;-0,0000;0,0000;101,9398;-56,7871;-45,1527;0,0000;-0,0000;43;0
19,3653;-9,2235;-209,7674;96,0640;23,7033;-90,0000;80,7765;400,000;-200,000;51,010;207,838;-0,0000;-25,3239;10,4468;14,8771;-0,0000;-0,0000;-0,0000;101,7058;-55,1608;-46,5450;-0,0000;-0,0000;43;0
19,3749;-9,2235;-210,0057;96,1617;23,8439;-90,0000;80,7765;400,000;-200,000;49,089;200,161;-0,0000;-24,3490;9,9251;14,4239;-0,0000;-0,0000;-0,0000;101,4742;-53,5938;-47,8804;-0,0000;-0,0000;43;0
19,3845;-9,2235;-210,2347;96,2545;23,9802;-90,0000;80,7765;400,000;-200,000;47,242;192,484;-0,0000;-23,3764;9,4182;13,9582;-0,0000;-0,0000;0,0000;101,2455;-52,0863;-49,1592;0,0000;0,0000;43;0
19,3941;-9,2235;-210,4543;96,3425;24,1118;-90,0000;80,7765;400,000;-200,000;45,469;184,807;-0,0000;-22,4059;8,9254;13,4804;-0,0000;-0,0000;0,0000;101,0203;-50,6382;-50,3821;0,0000;0,0000;43;0
19,4037;-9,2235;-210,6647;96,4258;24,2389;-90,0000;80,7765;400,000;-200,000;43,769;177,130;-0,0000;-21,4375;8,4463;12,9912;-0,0000;-0,0000;0,0000;100,7991;-49,2497;-51,5494;0,0000;0,0000;43;0
19,4133;-9,2235;-210,8658;96,5046;24,3612;-90,0000;80,7765;400,000;-200,000;42,143;169,453;0,0000;-20,4713;7,9802;12,4911;0,0000;0,0000;0,0000;100,5826;-47,9207;-52,6618;0,0000;0,0000;43;0
19,4229;-9,2235;-211,0576;96,5790;24,4786;-90,0000;80,7765;400,000;-200,000;40,590;161,776;0,0000;-19,5071;7,5266;11,9805;0,0000;0,0000;-0,0000;100,3712;-46,6514;-53,7198;-0,0000;-0,0000;43;0
19,4325;-9,2235;-211,2402;96,6491;24,5911;-90,0000;80,7765;400,000;-200,000;39,111;154,099;-0,0000;-18,5449;7,0849;11,4601;-0,0000;0,0000;-0,0000;100,1656;-45,4417;-54,7238;-0,0000;-0,0000;43;0
19,4420;-9,2235;-211,4135;96,7150;24,6986;-90,0000;80,7765;400,000;-200,000;37,706;146,422;-0,0000;-17,5847;6,6544;10,9302;-0,0000;-0,0000;-0,0000;99,9663;-44,2918;-55,6744;-0,0000;-0,0000;43;0
19,4516;-9,2235;-211,5777;96,7768;24,8009;-90,0000;80,7765;400,000;-200,000;36,375;138,745;-0,0000;-16,6263;6,2348;10,3915;-0,0000;-0,0000;0,0000;99,7738;-43,2018;-56,5720;0,0000;0,0000;43;0
19,4612;-9,2235;-211,7326;96,8346;24,8980;-90,0000;80,7765;400,000;-200,000;35,117;131,068;-0,0000;-15,6698;5,8253;9,8445;-0,0000;-0,0000;0,0000;99,5888;-42,1716;-57,4172;0,0000;0,0000;43;0
19,4708;-9,2235;-211,8784;96,8886;24,9898;-90,0000;80,7765;400,000;-200,000;33,933;123,391;0,0000;-14,7149;5,4254;9,2895;0,0000;0,0000;0,0000;99,4116;-41,2014;-58,2102;0,0000;0,0000;43;0
19,4804;-9,2235;-212,0150;96,9387;25,0763;-90,0000;80,7765;400,000;-200,000;32,823;115,714;0,0000;-13,7618;5,0345;8,7273;0,0000;0,0000;-0,0000;99,2429;-40,2912;-58,9517;-0,0000;-0,0000;43;0
19,4900;-9,2235;-212,1425;96,9852;25,1573;-90,0000;80,7765;400,000;-200,000;31,786;108,037;-0,0000;-12,8102;4,6521;8,1581;-0,0000;0,0000;-0,0000;99,0830;-39,4410;-59,6420;-0,0000;-0,0000;43;0
19,4996;-9,2235;-212,2609;97,0280;25,2329;-90,0000;80,7765;400,000;-200,000;30,823;100,360;-0,0000;-11,8601;4,2776;7,5826;-0,0000;0,0000;0,0000;98,9325;-38,6511;-60,2814;0,0000;-0,0000;43;0
19,5092;-9,2235;-212,3702;97,0673;25,3029;-90,0000;80,7765;400,000;-200,000;29,933;92,683;-0,0000;-10,9115;3,9103;7,0011;-0,0000;-0,0000;0,0000;98,7918;-37,9213;-60,8705;0,0000;-0,0000;43;0
19,5188;-9,2235;-212,4703;97,1031;25,3672;-90,0000;80,7765;400,000;-200,000;29,118;85,006;-0,0000;-9,9641;3,5498;6,4143;-0,0000;-0,0000;-0,0000;98,6612;-37,2518;-61,4094;0,0000;-0,0000;43;0
19,5284;-9,2235;-212,5614;97,1354;25,4260;-90,0000;80,7765;400,000;-200,000;28,376;77,329;-0,0000;-9,0179;3,1953;5,8225;-0,0000;-0,0000;0,0000;98,5412;-36,6425;-61,8986;0,0000;0,0000;43;0
19,5380;-9,2235;-212,6434;97,1644;25,4790;-90,0000;80,7765;400,000;-200,000;27,707;69,652;-0,0000;-8,0728;2,8465;5,2263;-0,0000;-0,0000;0,0000;98,4321;-36,0937;-62,3384;0,0000;0,0000;43;0
19,5476;-9,2235;-212,7163;97,1901;25,5263;-90,0000;80,7765;400,000;-200,000;27,112;61,975;-0,0000;-7,1287;2,5026;4,6261;-0,0000;0,0000;0,0000;98,3341;-35,6052;-62,7290;0,0000;0,0000;43;0
19,5572;-9,2235;-212,7802;97,2124;25,5678;-90,0000;80,7765;400,000;-200,000;26,591;54,298;0,0000;-6,1855;2,1631;4,0224;0,0000;0,0000;0,0000;98,2477;-35,1771;-63,0706;0,0000;0,0000;43;0
19,5668;-9,2235;-212,8351;97,2316;25,6035;-90,0000;80,7765;400,000;-200,000;26,144;46,621;0,0000;-5,2431;1,8275;3,4156;0,0000;0,0000;-0,0000;98,1730;-34,8095;-63,3635;-0,0000;-0,0000;43;0
19,5764;-9,2235;-212,8808;97,2475;25,6333;-90,0000;80,7765;400,000;-200,000;25,770;38,944;-0,0000;-4,3013;1,4951;2,8063;-0,0000;0,0000;-0,0000;98,1103;-34,5024;-63,6079;-0,0000;-0,0000;43;0
19,5860;-9,2235;-212,9176;97,2603;25,6573;-90,0000;80,7765;400,000;-200,000;25,470;31,267;0,0000;-3,3601;1,1653;2,1948;0,0000;0,0000;0,0000;98,0597;-34,2558;-63,8039;0,0000;0,0000;43;0
19,5956;-9,2235;-212,9453;97,2699;25,6755;-90,0000;80,7765;400,000;-200,000;25,244;23,590;0,0000;-2,4193;0,8376;1,5817;0,0000;0,0000;-0,0000;98,0214;-34,0697;-63,9517;-0,0000;-0,0000;43;0
19,6052;-9,2235;-212,9640;97,2763;25,6877;-90,0000;80,7765;400,000;-200,000;25,091;15,913;-0,0000;-1,4788;0,5114;0,9674;-0,0000;-0,0000;-0,0000;95,7602;-33,1719;-62,5883;-0,0000;-0,0000;43;0
19,6148;-9,2235;-212,9737;97,2797;25,6940;-90,0000;80,7765;400,000;-200,000;25,012;8,236;-0,0000;-0,5814;0,2009;0,3805;-0,0000;-0,0000;-0,0000;73,0350;-25,2579;-47,7770;-0,0000;-0,0000;43;0
19,6244;-9,2235;-212,9752;97,2802;25,6950;-90,0000;80,7765;400,000;-200,000;25,000;1,259;-0,0000;-0,0771;0,0266;0,0505;-0,0000;-0,0000;0,0000;30,2954;-10,4701;-19,8252;0,0000;0,0000;44;0
19,6340;-9,2235;-212,9752;97,2802;25,6950;-90,0000;80,7765;400,000;-200,000;25,000;0,000;0,0000;0,0000;0,0000;0,0000;0,0000;0,0000;0,0000;4,0180;-1,3882;-2,6297;0,0000;0,0000;44;0
19,6436;-9,2235;-212,9752;97,2802;25,6950;-90,0000;80,7765;400,000;-200,000;25,000;0,000;0,0000;0,0000;0,0000;0,0000;0,0000;0,0000;0,0000;0,0000;0,0000;0,0000;0,0000;0,0000;44;0
19,6532;-9,2235;-212,9752;97,2802;25,6950;-90,0000;80,7765;400,000;-200,000;25,000;0,000;0,0000;0,0000;0,0000;0,0000;0,0000;0,0000;0,0000;0,0000;0,0000;0,0000;0,0000;0,0000;44;0
19,6628;-9,2235;-212,9752;97,2802;25,6950;-90,0000;80,7765;400,000;-200,000;25,000;0,000;0,0000;0,0000;0,0000;0,0000;0,0000;0,0000;0,0000;0,0000;0,0000;0,0000;0,0000;0,0000;44;0
19,6724;-9,2235;-212,9752;97,2802;25,6950;-90,0000;80,7765;400,000;-200,000;25,000;0,000;0,0000;0,0000;0,0000;0,0000;0,0000;0,0000;0,0000;0,0000;0,0000;0,0000;0,0000;0,0000;44;0
19,6820;-9,2235;-212,9752;97,2802;25,6950;-90,0000;80,7765;400,000;-200,000;25,000;0,000;0,0000;0,0000;0,0000;0,0000;0,0000;0,0000;0,0000;0,0000;0,0000;0,0000;0,0000;0,0000;44;0
19,6915;-9,2235;-212,9752;97,2802;25,6950;-90,0000;80,7765;400,000;-200,000;25,000;0,000;0,0000;0,0000;0,0000;0,0000;0,0000;0,0000;0,0000;0,0000;0,0000;0,0000;0,0000;0,0000;44;0
19,7011;-9,2235;-212,9752;97,2802;25,6950;-90,0000;80,7765;400,000;-200,000;25,000;0,000;0,0000;0,0000;0,0000;0,0000;0,0000;0,0000;0,0000;0,0000;0,0000;0,0000;0,0000;0,0000;44;0
19,7107;-9,2235;-212,9752;97,2802;25,6950;-90,0000;80,7765;400,000;-200,000;25,000;0,000;0,0000;0,0000;0,0000;0,0000;0,0000;0,0000;0,0000;0,0000;0,0000;0,0000;0,0000;0,0000;44;0
19,7203;-9,2235;-212,9752;97,2802;25,6950;-90,0000;80,7765;400,000;-200,000;25,000;0,000;0,0000;0,0000;0,0000;0,0000;0,0000;0,0000;0,0000;0,0000;0,0000;0,0000;0,0000;0,0000;44;0
19,7299;-9,2235;-212,9752;97,2802;25,6950;-90,0000;80,7765;400,000;-200,000;25,000;0,000;0,0000;0,0000;0,0000;0,0000;0,0000;0,0000;0,0000;0,0000;0,0000;0,0000;0,0000;0,0000;44;0
19,7395;-9,2235;-212,9752;97,2802;25,6950;-90,0000;80,7765;400,000;-200,000;25,000;0,000;0,0000;0,0000;0,0000;0,0000;0,0000;0,0000;0,0000;0,0000;0,0000;0,0000;0,0000;0,0000;44;0
19,7491;-9,2235;-212,9752;97,2802;25,6950;-90,0000;80,7765;400,000;-200,000;25,000;0,000;0,0000;0,0000;0,0000;0,0000;0,0000;0,0000;0,0000;0,0000;0,0000;0,0000;0,0000;0,0000;44;0
19,7587;-9,2235;-212,9752;97,2802;25,6950;-90,0000;80,7765;400,000;-200,000;25,000;0,000;0,0000;0,0000;0,0000;0,0000;0,0000;0,0000;0,0000;0,0000;0,0000;0,0000;0,0000;0,0000;44;0
19,7683;-9,2235;-212,9752;97,2802;25,6950;-90,0000;80,7765;400,000;-200,000;25,000;0,000;0,0000;0,0000;0,0000;0,0000;0,0000;0,0000;0,0000;0,0000;0,0000;0,0000;0,0000;0,0000;44;0
19,7779;-9,2235;-212,9752;97,2802;25,6950;-90,0000;80,7765;400,000;-200,000;25,000;0,000;0,0000;0,0000;0,0000;0,0000;0,0000;0,0000;0,0000;0,0000;-0,0000;0,0000;0,0000;0,0000;44;0
19,7875;-9,2235;-212,9752;97,2802;25,6950;-90,0000;80,7765;400,000;-200,000;25,000;0,000;0,0000;0,0000;-0,0000;0,0000;0,0000;0,0000;0,0000;0,0000;0,0000;0,0000;0,0000;0,0000;44;0
19,7971;-9,2235;-212,9752;97,2802;25,6950;-90,0000;80,7765;400,000;-200,000;25,000;0,000;0,0000;0,0000;0,0000;0,0000;0,0000;0,0000;0,0000;0,0000;0,0000;0,0000;0,0000;0,0000;44;0
19,8067;-9,2235;-212,9752;97,2802;25,6950;-90,0000;80,7765;400,000;-200,000;25,000;0,000;0,0000;0,0000;0,0000;0,0000;0,0000;0,0000;0,0000;0,0000;-0,0000;0,0000;0,0000;0,0000;44;0
19,8163;-9,2235;-212,9752;97,2802;25,6950;-90,0000;80,7765;400,000;-200,000;25,000;0,000;0,0000;0,0000;0,0000;0,0000;0,0000;0,0000;0,0000;0,0000;0,0000;0,0000;0,0000;0,0000;44;0
19,8259;-9,2235;-212,9752;97,2802;25,6950;-90,0000;80,7765;400,000;-200,000;25,000;0,000;0,0000;0,0000;0,0000;0,0000;0,0000;0,0000;0,0000;0,0000;0,0000;0,0000;0,0000;0,0000;44;0
19,8355;-9,2235;-212,9752;97,2802;25,6950;-90,0000;80,7765;400,000;-200,000;25,000;0,000;0,0000;0,0000;0,0000;0,0000;0,0000;0,0000;0,0000;0,0000;0,0000;0,0000;0,0000;0,0000;44;0
19,8451;-9,2235;-212,9752;97,2802;25,6950;-90,0000;80,7765;400,000;-200,000;25,000;0,000;0,0000;0,0000;0,0000;0,0000;0,0000;0,0000;0,0000;0,0000;0,0000;0,0000;0,0000;0,0000;44;0
19,8547;-9,2235;-212,9752;97,2802;25,6950;-90,0000;80,7765;400,000;-200,000;25,000;0,000;0,0000;0,0000;0,0000;0,0000;0,0000;0,0000;0,0000;0,0000;0,0000;0,0000;0,0000;0,0000;44;0
19,8643;-9,2235;-212,9752;97,2802;25,6950;-90,0000;80,7765;400,000;-200,000;25,000;0,000;0,0000;0,0000;0,0000;0,0000;0,0000;0,0000;0,0000;0,0000;0,0000;0,0000;0,0000;0,0000;44;0
19,8739;-9,2235;-212,9752;97,2802;25,6950;-90,0000;80,7765;400,000;-200,000;25,000;0,000;0,0000;0,0000;0,0000;0,0000;0,0000;0,0000;0,0000;0,0000;0,0000;0,0000;0,0000;0,0000;44;0
19,8835;-9,2235;-212,9752;97,2802;25,6950;-90,0000;80,7765;400,000;-200,000;25,000;0,000;0,0000;0,0000;0,0000;0,0000;0,0000;0,0000;0,0000;0,0000;0,0000;0,0000;0,0000;0,0000;44;0
19,8931;-9,2235;-212,9752;97,2802;25,6950;-90,0000;80,7765;400,000;-200,000;25,000;0,000;0,0000;0,0000;0,0000;0,0000;0,0000;0,0000;0,0000;0,0000;0,0000;0,0000;0,0000;0,0000;44;0
19,9027;-9,2235;-212,9752;97,2802;25,6950;-90,0000;80,7765;400,000;-200,000;25,000;0,000;0,0000;0,0000;0,0000;0,0000;0,0000;0,0000;0,0000;0,3337;-0,1153;-0,2184;0,0000;0,0000;44;0
19,9123;-9,2235;-212,9752;97,2802;25,6950;-90,0000;80,7765;400,000;-200,000;25,000;0,000;0,0000;0,0064;-0,0022;-0,0042;0,0000;0,0000;0,0000;16,6244;-5,7446;-10,8799;0,0000;0,0000;44;0
19,9219;-9,2235;-212,9751;97,2802;25,6949;-90,0000;80,7765;400,000;-200,000;25,001;0,105;0,0000;0,3191;-0,1103;-0,2088;0,0000;0,0000;-0,0000;56,7440;-19,6170;-37,1270;0,0000;-0,0000;46;0
19,9315;-9,2235;-212,9691;97,2781;25,6910;-90,0000;80,7765;400,000;-200,000;25,050;5,106;0,0000;1,0955;-0,3787;-0,7168;0,0000;-0,0000;-0,0000;89,4512;-30,9606;-58,4906;0,0000;-0,0000;46;0
19,9411;-9,2235;-212,9540;97,2729;25,6812;-90,0000;80,7765;400,000;-200,000;25,173;12,783;0,0000;2,0359;-0,7045;-1,3314;0,0000;0,0000;0,0000;98,0094;-34,0112;-63,9982;0,0000;-0,0000;46;0
19,9506;-9,2235;-212,9300;97,2646;25,6654;-90,0000;80,7765;400,000;-200,000;25,369;20,460;0,0000;2,9765;-1,0315;-1,9450;0,0000;-0,0000;0,0000;98,0426;-34,1726;-63,8700;0,0000;-0,0000;46;0
19,9602;-9,2235;-212,8969;97,2531;25,6438;-90,0000;80,7765;400,000;-200,000;25,639;28,137;0,0000;3,9175;-1,3603;-2,5572;0,0000;-0,0000;0,0000;98,0882;-34,3945;-63,6937;0,0000;0,0000;46;0
19,9698;-9,2235;-212,8548;97,2385;25,6164;-90,0000;80,7765;400,000;-200,000;25,983;35,814;0,0000;4,8591;-1,6916;-3,1675;0,0000;0,0000;0,0000;98,1460;-34,6770;-63,4690;0,0000;0,0000;46;0
19,9794;-9,2235;-212,8037;97,2206;25,5830;-90,0000;80,7765;400,000;-200,000;26,400;43,491;0,0000;5,8012;-2,0259;-3,7754;0,0000;0,0000;-0,0000;98,2158;-35,0199;-63,1959;-0,0000;-0,0000;46;0
19,9890;-9,2235;-212,7435;97,1996;25,5439;-90,0000;80,7765;400,000;-200,000;26,891;51,168;0,0000;6,7441;-2,3637;-4,3804;0,0000;0,0000;-0,0000;98,2975;-35,4234;-62,8742;-0,0000;-0,0000;46;0
19,9986;-9,2235;-212,6742;97,1753;25,4990;-90,0000;80,7765;400,000;-200,000;27,456;58,845;0,0000;7,6878;-2,7057;-4,9821;0,0000;-0,0000;-0,0000;98,3908;-35,8872;-62,5036;-0,0000;-0,0000;46;0
20,0082;-9,2235;-212,5959;97,1476;25,4483;-90,0000;80,7765;400,000;-200,000;28,094;66,522;-0,0000;8,6325;-3,0525;-5,5800;-0,0000;-0,0000;-0,0000;98,4954;-36,4115;-62,0839;-0,0000;-0,0000;46;0
20,0178;-9,2235;-212,5085;97,1167;25,3919;-90,0000;80,7765;400,000;-200,000;28,806;74,199;-0,0000;9,5782;-3,4046;-6,1736;-0,0000;-0,0000;0,0000;98,6110;-36,9961;-61,6149;0,0000;0,0000;46;0
20,0274;-9,2235;-212,4121;97,0823;25,3298;-90,0000;80,7765;400,000;-200,000;29,592;81,876;0,0000;10,5251;-3,7625;-6,7625;0,0000;0,0000;0,0000;98,7373;-37,6410;-61,0962;0,0000;0,0000;46;0
20,0370;-9,2235;-212,3065;97,0445;25,2621;-90,0000;80,7765;400,000;-200,000;30,451;89,553;0,0000;11,4732;-4,1270;-7,3462;0,0000;0,0000;-0,0000;98,8739;-38,3463;-60,5277;0,0000;-0,0000;46;0
20,0466;-9,2235;-212,1919;97,0031;25,1888;-90,0000;80,7765;400,000;-200,000;31,384;97,230;0,0000;12,4227;-4,4985;-7,9242;0,0000;0,0000;0,0000;99,0205;-39,1117;-59,9088;0,0000;-0,0000;46;0
20,0562;-9,2235;-212,0681;96,9581;25,1100;-90,0000;80,7765;400,000;-200,000;32,391;104,907;0,0000;13,3737;-4,8776;-8,4960;0,0000;0,0000;0,0000;99,1766;-39,9373;-59,2393;0,0000;0,0000;46;0
20,0658;-9,2235;-211,9352;96,9095;25,0257;-90,0000;80,7765;400,000;-200,000;33,471;112,584;0,0000;14,3261;-5,2650;-9,0612;0,0000;0,0000;0,0000;99,3418;-40,8230;-58,5187;0,0000;-0,0000;46;0
20,0754;-9,2235;-211,7932;96,8571;24,9361;-90,0000;80,7765;400,000;-200,000;34,625;120,261;0,0000;15,2803;-5,6611;-9,6191;0,0000;0,0000;-0,0000;99,5155;-41,7688;-57,7468;-0,0000;-0,0000;46;0
20,0850;-9,2235;-211,6420;96,8008;24,8411;-90,0000;80,7765;400,000;-200,000;35,853;127,938;-0,0000;16,2361;-6,0666;-10,1695;-0,0000;-0,0000;-0,0000;99,6974;-42,7745;-56,9229;-0,0000;-0,0000;46;0
20,0946;-9,2235;-211,4816;96,7406;24,7409;-90,0000;80,7765;400,000;-200,000;37,155;135,615;-0,0000;17,1937;-6,4821;-10,7116;-0,0000;-0,0000;0,0000;99,8869;-43,8402;-56,0468;0,0000;0,0000;46;0
20,1042;-9,2235;-211,3120;96,6764;24,6355;-90,0000;80,7765;400,000;-200,000;38,530;143,292;0,0000;18,1532;-6,9080;-11,2451;0,0000;0,0000;0,0000;100,0835;-44,9657;-55,1178;0,0000;0,0000;46;0
20,1138;-9,2235;-211,1332;96,6081;24,5251;-90,0000;80,7765;400,000;-200,000;39,978;150,969;0,0000;19,1146;-7,3451;-11,7695;0,0000;-0,0000;0,0000;100,2866;-46,1510;-54,1356;0,0000;0,0000;46;0
20,1234;-9,2235;-210,9451;96,5355;24,4096;-90,0000;80,7765;400,000;-200,000;41,501;158,646;0,0000;20,0779;-7,7938;-12,2841;0,0000;0,0000;0,0000;100,4957;-47,3960;-53,0997;0,0000;0,0000;46;0
20,1330;-9,2235;-210,7478;96,4585;24,2893;-90,0000;80,7765;400,000;-200,000;43,097;166,323;0,0000;21,0433;-8,2547;-12,7886;0,0000;0,0000;0,0000;100,7102;-48,7007;-52,0096;0,0000;0,0000;46;0
20,1426;-9,2235;-210,5412;96,3770;24,1642;-90,0000;80,7765;400,000;-200,000;44,767;174,000;0,0000;22,0108;-8,7285;-13,2823;0,0000;0,0000;0,0000;100,9296;-50,0649;-50,8647;0,0000;-0,0000;46;0
20,1522;-9,2235;-210,3254;96,2910;24,0344;-90,0000;80,7765;400,000;-200,000;46,510;181,677;0,0000;22,9804;-9,2156;-13,7648;0,0000;0,0000;-0,0000;101,1533;-51,4888;-49,6645;-0,0000;-0,0000;46;0
20,1618;-9,2235;-210,1002;96,2002;23,9000;-90,0000;80,7765;400,000;-200,000;48,327;189,354;0,0000;23,9522;-9,7167;-14,2355;0,0000;-0,0000;-0,0000;101,3806;-52,9720;-48,4086;-0,0000;-0,0000;46;0
20,1714;-9,2235;-209,8657;96,1045;23,7612;-90,0000;80,7765;400,000;-200,000;50,218;197,031;-0,0000;24,9262;-10,2323;-14,6939;-0,0000;-0,0000;-0,0000;101,6111;-54,5148;-47,0963;-0,0000;-0,0000;46;0
20,1810;-9,2235;-209,6218;96,0038;23,6180;-90,0000;80,7765;400,000;-200,000;52,182;204,708;-0,0000;25,9024;-10,7630;-15,1394;-0,0000;-0,0000;0,0000;101,8442;-56,1169;-45,7272;0,0000;0,0000;46;0
20,1906;-9,2235;-209,3685;95,8979;23,4706;-90,0000;80,7765;400,000;-200,000;54,220;212,385;0,0000;26,8808;-11,3093;-15,5715;0,0000;0,0000;0,0000;102,0793;-57,7784;-44,3008;0,0000;0,0000;46;0
20,2002;-9,2235;-209,1059;95,7867;23,3191;-90,0000;80,7765;400,000;-200,000;56,332;220,062;0,0000;27,8616;-11,8719;-15,9897;0,0000;-0,0000;-0,0000;102,3158;-59,4993;-42,8165;-0,0000;-0,0000;46;0
20,2097;-9,2235;-208,8338;95,6701;23,1637;-90,0000;80,7765;400,000;-200,000;58,518;227,739;0,0000;28,8445;-12,4513;-16,3933;0,0000;-0,0000;0,0000;102,5534;-61,2796;-41,2739;0,0000;0,0000;46;0
20,2193;-9,2235;-208,5523;95,5477;23,0045;-90,0000;80,7765;400,000;-200,000;60,777;235,416;0,0000;29,8298;-13,0480;-16,7818;0,0000;0,0000;0,0000;102,7915;-63,1192;-39,6723;0,0000;0,0000;46;0
20,2289;-9,2235;-208,2613;95,4196;22,8417;-90,0000;80,7765;400,000;-200,000;63,110;243,093;0,0000;30,8174;-13,6627;-17,1547;0,0000;0,0000;0,0000;103,0296;-65,0183;-38,0113;0,0000;0,0000;46;0
20,2385;-9,2235;-207,9608;95,2855;22,6753;-90,0000;80,7765;400,000;-200,000;65,516;250,770;0,0000;31,8072;-14,2959;-17,5114;0,0000;0,0000;0,0000;103,2673;-66,9768;-36,2905;0,0000;0,0000;46;0
20,2481;-9,2235;-207,6508;95,1453;22,5056;-90,0000;80,7765;400,000;-200,000;67,996;258,447;0,0000;32,7993;-14,9481;-17,8512;0,0000;0,0000;0,0000;103,5043;-68,9950;-34,5093;0,0000;-0,0000;46;0
20,2577;-9,2235;-207,3313;94,9986;22,3327;-90,0000;80,7765;400,000;-200,000;70,550;266,124;0,0000;33,7937;-15,6200;-18,1737;0,0000;0,0000;0,0000;101,1343;-69,8335;-31,3008;0,0000;0,0000;46;0
20,2673;-9,2235;-207,0022;94,8455;22,1568;-90,0000;80,7765;400,000;-200,000;73,177;273,801;0,0000;34,7404;-16,2884;-18,4520;0,0000;0,0000;0,0000;60,0663;-52,0264;-8,0398;0,0000;0,0000;46;0
20,2769;-9,2235;-206,6645;94,6860;21,9785;-90,0000;80,7765;400,000;-200,000;75,871;280,681;0,0000;34,9466;-16,6186;-18,3280;0,0000;0,0000;0,0000;-26,1487;-11,5511;37,6997;0,0000;-0,0000;46;0
20,2865;-9,2235;-206,3315;94,5265;21,8050;-90,0000;80,7765;400,000;-200,000;78,525;276,530;0,0000;34,2385;-16,5101;-17,7284;0,0000;0,0000;0,0000;-85,4738;17,7666;67,7072;-0,0000;-0,0000;46;0
20,2961;-9,2235;-206,0074;94,3691;21,6383;-90,0000;80,7765;400,000;-200,000;81,105;268,853;0,0000;33,3061;-16,2776;-17,0285;0,0000;0,0000;-0,0000;-97,3329;25,2683;72,0646;-0,0000;0,0000;46;0
20,3057;-9,2235;-205,6923;94,2141;21,4782;-90,0000;80,7765;400,000;-200,000;83,611;261,176;0,0000;32,3704;-16,0251;-16,3453;0,0000;0,0000;0,0000;-97,6613;27,3135;70,3478;0,0000;0,0000;46;0
20,3153;-9,2235;-205,3861;94,0616;21,3246;-90,0000;80,7765;400,000;-200,000;86,044;253,499;0,0000;31,4317;-15,7534;-15,6784;0,0000;0,0000;0,0000;-97,9706;29,2976;68,6730;0,0000;0,0000;46;0
20,3249;-9,2235;-205,0890;93,9118;21,1773;-90,0000;80,7765;400,000;-200,000;88,403;245,822;0,0000;30,4901;-15,4628;-15,0273;0,0000;0,0000;-0,0000;-98,2618;31,2208;67,0410;-0,0000;0,0000;46;0
20,3345;-9,2235;-204,8010;93,7648;21,0362;-90,0000;80,7765;400,000;-200,000;90,688;238,145;0,0000;29,5458;-15,1542;-14,3917;0,0000;0,0000;-0,0000;-98,5361;33,0833;65,4528;-0,0000;-0,0000;46;0
20,3441;-9,2235;-204,5220;93,6209;20,9011;-90,0000;80,7765;400,000;-200,000;92,899;230,468;0,0000;28,5990;-14,8279;-13,7711;0,0000;0,0000;0,0000;-98,7945;34,8852;63,9093;0,0000;-0,0000;46;0
20,3537;-9,2235;-204,2521;93,4802;20,7719;-90,0000;80,7765;400,000;-200,000;95,037;222,791;0,0000;27,6497;-14,4846;-13,1651;0,0000;0,0000;-0,0000;-99,0380;36,6269;62,4111;-0,0000;-0,0000;46;0
20,3633;-9,2235;-203,9913;93,3429;20,6484;-90,0000;80,7765;400,000;-200,000;97,102;215,114;0,0000;26,6982;-14,1249;-12,5733;0,0000;0,0000;-0,0000;-99,2675;38,3083;60,9592;-0,0000;-0,0000;46;0
20,3729;-9,2235;-203,7397;93,2091;20,5305;-90,0000;80,7765;400,000;-200,000;99,092;207,437;0,0000;25,7445;-13,7494;-11,9951;0,0000;0,0000;-0,0000;-99,4836;39,9296;59,5540;-0,0000;0,0000;46;0
20,3825;-9,2235;-203,4972;93,0790;20,4182;-90,0000;80,7765;400,000;-200,000;101,009;199,760;0,0000;24,7888;-13,3586;-11,4303;0,0000;0,0000;0,0000;-99,6873;41,4909;58,1964;0,0000;0,0000;46;0
20,3921;-9,2235;-203,2639;92,9527;20,3112;-90,0000;80,7765;400,000;-200,000;102,853;192,083;0,0000;23,8313;-12,9531;-10,8782;0,0000;0,0000;0,0000;-99,8791;42,9923;56,8868;0,0000;0,0000;46;0
20,4017;-9,2235;-203,0398;92,8304;20,2094;-90,0000;80,7765;400,000;-200,000;104,622;184,406;0,0000;22,8719;-12,5334;-10,3385;0,0000;0,0000;-0,0000;-100,0597;44,4338;55,6259;-0,0000;-0,0000;46;0
20,4113;-9,2235;-202,8249;92,7122;20,1127;-90,0000;80,7765;400,000;-200,000;106,318;176,729;0,0000;21,9109;-12,1003;-9,8106;0,0000;0,0000;-0,0000;-100,2297;45,8156;54,4141;-0,0000;-0,0000;46;0
20,4209;-9,2235;-202,6193;92,5982;20,0211;-90,0000;80,7765;400,000;-200,000;107,940;169,052;0,0000;20,9482;-11,6541;-9,2941;0,0000;0,0000;-0,0000;-100,3895;47,1376;53,2520;-0,0000;0,0000;46;0
20,4305;-9,2235;-202,4229;92,4885;19,9344;-90,0000;80,7765;400,000;-200,000;109,489;161,375;0,0000;19,9841;-11,1956;-8,7885;0,0000;0,0000;-0,0000;-100,5397;48,3998;52,1399;-0,0000;-0,0000;46;0
20,4401;-9,2235;-202,2357;92,3833;19,8524;-90,0000;80,7765;400,000;-200,000;110,964;153,698;0,0000;19,0186;-10,7252;-8,2934;0,0000;0,0000;-0,0000;-100,6807;49,6024;51,0783;-0,0000;0,0000;46;0
20,4497;-9,2235;-202,0579;92,2827;19,7752;-90,0000;80,7765;400,000;-200,000;112,365;146,021;0,0000;18,0518;-10,2436;-7,8082;0,0000;0,0000;-0,0000;-100,8127;50,7452;50,0676;-0,0000;0,0000;46;0
20,4593;-9,2235;-201,8893;92,1867;19,7026;-90,0000;80,7765;400,000;-200,000;113,693;138,344;0,0000;17,0838;-9,7513;-7,3325;0,0000;0,0000;-0,0000;-100,9363;51,8282;49,1081;-0,0000;-0,0000;46;0
20,4688;-9,2235;-201,7300;92,0955;19,6345;-90,0000;80,7765;400,000;-200,000;114,947;130,667;0,0000;16,1146;-9,2489;-6,8657;0,0000;0,0000;-0,0000;-101,0517;52,8515;48,2002;-0,0000;-0,0000;46;0
20,4784;-9,2235;-201,5800;92,0092;19,5708;-90,0000;80,7765;400,000;-200,000;116,127;122,990;0,0000;15,1443;-8,7369;-6,4074;0,0000;0,0000;-0,0000;-101,1592;53,8150;47,3442;-0,0000;0,0000;46;0
20,4880;-9,2235;-201,4393;91,9278;19,5115;-90,0000;80,7765;400,000;-200,000;117,233;115,313;0,0000;14,1731;-8,2160;-5,9571;0,0000;0,0000;-0,0000;-101,2590;54,7187;46,5403;-0,0000;0,0000;46;0
20,4976;-9,2235;-201,3080;91,8515;19,4565;-90,0000;80,7765;400,000;-200,000;118,266;107,636;0,0000;13,2009;-7,6867;-5,5142;0,0000;0,0000;-0,0000;-101,3513;55,5625;45,7888;-0,0000;-0,0000;46;0
20,5072;-9,2235;-201,1860;91,7803;19,4057;-90,0000;80,7765;400,000;-200,000;119,226;99,959;0,0000;12,2279;-7,1496;-5,0783;0,0000;0,0000;-0,0000;-101,4363;56,3464;45,0899;-0,0000;-0,0000;46;0
20,5168;-9,2235;-201,0733;91,7143;19,3590;-90,0000;80,7765;400,000;-200,000;120,111;92,282;0,0000;11,2541;-6,6053;-4,6488;0,0000;0,0000;-0,0000;-101,5143;57,0704;44,4440;-0,0000;0,0000;46;0
20,5264;-9,2235;-200,9700;91,6535;19,3164;-90,0000;80,7765;400,000;-200,000;120,923;84,605;0,0000;10,2796;-6,0543;-4,2253;0,0000;0,0000;-0,0000;-101,5854;57,7343;43,8511;-0,0000;0,0000;46;0
20,5360;-9,2235;-200,8760;91,5981;19,2779;-90,0000;80,7765;400,000;-200,000;121,661;76,927;0,0000;9,3044;-5,4972;-3,8072;0,0000;0,0000;-0,0000;-101,6496;58,3382;43,3114;-0,0000;-0,0000;46;0
20,5456;-9,2235;-200,7914;91,5480;19,2434;-90,0000;80,7765;400,000;-200,000;122,326;69,250;0,0000;8,3287;-4,9347;-3,3940;0,0000;0,0000;-0,0000;-101,7071;58,8820;42,8252;-0,0000;-0,0000;46;0
20,5552;-9,2235;-200,7162;91,5034;19,2128;-90,0000;80,7765;400,000;-200,000;122,917;61,573;0,0000;7,3524;-4,3671;-2,9852;0,0000;0,0000;-0,0000;-101,7581;59,3656;42,3925;-0,0000;-0,0000;46;0
20,5648;-9,2235;-200,6503;91,4642;19,1861;-90,0000;80,7765;400,000;-200,000;123,434;53,896;0,0000;6,3757;-3,7953;-2,5804;0,0000;0,0000;-0,0000;-101,8025;59,7890;42,0134;-0,0000;-0,0000;46;0
20,5744;-9,2235;-200,5938;91,4306;19,1632;-90,0000;80,7765;400,000;-200,000;123,877;46,219;0,0000;5,3985;-3,2196;-2,1789;0,0000;0,0000;-0,0000;-101,8404;60,1522;41,6882;-0,0000;0,0000;46;0
20,5840;-9,2235;-200,5467;91,4024;19,1443;-90,0000;80,7765;400,000;-200,000;124,247;38,542;0,0000;4,4211;-2,6408;-1,7803;0,0000;0,0000;-0,0000;-101,8720;60,4552;41,4168;-0,0000;-0,0000;46;0
20,5936;-9,2235;-200,5089;91,3799;19,1291;-90,0000;80,7765;400,000;-200,000;124,543;30,865;0,0000;3,4434;-2,0594;-1,3840;0,0000;0,0000;-0,0000;-101,8972;60,6978;41,1994;-0,0000;-0,0000;46;0
20,6032;-9,2235;-200,4806;91,3629;19,1177;-90,0000;80,7765;400,000;-200,000;124,766;23,188;0,0000;2,4654;-1,4759;-0,9896;0,0000;0,0000;-0,0000;-101,9162;60,8801;41,0360;-0,0000;-0,0000;46;0
20,6128;-9,2235;-200,4616;91,3515;19,1101;-90,0000;80,7765;400,000;-200,000;124,915;15,511;0,0000;1,4873;-0,8909;-0,5964;0,0000;0,0000;5,1734;-98,9990;59,2463;39,7527;-0,0000;5,1734;46;0
20,6224;-9,2235;-200,4521;91,3458;19,1062;-90,0000;80,7765;400,000;-200,000;124,990;7,834;0,0993;0,5654;-0,3388;-0,2266;-0,0000;0,0993;49,2512;-74,0434;44,3509;29,6926;-0,0000;49,2512;46;0
20,6320;-9,2216;-200,4508;91,3450;19,1057;-90,0000;80,7784;400,007;-199,987;125,000;1,867;0,9453;0,0663;-0,0397;-0,0265;-0,0000;0,9453;127,9823;-29,4585;17,6514;11,8070;0,0000;127,9823;47;0
20,6416;-9,2053;-200,4508;91,3450;19,1057;-90,0000;80,7947;400,063;-199,873;125,000;13,206;2,5556;-0,0000;-0,0000;-0,0000;0,0000;2,5556;173,9045;-3,4520;2,0688;1,3833;0,0000;173,9045;47;0
20,6512;-9,1725;-200,4508;91,3450;19,1057;-90,0000;80,8275;400,178;-199,644;125,000;26,689;4,2829;-0,0000;-0,0000;-0,0000;0,0000;4,2829;180,0000;-0,0000;-0,0000;-0,0000;0,0000;180,0000;47;0
20,6608;-9,1231;-200,4508;91,3450;19,1057;-90,0000;80,8769;400,350;-199,299;125,000;40,171;6,0103;-0,0000;-0,0000;-0,0000;0,0000;6,0103;180,0000;-0,0000;-0,0000;-0,0000;0,0000;180,0000;47;0
20,6704;-9,0572;-200,4508;91,3450;19,1057;-90,0000;80,9428;400,579;-198,838;125,000;53,653;7,7376;-0,0000;-0,0000;-0,0000;0,0000;7,7376;180,0000;-0,0000;-0,0000;-0,0000;0,0000;180,0000;47;0
20,6800;-8,9746;-200,4508;91,3450;19,1057;-90,0000;81,0254;400,865;-198,261;125,000;67,136;9,4649;-0,0000;-0,0000;-0,0000;0,0000;9,4649;180,0000;-0,0000;-0,0000;-0,0000;0,0000;180,0000;47;0
20,6896;-8,8755;-200,4508;91,3450;19,1057;-90,0000;81,1245;401,207;-197,567;125,000;80,618;11,1922;-0,0000;-0,0000;-0,0000;0,0000;11,1922;180,0000;-0,0000;-0,0000;-0,0000;0,0000;180,0000;47;0
20,6992;-8,7598;-200,4508;91,3450;19,1057;-90,0000;81,2402;401,605;-196,757;125,000;94,101;12,9196;-0,0000;-0,0000;-0,0000;0,0000;12,9196;180,0000;-0,0000;-0,0000;-0,0000;0,0000;180,0000;47;0
20,7088;-8,6275;-200,4508;91,3450;19,1057;-90,0000;81,3725;402,058;-195,829;125,000;107,583;14,6469;-0,0000;-0,0000;-0,0000;0,0000;14,6469;180,0000;-0,0000;-0,0000;-0,0000;0,0000;180,0000;47;0
20,7184;-8,4787;-200,4508;91,3450;19,1057;-90,0000;81,5213;402,566;-194,784;125,000;121,065;16,3742;-0,0000;-0,0000;-0,0000;0,0000;16,3742;180,0000;-0,0000;-0,0000;-0,0000;0,0000;180,0000;47;0
20,7279;-8,3133;-200,4508;91,3450;19,1057;-90,0000;81,6867;403,127;-193,621;125,000;134,548;18,1016;-0,0000;-0,0000;-0,0000;0,0000;18,1016;180,0000;-0,0000;-0,0000;-0,0000;0,0000;180,0000;47;0
20,7375;-8,1313;-200,4508;91,3450;19,1057;-90,0000;81,8687;403,740;-192,339;125,000;148,030;19,8289;-0,0000;-0,0000;-0,0000;0,0000;19,8289;180,0000;-0,0000;-0,0000;-0,0000;0,0000;180,0000;47;0
20,7471;-7,9327;-200,4508;91,3450;19,1057;-90,0000;82,0673;404,404;-190,939;125,000;161,513;21,5562;-0,0000;-0,0000;-0,0000;0,0000;21,5562;180,0000;-0,0000;-0,0000;-0,0000;0,0000;180,0000;47;0
20,7567;-7,7176;-200,4508;91,3450;19,1057;-90,0000;82,2824;405,118;-189,419;125,000;174,995;23,2835;-0,0000;-0,0000;-0,0000;0,0000;23,2835;180,0000;-0,0000;-0,0000;-0,0000;0,0000;180,0000;47;0
20,7663;-7,4858;-200,4508;91,3450;19,1057;-90,0000;82,5142;405,881;-187,779;125,000;188,477;25,0109;-0,0000;-0,0000;-0,0000;0,0000;25,0109;180,0000;-0,0000;-0,0000;-0,0000;0,0000;180,0000;47;0
20,7759;-7,2375;-200,4508;91,3450;19,1057;-90,0000;82,7625;406,691;-186,018;125,000;201,960;26,7382;-0,0000;-0,0000;-0,0000;0,0000;26,7382;180,0000;-0,0000;-0,0000;-0,0000;0,0000;180,0000;47;0
20,7855;-6,9727;-200,4508;91,3450;19,1057;-90,0000;83,0273;407,546;-184,136;125,000;215,442;28,4655;-0,0000;-0,0000;-0,0000;0,0000;28,4655;180,0000;-0,0000;-0,0000;-0,0000;0,0000;180,0000;47;0
20,7951;-6,6912;-200,4508;91,3450;19,1057;-90,0000;83,3088;408,446;-182,132;125,000;228,924;30,1929;-0,0000;-0,0000;-0,0000;0,0000;30,1929;180,0000;-0,0000;-0,0000;-0,0000;0,0000;180,0000;47;0
20,8047;-6,3932;-200,4508;91,3450;19,1057;-90,0000;83,6068;409,388;-180,005;125,000;242,407;31,9202;-0,0000;-0,0000;-0,0000;0,0000;31,9202;180,0000;-0,0000;-0,0000;-0,0000;0,0000;180,0000;47;0
20,8143;-6,0786;-200,4508;91,3450;19,1057;-90,0000;83,9214;410,370;-177,754;125,000;255,889;33,6475;-0,0000;-0,0000;-0,0000;0,0000;33,6475;180,0000;-0,0000;-0,0000;-0,0000;0,0000;180,0000;47;0
20,8239;-5,7474;-200,4508;91,3450;19,1057;-90,0000;84,2526;411,390;-175,379;125,000;269,371;35,3748;-0,0000;-0,0000;-0,0000;0,0000;35,3748;180,0000;-0,0000;-0,0000;-0,0000;0,0000;180,0000;47;0
20,8335;-5,3997;-200,4508;91,3450;19,1057;-90,0000;84,6003;412,447;-172,879;125,000;282,854;37,1022;-0,0000;-0,0000;-0,0000;0,0000;37,1022;180,0000;-0,0000;-0,0000;-0,0000;0,0000;180,0000;47;0
20,8431;-5,0353;-200,4508;91,3450;19,1057;-90,0000;84,9647;413,538;-170,253;125,000;296,336;38,8295;-0,0000;-0,0000;-0,0000;0,0000;38,8295;180,0000;-0,0000;-0,0000;-0,0000;0,0000;180,0000;47;0
20,8527;-4,6544;-200,4508;91,3450;19,1057;-90,0000;85,3456;414,661;-167,500;125,000;309,818;40,5568;-0,0000;-0,0000;-0,0000;0,0000;40,5568;180,0000;-0,0000;-0,0000;-0,0000;0,0000;180,0000;47;0
20,8623;-4,2569;-200,4508;91,3450;19,1057;-90,0000;85,7431;415,813;-164,620;125,000;323,301;42,2842;-0,0000;-0,0000;-0,0000;0,0000;42,2842;180,0000;-0,0000;-0,0000;-0,0000;0,0000;180,0000;47;0
20,8719;-3,8429;-200,4508;91,3450;19,1057;-90,0000;86,1571;416,992;-161,610;125,000;336,783;44,0115;-0,0000;-0,0000;-0,0000;0,0000;44,0115;180,0000;-0,0000;-0,0000;-0,0000;0,0000;180,0000;47;0
20,8815;-3,4122;-200,4508;91,3450;19,1057;-90,0000;86,5878;418,195;-158,472;125,000;350,265;45,7388;-0,0000;-0,0000;-0,0000;0,0000;45,7388;180,0000;-0,0000;-0,0000;-0,0000;0,0000;180,0000;47;0
20,8911;-2,9650;-200,4508;91,3450;19,1057;-90,0000;87,0350;419,419;-155,203;125,000;363,748;47,4661;-0,0000;-0,0000;-0,0000;0,0000;47,4661;180,0000;-0,0000;-0,0000;-0,0000;0,0000;180,0000;47;0
20,9007;-2,5012;-200,4508;91,3450;19,1057;-90,0000;87,4988;420,661;-151,803;125,000;377,230;49,1935;-0,0000;-0,0000;-0,0000;0,0000;49,1935;180,0000;-0,0000;-0,0000;-0,0000;0,0000;180,0000;47;0
20,9103;-2,0209;-200,4508;91,3450;19,1057;-90,0000;87,9791;421,919;-148,271;125,000;390,712;50,9208;-0,0000;-0,0000;-0,0000;0,0000;50,9208;180,0000;-0,0000;-0,0000;-0,0000;0,0000;180,0000;47;0
20,9199;-1,5239;-200,4508;91,3450;19,1057;-90,0000;88,4761;423,189;-144,606;125,000;404,195;52,6481;-0,0000;-0,0000;-0,0000;0,0000;52,6481;180,0000;-0,0000;-0,0000;-0,0000;0,0000;180,0000;47;0
20,9295;-1,0104;-200,4508;91,3450;19,1057;-90,0000;88,9896;424,468;-140,807;125,000;417,677;54,3755;-0,0000;-0,0000;-0,0000;0,0000;54,3755;180,0000;-0,0000;-0,0000;-0,0000;0,0000;180,0000;47;0
20,9391;-0,4803;-200,4508;91,3450;19,1057;-90,0000;89,5197;425,753;-136,874;125,000;431,159;56,1028;-0,0000;-0,0000;-0,0000;0,0000;56,1028;180,0000;-0,0000;-0,0000;-0,0000;0,0000;180,0000;47;0
20,9487;0,0663;-200,4508;91,3450;19,1057;-90,0000;90,0663;427,039;-132,806;125,000;444,641;57,8301;-0,0000;-0,0000;-0,0000;0,0000;57,8301;180,0000;-0,0000;-0,0000;-0,0000;0,0000;180,0000;47;0
20,9583;0,6296;-200,4508;91,3450;19,1057;-90,0000;90,6296;428,324;-128,601;125,000;458,124;59,5575;-0,0000;-0,0000;-0,0000;0,0000;59,5575;180,0000;-0,0000;-0,0000;-0,0000;0,0000;180,0000;47;0
20,9679;1,2094;-200,4508;91,3450;19,1057;-90,0000;91,2094;429,604;-124,260;125,000;471,606;61,2848;-0,0000;-0,0000;-0,0000;0,0000;61,2848;180,0000;-0,0000;-0,0000;-0,0000;0,0000;180,0000;47;0
20,9775;1,8058;-200,4508;91,3450;19,1057;-90,0000;91,8058;430,874;-119,782;125,000;485,088;63,0121;-0,0000;-0,0000;-0,0000;0,0000;63,0121;180,0000;-0,0000;-0,0000;-0,0000;0,0000;180,0000;47;0
20,9870;2,4187;-200,4508;91,3450;19,1057;-90,0000;92,4187;432,131;-115,166;125,000;498,570;64,7394;-0,0000;-0,0000;-0,0000;0,0000;64,7394;180,0000;-0,0000;-0,0000;-0,0000;0,0000;180,0000;47;0
20,9966;3,0483;-200,4508;91,3450;19,1057;-90,0000;93,0483;433,370;-110,411;125,000;512,053;66,4668;-0,0000;-0,0000;-0,0000;0,0000;66,4668;180,0000;-0,0000;-0,0000;-0,0000;0,0000;180,0000;47;0
21,0062;3,6944;-200,4508;91,3450;19,1057;-90,0000;93,6944;434,587;-105,517;125,000;525,535;68,1941;-0,0000;-0,0000;-0,0000;0,0000;68,1941;180,0000;-0,0000;-0,0000;-0,0000;0,0000;180,0000;47;0
21,0158;4,3571;-200,4508;91,3450;19,1057;-90,0000;94,3571;435,779;-100,483;125,000;539,017;69,9214;-0,0000;-0,0000;-0,0000;0,0000;69,9214;180,0000;-0,0000;-0,0000;-0,0000;0,0000;180,0000;47;0
21,0254;5,0364;-200,4508;91,3450;19,1057;-90,0000;95,0364;436,939;-95,310;125,000;552,499;71,6488;-0,0000;-0,0000;-0,0000;0,0000;71,6488;180,0000;-0,0000;-0,0000;-0,0000;0,0000;180,0000;47;0
21,0350;5,7322;-200,4508;91,3450;19,1057;-90,0000;95,7322;438,065;-89,996;125,000;565,981;73,3761;-0,0000;-0,0000;-0,0000;0,0000;73,3761;180,0000;-0,0000;-0,0000;-0,0000;0,0000;180,0000;47;0
21,0446;6,4447;-200,4508;91,3450;19,1057;-90,0000;96,4447;439,150;-84,543;125,000;579,463;75,1034;-0,0000;-0,0000;-0,0000;0,0000;75,1034;180,0000;-0,0000;-0,0000;-0,0000;0,0000;180,0000;47;0
21,0542;7,1737;-200,4508;91,3450;19,1057;-90,0000;97,1737;440,190;-78,948;125,000;592,946;76,8307;-0,0000;-0,0000;-0,0000;0,0000;76,8307;180,0000;-0,0000;-0,0000;-0,0000;0,0000;180,0000;47;0
21,0638;7,9192;-200,4508;91,3450;19,1057;-90,0000;97,9192;441,180;-73,214;125,000;606,428;78,5581;-0,0000;-0,0000;-0,0000;0,0000;78,5581;180,0000;-0,0000;-0,0000;-0,0000;0,0000;180,0000;47;0
21,0734;8,6814;-200,4508;91,3450;19,1057;-90,0000;98,6814;442,115;-67,339;125,000;619,910;80,2854;-0,0000;-0,0000;-0,0000;0,0000;80,2854;180,0000;-0,0000;-0,0000;-0,0000;0,0000;180,0000;47;0
21,0830;9,4601;-200,4508;91,3450;19,1057;-90,0000;99,4601;442,989;-61,324;125,000;633,392;82,0127;-0,0000;-0,0000;-0,0000;0,0000;82,0127;180,0000;-0,0000;-0,0000;-0,0000;0,0000;180,0000;47;0
21,0926;10,2554;-200,4508;91,3450;19,1057;-90,0000;100,2554;443,798;-55,169;125,000;646,874;83,7401;-0,0000;-0,0000;-0,0000;0,0000;83,7401;180,0000;-0,0000;-0,0000;-0,0000;0,0000;180,0000;47;0
21,1022;11,0673;-200,4508;91,3450;19,1057;-90,0000;101,0673;444,535;-48,875;125,000;660,356;85,4674;-0,0000;-0,0000;-0,0000;0,0000;85,4674;180,0000;-0,0000;-0,0000;-0,0000;0,0000;180,0000;47;0
21,1118;11,8958;-200,4508;91,3450;19,1057;-90,0000;101,8958;445,195;-42,443;125,000;673,838;87,1947;-0,0000;-0,0000;-0,0000;0,0000;87,1947;176,8201;-0,0000;-0,0000;-0,0000;0,0000;176,8201;47;0
21,1214;12,7408;-200,4508;91,3450;19,1057;-90,0000;102,7408;445,773;-35,872;125,000;687,320;88,8610;-0,0000;-0,0000;-0,0000;0,0000;88,8610;137,4028;-0,0000;-0,0000;-0,0000;0,0000;137,4028;47;0
21,1310;13,6012;-200,4508;91,3450;19,1057;-90,0000;103,6012;446,261;-29,174;125,000;699,850;89,8318;-0,0000;-0,0000;-0,0000;0,0000;89,8318;59,3454;-0,0000;-0,0000;-0,0000;0,0000;59,3454;47;0
21,1406;14,4649;-200,4508;91,3450;19,1057;-90,0000;104,4649;446,650;-22,444;125,000;702,475;90,0000;-0,0000;-0,0000;-0,0000;0,0000;90,0000;8,7627;-0,0000;-0,0000;-0,0000;0,0000;8,7627;47;0
21,1502;15,3286;-200,4508;91,3450;19,1057;-90,0000;105,3286;446,938;-15,709;125,000;702,475;90,0000;-0,0000;-0,0000;-0,0000;0,0000;90,0000;-0,0000;0,0000;0,0000;0,0000;-0,0000;0,0000;47;0
21,1598;16,1922;-200,4508;91,3450;19,1057;-90,0000;106,1922;447,124;-8,971;125,000;702,475;90,0000;-0,0000;-0,0000;-0,0000;0,0000;90,0000;0,0000;0,0000;0,0000;-0,0000;0,0000;-0,0000;47;0
21,1694;17,0559;-200,4508;91,3450;19,1057;-90,0000;107,0559;447,208;-2,230;125,000;702,475;90,0000;-0,0000;-0,0000;-0,0000;0,0000;90,0000;0,0000;0,0000;0,0000;0,0000;0,0000;0,0000;47;0
21,1790;17,9195;-200,4508;91,3450;19,1057;-90,0000;107,9195;447,191;4,511;125,000;702,475;90,0000;-0,0000;-0,0000;-0,0000;0,0000;90,0000;0,0000;0,0000;0,0000;0,0000;-0,0000;0,0000;47;0
21,1886;18,7832;-200,4508;91,3450;19,1057;-90,0000;108,7832;447,072;11,251;125,000;702,475;90,0000;-0,0000;-0,0000;-0,0000;0,0000;90,0000;-0,0000;0,0000;-0,0000;-0,0000;0,0000;0,0000;47;0
21,1982;19,6469;-200,4508;91,3450;19,1057;-90,0000;109,6469;446,852;17,989;125,000;702,475;90,0000;-0,0000;-0,0000;-0,0000;0,0000;90,0000;-0,0000;0,0000;0,0000;0,0000;-0,0000;0,0000;47;0
21,2078;20,5105;-200,4508;91,3450;19,1057;-90,0000;110,5105;446,530;24,722;125,000;702,475;90,0000;-0,0000;-0,0000;-0,0000;0,0000;90,0000;-20,8417;0,0000;0,0000;0,0000;-0,0000;-20,8417;47;0
21,2174;21,3742;-200,4508;91,3450;19,1057;-90,0000;111,3742;446,106;31,450;125,000;702,475;89,6000;-0,0000;-0,0000;-0,0000;0,0000;89,6000;-86,6516;0,0000;0,0000;0,0000;-0,0000;-86,6516;47;0
21,2270;22,2302;-200,4508;91,3450;19,1057;-90,0000;112,2302;445,587;38,111;125,000;696,231;88,3369;-0,0000;-0,0000;-0,0000;0,0000;88,3369;-155,7782;0,0000;0,0000;0,0000;-0,0000;-155,7782;47;0
21,2365;23,0696;-200,4508;91,3450;19,1057;-90,0000;113,0696;444,981;44,635;125,000;682,758;86,6102;-0,0000;-0,0000;-0,0000;0,0000;86,6102;-179,9683;0,0000;0,0000;0,0000;-0,0000;-179,9683;47;0
21,2461;23,8925;-200,4508;91,3450;19,1057;-90,0000;113,8925;444,294;51,021;125,000;669,276;84,8829;-0,0000;-0,0000;-0,0000;0,0000;84,8829;-180,0000;0,0000;0,0000;0,0000;-0,0000;-180,0000;47;0
21,2557;24,6987;-200,4508;91,3450;19,1057;-90,0000;114,6987;443,532;57,267;125,000;655,794;83,1556;-0,0000;-0,0000;-0,0000;0,0000;83,1556;-180,0000;0,0000;0,0000;0,0000;-0,0000;-180,0000;47;0
21,2653;25,4884;-200,4508;91,3450;19,1057;-90,0000;115,4884;442,700;63,375;125,000;642,312;81,4282;-0,0000;-0,0000;-0,0000;0,0000;81,4282;-180,0000;0,0000;0,0000;0,0000;-0,0000;-180,0000;47;0
21,2749;26,2615;-200,4508;91,3450;19,1057;-90,0000;116,2615;441,805;69,342;125,000;628,830;79,7009;-0,0000;-0,0000;-0,0000;0,0000;79,7009;-180,0000;0,0000;0,0000;0,0000;-0,0000;-180,0000;47;0
21,2845;27,0181;-200,4508;91,3450;19,1057;-90,0000;117,0181;440,851;75,170;125,000;615,348;77,9736;-0,0000;-0,0000;-0,0000;0,0000;77,9736;-180,0000;0,0000;0,0000;0,0000;-0,0000;-180,0000;47;0
21,2941;27,7581;-200,4508;91,3450;19,1057;-90,0000;117,7581;439,843;80,857;125,000;601,866;76,2462;-0,0000;-0,0000;-0,0000;0,0000;76,2462;-180,0000;0,0000;0,0000;0,0000;-0,0000;-180,0000;47;0
21,3037;28,4815;-200,4508;91,3450;19,1057;-90,0000;118,4815;438,787;86,404;125,000;588,383;74,5189;-0,0000;-0,0000;-0,0000;0,0000;74,5189;-180,0000;0,0000;0,0000;0,0000;-0,0000;-180,0000;47;0
21,3133;29,1883;-200,4508;91,3450;19,1057;-90,0000;119,1883;437,688;91,810;125,000;574,901;72,7916;-0,0000;-0,0000;-0,0000;0,0000;72,7916;-180,0000;0,0000;0,0000;0,0000;-0,0000;-180,0000;47;0
21,3229;29,8785;-200,4508;91,3450;19,1057;-90,0000;119,8785;436,550;97,076;125,000;561,419;71,0643;-0,0000;-0,0000;-0,0000;0,0000;71,0643;-180,0000;0,0000;0,0000;0,0000;-0,0000;-180,0000;47;0
21,3325;30,5522;-200,4508;91,3450;19,1057;-90,0000;120,5522;435,379;102,202;125,000;547,937;69,3369;-0,0000;-0,0000;-0,0000;0,0000;69,3369;-180,0000;0,0000;0,0000;0,0000;-0,0000;-180,0000;47;0
21,3421;31,2093;-200,4508;91,3450;19,1057;-90,0000;121,2093;434,178;107,188;125,000;534,455;67,6096;-0,0000;-0,0000;-0,0000;0,0000;67,6096;-180,0000;0,0000;0,0000;0,0000;-0,0000;-180,0000;47;0
21,3517;31,8498;-200,4508;91,3450;19,1057;-90,0000;121,8498;432,953;112,035;125,000;520,973;65,8823;-0,0000;-0,0000;-0,0000;0,0000;65,8823;-180,0000;0,0000;0,0000;0,0000;-0,0000;-180,0000;47;0
21,3613;32,4737;-200,4508;91,3450;19,1057;-90,0000;122,4737;431,707;116,743;125,000;507,490;64,1549;-0,0000;-0,0000;-0,0000;0,0000;64,1549;-180,0000;0,0000;0,0000;0,0000;-0,0000;-180,0000;47;0
21,3709;33,0811;-200,4508;91,3450;19,1057;-90,0000;123,0811;430,445;121,313;125,000;494,008;62,4276;-0,0000;-0,0000;-0,0000;0,0000;62,4276;-180,0000;0,0000;0,0000;0,0000;-0,0000;-180,0000;47;0
21,3805;33,6719;-200,4508;91,3450;19,1057;-90,0000;123,6719;429,172;125,745;125,000;480,526;60,7003;-0,0000;-0,0000;-0,0000;0,0000;60,7003;-180,0000;0,0000;0,0000;0,0000;-0,0000;-180,0000;47;0
21,3901;34,2461;-200,4508;91,3450;19,1057;-90,0000;124,2461;427,890;130,039;125,000;467,044;58,9730;-0,0000;-0,0000;-0,0000;0,0000;58,9730;-180,0000;0,0000;0,0000;0,0000;-0,0000;-180,0000;47;0
21,3997;34,8037;-200,4508;91,3450;19,1057;-90,0000;124,8037;426,604;134,198;125,000;453,562;57,2456;-0,0000;-0,0000;-0,0000;0,0000;57,2456;-180,0000;0,0000;0,0000;0,0000;-0,0000;-180,0000;47;0
21,4093;35,3448;-200,4508;91,3450;19,1057;-90,0000;125,3448;425,318;138,220;125,000;440,079;55,5183;-0,0000;-0,0000;-0,0000;0,0000;55,5183;-180,0000;0,0000;0,0000;0,0000;-0,0000;-180,0000;47;0
21,4189;35,8692;-200,4508;91,3450;19,1057;-90,0000;125,8692;424,035;142,108;125,000;426,597;53,7910;-0,0000;-0,0000;-0,0000;0,0000;53,7910;-180,0000;0,0000;0,0000;0,0000;-0,0000;-180,0000;47;0
21,4285;36,3771;-200,4508;91,3450;19,1057;-90,0000;126,3771;422,758;145,861;125,000;413,115;52,0636;-0,0000;-0,0000;-0,0000;0,0000;52,0636;-180,0000;0,0000;0,0000;0,0000;-0,0000;-180,0000;47;0
21,4381;36,8685;-200,4508;91,3450;19,1057;-90,0000;126,8685;421,492;149,481;125,000;399,632;50,3363;-0,0000;-0,0000;-0,0000;0,0000;50,3363;-180,0000;0,0000;0,0000;0,0000;-0,0000;-180,0000;47;0
21,4477;37,3432;-200,4508;91,3450;19,1057;-90,0000;127,3432;420,239;152,968;125,000;386,150;48,6090;-0,0000;-0,0000;-0,0000;0,0000;48,6090;-180,0000;0,0000;0,0000;0,0000;-0,0000;-180,0000;47;0
21,4573;37,8014;-200,4508;91,3450;19,1057;-90,0000;127,8014;419,002;156,324;125,000;372,668;46,8817;-0,0000;-0,0000;-0,0000;0,0000;46,8817;-180,0000;0,0000;0,0000;0,0000;-0,0000;-180,0000;47;0
21,4669;38,2430;-200,4508;91,3450;19,1057;-90,0000;128,2430;417,785;159,548;125,000;359,186;45,1543;-0,0000;-0,0000;-0,0000;0,0000;45,1543;-180,0000;0,0000;0,0000;0,0000;-0,0000;-180,0000;47;0
21,4765;38,6680;-200,4508;91,3450;19,1057;-90,0000;128,6680;416,590;162,643;125,000;345,703;43,4270;-0,0000;-0,0000;-0,0000;0,0000;43,4270;-180,0000;0,0000;0,0000;0,0000;-0,0000;-180,0000;47;0
21,4861;39,0765;-200,4508;91,3450;19,1057;-90,0000;129,0765;415,420;165,609;125,000;332,221;41,6997;-0,0000;-0,0000;-0,0000;0,0000;41,6997;-180,0000;0,0000;0,0000;0,0000;-0,0000;-180,0000;47;0
21,4956;39,4683;-200,4508;91,3450;19,1057;-90,0000;129,4683;414,278;168,446;125,000;318,739;39,9723;-0,0000;-0,0000;-0,0000;0,0000;39,9723;-180,0000;0,0000;0,0000;0,0000;-0,0000;-180,0000;47;0
21,5052;39,8436;-200,4508;91,3450;19,1057;-90,0000;129,8436;413,165;171,156;125,000;305,256;38,2450;-0,0000;-0,0000;-0,0000;0,0000;38,2450;-180,0000;0,0000;0,0000;0,0000;-0,0000;-180,0000;47;0
21,5148;40,2024;-200,4508;91,3450;19,1057;-90,0000;130,2024;412,086;173,739;125,000;291,774;36,5177;-0,0000;-0,0000;-0,0000;0,0000;36,5177;-180,0000;0,0000;0,0000;0,0000;-0,0000;-180,0000;47;0
21,5244;40,5445;-200,4508;91,3450;19,1057;-90,0000;130,5445;411,041;176,197;125,000;278,292;34,7903;-0,0000;-0,0000;-0,0000;0,0000;34,7903;-180,0000;0,0000;0,0000;0,0000;-0,0000;-180,0000;47;0
21,5340;40,8701;-200,4508;91,3450;19,1057;-90,0000;130,8701;410,033;178,530;125,000;264,809;33,0630;-0,0000;-0,0000;-0,0000;0,0000;33,0630;-180,0000;0,0000;0,0000;0,0000;-0,0000;-180,0000;47;0
21,5436;41,1791;-200,4508;91,3450;19,1057;-90,0000;131,1791;409,064;180,739;125,000;251,327;31,3357;-0,0000;-0,0000;-0,0000;0,0000;31,3357;-180,0000;0,0000;0,0000;0,0000;-0,0000;-180,0000;47;0
21,5532;41,4715;-200,4508;91,3450;19,1057;-90,0000;131,4715;408,137;182,824;125,000;237,845;29,6084;-0,0000;-0,0000;-0,0000;0,0000;29,6084;-180,0000;0,0000;0,0000;0,0000;-0,0000;-180,0000;47;0
21,5628;41,7473;-200,4508;91,3450;19,1057;-90,0000;131,7473;407,252;184,787;125,000;224,362;27,8810;-0,0000;-0,0000;-0,0000;0,0000;27,8810;-180,0000;0,0000;0,0000;0,0000;-0,0000;-180,0000;47;0
21,5724;42,0066;-200,4508;91,3450;19,1057;-90,0000;132,0066;406,411;186,628;125,000;210,880;26,1537;-0,0000;-0,0000;-0,0000;0,0000;26,1537;-180,0000;0,0000;0,0000;0,0000;-0,0000;-180,0000;47;0
21,5820;42,2493;-200,4508;91,3450;19,1057;-90,0000;132,2493;405,617;188,347;125,000;197,397;24,4264;-0,0000;-0,0000;-0,0000;0,0000;24,4264;-180,0000;0,0000;0,0000;0,0000;-0,0000;-180,0000;47;0
21,5916;42,4754;-200,4508;91,3450;19,1057;-90,0000;132,4754;404,871;189,947;125,000;183,915;22,6990;-0,0000;-0,0000;-0,0000;0,0000;22,6990;-180,0000;0,0000;0,0000;0,0000;-0,0000;-180,0000;47;0
21,6012;42,6849;-200,4508;91,3450;19,1057;-90,0000;132,6849;404,173;191,426;125,000;170,433;20,9717;-0,0000;-0,0000;-0,0000;0,0000;20,9717;-180,0000;0,0000;0,0000;0,0000;-0,0000;-180,0000;47;0
21,6108;42,8779;-200,4508;91,3450;19,1057;-90,0000;132,8779;403,526;192,786;125,000;156,950;19,2444;-0,0000;-0,0000;-0,0000;0,0000;19,2444;-180,0000;0,0000;0,0000;0,0000;-0,0000;-180,0000;47;0
21,6204;43,0543;-200,4508;91,3450;19,1057;-90,0000;133,0543;402,931;194,028;125,000;143,468;17,5171;-0,0000;-0,0000;-0,0000;0,0000;17,5171;-180,0000;0,0000;0,0000;0,0000;-0,0000;-180,0000;47;0
21,6300;43,2141;-200,4508;91,3450;19,1057;-90,0000;133,2141;402,388;195,151;125,000;129,986;15,7897;-0,0000;-0,0000;-0,0000;0,0000;15,7897;-180,0000;0,0000;0,0000;0,0000;-0,0000;-180,0000;47;0
21,6396;43,3573;-200,4508;91,3450;19,1057;-90,0000;133,3573;401,899;196,156;125,000;116,503;14,0624;-0,0000;-0,0000;-0,0000;0,0000;14,0624;-180,0000;0,0000;0,0000;0,0000;-0,0000;-180,0000;47;0
21,6492;43,4840;-200,4508;91,3450;19,1057;-90,0000;133,4840;401,464;197,044;125,000;103,021;12,3351;-0,0000;-0,0000;-0,0000;0,0000;12,3351;-180,0000;0,0000;0,0000;0,0000;-0,0000;-180,0000;47;0
21,6588;43,5941;-200,4508;91,3450;19,1057;-90,0000;133,5941;401,085;197,815;125,000;89,538;10,6077;-0,0000;-0,0000;-0,0000;0,0000;10,6077;-180,0000;0,0000;0,0000;0,0000;-0,0000;-180,0000;47;0
21,6684;43,6876;-200,4508;91,3450;19,1057;-90,0000;133,6876;400,762;198,469;125,000;76,056;8,8804;-0,0000;-0,0000;-0,0000;0,0000;8,8804;-180,0000;0,0000;0,0000;0,0000;-0,0000;-180,0000;47;0
21,6780;43,7645;-200,4508;91,3450;19,1057;-90,0000;133,7645;400,495;199,007;125,000;62,574;7,1531;-0,0000;-0,0000;-0,0000;0,0000;7,1531;-180,0000;0,0000;0,0000;0,0000;-0,0000;-180,0000;47;0
21,6876;43,8249;-200,4508;91,3450;19,1057;-90,0000;133,8249;400,285;199,429;125,000;49,091;5,4258;-0,0000;-0,0000;-0,0000;0,0000;5,4258;-180,0000;0,0000;0,0000;0,0000;-0,0000;-180,0000;47;0
21,6972;43,8686;-200,4508;91,3450;19,1057;-90,0000;133,8686;400,133;199,735;125,000;35,609;3,6984;-0,0000;-0,0000;-0,0000;0,0000;3,6984;-180,0000;0,0000;0,0000;0,0000;-0,0000;-180,0000;47;0
21,7068;43,8959;-200,4508;91,3450;19,1057;-90,0000;133,8959;400,038;199,925;125,000;22,126;1,9711;-0,0000;-0,0000;-0,0000;0,0000;1,9711;-163,4026;-9,3995;5,6328;3,7667;-0,0001;-163,4026;47;0
21,7164;43,9065;-200,4508;91,3450;19,1057;-90,0000;133,9065;400,001;199,999;125,000;8,644;0,5623;-0,1804;0,1081;0,0723;-0,0000;0,5623;-102,2532;-44,0290;26,3798;17,6493;-0,0001;-102,2532;47;0
21,7260;43,9066;-200,4542;91,3471;19,1071;-90,0000;133,9066;400,000;200,000;124,973;2,835;0,0086;-0,8450;0,5063;0,3387;-0,0000;0,0086;-29,2987;-85,3413;51,1067;34,2346;0,0001;-29,2987;48;0
21,7356;43,9066;-200,4670;91,3548;19,1122;-90,0000;133,9066;400,000;200,000;124,873;10,432;0,0000;-1,8183;1,0890;0,7293;-0,0000;0,0000;-0,4481;-101,6715;60,8155;40,8559;0,0001;-0,4481;48;0
21,7452;43,9066;-200,4891;91,3680;19,1211;-90,0000;133,9066;400,000;200,000;124,699;18,109;0,0000;-2,7964;1,6735;1,1229;-0,0000;0,0000;0,0000;-101,9105;60,8252;41,0853;-0,0000;0,0000;48;0
21,7547;43,9066;-200,5207;91,3869;19,1338;-90,0000;133,9066;400,000;200,000;124,451;25,786;0,0000;-3,7742;2,2564;1,5179;-0,0000;0,0000;0,0000;-101,8894;60,6225;41,2669;0,0000;0,0000;48;0
21,7643;43,9066;-200,5616;91,4113;19,1503;-90,0000;133,9066;400,000;200,000;124,130;33,463;0,0000;-4,7519;2,8370;1,9149;0,0000;0,0000;0,0000;-101,8620;60,3594;41,5026;0,0000;0,0000;48;0
21,7739;43,9066;-200,6119;91,4413;19,1705;-90,0000;133,9066;400,000;200,000;123,736;41,140;0,0000;-5,7292;3,4148;2,3144;0,0000;0,0000;0,0000;-101,8283;60,0361;41,7922;-0,0000;0,0000;48;0
21,7835;43,9066;-200,6715;91,4769;19,1947;-90,0000;133,9066;400,000;200,000;123,267;48,817;0,0000;-6,7062;3,9892;2,7170;-0,0000;0,0000;0,0000;-101,7882;59,6525;42,1357;-0,0000;0,0000;48;0
21,7931;43,9066;-200,7406;91,5179;19,2227;-90,0000;133,9066;400,000;200,000;122,725;56,494;0,0000;-7,6828;4,5597;3,1231;-0,0000;0,0000;0,0000;-101,7416;59,2087;42,5329;-0,0000;0,0000;48;0
21,8027;43,9066;-200,8190;91,5644;19,2546;-90,0000;133,9066;400,000;200,000;122,109;64,171;0,0000;-8,6589;5,1256;3,5333;-0,0000;0,0000;0,0000;-101,6884;58,7047;42,9837;-0,0000;0,0000;48;0
21,8123;43,9066;-200,9068;91,6163;19,2905;-90,0000;133,9066;400,000;200,000;121,420;71,848;0,0000;-9,6345;5,6864;3,9481;-0,0000;0,0000;0,0000;-101,6286;58,1406;43,4881;0,0000;0,0000;48;0
21,8219;43,9066;-201,0039;91,6735;19,3304;-90,0000;133,9066;400,000;200,000;120,657;79,525;0,0000;-10,6094;6,2415;4,3679;0,0000;0,0000;0,0000;-101,5621;57,5163;44,0457;0,0000;0,0000;48;0
21,8315;43,9066;-201,1104;91,7361;19,3743;-90,0000;133,9066;400,000;200,000;119,820;87,202;0,0000;-11,5837;6,7903;4,7934;0,0000;0,0000;0,0000;-101,4887;56,8321;44,6566;0,0000;0,0000;48;0
21,8411;43,9066;-201,2262;91,8038;19,4224;-90,0000;133,9066;400,000;200,000;118,909;94,879;0,0000;-12,5572;7,3322;5,2250;0,0000;0,0000;0,0000;-101,4084;56,0879;45,3205;0,0000;0,0000;48;0
21,8507;43,9066;-201,3514;91,8768;19,4746;-90,0000;133,9066;400,000;200,000;117,925;102,556;0,0000;-13,5300;7,8667;5,6632;0,0000;0,0000;0,0000;-101,3209;55,2837;46,0372;-0,0000;0,0000;48;0
21,8603;43,9066;-201,4859;91,9548;19,5311;-90,0000;133,9066;400,000;200,000;116,867;110,233;0,0000;-14,5018;8,3933;6,1086;0,0000;0,0000;0,0000;-101,2260;54,4196;46,8064;-0,0000;0,0000;48;0
21,8699;43,9066;-201,6297;92,0379;19,5919;-90,0000;133,9066;400,000;200,000;115,736;117,910;0,0000;-15,4728;8,9112;6,5616;-0,0000;0,0000;0,0000;-101,1237;53,4957;47,6280;-0,0000;0,0000;48;0
21,8795;43,9066;-201,7829;92,1258;19,6570;-90,0000;133,9066;400,000;200,000;114,531;125,587;0,0000;-16,4427;9,4200;7,0227;-0,0000;0,0000;0,0000;-101,0136;52,5119;48,5016;-0,0000;0,0000;48;0
21,8891;43,9066;-201,9453;92,2187;19,7266;-90,0000;133,9066;400,000;200,000;113,252;133,264;0,0000;-17,4115;9,9190;7,4924;-0,0000;0,0000;0,0000;-100,8954;51,4684;49,4270;0,0000;0,0000;48;0
21,8987;43,9066;-202,1170;92,3162;19,8008;-90,0000;133,9066;400,000;200,000;111,899;140,941;0,0000;-18,3791;10,4078;7,9713;-0,0000;0,0000;0,0000;-100,7690;50,3651;50,4039;0,0000;0,0000;48;0
21,9083;43,9066;-202,2980;92,4184;19,8796;-90,0000;133,9066;400,000;200,000;110,473;148,618;0,0000;-19,3455;10,8857;8,4598;0,0000;0,0000;0,0000;-100,6340;49,2021;51,4319;0,0000;-0,0000;48;0
21,9179;43,9066;-202,4883;92,5251;19,9632;-90,0000;133,9066;400,000;200,000;108,973;156,295;0,0000;-20,3105;11,3521;8,9584;0,0000;0,0000;-0,0000;-100,4900;47,9794;52,5106;-0,0000;-0,0000;48;0
21,9275;43,9066;-202,6878;92,6363;20,0516;-90,0000;133,9066;400,000;200,000;107,400;163,972;0,0000;-21,2741;11,8065;9,4676;-0,0000;0,0000;0,0000;-100,3366;46,6969;53,6396;-0,0000;0,0000;48;0
21,9371;43,9066;-202,8966;92,7517;20,1449;-90,0000;133,9066;400,000;200,000;105,752;171,649;0,0000;-22,2362;12,2483;9,9879;-0,0000;0,0000;0,0000;-100,1734;45,3547;54,8186;0,0000;0,0000;48;0
21,9467;43,9066;-203,1146;92,8714;20,2433;-90,0000;133,9066;400,000;200,000;104,032;179,326;0,0000;-23,1967;12,6770;10,5197;-0,0000;0,0000;0,0000;-99,9998;43,9527;56,0471;-0,0000;0,0000;48;0
21,9563;43,9066;-203,3418;92,9950;20,3468;-90,0000;133,9066;400,000;200,000;102,237;187,004;0,0000;-24,1555;13,0919;11,0636;-0,0000;0,0000;0,0000;-99,8155;42,4909;57,3246;-0,0000;0,0000;48;0
21,9659;43,9066;-203,5782;93,1226;20,4556;-90,0000;133,9066;400,000;200,000;100,369;194,681;0,0000;-25,1124;13,4925;11,6199;-0,0000;0,0000;0,0000;-99,6197;40,9693;58,6505;-0,0000;0,0000;48;0
21,9755;43,9066;-203,8238;93,2540;20,5698;-90,0000;133,9066;400,000;200,000;98,427;202,358;0,0000;-26,0675;13,8782;12,1892;-0,0000;0,0000;0,0000;-99,4119;39,3877;60,0242;-0,0000;0,0000;48;0
21,9851;43,9066;-204,0785;93,3890;20,6895;-90,0000;133,9066;400,000;200,000;96,411;210,035;0,0000;-27,0204;14,2484;12,7720;-0,0000;0,0000;0,0000;-99,1913;37,7461;61,4453;0,0000;0,0000;48;0
21,9947;43,9066;-204,3424;93,5275;20,8149;-90,0000;133,9066;400,000;200,000;94,322;217,712;0,0000;-27,9712;14,6026;13,3685;-0,0000;0,0000;0,0000;-98,9572;36,0443;62,9130;0,0000;0,0000;48;0
22,0043;43,9066;-204,6154;93,6693;20,9461;-90,0000;133,9066;400,000;200,000;92,159;225,389;0,0000;-28,9196;14,9402;13,9794;-0,0000;0,0000;0,0000;-98,7088;34,2822;64,4265;-0,0000;0,0000;48;0
22,0138;43,9066;-204,8974;93,8142;21,0832;-90,0000;133,9066;400,000;200,000;89,923;233,066;0,0000;-29,8657;15,2606;14,6050;-0,0000;0,0000;0,0000;-98,4451;32,4598;65,9853;-0,0000;-0,0000;48;0
22,0234;43,9066;-205,1886;93,9621;21,2264;-90,0000;133,9066;400,000;200,000;87,613;240,743;0,0000;-30,8091;15,5632;15,2458;-0,0000;0,0000;0,0000;-98,1652;30,5768;67,5884;0,0000;0,0000;48;0
22,0330;43,9066;-205,4887;94,1129;21,3758;-90,0000;133,9066;400,000;200,000;85,229;248,420;0,0000;-31,7497;15,8475;15,9022;0,0000;0,0000;0,0000;-97,8680;28,6330;69,2350;0,0000;0,0000;48;0
22,0426;43,9066;-205,7979;94,2663;21,5316;-90,0000;133,9066;400,000;200,000;82,771;256,097;0,0000;-32,6874;16,1128;16,5746;0,0000;0,0000;-0,0000;-97,5524;26,6283;70,9241;-0,0000;-0,0000;48;0
22,0522;43,9066;-206,1161;94,4221;21,6939;-90,0000;133,9066;400,000;200,000;80,240;263,774;0,0000;-33,6220;16,3585;17,2635;-0,0000;0,0000;-0,0000;-97,2107;24,5593;72,6514;-0,0000;-0,0000;48;0
22,0618;43,9066;-206,4432;94,5803;21,8630;-90,0000;133,9066;400,000;200,000;77,635;271,451;0,0000;-34,5531;16,5841;17,9690;-0,0000;0,0000;0,0000;-70,9964;10,3716;60,6248;-0,0000;0,0000;48;0
22,0714;43,9066;-206,7792;94,7404;22,0388;-90,0000;133,9066;400,000;200,000;74,956;279,126;0,0000;-34,9846;16,5576;18,4270;-0,0000;0,0000;0,0000;5,2230;-26,4908;21,2678;0,0000;0,0000;48;0
22,0810;43,9066;-207,1147;94,8980;22,2166;-90,0000;133,9066;400,000;200,000;72,280;278,881;0,0000;-34,4529;16,0757;18,3772;-0,0000;0,0000;0,0000;79,5927;-60,8117;-18,7810;0,0000;0,0000;48;0
22,0906;43,9066;-207,4405;95,0490;22,3915;-90,0000;133,9066;400,000;200,000;69,678;271,204;0,0000;-33,4570;15,3904;18,0665;0,0000;0,0000;0,0000;103,6605;-70,3630;-33,2974;0,0000;0,0000;48;0
22,1002;43,9066;-207,7568;95,1934;22,5634;-90,0000;133,9066;400,000;200,000;67,149;263,527;0,0000;-32,4634;14,7252;17,7381;0,0000;0,0000;-0,0000;103,4242;-68,3054;-35,1188;-0,0000;-0,0000;48;0
22,1098;43,9066;-208,0635;95,3316;22,7320;-90,0000;133,9066;400,000;200,000;64,694;255,850;0,0000;-31,4720;14,0795;17,3925;-0,0000;0,0000;-0,0000;103,1869;-66,3074;-36,8795;-0,0000;-0,0000;48;0
22,1194;43,9066;-208,3608;95,4636;22,8972;-90,0000;133,9066;400,000;200,000;62,312;248,173;0,0000;-30,4829;13,4526;17,0303;-0,0000;0,0000;-0,0000;102,9490;-64,3690;-38,5801;-0,0000;-0,0000;48;0
22,1290;43,9066;-208,6486;95,5898;23,0588;-90,0000;133,9066;400,000;200,000;60,004;240,496;0,0000;-29,4962;12,8441;16,6521;-0,0000;0,0000;-0,0000;102,7109;-62,4900;-40,2209;0,0000;-0,0000;48;0
22,1386;43,9066;-208,9269;95,7102;23,2168;-90,0000;133,9066;400,000;200,000;57,770;232,819;0,0000;-28,5117;12,2533;16,2584;-0,0000;0,0000;-0,0000;102,4730;-60,6705;-41,8024;0,0000;-0,0000;48;0
22,1482;43,9066;-209,1958;95,8249;23,3709;-90,0000;133,9066;400,000;200,000;55,609;225,142;0,0000;-27,5294;11,6797;15,8498;-0,0000;0,0000;-0,0000;102,2357;-58,9104;-43,3253;0,0000;-0,0000;48;0
22,1578;43,9066;-209,4553;95,9343;23,5210;-90,0000;133,9066;400,000;200,000;53,523;217,465;0,0000;-26,5495;11,1227;15,4269;-0,0000;0,0000;-0,0000;101,9995;-57,2096;-44,7900;0,0000;-0,0000;48;0
22,1674;43,9066;-209,7054;96,0384;23,6669;-90,0000;133,9066;400,000;200,000;51,509;209,788;0,0000;-25,5718;10,5817;14,9901;-0,0000;0,0000;-0,0000;101,7650;-55,5681;-46,1969;0,0000;-0,0000;48;0
22,1770;43,9066;-209,9461;96,1374;23,8087;-90,0000;133,9066;400,000;200,000;49,570;202,111;0,0000;-24,5964;10,0562;14,5402;-0,0000;0,0000;-0,0000;101,5328;-53,9861;-47,5467;-0,0000;-0,0000;48;0
22,1866;43,9066;-210,1774;96,2314;23,9460;-90,0000;133,9066;400,000;200,000;47,704;194,434;0,0000;-23,6231;9,5455;14,0776;-0,0000;0,0000;0,0000;101,3033;-52,4635;-48,8398;0,0000;0,0000;48;0
22,1962;43,9066;-210,3994;96,3206;24,0788;-90,0000;133,9066;400,000;200,000;45,912;186,756;0,0000;-22,6521;9,0492;13,6029;0,0000;0,0000;0,0000;101,0771;-51,0003;-50,0768;0,0000;0,0000;48;0
22,2058;43,9066;-210,6122;96,4051;24,2071;-90,0000;133,9066;400,000;200,000;44,193;179,079;0,0000;-21,6832;8,5667;13,1165;0,0000;0,0000;-0,0000;100,8549;-49,5966;-51,2582;-0,0000;-0,0000;48;0
22,2154;43,9066;-210,8156;96,4850;24,3306;-90,0000;133,9066;400,000;200,000;42,549;171,402;0,0000;-20,7164;8,0974;12,6191;-0,0000;0,0000;-0,0000;100,6371;-48,2525;-52,3846;-0,0000;-0,0000;48;0
22,2250;43,9066;-211,0098;96,5605;24,4493;-90,0000;133,9066;400,000;200,000;40,977;163,725;0,0000;-19,7517;7,6406;12,1111;-0,0000;0,0000;-0,0000;100,4243;-46,9680;-53,4563;0,0000;-0,0000;48;0
22,2346;43,9066;-211,1947;96,6317;24,5630;-90,0000;133,9066;400,000;200,000;39,480;156,048;0,0000;-18,7890;7,1959;11,5931;-0,0000;0,0000;-0,0000;100,2172;-45,7432;-54,4740;-0,0000;-0,0000;48;0
22,2442;43,9066;-211,3704;96,6986;24,6718;-90,0000;133,9066;400,000;200,000;38,056;148,371;0,0000;-17,8283;6,7627;11,0656;-0,0000;0,0000;-0,0000;100,0162;-44,5781;-55,4381;-0,0000;-0,0000;48;0
22,2538;43,9066;-211,5369;96,7615;24,7754;-90,0000;133,9066;400,000;200,000;36,706;140,694;0,0000;-16,8695;6,3404;10,5291;-0,0000;0,0000;-0,0000;99,8220;-43,4729;-56,3491;0,0000;-0,0000;48;0
22,2634;43,9066;-211,6941;96,8203;24,8738;-90,0000;133,9066;400,000;200,000;35,429;133,017;0,0000;-15,9125;5,9283;9,9841;-0,0000;0,0000;-0,0000;99,6350;-42,4275;-57,2075;0,0000;-0,0000;48;0
22,2729;43,9066;-211,8423;96,8752;24,9670;-90,0000;133,9066;400,000;200,000;34,227;125,340;0,0000;-14,9572;5,5261;9,4312;-0,0000;0,0000;-0,0000;99,4558;-41,4420;-58,0138;0,0000;-0,0000;48;0
22,2825;43,9066;-211,9812;96,9264;25,0549;-90,0000;133,9066;400,000;200,000;33,098;117,663;0,0000;-14,0037;5,1330;8,8707;-0,0000;0,0000;-0,0000;99,2849;-40,5166;-58,7683;-0,0000;-0,0000;48;0
22,2921;43,9066;-212,1110;96,9738;25,1373;-90,0000;133,9066;400,000;200,000;32,042;109,986;0,0000;-13,0517;4,7485;8,3032;-0,0000;0,0000;-0,0000;99,1227;-39,6512;-59,4715;-0,0000;-0,0000;48;0
22,3017;43,9066;-212,2317;97,0175;25,2142;-90,0000;133,9066;400,000;200,000;31,060;102,309;0,0000;-12,1012;4,3720;7,7293;-0,0000;0,0000;-0,0000;98,9698;-38,8460;-60,1239;0,0000;-0,0000;48;0
22,3113;43,9066;-212,3433;97,0577;25,2856;-90,0000;133,9066;400,000;200,000;30,152;94,632;0,0000;-11,1522;4,0029;7,1493;-0,0000;0,0000;-0,0000;98,8266;-38,1009;-60,7257;0,0000;-0,0000;48;0
22,3209;43,9066;-212,4458;97,0943;25,3514;-90,0000;133,9066;400,000;200,000;29,318;86,955;0,0000;-10,2045;3,6407;6,5638;-0,0000;0,0000;-0,0000;98,6934;-37,4161;-61,2773;0,0000;-0,0000;48;0
22,3305;43,9066;-212,5391;97,1275;25,4116;-90,0000;133,9066;400,000;200,000;28,557;79,278;0,0000;-9,2580;3,2848;5,9732;-0,0000;0,0000;-0,0000;98,5706;-36,7915;-61,7791;0,0000;-0,0000;48;0
22,3401;43,9066;-212,6234;97,1574;25,4661;-90,0000;133,9066;400,000;200,000;27,870;71,601;0,0000;-8,3127;2,9346;5,3781;-0,0000;0,0000;-0,0000;98,4587;-36,2273;-62,2314;-0,0000;-0,0000;48;0
22,3497;43,9066;-212,6987;97,1839;25,5148;-90,0000;133,9066;400,000;200,000;27,256;63,924;0,0000;-7,3684;2,5895;4,7789;-0,0000;0,0000;0,0000;98,3579;-35,7235;-62,6344;0,0000;-0,0000;48;0
22,3593;43,9066;-212,7649;97,2071;25,5578;-90,0000;133,9066;400,000;200,000;26,717;56,247;0,0000;-6,4250;2,2490;4,1760;0,0000;0,0000;0,0000;98,2686;-35,2801;-62,9885;0,0000;-0,0000;48;0
22,3689;43,9066;-212,8220;97,2270;25,5950;-90,0000;133,9066;400,000;200,000;26,251;48,570;0,0000;-5,4823;1,9124;3,5700;0,0000;0,0000;-0,0000;98,1909;-34,8971;-63,2938;-0,0000;-0,0000;48;0
22,3785;43,9066;-212,8701;97,2438;25,6263;-90,0000;133,9066;400,000;200,000;25,858;40,893;0,0000;-4,5404;1,5792;2,9612;-0,0000;0,0000;-0,0000;98,1251;-34,5746;-63,5505;-0,0000;-0,0000;48;0
22,3881;43,9066;-212,9091;97,2573;25,6518;-90,0000;133,9066;400,000;200,000;25,539;33,216;0,0000;-3,5991;1,2488;2,3503;-0,0000;0,0000;-0,0000;98,0714;-34,3127;-63,7588;0,0000;-0,0000;48;0
22,3977;43,9066;-212,9391;97,2677;25,6714;-90,0000;133,9066;400,000;200,000;25,294;25,539;0,0000;-2,6582;0,9206;1,7375;-0,0000;0,0000;-0,0000;98,0300;-34,1112;-63,9188;0,0000;-0,0000;48;0
22,4073;43,9066;-212,9601;97,2750;25,6851;-90,0000;133,9066;400,000;200,000;25,123;17,862;0,0000;-1,7176;0,5941;1,1235;-0,0000;0,0000;0,0000;97,6331;-33,8433;-63,7899;0,0001;0,0000;48;0
22,4169;43,9066;-212,9721;97,2791;25,6930;-90,0000;133,9066;400,000;200,000;25,025;10,185;0,0000;-0,7844;0,2711;0,5132;0,0000;0,0000;0,0000;81,1244;-28,0641;-53,0604;0,0001;0,0000;48;0
22,4265;43,9066;-212,9752;97,2802;25,6950;-90,0000;133,9066;400,000;200,000;25,000;2,623;0,0000;-0,1606;0,0555;0,1051;0,0000;0,0000;-0,0000;40,8675;-14,1256;-26,7419;-0,0001;-0,0000;49;0
22,4361;43,9066;-212,9752;97,2802;25,6950;-90,0000;133,9066;400,000;200,000;25,000;0,000;0,0000;0,0000;0,0000;0,0000;0,0000;0,0000;-0,0000;8,3700;-2,8920;-5,4780;-0,0001;-0,0000;49;0
22,4457;43,9066;-212,9752;97,2802;25,6950;-90,0000;133,9066;400,000;200,000;25,000;0,000;0,0000;0,0000;0,0000;0,0000;0,0000;0,0000;0,0000;0,0000;0,0000;0,0000;0,0000;0,0000;49;0
22,4553;43,9066;-212,9752;97,2802;25,6950;-90,0000;133,9066;400,000;200,000;25,000;0,000;0,0000;0,0000;0,0000;0,0000;0,0000;0,0000;0,0000;0,0000;0,0000;0,0000;0,0000;0,0000;49;0
22,4649;43,9066;-212,9752;97,2802;25,6950;-90,0000;133,9066;400,000;200,000;25,000;0,000;0,0000;0,0000;0,0000;0,0000;0,0000;0,0000;0,0000;0,0000;0,0000;0,0000;0,0000;0,0000;49;0
22,4745;43,9066;-212,9752;97,2802;25,6950;-90,0000;133,9066;400,000;200,000;25,000;0,000;0,0000;0,0000;0,0000;0,0000;0,0000;0,0000;0,0000;0,0000;0,0000;0,0000;0,0000;0,0000;49;0
22,4841;43,9066;-212,9752;97,2802;25,6950;-90,0000;133,9066;400,000;200,000;25,000;0,000;0,0000;0,0000;0,0000;0,0000;0,0000;0,0000;0,0000;0,0000;0,0000;0,0000;0,0000;0,0000;49;0
22,4937;43,9066;-212,9752;97,2802;25,6950;-90,0000;133,9066;400,000;200,000;25,000;0,000;0,0000;0,0000;0,0000;0,0000;0,0000;0,0000;0,0000;0,0000;0,0000;0,0000;0,0000;0,0000;49;0
22,5033;43,9066;-212,9752;97,2802;25,6950;-90,0000;133,9066;400,000;200,000;25,000;0,000;0,0000;0,0000;0,0000;0,0000;0,0000;0,0000;0,0000;0,0000;0,0000;0,0000;0,0000;0,0000;49;0
22,5129;43,9066;-212,9752;97,2802;25,6950;-90,0000;133,9066;400,000;200,000;25,000;0,000;0,0000;0,0000;0,0000;0,0000;0,0000;0,0000;0,0000;0,0000;0,0000;0,0000;0,0000;0,0000;49;0
22,5224;43,9066;-212,9752;97,2802;25,6950;-90,0000;133,9066;400,000;200,000;25,000;0,000;0,0000;0,0000;0,0000;0,0000;0,0000;0,0000;0,0000;0,0000;0,0000;0,0000;0,0000;0,0000;49;0
22,5320;43,9066;-212,9752;97,2802;25,6950;-90,0000;133,9066;400,000;200,000;25,000;0,000;0,0000;0,0000;0,0000;0,0000;0,0000;0,0000;0,0000;0,0000;0,0000;0,0000;0,0000;0,0000;49;0
22,5416;43,9066;-212,9752;97,2802;25,6950;-90,0000;133,9066;400,000;200,000;25,000;0,000;0,0000;0,0000;0,0000;0,0000;0,0000;0,0000;0,0000;0,0000;0,0000;0,0000;0,0000;0,0000;49;0
22,5512;43,9066;-212,9752;97,2802;25,6950;-90,0000;133,9066;400,000;200,000;25,000;0,000;0,0000;0,0000;0,0000;0,0000;0,0000;0,0000;0,0000;0,0000;0,0000;0,0000;0,0000;0,0000;49;0
22,5608;43,9066;-212,9752;97,2802;25,6950;-90,0000;133,9066;400,000;200,000;25,000;0,000;0,0000;0,0000;0,0000;0,0000;0,0000;0,0000;0,0000;0,0000;0,0000;0,0000;0,0000;0,0000;49;0
22,5704;43,9066;-212,9752;97,2802;25,6950;-90,0000;133,9066;400,000;200,000;25,000;0,000;0,0000;0,0000;0,0000;0,0000;0,0000;0,0000;0,0000;0,0000;0,0000;0,0000;0,0000;0,0000;49;0
22,5800;43,9066;-212,9752;97,2802;25,6950;-90,0000;133,9066;400,000;200,000;25,000;0,000;0,0000;0,0000;0,0000;0,0000;0,0000;0,0000;0,0000;0,0000;0,0000;0,0000;0,0000;0,0000;49;0
22,5896;43,9066;-212,9752;97,2802;25,6950;-90,0000;133,9066;400,000;200,000;25,000;0,000;0,0000;0,0000;0,0000;0,0000;0,0000;0,0000;0,0000;0,0000;0,0000;0,0000;-0,0000;0,0000;49;0
22,5992;43,9066;-212,9752;97,2802;25,6950;-90,0000;133,9066;400,000;200,000;25,000;0,000;0,0000;0,0000;0,0000;0,0000;-0,0000;0,0000;0,0000;0,0000;0,0000;-0,0000;0,0000;0,0000;49;0
22,6088;43,9066;-212,9752;97,2802;25,6950;-90,0000;133,9066;400,000;200,000;25,000;0,000;0,0000;0,0000;0,0000;-0,0000;0,0000;0,0000;0,0000;0,0000;0,0000;-0,0000;0,0000;0,0000;49;0
22,6184;43,9066;-212,9752;97,2802;25,6950;-90,0000;133,9066;400,000;200,000;25,000;0,000;0,0000;0,0000;0,0000;0,0000;0,0000;0,0000;0,0000;0,0000;0,0000;0,0000;-0,0000;0,0000;49;0
22,6280;43,9066;-212,9752;97,2802;25,6950;-90,0000;133,9066;400,000;200,000;25,000;0,000;0,0000;0,0000;0,0000;0,0000;0,0000;0,0000;0,0000;0,0000;0,0000;0,0000;0,0000;0,0000;49;0
22,6376;43,9066;-212,9752;97,2802;25,6950;-90,0000;133,9066;400,000;200,000;25,000;0,000;0,0000;0,0000;0,0000;0,0000;0,0000;0,0000;0,0000;0,0000;0,0000;0,0000;0,0000;0,0000;49;0
22,6472;43,9066;-212,9752;97,2802;25,6950;-90,0000;133,9066;400,000;200,000;25,000;0,000;0,0000;0,0000;0,0000;0,0000;0,0000;0,0000;0,0000;0,0000;0,0000;0,0000;0,0000;0,0000;49;0
22,6568;43,9066;-212,9752;97,2802;25,6950;-90,0000;133,9066;400,000;200,000;25,000;0,000;0,0000;0,0000;0,0000;0,0000;0,0000;0,0000;0,0000;0,0000;0,0000;0,0000;0,0000;0,0000;49;0
22,6664;43,9066;-212,9752;97,2802;25,6950;-90,0000;133,9066;400,000;200,000;25,000;0,000;0,0000;0,0000;0,0000;0,0000;0,0000;0,0000;0,0000;0,0000;0,0000;0,0000;0,0000;0,0000;49;0
22,6760;43,9066;-212,9752;97,2802;25,6950;-90,0000;133,9066;400,000;200,000;25,000;0,000;0,0000;0,0000;0,0000;0,0000;0,0000;0,0000;0,0000;0,0000;0,0000;0,0000;0,0000;0,0000;49;0
22,6856;43,9066;-212,9752;97,2802;25,6950;-90,0000;133,9066;400,000;200,000;25,000;0,000;0,0000;0,0000;0,0000;0,0000;0,0000;0,0000;0,0000;0,0000;0,0000;0,0000;0,0000;0,0000;49;0
22,6952;43,9066;-212,9752;97,2802;25,6950;-90,0000;133,9066;400,000;200,000;25,000;0,000;0,0000;0,0000;0,0000;0,0000;0,0000;0,0000;0,0000;0,0000;0,0000;0,0000;0,0000;0,0000;49;0
22,7048;43,9066;-212,9752;97,2802;25,6950;-90,0000;133,9066;400,000;200,000;25,000;0,000;0,0000;0,0000;0,0000;0,0000;0,0000;0,0000;0,0000;0,0000;0,0000;0,0000;0,0000;0,0000;49;0
22,7144;43,9066;-212,9752;97,2802;25,6950;-90,0000;133,9066;400,000;200,000;25,000;0,000;0,0000;0,0000;0,0000;0,0000;0,0000;0,0000;-0,0000;10,1677;-3,5132;-6,6545;0,0000;-0,0000;49;0
22,7240;43,9066;-212,9752;97,2802;25,6950;-90,0000;133,9066;400,000;200,000;25,000;0,000;-0,0000;0,1951;-0,0674;-0,1277;0,0000;-0,0000;-0,0000;44,7343;-15,4628;-29,2715;0,0000;-0,0000;49;0
22,7336;43,9066;-212,9715;97,2789;25,6925;-90,0000;133,9066;400,000;200,000;25,031;3,187;-0,0000;0,8586;-0,2968;-0,5618;0,0000;-0,0000;0,0000;83,4654;-28,8772;-54,5882;-0,0000;0,0000;51;0
22,7432;43,9066;-212,9587;97,2745;25,6842;-90,0000;133,9066;400,000;200,000;25,135;10,834;0,0000;1,7971;-0,6217;-1,1754;0,0000;0,0000;0,0000;97,9063;-33,9465;-63,9598;-0,0000;0,0000;51;0
22,7528;43,9066;-212,9370;97,2670;25,6700;-90,0000;133,9066;400,000;200,000;25,312;18,511;0,0000;2,7376;-0,9483;-1,7893;0,0000;0,0000;0,0000;98,0330;-34,1259;-63,9071;0,0000;0,0000;51;0
22,7624;43,9066;-212,9062;97,2563;25,6499;-90,0000;133,9066;400,000;200,000;25,563;26,188;0,0000;3,6786;-1,2766;-2,4019;0,0000;0,0000;0,0000;98,0755;-34,3325;-63,7430;0,0000;0,0000;51;0
22,7720;43,9066;-212,8664;97,2425;25,6239;-90,0000;133,9066;400,000;200,000;25,888;33,865;0,0000;4,6200;-1,6072;-3,0127;0,0000;0,0000;0,0000;98,1302;-34,5995;-63,5307;0,0000;0,0000;51;0
22,7815;43,9066;-212,8175;97,2255;25,5920;-90,0000;133,9066;400,000;200,000;26,287;41,542;0,0000;5,5619;-1,9407;-3,6213;0,0000;0,0000;0,0000;98,1970;-34,9271;-63,2699;0,0000;0,0000;51;0
22,7911;43,9066;-212,7596;97,2052;25,5544;-90,0000;133,9066;400,000;200,000;26,759;49,219;0,0000;6,5046;-2,2776;-4,2270;0,0000;0,0000;0,0000;98,2757;-35,3152;-62,9605;0,0000;0,0000;51;0
22,8007;43,9066;-212,6927;97,1818;25,5109;-90,0000;133,9066;400,000;200,000;27,305;56,896;0,0000;7,4481;-2,6185;-4,8296;0,0000;0,0000;0,0000;98,3660;-35,7637;-62,6023;0,0000;0,0000;51;0
22,8103;43,9066;-212,6167;97,1550;25,4617;-90,0000;133,9066;400,000;200,000;27,925;64,573;0,0000;8,3925;-2,9640;-5,4285;0,0000;0,0000;0,0000;98,4677;-36,2726;-62,1951;0,0000;0,0000;51;0
22,8199;43,9066;-212,5316;97,1249;25,4067;-90,0000;133,9066;400,000;200,000;28,618;72,250;0,0000;9,3379;-3,3146;-6,0233;0,0000;0,0000;0,0000;98,5806;-36,8419;-61,7387;-0,0000;0,0000;51;0
22,8295;43,9066;-212,4374;97,0914;25,3461;-90,0000;133,9066;400,000;200,000;29,385;79,927;0,0000;10,2845;-3,6710;-6,6135;0,0000;0,0000;0,0000;98,7042;-37,4716;-61,2327;-0,0000;0,0000;51;0
22,8391;43,9066;-212,3342;97,0544;25,2798;-90,0000;133,9066;400,000;200,000;30,226;87,604;0,0000;11,2323;-4,0338;-7,1985;0,0000;0,0000;0,0000;98,8383;-38,1615;-60,6768;-0,0000;0,0000;51;0
22,8487;43,9066;-212,2219;97,0139;25,2079;-90,0000;133,9066;400,000;200,000;31,140;95,281;0,0000;12,1815;-4,4035;-7,7780;0,0000;0,0000;0,0000;98,9824;-38,9116;-60,0707;0,0000;0,0000;51;0
22,8583;43,9066;-212,1004;96,9699;25,1305;-90,0000;133,9066;400,000;200,000;32,128;102,958;0,0000;13,1320;-4,7806;-8,3514;0,0000;0,0000;0,0000;99,1361;-39,7220;-59,4141;0,0000;0,0000;51;0
22,8679;43,9066;-211,9698;96,9222;25,0476;-90,0000;133,9066;400,000;200,000;33,190;110,635;0,0000;14,0841;-5,1658;-8,9183;0,0000;0,0000;0,0000;99,2990;-40,5924;-58,7066;0,0000;0,0000;51;0
22,8775;43,9066;-211,8301;96,8707;24,9594;-90,0000;133,9066;400,000;200,000;34,325;118,312;0,0000;15,0378;-5,5597;-9,4782;0,0000;0,0000;0,0000;99,4706;-41,5230;-57,9477;0,0000;0,0000;51;0
22,8871;43,9066;-211,6812;96,8155;24,8657;-90,0000;133,9066;400,000;200,000;35,534;125,989;0,0000;15,9932;-5,9628;-10,0305;0,0000;0,0000;0,0000;99,6505;-42,5135;-57,1370;-0,0000;0,0000;51;0
22,8967;43,9066;-211,5232;96,7563;24,7668;-90,0000;133,9066;400,000;200,000;36,817;133,666;0,0000;16,9504;-6,3756;-10,5748;0,0000;0,0000;0,0000;99,8381;-43,5639;-56,2742;-0,0000;0,0000;51;0
22,9063;43,9066;-211,3559;96,6931;24,6628;-90,0000;133,9066;400,000;200,000;38,174;141,343;0,0000;17,9094;-6,7989;-11,1105;0,0000;0,0000;0,0000;100,0330;-44,6742;-55,3587;0,0000;0,0000;51;0
22,9159;43,9066;-211,1794;96,6258;24,5536;-90,0000;133,9066;400,000;200,000;39,604;149,020;0,0000;18,8703;-7,2330;-11,6372;0,0000;0,0000;0,0000;100,2345;-45,8444;-54,3901;0,0000;0,0000;51;0
22,9255;43,9066;-210,9937;96,5543;24,4394;-90,0000;133,9066;400,000;200,000;41,107;156,697;0,0000;19,8331;-7,6787;-12,1544;0,0000;0,0000;0,0000;100,4421;-47,0742;-53,3679;0,0000;0,0000;51;0
22,9351;43,9066;-210,7988;96,4784;24,3203;-90,0000;133,9066;400,000;200,000;42,685;164,374;0,0000;20,7980;-8,1365;-12,6615;0,0000;0,0000;0,0000;100,6553;-48,3637;-52,2915;0,0000;0,0000;51;0
22,9447;43,9066;-210,5946;96,3981;24,1964;-90,0000;133,9066;400,000;200,000;44,336;172,051;0,0000;21,7650;-8,6070;-13,1580;0,0000;0,0000;-0,0000;100,8735;-49,7129;-51,1606;-0,0001;-0,0000;51;0
22,9543;43,9066;-210,3811;96,3133;24,0678;-90,0000;133,9066;400,000;200,000;46,060;179,728;-0,0000;22,7340;-9,0906;-13,6434;-0,0000;-0,0000;-0,0000;101,0961;-51,1216;-49,9745;-0,0001;-0,0000;51;0
22,9639;43,9066;-210,1582;96,2237;23,9346;-90,0000;133,9066;400,000;200,000;47,859;187,405;-0,0000;23,7053;-9,5881;-14,1172;-0,0000;-0,0000;0,0000;101,3226;-52,5898;-48,7328;0,0001;0,0000;51;0
22,9735;43,9066;-209,9261;96,1292;23,7969;-90,0000;133,9066;400,000;200,000;49,731;195,082;0,0000;24,6787;-10,1000;-14,5787;0,0000;0,0000;0,0000;101,5523;-54,1174;-47,4349;0,0001;0,0000;51;0
22,9831;43,9066;-209,6846;96,0298;23,6548;-90,0000;133,9066;400,000;200,000;51,677;202,759;0,0000;25,6543;-10,6268;-15,0275;0,0000;0,0000;0,0000;101,7848;-55,7045;-46,0803;0,0000;0,0000;51;0
22,9927;43,9066;-209,4337;95,9253;23,5084;-90,0000;133,9066;400,000;200,000;53,696;210,436;0,0000;26,6322;-11,1691;-15,4631;0,0000;0,0000;0,0000;102,0194;-57,3509;-44,6685;-0,0000;0,0000;51;0
23,0023;43,9066;-209,1735;95,8155;23,3580;-90,0000;133,9066;400,000;200,000;55,789;218,113;0,0000;27,6123;-11,7275;-15,8849;0,0000;0,0000;-0,0000;102,2557;-59,0567;-43,1989;-0,0000;0,0000;51;0
23,0119;43,9066;-208,9038;95,7002;23,2036;-90,0000;133,9066;400,000;200,000;57,956;225,790;0,0000;28,5947;-12,3025;-16,2922;-0,0000;0,0000;-0,0000;102,4930;-60,8219;-41,6711;-0,0000;0,0000;51;0
23,0215;43,9066;-208,6246;95,5793;23,0453;-90,0000;133,9066;400,000;200,000;60,196;233,467;0,0000;29,5794;-12,8948;-16,6846;-0,0000;0,0000;0,0000;102,7310;-62,6464;-40,0846;0,0000;0,0000;51;0
23,0311;43,9066;-208,3361;95,4527;22,8833;-90,0000;133,9066;400,000;200,000;62,510;241,144;0,0000;30,5664;-13,5049;-17,0615;0,0000;0,0000;0,0000;102,9692;-64,5304;-38,4387;0,0000;0,0000;51;0
23,0406;43,9066;-208,0380;95,3202;22,7178;-90,0000;133,9066;400,000;200,000;64,898;248,821;0,0000;31,5557;-14,1333;-17,4224;0,0000;0,0000;0,0000;103,2070;-66,4739;-36,7332;0,0000;0,0000;51;0
23,0502;43,9066;-207,7304;95,1815;22,5490;-90,0000;133,9066;400,000;200,000;67,359;256,498;0,0000;32,5472;-14,7807;-17,7665;0,0000;0,0000;0,0000;103,4442;-68,4769;-34,9673;0,0000;0,0000;51;0
23,0598;43,9066;-207,4133;95,0365;22,3769;-90,0000;133,9066;400,000;200,000;69,895;264,175;0,0000;33,5410;-15,4475;-18,0935;0,0000;0,0000;0,0000;103,5631;-70,4840;-33,0791;0,0000;0,0000;51;0
23,0694;43,9066;-207,0867;94,8850;22,2017;-90,0000;133,9066;400,000;200,000;72,503;271,852;0,0000;34,5348;-16,1334;-18,4014;0,0000;0,0000;0,0000;75,2585;-58,8862;-16,3723;0,0000;0,0000;51;0
23,0790;43,9066;-206,7505;94,7268;22,0237;-90,0000;133,9066;400,000;200,000;75,185;279,493;0,0000;34,9854;-16,5777;-18,4077;0,0000;0,0000;-0,0000;-3,1327;-22,5333;25,6660;-0,0000;-0,0000;51;0
23,0886;43,9066;-206,4152;94,5668;21,8484;-90,0000;133,9066;400,000;200,000;77,858;278,479;0,0000;34,4747;-16,5659;-17,9088;-0,0000;0,0000;-0,0000;-75,1466;12,4623;62,6843;-0,0000;-0,0000;51;0
23,0982;43,9066;-206,0889;94,4089;21,6800;-90,0000;133,9066;400,000;200,000;80,456;270,802;0,0000;33,5432;-16,3385;-17,2046;-0,0000;0,0000;0,0000;-97,2463;24,7393;72,5070;0,0000;0,0000;51;0
23,1078;43,9066;-205,7715;94,2532;21,5182;-90,0000;133,9066;400,000;200,000;82,981;263,125;0,0000;32,6083;-16,0911;-16,5172;0,0000;0,0000;0,0000;-97,5798;26,8000;70,7798;0,0000;0,0000;51;0
23,1174;43,9066;-205,4630;94,1001;21,3630;-90,0000;133,9066;400,000;200,000;85,433;255,448;0,0000;31,6704;-15,8242;-15,8462;0,0000;0,0000;-0,0000;-97,8938;28,7996;69,0942;-0,0000;-0,0000;51;0
23,1270;43,9066;-205,1636;93,9495;21,2141;-90,0000;133,9066;400,000;200,000;87,811;247,771;0,0000;30,7295;-15,5384;-15,1911;0,0000;0,0000;-0,0000;-98,1895;30,7382;67,4513;-0,0000;-0,0000;51;0
23,1366;43,9066;-204,8733;93,8018;21,0714;-90,0000;133,9066;400,000;200,000;90,115;240,094;0,0000;29,7859;-15,2342;-14,5516;0,0000;0,0000;-0,0000;-98,4680;32,6161;65,8519;-0,0000;-0,0000;51;0
23,1462;43,9066;-204,5920;93,6572;20,9348;-90,0000;133,9066;400,000;200,000;92,345;232,417;0,0000;28,8396;-14,9124;-13,9273;0,0000;0,0000;-0,0000;-98,7303;34,4334;64,2969;-0,0000;-0,0000;51;0
23,1558;43,9066;-204,3197;93,5156;20,8041;-90,0000;133,9066;400,000;200,000;94,502;224,740;0,0000;27,8910;-14,5734;-13,3176;0,0000;0,0000;-0,0000;-98,9776;36,1903;62,7872;-0,0000;-0,0000;51;0
23,1654;43,9066;-204,0567;93,3775;20,6792;-90,0000;133,9066;400,000;200,000;96,585;217,063;0,0000;26,9400;-14,2178;-12,7222;0,0000;0,0000;-0,0000;-99,2105;37,8870;61,3234;0,0000;-0,0000;51;0
23,1750;43,9066;-203,8027;93,2428;20,5599;-90,0000;133,9066;400,000;200,000;98,594;209,386;0,0000;25,9869;-13,8462;-12,1406;0,0000;0,0000;-0,0000;-99,4300;39,5236;59,9064;0,0000;-0,0000;51;0
23,1846;43,9066;-203,5579;93,1117;20,4462;-90,0000;133,9066;400,000;200,000;100,530;201,709;0,0000;25,0317;-13,4592;-11,5725;0,0000;0,0000;-0,0000;-99,6367;41,1001;58,5366;-0,0000;-0,0000;51;0
23,1942;43,9066;-203,3223;92,9844;20,3378;-90,0000;133,9066;400,000;200,000;102,391;194,032;0,0000;24,0746;-13,0574;-11,0172;0,0000;0,0000;-0,0000;-99,8315;42,6167;57,2148;-0,0000;-0,0000;51;0
23,2038;43,9066;-203,0958;92,8611;20,2347;-90,0000;133,9066;400,000;200,000;104,180;186,355;0,0000;23,1157;-12,6413;-10,4744;0,0000;0,0000;-0,0000;-100,0149;44,0735;55,9414;0,0000;-0,0000;51;0
23,2134;43,9066;-202,8786;92,7418;20,1368;-90,0000;133,9066;400,000;200,000;105,894;178,678;0,0000;22,1550;-12,2115;-9,9435;0,0000;0,0000;-0,0000;-100,1875;45,4704;54,7171;0,0000;-0,0000;51;0
23,2230;43,9066;-202,6706;92,6267;20,0439;-90,0000;133,9066;400,000;200,000;107,535;171,001;0,0000;21,1928;-11,7686;-9,4242;0,0000;0,0000;-0,0000;-100,3499;46,8076;53,5423;-0,0000;-0,0000;51;0
23,2326;43,9066;-202,4719;92,5160;19,9559;-90,0000;133,9066;400,000;200,000;109,103;163,324;0,0000;20,2291;-11,3132;-8,9159;0,0000;0,0000;-0,0000;-100,5025;48,0850;52,4175;-0,0000;-0,0000;51;0
23,2422;43,9066;-202,2824;92,4096;19,8728;-90,0000;133,9066;400,000;200,000;110,596;155,647;0,0000;19,2639;-10,8457;-8,4182;0,0000;0,0000;-0,0000;-100,6457;49,3027;51,3431;-0,0000;-0,0000;51;0
23,2518;43,9066;-202,1022;92,3078;19,7944;-90,0000;133,9066;400,000;200,000;112,016;147,970;0,0000;18,2974;-10,3669;-7,9305;0,0000;0,0000;-0,0000;-100,7800;50,4606;50,3194;-0,0000;-0,0000;51;0
23,2614;43,9066;-201,9312;92,2106;19,7206;-90,0000;133,9066;400,000;200,000;113,363;140,293;0,0000;17,3297;-9,8773;-7,4524;0,0000;0,0000;-0,0000;-100,9057;51,5589;49,3469;0,0000;-0,0000;51;0
23,2710;43,9066;-201,7696;92,1182;19,6513;-90,0000;133,9066;400,000;200,000;114,635;132,616;0,0000;16,3608;-9,3774;-6,9834;0,0000;0,0000;-0,0000;-101,0232;52,5973;48,4258;0,0000;-0,0000;51;0
23,2806;43,9066;-201,6172;92,0307;19,5865;-90,0000;133,9066;400,000;200,000;115,834;124,939;0,0000;15,3908;-8,8678;-6,5230;0,0000;0,0000;-0,0000;-101,1326;53,5760;47,5566;-0,0000;-0,0000;51;0
23,2902;43,9066;-201,4742;91,9480;19,5261;-90,0000;133,9066;400,000;200,000;116,959;117,262;0,0000;14,4198;-8,3491;-6,0707;0,0000;0,0000;-0,0000;-101,2343;54,4949;46,7394;-0,0000;-0,0000;51;0
23,2997;43,9066;-201,3405;91,8704;19,4700;-90,0000;133,9066;400,000;200,000;118,011;109,585;0,0000;13,4479;-7,8219;-5,6260;0,0000;0,0000;-0,0000;-101,3285;55,3539;45,9746;-0,0000;-0,0000;51;0
23,3093;43,9066;-201,2161;91,7979;19,4182;-90,0000;133,9066;400,000;200,000;118,989;101,908;0,0000;12,4750;-7,2867;-5,1883;0,0000;0,0000;-0,0000;-101,4154;56,1530;45,2624;-0,0000;-0,0000;51;0
23,3189;43,9066;-201,1010;91,7306;19,3705;-90,0000;133,9066;400,000;200,000;119,893;94,231;0,0000;11,5014;-6,7442;-4,7573;0,0000;0,0000;-0,0000;-101,4952;56,8922;44,6030;-0,0000;-0,0000;51;0
23,3285;43,9066;-200,9953;91,6685;19,3269;-90,0000;133,9066;400,000;200,000;120,724;86,554;0,0000;10,5271;-6,1948;-4,3323;0,0000;0,0000;-0,0000;-101,5680;57,5714;43,9966;-0,0000;-0,0000;51;0
23,3381;43,9066;-200,8990;91,6117;19,2873;-90,0000;133,9066;400,000;200,000;121,481;78,877;0,0000;9,5521;-5,6392;-3,9128;0,0000;0,0000;-0,0000;-101,6339;58,1905;43,4434;-0,0000;-0,0000;51;0
23,3477;43,9066;-200,8120;91,5602;19,2518;-90,0000;133,9066;400,000;200,000;122,164;71,200;0,0000;8,5765;-5,0780;-3,4985;0,0000;0,0000;-0,0000;-101,6931;58,7496;42,9436;-0,0000;-0,0000;51;0
23,3573;43,9066;-200,7344;91,5142;19,2202;-90,0000;133,9066;400,000;200,000;122,774;63,523;0,0000;7,6003;-4,5117;-3,0887;0,0000;0,0000;-0,0000;-101,7457;59,2485;42,4972;-0,0000;-0,0000;51;0
23,3669;43,9066;-200,6661;91,4736;19,1925;-90,0000;133,9066;400,000;200,000;123,310;55,846;0,0000;6,6237;-3,9409;-2,6828;0,0000;0,0000;-0,0000;-101,7918;59,6872;42,1046;-0,0000;-0,0000;51;0
23,3765;43,9066;-200,6073;91,4386;19,1687;-90,0000;133,9066;400,000;200,000;123,772;48,169;0,0000;5,6467;-3,3661;-2,2806;0,0000;0,0000;-0,0000;-101,8314;60,0657;41,7657;-0,0000;-0,0000;51;0
23,3861;43,9066;-200,5578;91,4090;19,1487;-90,0000;133,9066;400,000;200,000;124,160;40,492;0,0000;4,6693;-2,7881;-1,8813;0,0000;0,0000;-0,0000;-101,8646;60,3840;41,4806;-0,0000;-0,0000;51;0
23,3957;43,9066;-200,5176;91,3851;19,1326;-90,0000;133,9066;400,000;200,000;124,475;32,815;0,0000;3,6917;-2,2072;-1,4844;0,0000;0,0000;-0,0000;-101,8914;60,6419;41,2495;-0,0000;-0,0000;51;0
23,4053;43,9066;-200,4869;91,3667;19,1202;-90,0000;133,9066;400,000;200,000;124,716;25,138;0,0000;2,7138;-1,6242;-1,0896;0,0000;0,0000;-0,0000;-101,9120;60,8396;41,0724;-0,0000;-0,0000;51;0
23,4149;43,9066;-200,4656;91,3539;19,1117;-90,0000;133,9066;400,000;200,000;124,884;17,461;0,0000;1,7357;-1,0395;-0,6962;0,0000;0,0000;-0,0000;-101,9262;60,9768;40,9493;-0,0000;-0,0000;51;0
23,4245;43,9066;-200,4536;91,3467;19,1069;-90,0000;133,9066;400,000;200,000;124,978;9,784;-0,0000;0,7575;-0,4539;-0,3037;-0,0000;-0,0000;-0,0000;-101,9342;61,0538;40,8804;-0,0000;-0,0000;51;0
23,4341;43,9066;-200,4510;91,3452;19,1058;-90,0000;133,9066;400,000;200,000;124,998;2,107;-0,0000;-0,2207;0,1322;0,0884;-0,0000;-0,0000;0,0000;-101,9359;61,0703;40,8655;0,0000;0,0000;52;0
23,4437;43,9066;-200,4578;91,3493;19,1086;-90,0000;133,9066;400,000;200,000;124,945;5,570;-0,0000;-1,1989;0,7182;0,4807;-0,0000;0,0000;0,0000;-101,9313;61,0265;40,9048;0,0000;0,0000;52;0
23,4533;43,9066;-200,4740;91,3590;19,1151;-90,0000;133,9066;400,000;200,000;124,818;13,247;-0,0000;-2,1770;1,3035;0,8735;-0,0000;0,0000;-0,0000;-101,9205;60,9224;40,9982;-0,0000;-0,0000;52;0
23,4629;43,9066;-200,4996;91,3743;19,1253;-90,0000;133,9066;400,000;200,000;124,617;20,924;-0,0000;-3,1550;1,8875;1,2675;-0,0000;-0,0000;-0,0000;-101,9035;60,7579;41,1456;-0,0000;-0,0000;52;0
23,4725;43,9066;-200,5346;91,3952;19,1394;-90,0000;133,9066;400,000;200,000;124,342;28,601;-0,0000;-4,1328;2,4696;1,6632;-0,0000;-0,0000;-0,0000;-101,8801;60,5330;41,3471;-0,0000;-0,0000;52;0
23,4821;43,9066;-200,5789;91,4217;19,1572;-90,0000;133,9066;400,000;200,000;123,994;36,278;-0,0000;-5,1103;3,0492;2,0611;-0,0000;-0,0000;-0,0000;-101,8504;60,2479;41,6026;-0,0000;0,0000;52;0
23,4917;43,9066;-200,6327;91,4537;19,1789;-90,0000;133,9066;400,000;200,000;123,572;43,955;-0,0000;-6,0876;3,6259;2,4617;-0,0000;-0,0000;-0,0000;-101,8143;59,9024;41,9119;-0,0000;-0,0000;52;0
23,5013;43,9066;-200,6958;91,4913;19,2045;-90,0000;133,9066;400,000;200,000;123,077;51,632;-0,0000;-7,0644;4,1989;2,8655;-0,0000;-0,0000;-0,0000;-101,7718;59,4967;42,2751;-0,0000;-0,0000;52;0
23,5109;43,9066;-200,7682;91,5343;19,2339;-90,0000;133,9066;400,000;200,000;122,508;59,309;-0,0000;-8,0408;4,7678;3,2730;-0,0000;-0,0000;0,0000;-101,7228;59,0308;42,6920;0,0000;0,0000;52;0
23,5205;43,9066;-200,8501;91,5828;19,2673;-90,0000;133,9066;400,000;200,000;121,865;66,986;-0,0000;-9,0167;5,3319;3,6848;-0,0000;-0,0000;0,0000;-101,6672;58,5048;43,1625;0,0000;0,0000;52;0
23,5301;43,9066;-200,9413;91,6366;19,3047;-90,0000;133,9066;400,000;200,000;121,148;74,664;-0,0000;-9,9921;5,8906;4,1014;-0,0000;-0,0000;-0,0000;-101,6050;57,9186;43,6864;-0,0000;-0,0000;52;0
23,5397;43,9066;-201,0419;91,6958;19,3460;-90,0000;133,9066;400,000;200,000;120,358;82,341;-0,0000;-10,9668;6,4435;4,5233;-0,0000;-0,0000;-0,0000;-101,5360;57,2724;44,2636;-0,0000;-0,0000;52;0
23,5493;43,9066;-201,1518;91,7603;19,3915;-90,0000;133,9066;400,000;200,000;119,494;90,018;-0,0000;-11,9408;6,9898;4,9510;-0,0000;-0,0000;-0,0000;-101,4601;56,5661;44,8939;-0,0000;0,0000;52;0
23,5588;43,9066;-201,2710;91,8300;19,4410;-90,0000;133,9066;400,000;200,000;118,557;97,695;-0,0000;-12,9141;7,5291;5,3849;-0,0000;0,0000;0,0000;-101,3771;55,7999;45,5772;-0,0000;0,0000;52;0
23,5684;43,9066;-201,3996;91,9048;19,4948;-90,0000;133,9066;400,000;200,000;117,546;105,372;-0,0000;-13,8865;8,0608;5,8257;-0,0000;0,0000;-0,0000;-101,2869;54,9738;46,3132;-0,0000;0,0000;52;0
23,5780;43,9066;-201,5376;91,9847;19,5529;-90,0000;133,9066;400,000;200,000;116,461;113,049;-0,0000;-14,8580;8,5842;6,2738;-0,0000;0,0000;-0,0000;-101,1894;54,0877;47,1017;-0,0000;-0,0000;52;0
23,5876;43,9066;-201,6848;92,0696;19,6152;-90,0000;133,9066;400,000;200,000;115,302;120,726;-0,0000;-15,8286;9,0989;6,7297;-0,0000;-0,0000;0,0000;-101,0842;53,1419;47,9423;0,0000;0,0000;52;0
23,5972;43,9066;-201,8413;92,1593;19,6820;-90,0000;133,9066;400,000;200,000;114,070;128,403;0,0000;-16,7981;9,6041;7,1939;0,0000;0,0000;0,0000;-100,9712;52,1362;48,8350;0,0000;0,0000;52;0
23,6068;43,9066;-202,0072;92,2539;19,7533;-90,0000;133,9066;400,000;200,000;112,764;136,080;0,0000;-17,7665;10,0995;7,6670;0,0000;0,0000;-0,0000;-100,8501;51,0708;49,7793;-0,0000;-0,0000;52;0
23,6164;43,9066;-202,1823;92,3532;19,8292;-90,0000;133,9066;400,000;200,000;111,385;143,757;-0,0000;-18,7336;10,5843;8,1493;-0,0000;-0,0000;-0,0000;-100,7205;49,9456;50,7749;-0,0000;-0,0000;52;0
23,6260;43,9066;-202,3667;92,4570;19,9097;-90,0000;133,9066;400,000;200,000;109,932;151,434;-0,0000;-19,6995;11,0581;8,6415;-0,0000;-0,0000;-0,0000;-100,5822;48,7607;51,8216;-0,0000;-0,0000;52;0
23,6356;43,9066;-202,5604;92,5654;19,9950;-90,0000;133,9066;400,000;200,000;108,405;159,111;-0,0000;-20,6641;11,5202;9,1439;-0,0000;-0,0000;0,0000;-100,4348;47,5160;52,9188;0,0000;0,0000;52;0
23,6452;43,9066;-202,7633;92,6781;20,0852;-90,0000;133,9066;400,000;200,000;106,804;166,788;-0,0000;-21,6271;11,9700;9,6571;-0,0000;0,0000;0,0000;-100,2779;46,2117;54,0662;0,0000;0,0000;52;0
23,6548;43,9066;-202,9755;92,7951;20,1804;-90,0000;133,9066;400,000;200,000;105,130;174,465;-0,0000;-22,5887;12,4071;10,1816;-0,0000;0,0000;-0,0000;-100,1109;44,8475;55,2634;-0,0000;0,0000;52;0
23,6644;43,9066;-203,1969;92,9163;20,2806;-90,0000;133,9066;400,000;200,000;103,382;182,142;-0,0000;-23,5485;12,8308;10,7178;-0,0000;0,0000;0,0000;-99,9335;43,4236;56,5099;0,0000;0,0000;52;0
23,6740;43,9066;-203,4274;93,0414;20,3861;-90,0000;133,9066;400,000;200,000;101,561;189,819;0,0000;-24,5066;13,2405;11,2661;0,0000;0,0000;0,0000;-99,7451;41,9399;57,8052;0,0000;-0,0000;52;0
23,6836;43,9066;-203,6672;93,1704;20,4968;-90,0000;133,9066;400,000;200,000;99,665;197,496;0,0000;-25,4629;13,6357;11,8272;0,0000;0,0000;-0,0000;-99,5450;40,3963;59,1487;-0,0000;-0,0000;52;0
23,6932;43,9066;-203,9161;93,3031;20,6131;-90,0000;133,9066;400,000;200,000;97,696;205,173;-0,0000;-26,4172;14,0158;12,4014;-0,0000;-0,0000;-0,0000;-99,3325;38,7927;60,5399;-0,0000;-0,0000;52;0
23,7028;43,9066;-204,1742;93,4394;20,7349;-90,0000;133,9066;400,000;200,000;95,654;212,850;-0,0000;-27,3693;14,3802;12,9891;-0,0000;-0,0000;0,0000;-99,1071;37,1290;61,9781;-0,0000;0,0000;52;0
23,7124;43,9066;-204,4414;93,5791;20,8624;-90,0000;133,9066;400,000;200,000;93,538;220,527;-0,0000;-28,3193;14,7284;13,5909;-0,0000;-0,0000;0,0000;-98,8678;35,4051;63,4627;0,0000;0,0000;52;0
23,7220;43,9066;-204,7177;93,7220;20,9957;-90,0000;133,9066;400,000;200,000;91,348;228,204;-0,0000;-29,2669;15,0597;14,2071;-0,0000;0,0000;0,0000;-98,6139;33,6210;64,9930;0,0000;0,0000;52;0
23,7316;43,9066;-205,0031;93,8681;21,1350;-90,0000;133,9066;400,000;200,000;89,084;235,881;-0,0000;-30,2119;15,3737;14,8383;-0,0000;-0,0000;-0,0000;-98,3444;31,7763;66,5681;-0,0000;-0,0000;52;0
23,7412;43,9066;-205,2976;94,0171;21,2805;-90,0000;133,9066;400,000;200,000;86,747;243,558;-0,0000;-31,1543;15,6696;15,4847;-0,0000;-0,0000;-0,0000;-98,0583;29,8711;68,1872;-0,0000;-0,0000;52;0
23,7508;43,9066;-205,6011;94,1689;21,4322;-90,0000;133,9066;400,000;200,000;84,336;251,235;-0,0000;-32,0939;15,9470;16,1469;-0,0000;-0,0000;0,0000;-97,7545;27,9050;69,8495;0,0000;0,0000;52;0
23,7604;43,9066;-205,9136;94,3232;21,5904;-90,0000;133,9066;400,000;200,000;81,851;258,912;-0,0000;-33,0305;16,2052;16,8253;-0,0000;0,0000;0,0000;-97,4318;25,8778;71,5540;0,0000;0,0000;52;0
23,7700;43,9066;-206,2350;94,4799;21,7551;-90,0000;133,9066;400,000;200,000;79,293;266,589;-0,0000;-33,9639;16,4436;17,5202;-0,0000;0,0000;0,0000;-93,4156;22,0601;71,3555;0,0000;-0,0000;52;0
23,7796;43,9066;-206,5654;94,6388;21,9266;-90,0000;133,9066;400,000;200,000;76,661;274,266;-0,0000;-34,8234;16,6286;18,1948;-0,0000;-0,0000;0,0000;-48,8404;-0,5735;49,4139;0,0000;0,0000;52;0
23,7892;43,9066;-206,9034;94,7990;22,1043;-90,0000;133,9066;400,000;200,000;73,966;280,818;0,0000;-34,9012;16,4326;18,4686;0,0000;0,0000;0,0000;38,3464;-42,0232;3,6768;0,0000;0,0000;52;0
23,7988;43,9066;-207,2353;94,9542;22,2811;-90,0000;133,9066;400,000;200,000;71,317;276,065;0,0000;-34,0874;15,8220;18,2654;0,0000;0,0000;-0,0000;94,2500;-67,1312;-27,1188;-0,0000;-0,0000;52;0
23,8084;43,9066;-207,5576;95,1027;22,4549;-90,0000;133,9066;400,000;200,000;68,742;268,388;-0,0000;-33,0924;15,1442;17,9481;-0,0000;-0,0000;-0,0000;103,5740;-69,6015;-33,9724;-0,0000;-0,0000;52;0
23,8179;43,9066;-207,8704;95,2448;22,6256;-90,0000;133,9066;400,000;200,000;66,240;260,711;0,0000;-32,0996;14,4862;17,6134;0,0000;0,0000;0,0000;103,3373;-67,5658;-35,7715;0,0000;0,0000;52;0
23,8275;43,9066;-208,1737;95,3807;22,7929;-90,0000;133,9066;400,000;200,000;63,812;253,034;0,0000;-31,1090;13,8475;17,2616;0,0000;0,0000;-0,0000;103,0998;-65,5896;-37,5101;-0,0000;-0,0000;52;0
23,8371;43,9066;-208,4674;95,5106;22,9569;-90,0000;133,9066;400,000;200,000;61,457;245,357;-0,0000;-30,1208;13,2274;16,8934;-0,0000;-0,0000;-0,0000;102,8617;-63,6730;-39,1887;-0,0000;-0,0000;52;0
23,8467;43,9066;-208,7517;95,6346;23,1172;-90,0000;133,9066;400,000;200,000;59,176;237,680;-0,0000;-29,1349;12,6254;16,5095;-0,0000;0,0000;0,0000;102,6236;-61,8159;-40,8077;0,0000;0,0000;52;0
23,8563;43,9066;-209,0266;95,7529;23,2737;-90,0000;133,9066;400,000;200,000;56,969;230,003;-0,0000;-28,1512;12,0410;16,1102;-0,0000;0,0000;0,0000;102,3858;-60,0181;-42,3677;0,0000;0,0000;52;0
23,8659;43,9066;-209,2920;95,8657;23,4264;-90,0000;133,9066;400,000;200,000;54,836;222,326;-0,0000;-27,1698;11,4735;15,6963;-0,0000;0,0000;0,0000;102,1489;-58,2798;-43,8691;0,0000;-0,0000;52;0
23,8755;43,9066;-209,5481;95,9731;23,5750;-90,0000;133,9066;400,000;200,000;52,776;214,649;-0,0000;-26,1907;10,9224;15,2683;-0,0000;0,0000;0,0000;101,9133;-56,6007;-45,3126;0,0000;0,0000;52;0
23,8851;43,9066;-209,7947;96,0753;23,7194;-90,0000;133,9066;400,000;200,000;50,790;206,972;-0,0000;-25,2138;10,3872;14,8267;-0,0000;0,0000;0,0000;101,6796;-54,9811;-46,6985;0,0000;-0,0000;52;0
23,8947;43,9066;-210,0320;96,1725;23,8595;-90,0000;133,9066;400,000;200,000;48,877;199,295;0,0000;-24,2392;9,8672;14,3720;0,0000;-0,0000;0,0000;101,4483;-53,4208;-48,0275;0,0000;-0,0000;52;0
23,9043;43,9066;-210,2599;96,2647;23,9952;-90,0000;133,9066;400,000;200,000;47,038;191,618;0,0000;-23,2668;9,3619;13,9049;0,0000;0,0000;-0,0000;101,2199;-51,9200;-49,2999;-0,0000;0,0000;52;0
23,9139;43,9066;-210,4785;96,3521;24,1264;-90,0000;133,9066;400,000;200,000;45,273;183,941;-0,0000;-22,2966;8,8707;13,4258;-0,0000;-0,0000;-0,0000;100,9951;-50,4786;-50,5165;-0,0000;-0,0000;52;0
23,9235;43,9066;-210,6878;96,4349;24,2529;-90,0000;133,9066;400,000;200,000;43,582;176,264;-0,0000;-21,3284;8,3931;12,9353;-0,0000;-0,0000;-0,0000;100,7745;-49,0968;-51,6776;0,0000;-0,0000;52;0
23,9331;43,9066;-210,8879;96,5132;24,3747;-90,0000;133,9066;400,000;200,000;41,964;168,587;-0,0000;-20,3624;7,9284;12,4340;-0,0000;-0,0000;0,0000;100,5584;-47,7746;-52,7839;0,0000;0,0000;52;0
23,9427;43,9066;-211,0787;96,5871;24,4916;-90,0000;133,9066;400,000;200,000;40,420;160,910;-0,0000;-19,3985;7,4762;11,9223;-0,0000;-0,0000;-0,0000;100,3477;-46,5119;-53,8358;-0,0000;-0,0000;52;0
23,9523;43,9066;-211,2602;96,6567;24,6035;-90,0000;133,9066;400,000;200,000;38,949;153,233;-0,0000;-18,4365;7,0358;11,4008;-0,0000;-0,0000;-0,0000;100,1428;-45,3090;-54,8337;-0,0000;-0,0000;52;0
23,9619;43,9066;-211,4325;96,7221;24,7104;-90,0000;133,9066;400,000;200,000;37,552;145,556;-0,0000;-17,4765;6,6066;10,8699;-0,0000;-0,0000;0,0000;99,9442;-44,1659;-55,7783;0,0000;0,0000;52;0
23,9715;43,9066;-211,5956;96,7835;24,8121;-90,0000;133,9066;400,000;200,000;36,229;137,879;0,0000;-16,5183;6,1881;10,3302;0,0000;0,0000;0,0000;99,7526;-43,0826;-56,6700;0,0000;0,0000;52;0
23,9811;43,9066;-211,7495;96,8409;24,9086;-90,0000;133,9066;400,000;200,000;34,980;130,202;0,0000;-15,5620;5,7797;9,7822;0,0000;0,0000;-0,0000;99,5684;-42,0591;-57,5092;-0,0000;-0,0000;52;0
23,9907;43,9066;-211,8943;96,8944;24,9999;-90,0000;133,9066;400,000;200,000;33,804;122,525;-0,0000;-14,6074;5,3809;9,2265;-0,0000;-0,0000;-0,0000;99,3921;-41,0957;-58,2965;-0,0000;-0,0000;52;0
24,0003;43,9066;-212,0299;96,9442;25,0857;-90,0000;133,9066;400,000;200,000;32,702;114,848;-0,0000;-13,6544;4,9910;8,6634;-0,0000;-0,0000;0,0000;99,2244;-40,1923;-59,0321;0,0000;0,0000;52;0
24,0099;43,9066;-212,1563;96,9902;25,1661;-90,0000;133,9066;400,000;200,000;31,674;107,171;0,0000;-12,7030;4,6095;8,0935;-0,0000;0,0000;0,0000;99,0656;-39,3489;-59,7166;0,0000;0,0000;52;0
24,0195;43,9066;-212,2737;97,0326;25,2410;-90,0000;133,9066;400,000;200,000;30,719;99,494;0,0000;-11,7531;4,2358;7,5173;-0,0000;0,0000;-0,0000;98,9161;-38,5657;-60,3504;-0,0000;-0,0000;52;0
24,0291;43,9066;-212,3819;97,0715;25,3104;-90,0000;133,9066;400,000;200,000;29,838;91,817;-0,0000;-10,8045;3,8693;6,9352;-0,0000;0,0000;-0,0000;98,7765;-37,8428;-60,9338;-0,0000;-0,0000;52;0
24,0387;43,9066;-212,4810;97,1069;25,3741;-90,0000;133,9066;400,000;200,000;29,030;84,140;-0,0000;-9,8573;3,5095;6,3478;-0,0000;-0,0000;-0,0000;98,6471;-37,1800;-61,4671;0,0000;-0,0000;52;0
24,0483;43,9066;-212,5711;97,1389;25,4322;-90,0000;133,9066;400,000;200,000;28,296;76,463;-0,0000;-8,9112;3,1557;5,7555;-0,0000;0,0000;-0,0000;98,5283;-36,5776;-61,9507;0,0000;0,0000;52;0
24,0579;43,9066;-212,6521;97,1675;25,4846;-90,0000;133,9066;400,000;200,000;27,636;68,786;-0,0000;-7,9663;2,8075;5,1588;-0,0000;-0,0000;-0,0000;98,4205;-36,0355;-62,3849;-0,0000;-0,0000;52;0
24,0674;43,9066;-212,7240;97,1928;25,5312;-90,0000;133,9066;400,000;200,000;27,050;61,109;-0,0000;-7,0223;2,4641;4,5582;-0,0000;-0,0000;0,0000;98,3238;-35,5539;-62,7700;0,0000;0,0000;52;0
24,0770;43,9066;-212,7869;97,2148;25,5721;-90,0000;133,9066;400,000;200,000;26,537;53,432;-0,0000;-6,0792;2,1251;3,9541;-0,0000;0,0000;0,0000;98,2387;-35,1326;-63,1061;0,0000;0,0000;52;0
24,0866;43,9066;-212,8407;97,2335;25,6071;-90,0000;133,9066;400,000;200,000;26,098;45,755;-0,0000;-5,1369;1,7898;3,3470;-0,0000;-0,0000;0,0000;98,1654;-34,7718;-63,3935;0,0000;-0,0000;52;0
24,0962;43,9066;-212,8854;97,2491;25,6363;-90,0000;133,9066;400,000;200,000;25,733;38,078;-0,0000;-4,1952;1,4577;2,7374;-0,0000;-0,0000;0,0000;98,1040;-34,4715;-63,6325;0,0000;0,0000;52;0
24,1058;43,9066;-212,9212;97,2615;25,6597;-90,0000;133,9066;400,000;200,000;25,441;30,401;-0,0000;-3,2540;1,1282;2,1257;-0,0000;0,0000;0,0000;98,0548;-34,2318;-63,8230;0,0000;0,0000;52;0
24,1154;43,9066;-212,9479;97,2708;25,6771;-90,0000;133,9066;400,000;200,000;25,223;22,724;0,0000;-2,3132;0,8007;1,5125;-0,0000;0,0000;0,0000;98,0179;-34,0525;-63,9654;0,0000;-0,0000;52;0
24,1250;43,9066;-212,9656;97,2769;25,6887;-90,0000;133,9066;400,000;200,000;25,079;15,047;0,0000;-1,3728;0,4747;0,8981;-0,0000;0,0000;-0,0000;94,4220;-32,6999;-61,7221;-0,0000;-0,0000;52;0
24,1346;43,9066;-212,9742;97,2799;25,6944;-90,0000;133,9066;400,000;200,000;25,008;7,370;-0,0000;-0,5010;0,1732;0,3279;-0,0000;-0,0000;-0,0000;68,9351;-23,8374;-45,0978;-0,0000;-0,0000;52;0
24,1442;43,9066;-212,9752;97,2802;25,6950;-90,0000;133,9066;400,000;200,000;25,000;0,812;-0,0000;-0,0497;0,0172;0,0326;-0,0000;-0,0000;0,0000;26,1057;-9,0218;-17,0840;0,0000;0,0000;53;0
24,1538;43,9066;-212,9752;97,2802;25,6950;-90,0000;133,9066;400,000;200,000;25,000;0,000;0,0000;0,0000;0,0000;0,0000;0,0000;0,0000;0,0000;2,5913;-0,8953;-1,6960;0,0000;0,0000;53;0
24,1634;43,9066;-212,9752;97,2802;25,6950;-90,0000;133,9066;400,000;200,000;25,000;0,000;0,0000;0,0000;0,0000;0,0000;0,0000;0,0000;0,0000;0,0000;0,0000;0,0000;0,0000;0,0000;53;0
24,1730;43,9066;-212,9752;97,2802;25,6950;-90,0000;133,9066;400,000;200,000;25,000;0,000;0,0000;0,0000;0,0000;0,0000;0,0000;0,0000;0,0000;0,0000;0,0000;0,0000;0,0000;0,0000;53;0
24,1826;43,9066;-212,9752;97,2802;25,6950;-90,0000;133,9066;400,000;200,000;25,000;0,000;0,0000;0,0000;0,0000;0,0000;0,0000;0,0000;0,0000;0,0000;0,0000;0,0000;0,0000;0,0000;53;0
24,1922;43,9066;-212,9752;97,2802;25,6950;-90,0000;133,9066;400,000;200,000;25,000;0,000;0,0000;0,0000;0,0000;0,0000;0,0000;0,0000;0,0000;0,0000;0,0000;0,0000;0,0000;0,0000;53;0
24,2018;43,9066;-212,9752;97,2802;25,6950;-90,0000;133,9066;400,000;200,000;25,000;0,000;0,0000;0,0000;0,0000;0,0000;0,0000;0,0000;0,0000;0,0000;0,0000;0,0000;0,0000;0,0000;53;0
24,2114;43,9066;-212,9752;97,2802;25,6950;-90,0000;133,9066;400,000;200,000;25,000;0,000;0,0000;0,0000;0,0000;0,0000;0,0000;0,0000;0,0000;0,0000;0,0000;0,0000;0,0000;0,0000;53;0
24,2210;43,9066;-212,9752;97,2802;25,6950;-90,0000;133,9066;400,000;200,000;25,000;0,000;0,0000;0,0000;0,0000;0,0000;0,0000;0,0000;0,0000;0,0000;0,0000;0,0000;0,0000;0,0000;53;0
24,2306;43,9066;-212,9752;97,2802;25,6950;-90,0000;133,9066;400,000;200,000;25,000;0,000;0,0000;0,0000;0,0000;0,0000;0,0000;0,0000;0,0000;0,0000;0,0000;0,0000;0,0000;0,0000;53;0
24,2402;43,9066;-212,9752;97,2802;25,6950;-90,0000;133,9066;400,000;200,000;25,000;0,000;0,0000;0,0000;0,0000;0,0000;0,0000;0,0000;0,0000;0,0000;0,0000;0,0000;0,0000;0,0000;53;0
24,2498;43,9066;-212,9752;97,2802;25,6950;-90,0000;133,9066;400,000;200,000;25,000;0,000;0,0000;0,0000;0,0000;0,0000;0,0000;0,0000;0,0000;0,0000;0,0000;0,0000;0,0000;0,0000;53;0
24,2594;43,9066;-212,9752;97,2802;25,6950;-90,0000;133,9066;400,000;200,000;25,000;0,000;0,0000;0,0000;0,0000;0,0000;0,0000;0,0000;0,0000;0,0000;0,0000;0,0000;0,0000;0,0000;53;0
24,2690;43,9066;-212,9752;97,2802;25,6950;-90,0000;133,9066;400,000;200,000;25,000;0,000;0,0000;0,0000;0,0000;0,0000;0,0000;0,0000;0,0000;-0,0000;0,0000;0,0000;-0,0000;0,0000;53;0
24,2786;43,9066;-212,9752;97,2802;25,6950;-90,0000;133,9066;400,000;200,000;25,000;0,000;0,0000;-0,0000;0,0000;0,0000;-0,0000;0,0000;0,0000;0,0000;0,0000;-0,0000;0,0000;0,0000;53;0
24,2882;43,9066;-212,9752;97,2802;25,6950;-90,0000;133,9066;400,000;200,000;25,000;0,000;0,0000;0,0000;0,0000;-0,0000;0,0000;0,0000;0,0000;0,0000;0,0000;-0,0000;0,0000;0,0000;53;0
24,2978;43,9066;-212,9752;97,2802;25,6950;-90,0000;133,9066;400,000;200,000;25,000;0,000;0,0000;0,0000;0,0000;0,0000;0,0000;0,0000;0,0000;-0,0000;0,0000;0,0000;-0,0000;0,0000;53;0
24,3074;43,9066;-212,9752;97,2802;25,6950;-90,0000;133,9066;400,000;200,000;25,000;0,000;0,0000;0,0000;0,0000;0,0000;0,0000;0,0000;0,0000;0,0000;0,0000;0,0000;0,0000;0,0000;53;0
24,3170;43,9066;-212,9752;97,2802;25,6950;-90,0000;133,9066;400,000;200,000;25,000;0,000;0,0000;0,0000;0,0000;0,0000;0,0000;0,0000;0,0000;0,0000;0,0000;0,0000;0,0000;0,0000;53;0
24,3265;43,9066;-212,9752;97,2802;25,6950;-90,0000;133,9066;400,000;200,000;25,000;0,000;0,0000;0,0000;0,0000;0,0000;0,0000;0,0000;0,0000;0,0000;0,0000;0,0000;0,0000;0,0000;53;0
24,3361;43,9066;-212,9752;97,2802;25,6950;-90,0000;133,9066;400,000;200,000;25,000;0,000;0,0000;0,0000;0,0000;0,0000;0,0000;0,0000;0,0000;0,0000;0,0000;0,0000;0,0000;0,0000;53;0
24,3457;43,9066;-212,9752;97,2802;25,6950;-90,0000;133,9066;400,000;200,000;25,000;0,000;0,0000;0,0000;0,0000;0,0000;0,0000;0,0000;0,0000;0,0000;0,0000;0,0000;0,0000;0,0000;53;0
24,3553;43,9066;-212,9752;97,2802;25,6950;-90,0000;133,9066;400,000;200,000;25,000;0,000;0,0000;0,0000;0,0000;0,0000;0,0000;0,0000;0,0000;0,0000;0,0000;0,0000;0,0000;0,0000;53;0
24,3649;43,9066;-212,9752;97,2802;25,6950;-90,0000;133,9066;400,000;200,000;25,000;0,000;0,0000;0,0000;0,0000;0,0000;0,0000;0,0000;0,0000;0,0000;0,0000;0,0000;0,0000;0,0000;53;0
24,3745;43,9066;-212,9752;97,2802;25,6950;-90,0000;133,9066;400,000;200,000;25,000;0,000;0,0000;0,0000;0,0000;0,0000;0,0000;0,0000;0,0000;0,0000;0,0000;0,0000;0,0000;0,0000;53;0
24,3841;43,9066;-212,9752;97,2802;25,6950;-90,0000;133,9066;400,000;200,000;25,000;0,000;0,0000;0,0000;0,0000;0,0000;0,0000;0,0000;0,0000;0,0000;0,0000;0,0000;0,0000;0,0000;53;0
24,3937;43,9066;-212,9752;97,2802;25,6950;-90,0000;133,9066;400,000;200,000;25,000;0,000;0,0000;0,0000;0,0000;0,0000;0,0000;0,0000;0,0000;0,0000;0,0000;0,0000;0,0000;0,0000;53;0
24,4033;43,9066;-212,9752;97,2802;25,6950;-90,0000;133,9066;400,000;200,000;25,000;0,000;0,0000;0,0000;0,0000;0,0000;0,0000;0,0000;0,0000;0,0000;0,0000;0,0000;0,0000;0,0000;53;0
24,4129;43,9066;-212,9752;97,2802;25,6950;-90,0000;133,9066;400,000;200,000;25,000;0,000;0,0000;0,0000;0,0000;0,0000;0,0000;0,0000;0,0000;0,0000;0,0000;0,0000;0,0000;0,0000;53;0
24,4225;43,9066;-212,9752;97,2802;25,6950;-90,0000;133,9066;400,000;200,000;25,000;0,000;0,0000;0,0000;0,0000;0,0000;0,0000;0,0000;0,0000;0,9456;-0,3267;-0,6189;0,0000;0,0000;53;0
24,4321;43,9066;-212,9752;97,2802;25,6950;-90,0000;133,9066;400,000;200,000;25,000;0,000;0,0000;0,0181;-0,0063;-0,0119;0,0000;0,0000;0,0000;19,9992;-6,9110;-13,0882;0,0000;0,0000;53;0
24,4417;43,9066;-212,9748;97,2801;25,6948;-90,0000;133,9066;400,000;200,000;25,003;0,296;0,0000;0,3838;-0,1326;-0,2512;0,0000;0,0000;-0,0000;61,6583;-21,3177;-40,3406;0,0000;-0,0000;55;0
24,4513;43,9066;-212,9678;97,2777;25,6902;-90,0000;133,9066;400,000;200,000;25,060;5,972;0,0000;1,2015;-0,4154;-0,7861;0,0000;0,0000;-0,0000;91,6039;-31,7122;-59,8917;0,0000;-0,0000;55;0
24,4609;43,9066;-212,9518;97,2721;25,6797;-90,0000;133,9066;400,000;200,000;25,191;13,649;0,0000;2,1419;-0,7413;-1,4007;0,0000;0,0000;0,0000;98,0125;-34,0264;-63,9861;0,0000;0,0000;55;0
24,4705;43,9066;-212,9267;97,2634;25,6633;-90,0000;133,9066;400,000;200,000;25,396;21,326;0,0000;3,0826;-1,0685;-2,0142;0,0000;0,0000;0,0000;98,0472;-34,1946;-63,8525;0,0000;-0,0000;55;0
24,4801;43,9066;-212,8926;97,2516;25,6410;-90,0000;133,9066;400,000;200,000;25,674;29,003;0,0000;4,0237;-1,3976;-2,6262;0,0000;-0,0000;-0,0000;98,0941;-34,4234;-63,6708;0,0000;-0,0000;55;0
24,4897;43,9066;-212,8495;97,2366;25,6129;-90,0000;133,9066;400,000;200,000;26,026;36,680;0,0000;4,9653;-1,7291;-3,2362;0,0000;-0,0000;0,0000;98,1533;-34,7126;-63,4406;0,0000;0,0000;55;0
24,4993;43,9066;-212,7973;97,2184;25,5789;-90,0000;133,9066;400,000;200,000;26,452;44,357;0,0000;5,9075;-2,0638;-3,8438;0,0000;0,0000;0,0000;98,2245;-35,0624;-63,1621;0,0000;0,0000;55;0
24,5089;43,9066;-212,7361;97,1970;25,5391;-90,0000;133,9066;400,000;200,000;26,951;52,034;0,0000;6,8505;-2,4021;-4,4484;0,0000;0,0000;0,0000;98,3075;-35,4727;-62,8348;0,0000;-0,0000;55;0
24,5185;43,9066;-212,6658;97,1723;25,4935;-90,0000;133,9066;400,000;200,000;27,524;59,711;0,0000;7,7943;-2,7446;-5,0497;0,0000;0,0000;-0,0000;98,4020;-35,9433;-62,4587;-0,0000;-0,0000;55;0
24,5281;43,9066;-212,5865;97,1443;25,4422;-90,0000;133,9066;400,000;200,000;28,171;67,388;0,0000;8,7391;-3,0919;-5,6472;0,0000;0,0000;0,0000;98,5079;-36,4744;-62,0335;0,0000;0,0000;55;0
24,5377;43,9066;-212,4981;97,1130;25,3851;-90,0000;133,9066;400,000;200,000;28,891;75,065;0,0000;9,6849;-3,4446;-6,2403;0,0000;0,0000;0,0000;98,6247;-37,0658;-61,5589;0,0000;0,0000;55;0
24,5473;43,9066;-212,4006;97,0782;25,3224;-90,0000;133,9066;400,000;200,000;29,685;82,742;0,0000;10,6319;-3,8033;-6,8286;0,0000;0,0000;-0,0000;98,7522;-37,7176;-61,0346;-0,0000;-0,0000;55;0
24,5569;43,9066;-212,2941;97,0400;25,2541;-90,0000;133,9066;400,000;200,000;30,553;90,419;-0,0000;11,5802;-4,1685;-7,4117;0,0000;-0,0000;-0,0000;98,8900;-38,4296;-60,4604;-0,0000;-0,0000;55;0
24,5665;43,9066;-212,1784;96,9982;25,1802;-90,0000;133,9066;400,000;200,000;31,494;98,096;0,0000;12,5299;-4,5409;-7,9890;0,0000;-0,0000;0,0000;99,0376;-39,2018;-59,8358;0,0000;0,0000;55;0
24,5761;43,9066;-212,0536;96,9528;25,1008;-90,0000;133,9066;400,000;200,000;32,509;105,773;0,0000;13,4810;-4,9209;-8,5601;0,0000;-0,0000;0,0000;99,1948;-40,0342;-59,1606;0,0000;0,0000;55;0
24,5856;43,9066;-211,9197;96,9038;25,0159;-90,0000;133,9066;400,000;200,000;33,598;113,450;0,0000;14,4337;-5,3092;-9,1245;0,0000;0,0000;0,0000;99,3610;-40,9267;-58,4343;0,0000;0,0000;55;0
24,5952;43,9066;-211,7766;96,8509;24,9256;-90,0000;133,9066;400,000;200,000;34,760;121,127;0,0000;15,3880;-5,7064;-9,6816;0,0000;0,0000;0,0000;99,5357;-41,8792;-57,6564;0,0000;-0,0000;55;0
24,6048;43,9066;-211,6243;96,7942;24,8301;-90,0000;133,9066;400,000;200,000;35,996;128,804;0,0000;16,3440;-6,1130;-10,2310;0,0000;-0,0000;0,0000;99,7184;-42,8917;-56,8267;0,0000;0,0000;55;0
24,6144;43,9066;-211,4629;96,7336;24,7293;-90,0000;133,9066;400,000;200,000;37,306;136,481;0,0000;17,3018;-6,5296;-10,7723;0,0000;0,0000;0,0000;99,9088;-43,9641;-55,9446;0,0000;0,0000;55;0
24,6240;43,9066;-211,2923;96,6689;24,6233;-90,0000;133,9066;400,000;200,000;38,689;144,158;0,0000;18,2615;-6,9568;-11,3048;0,0000;0,0000;0,0000;100,1061;-45,0964;-55,0097;0,0000;-0,0000;55;0
24,6336;43,9066;-211,1124;96,6001;24,5123;-90,0000;133,9066;400,000;200,000;40,146;151,835;0,0000;19,2231;-7,3951;-11,8280;0,0000;0,0000;0,0000;100,3099;-46,2884;-54,0215;0,0000;0,0000;55;0
24,6432;43,9066;-210,9233;96,5270;24,3963;-90,0000;133,9066;400,000;200,000;41,677;159,512;0,0000;20,1867;-7,8452;-12,3416;0,0000;0,0000;0,0000;100,5197;-47,5402;-52,9795;0,0000;0,0000;55;0
24,6528;43,9066;-210,7250;96,4495;24,2754;-90,0000;133,9066;400,000;200,000;43,282;167,189;0,0000;21,1524;-8,3075;-12,8448;0,0000;0,0000;-0,0000;100,7348;-48,8516;-51,8832;-0,0000;-0,0000;55;0
24,6624;43,9066;-210,5173;96,3676;24,1498;-90,0000;133,9066;400,000;200,000;44,960;174,866;0,0000;22,1201;-8,7828;-13,3373;0,0000;0,0000;-0,0000;100,9546;-50,2226;-50,7321;-0,0000;-0,0000;55;0
24,6720;43,9066;-210,3004;96,2810;24,0195;-90,0000;133,9066;400,000;200,000;46,711;182,543;0,0000;23,0899;-9,2714;-13,8185;0,0000;0,0000;-0,0000;101,1787;-51,6531;-49,5256;-0,0000;-0,0000;55;0
24,6816;43,9066;-210,0742;96,1896;23,8846;-90,0000;133,9066;400,000;200,000;48,537;190,220;0,0000;24,0620;-9,7741;-14,2879;0,0000;-0,0000;-0,0000;101,4065;-53,1431;-48,2634;-0,0000;-0,0000;55;0
24,6912;43,9066;-209,8386;96,0934;23,7452;-90,0000;133,9066;400,000;200,000;50,436;197,897;0,0000;25,0362;-10,2914;-14,7448;0,0000;-0,0000;-0,0000;101,6373;-54,6925;-46,9447;-0,0000;-0,0000;55;0
24,7008;43,9066;-209,5937;95,9921;23,6016;-90,0000;133,9066;400,000;200,000;52,409;205,574;0,0000;26,0126;-10,8238;-15,1888;0,0000;-0,0000;0,0000;101,8706;-56,3014;-45,5692;0,0000;0,0000;55;0
24,7104;43,9066;-209,3394;95,8856;23,4537;-90,0000;133,9066;400,000;200,000;54,455;213,251;0,0000;26,9913;-11,3719;-15,6194;0,0000;0,0000;0,0000;102,1059;-57,9696;-44,1363;0,0000;0,0000;55;0
24,7200;43,9066;-209,0757;95,7738;23,3018;-90,0000;133,9066;400,000;200,000;56,575;220,928;0,0000;27,9723;-11,9364;-16,0359;0,0000;0,0000;0,0000;102,3426;-59,6971;-42,6455;0,0000;-0,0000;55;0
24,7296;43,9066;-208,8025;95,6565;23,1460;-90,0000;133,9066;400,000;200,000;58,769;228,605;0,0000;28,9556;-12,5177;-16,4379;0,0000;-0,0000;0,0000;102,5803;-61,4841;-41,0962;0,0000;-0,0000;55;0
24,7392;43,9066;-208,5199;95,5336;22,9863;-90,0000;133,9066;400,000;200,000;61,036;236,282;0,0000;29,9411;-13,1164;-16,8247;0,0000;-0,0000;0,0000;102,8184;-63,3304;-39,4879;0,0000;0,0000;55;0
24,7488;43,9066;-208,2279;95,4048;22,8231;-90,0000;133,9066;400,000;200,000;63,377;243,959;0,0000;30,9289;-13,7332;-17,1958;0,0000;-0,0000;0,0000;103,0564;-65,2362;-37,8202;0,0000;0,0000;55;0
24,7584;43,9066;-207,9263;95,2700;22,6563;-90,0000;133,9066;400,000;200,000;65,792;251,636;0,0000;31,9190;-14,3685;-17,5505;0,0000;0,0000;0,0000;103,2941;-67,2015;-36,0926;0,0000;0,0000;55;0
24,7680;43,9066;-207,6153;95,1290;22,4862;-90,0000;133,9066;400,000;200,000;68,281;259,313;0,0000;32,9114;-15,0229;-17,8885;0,0000;0,0000;-0,0000;103,5309;-69,2263;-34,3046;-0,0000;-0,0000;55;0
24,7776;43,9066;-207,2947;94,9817;22,3130;-90,0000;133,9066;400,000;200,000;70,843;266,990;0,0000;33,9060;-15,6971;-18,2089;0,0000;-0,0000;-0,0000;99,0171;-69,0484;-29,9687;-0,0000;-0,0000;55;0
24,7872;43,9066;-206,9645;94,8278;22,1367;-90,0000;133,9066;400,000;200,000;73,478;274,667;0,0000;34,8118;-16,3481;-18,4636;0,0000;-0,0000;0,0000;52,2764;-48,4603;-3,8161;0,0000;0,0000;55;0
24,7968;43,9066;-206,6265;94,6679;21,9586;-90,0000;133,9066;400,000;200,000;76,174;280,891;0,0000;34,9093;-16,6272;-18,2822;0,0000;0,0000;0,0000;-35,3405;-7,1255;42,4660;0,0000;0,0000;55;0
24,8064;43,9066;-206,2945;94,5087;21,7859;-90,0000;133,9066;400,000;200,000;78,819;275,664;0,0000;34,1335;-16,4849;-17,6486;0,0000;0,0000;-0,0000;-89,0258;19,6471;69,3787;-0,0000;0,0000;55;0
24,8160;43,9066;-205,9714;94,3515;21,6199;-90,0000;133,9066;400,000;200,000;81,391;267,987;0,0000;33,2007;-16,2501;-16,9506;0,0000;0,0000;-0,0000;-97,3709;25,5021;71,8689;-0,0000;-0,0000;55;0
24,8256;43,9066;-205,6573;94,1968;21,4605;-90,0000;133,9066;400,000;200,000;83,889;260,310;0,0000;32,2647;-15,9954;-16,2693;0,0000;-0,0000;0,0000;-97,6971;27,5403;70,1568;0,0000;0,0000;55;0
24,8352;43,9066;-205,3522;94,0445;21,3076;-90,0000;133,9066;400,000;200,000;86,313;252,633;0,0000;31,3257;-15,7215;-15,6041;0,0000;0,0000;0,0000;-98,0043;29,5175;68,4867;0,0000;0,0000;55;0
24,8447;43,9066;-205,0561;93,8950;21,1611;-90,0000;133,9066;400,000;200,000;88,664;244,956;0,0000;30,3838;-15,4289;-14,9548;0,0000;0,0000;0,0000;-98,2935;31,4339;66,8597;0,0000;0,0000;55;0
24,8543;43,9066;-204,7690;93,7484;21,0206;-90,0000;133,9066;400,000;200,000;90,941;237,279;0,0000;29,4392;-15,1182;-14,3209;0,0000;0,0000;-0,0000;-98,5660;33,2895;65,2765;-0,0000;-0,0000;55;0
24,8639;43,9066;-204,4911;93,6049;20,8862;-90,0000;133,9066;400,000;200,000;93,144;229,602;-0,0000;28,4920;-14,7900;-13,7020;-0,0000;-0,0000;-0,0000;-98,8227;35,0847;63,7380;-0,0000;-0,0000;55;0
24,8735;43,9066;-204,2222;93,4646;20,7576;-90,0000;133,9066;400,000;200,000;95,274;221,925;-0,0000;27,5425;-14,4449;-13,0976;-0,0000;-0,0000;0,0000;-99,0646;36,8195;62,2451;0,0000;0,0000;55;0
24,8831;43,9066;-203,9625;93,3276;20,6348;-90,0000;133,9066;400,000;200,000;97,330;214,248;0,0000;26,5907;-14,0834;-12,5074;0,0000;0,0000;0,0000;-99,2925;38,4942;60,7983;0,0000;0,0000;55;0
24,8927;43,9066;-203,7119;93,1943;20,5176;-90,0000;133,9066;400,000;200,000;99,312;206,571;-0,0000;25,6368;-13,7061;-11,9308;0,0000;0,0000;-0,0000;-99,5072;40,1087;59,3985;-0,0000;0,0000;55;0
24,9023;43,9066;-203,4704;93,0646;20,4058;-90,0000;133,9066;400,000;200,000;101,221;198,894;-0,0000;24,6809;-13,3136;-11,3674;-0,0000;0,0000;0,0000;-99,7095;41,6632;58,0463;0,0000;-0,0000;55;0
24,9119;43,9066;-203,2382;92,9387;20,2994;-90,0000;133,9066;400,000;200,000;103,056;191,217;0,0000;23,7231;-12,9064;-10,8167;0,0000;0,0000;0,0000;-99,9000;43,1579;56,7422;0,0000;-0,0000;55;0
24,9215;43,9066;-203,0151;92,8169;20,1982;-90,0000;133,9066;400,000;200,000;104,817;183,540;0,0000;22,7636;-12,4853;-10,2783;0,0000;-0,0000;0,0000;-100,0794;44,5927;55,4868;0,0000;-0,0000;55;0
24,9311;43,9066;-202,8013;92,6991;20,1022;-90,0000;133,9066;400,000;200,000;106,505;175,863;0,0000;21,8024;-12,0506;-9,7518;0,0000;0,0000;0,0000;-100,2482;45,9677;54,2805;-0,0000;0,0000;55;0
24,9407;43,9066;-202,5967;92,5856;20,0111;-90,0000;133,9066;400,000;200,000;108,119;168,186;0,0000;20,8396;-11,6030;-9,2365;0,0000;0,0000;-0,0000;-100,4070;47,2829;53,1240;-0,0000;0,0000;55;0
24,9503;43,9066;-202,4013;92,4764;19,9249;-90,0000;133,9066;400,000;200,000;109,659;160,509;0,0000;19,8753;-11,1431;-8,7322;0,0000;0,0000;0,0000;-100,5561;48,5385;52,0176;0,0000;-0,0000;55;0
24,9599;43,9066;-202,2152;92,3717;19,8435;-90,0000;133,9066;400,000;200,000;111,126;152,832;0,0000;18,9096;-10,6714;-8,2382;0,0000;0,0000;0,0000;-100,6960;49,7342;50,9618;0,0000;-0,0000;55;0
24,9695;43,9066;-202,0384;92,2716;19,7668;-90,0000;133,9066;400,000;200,000;112,519;145,155;0,0000;17,9427;-10,1886;-7,7541;0,0000;-0,0000;0,0000;-100,8271;50,8703;49,9568;-0,0000;0,0000;55;0
24,9791;43,9066;-201,8709;92,1762;19,6947;-90,0000;133,9066;400,000;200,000;113,838;137,478;0,0000;16,9745;-9,6951;-7,2794;0,0000;0,0000;-0,0000;-100,9497;51,9466;49,0031;-0,0000;-0,0000;55;0
24,9887;43,9066;-201,7126;92,0855;19,6271;-90,0000;133,9066;400,000;200,000;115,083;129,801;0,0000;16,0052;-9,1916;-6,8136;0,0000;-0,0000;-0,0000;-101,0642;52,9632;48,1010;-0,0000;-0,0000;55;0
24,9983;43,9066;-201,5637;91,9998;19,5639;-90,0000;133,9066;400,000;200,000;116,255;122,124;0,0000;15,0348;-8,6786;-6,3562;0,0000;-0,0000;-0,0000;-101,1708;53,9199;47,2509;-0,0000;-0,0000;55;0
25,0079;43,9066;-201,4241;91,9190;19,5051;-90,0000;133,9066;400,000;200,000;117,354;114,447;0,0000;14,0635;-8,1567;-5,9067;0,0000;-0,0000;-0,0000;-101,2697;54,8169;46,4529;-0,0000;-0,0000;55;0
25,0175;43,9066;-201,2938;91,8432;19,4505;-90,0000;133,9066;400,000;200,000;118,378;106,770;-0,0000;13,0912;-7,6265;-5,4647;-0,0000;-0,0000;-0,0000;-101,3612;55,6539;45,7073;-0,0000;-0,0000;55;0
25,0271;43,9066;-201,1728;91,7726;19,4002;-90,0000;133,9066;400,000;200,000;119,329;99,093;-0,0000;12,1181;-7,0886;-5,0295;-0,0000;-0,0000;0,0000;-101,4455;56,4311;45,0144;0,0000;0,0000;55;0
25,0367;43,9066;-201,0612;91,7072;19,3540;-90,0000;133,9066;400,000;200,000;120,206;91,416;0,0000;11,1442;-6,5435;-4,6007;0,0000;0,0000;0,0000;-101,5227;57,1482;44,3744;0,0000;0,0000;55;0
25,0463;43,9066;-200,9589;91,6470;19,3119;-90,0000;133,9066;400,000;200,000;121,010;83,739;0,0000;10,1696;-5,9918;-4,1778;0,0000;-0,0000;-0,0000;-101,5929;57,8054;43,7875;-0,0000;0,0000;55;0
25,0559;43,9066;-200,8660;91,5922;19,2738;-90,0000;133,9066;400,000;200,000;121,740;76,062;-0,0000;9,1944;-5,4341;-3,7603;-0,0000;0,0000;-0,0000;-101,6564;58,4025;43,2539;-0,0000;0,0000;55;0
25,0655;43,9066;-200,7825;91,5427;19,2397;-90,0000;133,9066;400,000;200,000;122,396;68,385;-0,0000;8,2186;-4,8709;-3,3477;-0,0000;0,0000;0,0000;-101,7132;58,9395;42,7737;0,0000;-0,0000;55;0
25,0751;43,9066;-200,7083;91,4987;19,2096;-90,0000;133,9066;400,000;200,000;122,979;60,708;0,0000;7,2422;-4,3029;-2,9394;0,0000;-0,0000;0,0000;-101,7634;59,4164;42,3470;0,0000;-0,0000;55;0
25,0847;43,9066;-200,6435;91,4601;19,1833;-90,0000;133,9066;400,000;200,000;123,488;53,031;0,0000;6,2655;-3,7305;-2,5349;0,0000;0,0000;-0,0000;-101,8071;59,8330;41,9740;-0,0000;0,0000;55;0
25,0943;43,9066;-200,5880;91,4271;19,1609;-90,0000;133,9066;400,000;200,000;123,923;45,354;0,0000;5,2883;-3,1545;-2,1338;0,0000;-0,0000;-0,0000;-101,8443;60,1894;41,6549;-0,0000;-0,0000;55;0
25,1038;43,9066;-200,5420;91,3996;19,1424;-90,0000;133,9066;400,000;200,000;124,284;37,676;0,0000;4,3108;-2,5753;-1,7355;0,0000;-0,0000;-0,0000;-101,8752;60,4856;41,3896;-0,0000;0,0000;55;0
25,1134;43,9066;-200,5053;91,3777;19,1276;-90,0000;133,9066;400,000;200,000;124,572;29,999;0,0000;3,3331;-1,9936;-1,3394;0,0000;0,0000;-0,0000;-101,8997;60,7214;41,1783;-0,0000;0,0000;55;0
25,1230;43,9066;-200,4780;91,3613;19,1166;-90,0000;133,9066;400,000;200,000;124,786;22,322;0,0000;2,3551;-1,4099;-0,9452;0,0000;0,0000;-0,0000;-101,9179;60,8969;41,0210;-0,0000;0,0000;55;0
25,1326;43,9066;-200,4601;91,3506;19,1095;-90,0000;133,9066;400,000;200,000;124,927;14,645;0,0000;1,3770;-0,8249;-0,5521;0,0000;0,0000;-7,8935;-97,4596;58,3331;39,1265;0,0000;-7,8935;55;0
25,1422;43,9066;-200,4516;91,3455;19,1060;-90,0000;133,9066;400,000;200,000;124,994;6,968;-0,1515;0,4846;-0,2904;-0,1942;0,0000;-0,1515;-57,0470;-69,6289;41,7091;27,9198;0,0000;-57,0470;55;0
25,1518;43,9037;-200,4508;91,3450;19,1057;-90,0000;133,9037;400,010;199,980;125,000;2,450;-1,0949;0,0406;-0,0244;-0,0163;0,0000;-1,0949;-135,4136;-25,2500;15,1301;10,1199;0,0000;-135,4136;56;0
25,1614;43,8856;-200,4508;91,3450;19,1057;-90,0000;133,8856;400,073;199,853;125,000;14,727;-2,7504;-0,0000;-0,0000;-0,0000;0,0000;-2,7504;-176,2601;-2,1180;1,2693;0,8487;0,0000;-176,2601;56;0
25,1710;43,8509;-200,4508;91,3450;19,1057;-90,0000;133,8509;400,194;199,611;125,000;28,209;-4,4778;-0,0000;-0,0000;-0,0000;0,0000;-4,4778;-180,0000;-0,0000;-0,0000;-0,0000;0,0000;-180,0000;56;0
25,1806;43,7997;-200,4508;91,3450;19,1057;-90,0000;133,7997;400,373;199,253;125,000;41,692;-6,2051;-0,0000;-0,0000;-0,0000;0,0000;-6,2051;-180,0000;-0,0000;-0,0000;-0,0000;0,0000;-180,0000;56;0
25,1902;43,7319;-200,4508;91,3450;19,1057;-90,0000;133,7319;400,608;198,779;125,000;55,174;-7,9324;-0,0000;-0,0000;-0,0000;0,0000;-7,9324;-180,0000;-0,0000;-0,0000;-0,0000;0,0000;-180,0000;56;0
25,1998;43,6474;-200,4508;91,3450;19,1057;-90,0000;133,6474;400,901;198,188;125,000;68,656;-9,6597;-0,0000;-0,0000;-0,0000;0,0000;-9,6597;-180,0000;-0,0000;-0,0000;-0,0000;0,0000;-180,0000;56;0
25,2094;43,5465;-200,4508;91,3450;19,1057;-90,0000;133,5465;401,249;197,482;125,000;82,139;-11,3871;-0,0000;-0,0000;-0,0000;0,0000;-11,3871;-180,0000;-0,0000;-0,0000;-0,0000;0,0000;-180,0000;56;0
25,2190;43,4289;-200,4508;91,3450;19,1057;-90,0000;133,4289;401,654;196,658;125,000;95,621;-13,1144;-0,0000;-0,0000;-0,0000;0,0000;-13,1144;-180,0000;-0,0000;-0,0000;-0,0000;0,0000;-180,0000;56;0
25,2286;43,2948;-200,4508;91,3450;19,1057;-90,0000;133,2948;402,113;195,717;125,000;109,104;-14,8417;-0,0000;-0,0000;-0,0000;0,0000;-14,8417;-180,0000;-0,0000;-0,0000;-0,0000;0,0000;-180,0000;56;0
25,2382;43,1440;-200,4508;91,3450;19,1057;-90,0000;133,1440;402,626;194,659;125,000;122,586;-16,5691;-0,0000;-0,0000;-0,0000;0,0000;-16,5691;-180,0000;-0,0000;-0,0000;-0,0000;0,0000;-180,0000;56;0
25,2478;42,9768;-200,4508;91,3450;19,1057;-90,0000;132,9768;403,193;193,482;125,000;136,068;-18,2964;-0,0000;-0,0000;-0,0000;0,0000;-18,2964;-180,0000;-0,0000;-0,0000;-0,0000;0,0000;-180,0000;56;0
25,2574;42,7929;-200,4508;91,3450;19,1057;-90,0000;132,7929;403,812;192,187;125,000;149,551;-20,0237;-0,0000;-0,0000;-0,0000;0,0000;-20,0237;-180,0000;-0,0000;-0,0000;-0,0000;0,0000;-180,0000;56;0
25,2670;42,5925;-200,4508;91,3450;19,1057;-90,0000;132,5925;404,482;190,773;125,000;163,033;-21,7510;-0,0000;-0,0000;-0,0000;0,0000;-21,7510;-180,0000;-0,0000;-0,0000;-0,0000;0,0000;-180,0000;56;0
25,2766;42,3754;-200,4508;91,3450;19,1057;-90,0000;132,3754;405,201;189,240;125,000;176,516;-23,4784;-0,0000;-0,0000;-0,0000;0,0000;-23,4784;-180,0000;-0,0000;-0,0000;-0,0000;0,0000;-180,0000;56;0
25,2862;42,1418;-200,4508;91,3450;19,1057;-90,0000;132,1418;405,970;187,586;125,000;189,998;-25,2057;-0,0000;-0,0000;-0,0000;0,0000;-25,2057;-180,0000;-0,0000;-0,0000;-0,0000;0,0000;-180,0000;56;0
25,2958;41,8917;-200,4508;91,3450;19,1057;-90,0000;131,8917;406,785;185,812;125,000;203,480;-26,9330;-0,0000;-0,0000;-0,0000;0,0000;-26,9330;-180,0000;-0,0000;-0,0000;-0,0000;0,0000;-180,0000;56;0
25,3054;41,6249;-200,4508;91,3450;19,1057;-90,0000;131,6249;407,645;183,916;125,000;216,963;-28,6604;-0,0000;-0,0000;-0,0000;0,0000;-28,6604;-180,0000;-0,0000;-0,0000;-0,0000;0,0000;-180,0000;56;0
25,3150;41,3416;-200,4508;91,3450;19,1057;-90,0000;131,3416;408,550;181,898;125,000;230,445;-30,3877;-0,0000;-0,0000;-0,0000;0,0000;-30,3877;-180,0000;-0,0000;-0,0000;-0,0000;0,0000;-180,0000;56;0
25,3246;41,0417;-200,4508;91,3450;19,1057;-90,0000;131,0417;409,496;179,757;125,000;243,927;-32,1150;-0,0000;-0,0000;-0,0000;0,0000;-32,1150;-180,0000;-0,0000;-0,0000;-0,0000;0,0000;-180,0000;56;0
25,3342;40,7252;-200,4508;91,3450;19,1057;-90,0000;130,7252;410,483;177,493;125,000;257,410;-33,8423;-0,0000;-0,0000;-0,0000;0,0000;-33,8423;-180,0000;-0,0000;-0,0000;-0,0000;0,0000;-180,0000;56;0
25,3438;40,3922;-200,4508;91,3450;19,1057;-90,0000;130,3922;411,508;175,104;125,000;270,892;-35,5697;-0,0000;-0,0000;-0,0000;0,0000;-35,5697;-180,0000;-0,0000;-0,0000;-0,0000;0,0000;-180,0000;56;0
25,3533;40,0426;-200,4508;91,3450;19,1057;-90,0000;130,0426;412,569;172,589;125,000;284,375;-37,2970;-0,0000;-0,0000;-0,0000;0,0000;-37,2970;-180,0000;-0,0000;-0,0000;-0,0000;0,0000;-180,0000;56;0
25,3629;39,6764;-200,4508;91,3450;19,1057;-90,0000;129,6764;413,663;169,949;125,000;297,857;-39,0243;-0,0000;-0,0000;-0,0000;0,0000;-39,0243;-180,0000;-0,0000;-0,0000;-0,0000;0,0000;-180,0000;56;0
25,3725;39,2936;-200,4508;91,3450;19,1057;-90,0000;129,2936;414,789;167,182;125,000;311,339;-40,7517;-0,0000;-0,0000;-0,0000;0,0000;-40,7517;-180,0000;-0,0000;-0,0000;-0,0000;0,0000;-180,0000;56;0
25,3821;38,8942;-200,4508;91,3450;19,1057;-90,0000;128,8942;415,945;164,287;125,000;324,822;-42,4790;-0,0000;-0,0000;-0,0000;0,0000;-42,4790;-180,0000;-0,0000;-0,0000;-0,0000;0,0000;-180,0000;56;0
25,3917;38,4783;-200,4508;91,3450;19,1057;-90,0000;128,4783;417,126;161,263;125,000;338,304;-44,2063;-0,0000;-0,0000;-0,0000;0,0000;-44,2063;-180,0000;-0,0000;-0,0000;-0,0000;0,0000;-180,0000;56;0
25,4013;38,0458;-200,4508;91,3450;19,1057;-90,0000;128,0458;418,332;158,110;125,000;351,786;-45,9337;-0,0000;-0,0000;-0,0000;0,0000;-45,9337;-180,0000;-0,0000;-0,0000;-0,0000;0,0000;-180,0000;56;0
25,4109;37,5967;-200,4508;91,3450;19,1057;-90,0000;127,5967;419,558;154,826;125,000;365,268;-47,6610;-0,0000;-0,0000;-0,0000;0,0000;-47,6610;-180,0000;-0,0000;-0,0000;-0,0000;0,0000;-180,0000;56;0
25,4205;37,1311;-200,4508;91,3450;19,1057;-90,0000;127,1311;420,802;151,411;125,000;378,751;-49,3883;-0,0000;-0,0000;-0,0000;0,0000;-49,3883;-180,0000;-0,0000;-0,0000;-0,0000;0,0000;-180,0000;56;0
25,4301;36,6488;-200,4508;91,3450;19,1057;-90,0000;126,6488;422,062;147,864;125,000;392,233;-51,1156;-0,0000;-0,0000;-0,0000;0,0000;-51,1156;-180,0000;-0,0000;-0,0000;-0,0000;0,0000;-180,0000;56;0
25,4397;36,1500;-200,4508;91,3450;19,1057;-90,0000;126,1500;423,333;144,184;125,000;405,715;-52,8430;-0,0000;-0,0000;-0,0000;0,0000;-52,8430;-180,0000;-0,0000;-0,0000;-0,0000;0,0000;-180,0000;56;0
25,4493;35,6347;-200,4508;91,3450;19,1057;-90,0000;125,6347;424,613;140,370;125,000;419,198;-54,5703;-0,0000;-0,0000;-0,0000;0,0000;-54,5703;-180,0000;-0,0000;-0,0000;-0,0000;0,0000;-180,0000;56;0
25,4589;35,1027;-200,4508;91,3450;19,1057;-90,0000;125,1027;425,898;136,422;125,000;432,680;-56,2976;-0,0000;-0,0000;-0,0000;0,0000;-56,2976;-180,0000;-0,0000;-0,0000;-0,0000;0,0000;-180,0000;56;0
25,4685;34,5542;-200,4508;91,3450;19,1057;-90,0000;124,5542;427,184;132,338;125,000;446,162;-58,0250;-0,0000;-0,0000;-0,0000;0,0000;-58,0250;-180,0000;-0,0000;-0,0000;-0,0000;0,0000;-180,0000;56;0
25,4781;33,9890;-200,4508;91,3450;19,1057;-90,0000;123,9890;428,469;128,119;125,000;459,644;-59,7523;-0,0000;-0,0000;-0,0000;0,0000;-59,7523;-180,0000;-0,0000;-0,0000;-0,0000;0,0000;-180,0000;56;0
25,4877;33,4074;-200,4508;91,3450;19,1057;-90,0000;123,4074;429,748;123,762;125,000;473,127;-61,4796;-0,0000;-0,0000;-0,0000;0,0000;-61,4796;-180,0000;-0,0000;-0,0000;-0,0000;0,0000;-180,0000;56;0
25,4973;32,8091;-200,4508;91,3450;19,1057;-90,0000;122,8091;431,016;119,268;125,000;486,609;-63,2069;-0,0000;-0,0000;-0,0000;0,0000;-63,2069;-180,0000;-0,0000;-0,0000;-0,0000;0,0000;-180,0000;56;0
25,5069;32,1943;-200,4508;91,3450;19,1057;-90,0000;122,1943;432,271;114,636;125,000;500,091;-64,9343;-0,0000;-0,0000;-0,0000;0,0000;-64,9343;-180,0000;-0,0000;-0,0000;-0,0000;0,0000;-180,0000;56;0
25,5165;31,5628;-200,4508;91,3450;19,1057;-90,0000;121,5628;433,508;109,866;125,000;513,573;-66,6616;-0,0000;-0,0000;-0,0000;0,0000;-66,6616;-180,0000;-0,0000;-0,0000;-0,0000;0,0000;-180,0000;56;0
25,5261;30,9148;-200,4508;91,3450;19,1057;-90,0000;120,9148;434,723;104,956;125,000;527,055;-68,3889;-0,0000;-0,0000;-0,0000;0,0000;-68,3889;-180,0000;-0,0000;-0,0000;-0,0000;0,0000;-180,0000;56;0
25,5357;30,2503;-200,4508;91,3450;19,1057;-90,0000;120,2503;435,911;99,907;125,000;540,538;-70,1163;-0,0000;-0,0000;-0,0000;0,0000;-70,1163;-180,0000;-0,0000;-0,0000;-0,0000;0,0000;-180,0000;56;0
25,5453;29,5691;-200,4508;91,3450;19,1057;-90,0000;119,5691;437,068;94,717;125,000;554,020;-71,8436;-0,0000;-0,0000;-0,0000;0,0000;-71,8436;-180,0000;-0,0000;-0,0000;-0,0000;0,0000;-180,0000;56;0
25,5549;28,8714;-200,4508;91,3450;19,1057;-90,0000;118,8714;438,189;89,388;125,000;567,502;-73,5709;-0,0000;-0,0000;-0,0000;0,0000;-73,5709;-180,0000;-0,0000;-0,0000;-0,0000;0,0000;-180,0000;56;0
25,5645;28,1571;-200,4508;91,3450;19,1057;-90,0000;118,1571;439,269;83,919;125,000;580,984;-75,2982;-0,0000;-0,0000;-0,0000;0,0000;-75,2982;-180,0000;-0,0000;-0,0000;-0,0000;0,0000;-180,0000;56;0
25,5741;27,4263;-200,4508;91,3450;19,1057;-90,0000;117,4263;440,304;78,309;125,000;594,466;-77,0256;-0,0000;-0,0000;-0,0000;0,0000;-77,0256;-180,0000;-0,0000;-0,0000;-0,0000;0,0000;-180,0000;56;0
25,5837;26,6788;-200,4508;91,3450;19,1057;-90,0000;116,6788;441,288;72,558;125,000;607,948;-78,7529;-0,0000;-0,0000;-0,0000;0,0000;-78,7529;-180,0000;-0,0000;-0,0000;-0,0000;0,0000;-180,0000;56;0
25,5933;25,9148;-200,4508;91,3450;19,1057;-90,0000;115,9148;442,217;66,667;125,000;621,431;-80,4802;-0,0000;-0,0000;-0,0000;0,0000;-80,4802;-180,0000;-0,0000;-0,0000;-0,0000;0,0000;-180,0000;56;0
25,6029;25,1342;-200,4508;91,3450;19,1057;-90,0000;115,1342;443,084;60,637;125,000;634,913;-82,2076;-0,0000;-0,0000;-0,0000;0,0000;-82,2076;-180,0000;-0,0000;-0,0000;-0,0000;0,0000;-180,0000;56;0
25,6124;24,3370;-200,4508;91,3450;19,1057;-90,0000;114,3370;443,884;54,466;125,000;648,395;-83,9349;-0,0000;-0,0000;-0,0000;0,0000;-83,9349;-180,0000;-0,0000;-0,0000;-0,0000;0,0000;-180,0000;56;0
25,6220;23,5233;-200,4508;91,3450;19,1057;-90,0000;113,5233;444,613;48,157;125,000;661,877;-85,6622;-0,0000;-0,0000;-0,0000;0,0000;-85,6622;-180,0000;-0,0000;-0,0000;-0,0000;0,0000;-180,0000;56;0
25,6316;22,6929;-200,4508;91,3450;19,1057;-90,0000;112,6929;445,264;41,708;125,000;675,359;-87,3895;-0,0000;-0,0000;-0,0000;0,0000;-87,3895;-174,6256;-0,0000;-0,0000;-0,0000;0,0000;-174,6256;56;0
25,6412;21,8460;-200,4508;91,3450;19,1057;-90,0000;111,8460;445,832;35,123;125,000;688,841;-89,0137;-0,0000;-0,0000;-0,0000;0,0000;-89,0137;-130,1327;-0,0000;-0,0000;-0,0000;0,0000;-130,1327;56;0
25,6508;20,9845;-200,4508;91,3450;19,1057;-90,0000;110,9845;446,310;28,415;125,000;700,713;-89,8871;-0,0000;-0,0000;-0,0000;0,0000;-89,8871;-51,3884;-0,0000;-0,0000;-0,0000;0,0000;-51,3884;56;0
25,6604;20,1209;-200,4508;91,3450;19,1057;-90,0000;110,1209;446,688;21,685;125,000;702,475;-90,0000;-0,0000;-0,0000;-0,0000;0,0000;-90,0000;-5,8814;-0,0000;-0,0000;-0,0000;0,0000;-5,8814;56;0
25,6700;19,2572;-200,4508;91,3450;19,1057;-90,0000;109,2572;446,964;14,949;125,000;702,475;-90,0000;-0,0000;-0,0000;-0,0000;0,0000;-90,0000;0,0000;0,0000;-0,0000;0,0000;0,0000;-0,0000;56;0
25,6796;18,3935;-200,4508;91,3450;19,1057;-90,0000;108,3935;447,138;8,210;125,000;702,475;-90,0000;-0,0000;-0,0000;-0,0000;0,0000;-90,0000;0,0000;0,0000;-0,0000;0,0000;-0,0000;0,0000;56;0
25,6892;17,5299;-200,4508;91,3450;19,1057;-90,0000;107,5299;447,211;1,470;125,000;702,475;-90,0000;-0,0000;-0,0000;-0,0000;0,0000;-90,0000;-0,0000;0,0000;-0,0000;-0,0000;0,0000;0,0000;56;0
25,6988;16,6662;-200,4508;91,3450;19,1057;-90,0000;106,6662;447,183;-5,271;125,000;702,475;-90,0000;-0,0000;-0,0000;-0,0000;0,0000;-90,0000;-0,0000;0,0000;0,0000;-0,0000;0,0000;-0,0000;56;0
25,7084;15,8026;-200,4508;91,3450;19,1057;-90,0000;105,8026;447,052;-12,011;125,000;702,475;-90,0000;-0,0000;-0,0000;-0,0000;0,0000;-90,0000;-0,0000;-0,0000;0,0000;-0,0000;-0,0000;0,0000;56;0
25,7180;14,9389;-200,4508;91,3450;19,1057;-90,0000;104,9389;446,820;-18,748;125,000;702,475;-90,0000;-0,0000;-0,0000;-0,0000;0,0000;-90,0000;0,1274;0,0000;0,0000;0,0000;-0,0000;0,1274;56;0
25,7276;14,0752;-200,4508;91,3450;19,1057;-90,0000;104,0752;446,487;-25,481;125,000;702,475;-89,9976;-0,0000;-0,0000;-0,0000;0,0000;-89,9976;26,0130;0,0000;0,0000;0,0000;-0,0000;26,0130;56;0
25,7372;13,2116;-200,4508;91,3450;19,1057;-90,0000;103,2116;446,052;-32,208;125,000;702,437;-89,5007;-0,0000;-0,0000;-0,0000;0,0000;-89,5007;96,6439;0,0000;0,0000;0,0000;-0,0000;96,6439;56;0
25,7468;12,3575;-200,4508;91,3450;19,1057;-90,0000;102,3575;445,523;-38,854;125,000;694,719;-88,1427;-0,0000;-0,0000;-0,0000;0,0000;-88,1427;160,7583;0,0000;0,0000;0,0000;-0,0000;160,7583;56;0
25,7564;11,5199;-200,4508;91,3450;19,1057;-90,0000;101,5199;444,907;-45,362;125,000;681,237;-86,4154;-0,0000;-0,0000;-0,0000;0,0000;-86,4154;180,0000;0,0000;0,0000;0,0000;-0,0000;180,0000;56;0
25,7660;10,6989;-200,4508;91,3450;19,1057;-90,0000;100,6989;444,211;-51,732;125,000;667,755;-84,6881;-0,0000;-0,0000;-0,0000;0,0000;-84,6881;180,0000;0,0000;0,0000;0,0000;-0,0000;180,0000;56;0
25,7756;9,8945;-200,4508;91,3450;19,1057;-90,0000;99,8945;443,441;-57,963;125,000;654,273;-82,9607;-0,0000;-0,0000;-0,0000;0,0000;-82,9607;180,0000;0,0000;0,0000;0,0000;-0,0000;180,0000;56;0
25,7852;9,1067;-200,4508;91,3450;19,1057;-90,0000;99,1067;442,602;-64,055;125,000;640,791;-81,2334;-0,0000;-0,0000;-0,0000;0,0000;-81,2334;180,0000;0,0000;0,0000;0,0000;-0,0000;180,0000;56;0
25,7948;8,3355;-200,4508;91,3450;19,1057;-90,0000;98,3355;441,700;-70,007;125,000;627,309;-79,5061;-0,0000;-0,0000;-0,0000;0,0000;-79,5061;180,0000;0,0000;0,0000;0,0000;-0,0000;180,0000;56;0
25,8044;7,5808;-200,4508;91,3450;19,1057;-90,0000;97,5808;440,740;-75,818;125,000;613,827;-77,7787;-0,0000;-0,0000;-0,0000;0,0000;-77,7787;180,0000;0,0000;0,0000;0,0000;-0,0000;180,0000;56;0
25,8140;6,8427;-200,4508;91,3450;19,1057;-90,0000;96,8427;439,727;-81,490;125,000;600,345;-76,0514;-0,0000;-0,0000;-0,0000;0,0000;-76,0514;180,0000;0,0000;0,0000;0,0000;-0,0000;180,0000;56;0
25,8236;6,1212;-200,4508;91,3450;19,1057;-90,0000;96,1212;438,666;-87,021;125,000;586,863;-74,3241;-0,0000;-0,0000;-0,0000;0,0000;-74,3241;180,0000;0,0000;0,0000;0,0000;-0,0000;180,0000;56;0
25,8332;5,4162;-200,4508;91,3450;19,1057;-90,0000;95,4162;437,562;-92,411;125,000;573,381;-72,5968;-0,0000;-0,0000;-0,0000;0,0000;-72,5968;180,0000;0,0000;0,0000;0,0000;-0,0000;180,0000;56;0
25,8428;4,7279;-200,4508;91,3450;19,1057;-90,0000;94,7279;436,420;-97,661;125,000;559,898;-70,8694;-0,0000;-0,0000;-0,0000;0,0000;-70,8694;180,0000;0,0000;0,0000;0,0000;-0,0000;180,0000;56;0
25,8524;4,0561;-200,4508;91,3450;19,1057;-90,0000;94,0561;435,245;-102,771;125,000;546,416;-69,1421;-0,0000;-0,0000;-0,0000;0,0000;-69,1421;180,0000;0,0000;0,0000;0,0000;-0,0000;180,0000;56;0
25,8620;3,4008;-200,4508;91,3450;19,1057;-90,0000;93,4008;434,041;-107,742;125,000;532,934;-67,4148;-0,0000;-0,0000;-0,0000;0,0000;-67,4148;180,0000;0,0000;0,0000;0,0000;-0,0000;180,0000;56;0
25,8715;2,7622;-200,4508;91,3450;19,1057;-90,0000;92,7622;432,813;-112,573;125,000;519,452;-65,6874;-0,0000;-0,0000;-0,0000;0,0000;-65,6874;180,0000;0,0000;0,0000;0,0000;-0,0000;180,0000;56;0
25,8811;2,1401;-200,4508;91,3450;19,1057;-90,0000;92,1401;431,566;-117,266;125,000;505,970;-63,9601;-0,0000;-0,0000;-0,0000;0,0000;-63,9601;180,0000;0,0000;0,0000;0,0000;-0,0000;180,0000;56;0
25,8907;1,5346;-200,4508;91,3450;19,1057;-90,0000;91,5346;430,302;-121,820;125,000;492,488;-62,2328;-0,0000;-0,0000;-0,0000;0,0000;-62,2328;180,0000;0,0000;0,0000;0,0000;-0,0000;180,0000;56;0
25,9003;0,9457;-200,4508;91,3450;19,1057;-90,0000;90,9457;429,027;-126,236;125,000;479,005;-60,5055;-0,0000;-0,0000;-0,0000;0,0000;-60,5055;180,0000;0,0000;0,0000;0,0000;-0,0000;180,0000;56;0
25,9099;0,3734;-200,4508;91,3450;19,1057;-90,0000;90,3734;427,745;-130,515;125,000;465,523;-58,7781;-0,0000;-0,0000;-0,0000;0,0000;-58,7781;180,0000;0,0000;0,0000;0,0000;-0,0000;180,0000;56;0
25,9195;-0,1824;-200,4508;91,3450;19,1057;-90,0000;89,8176;426,459;-134,658;125,000;452,041;-57,0508;-0,0000;-0,0000;-0,0000;0,0000;-57,0508;180,0000;0,0000;0,0000;0,0000;-0,0000;180,0000;56;0
25,9291;-0,7216;-200,4508;91,3450;19,1057;-90,0000;89,2784;425,173;-138,665;125,000;438,559;-55,3235;-0,0000;-0,0000;-0,0000;0,0000;-55,3235;180,0000;0,0000;0,0000;0,0000;-0,0000;180,0000;56;0
25,9387;-1,2442;-200,4508;91,3450;19,1057;-90,0000;88,7558;423,890;-142,538;125,000;425,076;-53,5961;-0,0000;-0,0000;-0,0000;0,0000;-53,5961;180,0000;0,0000;0,0000;0,0000;-0,0000;180,0000;56;0
25,9483;-1,7502;-200,4508;91,3450;19,1057;-90,0000;88,2498;422,615;-146,276;125,000;411,594;-51,8688;-0,0000;-0,0000;-0,0000;0,0000;-51,8688;180,0000;0,0000;0,0000;0,0000;-0,0000;180,0000;56;0
25,9579;-2,2397;-200,4508;91,3450;19,1057;-90,0000;87,7603;421,350;-149,881;125,000;398,112;-50,1415;-0,0000;-0,0000;-0,0000;0,0000;-50,1415;180,0000;0,0000;0,0000;0,0000;-0,0000;180,0000;56;0
25,9675;-2,7125;-200,4508;91,3450;19,1057;-90,0000;87,2875;420,099;-153,353;125,000;384,629;-48,4141;-0,0000;-0,0000;-0,0000;0,0000;-48,4141;180,0000;0,0000;0,0000;0,0000;-0,0000;180,0000;56;0
25,9771;-3,1689;-200,4508;91,3450;19,1057;-90,0000;86,8311;418,864;-156,694;125,000;371,147;-46,6868;-0,0000;-0,0000;-0,0000;0,0000;-46,6868;180,0000;0,0000;0,0000;0,0000;-0,0000;180,0000;56;0
25,9867;-3,6086;-200,4508;91,3450;19,1057;-90,0000;86,3914;417,649;-159,904;125,000;357,665;-44,9595;-0,0000;-0,0000;-0,0000;0,0000;-44,9595;180,0000;0,0000;0,0000;0,0000;-0,0000;180,0000;56;0
25,9963;-4,0317;-200,4508;91,3450;19,1057;-90,0000;85,9683;416,457;-162,984;125,000;344,183;-43,2322;-0,0000;-0,0000;-0,0000;0,0000;-43,2322;180,0000;0,0000;0,0000;0,0000;-0,0000;180,0000;56;0
26,0059;-4,4383;-200,4508;91,3450;19,1057;-90,0000;85,5617;415,290;-165,935;125,000;330,700;-41,5048;-0,0000;-0,0000;-0,0000;0,0000;-41,5048;180,0000;0,0000;0,0000;0,0000;-0,0000;180,0000;56;0
26,0155;-4,8283;-200,4508;91,3450;19,1057;-90,0000;85,1717;414,151;-168,758;125,000;317,218;-39,7775;-0,0000;-0,0000;-0,0000;0,0000;-39,7775;180,0000;0,0000;0,0000;0,0000;-0,0000;180,0000;56;0
26,0251;-5,2017;-200,4508;91,3450;19,1057;-90,0000;84,7983;413,042;-171,454;125,000;303,736;-38,0502;-0,0000;-0,0000;-0,0000;0,0000;-38,0502;180,0000;0,0000;0,0000;0,0000;-0,0000;180,0000;56;0
26,0347;-5,5586;-200,4508;91,3450;19,1057;-90,0000;84,4414;411,966;-174,023;125,000;290,253;-36,3228;-0,0000;-0,0000;-0,0000;0,0000;-36,3228;180,0000;0,0000;0,0000;0,0000;-0,0000;180,0000;56;0
26,0443;-5,8989;-200,4508;91,3450;19,1057;-90,0000;84,1011;410,925;-176,466;125,000;276,771;-34,5955;-0,0000;-0,0000;-0,0000;0,0000;-34,5955;180,0000;0,0000;0,0000;0,0000;-0,0000;180,0000;56;0
26,0539;-6,2226;-200,4508;91,3450;19,1057;-90,0000;83,7774;409,922;-178,785;125,000;263,289;-32,8682;-0,0000;-0,0000;-0,0000;0,0000;-32,8682;180,0000;0,0000;0,0000;0,0000;-0,0000;180,0000;56;0
26,0635;-6,5297;-200,4508;91,3450;19,1057;-90,0000;83,4703;408,958;-180,980;125,000;249,806;-31,1409;-0,0000;-0,0000;-0,0000;0,0000;-31,1409;180,0000;0,0000;0,0000;0,0000;-0,0000;180,0000;56;0
26,0731;-6,8202;-200,4508;91,3450;19,1057;-90,0000;83,1798;408,035;-183,051;125,000;236,324;-29,4135;-0,0000;-0,0000;-0,0000;0,0000;-29,4135;180,0000;0,0000;0,0000;0,0000;-0,0000;180,0000;56;0
26,0827;-7,0942;-200,4508;91,3450;19,1057;-90,0000;82,9058;407,155;-185,000;125,000;222,841;-27,6862;-0,0000;-0,0000;-0,0000;0,0000;-27,6862;180,0000;0,0000;0,0000;0,0000;-0,0000;180,0000;56;0
26,0923;-7,3516;-200,4508;91,3450;19,1057;-90,0000;82,6484;406,319;-186,828;125,000;209,359;-25,9589;-0,0000;-0,0000;-0,0000;0,0000;-25,9589;180,0000;0,0000;0,0000;0,0000;-0,0000;180,0000;56;0
26,1019;-7,5924;-200,4508;91,3450;19,1057;-90,0000;82,4076;405,531;-188,534;125,000;195,877;-24,2315;-0,0000;-0,0000;-0,0000;0,0000;-24,2315;180,0000;0,0000;0,0000;0,0000;-0,0000;180,0000;56;0
26,1115;-7,8167;-200,4508;91,3450;19,1057;-90,0000;82,1833;404,790;-190,120;125,000;182,394;-22,5042;-0,0000;-0,0000;-0,0000;0,0000;-22,5042;180,0000;0,0000;0,0000;0,0000;-0,0000;180,0000;56;0
26,1211;-8,0244;-200,4508;91,3450;19,1057;-90,0000;81,9756;404,098;-191,585;125,000;168,912;-20,7769;-0,0000;-0,0000;-0,0000;0,0000;-20,7769;180,0000;0,0000;0,0000;0,0000;-0,0000;180,0000;56;0
26,1306;-8,2154;-200,4508;91,3450;19,1057;-90,0000;81,7846;403,457;-192,932;125,000;155,430;-19,0496;-0,0000;-0,0000;-0,0000;0,0000;-19,0496;180,0000;0,0000;0,0000;0,0000;-0,0000;180,0000;56;0
26,1402;-8,3900;-200,4508;91,3450;19,1057;-90,0000;81,6100;402,867;-194,160;125,000;141,947;-17,3222;-0,0000;-0,0000;-0,0000;0,0000;-17,3222;180,0000;0,0000;0,0000;0,0000;-0,0000;180,0000;56;0
26,1498;-8,5479;-200,4508;91,3450;19,1057;-90,0000;81,4521;402,330;-195,270;125,000;128,465;-15,5949;-0,0000;-0,0000;-0,0000;0,0000;-15,5949;180,0000;0,0000;0,0000;0,0000;-0,0000;180,0000;56;0
26,1594;-8,6893;-200,4508;91,3450;19,1057;-90,0000;81,3107;401,847;-196,262;125,000;114,982;-13,8676;-0,0000;-0,0000;-0,0000;0,0000;-13,8676;180,0000;0,0000;0,0000;0,0000;-0,0000;180,0000;56;0
26,1690;-8,8141;-200,4508;91,3450;19,1057;-90,0000;81,1859;401,419;-197,137;125,000;101,500;-12,1402;-0,0000;-0,0000;-0,0000;0,0000;-12,1402;180,0000;0,0000;0,0000;0,0000;-0,0000;180,0000;56;0
26,1786;-8,9223;-200,4508;91,3450;19,1057;-90,0000;81,0777;401,046;-197,895;125,000;88,018;-10,4129;-0,0000;-0,0000;-0,0000;0,0000;-10,4129;180,0000;0,0000;0,0000;0,0000;-0,0000;180,0000;56;0
26,1882;-9,0139;-200,4508;91,3450;19,1057;-90,0000;80,9861;400,729;-198,536;125,000;74,535;-8,6856;-0,0000;-0,0000;-0,0000;0,0000;-8,6856;180,0000;0,0000;0,0000;0,0000;-0,0000;180,0000;56;0
26,1978;-9,0890;-200,4508;91,3450;19,1057;-90,0000;80,9110;400,468;-199,061;125,000;61,053;-6,9583;-0,0000;-0,0000;-0,0000;0,0000;-6,9583;180,0000;0,0000;0,0000;0,0000;-0,0000;180,0000;56;0
26,2074;-9,1475;-200,4508;91,3450;19,1057;-90,0000;80,8525;400,265;-199,469;125,000;47,570;-5,2309;-0,0000;-0,0000;-0,0000;0,0000;-5,2309;180,0000;0,0000;0,0000;0,0000;-0,0000;180,0000;56;0
26,2170;-9,1894;-200,4508;91,3450;19,1057;-90,0000;80,8106;400,119;-199,762;125,000;34,088;-3,5036;-0,0000;-0,0000;-0,0000;0,0000;-3,5036;180,0000;0,0000;0,0000;0,0000;-0,0000;180,0000;56;0
26,2266;-9,2147;-200,4508;91,3450;19,1057;-90,0000;80,7853;400,031;-199,939;125,000;20,606;-1,7763;-0,0000;-0,0000;-0,0000;0,0000;-1,7763;158,7568;-12,0305;7,2095;4,8209;0,0000;158,7568;56;0
26,2362;-9,2235;-200,4508;91,3450;19,1057;-90,0000;80,7765;400,000;-200,000;125,000;7,123;-0,4566;-0,2309;0,1384;0,0925;0,0000;-0,4566;92,5317;-49,5343;29,6774;19,8569;0,0000;92,5317;56;0
26,2458;-9,2235;-200,4552;91,3477;19,1075;-90,0000;80,7765;400,000;-200,000;124,965;3,624;-0,0003;-0,9507;0,5696;0,3811;0,0000;-0,0003;23,7931;-88,4586;52,9686;35,4900;-0,0000;23,7931;57;0
26,2554;-9,2235;-200,4690;91,3560;19,1131;-90,0000;80,7765;400,000;-200,000;124,857;11,298;0,0000;-1,9286;1,1550;0,7737;-0,0000;0,0000;0,0181;-101,9135;60,9483;40,9657;-0,0002;0,0181;57;0
26,2650;-9,2235;-200,4922;91,3699;19,1224;-90,0000;80,7765;400,000;-200,000;124,675;18,975;-0,0000;-2,9067;1,7393;1,1673;-0,0000;-0,0000;-0,0001;-101,9083;60,8054;41,1034;-0,0002;-0,0001;57;0
26,2746;-9,2235;-200,5248;91,3894;19,1355;-90,0000;80,7765;400,000;-200,000;124,419;26,652;-0,0000;-3,8845;2,3220;1,5625;-0,0000;-0,0000;0,0001;-101,8867;60,5958;41,2905;0,0002;0,0001;57;0
26,2842;-9,2235;-200,5668;91,4144;19,1524;-90,0000;80,7765;400,000;-200,000;124,090;34,329;0,0000;-4,8621;2,9023;1,9598;-0,0000;0,0000;0,0001;-101,8586;60,3259;41,5323;0,0002;0,0001;57;0
26,2938;-9,2235;-200,6181;91,4451;19,1731;-90,0000;80,7765;400,000;-200,000;123,686;42,006;0,0000;-5,8394;3,4798;2,3597;-0,0000;0,0000;0,0000;-101,8241;59,9958;41,8283;-0,0000;0,0000;57;0
26,3034;-9,2235;-200,6789;91,4812;19,1976;-90,0000;80,7765;400,000;-200,000;123,210;49,683;0,0000;-6,8164;4,0538;2,7626;-0,0000;0,0000;0,0000;-101,7832;59,6054;42,1778;-0,0000;0,0000;57;0
26,3130;-9,2235;-200,7490;91,5229;19,2261;-90,0000;80,7765;400,000;-200,000;122,659;57,360;0,0000;-7,7929;4,6238;3,1692;-0,0000;0,0000;0,0000;-101,7359;59,1548;42,5810;0,0000;0,0000;57;0
26,3226;-9,2235;-200,8284;91,5700;19,2585;-90,0000;80,7765;400,000;-200,000;122,035;65,037;0,0000;-8,7690;5,1891;3,5798;0,0000;0,0000;0,0000;-101,6820;58,6441;43,0379;0,0000;0,0000;57;0
26,3322;-9,2235;-200,9173;91,6225;19,2948;-90,0000;80,7765;400,000;-200,000;121,337;72,714;0,0000;-9,7445;5,7493;3,9952;0,0000;0,0000;0,0000;-101,6214;58,0732;43,5483;-0,0000;0,0000;57;0
26,3418;-9,2235;-201,0154;91,6803;19,3351;-90,0000;80,7765;400,000;-200,000;120,566;80,391;0,0000;-10,7193;6,3037;4,4156;-0,0000;0,0000;0,0000;-101,5542;57,4422;44,1120;-0,0000;0,0000;57;0
26,3514;-9,2235;-201,1230;91,7434;19,3795;-90,0000;80,7765;400,000;-200,000;119,721;88,068;0,0000;-11,6935;6,8518;4,8418;-0,0000;0,0000;0,0000;-101,4800;56,7512;44,7289;-0,0000;0,0000;57;0
26,3610;-9,2235;-201,2399;91,8118;19,4281;-90,0000;80,7765;400,000;-200,000;118,802;95,745;0,0000;-12,6670;7,3929;5,2741;-0,0000;0,0000;0,0000;-101,3989;56,0001;45,3987;-0,0000;0,0000;57;0
26,3706;-9,2235;-201,3661;91,8853;19,4808;-90,0000;80,7765;400,000;-200,000;117,809;103,422;0,0000;-13,6396;7,9265;5,7131;-0,0000;0,0000;0,0000;-101,3105;55,1892;46,1213;0,0000;0,0000;57;0
26,3802;-9,2235;-201,5017;91,9639;19,5377;-90,0000;80,7765;400,000;-200,000;116,743;111,099;0,0000;-14,6114;8,4521;6,1593;0,0000;0,0000;0,0000;-101,2149;54,3184;46,8965;0,0000;0,0000;57;0
26,3897;-9,2235;-201,6465;92,0475;19,5990;-90,0000;80,7765;400,000;-200,000;115,604;118,776;0,0000;-15,5822;8,9691;6,6132;0,0000;0,0000;0,0000;-101,1116;53,3877;47,7239;-0,0000;0,0000;57;0
26,3993;-9,2235;-201,8007;92,1361;19,6646;-90,0000;80,7765;400,000;-200,000;114,390;126,453;0,0000;-16,5520;9,4768;7,0752;-0,0000;0,0000;0,0000;-101,0006;52,3972;48,6034;-0,0000;0,0000;57;0
26,4089;-9,2235;-201,9642;92,2294;19,7348;-90,0000;80,7765;400,000;-200,000;113,103;134,130;0,0000;-17,5207;9,9747;7,5460;-0,0000;0,0000;0,0000;-100,8816;51,3470;49,5346;0,0000;0,0000;57;0
26,4185;-9,2235;-202,1370;92,3275;19,8095;-90,0000;80,7765;400,000;-200,000;111,742;141,807;0,0000;-18,4882;10,4622;8,0259;0,0000;0,0000;0,0000;-100,7542;50,2369;50,5173;0,0000;0,0000;57;0
26,4281;-9,2235;-202,3190;92,4302;19,8888;-90,0000;80,7765;400,000;-200,000;110,308;149,484;0,0000;-19,4544;10,9389;8,5155;0,0000;0,0000;0,0000;-100,6182;49,0672;51,5510;-0,0000;0,0000;57;0
26,4377;-9,2235;-202,5104;92,5375;19,9729;-90,0000;80,7765;400,000;-200,000;108,799;157,161;0,0000;-20,4193;11,4040;9,0153;-0,0000;0,0000;0,0000;-100,4731;47,8377;52,6354;-0,0000;0,0000;57;0
26,4473;-9,2235;-202,7109;92,6491;20,0618;-90,0000;80,7765;400,000;-200,000;107,218;164,838;0,0000;-21,3827;11,8570;9,5258;-0,0000;0,0000;0,0000;-100,3187;46,5485;53,7701;-0,0000;0,0000;57;0
26,4569;-9,2235;-202,9207;92,7650;20,1557;-90,0000;80,7765;400,000;-200,000;105,562;172,515;0,0000;-22,3447;12,2974;10,0473;-0,0000;0,0000;0,0000;-100,1543;45,1996;54,9547;0,0000;0,0000;57;0
26,4665;-9,2235;-203,1398;92,8851;20,2547;-90,0000;80,7765;400,000;-200,000;103,833;180,192;0,0000;-23,3050;12,7245;10,5805;-0,0000;0,0000;0,0000;-99,9796;43,7908;56,1888;-0,0000;0,0000;57;0
26,4761;-9,2235;-203,3680;93,0092;20,3588;-90,0000;80,7765;400,000;-200,000;102,030;187,869;0,0000;-24,2635;13,1378;11,1257;-0,0000;0,0000;0,0000;-99,7940;42,3223;57,4717;-0,0000;0,0000;57;0
26,4857;-9,2235;-203,6055;93,1373;20,4682;-90,0000;80,7765;400,000;-200,000;100,154;195,546;0,0000;-25,2203;13,5368;11,6835;-0,0000;0,0000;0,0000;-99,5969;40,7939;58,8030;-0,0000;0,0000;57;0
26,4953;-9,2235;-203,8521;93,2690;20,5830;-90,0000;80,7765;400,000;-200,000;98,203;203,223;0,0000;-26,1750;13,9208;12,2543;-0,0000;0,0000;0,0000;-99,3877;39,2055;60,1822;-0,0000;0,0000;57;0
26,5049;-9,2235;-204,1078;93,4044;20,7034;-90,0000;80,7765;400,000;-200,000;96,179;210,900;0,0000;-27,1278;14,2892;12,8385;-0,0000;0,0000;0,0000;-99,1656;37,5571;61,6085;-0,0000;0,0000;57;0
26,5145;-9,2235;-204,3727;93,5433;20,8294;-90,0000;80,7765;400,000;-200,000;94,082;218,577;0,0000;-28,0783;14,6416;13,4367;-0,0000;0,0000;0,0000;-98,9299;35,8486;63,0814;-0,0000;0,0000;57;0
26,5241;-9,2235;-204,6467;93,6854;20,9613;-90,0000;80,7765;400,000;-200,000;91,911;226,255;0,0000;-29,0265;14,9772;14,0492;-0,0000;0,0000;0,0000;-98,6798;34,0797;64,6001;-0,0000;0,0000;57;0
26,5337;-9,2235;-204,9298;93,8307;21,0991;-90,0000;80,7765;400,000;-200,000;89,666;233,932;0,0000;-29,9722;15,2956;14,6766;-0,0000;0,0000;0,0000;-98,4143;32,2504;66,1639;-0,0000;0,0000;57;0
26,5433;-9,2235;-205,2220;93,9790;21,2430;-90,0000;80,7765;400,000;-200,000;87,347;241,609;0,0000;-30,9153;15,5962;15,3191;-0,0000;0,0000;0,0000;-98,1325;30,3606;67,7719;-0,0000;0,0000;57;0
26,5529;-9,2235;-205,5232;94,1301;21,3931;-90,0000;80,7765;400,000;-200,000;84,955;249,286;0,0000;-31,8556;15,8783;15,9773;-0,0000;0,0000;0,0000;-97,8333;28,4100;69,4234;-0,0000;0,0000;57;0
26,5625;-9,2235;-205,8334;94,2838;21,5496;-90,0000;80,7765;400,000;-200,000;82,489;256,963;0,0000;-32,7930;16,1415;16,6515;-0,0000;0,0000;0,0000;-97,5156;26,3983;71,1173;-0,0000;0,0000;57;0
26,5721;-9,2235;-206,1525;94,4399;21,7127;-90,0000;80,7765;400,000;-200,000;79,950;264,640;0,0000;-33,7272;16,3850;17,3422;-0,0000;0,0000;0,0000;-96,7616;24,1287;72,6329;-0,0000;0,0000;57;0
26,5817;-9,2235;-206,4807;94,5982;21,8824;-90,0000;80,7765;400,000;-200,000;77,336;272,317;0,0000;-34,6501;16,6046;18,0455;-0,0000;0,0000;0,0000;-64,8975;7,3273;57,5702;-0,0000;0,0000;57;0
26,5913;-9,2235;-206,8176;94,7586;22,0590;-90,0000;80,7765;400,000;-200,000;74,651;279,866;0,0000;-34,9727;16,5256;18,4471;-0,0000;0,0000;-0,0000;16,1333;-31,6363;15,5030;0,0000;-0,0000;57;0
26,6009;-9,2235;-207,1519;94,9154;22,2365;-90,0000;80,7765;400,000;-200,000;71,983;278,015;0,0000;-34,3404;15,9974;18,3431;-0,0000;0,0000;-0,0000;84,8211;-63,1077;-21,7134;0,0000;-0,0000;57;0
26,6105;-9,2235;-207,4766;95,0656;22,4111;-90,0000;80,7765;400,000;-200,000;69,389;270,338;0,0000;-33,3448;15,3144;18,0304;-0,0000;0,0000;-0,0000;103,6339;-70,1279;-33,5059;0,0000;-0,0000;57;0
26,6201;-9,2235;-207,7919;95,2093;22,5825;-90,0000;80,7765;400,000;-200,000;66,868;262,661;0,0000;-32,3514;14,6514;17,7000;-0,0000;0,0000;-0,0000;103,3975;-68,0770;-35,3204;0,0000;-0,0000;57;0
26,6297;-9,2235;-208,0975;95,3468;22,7508;-90,0000;80,7765;400,000;-200,000;64,421;254,984;0,0000;-31,3603;14,0079;17,3525;-0,0000;0,0000;-0,0000;103,1601;-66,0858;-37,0744;0,0000;-0,0000;57;0
26,6393;-9,2235;-208,3937;95,4782;22,9156;-90,0000;80,7765;400,000;-200,000;62,048;247,307;0,0000;-30,3715;13,3831;16,9884;-0,0000;0,0000;-0,0000;102,9222;-64,1541;-38,7681;0,0000;-0,0000;57;0
26,6488;-9,2235;-208,6805;95,6036;23,0768;-90,0000;80,7765;400,000;-200,000;59,748;239,630;0,0000;-29,3850;12,7766;16,6084;-0,0000;0,0000;-0,0000;102,6840;-62,2818;-40,4022;0,0000;-0,0000;57;0
26,6584;-9,2235;-208,9577;95,7234;23,2343;-90,0000;80,7765;400,000;-200,000;57,523;231,953;0,0000;-28,4008;12,1877;16,2130;-0,0000;0,0000;-0,0000;102,4461;-60,4690;-41,9771;0,0000;-0,0000;57;0
26,6680;-9,2235;-209,2255;95,8376;23,3880;-90,0000;80,7765;400,000;-200,000;55,370;224,276;0,0000;-27,4188;11,6160;15,8028;-0,0000;0,0000;-0,0000;102,2090;-58,7155;-43,4934;0,0000;-0,0000;57;0
26,6776;-9,2235;-209,4839;95,9463;23,5376;-90,0000;80,7765;400,000;-200,000;53,292;216,599;0,0000;-26,4391;11,0608;15,3783;-0,0000;0,0000;-0,0000;101,9730;-57,0214;-44,9515;0,0000;-0,0000;57;0
26,6872;-9,2235;-209,7330;96,0498;23,6831;-90,0000;80,7765;400,000;-200,000;51,287;208,922;0,0000;-25,4617;10,5216;14,9400;-0,0000;0,0000;-0,0000;101,7387;-55,3867;-46,3520;-0,0000;-0,0000;57;0
26,6968;-9,2235;-209,9726;96,1483;23,8244;-90,0000;80,7765;400,000;-200,000;49,356;201,245;0,0000;-24,4865;9,9978;14,4887;-0,0000;0,0000;-0,0000;101,5068;-53,8114;-47,6954;-0,0000;-0,0000;57;0
26,7064;-9,2235;-210,2029;96,2417;23,9612;-90,0000;80,7765;400,000;-200,000;47,498;193,568;0,0000;-23,5135;9,4889;14,0247;-0,0000;0,0000;-0,0000;101,2776;-52,2955;-48,9822;0,0000;-0,0000;57;0
26,7160;-9,2235;-210,4239;96,3304;24,0935;-90,0000;80,7765;400,000;-200,000;45,714;185,891;0,0000;-22,5427;8,9941;13,5486;-0,0000;0,0000;-0,0000;101,0519;-50,8390;-50,2129;0,0000;-0,0000;57;0
26,7256;-9,2235;-210,6356;96,4143;24,2212;-90,0000;80,7765;400,000;-200,000;44,004;178,214;0,0000;-21,5741;8,5131;13,0609;-0,0000;0,0000;-0,0000;100,8301;-49,4420;-51,3880;0,0000;-0,0000;57;0
26,7352;-9,2235;-210,8380;96,4938;24,3442;-90,0000;80,7765;400,000;-200,000;42,368;170,537;0,0000;-20,6075;8,0452;12,5623;-0,0000;0,0000;-0,0000;100,6128;-48,1047;-52,5082;0,0000;-0,0000;57;0
26,7448;-9,2235;-211,0311;96,5687;24,4623;-90,0000;80,7765;400,000;-200,000;40,805;162,860;0,0000;-19,6430;7,5899;12,0532;-0,0000;0,0000;-0,0000;100,4007;-46,8269;-53,5738;0,0000;-0,0000;57;0
26,7544;-9,2235;-211,2150;96,6394;24,5755;-90,0000;80,7765;400,000;-200,000;39,316;155,182;0,0000;-18,6806;7,1465;11,5341;-0,0000;0,0000;-0,0000;100,1942;-45,6088;-54,5854;0,0000;-0,0000;57;0
26,7640;-9,2235;-211,3896;96,7059;24,6837;-90,0000;80,7765;400,000;-200,000;37,900;147,505;0,0000;-17,7201;6,7145;11,0055;-0,0000;0,0000;-0,0000;99,9940;-44,4505;-55,5435;0,0000;-0,0000;57;0
26,7736;-9,2235;-211,5551;96,7683;24,7868;-90,0000;80,7765;400,000;-200,000;36,558;139,828;0,0000;-16,7614;6,2934;10,4681;-0,0000;0,0000;-0,0000;99,8005;-43,3520;-56,4486;0,0000;-0,0000;57;0
26,7832;-9,2235;-211,7113;96,8267;24,8846;-90,0000;80,7765;400,000;-200,000;35,290;132,151;0,0000;-15,8046;5,8825;9,9221;-0,0000;0,0000;-0,0000;99,6144;-42,3133;-57,3011;0,0000;-0,0000;57;0
26,7928;-9,2235;-211,8584;96,8812;24,9772;-90,0000;80,7765;400,000;-200,000;34,096;124,474;0,0000;-14,8496;5,4813;9,3683;-0,0000;0,0000;0,0000;99,4361;-41,3346;-58,1014;0,0000;0,0000;57;0
26,8024;-9,2235;-211,9963;96,9319;25,0644;-90,0000;80,7765;400,000;-200,000;32,975;116,797;0,0000;-13,8962;5,0892;8,8070;0,0000;0,0000;0,0000;99,2662;-40,4160;-58,8502;0,0000;0,0000;57;0
26,8120;-9,2235;-212,1251;96,9789;25,1462;-90,0000;80,7765;400,000;-200,000;31,928;109,120;0,0000;-12,9444;4,7056;8,2388;0,0000;0,0000;-0,0000;99,1050;-39,5574;-59,5477;-0,0000;-0,0000;57;0
26,8216;-9,2235;-212,2448;97,0222;25,2225;-90,0000;80,7765;400,000;-200,000;30,954;101,443;0,0000;-11,9941;4,3300;7,6642;-0,0000;0,0000;-0,0000;98,9532;-38,7589;-60,1943;-0,0000;-0,0000;57;0
26,8312;-9,2235;-212,3553;97,0620;25,2933;-90,0000;80,7765;400,000;-200,000;30,054;93,766;0,0000;-11,0453;3,9617;7,0835;-0,0000;0,0000;-0,0000;98,8110;-38,0206;-60,7904;0,0000;-0,0000;57;0
26,8408;-9,2235;-212,4567;97,0982;25,3585;-90,0000;80,7765;400,000;-200,000;29,228;86,089;0,0000;-10,0977;3,6003;6,4974;-0,0000;0,0000;-0,0000;98,6790;-37,3426;-61,3364;0,0000;-0,0000;57;0
26,8504;-9,2235;-212,5491;97,1311;25,4180;-90,0000;80,7765;400,000;-200,000;28,476;78,412;0,0000;-9,1514;3,2450;5,9063;0,0000;0,0000;-0,0000;98,5575;-36,7249;-61,8326;0,0000;-0,0000;57;0
26,8600;-9,2235;-212,6324;97,1605;25,4719;-90,0000;80,7765;400,000;-200,000;27,797;70,735;0,0000;-8,2061;2,8954;5,3107;0,0000;0,0000;-0,0000;98,4468;-36,1675;-62,2793;-0,0000;-0,0000;57;0
26,8696;-9,2235;-212,7066;97,1866;25,5199;-90,0000;80,7765;400,000;-200,000;27,192;63,058;0,0000;-7,2619;2,5509;4,7110;-0,0000;0,0000;-0,0000;98,3473;-35,6704;-62,6768;-0,0000;-0,0000;57;0
26,8792;-9,2235;-212,7718;97,2095;25,5623;-90,0000;80,7765;400,000;-200,000;26,660;55,381;0,0000;-6,3186;2,2108;4,1078;-0,0000;0,0000;-0,0000;98,2592;-35,2339;-63,0254;0,0000;-0,0000;57;0
26,8888;-9,2235;-212,8279;97,2291;25,5988;-90,0000;80,7765;400,000;-200,000;26,203;47,704;0,0000;-5,3761;1,8746;3,5014;-0,0000;0,0000;-0,0000;98,1829;-34,8577;-63,3251;0,0000;-0,0000;57;0
26,8983;-9,2235;-212,8749;97,2455;25,6295;-90,0000;80,7765;400,000;-200,000;25,819;40,027;0,0000;-4,4342;1,5418;2,8924;-0,0000;0,0000;-0,0000;98,1184;-34,5421;-63,5764;0,0000;-0,0000;57;0
26,9079;-9,2235;-212,9130;97,2587;25,6543;-90,0000;80,7765;400,000;-200,000;25,508;32,350;0,0000;-3,4929;1,2117;2,2812;-0,0000;0,0000;-0,0000;98,0661;-34,2869;-63,7792;0,0000;-0,0000;57;0
26,9175;-9,2235;-212,9420;97,2687;25,6733;-90,0000;80,7765;400,000;-200,000;25,271;24,673;0,0000;-2,5521;0,8837;1,6683;-0,0000;0,0000;-0,0000;98,0261;-34,0923;-63,9338;0,0000;-0,0000;57;0
26,9271;-9,2235;-212,9619;97,2756;25,6863;-90,0000;80,7765;400,000;-200,000;25,108;16,996;0,0000;-1,6116;0,5574;1,0542;-0,0000;0,0000;-0,0000;96,9960;-33,6119;-63,3841;-0,0000;-0,0000;57;0
26,9367;-9,2235;-212,9729;97,2794;25,6935;-90,0000;80,7765;400,000;-200,000;25,019;9,319;-0,0000;-0,6905;0,2386;0,4518;-0,0000;-0,0000;-0,0000;77,7259;-26,8845;-50,8414;-0,0000;-0,0000;57;0
26,9463;-9,2235;-212,9752;97,2802;25,6950;-90,0000;80,7765;400,000;-200,000;25,000;1,956;-0,0000;-0,1198;0,0414;0,0784;-0,0000;-0,0000;0,0000;35,9763;-12,4343;-23,5420;0,0000;0,0000;58;0
26,9559;-9,2235;-212,9752;97,2802;25,6950;-90,0000;80,7765;400,000;-200,000;25,000;0,000;0,0000;0,0000;0,0000;0,0000;0,0000;0,0000;0,0000;6,2418;-2,1566;-4,0852;0,0000;0,0000;58;0
26,9655;-9,2235;-212,9752;97,2802;25,6950;-90,0000;80,7765;400,000;-200,000;25,000;0,000;0,0000;0,0000;0,0000;0,0000;0,0000;0,0000;0,0000;0,0000;0,0000;0,0000;0,0000;0,0000;58;0
26,9751;-9,2235;-212,9752;97,2802;25,6950;-90,0000;80,7765;400,000;-200,000;25,000;0,000;0,0000;0,0000;0,0000;0,0000;0,0000;0,0000;0,0000;0,0000;0,0000;0,0000;0,0000;0,0000;58;0
26,9847;-9,2235;-212,9752;97,2802;25,6950;-90,0000;80,7765;400,000;-200,000;25,000;0,000;0,0000;0,0000;0,0000;0,0000;0,0000;0,0000;0,0000;0,0000;0,0000;0,0000;0,0000;0,0000;58;0
26,9943;-9,2235;-212,9752;97,2802;25,6950;-90,0000;80,7765;400,000;-200,000;25,000;0,000;0,0000;0,0000;0,0000;0,0000;0,0000;0,0000;0,0000;0,0000;0,0000;0,0000;0,0000;0,0000;58;0
27,0039;-9,2235;-212,9752;97,2802;25,6950;-90,0000;80,7765;400,000;-200,000;25,000;0,000;0,0000;0,0000;0,0000;0,0000;0,0000;0,0000;0,0000;0,0000;0,0000;0,0000;0,0000;0,0000;58;0
27,0135;-9,2235;-212,9752;97,2802;25,6950;-90,0000;80,7765;400,000;-200,000;25,000;0,000;0,0000;0,0000;0,0000;0,0000;0,0000;0,0000;0,0000;0,0000;0,0000;0,0000;0,0000;0,0000;58;0
27,0231;-9,2235;-212,9752;97,2802;25,6950;-90,0000;80,7765;400,000;-200,000;25,000;0,000;0,0000;0,0000;0,0000;0,0000;0,0000;0,0000;0,0000;0,0000;0,0000;0,0000;0,0000;0,0000;58;0
27,0327;-9,2235;-212,9752;97,2802;25,6950;-90,0000;80,7765;400,000;-200,000;25,000;0,000;0,0000;0,0000;0,0000;0,0000;0,0000;0,0000;0,0000;0,0000;0,0000;0,0000;0,0000;0,0000;58;0
27,0423;-9,2235;-212,9752;97,2802;25,6950;-90,0000;80,7765;400,000;-200,000;25,000;0,000;0,0000;0,0000;0,0000;0,0000;0,0000;0,0000;0,0000;0,0000;0,0000;0,0000;0,0000;0,0000;58;0
27,0519;-9,2235;-212,9752;97,2802;25,6950;-90,0000;80,7765;400,000;-200,000;25,000;0,000;0,0000;0,0000;0,0000;0,0000;0,0000;0,0000;0,0000;0,0000;0,0000;0,0000;0,0000;0,0000;58;0
27,0615;-9,2235;-212,9752;97,2802;25,6950;-90,0000;80,7765;400,000;-200,000;25,000;0,000;0,0000;0,0000;0,0000;0,0000;0,0000;0,0000;0,0000;0,0000;0,0000;0,0000;0,0000;0,0000;58;0
27,0711;-9,2235;-212,9752;97,2802;25,6950;-90,0000;80,7765;400,000;-200,000;25,000;0,000;0,0000;0,0000;0,0000;0,0000;0,0000;0,0000;0,0000;0,0000;0,0000;0,0000;0,0000;0,0000;58;0
27,0807;-9,2235;-212,9752;97,2802;25,6950;-90,0000;80,7765;400,000;-200,000;25,000;0,000;0,0000;0,0000;0,0000;0,0000;0,0000;0,0000;0,0000;-0,0000;0,0000;0,0000;-0,0000;0,0000;58;0
27,0903;-9,2235;-212,9752;97,2802;25,6950;-90,0000;80,7765;400,000;-200,000;25,000;0,000;0,0000;-0,0000;0,0000;0,0000;-0,0000;0,0000;0,0000;0,0000;0,0000;-0,0000;0,0000;0,0000;58;0
27,0999;-9,2235;-212,9752;97,2802;25,6950;-90,0000;80,7765;400,000;-200,000;25,000;0,000;0,0000;0,0000;0,0000;-0,0000;0,0000;0,0000;0,0000;0,0000;0,0000;-0,0000;0,0000;0,0000;58;0
27,1095;-9,2235;-212,9752;97,2802;25,6950;-90,0000;80,7765;400,000;-200,000;25,000;0,000;0,0000;0,0000;0,0000;0,0000;0,0000;0,0000;0,0000;-0,0000;0,0000;0,0000;-0,0000;0,0000;58;0
27,1191;-9,2235;-212,9752;97,2802;25,6950;-90,0000;80,7765;400,000;-200,000;25,000;0,000;0,0000;0,0000;0,0000;0,0000;0,0000;0,0000;0,0000;0,0000;0,0000;0,0000;0,0000;0,0000;58;0
27,1287;-9,2235;-212,9752;97,2802;25,6950;-90,0000;80,7765;400,000;-200,000;25,000;0,000;0,0000;0,0000;0,0000;0,0000;0,0000;0,0000;0,0000;0,0000;0,0000;0,0000;0,0000;0,0000;58;0
27,1383;-9,2235;-212,9752;97,2802;25,6950;-90,0000;80,7765;400,000;-200,000;25,000;0,000;0,0000;0,0000;0,0000;0,0000;0,0000;0,0000;0,0000;0,0000;0,0000;0,0000;0,0000;0,0000;58;0
27,1479;-9,2235;-212,9752;97,2802;25,6950;-90,0000;80,7765;400,000;-200,000;25,000;0,000;0,0000;0,0000;0,0000;0,0000;0,0000;0,0000;0,0000;0,0000;0,0000;0,0000;0,0000;0,0000;58;0
27,1574;-9,2235;-212,9752;97,2802;25,6950;-90,0000;80,7765;400,000;-200,000;25,000;0,000;0,0000;0,0000;0,0000;0,0000;0,0000;0,0000;0,0000;0,0000;0,0000;0,0000;0,0000;0,0000;58;0
27,1670;-9,2235;-212,9752;97,2802;25,6950;-90,0000;80,7765;400,000;-200,000;25,000;0,000;0,0000;0,0000;0,0000;0,0000;0,0000;0,0000;0,0000;0,0000;0,0000;0,0000;0,0000;0,0000;58;0
27,1766;-9,2235;-212,9752;97,2802;25,6950;-90,0000;80,7765;400,000;-200,000;25,000;0,000;0,0000;0,0000;0,0000;0,0000;0,0000;0,0000;0,0000;0,0000;0,0000;0,0000;0,0000;0,0000;58;0
27,1862;-9,2235;-212,9752;97,2802;25,6950;-90,0000;80,7765;400,000;-200,000;25,000;0,000;0,0000;0,0000;0,0000;0,0000;0,0000;0,0000;0,0000;0,0000;0,0000;0,0000;0,0000;0,0000;58;0
27,1958;-9,2235;-212,9752;97,2802;25,6950;-90,0000;80,7765;400,000;-200,000;25,000;0,000;0,0000;0,0000;0,0000;0,0000;0,0000;0,0000;0,0000;0,0000;0,0000;0,0000;0,0000;0,0000;58;0
27,2054;-9,2235;-212,9752;97,2802;25,6950;-90,0000;80,7765;400,000;-200,000;25,000;0,000;0,0000;0,0000;0,0000;0,0000;0,0000;0,0000;0,0000;0,0000;0,0000;0,0000;0,0000;0,0000;58;0
27,2150;-9,2235;-212,9752;97,2802;25,6950;-90,0000;80,7765;400,000;-200,000;25,000;0,000;0,0000;0,0000;0,0000;0,0000;0,0000;0,0000;0,0000;0,0000;0,0000;0,0000;0,0000;0,0000;58;0
27,2246;-9,2235;-212,9752;97,2802;25,6950;-90,0000;80,7765;400,000;-200,000;25,000;0,000;0,0000;0,0000;0,0000;0,0000;0,0000;0,0000;0,0000;0,0070;-0,0024;-0,0046;0,0000;0,0000;58;0
27,2342;-9,2235;-212,9752;97,2802;25,6950;-90,0000;80,7765;400,000;-200,000;25,000;0,000;0,0000;0,0001;-0,0000;-0,0001;0,0000;0,0000;0,0000;12,8409;-4,4370;-8,4039;0,0000;0,0000;58;0
27,2438;-9,2235;-212,9752;97,2802;25,6950;-90,0000;80,7765;400,000;-200,000;25,000;0,002;0,0000;0,2464;-0,0852;-0,1613;0,0000;0,0000;-0,0000;50,1566;-17,3381;-32,8185;-0,0000;-0,0000;60;0
27,2534;-9,2235;-212,9705;97,2786;25,6919;-90,0000;80,7765;400,000;-200,000;25,039;4,022;-0,0000;0,9628;-0,3328;-0,6300;0,0000;-0,0000;-0,0000;86,3192;-29,8696;-56,4496;-0,0000;-0,0000;60;0
27,2630;-9,2235;-212,9567;97,2738;25,6829;-90,0000;80,7765;400,000;-200,000;25,151;11,699;-0,0000;1,9031;-0,6584;-1,2447;0,0000;-0,0000;-0,0000;98,0057;-33,9933;-64,0124;0,0000;0,0000;60;0
27,2726;-9,2235;-212,9339;97,2659;25,6680;-90,0000;80,7765;400,000;-200,000;25,337;19,376;-0,0000;2,8437;-0,9852;-1,8585;0,0000;-0,0000;-0,0000;98,0372;-34,1462;-63,8910;0,0000;0,0000;60;0
27,2822;-9,2235;-212,9021;97,2549;25,6472;-90,0000;80,7765;400,000;-200,000;25,596;27,053;-0,0000;3,7847;-1,3138;-2,4709;0,0000;-0,0000;-0,0000;98,0810;-34,3596;-63,7215;0,0000;-0,0000;60;0
27,2918;-9,2235;-212,8613;97,2407;25,6206;-90,0000;80,7765;400,000;-200,000;25,930;34,730;-0,0000;4,7262;-1,6447;-3,0815;0,0000;-0,0000;-0,0000;98,1371;-34,6335;-63,5037;0,0000;0,0000;60;0
27,3014;-9,2235;-212,8114;97,2233;25,5881;-90,0000;80,7765;400,000;-200,000;26,337;42,407;-0,0000;5,6682;-1,9785;-3,6897;0,0000;-0,0000;-0,0000;98,2053;-34,9679;-63,2374;-0,0000;-0,0000;60;0
27,3110;-9,2235;-212,7525;97,2027;25,5498;-90,0000;80,7765;400,000;-200,000;26,817;50,085;-0,0000;6,6110;-2,3158;-4,2952;-0,0000;-0,0000;-0,0000;98,2853;-35,3628;-62,9225;-0,0000;-0,0000;60;0
27,3206;-9,2235;-212,6845;97,1789;25,5057;-90,0000;80,7765;400,000;-200,000;27,372;57,762;-0,0000;7,5546;-2,6572;-4,8974;-0,0000;-0,0000;0,0000;98,3769;-35,8181;-62,5588;0,0000;0,0000;60;0
27,3302;-9,2235;-212,6075;97,1517;25,4558;-90,0000;80,7765;400,000;-200,000;28,000;65,439;-0,0000;8,4991;-3,0032;-5,4958;0,0000;0,0000;0,0000;98,4799;-36,3338;-62,1461;0,0000;0,0000;60;0
27,3398;-9,2235;-212,5214;97,1213;25,4002;-90,0000;80,7765;400,000;-200,000;28,701;73,116;-0,0000;9,4446;-3,3545;-6,0901;0,0000;0,0000;-0,0000;98,5940;-36,9099;-61,6841;0,0000;-0,0000;60;0
27,3494;-9,2235;-212,4263;97,0874;25,3389;-90,0000;80,7765;400,000;-200,000;29,477;80,793;-0,0000;10,3914;-3,7116;-6,6797;0,0000;-0,0000;-0,0000;98,7188;-37,5464;-61,1725;0,0000;-0,0000;60;0
27,3590;-9,2235;-212,3220;97,0500;25,2720;-90,0000;80,7765;400,000;-200,000;30,325;88,470;-0,0000;11,3393;-4,0751;-7,2642;0,0000;-0,0000;0,0000;98,8540;-38,2431;-60,6109;0,0000;-0,0000;60;0
27,3686;-9,2235;-212,2086;97,0092;25,1995;-90,0000;80,7765;400,000;-200,000;31,248;96,147;-0,0000;12,2886;-4,4456;-7,8430;0,0000;-0,0000;-0,0000;98,9992;-39,0000;-59,9992;0,0000;0,0000;60;0
27,3782;-9,2235;-212,0861;96,9647;25,1214;-90,0000;80,7765;400,000;-200,000;32,244;103,824;-0,0000;13,2394;-4,8236;-8,4157;0,0000;-0,0000;-0,0000;99,1540;-39,8172;-59,3369;0,0000;0,0000;60;0
27,3878;-9,2235;-211,9545;96,9166;25,0380;-90,0000;80,7765;400,000;-200,000;33,314;111,501;-0,0000;14,1916;-5,2098;-8,9818;0,0000;0,0000;0,0000;99,3179;-40,6944;-58,6235;0,0000;-0,0000;60;0
27,3974;-9,2235;-211,8138;96,8647;24,9491;-90,0000;80,7765;400,000;-200,000;34,458;119,178;-0,0000;15,1455;-5,6047;-9,5408;0,0000;-0,0000;0,0000;99,4905;-41,6317;-57,8588;0,0000;-0,0000;60;0
27,4070;-9,2235;-211,6638;96,8090;24,8548;-90,0000;80,7765;400,000;-200,000;35,675;126,855;-0,0000;16,1011;-6,0088;-10,0923;0,0000;-0,0000;-0,0000;99,6713;-42,6290;-57,0423;-0,0000;-0,0000;60;0
27,4165;-9,2235;-211,5047;96,7494;24,7554;-90,0000;80,7765;400,000;-200,000;36,966;134,532;-0,0000;17,0585;-6,4228;-10,6356;-0,0000;-0,0000;-0,0000;99,8598;-43,6862;-56,1736;-0,0000;-0,0000;60;0
27,4261;-9,2235;-211,3365;96,6857;24,6507;-90,0000;80,7765;400,000;-200,000;38,331;142,209;-0,0000;18,0177;-6,8473;-11,1704;-0,0000;-0,0000;0,0000;100,0554;-44,8032;-55,2521;0,0000;0,0000;60;0
27,4357;-9,2235;-211,1589;96,6180;24,5410;-90,0000;80,7765;400,000;-200,000;39,769;149,886;-0,0000;18,9788;-7,2827;-11,6961;0,0000;-0,0000;0,0000;100,2576;-45,9801;-54,2775;0,0000;0,0000;60;0
27,4453;-9,2235;-210,9722;96,5460;24,4262;-90,0000;80,7765;400,000;-200,000;41,281;157,563;-0,0000;19,9419;-7,7297;-12,2121;0,0000;0,0000;0,0000;100,4659;-47,2167;-53,2492;0,0000;0,0000;60;0
27,4549;-9,2235;-210,7762;96,4696;24,3066;-90,0000;80,7765;400,000;-200,000;42,867;165,240;-0,0000;20,9070;-8,1889;-12,7180;0,0000;0,0000;-0,0000;100,6797;-48,5129;-52,1667;0,0000;-0,0000;60;0
27,4645;-9,2235;-210,5709;96,3888;24,1821;-90,0000;80,7765;400,000;-200,000;44,527;172,917;-0,0000;21,8742;-8,6608;-13,2133;0,0000;0,0000;-0,0000;100,8984;-49,8688;-51,0296;0,0000;-0,0000;60;0
27,4741;-9,2235;-210,3564;96,3034;24,0530;-90,0000;80,7765;400,000;-200,000;46,260;180,594;-0,0000;22,8435;-9,1460;-13,6974;0,0000;-0,0000;0,0000;101,1215;-51,2842;-49,8372;0,0000;-0,0000;60;0
27,4837;-9,2235;-210,1325;96,2133;23,9193;-90,0000;80,7765;400,000;-200,000;48,066;188,271;-0,0000;23,8149;-9,6451;-14,1698;0,0000;-0,0000;0,0000;101,3483;-52,7591;-48,5892;0,0000;-0,0000;60;0
27,4933;-9,2235;-209,8993;96,1183;23,7810;-90,0000;80,7765;400,000;-200,000;49,947;195,948;-0,0000;24,7886;-10,1586;-14,6300;0,0000;-0,0000;-0,0000;101,5784;-54,2935;-47,2849;0,0000;-0,0000;60;0
27,5029;-9,2235;-209,6568;96,0183;23,6385;-90,0000;80,7765;400,000;-200,000;51,901;203,625;-0,0000;25,7645;-10,6871;-15,0774;0,0000;-0,0000;0,0000;101,8111;-55,8872;-45,9239;0,0000;-0,0000;60;0
27,5125;-9,2235;-209,4048;95,9132;23,4917;-90,0000;80,7765;400,000;-200,000;53,928;211,302;-0,0000;26,7426;-11,2312;-15,5114;0,0000;-0,0000;0,0000;102,0460;-57,5404;-44,5056;0,0000;-0,0000;60;0
27,5221;-9,2235;-209,1435;95,8027;23,3408;-90,0000;80,7765;400,000;-200,000;56,030;218,979;-0,0000;27,7230;-11,7915;-15,9315;0,0000;-0,0000;0,0000;102,2824;-59,2529;-43,0295;0,0000;0,0000;60;0
27,5317;-9,2235;-208,8728;95,6869;23,1859;-90,0000;80,7765;400,000;-200,000;58,205;226,656;0,0000;28,7057;-12,3685;-16,3372;0,0000;-0,0000;0,0000;102,5199;-61,0247;-41,4951;0,0000;0,0000;60;0
27,5413;-9,2235;-208,5926;95,5654;23,0272;-90,0000;80,7765;400,000;-200,000;60,454;234,333;0,0000;29,6906;-12,9627;-16,7279;0,0000;-0,0000;0,0000;102,7579;-62,8560;-39,9019;0,0000;0,0000;60;0
27,5509;-9,2235;-208,3029;95,4381;22,8649;-90,0000;80,7765;400,000;-200,000;62,776;242,010;0,0000;30,6779;-13,5748;-17,1030;0,0000;0,0000;0,0000;102,9960;-64,7466;-38,2494;0,0000;0,0000;60;0
27,5605;-9,2235;-208,0038;95,3048;22,6990;-90,0000;80,7765;400,000;-200,000;65,172;249,687;0,0000;31,6674;-14,2054;-17,4620;0,0000;0,0000;0,0000;103,2338;-66,6968;-36,5370;0,0000;-0,0000;60;0
27,5701;-9,2235;-207,6951;95,1654;22,5297;-90,0000;80,7765;400,000;-200,000;67,642;257,364;0,0000;32,6592;-14,8549;-17,8043;0,0000;-0,0000;-0,0000;103,4709;-68,7065;-34,7644;0,0000;-0,0000;60;0
27,5797;-9,2235;-207,3770;95,0197;22,3573;-90,0000;80,7765;400,000;-200,000;70,185;265,041;0,0000;33,6533;-15,5240;-18,1292;0,0000;-0,0000;0,0000;102,8836;-70,3852;-32,4984;0,0000;0,0000;60;0
27,5893;-9,2235;-207,0493;94,8675;22,1818;-90,0000;80,7765;400,000;-200,000;72,802;272,718;0,0000;34,6338;-16,2058;-18,4280;0,0000;0,0000;0,0000;68,9106;-56,0380;-12,8726;0,0000;0,0000;60;0
27,5989;-9,2235;-206,7123;94,7087;22,0036;-90,0000;80,7765;400,000;-200,000;75,491;280,143;0,0000;34,9758;-16,5995;-18,3763;0,0000;0,0000;-0,0000;-13,7537;-17,4813;31,2351;-0,0000;-0,0000;60;0
27,6085;-9,2235;-206,3780;94,5489;21,8291;-90,0000;80,7765;400,000;-200,000;78,155;277,613;-0,0000;34,3698;-16,5413;-17,8285;-0,0000;-0,0000;-0,0000;-80,1325;15,0009;65,1316;-0,0000;-0,0000;60;0
27,6181;-9,2235;-206,0526;94,3912;21,6614;-90,0000;80,7765;400,000;-200,000;80,745;269,936;-0,0000;33,4379;-16,3116;-17,1263;-0,0000;-0,0000;0,0000;-97,2849;24,9748;72,3102;0,0000;0,0000;60;0
27,6277;-9,2235;-205,7362;94,2358;21,5004;-90,0000;80,7765;400,000;-200,000;83,262;262,259;0,0000;32,5027;-16,0620;-16,4407;0,0000;0,0000;0,0000;-97,6162;27,0286;70,5876;0,0000;0,0000;60;0
27,6373;-9,2235;-205,4288;94,0829;21,3459;-90,0000;80,7765;400,000;-200,000;85,705;254,582;-0,0000;31,5644;-15,7929;-15,7715;-0,0000;-0,0000;-0,0000;-97,9280;29,0213;68,9068;-0,0000;-0,0000;60;0
27,6469;-9,2235;-205,1304;93,9327;21,1977;-90,0000;80,7765;400,000;-200,000;88,074;246,905;-0,0000;30,6232;-15,5050;-15,1182;-0,0000;-0,0000;0,0000;-98,2217;30,9530;67,2687;0,0000;0,0000;60;0
27,6565;-9,2235;-204,8411;93,7854;21,0557;-90,0000;80,7765;400,000;-200,000;90,370;239,228;0,0000;29,6793;-15,1988;-14,4804;0,0000;-0,0000;0,0000;-98,4984;32,8241;65,6743;0,0000;0,0000;60;0
27,6661;-9,2235;-204,5608;93,6410;20,9198;-90,0000;80,7765;400,000;-200,000;92,592;231,551;0,0000;28,7327;-14,8750;-13,8578;0,0000;-0,0000;-0,0000;-98,7590;34,6346;64,1244;-0,0000;-0,0000;60;0
27,6756;-9,2235;-204,2896;93,4999;20,7897;-90,0000;80,7765;400,000;-200,000;94,740;223,874;-0,0000;27,7838;-14,5341;-13,2497;-0,0000;-0,0000;-0,0000;-99,0045;36,3847;62,6198;-0,0000;-0,0000;60;0
27,6852;-9,2235;-204,0276;93,3621;20,6655;-90,0000;80,7765;400,000;-200,000;96,815;216,197;-0,0000;26,8326;-14,1767;-12,6559;-0,0000;-0,0000;0,0000;-99,2359;38,0746;61,1613;0,0000;0,0000;60;0
27,6948;-9,2235;-203,7746;93,2278;20,5468;-90,0000;80,7765;400,000;-200,000;98,816;208,520;-0,0000;25,8792;-13,8033;-12,0759;0,0000;-0,0000;0,0000;-99,4539;39,7044;59,7495;0,0000;0,0000;60;0
27,7044;-9,2235;-203,5309;93,0972;20,4337;-90,0000;80,7765;400,000;-200,000;100,743;200,843;0,0000;24,9238;-13,4146;-11,5092;0,0000;0,0000;0,0000;-99,6593;41,2742;58,3851;0,0000;0,0000;60;0
27,7140;-9,2235;-203,2963;92,9703;20,3259;-90,0000;80,7765;400,000;-200,000;102,597;193,166;0,0000;23,9665;-13,0112;-10,9553;0,0000;0,0000;0,0000;-99,8527;42,7840;57,0687;0,0000;0,0000;60;0
27,7236;-9,2235;-203,0709;92,8474;20,2234;-90,0000;80,7765;400,000;-200,000;104,377;185,489;0,0000;23,0074;-12,5935;-10,4139;0,0000;0,0000;0,0000;-100,0349;44,2340;55,8009;0,0000;0,0000;60;0
27,7332;-9,2235;-202,8547;92,7286;20,1261;-90,0000;80,7765;400,000;-200,000;106,083;177,812;0,0000;22,0466;-12,1622;-9,8844;0,0000;0,0000;-0,0000;-100,2063;45,6242;54,5821;-0,0000;-0,0000;60;0
27,7428;-9,2235;-202,6478;92,6140;20,0337;-90,0000;80,7765;400,000;-200,000;107,716;170,135;0,0000;21,0842;-11,7179;-9,3663;0,0000;-0,0000;-0,0000;-100,3676;46,9546;53,4130;-0,0000;-0,0000;60;0
27,7524;-9,2235;-202,4500;92,5037;19,9463;-90,0000;80,7765;400,000;-200,000;109,275;162,458;0,0000;20,1203;-11,2610;-8,8592;0,0000;-0,0000;0,0000;-100,5191;48,2253;52,2938;-0,0000;0,0000;60;0
27,7620;-9,2235;-202,2616;92,3979;19,8637;-90,0000;80,7765;400,000;-200,000;110,760;154,781;0,0000;19,1550;-10,7923;-8,3627;0,0000;0,0000;-0,0000;-100,6613;49,4363;51,2250;-0,0000;0,0000;60;0
27,7716;-9,2235;-202,0824;92,2966;19,7858;-90,0000;80,7765;400,000;-200,000;112,172;147,104;0,0000;18,1883;-10,3122;-7,8761;0,0000;0,0000;-0,0000;-100,7946;50,5875;50,2071;-0,0000;0,0000;60;0
27,7812;-9,2235;-201,9125;92,2000;19,7125;-90,0000;80,7765;400,000;-200,000;113,510;139,427;0,0000;17,2205;-9,8214;-7,3991;0,0000;0,0000;-0,0000;-100,9194;51,6790;49,2404;-0,0000;0,0000;60;0
27,7908;-9,2235;-201,7519;92,1081;19,6438;-90,0000;80,7765;400,000;-200,000;114,774;131,750;0,0000;16,2514;-9,3204;-6,9311;0,0000;0,0000;-0,0000;-101,0359;52,7107;48,3252;-0,0000;-0,0000;60;0
27,8004;-9,2235;-201,6006;92,0211;19,5795;-90,0000;80,7765;400,000;-200,000;115,965;124,073;0,0000;15,2813;-8,8097;-6,4716;0,0000;0,0000;-0,0000;-101,1445;53,6827;47,4618;-0,0000;-0,0000;60;0
27,8100;-9,2235;-201,4586;91,9390;19,5196;-90,0000;80,7765;400,000;-200,000;117,082;116,396;0,0000;14,3102;-8,2901;-6,0201;0,0000;0,0000;-0,0000;-101,2453;54,5948;46,6505;-0,0000;0,0000;60;0
27,8196;-9,2235;-201,3260;91,8620;19,4640;-90,0000;80,7765;400,000;-200,000;118,125;108,719;0,0000;13,3382;-7,7619;-5,5762;0,0000;0,0000;-0,0000;-101,3387;55,4470;45,8916;-0,0000;0,0000;60;0
27,8292;-9,2235;-201,2026;91,7901;19,4126;-90,0000;80,7765;400,000;-200,000;119,095;101,042;0,0000;12,3653;-7,2259;-5,1394;0,0000;0,0000;-0,0000;-101,4248;56,2394;45,1854;-0,0000;0,0000;60;0
27,8388;-9,2235;-201,0886;91,7233;19,3653;-90,0000;80,7765;400,000;-200,000;119,991;93,365;0,0000;11,3916;-6,6825;-4,7090;0,0000;0,0000;0,0000;-101,5037;56,9718;44,5319;-0,0000;0,0000;60;0
27,8484;-9,2235;-200,9840;91,6618;19,3222;-90,0000;80,7765;400,000;-200,000;120,813;85,688;0,0000;10,4172;-6,1325;-4,2847;0,0000;0,0000;0,0000;-101,5758;57,6442;43,9315;-0,0000;-0,0000;60;0
27,8580;-9,2235;-200,8887;91,6056;19,2831;-90,0000;80,7765;400,000;-200,000;121,562;78,011;0,0000;9,4421;-5,5762;-3,8659;0,0000;0,0000;-0,0000;-101,6409;58,2566;43,3843;-0,0000;-0,0000;60;0
27,8676;-9,2235;-200,8028;91,5548;19,2480;-90,0000;80,7765;400,000;-200,000;122,236;70,334;0,0000;8,4664;-5,0144;-3,4520;0,0000;0,0000;-0,0000;-101,6994;58,8089;42,8905;-0,0000;-0,0000;60;0
27,8772;-9,2235;-200,7262;91,5094;19,2169;-90,0000;80,7765;400,000;-200,000;122,838;62,657;0,0000;7,4902;-4,4475;-3,0427;0,0000;0,0000;-0,0000;-101,7513;59,3010;42,4503;-0,0000;-0,0000;60;0
27,8868;-9,2235;-200,6590;91,4694;19,1896;-90,0000;80,7765;400,000;-200,000;123,365;54,980;0,0000;6,5135;-3,8762;-2,6373;0,0000;0,0000;-0,0000;-101,7966;59,7329;42,0637;-0,0000;0,0000;60;0
27,8964;-9,2235;-200,6012;91,4350;19,1662;-90,0000;80,7765;400,000;-200,000;123,819;47,303;0,0000;5,5365;-3,3011;-2,2354;0,0000;0,0000;-0,0000;-101,8355;60,1046;41,7308;-0,0000;0,0000;60;0
27,9060;-9,2235;-200,5528;91,4061;19,1467;-90,0000;80,7765;400,000;-200,000;124,200;39,626;0,0000;4,5591;-2,7227;-1,8364;0,0000;0,0000;-0,0000;-101,8679;60,4161;41,4519;-0,0000;-0,0000;60;0
27,9156;-9,2235;-200,5137;91,3827;19,1310;-90,0000;80,7765;400,000;-200,000;124,506;31,949;0,0000;3,5814;-2,1416;-1,4398;0,0000;0,0000;-0,0000;-101,8941;60,6672;41,2268;-0,0000;-0,0000;60;0
27,9252;-9,2235;-200,4840;91,3650;19,1191;-90,0000;80,7765;400,000;-200,000;124,739;24,272;0,0000;2,6034;-1,5583;-1,0451;0,0000;0,0000;-0,0000;-101,9139;60,8581;41,0558;-0,0000;-0,0000;60;0
27,9347;-9,2235;-200,4637;91,3528;19,1109;-90,0000;80,7765;400,000;-200,000;124,898;16,595;0,0000;1,6254;-0,9735;-0,6518;0,0000;0,0000;2,5763;-98,7477;59,9703;38,7774;-0,0000;2,5763;60;0
27,9443;-9,2235;-200,4528;91,3463;19,1066;-90,0000;80,7765;400,000;-200,000;124,984;8,918;0,0494;0,7082;-0,4073;-0,3009;-0,0000;0,0494;40,3035;-52,1922;45,1312;7,0610;-0,0000;40,3035;60;0
27,9539;-9,2225;-200,4501;91,3450;19,1052;-90,0000;80,7775;400,001;-199,993;125,006;2,391;0,7735;0,6237;-0,1073;-0,5163;-0,0000;0,7735;117,8781;43,5478;14,4972;-58,0450;-0,0000;117,8781;61;0
27,9635;-9,2086;-200,4409;91,3442;19,0967;-90,0000;80,7914;400,019;-199,891;125,089;13,865;2,3118;1,5440;-0,1291;-1,4149;-0,0000;2,3118;170,1509;108,0626;-6,1584;-101,9042;-0,0000;170,1509;61;0
27,9731;-9,1781;-200,4205;91,3425;19,0780;-90,0000;80,8219;400,058;-199,667;125,272;30,401;4,0392;2,6977;-0,2255;-2,4721;-0,0000;4,0392;180,0000;120,2184;-10,0510;-110,1674;-0,0000;180,0000;61;0
27,9827;-9,1311;-200,3891;91,3399;19,0492;-90,0000;80,8689;400,118;-199,322;125,555;46,929;5,7665;3,8513;-0,3220;-3,5293;-0,0000;5,7665;180,0000;120,2184;-10,0510;-110,1674;-0,0000;180,0000;61;0
27,9923;-9,0675;-200,3466;91,3363;19,0103;-90,0000;80,9325;400,199;-198,855;125,938;63,446;7,4938;5,0050;-0,4184;-4,5865;-0,0000;7,4938;180,0000;120,2184;-10,0510;-110,1674;-0,0000;180,0000;61;0
28,0019;-8,9873;-200,2930;91,3319;18,9612;-90,0000;81,0127;400,299;-198,267;126,420;79,948;9,2211;6,1586;-0,5149;-5,6437;-0,0000;9,2211;180,0000;120,2184;-10,0510;-110,1674;-0,0000;180,0000;61;0
28,0115;-8,8905;-200,2284;91,3265;18,9019;-90,0000;81,1095;400,419;-197,557;127,001;96,432;10,9485;7,3123;-0,6114;-6,7009;-0,0000;10,9485;180,0000;120,2184;-10,0510;-110,1674;-0,0000;180,0000;61;0
28,0211;-8,7771;-200,1527;91,3201;18,8326;-90,0000;81,2229;400,556;-196,725;127,682;112,893;12,6758;8,4659;-0,7078;-7,7581;-0,0000;12,6758;180,0000;120,2184;-10,0510;-110,1674;-0,0000;180,0000;61;0
28,0307;-8,6472;-200,0659;91,3129;18,7530;-90,0000;81,3528;400,711;-195,772;128,461;129,327;14,4031;9,6196;-0,8043;-8,8153;-0,0000;14,4031;180,0000;120,2184;-10,0510;-110,1674;-0,0000;180,0000;61;0
28,0403;-8,5007;-199,9681;91,3047;18,6634;-90,0000;81,4993;400,881;-194,698;129,340;145,730;16,1305;10,7732;-0,9007;-9,8725;-0,0000;16,1305;180,0000;120,2184;-10,0510;-110,1674;-0,0000;180,0000;61;0
28,0499;-8,3376;-199,8591;91,2956;18,5636;-90,0000;81,6624;401,065;-193,502;130,318;162,098;17,8578;11,9269;-0,9972;-10,9297;-0,0000;17,8578;180,0000;120,2184;-10,0510;-110,1674;-0,0000;180,0000;61;0
28,0595;-8,1580;-199,7392;91,2855;18,4536;-90,0000;81,8420;401,262;-192,185;131,394;178,428;19,5851;13,0805;-1,0936;-11,9869;-0,0000;19,5851;180,0000;120,2184;-10,0510;-110,1674;-0,0000;180,0000;61;0
28,0691;-7,9617;-199,6081;91,2746;18,3335;-90,0000;82,0383;401,469;-190,747;132,569;194,714;21,3124;14,2342;-1,1901;-13,0441;-0,0000;21,3124;180,0000;120,2184;-10,0510;-110,1674;-0,0000;180,0000;61;0
28,0787;-7,7489;-199,4660;91,2627;18,2033;-90,0000;82,2511;401,685;-189,188;133,842;210,953;23,0398;15,3878;-1,2865;-14,1013;-0,0000;23,0398;180,0000;120,2184;-10,0510;-110,1674;-0,0000;180,0000;61;0
28,0883;-7,5195;-199,3128;91,2499;18,0629;-90,0000;82,4805;401,908;-187,508;135,213;227,141;24,7671;16,5415;-1,3830;-15,1585;-0,0000;24,7671;180,0000;120,2184;-10,0510;-110,1674;-0,0000;180,0000;61;0
28,0979;-7,2736;-199,1485;91,2362;17,9123;-90,0000;82,7264;402,135;-185,708;136,682;243,271;26,4944;17,6951;-1,4794;-16,2157;-0,0000;26,4944;180,0000;120,2184;-10,0510;-110,1674;-0,0000;180,0000;61;0
28,1075;-7,0110;-198,9732;91,2215;17,7517;-90,0000;82,9890;402,364;-183,787;138,248;259,342;28,2218;18,8487;-1,5759;-17,2729;-0,0000;28,2218;180,0000;120,2184;-10,0510;-110,1674;-0,0000;180,0000;61;0
28,1171;-6,7319;-198,7867;91,2059;17,5808;-90,0000;83,2681;402,593;-181,747;139,911;275,346;29,9491;20,0024;-1,6723;-18,3301;-0,0000;29,9491;180,0000;120,2184;-10,0510;-110,1674;-0,0000;180,0000;61;0
28,1267;-6,4363;-198,5893;91,1894;17,3999;-90,0000;83,5637;402,817;-179,587;141,671;291,281;31,6764;21,1560;-1,7688;-19,3873;-0,0000;31,6764;180,0000;120,2184;-10,0510;-110,1674;-0,0000;180,0000;61;0
28,1363;-6,1240;-198,3807;91,1720;17,2087;-90,0000;83,8760;403,036;-177,308;143,527;307,141;33,4037;22,3097;-1,8652;-20,4445;-0,0000;33,4037;180,0000;120,2184;-10,0510;-110,1674;-0,0000;180,0000;61;0
28,1459;-5,7951;-198,1611;91,1536;17,0075;-90,0000;84,2049;403,245;-174,910;145,480;322,920;35,1311;23,4633;-1,9617;-21,5017;-0,0000;35,1311;180,0000;120,2184;-10,0510;-110,1674;-0,0000;180,0000;61;0
28,1555;-5,4497;-197,9304;91,1343;16,7961;-90,0000;84,5503;403,442;-172,395;147,527;338,615;36,8584;24,6170;-2,0581;-22,5588;-0,0000;36,8584;180,0000;120,2184;-10,0510;-110,1674;-0,0000;180,0000;61;0
28,1651;-5,0877;-197,6886;91,1141;16,5745;-90,0000;84,9123;403,622;-169,763;149,670;354,220;38,5857;25,7706;-2,1546;-23,6160;-0,0000;38,5857;180,0000;120,2184;-10,0510;-110,1674;-0,0000;180,0000;61;0
28,1747;-4,7092;-197,4358;91,0930;16,3428;-90,0000;85,2908;403,783;-167,014;151,908;369,729;40,3131;26,9243;-2,2510;-24,6732;-0,0000;40,3131;180,0000;120,2184;-10,0510;-110,1674;-0,0000;180,0000;61;0
28,1843;-4,3140;-197,1719;91,0709;16,1010;-90,0000;85,6860;403,921;-164,149;154,239;385,138;42,0404;28,0779;-2,3475;-25,7304;-0,0000;42,0404;180,0000;120,2184;-10,0510;-110,1674;-0,0000;180,0000;61;0
28,1938;-3,9023;-196,8969;91,0479;15,8490;-90,0000;86,0977;404,032;-161,170;156,664;400,440;43,7677;29,2316;-2,4440;-26,7876;-0,0000;43,7677;180,0000;120,2184;-10,0510;-110,1674;-0,0000;180,0000;61;0
28,2034;-3,4740;-196,6108;91,0240;15,5868;-90,0000;86,5260;404,111;-158,078;159,182;415,629;45,4950;30,3852;-2,5404;-27,8448;-0,0000;45,4950;180,0000;120,2184;-10,0510;-110,1674;-0,0000;180,0000;61;0
28,2130;-3,0291;-196,3137;90,9992;15,3146;-90,0000;86,9709;404,156;-154,874;161,792;430,701;47,2224;31,5389;-2,6369;-28,9020;-0,0000;47,2224;180,0000;120,2184;-10,0510;-110,1674;-0,0000;180,0000;61;0
28,2226;-2,5677;-196,0055;90,9734;15,0321;-90,0000;87,4323;404,162;-151,559;164,494;445,648;48,9497;32,6925;-2,7333;-29,9592;-0,0000;48,9497;180,0000;120,2184;-10,0510;-110,1674;-0,0000;180,0000;61;0
28,2322;-2,0897;-195,6863;90,9467;14,7396;-90,0000;87,9103;404,125;-148,134;167,286;460,466;50,6770;33,8462;-2,8298;-31,0164;-0,0000;50,6770;180,0000;120,2184;-10,0510;-110,1674;-0,0000;180,0000;61;0
28,2418;-1,5951;-195,3559;90,9191;14,4369;-90,0000;88,4049;404,039;-144,603;170,169;475,146;52,4044;34,9998;-2,9262;-32,0736;-0,0000;52,4044;180,0000;120,2184;-10,0510;-110,1674;-0,0000;180,0000;61;0
28,2514;-1,0839;-195,0145;90,8905;14,1240;-90,0000;88,9161;403,901;-140,966;173,142;489,684;54,1317;36,1535;-3,0227;-33,1308;-0,0000;54,1317;180,0000;120,2184;-10,0510;-110,1674;-0,0000;180,0000;61;0
28,2610;-0,5562;-194,6621;90,8611;13,8010;-90,0000;89,4438;403,707;-137,225;176,202;504,071;55,8590;37,3071;-3,1191;-34,1880;-0,0000;55,8590;180,0000;120,2184;-10,0510;-110,1674;-0,0000;180,0000;61;0
28,2706;-0,0118;-194,2985;90,8307;13,4678;-90,0000;89,9882;403,450;-133,383;179,351;518,302;57,5864;38,4608;-3,2156;-35,2452;-0,0000;57,5864;180,0000;120,2184;-10,0510;-110,1674;-0,0000;180,0000;61;0
28,2802;0,5491;-193,9239;90,7994;13,1245;-90,0000;90,5491;403,127;-129,443;182,586;532,370;59,3137;39,6144;-3,3120;-36,3024;-0,0000;59,3137;180,0000;120,2184;-10,0510;-110,1674;-0,0000;180,0000;61;0
28,2898;1,1266;-193,5382;90,7671;12,7711;-90,0000;91,1266;402,733;-125,406;185,907;546,266;61,0410;40,7681;-3,4085;-37,3596;-0,0000;61,0410;180,0000;120,2184;-10,0510;-110,1674;-0,0000;180,0000;61;0
28,2994;1,7206;-193,1415;90,7339;12,4075;-90,0000;91,7206;402,262;-121,276;189,314;559,985;62,7683;41,9217;-3,5049;-38,4168;-0,0000;62,7683;180,0000;120,2184;-10,0510;-110,1674;-0,0000;180,0000;61;0
28,3090;2,3312;-192,7336;90,6998;12,0338;-90,0000;92,3312;401,710;-117,057;192,803;573,518;64,4957;43,0754;-3,6014;-39,4740;-0,0000;64,4957;180,0000;120,2184;-10,0510;-110,1674;-0,0000;180,0000;61;0
28,3186;2,9584;-192,3147;90,6648;11,6499;-90,0000;92,9584;401,072;-112,750;196,376;586,857;66,2230;44,2290;-3,6978;-40,5312;-0,0000;66,2230;180,0000;120,2184;-10,0510;-110,1674;-0,0000;180,0000;61;0
28,3282;3,6022;-191,8848;90,6289;11,2559;-90,0000;93,6022;400,343;-108,361;200,030;599,995;67,9503;45,3827;-3,7943;-41,5884;-0,0000;67,9503;180,0000;120,2184;-10,0510;-110,1674;-0,0000;180,0000;61;0
28,3378;4,2626;-191,4437;90,5920;10,8517;-90,0000;94,2626;399,517;-103,892;203,764;612,924;69,6777;46,5363;-3,8907;-42,6456;-0,0000;69,6777;180,0000;120,2184;-10,0510;-110,1674;-0,0000;180,0000;61;0
28,3474;4,9395;-190,9916;90,5542;10,4374;-90,0000;94,9395;398,590;-99,349;207,578;625,636;71,4050;47,6900;-3,9872;-43,7028;-0,0000;71,4050;180,0000;120,2184;-10,0510;-110,1674;-0,0000;180,0000;61;0
28,3570;5,6330;-190,5284;90,5155;10,0130;-90,0000;95,6330;397,556;-94,735;211,469;638,122;73,1323;48,8436;-4,0836;-44,7600;-0,0000;73,1323;159,8483;106,7594;-8,9258;-97,8337;-0,0000;159,8483;61;0
28,3666;6,3431;-190,0542;90,4758;9,5784;-90,0000;96,3431;396,410;-90,055;215,436;650,373;74,4729;49,7389;-4,1585;-45,5804;-0,0000;74,4729;54,6211;36,4803;-3,0500;-33,4303;-0,0000;54,6211;61;0
28,3762;7,0624;-189,5738;90,4357;9,1382;-90,0000;97,0623;395,162;-85,363;219,437;655,632;74,1806;49,5438;-4,1422;-45,4016;-0,0000;74,1806;-100,3026;-66,9901;5,6008;61,3893;0,0000;-100,3026;61;0
28,3858;7,7668;-189,1033;90,3963;8,7070;-90,0000;97,7668;393,853;-80,815;223,339;639,098;72,5478;48,4532;-4,0510;-44,4022;-0,0000;72,5478;-175,0754;-116,9294;9,7761;107,1533;0,0000;-175,0754;61;0
28,3954;8,4547;-188,6439;90,3579;8,2860;-90,0000;98,4547;392,496;-76,423;227,132;621,095;70,8205;47,2996;-3,9546;-43,3450;-0,0000;70,8205;-180,0000;-120,2184;10,0510;110,1674;0,0000;-180,0000;61;0
28,4050;9,1261;-188,1955;90,3204;7,8751;-90,0000;99,1261;391,096;-72,183;230,817;603,279;69,0932;46,1459;-3,8581;-42,2878;-0,0000;69,0932;-180,0000;-120,2184;10,0510;110,1674;0,0000;-180,0000;61;0
28,4146;9,7808;-187,7582;90,2839;7,4744;-90,0000;99,7808;389,660;-68,095;234,396;585,649;67,3658;44,9923;-3,7616;-41,2306;-0,0000;67,3658;-180,0000;-120,2184;10,0510;110,1674;0,0000;-180,0000;61;0
28,4242;10,4190;-187,3320;90,2482;7,0838;-90,0000;100,4190;388,194;-64,155;237,868;568,204;65,6385;43,8386;-3,6652;-40,1734;-0,0000;65,6385;-180,0000;-120,2184;10,0510;110,1674;0,0000;-180,0000;61;0
28,4338;11,0406;-186,9168;90,2135;6,7033;-90,0000;101,0406;386,704;-60,362;241,237;550,940;63,9112;42,6850;-3,5687;-39,1162;-0,0000;63,9112;-180,0000;-120,2184;10,0510;110,1674;0,0000;-180,0000;61;0
28,4433;11,6456;-186,5128;90,1797;6,3330;-90,0000;101,6456;385,197;-56,713;244,501;533,858;62,1838;41,5313;-3,4723;-38,0590;-0,0000;62,1838;-180,0000;-120,2184;10,0510;110,1674;0,0000;-180,0000;61;0
28,4529;12,2340;-186,1197;90,1469;5,9729;-90,0000;102,2340;383,677;-53,205;247,663;516,953;60,4565;40,3777;-3,3758;-37,0019;-0,0000;60,4565;-180,0000;-120,2184;10,0510;110,1674;0,0000;-180,0000;61;0
28,4625;12,8059;-185,7378;90,1149;5,6229;-90,0000;102,8059;382,150;-49,836;250,723;500,224;58,7292;39,2240;-3,2794;-35,9447;-0,0000;58,7292;-180,0000;-120,2184;10,0510;110,1674;0,0000;-180,0000;61;0
28,4721;13,3612;-185,3669;90,0839;5,2830;-90,0000;103,3612;380,621;-46,604;253,682;483,668;57,0019;38,0704;-3,1829;-34,8875;-0,0000;57,0019;-180,0000;-120,2184;10,0510;110,1674;0,0000;-180,0000;61;0
28,4817;13,8999;-185,0071;90,0539;4,9533;-90,0000;103,8999;379,094;-43,505;256,541;467,282;55,2745;36,9167;-3,0865;-33,8303;-0,0000;55,2745;-180,0000;-120,2184;10,0510;110,1674;0,0000;-180,0000;61;0
28,4913;14,4221;-184,6584;90,0247;4,6337;-90,0000;104,4221;377,575;-40,538;259,302;451,062;53,5472;35,7631;-2,9900;-32,7731;-0,0000;53,5472;-180,0000;-120,2184;10,0510;110,1674;0,0000;-180,0000;61;0
28,5009;14,9276;-184,3208;89,9965;4,3243;-90,0000;104,9276;376,067;-37,698;261,964;435,006;51,8199;34,6095;-2,8936;-31,7159;-0,0000;51,8199;-180,0000;-120,2184;10,0510;110,1674;0,0000;-180,0000;61;0
28,5105;15,4166;-183,9942;89,9692;4,0250;-90,0000;105,4166;374,575;-34,983;264,529;419,110;50,0925;33,4558;-2,7971;-30,6587;-0,0000;50,0925;-180,0000;-120,2184;10,0510;110,1674;0,0000;-180,0000;61;0
28,5201;15,8890;-183,6787;89,9428;3,7359;-90,0000;105,8890;373,102;-32,392;266,998;403,369;48,3652;32,3022;-2,7007;-29,6015;-0,0000;48,3652;-180,0000;-120,2184;10,0510;110,1674;0,0000;-180,0000;61;0
28,5297;16,3449;-183,3742;89,9173;3,4569;-90,0000;106,3449;371,652;-29,920;269,372;387,781;46,6379;31,1485;-2,6042;-28,5443;-0,0000;46,6379;-180,0000;-120,2184;10,0510;110,1674;0,0000;-180,0000;61;0
28,5393;16,7841;-183,0808;89,8928;3,1880;-90,0000;106,7841;370,229;-27,565;271,651;372,341;44,9106;29,9949;-2,5078;-27,4871;-0,0000;44,9106;-180,0000;-120,2184;10,0510;110,1674;0,0000;-180,0000;61;0
28,5489;17,2068;-182,7985;89,8692;2,9293;-90,0000;107,2068;368,835;-25,324;273,837;357,044;43,1832;28,8412;-2,4113;-26,4299;-0,0000;43,1832;-180,0000;-120,2184;10,0510;110,1674;0,0000;-180,0000;61;0
28,5585;17,6129;-182,5273;89,8465;2,6808;-90,0000;107,6129;367,475;-23,195;275,930;341,886;41,4559;27,6876;-2,3149;-25,3727;-0,0000;41,4559;-180,0000;-120,2184;10,0510;110,1674;0,0000;-180,0000;61;0
28,5681;18,0025;-182,2671;89,8248;2,4424;-90,0000;108,0025;366,151;-21,175;277,931;326,864;39,7286;26,5339;-2,2184;-24,3155;-0,0000;39,7286;-180,0000;-120,2184;10,0510;110,1674;0,0000;-180,0000;61;0
28,5777;18,3754;-182,0180;89,8039;2,2141;-90,0000;108,3754;364,865;-19,262;279,841;311,971;38,0012;25,3803;-2,1220;-23,2583;-0,0000;38,0012;-180,0000;-120,2184;10,0510;110,1674;0,0000;-180,0000;61;0
28,5873;18,7318;-181,7800;89,7840;1,9960;-90,0000;108,7318;363,620;-17,452;281,661;297,204;36,2739;24,2266;-2,0255;-22,2011;-0,0000;36,2739;-180,0000;-120,2184;10,0510;110,1674;0,0000;-180,0000;61;0
28,5969;19,0716;-181,5531;89,7651;1,7880;-90,0000;109,0716;362,418;-15,744;283,390;282,557;34,5466;23,0730;-1,9291;-21,1439;-0,0000;34,5466;-180,0000;-120,2184;10,0510;110,1674;0,0000;-180,0000;61;0
28,6065;19,3948;-181,3372;89,7470;1,5902;-90,0000;109,3948;361,263;-14,135;285,031;268,026;32,8192;21,9193;-1,8326;-20,0867;-0,0000;32,8192;-180,0000;-120,2184;10,0510;110,1674;0,0000;-180,0000;61;0
28,6161;19,7015;-181,1324;89,7299;1,4025;-90,0000;109,7015;360,155;-12,624;286,583;253,605;31,0919;20,7657;-1,7361;-19,0295;-0,0000;31,0919;-180,0000;-120,2184;10,0510;110,1674;0,0000;-180,0000;61;0
28,6257;19,9916;-180,9387;89,7137;1,2249;-90,0000;109,9916;359,097;-11,207;288,048;239,289;29,3646;19,6120;-1,6397;-17,9723;-0,0000;29,3646;-180,0000;-120,2184;10,0510;110,1674;0,0000;-180,0000;61;0
28,6353;20,2651;-180,7560;89,6984;1,0576;-90,0000;110,2651;358,090;-9,882;289,426;225,073;27,6373;18,4584;-1,5432;-16,9151;-0,0000;27,6373;-180,0000;-120,2184;10,0510;110,1674;0,0000;-180,0000;61;0
28,6449;20,5220;-180,5844;89,6841;0,9003;-90,0000;110,5220;357,137;-8,648;290,717;210,952;25,9099;17,3047;-1,4468;-15,8579;-0,0000;25,9099;-180,0000;-120,2184;10,0510;110,1674;0,0000;-180,0000;61;0
28,6545;20,7623;-180,4239;89,6707;0,7532;-90,0000;110,7623;356,238;-7,503;291,922;196,920;24,1826;16,1511;-1,3503;-14,8007;-0,0000;24,1826;-180,0000;-120,2184;10,0510;110,1674;0,0000;-180,0000;61;0
28,6641;20,9861;-180,2744;89,6582;0,6162;-90,0000;110,9861;355,396;-6,445;293,042;182,972;22,4553;14,9974;-1,2539;-13,7435;-0,0000;22,4553;-180,0000;-120,2184;10,0510;110,1674;0,0000;-180,0000;61;0
28,6737;21,1933;-180,1360;89,6466;0,4894;-90,0000;111,1933;354,611;-5,473;294,077;169,102;20,7279;13,8438;-1,1574;-12,6863;-0,0000;20,7279;-180,0000;-120,2184;10,0510;110,1674;0,0000;-180,0000;61;0
28,6833;21,3839;-180,0087;89,6360;0,3728;-90,0000;111,3839;353,885;-4,583;295,027;155,304;19,0006;12,6901;-1,0610;-11,6292;-0,0000;19,0006;-180,0000;-120,2184;10,0510;110,1674;0,0000;-180,0000;61;0
28,6929;21,5580;-179,8925;89,6262;0,2662;-90,0000;111,5580;353,218;-3,777;295,893;141,574;17,2733;11,5365;-0,9645;-10,5720;-0,0000;17,2733;-180,0000;-120,2184;10,0510;110,1674;0,0000;-180,0000;61;0
28,7024;21,7155;-179,7873;89,6174;0,1699;-90,0000;111,7155;352,612;-3,051;296,676;127,905;15,5460;10,3828;-0,8681;-9,5148;-0,0000;15,5460;-180,0000;-120,2184;10,0510;110,1674;0,0000;-180,0000;61;0
28,7120;21,8564;-179,6932;89,6096;0,0836;-90,0000;111,8564;352,068;-2,405;297,375;114,291;13,8186;9,2292;-0,7716;-8,4576;-0,0000;13,8186;-180,0000;-120,2184;10,0510;110,1674;0,0000;-180,0000;61;0
28,7216;21,9807;-179,6102;89,6026;0,0075;-90,0000;111,9807;351,586;-1,837;297,992;100,728;12,0913;8,0755;-0,6752;-7,4004;-0,0000;12,0913;-180,0000;-120,2184;10,0510;110,1674;0,0000;-180,0000;61;0
28,7312;22,0884;-179,5382;89,5966;-0,0584;-90,0000;112,0884;351,167;-1,347;298,525;87,208;10,3640;6,9219;-0,5787;-6,3432;-0,0000;10,3640;-180,0000;-120,2184;10,0510;110,1674;0,0000;-180,0000;61;0
28,7408;22,1796;-179,4773;89,5915;-0,1142;-90,0000;112,1796;350,811;-0,934;298,976;73,727;8,6366;5,7682;-0,4823;-5,2860;-0,0000;8,6366;-180,0000;-120,2184;10,0510;110,1674;0,0000;-180,0000;61;0
28,7504;22,2542;-179,4275;89,5874;-0,1599;-90,0000;112,2542;350,520;-0,597;299,345;60,278;6,9093;4,6146;-0,3858;-4,2288;-0,0000;6,9093;-180,0000;-120,2184;10,0510;110,1674;0,0000;-180,0000;61;0
28,7600;22,3122;-179,3887;89,5841;-0,1954;-90,0000;112,3122;350,293;-0,335;299,632;46,855;5,1820;3,4609;-0,2894;-3,1716;-0,0000;5,1820;-180,0000;-120,2184;10,0510;110,1674;0,0000;-180,0000;61;0
28,7696;22,3536;-179,3611;89,5818;-0,2207;-90,0000;112,3536;350,130;-0,149;299,836;33,453;3,4547;2,3073;-0,1929;-2,1144;-0,0000;3,4547;-180,0000;-120,2184;10,0510;110,1674;0,0000;-180,0000;61;0
28,7792;22,3785;-179,3445;89,5804;-0,2360;-90,0000;112,3785;350,033;-0,037;299,959;20,066;1,7273;1,1536;-0,0965;-1,0572;-0,0000;1,7273;-135,0000;-90,1638;7,5383;82,6255;0,0000;-135,0000;61;0
28,7888;22,3868;-179,3389;89,5800;-0,2410;-90,0000;112,3868;350,000;0,000;300,000;6,688;0,8637;0,5768;-0,0482;-0,5286;-0,0000;0,8637;-90,0000;-60,1092;5,0255;55,0837;0,0000;-90,0000;61;0
