ido_s;J1_fok;J2_fok;J3_fok;J4_fok;J5_fok;J6_fok;TCP_X_mm;TCP_Y_mm;TCP_Z_mm;TCP_sebesseg_mm_s;v_J1_fok_s;v_J2_fok_s;v_J3_fok_s;v_J4_fok_s;v_J5_fok_s;v_J6_fok_s;a_J1_fok_s2;a_J2_fok_s2;a_J3_fok_s2;a_J4_fok_s2;a_J5_fok_s2;a_J6_fok_s2;mozgas_id;hibakod
0,0000;22,3868;-179,3389;89,5800;-0,2410;-90,0000;112,3868;350,000;0,000;300,000;0,000;-0,1368;-0,0896;0,0608;0,0288;0,0003;-0,1366;-53,4364;-34,9463;23,6880;11,2481;-0,0640;-53,4757;6;0
0,0026;22,3864;-179,3392;89,5801;-0,2410;-90,0000;112,3864;350,000;-0,002;299,998;1,026;-0,2738;-0,1791;0,1215;0,0577;0,0002;-0,2737;-80,1444;-52,4181;35,5320;16,8759;-0,0640;-80,1838;6;0
0,0051;22,3854;-179,3398;89,5806;-0,2407;-90,0000;112,3854;350,002;-0,008;299,993;3,076;-0,5477;-0,3583;0,2429;0,1153;0,0000;-0,5477;-106,8422;-69,8885;47,3743;22,5091;-0,0320;-106,8618;6;0
0,0077;22,3836;-179,3410;89,5814;-0,2404;-90,0000;112,3836;350,004;-0,017;299,985;5,126;-0,8215;-0,5374;0,3643;0,1731;0,0000;-0,8215;-106,8309;-69,8869;47,3662;22,5208;0,0010;-106,8294;6;0
0,0103;22,3812;-179,3426;89,5824;-0,2398;-90,0000;112,3812;350,008;-0,031;299,973;7,177;-1,0953;-0,7165;0,4857;0,2308;0,0000;-1,0953;-106,8296;-69,8864;47,3489;22,5375;-0,0000;-106,8297;6;0
0,0128;22,3780;-179,3447;89,5838;-0,2392;-90,0000;112,3780;350,012;-0,049;299,957;9,227;-1,3691;-0,8957;0,6071;0,2886;-0,0000;-1,3691;-106,8281;-69,8857;47,3253;22,5602;-0,0019;-106,8312;6;0
0,0154;22,3742;-179,3472;89,5856;-0,2384;-90,0000;112,3742;350,017;-0,070;299,939;11,278;-1,6430;-1,0748;0,7283;0,3465;-0,0000;-1,6430;-106,8249;-69,8847;47,2977;22,5872;0,0001;-106,8248;6;0
0,0179;22,3696;-179,3502;89,5876;-0,2374;-90,0000;112,3696;350,024;-0,095;299,917;13,329;-1,9168;-1,2539;0,8495;0,4044;0,0000;-1,9168;-106,8216;-69,8837;47,2649;22,6189;0,0010;-106,8200;6;0
0,0205;22,3643;-179,3536;89,5899;-0,2363;-90,0000;112,3643;350,031;-0,124;299,891;15,379;-2,1906;-1,4330;0,9706;0,4624;-0,0000;-2,1906;-106,8184;-69,8826;47,2268;22,6554;-0,0001;-106,8186;6;0
0,0231;22,3584;-179,3575;89,5926;-0,2350;-90,0000;112,3584;350,039;-0,157;299,862;17,430;-2,4644;-1,6122;1,0916;0,5205;-0,0000;-2,4644;-106,8143;-69,8811;47,1838;22,6974;0,0001;-106,8142;6;0
0,0256;22,3517;-179,3619;89,5955;-0,2336;-90,0000;112,3517;350,049;-0,194;299,830;19,480;-2,7381;-1,7913;1,2125;0,5788;0,0000;-2,7381;-106,8099;-69,8795;47,1357;22,7441;0,0000;-106,8098;6;0
0,0282;22,3443;-179,3667;89,5988;-0,2321;-90,0000;112,3443;350,059;-0,235;299,794;21,531;-3,0119;-1,9704;1,3333;0,6371;-0,0000;-3,0119;-106,8050;-69,8779;47,0825;22,7952;-0,0002;-106,8054;6;0
0,0308;22,3363;-179,3720;89,6023;-0,2304;-90,0000;112,3363;350,070;-0,280;299,755;23,581;-3,2857;-2,1495;1,4539;0,6956;-0,0000;-3,2857;-106,7994;-69,8759;47,0243;22,8518;0,0001;-106,7991;6;0
0,0333;22,3275;-179,3777;89,6062;-0,2285;-90,0000;112,3275;350,082;-0,328;299,713;25,632;-3,5594;-2,3286;1,5743;0,7543;0,0000;-3,5594;-106,7935;-69,8739;46,9610;22,9130;0,0001;-106,7933;6;0
0,0359;22,3180;-179,3839;89,6104;-0,2265;-90,0000;112,3180;350,095;-0,381;299,667;27,682;-3,8331;-2,5077;1,6946;0,8131;-0,0000;-3,8331;-106,7871;-69,8717;46,8926;22,9789;-0,0002;-106,7877;6;0
0,0384;22,3078;-179,3906;89,6149;-0,2243;-90,0000;112,3078;350,109;-0,437;299,617;29,733;-4,1068;-2,6868;1,8147;0,8721;-0,0000;-4,1068;-106,7800;-69,8692;46,8192;23,0503;0,0001;-106,7795;6;0
0,0410;22,2970;-179,3977;89,6197;-0,2220;-90,0000;112,2970;350,124;-0,498;299,565;31,783;-4,3805;-2,8659;1,9346;0,9312;0,0000;-4,3805;-106,7725;-69,8667;46,7408;23,1261;0,0001;-106,7722;6;0
0,0436;22,2854;-179,4053;89,6248;-0,2196;-90,0000;112,2854;350,140;-0,562;299,509;33,834;-4,6542;-3,0449;2,0543;0,9906;-0,0000;-4,6542;-106,7646;-69,8641;46,6572;23,2065;-0,0002;-106,7658;6;0
0,0461;22,2731;-179,4133;89,6302;-0,2169;-90,0000;112,2731;350,157;-0,630;299,449;35,885;-4,9278;-3,2240;2,1738;1,0502;-0,0000;-4,9278;-106,7563;-69,8609;46,5686;23,2930;-0,0009;-106,7555;6;0
0,0487;22,2601;-179,4218;89,6360;-0,2142;-90,0000;112,2601;350,175;-0,702;299,386;37,935;-5,2014;-3,4031;2,2931;1,1100;-0,0000;-5,2014;-106,7469;-69,8579;46,4750;23,3831;0,0001;-106,7464;6;0
0,0513;22,2464;-179,4308;89,6420;-0,2112;-90,0000;112,2464;350,194;-0,777;299,320;39,986;-5,4750;-3,5821;2,4121;1,1701;0,0000;-5,4750;-106,7368;-69,8550;46,3765;23,4773;0,0018;-106,7383;6;0
0,0538;22,2320;-179,4402;89,6483;-0,2082;-90,0000;112,2320;350,214;-0,857;299,250;42,036;-5,7486;-3,7612;2,5308;1,2304;0,0000;-5,7486;-106,7271;-69,8513;46,2726;23,5787;-0,0000;-106,7271;6;0
0,0564;22,2170;-179,4500;89,6550;-0,2049;-90,0000;112,2170;350,235;-0,941;299,177;44,087;-6,0222;-3,9402;2,6493;1,2909;0,0000;-6,0222;-106,7167;-69,8475;46,1637;23,6844;-0,0009;-106,7159;6;0
0,0590;22,2012;-179,4604;89,6619;-0,2016;-90,0000;112,2012;350,257;-1,028;299,100;46,137;-6,2957;-4,1192;2,7675;1,3518;0,0000;-6,2957;-106,7049;-69,8438;46,0500;23,7938;0,0005;-106,7040;6;0
0,0615;22,1847;-179,4712;89,6692;-0,1980;-90,0000;112,1847;350,280;-1,120;299,020;48,188;-6,5692;-4,2983;2,8853;1,4129;0,0000;-6,5692;-106,6932;-69,8398;45,9310;23,9087;-0,0000;-106,6932;6;0
0,0641;22,1675;-179,4824;89,6767;-0,1943;-90,0000;112,1675;350,304;-1,215;298,937;50,238;-6,8426;-4,4773;3,0029;1,4744;-0,0000;-6,8426;-106,6810;-69,8355;45,8070;24,0285;-0,0011;-106,6829;6;0
0,0666;22,1496;-179,4941;89,6846;-0,1905;-90,0000;112,1496;350,328;-1,314;298,850;52,289;-7,1161;-4,6563;3,1202;1,5361;-0,0000;-7,1161;-106,6676;-69,8252;45,6785;24,1719;-0,0003;-106,6649;6;0
0,0692;22,1310;-179,5063;89,6927;-0,1864;-90,0000;112,1310;350,354;-1,417;298,760;54,339;-7,3894;-4,8352;3,2371;1,5983;-0,0000;-7,3894;-106,6536;-69,8265;45,5441;24,2824;0,0005;-106,6527;6;0
0,0718;22,1117;-179,5189;89,7012;-0,1823;-90,0000;112,1117;350,381;-1,524;298,667;56,390;-7,6628;-5,0142;3,3536;1,6606;-0,0000;-7,6628;-106,6407;-69,8336;45,4037;24,3793;-0,0042;-106,6468;6;0
0,0743;22,0917;-179,5320;89,7099;-0,1779;-90,0000;112,0917;350,409;-1,635;298,570;58,441;-7,9361;-5,1932;3,4698;1,7232;-0,0000;-7,9361;-106,6244;-69,8167;45,2609;24,5558;0,0000;-106,6244;6;0
0,0769;22,0710;-179,5455;89,7189;-0,1734;-90,0000;112,0710;350,437;-1,749;298,469;60,491;-8,2094;-5,3721;3,5857;1,7865;0,0000;-8,2094;-106,6059;-69,8051;45,1131;24,7190;0,0094;-106,6018;6;0
0,0795;22,0497;-179,5595;89,7283;-0,1688;-90,0000;112,0497;350,467;-1,868;298,366;62,542;-8,4826;-5,5511;3,7011;1,8500;0,0000;-8,4826;-106,5924;-69,8060;44,9575;24,8485;-0,0000;-106,5924;6;0
0,0820;22,0276;-179,5740;89,7379;-0,1639;-90,0000;112,0276;350,498;-1,990;298,259;64,592;-8,7558;-5,7300;3,8161;1,9138;0,0000;-8,7558;-106,5769;-69,8012;44,7977;24,9999;-0,0048;-106,5776;6;0
0,0846;22,0048;-179,5889;89,7478;-0,1590;-90,0000;112,0048;350,529;-2,117;298,148;66,643;-9,0290;-5,9089;3,9307;1,9781;0,0000;-9,0290;-106,5548;-69,7941;44,6350;25,1605;0,0094;-106,5574;6;0
0,0871;21,9813;-179,6043;89,7581;-0,1538;-90,0000;111,9813;350,562;-2,247;298,034;68,693;-9,3021;-6,0878;4,0449;2,0428;0,0000;-9,3021;-106,5393;-69,7879;44,4647;25,3250;-0,0000;-106,5393;6;0
0,0897;21,9571;-179,6201;89,7686;-0,1485;-90,0000;111,9571;350,595;-2,381;297,917;70,744;-9,5751;-6,2666;4,1587;2,1079;-0,0000;-9,5751;-106,5261;-69,7817;44,2884;25,4948;-0,0195;-106,5190;6;0
0,0923;21,9322;-179,6364;89,7794;-0,1430;-90,0000;111,9322;350,630;-2,519;297,796;72,794;-9,8482;-6,4455;4,2720;2,1735;-0,0001;-9,8481;-106,5003;-69,7755;44,1110;25,6644;0,0000;-106,5003;6;0
0,0948;21,9066;-179,6531;89,7905;-0,1373;-90,0000;111,9066;350,665;-2,661;297,672;74,845;-10,1211;-6,6243;4,3848;2,2395;-0,0000;-10,1211;-106,4767;-69,7705;43,9275;25,8353;0,0095;-106,4839;6;0
0,0974;21,8803;-179,6703;89,8019;-0,1315;-90,0000;111,8803;350,702;-2,807;297,544;76,895;-10,3940;-6,8032;4,4972;2,3060;-0,0000;-10,3940;-106,4582;-69,7616;43,7372;26,0244;0,0000;-106,4582;6;0
0,1000;21,8533;-179,6880;89,8135;-0,1255;-90,0000;111,8533;350,739;-2,956;297,413;78,946;-10,6668;-6,9820;4,6090;2,3729;0,0000;-10,6668;-106,4354;-69,7531;43,5430;26,2153;0,0018;-106,4323;6;0
0,1025;21,8256;-179,7061;89,8255;-0,1194;-90,0000;111,8256;350,777;-3,110;297,279;80,996;-10,9396;-7,1607;4,7204;2,4404;0,0000;-10,9396;-106,4129;-69,7468;43,3433;26,4035;-0,0000;-106,4129;6;0
0,1051;21,7972;-179,7247;89,8377;-0,1130;-90,0000;111,7972;350,817;-3,267;297,141;83,047;-11,2123;-7,3395;4,8312;2,5083;0,0000;-11,2123;-106,3894;-69,7392;43,1387;26,5997;-0,0011;-106,3901;6;0
0,1077;21,7681;-179,7438;89,8503;-0,1065;-90,0000;111,7681;350,857;-3,429;297,000;85,098;-11,4850;-7,5182;4,9415;2,5767;0,0000;-11,4850;-106,3624;-69,7307;42,9300;26,8019;0,0066;-106,3638;6;0
0,1102;21,7384;-179,7633;89,8631;-0,0998;-90,0000;111,7384;350,898;-3,594;296,855;87,148;-11,7576;-7,6970;5,0513;2,6457;0,0000;-11,7576;-106,3389;-69,7225;42,7148;27,0081;-0,0001;-106,3388;6;0
0,1128;21,7079;-179,7832;89,8761;-0,0929;-90,0000;111,7079;350,941;-3,763;296,707;89,199;-12,0301;-7,8757;5,1605;2,7152;-0,0000;-12,0301;-106,3168;-69,7135;42,4938;27,2221;-0,0142;-106,3116;6;0
0,1153;21,6767;-179,8036;89,8895;-0,0859;-90,0000;111,6767;350,984;-3,936;296,556;91,249;-12,3026;-8,0543;5,2691;2,7852;-0,0000;-12,3026;-106,2851;-69,7052;42,2707;27,4345;0,0000;-106,2851;6;0
0,1179;21,6448;-179,8245;89,9032;-0,0787;-90,0000;111,6448;351,028;-4,113;296,401;93,300;-12,5750;-8,2330;5,3772;2,8558;-0,0000;-12,5750;-106,2551;-69,6982;42,0416;27,6474;0,0057;-106,2627;6;0
0,1205;21,6122;-179,8458;89,9171;-0,0712;-90,0000;111,6122;351,073;-4,293;296,243;95,350;-12,8473;-8,4116;5,4847;2,9270;-0,0000;-12,8473;-106,2276;-69,6866;41,8066;27,8800;0,0000;-106,2276;6;0
0,1230;21,5789;-179,8676;89,9313;-0,0636;-90,0000;111,5789;351,120;-4,478;296,082;97,401;-13,1196;-8,5902;5,5915;2,9987;0,0000;-13,1196;-106,1962;-69,6746;41,5676;28,1163;0,0040;-106,1905;6;0
0,1256;21,5450;-179,8899;89,9457;-0,0559;-90,0000;111,5450;351,167;-4,667;295,917;99,451;-13,3917;-8,7688;5,6977;3,0711;0,0000;-13,3917;-106,1664;-69,6668;41,3225;28,3443;-0,0000;-106,1664;6;0
0,1282;21,5103;-179,9126;89,9605;-0,0479;-90,0000;111,5103;351,215;-4,859;295,748;101,502;-13,6638;-8,9474;5,8033;3,1440;0,0000;-13,6638;-106,1347;-69,6581;41,0726;28,5783;-0,0016;-106,1380;6;0
0,1307;21,4749;-179,9357;89,9755;-0,0398;-90,0000;111,4749;351,264;-5,055;295,577;103,552;-13,9358;-9,1259;5,9083;3,2176;0,0000;-13,9358;-106,1011;-69,6457;40,8184;28,8274;-0,0000;-106,1011;6;0
0,1333;21,4389;-179,9594;89,9908;-0,0314;-90,0000;111,4389;351,314;-5,256;295,401;105,603;-14,2077;-9,3044;6,0126;3,2918;0,0000;-14,2077;-106,0670;-69,6340;40,5588;29,0785;-0,0005;-106,0648;6;0
0,1358;21,4021;-179,9834;90,0063;-0,0229;-90,0000;111,4021;351,365;-5,460;295,223;107,654;-14,4795;-9,4829;6,1162;3,3667;0,0000;-14,4795;-106,0320;-69,6169;40,2947;29,3500;-0,0012;-106,0319;6;0
0,1384;21,3646;-180,0080;90,0221;-0,0142;-90,0000;111,3646;351,417;-5,668;295,041;109,704;-14,7513;-9,6613;6,2192;3,4423;-0,0000;-14,7513;-105,9952;-69,6117;40,0246;29,5871;-0,0000;-105,9961;6;0
0,1410;21,3265;-180,0330;90,0382;-0,0052;-90,0000;111,3265;351,470;-5,879;294,855;111,754;-15,0229;-9,8397;6,3214;3,5183;0,0000;-15,0229;-105,9536;-69,6126;39,7506;29,8072;0,0137;-105,9712;6;0
0,1435;21,2876;-180,0584;90,0545;0,0039;-90,0000;111,2876;351,524;-6,095;294,667;113,805;-15,2944;-10,0181;6,4229;3,5951;0,0001;-15,2945;-105,9192;-69,5875;39,4709;30,1165;-0,0000;-105,9191;6;0
0,1461;21,2481;-180,0843;90,0711;0,0132;-90,0000;111,2481;351,579;-6,315;294,474;115,856;-15,5659;-10,1965;6,5237;3,6727;-0,0000;-15,5659;-105,8866;-69,5684;39,1843;30,4107;-0,0237;-105,8515;6;0
0,1487;21,2078;-180,1107;90,0880;0,0227;-90,0000;111,2078;351,635;-6,538;294,279;117,906;-15,8372;-10,3748;6,6238;3,7510;-0,0001;-15,8372;-105,8384;-69,5615;38,8967;30,6649;0,0000;-105,8384;6;0
0,1512;21,1669;-180,1375;90,1051;0,0324;-90,0000;111,1669;351,691;-6,766;294,080;119,957;-16,1085;-10,5531;6,7231;3,8299;-0,0000;-16,1085;-105,7935;-69,5485;38,6032;30,9433;0,0090;-105,8068;6;0
0,1538;21,1252;-180,1648;90,1224;0,0423;-90,0000;111,1252;351,749;-6,997;293,878;122,007;-16,3796;-10,7313;6,8217;3,9096;-0,0000;-16,3796;-105,7529;-69,5342;38,3029;31,2312;0,0000;-105,7529;6;0
0,1564;21,0829;-180,1925;90,1401;0,0525;-90,0000;111,0829;351,808;-7,232;293,672;124,058;-16,6506;-10,9095;6,9195;3,9900;0,0000;-16,6506;-105,7053;-69,5197;37,9995;31,5210;0,0095;-105,7094;6;0
0,1589;21,0399;-180,2207;90,1579;0,0628;-90,0000;111,0399;351,868;-7,471;293,463;126,108;-16,9215;-11,0877;7,0165;4,0712;0,0000;-16,9215;-105,6623;-69,5052;37,6892;31,8161;0,0000;-105,6623;6;0
0,1615;20,9962;-180,2494;90,1760;0,0733;-90,0000;110,9962;351,929;-7,714;293,250;128,159;-17,1922;-11,2658;7,1127;4,1531;0,0000;-17,1922;-105,6188;-69,4887;37,3737;32,1211;-0,0122;-105,6231;6;0
0,1640;20,9517;-180,2785;90,1944;0,0841;-90,0000;110,9517;351,990;-7,961;293,034;130,209;-17,4629;-11,4439;7,2081;4,2358;-0,0000;-17,4629;-105,5664;-69,4747;37,0556;32,4190;-0,0000;-105,5664;6;0
0,1666;20,9066;-180,3080;90,2130;0,0951;-90,0000;110,9066;352,053;-8,212;292,815;132,260;-17,7334;-11,6220;7,3027;4,3193;-0,0000;-17,7334;-105,5124;-69,4615;36,7325;32,7169;0,0133;-105,5014;6;0
0,1692;20,8608;-180,3380;90,2318;0,1062;-90,0000;110,8608;352,117;-8,466;292,592;134,311;-18,0038;-11,8000;7,3964;4,4036;0,0000;-18,0038;-105,4651;-69,4422;36,4021;33,0402;0,0001;-105,4652;6;0
0,1717;20,8143;-180,3685;90,2509;0,1176;-90,0000;110,8143;352,181;-8,725;292,366;136,361;-18,2741;-11,9780;7,4893;4,4887;0,0000;-18,2741;-105,4175;-69,4218;36,0666;33,3707;-0,0167;-105,4311;6;0
0,1743;20,7672;-180,3994;90,2702;0,1292;-90,0000;110,7672;352,247;-8,987;292,136;138,411;-18,5442;-12,1559;7,5813;4,5746;-0,0000;-18,5442;-105,3582;-69,4082;35,7290;33,6790;-0,0001;-105,3581;6;0
0,1769;20,7193;-180,4308;90,2898;0,1411;-90,0000;110,7193;352,313;-9,254;291,903;140,462;-18,8142;-12,3338;7,6724;4,6613;-0,0000;-18,8142;-105,2943;-69,3965;35,3871;33,9827;0,0271;-105,2775;6;0
0,1794;20,6707;-180,4627;90,3095;0,1531;-90,0000;110,6707;352,381;-9,524;291,667;142,513;-19,0840;-12,5116;7,7627;4,7488;0,0001;-19,0839;-105,2453;-69,3718;35,0358;34,3364;0,0003;-105,2456;6;0
0,1820;20,6215;-180,4950;90,3295;0,1654;-90,0000;110,6215;352,449;-9,798;291,427;144,564;-19,3537;-12,6894;7,8520;4,8374;0,0000;-19,3537;-105,1981;-69,3443;34,6789;34,7033;-0,0374;-105,2180;6;0
0,1845;20,5715;-180,5277;90,3498;0,1779;-90,0000;110,5715;352,519;-10,076;291,184;146,613;-19,6233;-12,8671;7,9405;4,9267;-0,0001;-19,6233;-105,1265;-69,3342;34,3234;35,0102;-0,0005;-105,1259;6;0
0,1871;20,5209;-180,5609;90,3703;0,1907;-90,0000;110,5209;352,589;-10,358;290,937;148,664;-19,8926;-13,0448;8,0280;5,0168;-0,0000;-19,8926;-105,0588;-69,3185;33,9609;35,3386;0,0187;-105,0489;6;0
0,1897;20,4695;-180,5946;90,3909;0,2037;-90,0000;110,4695;352,661;-10,643;290,687;150,715;-20,1618;-13,2225;8,1146;5,1079;-0,0000;-20,1618;-105,0011;-69,2934;33,5905;35,7034;0,0001;-105,0015;6;0
0,1922;20,4175;-180,6287;90,4119;0,2169;-90,0000;110,4175;352,733;-10,933;290,434;152,765;-20,4309;-13,4001;8,2002;5,1999;-0,0000;-20,4309;-104,9366;-69,2751;33,2165;36,0482;-0,0019;-104,9411;6;0
0,1948;20,3648;-180,6633;90,4330;0,2303;-90,0000;110,3648;352,807;-11,226;290,177;154,816;-20,6998;-13,5776;8,2848;5,2927;-0,0000;-20,6998;-104,8692;-69,2512;32,8383;36,4128;0,0000;-104,8691;6;0
0,1974;20,3114;-180,6983;90,4543;0,2440;-90,0000;110,3114;352,881;-11,524;289,917;156,867;-20,9685;-13,7551;8,3685;5,3865;-0,0000;-20,9685;-104,7996;-69,2242;32,4558;36,7893;0,0038;-104,7905;6;0
0,1999;20,2573;-180,7338;90,4759;0,2579;-90,0000;110,2573;352,956;-11,825;289,653;158,917;-21,2370;-13,9325;8,4512;5,4813;0,0000;-21,2370;-104,7305;-69,2065;32,0665;37,1399;0,0001;-104,7305;6;0
0,2025;20,2025;-180,7697;90,4976;0,2721;-90,0000;110,2025;353,033;-12,130;289,386;160,968;-21,5054;-14,1098;8,5329;5,5769;0,0000;-21,5054;-104,6563;-69,1818;31,6740;37,5138;0,0072;-104,6562;6;0
0,2051;20,1470;-180,8061;90,5196;0,2865;-90,0000;110,1470;353,110;-12,439;289,116;163,018;-21,7735;-14,2871;8,6136;5,6736;0,0000;-21,7735;-104,5848;-69,1592;31,2747;37,8845;-0,0002;-104,5847;6;0
0,2076;20,0909;-180,8430;90,5418;0,3012;-90,0000;110,0909;353,188;-12,752;288,842;165,069;-22,0415;-14,4644;8,6932;5,7711;-0,0000;-22,0415;-104,5147;-69,1424;30,8690;38,2404;-0,0182;-104,5239;6;0
0,2102;20,0341;-180,8803;90,5642;0,3161;-90,0000;110,0341;353,267;-13,069;288,565;167,119;-22,3093;-14,6416;8,7718;5,8696;-0,0000;-22,3093;-104,4315;-69,1096;30,4639;38,6456;0,0003;-104,4318;6;0
0,2127;19,9765;-180,9180;90,5868;0,3313;-90,0000;109,9765;353,347;-13,390;288,284;169,170;-22,5769;-14,8187;8,8494;5,9692;0,0000;-22,5769;-104,3495;-69,0798;30,0520;39,0443;0,0091;-104,3449;6;0
0,2153;19,9183;-180,9563;90,6096;0,3467;-90,0000;109,9183;353,429;-13,714;288,000;171,220;-22,8442;-14,9957;8,9259;6,0698;-0,0000;-22,8442;-104,2711;-69,0571;29,6327;39,4244;-0,0002;-104,2709;6;0
0,2179;19,8594;-180,9949;90,6325;0,3624;-90,0000;109,8594;353,511;-14,043;287,713;173,271;-23,1114;-15,1727;9,0013;6,1713;-0,0000;-23,1114;-104,1810;-69,0346;29,2118;39,8025;0,0223;-104,1727;6;0
0,2204;19,7998;-181,0340;90,6557;0,3783;-90,0000;109,7998;353,594;-14,375;287,422;175,321;-23,3783;-15,3496;9,0757;6,2738;0,0001;-23,3783;-104,1024;-69,0016;28,7821;40,2200;0,0004;-104,1029;6;0
0,2230;19,7396;-181,0736;90,6791;0,3945;-90,0000;109,7396;353,678;-14,711;287,128;177,372;-23,6451;-15,5264;9,1489;6,3775;0,0000;-23,6451;-104,0289;-68,9638;28,3462;40,6581;-0,0447;-104,0455;6;0
0,2256;19,6786;-181,1136;90,7026;0,4110;-90,0000;109,6786;353,763;-15,052;286,830;179,422;-23,9116;-15,7031;9,2210;6,4823;-0,0001;-23,9116;-103,9261;-68,9445;27,9130;41,0302;-0,0005;-103,9248;6;0
0,2281;19,6170;-181,1541;90,7263;0,4278;-90,0000;109,6170;353,849;-15,396;286,529;181,473;-24,1778;-15,8798;9,2920;6,5879;-0,0000;-24,1778;-103,8279;-68,9183;27,4719;41,4262;0,0223;-103,8196;6;0
0,2307;19,5547;-181,1950;90,7502;0,4448;-90,0000;109,5547;353,936;-15,743;286,224;183,524;-24,4438;-16,0564;9,3618;6,6946;-0,0000;-24,4438;-103,7412;-68,8821;27,0226;41,8609;-0,0001;-103,7427;6;0
0,2332;19,4917;-181,2364;90,7743;0,4621;-90,0000;109,4917;354,024;-16,095;285,917;185,574;-24,7096;-16,2329;9,4305;6,8025;-0,0000;-24,7096;-103,6455;-68,8508;26,5708;42,2800;0,0000;-103,6455;6;0
0,2358;19,4280;-181,2782;90,7986;0,4797;-90,0000;109,4280;354,113;-16,451;285,605;187,625;-24,9752;-16,4094;9,4980;6,9114;-0,0000;-24,9752;-103,5477;-68,8184;26,1138;42,7036;0,0001;-103,5467;6;0
0,2384;19,3637;-181,3205;90,8230;0,4975;-90,0000;109,3637;354,203;-16,811;285,291;189,675;-25,2405;-16,5857;9,5644;7,0214;-0,0000;-25,2405;-103,4477;-68,7848;25,6520;43,1327;-0,0000;-103,4477;6;0
0,2409;19,2986;-181,3633;90,8476;0,5157;-90,0000;109,2986;354,293;-17,174;284,973;191,726;-25,5055;-16,7620;9,6295;7,1325;-0,0000;-25,5055;-103,3454;-68,7503;25,1853;43,5655;-0,0001;-103,3459;6;0
0,2435;19,2329;-181,4065;90,8724;0,5341;-90,0000;109,2329;354,385;-17,541;284,651;193,776;-25,7702;-16,9382;9,6935;7,2447;-0,0000;-25,7702;-103,2408;-68,7153;24,7138;44,0015;0,0000;-103,2408;6;0
0,2461;19,1665;-181,4501;90,8973;0,5528;-90,0000;109,1665;354,478;-17,913;284,327;195,827;-26,0347;-17,1142;9,7562;7,3580;0,0000;-26,0347;-103,1339;-68,6792;24,2374;44,4417;0,0002;-103,1337;6;0
0,2486;19,0994;-181,4942;90,9224;0,5718;-90,0000;109,0994;354,572;-18,288;283,998;197,877;-26,2989;-17,2902;9,8177;7,4725;-0,0000;-26,2989;-103,0339;-68,6401;23,7532;44,8956;-0,0304;-103,0275;6;0
0,2512;19,0317;-181,5387;90,9476;0,5911;-90,0000;109,0317;354,667;-18,667;283,667;199,928;-26,5629;-17,4661;9,8780;7,5882;-0,0002;-26,5629;-102,9131;-68,6038;23,2696;45,3347;0,0002;-102,9135;6;0
0,2538;18,9633;-181,5837;90,9730;0,6107;-90,0000;108,9633;354,762;-19,050;283,332;201,978;-26,8265;-17,6419;9,9370;7,7049;0,0000;-26,8265;-102,7806;-68,5694;22,7848;45,7673;0,0609;-102,7935;6;0
0,2563;18,8942;-181,6292;90,9986;0,6306;-90,0000;108,8942;354,859;-19,436;282,993;204,030;-27,0898;-17,8176;9,9948;7,8228;0,0002;-27,0898;-102,6824;-68,5263;22,2841;46,2410;0,0003;-102,6815;6;0
0,2589;18,8244;-181,6751;91,0243;0,6508;-90,0000;108,8244;354,957;-19,827;282,651;206,080;-27,3529;-17,9932;10,0512;7,9420;0,0000;-27,3529;-102,5728;-68,4825;21,7796;46,7115;-0,0304;-102,5664;6;0
0,2614;18,7540;-181,7214;91,0501;0,6713;-90,0000;108,7540;355,055;-20,222;282,306;208,130;-27,6156;-18,1687;10,1064;8,0623;-0,0000;-27,6156;-102,4424;-68,4420;21,2765;47,1667;-0,0011;-102,4434;6;0
0,2640;18,6828;-181,7682;91,0761;0,6921;-90,0000;108,6828;355,155;-20,620;281,957;210,181;-27,8781;-18,3441;10,1603;8,1838;-0,0000;-27,8781;-102,3180;-68,3996;20,7667;47,6329;0,0000;-102,3180;6;0
0,2666;18,6110;-181,8155;91,1022;0,7133;-90,0000;108,6110;355,256;-21,022;281,605;212,231;-28,1402;-18,5193;10,2129;8,3065;0,0000;-28,1402;-102,1912;-68,3558;20,2515;48,1033;0,0008;-102,1904;6;0
0,2691;18,5386;-181,8632;91,1284;0,7347;-90,0000;108,5386;355,357;-21,429;281,250;214,282;-28,4019;-18,6945;10,2641;8,4304;0,0000;-28,4019;-102,0622;-68,3104;19,7315;48,5789;-0,0000;-102,0622;6;0
0,2717;18,4654;-181,9113;91,1548;0,7565;-90,0000;108,4654;355,460;-21,839;280,891;216,332;-28,6634;-18,8695;10,3140;8,5555;-0,0000;-28,6634;-101,9305;-68,2640;19,2066;49,0580;-0,0007;-101,9309;6;0
0,2743;18,3916;-181,9599;91,1813;0,7786;-90,0000;108,3916;355,563;-22,253;280,529;218,383;-28,9245;-19,0444;10,3626;8,6819;-0,0000;-28,9245;-101,7956;-68,2167;18,6770;49,5397;0,0000;-101,7956;6;0
0,2768;18,3172;-182,0089;91,2079;0,8010;-90,0000;108,3172;355,668;-22,671;280,163;220,433;-29,1852;-19,2192;10,4098;8,8095;0,0000;-29,1852;-101,6568;-68,1708;18,1427;50,0163;0,0050;-101,6527;6;0
0,2794;18,2420;-182,0584;91,2347;0,8237;-90,0000;108,2420;355,773;-23,092;279,794;222,484;-29,4456;-19,3939;10,4556;8,9383;0,0000;-29,4456;-101,5182;-68,1182;17,6031;50,5151;0,0001;-101,5183;6;0
0,2819;18,1662;-182,1083;91,2615;0,8468;-90,0000;108,1662;355,879;-23,518;279,422;224,535;-29,7056;-19,5684;10,5000;9,0684;0,0000;-29,7056;-101,3781;-68,0618;17,0589;51,0263;-0,0091;-101,3863;6;0
0,2845;18,0897;-182,1587;91,2885;0,8702;-90,0000;108,0897;355,987;-23,948;279,046;226,585;-29,9653;-19,7428;10,5430;9,1998;-0,0000;-29,9653;-101,2297;-68,0152;16,5104;51,5045;-0,0002;-101,2295;6;0
0,2871;18,0126;-182,2095;91,3156;0,8940;-90,0000;108,0126;356,095;-24,381;278,667;228,636;-30,2246;-19,9171;10,5847;9,3324;-0,0000;-30,2246;-101,0797;-67,9642;15,9566;51,9958;0,0046;-101,0756;6;0
0,2896;17,9348;-182,2608;91,3427;0,9181;-90,0000;107,9348;356,205;-24,818;278,284;230,686;-30,4835;-20,0912;10,6248;9,4664;-0,0000;-30,4835;-100,9296;-67,9065;15,3979;52,5088;-0,0001;-100,9298;6;0
0,2922;17,8563;-182,3125;91,3700;0,9425;-90,0000;107,8563;356,315;-25,259;277,898;232,737;-30,7420;-20,2652;10,6636;9,6016;-0,0000;-30,7420;-100,7752;-67,8504;14,8347;53,0157;0,0000;-100,7752;6;0
0,2948;17,7772;-182,3647;91,3974;0,9673;-90,0000;107,7772;356,426;-25,705;277,508;234,787;-31,0001;-20,4390;10,7009;9,7382;0,0000;-31,0001;-100,6178;-67,7928;14,2666;53,5263;0,0002;-100,6177;6;0
0,2973;17,6974;-182,4173;91,4249;0,9924;-90,0000;107,6974;356,538;-26,154;277,116;236,838;-31,2578;-20,6127;10,7367;9,8760;0,0000;-31,2578;-100,4575;-67,7339;13,6937;54,0403;0,0000;-100,4575;6;0
0,2999;17,6170;-182,4704;91,4525;1,0179;-90,0000;107,6170;356,652;-26,606;276,719;238,888;-31,5150;-20,7863;10,7711;10,0152;0,0000;-31,5150;-100,2941;-67,6736;13,1160;54,5574;0,0000;-100,2941;6;0
0,3025;17,5359;-182,5239;91,4801;1,0438;-90,0000;107,5359;356,766;-27,063;276,320;240,939;-31,7719;-20,9597;10,8040;10,1557;0,0000;-31,7719;-100,1269;-67,6117;12,5338;55,0782;0,0024;-100,1225;6;0
0,3050;17,4541;-182,5778;91,5078;1,0700;-90,0000;107,4541;356,881;-27,524;275,917;242,989;-32,0283;-21,1329;10,8353;10,2975;0,0000;-32,0283;-99,9581;-67,5484;11,9462;55,6023;-0,0001;-99,9581;6;0
0,3076;17,3717;-182,6322;91,5357;1,0966;-90,0000;107,3717;356,997;-27,988;275,510;245,040;-32,2843;-21,3059;10,8652;10,4407;-0,0000;-32,2843;-99,7868;-67,4838;11,3537;56,1296;-0,0048;-99,7956;6;0
0,3101;17,2886;-182,6870;91,5635;1,1235;-90,0000;107,2886;357,114;-28,457;275,100;247,090;-32,5399;-21,4788;10,8935;10,5853;-0,0000;-32,5399;-99,6095;-67,4173;10,7574;56,6599;0,0000;-99,6095;6;0
0,3127;17,2049;-182,7423;91,5915;1,1508;-90,0000;107,2049;357,232;-28,929;274,687;249,141;-32,7950;-21,6515;10,9203;10,7312;0,0000;-32,7950;-99,4298;-67,3494;10,1561;57,1935;0,0024;-99,4254;6;0
0,3153;17,1205;-182,7980;91,6195;1,1785;-90,0000;107,1205;357,351;-29,405;274,270;251,192;-33,0496;-21,8241;10,9456;10,8785;-0,0000;-33,0496;-99,2482;-67,2799;9,5495;57,7304;-0,0001;-99,2482;6;0
0,3178;17,0354;-182,8542;91,6476;1,2066;-90,0000;107,0354;357,471;-29,885;273,850;253,242;-33,3037;-21,9964;10,9693;11,0271;-0,0000;-33,3037;-99,0627;-67,2088;8,9384;58,2703;-0,0000;-99,0627;6;0
0,3204;16,9497;-182,9108;91,6758;1,2351;-90,0000;106,9497;357,592;-30,369;273,427;255,293;-33,5574;-22,1686;10,9914;11,1772;-0,0000;-33,5574;-98,8738;-67,1359;8,3226;58,8134;0,0000;-98,8738;6;0
0,3230;16,8634;-182,9678;91,7040;1,2639;-90,0000;106,8634;357,714;-30,857;273,000;257,343;-33,8106;-22,3406;11,0120;11,3286;0,0000;-33,8106;-98,6817;-67,0614;7,7020;59,3594;0,0000;-98,6817;6;0
0,3255;16,7764;-183,0253;91,7322;1,2931;-90,0000;106,7764;357,837;-31,349;272,570;259,394;-34,0633;-22,5124;11,0309;11,4815;0,0000;-34,0633;-98,4862;-66,9851;7,0766;59,9085;-0,0000;-98,4862;6;0
0,3281;16,6888;-183,0833;91,7605;1,3228;-90,0000;106,6888;357,961;-31,845;272,136;261,444;-34,3155;-22,6840;11,0482;11,6358;-0,0000;-34,3155;-98,2869;-66,9071;6,4466;60,4606;0,0011;-98,2850;6;0
0,3307;16,6005;-183,1416;91,7888;1,3528;-90,0000;106,6005;358,086;-32,344;271,699;263,495;-34,5672;-22,8554;11,0640;11,7914;0,0000;-34,5671;-98,0849;-66,8272;5,8117;61,0156;-0,0000;-98,0849;6;0
0,3332;16,5116;-183,2004;91,8172;1,3832;-90,0000;106,5116;358,212;-32,847;271,258;265,545;-34,8183;-23,0266;11,0780;11,9485;-0,0000;-34,8183;-97,8799;-66,7448;5,1719;61,5760;-0,0026;-97,8834;6;0
0,3358;16,4220;-183,2597;91,8456;1,4140;-90,0000;106,4220;358,339;-33,355;270,815;267,596;-35,0689;-23,1975;11,0905;12,1071;-0,0000;-35,0689;-97,6698;-66,6620;4,5277;62,1342;0,0000;-97,6698;6;0
0,3383;16,3318;-183,3193;91,8741;1,4453;-90,0000;106,3318;358,466;-33,866;270,367;269,646;-35,3190;-23,3683;11,1012;12,2671;0,0000;-35,3190;-97,4557;-66,5780;3,8789;62,6927;0,0044;-97,4562;6;0
0,3409;16,2410;-183,3795;91,9025;1,4769;-90,0000;106,2410;358,595;-34,381;269,917;271,697;-35,5685;-23,5388;11,1104;12,4285;0,0000;-35,5685;-97,2407;-66,4891;3,2249;63,2641;-0,0000;-97,2407;6;0
0,3435;16,1495;-183,4400;91,9310;1,5090;-90,0000;106,1495;358,725;-34,900;269,463;273,748;-35,8175;-23,7092;11,1178;12,5914;-0,0000;-35,8175;-97,0223;-66,3995;2,5659;63,8339;-0,0052;-97,0175;6;0
0,3460;16,0573;-183,5010;91,9595;1,5415;-90,0000;106,0573;358,856;-35,423;269,005;275,798;-36,0659;-23,8792;11,1235;12,7557;-0,0000;-36,0659;-96,7972;-66,3082;1,9032;64,4049;0,0000;-96,7973;6;0
0,3486;15,9646;-183,5624;91,9881;1,5744;-90,0000;105,9646;358,987;-35,949;268,544;277,849;-36,3137;-24,0491;11,1275;12,9215;0,0000;-36,3137;-96,5693;-66,2134;1,2358;64,9830;0,0028;-96,5735;6;0
0,3512;15,8712;-183,6243;92,0166;1,6077;-90,0000;105,8712;359,120;-36,480;268,080;279,899;-36,5609;-24,2187;11,1298;13,0888;0,0000;-36,5609;-96,3393;-66,1190;0,5627;65,5563;-0,0000;-96,3393;6;0
0,3537;15,7772;-183,6866;92,0451;1,6415;-90,0000;105,7772;359,254;-37,015;267,612;281,950;-36,8076;-24,3880;11,1304;13,2576;-0,0000;-36,8076;-96,1052;-66,0219;-0,1149;66,1338;-0,0015;-96,1030;6;0
0,3563;15,6825;-183,7493;92,0736;1,6757;-90,0000;105,6825;359,388;-37,553;267,141;284,000;-37,0536;-24,5571;11,1293;13,4279;-0,0000;-37,0536;-95,8665;-65,9212;-0,7967;66,7179;0,0000;-95,8665;6;0
0,3588;15,5872;-183,8125;92,1022;1,7103;-90,0000;105,5872;359,524;-38,095;266,667;286,051;-37,2990;-24,7260;11,1263;13,5996;-0,0000;-37,2990;-95,6243;-65,8189;-1,4833;67,3029;0,0008;-95,6251;6;0
0,3614;15,4913;-183,8761;92,1307;1,7454;-90,0000;105,4913;359,660;-38,641;266,189;288,101;-37,5438;-24,8945;11,1217;13,7729;-0,0000;-37,5438;-95,3788;-65,7146;-2,1749;67,8894;-0,0000;-95,3788;6;0
0,3640;15,3947;-183,9401;92,1592;1,7809;-90,0000;105,3947;359,798;-39,191;265,707;290,152;-37,7880;-25,0628;11,1152;13,9476;-0,0000;-37,7880;-95,1292;-65,6079;-2,8710;68,4785;0,0002;-95,1288;6;0
0,3665;15,2976;-184,0045;92,1877;1,8169;-90,0000;105,2976;359,936;-39,745;265,223;292,202;-38,0315;-25,2309;11,1069;14,1239;0,0000;-38,0315;-94,8759;-65,4987;-3,5718;69,0704;0,0000;-94,8758;6;0
0,3691;15,1998;-184,0694;92,2161;1,8533;-90,0000;105,1998;360,076;-40,303;264,735;294,253;-38,2743;-25,3986;11,0969;14,3017;0,0000;-38,2743;-94,6187;-65,3871;-4,2773;69,6645;-0,0004;-94,6193;6;0
0,3717;15,1014;-184,1347;92,2445;1,8902;-90,0000;105,1014;360,216;-40,865;264,243;296,303;-38,5165;-25,5661;11,0850;14,4811;-0,0000;-38,5165;-88,0669;-61,0955;-6,7708;67,8662;-0,0000;-88,0669;6;0
0,3742;15,0023;-184,2005;92,2729;1,9275;-90,0000;105,0023;360,358;-41,431;263,748;298,354;-38,7258;-25,7118;11,0622;14,6496;-0,0000;-38,7258;-56,8446;-40,4131;-16,1811;56,5935;0,0004;-56,8443;6;0
0,3768;14,9028;-184,2665;92,3012;1,9653;-90,0000;104,9028;360,500;-41,999;263,251;299,906;-38,8079;-25,7732;11,0021;14,7712;0,0000;-38,8079;-12,3969;-10,9266;-29,0974;40,0240;0,0000;-12,3969;6;0
0,3794;14,8034;-184,3326;92,3293;2,0033;-90,0000;104,8034;360,642;-42,568;262,753;300,000;-38,7893;-25,7678;10,9130;14,8548;-0,0000;-38,7893;8,4731;2,9226;-35,0778;32,1566;-0,0001;8,4734;6;0
0,3819;14,7040;-184,3986;92,3572;2,0414;-90,0000;104,7040;360,784;-43,137;262,256;300,000;-38,7645;-25,7582;10,8222;14,9360;0,0000;-38,7645;9,7312;3,7544;-35,4089;31,6545;0,0000;9,7312;6;0
0,3845;14,6047;-184,4647;92,3848;2,0798;-90,0000;104,6047;360,926;-43,705;261,758;300,000;-38,7395;-25,7486;10,7315;15,0171;0,0000;-38,7395;9,8024;3,7989;-35,4011;31,6015;-0,0007;9,8020;6;0
0,3870;14,5054;-184,5306;92,4122;2,1184;-90,0000;104,5054;361,068;-44,274;261,260;300,000;-38,7142;-25,7388;10,6408;15,0980;-0,0000;-38,7142;9,8737;3,8439;-35,3931;31,5492;-0,0000;9,8737;6;0
0,3896;14,4062;-184,5966;92,4394;2,1572;-90,0000;104,4062;361,211;-44,843;260,763;300,000;-38,6888;-25,7289;10,5500;15,1788;0,0000;-38,6888;9,9444;3,8889;-35,3853;31,4961;0,0004;9,9448;6;0
0,3922;14,3071;-184,6625;92,4663;2,1962;-90,0000;104,3071;361,353;-45,411;260,265;300,000;-38,6633;-25,7188;10,4594;15,2595;-0,0000;-38,6633;10,0145;3,9343;-35,3775;31,4432;-0,0000;10,0145;6;0
0,3947;14,2080;-184,7284;92,4930;2,2355;-90,0000;104,2080;361,495;-45,980;259,767;300,000;-38,6375;-25,7087;10,3687;15,3400;-0,0000;-38,6375;10,0845;3,9798;-35,3696;31,3899;0,0004;10,0844;6;0
0,3973;14,1090;-184,7943;92,5194;2,2749;-90,0000;104,1090;361,637;-46,549;259,270;300,000;-38,6116;-25,6984;10,2780;15,4204;0,0000;-38,6116;10,1539;4,0255;-35,3619;31,3363;0,0000;10,1539;6;0
0,3999;14,0101;-184,8602;92,5457;2,3145;-90,0000;104,0101;361,779;-47,118;258,772;300,000;-38,5854;-25,6881;10,1874;15,5006;-0,0000;-38,5854;10,2230;4,0716;-35,3541;31,2830;-0,0001;10,2231;6;0
0,4024;13,9112;-184,9260;92,5717;2,3543;-90,0000;103,9112;361,922;-47,686;258,275;300,000;-38,5592;-25,6776;10,0968;15,5808;0,0000;-38,5592;10,2917;4,1177;-35,3463;31,2287;0,0000;10,2917;6;0
0,4050;13,8124;-184,9918;92,5974;2,3944;-90,0000;103,8124;362,064;-48,255;257,777;300,000;-38,5327;-25,6670;10,0062;15,6607;0,0000;-38,5327;10,3598;4,1640;-35,3387;31,1745;-0,0006;10,3596;6;0
0,4075;13,7137;-185,0576;92,6230;2,4346;-90,0000;103,7137;362,206;-48,824;257,279;300,000;-38,5060;-25,6562;9,9156;15,7406;-0,0000;-38,5060;10,4280;4,2106;-35,3309;31,1202;-0,0000;10,4280;6;0
0,4101;13,6150;-185,1233;92,6483;2,4751;-90,0000;103,6150;362,348;-49,392;256,782;300,000;-38,4792;-25,6454;9,8251;15,8203;0,0000;-38,4792;10,4955;4,2572;-35,3232;31,0652;0,0000;10,4958;6;0
0,4127;13,5164;-185,1891;92,6733;2,5157;-90,0000;103,5164;362,490;-49,961;256,284;300,000;-38,4522;-25,6344;9,7346;15,8998;-0,0000;-38,4522;10,5627;4,3044;-35,3154;31,0110;-0,0000;10,5627;6;0
0,4152;13,4179;-185,2547;92,6982;2,5566;-90,0000;103,4179;362,632;-50,530;255,786;300,000;-38,4251;-25,6233;9,6441;15,9792;-0,0000;-38,4251;10,6299;4,3515;-35,3076;30,9557;0,0015;10,6294;6;0
0,4178;13,3194;-185,3204;92,7228;2,5976;-90,0000;103,3194;362,775;-51,099;255,289;300,000;-38,3978;-25,6121;9,5536;16,0585;0,0000;-38,3978;10,6958;4,3990;-35,3000;30,9011;-0,0000;10,6958;6;0
0,4204;13,2210;-185,3860;92,7471;2,6389;-90,0000;103,2210;362,917;-51,667;254,791;300,000;-38,3703;-25,6007;9,4631;16,1377;-0,0000;-38,3703;10,7620;4,4473;-35,2922;30,8479;0,0006;10,7640;6;0
0,4229;13,1227;-185,4516;92,7713;2,6804;-90,0000;103,1227;363,059;-52,236;254,293;300,000;-38,3426;-25,5893;9,3726;16,2167;0,0000;-38,3426;10,8274;4,4944;-35,2847;30,7903;-0,0000;10,8274;6;0
0,4255;13,0245;-185,5172;92,7952;2,7220;-90,0000;103,0245;363,201;-52,805;253,796;300,000;-38,3147;-25,5777;9,2822;16,2955;-0,0000;-38,3147;10,8915;4,5417;-35,2776;30,7329;-0,0037;10,8884;6;0
0,4281;12,9263;-185,5828;92,8189;2,7639;-90,0000;102,9263;363,343;-53,373;253,298;300,000;-38,2867;-25,5660;9,1918;16,3742;-0,0000;-38,2868;10,9574;4,5905;-35,2694;30,6788;-0,0000;10,9574;6;0
0,4306;12,8282;-185,6483;92,8423;2,8060;-90,0000;102,8282;363,486;-53,942;252,801;300,000;-38,2586;-25,5542;9,1014;16,4528;-0,0000;-38,2586;11,0225;4,6391;-35,2615;30,6233;0,0021;11,0239;6;0
0,4332;12,7302;-185,7138;92,8655;2,8482;-90,0000;102,7302;363,628;-54,511;252,303;300,000;-38,2302;-25,5422;9,0110;16,5312;-0,0000;-38,2302;11,0859;4,6875;-35,2541;30,5666;0,0000;11,0859;6;0
0,4357;12,6322;-185,7792;92,8885;2,8907;-90,0000;102,6322;363,770;-55,080;251,805;300,000;-38,2017;-25,5301;8,9207;16,6095;0,0000;-38,2017;11,1495;4,7362;-35,2465;30,5103;-0,0000;11,1495;6;0
0,4383;12,5344;-185,8446;92,9113;2,9334;-90,0000;102,5344;363,912;-55,648;251,308;300,000;-38,1731;-25,5179;8,8304;16,6876;-0,0000;-38,1731;11,2128;4,7852;-35,2389;30,4538;0,0001;11,2128;6;0
0,4409;12,4365;-185,9100;92,9338;2,9763;-90,0000;102,4365;364,054;-56,217;250,810;300,000;-38,1443;-25,5056;8,7400;16,7656;0,0000;-38,1443;11,2756;4,8343;-35,2313;30,3970;0,0000;11,2756;6;0
0,4434;12,3388;-185,9754;92,9561;3,0193;-90,0000;102,3388;364,196;-56,786;250,312;300,000;-38,1153;-25,4932;8,6497;16,8434;0,0000;-38,1153;11,3380;4,8836;-35,2237;30,3402;-0,0002;11,3380;6;0
0,4460;12,2412;-186,0407;92,9781;3,0626;-90,0000;102,2412;364,339;-57,354;249,815;300,000;-38,0861;-25,4806;8,5595;16,9211;-0,0000;-38,0861;11,4001;4,9331;-35,2161;30,2830;0,0000;11,4001;6;0
0,4486;12,1436;-186,1060;92,9999;3,1061;-90,0000;102,1436;364,481;-57,923;249,317;300,000;-38,0568;-25,4679;8,4692;16,9987;0,0000;-38,0568;11,4617;4,9826;-35,2085;30,2254;-0,0003;11,4617;6;0
0,4511;12,0461;-186,1713;93,0215;3,1498;-90,0000;102,0461;364,623;-58,492;248,820;300,000;-38,0274;-25,4550;8,3790;17,0761;-0,0000;-38,0274;11,5230;5,0326;-35,2009;30,1683;-0,0000;11,5230;6;0
0,4537;11,9486;-186,2365;93,0429;3,1936;-90,0000;101,9486;364,765;-59,061;248,322;300,000;-37,9978;-25,4421;8,2888;17,1533;-0,0000;-37,9978;11,5843;5,0823;-35,1932;30,1096;0,0012;11,5841;6;0
0,4562;11,8513;-186,3017;93,0640;3,2377;-90,0000;101,8513;364,907;-59,629;247,824;300,000;-37,9680;-25,4290;8,1986;17,2304;0,0000;-37,9680;11,6444;5,1328;-35,1857;30,0529;-0,0000;11,6444;6;0
0,4588;11,7540;-186,3669;93,0849;3,2820;-90,0000;101,7540;365,050;-60,198;247,327;300,000;-37,9381;-25,4158;8,1084;17,3074;-0,0000;-37,9381;11,7054;5,1840;-35,1775;29,9975;0,0034;11,7072;6;0
0,4614;11,6568;-186,4320;93,1056;3,3264;-90,0000;101,6568;365,192;-60,767;246,829;300,000;-37,9080;-25,4024;8,0182;17,3842;0,0000;-37,9080;11,7641;5,2337;-35,1705;29,9369;0,0000;11,7641;6;0
0,4639;11,5597;-186,4971;93,1260;3,3711;-90,0000;101,5597;365,334;-61,335;246,331;300,000;-37,8778;-25,3889;7,9281;17,4608;-0,0000;-37,8778;11,8209;5,2837;-35,1640;29,8771;-0,0086;11,8177;6;0
0,4665;11,4626;-186,5621;93,1462;3,4159;-90,0000;101,4626;365,476;-61,904;245,834;300,000;-37,8474;-25,3753;7,8380;17,5374;-0,0000;-37,8474;11,8823;5,3352;-35,1553;29,8200;0,0000;11,8823;6;0
0,4691;11,3656;-186,6272;93,1662;3,4610;-90,0000;101,3656;365,618;-62,473;245,336;300,000;-37,8169;-25,3616;7,7479;17,6137;0,0000;-37,8169;11,9428;5,3861;-35,1470;29,7605;0,0071;11,9488;6;0
0,4716;11,2687;-186,6922;93,1859;3,5062;-90,0000;101,2687;365,760;-63,042;244,839;300,000;-37,7862;-25,3477;7,6578;17,6899;0,0000;-37,7862;11,9989;5,4374;-35,1401;29,7028;0,0000;11,9989;6;0
0,4742;11,1719;-186,7571;93,2055;3,5517;-90,0000;101,1719;365,903;-63,610;244,341;300,000;-37,7553;-25,3337;7,5677;17,7660;0,0000;-37,7553;12,0550;5,4893;-35,1329;29,6460;-0,0054;12,0461;6;0
0,4768;11,0752;-186,8220;93,2247;3,5973;-90,0000;101,0752;366,045;-64,179;243,843;300,000;-37,7244;-25,3196;7,4777;17,8419;-0,0000;-37,7244;12,1138;5,5402;-35,1249;29,5847;-0,0001;12,1138;6;0
0,4793;10,9785;-186,8869;93,2438;3,6431;-90,0000;100,9785;366,187;-64,748;243,346;300,000;-37,6932;-25,3053;7,3877;17,9176;-0,0000;-37,6932;12,1715;5,5916;-35,1171;29,5243;0,0027;12,1760;6;0
0,4819;10,8820;-186,9518;93,2626;3,6891;-90,0000;100,8820;366,329;-65,317;242,848;300,000;-37,6620;-25,2909;7,2977;17,9932;0,0000;-37,6620;12,2273;5,6436;-35,1098;29,4657;0,0000;12,2273;6;0
0,4844;10,7855;-187,0166;93,2812;3,7354;-90,0000;100,7855;366,471;-65,885;242,350;300,000;-37,6306;-25,2764;7,2077;18,0687;-0,0000;-37,6306;12,2833;5,6957;-35,1021;29,4064;-0,0000;12,2833;6;0
0,4870;10,6891;-187,0813;93,2996;3,7818;-90,0000;100,6891;366,613;-66,454;241,853;300,000;-37,5990;-25,2617;7,1177;18,1440;-0,0000;-37,5990;12,3396;5,7478;-35,0943;29,3466;0,0018;12,3392;6;0
0,4896;10,5927;-187,1461;93,3177;3,8284;-90,0000;100,5927;366,756;-67,023;241,355;300,000;-37,5673;-25,2469;7,0278;18,2191;0,0000;-37,5673;12,3944;5,8001;-35,0869;29,2868;0,0000;12,3944;6;0
0,4921;10,4965;-187,2108;93,3356;3,8752;-90,0000;100,4965;366,898;-67,591;240,858;300,000;-37,5355;-25,2320;6,9379;18,2941;0,0000;-37,5355;12,4487;5,8532;-35,0792;29,2295;-0,0019;12,4539;6;0
0,4947;10,4003;-187,2754;93,3533;3,9222;-90,0000;100,4003;367,040;-68,160;240,360;300,000;-37,5035;-25,2169;6,8479;18,3690;-0,0000;-37,5035;12,5038;5,9050;-35,0716;29,1666;-0,0000;12,5038;6;0
0,4973;10,3042;-187,3400;93,3707;3,9693;-90,0000;100,3042;367,182;-68,729;239,862;300,000;-37,4714;-25,2017;6,7581;18,4436;-0,0000;-37,4714;12,5576;5,9565;-35,0645;29,1025;-0,0010;12,5483;6;0
0,4998;10,2082;-187,4046;93,3879;4,0167;-90,0000;100,2082;367,324;-69,298;239,365;300,000;-37,4391;-25,1864;6,6682;18,5182;-0,0000;-37,4391;12,6116;6,0105;-35,0564;29,0457;-0,0000;12,6116;6;0
0,5024;10,1123;-187,4691;93,4049;4,0643;-90,0000;100,1123;367,467;-69,866;238,867;300,000;-37,4067;-25,1709;6,5784;18,5925;-0,0000;-37,4067;12,6653;6,0640;-35,0484;28,9867;0,0012;12,6698;6;0
0,5049;10,0165;-187,5336;93,4216;4,1120;-90,0000;100,0165;367,609;-70,435;238,369;300,000;-37,3742;-25,1553;6,4885;18,6668;-0,0000;-37,3742;12,7180;6,1166;-35,0410;28,9244;0,0004;12,7180;6;0
0,5075;9,9207;-187,5981;93,4381;4,1600;-90,0000;99,9207;367,751;-71,004;237,872;300,000;-37,3415;-25,1395;6,3987;18,7408;0,0000;-37,3415;12,7704;6,1699;-35,0334;28,8635;0,0000;12,7704;6;0
0,5101;9,8250;-187,6625;93,4544;4,2081;-90,0000;99,8250;367,893;-71,572;237,374;300,000;-37,3087;-25,1237;6,3089;18,8147;-0,0000;-37,3087;12,8225;6,2236;-35,0256;28,8034;-0,0001;12,8228;6;0
0,5126;9,7294;-187,7269;93,4705;4,2564;-90,0000;99,7294;368,035;-72,141;236,876;300,000;-37,2758;-25,1076;6,2192;18,8885;0,0000;-37,2758;12,8743;6,2768;-35,0181;28,7413;0,0000;12,8743;6;0
0,5152;9,6339;-187,7912;93,4863;4,3049;-90,0000;99,6339;368,177;-72,710;236,379;300,000;-37,2427;-25,0915;6,1294;18,9621;0,0000;-37,2427;12,9249;6,3301;-35,0107;28,6792;-0,0025;12,9217;6;0
0,5178;9,5385;-187,8555;93,5019;4,3536;-90,0000;99,5385;368,320;-73,279;235,881;300,000;-37,2095;-25,0752;6,0397;19,0355;-0,0000;-37,2095;12,9766;6,3842;-35,0027;28,6185;0,0000;12,9766;6;0
0,5203;9,4432;-187,9198;93,5173;4,4025;-90,0000;99,4432;368,462;-73,847;235,384;300,000;-37,1762;-25,0587;5,9500;19,1088;0,0000;-37,1762;13,0282;6,4379;-34,9946;28,5559;0,0038;13,0338;6;0
0,5229;9,3480;-187,9840;93,5324;4,4516;-90,0000;99,3480;368,604;-74,416;234,886;300,000;-37,1427;-25,0422;5,8603;19,1819;0,0000;-37,1427;13,0772;6,4921;-34,9873;28,4952;-0,0001;13,0772;6;0
0,5255;9,2528;-188,0481;93,5473;4,5008;-90,0000;99,2528;368,746;-74,985;234,388;300,000;-37,1092;-25,0255;5,7706;19,2548;-0,0000;-37,1092;13,1266;6,5465;-34,9796;28,4341;-0,0016;13,1239;6;0
0,5280;9,1577;-188,1123;93,5620;4,5503;-90,0000;99,1577;368,888;-75,553;233,891;300,000;-37,0755;-25,0086;5,6810;19,3276;0,0000;-37,0755;13,1764;6,6004;-34,9718;28,3710;-0,0001;13,1764;6;0
0,5306;9,0627;-188,1763;93,5764;4,5999;-90,0000;99,0627;369,031;-76,122;233,393;300,000;-37,0416;-24,9916;5,5913;19,4003;-0,0000;-37,0416;13,2254;6,6549;-34,9640;28,3092;-0,0000;13,2254;6;0
0,5331;8,9678;-188,2404;93,5907;4,6497;-90,0000;98,9678;369,173;-76,691;232,895;300,000;-37,0077;-24,9745;5,5017;19,4728;-0,0000;-37,0077;13,2757;6,7091;-34,9558;28,2454;0,0061;13,2838;6;0
0,5357;8,8730;-188,3044;93,6046;4,6997;-90,0000;98,8730;369,315;-77,260;232,398;300,000;-36,9736;-24,9572;5,4121;19,5451;0,0000;-36,9735;13,3221;6,7641;-34,9485;28,1846;0,0001;13,3221;6;0
0,5383;8,7783;-188,3683;93,6184;4,7499;-90,0000;98,7783;369,457;-77,828;231,900;300,000;-36,9394;-24,9398;5,3226;19,6173;0,0000;-36,9394;13,3667;6,8196;-34,9416;28,1258;-0,0115;13,3503;6;0
0,5408;8,6836;-188,4322;93,6319;4,8003;-90,0000;98,6836;369,599;-78,397;231,403;300,000;-36,9050;-24,9223;5,2330;19,6893;-0,0000;-36,9051;13,4171;6,8735;-34,9330;28,0594;-0,0008;13,4172;6;0
0,5434;8,5891;-188,4961;93,6452;4,8509;-90,0000;98,5891;369,741;-78,966;230,905;300,000;-36,8706;-24,9046;5,1435;19,7611;-0,0000;-36,8706;13,4659;6,9280;-34,9247;27,9947;0,0056;13,4741;6;0
0,5460;8,4946;-188,5599;93,6583;4,9016;-90,0000;98,4946;369,884;-79,534;230,407;300,000;-36,8360;-24,8868;5,0540;19,8328;0,0000;-36,8360;13,5109;6,9826;-34,9177;27,9305;-0,0002;13,5117;6;0
0,5485;8,4003;-188,6237;93,6711;4,9525;-90,0000;98,4003;370,026;-80,103;229,910;300,000;-36,8013;-24,8688;4,9645;19,9043;-0,0000;-36,8013;13,5572;7,0387;-34,9095;27,8708;-0,0000;13,5572;6;0
0,5511;8,3060;-188,6874;93,6837;5,0036;-90,0000;98,3060;370,168;-80,672;229,412;300,000;-36,7665;-24,8507;4,8750;19,9757;-0,0000;-36,7665;13,6037;7,0958;-34,9007;27,8136;0,0025;13,6022;6;0
0,5536;8,2118;-188,7511;93,6961;5,0549;-90,0000;98,2118;370,310;-81,241;228,914;300,000;-36,7316;-24,8324;4,7856;20,0469;0,0000;-36,7316;13,6485;7,1493;-34,8938;27,7444;0,0000;13,6484;6;0
0,5562;8,1177;-188,8147;93,7083;5,1064;-90,0000;98,1177;370,452;-81,809;228,417;300,000;-36,6965;-24,8140;4,6962;20,1179;-0,0000;-36,6965;13,6931;7,2039;-34,8864;27,6783;-0,0016;13,6938;6;0
0,5588;8,0237;-188,8783;93,7202;5,1581;-90,0000;98,0237;370,595;-82,378;227,919;300,000;-36,6614;-24,7955;4,6067;20,1888;-0,0000;-36,6614;13,7383;7,2604;-34,8780;27,6177;0,0003;13,7383;6;0
0,5613;7,9297;-188,9418;93,7319;5,2099;-90,0000;97,9297;370,737;-82,947;227,422;300,000;-36,6261;-24,7768;4,5174;20,2595;0,0000;-36,6261;13,7825;7,3160;-34,8701;27,5541;0,0000;13,7825;6;0
0,5639;7,8359;-189,0053;93,7434;5,2619;-90,0000;97,8359;370,879;-83,516;226,924;300,000;-36,5907;-24,7580;4,4280;20,3300;-0,0000;-36,5907;13,8263;7,3718;-34,8623;27,4906;-0,0005;13,8263;6;0
0,5665;7,7422;-189,0687;93,7546;5,3141;-90,0000;97,7422;371,021;-84,084;226,426;300,000;-36,5552;-24,7390;4,3386;20,4004;-0,0000;-36,5552;13,8699;7,4276;-34,8543;27,4267;0,0000;13,8699;6;0
0,5690;7,6485;-189,1321;93,7656;5,3665;-90,0000;97,6485;371,163;-84,653;225,929;300,000;-36,5196;-24,7199;4,2493;20,4706;0,0000;-36,5196;13,9131;7,4835;-34,8463;27,3627;0,0002;13,9131;6;0
0,5716;7,5550;-189,1954;93,7764;5,4191;-90,0000;97,5550;371,305;-85,222;225,431;300,000;-36,4839;-24,7007;4,1600;20,5407;0,0000;-36,4839;13,9558;7,5396;-34,8384;27,2988;-0,0001;13,9558;6;0
0,5742;7,4615;-189,2587;93,7869;5,4718;-90,0000;97,4615;371,448;-85,790;224,933;300,000;-36,4481;-24,6813;4,0707;20,6105;-0,0000;-36,4481;13,9981;7,5957;-34,8304;27,2348;-0,0000;13,9981;6;0
0,5767;7,3681;-189,3220;93,7972;5,5247;-90,0000;97,3681;371,590;-86,359;224,436;300,000;-36,4122;-24,6617;3,9814;20,6803;0,0000;-36,4122;14,0401;7,6518;-34,8225;27,1703;0,0000;14,0401;6;0
0,5793;7,2748;-189,3851;93,8073;5,5778;-90,0000;97,2748;371,732;-86,928;223,938;300,000;-36,3761;-24,6420;3,8922;20,7498;-0,0000;-36,3761;14,0817;7,7081;-34,8144;27,1063;-0,0000;14,0817;6;0
0,5818;7,1816;-189,4483;93,8172;5,6311;-90,0000;97,1816;371,874;-87,497;223,441;300,000;-36,3400;-24,6222;3,8030;20,8192;-0,0000;-36,3400;14,1235;7,7645;-34,8062;27,0418;0,0021;14,1233;6;0
0,5844;7,0885;-189,5114;93,8268;5,6845;-90,0000;97,0885;372,016;-88,065;222,943;300,000;-36,3037;-24,6022;3,7138;20,8885;0,0000;-36,3037;14,1637;7,8209;-34,7984;26,9774;0,0000;14,1637;6;0
0,5870;6,9955;-189,5744;93,8362;5,7382;-90,0000;96,9955;372,158;-88,634;222,445;300,000;-36,2674;-24,5821;3,6246;20,9575;0,0000;-36,2674;14,2032;7,8781;-34,7904;26,9153;-0,0034;14,2100;6;0
0,5895;6,9026;-189,6374;93,8454;5,7920;-90,0000;96,9026;372,301;-89,203;221,948;300,000;-36,2309;-24,5618;3,5354;21,0264;-0,0000;-36,2309;14,2442;7,9340;-34,7822;26,8482;-0,0000;14,2442;6;0
0,5921;6,8098;-189,7003;93,8544;5,8460;-90,0000;96,8098;372,443;-89,771;221,450;300,000;-36,1943;-24,5414;3,4463;21,0952;-0,0000;-36,1943;14,2841;7,9897;-34,7745;26,7800;0,0007;14,2711;6;0
0,5947;6,7171;-189,7632;93,8631;5,9001;-90,0000;96,7171;372,585;-90,340;220,952;300,000;-36,1577;-24,5209;3,3572;21,1637;-0,0000;-36,1577;14,3232;8,0474;-34,7661;26,7185;0,0000;14,3232;6;0
0,5972;6,6244;-189,8260;93,8716;5,9545;-90,0000;96,6244;372,727;-90,909;220,455;300,000;-36,1209;-24,5002;3,2681;21,2321;-0,0000;-36,1209;14,3623;8,1047;-34,7577;26,6551;0,0006;14,3687;6;0
0,5998;6,5319;-189,8888;93,8798;6,0090;-90,0000;96,5319;372,869;-91,478;219,957;300,000;-36,0841;-24,4793;3,1790;21,3004;-0,0000;-36,0841;14,4009;8,1611;-34,7497;26,5886;0,0009;14,4009;6;0
0,6023;6,4395;-189,9515;93,8879;6,0636;-90,0000;96,4395;373,012;-92,046;219,460;300,000;-36,0471;-24,4583;3,0899;21,3684;0,0000;-36,0471;14,4389;8,2181;-34,7416;26,5236;0,0000;14,4389;6;0
0,6049;6,3471;-190,0142;93,8957;6,1185;-90,0000;96,3471;373,154;-92,615;218,962;300,000;-36,0100;-24,4372;3,0009;21,4363;-0,0000;-36,0100;14,4765;8,2758;-34,7332;26,4609;-0,0007;14,4777;6;0
0,6075;6,2549;-190,0768;93,9032;6,1735;-90,0000;96,2549;373,296;-93,184;218,464;300,000;-35,9729;-24,4159;2,9119;21,5041;0,0000;-35,9729;14,5141;8,3321;-34,7253;26,3931;-0,0000;14,5141;6;0
0,6100;6,1627;-190,1393;93,9106;6,2287;-90,0000;96,1627;373,438;-93,752;217,967;300,000;-35,9356;-24,3945;2,8229;21,5716;-0,0000;-35,9356;14,5532;8,3873;-34,7171;26,3207;0,0075;14,5359;6;0
0,6126;6,0706;-190,2018;93,9177;6,2841;-90,0000;96,0706;373,580;-94,321;217,469;300,000;-35,8983;-24,3729;2,7339;21,6390;0,0000;-35,8984;14,5878;8,4465;-34,7089;26,2622;-0,0001;14,5877;6;0
0,6152;5,9787;-190,2643;93,9246;6,3397;-90,0000;95,9787;373,722;-94,890;216,971;300,000;-35,8608;-24,3512;2,6449;21,7063;-0,0000;-35,8608;14,6196;8,5057;-34,7015;26,2045;-0,0163;14,6507;6;0
0,6177;5,8868;-190,3267;93,9313;6,3954;-90,0000;95,8868;373,865;-95,459;216,474;300,000;-35,8233;-24,3293;2,5560;21,7733;-0,0000;-35,8232;14,6605;8,5609;-34,6921;26,1311;0,0016;14,6606;6;0
0,6203;5,7950;-190,3890;93,9377;6,4513;-90,0000;95,7950;374,007;-96,027;215,976;300,000;-35,7857;-24,3073;2,4671;21,8402;0,0000;-35,7857;14,6980;8,6177;-34,6834;26,0629;0,0086;14,6831;6;0
0,6229;5,7033;-190,4513;93,9439;6,5074;-90,0000;95,7033;374,149;-96,596;215,478;300,000;-35,7480;-24,2851;2,3782;21,9069;0,0000;-35,7480;14,7302;8,6767;-34,6757;26,0030;-0,0020;14,7342;6;0
0,6254;5,6118;-190,5135;93,9499;6,5636;-90,0000;95,6118;374,291;-97,165;214,981;300,000;-35,7102;-24,2628;2,2893;21,9735;-0,0000;-35,7102;14,7656;8,7333;-34,6675;25,9342;-0,0000;14,7657;6;0
0,6280;5,5203;-190,5757;93,9557;6,6200;-90,0000;95,5203;374,433;-97,733;214,483;300,000;-35,6723;-24,2404;2,2005;22,0399;-0,0000;-35,6723;14,8000;8,7893;-34,6598;25,8634;-0,0006;14,7923;6;0
0,6305;5,4289;-190,6378;93,9612;6,6766;-90,0000;95,4289;374,576;-98,302;213,986;300,000;-35,6343;-24,2178;2,1117;22,1061;-0,0000;-35,6343;14,8342;8,8483;-34,6508;25,8023;0,0000;14,8342;6;0
0,6331;5,3376;-190,6998;93,9665;6,7333;-90,0000;95,3376;374,718;-98,871;213,488;300,000;-35,5962;-24,1950;2,0229;22,1722;-0,0000;-35,5962;14,8682;8,9066;-34,6420;25,7387;0,0010;14,8720;6;0
0,6357;5,2464;-190,7618;93,9716;6,7902;-90,0000;95,2464;374,860;-99,440;212,990;300,000;-35,5581;-24,1721;1,9341;22,2380;-0,0000;-35,5581;14,9013;8,9636;-34,6340;25,6706;0,0001;14,9013;6;0
0,6382;5,1553;-190,8237;93,9764;6,8473;-90,0000;95,1553;375,002;-100,008;212,493;300,000;-35,5199;-24,1491;1,8453;22,3038;0,0000;-35,5199;14,9343;9,0213;-34,6256;25,6043;0,0000;14,9343;6;0
0,6408;5,0643;-190,8856;93,9810;6,9046;-90,0000;95,0643;375,144;-100,577;211,995;300,000;-35,4815;-24,1259;1,7566;22,3693;0,0000;-35,4815;14,9669;9,0790;-34,6172;25,5381;-0,0001;14,9669;6;0
0,6434;4,9734;-190,9474;93,9854;6,9620;-90,0000;94,9734;375,286;-101,146;211,497;300,000;-35,4431;-24,1025;1,6678;22,4347;-0,0000;-35,4431;14,9992;9,1368;-34,6088;25,4720;-0,0000;14,9992;6;0
0,6459;4,8826;-191,0091;93,9896;7,0196;-90,0000;94,8826;375,429;-101,714;211,000;300,000;-35,4046;-24,0790;1,5791;22,4999;-0,0000;-35,4046;15,0312;9,1945;-34,6003;25,4053;0,0002;15,0312;6;0
0,6485;4,7919;-191,0708;93,9935;7,0773;-90,0000;94,7919;375,571;-102,283;210,502;300,000;-35,3661;-24,0554;1,4905;22,5649;0,0000;-35,3661;15,0627;9,2524;-34,5918;25,3394;-0,0000;15,0627;6;0
0,6510;4,7013;-191,1325;93,9972;7,1353;-90,0000;94,7013;375,713;-102,852;210,005;300,000;-35,3274;-24,0316;1,4018;22,6298;-0,0000;-35,3274;15,0949;9,3105;-34,5828;25,2736;0,0037;15,0949;6;0
0,6536;4,6108;-191,1940;94,0007;7,1933;-90,0000;94,6108;375,855;-103,421;209,507;300,000;-35,2887;-24,0077;1,3132;22,6945;0,0000;-35,2887;15,1247;9,3682;-34,5748;25,2066;0,0000;15,1247;6;0
0,6562;4,5204;-191,2555;94,0039;7,2516;-90,0000;94,5204;375,997;-103,989;209,009;300,000;-35,2499;-23,9836;1,2246;22,7590;0,0000;-35,2499;15,1532;9,4226;-34,5688;25,1282;-0,0075;15,1522;6;0
0,6587;4,4301;-191,3170;94,0070;7,3100;-90,0000;94,4301;376,140;-104,558;208,512;300,000;-35,2110;-23,9594;1,1360;22,8233;-0,0000;-35,2110;15,1854;9,4842;-34,5580;25,0737;-0,0001;15,1854;6;0
0,6613;4,3399;-191,3784;94,0098;7,3686;-90,0000;94,3399;376,282;-105,127;208,014;300,000;-35,1720;-23,9350;1,0474;22,8875;-0,0000;-35,1720;15,2161;9,5491;-34,5454;25,0311;0,0035;15,2181;6;0
0,6639;4,2498;-191,4397;94,0123;7,4273;-90,0000;94,2498;376,424;-105,696;207,516;300,000;-35,1330;-23,9104;0,9589;22,9516;-0,0000;-35,1330;15,2446;9,5998;-34,5401;24,9403;0,0002;15,2446;6;0
0,6664;4,1598;-191,5009;94,0147;7,4863;-90,0000;94,1598;376,566;-106,264;207,019;300,000;-35,0939;-23,8857;0,8704;23,0154;0,0000;-35,0939;15,2737;9,6546;-34,5336;24,8617;0,0001;15,2727;6;0
0,6690;4,0699;-191,5621;94,0168;7,5453;-90,0000;94,0699;376,708;-106,833;206,521;300,000;-35,0547;-23,8609;0,7819;23,0791;-0,0000;-35,0547;15,3024;9,7164;-34,5236;24,8073;-0,0001;15,3024;6;0
0,6716;3,9801;-191,6233;94,0187;7,6046;-90,0000;93,9801;376,850;-107,402;206,024;300,000;-35,0154;-23,8359;0,6934;23,1426;0,0000;-35,0154;15,3307;9,7743;-34,5147;24,7404;-0,0001;15,3307;6;0
0,6741;3,8904;-191,6843;94,0203;7,6640;-90,0000;93,8904;376,993;-107,970;205,526;300,000;-34,9761;-23,8108;0,6049;23,2059;-0,0000;-34,9761;15,3588;9,8324;-34,5061;24,6737;-0,0000;15,3588;6;0
0,6767;3,8008;-191,7453;94,0218;7,7235;-90,0000;93,8008;377,135;-108,539;205,028;300,000;-34,9367;-23,7855;0,5165;23,2690;-0,0000;-34,9367;15,3866;9,8904;-34,4974;24,6064;0,0003;15,3865;6;0
0,6792;3,7113;-191,8062;94,0230;7,7833;-90,0000;93,7113;377,277;-109,108;204,531;300,000;-34,8972;-23,7601;0,4281;23,3320;0,0000;-34,8972;15,4138;9,9486;-34,4887;24,5401;-0,0000;15,4138;6;0
0,6818;3,6219;-191,8671;94,0240;7,8431;-90,0000;93,6219;377,419;-109,677;204,033;300,000;-34,8577;-23,7345;0,3397;23,3948;-0,0000;-34,8577;15,4419;10,0071;-34,4794;24,4742;0,0041;15,4423;6;0
0,6844;3,5326;-191,9279;94,0247;7,9032;-90,0000;93,5326;377,561;-110,245;203,535;300,000;-34,8181;-23,7088;0,2513;23,4575;0,0000;-34,8181;15,4674;10,0649;-34,4713;24,4063;0,0000;15,4675;6;0
0,6869;3,4434;-191,9887;94,0253;7,9634;-90,0000;93,4434;377,703;-110,814;203,038;300,000;-34,7784;-23,6829;0,1630;23,5200;-0,0000;-34,7784;15,4914;10,1228;-34,4636;24,3388;-0,0086;15,4907;6;0
0,6895;3,3543;-192,0493;94,0256;8,0238;-90,0000;93,3543;377,846;-111,383;202,540;300,000;-34,7387;-23,6569;0,0746;23,5823;-0,0000;-34,7387;15,5197;10,1812;-34,4537;24,2725;-0,0001;15,5197;6;0
0,6921;3,2654;-192,1099;94,0256;8,0843;-90,0000;93,2654;377,988;-111,951;202,043;300,000;-34,6988;-23,6307;-0,0137;23,6444;-0,0000;-34,6988;15,5465;10,2395;-34,4445;24,2056;0,0043;15,5469;6;0
0,6946;3,1765;-192,1705;94,0255;8,1450;-90,0000;93,1765;378,130;-112,520;201,545;300,000;-34,6590;-23,6044;-0,1019;23,7064;-0,0000;-34,6590;15,5707;10,2975;-34,4362;24,1381;0,0002;15,5707;6;0
0,6972;3,0877;-192,2309;94,0251;8,2058;-90,0000;93,0877;378,272;-113,089;201,047;300,000;-34,6190;-23,5780;-0,1902;23,7681;0,0000;-34,6190;15,5956;10,3558;-34,4274;24,0716;-0,0000;15,5956;6;0
0,6997;2,9990;-192,2913;94,0245;8,2668;-90,0000;92,9990;378,414;-113,658;200,550;300,000;-34,5790;-23,5513;-0,2784;23,8298;-0,0000;-34,5790;15,6214;10,4142;-34,4180;24,0050;0,0043;15,6213;6;0
0,7023;2,9104;-192,3517;94,0237;8,3280;-90,0000;92,9104;378,557;-114,226;200,052;300,000;-34,5389;-23,5246;-0,3666;23,8912;0,0000;-34,5389;15,6445;10,4722;-34,4097;23,9375;0,0000;15,6445;6;0
0,7049;2,8219;-192,4119;94,0226;8,3893;-90,0000;92,8219;378,699;-114,795;199,554;300,000;-34,4988;-23,4977;-0,4548;23,9525;0,0000;-34,4988;15,6661;10,5304;-34,4018;23,8708;-0,0088;15,6661;6;0
0,7074;2,7336;-192,4721;94,0214;8,4508;-90,0000;92,7336;378,841;-115,364;199,057;300,000;-34,4586;-23,4706;-0,5430;24,0136;-0,0000;-34,4586;15,6920;10,5885;-34,3919;23,8034;-0,0001;15,6920;6;0
0,7100;2,6453;-192,5323;94,0199;8,5124;-90,0000;92,6453;378,983;-115,932;198,559;300,000;-34,4184;-23,4434;-0,6311;24,0745;-0,0000;-34,4184;15,7165;10,6467;-34,3826;23,7359;0,0044;15,7165;6;0
0,7126;2,5571;-192,5923;94,0181;8,5742;-90,0000;92,5571;379,125;-116,501;198,061;300,000;-34,3781;-23,4160;-0,7192;24,1352;0,0000;-34,3781;15,7383;10,7048;-34,3742;23,6689;0,0000;15,7383;6;0
0,7151;2,4691;-192,6523;94,0162;8,6361;-90,0000;92,4691;379,267;-117,070;197,564;300,000;-34,3377;-23,3885;-0,8073;24,1958;-0,0000;-34,3377;15,7609;10,7631;-34,3652;23,6021;-0,0000;15,7609;6;0
0,7177;2,3811;-192,7122;94,0140;8,6982;-90,0000;92,3811;379,410;-117,639;197,066;300,000;-34,2973;-23,3608;-0,8954;24,2562;-0,0000;-34,2973;15,7833;10,8214;-34,3561;23,5357;0,0002;15,7832;6;0
0,7203;2,2932;-192,7720;94,0116;8,7605;-90,0000;92,2932;379,552;-118,207;196,569;300,000;-34,2568;-23,3330;-0,9835;24,3165;0,0000;-34,2568;15,8052;10,8794;-34,3473;23,4679;-0,0000;15,8052;6;0
0,7228;2,2055;-192,8318;94,0090;8,8229;-90,0000;92,2055;379,694;-118,776;196,071;300,000;-34,2162;-23,3051;-1,0715;24,3765;-0,0000;-34,2162;15,8268;10,9374;-34,3384;23,4005;-0,0001;15,8268;6;0
0,7254;2,1178;-192,8915;94,0061;8,8854;-90,0000;92,1178;379,836;-119,345;195,573;300,000;-34,1756;-23,2769;-1,1595;24,4364;0,0000;-34,1756;15,8482;10,9956;-34,3293;23,3337;0,0000;15,8482;6;0
0,7279;2,0303;-192,9511;94,0030;8,9481;-90,0000;92,0303;379,978;-119,913;195,076;300,000;-34,1350;-23,2487;-1,2475;24,4962;-0,0000;-34,1350;15,8692;11,0537;-34,3203;23,2666;-0,0000;15,8692;6;0
0,7305;1,9428;-193,0107;93,9997;9,0110;-90,0000;91,9428;380,121;-120,482;194,578;300,000;-34,0943;-23,2203;-1,3354;24,5557;-0,0000;-34,0943;15,8899;11,1118;-34,3113;23,1995;0,0001;15,8898;6;0
0,7331;1,8555;-193,0702;93,9962;9,0740;-90,0000;91,8555;380,263;-121,051;194,080;300,000;-34,0535;-23,1917;-1,4234;24,6151;0,0000;-34,0535;15,9102;11,1699;-34,3023;23,1324;0,0000;15,9102;6;0
0,7356;1,7683;-193,1296;93,9924;9,1372;-90,0000;91,7683;380,405;-121,620;193,583;300,000;-34,0127;-23,1630;-1,5113;24,6743;-0,0000;-34,0127;15,9302;11,2281;-34,2932;23,0659;-0,0001;15,9302;6;0
0,7382;1,6811;-193,1889;93,9884;9,2005;-90,0000;91,6811;380,547;-122,188;193,085;300,000;-33,9719;-23,1342;-1,5992;24,7333;0,0000;-33,9719;15,9500;11,2859;-34,2842;22,9983;0,0000;15,9500;6;0
0,7408;1,5941;-193,2482;93,9842;9,2640;-90,0000;91,5941;380,689;-122,757;192,588;300,000;-33,9310;-23,1052;-1,6870;24,7922;0,0000;-33,9310;15,9680;11,3439;-34,2757;22,9313;-0,0051;15,9673;6;0
0,7433;1,5072;-193,3074;93,9798;9,3276;-90,0000;91,5072;380,831;-123,326;192,090;300,000;-33,8900;-23,0760;-1,7749;24,8509;-0,0000;-33,8900;15,9885;11,4019;-34,2660;22,8641;0,0000;15,9885;6;0
0,7459;1,4204;-193,3665;93,9751;9,3914;-90,0000;91,4204;380,974;-123,895;191,592;300,000;-33,8490;-23,0467;-1,8627;24,9094;0,0000;-33,8490;16,0099;11,4595;-34,2561;22,7952;0,0099;16,0113;6;0
0,7484;1,3337;-193,4255;93,9702;9,4553;-90,0000;91,3337;381,116;-124,463;191,095;300,000;-33,8079;-23,0173;-1,9505;24,9677;0,0000;-33,8079;16,0256;11,5178;-34,2478;22,7301;-0,0004;16,0257;6;0
0,7510;1,2471;-193,4845;93,9651;9,5194;-90,0000;91,2471;381,258;-125,032;190,597;300,000;-33,7669;-22,9877;-2,0382;25,0259;-0,0000;-33,7669;16,0426;11,5760;-34,2391;22,6642;-0,0049;16,0419;6;0
0,7536;1,1606;-193,5434;93,9598;9,5836;-90,0000;91,1606;381,400;-125,601;190,099;300,000;-33,7257;-22,9579;-2,1260;25,0839;0,0000;-33,7257;16,0617;11,6330;-34,2299;22,5941;-0,0000;16,0619;6;0
0,7561;1,0742;-193,6022;93,9542;9,6480;-90,0000;91,0742;381,542;-126,169;189,602;300,000;-33,6845;-22,9280;-2,2137;25,1417;-0,0000;-33,6845;16,0793;11,6914;-34,2204;22,5290;-0,0000;16,0793;6;0
0,7587;0,9879;-193,6609;93,9484;9,7125;-90,0000;90,9879;381,685;-126,738;189,104;300,000;-33,6433;-22,8980;-2,3014;25,1994;-0,0000;-33,6433;16,0968;11,7502;-34,2105;22,4657;0,0011;16,0965;6;0
0,7613;0,9017;-193,7195;93,9424;9,7771;-90,0000;90,9017;381,827;-127,307;188,607;300,000;-33,6020;-22,8678;-2,3891;25,2569;0,0000;-33,6020;16,1135;11,8070;-34,2021;22,3951;0,0000;16,1135;6;0
0,7638;0,8156;-193,7781;93,9362;9,8419;-90,0000;90,8156;381,969;-127,876;188,109;300,000;-33,5607;-22,8375;-2,4768;25,3142;0,0000;-33,5607;16,1299;11,8642;-34,1933;22,3264;-0,0007;16,1301;6;0
0,7664;0,7297;-193,8366;93,9297;9,9069;-90,0000;90,7297;382,111;-128,444;187,611;300,000;-33,5193;-22,8070;-2,5644;25,3714;-0,0000;-33,5193;16,1492;11,9191;-34,1846;22,2492;0,0106;16,1646;6;0
0,7690;0,6438;-193,8950;93,9230;9,9720;-90,0000;90,6438;382,253;-129,013;187,114;300,000;-33,4779;-22,7764;-2,6520;25,4283;0,0001;-33,4778;16,1626;11,9803;-34,1747;22,1948;0,0006;16,1623;6;0
0,7715;0,5581;-193,9534;93,9161;10,0373;-90,0000;90,5581;382,395;-129,582;186,616;300,000;-33,4365;-22,7456;-2,7396;25,4851;0,0000;-33,4365;16,1726;12,0441;-34,1636;22,1520;-0,0213;16,1420;6;0
0,7741;0,4724;-194,0116;93,9090;10,1027;-90,0000;90,4724;382,538;-130,150;186,118;300,000;-33,3950;-22,7146;-2,8271;25,5418;-0,0001;-33,3951;16,1958;12,0939;-34,1553;22,0569;0,0081;16,2160;6;0
0,7766;0,3869;-194,0698;93,9016;10,1682;-90,0000;90,3869;382,680;-130,719;185,621;300,000;-33,3534;-22,6836;-2,9147;25,5982;0,0000;-33,3533;16,2116;12,1496;-34,1477;21,9822;0,0108;16,2269;6;0
0,7792;0,3014;-194,1279;93,8940;10,2339;-90,0000;90,3014;382,822;-131,288;185,123;300,000;-33,3119;-22,6523;-3,0022;25,6545;0,0000;-33,3119;16,2189;12,2122;-34,1388;21,9345;-0,0182;16,1794;6;0
0,7818;0,2161;-194,1859;93,8862;10,2997;-90,0000;90,2161;382,964;-131,857;184,626;300,000;-33,2703;-22,6210;-3,0897;25,7107;-0,0000;-33,2704;16,2373;12,2677;-34,1286;21,8612;-0,0034;16,2371;6;0
0,7843;0,1309;-194,2439;93,8782;10,3657;-90,0000;90,1309;383,106;-132,425;184,128;300,000;-33,2286;-22,5895;-3,1771;25,7666;-0,0000;-33,2286;16,2549;12,3242;-34,1186;21,7907;0,0094;16,2744;6;0
0,7869;0,0458;-194,3017;93,8699;10,4318;-90,0000;90,0458;383,248;-132,994;183,630;300,000;-33,1870;-22,5578;-3,2646;25,8224;0,0000;-33,1870;16,2680;12,3820;-34,1095;21,7255;0,0062;16,2687;6;0
0,7895;-0,0393;-194,3595;93,8615;10,4981;-90,0000;89,9607;383,391;-133,563;183,133;300,000;-33,1452;-22,5260;-3,3520;25,8780;0,0000;-33,1452;16,2800;12,4397;-34,1006;21,6609;-0,0002;16,2800;6;0
0,7920;-0,1242;-194,4172;93,8528;10,5645;-90,0000;89,8758;383,533;-134,131;182,635;300,000;-33,1035;-22,4940;-3,4394;25,9334;-0,0000;-33,1035;16,2927;12,4972;-34,0915;21,5955;-0,0030;16,2923;6;0
0,7946;-0,2090;-194,4748;93,8438;10,6310;-90,0000;89,7910;383,675;-134,700;182,137;300,000;-33,0617;-22,4619;-3,5268;25,9887;0,0000;-33,0617;16,3065;12,5539;-34,0822;21,5271;-0,0002;16,3065;6;0
0,7971;-0,2936;-194,5324;93,8347;10,6977;-90,0000;89,7064;383,817;-135,269;181,640;300,000;-33,0199;-22,4297;-3,6141;26,0438;-0,0000;-33,0199;16,3194;12,6113;-34,0727;21,4615;-0,0000;16,3194;6;0
0,7997;-0,3782;-194,5898;93,8253;10,7645;-90,0000;89,6218;383,959;-135,838;181,142;300,000;-32,9781;-22,3973;-3,7014;26,0987;-0,0000;-32,9781;16,3345;12,6678;-34,0627;21,3928;0,0100;16,3314;6;0
0,8023;-0,4627;-194,6472;93,8157;10,8315;-90,0000;89,5373;384,102;-136,406;180,644;300,000;-32,9362;-22,3647;-3,7887;26,1534;0,0000;-32,9362;16,3441;12,7254;-34,0542;21,3288;0,0000;16,3441;6;0
0,8048;-0,5471;-194,7045;93,8059;10,8986;-90,0000;89,4529;384,244;-136,975;180,147;300,000;-32,8943;-22,3320;-3,8760;26,2080;0,0000;-32,8943;16,3513;12,7840;-34,0457;21,2693;-0,0186;16,3573;6;0
0,8074;-0,6313;-194,7617;93,7958;10,9658;-90,0000;89,3687;384,386;-137,544;179,649;300,000;-32,8524;-22,2992;-3,9633;26,2625;-0,0000;-32,8523;16,3678;12,8391;-34,0354;21,1963;-0,0001;16,3680;6;0
0,8100;-0,7155;-194,8188;93,7856;11,0332;-90,0000;89,2845;384,528;-138,112;179,152;300,000;-32,8104;-22,2662;-4,0505;26,3167;-0,0000;-32,8104;16,3816;12,8951;-34,0258;21,1263;0,0091;16,3786;6;0
0,8125;-0,7995;-194,8758;93,7751;11,1007;-90,0000;89,2005;384,670;-138,681;178,654;300,000;-32,7684;-22,2331;-4,1377;26,3708;0,0000;-32,7684;16,3903;12,9529;-34,0170;21,0638;-0,0002;16,3902;6;0
0,8151;-0,8835;-194,9328;93,7644;11,1684;-90,0000;89,1165;384,812;-139,250;178,156;300,000;-32,7263;-22,1998;-4,2249;26,4247;-0,0000;-32,7263;16,4012;13,0096;-34,0075;20,9979;-0,0000;16,4012;6;0
0,8177;-0,9673;-194,9896;93,7534;11,2362;-90,0000;89,0327;384,955;-139,819;177,659;300,000;-32,6843;-22,1664;-4,3120;26,4784;-0,0000;-32,6843;16,4125;13,0660;-33,9981;20,9309;0,0027;16,4121;6;0
0,8202;-1,0510;-195,0464;93,7423;11,3041;-90,0000;88,9490;385,097;-140,387;177,161;300,000;-32,6422;-22,1328;-4,3992;26,5320;0,0000;-32,6422;16,4221;13,1228;-33,9889;20,8660;-0,0000;16,4221;6;0
0,8228;-1,1346;-195,1031;93,7309;11,3722;-90,0000;88,8654;385,239;-140,956;176,663;300,000;-32,6001;-22,0991;-4,4863;26,5854;-0,0000;-32,6001;16,4325;13,1813;-33,9780;20,8074;0,0012;16,4546;6;0
0,8253;-1,2181;-195,1597;93,7193;11,4404;-90,0000;88,7819;385,381;-141,525;176,166;300,000;-32,5580;-22,0653;-4,5733;26,6386;0,0000;-32,5579;16,4418;13,2359;-33,9702;20,7346;-0,0003;16,4419;6;0
0,8279;-1,3015;-195,2162;93,7074;11,5088;-90,0000;88,6985;385,523;-142,093;175,668;300,000;-32,5158;-22,0313;-4,6604;26,6917;-0,0000;-32,5158;16,4490;13,2894;-33,9639;20,6583;-0,0096;16,4058;6;0
0,8305;-1,3848;-195,2726;93,6954;11,5773;-90,0000;88,6152;385,666;-142,662;175,171;300,000;-32,4736;-21,9971;-4,7474;26,7445;-0,0000;-32,4738;16,4604;13,3480;-33,9519;20,6011;-0,0013;16,4606;6;0
0,8330;-1,4680;-195,3290;93,6831;11,6459;-90,0000;88,5320;385,808;-143,231;174,673;300,000;-32,4314;-21,9628;-4,8345;26,7973;-0,0000;-32,4314;16,4712;13,4060;-33,9407;20,5419;0,0059;16,4926;6;0
0,8356;-1,5511;-195,3852;93,6706;11,7146;-90,0000;88,4489;385,950;-143,800;174,175;300,000;-32,3892;-21,9284;-4,9214;26,8498;-0,0000;-32,3892;16,4792;13,4618;-33,9319;20,4750;0,0035;16,4785;6;0
0,8382;-1,6340;-195,4414;93,6579;11,7835;-90,0000;88,3660;386,092;-144,368;173,678;300,000;-32,3470;-21,8938;-5,0084;26,9022;0,0000;-32,3470;16,4868;13,5171;-33,9235;20,4064;-0,0000;16,4868;6;0
0,8407;-1,7169;-195,4974;93,6449;11,8525;-90,0000;88,2831;386,234;-144,937;173,180;300,000;-32,3047;-21,8591;-5,0953;26,9545;-0,0000;-32,3047;16,4945;13,5727;-33,9147;20,3397;-0,0019;16,4949;6;0
0,8433;-1,7997;-195,5534;93,6317;11,9217;-90,0000;88,2003;386,376;-145,506;172,682;300,000;-32,2624;-21,8242;-5,1823;27,0065;-0,0000;-32,2624;16,5030;13,6290;-33,9049;20,2756;0,0004;16,5030;6;0
0,8458;-1,8823;-195,6093;93,6183;11,9910;-90,0000;88,1177;386,519;-146,075;172,185;300,000;-32,2201;-21,7892;-5,2692;27,0584;0,0000;-32,2201;16,5106;13,6849;-33,8955;20,2106;-0,0000;16,5106;6;0
0,8484;-1,9648;-195,6651;93,6047;12,0604;-90,0000;88,0352;386,661;-146,643;171,687;300,000;-32,1778;-21,7541;-5,3560;27,1101;-0,0000;-32,1778;16,5209;13,7395;-33,8858;20,1406;0,0114;16,5389;6;0
0,8510;-2,0472;-195,7208;93,5909;12,1300;-90,0000;87,9528;386,803;-147,212;171,190;300,000;-32,1354;-21,7188;-5,4429;27,1616;0,0001;-32,1353;16,5252;13,7966;-33,8769;20,0807;0,0003;16,5251;6;0
0,8535;-2,1296;-195,7765;93,5768;12,1996;-90,0000;87,8704;386,945;-147,781;170,692;300,000;-32,0931;-21,6834;-5,5297;27,2131;0,0000;-32,0931;16,5260;13,8548;-33,8683;20,0260;-0,0239;16,4900;6;0
0,8561;-2,2118;-195,8320;93,5625;12,2695;-90,0000;87,7882;387,087;-148,349;170,194;300,000;-32,0507;-21,6478;-5,6165;27,2643;-0,0001;-32,0508;16,5377;13,9077;-33,8583;19,9515;-0,0041;16,5373;6;0
0,8587;-2,2939;-195,8874;93,5480;12,3394;-90,0000;87,7061;387,230;-148,918;169,697;300,000;-32,0083;-21,6121;-5,7033;27,3153;-0,0000;-32,0083;16,5482;13,9618;-33,8486;19,8804;0,0121;16,5661;6;0
0,8612;-2,3759;-195,9428;93,5333;12,4095;-90,0000;87,6241;387,372;-149,487;169,199;300,000;-31,9659;-21,5762;-5,7900;27,3662;0,0000;-31,9659;16,5531;14,0179;-33,8394;19,8182;0,0074;16,5542;6;0
0,8638;-2,4577;-195,9980;93,5183;12,4797;-90,0000;87,5423;387,514;-150,056;168,701;300,000;-31,9234;-21,5402;-5,8767;27,4169;0,0000;-31,9234;16,5571;14,0738;-33,8303;19,7565;-0,0002;16,5571;6;0
0,8664;-2,5395;-196,0532;93,5032;12,5500;-90,0000;87,4605;387,656;-150,624;168,204;300,000;-31,8810;-21,5041;-5,9634;27,4675;-0,0000;-31,8810;16,5619;14,1295;-33,8211;19,6936;-0,0035;16,5612;6;0
0,8689;-2,6212;-196,1083;93,4878;12,6205;-90,0000;87,3788;387,798;-151,193;167,706;300,000;-31,8385;-21,4678;-6,0501;27,5179;0,0000;-31,8385;16,5681;14,1840;-33,8120;19,6265;-0,0004;16,5682;6;0
0,8715;-2,7027;-196,1633;93,4722;12,6911;-90,0000;87,2973;387,940;-151,762;167,209;300,000;-31,7960;-21,4314;-6,1368;27,5681;-0,0000;-31,7960;16,5733;14,2393;-33,8025;19,5632;-0,0000;16,5733;6;0
0,8740;-2,7842;-196,2181;93,4563;12,7618;-90,0000;87,2158;388,083;-152,330;166,711;300,000;-31,7536;-21,3948;-6,2234;27,6182;-0,0000;-31,7536;16,5814;14,2933;-33,7925;19,4953;0,0126;16,5761;6;0
0,8766;-2,8655;-196,2729;93,4403;12,8327;-90,0000;87,1345;388,225;-152,899;166,213;300,000;-31,7110;-21,3581;-6,3100;27,6680;0,0001;-31,7111;16,5829;14,3492;-33,7840;19,4348;-0,0000;16,5828;6;0
0,8792;-2,9467;-196,3276;93,4240;12,9037;-90,0000;87,0533;388,367;-153,468;165,716;300,000;-31,6685;-21,3212;-6,3966;27,7178;-0,0000;-31,6685;16,5815;14,4064;-33,7754;19,3810;-0,0233;16,5918;6;0
0,8817;-3,0278;-196,3822;93,4075;12,9748;-90,0000;86,9722;388,509;-154,037;165,218;300,000;-31,6260;-21,2842;-6,4831;27,7674;-0,0001;-31,6260;16,5916;14,4584;-33,7653;19,3069;0,0002;16,5919;6;0
0,8843;-3,1089;-196,4367;93,3907;13,0460;-90,0000;86,8911;388,651;-154,605;164,720;300,000;-31,5835;-21,2471;-6,5697;27,8168;0,0000;-31,5835;16,5984;14,5118;-33,7561;19,2376;0,0112;16,5933;6;0
0,8869;-3,1898;-196,4912;93,3738;13,1174;-90,0000;86,8102;388,794;-155,174;164,223;300,000;-31,5409;-21,2098;-6,6562;27,8660;-0,0000;-31,5409;16,5993;14,5679;-33,7470;19,1801;0,0002;16,5992;6;0
0,8894;-3,2705;-196,5455;93,3566;13,1889;-90,0000;86,7295;388,936;-155,743;163,725;300,000;-31,4984;-21,1724;-6,7427;27,9151;0,0000;-31,4984;16,6028;14,6221;-33,7378;19,1157;0,0000;16,6028;6;0
0,8920;-3,3512;-196,5997;93,3392;13,2605;-90,0000;86,6488;389,078;-156,311;163,227;300,000;-31,4558;-21,1349;-6,8291;27,9640;0,0000;-31,4558;16,6046;14,6766;-33,7291;19,0531;-0,0058;16,6025;6;0
0,8945;-3,4318;-196,6538;93,3216;13,3322;-90,0000;86,5682;389,220;-156,880;162,730;300,000;-31,4133;-21,0972;-6,9156;28,0128;-0,0000;-31,4133;16,6091;14,7307;-33,7195;18,9889;0,0000;16,6090;6;0
0,8971;-3,5123;-196,7079;93,3038;13,4041;-90,0000;86,4877;389,362;-157,449;162,232;300,000;-31,3707;-21,0594;-7,0020;28,0614;0,0000;-31,3707;17,7642;15,5550;-33,4462;17,8870;0,0106;17,7682;6;0
0,8997;-3,5926;-196,7618;93,2857;13,4761;-90,0000;86,4074;389,504;-158,018;161,735;300,000;-31,3222;-21,0174;-7,0870;28,1045;0,0000;-31,3222;35,0928;27,2267;-29,4068;2,1802;-0,0004;35,0929;6;0
0,9022;-3,6728;-196,8156;93,2674;13,5482;-90,0000;86,3272;389,647;-158,586;161,237;299,887;-31,1908;-20,9198;-7,1527;28,0725;-0,0000;-31,1908;70,8768;51,2513;-20,9015;-30,3473;-0,0050;70,8748;6;0
0,9048;-3,7525;-196,8690;93,2490;13,6200;-90,0000;86,2475;389,788;-159,152;160,742;298,294;-30,9589;-20,7547;-7,1942;27,9489;0,0000;-30,9589;94,9742;67,4026;-14,7672;-52,6381;-0,0005;94,9745;6;0
0,9074;-3,8315;-196,9220;93,2306;13,6914;-90,0000;86,1685;389,928;-159,713;160,251;296,243;-30,7039;-20,5743;-7,2284;27,8027;-0,0000;-30,7039;99,2988;70,2780;-13,0218;-57,2562;-0,0000;99,2988;6;0
0,9099;-3,9099;-196,9745;93,2120;13,7625;-90,0000;86,0901;390,068;-160,271;159,763;294,193;-30,4498;-20,3944;-7,2609;27,6554;-0,0000;-30,4498;98,9705;70,0256;-12,3349;-57,6938;0,0175;98,9591;6;0
0,9125;-3,9876;-197,0265;93,1933;13,8332;-90,0000;86,0124;390,206;-160,825;159,278;292,142;-30,1966;-20,2153;-7,2917;27,5069;0,0001;-30,1966;98,6356;69,7749;-11,6558;-58,1192;-0,0000;98,6354;6;0
0,9151;-4,0647;-197,0781;93,1746;13,9035;-90,0000;85,9353;390,344;-161,375;158,797;290,092;-29,9442;-20,0368;-7,3207;27,3574;-0,0000;-29,9442;98,2992;69,5261;-10,9814;-58,5308;-0,0319;98,3211;6;0
0,9176;-4,1411;-197,1293;93,1558;13,9734;-90,0000;85,8589;390,480;-161,921;158,319;288,041;-29,6926;-19,8589;-7,3480;27,2069;-0,0001;-29,6926;97,9809;69,2712;-10,3096;-58,9617;0,0007;97,9813;6;0
0,9202;-4,2169;-197,1799;93,1369;14,0430;-90,0000;85,7831;390,616;-162,463;157,845;285,991;-29,4419;-19,6816;-7,3735;27,0552;0,0000;-29,4419;97,6602;69,0181;-9,6442;-59,3821;0,0153;97,6494;6;0
0,9227;-4,2921;-197,2301;93,1180;14,1121;-90,0000;85,7079;390,750;-163,001;157,374;283,940;-29,1920;-19,5051;-7,3974;26,9025;-0,0000;-29,1920;97,3342;68,7688;-8,9842;-59,7824;-0,0003;97,3344;6;0
0,9253;-4,3666;-197,2799;93,0990;14,1809;-90,0000;85,6334;390,884;-163,536;156,906;281,890;-28,9429;-19,3291;-7,4196;26,7487;0,0000;-28,9429;97,0142;68,5169;-8,3292;-60,1877;0,0000;97,0142;6;0
0,9279;-4,4404;-197,3292;93,0800;14,2493;-90,0000;85,5596;391,017;-164,066;156,442;279,839;-28,6947;-19,1538;-7,4401;26,5939;0,0000;-28,6947;96,6956;68,2652;-7,6798;-60,5882;-0,0032;96,6911;6;0
0,9304;-4,5137;-197,3781;93,0609;14,3172;-90,0000;85,4863;391,148;-164,593;155,981;277,788;-28,4472;-18,9792;-7,4590;26,4381;-0,0000;-28,4473;96,3807;68,0146;-7,0340;-60,9806;0,0000;96,3807;6;0
0,9330;-4,5863;-197,4265;93,0417;14,3848;-90,0000;85,4137;391,279;-165,115;155,524;275,738;-28,2006;-18,8051;-7,4762;26,2813;0,0000;-28,2006;96,0684;67,7636;-6,3935;-61,3704;0,0049;96,0760;6;0
0,9356;-4,6582;-197,4745;93,0226;14,4520;-90,0000;85,3418;391,409;-165,634;155,070;273,687;-27,9548;-18,6318;-7,4917;26,1235;0,0000;-27,9547;95,7558;67,5132;-5,7589;-61,7543;-0,0001;95,7558;6;0
0,9381;-4,7296;-197,5220;93,0033;14,5187;-90,0000;85,2704;391,537;-166,149;154,620;271,637;-27,7097;-18,4590;-7,5057;25,9647;-0,0000;-27,7097;95,4462;67,2633;-5,1290;-62,1333;-0,0020;95,4426;6;0
0,9407;-4,8003;-197,5691;92,9841;14,5851;-90,0000;85,1997;391,665;-166,660;154,172;269,586;-27,4655;-18,2870;-7,5180;25,8050;0,0000;-27,4655;95,1398;67,0132;-4,5040;-62,5094;0,0000;95,1398;6;0
0,9432;-4,8704;-197,6158;92,9648;14,6510;-90,0000;85,1296;391,792;-167,167;153,729;267,536;-27,2220;-18,1155;-7,5288;25,6443;-0,0000;-27,2220;94,8351;66,7638;-3,8840;-62,8798;-0,0000;94,8351;6;0
0,9458;-4,9398;-197,6620;92,9455;14,7165;-90,0000;85,0602;391,918;-167,671;153,288;265,485;-26,9793;-17,9447;-7,5379;25,4827;-0,0000;-26,9793;94,5327;66,5148;-3,2690;-63,2457;0,0003;94,5327;6;0
0,9484;-5,0087;-197,7078;92,9261;14,7816;-90,0000;84,9913;392,043;-168,170;152,851;263,435;-26,7374;-17,7745;-7,5455;25,3201;0,0000;-26,7374;94,2325;66,2663;-2,6591;-63,6072;0,0000;94,2325;6;0
0,9509;-5,0769;-197,7531;92,9068;14,8463;-90,0000;84,9231;392,166;-168,666;152,418;261,384;-26,4962;-17,6050;-7,5516;25,1566;-0,0000;-26,4962;93,9344;66,0184;-2,0541;-63,9638;-0,0003;93,9345;6;0
0,9535;-5,1445;-197,7980;92,8874;14,9106;-90,0000;84,8555;392,289;-169,157;151,987;259,334;-26,2558;-17,4361;-7,5561;24,9922;-0,0000;-26,2558;93,6388;65,7708;-1,4542;-64,3167;0,0000;93,6388;6;0
0,9561;-5,2115;-197,8425;92,8681;14,9744;-90,0000;84,7885;392,411;-169,645;151,561;257,283;-26,0162;-17,2678;-7,5590;24,8269;0,0000;-26,0162;93,3453;65,5239;-0,8593;-64,6651;-0,0005;93,3452;6;0
0,9586;-5,2779;-197,8866;92,8487;15,0379;-90,0000;84,7221;392,532;-170,129;151,137;255,232;-25,7773;-17,1002;-7,5605;24,6607;-0,0000;-25,7773;93,0543;65,2777;-0,2691;-65,0086;-0,0000;93,0543;6;0
0,9612;-5,3436;-197,9302;92,8293;15,1009;-90,0000;84,6564;392,652;-170,609;150,717;253,182;-25,5392;-16,9332;-7,5604;24,4936;-0,0000;-25,5392;92,7656;65,0320;0,3159;-65,3484;0,0006;92,7658;6;0
0,9638;-5,4088;-197,9734;92,8099;15,1634;-90,0000;84,5912;392,771;-171,085;150,301;251,131;-25,3018;-16,7668;-7,5589;24,3257;0,0000;-25,3018;92,4789;64,7872;0,8960;-65,6832;-0,0000;92,4789;6;0
0,9663;-5,4733;-198,0161;92,7906;15,2256;-90,0000;84,5267;392,889;-171,557;149,888;249,081;-25,0651;-16,6011;-7,5558;24,1569;-0,0000;-25,0651;92,1947;64,5432;1,4713;-66,0135;0,0002;92,1945;6;0
0,9689;-5,5373;-198,0585;92,7712;15,2873;-90,0000;84,4627;393,006;-172,025;149,478;247,030;-24,8292;-16,4360;-7,5513;23,9873;0,0000;-24,8292;91,9127;64,2996;2,0413;-66,3409;0,0000;91,9127;6;0
0,9714;-5,6006;-198,1004;92,7518;15,3485;-90,0000;84,3994;393,122;-172,490;149,071;244,980;-24,5939;-16,2715;-7,5454;23,8168;-0,0000;-24,5939;91,6331;64,0568;2,6064;-66,6643;0,0002;91,6331;6;0
0,9740;-5,6634;-198,1419;92,7325;15,4094;-90,0000;84,3366;393,238;-172,950;148,669;242,929;-24,3594;-16,1076;-7,5380;23,6455;0,0000;-24,3594;91,3558;63,8152;3,1669;-66,9821;0,0000;91,3558;6;0
0,9766;-5,7255;-198,1830;92,7132;15,4697;-90,0000;84,2745;393,352;-173,407;148,269;240,879;-24,1256;-15,9443;-7,5291;23,4734;0,0000;-24,1256;91,0807;63,5745;3,7225;-67,2954;-0,0005;91,0810;6;0
0,9791;-5,7870;-198,2236;92,6939;15,5297;-90,0000;84,2130;393,465;-173,860;147,873;238,828;-23,8925;-15,7817;-7,5189;23,3005;-0,0000;-23,8925;90,8082;63,3342;4,2727;-67,6069;0,0000;90,8082;6;0
0,9817;-5,8480;-198,2639;92,6747;15,5892;-90,0000;84,1520;393,577;-174,309;147,480;236,778;-23,6601;-15,6196;-7,5072;23,1269;0,0000;-23,6601;90,5378;63,0949;4,8181;-67,9140;-0,0003;90,5374;6;0
0,9843;-5,9083;-198,3037;92,6554;15,6483;-90,0000;84,0917;393,688;-174,754;147,091;234,727;-23,4284;-15,4582;-7,4942;22,9524;-0,0000;-23,4284;90,2699;62,8569;5,3589;-68,2158;-0,0000;90,2699;6;0
0,9868;-5,9681;-198,3431;92,6362;15,7069;-90,0000;84,0319;393,799;-175,195;146,705;232,676;-23,1973;-15,2974;-7,4797;22,7772;-0,0000;-23,1973;90,0044;62,6197;5,8946;-68,5143;0,0004;90,0045;6;0
0,9894;-6,0273;-198,3821;92,6171;15,7650;-90,0000;83,9727;393,908;-175,632;146,322;230,626;-22,9670;-15,1372;-7,4640;22,6012;0,0000;-22,9670;89,7410;62,3836;6,4254;-68,8089;-0,0000;89,7410;6;0
0,9920;-6,0858;-198,4207;92,5980;15,8227;-90,0000;83,9142;394,016;-176,065;145,943;228,575;-22,7373;-14,9776;-7,4468;22,4244;-0,0000;-22,7373;89,4801;62,1485;6,9513;-69,0997;-0,0000;89,4801;6;0
0,9945;-6,1438;-198,4589;92,5789;15,8800;-90,0000;83,8562;394,124;-176,495;145,567;226,525;-22,5083;-14,8186;-7,4283;22,2469;0,0000;-22,5083;89,2215;61,9145;7,4723;-69,3865;-0,0002;89,2215;6;0
0,9971;-6,2012;-198,4967;92,5599;15,9368;-90,0000;83,7988;394,230;-176,920;145,195;224,474;-22,2799;-14,6602;-7,4085;22,0687;-0,0000;-22,2799;88,9654;61,6816;7,9884;-69,6699;-0,0000;88,9654;6;0
0,9996;-6,2580;-198,5340;92,5409;15,9931;-90,0000;83,7420;394,335;-177,342;144,826;222,424;-22,0522;-14,5024;-7,3874;21,8898;-0,0000;-22,0522;88,7116;61,4497;8,4996;-69,9498;0,0003;88,7116;6;0
1,0022;-6,3143;-198,5710;92,5220;16,0490;-90,0000;83,6857;394,440;-177,760;144,460;220,373;-21,8251;-14,3452;-7,3649;21,7101;0,0000;-21,8251;88,4601;61,2192;9,0060;-70,2252;0,0000;88,4601;6;0
1,0048;-6,3699;-198,6076;92,5032;16,1044;-90,0000;83,6301;394,543;-178,173;144,098;218,323;-21,5987;-14,1886;-7,3412;21,5298;-0,0000;-21,5987;88,2110;60,9898;9,5075;-70,4971;-0,0002;88,2110;6;0
1,0073;-6,4250;-198,6437;92,4844;16,1593;-90,0000;83,5750;394,646;-178,583;143,740;216,272;-21,3729;-14,0326;-7,3162;21,3487;0,0000;-21,3729;87,9643;60,7616;10,0041;-70,7657;-0,0000;87,9643;6;0
1,0099;-6,4795;-198,6795;92,4657;16,2138;-90,0000;83,5205;394,747;-178,989;143,384;214,222;-21,1478;-13,8771;-7,2899;21,1670;-0,0000;-21,1478;87,7199;60,5347;10,4957;-71,0308;-0,0005;87,7200;6;0
1,0125;-6,5334;-198,7149;92,4470;16,2679;-90,0000;83,4666;394,848;-179,392;143,032;212,171;-20,9233;-13,7222;-7,2624;20,9846;-0,0000;-20,9233;87,4781;60,3091;10,9828;-71,2918;0,0000;87,4780;6;0
1,0150;-6,5867;-198,7499;92,4284;16,3214;-90,0000;83,4133;394,948;-179,790;142,684;210,121;-20,6993;-13,5679;-7,2336;20,8015;0,0000;-20,6993;87,2387;60,0849;11,4651;-71,5490;0,0010;87,2385;6;0
1,0176;-6,6395;-198,7844;92,4099;16,3745;-90,0000;83,3605;395,046;-180,184;142,339;208,070;-20,4760;-13,4142;-7,2036;20,6178;0,0000;-20,4760;87,0013;59,8618;11,9420;-71,8038;-0,0000;87,0013;6;0
1,0201;-6,6917;-198,8186;92,3915;16,4271;-90,0000;83,3083;395,144;-180,575;141,997;206,019;-20,2533;-13,2611;-7,1724;20,4335;0,0000;-20,2533;86,7664;59,6401;12,4142;-72,0549;-0,0004;86,7665;6;0
1,0227;-6,7433;-198,8524;92,3732;16,4792;-90,0000;83,2567;395,240;-180,962;141,659;203,969;-20,0312;-13,1085;-7,1400;20,2484;0,0000;-20,0312;86,5341;59,4200;12,8819;-72,3019;-0,0000;86,5341;6;0
1,0253;-6,7944;-198,8858;92,3549;16,5309;-90,0000;83,2056;395,336;-181,344;141,324;201,918;-19,8097;-12,9565;-7,1064;20,0628;-0,0000;-19,8097;86,3040;59,2012;13,3446;-72,5457;-0,0001;86,3041;6;0
1,0278;-6,8449;-198,9188;92,3367;16,5821;-90,0000;83,1551;395,431;-181,723;140,992;199,868;-19,5888;-12,8050;-7,0716;19,8766;-0,0000;-19,5888;86,0767;58,9835;13,8023;-72,7875;0,0012;86,0768;6;0
1,0304;-6,8948;-198,9515;92,3187;16,6328;-90,0000;83,1052;395,525;-182,098;140,664;197,817;-19,3685;-12,6541;-7,0356;19,6897;0,0000;-19,3685;85,8512;58,7679;14,2555;-73,0234;0,0000;85,8512;6;0
1,0330;-6,9442;-198,9837;92,3007;16,6830;-90,0000;83,0558;395,617;-182,470;140,339;195,767;-19,1487;-12,5037;-6,9985;19,5022;-0,0000;-19,1487;85,6277;58,5541;14,7040;-73,2548;-0,0026;85,6271;6;0
1,0355;-6,9930;-199,0156;92,2828;16,7328;-90,0000;83,0070;395,709;-182,837;140,018;193,716;-18,9295;-12,3539;-6,9602;19,3141;-0,0000;-18,9295;85,4079;58,3407;15,1471;-73,4878;0,0000;85,4079;6;0
1,0381;-7,0412;-199,0470;92,2650;16,7820;-90,0000;82,9588;395,800;-183,200;139,700;191,666;-18,7109;-12,2046;-6,9208;19,1255;0,0000;-18,7109;85,1901;58,1291;15,5856;-73,7162;0,0015;85,1913;6;0
1,0407;-7,0889;-199,0781;92,2473;16,8308;-90,0000;82,9111;395,890;-183,560;139,385;189,615;-18,4928;-12,0559;-6,8803;18,9363;0,0000;-18,4928;84,9741;57,9196;16,0195;-73,9391;-0,0000;84,9741;6;0
1,0432;-7,1360;-199,1088;92,2297;16,8791;-90,0000;82,8640;395,979;-183,915;139,074;187,565;-18,2753;-11,9077;-6,8387;18,7464;0,0000;-18,2753;84,7608;57,7114;16,4484;-74,1601;-0,0000;84,7603;6;0
1,0458;-7,1826;-199,1392;92,2122;16,9269;-90,0000;82,8174;396,067;-184,267;138,767;185,514;-18,0583;-11,7601;-6,7960;18,5561;0,0000;-18,0583;84,5499;57,5049;16,8726;-74,3776;-0,0000;84,5499;6;0
1,0483;-7,2286;-199,1691;92,1949;16,9742;-90,0000;82,7714;396,154;-184,615;138,462;183,463;-17,8418;-11,6129;-6,7522;18,3652;-0,0000;-17,8418;84,3414;57,3000;17,2920;-74,5920;-0,0001;84,3414;6;0
1,0509;-7,2740;-199,1987;92,1776;17,0211;-90,0000;82,7260;396,240;-184,959;138,161;181,413;-17,6259;-11,4663;-6,7074;18,1737;-0,0000;-17,6259;84,1358;57,0961;17,7062;-74,8063;0,0022;84,1362;6;0
1,0535;-7,3189;-199,2279;92,1605;17,0674;-90,0000;82,6811;396,325;-185,299;137,864;179,362;-17,4105;-11,3202;-6,6615;17,9817;0,0000;-17,4105;83,9316;56,8952;18,1164;-75,0116;0,0000;83,9316;6;0
1,0560;-7,3633;-199,2567;92,1435;17,1132;-90,0000;82,6367;396,409;-185,635;137,570;177,312;-17,1957;-11,1747;-6,6145;17,7892;-0,0000;-17,1957;83,7292;56,6967;18,5224;-75,2110;-0,0045;83,7285;6;0
1,0586;-7,4071;-199,2852;92,1266;17,1586;-90,0000;82,5929;396,492;-185,967;137,279;175,261;-16,9813;-11,0296;-6,5665;17,5961;-0,0000;-16,9813;83,5314;56,4972;18,9217;-75,4193;0,0005;83,5323;6;0
1,0612;-7,4503;-199,3133;92,1098;17,2035;-90,0000;82,5497;396,574;-186,295;136,992;173,211;-16,7674;-10,8850;-6,5175;17,4025;0,0000;-16,7674;83,3353;56,3002;19,3167;-75,6210;0,0022;83,3356;6;0
1,0637;-7,4930;-199,3410;92,0932;17,2478;-90,0000;82,5070;396,655;-186,620;136,708;171,160;-16,5541;-10,7410;-6,4675;17,2085;-0,0000;-16,5541;83,1404;56,1064;19,7080;-75,8135;-0,0010;83,1386;6;0
1,0663;-7,5352;-199,3683;92,0767;17,2917;-90,0000;82,4648;396,735;-186,940;136,427;169,110;-16,3412;-10,5974;-6,4165;17,0139;-0,0000;-16,3412;82,9488;55,9135;20,0939;-76,0073;0,0000;82,9488;6;0
1,0688;-7,5768;-199,3953;92,0603;17,3350;-90,0000;82,4232;396,814;-187,257;136,150;167,059;-16,1289;-10,4544;-6,3645;16,8188;-0,0000;-16,1289;82,7595;55,7224;20,4750;-76,1979;0,0005;82,7605;6;0
1,0714;-7,6179;-199,4219;92,0440;17,3779;-90,0000;82,3821;396,892;-187,570;135,876;165,009;-15,9170;-10,3118;-6,3115;16,6233;-0,0000;-15,9170;82,5736;55,5322;20,8509;-76,3894;0,0051;82,5741;6;0
1,0740;-7,6584;-199,4482;92,0279;17,4202;-90,0000;82,3416;396,970;-187,879;135,606;162,958;-15,7056;-10,1697;-6,2576;16,4272;0,0000;-15,7056;82,3878;55,3460;21,2231;-76,5691;0,0000;82,3877;6;0
1,0765;-7,6984;-199,4741;92,0120;17,4621;-90,0000;82,3016;397,046;-188,184;135,339;160,908;-15,4946;-10,0280;-6,2027;16,2307;-0,0000;-15,4946;82,2032;55,1627;21,5912;-76,7412;-0,0102;82,2022;6;0
1,0791;-7,7378;-199,4996;91,9961;17,5035;-90,0000;82,2622;397,121;-188,485;135,076;158,857;-15,2842;-9,8869;-6,1469;16,0338;-0,0000;-15,2842;82,0257;54,9770;21,9522;-76,9292;-0,0000;82,0258;6;0
1,0817;-7,7768;-199,5247;91,9805;17,5443;-90,0000;82,2232;397,196;-188,782;134,816;156,806;-15,0741;-9,7462;-6,0902;15,8364;-0,0000;-15,0741;81,8497;54,7942;22,3089;-77,1101;0,0058;81,8513;6;0
1,0842;-7,8151;-199,5495;91,9649;17,5846;-90,0000;82,1849;397,269;-189,076;134,559;154,756;-14,8646;-9,6060;-6,0325;15,6385;0,0000;-14,8646;81,6732;54,6157;22,6622;-77,2779;0,0000;81,6732;6;0
1,0868;-7,8530;-199,5740;91,9495;17,6245;-90,0000;82,1470;397,341;-189,365;134,306;152,705;-14,6555;-9,4662;-5,9740;15,4402;-0,0000;-14,6555;81,5002;54,4382;23,0103;-77,4470;-0,0013;81,4977;6;0
1,0894;-7,8903;-199,5981;91,9343;17,6638;-90,0000;82,1097;397,413;-189,651;134,056;150,655;-14,4468;-9,3269;-5,9146;15,2415;-0,0000;-14,4468;81,3302;54,2621;23,3533;-77,6155;0,0000;81,3302;6;0
1,0919;-7,9270;-199,6218;91,9192;17,7026;-90,0000;82,0730;397,483;-189,932;133,809;148,604;-14,2385;-9,1881;-5,8543;15,0423;-0,0000;-14,2385;81,1624;54,0882;23,6917;-77,7808;0,0005;81,1638;6;0
1,0945;-7,9632;-199,6452;91,9043;17,7409;-90,0000;82,0368;397,553;-190,210;133,566;146,554;-14,0307;-9,0496;-5,7931;14,8428;-0,0000;-14,0307;80,9967;53,9165;24,0255;-77,9420;0,0000;80,9967;6;0
1,0970;-7,9989;-199,6682;91,8895;17,7787;-90,0000;82,0011;397,621;-190,484;133,326;144,503;-13,8233;-8,9117;-5,7311;14,6428;-0,0000;-13,8233;80,8335;53,7468;24,3545;-78,1011;0,0001;80,8334;6;0
1,0996;-8,0341;-199,6909;91,8749;17,8160;-90,0000;81,9659;397,689;-190,754;133,090;142,453;-13,6163;-8,7741;-5,6683;14,4424;-0,0000;-13,6163;80,6720;53,5783;24,6776;-78,2609;-0,0029;80,6727;6;0
1,1022;-8,0687;-199,7132;91,8605;17,8527;-90,0000;81,9313;397,755;-191,020;132,857;140,402;-13,4098;-8,6370;-5,6046;14,2416;-0,0000;-13,4098;80,5142;53,4133;24,9983;-78,4116;0,0000;80,5142;6;0
1,1047;-8,1029;-199,7351;91,8462;17,8890;-90,0000;81,8971;397,821;-191,283;132,628;138,351;-13,2036;-8,5003;-5,5401;14,0404;0,0000;-13,2036;80,3591;53,2512;25,3154;-78,5557;0,0042;80,3610;6;0
1,1073;-8,1364;-199,7568;91,8321;17,9247;-90,0000;81,8636;397,885;-191,541;132,402;136,301;-12,9978;-8,3640;-5,4748;13,8389;0,0000;-12,9978;80,2044;53,0881;25,6232;-78,7113;-0,0000;80,2044;6;0
1,1099;-8,1695;-199,7780;91,8181;17,9599;-90,0000;81,8305;397,949;-191,796;132,179;134,250;-12,7924;-8,2282;-5,4088;13,6369;0,0000;-12,7924;80,0530;52,9276;25,9273;-78,8623;-0,0001;80,0469;6;0
1,1124;-8,2020;-199,7989;91,8043;17,9946;-90,0000;81,7980;398,012;-192,046;131,960;132,200;-12,5874;-8,0927;-5,3419;13,4346;0,0000;-12,5874;79,9041;52,7714;26,2292;-79,0006;-0,0000;79,9041;6;0
1,1150;-8,2340;-199,8195;91,7907;18,0288;-90,0000;81,7660;398,073;-192,293;131,744;130,149;-12,3828;-7,9576;-5,2743;13,2319;0,0000;-12,3828;79,7572;52,6165;26,5255;-79,1398;-0,0010;79,7611;6;0
1,1175;-8,2655;-199,8397;91,7773;18,0624;-90,0000;81,7345;398,134;-192,536;131,531;128,099;-12,1786;-7,8230;-5,2059;13,0289;0,0000;-12,1786;79,6132;52,4631;26,8165;-79,2796;-0,0000;79,6132;6;0
1,1201;-8,2964;-199,8596;91,7640;18,0956;-90,0000;81,7036;398,194;-192,775;131,322;126,048;-11,9747;-7,6887;-5,1368;12,8255;0,0000;-11,9747;79,4713;52,3121;27,1029;-79,4157;-0,0001;79,4709;6;0
1,1227;-8,3269;-199,8791;91,7510;18,1282;-90,0000;81,6731;398,252;-193,010;131,116;123,998;-11,7712;-7,5548;-5,0670;12,6218;0,0000;-11,7712;79,3336;52,1650;27,3876;-79,5417;0,0082;79,3330;6;0
1,1252;-8,3568;-199,8983;91,7381;18,1603;-90,0000;81,6432;398,310;-193,241;130,914;121,947;-11,5680;-7,4213;-4,9964;12,4178;0,0000;-11,5680;79,1945;52,0170;27,6620;-79,6789;-0,0002;79,1945;6;0
1,1278;-8,3862;-199,9172;91,7253;18,1918;-90,0000;81,6138;398,367;-193,468;130,715;119,897;-11,3652;-7,2881;-4,9252;12,2133;-0,0000;-11,3652;79,0558;51,8698;27,9290;-79,8205;-0,0163;79,0572;6;0
1,1304;-8,4150;-199,9357;91,7128;18,2229;-90,0000;81,5850;398,423;-193,692;130,520;117,846;-11,1627;-7,1554;-4,8533;12,0086;-0,0000;-11,1627;78,9272;51,7306;28,2022;-79,9328;0,0000;78,9272;6;0
1,1329;-8,4434;-199,9539;91,7005;18,2534;-90,0000;81,5566;398,478;-193,911;130,328;115,796;-10,9606;-7,0229;-4,7806;11,8036;0,0000;-10,9606;78,7992;51,5920;28,4679;-80,0498;0,0092;78,7993;6;0
1,1355;-8,4712;-199,9717;91,6883;18,2834;-90,0000;81,5288;398,532;-194,127;130,139;113,745;-10,7588;-6,8909;-4,7073;11,5982;0,0000;-10,7588;78,6692;51,4531;28,7236;-80,1767;-0,0000;78,6693;6;0
1,1381;-8,4986;-199,9892;91,6763;18,3129;-90,0000;81,5014;398,585;-194,339;129,954;111,694;-10,5573;-6,7592;-4,6334;11,3926;-0,0000;-10,5573;78,5433;51,3180;28,9774;-80,2937;-0,0020;78,5417;6;0
1,1406;-8,5254;-200,0063;91,6645;18,3418;-90,0000;81,4746;398,637;-194,546;129,772;109,644;-10,3561;-6,6278;-4,5588;11,1866;-0,0000;-10,3561;78,4207;51,1846;29,2262;-80,4109;0,0000;78,4207;6;0
1,1432;-8,5516;-200,0232;91,6530;18,3702;-90,0000;81,4484;398,688;-194,750;129,593;107,593;-10,1553;-6,4968;-4,4835;10,9803;-0,0000;-10,1553;78,3001;51,0536;29,4705;-80,5250;0,0009;78,3011;6;0
1,1457;-8,5774;-200,0397;91,6416;18,3981;-90,0000;81,4226;398,738;-194,950;129,418;105,543;-9,9547;-6,3661;-4,4077;10,7738;-0,0000;-9,9547;78,1829;50,9244;29,7098;-80,6393;0,0062;78,1843;6;0
1,1483;-8,6027;-200,0558;91,6304;18,4254;-90,0000;81,3973;398,787;-195,147;129,247;103,492;-9,7545;-6,2357;-4,3312;10,5670;0,0000;-9,7545;78,0654;50,7991;29,9451;-80,7440;0,0001;78,0653;6;0
1,1509;-8,6274;-200,0716;91,6194;18,4523;-90,0000;81,3726;398,835;-195,339;129,078;101,442;-9,5545;-6,1057;-4,2542;10,3599;-0,0000;-9,5545;77,9493;50,6773;30,1766;-80,8411;-0,0102;77,9431;6;0
1,1534;-8,6517;-200,0871;91,6086;18,4785;-90,0000;81,3483;398,882;-195,527;128,914;99,391;-9,3549;-5,9759;-4,1765;10,1525;-0,0000;-9,3549;77,8402;50,5536;30,4009;-80,9545;0,0000;77,8403;6;0
1,1560;-8,6754;-200,1023;91,5979;18,5043;-90,0000;81,3246;398,928;-195,712;128,752;97,341;-9,1555;-5,8465;-4,0983;9,9449;-0,0000;-9,1555;77,7316;50,4328;30,6202;-81,0631;0,0020;77,7398;6;0
1,1586;-8,6986;-200,1171;91,5875;18,5295;-90,0000;81,3014;398,973;-195,893;128,594;95,290;-8,9564;-5,7174;-4,0196;9,7370;-0,0000;-8,9564;77,6246;50,3173;30,8379;-81,1560;0,0007;77,6256;6;0
1,1611;-8,7213;-200,1316;91,5773;18,5542;-90,0000;81,2787;399,017;-196,069;128,439;93,240;-8,7576;-5,5886;-3,9403;9,5288;0,0000;-8,7576;77,5205;50,2032;31,0502;-81,2509;0,0021;77,5170;6;0
1,1637;-8,7435;-200,1457;91,5673;18,5784;-90,0000;81,2565;399,061;-196,242;128,288;91,189;-8,5590;-5,4601;-3,8604;9,3205;-0,0000;-8,5590;77,4176;50,0910;31,2566;-81,3459;-0,0013;77,4153;6;0
1,1662;-8,7652;-200,1596;91,5576;18,6020;-90,0000;81,2348;399,103;-196,411;128,140;89,138;-8,3607;-5,3318;-3,7800;9,1118;-0,0000;-8,3607;77,3181;49,9810;31,4586;-81,4396;0,0000;77,3181;6;0
1,1688;-8,7863;-200,1731;91,5480;18,6251;-90,0000;81,2137;399,144;-196,576;127,996;87,088;-8,1626;-5,2038;-3,6991;8,9030;-0,0000;-8,1626;77,2208;49,8734;31,6560;-81,5304;0,0005;77,2219;6;0
1,1714;-8,8070;-200,1862;91,5386;18,6476;-90,0000;81,1930;399,184;-196,737;127,855;85,037;-7,9648;-5,0761;-3,6177;8,6939;-0,0000;-7,9648;77,1258;49,7683;31,8488;-81,6190;0,0014;77,1269;6;0
1,1739;-8,8272;-200,1991;91,5294;18,6697;-90,0000;81,1728;399,224;-196,895;127,717;82,987;-7,7673;-4,9487;-3,5359;8,4846;0,0000;-7,7673;77,0327;49,6660;32,0372;-81,7031;0,0001;77,0327;6;0
1,1765;-8,8468;-200,2116;91,5205;18,6911;-90,0000;81,1532;399,262;-197,048;127,583;80,936;-7,5699;-4,8215;-3,4535;8,2750;-0,0000;-7,5699;76,9415;49,5665;32,2211;-81,7837;-0,0027;76,9393;6;0
1,1791;-8,8660;-200,2238;91,5117;18,7121;-90,0000;81,1340;399,299;-197,198;127,452;78,886;-7,3728;-4,6946;-3,3707;8,0653;-0,0000;-7,3729;76,8540;49,4682;32,3995;-81,8677;0,0000;76,8540;6;0
1,1816;-8,8846;-200,2357;91,5032;18,7325;-90,0000;81,1154;399,336;-197,343;127,325;76,835;-7,1760;-4,5679;-3,2874;7,8554;-0,0000;-7,1760;76,7684;49,3725;32,5734;-81,9481;0,0011;76,7698;6;0
1,1842;-8,9028;-200,2472;91,4949;18,7523;-90,0000;81,0972;399,371;-197,485;127,200;74,785;-6,9793;-4,4415;-3,2037;7,6452;-0,0000;-6,9793;76,6846;49,2800;32,7432;-82,0232;0,0000;76,6846;6;0
1,1868;-8,9204;-200,2584;91,4868;18,7717;-90,0000;81,0796;399,406;-197,623;127,080;72,734;-6,7829;-4,3153;-3,1196;7,4349;0,0000;-6,7829;76,6034;49,1896;32,9081;-82,0977;0,0001;76,6032;6;0
1,1893;-8,9375;-200,2693;91,4789;18,7905;-90,0000;81,0625;399,439;-197,757;126,963;70,684;-6,5866;-4,1893;-3,0350;7,2243;-0,0000;-6,5866;76,5245;49,1016;33,0683;-82,1703;0,0004;76,5252;6;0
1,1919;-8,9542;-200,2799;91,4712;18,8087;-90,0000;81,0458;399,472;-197,887;126,849;68,633;-6,3906;-4,0636;-2,9500;7,0136;0,0000;-6,3906;76,4478;49,0162;33,2239;-82,2401;0,0000;76,4478;6;0
1,1944;-8,9703;-200,2902;91,4638;18,8264;-90,0000;81,0297;399,503;-198,013;126,738;66,583;-6,1947;-3,9381;-2,8647;6,8028;-0,0000;-6,1947;76,3733;48,9333;33,3748;-82,3074;-0,0008;76,3719;6;0
1,1970;-8,9859;-200,3001;91,4565;18,8436;-90,0000;81,0141;399,534;-198,136;126,631;64,532;-5,9990;-3,8127;-2,7790;6,5917;-0,0000;-5,9990;76,3014;48,8527;33,5210;-82,3737;0,0000;76,3015;6;0
1,1996;-9,0011;-200,3097;91,4495;18,8602;-90,0000;80,9989;399,564;-198,254;126,528;62,481;-5,8036;-3,6876;-2,6929;6,3805;0,0000;-5,8036;76,2319;48,7746;33,6625;-82,4378;0,0007;76,2332;6;0
1,2021;-9,0157;-200,3190;91,4427;18,8763;-90,0000;80,9843;399,592;-198,369;126,427;60,431;-5,6083;-3,5627;-2,6064;6,1691;0,0000;-5,6082;76,1643;48,6992;33,7995;-82,4986;-0,0000;76,1643;6;0
1,2047;-9,0298;-200,3280;91,4361;18,8918;-90,0000;80,9702;399,620;-198,479;126,331;58,380;-5,4131;-3,4380;-2,5196;5,9576;-0,0000;-5,4131;76,0991;48,6263;33,9318;-82,5573;-0,0007;76,0979;6;0
1,2073;-9,0434;-200,3366;91,4298;18,9068;-90,0000;80,9566;399,647;-198,586;126,237;56,330;-5,2181;-3,3134;-2,4324;5,7459;-0,0000;-5,2181;76,0364;48,5556;34,0594;-82,6150;0,0000;76,0364;6;0
1,2098;-9,0565;-200,3450;91,4237;18,9213;-90,0000;80,9435;399,672;-198,689;126,147;54,279;-5,0233;-3,1891;-2,3450;5,5340;0,0000;-5,0233;75,9760;48,4875;34,1823;-82,6704;0,0006;75,9771;6;0
1,2124;-9,0692;-200,3530;91,4178;18,9352;-90,0000;80,9308;399,697;-198,788;126,060;52,229;-4,8287;-3,0649;-2,2572;5,3221;0,0000;-4,8287;75,9177;48,4222;34,3006;-82,7228;-0,0000;75,9177;6;0
1,2149;-9,0813;-200,3607;91,4121;18,9486;-90,0000;80,9187;399,721;-198,883;125,977;50,178;-4,6341;-2,9408;-2,1691;5,1100;-0,0000;-4,6341;75,8616;48,3593;34,4143;-82,7731;-0,0005;75,8608;6;0
1,2175;-9,0929;-200,3681;91,4067;18,9614;-90,0000;80,9071;399,744;-198,974;125,897;48,128;-4,4398;-2,8170;-2,0808;4,8978;-0,0000;-4,4398;75,8083;48,2988;34,5234;-82,8221;0,0007;75,8084;6;0
1,2201;-9,1041;-200,3751;91,4014;18,9737;-90,0000;80,8959;399,765;-199,062;125,821;46,077;-4,2455;-2,6932;-1,9922;4,6854;0,0000;-4,2455;75,7569;48,2409;34,6277;-82,8688;0,0003;75,7573;6;0
1,2226;-9,1147;-200,3819;91,3964;18,9854;-90,0000;80,8853;399,786;-199,145;125,748;44,027;-4,0514;-2,5697;-1,9033;4,4729;-0,0000;-4,0514;75,7074;48,1856;34,7272;-82,9129;-0,0015;75,7072;6;0
1,2252;-9,1248;-200,3883;91,3917;18,9966;-90,0000;80,8752;399,806;-199,225;125,678;41,976;-3,8574;-2,4462;-1,8141;4,2604;-0,0000;-3,8574;75,6610;48,1328;34,8225;-82,9552;0,0000;75,6610;6;0
1,2278;-9,1345;-200,3944;91,3871;19,0073;-90,0000;80,8655;399,825;-199,301;125,612;39,925;-3,6635;-2,3229;-1,7248;4,0477;0,0000;-3,6635;75,6168;48,0825;34,9129;-82,9955;0,0009;75,6171;6;0
1,2303;-9,1436;-200,4002;91,3828;19,0174;-90,0000;80,8564;399,843;-199,372;125,549;37,875;-3,4698;-2,1997;-1,6352;3,8349;0,0000;-3,4698;75,5744;48,0348;34,9986;-83,0335;-0,0000;75,5744;6;0
1,2329;-9,1523;-200,4057;91,3788;19,0269;-90,0000;80,8477;399,860;-199,440;125,490;35,824;-3,2761;-2,0767;-1,5454;3,6220;-0,0000;-3,2761;75,5345;47,9898;35,0798;-83,0693;-0,0003;75,5340;6;0
1,2355;-9,1604;-200,4108;91,3749;19,0359;-90,0000;80,8396;399,876;-199,504;125,434;33,774;-3,0826;-1,9537;-1,4553;3,4091;-0,0000;-3,0826;75,4970;47,9471;35,1562;-83,1035;0,0001;75,4971;6;0
1,2380;-9,1681;-200,4157;91,3713;19,0444;-90,0000;80,8319;399,891;-199,564;125,381;31,723;-2,8891;-1,8309;-1,3651;3,1960;0,0000;-2,8891;75,4617;47,9071;35,2281;-83,1353;0,0001;75,4619;6;0
1,2406;-9,1752;-200,4202;91,3679;19,0523;-90,0000;80,8248;399,905;-199,621;125,332;29,673;-2,6957;-1,7081;-1,2747;2,9829;-0,0000;-2,6957;75,4285;47,8697;35,2953;-83,1648;-0,0003;75,4282;6;0
1,2431;-9,1819;-200,4244;91,3648;19,0597;-90,0000;80,8181;399,918;-199,673;125,286;27,622;-2,5024;-1,5855;-1,1842;2,7697;-0,0000;-2,5024;75,3979;47,8348;35,3578;-83,1927;0,0001;75,3980;6;0
1,2457;-9,1880;-200,4284;91,3618;19,0665;-90,0000;80,8120;399,930;-199,721;125,244;25,572;-2,3092;-1,4629;-1,0935;2,5564;0,0000;-2,3092;75,3723;47,8007;35,4148;-83,2267;0,0122;75,3910;6;0
1,2483;-9,1937;-200,4319;91,3592;19,0728;-90,0000;80,8063;399,942;-199,766;125,205;23,521;-2,1160;-1,3404;-1,0026;2,3430;0,0001;-2,1159;75,3432;47,7729;35,4690;-83,2417;-0,0001;75,3430;6;0
1,2508;-9,1989;-200,4352;91,3567;19,0785;-90,0000;80,8011;399,952;-199,807;125,169;21,471;-1,9230;-1,2180;-0,9117;2,1297;-0,0000;-1,9230;75,3138;47,7496;35,5193;-83,2464;-0,0239;75,2764;6;0
1,2534;-9,2036;-200,4382;91,3545;19,0837;-90,0000;80,7964;399,961;-199,844;125,137;19,420;-1,7300;-1,0957;-0,8206;1,9163;-0,0001;-1,7300;75,2978;47,7212;35,5615;-83,2828;0,0001;75,2979;6;0
1,2560;-9,2078;-200,4408;91,3525;19,0883;-90,0000;80,7922;399,969;-199,877;125,108;17,369;-1,5370;-0,9734;-0,7294;1,7027;-0,0000;-1,5370;75,2811;47,6973;35,5999;-83,3088;0,0116;75,3000;6;0
1,2585;-9,2115;-200,4432;91,3507;19,0924;-90,0000;80,7885;399,976;-199,906;125,083;15,319;-1,3440;-0,8511;-0,6381;1,4892;-0,0000;-1,3440;75,2614;47,6799;35,6355;-83,3154;0,0000;75,2614;6;0
1,2611;-9,2147;-200,4452;91,3492;19,0960;-90,0000;80,7853;399,983;-199,931;125,061;13,268;-1,1511;-0,7290;-0,5467;1,2756;0,0000;-1,1511;75,2470;47,6629;35,6655;-83,3297;0,0016;75,2492;6;0
1,2636;-9,2174;-200,4469;91,3479;19,0990;-90,0000;80,7826;399,988;-199,952;125,042;11,218;-0,9583;-0,6068;-0,4552;1,0620;0,0000;-0,9583;75,2342;47,6489;35,6910;-83,3399;-0,0000;75,2341;6;0
1,2662;-9,2196;-200,4483;91,3469;19,1014;-90,0000;80,7804;399,992;-199,969;125,027;9,167;-0,7655;-0,4847;-0,3637;0,8484;-0,0000;-0,7655;75,2234;47,6379;35,7120;-83,3466;-0,0026;75,2187;6;0
1,2688;-9,2213;-200,4494;91,3461;19,1033;-90,0000;80,7787;399,996;-199,983;125,015;7,117;-0,5727;-0,3626;-0,2722;0,6348;-0,0000;-0,5727;75,2159;47,6281;35,7283;-83,3564;0,0000;75,2159;6;0
1,2713;-9,2225;-200,4502;91,3455;19,1047;-90,0000;80,7775;399,998;-199,992;125,007;5,066;-0,3799;-0,2405;-0,1806;0,4211;0,0000;-0,3799;75,2027;47,6056;35,7418;-83,3491;0,0013;75,2050;6;0
1,2739;-9,2232;-200,4506;91,3452;19,1055;-90,0000;80,7768;400,000;-199,998;125,002;3,016;-0,1872;-0,1186;-0,0889;0,2075;-0,0000;-0,1872;65,2473;27,8118;39,1015;-66,9133;-0,0000;65,2473;6;0
1,2765;-9,2235;-200,4508;91,3450;19,1057;-90,0000;80,7765;400,000;-200,000;125,000;0,967;-0,0454;-0,0980;0,0199;0,0781;-0,0000;-0,0454;36,5083;-29,3374;48,7887;-19,4513;0,0000;36,5083;7;0
1,2790;-9,2235;-200,4511;91,3453;19,1059;-90,0000;80,7765;400,000;-200,000;124,997;1,085;-0,0000;-0,2689;0,1612;0,1078;-0,0000;-0,0000;8,8572;-84,3241;58,1039;26,2201;0,0000;8,8572;7;0
1,2816;-9,2235;-200,4522;91,3459;19,1063;-90,0000;80,7765;400,000;-200,000;124,989;3,136;-0,0000;-0,5302;0,3178;0,2125;-0,0000;-0,0000;0,0000;-101,9370;61,0808;40,8562;-0,0000;0,0000;7;0
1,2842;-9,2235;-200,4539;91,3469;19,1070;-90,0000;80,7765;400,000;-200,000;124,976;5,186;0,0000;-0,7915;0,4743;0,3172;-0,0000;0,0000;-0,0000;-101,9359;61,0709;40,8651;-0,0000;-0,0000;7;0
1,2867;-9,2235;-200,4562;91,3483;19,1079;-90,0000;80,7765;400,000;-200,000;124,957;7,237;-0,0000;-1,0528;0,6308;0,4220;-0,0000;-0,0000;-0,0000;-101,9344;61,0560;40,8784;-0,0000;-0,0000;7;0
1,2893;-9,2235;-200,4593;91,3501;19,1091;-90,0000;80,7765;400,000;-200,000;124,934;9,288;-0,0000;-1,3141;0,7873;0,5268;-0,0000;-0,0000;-0,0000;-101,9323;61,0361;40,8962;-0,0000;-0,0000;7;0
1,2918;-9,2235;-200,4630;91,3523;19,1106;-90,0000;80,7765;400,000;-200,000;124,904;11,338;-0,0000;-1,5753;0,9437;0,6316;-0,0000;-0,0000;-0,0000;-101,9299;61,0123;40,9176;-0,0000;-0,0000;7;0
1,2944;-9,2235;-200,4673;91,3550;19,1124;-90,0000;80,7765;400,000;-200,000;124,870;13,389;-0,0000;-1,8366;1,1001;0,7365;-0,0000;-0,0000;-0,0000;-101,9270;60,9842;40,9428;-0,0000;0,0000;7;0
1,2970;-9,2235;-200,4724;91,3580;19,1144;-90,0000;80,7765;400,000;-200,000;124,831;15,439;-0,0000;-2,0978;1,2563;0,8415;-0,0000;-0,0000;-0,0000;-101,9236;60,9517;40,9719;-0,0000;-0,0000;7;0
1,2995;-9,2235;-200,4781;91,3614;19,1167;-90,0000;80,7765;400,000;-200,000;124,786;17,490;-0,0000;-2,3591;1,4125;0,9466;-0,0000;-0,0000;-0,0000;-101,9198;60,9150;41,0048;-0,0000;0,0000;7;0
1,3021;-9,2235;-200,4845;91,3652;19,1192;-90,0000;80,7765;400,000;-200,000;124,736;19,540;-0,0000;-2,6203;1,5686;1,0517;-0,0000;-0,0000;-0,0000;-101,9155;60,8740;41,0416;-0,0000;-0,0000;7;0
1,3047;-9,2235;-200,4915;91,3694;19,1221;-90,0000;80,7765;400,000;-200,000;124,680;21,591;-0,0000;-2,8815;1,7246;1,1570;-0,0000;-0,0000;-0,0000;-101,9108;60,8286;41,0822;-0,0000;-0,0000;7;0
1,3072;-9,2235;-200,4992;91,3741;19,1252;-90,0000;80,7765;400,000;-200,000;124,620;23,641;-0,0000;-3,1428;1,8804;1,2623;-0,0000;-0,0000;-0,0000;-101,9057;60,7790;41,1267;-0,0000;-0,0000;7;0
1,3098;-9,2235;-200,5076;91,3791;19,1285;-90,0000;80,7765;400,000;-200,000;124,554;25,692;-0,0000;-3,4040;2,0362;1,3678;-0,0000;-0,0000;-0,0000;-101,9001;60,7250;41,1751;-0,0000;-0,0000;7;0
1,3123;-9,2235;-200,5167;91,3845;19,1322;-90,0000;80,7765;400,000;-200,000;124,483;27,742;-0,0000;-3,6651;2,1917;1,4734;-0,0000;-0,0000;-0,0000;-101,8940;60,6668;41,2273;-0,0000;-0,0000;7;0
1,3149;-9,2235;-200,5264;91,3903;19,1361;-90,0000;80,7765;400,000;-200,000;124,406;29,793;-0,0000;-3,9263;2,3472;1,5791;-0,0000;-0,0000;-0,0000;-101,8875;60,6042;41,2833;-0,0000;-0,0000;7;0
1,3175;-9,2235;-200,5368;91,3965;19,1403;-90,0000;80,7765;400,000;-200,000;124,325;31,844;-0,0000;-4,1874;2,5024;1,6850;-0,0000;-0,0000;-0,0000;-101,8806;60,5373;41,3432;-0,0000;-0,0000;7;0
1,3200;-9,2235;-200,5479;91,4031;19,1447;-90,0000;80,7765;400,000;-200,000;124,238;33,894;-0,0000;-4,4486;2,6575;1,7911;-0,0000;-0,0000;-0,0000;-101,8732;60,4662;41,4070;-0,0000;0,0000;7;0
1,3226;-9,2235;-200,5596;91,4102;19,1495;-90,0000;80,7765;400,000;-200,000;124,146;35,945;-0,0000;-4,7097;2,8124;1,8973;-0,0000;-0,0000;0,0000;-101,8653;60,3907;41,4746;0,0000;0,0000;7;0
1,3252;-9,2235;-200,5720;91,4176;19,1545;-90,0000;80,7765;400,000;-200,000;124,048;37,995;0,0000;-4,9708;2,9671;2,0037;0,0000;0,0000;0,0000;-101,8570;60,3109;41,5461;0,0000;0,0000;7;0
1,3277;-9,2235;-200,5851;91,4254;19,1597;-90,0000;80,7765;400,000;-200,000;123,946;40,046;0,0000;-5,2318;3,1216;2,1103;0,0000;0,0000;-0,0000;-101,8482;60,2269;41,6214;-0,0000;-0,0000;7;0
1,3303;-9,2235;-200,5988;91,4336;19,1653;-90,0000;80,7765;400,000;-200,000;123,838;42,096;-0,0000;-5,4929;3,2758;2,2171;-0,0000;-0,0000;-0,0000;-101,8390;60,1385;41,7005;-0,0000;-0,0000;7;0
1,3329;-9,2235;-200,6133;91,4422;19,1711;-90,0000;80,7765;400,000;-200,000;123,725;44,147;-0,0000;-5,7539;3,4299;2,3240;-0,0000;-0,0000;-0,0000;-101,8294;60,0458;41,7835;-0,0000;-0,0000;7;0
1,3354;-9,2235;-200,6283;91,4511;19,1772;-90,0000;80,7765;400,000;-200,000;123,606;46,197;-0,0000;-6,0149;3,5836;2,4312;-0,0000;-0,0000;-0,0000;-101,8192;59,9488;41,8704;-0,0000;-0,0000;7;0
1,3380;-9,2235;-200,6441;91,4605;19,1836;-90,0000;80,7765;400,000;-200,000;123,483;48,248;-0,0000;-6,2759;3,7372;2,5387;-0,0000;-0,0000;-0,0000;-101,8086;59,8476;41,9611;-0,0000;-0,0000;7;0
1,3405;-9,2235;-200,6605;91,4703;19,1902;-90,0000;80,7765;400,000;-200,000;123,354;50,298;-0,0000;-6,5368;3,8904;2,6464;-0,0000;-0,0000;-0,0000;-101,7976;59,7420;42,0556;-0,0000;-0,0000;7;0
1,3431;-9,2235;-200,6776;91,4805;19,1971;-90,0000;80,7765;400,000;-200,000;123,219;52,349;-0,0000;-6,7977;4,0434;2,7543;-0,0000;-0,0000;-0,0000;-101,7861;59,6322;42,1539;-0,0000;-0,0000;7;0
1,3457;-9,2235;-200,6954;91,4910;19,2043;-90,0000;80,7765;400,000;-200,000;123,080;54,400;-0,0000;-7,0586;4,1961;2,8625;-0,0000;-0,0000;-0,0000;-101,7741;59,5180;42,2561;-0,0000;0,0000;7;0
1,3482;-9,2235;-200,7138;91,5020;19,2118;-90,0000;80,7765;400,000;-200,000;122,935;56,450;-0,0000;-7,3194;4,3485;2,9709;-0,0000;-0,0000;0,0000;-101,7617;59,3995;42,3621;0,0000;0,0000;7;0
1,3508;-9,2235;-200,7329;91,5133;19,2196;-90,0000;80,7765;400,000;-200,000;122,785;58,501;-0,0000;-7,5803;4,5006;3,0796;-0,0000;-0,0000;0,0000;-101,7488;59,2768;42,4720;0,0000;0,0000;7;0
1,3534;-9,2235;-200,7526;91,5251;19,2276;-90,0000;80,7765;400,000;-200,000;122,630;60,551;-0,0000;-7,8410;4,6524;3,1886;-0,0000;-0,0000;-0,0000;-101,7354;59,1497;42,5857;-0,0000;0,0000;7;0
1,3559;-9,2235;-200,7731;91,5372;19,2359;-90,0000;80,7765;400,000;-200,000;122,470;62,602;-0,0000;-8,1018;4,8039;3,2979;-0,0000;-0,0000;-0,0000;-101,7216;59,0184;42,7032;-0,0000;0,0000;7;0
1,3585;-9,2235;-200,7942;91,5497;19,2445;-90,0000;80,7765;400,000;-200,000;122,304;64,652;-0,0000;-8,3625;4,9550;3,4075;-0,0000;-0,0000;-0,0000;-101,7073;58,8828;42,8245;-0,0000;-0,0000;7;0
1,3610;-9,2235;-200,8159;91,5626;19,2534;-90,0000;80,7765;400,000;-200,000;122,133;66,703;-0,0000;-8,6232;5,1057;3,5175;-0,0000;-0,0000;-0,0000;-101,6925;58,7429;42,9497;-0,0000;-0,0000;7;0
1,3636;-9,2235;-200,8384;91,5759;19,2625;-90,0000;80,7765;400,000;-200,000;121,957;68,753;-0,0000;-8,8838;5,2561;3,6277;-0,0000;-0,0000;-0,0000;-101,6773;58,5987;43,0786;-0,0000;-0,0000;7;0
1,3662;-9,2235;-200,8615;91,5895;19,2720;-90,0000;80,7765;400,000;-200,000;121,775;70,804;-0,0000;-9,1444;5,4061;3,7383;-0,0000;-0,0000;-0,0000;-101,6616;58,4502;43,2114;-0,0000;0,0000;7;0
1,3687;-9,2235;-200,8853;91,6036;19,2817;-90,0000;80,7765;400,000;-200,000;121,589;72,854;-0,0000;-9,4050;5,5557;3,8492;-0,0000;-0,0000;0,0000;-101,6454;58,2974;43,3480;0,0000;-0,0000;7;0
1,3713;-9,2235;-200,9097;91,6180;19,2917;-90,0000;80,7765;400,000;-200,000;121,397;74,905;-0,0000;-9,6655;5,7050;3,9605;-0,0000;-0,0000;-0,0000;-101,6287;58,1403;43,4884;-0,0000;-0,0000;7;0
1,3739;-9,2235;-200,9348;91,6328;19,3020;-90,0000;80,7765;400,000;-200,000;121,199;76,955;-0,0000;-9,9260;5,8538;4,0722;-0,0000;-0,0000;-0,0000;-101,6115;57,9789;43,6326;-0,0000;0,0000;7;0
1,3764;-9,2235;-200,9606;91,6480;19,3126;-90,0000;80,7765;400,000;-200,000;120,997;79,006;-0,0000;-10,1864;6,0022;4,1842;-0,0000;-0,0000;-0,0000;-101,5939;57,8133;43,7806;-0,0000;-0,0000;7;0
1,3790;-9,2235;-200,9870;91,6636;19,3234;-90,0000;80,7765;400,000;-200,000;120,789;81,057;-0,0000;-10,4468;6,1502;4,2966;-0,0000;-0,0000;-0,0000;-101,5758;57,6433;43,9324;-0,0000;-0,0000;7;0
1,3816;-9,2235;-201,0141;91,6795;19,3346;-90,0000;80,7765;400,000;-200,000;120,576;83,107;-0,0000;-10,7071;6,2977;4,4094;-0,0000;-0,0000;-0,0000;-101,5572;57,4691;44,0881;-0,0000;0,0000;7;0
1,3841;-9,2235;-201,0419;91,6959;19,3461;-90,0000;80,7765;400,000;-200,000;120,358;85,158;-0,0000;-10,9674;6,4448;4,5226;-0,0000;-0,0000;-0,0000;-101,5381;57,2906;44,2475;-0,0000;-0,0000;7;0
1,3867;-9,2235;-201,0704;91,7126;19,3578;-90,0000;80,7765;400,000;-200,000;120,134;87,208;-0,0000;-11,2276;6,5914;4,6362;-0,0000;-0,0000;-0,0000;-101,5185;57,1078;44,4107;-0,0000;-0,0000;7;0
1,3892;-9,2235;-201,0995;91,7297;19,3698;-90,0000;80,7765;400,000;-200,000;119,905;89,259;-0,0000;-11,4878;6,7375;4,7503;-0,0000;-0,0000;-0,0000;-101,4984;56,9208;44,5776;0,0000;-0,0000;7;0
1,3918;-9,2235;-201,1293;91,7471;19,3821;-90,0000;80,7765;400,000;-200,000;119,671;91,309;-0,0000;-11,7479;6,8832;4,8648;-0,0000;-0,0000;0,0000;-101,4778;56,7294;44,7484;0,0000;0,0000;7;0
1,3944;-9,2235;-201,1597;91,7649;19,3948;-90,0000;80,7765;400,000;-200,000;119,432;93,360;-0,0000;-12,0080;7,0283;4,9797;-0,0000;-0,0000;-0,0000;-101,4568;56,5338;44,9229;-0,0000;0,0000;7;0
1,3969;-9,2235;-201,1908;91,7831;19,4077;-90,0000;80,7765;400,000;-200,000;119,188;95,410;-0,0000;-12,2680;7,1730;5,0950;-0,0000;-0,0000;-0,0000;-101,4352;56,3339;45,1013;-0,0000;0,0000;7;0
1,3995;-9,2235;-201,2226;91,8017;19,4209;-90,0000;80,7765;400,000;-200,000;118,938;97,461;-0,0000;-12,5280;7,3171;5,2109;-0,0000;-0,0000;-0,0000;-101,4131;56,1297;45,2834;-0,0000;-0,0000;7;0
1,4021;-9,2235;-201,2550;91,8207;19,4344;-90,0000;80,7765;400,000;-200,000;118,683;99,511;-0,0000;-12,7879;7,4607;5,3272;-0,0000;-0,0000;-0,0000;-101,3905;55,9213;45,4692;-0,0000;-0,0000;7;0
1,4046;-9,2235;-201,2881;91,8400;19,4482;-90,0000;80,7765;400,000;-200,000;118,422;101,562;-0,0000;-13,0478;7,6038;5,4440;-0,0000;-0,0000;-0,0000;-101,3674;55,7086;45,6588;-0,0000;-0,0000;7;0
1,4072;-9,2235;-201,3219;91,8596;19,4623;-90,0000;80,7765;400,000;-200,000;118,157;103,613;-0,0000;-13,3076;7,7463;5,5612;-0,0000;-0,0000;-0,0000;-101,3438;55,4916;45,8522;-0,0000;-0,0000;7;0
1,4097;-9,2235;-201,3564;91,8797;19,4767;-90,0000;80,7765;400,000;-200,000;117,886;105,663;-0,0000;-13,5673;7,8883;5,6790;-0,0000;-0,0000;0,0000;-101,3196;55,2703;46,0494;0,0000;0,0000;7;0
1,4123;-9,2235;-201,3915;91,9001;19,4914;-90,0000;80,7765;400,000;-200,000;117,610;107,714;-0,0000;-13,8270;8,0297;5,7973;-0,0000;-0,0000;0,0000;-101,2950;55,0447;46,2502;0,0000;0,0000;7;0
1,4149;-9,2235;-201,4272;91,9208;19,5064;-90,0000;80,7765;400,000;-200,000;117,329;109,764;-0,0000;-14,0866;8,1705;5,9161;-0,0000;-0,0000;-0,0000;-101,2698;54,8149;46,4549;-0,0000;-0,0000;7;0
1,4174;-9,2235;-201,4637;91,9420;19,5217;-90,0000;80,7765;400,000;-200,000;117,042;111,815;-0,0000;-14,3461;8,3107;6,0355;-0,0000;-0,0000;-0,0000;-101,2441;54,5808;46,6633;-0,0000;-0,0000;7;0
1,4200;-9,2235;-201,5008;91,9634;19,5374;-90,0000;80,7765;400,000;-200,000;116,750;113,865;-0,0000;-14,6056;8,4503;6,1553;-0,0000;-0,0000;-0,0000;-101,2178;54,3424;46,8754;-0,0000;0,0000;7;0
1,4226;-9,2235;-201,5386;91,9853;19,5533;-90,0000;80,7765;400,000;-200,000;116,453;115,916;-0,0000;-14,8650;8,5892;6,2758;-0,0000;-0,0000;-0,0000;-101,1910;54,0998;47,0912;-0,0000;-0,0000;7;0
1,4251;-9,2235;-201,5770;92,0075;19,5695;-90,0000;80,7765;400,000;-200,000;116,151;117,966;-0,0000;-15,1243;8,7276;6,3967;-0,0000;-0,0000;0,0000;-101,1637;53,8529;47,3108;0,0000;0,0000;7;0
1,4277;-9,2235;-201,6161;92,0300;19,5861;-90,0000;80,7765;400,000;-200,000;115,843;120,017;0,0000;-15,3836;8,8653;6,5183;0,0000;0,0000;0,0000;-101,1358;53,6017;47,5341;0,0000;0,0000;7;0
1,4303;-9,2235;-201,6559;92,0529;19,6029;-90,0000;80,7765;400,000;-200,000;115,530;122,067;0,0000;-15,6428;9,0024;6,6404;0,0000;0,0000;-0,0000;-101,1074;53,3463;47,7611;-0,0000;-0,0000;7;0
1,4328;-9,2235;-201,6963;92,0762;19,6201;-90,0000;80,7765;400,000;-200,000;115,212;124,118;-0,0000;-15,9019;9,1388;6,7631;-0,0000;-0,0000;-0,0000;-101,0784;53,0866;47,9918;-0,0000;-0,0000;7;0
1,4354;-9,2235;-201,7374;92,0998;19,6376;-90,0000;80,7765;400,000;-200,000;114,889;126,169;-0,0000;-16,1609;9,2745;6,8864;-0,0000;-0,0000;0,0000;-101,0488;52,8226;48,2262;0,0000;0,0000;7;0
1,4379;-9,2235;-201,7791;92,1237;19,6554;-90,0000;80,7765;400,000;-200,000;114,560;128,219;-0,0000;-16,4199;9,4096;7,0104;-0,0000;-0,0000;-0,0000;-101,0187;52,5544;48,4643;-0,0000;0,0000;7;0
1,4405;-9,2235;-201,8215;92,1480;19,6735;-90,0000;80,7765;400,000;-200,000;114,226;130,270;-0,0000;-16,6788;9,5439;7,1349;-0,0000;-0,0000;-0,0000;-100,9881;52,2819;48,7062;-0,0000;-0,0000;7;0
1,4431;-9,2235;-201,8646;92,1726;19,6920;-90,0000;80,7765;400,000;-200,000;113,887;132,320;-0,0000;-16,9376;9,6776;7,2600;-0,0000;-0,0000;-0,0000;-100,9568;52,0051;48,9517;-0,0000;0,0000;7;0
1,4456;-9,2235;-201,9084;92,1976;19,7108;-90,0000;80,7765;400,000;-200,000;113,542;134,371;-0,0000;-17,1963;9,8105;7,3858;-0,0000;-0,0000;0,0000;-100,9250;51,7241;49,2009;0,0000;-0,0000;7;0
1,4482;-9,2235;-201,9528;92,2229;19,7299;-90,0000;80,7765;400,000;-200,000;113,193;136,421;-0,0000;-17,4550;9,9427;7,5123;-0,0000;-0,0000;-0,0000;-100,8925;51,4388;49,4537;-0,0000;-0,0000;7;0
1,4508;-9,2235;-201,9979;92,2486;19,7493;-90,0000;80,7765;400,000;-200,000;112,838;138,472;-0,0000;-17,7136;10,0742;7,6393;-0,0000;-0,0000;-0,0000;-100,8595;51,1492;49,7103;-0,0000;-0,0000;7;0
1,4533;-9,2235;-202,0436;92,2746;19,7690;-90,0000;80,7765;400,000;-200,000;112,478;140,522;-0,0000;-17,9720;10,2049;7,7671;-0,0000;-0,0000;-0,0000;-100,8259;50,8554;49,9705;-0,0000;-0,0000;7;0
1,4559;-9,2235;-202,0900;92,3009;19,7891;-90,0000;80,7765;400,000;-200,000;112,112;142,573;-0,0000;-18,2304;10,3349;7,8955;-0,0000;-0,0000;0,0000;-100,7917;50,5574;50,2343;0,0000;0,0000;7;0
1,4584;-9,2235;-202,1370;92,3276;19,8095;-90,0000;80,7765;400,000;-200,000;111,742;144,623;-0,0000;-18,4887;10,4641;8,0246;-0,0000;-0,0000;0,0000;-100,7569;50,2550;50,5018;0,0000;0,0000;7;0
1,4610;-9,2235;-202,1848;92,3545;19,8302;-90,0000;80,7765;400,000;-200,000;111,366;146,674;-0,0000;-18,7469;10,5925;8,1544;-0,0000;-0,0000;-0,0000;-100,7214;49,9484;50,7730;-0,0000;0,0000;7;0
1,4636;-9,2235;-202,2331;92,3819;19,8513;-90,0000;80,7765;400,000;-200,000;110,984;148,724;-0,0000;-19,0051;10,7202;8,2849;-0,0000;-0,0000;-0,0000;-100,6853;49,6375;51,0478;-0,0000;0,0000;7;0
1,4661;-9,2235;-202,2822;92,4095;19,8727;-90,0000;80,7765;400,000;-200,000;110,598;150,775;-0,0000;-19,2631;10,8470;8,4161;-0,0000;-0,0000;0,0000;-100,6486;49,3224;51,3262;-0,0000;-0,0000;7;0
1,4687;-9,2235;-202,3319;92,4375;19,8944;-90,0000;80,7765;400,000;-200,000;110,206;152,826;-0,0000;-19,5210;10,9730;8,5480;-0,0000;-0,0000;-0,0000;-100,6113;49,0030;51,6083;-0,0000;-0,0000;7;0
1,4713;-9,2235;-202,3823;92,4657;19,9165;-90,0000;80,7765;400,000;-200,000;109,809;154,876;-0,0000;-19,7789;11,0982;8,6807;-0,0000;-0,0000;-0,0000;-100,5733;48,6794;51,8939;-0,0000;-0,0000;7;0
1,4738;-9,2235;-202,4333;92,4944;19,9389;-90,0000;80,7765;400,000;-200,000;109,407;156,927;-0,0000;-20,0366;11,2226;8,8140;-0,0000;-0,0000;0,0000;-100,5347;48,3515;52,1832;0,0000;-0,0000;7;0
1,4764;-9,2235;-202,4850;92,5233;19,9617;-90,0000;80,7765;400,000;-200,000;109,000;158,977;-0,0000;-20,2942;11,3461;8,9482;-0,0000;-0,0000;0,0000;-100,4954;48,0193;52,4761;0,0000;0,0000;7;0
1,4790;-9,2235;-202,5373;92,5525;19,9848;-90,0000;80,7765;400,000;-200,000;108,587;161,028;-0,0000;-20,5518;11,4687;9,0830;-0,0000;-0,0000;0,0000;-100,4554;47,6829;52,7725;0,0000;0,0000;7;0
1,4815;-9,2235;-202,5903;92,5821;20,0083;-90,0000;80,7765;400,000;-200,000;108,169;163,078;-0,0000;-20,8092;11,5905;9,2187;-0,0000;-0,0000;0,0000;-100,4148;47,3422;53,0726;0,0000;0,0000;7;0
1,4841;-9,2235;-202,6440;92,6119;20,0321;-90,0000;80,7765;400,000;-200,000;107,746;165,129;-0,0000;-21,0665;11,7114;9,3551;-0,0000;-0,0000;-0,0000;-100,3735;46,9973;53,3762;-0,0000;0,0000;7;0
1,4866;-9,2235;-202,6983;92,6421;20,0562;-90,0000;80,7765;400,000;-200,000;107,317;167,179;-0,0000;-21,3238;11,8314;9,4923;-0,0000;-0,0000;-0,0000;-100,3315;46,6480;53,6834;-0,0000;-0,0000;7;0
1,4892;-9,2235;-202,7533;92,6726;20,0807;-90,0000;80,7765;400,000;-200,000;106,883;169,230;-0,0000;-21,5809;11,9506;9,6303;-0,0000;-0,0000;-0,0000;-100,2888;46,2946;53,9942;-0,0000;-0,0000;7;0
1,4918;-9,2235;-202,8090;92,7034;20,1056;-90,0000;80,7765;400,000;-200,000;106,444;171,280;-0,0000;-21,8379;12,0688;9,7691;-0,0000;-0,0000;-0,0000;-100,2453;45,9368;54,3085;-0,0000;0,0000;7;0
1,4943;-9,2235;-202,8653;92,7345;20,1308;-90,0000;80,7765;400,000;-200,000;106,000;173,331;-0,0000;-22,0948;12,1860;9,9087;-0,0000;-0,0000;0,0000;-100,2012;45,5748;54,6264;0,0000;0,0000;7;0
1,4969;-9,2235;-202,9222;92,7658;20,1564;-90,0000;80,7765;400,000;-200,000;105,550;175,382;-0,0000;-22,3515;12,3024;10,0491;-0,0000;-0,0000;0,0000;-100,1563;45,2086;54,9478;0,0000;0,0000;7;0
1,4995;-9,2235;-202,9798;92,7975;20,1823;-90,0000;80,7765;400,000;-200,000;105,096;177,432;0,0000;-22,6082;12,4178;10,1904;0,0000;0,0000;0,0000;-100,1107;44,8380;55,2727;0,0000;0,0000;7;0
1,5020;-9,2235;-203,0381;92,8295;20,2086;-90,0000;80,7765;400,000;-200,000;104,636;179,483;0,0000;-22,8647;12,5322;10,3325;0,0000;0,0000;-0,0000;-100,0644;44,4632;55,6011;-0,0000;-0,0000;7;0
1,5046;-9,2235;-203,0971;92,8618;20,2353;-90,0000;80,7765;400,000;-200,000;104,170;181,533;-0,0000;-23,1212;12,6457;10,4754;-0,0000;-0,0000;-0,0000;-100,0173;44,0842;55,9331;-0,0000;-0,0000;7;0
1,5071;-9,2235;-203,1567;92,8943;20,2623;-90,0000;80,7765;400,000;-200,000;103,700;183,584;-0,0000;-23,3775;12,7582;10,6192;-0,0000;-0,0000;0,0000;-99,9694;43,7009;56,2685;0,0000;0,0000;7;0
1,5097;-9,2235;-203,2169;92,9272;20,2897;-90,0000;80,7765;400,000;-200,000;103,224;185,634;-0,0000;-23,6336;12,8698;10,7639;-0,0000;-0,0000;-0,0000;-99,9207;43,3133;56,6075;-0,0000;-0,0000;7;0
1,5123;-9,2235;-203,2778;92,9603;20,3175;-90,0000;80,7765;400,000;-200,000;102,743;187,685;-0,0000;-23,8897;12,9803;10,9094;-0,0000;-0,0000;-0,0000;-99,8713;42,9214;56,9499;-0,0000;-0,0000;7;0
1,5148;-9,2235;-203,3394;92,9937;20,3457;-90,0000;80,7765;400,000;-200,000;102,256;189,735;-0,0000;-24,1456;13,0898;11,0558;-0,0000;-0,0000;-0,0000;-99,8210;42,5253;57,2958;-0,0000;0,0000;7;0
1,5174;-9,2235;-203,4016;93,0274;20,3742;-90,0000;80,7765;400,000;-200,000;101,765;191,786;-0,0000;-24,4014;13,1983;11,2031;-0,0000;-0,0000;0,0000;-99,7700;42,1249;57,6451;0,0000;0,0000;7;0
1,5200;-9,2235;-203,4645;93,0614;20,4031;-90,0000;80,7765;400,000;-200,000;101,268;193,836;0,0000;-24,6571;13,3057;11,3513;0,0000;0,0000;0,0000;-99,7181;41,7202;57,9979;0,0000;0,0000;7;0
1,5225;-9,2235;-203,5280;93,0956;20,4324;-90,0000;80,7765;400,000;-200,000;100,766;195,887;0,0000;-24,9126;13,4122;11,5005;0,0000;0,0000;-0,0000;-99,6654;41,3113;58,3541;-0,0000;-0,0000;7;0
1,5251;-9,2235;-203,5922;93,1301;20,4620;-90,0000;80,7765;400,000;-200,000;100,259;197,938;-0,0000;-25,1680;13,5175;11,6505;-0,0000;-0,0000;-0,0000;-99,6118;40,8980;58,7137;-0,0000;-0,0000;7;0
1,5277;-9,2235;-203,6570;93,1649;20,4921;-90,0000;80,7765;400,000;-200,000;99,746;199,988;-0,0000;-25,4233;13,6218;11,8014;-0,0000;-0,0000;-0,0000;-99,5574;40,4806;59,0768;-0,0000;-0,0000;7;0
1,5302;-9,2235;-203,7225;93,2000;20,5225;-90,0000;80,7765;400,000;-200,000;99,228;202,039;-0,0000;-25,6784;13,7250;11,9533;-0,0000;-0,0000;-0,0000;-99,5021;40,0588;59,4433;-0,0000;0,0000;7;0
1,5328;-9,2235;-203,7886;93,2353;20,5534;-90,0000;80,7765;400,000;-200,000;98,705;204,089;-0,0000;-25,9333;13,8272;12,1062;-0,0000;-0,0000;-0,0000;-99,4459;39,6327;59,8131;-0,0000;-0,0000;7;0
1,5353;-9,2235;-203,8554;93,2708;20,5846;-90,0000;80,7765;400,000;-200,000;98,177;206,140;-0,0000;-26,1882;13,9282;12,2600;-0,0000;-0,0000;-0,0000;-99,3888;39,2024;60,1864;-0,0000;-0,0000;7;0
1,5379;-9,2235;-203,9229;93,3067;20,6162;-90,0000;80,7765;400,000;-200,000;97,643;208,190;-0,0000;-26,4428;14,0281;12,4147;-0,0000;-0,0000;0,0000;-99,3308;38,7678;60,5630;0,0000;0,0000;7;0
1,5405;-9,2235;-203,9910;93,3428;20,6482;-90,0000;80,7765;400,000;-200,000;97,104;210,241;-0,0000;-26,6974;14,1269;12,5704;-0,0000;-0,0000;0,0000;-99,2718;38,3289;60,9430;0,0000;0,0000;7;0
1,5430;-9,2235;-204,0598;93,3791;20,6807;-90,0000;80,7765;400,000;-200,000;96,560;212,291;0,0000;-26,9517;14,2246;12,7271;0,0000;0,0000;0,0000;-99,2119;37,8857;61,3263;0,0000;0,0000;7;0
1,5456;-9,2235;-204,1292;93,4157;20,7135;-90,0000;80,7765;400,000;-200,000;96,011;214,342;0,0000;-27,2060;14,3212;12,8848;0,0000;0,0000;-0,0000;-99,1511;37,4382;61,7129;-0,0000;-0,0000;7;0
1,5482;-9,2235;-204,1992;93,4525;20,7467;-90,0000;80,7765;400,000;-200,000;95,456;216,392;-0,0000;-27,4600;14,4165;13,0435;-0,0000;-0,0000;-0,0000;-99,0893;36,9864;62,1028;-0,0000;-0,0000;7;0
1,5507;-9,2235;-204,2699;93,4896;20,7804;-90,0000;80,7765;400,000;-200,000;94,896;218,443;-0,0000;-27,7139;14,5108;13,2032;-0,0000;-0,0000;0,0000;-99,0265;36,5304;62,4961;0,0000;0,0000;7;0
1,5533;-9,2235;-204,3413;93,5269;20,8144;-90,0000;80,7765;400,000;-200,000;94,331;220,494;-0,0000;-27,9677;14,6038;13,3639;-0,0000;-0,0000;-0,0000;-98,9627;36,0700;62,8927;-0,0000;0,0000;7;0
1,5558;-9,2235;-204,4133;93,5644;20,8489;-90,0000;80,7765;400,000;-200,000;93,760;222,544;-0,0000;-28,2212;14,6957;13,5256;-0,0000;-0,0000;0,0000;-98,8978;35,6053;63,2925;0,0000;0,0000;7;0
1,5584;-9,2235;-204,4860;93,6022;20,8837;-90,0000;80,7765;400,000;-200,000;93,185;224,595;-0,0000;-28,4747;14,7863;13,6883;-0,0000;-0,0000;0,0000;-98,8319;35,1364;63,6956;0,0000;0,0000;7;0
1,5610;-9,2235;-204,5593;93,6402;20,9190;-90,0000;80,7765;400,000;-200,000;92,604;226,645;-0,0000;-28,7279;14,8758;13,8521;-0,0000;-0,0000;-0,0000;-98,7650;34,6631;64,1019;-0,0000;-0,0000;7;0
1,5635;-9,2235;-204,6332;93,6785;20,9548;-90,0000;80,7765;400,000;-200,000;92,018;228,696;-0,0000;-28,9810;14,9640;14,0169;-0,0000;-0,0000;0,0000;-98,6970;34,1855;64,5115;0,0000;0,0000;7;0
1,5661;-9,2235;-204,7078;93,7170;20,9909;-90,0000;80,7765;400,000;-200,000;91,426;230,746;0,0000;-29,2339;15,0510;14,1828;0,0000;0,0000;0,0000;-98,6279;33,7037;64,9243;0,0000;0,0000;7;0
1,5687;-9,2235;-204,7831;93,7556;21,0275;-90,0000;80,7765;400,000;-200,000;90,830;232,797;0,0000;-29,4866;15,1368;14,3498;0,0000;0,0000;-0,0000;-98,5577;33,2175;65,3403;-0,0000;-0,0000;7;0
1,5712;-9,2235;-204,8590;93,7945;21,0645;-90,0000;80,7765;400,000;-200,000;90,228;234,847;-0,0000;-29,7391;15,2213;14,5178;-0,0000;-0,0000;-0,0000;-98,4864;32,7269;65,7595;-0,0000;-0,0000;7;0
1,5738;-9,2235;-204,9356;93,8337;21,1019;-90,0000;80,7765;400,000;-200,000;89,620;236,898;-0,0000;-29,9914;15,3046;14,6869;-0,0000;-0,0000;-0,0000;-98,4139;32,2321;66,1818;-0,0000;-0,0000;7;0
1,5764;-9,2235;-205,0127;93,8730;21,1397;-90,0000;80,7765;400,000;-200,000;89,008;238,948;-0,0000;-30,2436;15,3866;14,8570;-0,0000;-0,0000;0,0000;-98,3403;31,7330;66,6074;0,0000;0,0000;7;0
1,5789;-9,2235;-205,0906;93,9125;21,1780;-90,0000;80,7765;400,000;-200,000;88,390;240,999;-0,0000;-30,4956;15,4673;15,0283;-0,0000;-0,0000;0,0000;-98,2655;31,2295;67,0360;0,0000;0,0000;7;0
1,5815;-9,2235;-205,1691;93,9523;21,2168;-90,0000;80,7765;400,000;-200,000;87,767;243,049;-0,0000;-30,7473;15,5466;15,2007;-0,0000;-0,0000;-0,0000;-98,1895;30,7217;67,4678;-0,0000;-0,0000;7;0
1,5840;-9,2235;-205,2482;93,9922;21,2560;-90,0000;80,7765;400,000;-200,000;87,139;245,100;-0,0000;-30,9989;15,6247;15,3742;-0,0000;-0,0000;0,0000;-98,1122;30,2095;67,9027;0,0000;0,0000;7;0
1,5866;-9,2235;-205,3280;94,0324;21,2956;-90,0000;80,7765;400,000;-200,000;86,505;247,151;-0,0000;-31,2503;15,7015;15,5488;-0,0000;-0,0000;0,0000;-98,0337;29,6930;68,3407;0,0000;0,0000;7;0
1,5892;-9,2235;-205,4084;94,0727;21,3357;-90,0000;80,7765;400,000;-200,000;85,867;249,201;-0,0000;-31,5015;15,7770;15,7245;-0,0000;-0,0000;0,0000;-97,9540;29,1722;68,7817;0,0000;0,0000;7;0
1,5917;-9,2235;-205,4895;94,1133;21,3762;-90,0000;80,7765;400,000;-200,000;85,223;251,252;-0,0000;-31,7524;15,8511;15,9014;-0,0000;-0,0000;-0,0000;-97,8729;28,6471;69,2259;-0,0000;-0,0000;7;0
1,5943;-9,2235;-205,5712;94,1540;21,4172;-90,0000;80,7765;400,000;-200,000;84,573;253,302;-0,0000;-32,0032;15,9238;16,0794;-0,0000;-0,0000;0,0000;-97,7906;28,1176;69,6730;-0,0000;-0,0000;7;0
1,5969;-9,2235;-205,6535;94,1949;21,4586;-90,0000;80,7765;400,000;-200,000;83,919;255,353;-0,0000;-32,2538;15,9952;16,2586;-0,0000;-0,0000;0,0000;-97,7069;27,5837;70,1232;0,0000;-0,0000;7;0
1,5994;-9,2235;-205,7365;94,2360;21,5005;-90,0000;80,7765;400,000;-200,000;83,259;257,403;-0,0000;-32,5041;16,0652;16,4389;-0,0000;-0,0000;-0,0000;-97,6218;27,0455;70,5764;-0,0000;-0,0000;7;0
1,6020;-9,2235;-205,8202;94,2773;21,5429;-90,0000;80,7765;400,000;-200,000;82,594;259,454;-0,0000;-32,7542;16,1338;16,6204;-0,0000;-0,0000;-0,0000;-97,5354;26,5029;71,0325;-0,0000;-0,0000;7;0
1,6045;-9,2235;-205,9044;94,3187;21,5857;-90,0000;80,7765;400,000;-200,000;81,924;261,504;-0,0000;-33,0041;16,2011;16,8030;-0,0000;-0,0000;-0,0000;-97,4476;25,9559;71,4916;-0,0000;-0,0000;7;0
1,6071;-9,2235;-205,9894;94,3603;21,6290;-90,0000;80,7765;400,000;-200,000;81,248;263,555;-0,0000;-33,2538;16,2669;16,9868;-0,0000;-0,0000;0,0000;-97,3583;25,4046;71,9537;0,0000;0,0000;7;0
1,6097;-9,2235;-206,0749;94,4021;21,6728;-90,0000;80,7765;400,000;-200,000;80,568;265,605;-0,0000;-33,5032;16,3313;17,1719;-0,0000;-0,0000;0,0000;-97,2676;24,8489;72,4187;0,0000;0,0000;7;0
1,6122;-9,2235;-206,1611;94,4440;21,7171;-90,0000;80,7765;400,000;-200,000;79,881;267,656;-0,0000;-33,7524;16,3943;17,3581;-0,0000;-0,0000;-0,0000;-97,1754;24,2889;72,8865;-0,0000;0,0000;7;0
1,6148;-9,2235;-206,2479;94,4861;21,7618;-90,0000;80,7765;400,000;-200,000;79,190;269,707;-0,0000;-34,0013;16,4558;17,5455;-0,0000;-0,0000;0,0000;-97,0817;23,7244;73,3573;0,0000;0,0000;7;0
1,6174;-9,2235;-206,3354;94,5284;21,8070;-90,0000;80,7765;400,000;-200,000;78,494;271,757;-0,0000;-34,2501;16,5159;17,7341;-0,0000;-0,0000;0,0000;-96,9865;23,1556;73,8309;0,0000;0,0000;7;0
1,6199;-9,2235;-206,4235;94,5708;21,8527;-90,0000;80,7765;400,000;-200,000;77,792;273,808;-0,0000;-34,4985;16,5745;17,9240;-0,0000;-0,0000;-0,0000;-96,8897;22,5824;74,3074;-0,0000;-0,0000;7;0
1,6225;-9,2235;-206,5123;94,6134;21,8989;-90,0000;80,7765;400,000;-200,000;77,085;275,858;-0,0000;-34,7467;16,6317;18,1151;-0,0000;-0,0000;-0,0000;-96,7914;22,0047;74,7866;-0,0000;-0,0000;7;0
1,6251;-9,2235;-206,6016;94,6561;21,9456;-90,0000;80,7765;400,000;-200,000;76,372;277,909;-0,0000;-34,9947;16,6873;18,3074;-0,0000;-0,0000;0,0000;-96,4707;21,3183;75,1525;0,0000;0,0000;7;0
1,6276;-9,2235;-206,6917;94,6989;21,9928;-90,0000;80,7765;400,000;-200,000;75,655;279,959;-0,0000;-35,2413;16,7410;18,5003;-0,0000;-0,0000;0,0000;-66,5945;6,6970;59,8975;0,0000;0,0000;7;0
1,6302;-9,2235;-206,7823;94,7419;22,0404;-90,0000;80,7765;400,000;-200,000;74,932;281,992;-0,0000;-35,3361;16,7217;18,6144;-0,0000;-0,0000;0,0000;12,9539;-31,1404;18,1865;0,0000;-0,0000;7;0
1,6327;-9,2235;-206,8728;94,7846;22,0882;-90,0000;80,7765;400,000;-200,000;74,210;281,625;-0,0000;-35,1749;16,5813;18,5936;-0,0000;-0,0000;-0,0000;83,4655;-64,2464;-19,2192;-0,0000;-0,0000;7;0
1,6353;-9,2235;-206,9626;94,8269;22,1357;-90,0000;80,7765;400,000;-200,000;73,494;279,575;-0,0000;-34,9082;16,3923;18,5159;-0,0000;-0,0000;-0,0000;104,0028;-73,4492;-30,5536;-0,0000;0,0000;7;0
1,6379;-9,2235;-207,0518;94,8687;22,1831;-90,0000;80,7765;400,000;-200,000;72,782;277,524;-0,0000;-34,6417;16,2048;18,4369;-0,0000;-0,0000;-0,0000;103,9403;-72,8704;-31,0699;-0,0000;-0,0000;7;0
1,6404;-9,2235;-207,1402;94,9100;22,2303;-90,0000;80,7765;400,000;-200,000;72,076;275,473;-0,0000;-34,3754;16,0188;18,3566;-0,0000;-0,0000;0,0000;103,8778;-72,2960;-31,5818;0,0000;-0,0000;7;0
1,6430;-9,2235;-207,2280;94,9508;22,2772;-90,0000;80,7765;400,000;-200,000;71,375;273,423;-0,0000;-34,1092;15,8342;18,2750;-0,0000;-0,0000;0,0000;103,8151;-71,7258;-32,0893;0,0000;0,0000;7;0
1,6456;-9,2235;-207,3151;94,9911;22,3239;-90,0000;80,7765;400,000;-200,000;70,680;271,372;-0,0000;-33,8432;15,6511;18,1921;-0,0000;-0,0000;0,0000;103,7523;-71,1598;-32,5925;0,0000;0,0000;7;0
1,6481;-9,2235;-207,4015;95,0310;22,3705;-90,0000;80,7765;400,000;-200,000;69,989;269,322;-0,0000;-33,5773;15,4694;18,1080;-0,0000;-0,0000;0,0000;103,6895;-70,5982;-33,0912;0,0000;0,0000;7;0
1,6507;-9,2235;-207,4872;95,0704;22,4168;-90,0000;80,7765;400,000;-200,000;69,304;267,271;0,0000;-33,3116;15,2892;18,0225;0,0000;0,0000;0,0000;103,6265;-70,0408;-33,5856;0,0000;0,0000;7;0
1,6533;-9,2235;-207,5722;95,1094;22,4628;-90,0000;80,7765;400,000;-200,000;68,625;265,221;0,0000;-33,0461;15,1103;17,9358;0,0000;0,0000;-0,0000;103,5634;-69,4877;-34,0757;-0,0000;-0,0000;7;0
1,6558;-9,2235;-207,6566;95,1479;22,5087;-90,0000;80,7765;400,000;-200,000;67,950;263,170;-0,0000;-32,7807;14,9329;17,8478;-0,0000;-0,0000;-0,0000;103,5003;-68,9389;-34,5614;-0,0000;-0,0000;7;0
1,6584;-9,2235;-207,7403;95,1859;22,5543;-90,0000;80,7765;400,000;-200,000;67,281;261,120;-0,0000;-32,5155;14,7569;17,7586;-0,0000;-0,0000;0,0000;103,4370;-68,3943;-35,0428;0,0000;0,0000;7;0
1,6609;-9,2235;-207,8233;95,2235;22,5997;-90,0000;80,7765;400,000;-200,000;66,617;259,069;-0,0000;-32,2505;14,5823;17,6682;-0,0000;-0,0000;0,0000;103,3737;-67,8540;-35,5198;0,0000;0,0000;7;0
1,6635;-9,2235;-207,9056;95,2607;22,6449;-90,0000;80,7765;400,000;-200,000;65,958;257,019;0,0000;-31,9856;14,4091;17,5765;0,0000;0,0000;0,0000;103,3104;-67,3179;-35,9925;0,0000;0,0000;7;0
1,6661;-9,2235;-207,9873;95,2974;22,6898;-90,0000;80,7765;400,000;-200,000;65,304;254,968;0,0000;-31,7209;14,2372;17,4837;0,0000;0,0000;-0,0000;103,2469;-66,7861;-36,4609;-0,0000;-0,0000;7;0
1,6686;-9,2235;-208,0682;95,3337;22,7345;-90,0000;80,7765;400,000;-200,000;64,656;252,917;-0,0000;-31,4563;14,0667;17,3896;-0,0000;0,0000;-0,0000;103,1835;-66,2585;-36,9250;-0,0000;-0,0000;7;0
1,6712;-9,2235;-208,1485;95,3695;22,7790;-90,0000;80,7765;400,000;-200,000;64,013;250,867;-0,0000;-31,1919;13,8976;17,2944;-0,0000;-0,0000;-0,0000;103,1199;-65,7352;-37,3848;-0,0000;-0,0000;7;0
1,6738;-9,2235;-208,2281;95,4049;22,8232;-90,0000;80,7765;400,000;-200,000;63,375;248,816;-0,0000;-30,9277;13,7297;17,1980;-0,0000;-0,0000;0,0000;103,0564;-65,2161;-37,8403;0,0000;0,0000;7;0
1,6763;-9,2235;-208,3071;95,4399;22,8672;-90,0000;80,7765;400,000;-200,000;62,743;246,766;0,0000;-30,6636;13,5632;17,1004;0,0000;-0,0000;0,0000;102,9928;-64,7013;-38,2915;0,0000;0,0000;7;0
1,6789;-9,2235;-208,3853;95,4744;22,9109;-90,0000;80,7765;400,000;-200,000;62,116;244,715;0,0000;-30,3997;13,3981;17,0017;0,0000;0,0000;-0,0000;102,9291;-64,1907;-38,7385;-0,0000;-0,0000;7;0
1,6814;-9,2235;-208,4629;95,5086;22,9543;-90,0000;80,7765;400,000;-200,000;61,494;242,665;-0,0000;-30,1360;13,2342;16,9018;-0,0000;-0,0000;-0,0000;102,8655;-63,6843;-39,1812;-0,0000;-0,0000;7;0
1,6840;-9,2235;-208,5398;95,5423;22,9975;-90,0000;80,7765;400,000;-200,000;60,877;240,614;-0,0000;-29,8724;13,0716;16,8008;-0,0000;-0,0000;-0,0000;102,8019;-63,1822;-39,6196;-0,0000;-0,0000;7;0
1,6866;-9,2235;-208,6160;95,5756;23,0404;-90,0000;80,7765;400,000;-200,000;60,265;238,564;-0,0000;-29,6090;12,9103;16,6987;-0,0000;-0,0000;0,0000;102,7382;-62,6843;-40,0539;0,0000;0,0000;7;0
1,6891;-9,2235;-208,6916;95,6085;23,0831;-90,0000;80,7765;400,000;-200,000;59,659;236,513;-0,0000;-29,3457;12,7502;16,5955;-0,0000;-0,0000;0,0000;102,6746;-62,1907;-40,4839;0,0000;0,0000;7;0
1,6917;-9,2235;-208,7665;95,6410;23,1255;-90,0000;80,7765;400,000;-200,000;59,058;234,463;-0,0000;-29,0826;12,5915;16,4912;-0,0000;-0,0000;-0,0000;102,6109;-61,7013;-40,9096;-0,0000;-0,0000;7;0
1,6943;-9,2235;-208,8407;95,6730;23,1677;-90,0000;80,7765;400,000;-200,000;58,462;232,412;-0,0000;-28,8197;12,4339;16,3858;-0,0000;-0,0000;-0,0000;102,5473;-61,2161;-41,3312;-0,0000;0,0000;7;0
1,6968;-9,2235;-208,9142;95,7047;23,2095;-90,0000;80,7765;400,000;-200,000;57,872;230,362;-0,0000;-28,5569;12,2777;16,2793;-0,0000;-0,0000;0,0000;102,4838;-60,7352;-41,7486;0,0000;-0,0000;7;0
1,6994;-9,2235;-208,9871;95,7360;23,2511;-90,0000;80,7765;400,000;-200,000;57,287;228,311;-0,0000;-28,2943;12,1226;16,1717;-0,0000;-0,0000;0,0000;102,4203;-60,2585;-42,1617;0,0000;-0,0000;7;0
1,7020;-9,2235;-209,0593;95,7668;23,2924;-90,0000;80,7765;400,000;-200,000;56,707;226,260;-0,0000;-28,0319;11,9687;16,0631;-0,0000;-0,0000;0,0000;102,3568;-59,7861;-42,5707;0,0000;0,0000;7;0
1,7045;-9,2235;-209,1308;95,7973;23,3334;-90,0000;80,7765;400,000;-200,000;56,132;224,210;-0,0000;-27,7696;11,8161;15,9535;-0,0000;-0,0000;0,0000;102,2934;-59,3179;-42,9755;0,0000;-0,0000;7;0
1,7071;-9,2235;-209,2016;95,8274;23,3742;-90,0000;80,7765;400,000;-200,000;55,563;222,159;-0,0000;-27,5075;11,6647;15,8428;-0,0000;-0,0000;0,0000;102,2301;-58,8539;-43,3762;0,0000;0,0000;7;0
1,7096;-9,2235;-209,2718;95,8571;23,4147;-90,0000;80,7765;400,000;-200,000;54,998;220,109;-0,0000;-27,2455;11,5144;15,7311;-0,0000;-0,0000;-0,0000;102,1668;-58,3942;-43,7727;-0,0000;0,0000;7;0
1,7122;-9,2235;-209,3413;95,8864;23,4548;-90,0000;80,7765;400,000;-200,000;54,440;218,058;-0,0000;-26,9838;11,3653;15,6184;-0,0000;-0,0000;-0,0000;102,1037;-57,9386;-44,1650;-0,0000;-0,0000;7;0
1,7148;-9,2235;-209,4101;95,9154;23,4947;-90,0000;80,7765;400,000;-200,000;53,886;216,008;-0,0000;-26,7221;11,2174;15,5047;-0,0000;-0,0000;-0,0000;102,0406;-57,4874;-44,5533;-0,0000;-0,0000;7;0
1,7173;-9,2235;-209,4783;95,9439;23,5343;-90,0000;80,7765;400,000;-200,000;53,337;213,957;-0,0000;-26,4607;11,0706;15,3900;-0,0000;-0,0000;0,0000;101,9777;-57,0403;-44,9374;0,0000;0,0000;7;0
1,7199;-9,2235;-209,5458;95,9721;23,5736;-90,0000;80,7765;400,000;-200,000;52,794;211,907;-0,0000;-26,1994;10,9250;15,2744;-0,0000;-0,0000;0,0000;101,9149;-56,5975;-45,3174;0,0000;0,0000;7;0
1,7225;-9,2235;-209,6126;95,9999;23,6126;-90,0000;80,7765;400,000;-200,000;52,256;209,856;-0,0000;-25,9382;10,7805;15,1577;-0,0000;-0,0000;-0,0000;101,8522;-56,1590;-45,6933;-0,0000;0,0000;7;0
1,7250;-9,2235;-209,6787;96,0274;23,6513;-90,0000;80,7765;400,000;-200,000;51,724;207,806;-0,0000;-25,6772;10,6371;15,0401;-0,0000;-0,0000;-0,0000;101,7897;-55,7246;-46,0651;-0,0000;0,0000;7;0
1,7276;-9,2235;-209,7442;96,0545;23,6897;-90,0000;80,7765;400,000;-200,000;51,196;205,755;-0,0000;-25,4164;10,4948;14,9216;-0,0000;-0,0000;0,0000;101,7273;-55,2945;-46,4328;0,0000;0,0000;7;0
1,7301;-9,2235;-209,8090;96,0812;23,7278;-90,0000;80,7765;400,000;-200,000;50,674;203,704;-0,0000;-25,1557;10,3536;14,8021;-0,0000;-0,0000;0,0000;101,6651;-54,8687;-46,7964;0,0000;-0,0000;7;0
1,7327;-9,2235;-209,8732;96,1076;23,7656;-90,0000;80,7765;400,000;-200,000;50,157;201,654;-0,0000;-24,8952;10,2135;14,6817;-0,0000;-0,0000;-0,0000;101,6030;-54,4470;-47,1560;-0,0000;-0,0000;7;0
1,7353;-9,2235;-209,9366;96,1336;23,8031;-90,0000;80,7765;400,000;-200,000;49,646;199,603;-0,0000;-24,6349;10,0745;14,5604;-0,0000;-0,0000;-0,0000;101,5412;-54,0296;-47,5115;-0,0000;-0,0000;7;0
1,7378;-9,2235;-209,9995;96,1592;23,8403;-90,0000;80,7765;400,000;-200,000;49,139;197,553;-0,0000;-24,3747;9,9366;14,4381;-0,0000;-0,0000;0,0000;101,4795;-53,6165;-47,8630;0,0000;0,0000;7;0
1,7404;-9,2235;-210,0616;96,1845;23,8771;-90,0000;80,7765;400,000;-200,000;48,638;195,502;0,0000;-24,1147;9,7997;14,3150;0,0000;0,0000;0,0000;101,4180;-53,2076;-48,2104;0,0000;0,0000;7;0
1,7430;-9,2235;-210,1231;96,2094;23,9136;-90,0000;80,7765;400,000;-200,000;48,142;193,452;0,0000;-23,8548;9,6638;14,1910;0,0000;0,0000;-0,0000;101,3568;-52,8029;-48,5539;-0,0000;-0,0000;7;0
1,7455;-9,2235;-210,1839;96,2340;23,9499;-90,0000;80,7765;400,000;-200,000;47,652;191,401;-0,0000;-23,5951;9,5290;14,0661;-0,0000;-0,0000;-0,0000;101,2958;-52,4025;-48,8933;-0,0000;-0,0000;7;0
1,7481;-9,2235;-210,2440;96,2583;23,9857;-90,0000;80,7765;400,000;-200,000;47,167;189,351;-0,0000;-23,3355;9,3952;13,9403;-0,0000;-0,0000;0,0000;101,2350;-52,0063;-49,2287;0,0000;0,0000;7;0
1,7507;-9,2235;-210,3035;96,2822;24,0213;-90,0000;80,7765;400,000;-200,000;46,686;187,300;-0,0000;-23,0761;9,2624;13,8137;-0,0000;-0,0000;0,0000;101,1745;-51,6144;-49,5601;0,0000;0,0000;7;0
1,7532;-9,2235;-210,3623;96,3058;24,0566;-90,0000;80,7765;400,000;-200,000;46,212;185,250;-0,0000;-22,8168;9,1306;13,6863;-0,0000;-0,0000;0,0000;101,1142;-51,2267;-49,8875;0,0000;0,0000;7;0
1,7558;-9,2235;-210,4205;96,3290;24,0915;-90,0000;80,7765;400,000;-200,000;45,742;183,199;-0,0000;-22,5578;8,9998;13,5580;-0,0000;0,0000;0,0000;101,0542;-50,8432;-50,2110;0,0000;-0,0000;7;0
1,7583;-9,2235;-210,4780;96,3519;24,1261;-90,0000;80,7765;400,000;-200,000;45,278;181,148;-0,0000;-22,2988;8,8699;13,4289;-0,0000;-0,0000;0,0000;100,9945;-50,4640;-50,5305;0,0000;0,0000;7;0
1,7609;-9,2235;-210,5348;96,3745;24,1603;-90,0000;80,7765;400,000;-200,000;44,819;179,098;0,0000;-22,0400;8,7411;13,2990;0,0000;0,0000;0,0000;100,9350;-50,0890;-50,8460;0,0000;0,0000;7;0
1,7635;-9,2235;-210,5909;96,3967;24,1942;-90,0000;80,7765;400,000;-200,000;44,365;177,047;0,0000;-21,7814;8,6132;13,1682;0,0000;0,0000;-0,0000;100,8759;-49,7183;-51,1576;-0,0000;-0,0000;7;0
1,7660;-9,2235;-210,6464;96,4186;24,2278;-90,0000;80,7765;400,000;-200,000;43,916;174,997;-0,0000;-21,5229;8,4862;13,0367;-0,0000;-0,0000;-0,0000;100,8171;-49,3518;-51,4653;-0,0000;-0,0000;7;0
1,7686;-9,2235;-210,7013;96,4402;24,2611;-90,0000;80,7765;400,000;-200,000;43,473;172,946;-0,0000;-21,2646;8,3602;12,9044;-0,0000;-0,0000;0,0000;100,7586;-48,9896;-51,7690;0,0000;-0,0000;7;0
1,7712;-9,2235;-210,7555;96,4615;24,2940;-90,0000;80,7765;400,000;-200,000;43,035;170,896;-0,0000;-21,0064;8,2351;12,7713;-0,0000;-0,0000;0,0000;100,7005;-48,6317;-52,0689;0,0000;-0,0000;7;0
1,7737;-9,2235;-210,8090;96,4824;24,3265;-90,0000;80,7765;400,000;-200,000;42,602;168,845;-0,0000;-20,7483;8,1109;12,6375;-0,0000;-0,0000;-0,0000;100,6427;-48,2779;-52,3648;-0,0000;-0,0000;7;0
1,7763;-9,2235;-210,8618;96,5031;24,3588;-90,0000;80,7765;400,000;-200,000;42,175;166,795;-0,0000;-20,4904;7,9876;12,5029;-0,0000;-0,0000;0,0000;100,5853;-47,9285;-52,6568;0,0000;-0,0000;7;0
1,7788;-9,2235;-210,9140;96,5234;24,3906;-90,0000;80,7765;400,000;-200,000;41,752;164,744;-0,0000;-20,2327;7,8652;12,3675;-0,0000;-0,0000;0,0000;100,5282;-47,5833;-52,9449;0,0000;0,0000;7;0
1,7814;-9,2235;-210,9655;96,5434;24,4222;-90,0000;80,7765;400,000;-200,000;41,335;162,694;-0,0000;-19,9751;7,7436;12,2315;-0,0000;-0,0000;-0,0000;100,4715;-47,2423;-53,2292;-0,0000;0,0000;7;0
1,7840;-9,2235;-211,0164;96,5631;24,4533;-90,0000;80,7765;400,000;-200,000;40,924;160,643;-0,0000;-19,7176;7,6230;12,0947;-0,0000;-0,0000;-0,0000;100,4152;-46,9056;-53,5096;-0,0000;-0,0000;7;0
1,7865;-9,2235;-211,0666;96,5825;24,4842;-90,0000;80,7765;400,000;-200,000;40,517;158,593;-0,0000;-19,4603;7,5032;11,9572;-0,0000;-0,0000;0,0000;100,3593;-46,5732;-53,7862;0,0000;-0,0000;7;0
1,7891;-9,2235;-211,1162;96,6015;24,5146;-90,0000;80,7765;400,000;-200,000;40,116;156,542;-0,0000;-19,2032;7,3842;11,8189;-0,0000;-0,0000;0,0000;100,3039;-46,2450;-54,0589;0,0000;0,0000;7;0
1,7917;-9,2235;-211,1651;96,6203;24,5447;-90,0000;80,7765;400,000;-200,000;39,720;154,491;0,0000;-18,9461;7,2661;11,6800;0,0000;0,0000;0,0000;100,2488;-45,9211;-54,3277;0,0000;0,0000;7;0
1,7942;-9,2235;-211,2133;96,6388;24,5745;-90,0000;80,7765;400,000;-200,000;39,329;152,441;0,0000;-18,6892;7,1488;11,5404;0,0000;0,0000;-0,0000;100,1942;-45,6014;-54,5928;-0,0000;-0,0000;7;0
1,7968;-9,2235;-211,2609;96,6570;24,6039;-90,0000;80,7765;400,000;-200,000;38,944;150,390;0,0000;-18,4325;7,0323;11,4002;0,0000;0,0000;-0,0000;100,1400;-45,2860;-54,8540;-0,0000;-0,0000;7;0
1,7994;-9,2235;-211,3078;96,6748;24,6329;-90,0000;80,7765;400,000;-200,000;38,563;148,340;-0,0000;-18,1759;6,9167;11,2592;-0,0000;-0,0000;-0,0000;100,0863;-44,9749;-55,1114;-0,0000;-0,0000;7;0
1,8019;-9,2235;-211,3540;96,6924;24,6616;-90,0000;80,7765;400,000;-200,000;38,189;146,289;-0,0000;-17,9194;6,8018;11,1176;-0,0000;-0,0000;-0,0000;100,0330;-44,6680;-55,3650;-0,0000;-0,0000;7;0
1,8045;-9,2235;-211,3996;96,7097;24,6899;-90,0000;80,7765;400,000;-200,000;37,819;144,239;-0,0000;-17,6631;6,6877;10,9754;-0,0000;-0,0000;0,0000;99,9802;-44,3654;-55,6148;0,0000;0,0000;7;0
1,8070;-9,2235;-211,4446;96,7267;24,7179;-90,0000;80,7765;400,000;-200,000;37,454;142,188;-0,0000;-17,4069;6,5743;10,8325;-0,0000;-0,0000;0,0000;99,9280;-44,0671;-55,8609;0,0000;0,0000;7;0
1,8096;-9,2235;-211,4889;96,7434;24,7455;-90,0000;80,7765;400,000;-200,000;37,095;140,138;-0,0000;-17,1508;6,4618;10,6890;-0,0000;-0,0000;-0,0000;99,8762;-43,7730;-56,1032;-0,0000;-0,0000;7;0
1,8122;-9,2235;-211,5325;96,7598;24,7727;-90,0000;80,7765;400,000;-200,000;36,741;138,087;-0,0000;-16,8949;6,3500;10,5449;-0,0000;-0,0000;-0,0000;99,8249;-43,4832;-56,3417;-0,0000;-0,0000;7;0
1,8147;-9,2235;-211,5755;96,7760;24,7995;-90,0000;80,7765;400,000;-200,000;36,393;136,037;-0,0000;-16,6391;6,2389;10,4002;-0,0000;-0,0000;0,0000;99,7741;-43,1977;-56,5764;0,0000;0,0000;7;0
1,8173;-9,2235;-211,6178;96,7918;24,8260;-90,0000;80,7765;400,000;-200,000;36,049;133,986;0,0000;-16,3834;6,1285;10,2549;0,0000;0,0000;0,0000;99,7239;-42,9164;-56,8074;0,0000;0,0000;7;0
1,8199;-9,2235;-211,6595;96,8074;24,8521;-90,0000;80,7765;400,000;-200,000;35,711;131,935;0,0000;-16,1279;6,0189;10,1090;0,0000;0,0000;-0,0000;99,6741;-42,6395;-57,0347;-0,0000;-0,0000;7;0
1,8224;-9,2235;-211,7005;96,8227;24,8778;-90,0000;80,7765;400,000;-200,000;35,378;129,885;-0,0000;-15,8724;5,9099;9,9625;-0,0000;-0,0000;-0,0000;99,6250;-42,3668;-57,2582;-0,0000;-0,0000;7;0
1,8250;-9,2235;-211,7408;96,8377;24,9032;-90,0000;80,7765;400,000;-200,000;35,050;127,834;-0,0000;-15,6172;5,8017;9,8155;-0,0000;-0,0000;-0,0000;99,5764;-42,0983;-57,4780;-0,0000;-0,0000;7;0
1,8275;-9,2235;-211,7805;96,8524;24,9281;-90,0000;80,7765;400,000;-200,000;34,728;125,784;-0,0000;-15,3620;5,6941;9,6679;-0,0000;-0,0000;0,0000;99,5283;-41,8342;-57,6942;0,0000;-0,0000;7;0
1,8301;-9,2235;-211,8196;96,8669;24,9527;-90,0000;80,7765;400,000;-200,000;34,411;123,733;-0,0000;-15,1069;5,5872;9,5197;-0,0000;-0,0000;0,0000;99,4809;-41,5743;-57,9066;0,0000;-0,0000;7;0
1,8327;-9,2235;-211,8580;96,8810;24,9769;-90,0000;80,7765;400,000;-200,000;34,099;121,683;-0,0000;-14,8520;5,4810;9,3710;-0,0000;-0,0000;0,0000;99,4340;-41,3187;-58,1153;0,0000;0,0000;7;0
1,8352;-9,2235;-211,8957;96,8950;25,0008;-90,0000;80,7765;400,000;-200,000;33,792;119,632;0,0000;-14,5972;5,3754;9,2218;0,0000;0,0000;0,0000;99,3877;-41,0674;-58,3203;0,0000;0,0000;7;0
1,8378;-9,2235;-211,9328;96,9086;25,0242;-90,0000;80,7765;400,000;-200,000;33,491;117,582;0,0000;-14,3425;5,2705;9,0721;0,0000;0,0000;-0,0000;99,3421;-40,8204;-58,5217;-0,0000;-0,0000;7;0
1,8404;-9,2235;-211,9693;96,9220;25,0473;-90,0000;80,7765;400,000;-200,000;33,195;115,531;-0,0000;-14,0879;5,1661;8,9218;-0,0000;-0,0000;-0,0000;99,2970;-40,5777;-58,7193;-0,0000;-0,0000;7;0
1,8429;-9,2235;-212,0050;96,9351;25,0700;-90,0000;80,7765;400,000;-200,000;32,904;113,481;-0,0000;-13,8335;5,0624;8,7710;-0,0000;-0,0000;-0,0000;99,2526;-40,3392;-58,9134;-0,0000;-0,0000;7;0
1,8455;-9,2235;-212,0402;96,9479;25,0922;-90,0000;80,7765;400,000;-200,000;32,618;111,430;-0,0000;-13,5791;4,9593;8,6198;-0,0000;-0,0000;-0,0000;99,2088;-40,1050;-59,1037;-0,0000;-0,0000;7;0
1,8481;-9,2235;-212,0747;96,9605;25,1141;-90,0000;80,7765;400,000;-200,000;32,338;109,379;-0,0000;-13,3249;4,8569;8,4680;-0,0000;-0,0000;0,0000;99,1656;-39,8752;-59,2904;0,0000;0,0000;7;0
1,8506;-9,2235;-212,1085;96,9728;25,1357;-90,0000;80,7765;400,000;-200,000;32,063;107,329;-0,0000;-13,0708;4,7549;8,3158;-0,0000;0,0000;0,0000;99,1231;-39,6496;-59,4735;0,0000;0,0000;7;0
1,8532;-9,2235;-212,1417;96,9849;25,1568;-90,0000;80,7765;400,000;-200,000;31,793;105,278;-0,0000;-12,8168;4,6536;8,1632;-0,0000;0,0000;0,0000;99,0812;-39,4283;-59,6530;0,0000;0,0000;7;0
1,8557;-9,2235;-212,1742;96,9967;25,1775;-90,0000;80,7765;400,000;-200,000;31,528;103,228;0,0000;-12,5628;4,5528;8,0100;0,0000;0,0000;0,0000;99,0400;-39,2113;-59,8288;0,0000;0,0000;7;0
1,8583;-9,2235;-212,2061;97,0082;25,1978;-90,0000;80,7765;400,000;-200,000;31,269;101,177;0,0000;-12,3090;4,4526;7,8565;0,0000;0,0000;-0,0000;98,9995;-38,9985;-60,0010;-0,0000;-0,0000;7;0
1,8609;-9,2235;-212,2373;97,0195;25,2178;-90,0000;80,7765;400,000;-200,000;31,015;99,127;-0,0000;-12,0553;4,3529;7,7025;-0,0000;-0,0000;-0,0000;98,9597;-38,7901;-60,1696;-0,0000;-0,0000;7;0
1,8634;-9,2235;-212,2679;97,0305;25,2373;-90,0000;80,7765;400,000;-200,000;30,766;97,076;-0,0000;-11,8017;4,2537;7,5480;-0,0000;-0,0000;0,0000;98,9206;-38,5860;-60,3346;0,0000;0,0000;7;0
1,8660;-9,2235;-212,2978;97,0413;25,2565;-90,0000;80,7765;400,000;-200,000;30,523;95,026;-0,0000;-11,5482;4,1551;7,3932;-0,0000;0,0000;0,0000;98,8821;-38,3861;-60,4960;0,0000;0,0000;7;0
1,8686;-9,2235;-212,3271;97,0518;25,2752;-90,0000;80,7765;400,000;-200,000;30,284;92,975;0,0000;-11,2948;4,0569;7,2379;0,0000;0,0000;0,0000;98,8444;-38,1906;-60,6538;0,0000;0,0000;7;0
1,8711;-9,2235;-212,3557;97,0621;25,2936;-90,0000;80,7765;400,000;-200,000;30,051;90,925;0,0000;-11,0415;3,9593;7,0822;0,0000;0,0000;-0,0000;98,8074;-37,9994;-60,8080;-0,0000;-0,0000;7;0
1,8737;-9,2235;-212,3837;97,0721;25,3115;-90,0000;80,7765;400,000;-200,000;29,823;88,874;-0,0000;-10,7883;3,8622;6,9262;-0,0000;-0,0000;-0,0000;98,7711;-37,8124;-60,9587;-0,0000;-0,0000;7;0
1,8762;-9,2235;-212,4110;97,0819;25,3291;-90,0000;80,7765;400,000;-200,000;29,601;86,824;-0,0000;-10,5352;3,7655;6,7697;-0,0000;-0,0000;0,0000;98,7355;-37,6298;-61,1058;0,0000;0,0000;7;0
1,8788;-9,2235;-212,4377;97,0914;25,3462;-90,0000;80,7765;400,000;-200,000;29,384;84,773;-0,0000;-10,2822;3,6692;6,6129;-0,0000;-0,0000;0,0000;98,7007;-37,4514;-61,2493;0,0000;-0,0000;7;0
1,8814;-9,2235;-212,4637;97,1007;25,3630;-90,0000;80,7765;400,000;-200,000;29,172;82,722;-0,0000;-10,0292;3,5735;6,4557;-0,0000;-0,0000;0,0000;98,6666;-37,2774;-61,3893;0,0000;-0,0000;7;0
1,8839;-9,2235;-212,4891;97,1098;25,3793;-90,0000;80,7765;400,000;-200,000;28,965;80,672;-0,0000;-9,7764;3,4781;6,2982;-0,0000;-0,0000;0,0000;98,6333;-37,1076;-61,5257;0,0000;0,0000;7;0
1,8865;-9,2235;-212,5138;97,1186;25,3953;-90,0000;80,7765;400,000;-200,000;28,763;78,621;-0,0000;-9,5236;3,3833;6,1403;-0,0000;-0,0000;0,0000;98,6007;-36,9422;-61,6585;0,0000;0,0000;7;0
1,8891;-9,2235;-212,5379;97,1271;25,4108;-90,0000;80,7765;400,000;-200,000;28,567;76,571;0,0000;-9,2709;3,2888;5,9821;0,0000;0,0000;0,0000;98,5689;-36,7810;-61,7879;0,0000;0,0000;7;0
1,8916;-9,2235;-212,5613;97,1354;25,4259;-90,0000;80,7765;400,000;-200,000;28,376;74,520;0,0000;-9,0183;3,1947;5,8236;0,0000;0,0000;-0,0000;98,5379;-36,6242;-61,9137;-0,0000;-0,0000;7;0
1,8942;-9,2235;-212,5841;97,1435;25,4407;-90,0000;80,7765;400,000;-200,000;28,190;72,470;-0,0000;-8,7658;3,1010;5,6647;-0,0000;-0,0000;-0,0000;98,5076;-36,4717;-62,0360;-0,0000;-0,0000;7;0
1,8968;-9,2235;-212,6063;97,1513;25,4550;-90,0000;80,7765;400,000;-200,000;28,010;70,419;-0,0000;-8,5133;3,0077;5,5056;-0,0000;-0,0000;0,0000;98,4782;-36,3235;-62,1547;0,0000;0,0000;7;0
1,8993;-9,2235;-212,6278;97,1589;25,4689;-90,0000;80,7765;400,000;-200,000;27,834;68,369;0,0000;-8,2609;2,9148;5,3461;0,0000;0,0000;0,0000;98,4495;-36,1795;-62,2699;0,0000;0,0000;7;0
1,9019;-9,2235;-212,6486;97,1663;25,4824;-90,0000;80,7765;400,000;-200,000;27,664;66,318;0,0000;-8,0086;2,8223;5,1864;0,0000;0,0000;-0,0000;98,4216;-36,0399;-62,3817;-0,0000;-0,0000;7;0
1,9044;-9,2235;-212,6688;97,1734;25,4955;-90,0000;80,7765;400,000;-200,000;27,500;64,268;-0,0000;-7,7564;2,7301;5,0263;-0,0000;-0,0000;-0,0000;98,3945;-35,9046;-62,4899;-0,0000;-0,0000;7;0
1,9070;-9,2235;-212,6884;97,1802;25,5081;-90,0000;80,7765;400,000;-200,000;27,340;62,217;-0,0000;-7,5042;2,6382;4,8660;-0,0000;-0,0000;0,0000;98,3682;-35,7736;-62,5946;0,0000;0,0000;7;0
1,9096;-9,2235;-212,7073;97,1869;25,5204;-90,0000;80,7765;400,000;-200,000;27,186;60,166;-0,0000;-7,2521;2,5467;4,7054;-0,0000;-0,0000;0,0000;98,3428;-35,6470;-62,6958;0,0000;0,0000;7;0
1,9121;-9,2235;-212,7256;97,1933;25,5323;-90,0000;80,7765;400,000;-200,000;27,037;58,116;-0,0000;-7,0001;2,4555;4,5446;-0,0000;-0,0000;0,0000;98,3181;-35,5246;-62,7935;0,0000;0,0000;7;0
1,9147;-9,2235;-212,7432;97,1995;25,5437;-90,0000;80,7765;400,000;-200,000;26,893;56,065;-0,0000;-6,7481;2,3646;4,3835;-0,0000;-0,0000;0,0000;98,2943;-35,4065;-62,8878;-0,0000;-0,0000;7;0
1,9173;-9,2235;-212,7602;97,2054;25,5547;-90,0000;80,7765;400,000;-200,000;26,755;54,015;-0,0000;-6,4962;2,2740;4,2222;-0,0000;-0,0000;-0,0000;98,2713;-35,2928;-62,9785;-0,0000;-0,0000;7;0
1,9198;-9,2235;-212,7765;97,2111;25,5654;-90,0000;80,7765;400,000;-200,000;26,622;51,964;-0,0000;-6,2443;2,1836;4,0607;-0,0000;-0,0000;0,0000;98,2491;-35,1834;-63,0658;0,0000;0,0000;7;0
1,9224;-9,2235;-212,7922;97,2166;25,5756;-90,0000;80,7765;400,000;-200,000;26,494;49,914;-0,0000;-5,9925;2,0936;3,8989;-0,0000;-0,0000;0,0000;98,2278;-35,0783;-63,1496;0,0000;0,0000;7;0
1,9249;-9,2235;-212,8072;97,2219;25,5853;-90,0000;80,7765;400,000;-200,000;26,371;47,863;-0,0000;-5,7408;2,0038;3,7370;-0,0000;0,0000;-0,0000;98,2073;-34,9774;-63,2299;-0,0000;-0,0000;7;0
1,9275;-9,2235;-212,8216;97,2269;25,5947;-90,0000;80,7765;400,000;-200,000;26,254;45,813;-0,0000;-5,4891;1,9143;3,5748;-0,0000;-0,0000;-0,0000;98,1877;-34,8810;-63,3068;-0,0000;-0,0000;7;0
1,9301;-9,2235;-212,8353;97,2317;25,6037;-90,0000;80,7765;400,000;-200,000;26,142;43,762;-0,0000;-5,2374;1,8250;3,4124;-0,0000;-0,0000;0,0000;98,1689;-34,7888;-63,3801;0,0000;0,0000;7;0
1,9326;-9,2235;-212,8485;97,2362;25,6122;-90,0000;80,7765;400,000;-200,000;26,035;41,712;0,0000;-4,9858;1,7359;3,2499;0,0000;0,0000;0,0000;98,1510;-34,7009;-63,4501;0,0000;0,0000;7;0
1,9352;-9,2235;-212,8609;97,2406;25,6203;-90,0000;80,7765;400,000;-200,000;25,933;39,661;0,0000;-4,7343;1,6471;3,0872;0,0000;0,0000;-0,0000;98,1339;-34,6174;-63,5166;-0,0000;-0,0000;7;0
1,9378;-9,2235;-212,8727;97,2447;25,6280;-90,0000;80,7765;400,000;-200,000;25,837;37,610;-0,0000;-4,4828;1,5585;2,9243;-0,0000;-0,0000;-0,0000;98,1177;-34,5382;-63,5796;-0,0000;-0,0000;7;0
1,9403;-9,2235;-212,8839;97,2486;25,6353;-90,0000;80,7765;400,000;-200,000;25,745;35,560;-0,0000;-4,2313;1,4701;2,7612;-0,0000;0,0000;0,0000;98,1024;-34,4632;-63,6391;0,0000;0,0000;7;0
1,9429;-9,2235;-212,8944;97,2522;25,6422;-90,0000;80,7765;400,000;-200,000;25,660;33,509;-0,0000;-3,9798;1,3818;2,5980;-0,0000;0,0000;0,0000;98,0879;-34,3927;-63,6952;0,0000;0,0000;7;0
1,9455;-9,2235;-212,9043;97,2557;25,6486;-90,0000;80,7765;400,000;-200,000;25,579;31,459;0,0000;-3,7284;1,2937;2,4347;0,0000;0,0000;0,0000;98,0743;-34,3264;-63,7479;0,0000;0,0000;7;0
1,9480;-9,2235;-212,9135;97,2589;25,6547;-90,0000;80,7765;400,000;-200,000;25,503;29,408;0,0000;-3,4771;1,2058;2,2712;0,0000;0,0000;-0,0000;98,0616;-34,2644;-63,7971;-0,0000;-0,0000;7;0
1,9506;-9,2235;-212,9221;97,2618;25,6603;-90,0000;80,7765;400,000;-200,000;25,433;27,358;-0,0000;-3,2257;1,1181;2,1077;-0,0000;-0,0000;-0,0000;98,0497;-34,2068;-63,8429;-0,0000;-0,0000;7;0
1,9531;-9,2235;-212,9301;97,2646;25,6655;-90,0000;80,7765;400,000;-200,000;25,369;25,307;0,0000;-2,9744;1,0305;1,9440;0,0000;0,0000;0,0000;98,0387;-34,1535;-63,8853;0,0000;0,0000;7;0
1,9557;-9,2235;-212,9374;97,2671;25,6702;-90,0000;80,7765;400,000;-200,000;25,309;23,257;0,0000;-2,7232;0,9430;1,7802;0,0000;0,0000;-0,0000;98,0286;-34,1045;-63,9242;-0,0000;-0,0000;7;0
1,9583;-9,2235;-212,9440;97,2694;25,6746;-90,0000;80,7765;400,000;-200,000;25,255;21,206;-0,0000;-2,4719;0,8557;1,6163;-0,0000;-0,0000;-0,0000;98,0194;-34,0598;-63,9596;-0,0000;-0,0000;7;0
1,9608;-9,2235;-212,9500;97,2715;25,6785;-90,0000;80,7765;400,000;-200,000;25,205;19,156;0,0000;-2,2207;0,7684;1,4523;0,0000;-0,0000;0,0000;98,0111;-34,0194;-63,9917;0,0000;-0,0000;7;0
1,9634;-9,2235;-212,9554;97,2734;25,6820;-90,0000;80,7765;400,000;-200,000;25,162;17,105;0,0000;-1,9695;0,6813;1,2882;0,0000;-0,0000;-0,0000;98,0037;-33,9834;-64,0203;-0,0000;-0,0000;7;0
1,9660;-9,2235;-212,9601;97,2750;25,6851;-90,0000;80,7765;400,000;-200,000;25,123;15,055;-0,0000;-1,7183;0,5942;1,1241;-0,0000;-0,0000;-0,0000;97,9971;-33,9517;-64,0454;-0,0000;-0,0000;7;0
1,9685;-9,2235;-212,9642;97,2764;25,6878;-90,0000;80,7765;400,000;-200,000;25,090;13,004;-0,0000;-1,4671;0,5072;0,9599;-0,0000;-0,0000;0,0000;97,9914;-33,9243;-64,0672;0,0000;0,0000;7;0
1,9711;-9,2235;-212,9677;97,2776;25,6901;-90,0000;80,7765;400,000;-200,000;25,062;10,953;-0,0000;-1,2159;0,4203;0,7957;-0,0000;-0,0000;0,0000;97,9867;-33,9012;-64,0855;0,0000;0,0000;7;0
1,9736;-9,2235;-212,9704;97,2786;25,6919;-90,0000;80,7765;400,000;-200,000;25,039;8,903;-0,0000;-0,9648;0,3334;0,6314;-0,0000;-0,0000;0,0000;97,9828;-33,8824;-64,1004;0,0000;0,0000;7;0
1,9762;-9,2235;-212,9726;97,2793;25,6933;-90,0000;80,7765;400,000;-200,000;25,021;6,852;-0,0000;-0,7136;0,2466;0,4671;-0,0000;-0,0000;-0,0000;97,9797;-33,8676;-64,1121;0,0000;-0,0000;7;0
1,9788;-9,2235;-212,9741;97,2798;25,6943;-90,0000;80,7765;400,000;-200,000;25,009;4,802;-0,0000;-0,4625;0,1598;0,3027;-0,0000;-0,0000;-0,0000;97,6709;-33,7519;-63,9191;-0,0000;-0,0000;7;0
1,9813;-9,2235;-212,9750;97,2801;25,6948;-90,0000;80,7765;400,000;-200,000;25,002;2,751;-0,0000;-0,2130;0,0736;0,1394;-0,0000;-0,0000;-0,0000;81,5458;-28,1761;-53,3698;-0,0000;-0,0000;7;0
1,9839;-9,2235;-212,9752;97,2802;25,6950;-90,0000;80,7765;400,000;-200,000;25,000;0,726;-0,0000;-0,0445;0,0154;0,0291;-0,0000;-0,0000;0,0000;41,5409;-14,3522;-27,1887;0,0000;0,0000;8;0
1,9865;-9,2235;-212,9752;97,2802;25,6950;-90,0000;80,7765;400,000;-200,000;25,000;0,000;0,0000;0,0000;0,0000;0,0000;0,0000;0,0000;0,0000;8,6768;-2,9974;-5,6793;0,0000;0,0000;8;0
1,9890;-9,2235;-212,9752;97,2802;25,6950;-90,0000;80,7765;400,000;-200,000;25,000;0,000;0,0000;0,0000;0,0000;0,0000;0,0000;0,0000;0,0000;0,0000;0,0000;0,0000;0,0000;0,0000;8;0
1,9916;-9,2235;-212,9752;97,2802;25,6950;-90,0000;80,7765;400,000;-200,000;25,000;0,000;0,0000;0,0000;0,0000;0,0000;0,0000;0,0000;0,0000;0,0000;0,0000;0,0000;0,0000;0,0000;8;0
1,9942;-9,2235;-212,9752;97,2802;25,6950;-90,0000;80,7765;400,000;-200,000;25,000;0,000;0,0000;0,0000;0,0000;0,0000;0,0000;0,0000;0,0000;0,0000;0,0000;0,0000;0,0000;0,0000;8;0
1,9967;-9,2235;-212,9752;97,2802;25,6950;-90,0000;80,7765;400,000;-200,000;25,000;0,000;0,0000;0,0000;0,0000;0,0000;0,0000;0,0000;0,0000;0,0000;0,0000;0,0000;0,0000;0,0000;8;0
1,9993;-9,2235;-212,9752;97,2802;25,6950;-90,0000;80,7765;400,000;-200,000;25,000;0,000;0,0000;0,0000;0,0000;0,0000;0,0000;0,0000;0,0000;0,0000;0,0000;0,0000;0,0000;0,0000;8;0
2,0018;-9,2235;-212,9752;97,2802;25,6950;-90,0000;80,7765;400,000;-200,000;25,000;0,000;0,0000;0,0000;0,0000;0,0000;0,0000;0,0000;0,0000;0,0000;0,0000;0,0000;0,0000;0,0000;8;0
2,0044;-9,2235;-212,9752;97,2802;25,6950;-90,0000;80,7765;400,000;-200,000;25,000;0,000;0,0000;0,0000;0,0000;0,0000;0,0000;0,0000;0,0000;0,0000;0,0000;0,0000;0,0000;0,0000;8;0
2,0070;-9,2235;-212,9752;97,2802;25,6950;-90,0000;80,7765;400,000;-200,000;25,000;0,000;0,0000;0,0000;0,0000;0,0000;0,0000;0,0000;0,0000;0,0000;0,0000;0,0000;0,0000;0,0000;8;0
2,0095;-9,2235;-212,9752;97,2802;25,6950;-90,0000;80,7765;400,000;-200,000;25,000;0,000;0,0000;0,0000;0,0000;0,0000;0,0000;0,0000;0,0000;0,0000;0,0000;0,0000;0,0000;0,0000;8;0
2,0121;-9,2235;-212,9752;97,2802;25,6950;-90,0000;80,7765;400,000;-200,000;25,000;0,000;0,0000;0,0000;0,0000;0,0000;0,0000;0,0000;0,0000;0,0000;0,0000;0,0000;0,0000;0,0000;8;0
2,0147;-9,2235;-212,9752;97,2802;25,6950;-90,0000;80,7765;400,000;-200,000;25,000;0,000;0,0000;0,0000;0,0000;0,0000;0,0000;0,0000;0,0000;0,0000;0,0000;0,0000;0,0000;0,0000;8;0
2,0172;-9,2235;-212,9752;97,2802;25,6950;-90,0000;80,7765;400,000;-200,000;25,000;0,000;0,0000;0,0000;0,0000;0,0000;0,0000;0,0000;0,0000;0,0000;0,0000;0,0000;0,0000;0,0000;8;0
2,0198;-9,2235;-212,9752;97,2802;25,6950;-90,0000;80,7765;400,000;-200,000;25,000;0,000;0,0000;0,0000;0,0000;0,0000;0,0000;0,0000;0,0000;0,0000;0,0000;0,0000;0,0000;0,0000;8;0
2,0223;-9,2235;-212,9752;97,2802;25,6950;-90,0000;80,7765;400,000;-200,000;25,000;0,000;0,0000;0,0000;0,0000;0,0000;0,0000;0,0000;0,0000;0,0000;0,0000;0,0000;0,0000;0,0000;8;0
2,0249;-9,2235;-212,9752;97,2802;25,6950;-90,0000;80,7765;400,000;-200,000;25,000;0,000;0,0000;0,0000;0,0000;0,0000;0,0000;0,0000;0,0000;0,0000;0,0000;-0,0000;0,0000;-0,0000;8;0
2,0275;-9,2235;-212,9752;97,2802;25,6950;-90,0000;80,7765;400,000;-200,000;25,000;0,000;0,0000;0,0000;0,0000;-0,0000;0,0000;-0,0000;-0,0000;-0,0000;0,0000;0,0000;-0,0000;0,0000;8;0
2,0300;-9,2235;-212,9752;97,2802;25,6950;-90,0000;80,7765;400,000;-200,000;25,000;0,000;-0,0000;-0,0000;0,0000;0,0000;-0,0000;0,0000;-0,0000;-0,0000;0,0000;0,0000;-0,0000;0,0000;8;0
2,0326;-9,2235;-212,9752;97,2802;25,6950;-90,0000;80,7765;400,000;-200,000;25,000;0,000;0,0000;0,0000;0,0000;0,0000;0,0000;0,0000;0,0000;0,0000;0,0000;-0,0000;0,0000;-0,0000;8;0
2,0352;-9,2235;-212,9752;97,2802;25,6950;-90,0000;80,7765;400,000;-200,000;25,000;0,000;0,0000;0,0000;0,0000;0,0000;0,0000;0,0000;0,0000;0,0000;0,0000;0,0000;0,0000;0,0000;8;0
2,0377;-9,2235;-212,9752;97,2802;25,6950;-90,0000;80,7765;400,000;-200,000;25,000;0,000;0,0000;0,0000;0,0000;0,0000;0,0000;0,0000;0,0000;0,0000;0,0000;0,0000;0,0000;0,0000;8;0
2,0403;-9,2235;-212,9752;97,2802;25,6950;-90,0000;80,7765;400,000;-200,000;25,000;0,000;0,0000;0,0000;0,0000;0,0000;0,0000;0,0000;0,0000;0,0000;0,0000;0,0000;0,0000;0,0000;8;0
2,0429;-9,2235;-212,9752;97,2802;25,6950;-90,0000;80,7765;400,000;-200,000;25,000;0,000;0,0000;0,0000;0,0000;0,0000;0,0000;0,0000;0,0000;0,0000;0,0000;0,0000;0,0000;0,0000;8;0
2,0454;-9,2235;-212,9752;97,2802;25,6950;-90,0000;80,7765;400,000;-200,000;25,000;0,000;0,0000;0,0000;0,0000;0,0000;0,0000;0,0000;0,0000;0,0000;0,0000;0,0000;0,0000;0,0000;8;0
2,0480;-9,2235;-212,9752;97,2802;25,6950;-90,0000;80,7765;400,000;-200,000;25,000;0,000;0,0000;0,0000;0,0000;0,0000;0,0000;0,0000;0,0000;0,0000;0,0000;0,0000;0,0000;0,0000;8;0
2,0505;-9,2235;-212,9752;97,2802;25,6950;-90,0000;80,7765;400,000;-200,000;25,000;0,000;0,0000;0,0000;0,0000;0,0000;0,0000;0,0000;0,0000;0,0000;0,0000;-0,0000;0,0000;-0,0000;8;0
2,0531;-9,2235;-212,9752;97,2802;25,6950;-90,0000;80,7765;400,000;-200,000;25,000;0,000;0,0000;0,0000;0,0000;-0,0000;0,0000;-0,0000;-0,0000;-0,0000;0,0000;0,0000;-0,0000;0,0000;8;0
2,0557;-9,2235;-212,9752;97,2802;25,6950;-90,0000;80,7765;400,000;-200,000;25,000;0,000;-0,0000;-0,0000;0,0000;0,0000;-0,0000;0,0000;-0,0000;-0,0000;0,0000;0,0000;-0,0000;0,0000;8;0
2,0582;-9,2235;-212,9752;97,2802;25,6950;-90,0000;80,7765;400,000;-200,000;25,000;0,000;0,0000;0,0000;0,0000;0,0000;0,0000;0,0000;0,0000;0,0000;0,0000;-0,0000;0,0000;-0,0000;8;0
2,0608;-9,2235;-212,9752;97,2802;25,6950;-90,0000;80,7765;400,000;-200,000;25,000;0,000;0,0000;0,0000;0,0000;0,0000;0,0000;0,0000;0,0000;0,0000;0,0000;0,0000;0,0000;0,0000;8;0
2,0634;-9,2235;-212,9752;97,2802;25,6950;-90,0000;80,7765;400,000;-200,000;25,000;0,000;0,0000;0,0000;0,0000;0,0000;0,0000;0,0000;0,0000;0,0000;0,0000;0,0000;0,0000;0,0000;8;0
2,0659;-9,2235;-212,9752;97,2802;25,6950;-90,0000;80,7765;400,000;-200,000;25,000;0,000;0,0000;0,0000;0,0000;0,0000;0,0000;0,0000;0,0000;0,0000;0,0000;0,0000;0,0000;0,0000;8;0
2,0685;-9,2235;-212,9752;97,2802;25,6950;-90,0000;80,7765;400,000;-200,000;25,000;0,000;0,0000;0,0000;0,0000;0,0000;0,0000;0,0000;0,0000;0,0000;0,0000;0,0000;0,0000;0,0000;8;0
2,0710;-9,2235;-212,9752;97,2802;25,6950;-90,0000;80,7765;400,000;-200,000;25,000;0,000;0,0000;0,0000;0,0000;0,0000;0,0000;0,0000;0,0000;0,0000;0,0000;0,0000;0,0000;0,0000;8;0
2,0736;-9,2235;-212,9752;97,2802;25,6950;-90,0000;80,7765;400,000;-200,000;25,000;0,000;0,0000;0,0000;0,0000;0,0000;0,0000;0,0000;0,0000;0,0000;0,0000;0,0000;0,0000;0,0000;8;0
2,0762;-9,2235;-212,9752;97,2802;25,6950;-90,0000;80,7765;400,000;-200,000;25,000;0,000;0,0000;0,0000;0,0000;0,0000;0,0000;0,0000;0,0000;0,0000;0,0000;-0,0000;0,0000;-0,0000;8;0
2,0787;-9,2235;-212,9752;97,2802;25,6950;-90,0000;80,7765;400,000;-200,000;25,000;0,000;0,0000;0,0000;0,0000;-0,0000;0,0000;-0,0000;-0,0000;-0,0000;0,0000;0,0000;-0,0000;0,0000;8;0
2,0813;-9,2235;-212,9752;97,2802;25,6950;-90,0000;80,7765;400,000;-200,000;25,000;0,000;-0,0000;-0,0000;0,0000;0,0000;-0,0000;0,0000;-0,0000;-0,0000;0,0000;0,0000;-0,0000;0,0000;8;0
2,0839;-9,2235;-212,9752;97,2802;25,6950;-90,0000;80,7765;400,000;-200,000;25,000;0,000;0,0000;0,0000;0,0000;0,0000;0,0000;0,0000;0,0000;0,0000;0,0000;-0,0000;0,0000;-0,0000;8;0
2,0864;-9,2235;-212,9752;97,2802;25,6950;-90,0000;80,7765;400,000;-200,000;25,000;0,000;0,0000;0,0000;0,0000;0,0000;0,0000;0,0000;0,0000;0,0000;0,0000;0,0000;0,0000;0,0000;8;0
2,0890;-9,2235;-212,9752;97,2802;25,6950;-90,0000;80,7765;400,000;-200,000;25,000;0,000;0,0000;0,0000;0,0000;0,0000;0,0000;0,0000;0,0000;0,0000;0,0000;0,0000;0,0000;0,0000;8;0
2,0916;-9,2235;-212,9752;97,2802;25,6950;-90,0000;80,7765;400,000;-200,000;25,000;0,000;0,0000;0,0000;0,0000;0,0000;0,0000;0,0000;0,0000;0,0000;0,0000;0,0000;0,0000;0,0000;8;0
2,0941;-9,2235;-212,9752;97,2802;25,6950;-90,0000;80,7765;400,000;-200,000;25,000;0,000;0,0000;0,0000;0,0000;0,0000;0,0000;0,0000;0,0000;0,0000;0,0000;0,0000;0,0000;0,0000;8;0
2,0967;-9,2235;-212,9752;97,2802;25,6950;-90,0000;80,7765;400,000;-200,000;25,000;0,000;0,0000;0,0000;0,0000;0,0000;0,0000;0,0000;0,0000;0,0000;0,0000;0,0000;0,0000;0,0000;8;0
2,0992;-9,2235;-212,9752;97,2802;25,6950;-90,0000;80,7765;400,000;-200,000;25,000;0,000;0,0000;0,0000;0,0000;0,0000;0,0000;0,0000;0,0000;0,0000;0,0000;0,0000;0,0000;0,0000;8;0
2,1018;-9,2235;-212,9752;97,2802;25,6950;-90,0000;80,7765;400,000;-200,000;25,000;0,000;0,0000;0,0000;0,0000;0,0000;0,0000;0,0000;0,0000;0,0000;0,0000;0,0000;0,0000;0,0000;8;0
2,1044;-9,2235;-212,9752;97,2802;25,6950;-90,0000;80,7765;400,000;-200,000;25,000;0,000;0,0000;0,0000;0,0000;0,0000;0,0000;0,0000;0,0000;0,0000;0,0000;-0,0000;0,0000;-0,0000;8;0
2,1069;-9,2235;-212,9752;97,2802;25,6950;-90,0000;80,7765;400,000;-200,000;25,000;0,000;0,0000;0,0000;0,0000;-0,0000;0,0000;-0,0000;-0,0000;-0,0000;0,0000;0,0000;-0,0000;0,0000;8;0
2,1095;-9,2235;-212,9752;97,2802;25,6950;-90,0000;80,7765;400,000;-200,000;25,000;0,000;-0,0000;-0,0000;0,0000;0,0000;-0,0000;0,0000;-0,0000;-0,0000;0,0000;0,0000;-0,0000;0,0000;8;0
2,1121;-9,2235;-212,9752;97,2802;25,6950;-90,0000;80,7765;400,000;-200,000;25,000;0,000;0,0000;0,0000;0,0000;0,0000;0,0000;0,0000;0,0000;0,0000;0,0000;-0,0000;0,0000;-0,0000;8;0
2,1146;-9,2235;-212,9752;97,2802;25,6950;-90,0000;80,7765;400,000;-200,000;25,000;0,000;0,0000;0,0000;0,0000;0,0000;0,0000;0,0000;0,0000;0,0000;0,0000;0,0000;0,0000;0,0000;8;0
2,1172;-9,2235;-212,9752;97,2802;25,6950;-90,0000;80,7765;400,000;-200,000;25,000;0,000;0,0000;0,0000;0,0000;0,0000;0,0000;0,0000;0,0000;0,0000;0,0000;0,0000;0,0000;0,0000;8;0
2,1197;-9,2235;-212,9752;97,2802;25,6950;-90,0000;80,7765;400,000;-200,000;25,000;0,000;0,0000;0,0000;0,0000;0,0000;0,0000;0,0000;0,0000;0,0000;0,0000;0,0000;0,0000;0,0000;8;0
2,1223;-9,2235;-212,9752;97,2802;25,6950;-90,0000;80,7765;400,000;-200,000;25,000;0,000;0,0000;0,0000;0,0000;0,0000;0,0000;0,0000;0,0000;0,0000;0,0000;0,0000;0,0000;0,0000;8;0
2,1249;-9,2235;-212,9752;97,2802;25,6950;-90,0000;80,7765;400,000;-200,000;25,000;0,000;0,0000;0,0000;0,0000;0,0000;0,0000;0,0000;0,0000;0,0000;0,0000;0,0000;0,0000;0,0000;8;0
2,1274;-9,2235;-212,9752;97,2802;25,6950;-90,0000;80,7765;400,000;-200,000;25,000;0,000;0,0000;0,0000;0,0000;0,0000;0,0000;0,0000;0,0000;0,0000;0,0000;0,0000;0,0000;0,0000;8;0
2,1300;-9,2235;-212,9752;97,2802;25,6950;-90,0000;80,7765;400,000;-200,000;25,000;0,000;0,0000;0,0000;0,0000;0,0000;0,0000;0,0000;0,0000;0,0000;0,0000;-0,0000;0,0000;-0,0000;8;0
2,1326;-9,2235;-212,9752;97,2802;25,6950;-90,0000;80,7765;400,000;-200,000;25,000;0,000;0,0000;0,0000;0,0000;-0,0000;0,0000;-0,0000;-0,0000;-0,0000;0,0000;0,0000;-0,0000;0,0000;8;0
2,1351;-9,2235;-212,9752;97,2802;25,6950;-90,0000;80,7765;400,000;-200,000;25,000;0,000;-0,0000;-0,0000;0,0000;0,0000;-0,0000;0,0000;-0,0000;-0,0000;0,0000;0,0000;-0,0000;0,0000;8;0
2,1377;-9,2235;-212,9752;97,2802;25,6950;-90,0000;80,7765;400,000;-200,000;25,000;0,000;0,0000;0,0000;0,0000;0,0000;0,0000;0,0000;0,0000;0,0000;0,0000;-0,0000;0,0000;-0,0000;8;0
2,1403;-9,2235;-212,9752;97,2802;25,6950;-90,0000;80,7765;400,000;-200,000;25,000;0,000;0,0000;0,0000;0,0000;0,0000;0,0000;0,0000;0,0000;0,0000;0,0000;0,0000;0,0000;0,0000;8;0
2,1428;-9,2235;-212,9752;97,2802;25,6950;-90,0000;80,7765;400,000;-200,000;25,000;0,000;0,0000;0,0000;0,0000;0,0000;0,0000;0,0000;0,0000;0,0000;0,0000;0,0000;0,0000;0,0000;8;0
2,1454;-9,2235;-212,9752;97,2802;25,6950;-90,0000;80,7765;400,000;-200,000;25,000;0,000;0,0000;0,0000;0,0000;0,0000;0,0000;0,0000;0,0000;0,0000;0,0000;0,0000;0,0000;0,0000;8;0
2,1479;-9,2235;-212,9752;97,2802;25,6950;-90,0000;80,7765;400,000;-200,000;25,000;0,000;0,0000;0,0000;0,0000;0,0000;0,0000;0,0000;0,0000;0,0000;0,0000;0,0000;0,0000;0,0000;8;0
2,1505;-9,2235;-212,9752;97,2802;25,6950;-90,0000;80,7765;400,000;-200,000;25,000;0,000;0,0000;0,0000;0,0000;0,0000;0,0000;0,0000;0,0000;0,0000;0,0000;0,0000;0,0000;0,0000;8;0
2,1531;-9,2235;-212,9752;97,2802;25,6950;-90,0000;80,7765;400,000;-200,000;25,000;0,000;0,0000;0,0000;0,0000;0,0000;0,0000;0,0000;0,0000;0,0000;0,0000;0,0000;0,0000;0,0000;8;0
2,1556;-9,2235;-212,9752;97,2802;25,6950;-90,0000;80,7765;400,000;-200,000;25,000;0,000;0,0000;0,0000;0,0000;0,0000;0,0000;0,0000;0,0000;0,0000;0,0000;-0,0000;0,0000;-0,0000;8;0
2,1582;-9,2235;-212,9752;97,2802;25,6950;-90,0000;80,7765;400,000;-200,000;25,000;0,000;0,0000;0,0000;0,0000;-0,0000;0,0000;-0,0000;-0,0000;-0,0000;0,0000;0,0000;-0,0000;0,0000;8;0
2,1608;-9,2235;-212,9752;97,2802;25,6950;-90,0000;80,7765;400,000;-200,000;25,000;0,000;-0,0000;-0,0000;0,0000;0,0000;-0,0000;0,0000;-0,0000;-0,0000;0,0000;0,0000;-0,0000;0,0000;8;0
2,1633;-9,2235;-212,9752;97,2802;25,6950;-90,0000;80,7765;400,000;-200,000;25,000;0,000;0,0000;0,0000;0,0000;0,0000;0,0000;0,0000;0,0000;0,0000;0,0000;-0,0000;0,0000;-0,0000;8;0
2,1659;-9,2235;-212,9752;97,2802;25,6950;-90,0000;80,7765;400,000;-200,000;25,000;0,000;0,0000;0,0000;0,0000;0,0000;0,0000;0,0000;0,0000;0,0000;0,0000;0,0000;0,0000;0,0000;8;0
2,1684;-9,2235;-212,9752;97,2802;25,6950;-90,0000;80,7765;400,000;-200,000;25,000;0,000;0,0000;0,0000;0,0000;0,0000;0,0000;0,0000;0,0000;0,0000;0,0000;0,0000;0,0000;0,0000;8;0
2,1710;-9,2235;-212,9752;97,2802;25,6950;-90,0000;80,7765;400,000;-200,000;25,000;0,000;0,0000;0,0000;0,0000;0,0000;0,0000;0,0000;0,0000;0,0000;0,0000;0,0000;0,0000;0,0000;8;0
2,1736;-9,2235;-212,9752;97,2802;25,6950;-90,0000;80,7765;400,000;-200,000;25,000;0,000;0,0000;0,0000;0,0000;0,0000;0,0000;0,0000;0,0000;0,0000;0,0000;0,0000;0,0000;0,0000;8;0
2,1761;-9,2235;-212,9752;97,2802;25,6950;-90,0000;80,7765;400,000;-200,000;25,000;0,000;0,0000;0,0000;0,0000;0,0000;0,0000;0,0000;0,0000;0,0000;0,0000;0,0000;0,0000;0,0000;8;0
2,1787;-9,2235;-212,9752;97,2802;25,6950;-90,0000;80,7765;400,000;-200,000;25,000;0,000;0,0000;0,0000;0,0000;0,0000;0,0000;0,0000;0,0000;0,0000;0,0000;0,0000;0,0000;0,0000;8;0
2,1813;-9,2235;-212,9752;97,2802;25,6950;-90,0000;80,7765;400,000;-200,000;25,000;0,000;0,0000;0,0000;0,0000;0,0000;0,0000;0,0000;0,0000;0,0000;0,0000;0,0000;0,0000;0,0000;8;0
2,1838;-9,2235;-212,9752;97,2802;25,6950;-90,0000;80,7765;400,000;-200,000;25,000;0,000;0,0000;0,0000;0,0000;0,0000;0,0000;0,0000;0,0000;0,0000;0,0000;-0,0000;0,0000;-0,0000;8;0
2,1864;-9,2235;-212,9752;97,2802;25,6950;-90,0000;80,7765;400,000;-200,000;25,000;0,000;0,0000;0,0000;0,0000;-0,0000;0,0000;-0,0000;-0,0000;-0,0000;0,0000;0,0000;-0,0000;0,0000;8;0
2,1890;-9,2235;-212,9752;97,2802;25,6950;-90,0000;80,7765;400,000;-200,000;25,000;0,000;-0,0000;-0,0000;0,0000;0,0000;-0,0000;0,0000;-0,0000;-0,0000;0,0000;0,0000;-0,0000;0,0000;8;0
2,1915;-9,2235;-212,9752;97,2802;25,6950;-90,0000;80,7765;400,000;-200,000;25,000;0,000;0,0000;0,0000;0,0000;0,0000;0,0000;0,0000;0,0000;0,0000;0,0000;-0,0000;0,0000;-0,0000;8;0
2,1941;-9,2235;-212,9752;97,2802;25,6950;-90,0000;80,7765;400,000;-200,000;25,000;0,000;0,0000;0,0000;0,0000;0,0000;0,0000;0,0000;0,0000;0,0000;0,0000;0,0000;0,0000;0,0000;8;0
2,1966;-9,2235;-212,9752;97,2802;25,6950;-90,0000;80,7765;400,000;-200,000;25,000;0,000;0,0000;0,0000;0,0000;0,0000;0,0000;0,0000;0,0000;0,0000;0,0000;0,0000;0,0000;0,0000;8;0
2,1992;-9,2235;-212,9752;97,2802;25,6950;-90,0000;80,7765;400,000;-200,000;25,000;0,000;0,0000;0,0000;0,0000;0,0000;0,0000;0,0000;0,0000;0,0000;0,0000;0,0000;0,0000;0,0000;8;0
2,2018;-9,2235;-212,9752;97,2802;25,6950;-90,0000;80,7765;400,000;-200,000;25,000;0,000;0,0000;0,0000;0,0000;0,0000;0,0000;0,0000;0,0000;0,0000;0,0000;0,0000;0,0000;0,0000;8;0
2,2043;-9,2235;-212,9752;97,2802;25,6950;-90,0000;80,7765;400,000;-200,000;25,000;0,000;0,0000;0,0000;0,0000;0,0000;0,0000;0,0000;0,0000;0,0000;0,0000;0,0000;0,0000;0,0000;8;0
2,2069;-9,2235;-212,9752;97,2802;25,6950;-90,0000;80,7765;400,000;-200,000;25,000;0,000;0,0000;0,0000;0,0000;0,0000;0,0000;0,0000;0,0000;0,0000;0,0000;0,0000;0,0000;0,0000;8;0
2,2095;-9,2235;-212,9752;97,2802;25,6950;-90,0000;80,7765;400,000;-200,000;25,000;0,000;0,0000;0,0000;0,0000;0,0000;0,0000;0,0000;0,0000;0,0000;0,0000;-0,0000;0,0000;-0,0000;8;0
2,2120;-9,2235;-212,9752;97,2802;25,6950;-90,0000;80,7765;400,000;-200,000;25,000;0,000;0,0000;0,0000;0,0000;-0,0000;0,0000;-0,0000;-0,0000;-0,0000;0,0000;0,0000;-0,0000;0,0000;8;0
2,2146;-9,2235;-212,9752;97,2802;25,6950;-90,0000;80,7765;400,000;-200,000;25,000;0,000;-0,0000;-0,0000;0,0000;0,0000;-0,0000;0,0000;-0,0000;-0,0000;0,0000;0,0000;-0,0000;0,0000;8;0
2,2171;-9,2235;-212,9752;97,2802;25,6950;-90,0000;80,7765;400,000;-200,000;25,000;0,000;0,0000;0,0000;0,0000;0,0000;0,0000;0,0000;0,0000;0,0000;0,0000;-0,0000;0,0000;-0,0000;8;0
2,2197;-9,2235;-212,9752;97,2802;25,6950;-90,0000;80,7765;400,000;-200,000;25,000;0,000;0,0000;0,0000;0,0000;0,0000;0,0000;0,0000;0,0000;0,0000;0,0000;0,0000;0,0000;0,0000;8;0
2,2223;-9,2235;-212,9752;97,2802;25,6950;-90,0000;80,7765;400,000;-200,000;25,000;0,000;0,0000;0,0000;0,0000;0,0000;0,0000;0,0000;0,0000;0,0000;0,0000;0,0000;0,0000;0,0000;8;0
2,2248;-9,2235;-212,9752;97,2802;25,6950;-90,0000;80,7765;400,000;-200,000;25,000;0,000;0,0000;0,0000;0,0000;0,0000;0,0000;0,0000;0,0000;0,0000;0,0000;0,0000;0,0000;0,0000;8;0
2,2274;-9,2235;-212,9752;97,2802;25,6950;-90,0000;80,7765;400,000;-200,000;25,000;0,000;0,0000;0,0000;0,0000;0,0000;0,0000;0,0000;0,0000;0,0000;0,0000;0,0000;0,0000;0,0000;8;0
2,2300;-9,2235;-212,9752;97,2802;25,6950;-90,0000;80,7765;400,000;-200,000;25,000;0,000;0,0000;0,0000;0,0000;0,0000;0,0000;0,0000;0,0000;0,0000;0,0000;0,0000;0,0000;0,0000;8;0
2,2325;-9,2235;-212,9752;97,2802;25,6950;-90,0000;80,7765;400,000;-200,000;25,000;0,000;0,0000;0,0000;0,0000;0,0000;0,0000;0,0000;0,0000;0,0000;0,0000;0,0000;0,0000;0,0000;8;0
2,2351;-9,2235;-212,9752;97,2802;25,6950;-90,0000;80,7765;400,000;-200,000;25,000;0,000;0,0000;0,0000;0,0000;0,0000;0,0000;0,0000;0,0000;0,0000;0,0000;0,0000;0,0000;0,0000;8;0
2,2377;-9,2235;-212,9752;97,2802;25,6950;-90,0000;80,7765;400,000;-200,000;25,000;0,000;0,0000;0,0000;0,0000;0,0000;0,0000;0,0000;0,0000;0,0000;0,0000;-0,0000;0,0000;-0,0000;8;0
2,2402;-9,2235;-212,9752;97,2802;25,6950;-90,0000;80,7765;400,000;-200,000;25,000;0,000;0,0000;0,0000;0,0000;-0,0000;0,0000;-0,0000;-0,0000;-0,0000;0,0000;0,0000;-0,0000;0,0000;8;0
2,2428;-9,2235;-212,9752;97,2802;25,6950;-90,0000;80,7765;400,000;-200,000;25,000;0,000;-0,0000;-0,0000;0,0000;0,0000;-0,0000;0,0000;-0,0000;-0,0000;0,0000;0,0000;-0,0000;0,0000;8;0
2,2453;-9,2235;-212,9752;97,2802;25,6950;-90,0000;80,7765;400,000;-200,000;25,000;0,000;0,0000;0,0000;0,0000;0,0000;0,0000;0,0000;0,0000;0,0000;0,0000;-0,0000;0,0000;-0,0000;8;0
2,2479;-9,2235;-212,9752;97,2802;25,6950;-90,0000;80,7765;400,000;-200,000;25,000;0,000;0,0000;0,0000;0,0000;0,0000;0,0000;0,0000;0,0000;0,0000;0,0000;0,0000;0,0000;0,0000;8;0
2,2505;-9,2235;-212,9752;97,2802;25,6950;-90,0000;80,7765;400,000;-200,000;25,000;0,000;0,0000;0,0000;0,0000;0,0000;0,0000;0,0000;0,0000;0,0000;0,0000;0,0000;0,0000;0,0000;8;0
2,2530;-9,2235;-212,9752;97,2802;25,6950;-90,0000;80,7765;400,000;-200,000;25,000;0,000;0,0000;0,0000;0,0000;0,0000;0,0000;0,0000;0,0000;0,0000;0,0000;0,0000;0,0000;0,0000;8;0
2,2556;-9,2235;-212,9752;97,2802;25,6950;-90,0000;80,7765;400,000;-200,000;25,000;0,000;0,0000;0,0000;0,0000;0,0000;0,0000;0,0000;0,0000;0,0000;0,0000;0,0000;0,0000;0,0000;8;0
2,2582;-9,2235;-212,9752;97,2802;25,6950;-90,0000;80,7765;400,000;-200,000;25,000;0,000;0,0000;0,0000;0,0000;0,0000;0,0000;0,0000;0,0000;0,0000;0,0000;0,0000;0,0000;0,0000;8;0
2,2607;-9,2235;-212,9752;97,2802;25,6950;-90,0000;80,7765;400,000;-200,000;25,000;0,000;0,0000;0,0000;0,0000;0,0000;0,0000;0,0000;0,0000;0,0000;0,0000;0,0000;0,0000;0,0000;8;0
2,2633;-9,2235;-212,9752;97,2802;25,6950;-90,0000;80,7765;400,000;-200,000;25,000;0,000;0,0000;0,0000;0,0000;0,0000;0,0000;0,0000;0,0000;0,0000;0,0000;-0,0000;0,0000;-0,0000;8;0
2,2658;-9,2235;-212,9752;97,2802;25,6950;-90,0000;80,7765;400,000;-200,000;25,000;0,000;0,0000;0,0000;0,0000;-0,0000;0,0000;-0,0000;-0,0000;-0,0000;0,0000;0,0000;-0,0000;0,0000;8;0
2,2684;-9,2235;-212,9752;97,2802;25,6950;-90,0000;80,7765;400,000;-200,000;25,000;0,000;-0,0000;-0,0000;0,0000;0,0000;-0,0000;0,0000;-0,0000;-0,0000;0,0000;0,0000;-0,0000;0,0000;8;0
2,2710;-9,2235;-212,9752;97,2802;25,6950;-90,0000;80,7765;400,000;-200,000;25,000;0,000;0,0000;0,0000;0,0000;0,0000;0,0000;0,0000;0,0000;0,0000;0,0000;-0,0000;0,0000;-0,0000;8;0
2,2735;-9,2235;-212,9752;97,2802;25,6950;-90,0000;80,7765;400,000;-200,000;25,000;0,000;0,0000;0,0000;0,0000;0,0000;0,0000;0,0000;0,0000;0,0000;0,0000;0,0000;0,0000;0,0000;8;0
2,2761;-9,2235;-212,9752;97,2802;25,6950;-90,0000;80,7765;400,000;-200,000;25,000;0,000;0,0000;0,0000;0,0000;0,0000;0,0000;0,0000;0,0000;0,0000;0,0000;0,0000;0,0000;0,0000;8;0
2,2787;-9,2235;-212,9752;97,2802;25,6950;-90,0000;80,7765;400,000;-200,000;25,000;0,000;0,0000;0,0000;0,0000;0,0000;0,0000;0,0000;0,0000;0,1651;-0,0570;-0,1081;0,0000;0,0000;8;0
2,2812;-9,2235;-212,9752;97,2802;25,6950;-90,0000;80,7765;400,000;-200,000;25,000;0,000;0,0000;0,0008;-0,0003;-0,0006;0,0000;0,0000;0,0000;15,2561;-5,2707;-9,9854;0,0000;0,0000;8;0
2,2838;-9,2235;-212,9752;97,2802;25,6950;-90,0000;80,7765;400,000;-200,000;25,000;0,014;0,0000;0,0782;-0,0270;-0,0512;0,0000;0,0000;-0,0000;54,5110;-18,8332;-35,6779;0,0000;-0,0000;10;0
2,2864;-9,2235;-212,9748;97,2801;25,6947;-90,0000;80,7765;400,000;-200,000;25,003;1,263;0,0000;0,2803;-0,0968;-0,1835;0,0000;0,0000;-0,0000;88,4087;-30,5478;-57,8610;0,0000;-0,0000;10;0
2,2889;-9,2235;-212,9738;97,2797;25,6940;-90,0000;80,7765;400,000;-200,000;25,012;3,314;-0,0000;0,5314;-0,1836;-0,3478;0,0000;0,0000;-0,0000;97,9784;-33,8611;-64,1173;0,0000;-0,0000;10;0
2,2915;-9,2235;-212,9721;97,2791;25,6929;-90,0000;80,7765;400,000;-200,000;25,026;5,364;-0,0000;0,7826;-0,2704;-0,5121;0,0000;-0,0000;0,0000;97,9805;-33,8715;-64,1091;0,0000;0,0000;10;0
2,2940;-9,2235;-212,9697;97,2783;25,6914;-90,0000;80,7765;400,000;-200,000;25,045;7,415;0,0000;1,0337;-0,3573;-0,6765;0,0000;0,0000;0,0000;97,9837;-33,8867;-64,0970;0,0000;0,0000;10;0
2,2966;-9,2235;-212,9668;97,2773;25,6895;-90,0000;80,7765;400,000;-200,000;25,069;9,466;0,0000;1,2849;-0,4441;-0,8407;0,0000;0,0000;0,0000;97,9879;-33,9071;-64,0807;0,0000;0,0000;10;0
2,2992;-9,2235;-212,9632;97,2760;25,6871;-90,0000;80,7765;400,000;-200,000;25,098;11,516;0,0000;1,5360;-0,5311;-1,0050;0,0000;0,0000;0,0000;97,9929;-33,9313;-64,0615;0,0000;0,0000;10;0
2,3017;-9,2235;-212,9589;97,2746;25,6843;-90,0000;80,7765;400,000;-200,000;25,133;13,567;0,0000;1,7872;-0,6181;-1,1691;0,0000;0,0000;-0,0000;97,9988;-33,9600;-64,0389;-0,0000;-0,0000;10;0
2,3043;-9,2235;-212,9540;97,2729;25,6811;-90,0000;80,7765;400,000;-200,000;25,173;15,617;-0,0000;2,0384;-0,7052;-1,3332;0,0000;-0,0000;-0,0000;98,0056;-33,9929;-64,0128;-0,0000;-0,0000;10;0
2,3069;-9,2235;-212,9484;97,2710;25,6775;-90,0000;80,7765;400,000;-200,000;25,218;17,668;-0,0000;2,2896;-0,7923;-1,4973;0,0000;-0,0000;0,0000;98,0133;-34,0301;-63,9832;0,0000;0,0000;10;0
2,3094;-9,2235;-212,9423;97,2688;25,6734;-90,0000;80,7765;400,000;-200,000;25,269;19,718;0,0000;2,5409;-0,8796;-1,6612;0,0000;0,0000;0,0000;98,0219;-34,0716;-63,9502;0,0000;0,0000;10;0
2,3120;-9,2235;-212,9354;97,2664;25,6690;-90,0000;80,7765;400,000;-200,000;25,325;21,769;0,0000;2,7921;-0,9670;-1,8251;0,0000;0,0000;0,0000;98,0313;-34,1175;-63,9138;0,0000;-0,0000;10;0
2,3146;-9,2235;-212,9279;97,2639;25,6641;-90,0000;80,7765;400,000;-200,000;25,386;23,819;0,0000;3,0434;-1,0545;-1,9889;0,0000;0,0000;0,0000;98,0417;-34,1677;-63,8740;0,0000;-0,0000;10;0
2,3171;-9,2235;-212,9198;97,2610;25,6588;-90,0000;80,7765;400,000;-200,000;25,452;25,870;0,0000;3,2947;-1,1422;-2,1526;0,0000;0,0000;0,0000;98,0529;-34,2222;-63,8307;0,0000;-0,0000;10;0
2,3197;-9,2235;-212,9111;97,2580;25,6531;-90,0000;80,7765;400,000;-200,000;25,524;27,920;0,0000;3,5461;-1,2299;-2,3161;0,0000;0,0000;-0,0000;98,0650;-34,2810;-63,7840;0,0000;0,0000;10;0
2,3222;-9,2235;-212,9016;97,2547;25,6469;-90,0000;80,7765;400,000;-200,000;25,600;29,971;0,0000;3,7974;-1,3179;-2,4795;0,0000;0,0000;0,0000;98,0779;-34,3441;-63,7338;0,0000;0,0000;10;0
2,3248;-9,2235;-212,8916;97,2512;25,6403;-90,0000;80,7765;400,000;-200,000;25,683;32,022;0,0000;4,0488;-1,4060;-2,6428;0,0000;0,0000;0,0000;98,0918;-34,4116;-63,6802;0,0000;-0,0000;10;0
2,3274;-9,2235;-212,8809;97,2475;25,6334;-90,0000;80,7765;400,000;-200,000;25,770;34,072;0,0000;4,3003;-1,4943;-2,8060;0,0000;-0,0000;-0,0000;98,1065;-34,4834;-63,6231;-0,0000;-0,0000;10;0
2,3299;-9,2235;-212,8695;97,2436;25,6260;-90,0000;80,7765;400,000;-200,000;25,862;36,123;0,0000;4,5518;-1,5828;-2,9690;0,0000;0,0000;0,0000;98,1221;-34,5595;-63,5626;0,0000;0,0000;10;0
2,3325;-9,2235;-212,8576;97,2394;25,6181;-90,0000;80,7765;400,000;-200,000;25,960;38,173;0,0000;4,8033;-1,6715;-3,1318;0,0000;0,0000;0,0000;98,1385;-34,6399;-63,4987;0,0000;0,0000;10;0
2,3351;-9,2235;-212,8449;97,2350;25,6099;-90,0000;80,7765;400,000;-200,000;26,063;40,224;0,0000;5,0549;-1,7604;-3,2945;0,0000;0,0000;-0,0000;98,1558;-34,7246;-63,4312;-0,0000;-0,0000;10;0
2,3376;-9,2235;-212,8316;97,2304;25,6013;-90,0000;80,7765;400,000;-200,000;26,172;42,274;0,0000;5,3065;-1,8495;-3,4570;0,0000;0,0000;0,0000;98,1740;-34,8136;-63,3604;0,0000;0,0000;10;0
2,3402;-9,2235;-212,8177;97,2255;25,5922;-90,0000;80,7765;400,000;-200,000;26,285;44,325;0,0000;5,5581;-1,9388;-3,6193;0,0000;0,0000;0,0000;98,1930;-34,9070;-63,2860;0,0000;0,0000;10;0
2,3427;-9,2235;-212,8031;97,2205;25,5827;-90,0000;80,7765;400,000;-200,000;26,404;46,375;0,0000;5,8098;-2,0284;-3,7814;0,0000;0,0000;-0,0000;98,2129;-35,0047;-63,2082;0,0000;-0,0000;10;0
2,3453;-9,2235;-212,7879;97,2151;25,5728;-90,0000;80,7765;400,000;-200,000;26,528;48,426;0,0000;6,0616;-2,1183;-3,9433;0,0000;0,0000;0,0000;98,2336;-35,1067;-63,1269;0,0000;-0,0000;10;0
2,3479;-9,2235;-212,7721;97,2096;25,5625;-90,0000;80,7765;400,000;-200,000;26,658;50,476;0,0000;6,3134;-2,2084;-4,1050;0,0000;0,0000;0,0000;98,2551;-35,2130;-63,0422;0,0000;0,0000;10;0
2,3504;-9,2235;-212,7556;97,2038;25,5518;-90,0000;80,7765;400,000;-200,000;26,792;52,527;0,0000;6,5653;-2,2988;-4,2665;0,0000;0,0000;-0,0000;98,2775;-35,3236;-62,9540;0,0000;0,0000;10;0
2,3530;-9,2235;-212,7384;97,1978;25,5406;-90,0000;80,7765;400,000;-200,000;26,932;54,577;0,0000;6,8172;-2,3895;-4,4278;0,0000;0,0000;-0,0000;98,3008;-35,4385;-62,8622;-0,0000;-0,0000;10;0
2,3556;-9,2235;-212,7206;97,1916;25,5291;-90,0000;80,7765;400,000;-200,000;27,077;56,628;0,0000;7,0692;-2,4805;-4,5888;0,0000;-0,0000;0,0000;98,3248;-35,5578;-62,7671;0,0000;-0,0000;10;0
2,3581;-9,2235;-212,7022;97,1851;25,5171;-90,0000;80,7765;400,000;-200,000;27,228;58,679;0,0000;7,3213;-2,5718;-4,7495;0,0000;-0,0000;0,0000;98,3497;-35,6813;-62,6684;0,0000;0,0000;10;0
2,3607;-9,2235;-212,6831;97,1784;25,5047;-90,0000;80,7765;400,000;-200,000;27,384;60,729;0,0000;7,5734;-2,6634;-4,9100;0,0000;-0,0000;0,0000;98,3754;-35,8092;-62,5662;0,0000;0,0000;10;0
2,3633;-9,2235;-212,6634;97,1714;25,4919;-90,0000;80,7765;400,000;-200,000;27,544;62,780;0,0000;7,8256;-2,7553;-5,0703;0,0000;0,0000;0,0000;98,4019;-35,9413;-62,4605;0,0000;0,0000;10;0
2,3658;-9,2235;-212,6430;97,1643;25,4787;-90,0000;80,7765;400,000;-200,000;27,711;64,830;0,0000;8,0778;-2,8476;-5,2302;0,0000;0,0000;0,0000;98,4292;-36,0778;-62,3513;0,0000;0,0000;10;0
2,3684;-9,2235;-212,6219;97,1568;25,4651;-90,0000;80,7765;400,000;-200,000;27,882;66,881;0,0000;8,3302;-2,9403;-5,3899;0,0000;0,0000;-0,0000;98,4573;-36,2186;-62,2387;-0,0000;-0,0000;10;0
2,3709;-9,2235;-212,6003;97,1492;25,4511;-90,0000;80,7765;400,000;-200,000;28,059;68,931;0,0000;8,5826;-3,0333;-5,5493;0,0000;-0,0000;-0,0000;98,4862;-36,3637;-62,1225;-0,0000;-0,0000;10;0
2,3735;-9,2235;-212,5779;97,1413;25,4367;-90,0000;80,7765;400,000;-200,000;28,241;70,982;0,0000;8,8350;-3,1267;-5,7084;0,0000;0,0000;0,0000;98,5158;-36,5131;-62,0027;0,0000;0,0000;10;0
2,3761;-9,2235;-212,5550;97,1332;25,4218;-90,0000;80,7765;400,000;-200,000;28,428;73,032;0,0000;9,0876;-3,2205;-5,8671;0,0000;0,0000;0,0000;98,5463;-36,6668;-61,8795;0,0000;0,0000;10;0
2,3786;-9,2235;-212,5314;97,1248;25,4066;-90,0000;80,7765;400,000;-200,000;28,620;75,083;0,0000;9,3402;-3,3147;-6,0256;0,0000;0,0000;0,0000;98,5776;-36,8248;-61,7527;0,0000;-0,0000;10;0
2,3812;-9,2235;-212,5071;97,1162;25,3909;-90,0000;80,7765;400,000;-200,000;28,818;77,133;0,0000;9,5929;-3,4092;-6,1837;0,0000;0,0000;-0,0000;98,6096;-36,9871;-61,6224;-0,0000;0,0000;10;0
2,3838;-9,2235;-212,4822;97,1073;25,3749;-90,0000;80,7765;400,000;-200,000;29,021;79,184;0,0000;9,8457;-3,5043;-6,3415;0,0000;0,0000;0,0000;98,6424;-37,1538;-61,4886;0,0000;0,0000;10;0
2,3863;-9,2235;-212,4566;97,0982;25,3584;-90,0000;80,7765;400,000;-200,000;29,229;81,235;0,0000;10,0986;-3,5997;-6,4989;0,0000;0,0000;0,0000;98,6759;-37,3247;-61,3512;0,0000;-0,0000;10;0
2,3889;-9,2235;-212,4304;97,0889;25,3416;-90,0000;80,7765;400,000;-200,000;29,443;83,285;0,0000;10,3516;-3,6956;-6,6560;0,0000;0,0000;-0,0000;98,7102;-37,4999;-61,2103;-0,0000;-0,0000;10;0
2,3914;-9,2235;-212,4036;97,0793;25,3243;-90,0000;80,7765;400,000;-200,000;29,661;85,336;0,0000;10,6046;-3,7919;-6,8127;0,0000;-0,0000;0,0000;98,7452;-37,6794;-61,0658;0,0000;0,0000;10;0
2,3940;-9,2235;-212,3761;97,0694;25,3066;-90,0000;80,7765;400,000;-200,000;29,885;87,386;0,0000;10,8578;-3,8888;-6,9690;0,0000;0,0000;0,0000;98,7810;-37,8633;-60,9177;0,0000;0,0000;10;0
2,3966;-9,2235;-212,3479;97,0593;25,2886;-90,0000;80,7765;400,000;-200,000;30,115;89,437;0,0000;11,1110;-3,9861;-7,1250;0,0000;0,0000;0,0000;98,8175;-38,0514;-60,7661;0,0000;-0,0000;10;0
2,3991;-9,2235;-212,3191;97,0490;25,2701;-90,0000;80,7765;400,000;-200,000;30,349;91,487;0,0000;11,3644;-4,0838;-7,2805;0,0000;-0,0000;0,0000;98,8547;-38,2438;-60,6109;0,0000;-0,0000;10;0
2,4017;-9,2235;-212,2896;97,0384;25,2513;-90,0000;80,7765;400,000;-200,000;30,589;93,538;0,0000;11,6178;-4,1821;-7,4357;0,0000;-0,0000;-0,0000;98,8926;-38,4406;-60,4521;-0,0000;-0,0000;10;0
2,4043;-9,2235;-212,2595;97,0275;25,2320;-90,0000;80,7765;400,000;-200,000;30,834;95,588;-0,0000;11,8713;-4,2809;-7,5904;-0,0000;-0,0000;-0,0000;98,9312;-38,6416;-60,2897;-0,0000;-0,0000;10;0
2,4068;-9,2235;-212,2288;97,0164;25,2123;-90,0000;80,7765;400,000;-200,000;31,084;97,639;-0,0000;12,1249;-4,3802;-7,7448;-0,0000;-0,0000;0,0000;98,9706;-38,8469;-60,1237;0,0000;0,0000;10;0
2,4094;-9,2235;-212,1974;97,0051;25,1923;-90,0000;80,7765;400,000;-200,000;31,340;99,689;0,0000;12,3787;-4,4800;-7,8986;0,0000;0,0000;0,0000;99,0106;-39,0565;-59,9541;0,0000;0,0000;10;0
2,4120;-9,2235;-212,1653;96,9935;25,1719;-90,0000;80,7765;400,000;-200,000;31,600;101,740;0,0000;12,6325;-4,5804;-8,0521;0,0000;0,0000;0,0000;99,0513;-39,2704;-59,7809;0,0000;0,0000;10;0
2,4145;-9,2235;-212,1326;96,9816;25,1510;-90,0000;80,7765;400,000;-200,000;31,866;103,791;0,0000;12,8864;-4,6813;-8,2051;0,0000;0,0000;0,0000;99,0927;-39,4886;-59,6041;0,0000;0,0000;10;0
2,4171;-9,2235;-212,0993;96,9695;25,1298;-90,0000;80,7765;400,000;-200,000;32,138;105,841;0,0000;13,1405;-4,7828;-8,3577;0,0000;0,0000;0,0000;99,1347;-39,7110;-59,4236;0,0000;-0,0000;10;0
2,4196;-9,2235;-212,0653;96,9571;25,1082;-90,0000;80,7765;400,000;-200,000;32,414;107,892;0,0000;13,3946;-4,8849;-8,5097;0,0000;0,0000;-0,0000;99,1774;-39,9378;-59,2396;-0,0000;-0,0000;10;0
2,4222;-9,2235;-212,0306;96,9444;25,0862;-90,0000;80,7765;400,000;-200,000;32,696;109,942;-0,0000;13,6489;-4,9876;-8,6613;-0,0000;-0,0000;-0,0000;99,2207;-40,1689;-59,0519;-0,0000;-0,0000;10;0
2,4248;-9,2235;-211,9953;96,9315;25,0638;-90,0000;80,7765;400,000;-200,000;32,983;111,993;-0,0000;13,9033;-5,0908;-8,8125;-0,0000;-0,0000;0,0000;99,2647;-40,4042;-58,8605;0,0000;0,0000;10;0
2,4273;-9,2235;-211,9593;96,9183;25,0410;-90,0000;80,7765;400,000;-200,000;33,275;114,043;0,0000;14,1578;-5,1947;-8,9631;0,0000;0,0000;0,0000;99,3093;-40,6438;-58,6655;0,0000;0,0000;10;0
2,4299;-9,2235;-211,9227;96,9049;25,0178;-90,0000;80,7765;400,000;-200,000;33,573;116,094;0,0000;14,4124;-5,2992;-9,1132;0,0000;0,0000;-0,0000;99,3545;-40,8878;-58,4668;-0,0000;-0,0000;10;0
2,4325;-9,2235;-211,8854;96,8912;24,9943;-90,0000;80,7765;400,000;-200,000;33,876;118,144;0,0000;14,6671;-5,4043;-9,2628;0,0000;0,0000;-0,0000;99,4004;-41,1360;-58,2644;-0,0000;-0,0000;10;0
2,4350;-9,2235;-211,8475;96,8772;24,9703;-90,0000;80,7765;400,000;-200,000;34,184;120,195;-0,0000;14,9219;-5,5101;-9,4119;-0,0000;-0,0000;-0,0000;99,4468;-41,3884;-58,0584;-0,0000;-0,0000;10;0
2,4376;-9,2235;-211,8089;96,8629;24,9460;-90,0000;80,7765;400,000;-200,000;34,497;122,245;-0,0000;15,1769;-5,6165;-9,5604;-0,0000;-0,0000;0,0000;99,4939;-41,6452;-57,8486;0,0000;0,0000;10;0
2,4401;-9,2235;-211,7697;96,8484;24,9213;-90,0000;80,7765;400,000;-200,000;34,816;124,296;0,0000;15,4320;-5,7236;-9,7084;0,0000;0,0000;0,0000;99,5415;-41,9062;-57,6352;0,0000;0,0000;10;0
2,4427;-9,2235;-211,7298;96,8336;24,8963;-90,0000;80,7765;400,000;-200,000;35,140;126,346;0,0000;15,6872;-5,8313;-9,8559;0,0000;0,0000;-0,0000;99,5897;-42,1716;-57,4181;-0,0000;0,0000;10;0
2,4453;-9,2235;-211,6893;96,8185;24,8708;-90,0000;80,7765;400,000;-200,000;35,469;128,397;0,0000;15,9425;-5,9397;-10,0028;0,0000;0,0000;-0,0000;99,6384;-42,4412;-57,1973;-0,0000;-0,0000;10;0
2,4478;-9,2235;-211,6481;96,8031;24,8450;-90,0000;80,7765;400,000;-200,000;35,803;130,448;0,0000;16,1980;-6,0489;-10,1491;0,0000;0,0000;-0,0000;99,6877;-42,7150;-56,9727;-0,0000;-0,0000;10;0
2,4504;-9,2235;-211,6063;96,7875;24,8188;-90,0000;80,7765;400,000;-200,000;36,143;132,498;0,0000;16,4536;-6,1587;-10,2948;0,0000;-0,0000;0,0000;99,7376;-42,9932;-56,7444;0,0000;0,0000;10;0
2,4530;-9,2235;-211,5638;96,7716;24,7922;-90,0000;80,7765;400,000;-200,000;36,488;134,549;0,0000;16,7093;-6,2693;-10,4400;0,0000;0,0000;0,0000;99,7880;-43,2756;-56,5124;0,0000;0,0000;10;0
2,4555;-9,2235;-211,5206;96,7554;24,7653;-90,0000;80,7765;400,000;-200,000;36,838;136,599;0,0000;16,9651;-6,3806;-10,5845;0,0000;0,0000;0,0000;99,8389;-43,5623;-56,2766;0,0000;0,0000;10;0
2,4581;-9,2235;-211,4768;96,7389;24,7379;-90,0000;80,7765;400,000;-200,000;37,193;138,650;0,0000;17,2211;-6,4926;-10,7285;0,0000;0,0000;-0,0000;99,8903;-43,8533;-56,0370;-0,0000;0,0000;10;0
2,4607;-9,2235;-211,4323;96,7221;24,7103;-90,0000;80,7765;400,000;-200,000;37,554;140,700;0,0000;17,4772;-6,6054;-10,8718;0,0000;0,0000;-0,0000;99,9423;-44,1485;-55,7938;-0,0000;-0,0000;10;0
2,4632;-9,2235;-211,3872;96,7050;24,6822;-90,0000;80,7765;400,000;-200,000;37,920;142,751;-0,0000;17,7334;-6,7189;-11,0145;-0,0000;-0,0000;-0,0000;99,9947;-44,4480;-55,5467;-0,0000;-0,0000;10;0
2,4658;-9,2235;-211,3414;96,6876;24,6538;-90,0000;80,7765;400,000;-200,000;38,291;144,801;-0,0000;17,9898;-6,8332;-11,1566;-0,0000;-0,0000;0,0000;100,0476;-44,7518;-55,2958;0,0000;0,0000;10;0
2,4683;-9,2235;-211,2950;96,6700;24,6250;-90,0000;80,7765;400,000;-200,000;38,667;146,852;0,0000;18,2463;-6,9483;-11,2980;0,0000;0,0000;0,0000;100,1010;-45,0598;-55,0411;0,0000;0,0000;10;0
2,4709;-9,2235;-211,2479;96,6520;24,5959;-90,0000;80,7765;400,000;-200,000;39,049;148,902;0,0000;18,5029;-7,0642;-11,4387;0,0000;0,0000;-0,0000;100,1548;-45,3721;-54,7827;-0,0000;0,0000;10;0
2,4735;-9,2235;-211,2001;96,6337;24,5664;-90,0000;80,7765;400,000;-200,000;39,436;150,953;0,0000;18,7597;-7,1809;-11,5788;0,0000;0,0000;-0,0000;100,2091;-45,6887;-54,5204;-0,0000;-0,0000;10;0
2,4760;-9,2235;-211,1517;96,6152;24,5365;-90,0000;80,7765;400,000;-200,000;39,828;153,004;-0,0000;19,0166;-7,2984;-11,7182;-0,0000;-0,0000;-0,0000;100,2639;-46,0095;-54,2544;-0,0000;-0,0000;10;0
2,4786;-9,2235;-211,1026;96,5963;24,5063;-90,0000;80,7765;400,000;-200,000;40,225;155,054;-0,0000;19,2737;-7,4168;-11,8569;-0,0000;-0,0000;0,0000;100,3190;-46,3346;-53,9844;0,0000;0,0000;10;0
2,4812;-9,2235;-211,0529;96,5772;24,4757;-90,0000;80,7765;400,000;-200,000;40,628;157,105;-0,0000;19,5309;-7,5360;-11,9950;-0,0000;-0,0000;0,0000;100,3746;-46,6640;-53,7107;0,0000;0,0000;10;0
2,4837;-9,2235;-211,0025;96,5577;24,4448;-90,0000;80,7765;400,000;-200,000;41,036;159,155;0,0000;19,7883;-7,6560;-12,1323;0,0000;0,0000;0,0000;100,4306;-46,9976;-53,4331;0,0000;0,0000;10;0
2,4863;-9,2235;-210,9515;96,5379;24,4135;-90,0000;80,7765;400,000;-200,000;41,449;161,206;0,0000;20,0458;-7,7769;-12,2689;0,0000;0,0000;0,0000;100,4870;-47,3354;-53,1516;0,0000;0,0000;10;0
2,4888;-9,2235;-210,8998;96,5178;24,3819;-90,0000;80,7765;400,000;-200,000;41,868;163,256;0,0000;20,3034;-7,8987;-12,4047;0,0000;0,0000;0,0000;100,5438;-47,6776;-52,8663;0,0000;0,0000;10;0
2,4914;-9,2235;-210,8474;96,4974;24,3500;-90,0000;80,7765;400,000;-200,000;42,291;165,307;0,0000;20,5612;-8,0213;-12,5399;0,0000;0,0000;0,0000;100,6010;-48,0239;-52,5771;0,0000;-0,0000;10;0
2,4940;-9,2235;-210,7944;96,4767;24,3176;-90,0000;80,7765;400,000;-200,000;42,720;167,357;0,0000;20,8191;-8,1448;-12,6743;0,0000;0,0000;0,0000;100,6585;-48,3746;-52,2840;0,0000;-0,0000;10;0
2,4965;-9,2235;-210,7407;96,4557;24,2850;-90,0000;80,7765;400,000;-200,000;43,155;169,408;0,0000;21,0772;-8,2693;-12,8079;0,0000;0,0000;-0,0000;100,7164;-48,7295;-51,9870;-0,0000;-0,0000;10;0
2,4991;-9,2235;-210,6863;96,4343;24,2520;-90,0000;80,7765;400,000;-200,000;43,594;171,458;-0,0000;21,3354;-8,3946;-12,9408;-0,0000;-0,0000;-0,0000;100,7747;-49,0886;-51,6861;-0,0000;-0,0000;10;0
2,5017;-9,2235;-210,6313;96,4126;24,2186;-90,0000;80,7765;400,000;-200,000;44,039;173,509;-0,0000;21,5938;-8,5209;-13,0729;-0,0000;-0,0000;0,0000;100,8332;-49,4520;-51,3812;0,0000;0,0000;10;0
2,5042;-9,2235;-210,5756;96,3906;24,1850;-90,0000;80,7765;400,000;-200,000;44,489;175,560;0,0000;21,8523;-8,6482;-13,2042;0,0000;0,0000;0,0000;100,8921;-49,8196;-51,0725;0,0000;0,0000;10;0
2,5068;-9,2235;-210,5193;96,3683;24,1509;-90,0000;80,7765;400,000;-200,000;44,944;177,610;0,0000;22,1110;-8,7763;-13,3347;0,0000;0,0000;-0,0000;100,9513;-50,1915;-50,7598;-0,0000;-0,0000;10;0
2,5094;-9,2235;-210,4623;96,3457;24,1166;-90,0000;80,7765;400,000;-200,000;45,405;179,661;0,0000;22,3698;-8,9055;-13,4644;0,0000;0,0000;0,0000;101,0108;-50,5676;-50,4432;0,0000;-0,0000;10;0
2,5119;-9,2235;-210,4046;96,3227;24,0819;-90,0000;80,7765;400,000;-200,000;45,870;181,711;0,0000;22,6288;-9,0356;-13,5933;0,0000;0,0000;-0,0000;101,0706;-50,9480;-50,1226;-0,0000;-0,0000;10;0
2,5145;-9,2235;-210,3463;96,2993;24,0469;-90,0000;80,7765;400,000;-200,000;46,341;183,762;0,0000;22,8880;-9,1666;-13,7213;0,0000;0,0000;-0,0000;101,1307;-51,3326;-49,7981;-0,0000;-0,0000;10;0
2,5170;-9,2235;-210,2873;96,2757;24,0116;-90,0000;80,7765;400,000;-200,000;46,818;185,812;0,0000;23,1473;-9,2987;-13,8486;0,0000;0,0000;0,0000;101,1910;-51,7215;-49,4696;0,0000;0,0000;10;0
2,5196;-9,2235;-210,2276;96,2517;23,9759;-90,0000;80,7765;400,000;-200,000;47,299;187,863;0,0000;23,4067;-9,4318;-13,9749;0,0000;0,0000;0,0000;101,2516;-52,1146;-49,1370;0,0000;-0,0000;10;0
2,5222;-9,2235;-210,1673;96,2273;23,9399;-90,0000;80,7765;400,000;-200,000;47,786;189,913;0,0000;23,6663;-9,5659;-14,1005;0,0000;0,0000;-0,0000;101,3125;-52,5119;-48,8005;-0,0000;-0,0000;10;0
2,5247;-9,2235;-210,1063;96,2026;23,9036;-90,0000;80,7765;400,000;-200,000;48,278;191,964;0,0000;23,9261;-9,7010;-14,2251;0,0000;0,0000;-0,0000;101,3736;-52,9135;-48,4600;-0,0000;0,0000;10;0
2,5273;-9,2235;-210,0446;96,1776;23,8670;-90,0000;80,7765;400,000;-200,000;48,775;194,014;0,0000;24,1860;-9,8371;-14,3489;0,0000;0,0000;0,0000;101,4349;-53,3194;-48,1155;0,0000;-0,0000;10;0
2,5299;-9,2235;-209,9823;96,1522;23,8301;-90,0000;80,7765;400,000;-200,000;49,278;196,065;0,0000;24,4461;-9,9743;-14,4718;0,0000;-0,0000;0,0000;101,4964;-53,7294;-47,7669;0,0000;-0,0000;10;0
2,5324;-9,2235;-209,9193;96,1265;23,7928;-90,0000;80,7765;400,000;-200,000;49,786;198,115;0,0000;24,7063;-10,1126;-14,5937;0,0000;-0,0000;0,0000;101,5581;-54,1438;-47,4144;0,0000;0,0000;10;0
2,5350;-9,2235;-209,8556;96,1004;23,7553;-90,0000;80,7765;400,000;-200,000;50,299;200,166;0,0000;24,9667;-10,2519;-14,7148;0,0000;0,0000;0,0000;101,6200;-54,5623;-47,0577;0,0000;0,0000;10;0
2,5375;-9,2235;-209,7913;96,0739;23,7174;-90,0000;80,7765;400,000;-200,000;50,817;202,217;0,0000;25,2272;-10,3923;-14,8350;0,0000;0,0000;-0,0000;101,6821;-54,9851;-46,6970;-0,0000;-0,0000;10;0
2,5401;-9,2235;-209,7263;96,0471;23,6792;-90,0000;80,7765;400,000;-200,000;51,341;204,267;0,0000;25,4879;-10,5337;-14,9542;0,0000;0,0000;-0,0000;101,7444;-55,4121;-46,3323;-0,0000;-0,0000;10;0
2,5427;-9,2235;-209,6606;96,0199;23,6407;-90,0000;80,7765;400,000;-200,000;51,869;206,318;0,0000;25,7488;-10,6763;-15,0725;0,0000;0,0000;0,0000;101,8068;-55,8434;-45,9634;0,0000;0,0000;10;0
2,5452;-9,2235;-209,5943;95,9924;23,6020;-90,0000;80,7765;400,000;-200,000;52,404;208,368;0,0000;26,0098;-10,8200;-15,1898;0,0000;0,0000;0,0000;101,8694;-56,2789;-45,5905;0,0000;0,0000;10;0
2,5478;-9,2235;-209,5273;95,9644;23,5629;-90,0000;80,7765;400,000;-200,000;52,943;210,419;0,0000;26,2710;-10,9648;-15,3062;0,0000;0,0000;0,0000;101,9321;-56,7186;-45,2135;0,0000;0,0000;10;0
2,5504;-9,2235;-209,4596;95,9361;23,5235;-90,0000;80,7765;400,000;-200,000;53,487;212,469;0,0000;26,5324;-11,1108;-15,4216;0,0000;0,0000;-0,0000;101,9950;-57,1626;-44,8324;-0,0000;-0,0000;10;0
2,5529;-9,2235;-209,3913;95,9075;23,4838;-90,0000;80,7765;400,000;-200,000;54,037;214,520;0,0000;26,7939;-11,2579;-15,5360;0,0000;0,0000;-0,0000;102,0579;-57,6108;-44,4472;-0,0000;0,0000;10;0
2,5555;-9,2235;-209,3223;95,8784;23,4438;-90,0000;80,7765;400,000;-200,000;54,592;216,570;0,0000;27,0556;-11,4061;-15,6495;0,0000;0,0000;0,0000;102,1210;-58,0632;-44,0578;0,0000;0,0000;10;0
2,5581;-9,2235;-209,2526;95,8490;23,4036;-90,0000;80,7765;400,000;-200,000;55,153;218,621;0,0000;27,3174;-11,5555;-15,7619;0,0000;0,0000;-0,0000;102,1842;-58,5199;-43,6643;-0,0000;0,0000;10;0
2,5606;-9,2235;-209,1822;95,8192;23,3630;-90,0000;80,7765;400,000;-200,000;55,718;220,671;0,0000;27,5794;-11,7061;-15,8733;0,0000;0,0000;-0,0000;102,2475;-58,9808;-43,2667;-0,0000;-0,0000;10;0
2,5632;-9,2235;-209,1112;95,7890;23,3222;-90,0000;80,7765;400,000;-200,000;56,289;222,722;0,0000;27,8416;-11,8579;-15,9837;0,0000;0,0000;0,0000;102,3108;-59,4459;-42,8649;0,0000;0,0000;10;0
2,5657;-9,2235;-209,0395;95,7584;23,2811;-90,0000;80,7765;400,000;-200,000;56,865;224,773;0,0000;28,1039;-12,0108;-16,0930;0,0000;0,0000;0,0000;102,3742;-59,9153;-42,4589;0,0000;-0,0000;10;0
2,5683;-9,2235;-208,9671;95,7274;23,2397;-90,0000;80,7765;400,000;-200,000;57,447;226,823;0,0000;28,3664;-12,1650;-16,2014;0,0000;0,0000;-0,0000;102,4377;-60,3889;-42,0488;-0,0000;-0,0000;10;0
2,5709;-9,2235;-208,8941;95,6960;23,1981;-90,0000;80,7765;400,000;-200,000;58,033;228,874;-0,0000;28,6290;-12,3204;-16,3086;-0,0000;-0,0000;-0,0000;102,5012;-60,8668;-41,6345;-0,0000;-0,0000;10;0
2,5734;-9,2235;-208,8204;95,6643;23,1561;-90,0000;80,7765;400,000;-200,000;58,625;230,924;-0,0000;28,8918;-12,4770;-16,4148;-0,0000;-0,0000;0,0000;102,5648;-61,3488;-41,2159;0,0000;0,0000;10;0
2,5760;-9,2235;-208,7460;95,6321;23,1139;-90,0000;80,7765;400,000;-200,000;59,222;232,975;0,0000;29,1548;-12,6349;-16,5199;0,0000;0,0000;0,0000;102,6284;-61,8352;-40,7932;0,0000;0,0000;10;0
2,5786;-9,2235;-208,6709;95,5995;23,0714;-90,0000;80,7765;400,000;-200,000;59,825;235,025;0,0000;29,4179;-12,7940;-16,6239;0,0000;0,0000;0,0000;102,6920;-62,3257;-40,3663;0,0000;0,0000;10;0
2,5811;-9,2235;-208,5952;95,5665;23,0287;-90,0000;80,7765;400,000;-200,000;60,433;237,076;0,0000;29,6812;-12,9544;-16,7268;0,0000;0,0000;0,0000;102,7557;-62,8205;-39,9351;0,0000;0,0000;10;0
2,5837;-9,2235;-208,5188;95,5331;22,9857;-90,0000;80,7765;400,000;-200,000;61,045;239,126;0,0000;29,9447;-13,1161;-16,8286;0,0000;0,0000;0,0000;102,8193;-63,3196;-39,4998;0,0000;0,0000;10;0
2,5862;-9,2235;-208,4417;95,4993;22,9424;-90,0000;80,7765;400,000;-200,000;61,664;241,177;0,0000;30,2083;-13,2790;-16,9293;0,0000;0,0000;-0,0000;102,8830;-63,8228;-39,0601;-0,0000;0,0000;10;0
2,5888;-9,2235;-208,3639;95,4650;22,8989;-90,0000;80,7765;400,000;-200,000;62,287;243,227;0,0000;30,4721;-13,4433;-17,0289;0,0000;0,0000;0,0000;102,9466;-64,3303;-38,6163;0,0000;0,0000;10;0
2,5914;-9,2235;-208,2855;95,4303;22,8551;-90,0000;80,7765;400,000;-200,000;62,916;245,278;0,0000;30,7361;-13,6088;-17,1273;0,0000;0,0000;0,0000;103,0102;-64,8421;-38,1681;0,0000;-0,0000;10;0
2,5939;-9,2235;-208,2063;95,3952;22,8111;-90,0000;80,7765;400,000;-200,000;63,550;247,329;0,0000;31,0002;-13,7757;-17,2245;0,0000;0,0000;0,0000;103,0738;-65,3581;-37,7157;0,0000;0,0000;10;0
2,5965;-9,2235;-208,1265;95,3597;22,7668;-90,0000;80,7765;400,000;-200,000;64,189;249,379;0,0000;31,2645;-13,9438;-17,3206;0,0000;0,0000;-0,0000;103,1374;-65,8783;-37,2590;-0,0000;-0,0000;10;0
2,5991;-9,2235;-208,0461;95,3238;22,7223;-90,0000;80,7765;400,000;-200,000;64,833;251,430;0,0000;31,5289;-14,1134;-17,4155;0,0000;0,0000;0,0000;103,2009;-66,4028;-36,7981;0,0000;-0,0000;10;0
2,6016;-9,2235;-207,9649;95,2874;22,6775;-90,0000;80,7765;400,000;-200,000;65,483;253,480;0,0000;31,7935;-14,2842;-17,5093;0,0000;0,0000;0,0000;103,2644;-66,9316;-36,3328;0,0000;-0,0000;10;0
2,6042;-9,2235;-207,8831;95,2505;22,6325;-90,0000;80,7765;400,000;-200,000;66,138;255,531;0,0000;32,0583;-14,4565;-17,6018;0,0000;0,0000;-0,0000;103,3278;-67,4646;-35,8632;-0,0000;-0,0000;10;0
2,6068;-9,2235;-207,8006;95,2133;22,5873;-90,0000;80,7765;400,000;-200,000;66,798;257,581;0,0000;32,3232;-14,6301;-17,6931;0,0000;0,0000;0,0000;103,3911;-68,0018;-35,3893;0,0000;0,0000;10;0
2,6093;-9,2235;-207,7174;95,1755;22,5418;-90,0000;80,7765;400,000;-200,000;67,464;259,632;0,0000;32,5883;-14,8051;-17,7832;0,0000;0,0000;0,0000;103,4544;-68,5433;-34,9111;0,0000;0,0000;10;0
2,6119;-9,2235;-207,6335;95,1374;22,4961;-90,0000;80,7765;400,000;-200,000;68,135;261,682;0,0000;32,8535;-14,9815;-17,8721;0,0000;0,0000;-0,0000;103,5176;-69,0891;-34,4286;-0,0000;-0,0000;10;0
2,6144;-9,2235;-207,5490;95,0987;22,4502;-90,0000;80,7765;400,000;-200,000;68,811;263,733;-0,0000;33,1190;-15,1593;-17,9597;-0,0000;-0,0000;-0,0000;103,5807;-69,6391;-33,9417;-0,0000;-0,0000;10;0
2,6170;-9,2235;-207,4637;95,0597;22,4041;-90,0000;80,7765;400,000;-200,000;69,492;265,783;-0,0000;33,3845;-15,3385;-18,0461;-0,0000;-0,0000;0,0000;103,6438;-70,1933;-33,4504;0,0000;0,0000;10;0
2,6196;-9,2235;-207,3778;95,0201;22,3577;-90,0000;80,7765;400,000;-200,000;70,178;267,834;0,0000;33,6503;-15,5191;-18,1312;0,0000;0,0000;0,0000;103,7067;-70,7519;-32,9548;0,0000;0,0000;10;0
2,6221;-9,2235;-207,2912;94,9801;22,3111;-90,0000;80,7765;400,000;-200,000;70,870;269,884;0,0000;33,9162;-15,7012;-18,2150;0,0000;0,0000;0,0000;103,7696;-71,3147;-32,4549;0,0000;0,0000;10;0
2,6247;-9,2235;-207,2040;94,9396;22,2643;-90,0000;80,7765;400,000;-200,000;71,567;271,935;0,0000;34,1822;-15,8847;-18,2976;0,0000;0,0000;-0,0000;103,8323;-71,8818;-31,9505;-0,0000;-0,0000;10;0
2,6273;-9,2235;-207,1160;94,8987;22,2173;-90,0000;80,7765;400,000;-200,000;72,269;273,986;-0,0000;34,4485;-16,0697;-18,3788;-0,0000;-0,0000;-0,0000;103,8950;-72,4532;-31,4418;-0,0000;-0,0000;10;0
2,6298;-9,2235;-207,0274;94,8572;22,1701;-90,0000;80,7765;400,000;-200,000;72,977;276,036;-0,0000;34,7148;-16,2561;-18,4587;-0,0000;-0,0000;0,0000;103,9575;-73,0288;-30,9287;0,0000;0,0000;10;0
2,6324;-9,2235;-206,9380;94,8153;22,1227;-90,0000;80,7765;400,000;-200,000;73,690;278,087;0,0000;34,9814;-16,4440;-18,5373;0,0000;0,0000;0,0000;103,2020;-73,2213;-29,9807;0,0000;0,0000;10;0
2,6349;-9,2235;-206,8480;94,7729;22,0751;-90,0000;80,7765;400,000;-200,000;74,408;280,137;0,0000;35,2439;-16,6315;-18,6124;0,0000;0,0000;0,0000;69,1162;-57,5648;-11,5515;0,0000;0,0000;10;0
2,6375;-9,2235;-206,7574;94,7301;22,0273;-90,0000;80,7765;400,000;-200,000;75,131;282,121;0,0000;35,3357;-16,7391;-18,5966;0,0000;0,0000;0,0000;-13,5399;-18,5945;32,1345;0,0000;0,0000;10;0
2,6401;-9,2235;-206,6669;94,6871;21,9798;-90,0000;80,7765;400,000;-200,000;75,852;281,447;0,0000;35,1745;-16,7268;-18,4477;0,0000;0,0000;-0,0000;-79,7830;13,0535;66,7295;-0,0000;-0,0000;10;0
2,6426;-9,2235;-206,5771;94,6443;21,9327;-90,0000;80,7765;400,000;-200,000;76,568;279,397;0,0000;34,9267;-16,6722;-18,2545;0,0000;0,0000;-0,0000;-96,7190;21,5828;75,1362;-0,0000;-0,0000;10;0
2,6452;-9,2235;-206,4878;94,6017;21,8862;-90,0000;80,7765;400,000;-200,000;77,279;277,346;0,0000;34,6787;-16,6161;-18,0625;0,0000;0,0000;0,0000;-96,8185;22,1637;74,6549;-0,0000;0,0000;10;0
2,6478;-9,2235;-206,3993;94,5591;21,8401;-90,0000;80,7765;400,000;-200,000;77,985;275,296;0,0000;34,4304;-16,5586;-17,8718;0,0000;0,0000;-0,0000;-96,9164;22,7401;74,1764;-0,0000;0,0000;10;0
2,6503;-9,2235;-206,3113;94,5168;21,7946;-90,0000;80,7765;400,000;-200,000;78,685;273,245;0,0000;34,1818;-16,4996;-17,6823;0,0000;0,0000;-0,0000;-97,0128;23,3121;73,7007;-0,0000;-0,0000;10;0
2,6529;-9,2235;-206,2240;94,4746;21,7495;-90,0000;80,7765;400,000;-200,000;79,380;271,194;0,0000;33,9331;-16,4391;-17,4940;0,0000;0,0000;-0,0000;-97,1076;23,8797;73,2278;-0,0000;-0,0000;10;0
2,6555;-9,2235;-206,1374;94,4325;21,7049;-90,0000;80,7765;400,000;-200,000;80,070;269,144;0,0000;33,6840;-16,3772;-17,3069;0,0000;0,0000;-0,0000;-97,2009;24,4430;72,7579;-0,0000;-0,0000;10;0
2,6580;-9,2235;-206,0514;94,3906;21,6608;-90,0000;80,7765;400,000;-200,000;80,755;267,093;0,0000;33,4348;-16,3138;-17,1210;0,0000;-0,0000;0,0000;-97,2926;25,0019;72,2908;0,0000;-0,0000;10;0
2,6606;-9,2235;-205,9660;94,3489;21,6171;-90,0000;80,7765;400,000;-200,000;81,434;265,043;0,0000;33,1853;-16,2490;-16,9363;0,0000;0,0000;0,0000;-97,3830;25,5563;71,8266;0,0000;0,0000;10;0
2,6631;-9,2235;-205,8813;94,3073;21,5739;-90,0000;80,7765;400,000;-200,000;82,108;262,992;0,0000;32,9355;-16,1828;-16,7528;0,0000;0,0000;-0,0000;-97,4718;26,1065;71,3653;-0,0000;-0,0000;10;0
2,6657;-9,2235;-205,7972;94,2659;21,5312;-90,0000;80,7765;400,000;-200,000;82,777;260,942;-0,0000;32,6856;-16,1152;-16,5704;-0,0000;-0,0000;-0,0000;-97,5593;26,6522;70,9070;-0,0000;-0,0000;10;0
2,6683;-9,2235;-205,7137;94,2247;21,4890;-90,0000;80,7765;400,000;-200,000;83,441;258,891;-0,0000;32,4354;-16,0461;-16,3893;-0,0000;-0,0000;0,0000;-97,6453;27,1936;70,4517;0,0000;0,0000;10;0
2,6708;-9,2235;-205,6309;94,1837;21,4472;-90,0000;80,7765;400,000;-200,000;84,099;256,841;0,0000;32,1850;-15,9757;-16,2093;0,0000;0,0000;0,0000;-97,7300;27,7306;69,9994;0,0000;0,0000;10;0
2,6734;-9,2235;-205,5487;94,1428;21,4059;-90,0000;80,7765;400,000;-200,000;84,752;254,790;0,0000;31,9344;-15,9040;-16,0304;0,0000;0,0000;0,0000;-97,8133;28,2633;69,5500;0,0000;0,0000;10;0
2,6760;-9,2235;-205,4672;94,1021;21,3650;-90,0000;80,7765;400,000;-200,000;85,400;252,740;0,0000;31,6836;-15,8309;-15,8527;0,0000;0,0000;0,0000;-97,8953;28,7916;69,1037;0,0000;-0,0000;10;0
2,6785;-9,2235;-205,3863;94,0616;21,3246;-90,0000;80,7765;400,000;-200,000;86,043;250,689;0,0000;31,4326;-15,7564;-15,6762;0,0000;0,0000;-0,0000;-97,9760;29,3156;68,6604;-0,0000;-0,0000;10;0
2,6811;-9,2235;-205,3060;94,0214;21,2847;-90,0000;80,7765;400,000;-200,000;86,680;248,638;0,0000;31,1813;-15,6806;-15,5008;0,0000;0,0000;-0,0000;-98,0554;29,8352;68,2202;-0,0000;0,0000;10;0
2,6836;-9,2235;-205,2264;93,9813;21,2452;-90,0000;80,7765;400,000;-200,000;87,312;246,588;0,0000;30,9299;-15,6034;-15,3265;0,0000;0,0000;0,0000;-98,1335;30,3505;67,7831;0,0000;0,0000;10;0
2,6862;-9,2235;-205,1475;93,9414;21,2061;-90,0000;80,7765;400,000;-200,000;87,939;244,537;0,0000;30,6783;-15,5250;-15,1533;0,0000;0,0000;0,0000;-98,2105;30,8614;67,3490;0,0000;0,0000;10;0
2,6888;-9,2235;-205,0692;93,9017;21,1675;-90,0000;80,7765;400,000;-200,000;88,560;242,487;0,0000;30,4264;-15,4452;-14,9812;0,0000;0,0000;-0,0000;-98,2861;31,3681;66,9181;-0,0000;-0,0000;10;0
2,6913;-9,2235;-204,9915;93,8622;21,1293;-90,0000;80,7765;400,000;-200,000;89,176;240,436;0,0000;30,1744;-15,3642;-14,8102;0,0000;0,0000;-0,0000;-98,3606;31,8704;66,4903;-0,0000;-0,0000;10;0
2,6939;-9,2235;-204,9145;93,8229;21,0916;-90,0000;80,7765;400,000;-200,000;89,788;238,386;0,0000;29,9222;-15,2819;-14,6404;0,0000;0,0000;0,0000;-98,4339;32,3683;66,0656;0,0000;-0,0000;10;0
2,6965;-9,2235;-204,8381;93,7839;21,0543;-90,0000;80,7765;400,000;-200,000;90,393;236,335;0,0000;29,6698;-15,1983;-14,4716;0,0000;0,0000;0,0000;-98,5061;32,8620;65,6441;0,0000;-0,0000;10;0
2,6990;-9,2235;-204,7624;93,7450;21,0174;-90,0000;80,7765;400,000;-200,000;90,994;234,285;0,0000;29,4172;-15,1134;-14,3038;0,0000;0,0000;-0,0000;-98,5771;33,3513;65,2258;-0,0000;-0,0000;10;0
2,7016;-9,2235;-204,6873;93,7064;20,9809;-90,0000;80,7765;400,000;-200,000;91,589;232,234;-0,0000;29,1645;-15,0273;-14,1372;-0,0000;-0,0000;-0,0000;-98,6470;33,8363;64,8107;-0,0000;-0,0000;10;0
2,7042;-9,2235;-204,6129;93,6680;20,9449;-90,0000;80,7765;400,000;-200,000;92,179;230,184;-0,0000;28,9115;-14,9399;-13,9716;-0,0000;-0,0000;0,0000;-98,7158;34,3170;64,3988;0,0000;0,0000;10;0
2,7067;-9,2235;-204,5391;93,6298;20,9093;-90,0000;80,7765;400,000;-200,000;92,764;228,133;0,0000;28,6584;-14,8514;-13,8071;0,0000;0,0000;0,0000;-98,7835;34,7934;63,9901;0,0000;0,0000;10;0
2,7093;-9,2235;-204,4660;93,5918;20,8741;-90,0000;80,7765;400,000;-200,000;93,343;226,082;0,0000;28,4051;-14,7616;-13,6436;0,0000;0,0000;-0,0000;-98,8501;35,2655;63,5846;-0,0000;0,0000;10;0
2,7118;-9,2235;-204,3935;93,5541;20,8394;-90,0000;80,7765;400,000;-200,000;93,918;224,032;0,0000;28,1517;-14,6706;-13,4811;0,0000;0,0000;0,0000;-98,9157;35,7333;63,1824;0,0000;0,0000;10;0
2,7144;-9,2235;-204,3216;93,5166;20,8050;-90,0000;80,7765;400,000;-200,000;94,486;221,981;0,0000;27,8981;-14,5784;-13,3197;0,0000;0,0000;0,0000;-98,9803;36,1967;62,7835;0,0000;-0,0000;10;0
2,7170;-9,2235;-204,2505;93,4794;20,7711;-90,0000;80,7765;400,000;-200,000;95,050;219,931;0,0000;27,6443;-14,4850;-13,1592;0,0000;0,0000;-0,0000;-99,0438;36,6559;62,3879;-0,0000;-0,0000;10;0
2,7195;-9,2235;-204,1799;93,4424;20,7376;-90,0000;80,7765;400,000;-200,000;95,609;217,880;0,0000;27,3903;-14,3905;-12,9998;0,0000;0,0000;-0,0000;-99,1063;37,1108;61,9955;-0,0000;-0,0000;10;0
2,7221;-9,2235;-204,1101;93,4056;20,7044;-90,0000;80,7765;400,000;-200,000;96,162;215,830;0,0000;27,1362;-14,2948;-12,8414;0,0000;0,0000;-0,0000;-99,1679;37,5614;61,6065;-0,0000;0,0000;10;0
2,7247;-9,2235;-204,0408;93,3691;20,6717;-90,0000;80,7765;400,000;-200,000;96,710;213,779;0,0000;26,8820;-14,1979;-12,6840;0,0000;0,0000;-0,0000;-99,2285;38,0077;61,2207;-0,0000;0,0000;10;0
2,7272;-9,2235;-203,9722;93,3328;20,6394;-90,0000;80,7765;400,000;-200,000;97,253;211,729;0,0000;26,6275;-14,0999;-12,5276;0,0000;0,0000;0,0000;-99,2881;38,4497;60,8384;0,0000;0,0000;10;0
2,7298;-9,2235;-203,9043;93,2968;20,6075;-90,0000;80,7765;400,000;-200,000;97,790;209,678;0,0000;26,3730;-14,0008;-12,3721;0,0000;0,0000;0,0000;-99,3468;38,8875;60,4593;0,0000;-0,0000;10;0
2,7323;-9,2235;-203,8370;93,2611;20,5760;-90,0000;80,7765;400,000;-200,000;98,322;207,628;0,0000;26,1183;-13,9006;-12,2177;0,0000;0,0000;-0,0000;-99,4045;39,3209;60,0836;-0,0000;-0,0000;10;0
2,7349;-9,2235;-203,7704;93,2256;20,5449;-90,0000;80,7765;400,000;-200,000;98,849;205,577;0,0000;25,8634;-13,7992;-12,0641;0,0000;0,0000;0,0000;-99,4614;39,7501;59,7113;0,0000;-0,0000;10;0
2,7375;-9,2235;-203,7045;93,1903;20,5142;-90,0000;80,7765;400,000;-200,000;99,371;203,527;0,0000;25,6084;-13,6968;-11,9116;0,0000;0,0000;0,0000;-99,5173;40,1749;59,3424;0,0000;-0,0000;10;0
2,7400;-9,2235;-203,6392;93,1553;20,4838;-90,0000;80,7765;400,000;-200,000;99,887;201,476;0,0000;25,3532;-13,5933;-11,7599;0,0000;0,0000;-0,0000;-99,5724;40,5955;58,9768;-0,0000;-0,0000;10;0
2,7426;-9,2235;-203,5745;93,1206;20,4539;-90,0000;80,7765;400,000;-200,000;100,398;199,425;0,0000;25,0979;-13,4887;-11,6092;0,0000;0,0000;-0,0000;-99,6266;41,0119;58,6147;-0,0000;0,0000;10;0
2,7452;-9,2235;-203,5105;93,0862;20,4243;-90,0000;80,7765;400,000;-200,000;100,904;197,375;0,0000;24,8425;-13,3831;-11,4594;0,0000;0,0000;-0,0000;-99,6799;41,4239;58,2560;-0,0000;-0,0000;10;0
2,7477;-9,2235;-203,4471;93,0520;20,3951;-90,0000;80,7765;400,000;-200,000;101,405;195,324;-0,0000;24,5869;-13,2764;-11,3106;-0,0000;-0,0000;-0,0000;-99,7324;41,8317;57,9007;-0,0000;-0,0000;10;0
2,7503;-9,2235;-203,3844;93,0181;20,3663;-90,0000;80,7765;400,000;-200,000;101,900;193,274;-0,0000;24,3312;-13,1686;-11,1626;-0,0000;-0,0000;0,0000;-99,7841;42,2352;57,5489;0,0000;0,0000;10;0
2,7529;-9,2235;-203,3224;92,9845;20,3379;-90,0000;80,7765;400,000;-200,000;102,390;191,223;0,0000;24,0754;-13,0598;-11,0156;0,0000;0,0000;0,0000;-99,8349;42,6344;57,2005;0,0000;0,0000;10;0
2,7554;-9,2235;-203,2610;92,9512;20,3098;-90,0000;80,7765;400,000;-200,000;102,875;189,173;0,0000;23,8195;-12,9501;-10,8694;0,0000;0,0000;-0,0000;-99,8849;43,0294;56,8556;-0,0000;0,0000;10;0
2,7580;-9,2235;-203,2003;92,9181;20,2822;-90,0000;80,7765;400,000;-200,000;103,355;187,122;0,0000;23,5634;-12,8393;-10,7241;0,0000;0,0000;0,0000;-99,9342;43,4201;56,5141;0,0000;0,0000;10;0
2,7605;-9,2235;-203,1402;92,8854;20,2549;-90,0000;80,7765;400,000;-200,000;103,829;185,072;0,0000;23,3072;-12,7275;-10,5797;0,0000;0,0000;0,0000;-99,9826;43,8065;56,1761;0,0000;-0,0000;10;0
2,7631;-9,2235;-203,0808;92,8529;20,2279;-90,0000;80,7765;400,000;-200,000;104,298;183,021;0,0000;23,0508;-12,6147;-10,4361;0,0000;0,0000;-0,0000;-100,0303;44,1886;55,8416;-0,0000;-0,0000;10;0
2,7657;-9,2235;-203,0221;92,8207;20,2014;-90,0000;80,7765;400,000;-200,000;104,762;180,971;0,0000;22,7944;-12,5009;-10,2934;0,0000;0,0000;-0,0000;-100,0772;44,5665;55,5107;-0,0000;0,0000;10;0
2,7682;-9,2235;-202,9640;92,7888;20,1752;-90,0000;80,7765;400,000;-200,000;105,221;178,920;0,0000;22,5378;-12,3862;-10,1516;0,0000;0,0000;-0,0000;-100,1233;44,9401;55,1832;-0,0000;-0,0000;10;0
2,7708;-9,2235;-202,9065;92,7572;20,1493;-90,0000;80,7765;400,000;-200,000;105,674;176,869;-0,0000;22,2811;-12,2706;-10,0105;-0,0000;-0,0000;-0,0000;-100,1687;45,3095;54,8592;-0,0000;-0,0000;10;0
2,7734;-9,2235;-202,8498;92,7259;20,1239;-90,0000;80,7765;400,000;-200,000;106,122;174,819;-0,0000;22,0243;-12,1540;-9,8703;-0,0000;-0,0000;0,0000;-100,2134;45,6746;54,5388;0,0000;0,0000;10;0
2,7759;-9,2235;-202,7936;92,6949;20,0987;-90,0000;80,7765;400,000;-200,000;106,565;172,768;0,0000;21,7674;-12,0364;-9,7309;0,0000;0,0000;0,0000;-100,2573;46,0354;54,2219;0,0000;0,0000;10;0
2,7785;-9,2235;-202,7382;92,6642;20,0740;-90,0000;80,7765;400,000;-200,000;107,003;170,718;0,0000;21,5103;-11,9180;-9,5924;0,0000;0,0000;-0,0000;-100,3006;46,3920;53,9086;-0,0000;-0,0000;10;0
2,7810;-9,2235;-202,6834;92,6338;20,0496;-90,0000;80,7765;400,000;-200,000;107,435;168,667;0,0000;21,2532;-11,7986;-9,4546;0,0000;0,0000;-0,0000;-100,3431;46,7443;53,5988;-0,0000;0,0000;10;0
2,7836;-9,2235;-202,6292;92,6037;20,0255;-90,0000;80,7765;400,000;-200,000;107,862;166,617;0,0000;20,9959;-11,6783;-9,3176;0,0000;0,0000;-0,0000;-100,3849;47,0923;53,2926;-0,0000;-0,0000;10;0
2,7862;-9,2235;-202,5757;92,5739;20,0018;-90,0000;80,7765;400,000;-200,000;108,284;164,566;0,0000;20,7386;-11,5572;-9,1814;0,0000;0,0000;0,0000;-100,4260;47,4361;52,9899;-0,0000;-0,0000;10;0
2,7887;-9,2235;-202,5229;92,5445;19,9784;-90,0000;80,7765;400,000;-200,000;108,701;162,516;0,0000;20,4811;-11,4352;-9,0460;0,0000;0,0000;0,0000;-100,4665;47,7756;52,6908;0,0000;0,0000;10;0
2,7913;-9,2235;-202,4707;92,5153;19,9554;-90,0000;80,7765;400,000;-200,000;109,112;160,465;0,0000;20,2236;-11,3123;-8,9113;0,0000;0,0000;0,0000;-100,5062;48,1109;52,3954;0,0000;0,0000;10;0
2,7939;-9,2235;-202,4192;92,4865;19,9328;-90,0000;80,7765;400,000;-200,000;109,518;158,415;0,0000;19,9659;-11,1885;-8,7774;0,0000;0,0000;-0,0000;-100,5454;48,4419;52,1035;-0,0000;-0,0000;10;0
2,7964;-9,2235;-202,3684;92,4580;19,9104;-90,0000;80,7765;400,000;-200,000;109,919;156,364;0,0000;19,7081;-11,0639;-8,6442;0,0000;0,0000;-0,0000;-100,5838;48,7686;51,8152;-0,0000;-0,0000;10;0
2,7990;-9,2235;-202,3182;92,4298;19,8884;-90,0000;80,7765;400,000;-200,000;110,314;154,313;0,0000;19,4503;-10,9385;-8,5117;0,0000;0,0000;-0,0000;-100,6216;49,0911;51,5305;-0,0000;-0,0000;10;0
2,8016;-9,2235;-202,2687;92,4019;19,8668;-90,0000;80,7765;400,000;-200,000;110,704;152,263;0,0000;19,1923;-10,8123;-8,3800;0,0000;0,0000;-0,0000;-100,6588;49,4093;51,2495;-0,0000;-0,0000;10;0
2,8041;-9,2235;-202,2198;92,3743;19,8455;-90,0000;80,7765;400,000;-200,000;111,090;150,212;0,0000;18,9342;-10,6852;-8,2490;0,0000;0,0000;-0,0000;-100,6953;49,7233;50,9720;-0,0000;0,0000;10;0
2,8067;-9,2235;-202,1716;92,3471;19,8245;-90,0000;80,7765;400,000;-200,000;111,469;148,162;0,0000;18,6761;-10,5574;-8,1187;0,0000;0,0000;0,0000;-100,7312;50,0330;50,6982;0,0000;0,0000;10;0
2,8092;-9,2235;-202,1241;92,3202;19,8039;-90,0000;80,7765;400,000;-200,000;111,844;146,111;0,0000;18,4179;-10,4287;-7,9891;0,0000;0,0000;0,0000;-100,7665;50,3384;50,4281;0,0000;0,0000;10;0
2,8118;-9,2235;-202,0772;92,2936;19,7836;-90,0000;80,7765;400,000;-200,000;112,213;144,061;0,0000;18,1595;-10,2993;-7,8602;0,0000;0,0000;-0,0000;-100,8011;50,6396;50,1616;-0,0000;-0,0000;10;0
2,8144;-9,2235;-202,0310;92,2674;19,7636;-90,0000;80,7765;400,000;-200,000;112,577;142,010;-0,0000;17,9011;-10,1691;-7,7320;-0,0000;-0,0000;-0,0000;-100,8352;50,9365;49,8987;-0,0000;-0,0000;10;0
2,8169;-9,2235;-201,9854;92,2415;19,7439;-90,0000;80,7765;400,000;-200,000;112,936;139,960;-0,0000;17,6426;-10,0382;-7,6044;-0,0000;-0,0000;0,0000;-100,8686;51,2291;49,6395;0,0000;0,0000;10;0
2,8195;-9,2235;-201,9405;92,2159;19,7246;-90,0000;80,7765;400,000;-200,000;113,289;137,909;0,0000;17,3840;-9,9065;-7,4775;0,0000;0,0000;0,0000;-100,9015;51,5175;49,3840;0,0000;0,0000;10;0
2,8221;-9,2235;-201,8963;92,1907;19,7056;-90,0000;80,7765;400,000;-200,000;113,637;135,859;0,0000;17,1254;-9,7741;-7,3512;0,0000;0,0000;0,0000;-100,9338;51,8016;49,1321;0,0000;0,0000;10;0
2,8246;-9,2235;-201,8527;92,1658;19,6869;-90,0000;80,7765;400,000;-200,000;113,980;133,808;0,0000;16,8666;-9,6410;-7,2256;0,0000;0,0000;-0,0000;-100,9654;52,0815;48,8839;-0,0000;-0,0000;10;0
2,8272;-9,2235;-201,8098;92,1413;19,6685;-90,0000;80,7765;400,000;-200,000;114,318;131,757;0,0000;16,6078;-9,5071;-7,1007;0,0000;0,0000;-0,0000;-100,9965;52,3571;48,6394;-0,0000;-0,0000;10;0
2,8297;-9,2235;-201,7676;92,1171;19,6505;-90,0000;80,7765;400,000;-200,000;114,651;129,707;0,0000;16,3489;-9,3726;-6,9763;0,0000;0,0000;-0,0000;-101,0271;52,6284;48,3986;-0,0000;0,0000;10;0
2,8323;-9,2235;-201,7260;92,0933;19,6328;-90,0000;80,7765;400,000;-200,000;114,978;127,656;0,0000;16,0899;-9,2373;-6,8525;0,0000;0,0000;0,0000;-101,0570;52,8955;48,1615;0,0000;0,0000;10;0
2,8349;-9,2235;-201,6851;92,0698;19,6154;-90,0000;80,7765;400,000;-200,000;115,300;125,606;0,0000;15,8308;-9,1014;-6,7294;0,0000;0,0000;-0,0000;-101,0864;53,1583;47,9281;-0,0000;-0,0000;10;0
2,8374;-9,2235;-201,6449;92,0466;19,5983;-90,0000;80,7765;400,000;-200,000;115,616;123,555;0,0000;15,5717;-8,9648;-6,6068;0,0000;0,0000;-0,0000;-101,1152;53,4168;47,6984;-0,0000;-0,0000;10;0
2,8400;-9,2235;-201,6053;92,0238;19,5815;-90,0000;80,7765;400,000;-200,000;115,928;121,505;0,0000;15,3125;-8,8276;-6,4849;0,0000;-0,0000;-0,0000;-101,1435;53,6711;47,4724;-0,0000;-0,0000;10;0
2,8426;-9,2235;-201,5664;92,0013;19,5650;-90,0000;80,7765;400,000;-200,000;116,234;119,454;0,0000;15,0532;-8,6897;-6,3635;0,0000;0,0000;-0,0000;-101,1712;53,9211;47,2502;-0,0000;-0,0000;10;0
2,8451;-9,2235;-201,5281;91,9792;19,5489;-90,0000;80,7765;400,000;-200,000;116,535;117,404;-0,0000;14,7938;-8,5512;-6,2427;-0,0000;-0,0000;-0,0000;-101,1984;54,1668;47,0316;-0,0000;-0,0000;10;0
2,8477;-9,2235;-201,4905;91,9575;19,5330;-90,0000;80,7765;400,000;-200,000;116,831;115,353;-0,0000;14,5344;-8,4120;-6,1224;-0,0000;-0,0000;0,0000;-101,2251;54,4083;46,8168;0,0000;0,0000;10;0
2,8503;-9,2235;-201,4536;91,9361;19,5175;-90,0000;80,7765;400,000;-200,000;117,121;113,303;0,0000;14,2749;-8,2722;-6,0027;0,0000;0,0000;0,0000;-101,2512;54,6455;46,6057;0,0000;0,0000;10;0
2,8528;-9,2235;-201,4174;91,9151;19,5023;-90,0000;80,7765;400,000;-200,000;117,406;111,252;0,0000;14,0153;-8,1319;-5,8835;0,0000;0,0000;-0,0000;-101,2767;54,8784;46,3984;-0,0000;0,0000;10;0
2,8554;-9,2235;-201,3818;91,8944;19,4873;-90,0000;80,7765;400,000;-200,000;117,686;109,202;0,0000;13,7557;-7,9909;-5,7648;0,0000;0,0000;-0,0000;-101,3018;55,1070;46,1948;-0,0000;0,0000;10;0
2,8579;-9,2235;-201,3468;91,8741;19,4727;-90,0000;80,7765;400,000;-200,000;117,961;107,151;0,0000;13,4960;-7,8494;-5,6467;0,0000;0,0000;0,0000;-101,3263;55,3314;45,9949;0,0000;0,0000;10;0
2,8605;-9,2235;-201,3126;91,8542;19,4584;-90,0000;80,7765;400,000;-200,000;118,230;105,100;0,0000;13,2363;-7,7073;-5,5290;0,0000;0,0000;-0,0000;-101,3503;55,5515;45,7988;-0,0000;-0,0000;10;0
2,8631;-9,2235;-201,2790;91,8346;19,4444;-90,0000;80,7765;400,000;-200,000;118,494;103,050;0,0000;12,9765;-7,5646;-5,4119;0,0000;0,0000;-0,0000;-101,3738;55,7674;45,6064;-0,0000;-0,0000;10;0
2,8656;-9,2235;-201,2461;91,8154;19,4306;-90,0000;80,7765;400,000;-200,000;118,753;100,999;0,0000;12,7166;-7,4214;-5,2952;0,0000;0,0000;-0,0000;-101,3968;55,9789;45,4178;-0,0000;-0,0000;10;0
2,8682;-9,2235;-201,2138;91,7966;19,4172;-90,0000;80,7765;400,000;-200,000;119,007;98,949;0,0000;12,4567;-7,2776;-5,1790;0,0000;0,0000;-0,0000;-101,4192;56,1862;45,2330;-0,0000;0,0000;10;0
2,8708;-9,2235;-201,1822;91,7781;19,4041;-90,0000;80,7765;400,000;-200,000;119,255;96,898;0,0000;12,1967;-7,1334;-5,0633;0,0000;0,0000;-0,0000;-101,4412;56,3892;45,0520;-0,0000;0,0000;10;0
2,8733;-9,2235;-201,1513;91,7600;19,3913;-90,0000;80,7765;400,000;-200,000;119,498;94,848;0,0000;11,9367;-6,9886;-4,9481;0,0000;0,0000;0,0000;-101,4626;56,5879;44,8747;0,0000;0,0000;10;0
2,8759;-9,2235;-201,1210;91,7423;19,3787;-90,0000;80,7765;400,000;-200,000;119,736;92,797;0,0000;11,6766;-6,8433;-4,8333;0,0000;0,0000;-0,0000;-101,4835;56,7824;44,7012;-0,0000;-0,0000;10;0
2,8784;-9,2235;-201,0914;91,7249;19,3665;-90,0000;80,7765;400,000;-200,000;119,969;90,747;0,0000;11,4164;-6,6975;-4,7189;0,0000;0,0000;-0,0000;-101,5040;56,9725;44,5314;-0,0000;-0,0000;10;0
2,8810;-9,2235;-201,0625;91,7080;19,3545;-90,0000;80,7765;400,000;-200,000;120,196;88,696;0,0000;11,1562;-6,5512;-4,6050;0,0000;0,0000;-0,0000;-101,5239;57,1584;44,3655;-0,0000;0,0000;10;0
2,8836;-9,2235;-201,0342;91,6913;19,3429;-90,0000;80,7765;400,000;-200,000;120,418;86,646;0,0000;10,8960;-6,4045;-4,4915;0,0000;0,0000;-0,0000;-101,5434;57,3400;44,2033;-0,0000;-0,0000;10;0
2,8861;-9,2235;-201,0066;91,6751;19,3315;-90,0000;80,7765;400,000;-200,000;120,635;84,595;0,0000;10,6357;-6,2573;-4,3784;0,0000;0,0000;-0,0000;-101,5623;57,5174;44,0450;-0,0000;-0,0000;10;0
2,8887;-9,2235;-200,9797;91,6593;19,3204;-90,0000;80,7765;400,000;-200,000;120,847;82,544;0,0000;10,3753;-6,1096;-4,2657;0,0000;0,0000;-0,0000;-101,5808;57,6904;43,8904;-0,0000;0,0000;10;0
2,8913;-9,2235;-200,9534;91,6438;19,3096;-90,0000;80,7765;400,000;-200,000;121,053;80,494;0,0000;10,1149;-5,9615;-4,1534;0,0000;0,0000;-0,0000;-101,5988;57,8592;43,7396;-0,0000;0,0000;10;0
2,8938;-9,2235;-200,9279;91,6287;19,2991;-90,0000;80,7765;400,000;-200,000;121,254;78,443;0,0000;9,8545;-5,8130;-4,0415;0,0000;0,0000;-0,0000;-101,6163;58,0236;43,5927;-0,0000;-0,0000;10;0
2,8964;-9,2235;-200,9029;91,6140;19,2889;-90,0000;80,7765;400,000;-200,000;121,450;76,393;0,0000;9,5940;-5,6641;-3,9299;0,0000;0,0000;-0,0000;-101,6333;58,1838;43,4495;-0,0000;-0,0000;10;0
2,8990;-9,2235;-200,8787;91,5997;19,2790;-90,0000;80,7765;400,000;-200,000;121,640;74,342;0,0000;9,3335;-5,5147;-3,8188;0,0000;0,0000;-0,0000;-101,6499;58,3397;43,3101;-0,0000;0,0000;10;0
2,9015;-9,2235;-200,8551;91,5857;19,2694;-90,0000;80,7765;400,000;-200,000;121,826;72,292;0,0000;9,0729;-5,3650;-3,7079;0,0000;0,0000;0,0000;-101,6659;58,4913;43,1746;0,0000;0,0000;10;0
2,9041;-9,2235;-200,8322;91,5722;19,2600;-90,0000;80,7765;400,000;-200,000;122,006;70,241;0,0000;8,8123;-5,2149;-3,5974;0,0000;0,0000;-0,0000;-101,6815;58,6386;43,0429;-0,0000;-0,0000;10;0
2,9066;-9,2235;-200,8099;91,5590;19,2509;-90,0000;80,7765;400,000;-200,000;122,181;68,191;0,0000;8,5517;-5,0644;-3,4873;0,0000;0,0000;-0,0000;-101,6966;58,7817;42,9149;-0,0000;-0,0000;10;0
2,9092;-9,2235;-200,7883;91,5462;19,2421;-90,0000;80,7765;400,000;-200,000;122,350;66,140;0,0000;8,2910;-4,9135;-3,3774;0,0000;0,0000;-0,0000;-101,7113;58,9204;42,7908;-0,0000;-0,0000;10;0
2,9118;-9,2235;-200,7674;91,5338;19,2336;-90,0000;80,7765;400,000;-200,000;122,514;64,090;-0,0000;8,0302;-4,7623;-3,2679;-0,0000;-0,0000;-0,0000;-101,7254;59,0549;42,6705;-0,0000;-0,0000;10;0
2,9143;-9,2235;-200,7472;91,5218;19,2254;-90,0000;80,7765;400,000;-200,000;122,673;62,039;-0,0000;7,7695;-4,6108;-3,1587;-0,0000;-0,0000;0,0000;-101,7391;59,1850;42,5541;0,0000;0,0000;10;0
2,9169;-9,2235;-200,7276;91,5102;19,2174;-90,0000;80,7765;400,000;-200,000;122,827;59,988;-0,0000;7,5087;-4,4589;-3,0498;-0,0000;-0,0000;0,0000;-101,7524;59,3109;42,4415;0,0000;0,0000;10;0
2,9195;-9,2235;-200,7087;91,4989;19,2097;-90,0000;80,7765;400,000;-200,000;122,976;57,938;-0,0000;7,2479;-4,3068;-2,9411;0,0000;-0,0000;0,0000;-101,7651;59,4325;42,3327;0,0000;0,0000;10;0
2,9220;-9,2235;-200,6904;91,4881;19,2023;-90,0000;80,7765;400,000;-200,000;123,119;55,887;0,0000;6,9870;-4,1543;-2,8327;0,0000;0,0000;0,0000;-101,7774;59,5497;42,2277;0,0000;0,0000;10;0
2,9246;-9,2235;-200,6728;91,4776;19,1952;-90,0000;80,7765;400,000;-200,000;123,257;53,837;0,0000;6,7261;-4,0015;-2,7246;0,0000;0,0000;-0,0000;-101,7893;59,6627;42,1266;-0,0000;-0,0000;10;0
2,9272;-9,2235;-200,6559;91,4676;19,1884;-90,0000;80,7765;400,000;-200,000;123,390;51,786;0,0000;6,4652;-3,8484;-2,6168;0,0000;0,0000;-0,0000;-101,8007;59,7714;42,0293;-0,0000;-0,0000;10;0
2,9297;-9,2235;-200,6397;91,4579;19,1818;-90,0000;80,7765;400,000;-200,000;123,517;49,736;0,0000;6,2043;-3,6951;-2,5092;0,0000;0,0000;-0,0000;-101,8116;59,8758;41,9358;-0,0000;0,0000;10;0
2,9323;-9,2235;-200,6241;91,4486;19,1755;-90,0000;80,7765;400,000;-200,000;123,639;47,685;0,0000;5,9433;-3,5415;-2,4018;0,0000;0,0000;-0,0000;-101,8220;59,9759;41,8462;-0,0000;-0,0000;10;0
2,9348;-9,2235;-200,6092;91,4398;19,1695;-90,0000;80,7765;400,000;-200,000;123,756;45,635;0,0000;5,6823;-3,3876;-2,2947;0,0000;0,0000;-0,0000;-101,8321;60,0717;41,7604;-0,0000;-0,0000;10;0
2,9374;-9,2235;-200,5950;91,4313;19,1637;-90,0000;80,7765;400,000;-200,000;123,868;43,584;0,0000;5,4213;-3,2335;-2,1877;0,0000;0,0000;-0,0000;-101,8416;60,1632;41,6784;-0,0000;-0,0000;10;0
2,9400;-9,2235;-200,5814;91,4232;19,1583;-90,0000;80,7765;400,000;-200,000;123,974;41,534;0,0000;5,1602;-3,0792;-2,0810;0,0000;0,0000;-0,0000;-101,8507;60,2504;41,6003;-0,0000;-0,0000;10;0
2,9425;-9,2235;-200,5686;91,4155;19,1531;-90,0000;80,7765;400,000;-200,000;124,076;39,483;0,0000;4,8991;-2,9247;-1,9745;0,0000;0,0000;-0,0000;-101,8593;60,3333;41,5261;-0,0000;0,0000;10;0
2,9451;-9,2235;-200,5563;91,4082;19,1481;-90,0000;80,7765;400,000;-200,000;124,172;37,433;0,0000;4,6380;-2,7699;-1,8681;0,0000;0,0000;-0,0000;-101,8675;60,4118;41,4557;-0,0000;-0,0000;10;0
2,9477;-9,2235;-200,5448;91,4013;19,1435;-90,0000;80,7765;400,000;-200,000;124,262;35,382;-0,0000;4,3769;-2,6150;-1,7620;-0,0000;-0,0000;-0,0000;-101,8752;60,4861;41,3891;-0,0000;-0,0000;10;0
2,9502;-9,2235;-200,5339;91,3948;19,1391;-90,0000;80,7765;400,000;-200,000;124,348;33,331;-0,0000;4,1158;-2,4598;-1,6560;-0,0000;-0,0000;0,0000;-101,8825;60,5561;41,3264;0,0000;0,0000;10;0
2,9528;-9,2235;-200,5237;91,3887;19,1350;-90,0000;80,7765;400,000;-200,000;124,428;31,281;0,0000;3,8546;-2,3045;-1,5501;0,0000;0,0000;0,0000;-101,8894;60,6218;41,2676;0,0000;0,0000;10;0
2,9553;-9,2235;-200,5141;91,3830;19,1312;-90,0000;80,7765;400,000;-200,000;124,503;29,230;0,0000;3,5935;-2,1491;-1,4444;0,0000;0,0000;-0,0000;-101,8957;60,6832;41,2126;-0,0000;0,0000;10;0
2,9579;-9,2235;-200,5053;91,3777;19,1276;-90,0000;80,7765;400,000;-200,000;124,572;27,180;0,0000;3,3323;-1,9934;-1,3388;0,0000;0,0000;-0,0000;-101,9017;60,7403;41,1614;-0,0000;0,0000;10;0
2,9605;-9,2235;-200,4970;91,3728;19,1243;-90,0000;80,7765;400,000;-200,000;124,637;25,129;0,0000;3,0711;-1,8377;-1,2334;0,0000;0,0000;-0,0000;-101,9071;60,7930;41,1141;-0,0000;-0,0000;10;0
2,9630;-9,2235;-200,4895;91,3682;19,1213;-90,0000;80,7765;400,000;-200,000;124,696;23,079;0,0000;2,8099;-1,6818;-1,1281;0,0000;0,0000;-0,0000;-101,9122;60,8415;41,0707;-0,0000;0,0000;10;0
2,9656;-9,2235;-200,4826;91,3641;19,1185;-90,0000;80,7765;400,000;-200,000;124,750;21,028;0,0000;2,5486;-1,5258;-1,0228;0,0000;0,0000;-0,0000;-101,9167;60,8857;41,0311;-0,0000;-0,0000;10;0
2,9682;-9,2235;-200,4764;91,3604;19,1160;-90,0000;80,7765;400,000;-200,000;124,799;18,978;0,0000;2,2874;-1,3697;-0,9177;0,0000;0,0000;-0,0000;-101,9209;60,9255;40,9954;-0,0000;-0,0000;10;0
2,9707;-9,2235;-200,4709;91,3571;19,1138;-90,0000;80,7765;400,000;-200,000;124,842;16,927;0,0000;2,0262;-1,2135;-0,8127;0,0000;0,0000;-0,0000;-101,9246;60,9611;40,9635;-0,0000;0,0000;10;0
2,9733;-9,2235;-200,4661;91,3542;19,1119;-90,0000;80,7765;400,000;-200,000;124,880;14,877;0,0000;1,7649;-1,0572;-0,7077;0,0000;0,0000;-0,0000;-101,9278;60,9923;40,9355;-0,0000;-0,0000;10;0
2,9759;-9,2235;-200,4619;91,3517;19,1102;-90,0000;80,7765;400,000;-200,000;124,913;12,826;0,0000;1,5036;-0,9008;-0,6028;0,0000;0,0000;-0,0000;-101,9306;61,0192;40,9113;-0,0000;-0,0000;10;0
2,9784;-9,2235;-200,4584;91,3496;19,1088;-90,0000;80,7765;400,000;-200,000;124,941;10,775;0,0000;1,2424;-0,7444;-0,4980;0,0000;0,0000;-0,0000;-101,9329;61,0419;40,8911;-0,0000;-0,0000;10;0
2,9810;-9,2235;-200,4555;91,3479;19,1076;-90,0000;80,7765;400,000;-200,000;124,963;8,725;0,0000;0,9811;-0,5879;-0,3932;0,0000;0,0000;-0,0000;-101,9348;61,0602;40,8746;-0,0000;-0,0000;10;0
2,9835;-9,2235;-200,4533;91,3466;19,1068;-90,0000;80,7765;400,000;-200,000;124,980;6,674;0,0000;0,7198;-0,4314;-0,2885;0,0000;0,0000;0,0000;-101,9363;61,0745;40,8618;-0,0000;0,0000;10;0
2,9861;-9,2235;-200,4518;91,3457;19,1062;-90,0000;80,7765;400,000;-200,000;124,992;4,624;0,0000;0,4585;-0,2748;-0,1837;0,0000;0,0000;0,7957;-101,2962;61,1347;40,1615;-0,0000;0,7957;10;0
2,9887;-9,2235;-200,4510;91,3452;19,1058;-90,0000;80,7765;400,000;-200,000;124,999;2,573;0,0041;0,2005;-0,1180;-0,0826;-0,0000;0,0041;20,5374;-85,3905;62,4006;22,9899;-0,0000;20,5374;10;0
2,9912;-9,2234;-200,4508;91,3451;19,1057;-90,0000;80,7766;400,000;-200,000;125,000;0,588;0,1053;0,0208;0,0451;-0,0659;-0,0000;0,1053;65,1851;-49,4175;65,2537;-15,8361;0,0000;65,1851;11;0
2,9938;-9,2229;-200,4509;91,3454;19,1055;-90,0000;80,7771;400,000;-199,996;125,000;1,528;0,3382;-0,0528;0,2166;-0,1638;0,0000;0,3382;98,4386;-22,6248;67,3737;-44,7488;-0,0000;98,4386;11;0
2,9964;-9,2217;-200,4511;91,3462;19,1049;-90,0000;80,7783;400,000;-199,987;125,000;3,578;0,6099;-0,0952;0,3905;-0,2953;-0,0000;0,6099;105,9943;-16,5386;67,8469;-51,3110;0,0045;105,9973;11;0
2,9989;-9,2198;-200,4514;91,3474;19,1040;-90,0000;80,7802;400,000;-199,972;125,000;5,629;0,8816;-0,1376;0,5644;-0,4268;0,0000;0,8816;106,0000;-16,5331;67,8331;-51,3001;0,0001;106,0001;11;0
3,0015;-9,2172;-200,4518;91,3491;19,1027;-90,0000;80,7828;400,000;-199,953;125,000;7,679;1,1533;-0,1799;0,7382;-0,5583;0,0000;1,1533;106,0072;-16,5251;67,8140;-51,2836;-0,0089;106,0013;11;0
3,0040;-9,2139;-200,4523;91,3512;19,1011;-90,0000;80,7861;400,000;-199,928;125,000;9,730;1,4250;-0,2223;0,9120;-0,6897;-0,0000;1,4250;106,0209;-16,5173;67,7898;-51,2724;-0,0000;106,0210;11;0
3,0066;-9,2099;-200,4529;91,3537;19,0992;-90,0000;80,7901;400,000;-199,898;125,000;11,781;1,6968;-0,2646;1,0857;-0,8211;0,0000;1,6968;106,0346;-16,5066;67,7603;-51,2536;-0,0020;106,0268;11;0
3,0092;-9,2052;-200,4536;91,3567;19,0969;-90,0000;80,7948;400,000;-199,862;125,000;13,831;1,9686;-0,3069;1,2594;-0,9524;-0,0000;1,9686;106,0517;-16,4942;67,7262;-51,2320;-0,0001;106,0515;11;0
3,0117;-9,1998;-200,4545;91,3602;19,0943;-90,0000;80,8002;400,000;-199,821;125,000;15,882;2,2405;-0,3492;1,4329;-1,0837;-0,0000;2,2405;106,0737;-16,4810;67,6870;-51,2116;0,0130;106,0953;11;0
3,0143;-9,1937;-200,4554;91,3641;19,0913;-90,0000;80,8063;400,000;-199,775;125,000;17,932;2,5124;-0,3914;1,6064;-1,2150;0,0000;2,5124;106,0922;-16,4637;67,6422;-51,1786;0,0001;106,0925;11;0
3,0169;-9,1869;-200,4565;91,3684;19,0881;-90,0000;80,8131;400,000;-199,724;125,000;19,983;2,7843;-0,4336;1,7797;-1,3461;0,0000;2,7843;106,1146;-16,4451;67,5925;-51,1446;-0,0065;106,1039;11;0
3,0194;-9,1794;-200,4576;91,3732;19,0844;-90,0000;80,8206;400,000;-199,668;125,000;22,033;3,0564;-0,4757;1,9529;-1,4772;-0,0000;3,0564;106,1425;-16,4258;67,5379;-51,1121;-0,0001;106,1425;11;0
3,0220;-9,1712;-200,4589;91,3784;19,0805;-90,0000;80,8288;400,000;-199,606;125,000;24,084;3,3285;-0,5178;2,1259;-1,6081;0,0000;3,3285;106,1714;-16,4041;67,4781;-51,0740;0,0000;106,1714;11;0
3,0246;-9,1624;-200,4603;91,3841;19,0762;-90,0000;80,8376;400,000;-199,539;125,000;26,134;3,6006;-0,5598;2,2988;-1,7390;0,0000;3,6006;106,2026;-16,3805;67,4132;-51,0326;-0,0002;106,2023;11;0
3,0271;-9,1528;-200,4618;91,3902;19,0716;-90,0000;80,8472;400,000;-199,467;125,000;28,185;3,8729;-0,6017;2,4715;-1,8697;-0,0000;3,8729;106,2365;-16,3552;67,3433;-50,9880;0,0003;106,2367;11;0
3,0297;-9,1425;-200,4634;91,3968;19,0666;-90,0000;80,8575;400,000;-199,389;125,000;30,235;4,1452;-0,6436;2,6440;-2,0004;0,0000;4,1452;106,2726;-16,3280;67,2682;-50,9403;0,0001;106,2728;11;0
3,0322;-9,1315;-200,4651;91,4038;19,0613;-90,0000;80,8685;400,000;-199,306;125,000;32,286;4,4177;-0,6855;2,8163;-2,1309;0,0000;4,4177;106,3110;-16,2990;67,1879;-50,8893;-0,0005;106,3105;11;0
3,0348;-9,1199;-200,4669;91,4112;19,0557;-90,0000;80,8801;400,000;-199,218;125,000;34,336;4,6902;-0,7272;2,9884;-2,2612;-0,0000;4,6902;106,3522;-16,2680;67,1028;-50,8347;-0,0000;106,3522;11;0
3,0374;-9,1075;-200,4688;91,4191;19,0497;-90,0000;80,8925;400,000;-199,125;125,000;36,387;4,9629;-0,7688;3,1603;-2,3915;-0,0000;4,9629;106,3957;-16,2353;67,0125;-50,7769;0,0006;106,3965;11;0
3,0399;-9,0944;-200,4708;91,4274;19,0434;-90,0000;80,9056;400,000;-199,027;125,000;38,438;5,2357;-0,8104;3,3320;-2,5215;0,0000;5,2357;106,4415;-16,2008;66,9170;-50,7161;0,0000;106,4415;11;0
3,0425;-9,0806;-200,4730;91,4362;19,0368;-90,0000;80,9194;400,000;-198,923;125,000;40,488;5,5085;-0,8519;3,5034;-2,6515;-0,0000;5,5085;106,4897;-16,1645;66,8163;-50,6522;-0,0003;106,4893;11;0
3,0451;-9,0662;-200,4752;91,4454;19,0298;-90,0000;80,9338;400,000;-198,814;125,000;42,539;5,7816;-0,8933;3,6745;-2,7812;0,0000;5,7816;106,5404;-16,1263;66,7108;-50,5844;0,0000;106,5404;11;0
3,0476;-9,0510;-200,4775;91,4550;19,0225;-90,0000;80,9490;400,000;-198,700;125,000;44,589;6,0547;-0,9346;3,8453;-2,9108;0,0000;6,0547;106,5934;-16,0863;66,6001;-50,5134;-0,0004;106,5926;11;0
3,0502;-9,0351;-200,4800;91,4651;19,0149;-90,0000;80,9649;400,000;-198,580;125,000;46,640;6,3280;-0,9757;4,0159;-3,0402;-0,0000;6,3280;106,6497;-16,0435;66,4859;-50,4347;0,0030;106,6491;11;0
3,0527;-9,0186;-200,4826;91,4756;19,0070;-90,0000;80,9814;400,000;-198,455;125,000;48,690;6,6014;-1,0168;4,1862;-3,1693;0,0000;6,6014;106,7069;-16,0010;66,3633;-50,3624;0,0004;106,7075;11;0
3,0553;-9,0013;-200,4852;91,4865;18,9987;-90,0000;80,9987;400,000;-198,325;125,000;50,741;6,8750;-1,0578;4,3561;-3,2983;0,0000;6,8750;106,7658;-15,9577;66,2339;-50,2916;-0,0056;106,7657;11;0
3,0579;-8,9833;-200,4880;91,4979;18,9900;-90,0000;81,0167;400,000;-198,190;125,000;52,791;7,1487;-1,0986;4,5257;-3,4271;-0,0000;7,1487;106,8297;-15,9084;66,1061;-50,1977;-0,0000;106,8297;11;0
3,0604;-8,9647;-200,4908;91,5097;18,9811;-90,0000;81,0353;400,000;-198,049;125,000;54,842;7,4227;-1,1393;4,6950;-3,5557;0,0000;7,4227;106,8952;-15,8583;65,9716;-50,1053;0,0022;106,8971;11;0
3,0630;-8,9453;-200,4938;91,5220;18,9718;-90,0000;81,0547;400,000;-197,903;125,000;56,892;7,6967;-1,1799;4,8639;-3,6840;-0,0000;7,6967;106,9608;-15,8109;65,8251;-50,0304;-0,0056;106,9593;11;0
3,0656;-8,9252;-200,4969;91,5347;18,9622;-90,0000;81,0748;400,000;-197,752;125,000;58,943;7,9710;-1,2204;5,0324;-3,8121;-0,0000;7,9710;107,0319;-15,7562;65,6822;-49,9262;0,0004;107,0306;11;0
3,0681;-8,9044;-200,5001;91,5478;18,9523;-90,0000;81,0956;400,000;-197,596;125,000;60,994;8,2454;-1,2607;5,2006;-3,9399;-0,0000;8,2454;107,1078;-15,6978;65,5378;-49,8095;0,0169;107,1025;11;0
3,0707;-8,8829;-200,5034;91,5613;18,9420;-90,0000;81,1171;400,000;-197,434;125,000;63,044;8,5200;-1,3009;5,3684;-4,0675;0,0001;8,5200;107,1783;-15,6458;65,3741;-49,7283;0,0000;107,1782;11;0
3,0733;-8,8607;-200,5067;91,5753;18,9314;-90,0000;81,1393;400,000;-197,268;125,000;65,094;8,7948;-1,3409;5,5357;-4,1949;0,0000;8,7948;107,2513;-15,5888;65,2091;-49,6292;-0,0160;107,2677;11;0
3,0758;-8,8378;-200,5102;91,5897;18,9205;-90,0000;81,1622;400,000;-197,095;125,000;67,145;9,0699;-1,3808;5,7027;-4,3219;-0,0000;9,0699;107,3341;-15,5283;65,0455;-49,5172;-0,0000;107,3341;11;0
3,0784;-8,8142;-200,5138;91,6046;18,9093;-90,0000;81,1858;400,000;-196,918;125,000;69,196;9,3451;-1,4205;5,8692;-4,4487;0,0000;9,3451;107,4164;-15,4683;64,8723;-49,4130;0,0043;107,4052;11;0
3,0809;-8,7899;-200,5175;91,6198;18,8977;-90,0000;81,2101;400,000;-196,736;125,000;71,246;9,6205;-1,4601;6,0352;-4,5752;-0,0000;9,6205;107,4991;-15,4038;64,6965;-49,2927;0,0000;107,4991;11;0
3,0835;-8,7649;-200,5213;91,6355;18,8858;-90,0000;81,2351;400,000;-196,548;125,000;73,297;9,8962;-1,4995;6,2008;-4,7014;0,0000;9,8962;107,5849;-15,3383;64,5150;-49,1728;-0,0006;107,5872;11;0
3,0861;-8,7392;-200,5252;91,6516;18,8736;-90,0000;81,2608;400,000;-196,355;125,000;75,347;10,1720;-1,5387;6,3660;-4,8273;-0,0000;10,1720;107,6733;-15,2723;64,3271;-49,0548;-0,0000;107,6733;11;0
3,0886;-8,7128;-200,5292;91,6681;18,8611;-90,0000;81,2872;400,000;-196,156;125,000;77,398;10,4481;-1,5777;6,5306;-4,9529;-0,0000;10,4481;107,7641;-15,2040;64,1347;-48,9310;0,0009;107,7635;11;0
3,0912;-8,6856;-200,5333;91,6851;18,8482;-90,0000;81,3144;400,000;-195,952;125,000;79,448;10,7245;-1,6166;6,6948;-5,0781;0,0000;10,7245;107,8572;-15,1341;63,9373;-48,8042;0,0024;107,8589;11;0
3,0938;-8,6578;-200,5375;91,7024;18,8350;-90,0000;81,3422;400,000;-195,744;125,000;81,499;11,0010;-1,6553;6,8584;-5,2031;0,0000;11,0011;107,9517;-15,0621;63,7346;-48,6725;-0,0000;107,9517;11;0
3,0963;-8,6292;-200,5418;91,7202;18,8215;-90,0000;81,3708;400,000;-195,529;125,000;83,549;11,2779;-1,6938;7,0215;-5,3276;0,0000;11,2779;108,0477;-14,9884;63,5265;-48,5375;-0,0056;108,0448;11;0
3,0989;-8,6000;-200,5462;91,7384;18,8077;-90,0000;81,4000;400,000;-195,310;125,000;85,600;11,5549;-1,7322;7,1840;-5,4519;-0,0000;11,5549;108,1485;-14,9134;63,3141;-48,4007;-0,0000;108,1485;11;0
3,1014;-8,5700;-200,5506;91,7571;18,7936;-90,0000;81,4300;400,000;-195,085;125,000;87,651;11,8323;-1,7703;7,3460;-5,5758;-0,0000;11,8323;108,2510;-14,8363;63,0969;-48,2584;0,0036;108,2514;11;0
3,1040;-8,5393;-200,5552;91,7761;18,7791;-90,0000;81,4607;400,000;-194,855;125,000;89,701;12,1099;-1,8082;7,5075;-5,6993;0,0000;12,1099;108,3541;-14,7580;62,8731;-48,1151;0,0000;108,3541;11;0
3,1066;-8,5079;-200,5599;91,7955;18,7644;-90,0000;81,4921;400,000;-194,620;125,000;91,752;12,3877;-1,8460;7,6684;-5,8224;-0,0000;12,3877;108,4602;-14,6780;62,6446;-47,9684;-0,0003;108,4612;11;0
3,1091;-8,4758;-200,5647;91,8154;18,7493;-90,0000;81,5242;400,000;-194,380;125,000;93,802;12,6659;-1,8835;7,8286;-5,9452;0,0000;12,6659;108,5690;-14,5960;62,4116;-47,8170;0,0021;108,5667;11;0
3,1117;-8,4430;-200,5696;91,8357;18,7339;-90,0000;81,5570;400,000;-194,134;125,000;95,853;12,9443;-1,9208;7,9883;-6,0675;0,0000;12,9443;108,6789;-14,5122;62,1732;-47,6609;-0,0002;108,6787;11;0
3,1143;-8,4095;-200,5745;91,8564;18,7182;-90,0000;81,5905;400,000;-193,883;125,000;97,903;13,2230;-1,9579;8,1474;-6,1895;0,0000;13,2230;108,7907;-14,4263;61,9299;-47,5000;-0,0038;108,7962;11;0
3,1168;-8,3752;-200,5796;91,8774;18,7022;-90,0000;81,6248;400,000;-193,627;125,000;99,954;13,5020;-1,9947;8,3058;-6,3110;-0,0000;13,5020;108,9063;-14,3400;61,6810;-47,3409;-0,0000;108,9063;11;0
3,1194;-8,3403;-200,5848;91,8989;18,6858;-90,0000;81,6597;400,000;-193,366;125,000;102,004;13,7813;-2,0314;8,4636;-6,4322;0,0000;13,7813;109,0235;-14,2519;61,4268;-47,1778;0,0016;109,0192;11;0
3,1220;-8,3046;-200,5900;91,9208;18,6692;-90,0000;81,6954;400,000;-193,099;125,000;104,055;14,0609;-2,0678;8,6207;-6,5529;-0,0000;14,0609;109,1421;-14,1613;61,1682;-47,0069;0,0000;109,1421;11;0
3,1245;-8,2682;-200,5954;91,9431;18,6522;-90,0000;81,7318;400,000;-192,827;125,000;106,105;14,3408;-2,1040;8,7771;-6,6732;0,0000;14,3408;109,2631;-14,0693;60,9043;-46,8340;-0,0003;109,2643;11;0
3,1271;-8,2311;-200,6008;91,9658;18,6350;-90,0000;81,7689;400,000;-192,550;125,000;108,156;14,6210;-2,1399;8,9329;-6,7930;-0,0000;14,6210;109,3863;-13,9760;60,6349;-46,6589;-0,0000;109,3863;11;0
3,1296;-8,1932;-200,6063;91,9889;18,6174;-90,0000;81,8068;400,000;-192,267;125,000;110,207;14,9016;-2,1756;9,0880;-6,9123;-0,0000;14,9016;109,5115;-13,8810;60,3606;-46,4796;0,0004;109,5114;11;0
3,1322;-8,1547;-200,6120;92,0124;18,5995;-90,0000;81,8453;400,000;-191,979;125,000;112,257;15,1824;-2,2111;9,2423;-7,0312;0,0000;15,1824;109,6386;-13,7844;60,0810;-46,2967;-0,0000;109,6386;11;0
3,1348;-8,1154;-200,6177;92,0363;18,5814;-90,0000;81,8846;400,000;-191,686;125,000;114,308;15,4636;-2,2463;9,3960;-7,1497;-0,0000;15,4636;109,7682;-13,6865;59,7962;-46,1116;0,0015;109,7706;11;0
3,1373;-8,0754;-200,6235;92,0606;18,5629;-90,0000;81,9246;400,000;-191,388;125,000;116,358;15,7451;-2,2812;9,5489;-7,2676;0,0000;15,7451;109,8991;-13,5864;59,5066;-45,9202;0,0000;109,8991;11;0
3,1399;-8,0347;-200,6294;92,0853;18,5441;-90,0000;81,9653;400,000;-191,085;125,000;118,409;16,0270;-2,3159;9,7010;-7,3851;0,0000;16,0270;110,0308;-13,4847;59,2112;-45,7255;-0,0062;110,0273;11;0
3,1425;-7,9932;-200,6354;92,1103;18,5250;-90,0000;82,0068;400,000;-190,776;125,000;120,459;16,3092;-2,3504;9,8524;-7,5020;-0,0000;16,3092;110,1674;-13,3821;58,9116;-45,5295;-0,0000;110,1674;11;0
3,1450;-7,9511;-200,6414;92,1358;18,5057;-90,0000;82,0489;400,000;-190,462;125,000;122,510;16,5917;-2,3845;10,0030;-7,6185;-0,0000;16,5917;110,3064;-13,2773;58,6077;-45,3270;0,0079;110,3061;11;0
3,1476;-7,9082;-200,6476;92,1616;18,4860;-90,0000;82,0918;400,000;-190,143;125,000;124,560;16,8746;-2,4184;10,1528;-7,7344;0,0000;16,8746;110,4436;-13,1716;58,2959;-45,1243;0,0000;110,4436;11;0
3,1501;-7,8646;-200,6538;92,1878;18,4660;-90,0000;82,1354;400,000;-189,818;125,000;126,611;17,1579;-2,4521;10,3019;-7,8498;-0,0000;17,1579;110,5841;-13,0646;57,9795;-44,9186;-0,0016;110,5884;11;0
3,1527;-7,8202;-200,6601;92,2144;18,4457;-90,0000;82,1798;400,000;-189,488;125,000;128,661;17,4415;-2,4854;10,4501;-7,9647;0,0000;17,4416;110,7273;-12,9550;57,6596;-44,7046;0,0000;110,7273;11;0
3,1553;-7,7752;-200,6666;92,2414;18,4252;-90,0000;82,2248;400,000;-189,153;125,000;130,712;17,7255;-2,5185;10,5974;-8,0790;0,0000;17,7255;110,8707;-12,8445;57,3328;-44,4898;-0,0057;110,8658;11;0
3,1578;-7,7294;-200,6731;92,2687;18,4043;-90,0000;82,2706;400,000;-188,813;125,000;132,763;18,0099;-2,5512;10,7440;-8,1927;-0,0000;18,0099;111,0185;-12,7324;57,0025;-44,2702;-0,0000;111,0185;11;0
3,1604;-7,6828;-200,6796;92,2965;18,3832;-90,0000;82,3172;400,000;-188,467;125,000;134,813;18,2947;-2,5837;10,8897;-8,3059;-0,0000;18,2947;111,1683;-12,6179;56,6681;-44,0433;0,0060;111,1634;11;0
3,1630;-7,6356;-200,6863;92,3246;18,3617;-90,0000;82,3644;400,000;-188,117;125,000;136,864;18,5798;-2,6159;11,0345;-8,4185;0,0000;18,5798;111,3170;-12,5038;56,3248;-43,8210;0,0000;111,3170;11;0
3,1655;-7,5876;-200,6930;92,3530;18,3400;-90,0000;82,4124;400,000;-187,761;125,000;138,914;18,8653;-2,6478;11,1784;-8,5306;0,0000;18,8653;111,4682;-12,3883;55,9766;-43,5954;-0,0029;111,4811;11;0
3,1681;-7,5389;-200,6999;92,3819;18,3180;-90,0000;82,4611;400,000;-187,399;125,000;140,965;19,1512;-2,6794;11,3214;-8,6420;-0,0000;19,1512;111,6225;-12,2693;55,6263;-43,3570;-0,0000;111,6225;11;0
3,1707;-7,4894;-200,7068;92,4111;18,2957;-90,0000;82,5106;400,000;-187,033;125,000;143,015;19,4375;-2,7107;11,4636;-8,7528;-0,0000;19,4375;111,7785;-12,1492;55,2705;-43,1160;0,0027;111,7696;11;0
3,1732;-7,4392;-200,7138;92,4406;18,2731;-90,0000;82,5608;400,000;-186,661;125,000;145,066;19,7242;-2,7417;11,6048;-8,8630;0,0000;19,7242;111,9349;-12,0292;54,9071;-42,8779;0,0000;111,9349;11;0
3,1758;-7,3883;-200,7208;92,4706;18,2503;-90,0000;82,6117;400,000;-186,284;125,000;147,116;20,0113;-2,7724;11,7450;-8,9726;-0,0000;20,0113;112,0932;-11,9072;54,5391;-42,6341;-0,0018;112,0988;11;0
3,1783;-7,3366;-200,7280;92,5008;18,2271;-90,0000;82,6634;400,000;-185,901;125,000;149,167;20,2989;-2,8028;11,8844;-9,0816;-0,0000;20,2989;112,2544;-11,7834;54,1670;-42,3842;0,0014;112,2568;11;0
3,1809;-7,2842;-200,7352;92,5315;18,2037;-90,0000;82,7158;400,000;-185,514;125,000;151,217;20,5868;-2,8328;12,0227;-9,1899;0,0000;20,5868;112,4160;-11,6583;53,7891;-42,1309;0,0001;112,4133;11;0
3,1835;-7,2311;-200,7425;92,5625;18,1800;-90,0000;82,7689;400,000;-185,121;125,000;153,268;20,8751;-2,8625;12,1601;-9,2976;0,0000;20,8751;112,5789;-11,5316;53,4060;-41,8732;-0,0028;112,5742;11;0
3,1860;-7,1772;-200,7499;92,5938;18,1561;-90,0000;82,8228;400,000;-184,723;125,000;155,319;21,1639;-2,8919;12,2965;-9,4046;-0,0000;21,1639;112,7447;-11,4041;53,0178;-41,6137;-0,0000;112,7447;11;0
3,1886;-7,1226;-200,7573;92,6255;18,1318;-90,0000;82,8774;400,000;-184,320;125,000;157,369;21,4531;-2,9210;12,4319;-9,5109;-0,0000;21,4531;112,9115;-11,2751;52,6241;-41,3500;0,0007;112,9152;11;0
3,1912;-7,0672;-200,7649;92,6575;18,1073;-90,0000;82,9328;400,000;-183,911;125,000;159,420;21,7427;-2,9497;12,5663;-9,6165;-0,0000;21,7428;113,0795;-11,1445;52,2255;-41,0810;0,0000;113,0795;11;0
3,1937;-7,0111;-200,7725;92,6899;18,0825;-90,0000;82,9889;400,000;-183,497;125,000;161,470;22,0328;-2,9781;12,6996;-9,7215;-0,0000;22,0328;113,2494;-11,0124;51,8218;-40,8078;0,0009;113,2465;11;0
3,1963;-6,9543;-200,7801;92,7226;18,0575;-90,0000;83,0457;400,000;-183,078;125,000;163,521;22,3233;-3,0062;12,8319;-9,8257;0,0000;22,3233;113,4202;-10,8795;51,4122;-40,5327;-0,0000;113,4202;11;0
3,1988;-6,8967;-200,7879;92,7557;18,0322;-90,0000;83,1033;400,000;-182,654;125,000;165,571;22,6142;-3,0339;12,9632;-9,9293;-0,0000;22,6142;113,5927;-10,7454;50,9973;-40,2541;0,0002;113,5945;11;0
3,2014;-6,8384;-200,7957;92,7891;18,0066;-90,0000;83,1616;400,000;-182,224;125,000;167,622;22,9056;-3,0613;13,0933;-10,0321;0,0000;22,9056;113,7668;-10,6095;50,5779;-39,9690;0,0011;113,7686;11;0
3,2040;-6,7793;-200,8036;92,8228;17,9807;-90,0000;83,2207;400,000;-181,789;125,000;169,672;23,1974;-3,0883;13,2224;-10,1342;0,0000;23,1975;113,9416;-10,4722;50,1530;-39,6799;-0,0005;113,9414;11;0
3,2065;-6,7194;-200,8115;92,8569;17,9546;-90,0000;83,2806;400,000;-181,349;125,000;171,723;23,4897;-3,1149;13,3504;-10,2355;0,0000;23,4897;114,1174;-10,3343;49,7220;-39,3892;-0,0034;114,1142;11;0
3,2091;-6,6589;-200,8195;92,8913;17,9283;-90,0000;83,3411;400,000;-180,903;125,000;173,773;23,7825;-3,1413;13,4773;-10,3361;-0,0000;23,7824;114,2960;-10,1946;49,2870;-39,0924;-0,0000;114,2960;11;0
3,2117;-6,5975;-200,8276;92,9260;17,9016;-90,0000;83,4025;400,000;-180,453;125,000;175,824;24,0756;-3,1672;13,6031;-10,4359;-0,0000;24,0756;114,4756;-10,0532;48,8473;-38,7891;0,0025;114,4739;11;0
3,2142;-6,5354;-200,8358;92,9610;17,8748;-90,0000;83,4646;400,000;-179,997;125,000;177,874;24,3693;-3,1928;13,7277;-10,5349;0,0000;24,3693;114,6552;-9,9119;48,4000;-38,4881;0,0000;114,6552;11;0
3,2168;-6,4726;-200,8440;92,9963;17,8476;-90,0000;83,5274;400,000;-179,536;125,000;179,925;24,6634;-3,2180;13,8512;-10,6332;-0,0000;24,6634;114,8367;-9,7693;47,9480;-38,1823;0,0009;114,8423;11;0
3,2194;-6,4090;-200,8523;93,0320;17,8203;-90,0000;83,5910;400,000;-179,069;125,000;181,976;24,9580;-3,2429;13,9735;-10,7307;0,0000;24,9580;115,0190;-9,6243;47,4918;-37,8674;-0,0000;115,0190;11;0
3,2219;-6,3447;-200,8606;93,0680;17,7926;-90,0000;83,6553;400,000;-178,597;125,000;184,026;25,2530;-3,2674;14,0947;-10,8273;-0,0000;25,2530;115,2023;-9,4787;47,0296;-37,5505;-0,0014;115,2003;11;0
3,2245;-6,2796;-200,8690;93,1043;17,7647;-90,0000;83,7204;400,000;-178,121;125,000;186,077;25,5486;-3,2915;14,2146;-10,9232;-0,0000;25,5486;115,3872;-9,3321;46,5623;-37,2302;0,0000;115,3872;11;0
3,2270;-6,2137;-200,8775;93,1408;17,7366;-90,0000;83,7863;400,000;-177,638;125,000;188,127;25,8446;-3,3152;14,3334;-11,0182;-0,0000;25,8446;115,5731;-9,1842;46,0897;-36,9051;0,0008;115,5718;11;0
3,2296;-6,1471;-200,8860;93,1777;17,7083;-90,0000;83,8529;400,000;-177,151;125,000;190,178;26,1410;-3,3385;14,4509;-11,1124;0,0000;26,1410;115,7595;-9,0352;45,6115;-36,5763;-0,0000;115,7595;11;0
3,2322;-6,0797;-200,8946;93,2149;17,6797;-90,0000;83,9203;400,000;-176,658;125,000;192,228;26,4380;-3,3615;14,5672;-11,2057;-0,0000;26,4380;115,9471;-8,8852;45,1279;-36,2436;0,0001;115,9486;11;0
3,2347;-6,0115;-200,9032;93,2524;17,6508;-90,0000;83,9885;400,000;-176,160;125,000;194,279;26,7354;-3,3841;14,6823;-11,2982;0,0000;26,7354;116,1355;-8,7338;44,6393;-35,9054;0,0000;116,1355;11;0
3,2373;-5,9426;-200,9119;93,2902;17,6217;-90,0000;84,0574;400,000;-175,657;125,000;196,329;27,0333;-3,4063;14,7960;-11,3898;0,0000;27,0333;116,3244;-8,5815;44,1451;-35,5634;-0,0012;116,3227;11;0
3,2399;-5,8730;-200,9207;93,3283;17,5924;-90,0000;84,1270;400,000;-175,148;125,000;198,380;27,3317;-3,4281;14,9086;-11,4805;-0,0000;27,3317;116,5148;-8,4281;43,6456;-35,2175;-0,0000;116,5148;11;0
3,2424;-5,8025;-200,9295;93,3666;17,5629;-90,0000;84,1975;400,000;-174,635;125,000;200,430;27,6306;-3,4495;15,0198;-11,5703;-0,0000;27,6306;116,7058;-8,2735;43,1410;-34,8665;0,0008;116,7064;11;0
3,2450;-5,7313;-200,9384;93,4053;17,5331;-90,0000;84,2687;400,000;-174,116;125,000;202,481;27,9300;-3,4705;15,1297;-11,6592;0,0000;27,9300;116,8971;-8,1182;42,6305;-34,5123;-0,0000;116,8971;11;0
3,2475;-5,6593;-200,9473;93,4442;17,5031;-90,0000;84,3407;400,000;-173,591;125,000;204,532;28,2299;-3,4911;15,2383;-11,7472;-0,0000;28,2299;117,0894;-7,9618;42,1147;-34,1537;0,0002;117,0896;11;0
3,2501;-5,5866;-200,9563;93,4834;17,4729;-90,0000;84,4134;400,000;-173,062;125,000;206,582;28,5303;-3,5113;15,3456;-11,8343;0,0000;28,5303;117,2821;-7,8041;41,5937;-33,7896;0,0000;117,2821;11;0
3,2527;-5,5131;-200,9653;93,5228;17,4425;-90,0000;84,4869;400,000;-172,527;125,000;208,633;28,8311;-3,5311;15,4515;-11,9204;0,0000;28,8311;117,4754;-7,6456;41,0672;-33,4217;-0,0003;117,4753;11;0
3,2552;-5,4388;-200,9744;93,5626;17,4118;-90,0000;84,5612;400,000;-171,987;125,000;210,683;29,1325;-3,5505;15,5561;-12,0056;-0,0000;29,1325;117,6693;-7,4860;40,5353;-33,0492;0,0000;117,6693;11;0
3,2578;-5,3637;-200,9835;93,6026;17,3809;-90,0000;84,6363;400,000;-171,442;125,000;212,734;29,4343;-3,5695;15,6593;-12,0899;0,0000;29,4343;117,8636;-7,3255;39,9979;-32,6723;-0,0000;117,8637;11;0
3,2604;-5,2879;-200,9927;93,6429;17,3498;-90,0000;84,7121;400,000;-170,891;125,000;214,784;29,7367;-3,5881;15,7612;-12,1731;-0,0000;29,7367;118,0586;-7,1639;39,4555;-32,2899;0,0009;118,0586;11;0
3,2629;-5,2113;-201,0019;93,6834;17,3185;-90,0000;84,7887;400,000;-170,336;125,000;216,835;30,0395;-3,6062;15,8616;-12,2554;0,0000;30,0395;118,2535;-7,0018;38,9068;-31,9051;0,0000;118,2535;11;0
3,2655;-5,1339;-201,0112;93,7242;17,2870;-90,0000;84,8661;400,000;-169,775;125,000;218,885;30,3429;-3,6240;15,9606;-12,3367;0,0000;30,3429;118,4486;-6,8390;38,3523;-31,5170;-0,0013;118,4482;11;0
3,2681;-5,0557;-201,0205;93,7652;17,2553;-90,0000;84,9443;400,000;-169,208;125,000;220,936;30,6467;-3,6413;16,0582;-12,4170;-0,0000;30,6467;118,6446;-6,6743;37,7939;-31,1196;0,0000;118,6446;11;0
3,2706;-4,9768;-201,0298;93,8065;17,2233;-90,0000;85,0232;400,000;-168,637;125,000;222,986;30,9511;-3,6582;16,1544;-12,4962;0,0000;30,9511;118,8404;-6,5089;37,2295;-30,7184;-0,0001;118,8412;11;0
3,2732;-4,8971;-201,0392;93,8480;17,1912;-90,0000;85,1029;400,000;-168,060;125,000;225,037;31,2560;-3,6746;16,2491;-12,5744;-0,0000;31,2560;119,0364;-6,3433;36,6589;-30,3156;-0,0000;119,0364;11;0
3,2757;-4,8166;-201,0487;93,8898;17,1589;-90,0000;85,1834;400,000;-167,478;125,000;227,088;31,5613;-3,6907;16,3423;-12,6516;-0,0000;31,5613;119,2326;-6,1766;36,0832;-29,9068;0,0005;119,2322;11;0
3,2783;-4,7353;-201,0581;93,9318;17,1263;-90,0000;85,2647;400,000;-166,891;125,000;229,138;31,8672;-3,7063;16,4340;-12,7277;0,0000;31,8672;119,4286;-6,0089;35,5019;-29,4930;0,0000;119,4286;11;0
3,2809;-4,6532;-201,0677;93,9740;17,0936;-90,0000;85,3468;400,000;-166,298;125,000;231,189;32,1736;-3,7215;16,5243;-12,8028;0,0000;32,1736;119,6250;-5,8407;34,9151;-29,0753;0,0015;119,6250;11;0
3,2834;-4,5703;-201,0772;94,0165;17,0607;-90,0000;85,4297;400,000;-165,700;125,000;233,239;32,4804;-3,7362;16,6130;-12,8768;0,0000;32,4804;119,8206;-5,6713;34,3228;-28,6515;-0,0000;119,8206;11;0
3,2860;-4,4867;-201,0868;94,0592;17,0276;-90,0000;85,5133;400,000;-165,097;125,000;235,290;32,7878;-3,7506;16,7002;-12,9497;-0,0000;32,7878;120,0158;-5,5008;33,7251;-28,2218;-0,0025;120,0152;11;0
3,2886;-4,4023;-201,0964;94,1021;16,9943;-90,0000;85,5977;400,000;-164,489;125,000;237,340;33,0957;-3,7644;16,7859;-13,0215;-0,0000;33,0957;120,2120;-5,3305;33,1214;-27,7909;0,0000;120,2120;11;0
3,2911;-4,3170;-201,1061;94,1453;16,9609;-90,0000;85,6830;400,000;-163,875;125,000;239,391;33,4041;-3,7779;16,8700;-13,0921;-0,0000;33,4041;120,4073;-5,1594;32,5120;-27,3550;0,0003;120,4085;11;0
3,2937;-4,2310;-201,1158;94,1886;16,9272;-90,0000;85,7690;400,000;-163,256;125,000;241,441;33,7129;-3,7909;16,9526;-13,1617;-0,0000;33,7129;120,6022;-4,9867;31,8977;-26,9110;0,0000;120,6022;11;0
3,2962;-4,1442;-201,1255;94,2322;16,8934;-90,0000;85,8558;400,000;-162,632;125,000;243,492;34,0223;-3,8035;17,0336;-13,2301;0,0000;34,0223;120,7969;-4,8137;31,2776;-26,4634;0,0009;120,7960;11;0
3,2988;-4,0566;-201,1353;94,2759;16,8594;-90,0000;85,9434;400,000;-162,003;125,000;245,542;34,3322;-3,8156;17,1129;-13,2974;0,0000;34,3322;120,9908;-4,6401;30,6515;-26,0114;-0,0000;120,9908;11;0
3,3014;-3,9682;-201,1451;94,3199;16,8252;-90,0000;86,0318;400,000;-161,368;125,000;247,593;34,6425;-3,8272;17,1907;-13,3634;0,0000;34,6425;121,1842;-4,4657;30,0201;-25,5540;0,0000;121,1845;11;0
3,3039;-3,8790;-201,1549;94,3640;16,7909;-90,0000;86,1210;400,000;-160,728;125,000;249,643;34,9534;-3,8385;17,2668;-13,4284;0,0000;34,9534;121,3771;-4,2908;29,3828;-25,0920;0,0000;121,3771;11;0
3,3065;-3,7890;-201,1648;94,4084;16,7564;-90,0000;86,2110;400,000;-160,083;125,000;251,694;35,2648;-3,8492;17,3413;-13,4921;0,0000;35,2648;121,5693;-4,1152;28,7400;-24,6249;0,0001;121,5699;11;0
3,3091;-3,6982;-201,1747;94,4529;16,7217;-90,0000;86,3018;400,000;-159,433;125,000;253,745;35,5766;-3,8596;17,4141;-13,5546;0,0000;35,5766;121,7606;-3,9389;28,0915;-24,1525;-0,0000;121,7606;11;0
3,3116;-3,6067;-201,1846;94,4977;16,6869;-90,0000;86,3933;400,000;-158,777;125,000;255,795;35,8890;-3,8694;17,4853;-13,6159;-0,0000;35,8890;121,9511;-3,7619;27,4374;-23,6744;-0,0003;121,9498;11;0
3,3142;-3,5143;-201,1945;94,5426;16,6519;-90,0000;86,4857;400,000;-158,116;125,000;257,846;36,2018;-3,8788;17,5548;-13,6760;-0,0000;36,2018;122,1408;-3,5846;26,7774;-23,1927;-0,0000;122,1408;11;0
3,3168;-3,4211;-201,2045;94,5877;16,6168;-90,0000;86,5789;400,000;-157,450;125,000;259,896;36,5151;-3,8878;17,6226;-13,7348;-0,0000;36,5151;122,3290;-3,4068;26,1113;-22,7059;-0,0017;122,3304;11;0
3,3193;-3,3271;-201,2144;94,6329;16,5815;-90,0000;86,6729;400,000;-156,779;125,000;261,947;36,8289;-3,8963;17,6887;-13,7924;-0,0000;36,8289;122,5170;-3,2281;25,4404;-22,2123;0,0000;122,5170;11;0
3,3219;-3,2323;-201,2244;94,6783;16,5461;-90,0000;86,7677;400,000;-156,102;125,000;263,997;37,1432;-3,9044;17,7530;-13,8487;0,0000;37,1432;122,7042;-3,0491;24,7635;-21,7146;0,0031;122,7030;11;0
3,3244;-3,1367;-201,2344;94,7239;16,5105;-90,0000;86,8633;400,000;-155,420;125,000;266,048;37,4579;-3,9119;17,8156;-13,9037;0,0000;37,4579;122,8886;-2,8694;24,0804;-21,2110;0,0000;122,8886;11;0
3,3270;-3,0403;-201,2445;94,7697;16,4748;-90,0000;86,9597;400,000;-154,733;125,000;268,098;37,7731;-3,9191;17,8764;-13,9574;0,0000;37,7731;123,0734;-2,6899;23,3915;-20,7051;0,0034;123,0734;11;0
3,3296;-2,9430;-201,2545;94,8156;16,4390;-90,0000;87,0570;400,000;-154,040;125,000;270,149;38,0888;-3,9257;17,9355;-14,0098;0,0000;38,0888;123,2550;-2,5087;22,6973;-20,1886;0,0000;123,2550;11;0
3,3321;-2,8450;-201,2646;94,8616;16,4030;-90,0000;87,1550;400,000;-153,343;125,000;272,199;38,4050;-3,9319;17,9928;-14,0609;0,0000;38,4050;123,4337;-2,3261;21,9976;-19,6632;-0,0095;123,4347;11;0
3,3347;-2,7462;-201,2747;94,9078;16,3669;-90,0000;87,2538;400,000;-152,640;125,000;274,250;38,7216;-3,9377;18,0483;-14,1106;-0,0000;38,7216;123,6154;-2,1462;21,2911;-19,1449;-0,0001;123,6156;11;0
3,3373;-2,6465;-201,2848;94,9541;16,3307;-90,0000;87,3535;400,000;-151,931;125,000;276,301;39,0387;-3,9429;18,1019;-14,1590;-0,0000;39,0387;123,7945;-1,9650;20,5789;-18,6180;0,0047;123,7939;11;0
3,3398;-2,5460;-201,2949;95,0006;16,2943;-90,0000;87,4540;400,000;-151,218;125,000;278,351;39,3562;-3,9477;18,1538;-14,2061;-0,0000;39,3562;123,9694;-1,7819;19,8614;-18,0797;0,0000;123,9693;11;0
3,3424;-2,4447;-201,3050;95,0472;16,2578;-90,0000;87,5553;400,000;-150,499;125,000;280,402;39,6742;-3,9521;18,2038;-14,2517;-0,0000;39,6742;124,1436;-1,5992;19,1378;-17,5386;0,0000;124,1436;11;0
3,3449;-2,3426;-201,3152;95,0939;16,2212;-90,0000;87,6574;400,000;-149,775;125,000;282,452;39,9926;-3,9559;18,2519;-14,2960;0,0000;39,9926;124,3161;-1,4161;18,4084;-16,9922;0,0007;124,3162;11;0
3,3475;-2,2397;-201,3253;95,1408;16,1845;-90,0000;87,7603;400,000;-149,046;125,000;284,503;40,3115;-3,9593;18,2981;-14,3388;0,0000;40,3115;124,4863;-1,2327;17,6730;-16,4403;0,0000;124,4863;11;0
3,3501;-2,1360;-201,3355;95,1877;16,1477;-90,0000;87,8640;400,000;-148,312;125,000;286,553;40,6308;-3,9622;18,3425;-14,3802;0,0000;40,6308;124,6550;-1,0489;16,9319;-15,8827;0,0018;124,6592;11;0
3,3526;-2,0314;-201,3456;95,2348;16,1108;-90,0000;87,9686;400,000;-147,572;125,000;288,604;40,9505;-3,9647;18,3849;-14,4202;0,0000;40,9505;124,8206;-0,8648;16,1845;-15,3196;0,0000;124,8206;11;0
3,3552;-1,9261;-201,3558;95,2820;16,0738;-90,0000;88,0739;400,000;-146,827;125,000;290,654;41,2707;-3,9667;18,4255;-14,4588;0,0000;41,2707;124,9830;-0,6803;15,4308;-14,7503;-0,0053;124,9744;11;0
3,3578;-1,8199;-201,3660;95,3293;16,0367;-90,0000;88,1801;400,000;-146,077;125,000;292,705;41,5912;-3,9682;18,4640;-14,4959;-0,0000;41,5912;125,1456;-0,4958;14,6722;-14,1764;-0,0002;125,1456;11;0
3,3603;-1,7129;-201,3761;95,3766;15,9995;-90,0000;88,2871;400,000;-145,321;125,000;294,755;41,9122;-3,9692;18,5007;-14,5315;-0,0000;41,9122;125,3053;-0,3110;13,9074;-13,5966;0,0029;125,3096;11;0
3,3629;-1,6050;-201,3863;95,4241;15,9622;-90,0000;88,3950;400,000;-144,560;125,000;296,806;42,2336;-3,9698;18,5353;-14,5656;0,0000;42,2336;112,8500;1,0417;7,6657;-8,7080;0,0004;112,8500;11;0
3,3655;-1,4963;-201,3965;95,4716;15,9248;-90,0000;88,5037;400,000;-143,794;125,000;298,857;42,4907;-3,9639;18,5400;-14,5761;0,0000;42,4907;71,9991;4,9854;-10,7607;5,7752;0,0000;71,9991;11;0
3,3680;-1,3872;-201,4066;95,5191;15,8875;-90,0000;88,6128;400,000;-143,025;125,000;299,997;42,6027;-3,9442;18,4802;-14,5359;0,0000;42,6027;27,8660;9,1348;-30,2588;21,1252;0,0024;27,8662;11;0
3,3706;-1,2780;-201,4167;95,5664;15,8503;-90,0000;88,7220;400,000;-142,256;125,000;300,000;42,6336;-3,9170;18,3848;-14,4678;0,0000;42,6336;11,9536;10,5884;-37,2181;26,6297;-0,0000;11,9536;11;0
3,3731;-1,1686;-201,4267;95,6134;15,8133;-90,0000;88,8314;400,000;-141,487;125,000;300,000;42,6639;-3,8899;18,2894;-14,3994;-0,0000;42,6639;11,8080;10,5600;-37,2570;26,6966;-0,0050;11,8077;11;0
3,3757;-1,0592;-201,4366;95,6601;15,7765;-90,0000;88,9408;400,000;-140,719;125,000;300,000;42,6941;-3,8629;18,1939;-14,3309;-0,0000;42,6941;11,7114;10,5272;-37,2742;26,7470;-0,0001;11,7114;11;0
3,3783;-0,9498;-201,4465;95,7067;15,7399;-90,0000;89,0502;400,000;-139,950;125,000;300,000;42,7240;-3,8360;18,0983;-14,2623;-0,0000;42,7240;11,6137;10,4945;-37,2919;26,7973;0,0025;11,6139;11;0
3,3808;-0,8402;-201,4563;95,7529;15,7034;-90,0000;89,1598;400,000;-139,181;125,000;300,000;42,7536;-3,8091;18,0027;-14,1936;0,0000;42,7536;11,5142;10,4619;-37,3101;26,8481;0,0001;11,5142;11;0
3,3834;-0,7306;-201,4660;95,7989;15,6671;-90,0000;89,2694;400,000;-138,412;125,000;300,000;42,7830;-3,7823;17,9070;-14,1247;0,0000;42,7830;11,4148;10,4294;-37,3281;26,8988;0,0000;11,4148;11;0
3,3860;-0,6209;-201,4757;95,8447;15,6310;-90,0000;89,3791;400,000;-137,643;125,000;300,000;42,8121;-3,7557;17,8113;-14,0557;0,0000;42,8121;11,3149;10,3969;-37,3462;26,9496;0,0004;11,3149;11;0
3,3885;-0,5111;-201,4853;95,8902;15,5950;-90,0000;89,4889;400,000;-136,874;125,000;300,000;42,8410;-3,7290;17,7156;-13,9865;0,0000;42,8410;11,2143;10,3645;-37,3644;26,9999;-0,0000;11,2143;11;0
3,3911;-0,4013;-201,4948;95,9355;15,5593;-90,0000;89,5987;400,000;-136,105;125,000;300,000;42,8696;-3,7025;17,6198;-13,9173;-0,0000;42,8696;11,1130;10,3324;-37,3826;27,0514;-0,0009;11,1130;11;0
3,3936;-0,2914;-201,5043;95,9806;15,5237;-90,0000;89,7086;400,000;-135,336;125,000;300,000;42,8980;-3,6761;17,5239;-13,8479;-0,0000;42,8980;11,0116;10,2999;-37,4010;27,1011;-0,0000;11,0116;11;0
3,3962;-0,1814;-201,5137;96,0254;15,4883;-90,0000;89,8186;400,000;-134,567;125,000;300,000;42,9261;-3,6497;17,4281;-13,7783;-0,0000;42,9261;10,9089;10,2674;-37,4201;27,1499;-0,0023;10,9088;11;0
3,3988;-0,0713;-201,5230;96,0699;15,4531;-90,0000;89,9287;400,000;-133,798;125,000;300,000;42,9539;-3,6234;17,3321;-13,7087;-0,0000;42,9539;10,8069;10,2357;-37,4378;27,2021;0,0000;10,8069;11;0
3,4013;0,0388;-201,5322;96,1142;15,4180;-90,0000;90,0388;400,000;-133,029;125,000;300,000;42,9815;-3,5972;17,2361;-13,6389;0,0000;42,9815;10,7051;10,2038;-37,4555;27,2532;0,0056;10,7054;11;0
3,4039;0,1490;-201,5414;96,1583;15,3831;-90,0000;90,1490;400,000;-132,260;125,000;300,000;43,0088;-3,5711;17,1401;-13,5690;0,0000;43,0088;10,6000;10,1718;-37,4749;27,3031;-0,0000;10,5999;11;0
3,4065;0,2593;-201,5505;96,2021;15,3485;-90,0000;90,2593;400,000;-131,491;125,000;300,000;43,0358;-3,5451;17,0440;-13,4989;-0,0000;43,0358;10,4950;10,1400;-37,4938;27,3537;-0,0028;10,4948;11;0
3,4090;0,3696;-201,5596;96,2456;15,3139;-90,0000;90,3696;400,000;-130,722;125,000;300,000;43,0626;-3,5192;16,9479;-13,4287;0,0000;43,0626;10,3909;10,1082;-37,5121;27,4039;0,0000;10,3909;11;0
3,4116;0,4801;-201,5686;96,2890;15,2796;-90,0000;90,4801;400,000;-129,953;125,000;300,000;43,0891;-3,4933;16,8517;-13,3584;0,0000;43,0891;10,2856;10,0765;-37,5308;27,4543;0,0000;10,2856;11;0
3,4142;0,5905;-201,5775;96,3320;15,2455;-90,0000;90,5905;400,000;-129,184;125,000;300,000;43,1153;-3,4675;16,7555;-13,2880;0,0000;43,1153;10,1798;10,0449;-37,5495;27,5047;0,0000;10,1798;11;0
3,4167;0,7011;-201,5864;96,3749;15,2115;-90,0000;90,7011;400,000;-128,415;125,000;300,000;43,1413;-3,4418;16,6592;-13,2174;0,0000;43,1413;10,0735;10,0134;-37,5683;27,5549;-0,0000;10,0735;11;0
3,4193;0,8117;-201,5951;96,4174;15,1777;-90,0000;90,8117;400,000;-127,646;125,000;300,000;43,1670;-3,4162;16,5629;-13,1467;-0,0000;43,1670;9,9667;9,9820;-37,5872;27,6051;-0,0001;9,9667;11;0
3,4218;0,9224;-201,6039;96,4598;15,1441;-90,0000;90,9224;400,000;-126,877;125,000;300,000;43,1924;-3,3906;16,4665;-13,0759;-0,0000;43,1924;9,8593;9,9507;-37,6060;27,6553;0,0000;9,8593;11;0
3,4244;1,0331;-201,6125;96,5019;15,1107;-90,0000;91,0331;400,000;-126,108;125,000;300,000;43,2175;-3,3652;16,3701;-13,0050;-0,0000;43,2175;9,7515;9,9195;-37,6249;27,7054;0,0000;9,7515;11;0
3,4270;1,1439;-201,6211;96,5437;15,0774;-90,0000;91,1439;400,000;-125,339;125,000;300,000;43,2424;-3,3398;16,2737;-12,9339;-0,0000;43,2424;9,6431;9,8883;-37,6438;27,7555;0,0000;9,6431;11;0
3,4295;1,2548;-201,6296;96,5853;15,0444;-90,0000;91,2548;400,000;-124,570;125,000;300,000;43,2669;-3,3145;16,1772;-12,8627;0,0000;43,2669;9,5342;9,8573;-37,6628;27,8055;0,0001;9,5342;11;0
3,4321;1,3657;-201,6381;96,6266;15,0115;-90,0000;91,3657;400,000;-123,802;125,000;300,000;43,2912;-3,2892;16,0806;-12,7914;0,0000;43,2912;9,4249;9,8263;-37,6818;27,8555;-0,0000;9,4249;11;0
3,4347;1,4767;-201,6465;96,6677;14,9788;-90,0000;91,4767;400,000;-123,033;125,000;300,000;43,3152;-3,2641;15,9840;-12,7199;0,0000;43,3152;9,3150;9,7955;-37,7008;27,9053;-0,0000;9,3150;11;0
3,4372;1,5878;-201,6548;96,7086;14,9463;-90,0000;91,5878;400,000;-122,264;125,000;300,000;43,3390;-3,2390;15,8873;-12,6483;0,0000;43,3390;9,2052;9,7647;-37,7195;27,9552;0,0021;9,2052;11;0
3,4398;1,6989;-201,6631;96,7492;14,9140;-90,0000;91,6989;400,000;-121,495;125,000;300,000;43,3624;-3,2140;15,7906;-12,5766;0,0000;43,3624;9,0938;9,7340;-37,7389;28,0048;-0,0000;9,0938;11;0
3,4423;1,8101;-201,6713;96,7895;14,8818;-90,0000;91,8101;400,000;-120,726;125,000;300,000;43,3856;-3,1891;15,6939;-12,5047;-0,0000;43,3856;8,9814;9,7034;-37,7585;28,0543;-0,0041;8,9814;11;0
3,4449;1,9213;-201,6795;96,8296;14,8499;-90,0000;91,9213;400,000;-119,957;125,000;300,000;43,4085;-3,1643;15,5971;-12,4328;-0,0000;43,4085;8,8707;9,6730;-37,7770;28,1040;0,0000;8,8707;11;0
3,4475;2,0326;-201,6875;96,8695;14,8181;-90,0000;92,0326;400,000;-119,188;125,000;300,000;43,4311;-3,1395;15,5002;-12,3607;0,0000;43,4311;8,7589;9,6427;-37,7959;28,1536;0,0021;8,7589;11;0
3,4500;2,1439;-201,6956;96,9091;14,7865;-90,0000;92,1439;400,000;-118,419;125,000;300,000;43,4534;-3,1149;15,4033;-12,2884;-0,0000;43,4534;8,6456;9,6124;-37,8153;28,2029;0,0000;8,6456;11;0
3,4526;2,2553;-201,7035;96,9484;14,7551;-90,0000;92,2553;400,000;-117,650;125,000;300,000;43,4754;-3,0903;15,3064;-12,2161;0,0000;43,4754;8,5324;9,5822;-37,8344;28,2522;0,0000;8,5324;11;0
3,4552;2,3668;-201,7114;96,9875;14,7239;-90,0000;92,3668;400,000;-116,881;125,000;300,000;43,4971;-3,0657;15,2093;-12,1436;0,0000;43,4971;8,4186;9,5521;-37,8535;28,3015;-0,0000;8,4186;11;0
3,4577;2,4783;-201,7192;97,0264;14,6928;-90,0000;92,4783;400,000;-116,112;125,000;300,000;43,5185;-3,0413;15,1123;-12,0710;-0,0000;43,5185;8,3054;9,5223;-37,8722;28,3508;0,0036;8,3053;11;0
3,4603;2,5899;-201,7270;97,0650;14,6620;-90,0000;92,5899;400,000;-115,343;125,000;300,000;43,5397;-3,0169;15,0152;-11,9983;0,0000;43,5397;8,1898;9,4923;-37,8919;28,3995;0,0000;8,1898;11;0
3,4629;2,7015;-201,7347;97,1034;14,6313;-90,0000;92,7015;400,000;-114,574;125,000;300,000;43,5605;-2,9926;14,9181;-11,9254;0,0000;43,5605;8,0729;9,4625;-37,9120;28,4479;-0,0072;8,0730;11;0
3,4654;2,8132;-201,7423;97,1415;14,6009;-90,0000;92,8132;400,000;-113,805;125,000;300,000;43,5811;-2,9684;14,8209;-11,8524;-0,0000;43,5811;7,9591;9,4329;-37,9301;28,4971;0,0000;7,9591;11;0
3,4680;2,9249;-201,7499;97,1793;14,5706;-90,0000;92,9249;400,000;-113,036;125,000;300,000;43,6013;-2,9443;14,7236;-11,7793;0,0000;43,6013;7,8440;9,4035;-37,9488;28,5461;0,0036;7,8440;11;0
3,4705;3,0367;-201,7574;97,2170;14,5405;-90,0000;93,0367;400,000;-112,267;125,000;300,000;43,6213;-2,9202;14,6263;-11,7061;0,0000;43,6213;7,7267;9,3741;-37,9684;28,5944;-0,0000;7,7267;11;0
3,4731;3,1486;-201,7649;97,2543;14,5106;-90,0000;93,1486;400,000;-111,498;125,000;300,000;43,6409;-2,8962;14,5290;-11,6328;-0,0000;43,6409;7,6097;9,3447;-37,9876;28,6428;-0,0000;7,6097;11;0
3,4757;3,2604;-201,7723;97,2914;14,4808;-90,0000;93,2604;400,000;-110,729;125,000;300,000;43,6603;-2,8723;14,4316;-11,5593;0,0000;43,6603;7,4924;9,3156;-38,0067;28,6911;-0,0000;7,4924;11;0
3,4782;3,3724;-201,7796;97,3283;14,4513;-90,0000;93,3724;400,000;-109,960;125,000;300,000;43,6794;-2,8485;14,3341;-11,4857;-0,0000;43,6794;7,3746;9,2865;-38,0258;28,7393;-0,0000;7,3746;11;0
3,4808;3,4844;-201,7869;97,3649;14,4220;-90,0000;93,4844;400,000;-109,191;125,000;300,000;43,6981;-2,8247;14,2366;-11,4119;-0,0000;43,6981;7,2564;9,2576;-38,0449;28,7873;0,0000;7,2564;11;0
3,4834;3,5964;-201,7941;97,4013;14,3928;-90,0000;93,5964;400,000;-108,422;125,000;300,000;43,7166;-2,8010;14,1391;-11,3381;0,0000;43,7166;7,1377;9,2287;-38,0639;28,8352;-0,0000;7,1377;11;0
3,4859;3,7085;-201,8012;97,4374;14,3638;-90,0000;93,7085;400,000;-107,654;125,000;300,000;43,7347;-2,7774;14,0415;-11,2641;-0,0000;43,7347;7,0186;9,2000;-38,0830;28,8830;0,0000;7,0186;11;0
3,4885;3,8206;-201,8083;97,4733;14,3351;-90,0000;93,8206;400,000;-106,885;125,000;300,000;43,7525;-2,7538;13,9439;-11,1900;0,0000;43,7525;6,8991;9,1714;-38,1020;28,9306;0,0000;6,8991;11;0
3,4910;3,9328;-201,8153;97,5089;14,3065;-90,0000;93,9328;400,000;-106,116;125,000;300,000;43,7701;-2,7304;13,8462;-11,1158;0,0000;43,7701;6,7792;9,1430;-38,1211;28,9781;-0,0001;6,7792;11;0
3,4936;4,0450;-201,8223;97,5442;14,2781;-90,0000;94,0450;400,000;-105,347;125,000;300,000;43,7873;-2,7070;13,7485;-11,0415;-0,0000;43,7873;6,6588;9,1146;-38,1400;29,0254;0,0000;6,6588;11;0
3,4962;4,1572;-201,8292;97,5794;14,2499;-90,0000;94,1572;400,000;-104,578;125,000;300,000;43,8042;-2,6836;13,6507;-10,9670;0,0000;43,8042;6,5381;9,0864;-38,1590;29,0727;-0,0001;6,5381;11;0
3,4987;4,2695;-201,8361;97,6142;14,2218;-90,0000;94,2695;400,000;-103,809;125,000;300,000;43,8208;-2,6604;13,5528;-10,8924;-0,0000;43,8208;6,4169;9,0583;-38,1779;29,1196;-0,0000;6,4169;11;0
3,5013;4,3819;-201,8429;97,6488;14,1940;-90,0000;94,3819;400,000;-103,040;125,000;300,000;43,8371;-2,6372;13,4550;-10,8177;-0,0000;43,8371;6,2954;9,0303;-38,1968;29,1665;0,0001;6,2954;11;0
3,5039;4,4943;-201,8496;97,6832;14,1664;-90,0000;94,4943;400,000;-102,271;125,000;300,000;43,8531;-2,6141;13,3570;-10,7429;0,0000;43,8531;6,1734;9,0025;-38,2157;29,2132;-0,0000;6,1734;11;0
3,5064;4,6067;-201,8563;97,7173;14,1390;-90,0000;94,6067;400,000;-101,502;125,000;300,000;43,8687;-2,5911;13,2590;-10,6680;-0,0000;43,8687;6,0511;8,9748;-38,2345;29,2596;0,0001;6,0511;11;0
3,5090;4,7191;-201,8629;97,7512;14,1117;-90,0000;94,7191;400,000;-100,733;125,000;300,000;43,8841;-2,5681;13,1610;-10,5929;0,0000;43,8841;5,9283;8,9472;-38,2533;29,3061;0,0000;5,9283;11;0
3,5116;4,8316;-201,8694;97,7848;14,0846;-90,0000;94,8316;400,000;-99,964;125,000;300,000;43,8991;-2,5452;13,0629;-10,5178;0,0000;43,8991;5,8051;8,9197;-38,2721;29,3520;-0,0003;5,8051;11;0
3,5141;4,9442;-201,8759;97,8181;14,0578;-90,0000;94,9442;400,000;-99,195;125,000;300,000;43,9139;-2,5224;12,9648;-10,4425;-0,0000;43,9139;5,6817;8,8925;-38,2907;29,3983;0,0000;5,6817;11;0
3,5167;5,0568;-201,8824;97,8512;14,0311;-90,0000;95,0568;400,000;-98,426;125,000;300,000;43,9283;-2,4996;12,8667;-10,3670;0,0000;43,9283;5,5576;8,8654;-38,3094;29,4446;-0,0007;5,5579;11;0
3,5192;5,1694;-201,8887;97,8841;14,0046;-90,0000;95,1694;400,000;-97,657;125,000;300,000;43,9423;-2,4769;12,7684;-10,2915;-0,0000;43,9423;5,4336;8,8383;-38,3280;29,4898;-0,0000;5,4336;11;0
3,5218;5,2820;-201,8951;97,9167;13,9784;-90,0000;95,2820;400,000;-96,888;125,000;300,000;43,9561;-2,4543;12,6702;-10,2159;-0,0000;43,9561;5,3093;8,8114;-38,3463;29,5355;0,0014;5,3082;11;0
3,5244;5,3947;-201,9013;97,9490;13,9523;-90,0000;95,3947;400,000;-96,119;125,000;300,000;43,9696;-2,4317;12,5719;-10,1401;0,0000;43,9696;5,1840;8,7846;-38,3651;29,5805;0,0000;5,1840;11;0
3,5269;5,5074;-201,9075;97,9811;13,9264;-90,0000;95,5074;400,000;-95,350;125,000;300,000;43,9827;-2,4093;12,4735;-10,0642;0,0000;43,9827;5,0581;8,7577;-38,3840;29,6246;-0,0021;5,0602;11;0
3,5295;5,6202;-201,9137;98,0130;13,9007;-90,0000;95,6202;400,000;-94,581;125,000;300,000;43,9955;-2,3869;12,3751;-9,9882;-0,0000;43,9955;4,9330;8,7315;-38,4019;29,6704;-0,0000;4,9330;11;0
3,5321;5,7330;-201,9198;98,0446;13,8752;-90,0000;95,7330;400,000;-93,812;125,000;300,000;44,0080;-2,3645;12,2766;-9,9121;-0,0000;44,0080;4,8077;8,7053;-38,4198;29,7157;0,0031;4,8017;11;0
3,5346;5,8458;-201,9258;98,0759;13,8499;-90,0000;95,8458;400,000;-93,043;125,000;300,000;44,0201;-2,3422;12,1781;-9,8359;0,0000;44,0201;4,6806;8,6790;-38,4386;29,7596;-0,0000;4,6806;11;0
3,5372;5,9586;-201,9318;98,1070;13,8248;-90,0000;95,9586;400,000;-92,274;125,000;300,000;44,0320;-2,3200;12,0796;-9,7596;-0,0000;44,0320;4,5541;8,6529;-38,4568;29,8035;0,0010;4,5631;11;0
3,5397;6,0715;-201,9377;98,1379;13,7998;-90,0000;96,0715;400,000;-91,505;125,000;300,000;44,0435;-2,2979;11,9810;-9,6831;0,0000;44,0435;4,4268;8,6271;-38,4750;29,8479;0,0000;4,4268;11;0
3,5423;6,1844;-201,9435;98,1684;13,7751;-90,0000;96,1844;400,000;-90,737;125,000;300,000;44,0547;-2,2758;11,8824;-9,6066;0,0000;44,0547;4,2981;8,6015;-38,4935;29,8924;-0,0053;4,2940;11;0
3,5449;6,2973;-201,9494;98,1988;13,7506;-90,0000;96,2973;400,000;-89,968;125,000;300,000;44,0655;-2,2538;11,7837;-9,5299;-0,0000;44,0655;4,1717;8,5757;-38,5111;29,9353;0,0000;4,1717;11;0
3,5474;6,4103;-201,9551;98,2288;13,7263;-90,0000;96,4103;400,000;-89,199;125,000;300,000;44,0760;-2,2318;11,6849;-9,4531;0,0000;44,0760;4,0444;8,5502;-38,5288;29,9784;0,0027;4,0443;11;0
3,5500;6,5233;-201,9608;98,2587;13,7021;-90,0000;96,5233;400,000;-88,430;125,000;300,000;44,0862;-2,2099;11,5861;-9,3762;0,0000;44,0862;3,9154;8,5250;-38,5470;30,0219;-0,0000;3,9154;11;0
3,5526;6,6363;-201,9664;98,2882;13,6782;-90,0000;96,6363;400,000;-87,661;125,000;300,000;44,0961;-2,1881;11,4873;-9,2992;-0,0000;44,0961;3,7868;8,4999;-38,5648;30,0649;0,0000;3,7868;11;0
3,5551;6,7493;-201,9720;98,3176;13,6545;-90,0000;96,7493;400,000;-86,892;125,000;300,000;44,1057;-2,1664;11,3885;-9,2221;0,0000;44,1057;3,6578;8,4749;-38,5825;30,1076;-0,0001;3,6578;11;0
3,5577;6,8624;-201,9775;98,3466;13,6309;-90,0000;96,8624;400,000;-86,123;125,000;300,000;44,1149;-2,1447;11,2895;-9,1449;-0,0000;44,1149;3,5286;8,4501;-38,6002;30,1501;-0,0000;3,5286;11;0
3,5603;6,9755;-201,9830;98,3754;13,6076;-90,0000;96,9755;400,000;-85,354;125,000;300,000;44,1238;-2,1231;11,1906;-9,0675;-0,0000;44,1238;3,3991;8,4255;-38,6177;30,1924;0,0001;3,3991;11;0
3,5628;7,0886;-201,9884;98,4040;13,5844;-90,0000;97,0886;400,000;-84,585;125,000;300,000;44,1323;-2,1015;11,0916;-8,9901;0,0000;44,1323;3,2693;8,4009;-38,6353;30,2343;-0,0000;3,2693;11;0
3,5654;7,2017;-201,9938;98,4323;13,5615;-90,0000;97,2017;400,000;-83,816;125,000;300,000;44,1405;-2,0800;10,9925;-8,9125;-0,0000;44,1405;3,1392;8,3766;-38,6527;30,2759;0,0002;3,1393;11;0
3,5679;7,3149;-201,9991;98,4603;13,5387;-90,0000;97,3149;400,000;-83,047;125,000;300,000;44,1484;-2,0585;10,8934;-8,8349;0,0000;44,1484;3,0088;8,3524;-38,6700;30,3176;0,0000;3,0088;11;0
3,5705;7,4281;-202,0043;98,4881;13,5162;-90,0000;97,4281;400,000;-82,278;125,000;300,000;44,1559;-2,0372;10,7943;-8,7571;-0,0000;44,1559;2,8781;8,3283;-38,6874;30,3585;-0,0002;2,8779;11;0
3,5731;7,5412;-202,0095;98,5157;13,4939;-90,0000;97,5412;400,000;-81,509;125,000;300,000;44,1631;-2,0159;10,6951;-8,6792;0,0000;44,1631;2,7473;8,3046;-38,7044;30,3998;0,0000;2,7473;11;0
3,5756;7,6544;-202,0147;98,5430;13,4717;-90,0000;97,6544;400,000;-80,740;125,000;300,000;44,1700;-1,9946;10,5959;-8,6013;0,0000;44,1700;2,6158;8,2811;-38,7215;30,4412;-0,0010;2,6172;11;0
3,5782;7,7677;-202,0197;98,5700;13,4498;-90,0000;97,7677;400,000;-79,971;125,000;300,000;44,1766;-1,9734;10,4966;-8,5232;-0,0000;44,1766;2,4847;8,2574;-38,7385;30,4811;0,0000;2,4847;11;0
3,5808;7,8809;-202,0248;98,5968;13,4280;-90,0000;97,8809;400,000;-79,202;125,000;300,000;44,1828;-1,9523;10,3973;-8,4450;0,0000;44,1828;2,3528;8,2353;-38,7544;30,5259;-0,0008;2,3482;11;0
3,5833;7,9942;-202,0298;98,6233;13,4065;-90,0000;97,9942;400,000;-78,433;125,000;300,000;44,1886;-1,9312;10,2979;-8,3667;-0,0000;44,1886;2,2211;8,2110;-38,7722;30,5613;0,0001;2,2211;11;0
3,5859;8,1074;-202,0347;98,6496;13,3851;-90,0000;98,1074;400,000;-77,664;125,000;300,000;44,1941;-1,9102;10,1985;-8,2883;0,0000;44,1941;2,0900;8,1854;-38,7906;30,5915;0,0042;2,0957;11;0
3,5885;8,2207;-202,0395;98,6756;13,3640;-90,0000;98,2207;400,000;-76,895;125,000;300,000;44,1993;-1,8892;10,0991;-8,2099;0,0000;44,1993;1,9603;8,1643;-38,8042;30,6375;0,0145;1,9858;11;0
3,5910;8,3340;-202,0444;98,7013;13,3430;-90,0000;98,3340;400,000;-76,126;125,000;300,000;44,2042;-1,8683;9,9996;-8,1313;0,0001;44,2043;1,8234;8,1441;-38,8210;30,6852;-0,0022;1,8210;11;0
3,5936;8,4473;-202,0491;98,7268;13,3223;-90,0000;98,4473;400,000;-75,357;125,000;300,000;44,2087;-1,8475;9,9001;-8,0526;0,0000;44,2087;1,6836;8,1214;-38,8406;30,7239;-0,0292;1,6328;11;0
3,5961;8,5607;-202,0538;98,7521;13,3018;-90,0000;98,5607;400,000;-74,589;125,000;300,000;44,2128;-1,8267;9,8005;-7,9738;-0,0001;44,2127;1,5585;8,0966;-38,8546;30,7544;0,0018;1,5534;11;0
3,5987;8,6740;-202,0585;98,7771;13,2814;-90,0000;98,6740;400,000;-73,820;125,000;300,000;44,2167;-1,8060;9,7009;-7,8949;0,0000;44,2166;1,4286;8,0749;-38,8696;30,7924;0,0146;1,4540;11;0
3,6013;8,7873;-202,0631;98,8018;13,2613;-90,0000;98,7873;400,000;-73,051;125,000;300,000;44,2201;-1,7853;9,6012;-7,8159;-0,0000;44,2201;1,2903;8,0543;-38,8871;30,8350;-0,0043;1,3009;11;0
3,6038;8,9007;-202,0676;98,8263;13,2414;-90,0000;98,9007;400,000;-72,282;125,000;300,000;44,2233;-1,7647;9,5015;-7,7369;-0,0000;44,2233;1,1577;8,0319;-38,9028;30,8709;-0,0000;1,1577;11;0
3,6064;9,0140;-202,0721;98,8505;13,2216;-90,0000;99,0140;400,000;-71,513;125,000;300,000;44,2261;-1,7441;9,4018;-7,6577;-0,0000;44,2261;1,0245;8,0102;-38,9184;30,9079;0,0023;1,0192;11;0
3,6090;9,1274;-202,0766;98,8745;13,2021;-90,0000;99,1274;400,000;-70,744;125,000;300,000;44,2285;-1,7236;9,3020;-7,5784;-0,0000;44,2285;0,8899;7,9890;-38,9343;30,9453;0,0001;0,8899;11;0
3,6115;9,2408;-202,0810;98,8982;13,1828;-90,0000;99,2408;400,000;-69,975;125,000;300,000;44,2306;-1,7032;9,2022;-7,4990;0,0000;44,2306;0,7557;7,9678;-38,9500;30,9822;0,0000;0,7557;11;0
3,6141;9,3541;-202,0853;98,9217;13,1637;-90,0000;99,3541;400,000;-69,206;125,000;300,000;44,2324;-1,6828;9,1023;-7,4196;-0,0000;44,2324;0,6213;7,9468;-38,9655;31,0187;-0,0000;0,6213;11;0
3,6166;9,4675;-202,0896;98,9449;13,1447;-90,0000;99,4675;400,000;-68,437;125,000;300,000;44,2338;-1,6624;9,0025;-7,3400;0,0000;44,2338;0,4867;7,9259;-38,9808;31,0549;0,0000;0,4867;11;0
3,6192;9,5809;-202,0938;98,9678;13,1260;-90,0000;99,5809;400,000;-67,668;125,000;300,000;44,2349;-1,6421;8,9025;-7,2604;0,0000;44,2349;0,3520;7,9053;-38,9961;31,0908;-0,0000;0,3520;11;0
3,6218;9,6943;-202,0980;98,9905;13,1075;-90,0000;99,6943;400,000;-66,899;125,000;300,000;44,2356;-1,6219;8,8025;-7,1806;-0,0000;44,2356;0,2172;7,8849;-39,0112;31,1263;-0,0000;0,2172;11;0
3,6243;9,8077;-202,1022;99,0129;13,0892;-90,0000;99,8077;400,000;-66,130;125,000;300,000;44,2360;-1,6017;8,7025;-7,1008;0,0000;44,2360;0,0822;7,8646;-39,0262;31,1616;0,0000;0,0822;11;0
3,6269;9,9210;-202,1062;99,0351;13,0711;-90,0000;99,9210;400,000;-65,361;125,000;300,000;44,2361;-1,5816;8,6025;-7,0209;-0,0000;44,2361;-0,0530;7,8446;-39,0411;31,1965;0,0000;-0,0530;11;0
3,6295;10,0344;-202,1103;99,0570;13,0532;-90,0000;100,0344;400,000;-64,592;125,000;300,000;44,2357;-1,5615;8,5024;-6,9409;0,0000;44,2357;-0,1883;7,8247;-39,0559;31,2311;0,0000;-0,1883;11;0
3,6320;10,1478;-202,1142;99,0787;13,0355;-90,0000;100,1478;400,000;-63,823;125,000;300,000;44,2351;-1,5415;8,4023;-6,8608;-0,0000;44,2351;-0,3237;7,8051;-39,0705;31,2654;-0,0000;-0,3237;11;0
3,6346;10,2612;-202,1182;99,1001;13,0181;-90,0000;100,2612;400,000;-63,054;125,000;300,000;44,2341;-1,5215;8,3021;-6,7806;0,0000;44,2341;-0,4593;7,7856;-39,0850;31,2994;0,0000;-0,4593;11;0
3,6372;10,3746;-202,1220;99,1213;13,0008;-90,0000;100,3746;400,000;-62,285;125,000;300,000;44,2327;-1,5016;8,2019;-6,7003;-0,0000;44,2327;-0,5949;7,7664;-39,0994;31,3330;-0,0000;-0,5949;11;0
3,6397;10,4879;-202,1259;99,1422;12,9837;-90,0000;100,4879;400,000;-61,516;125,000;300,000;44,2310;-1,4817;8,1017;-6,6200;-0,0000;44,2310;-0,7307;7,7473;-39,1136;31,3663;0,0000;-0,7307;11;0
3,6423;10,6013;-202,1296;99,1628;12,9668;-90,0000;100,6013;400,000;-60,747;125,000;300,000;44,2290;-1,4618;8,0014;-6,5396;0,0000;44,2290;-0,8666;7,7284;-39,1277;31,3993;0,0000;-0,8666;11;0
3,6448;10,7147;-202,1334;99,1832;12,9502;-90,0000;100,7147;400,000;-59,978;125,000;300,000;44,2266;-1,4421;7,9011;-6,4590;-0,0000;44,2266;-1,0026;7,7098;-39,1417;31,4319;-0,0000;-1,0026;11;0
3,6474;10,8280;-202,1370;99,2033;12,9337;-90,0000;100,8280;400,000;-59,209;125,000;300,000;44,2238;-1,4223;7,8007;-6,3784;0,0000;44,2238;-1,1387;7,6913;-39,1555;31,4642;-0,0000;-1,1387;11;0
3,6500;10,9414;-202,1406;99,2232;12,9175;-90,0000;100,9414;400,000;-58,440;125,000;300,000;44,2208;-1,4026;7,7004;-6,2977;-0,0000;44,2208;-1,2749;7,6731;-39,1692;31,4961;-0,0000;-1,2749;11;0
3,6525;11,0547;-202,1442;99,2428;12,9014;-90,0000;101,0547;400,000;-57,672;125,000;300,000;44,2173;-1,3830;7,5999;-6,2170;0,0000;44,2173;-1,4111;7,6550;-39,1827;31,5277;-0,0000;-1,4111;11;0
3,6551;11,1681;-202,1477;99,2621;12,8856;-90,0000;101,1681;400,000;-56,903;125,000;300,000;44,2135;-1,3634;7,4995;-6,1361;-0,0000;44,2135;-1,5474;7,6372;-39,1961;31,5589;-0,0000;-1,5474;11;0
3,6577;11,2814;-202,1512;99,2812;12,8700;-90,0000;101,2814;400,000;-56,134;125,000;300,000;44,2094;-1,3438;7,3990;-6,0552;-0,0000;44,2094;-1,6838;7,6195;-39,2094;31,5898;0,0001;-1,6838;11;0
3,6602;11,3947;-202,1546;99,3001;12,8546;-90,0000;101,3947;400,000;-55,365;125,000;300,000;44,2049;-1,3243;7,2985;-5,9742;0,0000;44,2049;-1,8203;7,6021;-39,2225;31,6204;-0,0000;-1,8203;11;0
3,6628;11,5080;-202,1580;99,3186;12,8394;-90,0000;101,5080;400,000;-54,596;125,000;300,000;44,2000;-1,3049;7,1979;-5,8931;-0,0000;44,2000;-1,9567;7,5850;-39,2354;31,6507;0,0003;-1,9567;11;0
3,6653;11,6213;-202,1613;99,3370;12,8244;-90,0000;101,6213;400,000;-53,827;125,000;300,000;44,1949;-1,2854;7,0974;-5,8119;0,0000;44,1949;-2,0934;7,5679;-39,2483;31,6804;0,0000;-2,0934;11;0
3,6679;11,7345;-202,1646;99,3550;12,8096;-90,0000;101,7345;400,000;-53,058;125,000;300,000;44,1893;-1,2661;6,9967;-5,7307;0,0000;44,1893;-2,2301;7,5512;-39,2610;31,7100;-0,0006;-2,2299;11;0
3,6705;11,8478;-202,1678;99,3728;12,7950;-90,0000;101,8478;400,000;-52,289;125,000;300,000;44,1834;-1,2467;6,8961;-5,6494;-0,0000;44,1834;-2,3666;7,5346;-39,2735;31,7389;-0,0000;-2,3666;11;0
3,6730;11,9610;-202,1710;99,3904;12,7806;-90,0000;101,9610;400,000;-51,520;125,000;300,000;44,1772;-1,2274;6,7954;-5,5680;0,0000;44,1772;-2,5033;7,5181;-39,2860;31,7673;0,0000;-2,5036;11;0
3,6756;12,0743;-202,1741;99,4077;12,7664;-90,0000;102,0743;400,000;-50,751;125,000;300,000;44,1706;-1,2082;6,6947;-5,4865;-0,0000;44,1706;-2,6400;7,5021;-39,2981;31,7960;-0,0000;-2,6400;11;0
3,6782;12,1875;-202,1772;99,4247;12,7525;-90,0000;102,1875;400,000;-49,982;125,000;300,000;44,1637;-1,1890;6,5940;-5,4050;0,0000;44,1637;-2,7767;7,4859;-39,3104;31,8228;0,0001;-2,7762;11;0
3,6807;12,3007;-202,1802;99,4415;12,7387;-90,0000;102,3007;400,000;-49,213;125,000;300,000;44,1564;-1,1698;6,4932;-5,3234;-0,0000;44,1564;-2,9134;7,4705;-39,3221;31,8516;-0,0000;-2,9134;11;0
3,6833;12,4138;-202,1832;99,4580;12,7252;-90,0000;102,4138;400,000;-48,444;125,000;300,000;44,1487;-1,1507;6,3924;-5,2417;-0,0000;44,1487;-3,0481;7,4553;-39,3326;31,8796;0,0080;-3,0646;11;0
3,6859;12,5270;-202,1861;99,4742;12,7119;-90,0000;102,5270;400,000;-47,675;125,000;300,000;44,1407;-1,1316;6,2915;-5,1599;0,0000;44,1406;-3,1869;7,4397;-39,3455;31,9054;-0,0001;-3,1869;11;0
3,6884;12,6401;-202,1890;99,4902;12,6987;-90,0000;102,6401;400,000;-46,906;125,000;300,000;44,1324;-1,1125;6,1907;-5,0781;-0,0000;44,1324;-3,3276;7,4252;-39,3582;31,9343;-0,0152;-3,2954;11;0
3,6910;12,7532;-202,1918;99,5060;12,6858;-90,0000;102,7532;400,000;-46,137;125,000;300,000;44,1237;-1,0935;6,0898;-4,9962;-0,0000;44,1238;-3,4598;7,4098;-39,3678;31,9582;0,0021;-3,4602;11;0
3,6935;12,8663;-202,1946;99,5214;12,6731;-90,0000;102,8663;400,000;-45,368;125,000;300,000;44,1146;-1,0746;5,9889;-4,9143;0,0000;44,1146;-3,5950;7,3949;-39,3787;31,9822;0,0074;-3,6110;11;0
3,6961;12,9794;-202,1973;99,5367;12,6606;-90,0000;102,9794;400,000;-44,599;125,000;300,000;44,1052;-1,0556;5,8879;-4,8323;0,0000;44,1052;-3,7353;7,3791;-39,3925;32,0025;-0,0063;-3,7180;11;0
3,6987;13,0924;-202,2000;99,5516;12,6484;-90,0000;103,0924;400,000;-43,830;125,000;300,000;44,0955;-1,0367;5,7869;-4,7502;-0,0000;44,0956;-3,8701;7,3668;-39,4010;32,0341;0,0006;-3,8700;11;0
3,7012;13,2054;-202,2026;99,5663;12,6363;-90,0000;103,2054;400,000;-43,061;125,000;300,000;44,0854;-1,0179;5,6859;-4,6681;0,0000;44,0854;-4,0051;7,3568;-39,4074;32,0730;0,0066;-4,0382;11;0
3,7038;13,3184;-202,2052;99,5808;12,6244;-90,0000;103,3184;400,000;-42,292;125,000;300,000;44,0750;-0,9990;5,5849;-4,5858;0,0000;44,0749;-4,1438;7,3388;-39,4222;32,0818;-0,0016;-4,1424;11;0
3,7064;13,4314;-202,2077;99,5950;12,6128;-90,0000;103,4314;400,000;-41,523;125,000;300,000;44,0642;-0,9802;5,4838;-4,5036;-0,0000;44,0642;-4,2805;7,3237;-39,4343;32,0992;-0,0023;-4,2642;11;0
3,7089;13,5443;-202,2102;99,6089;12,6013;-90,0000;103,5443;400,000;-40,755;125,000;300,000;44,0530;-0,9615;5,3828;-4,4213;0,0000;44,0530;-4,4159;7,3132;-39,4418;32,1322;0,0013;-4,4189;11;0
3,7115;13,6572;-202,2127;99,6226;12,5901;-90,0000;103,6572;400,000;-39,986;125,000;300,000;44,0415;-0,9427;5,2816;-4,3389;0,0000;44,0415;-4,5526;7,2995;-39,4523;32,1528;-0,0000;-4,5526;11;0
3,7140;13,7701;-202,2151;99,6360;12,5791;-90,0000;103,7701;400,000;-39,217;125,000;300,000;44,0297;-0,9241;5,1805;-4,2565;-0,0000;44,0297;-4,6890;7,2864;-39,4624;32,1742;-0,0004;-4,6875;11;0
3,7166;13,8829;-202,2174;99,6491;12,5683;-90,0000;103,8829;400,000;-38,448;125,000;300,000;44,0175;-0,9054;5,0793;-4,1740;-0,0000;44,0175;-4,8251;7,2742;-39,4717;32,1975;0,0000;-4,8251;11;0
3,7192;13,9957;-202,2197;99,6620;12,5577;-90,0000;103,9957;400,000;-37,679;125,000;300,000;44,0049;-0,8868;4,9782;-4,0914;0,0000;44,0049;-4,9613;7,2619;-39,4812;32,2191;-0,0003;-4,9612;11;0
3,7217;14,1085;-202,2219;99,6746;12,5473;-90,0000;104,1085;400,000;-36,910;125,000;300,000;43,9921;-0,8682;4,8770;-4,0088;-0,0000;43,9921;-5,0972;7,2498;-39,4904;32,2406;-0,0000;-5,0972;11;0
3,7243;14,2212;-202,2242;99,6870;12,5371;-90,0000;104,2212;400,000;-36,141;125,000;300,000;43,9788;-0,8496;4,7757;-3,9261;-0,0000;43,9788;-5,2325;7,2373;-39,4997;32,2591;0,0024;-5,2337;11;0
3,7269;14,3340;-202,2263;99,6991;12,5272;-90,0000;104,3340;400,000;-35,372;125,000;300,000;43,9652;-0,8311;4,6745;-3,8434;0,0000;43,9652;-5,3690;7,2264;-39,5084;32,2820;-0,0000;-5,3690;11;0
3,7294;14,4466;-202,2284;99,7110;12,5174;-90,0000;104,4466;400,000;-34,603;125,000;300,000;43,9513;-0,8126;4,5732;-3,7606;-0,0000;43,9513;-5,5057;7,2164;-39,5164;32,3072;-0,0038;-5,5034;11;0
3,7320;14,5593;-202,2305;99,7226;12,5079;-90,0000;104,5593;400,000;-33,834;125,000;300,000;43,9370;-0,7941;4,4719;-3,6778;-0,0000;43,9370;-5,6403;7,2039;-39,5256;32,3217;0,0000;-5,6402;11;0
3,7346;14,6719;-202,2325;99,7339;12,4986;-90,0000;104,6719;400,000;-33,065;125,000;300,000;43,9224;-0,7756;4,3706;-3,5949;0,0000;43,9224;-5,7752;7,1923;-39,5344;32,3384;0,0018;-5,7764;11;0
3,7371;14,7844;-202,2344;99,7450;12,4895;-90,0000;104,7844;400,000;-32,296;125,000;300,000;43,9074;-0,7572;4,2692;-3,5120;-0,0000;43,9074;-5,9110;7,1824;-39,5422;32,3599;0,0003;-5,9110;11;0
3,7397;14,8969;-202,2364;99,7558;12,4806;-90,0000;104,8969;400,000;-31,527;125,000;300,000;43,8921;-0,7388;4,1679;-3,4290;0,0000;43,8921;-6,0462;7,1720;-39,5502;32,3782;0,0000;-6,0462;11;0
3,7422;15,0094;-202,2382;99,7663;12,4719;-90,0000;105,0094;400,000;-30,758;125,000;300,000;43,8764;-0,7204;4,0665;-3,3460;0,0000;43,8764;-6,1816;7,1621;-39,5579;32,3975;-0,0011;-6,1822;11;0
3,7448;15,1219;-202,2401;99,7766;12,4634;-90,0000;105,1219;400,000;-29,989;125,000;300,000;43,8604;-0,7021;3,9651;-3,2630;-0,0000;43,8604;-6,3161;7,1519;-39,5657;32,4138;0,0000;-6,3162;11;0
3,7474;15,2343;-202,2418;99,7867;12,4552;-90,0000;105,2343;400,000;-29,220;125,000;300,000;43,8440;-0,6838;3,8636;-3,1799;0,0000;43,8440;-6,4505;7,1415;-39,5736;32,4283;0,0014;-6,4493;11;0
3,7499;15,3466;-202,2436;99,7964;12,4471;-90,0000;105,3466;400,000;-28,451;125,000;300,000;43,8273;-0,6655;3,7622;-3,0967;0,0000;43,8273;-6,5854;7,1328;-39,5804;32,4476;-0,0000;-6,5855;11;0
3,7525;15,4590;-202,2452;99,8059;12,4393;-90,0000;105,4590;400,000;-27,682;125,000;300,000;43,8103;-0,6472;3,6607;-3,0135;-0,0000;43,8103;-6,7200;7,1239;-39,5872;32,4653;-0,0006;-6,7206;11;0
3,7551;15,5712;-202,2469;99,8152;12,4317;-90,0000;105,5712;400,000;-26,913;125,000;300,000;43,7929;-0,6290;3,5593;-2,9303;0,0000;43,7929;-6,8541;7,1146;-39,5944;32,4797;0,0000;-6,8541;11;0
3,7576;15,6834;-202,2485;99,8242;12,4243;-90,0000;105,6834;400,000;-26,144;125,000;300,000;43,7751;-0,6107;3,4578;-2,8470;-0,0000;43,7751;-6,9881;7,1059;-39,6011;32,4952;-0,0000;-6,9881;11;0
3,7602;15,7956;-202,2500;99,8329;12,4171;-90,0000;105,7956;400,000;-25,375;125,000;300,000;43,7570;-0,5925;3,3563;-2,7637;-0,0000;43,7570;-7,1217;7,0974;-39,6076;32,5100;0,0010;-7,1217;11;0
3,7627;15,9078;-202,2515;99,8414;12,4101;-90,0000;105,9078;400,000;-24,607;125,000;300,000;43,7386;-0,5744;3,2547;-2,6804;0,0000;43,7386;-7,2556;7,0892;-39,6140;32,5248;0,0000;-7,2556;11;0
3,7653;16,0198;-202,2530;99,8496;12,4033;-90,0000;106,0198;400,000;-23,838;125,000;300,000;43,7199;-0,5562;3,1532;-2,5970;0,0000;43,7199;-7,3894;7,0817;-39,6200;32,5403;-0,0015;-7,3815;11;0
3,7679;16,1319;-202,2544;99,8576;12,3968;-90,0000;106,1319;400,000;-23,069;125,000;300,000;43,7007;-0,5380;3,0516;-2,5136;-0,0000;43,7008;-7,5223;7,0736;-39,6261;32,5526;-0,0000;-7,5223;11;0
3,7704;16,2439;-202,2557;99,8652;12,3905;-90,0000;106,2439;400,000;-22,300;125,000;300,000;43,6813;-0,5199;2,9500;-2,4301;-0,0000;43,6813;-7,6553;7,0655;-39,6324;32,5638;-0,0000;-7,6709;11;0
3,7730;16,3558;-202,2570;99,8727;12,3843;-90,0000;106,3558;400,000;-21,531;125,000;300,000;43,6615;-0,5018;2,8484;-2,3466;-0,0000;43,6615;-7,7881;7,0588;-39,6376;32,5783;-0,0001;-7,7881;11;0
3,7756;16,4677;-202,2583;99,8799;12,3784;-90,0000;106,4677;400,000;-20,762;125,000;300,000;43,6414;-0,4837;2,7468;-2,2631;-0,0000;43,6414;-7,9205;7,0521;-39,6426;32,5919;0,0005;-7,9128;11;0
3,7781;16,5795;-202,2595;99,8868;12,3727;-90,0000;106,5795;400,000;-19,993;125,000;300,000;43,6209;-0,4657;2,6452;-2,1795;-0,0000;43,6209;-8,0508;7,0445;-39,6477;32,6005;0,0082;-8,0534;11;0
3,7807;16,6913;-202,2607;99,8934;12,3673;-90,0000;106,6913;400,000;-19,224;125,000;300,000;43,6001;-0,4476;2,5436;-2,0960;0,0000;43,6001;-8,1851;7,0387;-39,6532;32,6145;0,0000;-8,1852;11;0
3,7833;16,8030;-202,2618;99,8998;12,3620;-90,0000;106,8030;400,000;-18,455;125,000;300,000;43,5789;-0,4296;2,4419;-2,0124;0,0000;43,5789;-8,3211;7,0339;-39,6585;32,6313;-0,0158;-8,3159;11;0
3,7858;16,9147;-202,2629;99,9059;12,3569;-90,0000;106,9147;400,000;-17,686;125,000;300,000;43,5574;-0,4116;2,3403;-1,9287;-0,0000;43,5575;-8,4487;7,0264;-39,6625;32,6363;-0,0005;-8,4485;11;0
3,7884;17,0263;-202,2639;99,9118;12,3521;-90,0000;107,0263;400,000;-16,917;125,000;300,000;43,5356;-0,3936;2,2386;-1,8450;-0,0000;43,5356;-8,5778;7,0199;-39,6668;32,6433;0,0078;-8,5804;11;0
3,7909;17,1379;-202,2649;99,9174;12,3475;-90,0000;107,1379;400,000;-16,148;125,000;300,000;43,5135;-0,3756;2,1369;-1,7614;0,0000;43,5135;-8,7123;7,0132;-39,6737;32,6483;-0,0052;-8,7089;11;0
3,7935;17,2494;-202,2658;99,9228;12,3431;-90,0000;107,2494;400,000;-15,379;125,000;300,000;43,4910;-0,3576;2,0352;-1,6777;-0,0000;43,4910;-8,8417;7,0101;-39,6755;32,6654;-0,0000;-8,8415;11;0
3,7961;17,3608;-202,2667;99,9278;12,3389;-90,0000;107,3608;400,000;-14,610;125,000;300,000;43,4681;-0,3396;1,9336;-1,5939;-0,0000;43,4681;-8,9691;7,0092;-39,6743;32,6889;0,0119;-8,9759;11;0
3,7986;17,4722;-202,2676;99,9327;12,3349;-90,0000;107,4722;400,000;-13,841;125,000;300,000;43,4450;-0,3217;1,8319;-1,5101;0,0000;43,4450;-9,1025;7,0002;-39,6826;32,6822;-0,0001;-9,1030;11;0
3,8012;17,5836;-202,2684;99,9372;12,3311;-90,0000;107,5836;400,000;-13,072;125,000;300,000;43,4215;-0,3038;1,7301;-1,4264;-0,0000;43,4215;-9,2340;6,9938;-39,6887;32,6831;-0,0062;-9,2307;11;0
3,8038;17,6948;-202,2691;99,9415;12,3276;-90,0000;107,6948;400,000;-12,303;125,000;300,000;43,3976;-0,2858;1,6284;-1,3426;-0,0000;43,3976;-9,3613;6,9913;-39,6898;32,6962;0,0028;-9,3616;11;0
3,8063;17,8060;-202,2698;99,9456;12,3243;-90,0000;107,8060;400,000;-11,534;125,000;300,000;43,3735;-0,2679;1,5267;-1,2588;0,0000;43,3735;-9,4914;6,9877;-39,6926;32,7049;0,0000;-9,4914;11;0
3,8089;17,9172;-202,2705;99,9494;12,3211;-90,0000;107,9172;400,000;-10,765;125,000;300,000;43,3490;-0,2500;1,4249;-1,1749;0,0000;43,3490;-9,6218;6,9850;-39,6953;32,7152;-0,0052;-9,6207;11;0
3,8114;18,0283;-202,2711;99,9529;12,3182;-90,0000;108,0283;400,000;-9,996;125,000;300,000;43,3242;-0,2321;1,3232;-1,0910;-0,0000;43,3242;-9,7492;6,9805;-39,6982;32,7176;-0,0000;-9,7491;11;0
3,8140;18,1393;-202,2717;99,9561;12,3155;-90,0000;108,1393;400,000;-9,227;125,000;300,000;43,2990;-0,2142;1,2214;-1,0072;-0,0000;43,2990;-9,8769;6,9769;-39,7008;32,7215;0,0025;-9,8775;11;0
3,8166;18,2502;-202,2722;99,9591;12,3131;-90,0000;108,2502;400,000;-8,458;125,000;300,000;43,2735;-0,1964;1,1197;-0,9233;-0,0000;43,2735;-10,0056;6,9744;-39,7029;32,7285;0,0000;-10,0057;11;0
3,8191;18,3611;-202,2727;99,9619;12,3108;-90,0000;108,3611;400,000;-7,690;125,000;300,000;43,2477;-0,1785;1,0179;-0,8394;0,0000;43,2477;-10,1337;6,9716;-39,7053;32,7327;-0,0012;-10,1336;11;0
3,8217;18,4719;-202,2731;99,9644;12,3088;-90,0000;108,4719;400,000;-6,921;125,000;300,000;43,2216;-0,1606;0,9161;-0,7555;-0,0000;43,2216;-10,2608;6,9693;-39,7069;32,7376;-0,0000;-10,2608;11;0
3,8243;18,5827;-202,2735;99,9666;12,3069;-90,0000;108,5827;400,000;-6,152;125,000;300,000;43,1951;-0,1428;0,8143;-0,6716;-0,0000;43,1951;-10,3872;6,9674;-39,7081;32,7424;0,0026;-10,3872;11;0
3,8268;18,6934;-202,2739;99,9685;12,3053;-90,0000;108,6934;400,000;-5,383;125,000;300,000;43,1683;-0,1249;0,7125;-0,5876;0,0000;43,1683;-10,5146;6,9652;-39,7102;32,7447;-0,0001;-10,5146;11;0
3,8294;18,8040;-202,2742;99,9702;12,3039;-90,0000;108,8040;400,000;-4,614;125,000;300,000;43,1412;-0,1070;0,6108;-0,5037;-0,0000;43,1412;-10,6413;6,9634;-39,7117;32,7474;-0,0013;-10,6413;11;0
3,8320;18,9145;-202,2744;99,9717;12,3027;-90,0000;108,9145;400,000;-3,845;125,000;300,000;43,1138;-0,0892;0,5090;-0,4198;-0,0000;43,1138;-10,7650;6,9614;-39,7123;32,7474;0,0074;-10,7664;11;0
3,8345;19,0250;-202,2746;99,9728;12,3018;-90,0000;109,0250;400,000;-3,076;125,000;300,000;43,0860;-0,0714;0,4072;-0,3358;0,0000;43,0860;-10,8925;6,9610;-39,7134;32,7524;0,0000;-10,8926;11;0
3,8371;19,1354;-202,2748;99,9738;12,3010;-90,0000;109,1354;400,000;-2,307;125,000;300,000;43,0579;-0,0535;0,3054;-0,2519;0,0000;43,0579;-11,0216;6,9618;-39,7143;32,7604;-0,0143;-11,0187;11;0
3,8396;19,2457;-202,2749;99,9744;12,3005;-90,0000;109,2457;400,000;-1,538;125,000;300,000;43,0295;-0,0357;0,2036;-0,1679;-0,0000;43,0295;-11,1430;6,9595;-39,7145;32,7555;-0,0010;-11,1429;11;0
3,8422;19,3560;-202,2750;99,9748;12,3002;-90,0000;109,3560;400,000;-0,769;125,000;300,000;43,0008;-0,0178;0,1018;-0,0840;-0,0000;43,0008;-11,2653;6,9582;-39,7148;32,7525;0,0071;-11,2668;11;0
3,8448;19,4662;-202,2750;99,9749;12,3001;-90,0000;109,4662;400,000;-0,000;125,000;300,000;42,9718;-0,0000;0,0000;-0,0000;0,0000;42,9718;-11,3908;6,9587;-39,7150;32,7551;0,0019;-11,3907;11;0
3,8473;19,5763;-202,2750;99,9748;12,3002;-90,0000;109,5763;400,000;0,769;125,000;300,000;42,9424;0,0178;-0,1018;0,0840;0,0000;42,9424;-11,5150;6,9591;-39,7149;32,7558;-0,0000;-11,5150;11;0
3,8499;19,6863;-202,2749;99,9744;12,3005;-90,0000;109,6863;400,000;1,538;125,000;300,000;42,9128;0,0357;-0,2036;0,1679;-0,0000;42,9128;-11,6386;6,9596;-39,7146;32,7556;-0,0009;-11,6387;11;0
3,8525;19,7962;-202,2748;99,9738;12,3010;-90,0000;109,7962;400,000;2,307;125,000;300,000;42,8828;0,0535;-0,3054;0,2519;-0,0000;42,8828;-11,7612;6,9600;-39,7141;32,7538;0,0000;-11,7612;11;0
3,8550;19,9061;-202,2746;99,9728;12,3018;-90,0000;109,9061;400,000;3,076;125,000;300,000;42,8525;0,0714;-0,4072;0,3358;0,0000;42,8525;-11,8837;6,9610;-39,7134;32,7524;-0,0000;-11,8837;11;0
3,8576;20,0159;-202,2744;99,9717;12,3027;-90,0000;110,0159;400,000;3,845;125,000;300,000;42,8218;0,0892;-0,5090;0,4198;-0,0000;42,8218;-12,0041;6,9621;-39,7118;32,7501;0,0063;-12,0041;11;0
3,8601;20,1256;-202,2742;99,9702;12,3039;-90,0000;110,1256;400,000;4,614;125,000;300,000;42,7909;0,1070;-0,6108;0,5037;0,0000;42,7909;-12,1274;6,9636;-39,7114;32,7479;0,0000;-12,1274;11;0
3,8627;20,2353;-202,2739;99,9685;12,3053;-90,0000;110,2353;400,000;5,383;125,000;300,000;42,7597;0,1249;-0,7125;0,5877;0,0000;42,7597;-12,2520;6,9654;-39,7114;32,7459;-0,0127;-12,2519;11;0
3,8653;20,3448;-202,2735;99,9666;12,3069;-90,0000;110,3448;400,000;6,152;125,000;300,000;42,7281;0,1428;-0,8143;0,6716;-0,0000;42,7281;-12,3699;6,9671;-39,7087;32,7416;-0,0014;-12,3699;11;0
3,8678;20,4543;-202,2731;99,9644;12,3088;-90,0000;110,4543;400,000;6,921;125,000;300,000;42,6963;0,1606;-0,9161;0,7555;-0,0000;42,6963;-12,4882;6,9692;-39,7063;32,7370;0,0063;-12,4883;11;0
3,8704;20,5637;-202,2727;99,9619;12,3108;-90,0000;110,5637;400,000;7,690;125,000;300,000;42,6641;0,1785;-1,0179;0,8394;0,0000;42,6641;-12,6090;6,9717;-39,7048;32,7330;0,0027;-12,6089;11;0
3,8730;20,6730;-202,2722;99,9591;12,3131;-90,0000;110,6730;400,000;8,458;125,000;300,000;42,6316;0,1964;-1,1196;0,9233;0,0000;42,6316;-12,7292;6,9744;-39,7029;32,7285;-0,0000;-12,7293;11;0
3,8755;20,7823;-202,2717;99,9561;12,3155;-90,0000;110,7823;400,000;9,227;125,000;300,000;42,5988;0,2142;-1,2214;1,0072;-0,0000;42,5988;-12,8486;6,9774;-39,7008;32,7235;-0,0014;-12,8487;11;0
3,8781;20,8914;-202,2711;99,9529;12,3182;-90,0000;110,8914;400,000;9,996;125,000;300,000;42,5658;0,2321;-1,3232;1,0910;0,0000;42,5658;-12,9668;6,9805;-39,6982;32,7174;-0,0000;-12,9668;11;0
3,8807;21,0005;-202,2705;99,9494;12,3211;-90,0000;111,0005;400,000;10,765;125,000;300,000;42,5324;0,2500;-1,4249;1,1749;-0,0000;42,5324;-13,0849;6,9840;-39,6955;32,7115;-0,0000;-13,0849;11;0
3,8832;21,1095;-202,2698;99,9456;12,3243;-90,0000;111,1095;400,000;11,534;125,000;300,000;42,4987;0,2679;-1,5267;1,2587;-0,0000;42,4987;-13,2000;6,9873;-39,6918;32,7032;0,0098;-13,2006;11;0
3,8858;21,2183;-202,2691;99,9415;12,3276;-90,0000;111,2183;400,000;12,303;125,000;300,000;42,4647;0,2858;-1,6284;1,3426;0,0000;42,4647;-13,3197;6,9918;-39,6896;32,6979;0,0000;-13,3198;11;0
3,8883;21,3271;-202,2684;99,9372;12,3311;-90,0000;111,3271;400,000;13,072;125,000;300,000;42,4304;0,3038;-1,7301;1,4264;0,0000;42,4304;-13,4415;6,9969;-39,6877;32,6944;-0,0194;-13,4401;11;0
3,8909;21,4359;-202,2676;99,9327;12,3349;-90,0000;111,4359;400,000;13,841;125,000;300,000;42,3958;0,3217;-1,8318;1,5102;-0,0000;42,3958;-13,5535;7,0003;-39,6830;32,6831;-0,0034;-13,5536;11;0
3,8935;21,5445;-202,2667;99,9278;12,3389;-90,0000;111,5445;400,000;14,610;125,000;300,000;42,3609;0,3397;-1,9336;1,5939;-0,0000;42,3609;-13,6658;7,0045;-39,6785;32,6720;0,0097;-13,6665;11;0
3,8960;21,6530;-202,2658;99,9228;12,3431;-90,0000;111,6530;400,000;15,379;125,000;300,000;42,3257;0,3576;-2,0353;1,6776;0,0000;42,3257;-13,7817;7,0097;-39,6749;32,6638;0,0068;-13,7814;11;0
3,8986;21,7615;-202,2649;99,9174;12,3475;-90,0000;111,7615;400,000;16,148;125,000;300,000;42,2903;0,3756;-2,1369;1,7614;0,0000;42,2903;-13,8985;7,0153;-39,6713;32,6562;-0,0010;-13,8986;11;0
3,9012;21,8698;-202,2639;99,9118;12,3521;-90,0000;111,8698;400,000;16,917;125,000;300,000;42,2545;0,3936;-2,2386;1,8450;-0,0000;42,2545;-14,0134;7,0209;-39,6672;32,6471;-0,0034;-14,0135;11;0
3,9037;21,9781;-202,2629;99,9059;12,3569;-90,0000;111,9781;400,000;17,686;125,000;300,000;42,2184;0,4116;-2,3403;1,9287;0,0000;42,2184;-14,1257;7,0263;-39,6625;32,6356;0,0020;-14,1255;11;0
3,9063;22,0862;-202,2618;99,8998;12,3620;-90,0000;112,0862;400,000;18,455;125,000;300,000;42,1821;0,4296;-2,4419;2,0124;0,0000;42,1821;-14,2394;7,0324;-39,6579;32,6255;-0,0000;-14,2394;11;0
3,9088;22,1943;-202,2607;99,8934;12,3673;-90,0000;112,1943;400,000;19,224;125,000;300,000;42,1454;0,4476;-2,5436;2,0960;-0,0000;42,1454;-14,3524;7,0387;-39,6532;32,6147;-0,0010;-14,3524;11;0
3,9114;22,3023;-202,2595;99,8868;12,3727;-90,0000;112,3023;400,000;19,993;125,000;300,000;42,1085;0,4657;-2,6452;2,1795;0,0000;42,1085;-14,4643;7,0451;-39,6482;32,6027;-0,0000;-14,4643;11;0
3,9140;22,4102;-202,2583;99,8799;12,3784;-90,0000;112,4102;400,000;20,762;125,000;300,000;42,0713;0,4837;-2,7468;2,2631;-0,0000;42,0713;-14,5759;7,0519;-39,6429;32,5910;-0,0000;-14,5759;11;0
3,9165;22,5180;-202,2570;99,8727;12,3843;-90,0000;112,5180;400,000;21,531;125,000;300,000;42,0338;0,5018;-2,8484;2,3466;-0,0000;42,0338;-14,6832;7,0582;-39,6363;32,5762;0,0144;-14,6843;11;0
3,9191;22,6256;-202,2557;99,8652;12,3905;-90,0000;112,6256;400,000;22,300;125,000;300,000;41,9960;0,5199;-2,9500;2,4301;0,0001;41,9960;-14,7976;7,0663;-39,6320;32,5660;0,0000;-14,7977;11;0
3,9217;22,7332;-202,2544;99,8576;12,3968;-90,0000;112,7332;400,000;23,069;125,000;300,000;41,9579;0,5381;-3,0516;2,5136;0,0000;41,9579;-14,9152;7,0750;-39,6283;32,5583;-0,0286;-14,9131;11;0
3,9242;22,8407;-202,2530;99,8496;12,4033;-90,0000;112,8407;400,000;23,838;125,000;300,000;41,9196;0,5562;-3,1532;2,5970;-0,0001;41,9196;-15,0196;7,0813;-39,6206;32,5405;-0,0091;-15,0198;11;0
3,9268;22,9481;-202,2515;99,8414;12,4101;-90,0000;112,9481;400,000;24,607;125,000;300,000;41,8809;0,5744;-3,2547;2,6804;-0,0000;41,8809;-15,1224;7,0886;-39,6130;32,5219;0,0143;-15,1236;11;0
3,9294;23,0554;-202,2500;99,8329;12,4171;-90,0000;113,0554;400,000;25,375;125,000;300,000;41,8420;0,5925;-3,3563;2,7637;0,0000;41,8420;-15,2298;7,0967;-39,6065;32,5065;0,0181;-15,2291;11;0
3,9319;23,1626;-202,2485;99,8242;12,4243;-90,0000;113,1626;400,000;26,144;125,000;300,000;41,8029;0,6107;-3,4578;2,8470;0,0000;41,8029;-15,3442;7,1061;-39,6015;32,4964;-0,0065;-15,3444;11;0
3,9345;23,2697;-202,2469;99,8152;12,4317;-90,0000;113,2697;400,000;26,913;125,000;300,000;41,7634;0,6290;-3,5593;2,9303;-0,0000;41,7634;-15,4522;7,1152;-39,5951;32,4818;-0,0090;-15,4527;11;0
3,9370;23,3767;-202,2452;99,8059;12,4393;-90,0000;113,3767;400,000;27,682;125,000;300,000;41,7236;0,6472;-3,6607;3,0135;0,0000;41,7236;-15,5532;7,1230;-39,5866;32,4612;0,0130;-15,5526;11;0
3,9396;23,4836;-202,2436;99,7964;12,4471;-90,0000;113,4836;400,000;28,451;125,000;300,000;41,6836;0,6655;-3,7622;3,0967;0,0000;41,6836;-15,6637;7,1329;-39,5806;32,4483;-0,0036;-15,6638;11;0
3,9422;23,5904;-202,2418;99,7867;12,4552;-90,0000;113,5904;400,000;29,220;125,000;300,000;41,6433;0,6838;-3,8636;3,1799;-0,0000;41,6433;-15,7701;7,1426;-39,5736;32,4324;-0,0065;-15,7704;11;0
3,9447;23,6971;-202,2401;99,7766;12,4634;-90,0000;113,6971;400,000;29,989;125,000;300,000;41,6028;0,7021;-3,9651;3,2630;0,0000;41,6028;-15,8716;7,1515;-39,5652;32,4122;0,0072;-15,8713;11;0
3,9473;23,8037;-202,2382;99,7663;12,4719;-90,0000;113,8037;400,000;30,758;125,000;300,000;41,5620;0,7204;-4,0665;3,3460;0,0000;41,5620;-15,9783;7,1619;-39,5581;32,3965;-0,0014;-15,9783;11;0
3,9499;23,9102;-202,2364;99,7558;12,4806;-90,0000;113,9102;400,000;31,527;125,000;300,000;41,5209;0,7388;-4,1679;3,4291;-0,0000;41,5209;-16,0828;7,1722;-39,5504;32,3790;-0,0036;-16,0829;11;0
3,9524;24,0165;-202,2344;99,7450;12,4895;-90,0000;114,0165;400,000;32,296;125,000;300,000;41,4795;0,7572;-4,2692;3,5120;0,0000;41,4795;-16,1844;7,1822;-39,5420;32,3591;0,0027;-16,1843;11;0
3,9550;24,1228;-202,2325;99,7339;12,4986;-90,0000;114,1228;400,000;33,065;125,000;300,000;41,4379;0,7756;-4,3706;3,5949;0,0000;41,4379;-16,2879;7,1930;-39,5340;32,3410;-0,0000;-16,2879;11;0
3,9575;24,2290;-202,2305;99,7226;12,5079;-90,0000;114,2290;400,000;33,834;125,000;300,000;41,3960;0,7941;-4,4719;3,6778;-0,0000;41,3960;-16,3904;7,2040;-39,5257;32,3221;-0,0014;-16,3905;11;0
3,9601;24,3350;-202,2284;99,7110;12,5174;-90,0000;114,3350;400,000;34,603;125,000;300,000;41,3539;0,8126;-4,5732;3,7606;-0,0000;41,3539;-16,4915;7,2149;-39,5171;32,3017;0,0003;-16,4915;11;0
3,9627;24,4410;-202,2263;99,6991;12,5272;-90,0000;114,4410;400,000;35,372;125,000;300,000;41,3115;0,8311;-4,6745;3,8434;0,0000;41,3115;-16,5925;7,2264;-39,5084;32,2820;-0,0000;-16,5925;11;0
3,9652;24,5468;-202,2242;99,6870;12,5371;-90,0000;114,5468;400,000;36,141;125,000;300,000;41,2688;0,8496;-4,7757;3,9261;-0,0000;41,2688;-16,6881;7,2398;-39,4957;32,2680;0,0184;-16,6825;11;0
3,9678;24,6525;-202,2219;99,6746;12,5473;-90,0000;114,6525;400,000;36,910;125,000;300,000;41,2259;0,8682;-4,8769;4,0088;0,0001;41,2260;-16,7928;7,2503;-39,4906;32,2412;-0,0005;-16,7921;11;0
3,9704;24,7581;-202,2197;99,6620;12,5577;-90,0000;114,7581;400,000;37,679;125,000;300,000;41,1827;0,8868;-4,9782;4,0914;-0,0000;41,1828;-16,9018;7,2585;-39,4885;32,2074;-0,0378;-16,9127;11;0
3,9729;24,8636;-202,2174;99,6491;12,5683;-90,0000;114,8636;400,000;38,448;125,000;300,000;41,1393;0,9054;-5,0794;4,1739;-0,0001;41,1393;-16,9958;7,2714;-39,4753;32,1900;-0,0205;-16,9841;11;0
3,9755;24,9690;-202,2151;99,6360;12,5791;-90,0000;114,9690;400,000;39,217;125,000;300,000;41,0956;0,9240;-5,1805;4,2564;-0,0001;41,0957;-17,0834;7,2887;-39,4589;32,1811;0,0191;-17,0771;11;0
3,9781;25,0743;-202,2127;99,6226;12,5901;-90,0000;115,0743;400,000;39,986;125,000;300,000;41,0517;0,9428;-5,2816;4,3389;0,0000;41,0517;-17,1745;7,3036;-39,4444;32,1661;0,0424;-17,1997;11;0
3,9806;25,1795;-202,2102;99,6089;12,6013;-90,0000;115,1795;400,000;40,755;125,000;300,000;41,0076;0,9615;-5,3827;4,4213;0,0001;41,0075;-17,2821;7,3118;-39,4415;32,1300;0,0003;-17,2837;11;0
3,9832;25,2845;-202,2077;99,5950;12,6128;-90,0000;115,2845;400,000;41,523;125,000;300,000;40,9631;0,9802;-5,4838;4,5036;0,0000;40,9631;-17,3840;7,3239;-39,4364;32,1002;-0,0214;-17,3711;11;0
3,9857;25,3895;-202,2052;99,5808;12,6244;-90,0000;115,3895;400,000;42,292;125,000;300,000;40,9185;0,9990;-5,5849;4,5859;0,0000;40,9185;-17,4768;7,3418;-39,4217;32,0915;-0,0109;-17,4799;11;0
3,9883;25,4943;-202,2026;99,5663;12,6363;-90,0000;115,4943;400,000;43,061;125,000;300,000;40,8735;1,0179;-5,6859;4,6681;-0,0001;40,8735;-17,5686;7,3531;-39,4117;32,0589;0,0004;-17,5690;11;0
3,9909;25,5990;-202,2000;99,5516;12,6484;-90,0000;115,5990;400,000;43,830;125,000;300,000;40,8284;1,0367;-5,7869;4,7502;0,0000;40,8284;-17,6575;7,3620;-39,4026;32,0163;0,0208;-17,6496;11;0
3,9934;25,7036;-202,1973;99,5367;12,6606;-90,0000;115,7036;400,000;44,599;125,000;300,000;40,7830;1,0556;-5,8879;4,8322;0,0001;40,7830;-17,7607;7,3841;-39,3885;32,0226;-0,0163;-17,7644;11;0
3,9960;25,8081;-202,1946;99,5214;12,6731;-90,0000;115,8081;400,000;45,368;125,000;300,000;40,7374;1,0746;-5,9889;4,9144;-0,0001;40,7373;-17,8519;7,3983;-39,3787;31,9934;-0,0094;-17,8567;11;0
3,9986;25,9124;-202,1918;99,5060;12,6858;-90,0000;115,9124;400,000;46,137;125,000;300,001;40,6915;1,0935;-6,0898;4,9963;0,0000;40,6915;-17,9335;7,4028;-39,3709;31,9309;0,0315;-17,9248;11;0
4,0011;26,0167;-202,1890;99,4902;12,6987;-90,0000;116,0167;400,000;46,906;125,000;299,999;40,6454;1,1125;-6,1907;5,0781;0,0001;40,6454;-18,0337;7,4236;-39,3561;31,9312;-0,0016;-18,0319;11;0
4,0037;26,1208;-202,1861;99,4742;12,7119;-90,0000;116,1208;400,000;47,675;125,000;300,000;40,5991;1,1316;-6,2915;5,1599;-0,0000;40,5991;-18,1285;7,4434;-39,3441;31,9194;-0,0156;-18,1330;11;0
4,0062;26,2248;-202,1832;99,4580;12,7252;-90,0000;116,2248;400,000;48,444;125,000;300,000;40,5525;1,1507;-6,3924;5,2417;-0,0000;40,5525;-18,2146;7,4556;-39,3342;31,8793;0,0008;-18,2155;11;0
4,0088;26,3287;-202,1802;99,4415;12,7387;-90,0000;116,3287;400,000;49,213;125,000;300,000;40,5057;1,1698;-6,4932;5,3234;-0,0000;40,5057;-18,3044;7,4703;-39,3222;31,8510;0,0003;-18,3045;11;0
4,0114;26,4324;-202,1772;99,4247;12,7525;-90,0000;116,4324;400,000;49,982;125,000;300,000;40,4587;1,1890;-6,5940;5,4050;0,0000;40,4586;-18,3936;7,4862;-39,3102;31,8240;-0,0000;-18,3936;11;0
4,0139;26,5361;-202,1741;99,4077;12,7664;-90,0000;116,5361;400,000;50,751;125,000;300,000;40,4114;1,2082;-6,6947;5,4865;-0,0000;40,4114;-18,4726;7,5038;-39,2923;31,8018;0,0362;-18,4644;11;0
4,0165;26,6396;-202,1710;99,3904;12,7806;-90,0000;116,6396;400,000;51,520;125,000;300,000;40,3640;1,2274;-6,7954;5,5680;0,0002;40,3640;-18,5701;7,5187;-39,2855;31,7695;-0,0008;-18,5689;11;0
4,0191;26,7430;-202,1678;99,3728;12,7950;-90,0000;116,7430;400,000;52,289;125,000;299,999;40,3162;1,2467;-6,8961;5,6494;-0,0000;40,3162;-18,6761;7,5317;-39,2847;31,7291;-0,0732;-18,6922;11;0
4,0216;26,8463;-202,1646;99,3550;12,8096;-90,0000;116,8463;400,000;53,058;125,000;300,001;40,2682;1,2661;-6,9968;5,7307;-0,0002;40,2682;-18,7430;7,5502;-39,2616;31,7062;0,0017;-18,7454;11;0
4,0242;26,9494;-202,1613;99,3370;12,8244;-90,0000;116,9494;400,000;53,827;125,000;300,000;40,2201;1,2854;-7,0974;5,8119;0,0000;40,2201;-18,8197;7,5693;-39,2427;31,6850;0,0367;-18,8117;11;0
4,0268;27,0525;-202,1580;99,3186;12,8394;-90,0000;117,0525;400,000;54,596;125,000;300,000;40,1717;1,3049;-7,1979;5,8931;-0,0000;40,1717;-18,9146;7,5854;-39,2352;31,6524;-0,0008;-18,9135;11;0
4,0293;27,1554;-202,1546;99,3001;12,8546;-90,0000;117,1554;400,000;55,365;125,000;300,000;40,1231;1,3243;-7,2985;5,9742;0,0000;40,1231;-18,9990;7,6020;-39,2227;31,6199;-0,0002;-18,9990;11;0
4,0319;27,2581;-202,1512;99,2812;12,8700;-90,0000;117,2581;400,000;56,134;125,000;300,000;40,0743;1,3438;-7,3990;6,0552;-0,0000;40,0743;-19,0828;7,6196;-39,2094;31,5898;-0,0000;-19,0828;11;0
4,0344;27,3608;-202,1477;99,2621;12,8856;-90,0000;117,3608;400,000;56,903;125,000;300,000;40,0253;1,3634;-7,4995;6,1361;-0,0000;40,0253;-19,1658;7,6374;-39,1959;31,5598;0,0004;-19,1656;11;0
4,0370;27,4633;-202,1442;99,2428;12,9014;-90,0000;117,4633;400,000;57,672;125,000;300,000;39,9761;1,3830;-7,5999;6,2170;0,0000;39,9761;-19,2484;7,6550;-39,1827;31,5277;-0,0000;-19,2485;11;0
4,0396;27,5657;-202,1406;99,2232;12,9175;-90,0000;117,5657;400,000;58,440;125,000;300,000;39,9266;1,4026;-7,7004;6,2977;-0,0000;39,9266;-19,3303;7,6729;-39,1693;31,4957;-0,0002;-19,3304;11;0
4,0421;27,6680;-202,1370;99,2033;12,9337;-90,0000;117,6680;400,000;59,209;125,000;300,000;39,8770;1,4223;-7,8007;6,3784;0,0000;39,8770;-19,4114;7,6912;-39,1556;31,4638;-0,0001;-19,4115;11;0
4,0447;27,7702;-202,1334;99,1832;12,9502;-90,0000;117,7702;400,000;59,978;125,000;300,000;39,8271;1,4421;-7,9011;6,4590;-0,0000;39,8271;-19,4919;7,7098;-39,1417;31,4319;-0,0000;-19,4920;11;0
4,0473;27,8722;-202,1296;99,1628;12,9668;-90,0000;117,8722;400,000;60,747;125,000;300,000;39,7771;1,4618;-8,0014;6,5396;-0,0000;39,7771;-19,5717;7,7287;-39,1275;31,4001;0,0002;-19,5715;11;0
4,0498;27,9741;-202,1259;99,1422;12,9837;-90,0000;117,9741;400,000;61,516;125,000;300,000;39,7268;1,4817;-8,1017;6,6200;0,0000;39,7268;-19,6509;7,7471;-39,1137;31,3658;0,0001;-19,6509;11;0
4,0524;28,0758;-202,1220;99,1213;13,0008;-90,0000;118,0758;400,000;62,285;125,000;300,000;39,6763;1,5016;-8,2019;6,7003;0,0000;39,6763;-19,7294;7,7662;-39,0995;31,3326;-0,0001;-19,7295;11;0
4,0549;28,1775;-202,1182;99,1001;13,0181;-90,0000;118,1775;400,000;63,054;125,000;300,000;39,6257;1,5215;-8,3021;6,7806;-0,0000;39,6257;-19,7965;7,7854;-39,0804;31,2979;0,0410;-19,7958;11;0
4,0575;28,2790;-202,1142;99,0787;13,0355;-90,0000;118,2790;400,000;63,823;125,000;300,000;39,5749;1,5415;-8,4022;6,8608;0,0002;39,5749;-19,8843;7,8055;-39,0702;31,2669;-0,0001;-19,8841;11;0
4,0601;28,3803;-202,1103;99,0570;13,0532;-90,0000;118,3803;400,000;64,592;125,000;299,999;39,5237;1,5615;-8,5024;6,9409;-0,0000;39,5237;-19,9821;7,8257;-39,0647;31,2358;-0,0821;-19,9832;11;0
4,0626;28,4816;-202,1062;99,0351;13,0711;-90,0000;118,4816;400,000;65,361;125,000;300,001;39,4724;1,5816;-8,6025;7,0209;-0,0002;39,4724;-20,0364;7,8438;-39,0418;31,1935;0,0001;-20,0367;11;0
4,0652;28,5827;-202,1022;99,0129;13,0892;-90,0000;118,5827;400,000;66,130;125,000;300,000;39,4210;1,6017;-8,7025;7,1008;0,0000;39,4210;-20,1009;7,8641;-39,0219;31,1590;0,0410;-20,1004;11;0
4,0678;28,6837;-202,0980;98,9905;13,1075;-90,0000;118,6837;400,000;66,899;125,000;300,000;39,3694;1,6219;-8,8025;7,1806;-0,0000;39,3694;-20,1860;7,8853;-39,0109;31,1279;-0,0001;-20,1858;11;0
4,0703;28,7845;-202,0938;98,9678;13,1260;-90,0000;118,7845;400,000;67,668;125,000;300,000;39,3175;1,6421;-8,9025;7,2604;-0,0000;39,3175;-20,2595;7,9053;-38,9961;31,0905;0,0006;-20,2595;11;0
4,0729;28,8852;-202,0896;98,9449;13,1447;-90,0000;118,8852;400,000;68,437;125,000;300,000;39,2655;1,6624;-9,0025;7,3400;0,0000;39,2655;-20,3327;7,9260;-38,9808;31,0549;-0,0000;-20,3327;11;0
4,0755;28,9858;-202,0853;98,9217;13,1637;-90,0000;118,9858;400,000;69,206;125,000;300,000;39,2133;1,6828;-9,1023;7,4196;-0,0000;39,2133;-20,4010;7,9511;-38,9598;31,0348;0,0154;-20,3929;11;0
4,0780;29,0862;-202,0810;98,8982;13,1828;-90,0000;119,0862;400,000;69,975;125,000;300,000;39,1609;1,7032;-9,2022;7,4991;0,0001;39,1610;-20,4769;7,9679;-38,9500;30,9827;-0,0010;-20,4758;11;0
4,0806;29,1865;-202,0766;98,8745;13,2021;-90,0000;119,1865;400,000;70,744;125,000;300,000;39,1083;1,7236;-9,3020;7,5784;-0,0000;39,1083;-20,5561;7,9805;-38,9457;30,9141;-0,0326;-20,5720;11;0
4,0831;29,2867;-202,0721;98,8505;13,2216;-90,0000;119,2867;400,000;71,513;125,000;300,000;39,0556;1,7441;-9,4018;7,6576;-0,0001;39,0555;-20,6225;8,0052;-38,9252;30,8893;-0,0174;-20,6027;11;0
4,0857;29,3868;-202,0676;98,8263;13,2414;-90,0000;119,3868;400,000;72,282;125,000;300,000;39,0026;1,7646;-9,5016;7,7368;-0,0001;39,0027;-20,6830;8,0360;-38,8971;30,8859;0,0175;-20,6735;11;0
4,0883;29,4867;-202,0631;98,8018;13,2613;-90,0000;119,4867;400,000;73,051;125,000;300,000;38,9495;1,7853;-9,6012;7,8159;0,0000;38,9495;-20,7466;8,0634;-38,8736;30,8696;0,0379;-20,7896;11;0
4,0908;29,5864;-202,0585;98,7771;13,2814;-90,0000;119,5864;400,000;73,820;125,000;300,000;38,8963;1,8060;-9,7008;7,8950;0,0001;38,8961;-20,8281;8,0729;-38,8747;30,7854;-0,0133;-20,8143;11;0
4,0934;29,6861;-202,0538;98,7521;13,3018;-90,0000;119,6861;400,000;74,588;125,000;300,000;38,8428;1,8267;-9,8005;7,9737;-0,0001;38,8428;-20,8972;8,0930;-38,8615;30,7388;-0,0190;-20,8746;11;0
4,0960;29,7855;-202,0491;98,7268;13,3223;-90,0000;119,7856;400,000;75,357;125,000;300,000;38,7891;1,8475;-9,9001;8,0526;0,0000;38,7891;-20,9528;8,1256;-38,8304;30,7393;0,0240;-20,9855;11;0
4,0985;29,8849;-202,0444;98,7013;13,3430;-90,0000;119,8849;400,000;76,126;125,000;300,000;38,7353;1,8683;-9,9996;8,1313;0,0001;38,7353;-21,0236;8,1440;-38,8189;30,6864;0,0062;-21,0199;11;0
4,1011;29,9841;-202,0395;98,6756;13,3640;-90,0000;119,9841;400,000;76,895;125,000;300,000;38,6814;1,8892;-10,0991;8,2099;0,0000;38,6814;-21,0937;8,1623;-38,8095;30,6297;-0,0118;-21,0764;11;0
4,1036;30,0832;-202,0347;98,6496;13,3851;-90,0000;120,0832;400,000;77,664;125,000;300,000;38,6272;1,9102;-10,1985;8,2883;-0,0000;38,6272;-21,1591;8,1845;-38,7940;30,5875;-0,0138;-21,1681;11;0
4,1062;30,1821;-202,0298;98,6233;13,4065;-90,0000;120,1821;400,000;78,433;125,000;300,000;38,5729;1,9312;-10,2979;8,3667;-0,0000;38,5729;-21,2195;8,2106;-38,7719;30,5610;0,0004;-21,2199;11;0
4,1088;30,2809;-202,0248;98,5968;13,4280;-90,0000;120,2809;400,000;79,202;125,000;300,000;38,5184;1,9523;-10,3973;8,4450;0,0000;38,5184;-21,2811;8,2358;-38,7529;30,5279;0,0071;-21,2764;11;0
4,1113;30,3796;-202,0197;98,5700;13,4498;-90,0000;120,3796;400,000;79,971;125,000;300,000;38,4638;1,9734;-10,4966;8,5232;-0,0000;38,4638;-21,3457;8,2575;-38,7386;30,4812;-0,0002;-21,3455;11;0
4,1139;30,4781;-202,0147;98,5430;13,4717;-90,0000;120,4781;400,000;80,740;125,000;300,000;38,4090;1,9946;-10,5959;8,6013;0,0000;38,4090;-21,4077;8,2809;-38,7215;30,4406;0,0000;-21,4077;11;0
4,1165;30,5765;-202,0095;98,5157;13,4939;-90,0000;120,5765;400,000;81,509;125,000;300,000;38,3541;2,0158;-10,6951;8,6792;0,0000;38,3541;-21,4690;8,3046;-38,7044;30,3998;-0,0000;-21,4690;11;0
4,1190;30,6747;-202,0043;98,4881;13,5162;-90,0000;120,6747;400,000;82,278;125,000;300,000;38,2989;2,0372;-10,7943;8,7571;-0,0000;38,2989;-21,5296;8,3283;-38,6874;30,3583;0,0001;-21,5297;11;0
4,1216;30,7728;-201,9991;98,4603;13,5387;-90,0000;120,7728;400,000;83,047;125,000;300,000;38,2437;2,0585;-10,8934;8,8349;0,0000;38,2437;-21,5896;8,3524;-38,6700;30,3176;-0,0000;-21,5896;11;0
4,1242;30,8708;-201,9938;98,4323;13,5615;-90,0000;120,8708;400,000;83,816;125,000;300,000;38,1883;2,0800;-10,9925;8,9125;-0,0000;38,1883;-21,6490;8,3769;-38,6525;30,2771;-0,0003;-21,6487;11;0
4,1267;30,9686;-201,9884;98,4040;13,5844;-90,0000;120,9686;400,000;84,585;125,000;300,000;38,1327;2,1015;-11,0916;8,9901;-0,0000;38,1327;-21,7075;8,4009;-38,6353;30,2343;-0,0000;-21,7075;11;0
4,1293;31,0663;-201,9830;98,3754;13,6076;-90,0000;121,0663;400,000;85,354;125,000;300,000;38,0770;2,1231;-11,1906;9,0675;-0,0000;38,0770;-21,7653;8,4253;-38,6178;30,1918;0,0001;-21,7655;11;0
4,1318;31,1638;-201,9775;98,3466;13,6309;-90,0000;121,1638;400,000;86,123;125,000;300,000;38,0211;2,1447;-11,2895;9,1449;-0,0000;38,0211;-21,8225;8,4500;-38,6003;30,1496;0,0002;-21,8226;11;0
4,1344;31,2612;-201,9720;98,3176;13,6545;-90,0000;121,2612;400,000;86,892;125,000;300,000;37,9651;2,1664;-11,3885;9,2221;0,0000;37,9651;-21,8791;8,4749;-38,5825;30,1076;-0,0000;-21,8791;11;0
4,1370;31,3584;-201,9664;98,2882;13,6782;-90,0000;121,3584;400,000;87,661;125,000;300,000;37,9090;2,1881;-11,4873;9,2992;-0,0000;37,9090;-21,9250;8,5010;-38,5592;30,0689;0,0384;-21,9207;11;0
4,1395;31,4555;-201,9608;98,2587;13,7021;-90,0000;121,4555;400,000;88,430;125,000;300,000;37,8527;2,2099;-11,5861;9,3762;0,0002;37,8527;-21,9900;8,5250;-38,5470;30,0219;0,0000;-21,9900;11;0
4,1421;31,5525;-201,9551;98,2288;13,7263;-90,0000;121,5525;400,000;89,199;125,000;299,999;37,7962;2,2318;-11,6849;9,4531;0,0000;37,7962;-22,0644;8,5484;-38,5400;29,9722;-0,0774;-22,0728;11;0
4,1447;31,6493;-201,9494;98,1988;13,7506;-90,0000;121,6493;400,000;89,968;125,000;300,001;37,7396;2,2538;-11,7837;9,5299;-0,0002;37,7396;-22,0983;8,5757;-38,5111;29,9354;-0,0000;-22,0983;11;0
4,1472;31,7459;-201,9435;98,1684;13,7751;-90,0000;121,7459;400,000;90,737;125,000;300,000;37,6830;2,2758;-11,8824;9,6066;-0,0000;37,6830;-22,1414;8,6021;-38,4878;29,8942;0,0389;-22,1373;11;0
4,1498;31,8424;-201,9377;98,1379;13,7998;-90,0000;121,8424;400,000;91,505;125,000;300,000;37,6261;2,2979;-11,9810;9,6831;0,0000;37,6261;-22,2038;8,6271;-38,4750;29,8479;-0,0000;-22,2038;11;0
4,1523;31,9388;-201,9318;98,1070;13,8248;-90,0000;121,9388;400,000;92,274;125,000;300,000;37,5691;2,3200;-12,0796;9,7596;-0,0000;37,5691;-22,2449;8,6531;-38,4518;29,8041;0,0414;-22,2431;11;0
4,1549;32,0350;-201,9258;98,0759;13,8499;-90,0000;122,0350;400,000;93,043;125,000;300,000;37,5121;2,3422;-12,1781;9,8359;0,0002;37,5121;-22,3066;8,6794;-38,4383;29,7610;-0,0002;-22,3062;11;0
4,1575;32,1311;-201,9198;98,0446;13,8752;-90,0000;122,1311;400,000;93,812;125,000;299,999;37,4548;2,3645;-12,2766;9,9121;-0,0000;37,4548;-22,3782;8,7053;-38,4301;29,7162;-0,0831;-22,3814;11;0
4,1600;32,2270;-201,9137;98,0130;13,9007;-90,0000;122,2270;400,000;94,581;125,000;300,001;37,3974;2,3869;-12,3751;9,9882;-0,0002;37,3973;-22,4065;8,7308;-38,4026;29,6676;0,0004;-22,4072;11;0
4,1626;32,3228;-201,9075;97,9811;13,9264;-90,0000;122,3228;400,000;95,350;125,000;300,000;37,3399;2,4093;-12,4735;10,0642;0,0000;37,3399;-22,4449;8,7579;-38,3786;29,6251;0,0415;-22,4435;11;0
4,1652;32,4185;-201,9013;97,9490;13,9523;-90,0000;122,4185;400,000;96,119;125,000;300,000;37,2823;2,4317;-12,5719;10,1401;-0,0000;37,2823;-22,5039;8,7850;-38,3648;29,5819;-0,0002;-22,5035;11;0
4,1677;32,5139;-201,8951;97,9167;13,9784;-90,0000;122,5139;400,000;96,888;125,000;300,000;37,2246;2,4543;-12,6702;10,2159;0,0000;37,2246;-22,5514;8,8112;-38,3467;29,5346;0,0002;-22,5512;11;0
4,1703;32,6093;-201,8887;97,8841;14,0046;-90,0000;122,6093;400,000;97,657;125,000;300,000;37,1667;2,4769;-12,7684;10,2915;0,0000;37,1667;-22,5985;8,8383;-38,3280;29,4898;-0,0000;-22,5985;11;0
4,1729;32,7045;-201,8824;97,8512;14,0311;-90,0000;122,7045;400,000;98,426;125,000;300,000;37,1087;2,4996;-12,8667;10,3670;-0,0000;37,1087;-22,6448;8,8654;-38,3093;29,4444;-0,0001;-22,6449;11;0
4,1754;32,7995;-201,8759;97,8181;14,0578;-90,0000;122,7995;400,000;99,195;125,000;300,000;37,0506;2,5224;-12,9648;10,4425;0,0000;37,0506;-22,6905;8,8923;-38,2909;29,3978;-0,0003;-22,6905;11;0
4,1780;32,8944;-201,8694;97,7848;14,0846;-90,0000;122,8944;400,000;99,964;125,000;300,000;36,9924;2,5452;-13,0629;10,5178;-0,0000;36,9924;-22,7353;8,9198;-38,2720;29,3523;-0,0000;-22,7353;11;0
4,1805;32,9892;-201,8629;97,7512;14,1117;-90,0000;122,9892;400,000;100,733;125,000;300,000;36,9341;2,5681;-13,1610;10,5929;-0,0000;36,9341;-22,7794;8,9475;-38,2530;29,3070;0,0007;-22,7792;11;0
4,1831;33,0837;-201,8563;97,7173;14,1390;-90,0000;123,0837;400,000;101,502;125,000;300,000;36,8756;2,5911;-13,2590;10,6680;0,0000;36,8756;-22,8232;8,9748;-38,2345;29,2597;-0,0000;-22,8232;11;0
4,1857;33,1782;-201,8496;97,6832;14,1664;-90,0000;123,1782;400,000;102,271;125,000;300,000;36,8171;2,6141;-13,3570;10,7429;-0,0000;36,8171;-22,8662;9,0024;-38,2158;29,2127;-0,0004;-22,8664;11;0
4,1882;33,2725;-201,8429;97,6488;14,1940;-90,0000;123,2725;400,000;103,040;125,000;300,000;36,7584;2,6372;-13,4550;10,8177;-0,0000;36,7584;-22,9084;9,0303;-38,1968;29,1665;0,0000;-22,9083;11;0
4,1908;33,3666;-201,8361;97,6142;14,2218;-90,0000;123,3666;400,000;103,809;125,000;300,000;36,6996;2,6604;-13,5528;10,8924;0,0000;36,6996;-22,9499;9,0582;-38,1780;29,1191;0,0002;-22,9500;11;0
4,1934;33,4606;-201,8292;97,5794;14,2499;-90,0000;123,4606;400,000;104,578;125,000;300,000;36,6407;2,6836;-13,6507;10,9670;0,0000;36,6407;-22,9910;9,0864;-38,1590;29,0726;-0,0000;-22,9910;11;0
4,1959;33,5545;-201,8223;97,5442;14,2781;-90,0000;123,5545;400,000;105,347;125,000;300,000;36,5818;2,7070;-13,7485;11,0415;-0,0000;36,5818;-23,0313;9,1149;-38,1398;29,0264;-0,0004;-23,0311;11;0
4,1985;33,6482;-201,8153;97,5089;14,3065;-90,0000;123,6482;400,000;106,116;125,000;300,000;36,5227;2,7304;-13,8462;11,1158;-0,0000;36,5227;-23,0708;9,1430;-38,1210;28,9781;0,0000;-23,0708;11;0
4,2010;33,7417;-201,8083;97,4733;14,3351;-90,0000;123,7417;400,000;106,885;125,000;300,000;36,4635;2,7538;-13,9439;11,1900;0,0000;36,4635;-23,1098;9,1713;-38,1021;28,9302;0,0001;-23,1100;11;0
4,2036;33,8351;-201,8012;97,4374;14,3638;-90,0000;123,8351;400,000;107,654;125,000;300,000;36,4042;2,7774;-14,0415;11,2641;-0,0000;36,4042;-23,1481;9,2000;-38,0830;28,8830;-0,0000;-23,1481;11;0
4,2062;33,9283;-201,7941;97,4013;14,3928;-90,0000;123,9283;400,000;108,422;125,000;300,000;36,3448;2,8010;-14,1391;11,3381;0,0000;36,3448;-23,1865;9,2280;-38,0650;28,8323;-0,0030;-23,1863;11;0
4,2087;34,0214;-201,7869;97,3649;14,4220;-90,0000;124,0214;400,000;109,191;125,000;300,000;36,2853;2,8247;-14,2366;11,4119;-0,0000;36,2853;-23,2227;9,2576;-38,0449;28,7873;-0,0000;-23,2227;11;0
4,2113;34,1143;-201,7796;97,3283;14,4513;-90,0000;124,1143;400,000;109,960;125,000;300,000;36,2258;2,8485;-14,3341;11,4857;-0,0000;36,2258;-23,2575;9,2880;-38,0236;28,7450;0,0062;-23,2576;11;0
4,2139;34,2071;-201,7723;97,2914;14,4808;-90,0000;124,2071;400,000;110,729;125,000;300,000;36,1661;2,8723;-14,4316;11,5593;0,0000;36,1661;-23,2950;9,3153;-38,0071;28,6899;-0,0013;-23,2952;11;0
4,2164;34,2997;-201,7649;97,2543;14,5106;-90,0000;124,2997;400,000;111,498;125,000;300,000;36,1064;2,8962;-14,5290;11,6327;-0,0000;36,1064;-23,3305;9,3440;-37,9886;28,6400;-0,0032;-23,3305;11;0
4,2190;34,3922;-201,7574;97,2170;14,5405;-90,0000;124,3922;400,000;112,267;125,000;300,000;36,0465;2,9202;-14,6263;11,7061;-0,0000;36,0465;-23,3634;9,3746;-37,9675;28,5967;0,0028;-23,3632;11;0
4,2216;34,4845;-201,7499;97,1793;14,5706;-90,0000;124,4845;400,000;113,036;125,000;300,000;35,9866;2,9443;-14,7236;11,7793;0,0000;35,9866;-23,3980;9,4034;-37,9494;28,5455;-0,0005;-23,3981;11;0
4,2241;34,5767;-201,7423;97,1415;14,6009;-90,0000;124,5767;400,000;113,805;125,000;300,000;35,9266;2,9684;-14,8209;11,8524;-0,0000;35,9266;-23,4313;9,4327;-37,9306;28,4960;-0,0014;-23,4314;11;0
4,2267;34,6687;-201,7347;97,1034;14,6313;-90,0000;124,6687;400,000;114,574;125,000;300,000;35,8665;2,9926;-14,9181;11,9254;-0,0000;35,8665;-23,4544;9,4565;-37,9126;28,4243;0,0357;-23,4626;11;0
4,2292;34,7605;-201,7270;97,0650;14,6620;-90,0000;124,7605;400,000;115,343;125,000;300,000;35,8063;3,0169;-15,0152;11,9982;0,0002;35,8063;-23,4951;9,4924;-37,8917;28,3998;0,0006;-23,4977;11;0
4,2318;34,8522;-201,7192;97,0264;14,6928;-90,0000;124,8522;400,000;116,112;125,000;299,999;35,7460;3,0413;-15,1123;12,0710;0,0000;35,7460;-23,5440;9,5346;-37,8690;28,3996;-0,0699;-23,5272;11;0
4,2344;34,9438;-201,7114;96,9875;14,7239;-90,0000;124,9438;400,000;116,881;125,000;300,001;35,6856;3,0658;-15,2093;12,1437;-0,0002;35,6857;-23,5572;9,5520;-37,8538;28,3007;-0,0011;-23,5519;11;0
4,2369;35,0352;-201,7035;96,9484;14,7551;-90,0000;125,0352;400,000;117,650;125,000;300,000;35,6253;3,0903;-15,3064;12,2161;-0,0000;35,6253;-23,5781;9,5759;-37,8363;28,2275;0,0346;-23,5866;11;0
4,2395;35,1264;-201,6956;96,9091;14,7865;-90,0000;125,1264;400,000;118,419;125,000;300,000;35,5648;3,1149;-15,4033;12,2884;-0,0000;35,5648;-23,6160;9,6124;-37,8151;28,2033;0,0005;-23,6186;11;0
4,2421;35,2175;-201,6875;96,8695;14,8181;-90,0000;125,2175;400,000;119,188;125,000;300,000;35,5042;3,1395;-15,5002;12,3607;-0,0000;35,5042;-23,6445;9,6424;-37,7962;28,1528;0,0011;-23,6446;11;0
4,2446;35,3084;-201,6795;96,8296;14,8499;-90,0000;125,3084;400,000;119,957;125,000;300,000;35,4436;3,1643;-15,5971;12,4328;0,0000;35,4436;-23,6728;9,6730;-37,7771;28,1041;-0,0000;-23,6728;11;0
4,2472;35,3992;-201,6713;96,7895;14,8818;-90,0000;125,3992;400,000;120,726;125,000;300,000;35,3828;3,1891;-15,6939;12,5047;-0,0000;35,3828;-23,7007;9,7038;-37,7579;28,0560;-0,0022;-23,7005;11;0
4,2498;35,4898;-201,6631;96,7492;14,9140;-90,0000;125,4898;400,000;121,495;125,000;300,000;35,3221;3,2140;-15,7906;12,5766;-0,0000;35,3221;-23,7269;9,7340;-37,7389;28,0048;-0,0000;-23,7270;11;0
4,2523;35,5803;-201,6548;96,7086;14,9463;-90,0000;125,5803;400,000;122,264;125,000;300,000;35,2612;3,2390;-15,8873;12,6483;-0,0000;35,2612;-23,7528;9,7645;-37,7199;27,9544;0,0011;-23,7530;11;0
4,2549;35,6706;-201,6465;96,6677;14,9788;-90,0000;125,6706;400,000;123,033;125,000;300,000;35,2003;3,2641;-15,9840;12,7199;-0,0000;35,2003;-23,7783;9,7954;-37,7007;27,9050;0,0011;-23,7784;11;0
4,2574;35,7607;-201,6381;96,6266;15,0115;-90,0000;125,7607;400,000;123,802;125,000;300,000;35,1393;3,2892;-16,0806;12,7914;0,0000;35,1393;-23,8035;9,8263;-37,6818;27,8555;-0,0000;-23,8035;11;0
4,2600;35,8507;-201,6296;96,5853;15,0444;-90,0000;125,8507;400,000;124,570;125,000;300,000;35,0783;3,3145;-16,1772;12,8627;-0,0000;35,0783;-23,8284;9,8575;-37,6629;27,8063;-0,0022;-23,8282;11;0
4,2626;35,9405;-201,6211;96,5437;15,0774;-90,0000;125,9405;400,000;125,339;125,000;300,000;35,0172;3,3398;-16,2737;12,9339;-0,0000;35,0172;-23,8515;9,8883;-37,6438;27,7555;-0,0000;-23,8516;11;0
4,2651;36,0302;-201,6125;96,5019;15,1107;-90,0000;126,0302;400,000;126,108;125,000;300,000;34,9560;3,3652;-16,3701;13,0050;-0,0000;34,9560;-23,8743;9,9194;-37,6248;27,7051;0,0011;-23,8745;11;0
4,2677;36,1197;-201,6039;96,4598;15,1441;-90,0000;126,1197;400,000;126,877;125,000;300,000;34,8948;3,3906;-16,4665;13,0759;-0,0000;34,8948;-23,8970;9,9506;-37,6061;27,6548;0,0004;-23,8971;11;0
4,2703;36,2091;-201,5951;96,4174;15,1777;-90,0000;126,2091;400,000;127,646;125,000;300,000;34,8335;3,4162;-16,5629;13,1467;0,0000;34,8335;-23,9190;9,9820;-37,5872;27,6051;-0,0000;-23,9190;11;0
4,2728;36,2983;-201,5864;96,3749;15,2115;-90,0000;126,2983;400,000;128,415;125,000;300,000;34,7722;3,4418;-16,6592;13,2174;-0,0000;34,7722;-23,9404;10,0137;-37,5682;27,5559;-0,0008;-23,9402;11;0
4,2754;36,3874;-201,5775;96,3320;15,2455;-90,0000;126,3874;400,000;129,184;125,000;300,000;34,7108;3,4675;-16,7555;13,2880;-0,0000;34,7108;-23,9609;10,0449;-37,5495;27,5046;-0,0000;-23,9610;11;0
4,2779;36,4762;-201,5686;96,2890;15,2796;-90,0000;126,4762;400,000;129,953;125,000;300,000;34,6493;3,4933;-16,8517;13,3584;-0,0000;34,6493;-23,9809;10,0764;-37,5309;27,4538;0,0004;-23,9810;11;0
4,2805;36,5650;-201,5596;96,2456;15,3139;-90,0000;126,5650;400,000;130,722;125,000;300,000;34,5878;3,5192;-16,9479;13,4287;-0,0000;34,5878;-24,0005;10,1082;-37,5121;27,4039;0,0000;-24,0004;11;0
4,2831;36,6536;-201,5505;96,2021;15,3485;-90,0000;126,6536;400,000;131,491;125,000;300,000;34,5263;3,5451;-17,0440;13,4989;0,0000;34,5263;-24,0194;10,1399;-37,4935;27,3535;0,0000;-24,0194;11;0
4,2856;36,7420;-201,5414;96,1583;15,3831;-90,0000;126,7420;400,000;132,260;125,000;300,000;34,4647;3,5711;-17,1401;13,5690;-0,0000;34,4647;-24,0376;10,1717;-37,4749;27,3027;0,0003;-24,0377;11;0
4,2882;36,8302;-201,5322;96,1142;15,4180;-90,0000;126,8302;400,000;133,029;125,000;300,000;34,4031;3,5972;-17,2361;13,6389;0,0000;34,4031;-24,0554;10,2037;-37,4563;27,2526;-0,0000;-24,0554;11;0
4,2908;36,9183;-201,5230;96,0699;15,4531;-90,0000;126,9183;400,000;133,798;125,000;300,000;34,3414;3,6234;-17,3321;13,7087;-0,0000;34,3414;-24,0652;10,2373;-37,4326;27,2087;0,0296;-24,0612;11;0
4,2933;37,0063;-201,5137;96,0254;15,4883;-90,0000;127,0063;400,000;134,567;125,000;300,000;34,2797;3,6497;-17,4280;13,7784;0,0002;34,2797;-24,0892;10,2684;-37,4197;27,1523;-0,0004;-24,0884;11;0
4,2959;37,0941;-201,5043;95,9806;15,5237;-90,0000;127,0941;400,000;135,336;125,000;300,000;34,2179;3,6761;-17,5239;13,8479;-0,0000;34,2179;-24,1200;10,2971;-37,4112;27,0891;-0,0599;-24,1275;11;0
4,2985;37,1817;-201,4948;95,9355;15,5593;-90,0000;127,1817;400,000;136,105;125,000;300,001;34,1560;3,7025;-17,6198;13,9172;-0,0002;34,1560;-24,1292;10,3293;-37,3881;27,0422;-0,0354;-24,1204;11;0
4,3010;37,2692;-201,4853;95,8902;15,5950;-90,0000;127,2692;400,000;136,874;125,000;300,000;34,0942;3,7290;-17,7156;13,9865;-0,0002;34,0942;-24,1279;10,3660;-37,3593;27,0062;0,0298;-24,1230;11;0
4,3036;37,3565;-201,4757;95,8447;15,6310;-90,0000;127,3565;400,000;137,643;125,000;300,001;34,0324;3,7557;-17,8113;14,0557;-0,0000;34,0324;-24,1317;10,4008;-37,3345;26,9638;0,0719;-24,1515;11;0
4,3061;37,4436;-201,4660;95,7989;15,6671;-90,0000;127,4436;400,000;138,412;125,000;299,999;33,9705;3,7823;-17,9070;14,1247;0,0002;33,9704;-24,1676;10,4283;-37,3314;26,8943;-0,0177;-24,1641;11;0
4,3087;37,5306;-201,4563;95,7529;15,7034;-90,0000;127,5306;400,000;139,181;125,000;300,000;33,9085;3,8091;-18,0027;14,1935;-0,0001;33,9085;-24,1854;10,4605;-37,3163;26,8415;-0,0363;-24,1748;11;0
4,3113;37,6174;-201,4465;95,7067;15,7399;-90,0000;127,6174;400,000;139,950;125,000;300,000;33,8465;3,8360;-18,0983;14,2623;-0,0000;33,8465;-24,1799;10,4963;-37,2859;26,8049;0,0364;-24,1905;11;0
4,3138;37,7041;-201,4366;95,6601;15,7765;-90,0000;127,7041;400,000;140,719;125,000;300,000;33,7845;3,8629;-18,1938;14,3310;0,0001;33,7845;-24,2008;10,5268;-37,2739;26,7467;0,0002;-24,2015;11;0
4,3164;37,7906;-201,4267;95,6134;15,8133;-90,0000;127,7906;400,000;141,487;125,000;300,000;33,7224;3,8899;-18,2894;14,3994;0,0000;33,7224;-24,2170;10,5592;-37,2595;26,6930;-0,0184;-24,2111;11;0
4,3190;37,8770;-201,4167;95,5664;15,8503;-90,0000;127,8770;400,000;142,256;125,000;300,000;33,6604;3,9170;-18,3848;14,4678;-0,0000;33,6604;-24,2604;10,5885;-37,2183;26,6294;0,0002;-24,2602;11;0
4,3215;37,9632;-201,4066;95,5191;15,8875;-90,0000;127,9632;400,000;143,025;125,000;300,000;33,5981;3,9442;-18,4802;14,5359;0,0000;33,5981;-36,7151;9,1347;-30,2593;21,1246;-0,0000;-36,7151;11;0
4,3241;38,0492;-201,3965;95,4716;15,9248;-90,0000;128,0492;400,000;143,794;125,000;299,997;33,4722;3,9639;-18,5400;14,5761;-0,0000;33,4722;-71,3239;4,9857;-10,7606;5,7761;-0,0006;-71,3237;11;0
4,3266;38,1348;-201,3863;95,4241;15,9622;-90,0000;128,1348;400,000;144,560;125,000;298,857;33,2324;3,9698;-18,5353;14,5656;-0,0000;33,2324;-103,2234;1,0418;7,6657;-8,7075;-0,0000;-103,2234;11;0
4,3292;38,2196;-201,3761;95,3766;15,9995;-90,0000;128,2196;400,000;145,321;125,000;296,806;32,9430;3,9692;-18,5007;14,5315;-0,0000;32,9430;-112,6852;-0,3110;13,9071;-13,5966;0,0003;-112,6854;11;0
4,3318;38,3037;-201,3660;95,3293;16,0367;-90,0000;128,3037;400,000;146,077;125,000;294,755;32,6548;3,9682;-18,4640;14,4959;-0,0000;32,6548;-112,2042;-0,4959;14,6722;-14,1767;0,0002;-112,2042;11;0
4,3343;38,3870;-201,3558;95,2820;16,0738;-90,0000;128,3870;400,000;146,827;125,000;292,705;32,3678;3,9667;-18,4255;14,4588;0,0000;32,3678;-111,7257;-0,6805;15,4313;-14,7508;-0,0000;-111,7257;11;0
4,3369;38,4696;-201,3456;95,2348;16,1108;-90,0000;128,4696;400,000;147,572;125,000;290,654;32,0820;3,9647;-18,3849;14,4202;-0,0000;32,0820;-111,2455;-0,8641;16,1874;-15,3164;0,0178;-111,2440;11;0
4,3395;38,5515;-201,3355;95,1877;16,1477;-90,0000;128,5515;400,000;148,312;125,000;288,604;31,7975;3,9622;-18,3425;14,3803;0,0001;31,7975;-110,7767;-1,0487;16,9316;-15,8826;-0,0001;-110,7765;11;0
4,3420;38,6326;-201,3253;95,1408;16,1845;-90,0000;128,6326;400,000;149,046;125,000;286,553;31,5142;3,9593;-18,2981;14,3388;-0,0000;31,5142;-110,3151;-1,2339;17,6673;-16,4458;-0,0361;-110,3179;11;0
4,3446;38,7130;-201,3152;95,0939;16,2212;-90,0000;128,7130;400,000;149,775;125,000;284,503;31,2320;3,9559;-18,2519;14,2960;-0,0001;31,2320;-109,8405;-1,4168;18,4073;-16,9937;-0,0078;-109,8405;11;0
4,3472;38,7927;-201,3050;95,0472;16,2578;-90,0000;128,7927;400,000;150,499;125,000;282,452;30,9511;3,9521;-18,2038;14,2517;-0,0000;30,9511;-109,3692;-1,5986;19,1406;-17,5360;0,0181;-109,3678;11;0
4,3497;38,8717;-201,2949;95,0006;16,2943;-90,0000;128,8717;400,000;151,218;125,000;280,402;30,6713;3,9477;-18,1538;14,2061;-0,0000;30,6713;-108,9077;-1,7812;19,8638;-18,0771;0,0159;-108,9081;11;0
4,3523;38,9499;-201,2848;94,9541;16,3307;-90,0000;128,9499;400,000;151,931;125,000;278,351;30,3928;3,9429;-18,1019;14,1590;0,0000;30,3928;-108,4529;-1,9644;20,5788;-18,6153;-0,0022;-108,4530;11;0
4,3548;39,0275;-201,2747;94,9078;16,3669;-90,0000;129,0275;400,000;152,640;125,000;276,301;30,1154;3,9377;-18,0483;14,1106;-0,0000;30,1154;-107,9980;-2,1464;21,2898;-19,1460;-0,0080;-107,9977;11;0
4,3574;39,1043;-201,2646;94,8616;16,4030;-90,0000;129,1043;400,000;153,343;125,000;274,250;29,8391;3,9319;-17,9928;14,0609;-0,0000;29,8391;-107,5416;-2,3275;21,9978;-19,6689;0,0044;-107,5414;11;0
4,3600;39,1804;-201,2545;94,8156;16,4390;-90,0000;129,1804;400,000;154,040;125,000;272,199;29,5641;3,9257;-17,9355;14,0098;0,0000;29,5641;-107,0923;-2,5087;22,6973;-20,1887;-0,0003;-107,0924;11;0
4,3625;39,2559;-201,2445;94,7697;16,4748;-90,0000;129,2559;400,000;154,733;125,000;270,149;29,2901;3,9191;-17,8765;13,9574;-0,0000;29,2901;-106,6453;-2,6893;23,3914;-20,7028;-0,0022;-106,6453;11;0
4,3651;39,3306;-201,2344;94,7239;16,5105;-90,0000;129,3306;400,000;155,420;125,000;268,098;29,0174;3,9119;-17,8156;13,9037;-0,0000;29,0174;-106,1998;-2,8707;24,0792;-21,2166;0,0020;-106,2000;11;0
4,3677;39,4046;-201,2244;94,6783;16,5461;-90,0000;129,4046;400,000;156,102;125,000;266,048;28,7457;3,9043;-17,7530;13,8486;0,0000;28,7457;-105,7589;-3,0490;24,7632;-21,7143;-0,0000;-105,7589;11;0
4,3702;39,4780;-201,2144;94,6329;16,5815;-90,0000;129,4780;400,000;156,779;125,000;263,997;28,4752;3,8963;-17,6887;13,7924;-0,0000;28,4752;-105,3213;-3,2254;25,4429;-22,2010;-0,0030;-105,3208;11;0
4,3728;39,5506;-201,2045;94,5877;16,6168;-90,0000;129,5506;400,000;157,450;125,000;261,947;28,2058;3,8878;-17,6226;13,7348;-0,0000;28,2058;-104,8854;-3,4067;26,1118;-22,7051;0,0000;-104,8853;11;0
4,3753;39,6226;-201,1945;94,5426;16,6519;-90,0000;129,6226;400,000;158,116;125,000;259,896;27,9375;3,8788;-17,5548;13,6760;0,0000;27,9375;-104,4529;-3,5860;26,7761;-23,1983;0,0013;-104,4533;11;0
4,3779;39,6938;-201,1846;94,4977;16,6869;-90,0000;129,6938;400,000;158,777;125,000;257,846;27,6703;3,8694;-17,4853;13,6159;-0,0000;27,6703;-104,0243;-3,7621;27,4372;-23,6752;-0,0000;-104,0243;11;0
4,3805;39,7644;-201,1747;94,4529;16,7217;-90,0000;129,7644;400,000;159,433;125,000;255,795;27,4043;3,8596;-17,4141;13,5546;0,0000;27,4043;-103,5986;-3,9391;28,0913;-24,1530;-0,0003;-103,5985;11;0
4,3830;39,8343;-201,1648;94,4084;16,7564;-90,0000;129,8343;400,000;160,083;125,000;253,745;27,1393;3,8492;-17,3413;13,4921;-0,0000;27,1393;-103,1759;-4,1152;28,7400;-24,6248;-0,0000;-103,1759;11;0
4,3856;39,9035;-201,1549;94,3640;16,7909;-90,0000;129,9035;400,000;160,728;125,000;251,694;26,8753;3,8385;-17,2668;13,4284;-0,0000;26,8753;-102,7531;-4,2919;29,3834;-25,0962;0,0138;-102,7555;11;0
4,3882;39,9721;-201,1451;94,3199;16,8252;-90,0000;129,9721;400,000;161,368;125,000;249,644;26,6125;3,8272;-17,1907;13,3634;0,0001;26,6125;-102,3403;-4,4657;30,0199;-25,5542;0,0000;-102,3404;11;0
4,3907;40,0400;-201,1353;94,2759;16,8594;-90,0000;130,0400;400,000;162,003;125,000;247,593;26,3507;3,8156;-17,1129;13,2974;0,0000;26,3507;-101,9338;-4,6377;30,6509;-26,0015;-0,0266;-101,9291;11;0
4,3933;40,1072;-201,1255;94,2322;16,8934;-90,0000;130,1072;400,000;162,632;125,000;245,543;26,0900;3,8035;-17,0336;13,2301;-0,0001;26,0900;-101,5178;-4,8138;31,2775;-26,4635;-0,0006;-101,5177;11;0
4,3959;40,1737;-201,1158;94,1886;16,9272;-90,0000;130,1737;400,000;163,256;125,000;243,492;25,8303;3,7909;-16,9526;13,1617;-0,0000;25,8303;-101,1081;-4,9880;31,8979;-26,9161;0,0131;-101,1105;11;0
4,3984;40,2396;-201,1061;94,1453;16,9609;-90,0000;130,2396;400,000;163,875;125,000;241,441;25,5716;3,7779;-16,8700;13,0921;0,0000;25,5716;-100,7089;-5,1603;32,5104;-27,3592;-0,0031;-100,7078;11;0
4,4010;40,3048;-201,0964;94,1021;16,9943;-90,0000;130,3048;400,000;164,489;125,000;239,391;25,3140;3,7644;-16,7859;13,0214;-0,0000;25,3140;-100,3084;-5,3305;33,1214;-27,7909;-0,0000;-100,3084;11;0
4,4035;40,3693;-201,0868;94,0592;17,0276;-90,0000;130,3693;400,000;165,097;125,000;237,340;25,0574;3,7506;-16,7002;12,9497;-0,0000;25,0574;-99,9100;-5,4987;33,7287;-28,2126;0,0079;-99,9123;11;0
4,4061;40,4332;-201,0772;94,0165;17,0607;-90,0000;130,4332;400,000;165,700;125,000;235,290;24,8019;3,7362;-16,6130;12,8768;0,0000;24,8018;-99,5188;-5,6713;34,3228;-28,6517;-0,0001;-99,5190;11;0
4,4087;40,4965;-201,0677;93,9740;17,0936;-90,0000;130,4965;400,000;166,298;125,000;233,239;24,5473;3,7215;-16,5243;12,8028;-0,0000;24,5473;-99,1301;-5,8417;34,9132;-29,0800;-0,0042;-99,1290;11;0
4,4112;40,5591;-201,0581;93,9318;17,1263;-90,0000;130,5591;400,000;166,891;125,000;231,189;24,2937;3,7063;-16,4340;12,7277;-0,0000;24,2937;-98,7419;-6,0091;35,5020;-29,4940;0,0030;-98,7421;11;0
4,4138;40,6210;-201,0487;93,8898;17,1589;-90,0000;130,6210;400,000;167,478;125,000;229,138;24,0411;3,6907;-16,3423;12,6516;0,0000;24,0411;-98,3596;-6,1765;36,0832;-29,9067;-0,0000;-98,3597;11;0
4,4164;40,6823;-201,0392;93,8480;17,1912;-90,0000;130,6823;400,000;168,060;125,000;227,087;23,7894;3,6746;-16,2491;12,5744;-0,0000;23,7894;-97,9800;-6,3414;36,6610;-30,3075;0,0000;-97,9540;11;0
4,4189;40,7430;-201,0298;93,8065;17,2233;-90,0000;130,7430;400,000;168,637;125,000;225,037;23,5388;3,6582;-16,1544;12,4962;0,0000;23,5389;-97,6039;-6,5092;37,2291;-30,7198;-0,0002;-97,6038;11;0
4,4215;40,8030;-201,0205;93,7652;17,2553;-90,0000;130,8030;400,000;169,208;125,000;222,986;23,2891;3,6413;-16,0582;12,4169;-0,0000;23,2891;-97,2331;-6,6771;37,7896;-31,1319;-0,0086;-97,2842;11;0
4,4240;40,8624;-201,0112;93,7242;17,2870;-90,0000;130,8624;400,000;169,775;125,000;220,936;23,0403;3,6239;-15,9606;12,3366;-0,0000;23,0402;-96,8618;-6,8388;38,3527;-31,5159;-0,0007;-96,8618;11;0
4,4266;40,9211;-201,0019;93,6834;17,3185;-90,0000;130,9211;400,000;170,336;125,000;218,885;22,7925;3,6062;-15,8616;12,2554;-0,0000;22,7925;-96,4943;-7,0005;38,9089;-31,8996;0,0056;-96,4689;11;0
4,4292;40,9792;-200,9927;93,6429;17,3498;-90,0000;130,9792;400,000;170,891;125,000;216,835;22,5457;3,5881;-15,7612;12,1731;-0,0000;22,5457;-96,1290;-7,1655;39,4557;-32,2966;0,0172;-96,1380;11;0
4,4317;41,0367;-200,9835;93,6026;17,3809;-90,0000;131,0367;400,000;171,442;125,000;214,784;22,2998;3,5695;-15,6593;12,0898;0,0001;22,2997;-95,7741;-7,3255;39,9978;-32,6724;-0,0000;-95,7742;11;0
4,4343;41,0935;-200,9744;93,5626;17,4118;-90,0000;131,0935;400,000;171,987;125,000;212,733;22,0547;3,5505;-15,5561;12,0056;-0,0000;22,0547;-95,4260;-7,4825;40,5354;-33,0346;-0,0315;-95,4083;11;0
4,4369;41,1497;-200,9653;93,5228;17,4425;-90,0000;131,1497;400,000;172,527;125,000;210,684;21,8106;3,5311;-15,4515;11,9205;-0,0001;21,8106;-95,0663;-7,6457;41,0674;-33,4217;0,0003;-95,0660;11;0
4,4394;41,2053;-200,9563;93,4834;17,4729;-90,0000;131,2053;400,000;173,062;125,000;208,633;21,5674;3,5113;-15,3456;11,8343;0,0000;21,5674;-94,7140;-7,8060;41,5935;-33,7975;0,0152;-94,7228;11;0
4,4420;41,2603;-200,9473;93,4442;17,5031;-90,0000;131,2603;400,000;173,591;125,000;206,582;21,3250;3,4911;-15,2383;11,7472;-0,0000;21,3250;-94,3724;-7,9614;42,1150;-34,1522;0,0003;-94,3723;11;0
4,4446;41,3147;-200,9384;93,4053;17,5331;-90,0000;131,3147;400,000;174,116;125,000;204,532;21,0836;3,4705;-15,1297;11,6592;0,0000;21,0836;-94,0307;-8,1182;42,6305;-34,5123;0,0000;-94,0307;11;0
4,4471;41,3684;-200,9295;93,3666;17,5629;-90,0000;131,3684;400,000;174,635;125,000;202,481;20,8430;3,4495;-15,0198;11,5703;0,0000;20,8430;-93,6937;-8,2736;43,1402;-34,8668;-0,0050;-93,6969;11;0
4,4497;41,4215;-200,9207;93,3283;17,5924;-90,0000;131,4215;400,000;175,148;125,000;200,430;20,6033;3,4281;-14,9086;11,4805;-0,0000;20,6033;-93,3577;-8,4281;43,6456;-35,2175;0,0000;-93,3578;11;0
4,4522;41,4740;-200,9119;93,2902;17,6217;-90,0000;131,4740;400,000;175,657;125,000;198,380;20,3644;3,4063;-14,7960;11,3898;0,0000;20,3644;-93,0245;-8,5823;44,1453;-35,5667;0,0083;-93,0185;11;0
4,4548;41,5259;-200,9032;93,2524;17,6508;-90,0000;131,5259;400,000;176,160;125,000;196,329;20,1264;3,3841;-14,6823;11,2982;0,0000;20,1264;-92,6988;-8,7339;44,6393;-35,9055;-0,0000;-92,6987;11;0
4,4574;41,5772;-200,8946;93,2149;17,6797;-90,0000;131,5772;400,000;176,658;125,000;194,279;19,8892;3,3615;-14,5672;11,2057;-0,0000;19,8892;-92,3754;-8,8846;45,1281;-36,2411;-0,0037;-92,3783;11;0
4,4599;41,6279;-200,8860;93,1777;17,7083;-90,0000;131,6279;400,000;177,151;125,000;192,228;19,6528;3,3385;-14,4509;11,1124;-0,0000;19,6528;-92,0504;-9,0328;45,6160;-36,5653;0,0140;-92,0259;11;0
4,4625;41,6779;-200,8775;93,1408;17,7366;-90,0000;131,6779;400,000;177,638;125,000;190,178;19,4173;3,3152;-14,3334;11,0182;0,0001;19,4174;-91,7366;-9,1841;46,0895;-36,9051;-0,0003;-91,7364;11;0
4,4651;41,7274;-200,8690;93,1043;17,7647;-90,0000;131,7274;400,000;178,121;125,000;188,127;19,1826;3,2915;-14,2146;10,9232;-0,0000;19,1826;-91,4295;-9,3369;46,5532;-37,2521;-0,0280;-91,4785;11;0
4,4676;41,7763;-200,8606;93,0680;17,7926;-90,0000;131,7763;400,000;178,597;125,000;186,077;18,9486;3,2673;-14,0947;10,8273;-0,0001;18,9485;-91,1126;-9,4791;47,0296;-37,5520;-0,0001;-91,1128;11;0
4,4702;41,8245;-200,8523;93,0320;17,8203;-90,0000;131,8245;400,000;179,069;125,000;184,026;18,7155;3,2429;-13,9735;10,7307;-0,0000;18,7155;-90,8026;-9,6219;47,4963;-37,8565;0,0140;-90,7781;11;0
4,4727;41,8722;-200,8440;92,9963;17,8476;-90,0000;131,8722;400,000;179,536;125,000;181,976;18,4831;3,2180;-13,8512;10,6332;-0,0000;18,4831;-90,5017;-9,7688;47,9488;-38,1802;0,0042;-90,5035;11;0
4,4753;41,9193;-200,8358;92,9610;17,8748;-90,0000;131,9193;400,000;179,997;125,000;179,925;18,2515;3,1928;-13,7277;10,5349;0,0000;18,2515;-90,2031;-9,9119;48,4000;-38,4881;0,0000;-90,2031;11;0
4,4779;41,9658;-200,8276;92,9260;17,9016;-90,0000;131,9658;400,000;180,453;125,000;177,874;18,0207;3,1672;-13,6031;10,4359;0,0000;18,0207;-89,9085;-10,0531;48,8462;-38,7892;-0,0068;-89,9052;11;0
4,4804;42,0117;-200,8195;92,8913;17,9283;-90,0000;132,0117;400,000;180,903;125,000;175,824;17,7906;3,1413;-13,4773;10,3361;-0,0000;17,7907;-89,6143;-10,1946;49,2870;-39,0924;-0,0000;-89,6143;11;0
4,4830;42,0570;-200,8115;92,8569;17,9546;-90,0000;132,0570;400,000;181,349;125,000;173,773;17,5613;3,1149;-13,3504;10,2355;-0,0000;17,5613;-89,3245;-10,3346;49,7225;-39,3903;0,0030;-89,3260;11;0
4,4856;42,1017;-200,8036;92,8228;17,9807;-90,0000;132,1017;400,000;181,789;125,000;171,723;17,3327;3,0883;-13,2224;10,1342;0,0000;17,3327;-89,0377;-10,4713;50,1552;-39,6755;0,0080;-89,0137;11;0
4,4881;42,1458;-200,7957;92,7891;18,0066;-90,0000;132,1458;400,000;182,224;125,000;169,672;17,1049;3,0613;-13,0933;10,0321;0,0000;17,1050;-88,7576;-10,6093;50,5779;-39,9685;-0,0001;-88,7575;11;0
4,4907;42,1894;-200,7879;92,7557;18,0322;-90,0000;132,1894;400,000;182,654;125,000;167,622;16,8777;3,0339;-12,9632;9,9293;-0,0000;16,8777;-88,4828;-10,7473;50,9931;-40,2627;-0,0161;-88,5308;11;0
4,4933;42,2323;-200,7801;92,7226;18,0575;-90,0000;132,2323;400,000;183,078;125,000;165,571;16,6513;3,0062;-12,8319;9,8257;-0,0000;16,6512;-88,2039;-10,8796;51,4122;-40,5330;0,0000;-88,2040;11;0
4,4958;42,2747;-200,7725;92,6899;18,0825;-90,0000;132,2747;400,000;183,497;125,000;163,521;16,4256;2,9781;-12,6996;9,7215;-0,0000;16,4256;-87,9305;-11,0116;51,8237;-40,8038;0,0080;-87,9065;11;0
4,4984;42,3166;-200,7649;92,6575;18,1073;-90,0000;132,3166;400,000;183,911;125,000;161,470;16,2005;2,9497;-12,5663;9,6165;-0,0000;16,2005;-87,6644;-11,1444;52,2256;-41,0807;0,0002;-87,6643;11;0
4,5009;42,3578;-200,7573;92,6255;18,1318;-90,0000;132,3578;400,000;184,320;125,000;159,420;15,9762;2,9210;-12,4319;9,5109;0,0000;15,9762;-87,3999;-11,2749;52,6242;-41,3493;-0,0000;-87,3999;11;0
4,5035;42,3985;-200,7499;92,5938;18,1561;-90,0000;132,3985;400,000;184,723;125,000;157,369;15,7525;2,8919;-12,2965;9,4046;-0,0000;15,7525;-87,1356;-11,4041;53,0195;-41,6135;0,0141;-87,1090;11;0
4,5061;42,4385;-200,7425;92,5625;18,1800;-90,0000;132,4385;400,000;185,121;125,000;155,319;15,5295;2,8625;-12,1601;9,2976;0,0001;15,5296;-86,8815;-11,5318;53,4061;-41,8741;-0,0000;-86,8815;11;0
4,5086;42,4781;-200,7352;92,5315;18,2037;-90,0000;132,4781;400,000;185,514;125,000;153,268;15,3071;2,8328;-12,0227;9,1899;-0,0000;15,3071;-86,6343;-11,6582;53,7856;-42,1314;-0,0286;-86,6875;11;0
4,5112;42,5170;-200,7280;92,5008;18,2271;-90,0000;132,5170;400,000;185,901;125,000;151,218;15,0854;2,8028;-11,8844;9,0816;-0,0001;15,0852;-86,3771;-11,7834;54,1670;-42,3840;-0,0001;-86,3772;11;0
4,5138;42,5554;-200,7208;92,4706;18,2503;-90,0000;132,5554;400,000;186,284;125,000;149,167;14,8643;2,7724;-11,7450;8,9726;-0,0000;14,8643;-86,1268;-11,9070;54,5414;-42,6325;0,0143;-86,1002;11;0
4,5163;42,5932;-200,7138;92,4406;18,2731;-90,0000;132,5932;400,000;186,661;125,000;147,116;14,6438;2,7417;-11,6048;8,8630;-0,0000;14,6438;-85,8866;-12,0291;54,9071;-42,8779;0,0004;-85,8866;11;0
4,5189;42,6305;-200,7068;92,4111;18,2957;-90,0000;132,6305;400,000;187,033;125,000;145,066;14,4240;2,7107;-11,4636;8,7528;0,0000;14,4240;-85,6468;-12,1500;55,2693;-43,1193;0,0000;-85,6468;11;0
4,5214;42,6672;-200,6999;92,3819;18,3180;-90,0000;132,6672;400,000;187,399;125,000;143,015;14,2048;2,6794;-11,3214;8,6420;-0,0000;14,2048;-85,4104;-12,2693;55,6264;-43,3567;-0,0002;-85,4104;11;0
4,5240;42,7033;-200,6930;92,3530;18,3400;-90,0000;132,7033;400,000;187,761;125,000;140,965;13,9862;2,6478;-11,1784;8,5306;-0,0000;13,9862;-85,1766;-12,3869;55,9791;-43,5889;0,0034;-85,1659;11;0
4,5266;42,7389;-200,6863;92,3246;18,3617;-90,0000;132,7389;400,000;188,117;125,000;138,914;13,7681;2,6159;-11,0345;8,4185;0,0000;13,7682;-84,9480;-12,5038;56,3248;-43,8211;0,0000;-84,9480;11;0
4,5291;42,7739;-200,6796;92,2965;18,3832;-90,0000;132,7739;400,000;188,467;125,000;136,864;13,5507;2,5837;-10,8897;8,3059;-0,0000;13,5507;-84,7236;-12,6196;56,6644;-44,0514;-0,0069;-84,7451;11;0
4,5317;42,8083;-200,6731;92,2687;18,4043;-90,0000;132,8083;400,000;188,813;125,000;134,813;13,3338;2,5512;-10,7440;8,1927;-0,0000;13,3338;-84,4988;-12,7320;57,0033;-44,2685;0,0030;-84,4901;11;0
4,5343;42,8422;-200,6666;92,2414;18,4252;-90,0000;132,8422;400,000;189,153;125,000;132,763;13,1175;2,5185;-10,5974;8,0790;0,0000;13,1176;-84,2797;-12,8440;57,3346;-44,4872;0,0034;-84,2690;11;0
4,5368;42,8756;-200,6601;92,2144;18,4457;-90,0000;132,8756;400,000;189,488;125,000;130,712;12,9018;2,4854;-10,4501;7,9647;-0,0000;12,9018;-84,0634;-12,9580;57,6568;-44,7178;0,0070;-84,0850;11;0
4,5394;42,9084;-200,6538;92,1878;18,4660;-90,0000;132,9084;400,000;189,818;125,000;128,661;12,6866;2,4520;-10,3019;7,8497;0,0001;12,6865;-83,8530;-13,0640;57,9803;-44,9163;0,0000;-83,8531;11;0
4,5420;42,9406;-200,6476;92,1616;18,4860;-90,0000;132,9406;400,000;190,143;125,000;126,610;12,4719;2,4184;-10,1528;7,7344;0,0000;12,4719;-83,6498;-13,1667;58,2989;-45,1028;-0,0229;-83,6329;11;0
4,5445;42,9723;-200,6414;92,1358;18,5057;-90,0000;132,9723;400,000;190,462;125,000;124,561;12,2578;2,3845;-10,0030;7,6185;-0,0001;12,2578;-83,4394;-13,2776;58,6064;-45,3287;-0,0000;-83,4393;11;0
4,5471;43,0034;-200,6354;92,1103;18,5250;-90,0000;133,0034;400,000;190,776;125,000;122,510;12,0442;2,3504;-9,8524;7,5020;-0,0000;12,0442;-83,2342;-13,3840;58,9111;-45,5380;0,0153;-83,2316;11;0
4,5496;43,0340;-200,6294;92,0853;18,5441;-90,0000;133,0340;400,000;191,085;125,000;120,459;11,8311;2,3159;-9,7010;7,3851;0,0000;11,8311;-83,0396;-13,4850;59,2116;-45,7266;0,0000;-83,0396;11;0
4,5522;43,0641;-200,6235;92,0606;18,5629;-90,0000;133,0641;400,000;191,388;125,000;118,409;11,6185;2,2812;-9,5489;7,2676;-0,0000;11,6185;-82,8447;-13,5879;59,5048;-45,9272;0,0009;-82,8599;11;0
4,5548;43,0936;-200,6177;92,0363;18,5814;-90,0000;133,0936;400,000;191,686;125,000;116,358;11,4064;2,2463;-9,3960;7,1496;0,0000;11,4063;-82,6537;-13,6862;59,7964;-46,1102;0,0000;-82,6537;11;0
4,5573;43,1226;-200,6120;92,0124;18,5995;-90,0000;133,1226;400,000;191,979;125,000;114,307;11,1948;2,2111;-9,2423;7,0312;0,0000;11,1948;-82,4680;-13,7822;60,0826;-46,2870;-0,0089;-82,4576;11;0
4,5599;43,1510;-200,6063;91,9889;18,6174;-90,0000;133,1510;400,000;192,267;125,000;112,257;10,9836;2,1756;-9,0880;6,9124;-0,0000;10,9836;-82,2812;-13,8808;60,3610;-46,4786;0,0017;-82,2760;11;0
4,5625;43,1789;-200,6008;91,9658;18,6350;-90,0000;133,1789;400,000;192,550;125,000;110,207;10,7730;2,1399;-8,9329;6,7930;0,0000;10,7730;-82,0994;-13,9770;60,6345;-46,6630;0,0056;-82,1013;11;0
4,5650;43,2062;-200,5954;91,9431;18,6522;-90,0000;133,2062;400,000;192,827;125,000;108,156;10,5628;2,1040;-8,7771;6,6732;-0,0000;10,5628;-81,9241;-14,0698;60,9032;-46,8366;-0,0034;-81,9344;11;0
4,5676;43,2330;-200,5900;91,9208;18,6692;-90,0000;133,2330;400,000;193,099;125,000;106,105;10,3530;2,0678;-8,6207;6,5529;-0,0000;10,3530;-81,7493;-14,1613;61,1682;-47,0069;0,0000;-81,7493;11;0
4,5701;43,2593;-200,5848;91,8989;18,6858;-90,0000;133,2593;400,000;193,366;125,000;104,055;10,1437;2,0314;-8,4636;6,4322;0,0000;10,1437;-81,5783;-14,2513;61,4276;-47,1747;0,0017;-81,5731;11;0
4,5727;43,2850;-200,5796;91,8774;18,7022;-90,0000;133,2850;400,000;193,627;125,000;102,004;9,9348;1,9947;-8,3058;6,3110;-0,0000;9,9348;-81,4110;-14,3399;61,6814;-47,3403;0,0025;-81,4056;11;0
4,5753;43,3102;-200,5745;91,8564;18,7182;-90,0000;133,3102;400,000;193,883;125,000;99,954;9,7263;1,9579;-8,1474;6,1895;0,0000;9,7264;-81,2479;-14,4269;61,9296;-47,5027;0,0000;-81,2479;11;0
4,5778;43,3349;-200,5696;91,8357;18,7339;-90,0000;133,3349;400,000;194,134;125,000;97,903;9,5183;1,9208;-7,9883;6,0675;0,0000;9,5183;-81,0885;-14,5128;62,1719;-47,6640;-0,0039;-81,0997;11;0
4,5804;43,3590;-200,5647;91,8154;18,7493;-90,0000;133,3590;400,000;194,380;125,000;95,853;9,3106;1,8835;-7,8286;5,9452;-0,0000;9,3106;-80,9307;-14,5958;62,4116;-47,8158;-0,0000;-80,9307;11;0
4,5830;43,3826;-200,5599;91,7955;18,7644;-90,0000;133,3826;400,000;194,620;125,000;93,802;9,1034;1,8460;-7,6684;5,8224;0,0000;9,1034;-80,7772;-14,6768;62,6461;-47,9630;0,0004;-80,7704;11;0
4,5855;43,4057;-200,5552;91,7761;18,7791;-90,0000;133,4057;400,000;194,855;125,000;91,752;8,8966;1,8082;-7,5075;5,6993;-0,0000;8,8966;-80,6273;-14,7580;62,8731;-48,1151;-0,0000;-80,6273;11;0
4,5881;43,4282;-200,5506;91,7571;18,7936;-90,0000;133,4282;400,000;195,085;125,000;89,701;8,6901;1,7703;-7,3461;5,5758;0,0000;8,6901;-80,4805;-14,8370;63,0957;-48,2615;0,0007;-80,4818;11;0
4,5907;43,4502;-200,5462;91,7384;18,8077;-90,0000;133,4502;400,000;195,310;125,000;87,651;8,4840;1,7322;-7,1840;5,4519;-0,0000;8,4840;-80,3370;-14,9139;63,3138;-48,4027;0,0020;-80,3324;11;0
4,5932;43,4717;-200,5418;91,7202;18,8215;-90,0000;133,4717;400,000;195,529;125,000;85,600;8,2782;1,6938;-7,0215;5,3276;0,0000;8,2783;-80,1976;-14,9886;63,5270;-48,5382;0,0002;-80,1972;11;0
4,5958;43,4927;-200,5375;91,7024;18,8350;-90,0000;133,4927;400,000;195,744;125,000;83,549;8,0729;1,6553;-6,8584;5,2030;0,0000;8,0729;-80,0625;-15,0613;63,7350;-48,6690;-0,0052;-80,0713;11;0
4,5983;43,5131;-200,5333;91,6851;18,8482;-90,0000;133,5131;400,000;195,952;125,000;81,499;7,8678;1,6166;-6,6948;5,0781;-0,0000;7,8678;-79,9283;-15,1339;63,9372;-48,8033;-0,0000;-79,9283;11;0
4,6009;43,5330;-200,5292;91,6681;18,8611;-90,0000;133,5330;400,000;196,156;125,000;79,448;7,6631;1,5777;-6,5306;4,9529;-0,0000;7,6631;-79,7976;-15,2042;64,1350;-48,9318;0,0047;-79,7941;11;0
4,6035;43,5524;-200,5252;91,6516;18,8736;-90,0000;133,5524;400,000;196,355;125,000;77,398;7,4587;1,5387;-6,3660;4,8273;0,0000;7,4587;-79,6724;-15,2723;64,3271;-49,0548;0,0000;-79,6724;11;0
4,6060;43,5712;-200,5213;91,6355;18,8858;-90,0000;133,5712;400,000;196,548;125,000;75,347;7,2547;1,4995;-6,2009;4,7014;0,0000;7,2547;-79,5499;-15,3390;64,5141;-49,1758;-0,0014;-79,5492;11;0
4,6086;43,5896;-200,5175;91,6198;18,8977;-90,0000;133,5896;400,000;196,736;125,000;73,297;7,0509;1,4601;-6,0353;4,5752;-0,0000;7,0509;-79,4306;-15,4039;64,6961;-49,2933;-0,0017;-79,4287;11;0
4,6112;43,6074;-200,5138;91,6046;18,9093;-90,0000;133,6074;400,000;196,918;125,000;71,246;6,8475;1,4205;-5,8692;4,4487;-0,0000;6,8475;-79,3141;-15,4669;64,8735;-49,4067;0,0000;-79,3142;11;0
4,6137;43,6247;-200,5102;91,5897;18,9205;-90,0000;133,6247;400,000;197,095;125,000;69,196;6,6444;1,3808;-5,7027;4,3219;-0,0000;6,6444;-79,2006;-15,5280;65,0462;-49,5160;0,0033;-79,2044;11;0
4,6163;43,6414;-200,5067;91,5753;18,9314;-90,0000;133,6414;400,000;197,268;125,000;67,145;6,4415;1,3409;-5,5357;4,1949;0,0000;6,4415;-79,0921;-15,5879;65,2123;-49,6244;0,0000;-79,0921;11;0
4,6188;43,6577;-200,5034;91,5613;18,9420;-90,0000;133,6577;400,000;197,434;125,000;65,095;6,2389;1,3009;-5,3684;4,0675;-0,0000;6,2389;-78,9865;-15,6459;65,3737;-49,7289;-0,0016;-78,9845;11;0
4,6214;43,6734;-200,5001;91,5478;18,9523;-90,0000;133,6734;400,000;197,596;125,000;63,044;6,0366;1,2607;-5,2006;3,9399;0,0000;6,0366;-78,8836;-15,7018;65,5307;-49,8288;0,0000;-78,8836;11;0
4,6240;43,6886;-200,4969;91,5347;18,9622;-90,0000;133,6886;400,000;197,752;125,000;60,994;5,8345;1,2204;-5,0325;3,8121;-0,0000;5,8345;-78,7844;-15,7561;65,6822;-49,9260;-0,0000;-78,7845;11;0
4,6265;43,7033;-200,4938;91,5220;18,9718;-90,0000;133,7033;400,000;197,903;125,000;58,943;5,6327;1,1799;-4,8639;3,6840;0,0000;5,6327;-78,6884;-15,8086;65,8287;-50,0197;0,0003;-78,6879;11;0
4,6291;43,7175;-200,4908;91,5097;18,9811;-90,0000;133,7175;400,000;198,049;125,000;56,892;5,4311;1,1393;-4,6950;3,5557;0,0000;5,4311;-78,5960;-15,8595;65,9699;-50,1105;-0,0000;-78,5960;11;0
4,6317;43,7312;-200,4880;91,4979;18,9900;-90,0000;133,7312;400,000;198,190;125,000;54,842;5,2298;1,0986;-4,5257;3,4271;0,0000;5,2298;-78,5070;-15,9085;66,1059;-50,1982;-0,0006;-78,5082;11;0
4,6342;43,7443;-200,4852;91,4865;18,9987;-90,0000;133,7443;400,000;198,325;125,000;52,791;5,0287;1,0578;-4,3561;3,2983;-0,0000;5,0287;-78,4214;-15,9554;66,2373;-50,2810;-0,0013;-78,4198;11;0
4,6368;43,7569;-200,4826;91,4756;19,0070;-90,0000;133,7569;400,000;198,455;125,000;50,741;4,8278;1,0168;-4,1862;3,1694;-0,0000;4,8278;-78,3386;-16,0009;66,3634;-50,3620;0,0003;-78,3380;11;0
4,6394;43,7691;-200,4800;91,4651;19,0149;-90,0000;133,7691;400,000;198,580;125,000;48,690;4,6271;0,9757;-4,0159;3,0402;-0,0000;4,6271;-78,2590;-16,0449;66,4842;-50,4410;0,0027;-78,2622;11;0
4,6419;43,7807;-200,4775;91,4550;19,0225;-90,0000;133,7807;400,000;198,700;125,000;46,640;4,4266;0,9346;-3,8453;2,9108;0,0000;4,4266;-78,1846;-16,0870;66,5988;-50,5169;-0,0030;-78,1914;11;0
4,6445;43,7918;-200,4752;91,4454;19,0298;-90,0000;133,7918;400,000;198,814;125,000;44,589;4,2263;0,8933;-3,6745;2,7812;-0,0000;4,2262;-78,1118;-16,1262;66,7108;-50,5838;-0,0014;-78,1103;11;0
4,6470;43,8023;-200,4730;91,4362;19,0368;-90,0000;133,8023;400,000;198,923;125,000;42,539;4,0262;0,8519;-3,5034;2,6515;-0,0000;4,0262;-78,0411;-16,1632;66,8188;-50,6456;0,0060;-78,0276;11;0
4,6496;43,8124;-200,4708;91,4274;19,0434;-90,0000;133,8124;400,000;199,027;125,000;40,488;3,8262;0,8104;-3,3320;2,5216;0,0000;3,8263;-77,9768;-16,2008;66,9170;-50,7161;0,0000;-77,9768;11;0
4,6522;43,8219;-200,4688;91,4191;19,0497;-90,0000;133,8219;400,000;199,125;125,000;38,438;3,6264;0,7688;-3,1603;2,3915;0,0000;3,6264;-77,9151;-16,2360;67,0112;-50,7802;-0,0030;-77,9219;11;0
4,6547;43,8310;-200,4669;91,4112;19,0557;-90,0000;133,8310;400,000;199,218;125,000;36,387;3,4268;0,7272;-2,9884;2,2612;0,0000;3,4268;-77,8554;-16,2680;67,1028;-50,8347;0,0001;-77,8552;11;0
4,6573;43,8395;-200,4651;91,4038;19,0613;-90,0000;133,8395;400,000;199,306;125,000;34,336;3,2273;0,6855;-2,8163;2,1309;0,0000;3,2273;-77,7998;-16,2989;67,1880;-50,8891;0,0000;-77,7998;11;0
4,6599;43,8475;-200,4634;91,3968;19,0666;-90,0000;133,8475;400,000;199,389;125,000;32,286;3,0280;0,6436;-2,6440;2,0004;0,0000;3,0280;-77,7474;-16,3280;67,2681;-50,9402;-0,0002;-77,7478;11;0
4,6624;43,8550;-200,4618;91,3902;19,0716;-90,0000;133,8550;400,000;199,467;125,000;30,235;2,8287;0,6017;-2,4715;1,8697;-0,0000;2,8287;-77,6984;-16,3552;67,3433;-50,9880;0,0001;-77,6982;11;0
4,6650;43,8620;-200,4603;91,3841;19,0762;-90,0000;133,8620;400,000;199,539;125,000;28,185;2,6297;0,5598;-2,2988;1,7390;0,0000;2,6297;-77,6527;-16,3806;67,4132;-51,0327;0,0001;-77,6525;11;0
4,6675;43,8685;-200,4589;91,3784;19,0805;-90,0000;133,8685;400,000;199,606;125,000;26,134;2,4307;0,5178;-2,1259;1,6081;0,0000;2,4307;-77,6104;-16,4041;67,4781;-51,0741;-0,0001;-77,6107;11;0
4,6701;43,8745;-200,4576;91,3732;19,0844;-90,0000;133,8745;400,000;199,668;125,000;24,084;2,2318;0,4757;-1,9529;1,4772;-0,0000;2,2318;-77,5713;-16,4258;67,5379;-51,1121;0,0000;-77,5712;11;0
4,6727;43,8800;-200,4565;91,3684;19,0881;-90,0000;133,8800;400,000;199,724;125,000;22,033;2,0330;0,4336;-1,7797;1,3461;0,0000;2,0330;-77,5368;-16,4462;67,5913;-51,1497;-0,0050;-77,5525;11;0
4,6752;43,8849;-200,4554;91,3641;19,0913;-90,0000;133,8849;400,000;199,775;125,000;19,983;1,8343;0,3914;-1,6064;1,2150;-0,0000;1,8342;-77,5033;-16,4637;67,6422;-51,1786;-0,0001;-77,5035;11;0
4,6778;43,8894;-200,4545;91,3602;19,0943;-90,0000;133,8894;400,000;199,821;125,000;17,932;1,6357;0,3492;-1,4329;1,0837;-0,0000;1,6357;-77,4718;-16,4787;67,6895;-51,2013;0,0101;-77,4401;11;0
4,6804;43,8933;-200,4536;91,3567;19,0969;-90,0000;133,8933;400,000;199,862;125,000;15,882;1,4372;0,3069;-1,2594;0,9525;0,0000;1,4372;-77,4495;-16,4934;67,7266;-51,2283;-0,0045;-77,4481;11;0
4,6829;43,8967;-200,4529;91,3537;19,0992;-90,0000;133,8967;400,000;199,898;125,000;13,831;1,2387;0,2646;-1,0857;0,8211;-0,0000;1,2387;-77,4273;-16,5072;67,7592;-51,2566;-0,0051;-77,4431;11;0
4,6855;43,8997;-200,4523;91,3512;19,1011;-90,0000;133,8997;400,000;199,928;125,000;11,781;1,0402;0,2223;-0,9120;0,6897;-0,0000;1,0402;-77,4049;-16,5190;67,7889;-51,2798;0,0091;-77,4076;11;0
4,6881;43,9021;-200,4518;91,3491;19,1027;-90,0000;133,9021;400,000;199,953;125,000;9,730;0,8419;0,1799;-0,7382;0,5583;0,0000;0,8419;-77,3912;-16,5261;67,8139;-51,2878;0,0001;-77,3913;11;0
4,6906;43,9040;-200,4514;91,3474;19,1040;-90,0000;133,9040;400,000;199,972;125,000;7,679;0,6435;0,1376;-0,5644;0,4268;0,0000;0,6435;-77,3800;-16,5323;67,8332;-51,2966;-0,0053;-77,3755;11;0
4,6932;43,9054;-200,4511;91,3462;19,1049;-90,0000;133,9054;400,000;199,987;125,000;5,629;0,4452;0,0952;-0,3905;0,2953;-0,0000;0,4452;-77,3676;-16,5373;67,8493;-51,3045;0,0088;-77,4061;11;0
4,6957;43,9062;-200,4509;91,3454;19,1055;-90,0000;133,9062;400,000;199,996;125,000;3,578;0,2469;0,0528;-0,2166;0,1638;0,0000;0,2467;-71,8508;-22,6177;67,3660;-44,7203;-0,0096;-71,8573;11;0
4,6983;43,9066;-200,4508;91,3451;19,1057;-90,0000;133,9066;400,000;200,000;125,000;1,528;0,0769;-0,0208;-0,0451;0,0660;-0,0001;0,0768;-47,5823;-49,4121;65,2413;-15,8174;-0,0288;-47,5051;11;0
4,7009;43,9066;-200,4510;91,3452;19,1058;-90,0000;133,9066;400,000;200,000;124,999;0,588;0,0030;-0,2005;0,1179;0,0827;-0,0001;0,0032;-14,9898;-85,4016;62,4051;22,9424;0,0214;-14,9864;12;0
4,7034;43,9066;-200,4518;91,3457;19,1062;-90,0000;133,9066;400,000;200,000;124,992;2,573;0,0000;-0,4586;0,2748;0,1836;0,0001;0,0000;-0,5777;-101,3064;61,1407;40,1197;0,0310;-0,6161;12;0
4,7060;43,9066;-200,4533;91,3466;19,1068;-90,0000;133,9066;400,000;200,000;124,980;4,624;0,0000;-0,7198;0,4313;0,2884;0,0001;0,0000;-0,0026;-101,9321;61,0780;40,8809;-0,0111;-0,0027;12;0
4,7086;43,9066;-200,4555;91,3479;19,1076;-90,0000;133,9066;400,000;200,000;124,963;6,674;-0,0000;-0,9811;0,5879;0,3932;-0,0000;-0,0000;-0,0026;-101,9307;61,0643;40,8932;-0,0111;-0,0027;12;0
4,7111;43,9066;-200,4584;91,3496;19,1088;-90,0000;133,9066;400,000;200,000;124,941;8,725;-0,0000;-1,2424;0,7444;0,4980;0,0000;-0,0000;-0,0000;-101,9329;61,0419;40,8911;0,0000;-0,0000;12;0
4,7137;43,9066;-200,4619;91,3517;19,1102;-90,0000;133,9066;400,000;200,000;124,913;10,775;-0,0000;-1,5036;0,9008;0,6028;-0,0000;-0,0000;-0,0000;-101,9306;61,0192;40,9113;-0,0000;-0,0000;12;0
4,7162;43,9066;-200,4661;91,3542;19,1119;-90,0000;133,9066;400,000;200,000;124,880;12,826;-0,0000;-1,7649;1,0572;0,7077;0,0000;-0,0000;-0,0000;-101,9278;60,9923;40,9355;-0,0000;-0,0000;12;0
4,7188;43,9066;-200,4709;91,3571;19,1138;-90,0000;133,9066;400,000;200,000;124,842;14,877;-0,0000;-2,0262;1,2135;0,8127;-0,0000;-0,0000;-0,0000;-101,9246;60,9611;40,9635;0,0000;-0,0000;12;0
4,7214;43,9066;-200,4764;91,3604;19,1160;-90,0000;133,9066;400,000;200,000;124,799;16,927;-0,0000;-2,2874;1,3697;0,9177;0,0000;-0,0000;-0,0000;-101,9209;60,9255;40,9954;0,0000;-0,0000;12;0
4,7239;43,9066;-200,4826;91,3641;19,1185;-90,0000;133,9066;400,000;200,000;124,750;18,978;-0,0000;-2,5486;1,5258;1,0228;-0,0000;-0,0000;-0,0000;-101,9167;60,8857;41,0311;-0,0000;-0,0000;12;0
4,7265;43,9066;-200,4895;91,3682;19,1213;-90,0000;133,9066;400,000;200,000;124,696;21,028;-0,0000;-2,8099;1,6818;1,1281;-0,0000;-0,0000;-0,0000;-101,9122;60,8415;41,0707;-0,0000;-0,0000;12;0
4,7291;43,9066;-200,4970;91,3728;19,1243;-90,0000;133,9066;400,000;200,000;124,637;23,079;-0,0000;-3,0711;1,8377;1,2334;-0,0000;-0,0000;-0,0000;-101,9071;60,7930;41,1141;-0,0000;-0,0000;12;0
4,7316;43,9066;-200,5053;91,3777;19,1276;-90,0000;133,9066;400,000;200,000;124,572;25,129;-0,0000;-3,3323;1,9934;1,3388;-0,0000;-0,0000;-0,0000;-101,9017;60,7403;41,1614;-0,0000;-0,0000;12;0
4,7342;43,9066;-200,5141;91,3830;19,1312;-90,0000;133,9066;400,000;200,000;124,503;27,180;-0,0000;-3,5935;2,1491;1,4444;-0,0000;-0,0000;-0,0000;-101,8957;60,6832;41,2126;-0,0000;-0,0000;12;0
4,7368;43,9066;-200,5237;91,3887;19,1350;-90,0000;133,9066;400,000;200,000;124,428;29,230;-0,0000;-3,8546;2,3045;1,5501;-0,0000;-0,0000;-0,0000;-101,8894;60,6218;41,2676;-0,0000;-0,0000;12;0
4,7393;43,9066;-200,5339;91,3948;19,1391;-90,0000;133,9066;400,000;200,000;124,348;31,281;-0,0000;-4,1158;2,4598;1,6560;-0,0000;-0,0000;-0,0000;-101,8825;60,5561;41,3264;-0,0000;-0,0000;12;0
4,7419;43,9066;-200,5448;91,4013;19,1435;-90,0000;133,9066;400,000;200,000;124,262;33,331;-0,0000;-4,3769;2,6150;1,7620;-0,0000;-0,0000;-0,0000;-101,8752;60,4861;41,3891;0,0000;-0,0000;12;0
4,7444;43,9066;-200,5563;91,4082;19,1481;-90,0000;133,9066;400,000;200,000;124,172;35,382;-0,0000;-4,6380;2,7699;1,8681;-0,0000;-0,0000;-0,0000;-101,8675;60,4118;41,4557;-0,0000;-0,0000;12;0
4,7470;43,9066;-200,5686;91,4155;19,1531;-90,0000;133,9066;400,000;200,000;124,076;37,433;-0,0000;-4,8991;2,9247;1,9745;-0,0000;-0,0000;-0,0000;-101,8593;60,3333;41,5261;-0,0000;-0,0000;12;0
4,7496;43,9066;-200,5814;91,4232;19,1583;-90,0000;133,9066;400,000;200,000;123,974;39,483;-0,0000;-5,1602;3,0792;2,0810;-0,0000;-0,0000;-0,0000;-101,8507;60,2504;41,6003;-0,0000;-0,0000;12;0
4,7521;43,9066;-200,5950;91,4313;19,1637;-90,0000;133,9066;400,000;200,000;123,868;41,534;-0,0000;-5,4213;3,2335;2,1877;-0,0000;-0,0000;-0,0000;-101,8416;60,1632;41,6784;0,0000;-0,0000;12;0
4,7547;43,9066;-200,6092;91,4398;19,1695;-90,0000;133,9066;400,000;200,000;123,756;43,584;-0,0000;-5,6823;3,3876;2,2947;0,0000;-0,0000;-0,0000;-101,8321;60,0717;41,7604;0,0000;-0,0000;12;0
4,7573;43,9066;-200,6241;91,4486;19,1755;-90,0000;133,9066;400,000;200,000;123,639;45,635;-0,0000;-5,9433;3,5415;2,4018;0,0000;-0,0000;-0,0000;-101,8220;59,9759;41,8462;-0,0000;-0,0000;12;0
4,7598;43,9066;-200,6397;91,4579;19,1818;-90,0000;133,9066;400,000;200,000;123,517;47,685;-0,0000;-6,2043;3,6951;2,5092;-0,0000;-0,0000;-0,0000;-101,8116;59,8758;41,9358;-0,0000;-0,0000;12;0
4,7624;43,9066;-200,6559;91,4676;19,1884;-90,0000;133,9066;400,000;200,000;123,390;49,736;-0,0000;-6,4652;3,8484;2,6168;-0,0000;-0,0000;-0,0000;-101,8007;59,7714;42,0293;-0,0000;-0,0000;12;0
4,7649;43,9066;-200,6728;91,4776;19,1952;-90,0000;133,9066;400,000;200,000;123,257;51,786;-0,0000;-6,7261;4,0015;2,7246;-0,0000;-0,0000;-0,0000;-101,7893;59,6627;42,1266;-0,0000;-0,0000;12;0
4,7675;43,9066;-200,6904;91,4881;19,2023;-90,0000;133,9066;400,000;200,000;123,119;53,837;-0,0000;-6,9870;4,1543;2,8327;-0,0000;-0,0000;-0,0000;-101,7774;59,5497;42,2277;-0,0000;-0,0000;12;0
4,7701;43,9066;-200,7087;91,4989;19,2097;-90,0000;133,9066;400,000;200,000;122,976;55,887;-0,0000;-7,2479;4,3068;2,9411;-0,0000;-0,0000;-0,0000;-101,7651;59,4325;42,3327;-0,0000;-0,0000;12;0
4,7726;43,9066;-200,7276;91,5102;19,2174;-90,0000;133,9066;400,000;200,000;122,827;57,938;-0,0000;-7,5087;4,4589;3,0498;-0,0000;-0,0000;-0,0000;-101,7524;59,3109;42,4415;-0,0000;-0,0000;12;0
4,7752;43,9066;-200,7472;91,5218;19,2254;-90,0000;133,9066;400,000;200,000;122,673;59,988;-0,0000;-7,7695;4,6108;3,1587;-0,0000;-0,0000;-0,0000;-101,7391;59,1850;42,5541;-0,0000;-0,0000;12;0
4,7778;43,9066;-200,7674;91,5338;19,2336;-90,0000;133,9066;400,000;200,000;122,514;62,039;-0,0000;-8,0302;4,7623;3,2679;-0,0000;-0,0000;-0,0000;-101,7254;59,0549;42,6706;0,0000;-0,0000;12;0
4,7803;43,9066;-200,7883;91,5462;19,2421;-90,0000;133,9066;400,000;200,000;122,350;64,090;-0,0000;-8,2910;4,9135;3,3774;-0,0000;-0,0000;-0,0000;-101,7113;58,9204;42,7908;-0,0000;-0,0000;12;0
4,7829;43,9066;-200,8099;91,5590;19,2509;-90,0000;133,9066;400,000;200,000;122,181;66,140;-0,0000;-8,5517;5,0644;3,4873;-0,0000;-0,0000;-0,0000;-101,6966;58,7817;42,9149;-0,0000;-0,0000;12;0
4,7855;43,9066;-200,8322;91,5722;19,2600;-90,0000;133,9066;400,000;200,000;122,006;68,191;-0,0000;-8,8123;5,2149;3,5974;-0,0000;-0,0000;-0,0000;-101,6815;58,6387;43,0429;-0,0000;-0,0000;12;0
4,7880;43,9066;-200,8551;91,5857;19,2694;-90,0000;133,9066;400,000;200,000;121,826;70,241;-0,0000;-9,0729;5,3650;3,7079;-0,0000;-0,0000;-0,0000;-101,6659;58,4913;43,1746;0,0000;-0,0000;12;0
4,7906;43,9066;-200,8787;91,5997;19,2790;-90,0000;133,9066;400,000;200,000;121,640;72,292;-0,0000;-9,3335;5,5147;3,8188;-0,0000;-0,0000;-0,0000;-101,6499;58,3397;43,3101;0,0000;-0,0000;12;0
4,7931;43,9066;-200,9029;91,6140;19,2889;-90,0000;133,9066;400,000;200,000;121,450;74,342;-0,0000;-9,5940;5,6641;3,9299;-0,0000;-0,0000;-0,0000;-101,6333;58,1838;43,4495;0,0000;-0,0000;12;0
4,7957;43,9066;-200,9279;91,6287;19,2991;-90,0000;133,9066;400,000;200,000;121,254;76,393;-0,0000;-9,8545;5,8130;4,0415;-0,0000;-0,0000;-0,0000;-101,6163;58,0236;43,5927;-0,0000;-0,0000;12;0
4,7983;43,9066;-200,9534;91,6438;19,3096;-90,0000;133,9066;400,000;200,000;121,053;78,443;-0,0000;-10,1149;5,9615;4,1534;-0,0000;-0,0000;-0,0000;-101,5988;57,8592;43,7396;-0,0000;-0,0000;12;0
4,8008;43,9066;-200,9797;91,6593;19,3204;-90,0000;133,9066;400,000;200,000;120,847;80,494;-0,0000;-10,3753;6,1096;4,2657;-0,0000;-0,0000;-0,0000;-101,5808;57,6904;43,8904;-0,0000;-0,0000;12;0
4,8034;43,9066;-201,0066;91,6751;19,3315;-90,0000;133,9066;400,000;200,000;120,635;82,544;-0,0000;-10,6357;6,2573;4,3784;-0,0000;-0,0000;-0,0000;-101,5623;57,5174;44,0450;0,0000;-0,0000;12;0
4,8060;43,9066;-201,0342;91,6913;19,3429;-90,0000;133,9066;400,000;200,000;120,418;84,595;-0,0000;-10,8960;6,4045;4,4915;-0,0000;-0,0000;-0,0000;-101,5434;57,3400;44,2033;0,0000;-0,0000;12;0
4,8085;43,9066;-201,0625;91,7080;19,3545;-90,0000;133,9066;400,000;200,000;120,196;86,646;-0,0000;-11,1562;6,5512;4,6050;-0,0000;-0,0000;-0,0000;-101,5239;57,1584;44,3655;-0,0000;-0,0000;12;0
4,8111;43,9066;-201,0914;91,7249;19,3665;-90,0000;133,9066;400,000;200,000;119,969;88,696;-0,0000;-11,4164;6,6975;4,7189;-0,0000;-0,0000;-0,0000;-101,5040;56,9725;44,5314;-0,0000;-0,0000;12;0
4,8136;43,9066;-201,1210;91,7423;19,3787;-90,0000;133,9066;400,000;200,000;119,736;90,747;-0,0000;-11,6766;6,8433;4,8333;-0,0000;-0,0000;-0,0000;-101,4835;56,7824;44,7012;-0,0000;-0,0000;12;0
4,8162;43,9066;-201,1513;91,7600;19,3913;-90,0000;133,9066;400,000;200,000;119,498;92,797;-0,0000;-11,9367;6,9886;4,9481;-0,0000;-0,0000;-0,0000;-101,4626;56,5879;44,8747;-0,0000;-0,0000;12;0
4,8188;43,9066;-201,1822;91,7781;19,4041;-90,0000;133,9066;400,000;200,000;119,255;94,848;-0,0000;-12,1967;7,1334;5,0633;-0,0000;-0,0000;-0,0000;-101,4412;56,3892;45,0520;-0,0000;-0,0000;12;0
4,8213;43,9066;-201,2138;91,7966;19,4172;-90,0000;133,9066;400,000;200,000;119,007;96,898;-0,0000;-12,4567;7,2776;5,1790;-0,0000;-0,0000;-0,0000;-101,4192;56,1862;45,2330;0,0000;-0,0000;12;0
4,8239;43,9066;-201,2461;91,8154;19,4306;-90,0000;133,9066;400,000;200,000;118,753;98,949;-0,0000;-12,7166;7,4214;5,2952;0,0000;-0,0000;-0,0000;-101,3968;55,9789;45,4179;0,0000;-0,0000;12;0
4,8265;43,9066;-201,2790;91,8346;19,4444;-90,0000;133,9066;400,000;200,000;118,494;100,999;-0,0000;-12,9765;7,5646;5,4119;0,0000;-0,0000;-0,0000;-101,3738;55,7674;45,6064;-0,0000;-0,0000;12;0
4,8290;43,9066;-201,3126;91,8542;19,4584;-90,0000;133,9066;400,000;200,000;118,230;103,050;-0,0000;-13,2363;7,7073;5,5290;-0,0000;-0,0000;-0,0000;-101,3503;55,5515;45,7988;-0,0000;-0,0000;12;0
4,8316;43,9066;-201,3468;91,8741;19,4727;-90,0000;133,9066;400,000;200,000;117,961;105,100;-0,0000;-13,4960;7,8494;5,6467;-0,0000;-0,0000;-0,0000;-101,3263;55,3314;45,9949;0,0000;-0,0000;12;0
4,8342;43,9066;-201,3818;91,8944;19,4873;-90,0000;133,9066;400,000;200,000;117,686;107,151;-0,0000;-13,7557;7,9909;5,7648;0,0000;-0,0000;-0,0000;-101,3018;55,1070;46,1948;0,0000;-0,0000;12;0
4,8367;43,9066;-201,4174;91,9151;19,5023;-90,0000;133,9066;400,000;200,000;117,406;109,202;-0,0000;-14,0153;8,1319;5,8835;0,0000;-0,0000;-0,0000;-101,2767;54,8784;46,3984;-0,0000;-0,0000;12;0
4,8393;43,9066;-201,4536;91,9361;19,5175;-90,0000;133,9066;400,000;200,000;117,121;111,252;-0,0000;-14,2749;8,2722;6,0027;-0,0000;-0,0000;-0,0000;-101,2512;54,6455;46,6057;-0,0000;-0,0000;12;0
4,8418;43,9066;-201,4905;91,9575;19,5330;-90,0000;133,9066;400,000;200,000;116,831;113,303;-0,0000;-14,5344;8,4120;6,1224;-0,0000;-0,0000;-0,0000;-101,2251;54,4083;46,8168;0,0000;-0,0000;12;0
4,8444;43,9066;-201,5281;91,9792;19,5489;-90,0000;133,9066;400,000;200,000;116,535;115,353;-0,0000;-14,7938;8,5512;6,2427;-0,0000;-0,0000;-0,0000;-101,1984;54,1668;47,0316;-0,0000;-0,0000;12;0
4,8470;43,9066;-201,5664;92,0013;19,5650;-90,0000;133,9066;400,000;200,000;116,234;117,404;-0,0000;-15,0532;8,6897;6,3635;-0,0000;-0,0000;-0,0000;-101,1712;53,9211;47,2502;0,0000;-0,0000;12;0
4,8495;43,9066;-201,6053;92,0238;19,5815;-90,0000;133,9066;400,000;200,000;115,928;119,454;-0,0000;-15,3125;8,8276;6,4849;-0,0000;-0,0000;-0,0000;-101,1435;53,6711;47,4724;-0,0000;-0,0000;12;0
4,8521;43,9066;-201,6449;92,0466;19,5983;-90,0000;133,9066;400,000;200,000;115,616;121,505;-0,0000;-15,5717;8,9648;6,6068;-0,0000;-0,0000;-0,0000;-101,1152;53,4168;47,6984;0,0000;-0,0000;12;0
4,8547;43,9066;-201,6851;92,0698;19,6154;-90,0000;133,9066;400,000;200,000;115,300;123,555;-0,0000;-15,8308;9,1014;6,7294;-0,0000;-0,0000;-0,0000;-101,0864;53,1583;47,9281;0,0000;-0,0000;12;0
4,8572;43,9066;-201,7260;92,0933;19,6328;-90,0000;133,9066;400,000;200,000;114,978;125,606;-0,0000;-16,0899;9,2373;6,8525;-0,0000;-0,0000;-0,0000;-101,0570;52,8955;48,1615;0,0000;-0,0000;12;0
4,8598;43,9066;-201,7676;92,1171;19,6505;-90,0000;133,9066;400,000;200,000;114,651;127,656;-0,0000;-16,3489;9,3726;6,9763;-0,0000;-0,0000;-0,0000;-101,0271;52,6284;48,3986;0,0000;-0,0000;12;0
4,8623;43,9066;-201,8098;92,1413;19,6685;-90,0000;133,9066;400,000;200,000;114,318;129,707;-0,0000;-16,6078;9,5071;7,1006;0,0000;-0,0000;-0,0000;-100,9965;52,3571;48,6394;0,0000;-0,0000;12;0
4,8649;43,9066;-201,8527;92,1658;19,6869;-90,0000;133,9066;400,000;200,000;113,980;131,757;-0,0000;-16,8666;9,6410;7,2256;0,0000;-0,0000;-0,0000;-100,9654;52,0815;48,8839;-0,0000;-0,0000;12;0
4,8675;43,9066;-201,8963;92,1907;19,7056;-90,0000;133,9066;400,000;200,000;113,637;133,808;-0,0000;-17,1254;9,7741;7,3512;-0,0000;-0,0000;-0,0000;-100,9338;51,8016;49,1321;-0,0000;-0,0000;12;0
4,8700;43,9066;-201,9405;92,2159;19,7246;-90,0000;133,9066;400,000;200,000;113,289;135,859;-0,0000;-17,3840;9,9065;7,4775;-0,0000;-0,0000;-0,0000;-100,9015;51,5175;49,3840;0,0000;-0,0000;12;0
4,8726;43,9066;-201,9854;92,2415;19,7439;-90,0000;133,9066;400,000;200,000;112,936;137,909;-0,0000;-17,6426;10,0382;7,6044;-0,0000;-0,0000;-0,0000;-100,8686;51,2291;49,6395;0,0000;-0,0000;12;0
4,8752;43,9066;-202,0310;92,2674;19,7636;-90,0000;133,9066;400,000;200,000;112,577;139,960;-0,0000;-17,9011;10,1691;7,7320;-0,0000;-0,0000;-0,0000;-100,8352;50,9365;49,8987;-0,0000;-0,0000;12;0
4,8777;43,9066;-202,0772;92,2936;19,7836;-90,0000;133,9066;400,000;200,000;112,213;142,010;-0,0000;-18,1595;10,2993;7,8602;-0,0000;-0,0000;-0,0000;-100,8011;50,6396;50,1616;-0,0000;-0,0000;12;0
4,8803;43,9066;-202,1241;92,3202;19,8039;-90,0000;133,9066;400,000;200,000;111,844;144,061;-0,0000;-18,4179;10,4287;7,9891;-0,0000;-0,0000;-0,0000;-100,7665;50,3384;50,4281;0,0000;-0,0000;12;0
4,8829;43,9066;-202,1716;92,3471;19,8245;-90,0000;133,9066;400,000;200,000;111,469;146,111;-0,0000;-18,6761;10,5574;8,1187;-0,0000;-0,0000;-0,0000;-100,7312;50,0330;50,6982;-0,0000;-0,0000;12;0
4,8854;43,9066;-202,2198;92,3743;19,8455;-90,0000;133,9066;400,000;200,000;111,090;148,162;-0,0000;-18,9342;10,6852;8,2490;-0,0000;-0,0000;-0,0000;-100,6953;49,7233;50,9720;0,0000;-0,0000;12;0
4,8880;43,9066;-202,2687;92,4019;19,8668;-90,0000;133,9066;400,000;200,000;110,704;150,212;-0,0000;-19,1923;10,8123;8,3800;0,0000;-0,0000;-0,0000;-100,6588;49,4093;51,2495;0,0000;-0,0000;12;0
4,8905;43,9066;-202,3182;92,4298;19,8884;-90,0000;133,9066;400,000;200,000;110,314;152,263;-0,0000;-19,4503;10,9385;8,5117;0,0000;-0,0000;-0,0000;-100,6216;49,0911;51,5305;-0,0000;-0,0000;12;0
4,8931;43,9066;-202,3684;92,4580;19,9104;-90,0000;133,9066;400,000;200,000;109,919;154,313;-0,0000;-19,7081;11,0639;8,6442;-0,0000;-0,0000;-0,0000;-100,5838;48,7686;51,8152;-0,0000;-0,0000;12;0
4,8957;43,9066;-202,4192;92,4865;19,9328;-90,0000;133,9066;400,000;200,000;109,518;156,364;-0,0000;-19,9659;11,1885;8,7774;-0,0000;-0,0000;-0,0000;-100,5454;48,4419;52,1035;-0,0000;-0,0000;12;0
4,8982;43,9066;-202,4707;92,5153;19,9554;-90,0000;133,9066;400,000;200,000;109,112;158,415;-0,0000;-20,2236;11,3123;8,9113;-0,0000;-0,0000;-0,0000;-100,5062;48,1109;52,3954;0,0000;-0,0000;12;0
4,9008;43,9066;-202,5229;92,5445;19,9784;-90,0000;133,9066;400,000;200,000;108,701;160,465;-0,0000;-20,4811;11,4352;9,0460;0,0000;-0,0000;-0,0000;-100,4665;47,7756;52,6908;0,0000;-0,0000;12;0
4,9034;43,9066;-202,5757;92,5739;20,0018;-90,0000;133,9066;400,000;200,000;108,284;162,516;-0,0000;-20,7386;11,5572;9,1814;0,0000;-0,0000;-0,0000;-100,4260;47,4361;52,9899;-0,0000;-0,0000;12;0
4,9059;43,9066;-202,6292;92,6037;20,0255;-90,0000;133,9066;400,000;200,000;107,862;164,566;-0,0000;-20,9959;11,6783;9,3176;-0,0000;-0,0000;-0,0000;-100,3849;47,0923;53,2926;-0,0000;-0,0000;12;0
4,9085;43,9066;-202,6834;92,6338;20,0496;-90,0000;133,9066;400,000;200,000;107,435;166,617;-0,0000;-21,2532;11,7986;9,4546;-0,0000;-0,0000;-0,0000;-100,3431;46,7443;53,5988;-0,0000;-0,0000;12;0
4,9111;43,9066;-202,7382;92,6642;20,0740;-90,0000;133,9066;400,000;200,000;107,003;168,667;-0,0000;-21,5103;11,9180;9,5924;-0,0000;-0,0000;-0,0000;-100,3006;46,3920;53,9086;-0,0000;-0,0000;12;0
4,9136;43,9066;-202,7936;92,6949;20,0987;-90,0000;133,9066;400,000;200,000;106,565;170,718;-0,0000;-21,7674;12,0364;9,7309;-0,0000;-0,0000;-0,0000;-100,2573;46,0354;54,2219;0,0000;-0,0000;12;0
4,9162;43,9066;-202,8497;92,7259;20,1239;-90,0000;133,9066;400,000;200,000;106,122;172,768;-0,0000;-22,0243;12,1540;9,8703;-0,0000;-0,0000;-0,0000;-100,2134;45,6746;54,5388;-0,0000;-0,0000;12;0
4,9187;43,9066;-202,9065;92,7572;20,1493;-90,0000;133,9066;400,000;200,000;105,674;174,819;-0,0000;-22,2811;12,2706;10,0105;-0,0000;-0,0000;-0,0000;-100,1687;45,3095;54,8592;-0,0000;-0,0000;12;0
4,9213;43,9066;-202,9640;92,7888;20,1752;-90,0000;133,9066;400,000;200,000;105,221;176,869;-0,0000;-22,5378;12,3862;10,1516;-0,0000;-0,0000;-0,0000;-100,1233;44,9401;55,1832;-0,0000;-0,0000;12;0
4,9239;43,9066;-203,0221;92,8207;20,2014;-90,0000;133,9066;400,000;200,000;104,762;178,920;-0,0000;-22,7944;12,5009;10,2934;-0,0000;-0,0000;-0,0000;-100,0772;44,5665;55,5107;-0,0000;-0,0000;12;0
4,9264;43,9066;-203,0808;92,8529;20,2279;-90,0000;133,9066;400,000;200,000;104,298;180,971;-0,0000;-23,0508;12,6147;10,4361;-0,0000;-0,0000;-0,0000;-100,0303;44,1886;55,8417;0,0000;-0,0000;12;0
4,9290;43,9066;-203,1402;92,8854;20,2549;-90,0000;133,9066;400,000;200,000;103,829;183,021;-0,0000;-23,3072;12,7275;10,5797;0,0000;-0,0000;-0,0000;-99,9826;43,8065;56,1761;0,0000;-0,0000;12;0
4,9316;43,9066;-203,2003;92,9181;20,2822;-90,0000;133,9066;400,000;200,000;103,355;185,072;-0,0000;-23,5634;12,8393;10,7241;0,0000;-0,0000;-0,0000;-99,9342;43,4201;56,5141;-0,0000;-0,0000;12;0
4,9341;43,9066;-203,2610;92,9512;20,3098;-90,0000;133,9066;400,000;200,000;102,875;187,122;-0,0000;-23,8195;12,9501;10,8694;-0,0000;-0,0000;-0,0000;-99,8849;43,0294;56,8556;-0,0000;-0,0000;12;0
4,9367;43,9066;-203,3224;92,9845;20,3379;-90,0000;133,9066;400,000;200,000;102,390;189,173;-0,0000;-24,0754;13,0598;11,0156;-0,0000;-0,0000;-0,0000;-99,8349;42,6344;57,2005;0,0000;-0,0000;12;0
4,9392;43,9066;-203,3844;93,0181;20,3663;-90,0000;133,9066;400,000;200,000;101,900;191,223;-0,0000;-24,3312;13,1686;11,1626;-0,0000;-0,0000;-0,0000;-99,7841;42,2352;57,5489;0,0000;-0,0000;12;0
4,9418;43,9066;-203,4471;93,0520;20,3951;-90,0000;133,9066;400,000;200,000;101,405;193,274;-0,0000;-24,5869;13,2764;11,3106;-0,0000;-0,0000;-0,0000;-99,7324;41,8317;57,9007;-0,0000;-0,0000;12;0
4,9444;43,9066;-203,5105;93,0862;20,4243;-90,0000;133,9066;400,000;200,000;100,904;195,324;-0,0000;-24,8425;13,3831;11,4594;-0,0000;-0,0000;-0,0000;-99,6799;41,4239;58,2560;0,0000;-0,0000;12;0
4,9469;43,9066;-203,5745;93,1206;20,4539;-90,0000;133,9066;400,000;200,000;100,398;197,375;-0,0000;-25,0979;13,4887;11,6092;-0,0000;-0,0000;-0,0000;-99,6266;41,0119;58,6147;0,0000;-0,0000;12;0
4,9495;43,9066;-203,6392;93,1553;20,4838;-90,0000;133,9066;400,000;200,000;99,887;199,425;-0,0000;-25,3532;13,5933;11,7599;-0,0000;-0,0000;-0,0000;-99,5724;40,5955;58,9768;-0,0000;-0,0000;12;0
4,9521;43,9066;-203,7045;93,1903;20,5142;-90,0000;133,9066;400,000;200,000;99,371;201,476;-0,0000;-25,6084;13,6968;11,9116;-0,0000;-0,0000;-0,0000;-99,5173;40,1749;59,3424;-0,0000;-0,0000;12;0
4,9546;43,9066;-203,7704;93,2256;20,5449;-90,0000;133,9066;400,000;200,000;98,849;203,526;-0,0000;-25,8634;13,7993;12,0641;-0,0000;-0,0000;-0,0000;-99,4614;39,7501;59,7113;-0,0000;-0,0000;12;0
4,9572;43,9066;-203,8370;93,2611;20,5760;-90,0000;133,9066;400,000;200,000;98,322;205,577;-0,0000;-26,1183;13,9006;12,2177;-0,0000;-0,0000;-0,0000;-99,4045;39,3209;60,0836;-0,0000;-0,0000;12;0
4,9598;43,9066;-203,9043;93,2968;20,6075;-90,0000;133,9066;400,000;200,000;97,790;207,628;-0,0000;-26,3730;14,0008;12,3721;-0,0000;-0,0000;-0,0000;-99,3468;38,8875;60,4593;-0,0000;-0,0000;12;0
4,9623;43,9066;-203,9722;93,3328;20,6394;-90,0000;133,9066;400,000;200,000;97,253;209,678;-0,0000;-26,6275;14,0999;12,5276;-0,0000;-0,0000;0,0000;-99,2881;38,4497;60,8384;0,0000;0,0000;12;0
4,9649;43,9066;-204,0408;93,3691;20,6717;-90,0000;133,9066;400,000;200,000;96,710;211,729;-0,0000;-26,8820;14,1979;12,6840;0,0000;-0,0000;0,0000;-99,2285;38,0077;61,2208;0,0000;0,0000;12;0
4,9674;43,9066;-204,1101;93,4056;20,7044;-90,0000;133,9066;400,000;200,000;96,162;213,779;-0,0000;-27,1362;14,2948;12,8414;0,0000;-0,0000;-0,0000;-99,1679;37,5614;61,6064;-0,0000;-0,0000;12;0
4,9700;43,9066;-204,1799;93,4424;20,7376;-90,0000;133,9066;400,000;200,000;95,609;215,830;-0,0000;-27,3903;14,3905;12,9998;-0,0000;-0,0000;-0,0000;-99,1063;37,1108;61,9955;-0,0000;-0,0000;12;0
4,9726;43,9066;-204,2505;93,4794;20,7711;-90,0000;133,9066;400,000;200,000;95,050;217,880;-0,0000;-27,6443;14,4850;13,1592;-0,0000;-0,0000;-0,0000;-99,0438;36,6559;62,3879;0,0000;-0,0000;12;0
4,9751;43,9066;-204,3216;93,5166;20,8050;-90,0000;133,9066;400,000;200,000;94,486;219,931;-0,0000;-27,8981;14,5784;13,3197;-0,0000;-0,0000;-0,0000;-98,9803;36,1967;62,7835;0,0000;-0,0000;12;0
4,9777;43,9066;-204,3935;93,5541;20,8394;-90,0000;133,9066;400,000;200,000;93,918;221,981;-0,0000;-28,1517;14,6706;13,4811;-0,0000;-0,0000;-0,0000;-98,9157;35,7333;63,1824;-0,0000;-0,0000;12;0
4,9803;43,9066;-204,4660;93,5918;20,8741;-90,0000;133,9066;400,000;200,000;93,343;224,032;-0,0000;-28,4051;14,7616;13,6436;-0,0000;-0,0000;-0,0000;-98,8501;35,2655;63,5846;0,0000;-0,0000;12;0
4,9828;43,9066;-204,5391;93,6298;20,9093;-90,0000;133,9066;400,000;200,000;92,764;226,082;-0,0000;-28,6584;14,8514;13,8071;-0,0000;-0,0000;-0,0000;-98,7835;34,7934;63,9901;-0,0000;-0,0000;12;0
4,9854;43,9066;-204,6129;93,6680;20,9449;-90,0000;133,9066;400,000;200,000;92,179;228,133;-0,0000;-28,9115;14,9399;13,9716;-0,0000;-0,0000;-0,0000;-98,7158;34,3170;64,3988;-0,0000;-0,0000;12;0
4,9879;43,9066;-204,6873;93,7064;20,9809;-90,0000;133,9066;400,000;200,000;91,589;230,184;-0,0000;-29,1645;15,0273;14,1372;-0,0000;-0,0000;-0,0000;-98,6470;33,8363;64,8107;-0,0000;-0,0000;12;0
4,9905;43,9066;-204,7624;93,7450;21,0174;-90,0000;133,9066;400,000;200,000;90,994;232,234;-0,0000;-29,4172;15,1134;14,3038;-0,0000;-0,0000;-0,0000;-98,5771;33,3513;65,2258;-0,0000;-0,0000;12;0
4,9931;43,9066;-204,8381;93,7838;21,0543;-90,0000;133,9066;400,000;200,000;90,393;234,285;-0,0000;-29,6698;15,1983;14,4716;-0,0000;-0,0000;-0,0000;-98,5061;32,8620;65,6441;-0,0000;-0,0000;12;0
4,9956;43,9066;-204,9145;93,8229;21,0916;-90,0000;133,9066;400,000;200,000;89,788;236,335;-0,0000;-29,9222;15,2819;14,6404;-0,0000;-0,0000;-0,0000;-98,4339;32,3683;66,0656;0,0000;-0,0000;12;0
4,9982;43,9066;-204,9915;93,8622;21,1293;-90,0000;133,9066;400,000;200,000;89,176;238,386;-0,0000;-30,1744;15,3642;14,8102;-0,0000;-0,0000;-0,0000;-98,3606;31,8704;66,4903;0,0000;-0,0000;12;0
5,0008;43,9066;-205,0692;93,9017;21,1675;-90,0000;133,9066;400,000;200,000;88,560;240,436;-0,0000;-30,4264;15,4452;14,9812;-0,0000;-0,0000;-0,0000;-98,2861;31,3681;66,9181;-0,0000;-0,0000;12;0
5,0033;43,9066;-205,1475;93,9414;21,2061;-90,0000;133,9066;400,000;200,000;87,939;242,487;-0,0000;-30,6783;15,5250;15,1533;-0,0000;-0,0000;-0,0000;-98,2105;30,8614;67,3490;0,0000;-0,0000;12;0
5,0059;43,9066;-205,2264;93,9813;21,2452;-90,0000;133,9066;400,000;200,000;87,312;244,537;-0,0000;-30,9299;15,6034;15,3265;-0,0000;-0,0000;-0,0000;-98,1335;30,3505;67,7831;0,0000;-0,0000;12;0
5,0085;43,9066;-205,3060;94,0214;21,2847;-90,0000;133,9066;400,000;200,000;86,680;246,588;-0,0000;-31,1813;15,6806;15,5008;-0,0000;-0,0000;-0,0000;-98,0554;29,8352;68,2202;-0,0000;-0,0000;12;0
5,0110;43,9066;-205,3863;94,0616;21,3246;-90,0000;133,9066;400,000;200,000;86,043;248,638;-0,0000;-31,4326;15,7564;15,6762;-0,0000;-0,0000;-0,0000;-97,9760;29,3156;68,6604;0,0000;-0,0000;12;0
5,0136;43,9066;-205,4672;94,1021;21,3650;-90,0000;133,9066;400,000;200,000;85,400;250,689;-0,0000;-31,6836;15,8309;15,8527;-0,0000;-0,0000;-0,0000;-97,8953;28,7916;69,1037;0,0000;-0,0000;12;0
5,0161;43,9066;-205,5487;94,1428;21,4059;-90,0000;133,9066;400,000;200,000;84,752;252,740;-0,0000;-31,9344;15,9040;16,0304;-0,0000;-0,0000;-0,0000;-97,8133;28,2633;69,5500;-0,0000;-0,0000;12;0
5,0187;43,9066;-205,6309;94,1837;21,4472;-90,0000;133,9066;400,000;200,000;84,099;254,790;-0,0000;-32,1850;15,9758;16,2093;-0,0000;-0,0000;-0,0000;-97,7300;27,7306;69,9994;0,0000;-0,0000;12;0
5,0213;43,9066;-205,7137;94,2247;21,4890;-90,0000;133,9066;400,000;200,000;83,441;256,841;-0,0000;-32,4354;16,0461;16,3893;-0,0000;-0,0000;-0,0000;-97,6453;27,1936;70,4517;0,0000;-0,0000;12;0
5,0238;43,9066;-205,7972;94,2659;21,5312;-90,0000;133,9066;400,000;200,000;82,777;258,891;-0,0000;-32,6856;16,1152;16,5704;-0,0000;-0,0000;-0,0000;-97,5593;26,6522;70,9070;-0,0000;-0,0000;12;0
5,0264;43,9066;-205,8813;94,3073;21,5739;-90,0000;133,9066;400,000;200,000;82,108;260,942;-0,0000;-32,9355;16,1828;16,7528;-0,0000;-0,0000;-0,0000;-97,4718;26,1065;71,3654;-0,0000;-0,0000;12;0
5,0290;43,9066;-205,9660;94,3489;21,6171;-90,0000;133,9066;400,000;200,000;81,434;262,992;-0,0000;-33,1853;16,2490;16,9363;-0,0000;-0,0000;-0,0000;-97,3830;25,5563;71,8266;-0,0000;-0,0000;12;0
5,0315;43,9066;-206,0514;94,3906;21,6608;-90,0000;133,9066;400,000;200,000;80,755;265,043;-0,0000;-33,4348;16,3138;17,1210;-0,0000;-0,0000;-0,0000;-97,2926;25,0019;72,2908;0,0000;-0,0000;12;0
5,0341;43,9066;-206,1374;94,4325;21,7049;-90,0000;133,9066;400,000;200,000;80,070;267,093;-0,0000;-33,6840;16,3772;17,3069;-0,0000;-0,0000;0,0000;-97,2009;24,4430;72,7579;0,0000;0,0000;12;0
5,0366;43,9066;-206,2240;94,4746;21,7495;-90,0000;133,9066;400,000;200,000;79,380;269,144;-0,0000;-33,9330;16,4391;17,4940;0,0000;-0,0000;0,0000;-97,1076;23,8798;73,2279;0,0000;0,0000;12;0
5,0392;43,9066;-206,3113;94,5168;21,7946;-90,0000;133,9066;400,000;200,000;78,685;271,194;-0,0000;-34,1818;16,4996;17,6823;0,0000;-0,0000;-0,0000;-97,0128;23,3121;73,7006;-0,0000;-0,0000;12;0
5,0418;43,9066;-206,3993;94,5591;21,8401;-90,0000;133,9066;400,000;200,000;77,985;273,245;-0,0000;-34,4304;16,5586;17,8718;-0,0000;-0,0000;-0,0000;-96,9165;22,7401;74,1763;-0,0000;-0,0000;12;0
5,0443;43,9066;-206,4878;94,6017;21,8862;-90,0000;133,9066;400,000;200,000;77,279;275,295;-0,0000;-34,6787;16,6161;18,0625;-0,0000;-0,0000;-0,0000;-96,8185;22,1637;74,6549;-0,0000;-0,0000;12;0
5,0469;43,9066;-206,5771;94,6443;21,9327;-90,0000;133,9066;400,000;200,000;76,568;277,346;-0,0000;-34,9267;16,6722;18,2545;-0,0000;-0,0000;-0,0000;-96,7190;21,5828;75,1362;0,0000;-0,0000;12;0
5,0495;43,9066;-206,6669;94,6871;21,9798;-90,0000;133,9066;400,000;200,000;75,852;279,397;-0,0000;-35,1745;16,7268;18,4477;0,0000;-0,0000;-0,0000;-79,7831;13,0536;66,7296;0,0000;-0,0000;12;0
5,0520;43,9066;-206,7574;94,7301;22,0273;-90,0000;133,9066;400,000;200,000;75,131;281,447;-0,0000;-35,3357;16,7391;18,5966;0,0000;-0,0000;-0,0000;-13,5403;-18,5944;32,1346;-0,0000;-0,0000;12;0
5,0546;43,9066;-206,8480;94,7729;22,0751;-90,0000;133,9066;400,000;200,000;74,408;282,121;-0,0000;-35,2439;16,6315;18,6124;-0,0000;-0,0000;0,0000;69,1160;-57,5647;-11,5513;-0,0000;0,0000;12;0
5,0572;43,9066;-206,9380;94,8153;22,1227;-90,0000;133,9066;400,000;200,000;73,690;280,137;-0,0000;-34,9814;16,4440;18,5373;-0,0000;-0,0000;0,0000;103,2019;-73,2212;-29,9807;0,0000;0,0000;12;0
5,0597;43,9066;-207,0274;94,8572;22,1701;-90,0000;133,9066;400,000;200,000;72,977;278,087;-0,0000;-34,7148;16,2561;18,4587;-0,0000;-0,0000;0,0000;103,9575;-73,0288;-30,9287;0,0000;0,0000;12;0
5,0623;43,9066;-207,1160;94,8987;22,2173;-90,0000;133,9066;400,000;200,000;72,269;276,036;-0,0000;-34,4485;16,0697;18,3788;0,0000;-0,0000;0,0000;103,8950;-72,4532;-31,4418;0,0000;0,0000;12;0
5,0648;43,9066;-207,2040;94,9396;22,2643;-90,0000;133,9066;400,000;200,000;71,567;273,986;-0,0000;-34,1822;15,8847;18,2976;0,0000;-0,0000;0,0000;103,8323;-71,8818;-31,9505;-0,0000;0,0000;12;0
5,0674;43,9066;-207,2912;94,9801;22,3111;-90,0000;133,9066;400,000;200,000;70,870;271,935;-0,0000;-33,9162;15,7012;18,2150;-0,0000;-0,0000;0,0000;103,7696;-71,3147;-32,4549;-0,0000;0,0000;12;0
5,0700;43,9066;-207,3778;95,0201;22,3577;-90,0000;133,9066;400,000;200,000;70,178;269,884;-0,0000;-33,6503;15,5191;18,1312;-0,0000;-0,0000;0,0000;103,7067;-70,7519;-32,9548;-0,0000;0,0000;12;0
5,0725;43,9066;-207,4637;95,0597;22,4041;-90,0000;133,9066;400,000;200,000;69,492;267,834;-0,0000;-33,3845;15,3385;18,0461;-0,0000;-0,0000;0,0000;103,6438;-70,1934;-33,4504;0,0000;0,0000;12;0
5,0751;43,9066;-207,5490;95,0987;22,4502;-90,0000;133,9066;400,000;200,000;68,811;265,783;-0,0000;-33,1190;15,1593;17,9597;-0,0000;-0,0000;0,0000;103,5807;-69,6391;-33,9417;0,0000;0,0000;12;0
5,0777;43,9066;-207,6335;95,1374;22,4961;-90,0000;133,9066;400,000;200,000;68,135;263,733;-0,0000;-32,8535;14,9815;17,8721;0,0000;-0,0000;0,0000;103,5176;-69,0891;-34,4285;0,0000;0,0000;12;0
5,0802;43,9066;-207,7174;95,1755;22,5418;-90,0000;133,9066;400,000;200,000;67,464;261,682;-0,0000;-32,5883;14,8051;17,7832;0,0000;-0,0000;0,0000;103,4544;-68,5433;-34,9111;-0,0000;0,0000;12;0
5,0828;43,9066;-207,8006;95,2133;22,5873;-90,0000;133,9066;400,000;200,000;66,798;259,632;-0,0000;-32,3232;14,6301;17,6931;-0,0000;-0,0000;0,0000;103,3911;-68,0018;-35,3893;-0,0000;0,0000;12;0
5,0853;43,9066;-207,8831;95,2505;22,6325;-90,0000;133,9066;400,000;200,000;66,138;257,581;-0,0000;-32,0583;14,4565;17,6018;-0,0000;-0,0000;0,0000;103,3278;-67,4646;-35,8632;0,0000;0,0000;12;0
5,0879;43,9066;-207,9649;95,2874;22,6775;-90,0000;133,9066;400,000;200,000;65,483;255,531;-0,0000;-31,7935;14,2842;17,5093;-0,0000;-0,0000;0,0000;103,2644;-66,9316;-36,3328;-0,0000;0,0000;12;0
5,0905;43,9066;-208,0461;95,3238;22,7223;-90,0000;133,9066;400,000;200,000;64,833;253,480;-0,0000;-31,5289;14,1134;17,4155;-0,0000;-0,0000;0,0000;103,2009;-66,4028;-36,7981;-0,0000;0,0000;12;0
5,0930;43,9066;-208,1265;95,3597;22,7668;-90,0000;133,9066;400,000;200,000;64,189;251,430;-0,0000;-31,2645;13,9438;17,3206;-0,0000;-0,0000;0,0000;103,1374;-65,8783;-37,2590;-0,0000;0,0000;12;0
5,0956;43,9066;-208,2063;95,3952;22,8111;-90,0000;133,9066;400,000;200,000;63,550;249,379;-0,0000;-31,0002;13,7757;17,2245;-0,0000;-0,0000;0,0000;103,0738;-65,3581;-37,7157;0,0000;0,0000;12;0
5,0982;43,9066;-208,2855;95,4303;22,8551;-90,0000;133,9066;400,000;200,000;62,916;247,329;-0,0000;-30,7361;13,6088;17,1273;-0,0000;-0,0000;0,0000;103,0102;-64,8421;-38,1681;0,0000;0,0000;12;0
5,1007;43,9066;-208,3639;95,4650;22,8989;-90,0000;133,9066;400,000;200,000;62,287;245,278;-0,0000;-30,4721;13,4433;17,0289;-0,0000;-0,0000;0,0000;102,9466;-64,3303;-38,6163;0,0000;0,0000;12;0
5,1033;43,9066;-208,4417;95,4993;22,9424;-90,0000;133,9066;400,000;200,000;61,664;243,227;-0,0000;-30,2083;13,2790;16,9293;-0,0000;-0,0000;0,0000;102,8830;-63,8228;-39,0601;-0,0000;0,0000;12;0
5,1059;43,9066;-208,5188;95,5331;22,9857;-90,0000;133,9066;400,000;200,000;61,046;241,177;-0,0000;-29,9447;13,1161;16,8286;-0,0000;-0,0000;0,0000;102,8193;-63,3196;-39,4997;0,0000;0,0000;12;0
5,1084;43,9066;-208,5952;95,5665;23,0287;-90,0000;133,9066;400,000;200,000;60,433;239,126;-0,0000;-29,6812;12,9544;16,7268;0,0000;-0,0000;0,0000;102,7557;-62,8205;-39,9351;0,0000;0,0000;12;0
5,1110;43,9066;-208,6709;95,5995;23,0714;-90,0000;133,9066;400,000;200,000;59,825;237,076;-0,0000;-29,4179;12,7940;16,6239;0,0000;-0,0000;0,0000;102,6920;-62,3257;-40,3663;-0,0000;0,0000;12;0
5,1135;43,9066;-208,7460;95,6321;23,1139;-90,0000;133,9066;400,000;200,000;59,222;235,025;-0,0000;-29,1548;12,6349;16,5199;-0,0000;-0,0000;0,0000;102,6284;-61,8352;-40,7932;-0,0000;0,0000;12;0
5,1161;43,9066;-208,8204;95,6643;23,1561;-90,0000;133,9066;400,000;200,000;58,625;232,975;-0,0000;-28,8918;12,4770;16,4148;-0,0000;-0,0000;0,0000;102,5648;-61,3489;-41,2159;0,0000;0,0000;12;0
5,1187;43,9066;-208,8941;95,6960;23,1981;-90,0000;133,9066;400,000;200,000;58,033;230,924;-0,0000;-28,6290;12,3204;16,3086;-0,0000;-0,0000;0,0000;102,5012;-60,8668;-41,6344;0,0000;0,0000;12;0
5,1212;43,9066;-208,9671;95,7274;23,2397;-90,0000;133,9066;400,000;200,000;57,447;228,874;-0,0000;-28,3664;12,1650;16,2014;0,0000;-0,0000;0,0000;102,4377;-60,3889;-42,0488;0,0000;0,0000;12;0
5,1238;43,9066;-209,0395;95,7584;23,2811;-90,0000;133,9066;400,000;200,000;56,865;226,823;-0,0000;-28,1039;12,0108;16,0930;0,0000;-0,0000;0,0000;102,3742;-59,9153;-42,4589;-0,0000;0,0000;12;0
5,1264;43,9066;-209,1112;95,7890;23,3222;-90,0000;133,9066;400,000;200,000;56,289;224,773;-0,0000;-27,8416;11,8579;15,9837;-0,0000;-0,0000;0,0000;102,3108;-59,4459;-42,8649;-0,0000;0,0000;12;0
5,1289;43,9066;-209,1822;95,8192;23,3630;-90,0000;133,9066;400,000;200,000;55,718;222,722;-0,0000;-27,5794;11,7061;15,8733;-0,0000;-0,0000;0,0000;102,2475;-58,9808;-43,2667;0,0000;0,0000;12;0
5,1315;43,9066;-209,2526;95,8490;23,4036;-90,0000;133,9066;400,000;200,000;55,153;220,671;-0,0000;-27,3174;11,5555;15,7619;0,0000;-0,0000;0,0000;102,1842;-58,5199;-43,6643;0,0000;0,0000;12;0
5,1340;43,9066;-209,3223;95,8784;23,4438;-90,0000;133,9066;400,000;200,000;54,592;218,621;-0,0000;-27,0556;11,4061;15,6495;0,0000;-0,0000;0,0000;102,1210;-58,0632;-44,0578;-0,0000;0,0000;12;0
5,1366;43,9066;-209,3913;95,9075;23,4838;-90,0000;133,9066;400,000;200,000;54,037;216,570;-0,0000;-26,7939;11,2579;15,5360;-0,0000;-0,0000;0,0000;102,0579;-57,6108;-44,4472;-0,0000;0,0000;12;0
5,1392;43,9066;-209,4596;95,9361;23,5235;-90,0000;133,9066;400,000;200,000;53,487;214,520;-0,0000;-26,5324;11,1108;15,4216;-0,0000;-0,0000;0,0000;101,9950;-57,1626;-44,8324;0,0000;0,0000;12;0
5,1417;43,9066;-209,5273;95,9644;23,5629;-90,0000;133,9066;400,000;200,000;52,943;212,469;-0,0000;-26,2710;10,9648;15,3062;-0,0000;-0,0000;0,0000;101,9321;-56,7186;-45,2135;0,0000;0,0000;12;0
5,1443;43,9066;-209,5943;95,9924;23,6020;-90,0000;133,9066;400,000;200,000;52,404;210,419;-0,0000;-26,0098;10,8200;15,1898;-0,0000;-0,0000;0,0000;101,8694;-56,2789;-45,5905;-0,0000;0,0000;12;0
5,1469;43,9066;-209,6606;96,0199;23,6407;-90,0000;133,9066;400,000;200,000;51,869;208,368;-0,0000;-25,7488;10,6763;15,0725;-0,0000;-0,0000;0,0000;101,8068;-55,8434;-45,9634;-0,0000;0,0000;12;0
5,1494;43,9066;-209,7263;96,0471;23,6792;-90,0000;133,9066;400,000;200,000;51,341;206,318;-0,0000;-25,4879;10,5337;14,9542;-0,0000;-0,0000;0,0000;101,7444;-55,4121;-46,3323;0,0000;0,0000;12;0
5,1520;43,9066;-209,7913;96,0739;23,7174;-90,0000;133,9066;400,000;200,000;50,817;204,267;-0,0000;-25,2272;10,3923;14,8350;-0,0000;-0,0000;0,0000;101,6821;-54,9851;-46,6970;0,0000;0,0000;12;0
5,1546;43,9066;-209,8556;96,1004;23,7553;-90,0000;133,9066;400,000;200,000;50,299;202,217;-0,0000;-24,9667;10,2519;14,7148;-0,0000;-0,0000;0,0000;101,6200;-54,5623;-47,0577;-0,0000;0,0000;12;0
5,1571;43,9066;-209,9193;96,1265;23,7928;-90,0000;133,9066;400,000;200,000;49,786;200,166;-0,0000;-24,7063;10,1126;14,5937;-0,0000;-0,0000;0,0000;101,5581;-54,1438;-47,4144;0,0000;0,0000;12;0
5,1597;43,9066;-209,9823;96,1522;23,8301;-90,0000;133,9066;400,000;200,000;49,278;198,115;-0,0000;-24,4461;9,9743;14,4718;-0,0000;-0,0000;0,0000;101,4964;-53,7294;-47,7669;0,0000;0,0000;12;0
5,1622;43,9066;-210,0446;96,1776;23,8670;-90,0000;133,9066;400,000;200,000;48,775;196,065;-0,0000;-24,1860;9,8371;14,3489;-0,0000;-0,0000;0,0000;101,4349;-53,3194;-48,1155;-0,0000;0,0000;12;0
5,1648;43,9066;-210,1063;96,2026;23,9036;-90,0000;133,9066;400,000;200,000;48,278;194,014;-0,0000;-23,9261;9,7010;14,2251;-0,0000;-0,0000;0,0000;101,3736;-52,9135;-48,4600;0,0000;0,0000;12;0
5,1674;43,9066;-210,1673;96,2273;23,9399;-90,0000;133,9066;400,000;200,000;47,786;191,964;-0,0000;-23,6663;9,5659;14,1005;-0,0000;-0,0000;0,0000;101,3125;-52,5119;-48,8005;0,0000;0,0000;12;0
5,1699;43,9066;-210,2276;96,2517;23,9759;-90,0000;133,9066;400,000;200,000;47,299;189,913;-0,0000;-23,4067;9,4318;13,9749;-0,0000;-0,0000;0,0000;101,2516;-52,1146;-49,1370;-0,0000;0,0000;12;0
5,1725;43,9066;-210,2873;96,2757;24,0116;-90,0000;133,9066;400,000;200,000;46,818;187,863;-0,0000;-23,1473;9,2987;13,8486;-0,0000;-0,0000;0,0000;101,1910;-51,7215;-49,4695;0,0000;0,0000;12;0
5,1751;43,9066;-210,3463;96,2993;24,0469;-90,0000;133,9066;400,000;200,000;46,341;185,812;-0,0000;-22,8880;9,1666;13,7213;-0,0000;-0,0000;0,0000;101,1307;-51,3326;-49,7981;0,0000;0,0000;12;0
5,1776;43,9066;-210,4046;96,3227;24,0819;-90,0000;133,9066;400,000;200,000;45,870;183,762;-0,0000;-22,6288;9,0356;13,5933;-0,0000;-0,0000;0,0000;101,0706;-50,9480;-50,1226;0,0000;0,0000;12;0
5,1802;43,9066;-210,4623;96,3457;24,1166;-90,0000;133,9066;400,000;200,000;45,405;181,711;-0,0000;-22,3698;8,9055;13,4644;-0,0000;-0,0000;0,0000;101,0108;-50,5676;-50,4432;-0,0000;0,0000;12;0
5,1827;43,9066;-210,5193;96,3683;24,1509;-90,0000;133,9066;400,000;200,000;44,944;179,661;-0,0000;-22,1110;8,7763;13,3347;-0,0000;-0,0000;0,0000;100,9513;-50,1915;-50,7598;-0,0000;0,0000;12;0
5,1853;43,9066;-210,5756;96,3906;24,1850;-90,0000;133,9066;400,000;200,000;44,489;177,610;-0,0000;-21,8523;8,6482;13,2042;-0,0000;-0,0000;0,0000;100,8921;-49,8196;-51,0725;0,0000;0,0000;12;0
5,1879;43,9066;-210,6313;96,4126;24,2186;-90,0000;133,9066;400,000;200,000;44,039;175,560;-0,0000;-21,5938;8,5209;13,0729;-0,0000;-0,0000;0,0000;100,8332;-49,4520;-51,3812;-0,0000;0,0000;12;0
5,1904;43,9066;-210,6863;96,4343;24,2520;-90,0000;133,9066;400,000;200,000;43,594;173,509;-0,0000;-21,3354;8,3946;12,9408;-0,0000;-0,0000;0,0000;100,7747;-49,0886;-51,6861;0,0000;0,0000;12;0
5,1930;43,9066;-210,7407;96,4557;24,2850;-90,0000;133,9066;400,000;200,000;43,155;171,458;-0,0000;-21,0772;8,2693;12,8079;-0,0000;-0,0000;0,0000;100,7164;-48,7295;-51,9870;0,0000;0,0000;12;0
5,1956;43,9066;-210,7944;96,4767;24,3176;-90,0000;133,9066;400,000;200,000;42,720;169,408;-0,0000;-20,8191;8,1448;12,6743;-0,0000;-0,0000;0,0000;100,6585;-48,3746;-52,2840;-0,0000;0,0000;12;0
5,1981;43,9066;-210,8474;96,4974;24,3500;-90,0000;133,9066;400,000;200,000;42,291;167,357;-0,0000;-20,5612;8,0213;12,5399;-0,0000;-0,0000;0,0000;100,6010;-48,0239;-52,5771;0,0000;0,0000;12;0
5,2007;43,9066;-210,8998;96,5178;24,3819;-90,0000;133,9066;400,000;200,000;41,868;165,307;-0,0000;-20,3034;7,8987;12,4047;-0,0000;-0,0000;0,0000;100,5438;-47,6776;-52,8663;0,0000;0,0000;12;0
5,2033;43,9066;-210,9515;96,5379;24,4135;-90,0000;133,9066;400,000;200,000;41,449;163,256;-0,0000;-20,0458;7,7769;12,2689;-0,0000;-0,0000;0,0000;100,4870;-47,3354;-53,1516;0,0000;0,0000;12;0
5,2058;43,9066;-211,0025;96,5577;24,4448;-90,0000;133,9066;400,000;200,000;41,036;161,206;-0,0000;-19,7883;7,6560;12,1323;-0,0000;-0,0000;0,0000;100,4306;-46,9976;-53,4331;0,0000;0,0000;12;0
5,2084;43,9066;-211,0529;96,5772;24,4757;-90,0000;133,9066;400,000;200,000;40,628;159,155;-0,0000;-19,5309;7,5360;11,9950;-0,0000;-0,0000;0,0000;100,3746;-46,6640;-53,7107;-0,0000;0,0000;12;0
5,2109;43,9066;-211,1026;96,5963;24,5063;-90,0000;133,9066;400,000;200,000;40,225;157,105;-0,0000;-19,2737;7,4168;11,8569;-0,0000;-0,0000;0,0000;100,3190;-46,3346;-53,9844;0,0000;0,0000;12;0
5,2135;43,9066;-211,1517;96,6152;24,5365;-90,0000;133,9066;400,000;200,000;39,828;155,054;-0,0000;-19,0166;7,2984;11,7182;-0,0000;-0,0000;0,0000;100,2639;-46,0095;-54,2543;0,0000;0,0000;12;0
5,2161;43,9066;-211,2001;96,6337;24,5664;-90,0000;133,9066;400,000;200,000;39,436;153,004;-0,0000;-18,7597;7,1809;11,5788;-0,0000;-0,0000;0,0000;100,2091;-45,6887;-54,5204;-0,0000;0,0000;12;0
5,2186;43,9066;-211,2479;96,6520;24,5959;-90,0000;133,9066;400,000;200,000;39,049;150,953;-0,0000;-18,5029;7,0642;11,4387;-0,0000;-0,0000;0,0000;100,1548;-45,3721;-54,7827;-0,0000;0,0000;12;0
5,2212;43,9066;-211,2950;96,6700;24,6250;-90,0000;133,9066;400,000;200,000;38,667;148,902;-0,0000;-18,2463;6,9483;11,2980;-0,0000;-0,0000;0,0000;100,1010;-45,0598;-55,0412;0,0000;0,0000;12;0
5,2238;43,9066;-211,3414;96,6876;24,6538;-90,0000;133,9066;400,000;200,000;38,291;146,852;-0,0000;-17,9898;6,8332;11,1566;-0,0000;-0,0000;0,0000;100,0476;-44,7518;-55,2958;0,0000;0,0000;12;0
5,2263;43,9066;-211,3872;96,7050;24,6822;-90,0000;133,9066;400,000;200,000;37,920;144,801;-0,0000;-17,7334;6,7189;11,0145;-0,0000;-0,0000;0,0000;99,9947;-44,4480;-55,5467;0,0000;0,0000;12;0
5,2289;43,9066;-211,4323;96,7221;24,7103;-90,0000;133,9066;400,000;200,000;37,554;142,751;-0,0000;-17,4772;6,6054;10,8718;-0,0000;-0,0000;0,0000;99,9423;-44,1485;-55,7937;-0,0000;0,0000;12;0
5,2314;43,9066;-211,4768;96,7389;24,7379;-90,0000;133,9066;400,000;200,000;37,193;140,700;-0,0000;-17,2211;6,4926;10,7285;-0,0000;-0,0000;0,0000;99,8903;-43,8533;-56,0370;-0,0000;0,0000;12;0
5,2340;43,9066;-211,5206;96,7554;24,7653;-90,0000;133,9066;400,000;200,000;36,838;138,650;-0,0000;-16,9651;6,3806;10,5845;-0,0000;-0,0000;0,0000;99,8389;-43,5623;-56,2766;0,0000;0,0000;12;0
5,2366;43,9066;-211,5638;96,7716;24,7922;-90,0000;133,9066;400,000;200,000;36,488;136,599;-0,0000;-16,7093;6,2693;10,4400;-0,0000;-0,0000;0,0000;99,7880;-43,2756;-56,5124;0,0000;0,0000;12;0
5,2391;43,9066;-211,6063;96,7875;24,8188;-90,0000;133,9066;400,000;200,000;36,143;134,549;-0,0000;-16,4536;6,1587;10,2948;-0,0000;-0,0000;0,0000;99,7376;-42,9932;-56,7444;0,0000;0,0000;12;0
5,2417;43,9066;-211,6481;96,8031;24,8450;-90,0000;133,9066;400,000;200,000;35,803;132,498;-0,0000;-16,1980;6,0489;10,1491;-0,0000;-0,0000;0,0000;99,6877;-42,7150;-56,9727;-0,0000;0,0000;12;0
5,2443;43,9066;-211,6893;96,8185;24,8708;-90,0000;133,9066;400,000;200,000;35,469;130,448;-0,0000;-15,9425;5,9397;10,0028;-0,0000;-0,0000;0,0000;99,6384;-42,4412;-57,1973;0,0000;0,0000;12;0
5,2468;43,9066;-211,7298;96,8336;24,8963;-90,0000;133,9066;400,000;200,000;35,140;128,397;-0,0000;-15,6872;5,8313;9,8559;-0,0000;-0,0000;0,0000;99,5897;-42,1716;-57,4181;-0,0000;0,0000;12;0
5,2494;43,9066;-211,7697;96,8484;24,9213;-90,0000;133,9066;400,000;200,000;34,816;126,346;-0,0000;-15,4320;5,7236;9,7084;-0,0000;-0,0000;0,0000;99,5415;-41,9062;-57,6352;-0,0000;0,0000;12;0
5,2520;43,9066;-211,8089;96,8629;24,9460;-90,0000;133,9066;400,000;200,000;34,497;124,296;-0,0000;-15,1769;5,6165;9,5604;-0,0000;-0,0000;0,0000;99,4939;-41,6452;-57,8486;0,0000;0,0000;12;0
5,2545;43,9066;-211,8475;96,8772;24,9703;-90,0000;133,9066;400,000;200,000;34,184;122,245;-0,0000;-14,9219;5,5101;9,4119;-0,0000;-0,0000;0,0000;99,4468;-41,3884;-58,0584;0,0000;0,0000;12;0
5,2571;43,9066;-211,8854;96,8912;24,9943;-90,0000;133,9066;400,000;200,000;33,876;120,195;-0,0000;-14,6671;5,4043;9,2628;-0,0000;-0,0000;0,0000;99,4004;-41,1360;-58,2644;0,0000;0,0000;12;0
5,2596;43,9066;-211,9227;96,9049;25,0178;-90,0000;133,9066;400,000;200,000;33,573;118,144;-0,0000;-14,4124;5,2992;9,1132;-0,0000;-0,0000;0,0000;99,3545;-40,8877;-58,4667;0,0000;0,0000;12;0
5,2622;43,9066;-211,9593;96,9183;25,0410;-90,0000;133,9066;400,000;200,000;33,275;116,094;-0,0000;-14,1578;5,1947;8,9631;0,0000;-0,0000;0,0000;99,3093;-40,6438;-58,6654;0,0000;0,0000;12;0
5,2648;43,9066;-211,9953;96,9315;25,0638;-90,0000;133,9066;400,000;200,000;32,983;114,043;-0,0000;-13,9033;5,0908;8,8125;0,0000;-0,0000;-0,0000;99,2647;-40,4042;-58,8605;-0,0000;-0,0000;12;0
5,2673;43,9066;-212,0306;96,9444;25,0862;-90,0000;133,9066;400,000;200,000;32,696;111,993;-0,0000;-13,6489;4,9876;8,6613;-0,0000;-0,0000;-0,0000;99,2207;-40,1689;-59,0519;-0,0000;-0,0000;12;0
5,2699;43,9066;-212,0653;96,9571;25,1082;-90,0000;133,9066;400,000;200,000;32,414;109,942;-0,0000;-13,3947;4,8849;8,5097;-0,0000;-0,0000;0,0000;99,1774;-39,9378;-59,2396;-0,0000;0,0000;12;0
5,2725;43,9066;-212,0993;96,9695;25,1298;-90,0000;133,9066;400,000;200,000;32,138;107,892;-0,0000;-13,1405;4,7828;8,3577;-0,0000;-0,0000;0,0000;99,1347;-39,7110;-59,4236;0,0000;0,0000;12;0
5,2750;43,9066;-212,1326;96,9816;25,1510;-90,0000;133,9066;400,000;200,000;31,866;105,841;-0,0000;-12,8865;4,6813;8,2051;-0,0000;-0,0000;0,0000;99,0927;-39,4886;-59,6041;0,0000;0,0000;12;0
5,2776;43,9066;-212,1653;96,9935;25,1719;-90,0000;133,9066;400,000;200,000;31,600;103,791;-0,0000;-12,6325;4,5804;8,0521;0,0000;-0,0000;0,0000;99,0513;-39,2704;-59,7809;0,0000;0,0000;12;0
5,2801;43,9066;-212,1974;97,0051;25,1923;-90,0000;133,9066;400,000;200,000;31,340;101,740;-0,0000;-12,3787;4,4800;7,8986;0,0000;-0,0000;0,0000;99,0106;-39,0565;-59,9541;-0,0000;0,0000;12;0
5,2827;43,9066;-212,2288;97,0164;25,2123;-90,0000;133,9066;400,000;200,000;31,084;99,689;-0,0000;-12,1249;4,3802;7,7448;-0,0000;-0,0000;0,0000;98,9706;-38,8469;-60,1237;-0,0000;0,0000;12;0
5,2853;43,9066;-212,2595;97,0275;25,2320;-90,0000;133,9066;400,000;200,000;30,834;97,639;-0,0000;-11,8713;4,2809;7,5904;-0,0000;-0,0000;0,0000;98,9312;-38,6416;-60,2897;-0,0000;0,0000;12;0
5,2878;43,9066;-212,2896;97,0384;25,2513;-90,0000;133,9066;400,000;200,000;30,589;95,588;-0,0000;-11,6178;4,1821;7,4357;-0,0000;-0,0000;0,0000;98,8926;-38,4405;-60,4521;-0,0000;0,0000;12;0
5,2904;43,9066;-212,3191;97,0490;25,2701;-90,0000;133,9066;400,000;200,000;30,349;93,538;-0,0000;-11,3644;4,0838;7,2805;-0,0000;-0,0000;0,0000;98,8547;-38,2438;-60,6109;0,0000;0,0000;12;0
5,2930;43,9066;-212,3479;97,0593;25,2886;-90,0000;133,9066;400,000;200,000;30,115;91,487;-0,0000;-11,1110;3,9861;7,1250;-0,0000;-0,0000;0,0000;98,8175;-38,0514;-60,7661;0,0000;0,0000;12;0
5,2955;43,9066;-212,3761;97,0694;25,3066;-90,0000;133,9066;400,000;200,000;29,885;89,437;-0,0000;-10,8578;3,8888;6,9690;-0,0000;-0,0000;0,0000;98,7810;-37,8633;-60,9177;0,0000;0,0000;12;0
5,2981;43,9066;-212,4036;97,0793;25,3243;-90,0000;133,9066;400,000;200,000;29,661;87,386;-0,0000;-10,6046;3,7920;6,8127;-0,0000;-0,0000;0,0000;98,7452;-37,6794;-61,0658;0,0000;0,0000;12;0
5,3007;43,9066;-212,4304;97,0889;25,3416;-90,0000;133,9066;400,000;200,000;29,443;85,336;-0,0000;-10,3516;3,6956;6,6560;-0,0000;-0,0000;0,0000;98,7102;-37,4999;-61,2103;-0,0000;0,0000;12;0
5,3032;43,9066;-212,4566;97,0982;25,3584;-90,0000;133,9066;400,000;200,000;29,229;83,285;-0,0000;-10,0986;3,5997;6,4989;-0,0000;-0,0000;0,0000;98,6759;-37,3247;-61,3512;-0,0000;0,0000;12;0
5,3058;43,9066;-212,4822;97,1073;25,3749;-90,0000;133,9066;400,000;200,000;29,021;81,235;-0,0000;-9,8457;3,5043;6,3415;-0,0000;-0,0000;0,0000;98,6424;-37,1538;-61,4886;0,0000;0,0000;12;0
5,3083;43,9066;-212,5071;97,1162;25,3909;-90,0000;133,9066;400,000;200,000;28,818;79,184;-0,0000;-9,5929;3,4092;6,1837;0,0000;-0,0000;0,0000;98,6096;-36,9871;-61,6224;0,0000;0,0000;12;0
5,3109;43,9066;-212,5314;97,1248;25,4066;-90,0000;133,9066;400,000;200,000;28,620;77,133;-0,0000;-9,3402;3,3147;6,0256;0,0000;-0,0000;0,0000;98,5776;-36,8248;-61,7527;-0,0000;0,0000;12;0
5,3135;43,9066;-212,5550;97,1332;25,4218;-90,0000;133,9066;400,000;200,000;28,428;75,083;-0,0000;-9,0876;3,2205;5,8671;-0,0000;-0,0000;0,0000;98,5463;-36,6668;-61,8795;-0,0000;0,0000;12;0
5,3160;43,9066;-212,5779;97,1413;25,4367;-90,0000;133,9066;400,000;200,000;28,241;73,032;-0,0000;-8,8350;3,1267;5,7084;0,0000;-0,0000;0,0000;98,5159;-36,5131;-62,0027;0,0000;0,0000;12;0
5,3186;43,9066;-212,6003;97,1492;25,4511;-90,0000;133,9066;400,000;200,000;28,059;70,982;-0,0000;-8,5826;3,0333;5,5493;0,0000;-0,0000;0,0000;98,4862;-36,3637;-62,1225;-0,0000;0,0000;12;0
5,3212;43,9066;-212,6219;97,1568;25,4651;-90,0000;133,9066;400,000;200,000;27,882;68,931;-0,0000;-8,3302;2,9403;5,3899;0,0000;-0,0000;0,0000;98,4573;-36,2186;-62,2387;-0,0000;0,0000;12;0
5,3237;43,9066;-212,6430;97,1643;25,4787;-90,0000;133,9066;400,000;200,000;27,711;66,881;-0,0000;-8,0778;2,8476;5,2302;0,0000;-0,0000;0,0000;98,4292;-36,0778;-62,3513;-0,0000;0,0000;12;0
5,3263;43,9066;-212,6634;97,1714;25,4919;-90,0000;133,9066;400,000;200,000;27,544;64,830;-0,0000;-7,8256;2,7553;5,0703;-0,0000;-0,0000;0,0000;98,4019;-35,9413;-62,4605;-0,0000;0,0000;12;0
5,3288;43,9066;-212,6831;97,1784;25,5047;-90,0000;133,9066;400,000;200,000;27,384;62,780;-0,0000;-7,5734;2,6634;4,9100;-0,0000;-0,0000;0,0000;98,3754;-35,8092;-62,5662;-0,0000;0,0000;12;0
5,3314;43,9066;-212,7022;97,1851;25,5171;-90,0000;133,9066;400,000;200,000;27,228;60,729;-0,0000;-7,3213;2,5718;4,7495;-0,0000;-0,0000;0,0000;98,3497;-35,6813;-62,6684;0,0000;0,0000;12;0
5,3340;43,9066;-212,7206;97,1916;25,5291;-90,0000;133,9066;400,000;200,000;27,077;58,679;-0,0000;-7,0692;2,4805;4,5888;-0,0000;-0,0000;0,0000;98,3248;-35,5578;-62,7671;0,0000;0,0000;12;0
5,3365;43,9066;-212,7384;97,1978;25,5406;-90,0000;133,9066;400,000;200,000;26,932;56,628;-0,0000;-6,8172;2,3895;4,4278;-0,0000;-0,0000;0,0000;98,3008;-35,4385;-62,8622;0,0000;0,0000;12;0
5,3391;43,9066;-212,7556;97,2038;25,5518;-90,0000;133,9066;400,000;200,000;26,792;54,577;-0,0000;-6,5653;2,2988;4,2665;0,0000;-0,0000;0,0000;98,2775;-35,3236;-62,9539;0,0000;0,0000;12;0
5,3417;43,9066;-212,7721;97,2096;25,5625;-90,0000;133,9066;400,000;200,000;26,658;52,527;-0,0000;-6,3134;2,2084;4,1050;0,0000;-0,0000;0,0000;98,2551;-35,2130;-63,0422;-0,0000;0,0000;12;0
5,3442;43,9066;-212,7879;97,2151;25,5728;-90,0000;133,9066;400,000;200,000;26,528;50,476;-0,0000;-6,0616;2,1183;3,9433;-0,0000;-0,0000;0,0000;98,2336;-35,1067;-63,1269;-0,0000;0,0000;12;0
5,3468;43,9066;-212,8031;97,2205;25,5827;-90,0000;133,9066;400,000;200,000;26,404;48,426;-0,0000;-5,8098;2,0284;3,7814;0,0000;-0,0000;0,0000;98,2129;-35,0047;-63,2082;0,0000;0,0000;12;0
5,3494;43,9066;-212,8177;97,2255;25,5922;-90,0000;133,9066;400,000;200,000;26,285;46,375;-0,0000;-5,5581;1,9388;3,6193;0,0000;-0,0000;0,0000;98,1930;-34,9070;-63,2860;-0,0000;0,0000;12;0
5,3519;43,9066;-212,8316;97,2304;25,6013;-90,0000;133,9066;400,000;200,000;26,172;44,325;-0,0000;-5,3065;1,8495;3,4570;-0,0000;-0,0000;0,0000;98,1740;-34,8136;-63,3604;-0,0000;0,0000;12;0
5,3545;43,9066;-212,8449;97,2350;25,6099;-90,0000;133,9066;400,000;200,000;26,063;42,274;-0,0000;-5,0549;1,7604;3,2945;-0,0000;-0,0000;0,0000;98,1558;-34,7246;-63,4312;0,0000;0,0000;12;0
5,3570;43,9066;-212,8576;97,2394;25,6181;-90,0000;133,9066;400,000;200,000;25,960;40,224;-0,0000;-4,8033;1,6715;3,1318;-0,0000;-0,0000;0,0000;98,1385;-34,6399;-63,4987;0,0000;0,0000;12;0
5,3596;43,9066;-212,8695;97,2436;25,6260;-90,0000;133,9066;400,000;200,000;25,862;38,173;-0,0000;-4,5518;1,5828;2,9690;-0,0000;-0,0000;0,0000;98,1221;-34,5595;-63,5626;0,0000;0,0000;12;0
5,3622;43,9066;-212,8809;97,2475;25,6334;-90,0000;133,9066;400,000;200,000;25,770;36,123;-0,0000;-4,3003;1,4943;2,8060;-0,0000;-0,0000;0,0000;98,1065;-34,4834;-63,6231;-0,0000;0,0000;12;0
5,3647;43,9066;-212,8916;97,2512;25,6403;-90,0000;133,9066;400,000;200,000;25,683;34,072;-0,0000;-4,0488;1,4060;2,6428;-0,0000;-0,0000;0,0000;98,0918;-34,4116;-63,6802;-0,0000;0,0000;12;0
5,3673;43,9066;-212,9016;97,2547;25,6469;-90,0000;133,9066;400,000;200,000;25,600;32,022;-0,0000;-3,7974;1,3179;2,4795;-0,0000;-0,0000;0,0000;98,0779;-34,3441;-63,7338;0,0000;0,0000;12;0
5,3699;43,9066;-212,9111;97,2580;25,6531;-90,0000;133,9066;400,000;200,000;25,524;29,971;-0,0000;-3,5461;1,2300;2,3161;-0,0000;-0,0000;0,0000;98,0650;-34,2810;-63,7840;0,0000;0,0000;12;0
5,3724;43,9066;-212,9198;97,2610;25,6588;-90,0000;133,9066;400,000;200,000;25,452;27,920;-0,0000;-3,2947;1,1422;2,1526;-0,0000;-0,0000;0,0000;98,0529;-34,2222;-63,8307;0,0000;0,0000;12;0
5,3750;43,9066;-212,9279;97,2639;25,6641;-90,0000;133,9066;400,000;200,000;25,386;25,870;-0,0000;-3,0434;1,0545;1,9889;-0,0000;-0,0000;0,0000;98,0417;-34,1677;-63,8740;-0,0000;0,0000;12;0
5,3775;43,9066;-212,9354;97,2664;25,6690;-90,0000;133,9066;400,000;200,000;25,325;23,819;-0,0000;-2,7921;0,9670;1,8251;-0,0000;-0,0000;0,0000;98,0313;-34,1175;-63,9138;-0,0000;0,0000;12;0
5,3801;43,9066;-212,9423;97,2688;25,6734;-90,0000;133,9066;400,000;200,000;25,269;21,769;-0,0000;-2,5409;0,8796;1,6612;-0,0000;-0,0000;0,0000;98,0219;-34,0716;-63,9502;0,0000;0,0000;12;0
5,3827;43,9066;-212,9484;97,2710;25,6775;-90,0000;133,9066;400,000;200,000;25,218;19,718;-0,0000;-2,2896;0,7923;1,4973;-0,0000;-0,0000;0,0000;98,0133;-34,0301;-63,9832;0,0000;0,0000;12;0
5,3852;43,9066;-212,9540;97,2729;25,6811;-90,0000;133,9066;400,000;200,000;25,173;17,668;-0,0000;-2,0384;0,7052;1,3332;-0,0000;-0,0000;0,0000;98,0056;-33,9928;-64,0128;0,0000;0,0000;12;0
5,3878;43,9066;-212,9589;97,2746;25,6843;-90,0000;133,9066;400,000;200,000;25,133;15,617;-0,0000;-1,7872;0,6181;1,1691;-0,0000;-0,0000;0,0000;97,9988;-33,9599;-64,0389;0,0000;0,0000;12;0
5,3904;43,9066;-212,9632;97,2760;25,6871;-90,0000;133,9066;400,000;200,000;25,098;13,567;-0,0000;-1,5360;0,5311;1,0050;0,0000;-0,0000;0,0000;97,9929;-33,9314;-64,0615;0,0000;0,0000;12;0
5,3929;43,9066;-212,9668;97,2773;25,6895;-90,0000;133,9066;400,000;200,000;25,069;11,516;-0,0000;-1,2849;0,4441;0,8407;0,0000;-0,0000;0,0000;97,9879;-33,9071;-64,0808;-0,0000;0,0000;12;0
5,3955;43,9066;-212,9697;97,2783;25,6914;-90,0000;133,9066;400,000;200,000;25,045;9,466;-0,0000;-1,0337;0,3573;0,6765;-0,0000;-0,0000;0,0000;97,9838;-33,8871;-64,0966;-0,0000;0,0000;12;0
5,3981;43,9066;-212,9721;97,2791;25,6929;-90,0000;133,9066;400,000;200,000;25,026;7,415;-0,0000;-0,7826;0,2704;0,5121;-0,0000;-0,0000;0,0000;97,9804;-33,8710;-64,1094;0,0000;0,0000;12;0
5,4006;43,9066;-212,9738;97,2797;25,6940;-90,0000;133,9066;400,000;200,000;25,012;5,364;-0,0000;-0,5314;0,1836;0,3478;-0,0000;-0,0000;0,0000;97,9782;-33,8601;-64,1180;0,0000;0,0000;12;0
5,4032;43,9066;-212,9748;97,2801;25,6947;-90,0000;133,9066;400,000;200,000;25,003;3,314;-0,0000;-0,2803;0,0968;0,1835;-0,0000;-0,0000;-0,0000;88,4090;-30,5487;-57,8605;-0,0000;-0,0000;12;0
5,4057;43,9066;-212,9752;97,2802;25,6950;-90,0000;133,9066;400,000;200,000;25,000;1,263;-0,0000;-0,0782;0,0270;0,0512;-0,0000;-0,0000;-0,0000;54,5113;-18,8338;-35,6777;-0,0000;-0,0000;12;0
5,4083;43,9066;-212,9752;97,2802;25,6950;-90,0000;133,9066;400,000;200,000;25,000;0,014;-0,0000;-0,0008;0,0003;0,0006;-0,0000;-0,0000;0,0000;15,2562;-5,2703;-9,9856;0,0000;0,0000;13;0
5,4109;43,9066;-212,9752;97,2802;25,6950;-90,0000;133,9066;400,000;200,000;25,000;0,000;0,0000;0,0000;0,0000;0,0000;0,0000;0,0000;0,0000;0,1651;-0,0569;-0,1080;0,0000;0,0000;13;0
5,4134;43,9066;-212,9752;97,2802;25,6950;-90,0000;133,9066;400,000;200,000;25,000;0,000;0,0000;0,0000;0,0000;0,0000;0,0000;0,0000;0,0000;0,0000;0,0000;0,0000;0,0000;0,0000;13;0
5,4160;43,9066;-212,9752;97,2802;25,6950;-90,0000;133,9066;400,000;200,000;25,000;0,000;0,0000;0,0000;0,0000;0,0000;0,0000;0,0000;0,0000;0,0000;0,0000;0,0000;0,0000;0,0000;13;0
5,4186;43,9066;-212,9752;97,2802;25,6950;-90,0000;133,9066;400,000;200,000;25,000;0,000;0,0000;0,0000;0,0000;0,0000;0,0000;0,0000;0,0000;0,0000;0,0000;0,0000;0,0000;0,0000;13;0
5,4211;43,9066;-212,9752;97,2802;25,6950;-90,0000;133,9066;400,000;200,000;25,000;0,000;0,0000;0,0000;0,0000;0,0000;0,0000;0,0000;0,0000;0,0000;0,0000;0,0000;0,0000;0,0000;13;0
5,4237;43,9066;-212,9752;97,2802;25,6950;-90,0000;133,9066;400,000;200,000;25,000;0,000;0,0000;0,0000;0,0000;0,0000;0,0000;0,0000;0,0000;0,0000;0,0000;0,0000;0,0000;0,0000;13;0
5,4262;43,9066;-212,9752;97,2802;25,6950;-90,0000;133,9066;400,000;200,000;25,000;0,000;0,0000;0,0000;0,0000;0,0000;0,0000;0,0000;0,0000;0,0000;0,0000;0,0000;0,0000;0,0000;13;0
5,4288;43,9066;-212,9752;97,2802;25,6950;-90,0000;133,9066;400,000;200,000;25,000;0,000;0,0000;0,0000;0,0000;0,0000;0,0000;0,0000;0,0000;0,0000;0,0000;0,0000;0,0000;0,0000;13;0
5,4314;43,9066;-212,9752;97,2802;25,6950;-90,0000;133,9066;400,000;200,000;25,000;0,000;0,0000;0,0000;0,0000;0,0000;0,0000;0,0000;0,0000;0,0000;-0,0000;0,0000;0,0000;-0,0000;13;0
5,4339;43,9066;-212,9752;97,2802;25,6950;-90,0000;133,9066;400,000;200,000;25,000;0,000;0,0000;0,0000;-0,0000;0,0000;0,0000;-0,0000;0,0000;0,0000;0,0000;0,0000;0,0000;0,0000;13;0
5,4365;43,9066;-212,9752;97,2802;25,6950;-90,0000;133,9066;400,000;200,000;25,000;0,000;0,0000;0,0000;0,0000;0,0000;0,0000;0,0000;0,0000;0,0000;0,0000;0,0000;0,0000;0,0000;13;0
5,4391;43,9066;-212,9752;97,2802;25,6950;-90,0000;133,9066;400,000;200,000;25,000;0,000;0,0000;0,0000;0,0000;0,0000;0,0000;0,0000;0,0000;0,0000;-0,0000;0,0000;0,0000;-0,0000;13;0
5,4416;43,9066;-212,9752;97,2802;25,6950;-90,0000;133,9066;400,000;200,000;25,000;0,000;0,0000;0,0000;0,0000;0,0000;0,0000;0,0000;0,0000;0,0000;0,0000;0,0000;0,0000;0,0000;13;0
5,4442;43,9066;-212,9752;97,2802;25,6950;-90,0000;133,9066;400,000;200,000;25,000;0,000;0,0000;0,0000;0,0000;0,0000;0,0000;0,0000;0,0000;0,0000;0,0000;0,0000;0,0000;0,0000;13;0
5,4468;43,9066;-212,9752;97,2802;25,6950;-90,0000;133,9066;400,000;200,000;25,000;0,000;0,0000;0,0000;0,0000;0,0000;0,0000;0,0000;0,0000;0,0000;0,0000;0,0000;0,0000;0,0000;13;0
5,4493;43,9066;-212,9752;97,2802;25,6950;-90,0000;133,9066;400,000;200,000;25,000;0,000;0,0000;0,0000;0,0000;0,0000;0,0000;0,0000;0,0000;0,0000;0,0000;0,0000;0,0000;0,0000;13;0
5,4519;43,9066;-212,9752;97,2802;25,6950;-90,0000;133,9066;400,000;200,000;25,000;0,000;0,0000;0,0000;0,0000;0,0000;0,0000;0,0000;0,0000;0,0000;0,0000;0,0000;0,0000;0,0000;13;0
5,4544;43,9066;-212,9752;97,2802;25,6950;-90,0000;133,9066;400,000;200,000;25,000;0,000;0,0000;0,0000;0,0000;0,0000;0,0000;0,0000;0,0000;0,0000;0,0000;0,0000;0,0000;0,0000;13;0
5,4570;43,9066;-212,9752;97,2802;25,6950;-90,0000;133,9066;400,000;200,000;25,000;0,000;0,0000;0,0000;0,0000;0,0000;0,0000;0,0000;0,0000;0,0000;0,0000;0,0000;0,0000;0,0000;13;0
5,4596;43,9066;-212,9752;97,2802;25,6950;-90,0000;133,9066;400,000;200,000;25,000;0,000;0,0000;0,0000;0,0000;0,0000;0,0000;0,0000;0,0000;0,0000;0,0000;0,0000;0,0000;0,0000;13;0
5,4621;43,9066;-212,9752;97,2802;25,6950;-90,0000;133,9066;400,000;200,000;25,000;0,000;0,0000;0,0000;0,0000;0,0000;0,0000;0,0000;0,0000;0,0000;0,0000;0,0000;0,0000;0,0000;13;0
5,4647;43,9066;-212,9752;97,2802;25,6950;-90,0000;133,9066;400,000;200,000;25,000;0,000;0,0000;0,0000;0,0000;0,0000;0,0000;0,0000;0,0000;0,0000;0,0000;0,0000;0,0000;0,0000;13;0
5,4673;43,9066;-212,9752;97,2802;25,6950;-90,0000;133,9066;400,000;200,000;25,000;0,000;0,0000;0,0000;0,0000;0,0000;0,0000;0,0000;0,0000;0,0000;0,0000;0,0000;0,0000;0,0000;13;0
5,4698;43,9066;-212,9752;97,2802;25,6950;-90,0000;133,9066;400,000;200,000;25,000;0,000;0,0000;0,0000;0,0000;0,0000;0,0000;0,0000;0,0000;0,0000;0,0000;0,0000;0,0000;0,0000;13;0
5,4724;43,9066;-212,9752;97,2802;25,6950;-90,0000;133,9066;400,000;200,000;25,000;0,000;0,0000;0,0000;0,0000;0,0000;0,0000;0,0000;0,0000;0,0000;0,0000;0,0000;0,0000;0,0000;13;0
5,4749;43,9066;-212,9752;97,2802;25,6950;-90,0000;133,9066;400,000;200,000;25,000;0,000;0,0000;0,0000;0,0000;0,0000;0,0000;0,0000;0,0000;0,0000;0,0000;0,0000;0,0000;0,0000;13;0
5,4775;43,9066;-212,9752;97,2802;25,6950;-90,0000;133,9066;400,000;200,000;25,000;0,000;0,0000;0,0000;0,0000;0,0000;0,0000;0,0000;0,0000;0,0000;0,0000;0,0000;0,0000;0,0000;13;0
5,4801;43,9066;-212,9752;97,2802;25,6950;-90,0000;133,9066;400,000;200,000;25,000;0,000;0,0000;0,0000;0,0000;0,0000;0,0000;0,0000;0,0000;0,0000;0,0000;0,0000;0,0000;0,0000;13;0
5,4826;43,9066;-212,9752;97,2802;25,6950;-90,0000;133,9066;400,000;200,000;25,000;0,000;0,0000;0,0000;0,0000;0,0000;0,0000;0,0000;0,0000;0,0000;0,0000;0,0000;0,0000;0,0000;13;0
5,4852;43,9066;-212,9752;97,2802;25,6950;-90,0000;133,9066;400,000;200,000;25,000;0,000;0,0000;0,0000;0,0000;0,0000;0,0000;0,0000;0,0000;0,0000;-0,0000;0,0000;0,0000;-0,0000;13;0
5,4878;43,9066;-212,9752;97,2802;25,6950;-90,0000;133,9066;400,000;200,000;25,000;0,000;0,0000;0,0000;-0,0000;0,0000;0,0000;-0,0000;0,0000;0,0000;0,0000;0,0000;0,0000;0,0000;13;0
5,4903;43,9066;-212,9752;97,2802;25,6950;-90,0000;133,9066;400,000;200,000;25,000;0,000;0,0000;0,0000;0,0000;0,0000;0,0000;0,0000;0,0000;0,0000;0,0000;0,0000;0,0000;0,0000;13;0
5,4929;43,9066;-212,9752;97,2802;25,6950;-90,0000;133,9066;400,000;200,000;25,000;0,000;0,0000;0,0000;0,0000;0,0000;0,0000;0,0000;0,0000;0,0000;-0,0000;0,0000;0,0000;-0,0000;13;0
5,4955;43,9066;-212,9752;97,2802;25,6950;-90,0000;133,9066;400,000;200,000;25,000;0,000;0,0000;0,0000;0,0000;0,0000;0,0000;0,0000;0,0000;0,0000;0,0000;0,0000;0,0000;0,0000;13;0
5,4980;43,9066;-212,9752;97,2802;25,6950;-90,0000;133,9066;400,000;200,000;25,000;0,000;0,0000;0,0000;0,0000;0,0000;0,0000;0,0000;0,0000;0,0000;0,0000;0,0000;0,0000;0,0000;13;0
5,5006;43,9066;-212,9752;97,2802;25,6950;-90,0000;133,9066;400,000;200,000;25,000;0,000;0,0000;0,0000;0,0000;0,0000;0,0000;0,0000;0,0000;0,0000;0,0000;0,0000;0,0000;0,0000;13;0
5,5031;43,9066;-212,9752;97,2802;25,6950;-90,0000;133,9066;400,000;200,000;25,000;0,000;0,0000;0,0000;0,0000;0,0000;0,0000;0,0000;0,0000;0,0000;0,0000;0,0000;0,0000;0,0000;13;0
5,5057;43,9066;-212,9752;97,2802;25,6950;-90,0000;133,9066;400,000;200,000;25,000;0,000;0,0000;0,0000;0,0000;0,0000;0,0000;0,0000;0,0000;0,0000;0,0000;0,0000;0,0000;0,0000;13;0
5,5083;43,9066;-212,9752;97,2802;25,6950;-90,0000;133,9066;400,000;200,000;25,000;0,000;0,0000;0,0000;0,0000;0,0000;0,0000;0,0000;0,0000;0,0000;0,0000;0,0000;0,0000;0,0000;13;0
5,5108;43,9066;-212,9752;97,2802;25,6950;-90,0000;133,9066;400,000;200,000;25,000;0,000;0,0000;0,0000;0,0000;0,0000;0,0000;0,0000;0,0000;0,0000;0,0000;0,0000;0,0000;0,0000;13;0
5,5134;43,9066;-212,9752;97,2802;25,6950;-90,0000;133,9066;400,000;200,000;25,000;0,000;0,0000;0,0000;0,0000;0,0000;0,0000;0,0000;0,0000;0,0000;0,0000;0,0000;0,0000;0,0000;13;0
5,5160;43,9066;-212,9752;97,2802;25,6950;-90,0000;133,9066;400,000;200,000;25,000;0,000;0,0000;0,0000;0,0000;0,0000;0,0000;0,0000;0,0000;0,0000;0,0000;0,0000;0,0000;0,0000;13;0
5,5185;43,9066;-212,9752;97,2802;25,6950;-90,0000;133,9066;400,000;200,000;25,000;0,000;0,0000;0,0000;0,0000;0,0000;0,0000;0,0000;0,0000;0,0000;0,0000;0,0000;0,0000;0,0000;13;0
5,5211;43,9066;-212,9752;97,2802;25,6950;-90,0000;133,9066;400,000;200,000;25,000;0,000;0,0000;0,0000;0,0000;0,0000;0,0000;0,0000;0,0000;0,0000;0,0000;0,0000;0,0000;0,0000;13;0
5,5237;43,9066;-212,9752;97,2802;25,6950;-90,0000;133,9066;400,000;200,000;25,000;0,000;0,0000;0,0000;0,0000;0,0000;0,0000;0,0000;0,0000;0,0000;0,0000;0,0000;0,0000;0,0000;13;0
5,5262;43,9066;-212,9752;97,2802;25,6950;-90,0000;133,9066;400,000;200,000;25,000;0,000;0,0000;0,0000;0,0000;0,0000;0,0000;0,0000;0,0000;0,0000;0,0000;0,0000;0,0000;0,0000;13;0
5,5288;43,9066;-212,9752;97,2802;25,6950;-90,0000;133,9066;400,000;200,000;25,000;0,000;0,0000;0,0000;0,0000;0,0000;0,0000;0,0000;0,0000;0,0000;0,0000;0,0000;0,0000;0,0000;13;0
5,5313;43,9066;-212,9752;97,2802;25,6950;-90,0000;133,9066;400,000;200,000;25,000;0,000;0,0000;0,0000;0,0000;0,0000;0,0000;0,0000;0,0000;0,0000;0,0000;0,0000;0,0000;0,0000;13;0
5,5339;43,9066;-212,9752;97,2802;25,6950;-90,0000;133,9066;400,000;200,000;25,000;0,000;0,0000;0,0000;0,0000;0,0000;0,0000;0,0000;0,0000;0,0000;0,0000;0,0000;0,0000;0,0000;13;0
5,5365;43,9066;-212,9752;97,2802;25,6950;-90,0000;133,9066;400,000;200,000;25,000;0,000;0,0000;0,0000;0,0000;0,0000;0,0000;0,0000;0,0000;0,0000;-0,0000;0,0000;0,0000;-0,0000;13;0
5,5390;43,9066;-212,9752;97,2802;25,6950;-90,0000;133,9066;400,000;200,000;25,000;0,000;0,0000;0,0000;-0,0000;0,0000;0,0000;-0,0000;0,0000;0,0000;0,0000;0,0000;0,0000;0,0000;13;0
5,5416;43,9066;-212,9752;97,2802;25,6950;-90,0000;133,9066;400,000;200,000;25,000;0,000;0,0000;0,0000;0,0000;0,0000;0,0000;0,0000;0,0000;0,0000;0,0000;0,0000;0,0000;0,0000;13;0
5,5442;43,9066;-212,9752;97,2802;25,6950;-90,0000;133,9066;400,000;200,000;25,000;0,000;0,0000;0,0000;0,0000;0,0000;0,0000;0,0000;0,0000;0,0000;-0,0000;0,0000;0,0000;-0,0000;13;0
5,5467;43,9066;-212,9752;97,2802;25,6950;-90,0000;133,9066;400,000;200,000;25,000;0,000;0,0000;0,0000;0,0000;0,0000;0,0000;0,0000;0,0000;0,0000;0,0000;0,0000;0,0000;0,0000;13;0
5,5493;43,9066;-212,9752;97,2802;25,6950;-90,0000;133,9066;400,000;200,000;25,000;0,000;0,0000;0,0000;0,0000;0,0000;0,0000;0,0000;0,0000;0,0000;0,0000;0,0000;0,0000;0,0000;13;0
5,5518;43,9066;-212,9752;97,2802;25,6950;-90,0000;133,9066;400,000;200,000;25,000;0,000;0,0000;0,0000;0,0000;0,0000;0,0000;0,0000;0,0000;0,0000;0,0000;0,0000;0,0000;0,0000;13;0
5,5544;43,9066;-212,9752;97,2802;25,6950;-90,0000;133,9066;400,000;200,000;25,000;0,000;0,0000;0,0000;0,0000;0,0000;0,0000;0,0000;0,0000;0,0000;0,0000;0,0000;0,0000;0,0000;13;0
5,5570;43,9066;-212,9752;97,2802;25,6950;-90,0000;133,9066;400,000;200,000;25,000;0,000;0,0000;0,0000;0,0000;0,0000;0,0000;0,0000;0,0000;0,0000;0,0000;0,0000;0,0000;0,0000;13;0
5,5595;43,9066;-212,9752;97,2802;25,6950;-90,0000;133,9066;400,000;200,000;25,000;0,000;0,0000;0,0000;0,0000;0,0000;0,0000;0,0000;0,0000;0,0000;0,0000;0,0000;0,0000;0,0000;13;0
5,5621;43,9066;-212,9752;97,2802;25,6950;-90,0000;133,9066;400,000;200,000;25,000;0,000;0,0000;0,0000;0,0000;0,0000;0,0000;0,0000;0,0000;0,0000;0,0000;0,0000;0,0000;0,0000;13;0
5,5647;43,9066;-212,9752;97,2802;25,6950;-90,0000;133,9066;400,000;200,000;25,000;0,000;0,0000;0,0000;0,0000;0,0000;0,0000;0,0000;0,0000;0,0000;0,0000;0,0000;0,0000;0,0000;13;0
5,5672;43,9066;-212,9752;97,2802;25,6950;-90,0000;133,9066;400,000;200,000;25,000;0,000;0,0000;0,0000;0,0000;0,0000;0,0000;0,0000;0,0000;0,0000;0,0000;0,0000;0,0000;0,0000;13;0
5,5698;43,9066;-212,9752;97,2802;25,6950;-90,0000;133,9066;400,000;200,000;25,000;0,000;0,0000;0,0000;0,0000;0,0000;0,0000;0,0000;0,0000;0,0000;0,0000;0,0000;0,0000;0,0000;13;0
5,5724;43,9066;-212,9752;97,2802;25,6950;-90,0000;133,9066;400,000;200,000;25,000;0,000;0,0000;0,0000;0,0000;0,0000;0,0000;0,0000;0,0000;0,0000;0,0000;0,0000;0,0000;0,0000;13;0
5,5749;43,9066;-212,9752;97,2802;25,6950;-90,0000;133,9066;400,000;200,000;25,000;0,000;0,0000;0,0000;0,0000;0,0000;0,0000;0,0000;0,0000;0,0000;0,0000;0,0000;0,0000;0,0000;13;0
5,5775;43,9066;-212,9752;97,2802;25,6950;-90,0000;133,9066;400,000;200,000;25,000;0,000;0,0000;0,0000;0,0000;0,0000;0,0000;0,0000;0,0000;0,0000;0,0000;0,0000;0,0000;0,0000;13;0
5,5800;43,9066;-212,9752;97,2802;25,6950;-90,0000;133,9066;400,000;200,000;25,000;0,000;0,0000;0,0000;0,0000;0,0000;0,0000;0,0000;0,0000;0,0000;0,0000;0,0000;0,0000;0,0000;13;0
5,5826;43,9066;-212,9752;97,2802;25,6950;-90,0000;133,9066;400,000;200,000;25,000;0,000;0,0000;0,0000;0,0000;0,0000;0,0000;0,0000;0,0000;0,0000;0,0000;0,0000;0,0000;0,0000;13;0
5,5852;43,9066;-212,9752;97,2802;25,6950;-90,0000;133,9066;400,000;200,000;25,000;0,000;0,0000;0,0000;0,0000;0,0000;0,0000;0,0000;0,0000;0,0000;0,0000;0,0000;0,0000;0,0000;13;0
5,5877;43,9066;-212,9752;97,2802;25,6950;-90,0000;133,9066;400,000;200,000;25,000;0,000;0,0000;0,0000;0,0000;0,0000;0,0000;0,0000;0,0000;0,0000;0,0000;0,0000;0,0000;0,0000;13;0
5,5903;43,9066;-212,9752;97,2802;25,6950;-90,0000;133,9066;400,000;200,000;25,000;0,000;0,0000;0,0000;0,0000;0,0000;0,0000;0,0000;0,0000;0,0000;-0,0000;0,0000;0,0000;-0,0000;13;0
5,5929;43,9066;-212,9752;97,2802;25,6950;-90,0000;133,9066;400,000;200,000;25,000;0,000;0,0000;0,0000;-0,0000;0,0000;0,0000;-0,0000;0,0000;0,0000;0,0000;0,0000;0,0000;0,0000;13;0
5,5954;43,9066;-212,9752;97,2802;25,6950;-90,0000;133,9066;400,000;200,000;25,000;0,000;0,0000;0,0000;0,0000;0,0000;0,0000;0,0000;0,0000;0,0000;0,0000;0,0000;0,0000;0,0000;13;0
5,5980;43,9066;-212,9752;97,2802;25,6950;-90,0000;133,9066;400,000;200,000;25,000;0,000;0,0000;0,0000;0,0000;0,0000;0,0000;0,0000;0,0000;0,0000;-0,0000;0,0000;0,0000;-0,0000;13;0
5,6005;43,9066;-212,9752;97,2802;25,6950;-90,0000;133,9066;400,000;200,000;25,000;0,000;0,0000;0,0000;0,0000;0,0000;0,0000;0,0000;0,0000;0,0000;0,0000;0,0000;0,0000;0,0000;13;0
5,6031;43,9066;-212,9752;97,2802;25,6950;-90,0000;133,9066;400,000;200,000;25,000;0,000;0,0000;0,0000;0,0000;0,0000;0,0000;0,0000;0,0000;0,0000;0,0000;0,0000;0,0000;0,0000;13;0
5,6057;43,9066;-212,9752;97,2802;25,6950;-90,0000;133,9066;400,000;200,000;25,000;0,000;0,0000;0,0000;0,0000;0,0000;0,0000;0,0000;0,0000;0,0000;0,0000;0,0000;0,0000;0,0000;13;0
5,6082;43,9066;-212,9752;97,2802;25,6950;-90,0000;133,9066;400,000;200,000;25,000;0,000;0,0000;0,0000;0,0000;0,0000;0,0000;0,0000;0,0000;0,0000;0,0000;0,0000;0,0000;0,0000;13;0
5,6108;43,9066;-212,9752;97,2802;25,6950;-90,0000;133,9066;400,000;200,000;25,000;0,000;0,0000;0,0000;0,0000;0,0000;0,0000;0,0000;0,0000;0,0000;0,0000;0,0000;0,0000;0,0000;13;0
5,6134;43,9066;-212,9752;97,2802;25,6950;-90,0000;133,9066;400,000;200,000;25,000;0,000;0,0000;0,0000;0,0000;0,0000;0,0000;0,0000;0,0000;0,0000;0,0000;0,0000;0,0000;0,0000;13;0
5,6159;43,9066;-212,9752;97,2802;25,6950;-90,0000;133,9066;400,000;200,000;25,000;0,000;0,0000;0,0000;0,0000;0,0000;0,0000;0,0000;0,0000;0,0000;0,0000;0,0000;0,0000;0,0000;13;0
5,6185;43,9066;-212,9752;97,2802;25,6950;-90,0000;133,9066;400,000;200,000;25,000;0,000;0,0000;0,0000;0,0000;0,0000;0,0000;0,0000;0,0000;0,0000;0,0000;0,0000;0,0000;0,0000;13;0
5,6211;43,9066;-212,9752;97,2802;25,6950;-90,0000;133,9066;400,000;200,000;25,000;0,000;0,0000;0,0000;0,0000;0,0000;0,0000;0,0000;0,0000;0,0000;0,0000;0,0000;0,0000;0,0000;13;0
5,6236;43,9066;-212,9752;97,2802;25,6950;-90,0000;133,9066;400,000;200,000;25,000;0,000;0,0000;0,0000;0,0000;0,0000;0,0000;0,0000;0,0000;0,0000;0,0000;0,0000;0,0000;0,0000;13;0
5,6262;43,9066;-212,9752;97,2802;25,6950;-90,0000;133,9066;400,000;200,000;25,000;0,000;0,0000;0,0000;0,0000;0,0000;0,0000;0,0000;0,0000;0,0000;0,0000;0,0000;0,0000;0,0000;13;0
5,6287;43,9066;-212,9752;97,2802;25,6950;-90,0000;133,9066;400,000;200,000;25,000;0,000;0,0000;0,0000;0,0000;0,0000;0,0000;0,0000;0,0000;0,0000;0,0000;0,0000;0,0000;0,0000;13;0
5,6313;43,9066;-212,9752;97,2802;25,6950;-90,0000;133,9066;400,000;200,000;25,000;0,000;0,0000;0,0000;0,0000;0,0000;0,0000;0,0000;0,0000;0,0000;0,0000;0,0000;0,0000;0,0000;13;0
5,6339;43,9066;-212,9752;97,2802;25,6950;-90,0000;133,9066;400,000;200,000;25,000;0,000;0,0000;0,0000;0,0000;0,0000;0,0000;0,0000;0,0000;0,0000;0,0000;0,0000;0,0000;0,0000;13;0
5,6364;43,9066;-212,9752;97,2802;25,6950;-90,0000;133,9066;400,000;200,000;25,000;0,000;0,0000;0,0000;0,0000;0,0000;0,0000;0,0000;0,0000;0,0000;0,0000;0,0000;0,0000;0,0000;13;0
5,6390;43,9066;-212,9752;97,2802;25,6950;-90,0000;133,9066;400,000;200,000;25,000;0,000;0,0000;0,0000;0,0000;0,0000;0,0000;0,0000;0,0000;0,0000;0,0000;0,0000;0,0000;0,0000;13;0
5,6416;43,9066;-212,9752;97,2802;25,6950;-90,0000;133,9066;400,000;200,000;25,000;0,000;0,0000;0,0000;0,0000;0,0000;0,0000;0,0000;0,0000;0,0000;0,0000;0,0000;0,0000;0,0000;13;0
5,6441;43,9066;-212,9752;97,2802;25,6950;-90,0000;133,9066;400,000;200,000;25,000;0,000;0,0000;0,0000;0,0000;0,0000;0,0000;0,0000;0,0000;0,0000;-0,0000;0,0000;0,0000;-0,0000;13;0
5,6467;43,9066;-212,9752;97,2802;25,6950;-90,0000;133,9066;400,000;200,000;25,000;0,000;0,0000;0,0000;-0,0000;0,0000;0,0000;-0,0000;0,0000;0,0000;0,0000;0,0000;0,0000;0,0000;13;0
5,6492;43,9066;-212,9752;97,2802;25,6950;-90,0000;133,9066;400,000;200,000;25,000;0,000;0,0000;0,0000;0,0000;0,0000;0,0000;0,0000;0,0000;0,0000;0,0000;0,0000;0,0000;0,0000;13;0
5,6518;43,9066;-212,9752;97,2802;25,6950;-90,0000;133,9066;400,000;200,000;25,000;0,000;0,0000;0,0000;0,0000;0,0000;0,0000;0,0000;0,0000;0,0000;-0,0000;0,0000;0,0000;-0,0000;13;0
5,6544;43,9066;-212,9752;97,2802;25,6950;-90,0000;133,9066;400,000;200,000;25,000;0,000;0,0000;0,0000;0,0000;0,0000;0,0000;0,0000;0,0000;0,0000;0,0000;0,0000;0,0000;0,0000;13;0
5,6569;43,9066;-212,9752;97,2802;25,6950;-90,0000;133,9066;400,000;200,000;25,000;0,000;0,0000;0,0000;0,0000;0,0000;0,0000;0,0000;0,0000;0,0000;0,0000;0,0000;0,0000;0,0000;13;0
5,6595;43,9066;-212,9752;97,2802;25,6950;-90,0000;133,9066;400,000;200,000;25,000;0,000;0,0000;0,0000;0,0000;0,0000;0,0000;0,0000;0,0000;0,0000;0,0000;0,0000;0,0000;0,0000;13;0
5,6621;43,9066;-212,9752;97,2802;25,6950;-90,0000;133,9066;400,000;200,000;25,000;0,000;0,0000;0,0000;0,0000;0,0000;0,0000;0,0000;0,0000;0,0000;0,0000;0,0000;0,0000;0,0000;13;0
5,6646;43,9066;-212,9752;97,2802;25,6950;-90,0000;133,9066;400,000;200,000;25,000;0,000;0,0000;0,0000;0,0000;0,0000;0,0000;0,0000;0,0000;0,0000;0,0000;0,0000;0,0000;0,0000;13;0
5,6672;43,9066;-212,9752;97,2802;25,6950;-90,0000;133,9066;400,000;200,000;25,000;0,000;0,0000;0,0000;0,0000;0,0000;0,0000;0,0000;0,0000;0,0000;0,0000;0,0000;0,0000;0,0000;13;0
5,6698;43,9066;-212,9752;97,2802;25,6950;-90,0000;133,9066;400,000;200,000;25,000;0,000;0,0000;0,0000;0,0000;0,0000;0,0000;0,0000;0,0000;0,0000;0,0000;0,0000;0,0000;0,0000;13;0
5,6723;43,9066;-212,9752;97,2802;25,6950;-90,0000;133,9066;400,000;200,000;25,000;0,000;0,0000;0,0000;0,0000;0,0000;0,0000;0,0000;0,0000;0,0000;0,0000;0,0000;0,0000;0,0000;13;0
5,6749;43,9066;-212,9752;97,2802;25,6950;-90,0000;133,9066;400,000;200,000;25,000;0,000;0,0000;0,0000;0,0000;0,0000;0,0000;0,0000;0,0000;0,0000;0,0000;0,0000;0,0000;0,0000;13;0
5,6774;43,9066;-212,9752;97,2802;25,6950;-90,0000;133,9066;400,000;200,000;25,000;0,000;0,0000;0,0000;0,0000;0,0000;0,0000;0,0000;0,0000;0,0000;0,0000;0,0000;0,0000;0,0000;13;0
5,6800;43,9066;-212,9752;97,2802;25,6950;-90,0000;133,9066;400,000;200,000;25,000;0,000;0,0000;0,0000;0,0000;0,0000;0,0000;0,0000;0,0000;0,0000;0,0000;0,0000;0,0000;0,0000;13;0
5,6826;43,9066;-212,9752;97,2802;25,6950;-90,0000;133,9066;400,000;200,000;25,000;0,000;0,0000;0,0000;0,0000;0,0000;0,0000;0,0000;0,0000;0,0000;0,0000;0,0000;0,0000;0,0000;13;0
5,6851;43,9066;-212,9752;97,2802;25,6950;-90,0000;133,9066;400,000;200,000;25,000;0,000;0,0000;0,0000;0,0000;0,0000;0,0000;0,0000;0,0000;0,0000;0,0000;0,0000;0,0000;0,0000;13;0
5,6877;43,9066;-212,9752;97,2802;25,6950;-90,0000;133,9066;400,000;200,000;25,000;0,000;0,0000;0,0000;0,0000;0,0000;0,0000;0,0000;0,0000;0,0000;0,0000;0,0000;0,0000;0,0000;13;0
5,6903;43,9066;-212,9752;97,2802;25,6950;-90,0000;133,9066;400,000;200,000;25,000;0,000;0,0000;0,0000;0,0000;0,0000;0,0000;0,0000;0,0000;0,0000;0,0000;0,0000;0,0000;0,0000;13;0
5,6928;43,9066;-212,9752;97,2802;25,6950;-90,0000;133,9066;400,000;200,000;25,000;0,000;0,0000;0,0000;0,0000;0,0000;0,0000;0,0000;0,0000;0,0000;0,0000;0,0000;0,0000;0,0000;13;0
5,6954;43,9066;-212,9752;97,2802;25,6950;-90,0000;133,9066;400,000;200,000;25,000;0,000;0,0000;0,0000;0,0000;0,0000;0,0000;0,0000;0,0000;0,0000;-0,0000;0,0000;0,0000;-0,0000;13;0
5,6979;43,9066;-212,9752;97,2802;25,6950;-90,0000;133,9066;400,000;200,000;25,000;0,000;0,0000;0,0000;-0,0000;0,0000;0,0000;-0,0000;0,0000;0,0000;0,0000;0,0000;0,0000;0,0000;13;0
5,7005;43,9066;-212,9752;97,2802;25,6950;-90,0000;133,9066;400,000;200,000;25,000;0,000;0,0000;0,0000;0,0000;0,0000;0,0000;0,0000;0,0000;0,0000;0,0000;0,0000;0,0000;0,0000;13;0
5,7031;43,9066;-212,9752;97,2802;25,6950;-90,0000;133,9066;400,000;200,000;25,000;0,000;0,0000;0,0000;0,0000;0,0000;0,0000;0,0000;0,0000;8,6767;-2,9976;-5,6792;0,0000;0,0000;13;0
5,7056;43,9066;-212,9752;97,2802;25,6950;-90,0000;133,9066;400,000;200,000;25,000;0,000;0,0000;0,0445;-0,0154;-0,0291;0,0000;0,0000;0,0000;41,5407;-14,3517;-27,1889;0,0000;0,0000;13;0
5,7082;43,9066;-212,9750;97,2801;25,6948;-90,0000;133,9066;400,000;200,000;25,002;0,726;0,0000;0,2130;-0,0736;-0,1394;0,0000;0,0000;-0,0000;81,5456;-28,1755;-53,3701;0,0000;-0,0000;15;0
5,7108;43,9066;-212,9741;97,2798;25,6943;-90,0000;133,9066;400,000;200,000;25,009;2,751;-0,0000;0,4625;-0,1598;-0,3027;0,0000;-0,0000;-0,0000;97,6710;-33,7526;-63,9184;0,0000;-0,0000;15;0
5,7133;43,9066;-212,9726;97,2793;25,6933;-90,0000;133,9066;400,000;200,000;25,021;4,802;-0,0000;0,7136;-0,2466;-0,4670;0,0000;-0,0000;-0,0000;97,9798;-33,8680;-64,1118;0,0000;-0,0000;15;0
5,7159;43,9066;-212,9704;97,2786;25,6919;-90,0000;133,9066;400,000;200,000;25,039;6,852;-0,0000;0,9648;-0,3334;-0,6314;0,0000;-0,0000;-0,0000;97,9827;-33,8821;-64,1006;0,0000;0,0000;15;0
5,7185;43,9066;-212,9677;97,2776;25,6901;-90,0000;133,9066;400,000;200,000;25,062;8,903;-0,0000;1,2159;-0,4203;-0,7957;0,0000;0,0000;-0,0000;97,9867;-33,9012;-64,0855;0,0000;-0,0000;15;0
5,7210;43,9066;-212,9642;97,2764;25,6878;-90,0000;133,9066;400,000;200,000;25,090;10,953;-0,0000;1,4671;-0,5072;-0,9599;0,0000;-0,0000;0,0000;97,9914;-33,9243;-64,0672;0,0000;-0,0000;15;0
5,7236;43,9066;-212,9601;97,2750;25,6851;-90,0000;133,9066;400,000;200,000;25,123;13,004;-0,0000;1,7183;-0,5942;-1,1241;0,0000;-0,0000;-0,0000;97,9971;-33,9517;-64,0454;0,0000;-0,0000;15;0
5,7261;43,9066;-212,9554;97,2734;25,6820;-90,0000;133,9066;400,000;200,000;25,162;15,054;-0,0000;1,9695;-0,6813;-1,2882;0,0000;-0,0000;-0,0000;98,0037;-33,9834;-64,0203;0,0000;-0,0000;15;0
5,7287;43,9066;-212,9500;97,2715;25,6785;-90,0000;133,9066;400,000;200,000;25,205;17,105;-0,0000;2,2207;-0,7684;-1,4523;0,0000;-0,0000;0,0000;98,0111;-34,0194;-63,9917;0,0000;0,0000;15;0
5,7313;43,9066;-212,9440;97,2694;25,6746;-90,0000;133,9066;400,000;200,000;25,255;19,156;-0,0000;2,4719;-0,8557;-1,6163;0,0000;-0,0000;0,0000;98,0194;-34,0598;-63,9596;0,0000;0,0000;15;0
5,7338;43,9066;-212,9374;97,2671;25,6702;-90,0000;133,9066;400,000;200,000;25,309;21,206;-0,0000;2,7232;-0,9430;-1,7802;0,0000;0,0000;0,0000;98,0286;-34,1045;-63,9242;0,0000;0,0000;15;0
5,7364;43,9066;-212,9301;97,2646;25,6655;-90,0000;133,9066;400,000;200,000;25,369;23,257;-0,0000;2,9744;-1,0305;-1,9440;0,0000;0,0000;-0,0000;98,0387;-34,1535;-63,8853;0,0000;-0,0000;15;0
5,7390;43,9066;-212,9221;97,2618;25,6603;-90,0000;133,9066;400,000;200,000;25,433;25,307;-0,0000;3,2257;-1,1181;-2,1077;0,0000;-0,0000;-0,0000;98,0497;-34,2068;-63,8429;-0,0000;-0,0000;15;0
5,7415;43,9066;-212,9135;97,2589;25,6547;-90,0000;133,9066;400,000;200,000;25,503;27,358;-0,0000;3,4771;-1,2058;-2,2712;0,0000;-0,0000;0,0000;98,0616;-34,2644;-63,7971;0,0000;-0,0000;15;0
5,7441;43,9066;-212,9043;97,2557;25,6486;-90,0000;133,9066;400,000;200,000;25,579;29,408;-0,0000;3,7284;-1,2937;-2,4347;0,0000;-0,0000;-0,0000;98,0743;-34,3264;-63,7479;-0,0000;0,0000;15;0
5,7466;43,9066;-212,8944;97,2522;25,6422;-90,0000;133,9066;400,000;200,000;25,660;31,459;-0,0000;3,9798;-1,3818;-2,5980;0,0000;0,0000;-0,0000;98,0879;-34,3927;-63,6952;-0,0000;0,0000;15;0
5,7492;43,9066;-212,8839;97,2486;25,6353;-90,0000;133,9066;400,000;200,000;25,745;33,509;-0,0000;4,2313;-1,4701;-2,7612;0,0000;0,0000;-0,0000;98,1024;-34,4632;-63,6391;0,0000;-0,0000;15;0
5,7518;43,9066;-212,8727;97,2447;25,6280;-90,0000;133,9066;400,000;200,000;25,837;35,560;-0,0000;4,4828;-1,5585;-2,9243;0,0000;-0,0000;0,0000;98,1177;-34,5382;-63,5796;0,0000;-0,0000;15;0
5,7543;43,9066;-212,8609;97,2406;25,6203;-90,0000;133,9066;400,000;200,000;25,933;37,610;-0,0000;4,7343;-1,6471;-3,0872;0,0000;-0,0000;-0,0000;98,1339;-34,6174;-63,5165;-0,0000;0,0000;15;0
5,7569;43,9066;-212,8485;97,2362;25,6122;-90,0000;133,9066;400,000;200,000;26,035;39,661;-0,0000;4,9858;-1,7359;-3,2499;0,0000;0,0000;-0,0000;98,1510;-34,7009;-63,4501;-0,0000;0,0000;15;0
5,7595;43,9066;-212,8353;97,2317;25,6037;-90,0000;133,9066;400,000;200,000;26,142;41,712;-0,0000;5,2374;-1,8250;-3,4124;0,0000;0,0000;0,0000;98,1689;-34,7888;-63,3801;0,0000;0,0000;15;0
5,7620;43,9066;-212,8216;97,2269;25,5947;-90,0000;133,9066;400,000;200,000;26,254;43,762;-0,0000;5,4891;-1,9143;-3,5748;0,0000;0,0000;0,0000;98,1877;-34,8810;-63,3068;0,0000;0,0000;15;0
5,7646;43,9066;-212,8072;97,2219;25,5853;-90,0000;133,9066;400,000;200,000;26,371;45,813;-0,0000;5,7408;-2,0038;-3,7370;0,0000;0,0000;-0,0000;98,2073;-34,9774;-63,2299;0,0000;-0,0000;15;0
5,7672;43,9066;-212,7922;97,2166;25,5756;-90,0000;133,9066;400,000;200,000;26,494;47,863;-0,0000;5,9925;-2,0936;-3,8989;0,0000;0,0000;-0,0000;98,2278;-35,0783;-63,1496;-0,0000;-0,0000;15;0
5,7697;43,9066;-212,7765;97,2111;25,5654;-90,0000;133,9066;400,000;200,000;26,622;49,914;-0,0000;6,2443;-2,1836;-4,0607;0,0000;-0,0000;-0,0000;98,2491;-35,1834;-63,0658;-0,0000;-0,0000;15;0
5,7723;43,9066;-212,7602;97,2054;25,5547;-90,0000;133,9066;400,000;200,000;26,755;51,964;-0,0000;6,4962;-2,2740;-4,2222;0,0000;-0,0000;-0,0000;98,2713;-35,2928;-62,9785;-0,0000;-0,0000;15;0
5,7748;43,9066;-212,7432;97,1995;25,5437;-90,0000;133,9066;400,000;200,000;26,893;54,015;-0,0000;6,7481;-2,3646;-4,3835;0,0000;-0,0000;-0,0000;98,2943;-35,4065;-62,8878;-0,0000;-0,0000;15;0
5,7774;43,9066;-212,7256;97,1933;25,5323;-90,0000;133,9066;400,000;200,000;27,037;56,065;-0,0000;7,0001;-2,4555;-4,5446;0,0000;-0,0000;0,0000;98,3181;-35,5246;-62,7935;0,0000;0,0000;15;0
5,7800;43,9066;-212,7073;97,1869;25,5204;-90,0000;133,9066;400,000;200,000;27,186;58,116;-0,0000;7,2521;-2,5467;-4,7054;0,0000;0,0000;0,0000;98,3428;-35,6470;-62,6958;0,0000;0,0000;15;0
5,7825;43,9066;-212,6884;97,1802;25,5081;-90,0000;133,9066;400,000;200,000;27,340;60,166;-0,0000;7,5042;-2,6382;-4,8660;0,0000;0,0000;0,0000;98,3682;-35,7736;-62,5946;0,0000;-0,0000;15;0
5,7851;43,9066;-212,6688;97,1734;25,4955;-90,0000;133,9066;400,000;200,000;27,500;62,217;-0,0000;7,7564;-2,7301;-5,0263;0,0000;0,0000;-0,0000;98,3945;-35,9046;-62,4899;-0,0000;-0,0000;15;0
5,7877;43,9066;-212,6486;97,1663;25,4824;-90,0000;133,9066;400,000;200,000;27,664;64,268;-0,0000;8,0086;-2,8223;-5,1864;0,0000;-0,0000;-0,0000;98,4216;-36,0399;-62,3817;-0,0000;0,0000;15;0
5,7902;43,9066;-212,6278;97,1589;25,4689;-90,0000;133,9066;400,000;200,000;27,834;66,318;-0,0000;8,2609;-2,9148;-5,3461;0,0000;0,0000;-0,0000;98,4495;-36,1795;-62,2699;-0,0000;-0,0000;15;0
5,7928;43,9066;-212,6063;97,1513;25,4550;-90,0000;133,9066;400,000;200,000;28,010;68,369;-0,0000;8,5133;-3,0077;-5,5056;0,0000;-0,0000;0,0000;98,4782;-36,3234;-62,1546;0,0000;0,0000;15;0
5,7953;43,9066;-212,5841;97,1435;25,4407;-90,0000;133,9066;400,000;200,000;28,190;70,419;0,0000;8,7658;-3,1010;-5,6647;0,0000;0,0000;0,0000;98,5076;-36,4716;-62,0358;0,0000;0,0000;15;0
5,7979;43,9066;-212,5613;97,1354;25,4259;-90,0000;133,9066;400,000;200,000;28,376;72,470;0,0000;9,0183;-3,1947;-5,8236;0,0000;0,0000;-0,0000;98,5379;-36,6243;-61,9138;-0,0000;-0,0000;15;0
5,8005;43,9066;-212,5379;97,1271;25,4108;-90,0000;133,9066;400,000;200,000;28,567;74,520;-0,0000;9,2709;-3,2888;-5,9821;0,0000;-0,0000;-0,0000;98,5689;-36,7811;-61,7880;-0,0000;-0,0000;15;0
5,8030;43,9066;-212,5138;97,1186;25,3953;-90,0000;133,9066;400,000;200,000;28,763;76,571;-0,0000;9,5236;-3,3833;-6,1403;0,0000;-0,0000;-0,0000;98,6007;-36,9422;-61,6585;-0,0000;0,0000;15;0
5,8056;43,9066;-212,4891;97,1098;25,3793;-90,0000;133,9066;400,000;200,000;28,965;78,621;-0,0000;9,7764;-3,4781;-6,2982;0,0000;0,0000;-0,0000;98,6333;-37,1076;-61,5257;-0,0000;-0,0000;15;0
5,8082;43,9066;-212,4637;97,1007;25,3630;-90,0000;133,9066;400,000;200,000;29,172;80,672;-0,0000;10,0292;-3,5735;-6,4557;0,0000;-0,0000;-0,0000;98,6666;-37,2774;-61,3893;-0,0000;-0,0000;15;0
5,8107;43,9066;-212,4377;97,0914;25,3462;-90,0000;133,9066;400,000;200,000;29,384;82,722;-0,0000;10,2822;-3,6692;-6,6129;-0,0000;-0,0000;-0,0000;98,7007;-37,4514;-61,2493;-0,0000;-0,0000;15;0
5,8133;43,9066;-212,4110;97,0819;25,3291;-90,0000;133,9066;400,000;200,000;29,601;84,773;-0,0000;10,5352;-3,7655;-6,7697;-0,0000;-0,0000;0,0000;98,7355;-37,6298;-61,1058;0,0000;0,0000;15;0
5,8159;43,9066;-212,3837;97,0721;25,3115;-90,0000;133,9066;400,000;200,000;29,823;86,824;-0,0000;10,7883;-3,8621;-6,9262;0,0000;-0,0000;0,0000;98,7711;-37,8124;-60,9587;0,0000;0,0000;15;0
5,8184;43,9066;-212,3557;97,0621;25,2936;-90,0000;133,9066;400,000;200,000;30,051;88,874;-0,0000;11,0415;-3,9593;-7,0822;0,0000;0,0000;0,0000;98,8074;-37,9994;-60,8080;0,0000;0,0000;15;0
5,8210;43,9066;-212,3271;97,0518;25,2752;-90,0000;133,9066;400,000;200,000;30,284;90,925;-0,0000;11,2948;-4,0569;-7,2379;0,0000;0,0000;0,0000;98,8444;-38,1906;-60,6538;0,0000;-0,0000;15;0
5,8235;43,9066;-212,2978;97,0413;25,2565;-90,0000;133,9066;400,000;200,000;30,523;92,975;-0,0000;11,5482;-4,1551;-7,3932;0,0000;-0,0000;0,0000;98,8821;-38,3861;-60,4960;0,0000;-0,0000;15;0
5,8261;43,9066;-212,2679;97,0305;25,2373;-90,0000;133,9066;400,000;200,000;30,766;95,026;-0,0000;11,8017;-4,2537;-7,5480;0,0000;-0,0000;-0,0000;98,9206;-38,5860;-60,3346;-0,0000;-0,0000;15;0
5,8287;43,9066;-212,2373;97,0195;25,2178;-90,0000;133,9066;400,000;200,000;31,015;97,076;-0,0000;12,0553;-4,3529;-7,7025;-0,0000;-0,0000;-0,0000;98,9597;-38,7901;-60,1696;-0,0000;0,0000;15;0
5,8312;43,9066;-212,2061;97,0082;25,1978;-90,0000;133,9066;400,000;200,000;31,269;99,127;-0,0000;12,3090;-4,4526;-7,8565;-0,0000;-0,0000;0,0000;98,9995;-38,9985;-60,0010;0,0000;0,0000;15;0
5,8338;43,9066;-212,1742;96,9967;25,1775;-90,0000;133,9066;400,000;200,000;31,528;101,177;-0,0000;12,5628;-4,5528;-8,0100;0,0000;0,0000;0,0000;99,0400;-39,2113;-59,8288;0,0000;0,0000;15;0
5,8364;43,9066;-212,1417;96,9849;25,1568;-90,0000;133,9066;400,000;200,000;31,793;103,228;-0,0000;12,8168;-4,6536;-8,1632;0,0000;0,0000;-0,0000;99,0812;-39,4283;-59,6530;-0,0000;0,0000;15;0
5,8389;43,9066;-212,1085;96,9728;25,1357;-90,0000;133,9066;400,000;200,000;32,063;105,278;-0,0000;13,0708;-4,7549;-8,3158;0,0000;0,0000;-0,0000;99,1231;-39,6496;-59,4735;-0,0000;-0,0000;15;0
5,8415;43,9066;-212,0747;96,9605;25,1141;-90,0000;133,9066;400,000;200,000;32,338;107,329;-0,0000;13,3249;-4,8568;-8,4680;0,0000;-0,0000;-0,0000;99,1656;-39,8752;-59,2904;-0,0000;-0,0000;15;0
5,8440;43,9066;-212,0402;96,9479;25,0922;-90,0000;133,9066;400,000;200,000;32,618;109,379;-0,0000;13,5791;-4,9593;-8,6198;0,0000;-0,0000;0,0000;99,2088;-40,1050;-59,1037;0,0000;-0,0000;15;0
5,8466;43,9066;-212,0050;96,9351;25,0700;-90,0000;133,9066;400,000;200,000;32,904;111,430;-0,0000;13,8335;-5,0624;-8,7710;0,0000;-0,0000;0,0000;99,2526;-40,3392;-58,9134;0,0000;-0,0000;15;0
5,8492;43,9066;-211,9693;96,9220;25,0473;-90,0000;133,9066;400,000;200,000;33,195;113,481;-0,0000;14,0879;-5,1661;-8,9218;0,0000;-0,0000;0,0000;99,2970;-40,5777;-58,7193;0,0000;0,0000;15;0
5,8517;43,9066;-211,9328;96,9086;25,0242;-90,0000;133,9066;400,000;200,000;33,491;115,531;-0,0000;14,3425;-5,2705;-9,0721;0,0000;0,0000;0,0000;99,3421;-40,8204;-58,5217;0,0000;0,0000;15;0
5,8543;43,9066;-211,8957;96,8950;25,0008;-90,0000;133,9066;400,000;200,000;33,792;117,582;-0,0000;14,5972;-5,3754;-9,2218;0,0000;0,0000;-0,0000;99,3877;-41,0674;-58,3203;-0,0000;-0,0000;15;0
5,8569;43,9066;-211,8580;96,8810;24,9769;-90,0000;133,9066;400,000;200,000;34,099;119,632;-0,0000;14,8520;-5,4810;-9,3710;0,0000;-0,0000;-0,0000;99,4340;-41,3187;-58,1153;-0,0000;-0,0000;15;0
5,8594;43,9066;-211,8196;96,8669;24,9527;-90,0000;133,9066;400,000;200,000;34,411;121,683;-0,0000;15,1069;-5,5872;-9,5197;0,0000;-0,0000;0,0000;99,4809;-41,5743;-57,9066;0,0000;0,0000;15;0
5,8620;43,9066;-211,7805;96,8524;24,9281;-90,0000;133,9066;400,000;200,000;34,728;123,733;-0,0000;15,3620;-5,6941;-9,6679;0,0000;0,0000;0,0000;99,5283;-41,8342;-57,6942;0,0000;0,0000;15;0
5,8646;43,9066;-211,7408;96,8377;24,9032;-90,0000;133,9066;400,000;200,000;35,050;125,784;-0,0000;15,6172;-5,8017;-9,8155;0,0000;0,0000;-0,0000;99,5764;-42,0983;-57,4780;-0,0000;-0,0000;15;0
5,8671;43,9066;-211,7005;96,8227;24,8778;-90,0000;133,9066;400,000;200,000;35,378;127,834;-0,0000;15,8724;-5,9099;-9,9625;0,0000;-0,0000;-0,0000;99,6250;-42,3668;-57,2582;-0,0000;-0,0000;15;0
5,8697;43,9066;-211,6595;96,8074;24,8521;-90,0000;133,9066;400,000;200,000;35,711;129,885;-0,0000;16,1279;-6,0189;-10,1090;0,0000;-0,0000;-0,0000;99,6741;-42,6395;-57,0347;-0,0000;0,0000;15;0
5,8722;43,9066;-211,6178;96,7918;24,8260;-90,0000;133,9066;400,000;200,000;36,049;131,935;-0,0000;16,3834;-6,1285;-10,2549;0,0000;-0,0000;0,0000;99,7239;-42,9164;-56,8074;0,0000;0,0000;15;0
5,8748;43,9066;-211,5755;96,7760;24,7995;-90,0000;133,9066;400,000;200,000;36,393;133,986;-0,0000;16,6391;-6,2389;-10,4002;0,0000;0,0000;0,0000;99,7741;-43,1977;-56,5764;0,0000;0,0000;15;0
5,8774;43,9066;-211,5325;96,7598;24,7727;-90,0000;133,9066;400,000;200,000;36,741;136,037;-0,0000;16,8949;-6,3500;-10,5449;0,0000;0,0000;0,0000;99,8249;-43,4832;-56,3417;0,0000;-0,0000;15;0
5,8799;43,9066;-211,4889;96,7434;24,7455;-90,0000;133,9066;400,000;200,000;37,095;138,087;-0,0000;17,1508;-6,4618;-10,6890;0,0000;-0,0000;-0,0000;99,8762;-43,7730;-56,1032;-0,0000;-0,0000;15;0
5,8825;43,9066;-211,4446;96,7267;24,7179;-90,0000;133,9066;400,000;200,000;37,454;140,138;-0,0000;17,4069;-6,5743;-10,8325;-0,0000;-0,0000;-0,0000;99,9280;-44,0671;-55,8609;-0,0000;-0,0000;15;0
5,8851;43,9066;-211,3996;96,7097;24,6899;-90,0000;133,9066;400,000;200,000;37,819;142,188;-0,0000;17,6631;-6,6877;-10,9754;-0,0000;-0,0000;0,0000;99,9802;-44,3654;-55,6148;0,0000;0,0000;15;0
5,8876;43,9066;-211,3540;96,6924;24,6616;-90,0000;133,9066;400,000;200,000;38,189;144,239;-0,0000;17,9194;-6,8018;-11,1176;0,0000;0,0000;0,0000;100,0330;-44,6680;-55,3650;0,0000;0,0000;15;0
5,8902;43,9066;-211,3078;96,6748;24,6329;-90,0000;133,9066;400,000;200,000;38,563;146,289;-0,0000;18,1759;-6,9167;-11,2592;0,0000;-0,0000;0,0000;100,0863;-44,9749;-55,1114;0,0000;-0,0000;15;0
5,8927;43,9066;-211,2609;96,6570;24,6039;-90,0000;133,9066;400,000;200,000;38,944;148,340;-0,0000;18,4325;-7,0323;-11,4002;0,0000;-0,0000;0,0000;100,1400;-45,2860;-54,8540;0,0000;0,0000;15;0
5,8953;43,9066;-211,2133;96,6388;24,5745;-90,0000;133,9066;400,000;200,000;39,329;150,390;-0,0000;18,6892;-7,1488;-11,5404;0,0000;-0,0000;-0,0000;100,1942;-45,6014;-54,5928;0,0000;0,0000;15;0
5,8979;43,9066;-211,1651;96,6203;24,5447;-90,0000;133,9066;400,000;200,000;39,720;152,441;-0,0000;18,9461;-7,2661;-11,6800;0,0000;0,0000;-0,0000;100,2488;-45,9211;-54,3277;-0,0000;-0,0000;15;0
5,9004;43,9066;-211,1162;96,6015;24,5146;-90,0000;133,9066;400,000;200,000;40,116;154,491;-0,0000;19,2032;-7,3842;-11,8189;0,0000;-0,0000;-0,0000;100,3039;-46,2450;-54,0589;-0,0000;-0,0000;15;0
5,9030;43,9066;-211,0666;96,5825;24,4842;-90,0000;133,9066;400,000;200,000;40,517;156,542;-0,0000;19,4603;-7,5032;-11,9572;0,0000;-0,0000;0,0000;100,3593;-46,5732;-53,7862;0,0000;0,0000;15;0
5,9056;43,9066;-211,0164;96,5631;24,4533;-90,0000;133,9066;400,000;200,000;40,924;158,593;-0,0000;19,7176;-7,6230;-12,0947;0,0000;0,0000;0,0000;100,4152;-46,9056;-53,5096;0,0000;-0,0000;15;0
5,9081;43,9066;-210,9655;96,5434;24,4222;-90,0000;133,9066;400,000;200,000;41,335;160,643;-0,0000;19,9751;-7,7436;-12,2315;0,0000;-0,0000;-0,0000;100,4715;-47,2423;-53,2292;-0,0000;-0,0000;15;0
5,9107;43,9066;-210,9140;96,5234;24,3906;-90,0000;133,9066;400,000;200,000;41,752;162,694;-0,0000;20,2327;-7,8652;-12,3675;0,0000;-0,0000;0,0000;100,5282;-47,5833;-52,9450;0,0000;-0,0000;15;0
5,9133;43,9066;-210,8618;96,5031;24,3588;-90,0000;133,9066;400,000;200,000;42,175;164,744;-0,0000;20,4904;-7,9876;-12,5029;0,0000;-0,0000;0,0000;100,5853;-47,9285;-52,6568;0,0000;0,0000;15;0
5,9158;43,9066;-210,8090;96,4824;24,3265;-90,0000;133,9066;400,000;200,000;42,602;166,795;-0,0000;20,7483;-8,1109;-12,6375;0,0000;0,0000;-0,0000;100,6427;-48,2779;-52,3648;-0,0000;0,0000;15;0
5,9184;43,9066;-210,7555;96,4615;24,2940;-90,0000;133,9066;400,000;200,000;43,035;168,845;-0,0000;21,0064;-8,2350;-12,7713;0,0000;0,0000;-0,0000;100,7005;-48,6317;-52,0689;-0,0000;-0,0000;15;0
5,9209;43,9066;-210,7013;96,4402;24,2611;-90,0000;133,9066;400,000;200,000;43,473;170,896;-0,0000;21,2646;-8,3602;-12,9044;-0,0000;-0,0000;-0,0000;100,7586;-48,9896;-51,7690;-0,0000;-0,0000;15;0
5,9235;43,9066;-210,6464;96,4186;24,2278;-90,0000;133,9066;400,000;200,000;43,916;172,946;-0,0000;21,5229;-8,4862;-13,0367;-0,0000;-0,0000;0,0000;100,8171;-49,3518;-51,4653;0,0000;0,0000;15;0
5,9261;43,9066;-210,5909;96,3967;24,1942;-90,0000;133,9066;400,000;200,000;44,365;174,997;-0,0000;21,7814;-8,6132;-13,1682;0,0000;0,0000;0,0000;100,8759;-49,7183;-51,1576;0,0000;0,0000;15;0
5,9286;43,9066;-210,5348;96,3745;24,1603;-90,0000;133,9066;400,000;200,000;44,819;177,047;-0,0000;22,0400;-8,7411;-13,2990;0,0000;0,0000;0,0000;100,9350;-50,0890;-50,8460;0,0000;-0,0000;15;0
5,9312;43,9066;-210,4780;96,3519;24,1261;-90,0000;133,9066;400,000;200,000;45,278;179,098;-0,0000;22,2988;-8,8699;-13,4289;0,0000;-0,0000;-0,0000;100,9945;-50,4640;-50,5305;-0,0000;-0,0000;15;0
5,9338;43,9066;-210,4205;96,3290;24,0915;-90,0000;133,9066;400,000;200,000;45,742;181,148;-0,0000;22,5578;-8,9998;-13,5580;0,0000;-0,0000;-0,0000;101,0542;-50,8432;-50,2110;-0,0000;-0,0000;15;0
5,9363;43,9066;-210,3623;96,3058;24,0566;-90,0000;133,9066;400,000;200,000;46,212;183,199;-0,0000;22,8168;-9,1306;-13,6863;-0,0000;-0,0000;-0,0000;101,1142;-51,2267;-49,8875;-0,0000;-0,0000;15;0
5,9389;43,9066;-210,3035;96,2822;24,0213;-90,0000;133,9066;400,000;200,000;46,686;185,250;-0,0000;23,0761;-9,2624;-13,8137;-0,0000;-0,0000;0,0000;101,1745;-51,6144;-49,5601;0,0000;0,0000;15;0
5,9414;43,9066;-210,2440;96,2583;23,9857;-90,0000;133,9066;400,000;200,000;47,167;187,300;-0,0000;23,3355;-9,3952;-13,9403;0,0000;0,0000;0,0000;101,2350;-52,0063;-49,2287;0,0000;0,0000;15;0
5,9440;43,9066;-210,1839;96,2340;23,9499;-90,0000;133,9066;400,000;200,000;47,652;189,351;-0,0000;23,5951;-9,5290;-14,0661;0,0000;-0,0000;0,0000;101,2958;-52,4025;-48,8933;0,0000;-0,0000;15;0
5,9466;43,9066;-210,1231;96,2094;23,9136;-90,0000;133,9066;400,000;200,000;48,142;191,401;-0,0000;23,8548;-9,6638;-14,1910;0,0000;-0,0000;-0,0000;101,3568;-52,8029;-48,5539;-0,0000;-0,0000;15;0
5,9491;43,9066;-210,0616;96,1845;23,8771;-90,0000;133,9066;400,000;200,000;48,638;193,452;-0,0000;24,1147;-9,7997;-14,3150;0,0000;-0,0000;0,0000;101,4180;-53,2076;-48,2104;0,0000;0,0000;15;0
5,9517;43,9066;-209,9995;96,1592;23,8403;-90,0000;133,9066;400,000;200,000;49,139;195,502;-0,0000;24,3747;-9,9366;-14,4381;0,0000;0,0000;0,0000;101,4795;-53,6165;-47,8630;0,0000;0,0000;15;0
5,9543;43,9066;-209,9366;96,1336;23,8031;-90,0000;133,9066;400,000;200,000;49,646;197,553;-0,0000;24,6349;-10,0745;-14,5604;0,0000;0,0000;-0,0000;101,5412;-54,0296;-47,5115;-0,0000;-0,0000;15;0
5,9568;43,9066;-209,8732;96,1076;23,7656;-90,0000;133,9066;400,000;200,000;50,157;199,603;-0,0000;24,8952;-10,2135;-14,6817;0,0000;-0,0000;-0,0000;101,6030;-54,4470;-47,1560;-0,0000;-0,0000;15;0
5,9594;43,9066;-209,8090;96,0812;23,7278;-90,0000;133,9066;400,000;200,000;50,674;201,654;-0,0000;25,1557;-10,3536;-14,8021;-0,0000;-0,0000;-0,0000;101,6651;-54,8687;-46,7964;-0,0000;-0,0000;15;0
5,9620;43,9066;-209,7442;96,0545;23,6897;-90,0000;133,9066;400,000;200,000;51,196;203,704;-0,0000;25,4164;-10,4948;-14,9216;-0,0000;-0,0000;0,0000;101,7273;-55,2945;-46,4328;0,0000;0,0000;15;0
5,9645;43,9066;-209,6787;96,0274;23,6513;-90,0000;133,9066;400,000;200,000;51,724;205,755;-0,0000;25,6772;-10,6371;-15,0401;0,0000;0,0000;0,0000;101,7897;-55,7246;-46,0650;0,0000;0,0000;15;0
5,9671;43,9066;-209,6126;95,9999;23,6126;-90,0000;133,9066;400,000;200,000;52,256;207,806;-0,0000;25,9382;-10,7805;-15,1577;0,0000;0,0000;-0,0000;101,8522;-56,1589;-45,6933;-0,0000;-0,0000;15;0
5,9696;43,9066;-209,5458;95,9721;23,5736;-90,0000;133,9066;400,000;200,000;52,794;209,856;-0,0000;26,1994;-10,9250;-15,2744;0,0000;-0,0000;-0,0000;101,9149;-56,5975;-45,3174;-0,0000;-0,0000;15;0
5,9722;43,9066;-209,4783;95,9439;23,5343;-90,0000;133,9066;400,000;200,000;53,337;211,907;-0,0000;26,4607;-11,0706;-15,3900;0,0000;0,0000;0,0000;101,9777;-57,0403;-44,9374;0,0000;0,0000;15;0
5,9748;43,9066;-209,4101;95,9154;23,4947;-90,0000;133,9066;400,000;200,000;53,886;213,957;-0,0000;26,7221;-11,2174;-15,5047;0,0000;-0,0000;-0,0000;102,0406;-57,4874;-44,5533;-0,0000;0,0000;15;0
5,9773;43,9066;-209,3413;95,8864;23,4548;-90,0000;133,9066;400,000;200,000;54,440;216,008;-0,0000;26,9838;-11,3653;-15,6184;0,0000;0,0000;0,0000;102,1037;-57,9386;-44,1650;0,0000;-0,0000;15;0
5,9799;43,9066;-209,2718;95,8571;23,4147;-90,0000;133,9066;400,000;200,000;54,998;218,058;-0,0000;27,2455;-11,5144;-15,7311;0,0000;-0,0000;0,0000;102,1668;-58,3942;-43,7727;0,0000;-0,0000;15;0
5,9825;43,9066;-209,2016;95,8274;23,3742;-90,0000;133,9066;400,000;200,000;55,563;220,109;-0,0000;27,5075;-11,6647;-15,8428;0,0000;-0,0000;-0,0000;102,2301;-58,8539;-43,3762;-0,0000;-0,0000;15;0
5,9850;43,9066;-209,1308;95,7973;23,3335;-90,0000;133,9066;400,000;200,000;56,132;222,159;-0,0000;27,7696;-11,8161;-15,9535;-0,0000;-0,0000;-0,0000;102,2934;-59,3179;-42,9756;-0,0000;-0,0000;15;0
5,9876;43,9066;-209,0593;95,7668;23,2924;-90,0000;133,9066;400,000;200,000;56,707;224,210;-0,0000;28,0319;-11,9687;-16,0631;-0,0000;-0,0000;0,0000;102,3568;-59,7861;-42,5707;0,0000;0,0000;15;0
5,9901;43,9066;-208,9871;95,7360;23,2511;-90,0000;133,9066;400,000;200,000;57,287;226,260;-0,0000;28,2943;-12,1226;-16,1717;0,0000;-0,0000;0,0000;102,4203;-60,2585;-42,1617;0,0000;0,0000;15;0
5,9927;43,9066;-208,9142;95,7047;23,2095;-90,0000;133,9066;400,000;200,000;57,872;228,311;-0,0000;28,5569;-12,2777;-16,2793;-0,0000;-0,0000;-0,0000;102,4838;-60,7352;-41,7486;-0,0000;0,0000;15;0
5,9953;43,9066;-208,8407;95,6730;23,1677;-90,0000;133,9066;400,000;200,000;58,462;230,362;-0,0000;28,8197;-12,4339;-16,3858;-0,0000;0,0000;0,0000;102,5473;-61,2161;-41,3312;0,0000;0,0000;15;0
5,9978;43,9066;-208,7665;95,6410;23,1255;-90,0000;133,9066;400,000;200,000;59,058;232,412;-0,0000;29,0826;-12,5915;-16,4912;0,0000;-0,0000;0,0000;102,6109;-61,7013;-40,9096;0,0000;-0,0000;15;0
6,0004;43,9066;-208,6916;95,6085;23,0831;-90,0000;133,9066;400,000;200,000;59,659;234,463;-0,0000;29,3457;-12,7502;-16,5955;0,0000;-0,0000;-0,0000;102,6746;-62,1907;-40,4839;-0,0000;-0,0000;15;0
6,0030;43,9066;-208,6160;95,5756;23,0404;-90,0000;133,9066;400,000;200,000;60,265;236,513;-0,0000;29,6090;-12,9103;-16,6987;0,0000;-0,0000;0,0000;102,7382;-62,6843;-40,0539;0,0000;-0,0000;15;0
6,0055;43,9066;-208,5398;95,5423;22,9975;-90,0000;133,9066;400,000;200,000;60,877;238,564;0,0000;29,8724;-13,0716;-16,8008;0,0000;-0,0000;0,0000;102,8019;-63,1822;-39,6196;0,0000;0,0000;15;0
6,0081;43,9066;-208,4629;95,5086;22,9543;-90,0000;133,9066;400,000;200,000;61,494;240,614;0,0000;30,1360;-13,2342;-16,9018;0,0000;0,0000;-0,0000;102,8655;-63,6843;-39,1812;-0,0000;0,0000;15;0
6,0107;43,9066;-208,3853;95,4744;22,9109;-90,0000;133,9066;400,000;200,000;62,116;242,665;-0,0000;30,3997;-13,3981;-17,0017;0,0000;0,0000;-0,0000;102,9291;-64,1907;-38,7385;-0,0000;-0,0000;15;0
6,0132;43,9066;-208,3071;95,4399;22,8672;-90,0000;133,9066;400,000;200,000;62,743;244,715;-0,0000;30,6636;-13,5632;-17,1004;0,0000;-0,0000;-0,0000;102,9928;-64,7013;-38,2915;-0,0000;0,0000;15;0
6,0158;43,9066;-208,2281;95,4049;22,8232;-90,0000;133,9066;400,000;200,000;63,375;246,766;-0,0000;30,9277;-13,7297;-17,1980;0,0000;0,0000;0,0000;103,0564;-65,2161;-37,8403;0,0000;0,0000;15;0
6,0183;43,9066;-208,1485;95,3695;22,7790;-90,0000;133,9066;400,000;200,000;64,013;248,816;-0,0000;31,1919;-13,8976;-17,2944;0,0000;0,0000;0,0000;103,1199;-65,7352;-37,3848;0,0000;-0,0000;15;0
6,0209;43,9066;-208,0682;95,3337;22,7345;-90,0000;133,9066;400,000;200,000;64,656;250,867;-0,0000;31,4563;-14,0667;-17,3896;0,0000;0,0000;0,0000;103,1835;-66,2585;-36,9250;0,0000;0,0000;15;0
6,0235;43,9066;-207,9873;95,2974;22,6898;-90,0000;133,9066;400,000;200,000;65,304;252,917;0,0000;31,7209;-14,2372;-17,4837;0,0000;0,0000;-0,0000;103,2469;-66,7861;-36,4609;-0,0000;0,0000;15;0
6,0260;43,9066;-207,9056;95,2607;22,6449;-90,0000;133,9066;400,000;200,000;65,958;254,968;-0,0000;31,9856;-14,4091;-17,5765;0,0000;0,0000;-0,0000;103,3104;-67,3179;-35,9925;-0,0000;-0,0000;15;0
6,0286;43,9066;-207,8233;95,2235;22,5997;-90,0000;133,9066;400,000;200,000;66,617;257,019;-0,0000;32,2505;-14,5823;-17,6682;-0,0000;-0,0000;-0,0000;103,3737;-67,8540;-35,5198;-0,0000;-0,0000;15;0
6,0312;43,9066;-207,7403;95,1859;22,5543;-90,0000;133,9066;400,000;200,000;67,281;259,069;-0,0000;32,5155;-14,7569;-17,7586;-0,0000;-0,0000;0,0000;103,4370;-68,3943;-35,0427;0,0000;0,0000;15;0
6,0337;43,9066;-207,6566;95,1479;22,5087;-90,0000;133,9066;400,000;200,000;67,950;261,120;-0,0000;32,7807;-14,9329;-17,8478;0,0000;-0,0000;0,0000;103,5003;-68,9389;-34,5614;0,0000;0,0000;15;0
6,0363;43,9066;-207,5722;95,1094;22,4628;-90,0000;133,9066;400,000;200,000;68,625;263,170;-0,0000;33,0461;-15,1103;-17,9358;0,0000;-0,0000;-0,0000;103,5634;-69,4877;-34,0757;-0,0000;-0,0000;15;0
6,0388;43,9066;-207,4872;95,0704;22,4168;-90,0000;133,9066;400,000;200,000;69,304;265,221;-0,0000;33,3116;-15,2892;-18,0225;0,0000;-0,0000;-0,0000;103,6265;-70,0408;-33,5857;-0,0000;0,0000;15;0
6,0414;43,9066;-207,4015;95,0310;22,3705;-90,0000;133,9066;400,000;200,000;69,989;267,271;-0,0000;33,5773;-15,4694;-18,1080;-0,0000;0,0000;-0,0000;103,6895;-70,5982;-33,0913;-0,0000;0,0000;15;0
6,0440;43,9066;-207,3151;94,9911;22,3239;-90,0000;133,9066;400,000;200,000;70,680;269,322;-0,0000;33,8432;-15,6511;-18,1921;-0,0000;0,0000;0,0000;103,7523;-71,1598;-32,5925;0,0000;-0,0000;15;0
6,0465;43,9066;-207,2280;94,9508;22,2772;-90,0000;133,9066;400,000;200,000;71,375;271,372;-0,0000;34,1092;-15,8342;-18,2750;0,0000;-0,0000;0,0000;103,8151;-71,7258;-32,0893;0,0000;0,0000;15;0
6,0491;43,9066;-207,1402;94,9100;22,2303;-90,0000;133,9066;400,000;200,000;72,076;273,423;0,0000;34,3754;-16,0188;-18,3566;0,0000;0,0000;-0,0000;103,8778;-72,2960;-31,5818;-0,0000;0,0000;15;0
6,0517;43,9066;-207,0518;94,8687;22,1831;-90,0000;133,9066;400,000;200,000;72,782;275,473;-0,0000;34,6417;-16,2048;-18,4369;-0,0000;-0,0000;-0,0000;103,9403;-72,8704;-31,0699;-0,0000;-0,0000;15;0
6,0542;43,9066;-206,9626;94,8269;22,1357;-90,0000;133,9066;400,000;200,000;73,494;277,524;-0,0000;34,9082;-16,3923;-18,5159;-0,0000;-0,0000;0,0000;104,0028;-73,4492;-30,5536;0,0000;-0,0000;15;0
6,0568;43,9066;-206,8728;94,7846;22,0882;-90,0000;133,9066;400,000;200,000;74,210;279,575;-0,0000;35,1749;-16,5813;-18,5936;0,0000;-0,0000;0,0000;83,4657;-64,2465;-19,2192;0,0000;0,0000;15;0
6,0594;43,9066;-206,7823;94,7419;22,0404;-90,0000;133,9066;400,000;200,000;74,932;281,625;-0,0000;35,3361;-16,7217;-18,6144;0,0000;-0,0000;0,0000;12,9543;-31,1406;18,1863;0,0000;0,0000;15;0
6,0619;43,9066;-206,6917;94,6989;21,9928;-90,0000;133,9066;400,000;200,000;75,655;281,992;-0,0000;35,2413;-16,7410;-18,5003;0,0000;-0,0000;-0,0000;-66,5942;6,6969;59,8973;-0,0000;0,0000;15;0
6,0645;43,9066;-206,6016;94,6561;21,9456;-90,0000;133,9066;400,000;200,000;76,372;279,959;-0,0000;34,9947;-16,6873;-18,3074;-0,0000;0,0000;-0,0000;-96,4707;21,3183;75,1524;-0,0000;0,0000;15;0
6,0670;43,9066;-206,5123;94,6134;21,8989;-90,0000;133,9066;400,000;200,000;77,085;277,909;-0,0000;34,7467;-16,6317;-18,1151;-0,0000;0,0000;0,0000;-96,7914;22,0047;74,7867;0,0000;-0,0000;15;0
6,0696;43,9066;-206,4235;94,5708;21,8527;-90,0000;133,9066;400,000;200,000;77,792;275,858;-0,0000;34,4985;-16,5745;-17,9240;0,0000;0,0000;0,0000;-96,8897;22,5824;74,3074;0,0000;0,0000;15;0
6,0722;43,9066;-206,3354;94,5284;21,8070;-90,0000;133,9066;400,000;200,000;78,494;273,808;0,0000;34,2501;-16,5159;-17,7341;0,0000;0,0000;0,0000;-96,9865;23,1556;73,8309;0,0000;-0,0000;15;0
6,0747;43,9066;-206,2479;94,4861;21,7618;-90,0000;133,9066;400,000;200,000;79,190;271,757;-0,0000;34,0013;-16,4558;-17,5455;0,0000;-0,0000;-0,0000;-97,0817;23,7244;73,3573;-0,0000;-0,0000;15;0
6,0773;43,9066;-206,1611;94,4440;21,7171;-90,0000;133,9066;400,000;200,000;79,881;269,707;-0,0000;33,7524;-16,3943;-17,3581;0,0000;-0,0000;0,0000;-97,1754;24,2889;72,8865;0,0000;-0,0000;15;0
6,0799;43,9066;-206,0749;94,4021;21,6728;-90,0000;133,9066;400,000;200,000;80,568;267,656;0,0000;33,5032;-16,3313;-17,1719;0,0000;-0,0000;-0,0000;-97,2676;24,8489;72,4187;-0,0000;-0,0000;15;0
6,0824;43,9066;-205,9894;94,3603;21,6290;-90,0000;133,9066;400,000;200,000;81,248;265,605;-0,0000;33,2538;-16,2669;-16,9868;-0,0000;-0,0000;-0,0000;-97,3583;25,4046;71,9537;-0,0000;-0,0000;15;0
6,0850;43,9066;-205,9044;94,3187;21,5857;-90,0000;133,9066;400,000;200,000;81,924;263,555;-0,0000;33,0041;-16,2011;-16,8030;-0,0000;-0,0000;0,0000;-97,4476;25,9559;71,4916;0,0000;0,0000;15;0
6,0875;43,9066;-205,8202;94,2773;21,5429;-90,0000;133,9066;400,000;200,000;82,594;261,504;0,0000;32,7542;-16,1338;-16,6204;0,0000;0,0000;0,0000;-97,5354;26,5029;71,0325;0,0000;0,0000;15;0
6,0901;43,9066;-205,7365;94,2360;21,5005;-90,0000;133,9066;400,000;200,000;83,259;259,454;-0,0000;32,5041;-16,0652;-16,4389;0,0000;0,0000;-0,0000;-97,6218;27,0455;70,5764;-0,0000;-0,0000;15;0
6,0927;43,9066;-205,6535;94,1949;21,4586;-90,0000;133,9066;400,000;200,000;83,919;257,403;-0,0000;32,2538;-15,9952;-16,2586;0,0000;0,0000;0,0000;-97,7069;27,5837;70,1232;0,0000;-0,0000;15;0
6,0952;43,9066;-205,5712;94,1540;21,4172;-90,0000;133,9066;400,000;200,000;84,573;255,353;0,0000;32,0032;-15,9238;-16,0794;0,0000;-0,0000;-0,0000;-97,7906;28,1176;69,6730;-0,0000;-0,0000;15;0
6,0978;43,9066;-205,4895;94,1133;21,3762;-90,0000;133,9066;400,000;200,000;85,223;253,302;-0,0000;31,7524;-15,8511;-15,9014;0,0000;-0,0000;-0,0000;-97,8729;28,6471;69,2259;-0,0000;-0,0000;15;0
6,1004;43,9066;-205,4084;94,0727;21,3357;-90,0000;133,9066;400,000;200,000;85,867;251,252;-0,0000;31,5015;-15,7770;-15,7245;0,0000;-0,0000;0,0000;-97,9540;29,1722;68,7817;0,0000;0,0000;15;0
6,1029;43,9066;-205,3280;94,0324;21,2956;-90,0000;133,9066;400,000;200,000;86,505;249,201;0,0000;31,2503;-15,7015;-15,5488;0,0000;-0,0000;0,0000;-98,0337;29,6930;68,3407;0,0000;0,0000;15;0
6,1055;43,9066;-205,2482;93,9922;21,2560;-90,0000;133,9066;400,000;200,000;87,139;247,151;0,0000;30,9989;-15,6247;-15,3742;0,0000;-0,0000;-0,0000;-98,1122;30,2095;67,9027;-0,0000;-0,0000;15;0
6,1081;43,9066;-205,1691;93,9523;21,2168;-90,0000;133,9066;400,000;200,000;87,767;245,100;0,0000;30,7473;-15,5466;-15,2007;0,0000;-0,0000;0,0000;-98,1895;30,7217;67,4678;0,0000;0,0000;15;0
6,1106;43,9066;-205,0906;93,9125;21,1780;-90,0000;133,9066;400,000;200,000;88,390;243,049;0,0000;30,4956;-15,4673;-15,0283;0,0000;0,0000;-0,0000;-98,2655;31,2295;67,0360;-0,0000;0,0000;15;0
6,1132;43,9066;-205,0127;93,8730;21,1397;-90,0000;133,9066;400,000;200,000;89,008;240,999;0,0000;30,2436;-15,3866;-14,8570;0,0000;0,0000;-0,0000;-98,3403;31,7330;66,6074;-0,0000;-0,0000;15;0
6,1157;43,9066;-204,9356;93,8337;21,1019;-90,0000;133,9066;400,000;200,000;89,620;238,948;0,0000;29,9914;-15,3046;-14,6869;0,0000;0,0000;-0,0000;-98,4139;32,2321;66,1818;-0,0000;0,0000;15;0
6,1183;43,9066;-204,8590;93,7945;21,0645;-90,0000;133,9066;400,000;200,000;90,228;236,898;0,0000;29,7391;-15,2213;-14,5178;0,0000;0,0000;-0,0000;-98,4864;32,7269;65,7595;-0,0000;0,0000;15;0
6,1209;43,9066;-204,7831;93,7556;21,0275;-90,0000;133,9066;400,000;200,000;90,830;234,847;-0,0000;29,4866;-15,1368;-14,3498;0,0000;0,0000;-0,0000;-98,5577;33,2175;65,3403;-0,0000;-0,0000;15;0
6,1234;43,9066;-204,7078;93,7170;20,9909;-90,0000;133,9066;400,000;200,000;91,426;232,797;-0,0000;29,2339;-15,0510;-14,1828;0,0000;-0,0000;-0,0000;-98,6279;33,7036;64,9243;-0,0000;-0,0000;15;0
6,1260;43,9066;-204,6332;93,6785;20,9548;-90,0000;133,9066;400,000;200,000;92,018;230,746;-0,0000;28,9810;-14,9640;-14,0169;0,0000;-0,0000;0,0000;-98,6970;34,1855;64,5115;0,0000;-0,0000;15;0
6,1286;43,9066;-204,5593;93,6402;20,9190;-90,0000;133,9066;400,000;200,000;92,604;228,696;-0,0000;28,7279;-14,8758;-13,8521;0,0000;-0,0000;-0,0000;-98,7650;34,6631;64,1019;-0,0000;-0,0000;15;0
6,1311;43,9066;-204,4860;93,6022;20,8837;-90,0000;133,9066;400,000;200,000;93,185;226,645;-0,0000;28,4747;-14,7863;-13,6883;-0,0000;-0,0000;-0,0000;-98,8320;35,1364;63,6956;-0,0000;-0,0000;15;0
6,1337;43,9066;-204,4133;93,5644;20,8489;-90,0000;133,9066;400,000;200,000;93,760;224,595;-0,0000;28,2212;-14,6957;-13,5256;-0,0000;-0,0000;0,0000;-98,8978;35,6053;63,2925;0,0000;0,0000;15;0
6,1362;43,9066;-204,3413;93,5269;20,8144;-90,0000;133,9066;400,000;200,000;94,331;222,544;0,0000;27,9677;-14,6038;-13,3639;0,0000;0,0000;0,0000;-98,9626;36,0700;62,8927;0,0000;0,0000;15;0
6,1388;43,9066;-204,2699;93,4896;20,7804;-90,0000;133,9066;400,000;200,000;94,896;220,494;0,0000;27,7139;-14,5108;-13,2032;0,0000;0,0000;-0,0000;-99,0265;36,5304;62,4961;-0,0000;-0,0000;15;0
6,1414;43,9066;-204,1992;93,4525;20,7467;-90,0000;133,9066;400,000;200,000;95,456;218,443;-0,0000;27,4600;-14,4165;-13,0435;-0,0000;-0,0000;-0,0000;-99,0893;36,9864;62,1028;-0,0000;-0,0000;15;0
6,1439;43,9066;-204,1292;93,4157;20,7135;-90,0000;133,9066;400,000;200,000;96,011;216,392;-0,0000;27,2060;-14,3212;-12,8848;-0,0000;-0,0000;0,0000;-99,1511;37,4382;61,7129;0,0000;0,0000;15;0
6,1465;43,9066;-204,0598;93,3791;20,6807;-90,0000;133,9066;400,000;200,000;96,560;214,342;0,0000;26,9517;-14,2246;-12,7271;0,0000;-0,0000;0,0000;-99,2119;37,8857;61,3263;0,0000;0,0000;15;0
6,1491;43,9066;-203,9910;93,3428;20,6482;-90,0000;133,9066;400,000;200,000;97,104;212,291;0,0000;26,6974;-14,1269;-12,5704;0,0000;-0,0000;-0,0000;-99,2718;38,3289;60,9430;-0,0000;-0,0000;15;0
6,1516;43,9066;-203,9229;93,3067;20,6162;-90,0000;133,9066;400,000;200,000;97,643;210,241;0,0000;26,4428;-14,0281;-12,4147;0,0000;-0,0000;-0,0000;-99,3308;38,7678;60,5630;-0,0000;-0,0000;15;0
6,1542;43,9066;-203,8554;93,2708;20,5846;-90,0000;133,9066;400,000;200,000;98,177;208,190;-0,0000;26,1882;-13,9282;-12,2600;0,0000;-0,0000;-0,0000;-99,3888;39,2024;60,1864;-0,0000;-0,0000;15;0
6,1568;43,9066;-203,7886;93,2353;20,5534;-90,0000;133,9066;400,000;200,000;98,705;206,140;0,0000;25,9333;-13,8272;-12,1062;0,0000;-0,0000;0,0000;-99,4459;39,6327;59,8131;0,0000;0,0000;15;0
6,1593;43,9066;-203,7225;93,2000;20,5225;-90,0000;133,9066;400,000;200,000;99,228;204,089;0,0000;25,6784;-13,7250;-11,9533;0,0000;-0,0000;-0,0000;-99,5021;40,0588;59,4433;-0,0000;0,0000;15;0
6,1619;43,9066;-203,6570;93,1649;20,4921;-90,0000;133,9066;400,000;200,000;99,746;202,039;-0,0000;25,4233;-13,6218;-11,8014;-0,0000;-0,0000;-0,0000;-99,5574;40,4805;59,0768;-0,0000;0,0000;15;0
6,1644;43,9066;-203,5922;93,1301;20,4620;-90,0000;133,9066;400,000;200,000;100,259;199,988;-0,0000;25,1680;-13,5175;-11,6505;-0,0000;0,0000;0,0000;-99,6118;40,8980;58,7138;0,0000;0,0000;15;0
6,1670;43,9066;-203,5280;93,0956;20,4324;-90,0000;133,9066;400,000;200,000;100,766;197,938;0,0000;24,9126;-13,4122;-11,5005;0,0000;0,0000;0,0000;-99,6654;41,3113;58,3541;0,0000;-0,0000;15;0
6,1696;43,9066;-203,4645;93,0614;20,4031;-90,0000;133,9066;400,000;200,000;101,268;195,887;0,0000;24,6571;-13,3057;-11,3513;0,0000;-0,0000;-0,0000;-99,7181;41,7202;57,9979;-0,0000;-0,0000;15;0
6,1721;43,9066;-203,4016;93,0274;20,3742;-90,0000;133,9066;400,000;200,000;101,765;193,836;-0,0000;24,4014;-13,1983;-11,2031;-0,0000;-0,0000;-0,0000;-99,7700;42,1249;57,6451;-0,0000;-0,0000;15;0
6,1747;43,9066;-203,3394;92,9937;20,3457;-90,0000;133,9066;400,000;200,000;102,256;191,786;-0,0000;24,1456;-13,0898;-11,0558;-0,0000;-0,0000;0,0000;-99,8210;42,5253;57,2958;0,0000;0,0000;15;0
6,1773;43,9066;-203,2778;92,9603;20,3175;-90,0000;133,9066;400,000;200,000;102,743;189,735;0,0000;23,8897;-12,9803;-10,9094;0,0000;0,0000;0,0000;-99,8713;42,9214;56,9499;0,0000;0,0000;15;0
6,1798;43,9066;-203,2169;92,9272;20,2897;-90,0000;133,9066;400,000;200,000;103,224;187,685;0,0000;23,6336;-12,8698;-10,7639;0,0000;0,0000;-0,0000;-99,9207;43,3133;56,6075;-0,0000;-0,0000;15;0
6,1824;43,9066;-203,1567;92,8943;20,2623;-90,0000;133,9066;400,000;200,000;103,700;185,634;-0,0000;23,3775;-12,7582;-10,6192;-0,0000;-0,0000;-0,0000;-99,9694;43,7009;56,2685;-0,0000;-0,0000;15;0
6,1850;43,9066;-203,0971;92,8618;20,2353;-90,0000;133,9066;400,000;200,000;104,170;183,584;-0,0000;23,1212;-12,6457;-10,4754;-0,0000;-0,0000;0,0000;-100,0173;44,0842;55,9331;0,0000;0,0000;15;0
6,1875;43,9066;-203,0381;92,8295;20,2086;-90,0000;133,9066;400,000;200,000;104,636;181,533;0,0000;22,8647;-12,5322;-10,3325;0,0000;-0,0000;0,0000;-100,0644;44,4632;55,6011;0,0000;0,0000;15;0
6,1901;43,9066;-202,9798;92,7975;20,1823;-90,0000;133,9066;400,000;200,000;105,096;179,483;0,0000;22,6082;-12,4178;-10,1904;0,0000;0,0000;-0,0000;-100,1107;44,8380;55,2727;-0,0000;0,0000;15;0
6,1926;43,9066;-202,9222;92,7658;20,1564;-90,0000;133,9066;400,000;200,000;105,550;177,432;0,0000;22,3515;-12,3024;-10,0491;0,0000;0,0000;-0,0000;-100,1563;45,2086;54,9478;-0,0000;0,0000;15;0
6,1952;43,9066;-202,8653;92,7345;20,1308;-90,0000;133,9066;400,000;200,000;106,000;175,382;0,0000;22,0948;-12,1860;-9,9087;0,0000;0,0000;0,0000;-100,2012;45,5748;54,6264;0,0000;0,0000;15;0
6,1978;43,9066;-202,8090;92,7034;20,1056;-90,0000;133,9066;400,000;200,000;106,444;173,331;0,0000;21,8379;-12,0688;-9,7691;0,0000;0,0000;-0,0000;-100,2453;45,9368;54,3085;-0,0000;0,0000;15;0
6,2003;43,9066;-202,7533;92,6726;20,0807;-90,0000;133,9066;400,000;200,000;106,883;171,280;0,0000;21,5809;-11,9506;-9,6303;0,0000;0,0000;-0,0000;-100,2888;46,2946;53,9942;-0,0000;-0,0000;15;0
6,2029;43,9066;-202,6983;92,6421;20,0562;-90,0000;133,9066;400,000;200,000;107,317;169,230;0,0000;21,3238;-11,8314;-9,4923;0,0000;0,0000;-0,0000;-100,3315;46,6480;53,6834;-0,0000;-0,0000;15;0
6,2055;43,9066;-202,6440;92,6119;20,0321;-90,0000;133,9066;400,000;200,000;107,746;167,179;0,0000;21,0665;-11,7114;-9,3551;0,0000;0,0000;0,0000;-100,3735;46,9973;53,3762;0,0000;-0,0000;15;0
6,2080;43,9066;-202,5903;92,5821;20,0083;-90,0000;133,9066;400,000;200,000;108,169;165,129;0,0000;20,8092;-11,5905;-9,2187;0,0000;-0,0000;0,0000;-100,4148;47,3422;53,0726;0,0000;-0,0000;15;0
6,2106;43,9066;-202,5373;92,5525;19,9848;-90,0000;133,9066;400,000;200,000;108,587;163,078;0,0000;20,5518;-11,4687;-9,0830;0,0000;0,0000;0,0000;-100,4554;47,6829;52,7725;0,0000;0,0000;15;0
6,2131;43,9066;-202,4850;92,5233;19,9617;-90,0000;133,9066;400,000;200,000;109,000;161,028;0,0000;20,2942;-11,3461;-8,9482;0,0000;0,0000;-0,0000;-100,4954;48,0193;52,4761;-0,0000;0,0000;15;0
6,2157;43,9066;-202,4333;92,4944;19,9389;-90,0000;133,9066;400,000;200,000;109,407;158,977;0,0000;20,0366;-11,2226;-8,8140;0,0000;0,0000;-0,0000;-100,5347;48,3515;52,1832;-0,0000;-0,0000;15;0
6,2183;43,9066;-202,3823;92,4657;19,9165;-90,0000;133,9066;400,000;200,000;109,809;156,927;0,0000;19,7789;-11,0982;-8,6807;0,0000;0,0000;0,0000;-100,5733;48,6794;51,8939;0,0000;0,0000;15;0
6,2208;43,9066;-202,3319;92,4375;19,8944;-90,0000;133,9066;400,000;200,000;110,206;154,876;0,0000;19,5210;-10,9730;-8,5480;0,0000;0,0000;-0,0000;-100,6113;49,0030;51,6083;-0,0000;-0,0000;15;0
6,2234;43,9066;-202,2822;92,4095;19,8727;-90,0000;133,9066;400,000;200,000;110,598;152,826;0,0000;19,2631;-10,8470;-8,4161;0,0000;0,0000;0,0000;-100,6486;49,3224;51,3262;0,0000;-0,0000;15;0
6,2260;43,9066;-202,2331;92,3819;19,8513;-90,0000;133,9066;400,000;200,000;110,984;150,775;0,0000;19,0051;-10,7202;-8,2849;0,0000;0,0000;0,0000;-100,6853;49,6375;51,0478;0,0000;0,0000;15;0
6,2285;43,9066;-202,1848;92,3545;19,8302;-90,0000;133,9066;400,000;200,000;111,366;148,725;0,0000;18,7469;-10,5925;-8,1544;0,0000;0,0000;-0,0000;-100,7214;49,9484;50,7730;-0,0000;-0,0000;15;0
6,2311;43,9066;-202,1370;92,3276;19,8095;-90,0000;133,9066;400,000;200,000;111,742;146,674;-0,0000;18,4887;-10,4641;-8,0246;-0,0000;-0,0000;-0,0000;-100,7569;50,2550;50,5018;-0,0000;-0,0000;15;0
6,2337;43,9066;-202,0900;92,3009;19,7891;-90,0000;133,9066;400,000;200,000;112,112;144,623;-0,0000;18,2304;-10,3349;-7,8955;-0,0000;-0,0000;0,0000;-100,7917;50,5574;50,2343;0,0000;0,0000;15;0
6,2362;43,9066;-202,0436;92,2746;19,7690;-90,0000;133,9066;400,000;200,000;112,478;142,573;0,0000;17,9720;-10,2049;-7,7671;0,0000;0,0000;0,0000;-100,8259;50,8554;49,9705;0,0000;0,0000;15;0
6,2388;43,9066;-201,9979;92,2486;19,7493;-90,0000;133,9066;400,000;200,000;112,838;140,522;0,0000;17,7136;-10,0742;-7,6393;0,0000;0,0000;-0,0000;-100,8595;51,1492;49,7103;-0,0000;-0,0000;15;0
6,2413;43,9066;-201,9528;92,2229;19,7299;-90,0000;133,9066;400,000;200,000;113,193;138,472;0,0000;17,4550;-9,9427;-7,5123;0,0000;0,0000;-0,0000;-100,8925;51,4388;49,4537;-0,0000;-0,0000;15;0
6,2439;43,9066;-201,9084;92,1976;19,7108;-90,0000;133,9066;400,000;200,000;113,542;136,421;0,0000;17,1963;-9,8105;-7,3858;0,0000;0,0000;-0,0000;-100,9250;51,7241;49,2009;-0,0000;-0,0000;15;0
6,2465;43,9066;-201,8646;92,1726;19,6920;-90,0000;133,9066;400,000;200,000;113,887;134,371;-0,0000;16,9376;-9,6776;-7,2600;-0,0000;-0,0000;-0,0000;-100,9568;52,0051;48,9517;-0,0000;-0,0000;15;0
6,2490;43,9066;-201,8215;92,1480;19,6735;-90,0000;133,9066;400,000;200,000;114,226;132,320;-0,0000;16,6788;-9,5439;-7,1349;-0,0000;-0,0000;0,0000;-100,9881;52,2819;48,7062;0,0000;0,0000;15;0
6,2516;43,9066;-201,7791;92,1237;19,6554;-90,0000;133,9066;400,000;200,000;114,560;130,270;-0,0000;16,4199;-9,4096;-7,0104;0,0000;-0,0000;0,0000;-101,0187;52,5544;48,4644;0,0000;0,0000;15;0
6,2542;43,9066;-201,7374;92,0998;19,6376;-90,0000;133,9066;400,000;200,000;114,889;128,219;-0,0000;16,1609;-9,2745;-6,8864;0,0000;-0,0000;0,0000;-101,0488;52,8226;48,2262;0,0000;0,0000;15;0
6,2567;43,9066;-201,6963;92,0762;19,6201;-90,0000;133,9066;400,000;200,000;115,212;126,169;0,0000;15,9019;-9,1388;-6,7631;0,0000;0,0000;0,0000;-101,0784;53,0866;47,9918;0,0000;-0,0000;15;0
6,2593;43,9066;-201,6559;92,0529;19,6029;-90,0000;133,9066;400,000;200,000;115,530;124,118;0,0000;15,6428;-9,0024;-6,6404;0,0000;-0,0000;-0,0000;-101,1074;53,3463;47,7611;-0,0000;-0,0000;15;0
6,2618;43,9066;-201,6161;92,0300;19,5861;-90,0000;133,9066;400,000;200,000;115,843;122,067;0,0000;15,3836;-8,8653;-6,5183;0,0000;-0,0000;-0,0000;-101,1358;53,6017;47,5341;-0,0000;-0,0000;15;0
6,2644;43,9066;-201,5770;92,0075;19,5695;-90,0000;133,9066;400,000;200,000;116,151;120,017;0,0000;15,1243;-8,7276;-6,3967;0,0000;-0,0000;-0,0000;-101,1637;53,8529;47,3108;-0,0000;0,0000;15;0
6,2670;43,9066;-201,5386;91,9853;19,5533;-90,0000;133,9066;400,000;200,000;116,453;117,966;0,0000;14,8650;-8,5892;-6,2758;0,0000;0,0000;0,0000;-101,1910;54,0998;47,0912;0,0000;0,0000;15;0
6,2695;43,9066;-201,5008;91,9634;19,5374;-90,0000;133,9066;400,000;200,000;116,750;115,916;0,0000;14,6056;-8,4503;-6,1553;0,0000;0,0000;0,0000;-101,2178;54,3424;46,8754;-0,0000;0,0000;15;0
6,2721;43,9066;-201,4637;91,9420;19,5217;-90,0000;133,9066;400,000;200,000;117,042;113,865;0,0000;14,3461;-8,3107;-6,0355;0,0000;0,0000;-0,0000;-101,2441;54,5808;46,6633;-0,0000;-0,0000;15;0
6,2747;43,9066;-201,4272;91,9208;19,5064;-90,0000;133,9066;400,000;200,000;117,329;111,815;0,0000;14,0866;-8,1705;-5,9161;0,0000;0,0000;0,0000;-101,2698;54,8149;46,4549;0,0000;0,0000;15;0
6,2772;43,9066;-201,3915;91,9001;19,4914;-90,0000;133,9066;400,000;200,000;117,610;109,764;0,0000;13,8270;-8,0297;-5,7973;0,0000;0,0000;-0,0000;-101,2950;55,0447;46,2502;-0,0000;0,0000;15;0
6,2798;43,9066;-201,3564;91,8797;19,4767;-90,0000;133,9066;400,000;200,000;117,886;107,714;0,0000;13,5673;-7,8883;-5,6790;0,0000;0,0000;-0,0000;-101,3196;55,2703;46,0494;-0,0000;-0,0000;15;0
6,2824;43,9066;-201,3219;91,8596;19,4623;-90,0000;133,9066;400,000;200,000;118,157;105,663;0,0000;13,3076;-7,7463;-5,5612;0,0000;-0,0000;-0,0000;-101,3438;55,4916;45,8522;-0,0000;-0,0000;15;0
6,2849;43,9066;-201,2881;91,8400;19,4482;-90,0000;133,9066;400,000;200,000;118,422;103,613;0,0000;13,0478;-7,6038;-5,4440;0,0000;-0,0000;0,0000;-101,3674;55,7086;45,6588;0,0000;0,0000;15;0
6,2875;43,9066;-201,2550;91,8207;19,4344;-90,0000;133,9066;400,000;200,000;118,683;101,562;0,0000;12,7879;-7,4607;-5,3272;0,0000;0,0000;0,0000;-101,3905;55,9213;45,4692;0,0000;0,0000;15;0
6,2900;43,9066;-201,2226;91,8017;19,4209;-90,0000;133,9066;400,000;200,000;118,938;99,511;0,0000;12,5280;-7,3171;-5,2109;0,0000;-0,0000;-0,0000;-101,4131;56,1297;45,2834;-0,0000;-0,0000;15;0
6,2926;43,9066;-201,1908;91,7831;19,4077;-90,0000;133,9066;400,000;200,000;119,188;97,461;0,0000;12,2680;-7,1730;-5,0950;0,0000;-0,0000;-0,0000;-101,4352;56,3339;45,1013;-0,0000;-0,0000;15;0
6,2952;43,9066;-201,1597;91,7649;19,3948;-90,0000;133,9066;400,000;200,000;119,432;95,410;0,0000;12,0080;-7,0283;-4,9797;0,0000;-0,0000;0,0000;-101,4568;56,5338;44,9229;0,0000;0,0000;15;0
6,2977;43,9066;-201,1293;91,7471;19,3821;-90,0000;133,9066;400,000;200,000;119,671;93,360;0,0000;11,7479;-6,8832;-4,8648;0,0000;0,0000;0,0000;-101,4778;56,7294;44,7484;0,0000;0,0000;15;0
6,3003;43,9066;-201,0995;91,7297;19,3698;-90,0000;133,9066;400,000;200,000;119,905;91,309;0,0000;11,4878;-6,7375;-4,7503;0,0000;0,0000;0,0000;-101,4984;56,9208;44,5776;-0,0000;0,0000;15;0
6,3029;43,9066;-201,0704;91,7126;19,3578;-90,0000;133,9066;400,000;200,000;120,134;89,259;0,0000;11,2276;-6,5914;-4,6362;0,0000;0,0000;-0,0000;-101,5185;57,1078;44,4107;-0,0000;-0,0000;15;0
6,3054;43,9066;-201,0419;91,6959;19,3461;-90,0000;133,9066;400,000;200,000;120,358;87,208;0,0000;10,9674;-6,4448;-4,5226;0,0000;0,0000;0,0000;-101,5381;57,2906;44,2475;-0,0000;-0,0000;15;0
6,3080;43,9066;-201,0141;91,6795;19,3346;-90,0000;133,9066;400,000;200,000;120,576;85,158;0,0000;10,7071;-6,2977;-4,4094;0,0000;0,0000;0,0000;-101,5572;57,4691;44,0881;0,0000;-0,0000;15;0
6,3105;43,9066;-200,9870;91,6636;19,3234;-90,0000;133,9066;400,000;200,000;120,789;83,107;0,0000;10,4468;-6,1502;-4,2966;0,0000;0,0000;0,0000;-101,5758;57,6433;43,9324;0,0000;0,0000;15;0
6,3131;43,9066;-200,9606;91,6480;19,3126;-90,0000;133,9066;400,000;200,000;120,997;81,057;0,0000;10,1864;-6,0022;-4,1842;0,0000;0,0000;-0,0000;-101,5939;57,8133;43,7806;-0,0000;0,0000;15;0
6,3157;43,9066;-200,9348;91,6328;19,3020;-90,0000;133,9066;400,000;200,000;121,199;79,006;0,0000;9,9260;-5,8538;-4,0722;0,0000;0,0000;-0,0000;-101,6115;57,9789;43,6326;-0,0000;-0,0000;15;0
6,3182;43,9066;-200,9097;91,6180;19,2917;-90,0000;133,9066;400,000;200,000;121,397;76,956;0,0000;9,6655;-5,7050;-3,9605;0,0000;0,0000;-0,0000;-101,6287;58,1403;43,4884;-0,0000;-0,0000;15;0
6,3208;43,9066;-200,8853;91,6036;19,2817;-90,0000;133,9066;400,000;200,000;121,589;74,905;0,0000;9,4050;-5,5557;-3,8492;0,0000;-0,0000;-0,0000;-101,6454;58,2974;43,3480;-0,0000;-0,0000;15;0
6,3234;43,9066;-200,8615;91,5895;19,2720;-90,0000;133,9066;400,000;200,000;121,775;72,854;0,0000;9,1444;-5,4061;-3,7383;0,0000;0,0000;-0,0000;-101,6616;58,4502;43,2114;-0,0000;0,0000;15;0
6,3259;43,9066;-200,8384;91,5759;19,2625;-90,0000;133,9066;400,000;200,000;121,957;70,804;0,0000;8,8838;-5,2561;-3,6277;0,0000;0,0000;0,0000;-101,6773;58,5987;43,0786;0,0000;-0,0000;15;0
6,3285;43,9066;-200,8159;91,5626;19,2534;-90,0000;133,9066;400,000;200,000;122,133;68,753;0,0000;8,6232;-5,1057;-3,5175;0,0000;-0,0000;0,0000;-101,6925;58,7429;42,9497;0,0000;-0,0000;15;0
6,3311;43,9066;-200,7942;91,5497;19,2445;-90,0000;133,9066;400,000;200,000;122,304;66,703;0,0000;8,3625;-4,9550;-3,4075;0,0000;0,0000;-0,0000;-101,7073;58,8828;42,8245;-0,0000;0,0000;15;0
6,3336;43,9066;-200,7731;91,5372;19,2359;-90,0000;133,9066;400,000;200,000;122,470;64,652;0,0000;8,1018;-4,8039;-3,2979;0,0000;0,0000;-0,0000;-101,7216;59,0184;42,7032;-0,0000;-0,0000;15;0
6,3362;43,9066;-200,7526;91,5251;19,2276;-90,0000;133,9066;400,000;200,000;122,630;62,602;0,0000;7,8410;-4,6524;-3,1886;0,0000;-0,0000;-0,0000;-101,7354;59,1497;42,5857;-0,0000;-0,0000;15;0
6,3387;43,9066;-200,7329;91,5133;19,2196;-90,0000;133,9066;400,000;200,000;122,785;60,551;0,0000;7,5803;-4,5006;-3,0796;0,0000;-0,0000;-0,0000;-101,7488;59,2768;42,4720;-0,0000;-0,0000;15;0
6,3413;43,9066;-200,7138;91,5020;19,2118;-90,0000;133,9066;400,000;200,000;122,935;58,501;0,0000;7,3194;-4,3485;-2,9709;0,0000;-0,0000;0,0000;-101,7617;59,3995;42,3621;-0,0000;0,0000;15;0
6,3439;43,9066;-200,6954;91,4910;19,2043;-90,0000;133,9066;400,000;200,000;123,080;56,450;0,0000;7,0586;-4,1961;-2,8625;0,0000;-0,0000;0,0000;-101,7741;59,5180;42,2561;-0,0000;0,0000;15;0
6,3464;43,9066;-200,6776;91,4805;19,1971;-90,0000;133,9066;400,000;200,000;123,219;54,400;0,0000;6,7977;-4,0434;-2,7543;0,0000;-0,0000;0,0000;-101,7861;59,6322;42,1539;0,0000;0,0000;15;0
6,3490;43,9066;-200,6605;91,4703;19,1902;-90,0000;133,9066;400,000;200,000;123,354;52,349;0,0000;6,5368;-3,8904;-2,6464;0,0000;0,0000;-0,0000;-101,7976;59,7420;42,0556;-0,0000;-0,0000;15;0
6,3516;43,9066;-200,6441;91,4605;19,1836;-90,0000;133,9066;400,000;200,000;123,483;50,298;-0,0000;6,2759;-3,7372;-2,5387;-0,0000;-0,0000;-0,0000;-101,8086;59,8476;41,9610;-0,0000;-0,0000;15;0
6,3541;43,9066;-200,6283;91,4511;19,1772;-90,0000;133,9066;400,000;200,000;123,606;48,248;-0,0000;6,0149;-3,5836;-2,4313;-0,0000;-0,0000;0,0000;-101,8192;59,9489;41,8704;0,0000;0,0000;15;0
6,3567;43,9066;-200,6133;91,4422;19,1711;-90,0000;133,9066;400,000;200,000;123,725;46,197;0,0000;5,7539;-3,4299;-2,3240;0,0000;0,0000;0,0000;-101,8294;60,0458;41,7835;0,0000;0,0000;15;0
6,3592;43,9066;-200,5988;91,4336;19,1653;-90,0000;133,9066;400,000;200,000;123,838;44,147;0,0000;5,4929;-3,2758;-2,2171;0,0000;0,0000;-0,0000;-101,8390;60,1385;41,7005;-0,0000;-0,0000;15;0
6,3618;43,9066;-200,5851;91,4254;19,1597;-90,0000;133,9066;400,000;200,000;123,946;42,096;0,0000;5,2318;-3,1216;-2,1103;0,0000;0,0000;-0,0000;-101,8482;60,2269;41,6214;-0,0000;-0,0000;15;0
6,3644;43,9066;-200,5720;91,4176;19,1545;-90,0000;133,9066;400,000;200,000;124,048;40,046;0,0000;4,9708;-2,9671;-2,0037;0,0000;-0,0000;0,0000;-101,8570;60,3109;41,5461;-0,0000;-0,0000;15;0
6,3669;43,9066;-200,5596;91,4102;19,1495;-90,0000;133,9066;400,000;200,000;124,146;37,995;0,0000;4,7097;-2,8124;-1,8973;0,0000;-0,0000;0,0000;-101,8653;60,3907;41,4746;-0,0000;0,0000;15;0
6,3695;43,9066;-200,5479;91,4031;19,1447;-90,0000;133,9066;400,000;200,000;124,238;35,945;0,0000;4,4486;-2,6575;-1,7911;0,0000;0,0000;-0,0000;-101,8732;60,4662;41,4070;-0,0000;-0,0000;15;0
6,3721;43,9066;-200,5368;91,3965;19,1403;-90,0000;133,9066;400,000;200,000;124,325;33,894;0,0000;4,1874;-2,5024;-1,6850;0,0000;-0,0000;-0,0000;-101,8806;60,5373;41,3432;-0,0000;-0,0000;15;0
6,3746;43,9066;-200,5264;91,3903;19,1361;-90,0000;133,9066;400,000;200,000;124,406;31,844;0,0000;3,9263;-2,3472;-1,5791;0,0000;-0,0000;-0,0000;-101,8875;60,6042;41,2833;-0,0000;-0,0000;15;0
6,3772;43,9066;-200,5167;91,3845;19,1322;-90,0000;133,9066;400,000;200,000;124,483;29,793;-0,0000;3,6651;-2,1917;-1,4734;-0,0000;-0,0000;-0,0000;-101,8940;60,6668;41,2273;-0,0000;-0,0000;15;0
6,3798;43,9066;-200,5076;91,3791;19,1285;-90,0000;133,9066;400,000;200,000;124,554;27,742;-0,0000;3,4040;-2,0362;-1,3678;-0,0000;-0,0000;0,0000;-101,9001;60,7250;41,1751;0,0000;0,0000;15;0
6,3823;43,9066;-200,4992;91,3741;19,1252;-90,0000;133,9066;400,000;200,000;124,620;25,692;0,0000;3,1428;-1,8804;-1,2623;0,0000;0,0000;0,0000;-101,9057;60,7790;41,1267;0,0000;0,0000;15;0
6,3849;43,9066;-200,4915;91,3694;19,1221;-90,0000;133,9066;400,000;200,000;124,680;23,641;0,0000;2,8815;-1,7246;-1,1570;0,0000;0,0000;-0,0000;-101,9108;60,8286;41,0822;-0,0000;0,0000;15;0
6,3874;43,9066;-200,4845;91,3652;19,1192;-90,0000;133,9066;400,000;200,000;124,736;21,591;0,0000;2,6203;-1,5686;-1,0517;0,0000;0,0000;0,0000;-101,9155;60,8740;41,0416;-0,0000;0,0000;15;0
6,3900;43,9066;-200,4781;91,3614;19,1167;-90,0000;133,9066;400,000;200,000;124,786;19,540;0,0000;2,3591;-1,4125;-0,9466;0,0000;0,0000;-0,0000;-101,9198;60,9150;41,0048;-0,0000;-0,0000;15;0
6,3926;43,9066;-200,4724;91,3580;19,1144;-90,0000;133,9066;400,000;200,000;124,831;17,490;0,0000;2,0978;-1,2563;-0,8415;0,0000;0,0000;-0,0000;-101,9236;60,9517;40,9719;-0,0000;-0,0000;15;0
6,3951;43,9066;-200,4673;91,3550;19,1124;-90,0000;133,9066;400,000;200,000;124,870;15,439;-0,0000;1,8366;-1,1001;-0,7365;-0,0000;-0,0000;-0,0000;-101,9270;60,9842;40,9428;-0,0000;-0,0000;15;0
6,3977;43,9066;-200,4630;91,3523;19,1106;-90,0000;133,9066;400,000;200,000;124,904;13,389;-0,0000;1,5753;-0,9437;-0,6316;-0,0000;-0,0000;0,0000;-101,9299;61,0123;40,9176;0,0000;0,0000;15;0
6,4003;43,9066;-200,4593;91,3501;19,1091;-90,0000;133,9066;400,000;200,000;124,934;11,338;0,0000;1,3141;-0,7873;-0,5268;0,0000;0,0000;0,0000;-101,9323;61,0361;40,8962;0,0000;0,0000;15;0
6,4028;43,9066;-200,4562;91,3483;19,1079;-90,0000;133,9066;400,000;200,000;124,957;9,288;0,0000;1,0528;-0,6308;-0,4220;0,0000;0,0000;-0,0000;-101,9344;61,0556;40,8788;-0,0000;-0,0000;15;0
6,4054;43,9066;-200,4539;91,3469;19,1070;-90,0000;133,9066;400,000;200,000;124,976;7,237;0,0000;0,7915;-0,4743;-0,3172;0,0000;0,0000;0,0000;-101,9360;61,0712;40,8648;-0,0000;-0,0000;15;0
6,4079;43,9066;-200,4522;91,3459;19,1063;-90,0000;133,9066;400,000;200,000;124,989;5,186;0,0000;0,5302;-0,3178;-0,2125;0,0000;0,0000;0,0000;-101,9371;61,0817;40,8553;-0,0000;0,0000;15;0
6,4105;43,9066;-200,4511;91,3453;19,1059;-90,0000;133,9066;400,000;200,000;124,997;3,136;0,0000;0,2689;-0,1612;-0,1078;0,0000;0,0000;-5,1366;-84,3217;58,0993;26,2295;-0,0322;-5,1566;15;0
6,4131;43,9066;-200,4508;91,3450;19,1057;-90,0000;133,9066;400,000;200,000;125,000;1,085;-0,0263;0,0980;-0,0199;-0,0780;-0,0002;-0,0264;-21,1109;-29,3357;48,7852;-19,4424;-0,0322;-21,1309;15;0
6,4156;43,9065;-200,4506;91,3452;19,1055;-90,0000;133,9065;400,000;199,998;125,002;0,967;-0,1082;0,1186;0,0889;-0,2074;-0,0002;-0,1083;-37,6752;27,8089;39,1063;-66,9223;0,0322;-37,6553;16;0
6,4182;43,9061;-200,4502;91,3455;19,1047;-90,0000;133,9061;399,998;199,992;125,007;3,016;-0,2195;0,2405;0,1806;-0,4211;0,0000;-0,2195;-43,4278;47,6041;35,7448;-83,3558;0,0322;-43,4079;16;0
6,4208;43,9054;-200,4494;91,3461;19,1033;-90,0000;133,9054;399,996;199,983;125,015;5,066;-0,3308;0,3626;0,2722;-0,6348;0,0000;-0,3308;-43,4560;47,6291;35,7289;-83,3528;0,0016;-43,4550;16;0
6,4233;43,9044;-200,4483;91,3469;19,1014;-90,0000;133,9044;399,992;199,969;125,027;7,117;-0,4422;0,4847;0,3637;-0,8484;0,0000;-0,4422;-43,4627;47,6371;35,7121;-83,3494;-0,0001;-43,4627;16;0
6,4259;43,9031;-200,4469;91,3479;19,0990;-90,0000;133,9031;399,988;199,952;125,042;9,167;-0,5537;0,6068;0,4552;-1,0620;-0,0000;-0,5537;-43,4720;47,6475;35,6888;-83,3466;-0,0032;-43,4740;16;0
6,4285;43,9016;-200,4452;91,3492;19,0960;-90,0000;133,9016;399,983;199,931;125,061;11,218;-0,6651;0,7289;0,5467;-1,2756;-0,0000;-0,6651;-43,4815;47,6631;35,6656;-83,3286;0,0000;-43,4814;16;0
6,4310;43,8997;-200,4432;91,3507;19,0924;-90,0000;133,8997;399,976;199,906;125,083;13,268;-0,7766;0,8511;0,6381;-1,4892;-0,0000;-0,7766;-43,4938;47,6810;35,6368;-83,3105;-0,0007;-43,4891;16;0
6,4336;43,8976;-200,4408;91,3525;19,0883;-90,0000;133,8976;399,969;199,877;125,108;15,319;-0,8881;0,9734;0,7294;-1,7027;-0,0000;-0,8880;-43,5076;47,6993;35,6008;-83,3001;0,0001;-43,5076;16;0
6,4361;43,8952;-200,4382;91,3545;19,0837;-90,0000;133,8952;399,961;199,844;125,137;17,369;-0,9996;1,0957;0,8206;-1,9162;0,0000;-0,9996;-43,5223;47,7205;35,5612;-83,2859;0,0047;-43,5297;16;0
6,4387;43,8924;-200,4352;91,3567;19,0785;-90,0000;133,8924;399,952;199,807;125,169;19,420;-1,1112;1,2180;0,9117;-2,1297;0,0000;-1,1112;-43,5412;47,7457;35,5175;-83,2634;-0,0002;-43,5413;16;0
6,4413;43,8895;-200,4319;91,3592;19,0728;-90,0000;133,8895;399,942;199,766;125,205;21,471;-1,2228;1,3404;1,0026;-2,3431;-0,0000;-1,2228;-43,5656;47,7712;35,4643;-83,2501;-0,0207;-43,5734;16;0
6,4438;43,8862;-200,4284;91,3618;19,0665;-90,0000;133,8862;399,930;199,721;125,244;23,521;-1,3345;1,4629;1,0935;-2,5565;-0,0001;-1,3346;-43,5822;47,8026;35,4158;-83,2181;0,0003;-43,5820;16;0
6,4464;43,8826;-200,4244;91,3648;19,0597;-90,0000;133,8826;399,918;199,673;125,286;25,572;-1,4462;1,5855;1,1842;-2,7697;0,0000;-1,4462;-43,5972;47,8389;35,3675;-83,1727;0,0364;-43,5740;16;0
6,4490;43,8788;-200,4202;91,3679;19,0523;-90,0000;133,8788;399,905;199,621;125,332;27,622;-1,5580;1,7081;1,2748;-2,9828;0,0001;-1,5579;-43,6310;47,8697;35,2952;-83,1650;-0,0001;-43,6311;16;0
6,4515;43,8746;-200,4157;91,3713;19,0444;-90,0000;133,8746;399,891;199,564;125,381;29,673;-1,6699;1,8309;1,3651;-3,1960;0,0000;-1,6699;-43,6623;47,9051;35,2232;-83,1454;-0,0179;-43,6741;16;0
6,4541;43,8702;-200,4108;91,3749;19,0359;-90,0000;133,8702;399,876;199,504;125,434;31,723;-1,7818;1,9537;1,4553;-3,4091;0,0000;-1,7818;-43,6871;47,9471;35,1562;-83,1033;0,0000;-43,6870;16;0
6,4566;43,8655;-200,4057;91,3788;19,0269;-90,0000;133,8655;399,860;199,440;125,490;33,774;-1,8938;2,0767;1,5454;-3,6220;0,0000;-1,8938;-43,7181;47,9897;35,0798;-83,0693;-0,0002;-43,7179;16;0
6,4592;43,8605;-200,4002;91,3828;19,0174;-90,0000;133,8605;399,843;199,372;125,549;35,824;-2,0059;2,1997;1,6352;-3,8349;-0,0000;-2,0059;-43,7509;48,0348;34,9986;-83,0336;-0,0000;-43,7510;16;0
6,4618;43,8552;-200,3944;91,3871;19,0073;-90,0000;133,8552;399,825;199,301;125,612;37,875;-2,1181;2,3229;1,7248;-4,0477;-0,0000;-2,1181;-43,7856;48,0825;34,9129;-82,9953;0,0000;-43,7854;16;0
6,4643;43,8496;-200,3883;91,3917;18,9966;-90,0000;133,8496;399,806;199,225;125,678;39,925;-2,2304;2,4462;1,8141;-4,2604;0,0000;-2,2304;-43,8202;48,1369;34,8286;-82,9360;0,0084;-43,7890;16;0
6,4669;43,8438;-200,3819;91,3964;18,9854;-90,0000;133,8438;399,786;199,145;125,748;41,976;-2,3428;2,5697;1,9033;-4,4728;0,0000;-2,3426;-43,8607;48,1855;34,7273;-82,9131;-0,0001;-43,8610;16;0
6,4695;43,8376;-200,3751;91,4014;18,9737;-90,0000;133,8376;399,765;199,062;125,821;44,026;-2,4552;2,6932;1,9922;-4,6854;-0,0000;-2,4552;-43,9057;48,2329;34,6152;-82,9062;-0,0196;-43,9674;16;0
6,4720;43,8312;-200,3681;91,4067;18,9614;-90,0000;133,8312;399,744;198,974;125,897;46,078;-2,5678;2,8169;2,0808;-4,8978;-0,0001;-2,5680;-43,9434;48,2988;34,5233;-82,8220;0,0001;-43,9433;16;0
6,4746;43,8245;-200,3607;91,4121;18,9486;-90,0000;133,8245;399,721;198,883;125,977;48,128;-2,6805;2,9408;2,1691;-5,1100;0,0000;-2,6805;-43,9844;48,3629;34,4207;-82,7558;0,0140;-43,9546;16;0
6,4772;43,8175;-200,3530;91,4178;18,9352;-90,0000;133,8174;399,697;198,788;126,060;50,178;-2,7933;3,0649;2,2572;-5,3221;0,0000;-2,7933;-44,0338;48,4223;34,3008;-82,7221;0,0001;-44,0359;16;0
6,4797;43,8101;-200,3450;91,4237;18,9213;-90,0000;133,8101;399,672;198,689;126,147;52,229;-2,9062;3,1891;2,3450;-5,5340;0,0000;-2,9063;-44,0825;48,4878;34,1822;-82,6692;-0,0028;-44,0819;16;0
6,4823;43,8026;-200,3366;91,4298;18,9068;-90,0000;133,8026;399,647;198,586;126,237;54,279;-3,0193;3,3134;2,4324;-5,7459;-0,0000;-3,0193;-44,1319;48,5553;34,0590;-82,6164;-0,0003;-44,1277;16;0
6,4848;43,7947;-200,3280;91,4361;18,8918;-90,0000;133,7947;399,620;198,479;126,331;56,330;-3,1325;3,4380;2,5196;-5,9576;-0,0000;-3,1325;-44,1831;48,6261;33,9320;-82,5582;0,0028;-44,1827;16;0
6,4874;43,7865;-200,3190;91,4427;18,8763;-90,0000;133,7865;399,592;198,369;126,427;58,380;-3,2458;3,5627;2,6064;-6,1691;0,0000;-3,2458;-44,2376;48,6993;33,7997;-82,4980;0,0001;-44,2397;16;0
6,4900;43,7780;-200,3097;91,4495;18,8602;-90,0000;133,7780;399,564;198,254;126,528;60,431;-3,3593;3,6876;2,6929;-6,3805;-0,0000;-3,3593;-44,2947;48,7749;33,6621;-82,4366;-0,0056;-44,2956;16;0
6,4925;43,7693;-200,3001;91,4565;18,8436;-90,0000;133,7693;399,534;198,136;126,631;62,481;-3,4729;3,8127;2,7790;-6,5917;-0,0000;-3,4729;-44,3509;48,8551;33,5240;-82,3628;0,0011;-44,3512;16;0
6,4951;43,7602;-200,2902;91,4638;18,8264;-90,0000;133,7602;399,503;198,013;126,738;64,532;-3,5866;3,9381;2,8647;-6,8027;0,0000;-3,5866;-44,4101;48,9331;33,3750;-82,3083;0,0028;-44,4097;16;0
6,4977;43,7509;-200,2799;91,4712;18,8087;-90,0000;133,7509;399,472;197,887;126,849;66,582;-3,7005;4,0636;2,9500;-7,0136;-0,0000;-3,7005;-44,4729;49,0115;33,2178;-82,2619;-0,0023;-44,4721;16;0
6,5002;43,7413;-200,2693;91,4789;18,7905;-90,0000;133,7413;399,439;197,757;126,963;68,633;-3,8146;4,1893;3,0350;-7,2244;-0,0000;-3,8146;-44,5359;49,1017;33,0683;-82,1700;0,0000;-44,5359;16;0
6,5028;43,7313;-200,2584;91,4868;18,7717;-90,0000;133,7313;399,406;197,623;127,080;70,684;-3,9288;4,3153;3,1196;-7,4349;-0,0000;-3,9288;-44,6011;49,1920;32,9112;-82,0868;0,0013;-44,6018;16;0
6,5053;43,7211;-200,2472;91,4949;18,7523;-90,0000;133,7211;399,371;197,485;127,200;72,734;-4,0432;4,4415;3,2037;-7,6452;0,0000;-4,0432;-44,6689;49,2800;32,7433;-82,0232;-0,0000;-44,6683;16;0
6,5079;43,7106;-200,2357;91,5032;18,7325;-90,0000;133,7106;399,336;197,343;127,325;74,785;-4,1578;4,5679;3,2874;-7,8554;-0,0000;-4,1578;-44,7383;49,3729;32,5737;-81,9466;-0,0001;-44,7382;16;0
6,5105;43,6998;-200,2238;91,5117;18,7121;-90,0000;133,6998;399,299;197,198;127,452;76,835;-4,2726;4,6946;3,3707;-8,0653;-0,0000;-4,2726;-44,8097;49,4681;32,3995;-81,8678;0,0001;-44,8109;16;0
6,5130;43,6887;-200,2116;91,5205;18,6911;-90,0000;133,6887;399,262;197,048;127,583;78,886;-4,3875;4,8215;3,4535;-8,2750;0,0000;-4,3875;-44,8833;49,5659;32,2206;-81,7864;-0,0007;-44,8825;16;0
6,5156;43,6773;-200,1991;91,5294;18,6697;-90,0000;133,6773;399,224;196,895;127,717;80,936;-4,5027;4,9487;3,5359;-8,4846;-0,0000;-4,5027;-44,9585;49,6661;32,0372;-81,7031;-0,0000;-44,9579;16;0
6,5182;43,6656;-200,1862;91,5386;18,6476;-90,0000;133,6656;399,184;196,737;127,855;82,987;-4,6180;5,0761;3,6177;-8,6939;-0,0000;-4,6180;-45,0355;49,7685;31,8490;-81,6179;0,0013;-45,0370;16;0
6,5207;43,6536;-200,1731;91,5480;18,6251;-90,0000;133,6536;399,144;196,576;127,996;85,037;-4,7335;5,2038;3,6991;-8,9030;0,0000;-4,7335;-45,1157;49,8728;31,6548;-81,5336;-0,0021;-45,1157;16;0
6,5233;43,6414;-200,1596;91,5576;18,6020;-90,0000;133,6414;399,103;196,411;128,140;87,088;-4,8493;5,3318;3,7800;-9,1118;-0,0000;-4,8493;-45,1967;49,9810;31,4586;-81,4394;-0,0007;-45,1960;16;0
6,5259;43,6288;-200,1457;91,5673;18,5784;-90,0000;133,6288;399,061;196,242;128,288;89,139;-4,9652;5,4600;3,8604;-9,3205;0,0000;-4,9652;-45,2789;50,0924;31,2590;-81,3393;0,0042;-45,2786;16;0
6,5284;43,6159;-200,1316;91,5773;18,5542;-90,0000;133,6159;399,017;196,069;128,439;91,189;-5,0814;5,5886;3,9403;-9,5288;0,0000;-5,0814;-45,3653;50,2029;31,0495;-81,2524;-0,0000;-45,3653;16;0
6,5310;43,6027;-200,1171;91,5875;18,5295;-90,0000;133,6027;398,973;195,893;128,594;93,240;-5,1978;5,7174;4,0196;-9,7370;-0,0000;-5,1978;-45,4532;50,3166;30,8367;-81,1594;-0,0020;-45,4538;16;0
6,5335;43,5893;-200,1023;91,5979;18,5043;-90,0000;133,5893;398,928;195,712;128,752;95,290;-5,3144;5,8465;4,0983;-9,9449;0,0000;-5,3144;-45,5421;50,4343;30,6218;-81,0561;0,0001;-45,5407;16;0
6,5361;43,5755;-200,0871;91,6086;18,4785;-90,0000;133,5755;398,882;195,527;128,914;97,341;-5,4313;5,9760;4,1766;-10,1525;0,0000;-5,4313;-45,6336;50,5536;30,4009;-80,9544;-0,0001;-45,6333;16;0
6,5387;43,5614;-200,0716;91,6194;18,4523;-90,0000;133,5614;398,835;195,339;129,078;99,391;-5,5483;6,1057;4,2542;-10,3599;-0,0000;-5,5483;-45,7271;50,6752;30,1753;-80,8504;-0,0002;-45,7299;16;0
6,5412;43,5470;-200,0558;91,6304;18,4254;-90,0000;133,5470;398,787;195,147;129,247;101,442;-5,6657;6,2357;4,3312;-10,5670;-0,0000;-5,6657;-45,8220;50,7998;29,9464;-80,7404;0,0027;-45,8207;16;0
6,5438;43,5324;-200,0397;91,6416;18,3981;-90,0000;133,5324;398,738;194,950;129,418;103,492;-5,7832;6,3661;4,4077;-10,7738;0,0000;-5,7832;-45,9202;50,9252;29,7101;-80,6355;0,0001;-45,9188;16;0
6,5464;43,5174;-200,0232;91,6530;18,3702;-90,0000;133,5174;398,688;194,750;129,593;105,543;-5,9011;6,4968;4,4835;-10,9803;-0,0000;-5,9011;-46,0214;51,0522;29,4679;-80,5315;-0,0063;-46,0234;16;0
6,5489;43,5021;-200,0063;91,6645;18,3418;-90,0000;133,5021;398,637;194,546;129,772;107,593;-6,0192;6,6278;4,5588;-11,1866;-0,0000;-6,0192;-46,1217;51,1846;29,2262;-80,4108;0,0000;-46,1217;16;0
6,5515;43,4865;-199,9892;91,6763;18,3129;-90,0000;133,4865;398,585;194,339;129,954;109,644;-6,1375;6,7592;4,6334;-11,3926;-0,0000;-6,1375;-46,2245;51,3183;28,9786;-80,2919;0,0044;-46,2245;16;0
6,5540;43,4707;-199,9717;91,6883;18,2834;-90,0000;133,4707;398,532;194,127;130,139;111,694;-6,2561;6,8909;4,7073;-11,5982;0,0000;-6,2561;-46,3352;51,4486;28,7164;-80,1971;-0,0159;-46,3453;16;0
6,5566;43,4545;-199,9539;91,7005;18,2534;-90,0000;133,4545;398,478;193,911;130,328;113,745;-6,3750;7,0229;4,7806;-11,8037;-0,0001;-6,3751;-46,4396;51,5908;28,4652;-80,0555;-0,0009;-46,4389;16;0
6,5592;43,4380;-199,9357;91,7128;18,2229;-90,0000;133,4380;398,423;193,692;130,520;115,796;-6,4942;7,1554;4,8532;-12,0086;-0,0000;-6,4942;-46,5421;51,7394;28,2166;-79,8918;0,0317;-46,5217;16;0
6,5617;43,4212;-199,9172;91,7253;18,1918;-90,0000;133,4212;398,367;193,468;130,715;117,846;-6,6136;7,2882;4,9252;-12,2132;0,0001;-6,6136;-46,6618;51,8726;27,9345;-79,8072;0,0001;-46,6619;16;0
6,5643;43,4041;-199,8983;91,7381;18,1603;-90,0000;133,4041;398,310;193,241;130,914;119,897;-6,7334;7,4213;4,9964;-12,4177;0,0000;-6,7334;-46,7799;52,0127;27,6550;-79,6988;-0,0158;-46,7880;16;0
6,5669;43,3867;-199,8791;91,7510;18,1282;-90,0000;133,3867;398,252;193,010;131,116;121,947;-6,8534;7,5548;5,0670;-12,6218;0,0000;-6,8534;-46,8927;52,1635;27,3848;-79,5483;-0,0000;-46,8926;16;0
6,5694;43,3689;-199,8596;91,7640;18,0956;-90,0000;133,3689;398,194;192,775;131,322;123,998;-6,9738;7,6887;5,1368;-12,8255;-0,0000;-6,9738;-47,0113;52,3119;27,1026;-79,4165;-0,0003;-47,0154;16;0
6,5720;43,3509;-199,8397;91,7773;18,0624;-90,0000;133,3509;398,134;192,536;131,531;126,048;-7,0944;7,8230;5,2059;-13,0289;-0,0000;-7,0945;-47,1320;52,4631;26,8165;-79,2796;0,0000;-47,1320;16;0
6,5746;43,3326;-199,8195;91,7907;18,0288;-90,0000;133,3326;398,073;192,293;131,744;128,099;-7,2154;7,9576;5,2743;-13,2319;-0,0000;-7,2154;-47,2549;52,6163;26,5254;-79,1408;0,0005;-47,2529;16;0
6,5771;43,3139;-199,7989;91,8043;17,9946;-90,0000;133,3139;398,012;192,046;131,960;130,149;-7,3367;8,0927;5,3419;-13,4346;0,0000;-7,3367;-47,3801;52,7694;26,2270;-79,0093;0,0001;-47,3783;16;0
6,5797;43,2950;-199,7780;91,8181;17,9599;-90,0000;133,2950;397,949;191,796;132,179;132,200;-7,4583;8,2281;5,4088;-13,6370;0,0000;-7,4583;-47,5074;52,9287;25,9286;-78,8572;-0,0002;-47,5074;16;0
6,5822;43,2757;-199,7568;91,8321;17,9247;-90,0000;133,2757;397,885;191,541;132,402;134,251;-7,5802;8,3640;5,4748;-13,8389;-0,0000;-7,5802;-47,6360;53,0920;25,6280;-78,6941;0,0034;-47,6397;16;0
6,5848;43,2561;-199,7351;91,8462;17,8890;-90,0000;133,2561;397,821;191,283;132,628;136,301;-7,7025;8,5003;5,5401;-14,0404;0,0000;-7,7025;-47,7685;53,2497;25,3131;-78,5628;-0,0000;-47,7685;16;0
6,5874;43,2362;-199,7132;91,8605;17,8527;-90,0000;133,2362;397,755;191,020;132,857;138,352;-7,8251;8,6370;5,6046;-14,2416;-0,0000;-7,8251;-47,9041;53,4117;24,9955;-78,4191;-0,0073;-47,9020;16;0
6,5899;43,2160;-199,6909;91,8749;17,8160;-90,0000;133,2160;397,689;190,754;133,090;140,402;-7,9481;8,7741;5,6683;-14,4424;-0,0000;-7,9481;-48,0385;53,5790;24,6787;-78,2577;0,0000;-48,0385;16;0
6,5925;43,1955;-199,6682;91,8895;17,7787;-90,0000;133,1955;397,621;190,484;133,326;142,453;-8,0714;8,9117;5,7311;-14,6428;-0,0000;-8,0714;-48,1760;53,7463;24,3545;-78,1029;0,0036;-48,1762;16;0
6,5951;43,1746;-199,6452;91,9043;17,7409;-90,0000;133,1746;397,553;190,210;133,566;144,503;-8,1950;9,0496;5,7931;-14,8428;-0,0000;-8,1950;-48,3174;53,9165;24,0255;-77,9420;0,0000;-48,3174;16;0
6,5976;43,1534;-199,6218;91,9192;17,7026;-90,0000;133,1534;397,483;189,932;133,809;146,554;-8,3191;9,1881;5,8543;-15,0423;-0,0000;-8,3191;-48,4601;54,0885;23,6920;-77,7794;0,0003;-48,4601;16;0
6,6002;43,1320;-199,5981;91,9343;17,6638;-90,0000;133,1320;397,413;189,651;134,056;148,604;-8,4435;9,3269;5,9146;-15,2415;0,0000;-8,4435;-48,6049;54,2588;23,3497;-77,6303;0,0014;-48,6002;16;0
6,6027;43,1102;-199,5740;91,9495;17,6245;-90,0000;133,1102;397,341;189,365;134,306;150,655;-8,5682;9,4662;5,9740;-15,4403;0,0000;-8,5682;-48,7526;54,4380;23,0101;-77,4480;-0,0001;-48,7526;16;0
6,6053;43,0880;-199,5495;91,9649;17,5846;-90,0000;133,0880;397,269;189,076;134,559;152,706;-8,6934;9,6060;6,0325;-15,6385;0,0000;-8,6934;-48,8974;54,6221;22,6720;-77,2490;0,0203;-48,9117;16;0
6,6079;43,0656;-199,5247;91,9805;17,5443;-90,0000;133,0656;397,196;188,782;134,816;154,755;-8,8189;9,7462;6,0902;-15,8363;0,0001;-8,8189;-49,0542;54,7954;22,3096;-77,1050;-0,0000;-49,0542;16;0
6,6104;43,0428;-199,4996;91,9961;17,5035;-90,0000;133,0428;397,121;188,485;135,076;156,807;-8,9449;9,8869;6,1469;-16,0338;-0,0000;-8,9449;-49,2195;54,9788;21,9483;-76,9227;-0,0467;-49,1990;16;0
6,6130;43,0197;-199,4741;92,0120;17,4621;-90,0000;133,0197;397,046;188,184;135,339;158,857;-9,0712;10,0281;6,2027;-16,2306;-0,0001;-9,0712;-49,3649;55,1606;21,5900;-76,7506;-0,0000;-49,3650;16;0
6,6156;42,9963;-199,4482;92,0279;17,4202;-90,0000;132,9963;396,970;187,879;135,606;160,907;-9,1979;10,1697;6,2576;-16,4272;-0,0000;-9,1979;-49,5259;55,3371;21,2122;-76,6082;-0,0086;-49,5526;16;0
6,6181;42,9726;-199,4219;92,0440;17,3779;-90,0000;132,9726;396,892;187,570;135,876;162,959;-9,3251;10,3117;6,3115;-16,6234;-0,0002;-9,3252;-49,6850;55,5334;20,8515;-76,3847;0,0000;-49,6850;16;0
6,6207;42,9485;-199,3953;92,0603;17,3350;-90,0000;132,9485;396,814;187,257;136,150;165,008;-9,4526;10,4544;6,3645;-16,8188;0,0000;-9,4526;-49,8322;55,7261;20,4875;-76,1802;0,0689;-49,8063;16;0
6,6233;42,9241;-199,3683;92,0767;17,2917;-90,0000;132,9241;396,735;186,940;136,427;167,059;-9,5806;10,5974;6,4165;-17,0139;0,0002;-9,5805;-50,0146;55,9133;20,0939;-76,0075;-0,0001;-50,0146;16;0
6,6258;42,8994;-199,3410;92,0932;17,2478;-90,0000;132,8994;396,655;186,620;136,708;169,110;-9,7090;10,7410;6,4675;-17,2085;-0,0000;-9,7090;-50,1913;56,1067;19,7041;-75,8129;-0,0353;-50,2013;16;0
6,6284;42,8744;-199,3133;92,1098;17,2035;-90,0000;132,8744;396,574;186,295;136,992;171,160;-9,8379;10,8850;6,5175;-17,4025;-0,0000;-9,8379;-50,3536;56,3009;19,3172;-75,6180;0,0001;-50,3536;16;0
6,6309;42,8490;-199,2852;92,1266;17,1586;-90,0000;132,8490;396,492;185,967;137,279;173,211;-9,9671;11,0296;6,5665;-17,5961;0,0000;-9,9671;-50,5264;56,4980;18,9228;-75,4155;0,0015;-50,5200;16;0
6,6335;42,8233;-199,2567;92,1435;17,1132;-90,0000;132,8233;396,409;185,635;137,570;175,261;-10,0969;11,1747;6,6145;-17,7891;0,0000;-10,0968;-50,7023;56,6954;18,5215;-75,2168;-0,0001;-50,7023;16;0
6,6361;42,7972;-199,2279;92,1605;17,0674;-90,0000;132,7972;396,325;185,299;137,864;177,312;-10,2271;11,3202;6,6614;-17,9817;-0,0000;-10,2271;-50,8841;56,8945;18,1137;-75,0152;-0,0160;-50,8945;16;0
6,6386;42,7708;-199,1987;92,1776;17,0211;-90,0000;132,7708;396,240;184,959;138,161;179,362;-10,3577;11,4663;6,7074;-18,1737;-0,0001;-10,3577;-51,0607;57,0968;17,7066;-74,8034;0,0000;-51,0607;16;0
6,6412;42,7441;-199,1691;92,1949;16,9742;-90,0000;132,7441;396,154;184,615;138,462;181,413;-10,4888;11,6129;6,7522;-18,3652;0,0000;-10,4888;-51,2363;57,3006;17,2964;-74,5888;0,0303;-51,2500;16;0
6,6438;42,7171;-199,1392;92,2122;16,9269;-90,0000;132,7171;396,067;184,267;138,767;183,464;-10,6204;11,7601;6,7960;-18,5561;0,0001;-10,6205;-51,4289;57,5049;16,8727;-74,3776;0,0000;-51,4289;16;0
6,6463;42,6897;-199,1088;92,2297;16,8791;-90,0000;132,6897;395,979;183,915;139,074;185,514;-10,7525;11,9077;6,8387;-18,7464;0,0000;-10,7525;-51,6212;57,7092;16,4438;-74,1698;-0,0187;-51,5882;16;0
6,6489;42,6619;-199,0781;92,2473;16,8308;-90,0000;132,6619;395,890;183,560;139,385;187,565;-10,8850;12,0559;6,8803;-18,9363;-0,0000;-10,8849;-51,8071;57,9196;16,0195;-73,9391;-0,0001;-51,8071;16;0
6,6514;42,6339;-199,0470;92,2650;16,7820;-90,0000;132,6339;395,800;183,200;139,700;189,615;-11,0180;12,2046;6,9208;-19,1255;-0,0000;-11,0180;-51,9984;58,1317;15,5890;-73,7047;0,0064;-52,0047;16;0
6,6540;42,6055;-199,0156;92,2828;16,7328;-90,0000;132,6055;395,709;182,837;140,018;191,666;-11,1516;12,3539;6,9602;-19,3141;0,0000;-11,1515;-52,1953;58,3407;15,1471;-73,4878;0,0000;-52,1953;16;0
6,6566;42,5767;-198,9837;92,3007;16,6830;-90,0000;132,5767;395,617;182,470;140,339;193,716;-11,2856;12,5037;6,9985;-19,5022;-0,0000;-11,2856;-52,4020;58,5553;14,7012;-73,2501;-0,0361;-52,4117;16;0
6,6591;42,5476;-198,9515;92,3187;16,6328;-90,0000;132,5476;395,525;182,098;140,664;195,767;-11,4202;12,6541;7,0356;-19,6896;-0,0002;-11,4202;-52,5938;58,7680;14,2554;-73,0234;0,0001;-52,5939;16;0
6,6617;42,5182;-198,9188;92,3367;16,5821;-90,0000;132,5182;395,431;181,723;140,992;197,817;-11,5552;12,8050;7,0716;-19,8766;0,0000;-11,5552;-52,7820;58,9777;13,8036;-72,8114;0,0616;-52,7898;16;0
6,6643;42,4884;-198,8858;92,3549;16,5309;-90,0000;132,4884;395,336;181,344;141,324;199,868;-11,6908;12,9564;7,1064;-20,0629;0,0001;-11,6908;-53,0025;59,2010;13,3447;-72,5458;-0,0001;-53,0022;16;0
6,6668;42,4582;-198,8524;92,3732;16,4792;-90,0000;132,4582;395,240;180,962;141,659;201,918;-11,8269;13,1085;7,1400;-20,2484;-0,0000;-11,8269;-53,2177;59,4234;12,8820;-72,2875;-0,0290;-53,2093;16;0
6,6694;42,4277;-198,8186;92,3915;16,4271;-90,0000;132,4277;395,144;180,575;141,997;203,969;-11,9636;13,2611;7,1724;-20,4335;-0,0000;-11,9636;-53,4216;59,6403;12,4143;-72,0546;0,0000;-53,4218;16;0
6,6720;42,3969;-198,7844;92,4099;16,3745;-90,0000;132,3969;395,046;180,184;142,339;206,019;-12,1008;13,4142;7,2036;-20,6178;0,0000;-12,1008;-53,6356;59,8635;11,9435;-71,7968;-0,0018;-53,6254;16;0
6,6745;42,3657;-198,7499;92,4284;16,3214;-90,0000;132,3657;394,948;179,790;142,684;208,070;-12,2385;13,5679;7,2336;-20,8015;-0,0000;-12,2385;-53,8513;60,0848;11,4648;-71,5496;-0,0000;-53,8513;16;0
6,6771;42,3342;-198,7149;92,4470;16,2679;-90,0000;132,3342;394,848;179,392;143,032;210,120;-12,3769;13,7222;7,2624;-20,9846;-0,0000;-12,3769;-54,0693;60,3058;10,9798;-71,3059;0,0036;-54,0896;16;0
6,6796;42,3023;-198,6795;92,4657;16,2138;-90,0000;132,3023;394,747;178,989;143,384;212,171;-12,5157;13,8771;7,2899;-21,1671;0,0000;-12,5158;-54,2916;60,5347;10,4959;-71,0306;0,0001;-54,2916;16;0
6,6822;42,2700;-198,6437;92,4844;16,1594;-90,0000;132,2700;394,646;178,583;143,740;214,222;-12,6552;14,0326;7,3162;-21,3487;0,0000;-12,6552;-54,5157;60,7653;10,0078;-70,7504;0,0007;-54,4908;16;0
6,6848;42,2374;-198,6076;92,5032;16,1044;-90,0000;132,2374;394,543;178,173;144,098;216,272;-12,7952;14,1886;7,3412;-21,5297;0,0000;-12,7951;-54,7428;60,9898;9,5074;-70,4973;-0,0001;-54,7428;16;0
6,6873;42,2044;-198,5710;92,5220;16,0490;-90,0000;132,2044;394,440;177,760;144,460;218,322;-12,9358;14,3452;7,3649;-21,7101;-0,0000;-12,9358;-54,9736;61,2153;9,0015;-70,2418;-0,0049;-55,0030;16;0
6,6899;42,1711;-198,5340;92,5409;15,9931;-90,0000;132,1711;394,335;177,342;144,826;220,373;-13,0770;14,5024;7,3874;-21,8898;-0,0000;-13,0771;-55,2048;61,4498;8,4996;-69,9495;0,0001;-55,2048;16;0
6,6925;42,1374;-198,4967;92,5599;15,9368;-90,0000;132,1374;394,230;176,920;145,195;222,424;-13,2188;14,6602;7,4085;-22,0687;0,0000;-13,2188;-55,4394;61,6835;7,9906;-69,6617;0,0025;-55,4248;16;0
6,6950;42,1033;-198,4589;92,5789;15,8800;-90,0000;132,1033;394,124;176,495;145,567;224,474;-13,3612;14,8186;7,4283;-22,2469;-0,0000;-13,3612;-55,6780;61,9145;7,4723;-69,3866;0,0001;-55,6780;16;0
6,6976;42,0689;-198,4207;92,5980;15,8227;-90,0000;132,0689;394,016;176,065;145,943;226,525;-13,5042;14,9776;7,4468;-22,4244;0,0000;-13,5042;-55,9187;62,1485;6,9513;-69,0997;-0,0000;-55,9187;16;0
6,7001;42,0341;-198,3821;92,6171;15,7650;-90,0000;132,0341;393,908;175,632;146,322;228,575;-13,6479;15,1372;7,4640;-22,6012;-0,0000;-13,6479;-56,1624;62,3836;6,4254;-68,8088;-0,0002;-56,1624;16;0
6,7027;41,9989;-198,3431;92,6362;15,7069;-90,0000;131,9989;393,799;175,195;146,705;230,626;-13,7921;15,2974;7,4797;-22,7772;-0,0000;-13,7921;-56,4087;62,6197;5,8946;-68,5143;-0,0000;-56,4087;16;0
6,7053;41,9634;-198,3037;92,6554;15,6483;-90,0000;131,9634;393,688;174,754;147,091;232,676;-13,9370;15,4582;7,4942;-22,9524;-0,0000;-13,9370;-56,6581;62,8569;5,3588;-68,2160;-0,0002;-56,6581;16;0
6,7078;41,9275;-198,2639;92,6747;15,5892;-90,0000;131,9275;393,577;174,309;147,480;234,727;-14,0826;15,6196;7,5072;-23,1269;-0,0000;-14,0826;-56,9101;63,0951;4,8182;-67,9133;0,0000;-56,9101;16;0
6,7104;41,8912;-198,2236;92,6939;15,5297;-90,0000;131,8912;393,465;173,860;147,873;236,778;-14,2288;15,7817;7,5189;-23,3005;-0,0000;-14,2288;-57,1650;63,3341;4,2727;-67,6073;0,0006;-57,1650;16;0
6,7130;41,8545;-198,1830;92,7132;15,4697;-90,0000;131,8545;393,352;173,407;148,269;238,828;-14,3756;15,9443;7,5291;-23,4734;0,0000;-14,3756;-57,4231;63,5742;3,7223;-67,2965;0,0000;-57,4231;16;0
6,7155;41,8175;-198,1419;92,7325;15,4094;-90,0000;131,8175;393,238;172,950;148,669;240,879;-14,5232;16,1076;7,5380;-23,6455;-0,0000;-14,5232;-57,6837;63,8153;3,1671;-66,9815;0,0009;-57,6836;16;0
6,7181;41,7801;-198,1004;92,7518;15,3485;-90,0000;131,7801;393,122;172,490;149,071;242,929;-14,6713;16,2715;7,5454;-23,8168;0,0000;-14,6713;-57,9477;64,0570;2,6066;-66,6636;-0,0000;-57,9477;16;0
6,7207;41,7423;-198,0585;92,7712;15,2873;-90,0000;131,7423;393,006;172,025;149,478;244,980;-14,8202;16,4360;7,5513;-23,9873;-0,0000;-14,8202;-58,2149;64,3001;2,0416;-66,3387;-0,0018;-58,2152;16;0
6,7232;41,7041;-198,0161;92,7906;15,2256;-90,0000;131,7041;392,889;171,557;149,888;247,030;-14,9698;16,6011;7,5558;-24,1569;-0,0000;-14,9698;-58,4842;64,5430;1,4711;-66,0142;-0,0000;-58,4842;16;0
6,7258;41,6655;-197,9734;92,8099;15,1634;-90,0000;131,6655;392,771;171,085;150,301;249,081;-15,1200;16,7668;7,5589;-24,3257;-0,0000;-15,1200;-58,7590;64,7865;0,8943;-65,6863;-0,0082;-58,7566;16;0
6,7283;41,6266;-197,9302;92,8293;15,1009;-90,0000;131,6266;392,652;170,609;150,717;251,131;-15,2710;16,9332;7,5604;-24,4936;-0,0000;-15,2710;-59,0327;65,0321;0,3159;-65,3480;0,0000;-59,0327;16;0
6,7309;41,5873;-197,8866;92,8487;15,0379;-90,0000;131,5873;392,532;170,129;151,137;253,182;-15,4226;17,1002;7,5605;-24,6607;-0,0000;-15,4226;-59,3072;65,2778;-0,2670;-65,0081;0,0174;-59,3259;16;0
6,7335;41,5475;-197,8425;92,8681;14,9744;-90,0000;131,5475;392,411;169,645;151,561;255,233;-15,5750;17,2678;7,5590;-24,8269;0,0000;-15,5751;-59,5934;65,5239;-0,8592;-64,6648;0,0000;-59,5934;16;0
6,7360;41,5074;-197,7980;92,8874;14,9106;-90,0000;131,5074;392,289;169,157;151,987;257,283;-15,7281;17,4361;7,5561;-24,9922;0,0000;-15,7281;-59,8715;65,7692;-1,4524;-64,3232;0,0277;-59,8401;16;0
6,7386;41,4669;-197,7531;92,9068;14,8463;-90,0000;131,4669;392,166;168,666;152,418;259,334;-15,8819;17,6050;7,5516;-25,1566;0,0002;-15,8819;-60,1663;66,0185;-2,0542;-63,9639;0,0000;-60,1664;16;0
6,7412;41,4260;-197,7078;92,9261;14,7816;-90,0000;131,4260;392,043;168,170;152,851;261,385;-16,0366;17,7745;7,5455;-25,3201;0,0000;-16,0366;-60,4753;66,2693;-2,6649;-63,5951;-0,0728;-60,4906;16;0
6,7437;41,3847;-197,6620;92,9455;14,7165;-90,0000;131,3847;391,918;167,671;153,288;263,434;-16,1920;17,9447;7,5379;-25,4826;-0,0002;-16,1920;-60,7520;66,5144;-3,2690;-63,2460;-0,0012;-60,7518;16;0
6,7463;41,3430;-197,6158;92,9648;14,6510;-90,0000;131,3430;391,792;167,167;153,729;265,485;-16,3480;18,1155;7,5288;-25,6443;-0,0000;-16,3480;-61,0402;66,7625;-3,8809;-62,8852;0,0365;-61,0398;16;0
6,7488;41,3009;-197,5691;92,9841;14,5851;-90,0000;131,3009;391,665;166,660;154,172;267,536;-16,5049;18,2870;7,5180;-25,8050;-0,0000;-16,5049;-61,3493;67,0128;-4,5044;-62,5116;0,0020;-61,3496;16;0
6,7514;41,2584;-197,5220;93,0033;14,5187;-90,0000;131,2584;391,537;166,149;154,619;269,586;-16,6625;18,4590;7,5057;-25,9648;0,0000;-16,6625;-61,6535;67,2631;-5,1289;-62,1341;0,0000;-61,6535;16;0
6,7540;41,2155;-197,4745;93,0225;14,4520;-90,0000;131,2155;391,409;165,634;155,070;271,637;-16,8209;18,6318;7,4917;-26,1235;-0,0000;-16,8209;-61,9579;67,5140;-5,7571;-61,7515;0,0106;-61,9552;16;0
6,7565;41,1721;-197,4265;93,0417;14,3848;-90,0000;131,1721;391,279;165,115;155,524;273,687;-16,9801;18,8051;7,4762;-26,2813;0,0001;-16,9801;-62,2708;67,7638;-6,3939;-61,3698;0,0000;-62,2708;16;0
6,7591;41,1284;-197,3781;93,0609;14,3172;-90,0000;131,1284;391,148;164,593;155,981;275,738;-17,1402;18,9792;7,4590;-26,4381;-0,0000;-17,1402;-62,5898;68,0148;-7,0364;-60,9794;-0,0225;-62,5944;16;0
6,7617;41,0843;-197,3292;93,0800;14,2493;-90,0000;131,0843;391,017;164,066;156,442;277,788;-17,3010;19,1538;7,4401;-26,5939;-0,0001;-17,3010;-62,9011;68,2656;-7,6791;-60,5866;-0,0003;-62,9011;16;0
6,7642;41,0397;-197,2799;93,0990;14,1809;-90,0000;131,0397;390,884;163,536;156,906;279,839;-17,4626;19,3291;7,4196;-26,7487;-0,0000;-17,4626;-63,2184;68,5165;-8,3283;-60,1894;0,0111;-63,2162;16;0
6,7668;40,9948;-197,2301;93,1180;14,1121;-90,0000;130,9948;390,750;163,001;157,374;281,890;-17,6251;19,5051;7,3974;-26,9025;-0,0000;-17,6251;-63,5444;68,7681;-8,9845;-59,7849;0,0004;-63,5445;16;0
6,7694;40,9494;-197,1799;93,1369;14,0430;-90,0000;130,9494;390,616;162,463;157,845;283,940;-17,7884;19,6816;7,3735;-27,0552;0,0000;-17,7884;-63,8713;69,0198;-9,6446;-59,3753;0,0000;-63,8713;16;0
6,7719;40,9036;-197,1293;93,1558;13,9734;-90,0000;130,9036;390,480;161,921;158,319;285,991;-17,9525;19,8589;7,3480;-27,2068;-0,0000;-17,9525;-64,1996;69,2717;-10,3089;-58,9609;0,0073;-64,1991;16;0
6,7745;40,8573;-197,0781;93,1746;13,9035;-90,0000;130,8573;390,344;161,375;158,797;288,041;-18,1175;20,0368;7,3207;-27,3574;0,0000;-18,1175;-64,5348;69,5231;-10,9802;-58,5429;-0,0000;-64,5348;16;0
6,7770;40,8107;-197,0265;93,1933;13,8332;-90,0000;130,8107;390,206;160,825;159,278;290,092;-18,2833;20,2153;7,2917;-27,5070;-0,0000;-18,2833;-64,8754;69,7751;-11,6571;-58,1179;-0,0147;-64,8762;16;0
6,7796;40,7636;-196,9745;93,2120;13,7625;-90,0000;130,7636;390,068;160,271;159,763;292,142;-18,4500;20,3944;7,2609;-27,6554;-0,0000;-18,4501;-65,2120;70,0264;-12,3362;-57,6903;-0,0002;-65,2120;16;0
6,7822;40,7161;-196,9220;93,2306;13,6914;-90,0000;130,7161;389,928;159,713;160,251;294,193;-18,6176;20,5743;7,2284;-27,8027;-0,0000;-18,6176;-65,5539;70,2777;-13,0212;-57,2572;0,0073;-65,5535;16;0
6,7847;40,6682;-196,8690;93,2490;13,6200;-90,0000;130,6682;389,788;159,152;160,742;296,243;-18,7861;20,7547;7,1942;-27,9489;-0,0000;-18,7861;-63,0714;67,4029;-14,7669;-52,6372;0,0003;-63,0715;16;0
6,7873;40,6198;-196,8156;93,2674;13,5482;-90,0000;130,6198;389,647;158,586;161,237;298,294;-18,9410;20,9198;7,1527;-28,0725;0,0000;-18,9410;-48,5605;51,2509;-20,9013;-30,3496;0,0000;-48,5605;16;0
6,7899;40,5711;-196,7618;93,2857;13,4761;-90,0000;130,5711;389,504;158,018;161,735;299,887;-19,0350;21,0174;7,0870;-28,1045;-0,0000;-19,0350;-26,9041;27,2269;-29,4056;2,1805;0,0084;-26,9038;16;0
6,7924;40,5222;-196,7079;93,3038;13,4041;-90,0000;130,5222;389,362;157,449;162,232;300,000;-19,0789;21,0594;7,0020;-28,0614;0,0000;-19,0789;-16,4237;15,5559;-33,4466;17,8907;-0,0000;-16,4237;16;0
6,7950;40,4733;-196,6538;93,3216;13,3322;-90,0000;130,4733;389,220;156,880;162,730;300,000;-19,1192;21,0972;6,9156;-28,0128;-0,0000;-19,1192;-15,7620;14,7309;-33,7212;18,9901;-0,0169;-15,7625;16;0
6,7975;40,4242;-196,5997;93,3392;13,2605;-90,0000;130,4242;389,078;156,311;163,227;300,000;-19,1597;21,1349;6,8291;-27,9640;-0,0000;-19,1597;-15,7901;14,6764;-33,7287;19,0522;-0,0003;-15,7900;16;0
6,8001;40,3751;-196,5455;93,3566;13,1889;-90,0000;130,3751;388,936;155,743;163,725;300,000;-19,2002;21,1724;6,7427;-27,9151;-0,0000;-19,2002;-15,8201;14,6219;-33,7371;19,1147;0,0084;-15,8199;16;0
6,8027;40,3258;-196,4912;93,3738;13,1174;-90,0000;130,3258;388,794;155,174;164,223;300,000;-19,2408;21,2098;6,6562;-27,8660;-0,0000;-19,2408;-15,8543;14,5673;-33,7473;19,1780;0,0005;-15,8544;16;0
6,8052;40,2764;-196,4367;93,3907;13,0460;-90,0000;130,2764;388,651;154,605;164,720;300,000;-19,2815;21,2471;6,5697;-27,8168;0,0000;-19,2815;-15,8867;14,5132;-33,7562;19,2431;0,0000;-15,8867;16;0
6,8078;40,2269;-196,3822;93,4075;12,9748;-90,0000;130,2269;388,509;154,037;165,218;300,000;-19,3222;21,2842;6,4831;-27,7674;-0,0000;-19,3222;-15,9151;14,4590;-33,7634;19,3084;0,0151;-15,9152;16;0
6,8104;40,1774;-196,3276;93,4240;12,9037;-90,0000;130,1774;388,367;153,468;165,716;300,000;-19,3630;21,3212;6,3966;-27,7178;0,0001;-19,3630;-15,9511;14,4039;-33,7747;19,3709;-0,0000;-15,9511;16;0
6,8129;40,1277;-196,2729;93,4403;12,8327;-90,0000;130,1277;388,225;152,899;166,213;300,000;-19,4040;21,3581;6,3100;-27,6681;-0,0000;-19,4040;-15,9911;14,3493;-33,7873;19,4360;-0,0308;-15,9910;16;0
6,8155;40,0779;-196,2181;93,4563;12,7618;-90,0000;130,0779;388,083;152,330;166,711;300,000;-19,4450;21,3948;6,2234;-27,6182;-0,0001;-19,4450;-16,0157;14,2941;-33,7933;19,4989;-0,0008;-16,0157;16;0
6,8181;40,0280;-196,1633;93,4722;12,6911;-90,0000;130,0280;387,940;151,762;167,209;300,000;-19,4861;21,4314;6,1368;-27,5681;-0,0000;-19,4861;-16,0438;14,2390;-33,8009;19,5620;0,0154;-16,0438;16;0
6,8206;39,9780;-196,1083;93,4878;12,6205;-90,0000;129,9780;387,798;151,193;167,706;300,000;-19,5273;21,4678;6,0501;-27,5179;-0,0000;-19,5273;-16,0794;14,1833;-33,8124;19,6237;0,0017;-16,0794;16;0
6,8232;39,9279;-196,0532;93,5032;12,5500;-90,0000;129,9279;387,656;150,624;168,204;300,000;-19,5685;21,5041;5,9634;-27,4675;0,0000;-19,5685;-16,1120;14,1291;-33,8211;19,6920;0,0000;-16,1120;16;0
6,8257;39,8777;-195,9980;93,5183;12,4797;-90,0000;129,8777;387,514;150,056;168,701;300,000;-19,6099;21,5402;5,8767;-27,4169;0,0000;-19,6099;-16,1325;14,0752;-33,8241;19,7607;0,0460;-16,1345;16;0
6,8283;39,8274;-195,9428;93,5333;12,4095;-90,0000;129,8274;387,372;149,487;169,199;300,000;-19,6512;21,5762;5,7900;-27,3662;0,0002;-19,6512;-16,1763;14,0190;-33,8399;19,8216;-0,0000;-16,1763;16;0
6,8309;39,7769;-195,8874;93,5480;12,3394;-90,0000;129,7769;387,230;148,918;169,697;300,001;-19,6928;21,6121;5,7033;-27,3153;-0,0000;-19,6928;-16,2322;13,9635;-33,8593;19,8888;-0,0939;-16,2283;16;0
6,8334;39,7264;-195,8320;93,5625;12,2695;-90,0000;129,7264;387,087;148,349;170,194;299,999;-19,7344;21,6478;5,6165;-27,2643;-0,0002;-19,7344;-16,2420;13,9068;-33,8584;19,9500;-0,0064;-16,2420;16;0
6,8360;39,6758;-195,7765;93,5768;12,1996;-90,0000;129,6758;386,945;147,781;170,692;300,000;-19,7760;21,6834;5,5297;-27,2131;-0,0000;-19,7760;-16,2606;13,8515;-33,8628;20,0121;0,0470;-16,2625;16;0
6,8386;39,6250;-195,7208;93,5909;12,1300;-90,0000;129,6250;386,803;147,212;171,190;300,000;-19,8178;21,7188;5,4429;-27,1617;-0,0000;-19,8178;-16,3015;13,8009;-33,8728;20,0958;0,0123;-16,2989;16;0
6,8411;39,5742;-195,6651;93,6047;12,0604;-90,0000;129,5742;386,661;146,643;171,687;300,000;-19,8596;21,7541;5,3560;-27,1100;0,0000;-19,8596;-16,3366;13,7408;-33,8863;20,1455;-0,0001;-16,3366;16;0
6,8437;39,5232;-195,6093;93,6183;11,9910;-90,0000;129,5232;386,519;146,075;172,185;300,000;-19,9015;21,7892;5,2692;-27,0584;-0,0000;-19,9015;-16,3700;13,6767;-33,9021;20,1796;-0,0054;-16,3751;16;0
6,8463;39,4722;-195,5534;93,6317;11,9217;-90,0000;129,4722;386,376;145,506;172,682;300,000;-19,9435;21,8242;5,1822;-27,0066;0,0000;-19,9435;-16,4006;13,6288;-33,9047;20,2752;0,0002;-16,4005;16;0
6,8488;39,4210;-195,4974;93,6449;11,8525;-90,0000;129,4210;386,234;144,937;173,180;300,000;-19,9856;21,8591;5,0953;-26,9545;0,0000;-19,9856;-16,4327;13,5773;-33,9112;20,3568;-0,0005;-16,4301;16;0
6,8514;39,3697;-195,4414;93,6579;11,7835;-90,0000;129,3697;386,092;144,368;173,678;300,000;-20,0278;21,8938;5,0084;-26,9022;-0,0000;-20,0278;-16,4630;13,5173;-33,9229;20,4071;0,0058;-16,4632;16;0
6,8539;39,3183;-195,3852;93,6706;11,7146;-90,0000;129,3183;385,950;143,800;174,175;300,000;-20,0700;21,9284;4,9214;-26,8498;0,0000;-20,0700;-16,4965;13,4610;-33,9329;20,4719;-0,0000;-16,4965;16;0
6,8565;39,2668;-195,3290;93,6831;11,6459;-90,0000;129,2668;385,808;143,231;174,673;300,000;-20,1123;21,9628;4,8345;-26,7973;-0,0000;-20,1123;-16,5314;13,4048;-33,9435;20,5375;-0,0118;-16,5312;16;0
6,8591;39,2152;-195,2726;93,6954;11,5773;-90,0000;129,2152;385,666;142,662;175,171;300,000;-20,1548;21,9971;4,7474;-26,7446;-0,0000;-20,1548;-16,5602;13,3485;-33,9515;20,6030;0,0000;-16,5602;16;0
6,8616;39,1635;-195,2162;93,7074;11,5088;-90,0000;129,1635;385,523;142,093;175,668;300,000;-20,1972;22,0313;4,6604;-26,6917;-0,0000;-20,1972;-16,5905;13,2922;-33,9602;20,6684;0,0059;-16,5906;16;0
6,8642;39,1117;-195,1597;93,7193;11,4404;-90,0000;129,1117;385,381;141,525;176,166;300,000;-20,2398;22,0653;4,5733;-26,6386;-0,0000;-20,2398;-16,6239;13,2358;-33,9702;20,7344;0,0000;-16,6239;16;0
6,8668;39,0598;-195,1031;93,7309;11,3722;-90,0000;129,0598;385,239;140,956;176,663;300,000;-20,2825;22,0991;4,4863;-26,5854;0,0000;-20,2825;-16,6556;13,1794;-33,9795;20,8002;0,0000;-16,6556;16;0
6,8693;39,0077;-195,0464;93,7423;11,3041;-90,0000;129,0077;385,097;140,387;177,161;300,000;-20,3252;22,1328;4,3992;-26,5320;-0,0000;-20,3252;-16,6874;13,1229;-33,9889;20,8661;0,0000;-16,6874;16;0
6,8719;38,9556;-194,9896;93,7534;11,2362;-90,0000;128,9556;384,955;139,819;177,659;300,000;-20,3680;22,1664;4,3120;-26,4784;0,0000;-20,3680;-16,7191;13,0663;-33,9982;20,9320;-0,0000;-16,7191;16;0
6,8744;38,9033;-194,9328;93,7644;11,1684;-90,0000;128,9033;384,812;139,250;178,156;300,000;-20,4109;22,1998;4,2249;-26,4247;-0,0000;-20,4109;-16,7510;13,0096;-34,0076;20,9982;-0,0009;-16,7511;16;0
6,8770;38,8509;-194,8758;93,7751;11,1007;-90,0000;128,8509;384,670;138,681;178,654;300,000;-20,4539;22,2331;4,1377;-26,3708;-0,0000;-20,4539;-16,7825;12,9529;-34,0169;21,0640;-0,0000;-16,7825;16;0
6,8796;38,7984;-194,8188;93,7856;11,0332;-90,0000;128,7984;384,528;138,112;179,152;300,000;-20,4969;22,2662;4,0505;-26,3167;-0,0000;-20,4969;-16,8145;12,8948;-34,0272;21,1254;-0,0016;-16,8158;16;0
6,8821;38,7459;-194,7617;93,7958;10,9658;-90,0000;128,7458;384,386;137,544;179,649;300,000;-20,5401;22,2992;3,9633;-26,2625;-0,0000;-20,5401;-16,8457;12,8392;-34,0355;21,1963;-0,0000;-16,8456;16;0
6,8847;38,6931;-194,7045;93,8059;10,8986;-90,0000;128,6931;384,244;136,975;180,147;300,000;-20,5833;22,3320;3,8760;-26,2080;-0,0000;-20,5833;-16,8757;12,7847;-34,0426;21,2710;0,0057;-16,8731;16;0
6,8873;38,6403;-194,6472;93,8157;10,8315;-90,0000;128,6403;384,102;136,406;180,644;300,000;-20,6266;22,3647;3,7887;-26,1534;0,0000;-20,6266;-16,9087;12,7253;-34,0541;21,3287;0,0000;-16,9087;16;0
6,8898;38,5874;-194,5898;93,8253;10,7645;-90,0000;128,5874;383,959;135,838;181,142;300,000;-20,6700;22,3973;3,7014;-26,0987;0,0000;-20,6700;-16,9410;12,6672;-34,0645;21,3910;-0,0032;-16,9423;16;0
6,8924;38,5344;-194,5324;93,8347;10,6977;-90,0000;128,5344;383,817;135,269;181,640;300,000;-20,7134;22,4297;3,6141;-26,0438;-0,0000;-20,7134;-16,9716;12,6113;-34,0727;21,4615;-0,0000;-16,9716;16;0
6,8950;38,4812;-194,4748;93,8438;10,6310;-90,0000;128,4812;383,675;134,700;182,137;300,000;-20,7570;22,4619;3,5268;-25,9887;-0,0000;-20,7570;-17,0030;12,5541;-34,0820;21,5279;0,0000;-17,0030;16;0
6,8975;38,4280;-194,4172;93,8528;10,5645;-90,0000;128,4280;383,533;134,131;182,635;300,000;-20,8006;22,4940;3,4394;-25,9334;-0,0000;-20,8006;-17,0344;12,4969;-34,0913;21,5943;-0,0001;-17,0343;16;0
6,9001;38,3746;-194,3595;93,8615;10,4981;-90,0000;128,3746;383,391;133,563;183,133;300,000;-20,8443;22,5260;3,3520;-25,8780;-0,0000;-20,8443;-17,0656;12,4397;-34,1006;21,6609;0,0000;-17,0656;16;0
6,9026;38,3211;-194,3017;93,8699;10,4318;-90,0000;128,3211;383,248;132,994;183,630;300,000;-20,8881;22,5578;3,2646;-25,8224;-0,0000;-20,8881;-17,0967;12,3822;-34,1099;21,7267;0,0008;-17,0967;16;0
6,9052;38,2675;-194,2439;93,8782;10,3657;-90,0000;128,2675;383,106;132,425;184,128;300,000;-20,9319;22,5895;3,1771;-25,7666;0,0000;-20,9319;-17,1281;12,3251;-34,1191;21,7941;0,0000;-17,1281;16;0
6,9078;38,2138;-194,1859;93,8862;10,2997;-90,0000;128,2138;382,964;131,857;184,626;300,000;-20,9759;22,6210;3,0897;-25,7106;-0,0000;-20,9759;-17,1561;12,2692;-34,1261;21,8659;0,0122;-17,1590;16;0
6,9103;38,1600;-194,1279;93,8940;10,2339;-90,0000;128,1600;382,822;131,288;185,123;300,000;-21,0199;22,6523;3,0022;-25,6545;0,0001;-21,0199;-17,1904;12,2103;-34,1377;21,9274;-0,0000;-17,1903;16;0
6,9129;38,1060;-194,0698;93,9016;10,1682;-90,0000;128,1060;382,680;130,719;185,621;300,000;-21,0640;22,6836;2,9147;-25,5982;-0,0000;-21,0640;-17,2283;12,1503;-34,1513;21,9862;-0,0263;-17,2226;16;0
6,9155;38,0520;-194,0116;93,9090;10,1027;-90,0000;128,0520;382,538;130,150;186,118;300,000;-21,1082;22,7146;2,8271;-25,5418;-0,0001;-21,1082;-17,2526;12,0951;-34,1561;22,0605;-0,0007;-17,2527;16;0
6,9180;37,9978;-193,9534;93,9161;10,0373;-90,0000;127,9978;382,395;129,582;186,616;300,000;-21,1524;22,7456;2,7396;-25,4851;-0,0000;-21,1524;-17,2799;12,0387;-34,1631;22,1312;0,0135;-17,2828;16;0
6,9206;37,9436;-193,8950;93,9230;9,9720;-90,0000;127,9436;382,253;129,013;187,114;300,000;-21,1968;22,7763;2,6520;-25,4283;-0,0000;-21,1968;-17,3130;11,9789;-34,1747;22,1901;0,0051;-17,3116;16;0
6,9231;37,8892;-193,8366;93,9297;9,9069;-90,0000;127,8892;382,111;128,444;187,611;300,000;-21,2412;22,8070;2,5644;-25,3714;0,0000;-21,2412;-17,3452;11,9224;-34,1837;22,2614;0,0000;-17,3452;16;0
6,9257;37,8347;-193,7781;93,9362;9,8419;-90,0000;127,8347;381,969;127,876;188,109;300,000;-21,2857;22,8375;2,4768;-25,3142;0,0000;-21,2857;-17,3781;11,8673;-34,1922;22,3378;-0,0081;-17,3809;16;0
6,9283;37,7801;-193,7195;93,9424;9,7771;-90,0000;127,7801;381,827;127,307;188,607;300,000;-21,3303;22,8678;2,3891;-25,2569;-0,0000;-21,3303;-17,4068;11,8070;-34,2020;22,3953;-0,0002;-17,4067;16;0
6,9308;37,7253;-193,6609;93,9484;9,7125;-90,0000;127,7253;381,685;126,738;189,104;300,000;-21,3749;22,8980;2,3014;-25,1994;-0,0000;-21,3749;-17,4365;11,7479;-34,2117;22,4572;0,0037;-17,4351;16;0
6,9334;37,6705;-193,6022;93,9542;9,6480;-90,0000;127,6705;381,542;126,169;189,602;300,000;-21,4197;22,9280;2,2137;-25,1418;-0,0000;-21,4197;-17,4689;11,6910;-34,2210;22,5277;-0,0032;-17,4692;16;0
6,9360;37,6155;-193,5434;93,9598;9,5836;-90,0000;127,6155;381,400;125,601;190,099;300,000;-21,4645;22,9579;2,1260;-25,0839;-0,0000;-21,4645;-17,4986;11,6336;-34,2296;22,5960;0,0000;-17,4986;16;0
6,9385;37,5604;-193,4845;93,9651;9,5194;-90,0000;127,5604;381,258;125,032;190,597;300,000;-21,5094;22,9877;2,0382;-25,0259;-0,0000;-21,5094;-17,5268;11,5755;-34,2379;22,6620;0,0088;-17,4965;16;0
6,9411;37,5053;-193,4255;93,9702;9,4553;-90,0000;127,5053;381,116;124,463;191,095;300,000;-21,5543;23,0173;1,9505;-24,9678;0,0000;-21,5542;-17,5595;11,5178;-34,2478;22,7301;0,0001;-17,5596;16;0
6,9437;37,4500;-193,3665;93,9751;9,3914;-90,0000;127,4500;380,974;123,895;191,592;300,000;-21,5994;23,0467;1,8627;-24,9094;0,0000;-21,5994;-17,5919;11,4613;-34,2569;22,8023;-0,0074;-17,6519;16;0
6,9462;37,3945;-193,3074;93,9798;9,3276;-90,0000;127,3945;380,831;123,326;192,090;300,000;-21,6445;23,0760;1,7749;-24,8509;-0,0000;-21,6447;-17,6205;11,4022;-34,2660;22,8650;-0,0008;-17,6204;16;0
6,9488;37,3390;-193,2482;93,9842;9,2640;-90,0000;127,3390;380,689;122,757;192,588;300,000;-21,6897;23,1052;1,6870;-24,7922;-0,0000;-21,6897;-17,6500;11,3431;-34,2754;22,9281;0,0019;-17,6201;16;0
6,9513;37,2833;-193,1889;93,9884;9,2005;-90,0000;127,2833;380,547;122,188;193,085;300,000;-21,7350;23,1342;1,5992;-24,7333;-0,0000;-21,7350;-17,6840;11,2844;-34,2865;22,9932;-0,0127;-17,6883;16;0
6,9539;37,2276;-193,1296;93,9924;9,1372;-90,0000;127,2276;380,405;121,620;193,583;300,000;-21,7804;23,1630;1,5113;-24,6743;-0,0001;-21,7804;-17,7108;11,2280;-34,2933;23,0654;-0,0000;-17,7107;16;0
6,9565;37,1717;-193,0702;93,9962;9,0740;-90,0000;127,1717;380,263;121,051;194,080;300,000;-21,8258;23,1917;1,4234;-24,6151;-0,0000;-21,8258;-17,7335;11,1722;-34,2980;23,1397;0,0275;-17,7253;16;0
6,9590;37,1157;-193,0107;93,9997;9,0110;-90,0000;127,1157;380,121;120,482;194,578;300,000;-21,8713;23,2203;1,3354;-24,5557;0,0001;-21,8713;-17,7711;11,1115;-34,3114;23,1990;-0,0013;-17,7713;16;0
6,9616;37,0596;-192,9511;94,0030;8,9481;-90,0000;127,0596;379,978;119,913;195,076;300,000;-21,9169;23,2487;1,2475;-24,4962;-0,0000;-21,9169;-17,8044;11,0527;-34,3225;23,2635;-0,0140;-17,8085;16;0
6,9642;37,0033;-192,8915;94,0061;8,8854;-90,0000;127,0033;379,836;119,345;195,573;300,000;-21,9626;23,2769;1,1595;-24,4364;-0,0000;-21,9626;-17,8283;10,9936;-34,3297;23,3260;0,0082;-17,8233;16;0
6,9667;36,9470;-192,8318;94,0090;8,8229;-90,0000;126,9470;379,694;118,776;196,071;300,000;-22,0083;23,3050;1,0715;-24,3766;0,0000;-22,0083;-17,8602;10,9375;-34,3384;23,4009;0,0001;-17,8603;16;0
6,9693;36,8905;-192,7720;94,0116;8,7605;-90,0000;126,8905;379,552;118,207;196,569;300,000;-22,0541;23,3330;0,9835;-24,3165;0,0000;-22,0541;-17,8931;10,8839;-34,3461;23,4847;-0,0123;-17,9030;16;0
6,9718;36,8339;-192,7122;94,0140;8,6982;-90,0000;126,8339;379,410;117,639;197,066;300,000;-22,1000;23,3608;0,8954;-24,2562;-0,0000;-22,1000;-17,9197;10,8214;-34,3561;23,5359;-0,0008;-17,9195;16;0
6,9744;36,7772;-192,6523;94,0162;8,6361;-90,0000;126,7772;379,267;117,070;197,564;300,000;-22,1460;23,3885;0,8073;-24,1958;-0,0000;-22,1460;-17,9475;10,7607;-34,3659;23,5936;0,0054;-17,9426;16;0
6,9770;36,7204;-192,5923;94,0181;8,5742;-90,0000;126,7204;379,125;116,501;198,061;300,000;-22,1920;23,4160;0,7192;-24,1352;-0,0000;-22,1920;-17,9819;10,7033;-34,3765;23,6642;-0,0131;-17,9860;16;0
6,9795;36,6635;-192,5323;94,0199;8,5124;-90,0000;126,6635;378,983;115,932;198,559;300,000;-22,2382;23,4434;0,6311;-24,0745;-0,0001;-22,2382;-18,0077;10,6468;-34,3831;23,7364;-0,0001;-18,0076;16;0
6,9821;36,6064;-192,4721;94,0214;8,4508;-90,0000;126,6064;378,841;115,364;199,057;300,000;-22,2843;23,4706;0,5430;-24,0136;-0,0000;-22,2843;-18,0295;10,5910;-34,3876;23,8106;0,0281;-18,0215;16;0
6,9847;36,5492;-192,4119;94,0226;8,3893;-90,0000;126,5492;378,699;114,795;199,554;300,000;-22,3306;23,4977;0,4548;-23,9524;0,0001;-22,3306;-18,0665;10,5301;-34,4009;23,8699;-0,0015;-18,0667;16;0
6,9872;36,4919;-192,3517;94,0237;8,3280;-90,0000;126,4919;378,557;114,226;200,052;300,000;-22,3769;23,5246;0,3666;-23,8912;-0,0000;-22,3769;-18,0990;10,4711;-34,4118;23,9343;-0,0143;-18,1030;16;0
6,9898;36,4345;-192,2913;94,0245;8,2668;-90,0000;126,4345;378,414;113,658;200,550;300,000;-22,4234;23,5513;0,2784;-23,8298;-0,0000;-22,4234;-18,1217;10,4116;-34,4188;23,9957;0,0092;-18,1147;16;0
6,9924;36,3770;-192,2309;94,0251;8,2058;-90,0000;126,3770;378,272;113,089;201,047;300,000;-22,4698;23,5779;0,1902;-23,7682;0,0000;-22,4698;-18,1531;10,3559;-34,4274;24,0716;0,0001;-18,1531;16;0
6,9949;36,3193;-192,1705;94,0255;8,1450;-90,0000;126,3193;378,130;112,520;201,545;300,000;-22,5164;23,6044;0,1019;-23,7064;0,0000;-22,5164;-18,1856;10,3029;-34,4349;24,1575;-0,0136;-18,1994;16;0
6,9975;36,2615;-192,1099;94,0256;8,0843;-90,0000;126,2615;377,988;111,951;202,043;300,000;-22,5631;23,6308;0,0137;-23,6443;-0,0000;-22,5631;-18,2109;10,2397;-34,4448;24,2069;-0,0012;-18,2107;16;0
7,0000;36,2037;-192,0493;94,0256;8,0238;-90,0000;126,2037;377,846;111,383;202,540;300,000;-22,6098;23,6569;-0,0746;-23,5823;-0,0000;-22,6098;-18,2376;10,1786;-34,4545;24,2628;0,0060;-18,2307;16;0
7,0026;36,1456;-191,9887;94,0253;7,9634;-90,0000;126,1456;377,703;110,814;203,038;300,000;-22,6566;23,6829;-0,1630;-23,5200;-0,0000;-22,6566;-18,2733;10,1206;-34,4660;24,3316;-0,0205;-18,2839;16;0
7,0052;36,0875;-191,9279;94,0247;7,9032;-90,0000;126,0875;377,561;110,245;203,535;300,000;-22,7035;23,7088;-0,2513;-23,4575;-0,0001;-22,7035;-18,2962;10,0651;-34,4714;24,4067;-0,0002;-18,2960;16;0
7,0077;36,0293;-191,8671;94,0240;7,8431;-90,0000;126,0293;377,419;109,677;204,033;300,000;-22,7504;23,7345;-0,3397;-23,3948;-0,0000;-22,7504;-18,3127;10,0107;-34,4733;24,4845;0,0439;-18,2919;16;0
7,0103;35,9709;-191,8062;94,0230;7,7833;-90,0000;125,9709;377,277;109,108;204,531;300,000;-22,7973;23,7601;-0,4281;-23,3320;0,0001;-22,7973;-18,3544;9,9477;-34,4894;24,5379;-0,0061;-18,3553;16;0
7,0129;35,9124;-191,7453;94,0218;7,7235;-90,0000;125,9124;377,135;108,539;205,028;300,000;-22,8444;23,7855;-0,5165;-23,2691;-0,0000;-22,8445;-18,3869;9,8888;-34,5007;24,6020;-0,0224;-18,3972;16;0
7,0154;35,8538;-191,6843;94,0203;7,6640;-90,0000;125,8538;376,993;107,970;205,526;300,000;-22,8916;23,8108;-0,6049;-23,2059;-0,0000;-22,8916;-18,4054;9,8336;-34,5043;24,6769;0,0127;-18,4042;16;0
7,0180;35,7950;-191,6233;94,0187;7,6046;-90,0000;125,7950;376,850;107,402;206,024;300,000;-22,9388;23,8359;-0,6934;-23,1426;0,0000;-22,9388;-18,4368;9,7742;-34,5147;24,7403;-0,0001;-18,4368;16;0
7,0205;35,7362;-191,5621;94,0168;7,5453;-90,0000;125,7362;376,708;106,833;206,521;300,000;-22,9861;23,8609;-0,7819;-23,0791;-0,0000;-22,9861;-18,4663;9,7157;-34,5243;24,8057;-0,0065;-18,4668;16;0
7,0231;35,6772;-191,5009;94,0147;7,4863;-90,0000;125,6772;376,566;106,264;207,019;300,000;-23,0335;23,8857;-0,8704;-23,0154;-0,0000;-23,0335;-18,4918;9,6578;-34,5320;24,8727;0,0017;-18,4918;16;0
7,0257;35,6181;-191,4397;94,0123;7,4273;-90,0000;125,6181;376,424;105,696;207,516;300,000;-23,0809;23,9104;-0,9589;-22,9516;0,0000;-23,0809;-18,5199;9,6001;-34,5406;24,9405;0,0000;-18,5199;16;0
7,0282;35,5589;-191,3784;94,0098;7,3686;-90,0000;125,5589;376,282;105,127;208,014;300,000;-23,1284;23,9350;-1,0474;-22,8875;0,0000;-23,1284;-18,5392;9,5482;-34,5431;25,0266;0,0300;-18,5543;16;0
7,0308;35,4995;-191,3170;94,0070;7,3100;-90,0000;125,4995;376,140;104,558;208,512;300,000;-23,1759;23,9594;-1,1360;-22,8233;0,0002;-23,1760;-18,5748;9,4844;-34,5582;25,0739;-0,0002;-18,5739;16;0
7,0334;35,4401;-191,2555;94,0039;7,2516;-90,0000;125,4401;375,997;103,989;209,009;300,000;-23,2236;23,9836;-1,2246;-22,7590;-0,0000;-23,2236;-18,6195;9,4148;-34,5785;25,1047;-0,0645;-18,5896;16;0
7,0359;35,3805;-191,1940;94,0007;7,1933;-90,0000;125,3805;375,855;103,421;209,507;300,000;-23,2714;24,0076;-1,3132;-22,6946;-0,0002;-23,2713;-18,6298;9,3670;-34,5745;25,2043;-0,0029;-18,6316;16;0
7,0385;35,3208;-191,1325;93,9972;7,1353;-90,0000;125,3208;375,713;102,852;210,005;300,000;-23,3191;24,0316;-1,4018;-22,6298;-0,0000;-23,3191;-18,6471;9,3158;-34,5772;25,2901;0,0330;-18,6620;16;0
7,0411;35,2609;-191,0708;93,9935;7,0773;-90,0000;125,2609;375,571;102,283;210,502;300,000;-23,3670;24,0554;-1,4905;-22,5649;-0,0000;-23,3670;-18,6813;9,2539;-34,5911;25,3431;0,0063;-18,6803;16;0
7,0436;35,2010;-191,0091;93,9896;7,0196;-90,0000;125,2010;375,429;101,714;211,000;300,000;-23,4149;24,0790;-1,5791;-22,4999;0,0000;-23,4149;-18,7097;9,1946;-34,6003;25,4057;0,0000;-18,7097;16;0
7,0462;35,1409;-190,9474;93,9854;6,9620;-90,0000;125,1409;375,286;101,146;211,497;300,000;-23,4629;24,1025;-1,6678;-22,4347;0,0000;-23,4629;-18,7373;9,1362;-34,6093;25,4703;-0,0032;-18,7373;16;0
7,0487;35,0807;-190,8856;93,9810;6,9046;-90,0000;125,0807;375,144;100,577;211,995;300,000;-23,5109;24,1259;-1,7566;-22,3693;-0,0000;-23,5109;-18,7629;9,0790;-34,6172;25,5383;-0,0002;-18,7629;16;0
7,0513;35,0204;-190,8237;93,9764;6,8473;-90,0000;125,0204;375,002;100,008;212,493;300,000;-23,5591;24,1491;-1,8453;-22,3038;-0,0000;-23,5591;-18,7893;9,0213;-34,6256;25,6043;-0,0000;-18,7893;16;0
7,0539;34,9599;-190,7618;93,9716;6,7902;-90,0000;124,9599;374,860;99,440;212,990;300,000;-23,6073;24,1721;-1,9341;-22,2380;-0,0000;-23,6073;-18,8162;8,9631;-34,6345;25,6689;-0,0023;-18,8164;16;0
7,0564;34,8994;-190,6998;93,9665;6,7333;-90,0000;124,8994;374,718;98,871;213,488;300,000;-23,6555;24,1950;-2,0229;-22,1722;-0,0000;-23,6555;-18,8417;8,9059;-34,6424;25,7365;0,0000;-18,8417;16;0
7,0590;34,8387;-190,6378;93,9612;6,6766;-90,0000;124,8387;374,576;98,302;213,986;300,000;-23,7039;24,2178;-2,1117;-22,1061;-0,0000;-23,7039;-18,8634;8,8465;-34,6499;25,7953;0,0158;-18,8236;16;0
7,0616;34,7778;-190,5757;93,9557;6,6200;-90,0000;124,7778;374,433;97,733;214,483;300,000;-23,7522;24,2404;-2,2005;-22,0399;0,0001;-23,7520;-18,8934;8,7909;-34,6591;25,8687;0,0006;-18,8936;16;0
7,0641;34,7169;-190,5135;93,9499;6,5636;-90,0000;124,7169;374,291;97,165;214,981;300,000;-23,8007;24,2628;-2,2893;-21,9735;0,0000;-23,8007;-18,9260;8,7383;-34,6678;25,9527;-0,0242;-19,0052;16;0
7,0667;34,6558;-190,4513;93,9439;6,5074;-90,0000;124,6558;374,149;96,596;215,478;300,000;-23,8493;24,2852;-2,3782;-21,9069;-0,0001;-23,8495;-18,9477;8,6777;-34,6758;26,0074;-0,0100;-18,9451;16;0
7,0692;34,5946;-190,3890;93,9377;6,4513;-90,0000;124,5946;374,007;96,027;215,976;300,000;-23,8978;24,3073;-2,4671;-21,8402;-0,0000;-23,8978;-18,9674;8,6157;-34,6842;26,0558;0,0108;-18,9280;16;0
7,0718;34,5333;-190,3267;93,9313;6,3954;-90,0000;124,5333;373,865;95,459;216,474;300,000;-23,9465;24,3293;-2,5560;-21,7733;0,0000;-23,9465;-18,9907;8,5567;-34,6924;26,1154;0,0182;-18,9954;16;0
7,0744;34,4719;-190,2643;93,9246;6,3397;-90,0000;124,4719;373,722;94,890;216,971;300,000;-23,9952;24,3512;-2,6449;-21,7063;0,0000;-23,9952;-19,0209;8,5036;-34,7005;26,1969;-0,0000;-19,0207;16;0
7,0769;34,4103;-190,2018;93,9177;6,2841;-90,0000;124,4103;373,580;94,321;217,469;300,000;-24,0440;24,3729;-2,7339;-21,6390;-0,0000;-24,0440;-19,0484;8,4487;-34,7088;26,2705;-0,0088;-19,0461;16;0
7,0795;34,3486;-190,1393;93,9106;6,2287;-90,0000;124,3486;373,438;93,752;217,967;300,000;-24,0928;24,3945;-2,8229;-21,5716;-0,0000;-24,0928;-19,0709;8,3893;-34,7172;26,3277;-0,0004;-19,0711;16;0
7,0821;34,2868;-190,0768;93,9032;6,1735;-90,0000;124,2868;373,296;93,184;218,464;300,000;-24,1418;24,4159;-2,9119;-21,5041;-0,0000;-24,1418;-19,0956;8,3321;-34,7253;26,3931;0,0000;-19,0956;16;0
7,0846;34,2249;-190,0142;93,8957;6,1185;-90,0000;124,2249;373,154;92,615;218,962;300,000;-24,1907;24,4372;-3,0009;-21,4363;-0,0000;-24,1907;-19,1195;8,2737;-34,7337;26,4537;0,0025;-19,1191;16;0
7,0872;34,1628;-189,9515;93,8879;6,0636;-90,0000;124,1628;373,012;92,046;219,460;300,000;-24,2398;24,4583;-3,0899;-21,3685;0,0000;-24,2398;-19,1446;8,2181;-34,7417;26,5236;0,0000;-19,1446;16;0
7,0898;34,1006;-189,8888;93,8798;6,0090;-90,0000;124,1006;372,869;91,478;219,957;300,000;-24,2889;24,4793;-3,1790;-21,3004;0,0000;-24,2889;-19,1700;8,1639;-34,7491;26,5982;-0,0038;-19,1707;16;0
7,0923;34,0383;-189,8260;93,8716;5,9545;-90,0000;124,0383;372,727;90,909;220,455;300,000;-24,3380;24,5002;-3,2681;-21,2321;-0,0000;-24,3380;-19,1931;8,1043;-34,7579;26,6540;-0,0001;-19,1930;16;0
7,0949;33,9758;-189,7632;93,8631;5,9001;-90,0000;123,9758;372,585;90,340;220,952;300,000;-24,3873;24,5209;-3,3572;-21,1637;-0,0000;-24,3873;-19,2166;8,0460;-34,7664;26,7138;0,0017;-19,2162;16;0
7,0974;33,9133;-189,7003;93,8544;5,8460;-90,0000;123,9133;372,443;89,771;221,450;300,000;-24,4366;24,5414;-3,4463;-21,0952;-0,0000;-24,4366;-19,2428;7,9904;-34,7750;26,7827;-0,0067;-19,2430;16;0
7,1000;33,8506;-189,6374;93,8454;5,7920;-90,0000;123,8506;372,301;89,203;221,948;300,000;-24,4859;24,5618;-3,5354;-21,0264;-0,0000;-24,4859;-19,2646;7,9341;-34,7823;26,8482;-0,0000;-19,2646;16;0
7,1026;33,7877;-189,5744;93,8362;5,7382;-90,0000;123,7877;372,158;88,634;222,445;300,000;-24,5353;24,5821;-3,6246;-20,9575;-0,0000;-24,5353;-19,2843;7,8779;-34,7887;26,9135;0,0136;-19,2839;16;0
7,1051;33,7248;-189,5114;93,8268;5,6845;-90,0000;123,7248;372,016;88,065;222,943;300,000;-24,5848;24,6022;-3,7138;-20,8885;0,0000;-24,5848;-19,3115;7,8209;-34,7984;26,9774;-0,0002;-19,3114;16;0
7,1077;33,6617;-189,4483;93,8172;5,6311;-90,0000;123,6617;371,874;87,497;223,441;300,000;-24,6343;24,6222;-3,8030;-20,8192;-0,0000;-24,6343;-19,3365;7,7643;-34,8072;27,0417;-0,0069;-19,3366;16;0
7,1103;33,5985;-189,3851;93,8073;5,5778;-90,0000;123,5985;371,732;86,928;223,938;300,000;-24,6839;24,6420;-3,8922;-20,7498;-0,0000;-24,6839;-19,3571;7,7075;-34,8145;27,1039;0,0018;-19,3571;16;0
7,1128;33,5352;-189,3220;93,7972;5,5247;-90,0000;123,5352;371,590;86,359;224,436;300,000;-24,7335;24,6617;-3,9815;-20,6803;0,0000;-24,7335;-19,3805;7,6519;-34,8224;27,1706;0,0000;-19,3805;16;0
7,1154;33,4717;-189,2587;93,7869;5,4718;-90,0000;123,4717;371,448;85,790;224,933;300,000;-24,7833;24,6813;-4,0707;-20,6105;0,0000;-24,7833;-19,4040;7,5971;-34,8302;27,2396;-0,0029;-19,4043;16;0
7,1179;33,4081;-189,1954;93,7764;5,4191;-90,0000;123,4081;371,305;85,222;225,431;300,000;-24,8330;24,7007;-4,1600;-20,5406;-0,0000;-24,8330;-19,4257;7,5395;-34,8384;27,2988;-0,0000;-19,4256;16;0
7,1205;33,3444;-189,1321;93,7656;5,3665;-90,0000;123,3444;371,163;84,653;225,929;300,000;-24,8828;24,7199;-4,2493;-20,4706;-0,0000;-24,8828;-19,4476;7,4828;-34,8465;27,3604;0,0014;-19,4474;16;0
7,1231;33,2806;-189,0687;93,7546;5,3141;-90,0000;123,2806;371,021;84,084;226,426;300,000;-24,9327;24,7390;-4,3386;-20,4004;-0,0000;-24,9327;-19,4702;7,4276;-34,8543;27,4268;-0,0001;-19,4702;16;0
7,1256;33,2166;-189,0053;93,7434;5,2619;-90,0000;123,2166;370,879;83,516;226,924;300,000;-24,9826;24,7580;-4,4280;-20,3300;-0,0000;-24,9826;-19,4921;7,3718;-34,8622;27,4905;-0,0000;-19,4921;16;0
7,1282;33,1525;-188,9418;93,7319;5,2099;-90,0000;123,1525;370,737;82,947;227,422;300,000;-25,0326;24,7768;-4,5174;-20,2595;-0,0000;-25,0326;-19,5143;7,3154;-34,8705;27,5523;-0,0015;-19,5145;16;0
7,1308;33,0883;-188,8783;93,7202;5,1581;-90,0000;123,0883;370,595;82,378;227,919;300,000;-25,0827;24,7955;-4,6067;-20,1888;-0,0000;-25,0827;-19,5355;7,2604;-34,8780;27,6177;0,0000;-19,5355;16;0
7,1333;33,0239;-188,8147;93,7083;5,1064;-90,0000;123,0239;370,452;81,809;228,417;300,000;-25,1328;24,8140;-4,6962;-20,1179;0,0000;-25,1328;-19,5491;7,2020;-34,8840;27,6700;0,0279;-19,5108;16;0
7,1359;32,9594;-188,7511;93,6961;5,0549;-90,0000;122,9594;370,310;81,241;228,914;300,000;-25,1829;24,8324;-4,7856;-20,0469;0,0001;-25,1827;-19,5780;7,1499;-34,8939;27,7455;0,0010;-19,5785;16;0
7,1385;32,8948;-188,6874;93,6837;5,0036;-90,0000;122,8948;370,168;80,672;229,412;300,001;-25,2331;24,8507;-4,8750;-19,9756;0,0000;-25,2331;-19,6135;7,1011;-34,9044;27,8350;-0,0507;-19,6900;16;0
7,1410;32,8301;-188,6237;93,6711;4,9525;-90,0000;122,8301;370,026;80,103;229,910;299,999;-25,2834;24,8688;-4,9645;-19,9042;-0,0001;-25,2836;-19,6206;7,0376;-34,9093;27,8687;-0,0021;-19,6197;16;0
7,1436;32,7652;-188,5599;93,6583;4,9016;-90,0000;122,7652;369,884;79,534;230,407;300,000;-25,3337;24,8868;-5,0540;-19,8328;-0,0000;-25,3337;-19,6340;6,9797;-34,9161;27,9193;0,0245;-19,5957;16;0
7,1461;32,7002;-188,4961;93,6452;4,8509;-90,0000;122,7002;369,741;78,966;230,905;300,000;-25,3841;24,9046;-5,1435;-19,7611;0,0000;-25,3841;-19,6611;6,9291;-34,9252;27,9977;0,0010;-19,6615;16;0
7,1487;32,6351;-188,4322;93,6319;4,8003;-90,0000;122,6351;369,599;78,397;231,403;300,000;-25,4345;24,9223;-5,2330;-19,6893;-0,0000;-25,4345;-19,6816;6,8736;-34,9329;28,0594;-0,0000;-19,6816;16;0
7,1513;32,5698;-188,3683;93,6184;4,7499;-90,0000;122,5698;369,457;77,828;231,900;300,000;-25,4850;24,9398;-5,3226;-19,6173;-0,0000;-25,4850;-19,7017;6,8187;-34,9407;28,1220;0,0000;-19,7017;16;0
7,1538;32,5044;-188,3044;93,6046;4,6997;-90,0000;122,5044;369,315;77,260;232,398;300,000;-25,5355;24,9572;-5,4121;-19,5451;-0,0000;-25,5355;-19,7217;6,7640;-34,9486;28,1844;-0,0003;-19,7217;16;0
7,1564;32,4389;-188,2404;93,5906;4,6497;-90,0000;122,4389;369,173;76,691;232,895;300,000;-25,5861;24,9745;-5,5017;-19,4728;-0,0000;-25,5861;-19,7413;6,7094;-34,9563;28,2469;0,0000;-19,7413;16;0
7,1590;32,3733;-188,1763;93,5764;4,5999;-90,0000;122,3733;369,031;76,122;233,393;300,000;-25,6367;24,9916;-5,5913;-19,4003;-0,0000;-25,6367;-19,7597;6,6535;-34,9641;28,3042;0,0039;-19,7592;16;0
7,1615;32,3075;-188,1123;93,5620;4,5503;-90,0000;122,3075;368,888;75,553;233,891;300,000;-25,6874;25,0086;-5,6810;-19,3277;0,0000;-25,6874;-19,7801;6,6005;-34,9718;28,3713;0,0000;-19,7801;16;0
7,1641;32,2416;-188,0481;93,5473;4,5008;-90,0000;122,2416;368,746;74,985;234,388;300,000;-25,7381;25,0255;-5,7706;-19,2548;0,0000;-25,7381;-19,8011;6,5492;-34,9793;28,4434;-0,0067;-19,8023;16;0
7,1666;32,1756;-187,9840;93,5324;4,4516;-90,0000;122,1756;368,604;74,416;234,886;300,000;-25,7889;25,0422;-5,8603;-19,1819;-0,0000;-25,7889;-19,8181;6,4922;-34,9872;28,4956;-0,0004;-19,8180;16;0
7,1692;32,1094;-187,9198;93,5173;4,4025;-90,0000;122,1094;368,462;73,847;235,384;300,000;-25,8397;25,0588;-5,9500;-19,1088;-0,0000;-25,8397;-19,8358;6,4366;-34,9951;28,5518;0,0032;-19,8352;16;0
7,1718;32,0431;-187,8555;93,5019;4,3536;-90,0000;122,0431;368,320;73,279;235,881;300,000;-25,8906;25,0752;-6,0397;-19,0355;-0,0000;-25,8906;-19,8587;6,3827;-35,0045;28,6145;-0,0126;-19,8608;16;0
7,1743;31,9767;-187,7912;93,4863;4,3049;-90,0000;121,9767;368,177;72,710;236,379;300,000;-25,9415;25,0915;-6,1294;-18,9621;-0,0001;-25,9415;-19,8734;6,3305;-35,0104;28,6801;-0,0001;-19,8733;16;0
7,1769;31,9101;-187,7269;93,4705;4,2564;-90,0000;121,9101;368,035;72,141;236,876;300,000;-25,9925;25,1076;-6,2192;-18,8885;-0,0000;-25,9925;-19,8840;6,2793;-35,0145;28,7476;0,0261;-19,8801;16;0
7,1795;31,8434;-187,6625;93,4544;4,2081;-90,0000;121,8434;367,893;71,572;237,374;300,000;-26,0434;25,1237;-6,3089;-18,8147;0,0001;-26,0434;-19,9099;6,2228;-35,0259;28,8016;-0,0024;-19,9101;16;0
7,1820;31,7766;-187,5981;93,4381;4,1600;-90,0000;121,7766;367,751;71,004;237,872;300,000;-26,0945;25,1395;-6,3987;-18,7408;-0,0000;-26,0945;-19,9306;6,1687;-35,0352;28,8606;-0,0132;-19,9324;16;0
7,1846;31,7096;-187,5336;93,4216;4,1120;-90,0000;121,7096;367,609;70,435;238,369;300,000;-26,1456;25,1553;-6,4885;-18,6668;0,0000;-26,1456;-19,9405;6,1134;-35,0408;28,9127;0,0130;-19,9111;16;0
7,1872;31,6426;-187,4691;93,4049;4,0643;-90,0000;121,6426;367,467;69,866;238,867;300,000;-26,1967;25,1709;-6,5784;-18,5926;0,0001;-26,1966;-19,9611;6,0637;-35,0488;28,9854;0,0008;-19,9613;16;0
7,1897;31,5754;-187,4046;93,3879;4,0167;-90,0000;121,5754;367,324;69,298;239,365;300,000;-26,2479;25,1864;-6,6682;-18,5182;0,0000;-26,2479;-19,9835;6,0179;-35,0560;29,0714;-0,0184;-20,0419;16;0
7,1923;31,5080;-187,3400;93,3707;3,9693;-90,0000;121,5080;367,182;68,729;239,862;300,000;-26,2992;25,2017;-6,7581;-18,4436;-0,0000;-26,2993;-19,9976;5,9613;-35,0635;29,1195;-0,0098;-19,9946;16;0
7,1948;31,4405;-187,2754;93,3533;3,9222;-90,0000;121,4405;367,040;68,160;240,360;300,000;-26,3505;25,2169;-6,8479;-18,3689;-0,0000;-26,3504;-20,0091;5,9013;-35,0721;29,1536;0,0079;-19,9800;16;0
7,1974;31,3729;-187,2108;93,3356;3,8752;-90,0000;121,3729;366,898;67,591;240,858;300,000;-26,4018;25,2320;-6,9379;-18,2941;-0,0000;-26,4018;-20,0226;5,8446;-35,0800;29,1996;0,0173;-20,0283;16;0
7,2000;31,3052;-187,1461;93,3177;3,8284;-90,0000;121,3052;366,756;67,023;241,355;300,000;-26,4531;25,2469;-7,0278;-18,2192;0,0000;-26,4531;-20,0435;5,7999;-35,0866;29,2866;0,0001;-20,0431;16;0
7,2025;31,2373;-187,0813;93,2996;3,7818;-90,0000;121,2373;366,613;66,454;241,853;300,000;-26,5045;25,2617;-7,1177;-18,1440;0,0000;-26,5045;-20,0616;5,7518;-35,0942;29,3604;-0,0082;-20,0589;16;0
7,2051;31,1693;-187,0166;93,2812;3,7354;-90,0000;121,1693;366,471;65,885;242,350;300,000;-26,5559;25,2764;-7,2077;-18,0687;0,0000;-26,5559;-20,0741;5,6962;-35,1019;29,4078;0,0025;-20,0744;16;0
7,2077;31,1012;-186,9518;93,2626;3,6891;-90,0000;121,1012;366,329;65,317;242,848;300,000;-26,6074;25,2909;-7,2977;-17,9932;0,0000;-26,6074;-20,0900;5,6437;-35,1097;29,4660;-0,0000;-20,0900;16;0
7,2102;31,0329;-186,8869;93,2438;3,6431;-90,0000;121,0329;366,187;64,748;243,346;300,000;-26,6589;25,3053;-7,3877;-17,9176;-0,0000;-26,6589;-20,1065;5,5911;-35,1181;29,5230;-0,0052;-20,1064;16;0
7,2128;30,9645;-186,8220;93,2247;3,5973;-90,0000;120,9645;366,045;64,179;243,843;300,000;-26,7105;25,3196;-7,4777;-17,8419;-0,0000;-26,7105;-20,1198;5,5402;-35,1249;29,5847;0,0000;-20,1198;16;0
7,2153;30,8960;-186,7571;93,2055;3,5517;-90,0000;120,8960;365,903;63,610;244,341;300,000;-26,7621;25,3337;-7,5677;-17,7660;0,0000;-26,7621;-20,1336;5,4892;-35,1321;29,6449;0,0027;-20,1336;16;0
7,2179;30,8273;-186,6922;93,1859;3,5062;-90,0000;120,8273;365,760;63,042;244,839;300,000;-26,8137;25,3477;-7,6578;-17,6899;0,0000;-26,8137;-20,1487;5,4374;-35,1401;29,7028;-0,0003;-20,1487;16;0
7,2205;30,7585;-186,6272;93,1662;3,4610;-90,0000;120,7585;365,618;62,473;245,336;300,000;-26,8654;25,3616;-7,7479;-17,6137;-0,0000;-26,8654;-20,1627;5,3862;-35,1477;29,7615;-0,0000;-20,1627;16;0
7,2230;30,6896;-186,5621;93,1462;3,4159;-90,0000;120,6896;365,476;61,904;245,834;300,000;-26,9171;25,3753;-7,8380;-17,5374;0,0000;-26,9171;-20,1770;5,3339;-35,1558;29,8161;-0,0018;-20,1773;16;0
7,2256;30,6205;-186,4971;93,1260;3,3711;-90,0000;120,6205;365,334;61,335;246,331;300,000;-26,9688;25,3889;-7,9281;-17,4609;-0,0000;-26,9688;-20,1900;5,2844;-35,1629;29,8786;0,0000;-20,1899;16;0
7,2282;30,5514;-186,4320;93,1056;3,3264;-90,0000;120,5514;365,192;60,767;246,829;300,000;-27,0206;25,4024;-8,0182;-17,3842;0,0000;-27,0206;-20,2020;5,2361;-35,1694;29,9445;0,0043;-20,2015;16;0
7,2307;30,4820;-186,3669;93,0849;3,2820;-90,0000;120,4820;365,050;60,198;247,327;300,000;-27,0724;25,4158;-8,1084;-17,3074;0,0000;-27,0724;-20,2162;5,1831;-35,1780;29,9949;0,0000;-20,2162;16;0
7,2333;30,4126;-186,3017;93,0640;3,2377;-90,0000;120,4126;364,907;59,629;247,824;300,000;-27,1242;25,4290;-8,1986;-17,2304;0,0000;-27,1242;-20,2296;5,1315;-35,1862;30,0491;-0,0023;-20,2299;16;0
7,2359;30,3430;-186,2365;93,0429;3,1936;-90,0000;120,3430;364,765;59,061;248,322;300,000;-27,1761;25,4421;-8,2888;-17,1533;0,0000;-27,1761;-20,2414;5,0827;-35,1933;30,1110;0,0000;-20,2414;16;0
7,2384;30,2733;-186,1713;93,0215;3,1498;-90,0000;120,2733;364,623;58,492;248,820;300,000;-27,2280;25,4550;-8,3790;-17,0761;0,0000;-27,2280;-20,2537;5,0326;-35,2009;30,1683;-0,0000;-20,2537;16;0
7,2410;30,2034;-186,1060;92,9999;3,1061;-90,0000;120,2034;364,481;57,923;249,317;300,000;-27,2799;25,4679;-8,4692;-16,9987;0,0000;-27,2799;-20,2683;4,9828;-35,2094;30,2266;-0,0092;-20,2682;16;0
7,2435;30,1334;-186,0407;92,9781;3,0626;-90,0000;120,1334;364,339;57,354;249,815;300,000;-27,3319;25,4806;-8,5595;-16,9211;-0,0000;-27,3319;-20,2773;4,9331;-35,2161;30,2830;0,0000;-20,2773;16;0
7,2461;30,0633;-185,9754;92,9561;3,0193;-90,0000;120,0633;364,196;56,786;250,312;300,000;-27,3838;25,4932;-8,6497;-16,8434;0,0000;-27,3838;-20,2834;4,8832;-35,2218;30,3374;0,0184;-20,2837;16;0
7,2487;29,9930;-185,9100;92,9338;2,9763;-90,0000;119,9930;364,054;56,217;250,810;300,000;-27,4358;25,5056;-8,7400;-16,7656;0,0000;-27,4358;-20,3001;4,8342;-35,2313;30,3970;-0,0009;-20,3000;16;0
7,2512;29,9226;-185,8446;92,9113;2,9334;-90,0000;119,9226;363,912;55,648;251,308;300,000;-27,4879;25,5179;-8,8304;-16,6876;-0,0000;-27,4879;-20,3133;4,7854;-35,2398;30,4552;-0,0092;-20,3131;16;0
7,2538;29,8521;-185,7792;92,8885;2,8907;-90,0000;119,8521;363,770;55,080;251,805;300,000;-27,5400;25,5301;-8,9207;-16,6095;0,0000;-27,5400;-20,3208;4,7327;-35,2473;30,4985;0,0013;-20,3211;16;0
7,2564;29,7815;-185,7138;92,8655;2,8482;-90,0000;119,7815;363,628;54,511;252,303;300,000;-27,5921;25,5422;-9,0110;-16,5312;0,0000;-27,5921;-20,3315;4,6876;-35,2543;30,5667;0,0000;-20,3315;16;0
7,2589;29,7107;-185,6483;92,8423;2,8060;-90,0000;119,7107;363,486;53,942;252,801;300,000;-27,6442;25,5542;-9,1014;-16,4528;0,0000;-27,6442;-20,3416;4,6461;-35,2600;30,6461;-0,0001;-20,3413;16;0
7,2615;29,6397;-185,5828;92,8189;2,7639;-90,0000;119,6397;363,343;53,373;253,298;300,000;-27,6964;25,5660;-9,1918;-16,3741;0,0000;-27,6964;-20,3513;4,5906;-35,2691;30,6794;0,0000;-20,3512;16;0
7,2640;29,5687;-185,5172;92,7952;2,7220;-90,0000;119,5687;363,201;52,805;253,796;300,000;-27,7485;25,5777;-9,2822;-16,2955;0,0000;-27,7485;-20,3608;4,5388;-35,2780;30,7231;-0,0004;-20,3609;16;0
7,2666;29,4975;-185,4516;92,7713;2,6804;-90,0000;119,4975;363,059;52,236;254,293;300,000;-27,8007;25,5893;-9,3726;-16,2166;-0,0000;-27,8007;-20,3767;4,4946;-35,2873;30,7930;-0,0236;-20,3759;16;0
7,2692;29,4262;-185,3860;92,7471;2,6389;-90,0000;119,4262;362,917;51,667;254,791;300,000;-27,8530;25,6008;-9,4631;-16,1376;-0,0001;-27,8530;-20,3787;4,4469;-35,2926;30,8461;0,0000;-20,3788;16;0
7,2717;29,3547;-185,3204;92,7228;2,5976;-90,0000;119,3547;362,775;51,099;255,289;300,000;-27,9052;25,6121;-9,5536;-16,0585;0,0000;-27,9052;-20,3736;4,3980;-35,2954;30,8939;0,0469;-20,3756;16;0
7,2743;29,2831;-185,2547;92,6982;2,5566;-90,0000;119,2831;362,632;50,530;255,786;300,000;-27,9574;25,6233;-9,6440;-15,9793;0,0001;-27,9574;-20,3982;4,3513;-35,3082;30,9570;-0,0088;-20,3978;16;0
7,2769;29,2114;-185,1891;92,6733;2,5157;-90,0000;119,2114;362,490;49,961;256,284;300,000;-28,0098;25,6344;-9,7346;-15,8998;-0,0000;-28,0098;-20,4104;4,3050;-35,3178;31,0150;-0,0234;-20,4094;16;0
7,2794;29,1395;-185,1233;92,6483;2,4751;-90,0000;119,1395;362,348;49,392;256,782;300,000;-28,0621;25,6454;-9,8251;-15,8203;0,0000;-28,0621;-20,4061;4,2573;-35,3216;31,0632;0,0175;-20,4066;16;0
7,2820;29,0675;-185,0576;92,6230;2,4346;-90,0000;119,0675;362,206;48,824;257,279;300,000;-28,1144;25,6562;-9,9156;-15,7406;0,0000;-28,1144;-20,4189;4,2106;-35,3309;31,1203;-0,0008;-20,4188;16;0
7,2846;28,9954;-184,9918;92,5974;2,3944;-90,0000;118,9954;362,064;48,255;257,777;300,000;-28,1667;25,6670;-10,0062;-15,6607;-0,0000;-28,1667;-20,4282;4,1642;-35,3394;31,1760;-0,0087;-20,4280;16;0
7,2871;28,9231;-184,9260;92,5717;2,3543;-90,0000;118,9231;361,922;47,686;258,275;300,000;-28,2191;25,6776;-10,0968;-15,5808;0,0000;-28,2191;-20,4321;4,1139;-35,3471;31,2164;0,0012;-20,4325;16;0
7,2897;28,8508;-184,8602;92,5457;2,3145;-90,0000;118,8507;361,779;47,118;258,772;300,000;-28,2715;25,6880;-10,1874;-15,5007;0,0000;-28,2715;-20,4389;4,0716;-35,3543;31,2827;0,0000;-20,4389;16;0
7,2922;28,7782;-184,7943;92,5194;2,2749;-90,0000;118,7782;361,637;46,549;259,270;300,000;-28,3239;25,6984;-10,2780;-15,4204;0,0000;-28,3239;-20,4450;4,0331;-35,3602;31,3607;0,0002;-20,4445;16;0
7,2948;28,7056;-184,7284;92,4930;2,2355;-90,0000;118,7056;361,495;45,980;259,767;300,000;-28,3763;25,7087;-10,3687;-15,3399;0,0000;-28,3763;-20,4509;3,9798;-35,3693;31,3904;0,0000;-20,4508;16;0
7,2974;28,6328;-184,6625;92,4663;2,1962;-90,0000;118,6328;361,353;45,411;260,265;300,000;-28,4287;25,7188;-10,4594;-15,2595;0,0000;-28,4287;-20,4566;3,9305;-35,3784;31,4311;-0,0005;-20,4568;16;0
7,2999;28,5598;-184,5966;92,4394;2,1572;-90,0000;118,5598;361,211;44,843;260,763;300,000;-28,4812;25,7289;-10,5500;-15,1788;0,0000;-28,4812;-20,4689;3,8894;-35,3880;31,4995;-0,0246;-20,4678;16;0
7,3025;28,4867;-184,5306;92,4122;2,1184;-90,0000;118,4867;361,068;44,274;261,260;300,000;-28,5337;25,7388;-10,6408;-15,0980;-0,0001;-28,5336;-20,4665;3,8442;-35,3934;31,5496;0,0001;-20,4666;16;0
7,3051;28,4135;-184,4647;92,3848;2,0798;-90,0000;118,4135;360,926;43,705;261,758;300,000;-28,5861;25,7486;-10,7315;-15,0171;0,0000;-28,5861;-20,4567;3,7978;-35,3962;31,5938;0,0489;-20,4591;16;0
7,3076;28,3402;-184,3986;92,3572;2,0414;-90,0000;118,3402;360,784;43,137;262,256;300,000;-28,6385;25,7582;-10,8222;-14,9360;0,0001;-28,6385;-20,4785;3,7540;-35,4094;31,6556;-0,0106;-20,4779;16;0
7,3102;28,2667;-184,3326;92,3293;2,0033;-90,0000;118,2667;360,642;42,568;262,753;300,000;-28,6911;25,7678;-10,9130;-14,8548;-0,0001;-28,6911;-19,6069;2,9231;-35,0803;32,1601;-0,0244;-19,6056;16;0
7,3127;28,1931;-184,2665;92,3012;1,9653;-90,0000;118,1931;360,500;41,999;263,251;300,000;-28,7390;25,7732;-11,0021;-14,7712;0,0000;-28,7390;-4,1575;-10,9269;-29,0956;40,0206;0,0210;-4,1582;16;0
7,3153;28,1194;-184,2005;92,2729;1,9275;-90,0000;118,1194;360,358;41,431;263,748;299,906;-28,7124;25,7118;-11,0622;-14,6496;0,0001;-28,7124;28,8360;-40,4130;-16,1811;56,5942;-0,0015;28,8361;16;0
7,3179;28,0459;-184,1347;92,2445;1,8902;-90,0000;118,0459;360,216;40,865;264,243;298,354;-28,5912;25,5661;-11,0850;-14,4811;-0,0000;-28,5912;52,1404;-61,0952;-6,7718;67,8681;-0,0105;52,1408;16;0
7,3204;27,9728;-184,0694;92,2161;1,8533;-90,0000;117,9728;360,076;40,303;264,735;296,303;-28,4451;25,3986;-11,0969;-14,3017;0,0000;-28,4451;57,2148;-65,3918;-4,2781;69,6490;0,0013;57,2126;16;0
7,3230;27,9001;-184,0045;92,1877;1,8169;-90,0000;117,9001;359,936;39,745;265,223;294,253;-28,2979;25,2308;-11,1069;-14,1240;-0,0000;-28,2979;57,6244;-65,4985;-3,5720;69,0705;-0,0000;57,6245;16;0
7,3256;27,8278;-183,9401;92,1592;1,7809;-90,0000;117,8278;359,798;39,191;265,707;292,203;-28,1497;25,0628;-11,1152;-13,9476;-0,0000;-28,1497;58,0325;-65,5983;-2,8690;68,5089;0,0018;58,0367;16;0
7,3281;27,7558;-183,8761;92,1307;1,7454;-90,0000;117,7558;359,660;38,641;266,189;290,152;-28,0004;24,8946;-11,1216;-13,7728;0,0000;-28,0004;58,4370;-65,7150;-2,1744;67,8886;0,0001;58,4370;16;0
7,3307;27,6842;-183,8125;92,1022;1,7103;-90,0000;117,6842;359,524;38,095;266,667;288,101;-27,8501;24,7260;-11,1263;-13,5996;0,0000;-27,8501;58,8390;-65,8237;-1,4845;67,2875;-0,0017;58,8369;16;0
7,3333;27,6130;-183,7493;92,0736;1,6757;-90,0000;117,6130;359,388;37,553;267,141;286,051;-27,6988;24,5571;-11,1293;-13,4279;0,0000;-27,6988;59,2444;-65,9208;-0,7952;66,7173;0,0168;59,2445;16;0
7,3358;27,5422;-183,6866;92,0451;1,6415;-90,0000;117,5422;359,254;37,015;267,612;284,000;-27,5464;24,3880;-11,1304;-13,2576;0,0001;-27,5464;59,6368;-66,0211;-0,1148;66,1361;0,0000;59,6368;16;0
7,3384;27,4718;-183,6243;92,0166;1,6077;-90,0000;117,4718;359,120;36,480;268,080;281,950;-27,3931;24,2187;-11,1298;-13,0888;0,0000;-27,3931;60,0216;-66,1190;0,5592;65,5595;-0,0336;60,0214;16;0
7,3409;27,4018;-183,5624;91,9881;1,5744;-90,0000;117,4018;358,987;35,949;268,544;279,899;-27,2387;24,0491;-11,1275;-12,9215;-0,0001;-27,2387;60,4225;-66,2149;1,2350;64,9794;-0,0047;60,4226;16;0
7,3435;27,3322;-183,5010;91,9595;1,5415;-90,0000;117,3322;358,856;35,423;269,005;277,849;-27,0833;23,8792;-11,1235;-12,7557;-0,0000;-27,0833;60,8184;-66,3083;1,9049;64,4030;0,0168;60,8186;16;0
7,3461;27,2630;-183,4400;91,9310;1,5090;-90,0000;117,2630;358,725;34,900;269,463;275,798;-26,9269;23,7092;-11,1178;-12,5914;0,0000;-26,9269;61,2032;-66,3901;2,5690;63,8625;0,0096;61,2011;16;0
7,3486;27,1942;-183,3795;91,9025;1,4769;-90,0000;117,1942;358,595;34,381;269,917;273,748;-26,7696;23,5389;-11,1103;-12,4283;0,0000;-26,7696;61,5847;-66,4887;3,2242;63,2645;0,0000;61,5847;16;0
7,3512;27,1257;-183,3193;91,8741;1,4453;-90,0000;117,1257;358,466;33,866;270,367;271,696;-26,6112;23,3683;-11,1013;-12,2671;0,0000;-26,6112;61,9648;-66,5953;3,8749;62,6381;-0,0052;61,9687;16;0
7,3538;27,0577;-183,2597;91,8456;1,4140;-90,0000;117,0577;358,339;33,355;270,815;269,647;-26,4519;23,1975;-11,0905;-12,1072;-0,0000;-26,4519;62,3453;-66,6626;4,5292;62,1334;0,0000;62,3452;16;0
7,3563;26,9901;-183,2004;91,8172;1,3832;-90,0000;116,9901;358,212;32,847;271,258;267,596;-26,2916;23,0266;-11,0780;-11,9485;0,0000;-26,2916;62,7216;-66,7361;5,1737;61,6036;0,0002;62,7196;16;0
7,3589;26,9230;-183,1416;91,7888;1,3528;-90,0000;116,9230;358,086;32,344;271,699;265,545;-26,1304;22,8554;-11,0640;-11,7914;0,0000;-26,1304;63,0950;-66,8269;5,8109;61,0161;-0,0001;63,0950;16;0
7,3614;26,8562;-183,0833;91,7605;1,3228;-90,0000;116,8562;357,961;31,845;272,136;263,495;-25,9682;22,6840;-11,0482;-11,6358;-0,0000;-25,9682;63,4658;-66,9071;6,4465;60,4606;-0,0000;63,4658;16;0
7,3640;26,7898;-183,0253;91,7322;1,2931;-90,0000;116,7898;357,837;31,349;272,570;261,444;-25,8050;22,5124;-11,0309;-11,4815;0,0000;-25,8050;63,8335;-66,9853;7,0764;59,9080;-0,0013;63,8334;16;0
7,3666;26,7239;-182,9678;91,7040;1,2639;-90,0000;116,7239;357,714;30,857;273,000;259,394;-25,6409;22,3406;-11,0120;-11,3286;-0,0000;-25,6409;64,1992;-67,0614;7,7020;59,3594;0,0000;64,1992;16;0
7,3691;26,6584;-182,9108;91,6758;1,2351;-90,0000;116,6584;357,592;30,369;273,427;257,343;-25,4759;22,1686;-10,9914;-11,1772;0,0000;-25,4759;64,5636;-67,1375;8,3230;58,8078;0,0064;64,5703;16;0
7,3717;26,5933;-182,8542;91,6476;1,2066;-90,0000;116,5933;357,471;29,885;273,850;255,293;-25,3100;21,9964;-10,9693;-11,0272;0,0000;-25,3099;64,9215;-67,2087;8,9384;58,2704;0,0001;64,9214;16;0
7,3743;26,5286;-182,7980;91,6195;1,1785;-90,0000;116,5286;357,351;29,405;274,270;253,242;-25,1431;21,8241;-10,9456;-10,8785;0,0000;-25,1431;65,2758;-67,2763;9,5492;57,7426;-0,0086;65,2626;16;0
7,3768;26,4644;-182,7423;91,5915;1,1508;-90,0000;116,4644;357,232;28,929;274,687;251,191;-24,9753;21,6516;-10,9203;-10,7312;-0,0000;-24,9754;65,6324;-67,3493;10,1559;57,1943;-0,0006;65,6325;16;0
7,3794;26,4006;-182,6870;91,5635;1,1235;-90,0000;116,4006;357,114;28,457;275,100;249,141;-24,8067;21,4788;-10,8935;-10,5853;-0,0000;-24,8067;65,9849;-67,4192;10,7575;56,6536;0,0036;65,9916;16;0
7,3820;26,3372;-182,6322;91,5357;1,0966;-90,0000;116,3372;356,997;27,988;275,510;247,090;-24,6371;21,3059;-10,8652;-10,4407;0,0000;-24,6371;66,3301;-67,4849;11,3532;56,1262;-0,0074;66,3275;16;0
7,3845;26,2743;-182,5778;91,5078;1,0700;-90,0000;116,2743;356,881;27,524;275,917;245,040;-24,4666;21,1329;-10,8353;-10,2976;-0,0000;-24,4666;66,6780;-67,5484;11,9462;55,6023;-0,0000;66,6780;16;0
7,3871;26,2118;-182,5239;91,4801;1,0438;-90,0000;116,2118;356,766;27,063;276,320;242,989;-24,2953;20,9597;-10,8040;-10,1557;-0,0000;-24,2953;67,0256;-67,6099;12,5355;55,0825;0,0162;67,0306;16;0
7,3896;26,1498;-182,4704;91,4525;1,0179;-90,0000;116,1498;356,652;26,606;276,719;240,939;-24,1230;20,7863;-10,7711;-10,0152;0,0000;-24,1230;67,3606;-67,6737;13,1160;54,5574;-0,0004;67,3606;16;0
7,3922;26,0882;-182,4173;91,4249;0,9924;-90,0000;116,0882;356,538;26,154;277,116;238,888;-23,9499;20,6127;-10,7367;-9,8760;-0,0000;-23,9499;67,6953;-67,7347;13,6927;54,0385;-0,0083;67,6928;16;0
7,3948;26,0270;-182,3647;91,3974;0,9673;-90,0000;116,0270;356,426;25,705;277,508;236,838;-23,7760;20,4390;-10,7009;-9,7382;0,0000;-23,7760;68,0326;-67,7934;14,2667;53,5244;0,0023;68,0331;16;0
7,3973;25,9663;-182,3125;91,3700;0,9425;-90,0000;115,9663;356,315;25,259;277,898;234,787;-23,6012;20,2652;-10,6636;-9,6016;0,0000;-23,6012;68,3632;-67,8504;14,8347;53,0157;0,0000;68,3632;16;0
7,3999;25,9060;-182,2608;91,3427;0,9181;-90,0000;115,9060;356,205;24,818;278,284;232,737;-23,4255;20,0912;-10,6248;-9,4664;0,0000;-23,4255;68,7023;-67,9009;15,4025;52,5233;0,0354;68,6818;16;0
7,4025;25,8462;-182,2095;91,3156;0,8940;-90,0000;115,8462;356,095;24,381;278,667;230,686;-23,2490;19,9171;-10,5846;-9,3324;0,0002;-23,2491;69,0170;-67,9611;15,9560;52,0053;-0,0001;69,0177;16;0
7,4050;25,7868;-182,1587;91,2885;0,8702;-90,0000;115,7868;355,987;23,948;279,046;228,636;-23,0717;19,7428;-10,5430;-9,1998;-0,0000;-23,0717;69,3168;-68,0245;16,5010;51,4819;-0,0760;69,3563;16;0
7,4076;25,7279;-182,1083;91,2615;0,8468;-90,0000;115,7279;355,879;23,518;279,422;226,585;-22,8937;19,5684;-10,5000;-9,0685;-0,0002;-22,8936;69,6590;-68,0682;17,0599;51,0070;-0,0015;69,6576;16;0
7,4101;25,6695;-182,0584;91,2347;0,8237;-90,0000;115,6695;355,773;23,092;279,794;224,534;-22,7146;19,3939;-10,4556;-8,9383;-0,0000;-22,7146;69,9877;-68,1139;17,6079;50,5254;0,0387;69,9682;16;0
7,4127;25,6115;-182,0089;91,2079;0,8010;-90,0000;115,6115;355,668;22,671;280,163;222,484;-22,5349;19,2192;-10,4098;-8,8095;0,0000;-22,5349;70,2911;-68,1679;18,1425;50,0249;0,0044;70,2977;16;0
7,4153;25,5539;-181,9599;91,1813;0,7786;-90,0000;115,5539;355,563;22,253;280,529;220,433;-22,3543;19,0444;-10,3626;-8,6819;0,0000;-22,3543;70,6007;-68,2167;18,6770;49,5397;0,0000;70,6007;16;0
7,4178;25,4969;-181,9113;91,1548;0,7565;-90,0000;115,4969;355,460;21,839;280,891;218,383;-22,1729;18,8695;-10,3140;-8,5555;0,0000;-22,1729;70,9073;-68,2632;19,2064;49,0607;-0,0040;70,8955;16;0
7,4204;25,4403;-181,8632;91,1284;0,7347;-90,0000;115,4403;355,357;21,429;281,250;216,332;-21,9908;18,6945;-10,2641;-8,4304;-0,0000;-21,9908;71,2135;-68,3104;19,7315;48,5789;-0,0000;71,2135;16;0
7,4230;25,3841;-181,8155;91,1022;0,7133;-90,0000;115,3841;355,256;21,022;281,605;214,282;-21,8079;18,5193;-10,2129;-8,3065;-0,0000;-21,8079;71,5159;-68,3561;20,2515;48,1022;0,0012;71,5218;16;0
7,4255;25,3285;-181,7682;91,0761;0,6921;-90,0000;115,3285;355,155;20,620;281,957;212,231;-21,6242;18,3441;-10,1603;-8,1838;0,0000;-21,6242;71,8145;-68,3996;20,7667;47,6329;0,0000;71,8145;16;0
7,4281;25,2733;-181,7214;91,0501;0,6713;-90,0000;115,2733;355,055;20,222;282,306;210,181;-21,4397;18,1687;-10,1064;-8,0623;0,0000;-21,4397;72,1106;-68,4426;21,2770;47,1656;0,0000;72,1106;16;0
7,4307;25,2186;-181,6751;91,0243;0,6508;-90,0000;115,2186;354,957;19,827;282,651;208,130;-21,2545;17,9932;-10,0512;-7,9420;0,0000;-21,2545;72,4037;-68,4845;21,7825;46,7020;0,0000;72,4037;16;0
7,4332;25,1643;-181,6292;90,9986;0,6306;-90,0000;115,1643;354,859;19,436;282,993;206,080;-21,0686;17,8176;-9,9948;-7,8229;0,0000;-21,0686;72,6938;-68,5254;22,2832;46,2422;-0,0000;72,6938;16;0
7,4358;25,1106;-181,5837;90,9730;0,6107;-90,0000;115,1106;354,762;19,050;283,332;204,029;-20,8819;17,6419;-9,9370;-7,7049;0,0000;-20,8819;72,9810;-68,5653;22,7790;45,7863;-0,0000;72,9810;16;0
7,4383;25,0573;-181,5387;90,9476;0,5911;-90,0000;115,0573;354,667;18,667;283,667;201,978;-20,6944;17,4661;-9,8780;-7,5882;0,0000;-20,6944;73,2724;-68,6021;23,2727;45,3385;0,0239;73,3127;16;0
7,4409;25,0045;-181,4942;90,9224;0,5718;-90,0000;115,0045;354,572;18,288;283,998;199,928;-20,5062;17,2903;-9,8177;-7,4725;0,0001;-20,5060;73,5462;-68,6419;23,7560;44,8868;-0,0004;73,5464;16;0
7,4435;24,9522;-181,4501;90,8973;0,5528;-90,0000;114,9522;354,478;17,913;284,327;197,878;-20,3174;17,1143;-9,7562;-7,3580;-0,0000;-20,3174;73,8101;-68,6833;24,2319;44,4333;-0,0477;73,7295;16;0
7,4460;24,9003;-181,4065;90,8724;0,5341;-90,0000;114,9003;354,385;17,541;284,651;195,827;-20,1279;16,9382;-9,6935;-7,2447;-0,0001;-20,1281;74,0992;-68,7161;24,7138;43,9995;-0,0019;74,0981;16;0
7,4486;24,8490;-181,3633;90,8476;0,5157;-90,0000;114,8490;354,293;17,174;284,973;193,776;-19,9376;16,7620;-9,6295;-7,1325;-0,0000;-19,9376;74,3792;-68,7484;25,1881;43,5694;0,0239;74,4195;16;0
7,4512;24,7981;-181,3205;90,8230;0,4975;-90,0000;114,7981;354,203;16,811;285,291;191,726;-19,7466;16,5857;-9,5644;-7,0214;0,0000;-19,7466;74,6418;-68,7822;25,6524;43,1406;0,0019;74,6499;16;0
7,4537;24,7477;-181,2782;90,7986;0,4797;-90,0000;114,7477;354,113;16,451;285,605;189,675;-19,5549;16,4094;-9,4980;-6,9113;-0,0000;-19,5549;74,9075;-68,8182;26,1138;42,7044;-0,0000;74,9075;16;0
7,4563;24,6979;-181,2364;90,7743;0,4621;-90,0000;114,6979;354,024;16,095;285,917;187,625;-19,3626;16,2329;-9,4305;-6,8025;-0,0000;-19,3626;75,1718;-68,8547;26,5707;42,2672;0,0035;75,1584;16;0
7,4589;24,6485;-181,1950;90,7502;0,4448;-90,0000;114,6485;353,936;15,743;286,224;185,574;-19,1696;16,0564;-9,3618;-6,6947;0,0000;-19,1696;75,4311;-68,8826;27,0229;41,8597;0,0001;75,4311;16;0
7,4614;24,5996;-181,1541;90,7263;0,4278;-90,0000;114,5996;353,849;15,396;286,529;183,524;-18,9759;15,8798;-9,2920;-6,5879;0,0000;-18,9759;75,6874;-68,9118;27,4700;41,4497;-0,0030;75,6937;16;0
7,4640;24,5512;-181,1136;90,7026;0,4110;-90,0000;114,5512;353,763;15,052;286,830;181,473;-18,7816;15,7031;-9,2210;-6,4822;0,0000;-18,7816;75,9426;-68,9437;27,9124;41,0316;0,0001;75,9426;16;0
7,4665;24,5033;-181,0736;90,6791;0,3946;-90,0000;114,5033;353,678;14,711;287,128;179,423;-18,5866;15,5264;-9,1489;-6,3775;0,0000;-18,5866;76,1938;-68,9732;28,3498;40,6234;-0,0000;76,1938;16;0
7,4691;24,4559;-181,0340;90,6557;0,3783;-90,0000;114,4559;353,594;14,375;287,422;177,372;-18,3910;15,3496;-9,0756;-6,2739;0,0000;-18,3910;76,4420;-69,0019;28,7823;40,2197;-0,0005;76,4420;16;0
7,4717;24,4090;-180,9949;90,6325;0,3624;-90,0000;114,4090;353,511;14,043;287,713;175,321;-18,1947;15,1727;-9,0013;-6,1713;-0,0000;-18,1947;76,6874;-69,0299;29,2100;39,8198;-0,0000;76,6874;16;0
7,4742;24,3627;-180,9563;90,6096;0,3467;-90,0000;114,3627;353,429;13,714;288,000;173,271;-17,9978;14,9957;-8,9259;-6,0698;0,0000;-17,9978;76,9297;-69,0573;29,6328;39,4236;-0,0001;76,9295;16;0
7,4768;24,3168;-180,9180;90,5868;0,3313;-90,0000;114,3168;353,347;13,390;288,284;171,220;-17,8003;14,8187;-8,8494;-5,9692;-0,0000;-17,8003;77,1690;-69,0837;30,0507;39,0330;0,0000;77,1690;16;0
7,4794;24,2714;-180,8803;90,5642;0,3161;-90,0000;114,2714;353,267;13,069;288,565;169,170;-17,6022;14,6415;-8,7719;-5,8697;0,0000;-17,6022;77,4057;-69,1094;30,4638;38,6460;0,0012;77,4061;16;0
7,4819;24,2265;-180,8430;90,5418;0,3012;-90,0000;114,2265;353,188;12,752;288,842;167,119;-17,4035;14,4644;-8,6932;-5,7711;0,0000;-17,4035;77,6387;-69,1347;30,8717;38,2630;-0,0000;77,6387;16;0
7,4845;24,1822;-180,8061;90,5196;0,2865;-90,0000;114,1822;353,110;12,439;289,116;165,069;-17,2042;14,2871;-8,6136;-5,6735;0,0000;-17,2042;77,8690;-69,1590;31,2749;37,8852;-0,0001;77,8683;16;0
7,4870;24,1383;-180,7697;90,4976;0,2721;-90,0000;114,1383;353,033;12,130;289,386;163,018;-17,0043;14,1098;-8,5329;-5,5769;0,0000;-17,0043;78,0963;-69,1832;31,6731;37,5100;-0,0000;78,0963;16;0
7,4896;24,0950;-180,7338;90,4759;0,2579;-90,0000;114,0950;352,956;11,825;289,653;160,968;-16,8039;13,9325;-8,4512;-5,4813;0,0000;-16,8039;78,3200;-69,2064;32,0662;37,1405;-0,0022;78,3209;16;0
7,4922;24,0522;-180,6983;90,4543;0,2440;-90,0000;114,0522;352,881;11,524;289,917;158,917;-16,6029;13,7551;-8,3685;-5,3865;-0,0000;-16,6028;78,5421;-69,2291;32,4549;36,7742;0,0000;78,5421;16;0
7,4947;24,0099;-180,6633;90,4330;0,2303;-90,0000;114,0099;352,807;11,226;290,177;156,867;-16,4012;13,5776;-8,2848;-5,2927;0,0000;-16,4012;78,7606;-69,2520;32,8383;36,4103;0,0004;78,7587;16;0
7,4973;23,9681;-180,6287;90,4119;0,2169;-90,0000;113,9681;352,733;10,933;290,434;154,816;-16,1991;13,4001;-8,2002;-5,1999;-0,0000;-16,1991;78,9758;-69,2727;33,2170;36,0557;0,0000;78,9758;16;0
7,4999;23,9269;-180,5946;90,3909;0,2037;-90,0000;113,9269;352,661;10,643;290,687;152,765;-15,9964;13,2225;-8,1146;-5,1079;0,0000;-15,9964;79,1889;-69,2926;33,5909;35,7062;0,0021;79,1922;16;0
7,5024;23,8861;-180,5609;90,3703;0,1907;-90,0000;113,8861;352,589;10,358;290,937;150,715;-15,7931;13,0448;-8,0280;-5,0168;0,0000;-15,7931;79,3977;-69,3140;33,9593;35,3547;-0,0000;79,3977;16;0
7,5050;23,8459;-180,5277;90,3498;0,1779;-90,0000;113,8459;352,519;10,076;291,184;148,664;-15,5894;12,8671;-7,9405;-4,9267;0,0000;-15,5894;79,6033;-69,3351;34,3227;35,0072;-0,0028;79,5992;16;0
7,5076;23,8062;-180,4950;90,3295;0,1654;-90,0000;113,8062;352,449;9,798;291,427;146,614;-15,3851;12,6894;-7,8520;-4,8374;-0,0000;-15,3851;79,8077;-69,3532;34,6820;34,6712;0,0000;79,8077;16;0
7,5101;23,7670;-180,4627;90,3095;0,1531;-90,0000;113,7670;352,381;9,524;291,667;144,563;-15,1802;12,5116;-7,7627;-4,7489;0,0000;-15,1802;80,0091;-69,3703;35,0364;34,3413;0,0029;80,0143;16;0
7,5127;23,7284;-180,4308;90,2898;0,1411;-90,0000;113,7284;352,313;9,254;291,903;142,513;-14,9749;12,3338;-7,6724;-4,6613;0,0000;-14,9749;80,2058;-69,3903;35,3849;34,0054;-0,0000;80,2058;16;0
7,5152;23,6903;-180,3994;90,2702;0,1292;-90,0000;113,6903;352,247;8,987;292,136;140,462;-14,7691;12,1559;-7,5813;-4,5746;0,0000;-14,7691;80,3989;-69,4105;35,7282;33,6719;-0,0050;80,3900;16;0
7,5178;23,6527;-180,3685;90,2509;0,1176;-90,0000;113,6527;352,181;8,725;292,366;138,412;-14,5628;11,9780;-7,4893;-4,4887;-0,0000;-14,5628;80,5921;-69,4254;36,0680;33,3574;-0,0000;80,5921;16;0
7,5204;23,6156;-180,3380;90,2318;0,1062;-90,0000;113,6156;352,117;8,466;292,592;136,361;-14,3559;11,8000;-7,3964;-4,4036;0,0000;-14,3559;80,7809;-69,4351;36,4029;33,0630;0,0005;80,7978;16;0
7,5229;23,5791;-180,3080;90,2130;0,0951;-90,0000;113,5791;352,053;8,212;292,815;134,311;-14,1486;11,6220;-7,3027;-4,3192;-0,0000;-14,1486;80,9665;-69,4587;36,7313;32,7273;-0,0000;80,9664;16;0
7,5255;23,5431;-180,2785;90,1944;0,0841;-90,0000;113,5431;351,990;7,961;293,034;132,260;-13,9409;11,4439;-7,2081;-4,2358;-0,0000;-13,9409;81,1530;-69,4860;37,0558;32,3818;0,0120;81,1348;16;0
7,5281;23,5076;-180,2494;90,1760;0,0733;-90,0000;113,5076;351,929;7,714;293,250;130,210;-13,7326;11,2658;-7,1127;-4,1532;0,0000;-13,7327;81,3292;-69,4902;37,3750;32,1152;0,0000;81,3293;16;0
7,5306;23,4727;-180,2207;90,1579;0,0628;-90,0000;113,4727;351,868;7,471;293,463;128,159;-13,5240;11,0877;-7,0165;-4,0712;0,0000;-13,5240;81,5071;-69,5030;37,6897;31,8227;0,0033;81,5220;16;0
7,5332;23,4383;-180,1925;90,1401;0,0525;-90,0000;113,4383;351,808;7,232;293,672;126,108;-13,3148;10,9095;-6,9195;-3,9901;0,0001;-13,3148;81,6800;-69,5198;37,9984;31,5215;0,0000;81,6799;16;0
7,5357;23,4044;-180,1648;90,1224;0,0423;-90,0000;113,4044;351,749;6,997;293,878;124,058;-13,1052;10,7313;-6,8217;-3,9096;0,0000;-13,1052;81,8437;-69,5277;38,3010;31,2543;-0,0240;81,8282;16;0
7,5383;23,3711;-180,1375;90,1051;0,0324;-90,0000;113,3711;351,691;6,766;294,080;122,007;-12,8952;10,5531;-6,7231;-3,8299;-0,0001;-12,8953;82,0191;-69,5481;38,6024;30,9457;-0,0001;82,0192;16;0
7,5409;23,3383;-180,1107;90,0880;0,0227;-90,0000;113,3383;351,635;6,538;294,279;119,957;-12,6848;10,3748;-6,6238;-3,7510;-0,0000;-12,6848;82,1880;-69,5648;38,8977;30,6533;0,0120;82,1958;16;0
7,5434;23,3061;-180,0843;90,0711;0,0132;-90,0000;113,3061;351,579;6,315;294,474;117,906;-12,4739;10,1965;-6,5237;-3,6727;0,0000;-12,4739;82,3466;-69,5746;39,1862;30,3884;0,0001;82,3465;16;0
7,5460;23,2744;-180,0584;90,0545;0,0039;-90,0000;113,2744;351,524;6,095;294,667;115,856;-12,2626;10,0181;-6,4229;-3,5952;0,0000;-12,2626;82,5069;-69,5871;39,4711;30,1173;0,0032;82,5112;16;0
7,5486;23,2432;-180,0330;90,0382;-0,0052;-90,0000;113,2432;351,470;5,879;294,855;113,805;-12,0510;9,8397;-6,3214;-3,5183;0,0000;-12,0509;82,6623;-69,5997;39,7502;29,8496;-0,0000;82,6623;16;0
7,5511;23,2126;-180,0080;90,0221;-0,0142;-90,0000;113,2126;351,417;5,668;295,041;111,755;-11,8389;9,6613;-6,2192;-3,4422;0,0000;-11,8389;82,8130;-69,6107;40,0238;29,5915;-0,0094;82,8057;16;0
7,5537;23,1825;-179,9834;90,0063;-0,0229;-90,0000;113,1825;351,365;5,460;295,223;109,704;-11,6264;9,4829;-6,1162;-3,3666;-0,0000;-11,6264;82,9664;-69,6234;40,2943;29,3292;0,0000;82,9664;16;0
7,5563;23,1530;-179,9594;89,9908;-0,0314;-90,0000;113,1530;351,314;5,256;295,401;107,653;-11,4136;9,3044;-6,0126;-3,2918;0,0000;-11,4136;83,1169;-69,6379;40,5595;29,0650;0,0090;83,1116;16;0
7,5588;23,1240;-179,9357;89,9755;-0,0398;-90,0000;113,1240;351,264;5,055;295,577;105,603;-11,2003;9,1259;-5,9083;-3,2176;0,0000;-11,2004;83,2589;-69,6457;40,8184;28,8274;-0,0000;83,2589;16;0
7,5614;23,0956;-179,9126;89,9605;-0,0479;-90,0000;113,0956;351,215;4,859;295,748;103,552;-10,9867;8,9474;-5,8033;-3,1440;0,0000;-10,9867;83,4000;-69,6545;41,0728;28,5899;-0,0026;83,4149;16;0
7,5639;23,0677;-179,8899;89,9457;-0,0559;-90,0000;113,0677;351,167;4,667;295,917;101,502;-10,7728;8,7688;-5,6977;-3,0711;0,0000;-10,7728;83,5398;-69,6668;41,3225;28,3443;-0,0000;83,5398;16;0
7,5665;23,0403;-179,8676;89,9313;-0,0636;-90,0000;113,0403;351,120;4,478;296,082;99,451;-10,5585;8,5902;-5,5915;-2,9987;0,0000;-10,5585;83,6760;-69,6771;41,5670;28,1088;0,0000;83,6692;16;0
7,5691;23,0136;-179,8458;89,9171;-0,0712;-90,0000;113,0136;351,073;4,293;296,243;97,401;-10,3438;8,4116;-5,4847;-2,9270;0,0000;-10,3438;83,8092;-69,6866;41,8066;27,8800;-0,0000;83,8092;16;0
7,5716;22,9873;-179,8245;89,9032;-0,0787;-90,0000;112,9873;351,028;4,113;296,401;95,350;-10,1289;8,2330;-5,3772;-2,8558;0,0000;-10,1289;83,9395;-69,6959;42,0412;27,6553;-0,0001;83,9396;16;0
7,5742;22,9616;-179,8036;89,8895;-0,0859;-90,0000;112,9616;350,984;3,936;296,556;93,300;-9,9135;8,0543;-5,2691;-2,7852;0,0000;-9,9135;84,0674;-69,7050;42,2708;27,4348;0,0012;84,0699;16;0
7,5768;22,9365;-179,7832;89,8761;-0,0929;-90,0000;112,9365;350,941;3,763;296,707;91,249;-9,6979;7,8757;-5,1605;-2,7152;0,0000;-9,6979;84,1916;-69,7140;42,4952;27,2188;-0,0001;84,1916;16;0
7,5793;22,9119;-179,7633;89,8631;-0,0998;-90,0000;112,9119;350,898;3,594;296,855;89,199;-9,4819;7,6970;-5,0513;-2,6457;0,0000;-9,4819;84,3126;-69,7228;42,7145;27,0077;-0,0027;84,3078;16;0
7,5819;22,8879;-179,7438;89,8503;-0,1065;-90,0000;112,8879;350,857;3,429;297,000;87,148;-9,2657;7,5182;-4,9415;-2,5767;-0,0000;-9,2657;84,4323;-69,7310;42,9293;26,8017;0,0000;84,4323;16;0
7,5844;22,8644;-179,7247;89,8377;-0,1130;-90,0000;112,8644;350,817;3,267;297,141;85,098;-9,0491;7,3395;-4,8312;-2,5083;0,0000;-9,0491;84,5489;-69,7392;43,1390;26,5994;0,0018;84,5511;16;0
7,5870;22,8415;-179,7061;89,8255;-0,1194;-90,0000;112,8415;350,777;3,110;297,279;83,047;-8,8323;7,1607;-4,7204;-2,4404;0,0000;-8,8323;84,6522;-69,7505;43,3399;26,3949;-0,0301;84,6273;16;0
7,5896;22,8191;-179,6880;89,8135;-0,1255;-90,0000;112,8191;350,739;2,956;297,413;80,996;-8,6152;6,9819;-4,6090;-2,3730;-0,0002;-8,6153;84,7717;-69,7541;43,5427;26,2123;-0,0004;84,7719;16;0
7,5921;22,7973;-179,6703;89,8019;-0,1315;-90,0000;112,7973;350,702;2,807;297,544;78,946;-8,3977;6,8032;-4,4972;-2,3060;-0,0000;-8,3977;84,8978;-69,7542;43,7440;26,0416;0,0603;84,9477;16;0
7,5947;22,7761;-179,6531;89,7905;-0,1373;-90,0000;112,7761;350,665;2,661;297,672;76,896;-8,1799;6,6244;-4,3848;-2,2395;0,0002;-8,1798;84,9840;-69,7688;43,9267;25,8417;0,0001;84,9838;16;0
7,5973;22,7554;-179,6364;89,7794;-0,1430;-90,0000;112,7554;350,630;2,519;297,796;74,845;-7,9620;6,4455;-4,2720;-2,1735;0,0000;-7,9620;85,0751;-69,7800;44,1071;25,6538;-0,0346;85,0507;16;0
7,5998;22,7353;-179,6201;89,7686;-0,1485;-90,0000;112,7353;350,595;2,381;297,917;72,794;-7,7438;6,2666;-4,1587;-2,1080;-0,0000;-7,7438;85,1846;-69,7820;44,2903;25,4918;-0,0001;85,1847;16;0
7,6024;22,7157;-179,6043;89,7581;-0,1538;-90,0000;112,7157;350,562;2,247;298,034;70,744;-7,5253;6,0878;-4,0449;-2,0428;0,0000;-7,5253;85,2834;-69,7866;44,4657;25,3283;0,0085;85,2833;16;0
7,6050;22,6967;-179,5889;89,7478;-0,1590;-90,0000;112,6967;350,529;2,117;298,148;68,693;-7,3066;5,9089;-3,9307;-1,9781;0,0000;-7,3066;85,3741;-69,7945;44,6340;25,1604;-0,0000;85,3741;16;0
7,6075;22,6783;-179,5740;89,7379;-0,1639;-90,0000;112,6783;350,498;1,990;298,259;66,643;-7,0877;5,7300;-3,8161;-1,9138;0,0000;-7,0877;85,4634;-69,8014;44,7978;24,9990;-0,0036;85,4618;16;0
7,6101;22,6604;-179,5595;89,7283;-0,1688;-90,0000;112,6604;350,467;1,868;298,366;64,592;-6,8685;5,5511;-3,7011;-1,8500;0,0000;-6,8685;85,5442;-69,8110;44,9545;24,8352;-0,0260;85,5361;16;0
7,6126;22,6430;-179,5455;89,7189;-0,1734;-90,0000;112,6430;350,437;1,749;298,469;62,542;-6,6491;5,3721;-3,5857;-1,7865;-0,0001;-6,6492;85,6369;-69,8113;45,1117;24,7003;-0,0004;85,6381;16;0
7,6152;22,6263;-179,5320;89,7099;-0,1779;-90,0000;112,6263;350,409;1,635;298,570;60,491;-6,4295;5,1932;-3,4698;-1,7233;0,0000;-6,4295;85,7350;-69,8066;45,2670;24,5823;0,0521;85,7512;16;0
7,6178;22,6101;-179,5189;89,7012;-0,1823;-90,0000;112,6101;350,381;1,524;298,667;58,441;-6,2096;5,0142;-3,3536;-1,6605;0,0001;-6,2096;85,7982;-69,8218;45,4051;24,4166;0,0000;85,7982;16;0
7,6203;22,5944;-179,5063;89,6927;-0,1864;-90,0000;112,5944;350,354;1,417;298,760;56,390;-5,9897;4,8352;-3,2371;-1,5982;0,0000;-5,9897;85,8668;-69,8316;45,5411;24,2690;-0,0256;85,8596;16;0
7,6229;22,5794;-179,4941;89,6846;-0,1905;-90,0000;112,5794;350,328;1,314;298,850;54,339;-5,7695;4,6563;-3,1202;-1,5361;0,0000;-5,7695;85,9482;-69,8311;45,6781;24,1531;-0,0000;85,9482;16;0
7,6255;22,5649;-179,4824;89,6767;-0,1943;-90,0000;112,5649;350,304;1,215;298,937;52,289;-5,5491;4,4773;-3,0029;-1,4744;0,0000;-5,5491;86,0187;-69,8355;45,8070;24,0288;-0,0009;86,0169;16;0
7,6280;22,5509;-179,4712;89,6692;-0,1980;-90,0000;112,5509;350,280;1,120;299,020;50,238;-5,3285;4,2983;-2,8853;-1,4129;-0,0000;-5,3285;86,0881;-69,8377;45,9316;23,9147;0,0036;86,0882;16;0
7,6306;22,5376;-179,4604;89,6619;-0,2016;-90,0000;112,5376;350,257;1,028;299,100;48,188;-5,1077;4,1193;-2,7675;-1,3518;0,0000;-5,1077;86,1523;-69,8438;46,0500;23,7936;0,0004;86,1532;16;0
7,6331;22,5247;-179,4500;89,6550;-0,2049;-90,0000;112,5247;350,235;0,941;299,177;46,137;-4,8868;3,9402;-2,6493;-1,2909;-0,0000;-4,8868;86,2122;-69,8516;46,1627;23,6720;-0,0077;86,2126;16;0
7,6357;22,5125;-179,4402;89,6483;-0,2082;-90,0000;112,5125;350,214;0,857;299,250;44,087;-4,6658;3,7612;-2,5308;-1,2304;-0,0000;-4,6658;86,2742;-69,8512;46,2726;23,5787;0,0000;86,2742;16;0
7,6383;22,5008;-179,4308;89,6420;-0,2112;-90,0000;112,5008;350,194;0,777;299,320;42,036;-4,4446;3,5821;-2,4121;-1,1701;0,0000;-4,4446;86,3323;-69,8528;46,3769;23,4841;0,0044;86,3313;16;0
7,6408;22,4897;-179,4218;89,6360;-0,2142;-90,0000;112,4897;350,175;0,702;299,386;39,986;-4,2232;3,4031;-2,2931;-1,1100;0,0000;-4,2232;86,3849;-69,8582;46,4750;23,3823;-0,0002;86,3851;16;0
7,6434;22,4792;-179,4133;89,6302;-0,2169;-90,0000;112,4792;350,157;0,630;299,449;37,935;-4,0017;3,2240;-2,1738;-1,0502;-0,0000;-4,0017;86,4361;-69,8610;46,5686;23,2926;-0,0004;86,4367;16;0
7,6460;22,4692;-179,4053;89,6248;-0,2196;-90,0000;112,4692;350,140;0,562;299,509;35,885;-3,7801;3,0449;-2,0543;-0,9906;0,0000;-3,7801;86,4848;-69,8636;46,6573;23,2081;0,0004;86,4845;16;0
7,6485;22,4598;-179,3977;89,6197;-0,2220;-90,0000;112,4598;350,124;0,498;299,565;33,834;-3,5584;2,8659;-1,9346;-0,9312;0,0000;-3,5584;86,5306;-69,8668;46,7408;23,1258;0,0006;86,5313;16;0
7,6511;22,4510;-179,3906;89,6149;-0,2243;-90,0000;112,4510;350,109;0,437;299,617;31,783;-3,3365;2,6868;-1,8147;-0,8721;0,0000;-3,3365;86,5732;-69,8695;46,8192;23,0494;-0,0002;86,5733;16;0
7,6537;22,4427;-179,3839;89,6104;-0,2265;-90,0000;112,4427;350,095;0,381;299,667;29,733;-3,1146;2,5077;-1,6946;-0,8131;-0,0000;-3,1146;86,6130;-69,8716;46,8925;22,9794;-0,0012;86,6115;16;0
7,6562;22,4350;-179,3777;89,6062;-0,2285;-90,0000;112,4350;350,082;0,328;299,713;27,682;-2,8925;2,3286;-1,5743;-0,7543;-0,0000;-2,8925;86,6508;-69,8737;46,9610;22,9134;0,0003;86,6509;16;0
7,6588;22,4279;-179,3720;89,6023;-0,2304;-90,0000;112,4279;350,070;0,280;299,755;25,632;-2,6704;2,1495;-1,4539;-0,6956;0,0000;-2,6704;86,6855;-69,8760;47,0243;22,8516;0,0006;86,6863;16;0
7,6613;22,4213;-179,3667;89,5988;-0,2321;-90,0000;112,4213;350,059;0,235;299,794;23,581;-2,4481;1,9704;-1,3333;-0,6371;-0,0000;-2,4481;86,7169;-69,8782;47,0824;22,7944;-0,0006;86,7168;16;0
7,6639;22,4153;-179,3619;89,5955;-0,2336;-90,0000;112,4153;350,049;0,194;299,830;21,531;-2,2258;1,7913;-1,2125;-0,5788;-0,0000;-2,2258;86,7461;-69,8795;47,1356;22,7439;-0,0000;86,7463;16;0
7,6665;22,4099;-179,3575;89,5926;-0,2350;-90,0000;112,4099;350,039;0,157;299,862;19,480;-2,0035;1,6122;-1,0916;-0,5205;-0,0000;-2,0035;86,7711;-69,8792;47,1834;22,7038;-0,0042;86,7930;16;0
7,6690;22,4050;-179,3536;89,5899;-0,2363;-90,0000;112,4050;350,031;0,124;299,891;17,430;-1,7810;1,4331;-0,9706;-0,4624;-0,0000;-1,7809;86,7959;-69,8825;47,2268;22,6556;0,0001;86,7956;16;0
7,6716;22,4008;-179,3502;89,5876;-0,2374;-90,0000;112,4008;350,024;0,095;299,917;15,379;-1,5585;1,2539;-0,8495;-0,4044;0,0000;-1,5585;86,8194;-69,8871;47,2655;22,6070;0,0090;86,7759;16;0
7,6742;22,3971;-179,3472;89,5856;-0,2384;-90,0000;112,3971;350,017;0,070;299,939;13,329;-1,3359;1,0748;-0,7283;-0,3465;0,0000;-1,3361;86,8329;-69,8855;47,2971;22,5852;-0,0054;86,8319;16;0
7,6767;22,3939;-179,3447;89,5838;-0,2392;-90,0000;112,3939;350,012;0,049;299,957;11,278;-1,1134;0,8957;-0,6071;-0,2886;-0,0000;-1,1134;86,8484;-69,8839;47,3252;22,5661;-0,0044;86,8702;16;0
7,6793;22,3914;-179,3426;89,5824;-0,2398;-90,0000;112,3914;350,008;0,031;299,973;9,227;-0,8907;0,7165;-0,4857;-0,2308;0,0000;-0,8907;86,8655;-69,8848;47,3496;22,5419;0,0107;86,8679;16;0
7,6818;22,3894;-179,3410;89,5814;-0,2404;-90,0000;112,3894;350,004;0,017;299,985;7,177;-0,6681;0,5374;-0,3643;-0,1730;0,0000;-0,6681;86,8721;-69,8869;47,3665;22,5204;-0,0001;86,8722;16;0
7,6844;22,3879;-179,3398;89,5806;-0,2407;-90,0000;112,3879;350,002;0,008;299,993;5,126;-0,4454;0,3583;-0,2429;-0,1154;-0,0000;-0,4454;86,8771;-69,8881;47,3781;22,5067;-0,0055;86,8759;16;0
7,6870;22,3871;-179,3392;89,5801;-0,2410;-90,0000;112,3871;350,000;0,002;299,998;3,076;-0,2227;0,1791;-0,1215;-0,0577;-0,0000;-0,2227;65,1609;-52,4156;35,5374;16,8783;-0,0002;65,1607;16;0
7,6895;22,3868;-179,3389;89,5800;-0,2410;-90,0000;112,3868;350,000;0,000;300,000;1,025;-0,1114;0,0896;-0,0607;-0,0288;-0,0000;-0,1114;43,4407;-34,9438;23,6919;11,2519;-0,0001;43,4406;16;0
