ido_s;J1_fok;J2_fok;J3_fok;J4_fok;J5_fok;J6_fok;TCP_X_mm;TCP_Y_mm;TCP_Z_mm;TCP_sebesseg_mm_s;v_J1_fok_s;v_J2_fok_s;v_J3_fok_s;v_J4_fok_s;v_J5_fok_s;v_J6_fok_s;a_J1_fok_s2;a_J2_fok_s2;a_J3_fok_s2;a_J4_fok_s2;a_J5_fok_s2;a_J6_fok_s2;mozgas_id;hibakod
0,0000;-0,0000;13,8370;30,3208;0,0000;45,8422;180,0000;330,000;0,000;200,000;0,000;-0,1394;0,1390;0,1509;0,0000;-0,2899;-0,1394;-24,0419;23,9737;26,0263;0,0000;-50,0000;-24,0419;5;0
0,0058;-0,0008;13,8378;30,3217;0,0000;45,8405;179,9992;329,999;-0,005;199,991;1,710;-0,2788;0,2780;0,3018;0,0000;-0,5799;-0,2788;-36,0628;35,9606;39,0394;0,0000;-75,0000;-36,0628;5;0
0,0116;-0,0032;13,8402;30,3243;0,0000;45,8355;179,9968;329,996;-0,019;199,965;5,130;-0,5576;0,5561;0,6037;0,0000;-1,1597;-0,5576;-48,0837;47,9474;52,0526;0,0000;-100,0000;-48,0837;5;0
0,0174;-0,0073;13,8443;30,3287;0,0000;45,8271;179,9927;329,991;-0,042;199,922;8,550;-0,8365;0,8341;0,9055;0,0000;-1,7396;-0,8365;-48,0837;47,9474;52,0526;0,0000;-100,0000;-48,0837;5;0
0,0232;-0,0129;13,8499;30,3348;0,0000;45,8153;179,9871;329,984;-0,074;199,861;11,970;-1,1153;1,1121;1,2073;0,0000;-2,3195;-1,1153;-48,0837;47,9474;52,0526;0,0000;-100,0000;-48,0837;5;0
0,0290;-0,0202;13,8572;30,3427;0,0000;45,8002;179,9798;329,975;-0,116;199,783;15,389;-1,3941;1,3902;1,5092;0,0000;-2,8993;-1,3941;-48,0837;47,9474;52,0526;0,0000;-100,0000;-48,0837;5;0
0,0348;-0,0291;13,8660;30,3523;0,0000;45,7817;179,9709;329,963;-0,168;199,687;18,808;-1,6729;1,6682;1,8110;0,0000;-3,4792;-1,6729;-48,0837;47,9474;52,0526;0,0000;-100,0000;-48,0837;5;0
0,0406;-0,0396;13,8765;30,3637;0,0000;45,7598;179,9604;329,950;-0,228;199,574;22,226;-1,9518;1,9462;2,1129;0,0000;-4,0591;-1,9518;-48,0837;47,9474;52,0526;0,0000;-100,0000;-48,0837;5;0
0,0464;-0,0517;13,8886;30,3768;0,0000;45,7346;179,9483;329,935;-0,298;199,444;25,644;-2,2306;2,2243;2,4147;0,0000;-4,6389;-2,2306;-48,0837;47,9474;52,0526;0,0000;-100,0000;-48,0837;5;0
0,0522;-0,0655;13,9023;30,3917;0,0000;45,7060;179,9345;329,917;-0,377;199,296;29,060;-2,5094;2,5023;2,7165;0,0000;-5,2188;-2,5094;-48,0837;47,9474;52,0526;0,0000;-100,0000;-48,0837;5;0
0,0580;-0,0808;13,9176;30,4083;0,0000;45,6741;179,9192;329,897;-0,465;199,131;32,476;-2,7882;2,7803;3,0184;0,0000;-5,7987;-2,7882;-48,0837;47,9474;52,0526;0,0000;-100,0000;-48,0837;5;0
0,0638;-0,0978;13,9345;30,4267;0,0000;45,6388;179,9022;329,875;-0,563;198,948;35,890;-3,0670;3,0583;3,3202;0,0000;-6,3785;-3,0670;-48,0837;47,9474;52,0526;0,0000;-100,0000;-48,0837;5;0
0,0696;-0,1164;13,9531;30,4468;0,0000;45,6001;179,8836;329,851;-0,670;198,749;39,303;-3,3459;3,3364;3,6220;0,0000;-6,9584;-3,3459;-48,0837;47,9474;52,0526;0,0000;-100,0000;-48,0837;5;0
0,0754;-0,1366;13,9732;30,4687;0,0000;45,5581;179,8634;329,825;-0,786;198,531;42,715;-3,6247;3,6144;3,9239;0,0000;-7,5383;-3,6247;-48,0837;47,9474;52,0526;0,0000;-100,0000;-48,0837;5;0
0,0812;-0,1584;13,9950;30,4923;0,0000;45,5127;179,8416;329,796;-0,912;198,297;46,125;-3,9035;3,8924;4,2257;0,0000;-8,1181;-3,9035;-48,0837;47,9474;52,0526;0,0000;-100,0000;-48,0837;5;0
0,0870;-0,1819;14,0184;30,5177;0,0000;45,4639;179,8181;329,765;-1,047;198,045;49,533;-4,1823;4,1705;4,5275;0,0000;-8,6980;-4,1823;-48,0837;47,9474;52,0526;0,0000;-100,0000;-48,0837;5;0
0,0928;-0,2070;14,0434;30,5448;0,0000;45,4118;179,7930;329,731;-1,191;197,776;52,940;-4,4611;4,4485;4,8294;0,0000;-9,2779;-4,4611;-48,0837;47,9474;52,0526;0,0000;-100,0000;-48,0837;5;0
0,0986;-0,2336;14,0700;30,5737;0,0000;45,3563;179,7664;329,695;-1,344;197,490;56,345;-4,7400;4,7265;5,1312;0,0000;-9,8577;-4,7400;-48,0837;47,9474;52,0526;0,0000;-100,0000;-48,0837;5;0
0,1044;-0,2619;14,0982;30,6043;0,0000;45,2975;179,7381;329,656;-1,507;197,187;59,748;-5,0188;5,0046;5,4330;0,0000;-10,4376;-5,0188;-48,0837;47,9474;52,0526;0,0000;-100,0000;-48,0837;5;0
0,1102;-0,2918;14,1280;30,6367;0,0000;45,2353;179,7082;329,615;-1,679;196,866;63,149;-5,2976;5,2826;5,7349;0,0000;-11,0175;-5,2976;-48,0837;47,9474;52,0526;0,0000;-100,0000;-48,0837;5;0
0,1160;-0,3234;14,1594;30,6708;0,0000;45,1697;179,6766;329,571;-1,860;196,528;66,547;-5,5764;5,5606;6,0367;0,0000;-11,5973;-5,5764;-48,0837;47,9474;52,0526;0,0000;-100,0000;-48,0837;5;0
0,1218;-0,3565;14,1925;30,7067;0,0000;45,1008;179,6435;329,524;-2,050;196,173;69,944;-5,8553;5,8387;6,3386;0,0000;-12,1772;-5,8553;-48,0837;47,9474;52,0526;0,0000;-100,0000;-48,0837;5;0
0,1276;-0,3913;14,2272;30,7443;0,0000;45,0285;179,6087;329,475;-2,250;195,801;73,337;-6,1341;6,1167;6,6404;0,0000;-12,7571;-6,1341;-48,0837;47,9474;52,0526;0,0000;-100,0000;-48,0837;5;0
0,1334;-0,4276;14,2634;30,7837;0,0000;44,9528;179,5724;329,422;-2,459;195,412;76,728;-6,4129;6,3947;6,9422;0,0000;-13,3369;-6,4129;-48,0837;47,9474;52,0526;0,0000;-100,0000;-48,0837;5;0
0,1392;-0,4656;14,3013;30,8249;0,0000;44,8738;179,5344;329,367;-2,677;195,005;80,117;-6,6917;6,6728;7,2441;0,0000;-13,9168;-6,6917;-48,0837;47,9474;52,0526;0,0000;-100,0000;-48,0837;5;0
0,1450;-0,5052;14,3408;30,8677;0,0000;44,7914;179,4948;329,308;-2,904;194,582;83,502;-6,9705;6,9508;7,5459;0,0000;-14,4967;-6,9705;-48,0837;47,9474;52,0526;0,0000;-100,0000;-48,0837;5;0
0,1508;-0,5465;14,3819;30,9124;0,0000;44,7057;179,4535;329,246;-3,140;194,141;86,885;-7,2494;7,2288;7,8477;0,0000;-15,0765;-7,2494;-48,0837;47,9474;52,0526;0,0000;-100,0000;-48,0837;5;0
0,1566;-0,5893;14,4247;30,9587;0,0000;44,6166;179,4107;329,181;-3,386;193,683;90,264;-7,5282;7,5069;8,1496;0,0000;-15,6564;-7,5282;-48,0837;47,9474;52,0526;0,0000;-100,0000;-48,0837;5;0
0,1624;-0,6338;14,4690;31,0069;0,0000;44,5241;179,3662;329,113;-3,641;193,209;93,640;-7,8070;7,7849;8,4514;0,0000;-16,2363;-7,8070;-48,0837;47,9474;52,0526;0,0000;-100,0000;-48,0837;5;0
0,1682;-0,6799;14,5149;31,0568;0,0000;44,4283;179,3201;329,041;-3,905;192,717;97,013;-8,0858;8,0629;8,7532;0,0000;-16,8162;-8,0858;-48,0837;47,9474;52,0526;0,0000;-100,0000;-48,0837;5;0
0,1740;-0,7276;14,5625;31,1084;0,0000;44,3291;179,2724;328,966;-4,178;192,208;100,382;-8,3647;8,3409;9,0551;0,0000;-17,3960;-8,3647;-48,0837;47,9474;52,0526;0,0000;-100,0000;-48,0837;5;0
0,1798;-0,7769;14,6117;31,1618;0,0000;44,2266;179,2231;328,887;-4,460;191,683;103,748;-8,6435;8,6190;9,3569;0,0000;-17,9759;-8,6435;-48,0837;47,9474;52,0526;0,0000;-100,0000;-48,0837;5;0
0,1856;-0,8278;14,6625;31,2169;0,0000;44,1206;179,1722;328,804;-4,751;191,141;107,110;-8,9223;8,8970;9,6587;0,0000;-18,5558;-8,9223;-48,0837;47,9474;52,0526;0,0000;-100,0000;-48,0837;5;0
0,1914;-0,8803;14,7149;31,2738;0,0000;44,0114;179,1197;328,718;-5,051;190,582;110,467;-9,2011;9,1750;9,9606;0,0000;-19,1356;-9,2011;-48,0837;47,9474;52,0526;0,0000;-100,0000;-48,0837;5;0
0,1972;-0,9345;14,7689;31,3324;0,0000;43,8987;179,0655;328,627;-5,360;190,006;113,821;-9,4799;9,4531;10,2624;0,0000;-19,7155;-9,4799;-48,0837;47,9474;52,0526;0,0000;-100,0000;-48,0837;5;0
0,2030;-0,9903;14,8245;31,3928;0,0000;43,7827;179,0097;328,532;-5,679;189,413;117,171;-9,7588;9,7311;10,5643;0,0000;-20,2954;-9,7588;-48,0837;47,9474;52,0526;0,0000;-100,0000;-48,0837;5;0
0,2088;-1,0477;14,8817;31,4549;0,0000;43,6633;178,9523;328,433;-6,006;188,804;120,516;-10,0376;10,0091;10,8661;0,0000;-20,8752;-10,0376;-48,0837;47,9474;52,0526;0,0000;-100,0000;-48,0837;5;0
0,2146;-1,1067;14,9406;31,5188;0,0000;43,5406;178,8933;328,330;-6,343;188,177;123,857;-10,3164;10,2872;11,1679;0,0000;-21,4551;-10,3164;-48,0837;47,9474;52,0526;0,0000;-100,0000;-48,0837;5;0
0,2203;-1,1673;15,0010;31,5845;0,0000;43,4145;178,8327;328,222;-6,688;187,535;127,193;-10,5952;10,5652;11,4698;0,0000;-22,0350;-10,5952;-48,0837;47,9474;52,0526;0,0000;-100,0000;-48,0837;5;0
0,2261;-1,2296;15,0631;31,6518;0,0000;43,2851;178,7704;328,109;-7,042;186,875;130,524;-10,8741;10,8432;11,7716;0,0000;-22,6148;-10,8741;-48,0837;47,9474;52,0526;0,0000;-100,0000;-48,0837;5;0
0,2319;-1,2934;15,1268;31,7210;0,0000;43,1522;178,7066;327,992;-7,406;186,200;133,850;-11,1529;11,1213;12,0734;0,0000;-23,1947;-11,1529;-48,0837;47,9474;52,0526;0,0000;-100,0000;-48,0837;5;0
0,2377;-1,3589;15,1921;31,7919;0,0000;43,0161;178,6411;327,870;-7,778;185,507;137,172;-11,4317;11,3993;12,3753;0,0000;-23,7746;-11,4317;-48,0837;47,9474;52,0526;0,0000;-100,0000;-48,0837;5;0
0,2435;-1,4260;15,2590;31,8645;0,0000;42,8765;178,5740;327,742;-8,159;184,799;140,488;-11,7105;11,6773;12,6771;0,0000;-24,3544;-11,7105;-48,0837;47,9474;52,0526;0,0000;-100,0000;-48,0837;5;0
0,2493;-1,4947;15,3275;31,9389;0,0000;42,7336;178,5053;327,610;-8,549;184,074;143,799;-11,9893;11,9554;12,9789;0,0000;-24,9343;-11,9893;-48,0837;47,9474;52,0526;0,0000;-100,0000;-48,0837;5;0
0,2551;-1,5651;15,3976;32,0150;0,0000;42,5874;178,4349;327,472;-8,947;183,332;147,104;-12,2682;12,2334;13,2808;0,0000;-25,5142;-12,2682;-48,0837;47,9474;52,0526;0,0000;-100,0000;-48,0837;5;0
0,2609;-1,6370;15,4694;32,0929;0,0000;42,4377;178,3630;327,329;-9,355;182,575;150,404;-12,5470;12,5114;13,5826;0,0000;-26,0940;-12,5470;-48,0837;47,9474;52,0526;0,0000;-100,0000;-48,0837;5;0
0,2667;-1,7106;15,5427;32,1725;0,0000;42,2847;178,2894;327,179;-9,771;181,801;153,698;-12,8258;12,7895;13,8844;0,0000;-26,6739;-12,8258;-48,0837;47,9474;52,0526;0,0000;-100,0000;-48,0837;5;0
0,2725;-1,7858;15,6177;32,2539;0,0000;42,1284;178,2142;327,025;-10,196;181,011;156,986;-13,1046;13,0675;14,1863;0,0000;-27,2538;-13,1046;-48,0837;47,9474;52,0526;0,0000;-100,0000;-48,0837;5;0
0,2783;-1,8625;15,6943;32,3371;0,0000;41,9687;178,1374;326,864;-10,629;180,205;160,268;-13,3834;13,3455;14,4881;0,0000;-27,8336;-13,3834;-48,0837;47,9474;52,0526;0,0000;-100,0000;-48,0837;5;0
0,2841;-1,9410;15,7725;32,4220;0,0000;41,8056;178,0590;326,697;-11,071;179,382;163,543;-13,6623;13,6235;14,7900;0,0000;-28,4135;-13,6623;-48,0837;47,9474;52,0526;0,0000;-100,0000;-48,0837;5;0
0,2899;-2,0210;15,8523;32,5086;0,0000;41,6391;177,9790;326,523;-11,522;178,544;166,812;-13,9411;13,9016;15,0918;0,0000;-28,9934;-13,9411;-47,6648;47,5297;51,5990;0,0000;-99,1286;-47,6648;5;0
0,2957;-2,1026;15,9337;32,5970;0,0000;41,4693;177,8974;326,344;-11,982;177,690;170,075;-14,2151;14,1748;15,3884;0,0000;-29,5631;-14,2151;-38,4805;38,3714;41,6566;0,0000;-80,0280;-38,4805;5;0
0,3015;-2,1859;16,0167;32,6871;0,0000;41,2963;177,8141;326,157;-12,449;176,821;173,214;-14,3874;14,3466;15,5749;0,0000;-29,9215;-14,3874;-18,1132;18,0619;19,6083;0,0000;-37,6701;-18,1132;5;0
0,3073;-2,2695;16,1001;32,7776;0,0000;41,1223;177,7305;325,967;-12,918;175,948;174,011;-14,4251;14,3842;15,6158;0,0000;-30,0000;-14,4251;-3,2556;3,2464;3,5243;0,0000;-6,7707;-3,2556;5;0
0,3131;-2,3531;16,1835;32,8682;0,0000;40,9484;177,6469;325,773;-13,387;175,077;173,896;-14,4251;14,3842;15,6158;0,0000;-30,0000;-14,4251;0,0000;0,0000;-0,0000;0,0000;0,0000;0,0000;5;0
0,3189;-2,4368;16,2669;32,9587;0,0000;40,7744;177,5632;325,577;-13,855;174,206;173,781;-14,4251;14,3842;15,6158;0,0000;-30,0000;-14,4251;0,0000;0,0000;-0,0000;0,0000;-0,0000;-0,0000;5;0
0,3247;-2,5204;16,3503;33,0493;0,0000;40,6004;177,4796;325,377;-14,323;173,337;173,666;-14,4251;14,3842;15,6158;0,0000;-30,0000;-14,4251;0,0000;-0,0000;0,0000;0,0000;0,0000;0,0000;5;0
0,3305;-2,6041;16,4337;33,1398;0,0000;40,4265;177,3959;325,174;-14,789;172,469;173,550;-14,4251;14,3842;15,6158;0,0000;-30,0000;-14,4251;-0,0000;0,0000;0,0000;-0,0000;0,0000;-0,0000;5;0
0,3363;-2,6877;16,5171;33,2304;0,0000;40,2525;177,3123;324,967;-15,255;171,602;173,434;-14,4251;14,3842;15,6158;0,0000;-30,0000;-14,4251;-0,0000;0,0000;0,0000;-0,0000;0,0000;0,0000;5;0
0,3421;-2,7714;16,6005;33,3209;0,0000;40,0786;177,2286;324,758;-15,721;170,736;173,318;-14,4251;14,3842;15,6158;0,0000;-30,0000;-14,4251;-0,0000;-0,0000;0,0000;0,0000;0,0000;0,0000;5;0
0,3479;-2,8550;16,6839;33,4115;0,0000;39,9046;177,1450;324,546;-16,185;169,871;173,202;-14,4251;14,3842;15,6158;0,0000;-30,0000;-14,4251;0,0000;0,0000;0,0000;0,0000;0,0000;-0,0000;5;0
0,3537;-2,9387;16,7673;33,5020;0,0000;39,7306;177,0613;324,330;-16,649;169,008;173,085;-14,4251;14,3842;15,6158;0,0000;-30,0000;-14,4251;0,0000;0,0000;0,0000;-0,0000;0,0000;0,0000;5;0
0,3595;-3,0223;16,8508;33,5926;0,0000;39,5567;176,9777;324,112;-17,113;168,145;172,968;-14,4251;14,3842;15,6158;0,0000;-30,0000;-14,4251;0,0000;-0,0000;-0,0000;0,0000;0,0000;-0,0000;5;0
0,3653;-3,1060;16,9342;33,6831;0,0000;39,3827;176,8940;323,890;-17,575;167,284;172,850;-14,4251;14,3842;15,6158;0,0000;-30,0000;-14,4251;0,0000;0,0000;-0,0000;0,0000;0,0000;0,0000;5;0
0,3711;-3,1896;17,0176;33,7737;0,0000;39,2088;176,8104;323,665;-18,037;166,424;172,733;-14,4251;14,3842;15,6158;0,0000;-30,0000;-14,4251;-0,0000;0,0000;0,0000;0,0000;-0,0000;0,0000;5;0
0,3769;-3,2733;17,1010;33,8642;0,0000;39,0348;176,7267;323,438;-18,498;165,566;172,615;-14,4251;14,3842;15,6158;0,0000;-30,0000;-14,4251;-0,0000;-0,0000;0,0000;0,0000;0,0000;-0,0000;5;0
0,3827;-3,3569;17,1844;33,9548;0,0000;38,8608;176,6431;323,207;-18,958;164,708;172,496;-14,4251;14,3842;15,6158;0,0000;-30,0000;-14,4251;0,0000;0,0000;0,0000;0,0000;0,0000;0,0000;5;0
0,3885;-3,4406;17,2678;34,0453;0,0000;38,6869;176,5594;322,973;-19,418;163,852;172,378;-14,4251;14,3842;15,6158;0,0000;-30,0000;-14,4251;0,0000;-0,0000;-0,0000;0,0000;0,0000;0,0000;5;0
0,3943;-3,5242;17,3512;34,1359;0,0000;38,5129;176,4758;322,736;-19,876;162,997;172,259;-14,4251;14,3842;15,6158;0,0000;-30,0000;-14,4251;-0,0000;-0,0000;-0,0000;0,0000;-0,0000;0,0000;5;0
0,4001;-3,6078;17,4346;34,2264;0,0000;38,3390;176,3922;322,495;-20,334;162,143;172,140;-14,4251;14,3842;15,6158;0,0000;-30,0000;-14,4251;0,0000;0,0000;0,0000;-0,0000;0,0000;0,0000;5;0
0,4059;-3,6915;17,5180;34,3170;0,0000;38,1650;176,3085;322,252;-20,791;161,290;172,020;-14,4251;14,3842;15,6158;0,0000;-30,0000;-14,4251;0,0000;0,0000;0,0000;-0,0000;-0,0000;-0,0000;5;0
0,4117;-3,7751;17,6014;34,4075;0,0000;37,9910;176,2249;322,006;-21,247;160,439;171,900;-14,4251;14,3842;15,6158;0,0000;-30,0000;-14,4251;0,0000;-0,0000;0,0000;0,0000;0,0000;-0,0000;5;0
0,4175;-3,8588;17,6849;34,4981;0,0000;37,8171;176,1412;321,757;-21,703;159,589;171,780;-14,4251;14,3842;15,6158;0,0000;-30,0000;-14,4251;-0,0000;0,0000;-0,0000;0,0000;0,0000;0,0000;5;0
0,4233;-3,9424;17,7683;34,5886;0,0000;37,6431;176,0576;321,505;-22,157;158,740;171,660;-14,4251;14,3842;15,6158;0,0000;-30,0000;-14,4251;-0,0000;0,0000;-0,0000;0,0000;0,0000;0,0000;5;0
0,4291;-4,0261;17,8517;34,6792;0,0000;37,4692;175,9739;321,249;-22,611;157,892;171,539;-14,4251;14,3842;15,6158;0,0000;-30,0000;-14,4251;-0,0000;-0,0000;0,0000;0,0000;0,0000;0,0000;5;0
0,4349;-4,1097;17,9351;34,7697;0,0000;37,2952;175,8903;320,991;-23,064;157,046;171,418;-14,4251;14,3842;15,6158;0,0000;-30,0000;-14,4251;0,0000;0,0000;-0,0000;-0,0000;0,0000;-0,0000;5;0
0,4407;-4,1934;18,0185;34,8603;0,0000;37,1212;175,8066;320,730;-23,516;156,201;171,297;-14,4251;14,3842;15,6158;0,0000;-30,0000;-14,4251;0,0000;0,0000;-0,0000;0,0000;0,0000;0,0000;5;0
0,4465;-4,2770;18,1019;34,9508;0,0000;36,9473;175,7230;320,466;-23,967;155,357;171,175;-14,4251;14,3842;15,6158;0,0000;-30,0000;-14,4251;-0,0000;-0,0000;0,0000;0,0000;0,0000;0,0000;5;0
0,4523;-4,3607;18,1853;35,0414;0,0000;36,7733;175,6393;320,198;-24,417;154,515;171,054;-14,4251;14,3842;15,6158;0,0000;-30,0000;-14,4251;-0,0000;0,0000;0,0000;0,0000;0,0000;-0,0000;5;0
0,4581;-4,4443;18,2687;35,1319;0,0000;36,5994;175,5557;319,928;-24,866;153,673;170,931;-14,4251;14,3842;15,6158;0,0000;-30,0000;-14,4251;0,0000;0,0000;0,0000;-0,0000;0,0000;0,0000;5;0
0,4639;-4,5280;18,3521;35,2225;0,0000;36,4254;175,4720;319,655;-25,314;152,833;170,809;-14,4251;14,3842;15,6158;0,0000;-30,0000;-14,4251;-0,0000;-0,0000;-0,0000;-0,0000;-0,0000;0,0000;5;0
0,4697;-4,6116;18,4355;35,3130;0,0000;36,2514;175,3884;319,379;-25,762;151,995;170,686;-14,4251;14,3842;15,6158;0,0000;-30,0000;-14,4251;0,0000;-0,0000;-0,0000;0,0000;-0,0000;-0,0000;5;0
0,4755;-4,6952;18,5189;35,4036;0,0000;36,0775;175,3047;319,099;-26,208;151,158;170,563;-14,4251;14,3842;15,6158;0,0000;-30,0000;-14,4251;0,0000;0,0000;0,0000;0,0000;0,0000;0,0000;5;0
0,4813;-4,7789;18,6024;35,4941;0,0000;35,9035;175,2211;318,817;-26,654;150,322;170,440;-14,4251;14,3842;15,6158;0,0000;-30,0000;-14,4251;0,0000;-0,0000;0,0000;0,0000;0,0000;-0,0000;5;0
0,4871;-4,8625;18,6858;35,5847;0,0000;35,7296;175,1375;318,532;-27,098;149,487;170,316;-14,4251;14,3842;15,6158;0,0000;-30,0000;-14,4251;0,0000;-0,0000;0,0000;0,0000;0,0000;0,0000;5;0
0,4929;-4,9462;18,7692;35,6752;0,0000;35,5556;175,0538;318,244;-27,542;148,654;170,193;-14,4251;14,3842;15,6158;0,0000;-30,0000;-14,4251;0,0000;0,0000;-0,0000;0,0000;-0,0000;0,0000;5;0
0,4987;-5,0298;18,8526;35,7658;0,0000;35,3816;174,9702;317,953;-27,984;147,822;170,068;-14,4251;14,3842;15,6158;0,0000;-30,0000;-14,4251;-0,0000;0,0000;0,0000;0,0000;-0,0000;0,0000;5;0
0,5045;-5,1135;18,9360;35,8563;0,0000;35,2077;174,8865;317,659;-28,426;146,992;169,944;-14,4251;14,3842;15,6158;0,0000;-30,0000;-14,4251;-0,0000;0,0000;0,0000;-0,0000;0,0000;0,0000;5;0
0,5103;-5,1971;19,0194;35,9469;0,0000;35,0337;174,8029;317,362;-28,866;146,162;169,819;-14,4251;14,3842;15,6158;0,0000;-30,0000;-14,4251;0,0000;-0,0000;-0,0000;-0,0000;0,0000;-0,0000;5;0
0,5161;-5,2808;19,1028;36,0374;0,0000;34,8598;174,7192;317,063;-29,306;145,335;169,694;-14,4251;14,3842;15,6158;0,0000;-30,0000;-14,4251;-0,0000;0,0000;0,0000;0,0000;0,0000;0,0000;5;0
0,5219;-5,3644;19,1862;36,1280;0,0000;34,6858;174,6356;316,760;-29,744;144,508;169,569;-14,4251;14,3842;15,6158;0,0000;-30,0000;-14,4251;-0,0000;-0,0000;-0,0000;0,0000;0,0000;0,0000;5;0
0,5277;-5,4481;19,2696;36,2185;0,0000;34,5118;174,5519;316,455;-30,182;143,683;169,444;-14,4251;14,3842;15,6158;0,0000;-30,0000;-14,4251;0,0000;-0,0000;-0,0000;-0,0000;0,0000;0,0000;5;0
0,5335;-5,5317;19,3530;36,3091;0,0000;34,3379;174,4683;316,146;-30,618;142,859;169,318;-14,4251;14,3842;15,6158;0,0000;-30,0000;-14,4251;0,0000;0,0000;0,0000;-0,0000;0,0000;0,0000;5;0
0,5393;-5,6154;19,4364;36,3996;0,0000;34,1639;174,3846;315,835;-31,053;142,037;169,192;-14,4251;14,3842;15,6158;0,0000;-30,0000;-14,4251;-0,0000;0,0000;0,0000;0,0000;0,0000;-0,0000;5;0
0,5451;-5,6990;19,5199;36,4902;0,0000;33,9900;174,3010;315,521;-31,488;141,216;169,065;-14,4251;14,3842;15,6158;0,0000;-30,0000;-14,4251;-0,0000;0,0000;0,0000;0,0000;-0,0000;0,0000;5;0
0,5509;-5,7827;19,6033;36,5807;0,0000;33,8160;174,2173;315,204;-31,921;140,397;168,939;-14,4251;14,3842;15,6158;0,0000;-30,0000;-14,4251;0,0000;-0,0000;-0,0000;-0,0000;0,0000;-0,0000;5;0
0,5567;-5,8663;19,6867;36,6713;0,0000;33,6420;174,1337;314,884;-32,353;139,579;168,812;-14,4251;14,3842;15,6158;0,0000;-30,0000;-14,4251;0,0000;0,0000;-0,0000;-0,0000;0,0000;-0,0000;5;0
0,5625;-5,9499;19,7701;36,7618;0,0000;33,4681;174,0501;314,561;-32,784;138,762;168,685;-14,4251;14,3842;15,6158;0,0000;-30,0000;-14,4251;-0,0000;0,0000;0,0000;-0,0000;0,0000;0,0000;5;0
0,5683;-6,0336;19,8535;36,8524;0,0000;33,2941;173,9664;314,235;-33,214;137,947;168,557;-14,4251;14,3842;15,6158;0,0000;-30,0000;-14,4251;0,0000;0,0000;0,0000;0,0000;0,0000;0,0000;5;0
0,5741;-6,1172;19,9369;36,9429;0,0000;33,1202;173,8828;313,907;-33,643;137,133;168,430;-14,4251;14,3842;15,6158;0,0000;-30,0000;-14,4251;0,0000;0,0000;-0,0000;0,0000;0,0000;0,0000;5;0
0,5799;-6,2009;20,0203;37,0335;0,0000;32,9462;173,7991;313,576;-34,070;136,321;168,302;-14,4251;14,3842;15,6158;0,0000;-30,0000;-14,4251;0,0000;-0,0000;-0,0000;0,0000;-0,0000;0,0000;5;0
0,5857;-6,2845;20,1037;37,1240;0,0000;32,7722;173,7155;313,242;-34,497;135,510;168,173;-14,4251;14,3842;15,6158;0,0000;-30,0000;-14,4251;0,0000;-0,0000;0,0000;-0,0000;-0,0000;-0,0000;5;0
0,5915;-6,3682;20,1871;37,2146;0,0000;32,5983;173,6318;312,905;-34,922;134,701;168,045;-14,4251;14,3842;15,6158;0,0000;-30,0000;-14,4251;0,0000;0,0000;0,0000;0,0000;0,0000;0,0000;5;0
0,5973;-6,4518;20,2705;37,3051;0,0000;32,4243;173,5482;312,565;-35,346;133,893;167,916;-14,4251;14,3842;15,6158;0,0000;-30,0000;-14,4251;0,0000;0,0000;-0,0000;0,0000;0,0000;0,0000;5;0
0,6031;-6,5355;20,3540;37,3957;0,0000;32,2504;173,4645;312,223;-35,769;133,086;167,787;-14,4251;14,3842;15,6158;0,0000;-30,0000;-14,4251;0,0000;0,0000;0,0000;0,0000;0,0000;0,0000;5;0
0,6089;-6,6191;20,4374;37,4862;0,0000;32,0764;173,3809;311,877;-36,191;132,281;167,658;-14,4251;14,3842;15,6158;0,0000;-30,0000;-14,4251;0,0000;0,0000;0,0000;-0,0000;-0,0000;-0,0000;5;0
0,6147;-6,7028;20,5208;37,5768;0,0000;31,9024;173,2972;311,529;-36,612;131,478;167,528;-14,4251;14,3842;15,6158;0,0000;-30,0000;-14,4251;0,0000;-0,0000;0,0000;0,0000;0,0000;-0,0000;5;0
0,6205;-6,7864;20,6042;37,6673;0,0000;31,7285;173,2136;311,179;-37,031;130,676;167,398;-14,4251;14,3842;15,6158;0,0000;-30,0000;-14,4251;0,0000;-0,0000;0,0000;0,0000;0,0000;0,0000;5;0
0,6263;-6,8701;20,6876;37,7579;0,0000;31,5545;173,1299;310,825;-37,449;129,875;167,268;-14,4251;14,3842;15,6158;0,0000;-30,0000;-14,4251;0,0000;0,0000;-0,0000;0,0000;0,0000;0,0000;5;0
0,6321;-6,9537;20,7710;37,8484;0,0000;31,3806;173,0463;310,469;-37,866;129,076;167,138;-14,4251;14,3842;15,6158;0,0000;-30,0000;-14,4251;-0,0000;0,0000;-0,0000;0,0000;0,0000;-0,0000;5;0
0,6379;-7,0374;20,8544;37,9390;0,0000;31,2066;172,9626;310,110;-38,282;128,279;167,007;-14,4251;14,3842;15,6158;0,0000;-30,0000;-14,4251;-0,0000;0,0000;0,0000;-0,0000;0,0000;0,0000;5;0
0,6437;-7,1210;20,9378;38,0295;0,0000;31,0326;172,8790;309,748;-38,696;127,483;166,876;-14,4251;14,3842;15,6158;0,0000;-30,0000;-14,4251;0,0000;0,0000;0,0000;0,0000;0,0000;0,0000;5;0
0,6495;-7,2046;21,0212;38,1201;0,0000;30,8587;172,7954;309,384;-39,110;126,688;166,745;-14,4251;14,3842;15,6158;0,0000;-30,0000;-14,4251;0,0000;-0,0000;0,0000;0,0000;-0,0000;-0,0000;5;0
0,6553;-7,2883;21,1046;38,2106;0,0000;30,6847;172,7117;309,016;-39,522;125,895;166,614;-14,4251;14,3842;15,6158;0,0000;-30,0000;-14,4251;0,0000;-0,0000;-0,0000;0,0000;0,0000;0,0000;5;0
0,6610;-7,3719;21,1880;38,3012;0,0000;30,5108;172,6281;308,646;-39,932;125,104;166,482;-14,4251;14,3842;15,6158;0,0000;-30,0000;-14,4251;0,0000;0,0000;-0,0000;0,0000;-0,0000;-0,0000;5;0
0,6668;-7,4556;21,2715;38,3918;0,0000;30,3368;172,5444;308,274;-40,342;124,314;166,350;-14,4251;14,3842;15,6158;0,0000;-30,0000;-14,4251;0,0000;0,0000;0,0000;0,0000;-0,0000;0,0000;5;0
0,6726;-7,5392;21,3549;38,4823;0,0000;30,1628;172,4608;307,899;-40,750;123,525;166,218;-14,4251;14,3842;15,6158;0,0000;-30,0000;-14,4251;-0,0000;0,0000;0,0000;0,0000;0,0000;0,0000;5;0
0,6784;-7,6229;21,4383;38,5729;0,0000;29,9889;172,3771;307,521;-41,157;122,738;166,086;-14,4251;14,3842;15,6158;0,0000;-30,0000;-14,4251;0,0000;0,0000;0,0000;0,0000;0,0000;-0,0000;5;0
0,6842;-7,7065;21,5217;38,6634;0,0000;29,8149;172,2935;307,140;-41,563;121,953;165,953;-14,4251;14,3842;15,6158;0,0000;-30,0000;-14,4251;0,0000;-0,0000;-0,0000;0,0000;0,0000;0,0000;5;0
0,6900;-7,7902;21,6051;38,7540;0,0000;29,6410;172,2098;306,757;-41,967;121,169;165,820;-14,4251;14,3842;15,6158;0,0000;-30,0000;-14,4251;0,0000;-0,0000;-0,0000;0,0000;0,0000;-0,0000;5;0
0,6958;-7,8738;21,6885;38,8445;0,0000;29,4670;172,1262;306,371;-42,370;120,387;165,687;-14,4251;14,3842;15,6158;0,0000;-30,0000;-14,4251;-0,0000;0,0000;0,0000;0,0000;-0,0000;0,0000;5;0
0,7016;-7,9575;21,7719;38,9351;0,0000;29,2930;172,0425;305,982;-42,771;119,607;165,553;-14,4251;14,3842;15,6158;0,0000;-30,0000;-14,4251;0,0000;0,0000;0,0000;0,0000;0,0000;0,0000;5;0
0,7074;-8,0411;21,8553;39,0256;0,0000;29,1191;171,9589;305,591;-43,172;118,828;165,420;-14,4251;14,3842;15,6158;0,0000;-30,0000;-14,4251;0,0000;0,0000;-0,0000;0,0000;0,0000;0,0000;5;0
0,7132;-8,1248;21,9387;39,1162;0,0000;28,9451;171,8752;305,197;-43,571;118,050;165,286;-14,4251;14,3842;15,6158;0,0000;-30,0000;-14,4251;-0,0000;0,0000;-0,0000;0,0000;0,0000;0,0000;5;0
0,7190;-8,2084;22,0221;39,2067;0,0000;28,7711;171,7916;304,800;-43,968;117,275;165,152;-14,4251;14,3842;15,6158;0,0000;-30,0000;-14,4251;-0,0000;-0,0000;0,0000;0,0000;0,0000;-0,0000;5;0
0,7248;-8,2921;22,1056;39,2973;0,0000;28,5972;171,7079;304,401;-44,364;116,500;165,017;-14,4251;14,3842;15,6158;0,0000;-30,0000;-14,4251;0,0000;0,0000;0,0000;0,0000;0,0000;0,0000;5;0
0,7306;-8,3757;22,1890;39,3878;0,0000;28,4232;171,6243;304,000;-44,759;115,728;164,883;-14,4251;14,3842;15,6158;0,0000;-30,0000;-14,4251;0,0000;0,0000;0,0000;0,0000;0,0000;0,0000;5;0
0,7364;-8,4593;22,2724;39,4784;0,0000;28,2493;171,5407;303,595;-45,152;114,957;164,748;-14,4251;14,3842;15,6158;0,0000;-30,0000;-14,4251;-0,0000;-0,0000;0,0000;0,0000;0,0000;-0,0000;5;0
0,7422;-8,5430;22,3558;39,5689;0,0000;28,0753;171,4570;303,188;-45,544;114,187;164,613;-14,4251;14,3842;15,6158;0,0000;-30,0000;-14,4251;-0,0000;0,0000;-0,0000;0,0000;0,0000;-0,0000;5;0
0,7480;-8,6266;22,4392;39,6595;0,0000;27,9013;171,3734;302,779;-45,935;113,420;164,477;-14,4251;14,3842;15,6158;0,0000;-30,0000;-14,4251;0,0000;0,0000;0,0000;0,0000;-0,0000;0,0000;5;0
0,7538;-8,7103;22,5226;39,7500;0,0000;27,7274;171,2897;302,367;-46,324;112,654;164,342;-14,4251;14,3842;15,6158;0,0000;-30,0000;-14,4251;0,0000;0,0000;0,0000;0,0000;-0,0000;0,0000;5;0
0,7596;-8,7939;22,6060;39,8406;0,0000;27,5534;171,2061;301,952;-46,712;111,889;164,206;-14,4251;14,3842;15,6158;0,0000;-30,0000;-14,4251;0,0000;-0,0000;0,0000;0,0000;-0,0000;0,0000;5;0
0,7654;-8,8776;22,6894;39,9311;0,0000;27,3795;171,1224;301,535;-47,098;111,126;164,070;-14,4251;14,3842;15,6158;0,0000;-30,0000;-14,4251;0,0000;-0,0000;-0,0000;0,0000;0,0000;-0,0000;5;0
0,7712;-8,9612;22,7728;40,0217;0,0000;27,2055;171,0388;301,116;-47,483;110,365;163,933;-14,4251;14,3842;15,6158;0,0000;-30,0000;-14,4251;-0,0000;-0,0000;-0,0000;0,0000;0,0000;0,0000;5;0
0,7770;-9,0449;22,8562;40,1122;0,0000;27,0315;170,9551;300,694;-47,867;109,605;163,797;-14,4251;14,3842;15,6158;0,0000;-30,0000;-14,4251;0,0000;-0,0000;0,0000;-0,0000;0,0000;0,0000;5;0
0,7828;-9,1285;22,9396;40,2028;0,0000;26,8576;170,8715;300,269;-48,249;108,848;163,660;-14,4251;14,3842;15,6158;0,0000;-30,0000;-14,4251;0,0000;0,0000;0,0000;0,0000;0,0000;-0,0000;5;0
0,7886;-9,2122;23,0231;40,2933;0,0000;26,6836;170,7878;299,842;-48,629;108,091;163,523;-14,4251;14,3842;15,6158;0,0000;-30,0000;-14,4251;0,0000;0,0000;-0,0000;-0,0000;0,0000;0,0000;5;0
0,7944;-9,2958;23,1065;40,3839;0,0000;26,5097;170,7042;299,412;-49,008;107,337;163,386;-14,4251;14,3842;15,6158;0,0000;-30,0000;-14,4251;-0,0000;0,0000;-0,0000;0,0000;-0,0000;-0,0000;5;0
0,8002;-9,3795;23,1899;40,4744;0,0000;26,3357;170,6205;298,980;-49,386;106,584;163,248;-14,4251;14,3842;15,6158;0,0000;-30,0000;-14,4251;0,0000;-0,0000;0,0000;0,0000;-0,0000;0,0000;5;0
0,8060;-9,4631;23,2733;40,5650;0,0000;26,1617;170,5369;298,545;-49,762;105,833;163,111;-14,4251;14,3842;15,6158;0,0000;-30,0000;-14,4251;0,0000;-0,0000;0,0000;0,0000;0,0000;0,0000;5;0
0,8118;-9,5468;23,3567;40,6555;0,0000;25,9878;170,4532;298,108;-50,136;105,083;162,973;-14,4251;14,3842;15,6158;0,0000;-30,0000;-14,4251;-0,0000;0,0000;0,0000;0,0000;0,0000;-0,0000;5;0
0,8176;-9,6304;23,4401;40,7461;0,0000;25,8138;170,3696;297,669;-50,509;104,335;162,835;-14,4251;14,3842;15,6158;0,0000;-30,0000;-14,4251;-0,0000;0,0000;-0,0000;0,0000;0,0000;0,0000;5;0
0,8234;-9,7140;23,5235;40,8366;0,0000;25,6399;170,2860;297,227;-50,881;103,589;162,696;-14,4251;14,3842;15,6158;0,0000;-30,0000;-14,4251;0,0000;0,0000;-0,0000;0,0000;0,0000;0,0000;5;0
0,8292;-9,7977;23,6069;40,9272;0,0000;25,4659;170,2023;296,782;-51,251;102,845;162,558;-14,4251;14,3842;15,6158;0,0000;-30,0000;-14,4251;0,0000;0,0000;0,0000;0,0000;0,0000;0,0000;5;0
0,8350;-9,8813;23,6903;41,0177;0,0000;25,2919;170,1187;296,336;-51,619;102,102;162,419;-14,4251;14,3842;15,6158;0,0000;-30,0000;-14,4251;-0,0000;-0,0000;0,0000;0,0000;0,0000;-0,0000;5;0
0,8408;-9,9650;23,7737;41,1083;0,0000;25,1180;170,0350;295,886;-51,986;101,361;162,280;-14,4251;14,3842;15,6158;0,0000;-30,0000;-14,4251;-0,0000;-0,0000;0,0000;0,0000;0,0000;-0,0000;5;0
0,8466;-10,0486;23,8572;41,1988;0,0000;24,9440;169,9514;295,435;-52,352;100,622;162,141;-14,4251;14,3842;15,6158;0,0000;-30,0000;-14,4251;0,0000;0,0000;-0,0000;0,0000;0,0000;0,0000;5;0
0,8524;-10,1323;23,9406;41,2894;0,0000;24,7701;169,8677;294,981;-52,716;99,885;162,001;-14,4251;14,3842;15,6158;0,0000;-30,0000;-14,4251;0,0000;0,0000;-0,0000;0,0000;0,0000;0,0000;5;0
0,8582;-10,2159;24,0240;41,3799;0,0000;24,5961;169,7841;294,524;-53,078;99,149;161,862;-14,4251;14,3842;15,6158;0,0000;-30,0000;-14,4251;-0,0000;0,0000;0,0000;0,0000;0,0000;0,0000;5;0
0,8640;-10,2996;24,1074;41,4705;0,0000;24,4221;169,7004;294,065;-53,438;98,415;161,722;-14,4251;14,3842;15,6158;0,0000;-30,0000;-14,4251;-0,0000;0,0000;0,0000;0,0000;0,0000;0,0000;5;0
0,8698;-10,3832;24,1908;41,5610;0,0000;24,2482;169,6168;293,604;-53,798;97,682;161,582;-14,4251;14,3842;15,6158;0,0000;-30,0000;-14,4251;0,0000;-0,0000;-0,0000;0,0000;0,0000;-0,0000;5;0
0,8756;-10,4669;24,2742;41,6516;0,0000;24,0742;169,5331;293,141;-54,155;96,952;161,441;-14,4251;14,3842;15,6158;0,0000;-30,0000;-14,4251;0,0000;-0,0000;-0,0000;0,0000;0,0000;-0,0000;5;0
0,8814;-10,5505;24,3576;41,7421;0,0000;23,9003;169,4495;292,675;-54,511;96,223;161,301;-14,4251;14,3842;15,6158;0,0000;-30,0000;-14,4251;0,0000;0,0000;0,0000;0,0000;0,0000;0,0000;5;0
0,8872;-10,6342;24,4410;41,8327;0,0000;23,7263;169,3658;292,207;-54,865;95,496;161,160;-14,4251;14,3842;15,6158;0,0000;-30,0000;-14,4251;0,0000;0,0000;0,0000;0,0000;0,0000;-0,0000;5;0
0,8930;-10,7178;24,5244;41,9232;0,0000;23,5523;169,2822;291,736;-55,218;94,771;161,019;-14,4251;14,3842;15,6158;0,0000;-30,0000;-14,4251;-0,0000;0,0000;0,0000;0,0000;-0,0000;0,0000;5;0
0,8988;-10,8014;24,6078;42,0138;0,0000;23,3784;169,1986;291,263;-55,569;94,047;160,878;-14,4251;14,3842;15,6158;0,0000;-30,0000;-14,4251;-0,0000;-0,0000;0,0000;0,0000;0,0000;0,0000;5;0
0,9046;-10,8851;24,6912;42,1043;0,0000;23,2044;169,1149;290,788;-55,919;93,326;160,736;-14,4251;14,3842;15,6158;0,0000;-30,0000;-14,4251;0,0000;-0,0000;-0,0000;0,0000;0,0000;0,0000;5;0
0,9104;-10,9687;24,7747;42,1949;0,0000;23,0305;169,0313;290,311;-56,266;92,606;160,595;-14,4251;14,3842;15,6158;0,0000;-30,0000;-14,4251;0,0000;-0,0000;-0,0000;0,0000;0,0000;0,0000;5;0
0,9162;-11,0524;24,8581;42,2854;0,0000;22,8565;168,9476;289,831;-56,612;91,888;160,453;-14,4251;14,3842;15,6158;0,0000;-30,0000;-14,4251;-0,0000;0,0000;0,0000;-0,0000;0,0000;-0,0000;5;0
0,9220;-11,1360;24,9415;42,3760;0,0000;22,6825;168,8640;289,349;-56,957;91,171;160,311;-14,4251;14,3842;15,6158;0,0000;-30,0000;-14,4251;-0,0000;0,0000;0,0000;0,0000;0,0000;0,0000;5;0
0,9278;-11,2197;25,0249;42,4665;0,0000;22,5086;168,7803;288,865;-57,300;90,457;160,169;-14,4251;14,3842;15,6158;0,0000;-30,0000;-14,4251;0,0000;-0,0000;-0,0000;0,0000;-0,0000;0,0000;5;0
0,9336;-11,3033;25,1083;42,5571;0,0000;22,3346;168,6967;288,378;-57,641;89,744;160,027;-14,4251;14,3842;15,6158;0,0000;-30,0000;-14,4251;0,0000;-0,0000;-0,0000;0,0000;-0,0000;-0,0000;5;0
0,9394;-11,3870;25,1917;42,6476;0,0000;22,1607;168,6130;287,889;-57,981;89,033;159,884;-14,4251;14,3842;15,6158;0,0000;-30,0000;-14,4251;-0,0000;0,0000;0,0000;-0,0000;0,0000;0,0000;5;0
0,9452;-11,4706;25,2751;42,7382;0,0000;21,9867;168,5294;287,398;-58,318;88,324;159,741;-14,4251;14,3842;15,6158;0,0000;-30,0000;-14,4251;-0,0000;0,0000;0,0000;-0,0000;0,0000;-0,0000;5;0
0,9510;-11,5543;25,3585;42,8287;0,0000;21,8127;168,4457;286,905;-58,655;87,617;159,598;-14,4251;14,3842;15,6158;0,0000;-30,0000;-14,4251;0,0000;-0,0000;0,0000;0,0000;0,0000;0,0000;5;0
0,9568;-11,6379;25,4419;42,9193;0,0000;21,6388;168,3621;286,410;-58,989;86,911;159,455;-14,4251;14,3842;15,6158;0,0000;-30,0000;-14,4251;0,0000;-0,0000;-0,0000;0,0000;0,0000;0,0000;5;0
0,9626;-11,7216;25,5253;43,0098;0,0000;21,4648;168,2784;285,912;-59,322;86,208;159,312;-14,4251;14,3842;15,6158;0,0000;-30,0000;-14,4251;-0,0000;0,0000;-0,0000;0,0000;-0,0000;-0,0000;5;0
0,9684;-11,8052;25,6088;43,1004;0,0000;21,2909;168,1948;285,413;-59,653;85,506;159,168;-14,4251;14,3842;15,6158;0,0000;-30,0000;-14,4251;-0,0000;0,0000;0,0000;0,0000;-0,0000;0,0000;5;0
0,9742;-11,8889;25,6922;43,1909;0,0000;21,1169;168,1111;284,911;-59,982;84,806;159,025;-14,4251;14,3842;15,6158;0,0000;-30,0000;-14,4251;-0,0000;0,0000;0,0000;0,0000;-0,0000;0,0000;5;0
0,9800;-11,9725;25,7756;43,2815;0,0000;20,9429;168,0275;284,406;-60,310;84,108;158,881;-14,4251;14,3842;15,6158;0,0000;-30,0000;-14,4251;0,0000;0,0000;-0,0000;0,0000;0,0000;-0,0000;5;0
0,9858;-12,0561;25,8590;43,3720;0,0000;20,7690;167,9439;283,900;-60,636;83,412;158,737;-14,4251;14,3842;15,6158;0,0000;-30,0000;-14,4251;0,0000;-0,0000;0,0000;0,0000;0,0000;0,0000;5;0
0,9916;-12,1398;25,9424;43,4626;0,0000;20,5950;167,8602;283,392;-60,960;82,717;158,592;-14,4251;14,3842;15,6158;0,0000;-30,0000;-14,4251;0,0000;0,0000;0,0000;-0,0000;0,0000;-0,0000;5;0
0,9974;-12,2234;26,0258;43,5531;0,0000;20,4211;167,7766;282,881;-61,282;82,025;158,448;-14,4251;14,3842;15,6158;0,0000;-30,0000;-14,4251;-0,0000;0,0000;-0,0000;0,0000;0,0000;-0,0000;5;0
1,0032;-12,3071;26,1092;43,6437;0,0000;20,2471;167,6929;282,368;-61,603;81,334;158,303;-14,4251;14,3842;15,6158;0,0000;-30,0000;-14,4251;0,0000;-0,0000;-0,0000;-0,0000;-0,0000;0,0000;5;0
1,0090;-12,3907;26,1926;43,7342;0,0000;20,0731;167,6093;281,854;-61,922;80,645;158,159;-14,4251;14,3842;15,6158;0,0000;-30,0000;-14,4251;0,0000;0,0000;0,0000;0,0000;0,0000;0,0000;5;0
1,0148;-12,4744;26,2760;43,8248;0,0000;19,8992;167,5256;281,337;-62,239;79,959;158,014;-14,4251;14,3842;15,6158;0,0000;-30,0000;-14,4251;0,0000;0,0000;-0,0000;0,0000;-0,0000;-0,0000;5;0
1,0206;-12,5580;26,3594;43,9153;0,0000;19,7252;167,4420;280,818;-62,554;79,274;157,868;-14,4251;14,3842;15,6158;0,0000;-30,0000;-14,4251;-0,0000;-0,0000;-0,0000;0,0000;0,0000;-0,0000;5;0
1,0264;-12,6417;26,4428;44,0059;0,0000;19,5513;167,3583;280,297;-62,868;78,590;157,723;-14,4251;14,3842;15,6158;0,0000;-30,0000;-14,4251;-0,0000;0,0000;0,0000;-0,0000;-0,0000;-0,0000;5;0
1,0322;-12,7253;26,5263;44,0964;0,0000;19,3773;167,2747;279,774;-63,180;77,909;157,578;-14,4251;14,3842;15,6158;0,0000;-30,0000;-14,4251;0,0000;0,0000;0,0000;-0,0000;0,0000;0,0000;5;0
1,0380;-12,8090;26,6097;44,1870;0,0000;19,2033;167,1910;279,248;-63,490;77,230;157,432;-14,4251;14,3842;15,6158;0,0000;-30,0000;-14,4251;-0,0000;-0,0000;0,0000;0,0000;-0,0000;-0,0000;5;0
1,0438;-12,8926;26,6931;44,2775;0,0000;19,0294;167,1074;278,721;-63,798;76,552;157,286;-14,4251;14,3842;15,6158;0,0000;-30,0000;-14,4251;-0,0000;0,0000;-0,0000;-0,0000;-0,0000;-0,0000;5;0
1,0496;-12,9763;26,7765;44,3681;0,0000;18,8554;167,0237;278,192;-64,104;75,877;157,140;-14,4251;14,3842;15,6158;0,0000;-30,0000;-14,4251;-0,0000;0,0000;0,0000;0,0000;0,0000;-0,0000;5;0
1,0554;-13,0599;26,8599;44,4586;0,0000;18,6815;166,9401;277,661;-64,409;75,203;156,994;-14,4251;14,3842;15,6158;0,0000;-30,0000;-14,4251;0,0000;-0,0000;-0,0000;0,0000;0,0000;0,0000;5;0
1,0612;-13,1436;26,9433;44,5492;0,0000;18,5075;166,8564;277,127;-64,712;74,532;156,847;-14,4251;14,3842;15,6158;0,0000;-30,0000;-14,4251;-0,0000;0,0000;0,0000;0,0000;-0,0000;0,0000;5;0
1,0670;-13,2272;27,0267;44,6397;0,0000;18,3335;166,7728;276,592;-65,013;73,862;156,701;-14,4251;14,3842;15,6158;0,0000;-30,0000;-14,4251;-0,0000;0,0000;-0,0000;-0,0000;-0,0000;-0,0000;5;0
1,0728;-13,3108;27,1101;44,7303;0,0000;18,1596;166,6892;276,055;-65,312;73,194;156,554;-14,4251;14,3842;15,6158;0,0000;-30,0000;-14,4251;-0,0000;0,0000;0,0000;0,0000;-0,0000;0,0000;5;0
1,0786;-13,3945;27,1935;44,8209;0,0000;17,9856;166,6055;275,516;-65,609;72,528;156,407;-14,4251;14,3842;15,6158;0,0000;-30,0000;-14,4251;0,0000;-0,0000;-0,0000;0,0000;0,0000;0,0000;5;0
1,0844;-13,4781;27,2769;44,9114;0,0000;17,8117;166,5219;274,974;-65,905;71,864;156,260;-14,4251;14,3842;15,6158;0,0000;-30,0000;-14,4251;0,0000;0,0000;0,0000;0,0000;0,0000;0,0000;5;0
1,0902;-13,5618;27,3603;45,0020;0,0000;17,6377;166,4382;274,431;-66,198;71,202;156,113;-14,4251;14,3842;15,6158;0,0000;-30,0000;-14,4251;0,0000;0,0000;0,0000;-0,0000;-0,0000;-0,0000;5;0
1,0959;-13,6454;27,4438;45,0925;0,0000;17,4637;166,3546;273,886;-66,490;70,542;155,966;-14,4251;14,3842;15,6158;0,0000;-30,0000;-14,4251;-0,0000;0,0000;-0,0000;0,0000;-0,0000;-0,0000;5;0
1,1017;-13,7291;27,5272;45,1831;0,0000;17,2898;166,2709;273,339;-66,780;69,884;155,818;-14,4251;14,3842;15,6158;0,0000;-30,0000;-14,4251;-0,0000;0,0000;-0,0000;0,0000;-0,0000;-0,0000;5;0
1,1075;-13,8127;27,6106;45,2736;0,0000;17,1158;166,1873;272,790;-67,068;69,228;155,671;-14,4251;14,3842;15,6158;0,0000;-30,0000;-14,4251;-0,0000;0,0000;0,0000;0,0000;0,0000;0,0000;5;0
1,1133;-13,8964;27,6940;45,3642;0,0000;16,9419;166,1036;272,239;-67,354;68,574;155,523;-14,4251;14,3842;15,6158;0,0000;-30,0000;-14,4251;0,0000;-0,0000;-0,0000;0,0000;0,0000;-0,0000;5;0
1,1191;-13,9800;27,7774;45,4547;0,0000;16,7679;166,0200;271,686;-67,638;67,922;155,375;-14,4251;14,3842;15,6158;0,0000;-30,0000;-14,4251;0,0000;0,0000;-0,0000;0,0000;0,0000;0,0000;5;0
1,1249;-14,0637;27,8608;45,5453;0,0000;16,5939;165,9363;271,132;-67,921;67,272;155,227;-14,4251;14,3842;15,6158;0,0000;-30,0000;-14,4251;0,0231;-0,0230;-0,0250;-0,0000;0,0480;0,0231;5;0
1,1307;-14,1473;27,9442;45,6358;0,0000;16,4200;165,8527;270,575;-68,201;66,623;155,078;-14,4249;14,3840;15,6155;0,0000;-29,9994;-14,4249;6,7787;-6,7595;-7,3382;-0,0000;14,0977;6,7787;5;0
1,1365;-14,2310;28,0276;45,7264;0,0000;16,2460;165,7690;270,017;-68,480;65,977;154,924;-14,3465;14,3058;15,5307;0,0000;-29,8365;-14,3465;25,5091;-25,4368;-27,6146;-0,0000;53,0514;25,5091;5;0
1,1423;-14,3137;28,1101;45,8159;0,0000;16,0740;165,6863;269,463;-68,754;65,340;153,101;-14,1290;14,0890;15,2952;0,0000;-29,3842;-14,1290;42,7953;-42,6740;-46,3276;-0,0000;89,0017;42,7953;5;0
1,1481;-14,3948;28,1910;45,9037;0,0000;15,9052;165,6052;268,918;-69,020;64,717;149,968;-13,8502;13,8109;14,9934;0,0000;-28,8043;-13,8502;48,0837;-47,9474;-52,0526;-0,0000;100,0000;48,0837;5;0
1,1539;-14,4743;28,2703;45,9898;0,0000;15,7399;165,5257;268,382;-69,280;64,108;146,843;-13,5714;13,5329;14,6915;0,0000;-28,2245;-13,5714;48,0837;-47,9474;-52,0526;-0,0000;100,0000;48,0837;5;0
1,1597;-14,5522;28,3480;46,0741;0,0000;15,5779;165,4478;267,855;-69,533;63,514;143,726;-13,2925;13,2549;14,3897;0,0000;-27,6446;-13,2925;48,0837;-47,9474;-52,0526;-0,0000;100,0000;48,0837;5;0
1,1655;-14,6285;28,4240;46,1567;0,0000;15,4193;165,3715;267,338;-69,778;62,933;140,618;-13,0137;12,9768;14,0879;0,0000;-27,0647;-13,0137;48,0837;-47,9474;-52,0526;-0,0000;100,0000;48,0837;5;0
1,1713;-14,7031;28,4985;46,2375;0,0000;15,2640;165,2969;266,830;-70,017;62,367;137,517;-12,7349;12,6988;13,7860;0,0000;-26,4849;-12,7349;48,0837;-47,9474;-52,0526;-0,0000;100,0000;48,0837;5;0
1,1771;-14,7762;28,5713;46,3166;0,0000;15,1121;165,2238;266,332;-70,250;61,814;134,423;-12,4561;12,4208;13,4842;0,0000;-25,9050;-12,4561;48,0837;-47,9474;-52,0526;-0,0000;100,0000;48,0837;5;0
1,1829;-14,8476;28,6425;46,3939;0,0000;14,9636;165,1524;265,844;-70,475;61,275;131,337;-12,1773;12,1427;13,1824;0,0000;-25,3251;-12,1773;48,0837;-47,9474;-52,0526;-0,0000;100,0000;48,0837;5;0
1,1887;-14,9174;28,7121;46,4695;0,0000;14,8184;165,0826;265,366;-70,695;60,749;128,259;-11,8984;11,8647;12,8805;0,0000;-24,7452;-11,8984;48,0837;-47,9474;-52,0526;-0,0000;100,0000;48,0837;5;0
1,1945;-14,9856;28,7801;46,5433;0,0000;14,6766;165,0144;264,897;-70,907;60,237;125,187;-11,6196;11,5867;12,5787;0,0000;-24,1654;-11,6196;48,0837;-47,9474;-52,0526;-0,0000;100,0000;48,0837;5;0
1,2003;-15,0521;28,8465;46,6153;0,0000;14,5382;164,9479;264,438;-71,114;59,739;122,123;-11,3408;11,3087;12,2769;0,0000;-23,5855;-11,3408;48,0837;-47,9474;-52,0526;-0,0000;100,0000;48,0837;5;0
1,2061;-15,1171;28,9113;46,6856;0,0000;14,4031;164,8829;263,990;-71,314;59,254;119,066;-11,0620;11,0306;11,9750;0,0000;-23,0056;-11,0620;48,0837;-47,9474;-52,0526;-0,0000;100,0000;48,0837;5;0
1,2119;-15,1804;28,9744;46,7542;0,0000;14,2714;164,8196;263,551;-71,509;58,782;116,015;-10,7832;10,7526;11,6732;0,0000;-22,4258;-10,7832;48,0837;-47,9474;-52,0526;-0,0000;100,0000;48,0837;5;0
1,2177;-15,2422;29,0360;46,8210;0,0000;14,1430;164,7578;263,123;-71,697;58,323;112,970;-10,5043;10,4746;11,3714;0,0000;-21,8459;-10,5043;48,0837;-47,9474;-52,0526;-0,0000;100,0000;48,0837;5;0
1,2235;-15,3023;29,0959;46,8861;0,0000;14,0180;164,6977;262,706;-71,879;57,877;109,932;-10,2255;10,1965;11,0695;0,0000;-21,2660;-10,2255;48,0837;-47,9474;-52,0526;-0,0000;100,0000;48,0837;5;0
1,2293;-15,3607;29,1542;46,9494;0,0000;13,8964;164,6393;262,298;-72,056;57,445;106,901;-9,9467;9,9185;10,7677;0,0000;-20,6862;-9,9467;48,0837;-47,9474;-52,0526;-0,0000;100,0000;48,0837;5;0
1,2351;-15,4176;29,2109;47,0110;0,0000;13,7781;164,5824;261,901;-72,226;57,025;103,875;-9,6679;9,6405;10,4658;0,0000;-20,1063;-9,6679;48,0837;-47,9474;-52,0526;-0,0000;100,0000;48,0837;5;0
1,2409;-15,4729;29,2660;47,0708;0,0000;13,6632;164,5271;261,515;-72,391;56,618;100,855;-9,3890;9,3624;10,1640;0,0000;-19,5264;-9,3890;48,0837;-47,9474;-52,0526;-0,0000;100,0000;48,0837;5;0
1,2467;-15,5265;29,3195;47,1288;0,0000;13,5517;164,4735;261,139;-72,550;56,224;97,841;-9,1102;9,0844;9,8622;0,0000;-18,9466;-9,1102;48,0837;-47,9474;-52,0526;-0,0000;100,0000;48,0837;5;0
1,2525;-15,5785;29,3714;47,1852;0,0000;13,4435;164,4215;260,774;-72,704;55,843;94,833;-8,8314;8,8064;9,5603;0,0000;-18,3667;-8,8314;48,0837;-47,9474;-52,0526;-0,0000;100,0000;48,0837;5;0
1,2583;-15,6289;29,4216;47,2397;0,0000;13,3387;164,3711;260,420;-72,852;55,474;91,830;-8,5526;8,5283;9,2585;0,0000;-17,7868;-8,5526;48,0837;-47,9474;-52,0526;-0,0000;100,0000;48,0837;5;0
1,2641;-15,6777;29,4703;47,2925;0,0000;13,2372;164,3223;260,076;-72,995;55,118;88,832;-8,2738;8,2503;8,9567;0,0000;-17,2070;-8,2738;48,0837;-47,9474;-52,0526;-0,0000;100,0000;48,0837;5;0
1,2699;-15,7249;29,5173;47,3436;0,0000;13,1391;164,2751;259,743;-73,132;54,774;85,839;-7,9949;7,9723;8,6548;0,0000;-16,6271;-7,9949;48,0837;-47,9474;-52,0526;-0,0000;100,0000;48,0837;5;0
1,2757;-15,7704;29,5627;47,3929;0,0000;13,0444;164,2296;259,421;-73,264;54,443;82,851;-7,7161;7,6942;8,3530;0,0000;-16,0472;-7,7161;48,0837;-47,9474;-52,0526;-0,0000;100,0000;48,0837;5;0
1,2815;-15,8144;29,6065;47,4405;0,0000;12,9530;164,1856;259,110;-73,391;54,124;79,868;-7,4373;7,4162;8,0512;0,0000;-15,4674;-7,4373;48,0837;-47,9474;-52,0526;-0,0000;100,0000;48,0837;5;0
1,2873;-15,8567;29,6487;47,4863;0,0000;12,8650;164,1433;258,811;-73,513;53,817;76,890;-7,1585;7,1382;7,7493;0,0000;-14,8875;-7,1585;48,0837;-47,9474;-52,0526;-0,0000;100,0000;48,0837;5;0
1,2931;-15,8974;29,6893;47,5303;0,0000;12,7803;164,1026;258,522;-73,629;53,522;73,915;-6,8796;6,8601;7,4475;0,0000;-14,3076;-6,8796;48,0837;-47,9474;-52,0526;-0,0000;100,0000;48,0837;5;0
1,2989;-15,9365;29,7283;47,5726;0,0000;12,6991;164,0635;258,244;-73,741;53,240;70,946;-6,6008;6,5821;7,1457;0,0000;-13,7278;-6,6008;48,0837;-47,9474;-52,0526;-0,0000;100,0000;48,0837;5;0
1,3047;-15,9739;29,7657;47,6132;0,0000;12,6211;164,0261;257,978;-73,847;52,970;67,980;-6,3220;6,3041;6,8438;0,0000;-13,1479;-6,3220;48,0837;-47,9474;-52,0526;-0,0000;100,0000;48,0837;5;0
1,3105;-16,0098;29,8014;47,6520;0,0000;12,5466;163,9902;257,722;-73,948;52,712;65,018;-6,0432;6,0261;6,5420;0,0000;-12,5680;-6,0432;48,0837;-47,9474;-52,0526;-0,0000;100,0000;48,0837;5;0
1,3163;-16,0440;29,8355;47,6891;0,0000;12,4754;163,9560;257,478;-74,045;52,465;62,060;-5,7644;5,7480;6,2401;0,0000;-11,9882;-5,7644;48,0837;-47,9474;-52,0526;-0,0000;100,0000;48,0837;5;0
1,3221;-16,0766;29,8681;47,7244;0,0000;12,4075;163,9234;257,245;-74,136;52,231;59,105;-5,4855;5,4700;5,9383;0,0000;-11,4083;-5,4855;48,0837;-47,9474;-52,0526;-0,0000;100,0000;48,0837;5;0
1,3279;-16,1076;29,8990;47,7579;0,0000;12,3431;163,8924;257,024;-74,223;52,009;56,154;-5,2067;5,1920;5,6365;0,0000;-10,8284;-5,2067;48,0837;-47,9474;-52,0526;-0,0000;100,0000;48,0837;5;0
1,3337;-16,1370;29,9283;47,7897;0,0000;12,2820;163,8630;256,814;-74,305;51,798;53,206;-4,9279;4,9139;5,3346;0,0000;-10,2486;-4,9279;48,0837;-47,9474;-52,0526;-0,0000;100,0000;48,0837;5;0
1,3395;-16,1648;29,9560;47,8198;0,0000;12,2242;163,8352;256,615;-74,383;51,600;50,262;-4,6491;4,6359;5,0328;0,0000;-9,6687;-4,6491;48,0837;-47,9474;-52,0526;-0,0000;100,0000;48,0837;5;0
1,3453;-16,1909;29,9821;47,8481;0,0000;12,1698;163,8091;256,428;-74,455;51,413;47,320;-4,3703;4,3579;4,7310;0,0000;-9,0888;-4,3703;48,0837;-47,9474;-52,0526;-0,0000;100,0000;48,0837;5;0
1,3511;-16,2155;30,0065;47,8747;0,0000;12,1188;163,7845;256,252;-74,523;51,238;44,381;-4,0914;4,0798;4,4291;0,0000;-8,5090;-4,0914;48,0837;-47,9474;-52,0526;-0,0000;100,0000;48,0837;5;0
1,3569;-16,2384;30,0294;47,8995;0,0000;12,0712;163,7616;256,087;-74,586;51,074;41,444;-3,8126;3,8018;4,1273;0,0000;-7,9291;-3,8126;48,0837;-47,9474;-52,0526;-0,0000;100,0000;48,0837;5;0
1,3627;-16,2597;30,0506;47,9225;0,0000;12,0269;163,7403;255,935;-74,645;50,922;38,510;-3,5338;3,5238;3,8255;0,0000;-7,3492;-3,5338;48,0837;-47,9474;-52,0526;-0,0000;100,0000;48,0837;5;0
1,3685;-16,2794;30,0702;47,9438;0,0000;11,9859;163,7206;255,793;-74,699;50,782;35,578;-3,2550;3,2457;3,5236;0,0000;-6,7694;-3,2550;48,0837;-47,9474;-52,0526;-0,0000;100,0000;48,0837;5;0
1,3743;-16,2974;30,0882;47,9634;0,0000;11,9483;163,7026;255,663;-74,749;50,654;32,648;-2,9761;2,9677;3,2218;0,0000;-6,1895;-2,9761;48,0837;-47,9474;-52,0526;-0,0000;100,0000;48,0837;5;0
1,3801;-16,3139;30,1047;47,9812;0,0000;11,9141;163,6861;255,545;-74,794;50,537;29,720;-2,6973;2,6897;2,9200;0,0000;-5,6096;-2,6973;48,0837;-47,9474;-52,0526;-0,0000;100,0000;48,0837;5;0
1,3859;-16,3287;30,1194;47,9973;0,0000;11,8833;163,6713;255,438;-74,834;50,431;26,794;-2,4185;2,4116;2,6181;0,0000;-5,0298;-2,4185;48,0837;-47,9474;-52,0526;-0,0000;100,0000;48,0837;5;0
1,3917;-16,3419;30,1326;48,0116;0,0000;11,8558;163,6581;255,343;-74,870;50,338;23,869;-2,1397;2,1336;2,3163;0,0000;-4,4499;-2,1397;48,0837;-47,9474;-52,0526;-0,0000;100,0000;48,0837;5;0
1,3975;-16,3535;30,1442;48,0241;0,0000;11,8317;163,6465;255,260;-74,902;50,255;20,946;-1,8609;1,8556;2,0144;0,0000;-3,8700;-1,8609;48,0837;-47,9474;-52,0526;-0,0000;100,0000;48,0837;5;0
1,4033;-16,3635;30,1541;48,0349;0,0000;11,8109;163,6365;255,188;-74,929;50,184;18,024;-1,5820;1,5775;1,7126;0,0000;-3,2902;-1,5820;48,0837;-47,9474;-52,0526;-0,0000;100,0000;48,0837;5;0
1,4091;-16,3719;30,1625;48,0440;0,0000;11,7935;163,6281;255,127;-74,952;50,125;15,103;-1,3032;1,2995;1,4108;0,0000;-2,7103;-1,3032;48,0837;-47,9474;-52,0526;-0,0000;100,0000;48,0837;5;0
1,4149;-16,3786;30,1692;48,0513;0,0000;11,7795;163,6214;255,079;-74,970;50,077;12,183;-1,0244;1,0215;1,1089;0,0000;-2,1304;-1,0244;48,0837;-47,9474;-52,0526;-0,0000;100,0000;48,0837;5;0
1,4207;-16,3838;30,1743;48,0569;0,0000;11,7688;163,6162;255,042;-74,984;50,041;9,263;-0,7456;0,7435;0,8071;0,0000;-1,5506;-0,7456;48,0837;-47,9474;-52,0526;-0,0000;100,0000;48,0837;5;0
1,4265;-16,3873;30,1778;48,0607;0,0000;11,7615;163,6127;255,016;-74,994;50,016;6,345;-0,4667;0,4654;0,5053;0,0000;-0,9707;-0,4667;47,4453;-46,6855;-51,4676;-0,0000;98,1531;47,4453;5;0
1,4323;-16,3892;30,1797;48,0627;0,0000;11,7576;163,6108;255,003;-74,999;50,003;3,426;-0,1953;0,2020;0,2102;-0,0000;-0,4122;-0,1953;37,5158;-27,0707;-42,3754;-0,0000;69,4461;37,5158;5;0
1,4381;-16,3895;30,1802;48,0631;0,0000;11,7567;163,6105;255,000;-75,000;50,000;0,706;-0,0317;0,1515;0,0138;-0,0000;-0,1653;-0,0317;16,8424;13,7670;-23,4470;0,0000;9,6800;16,8424;6;0
1,4439;-16,3895;30,1815;48,0629;0,0000;11,7556;163,6105;255,000;-75,000;49,994;0,958;-0,0000;0,3617;-0,0617;0,0000;-0,3000;-0,0000;2,7300;41,6459;-10,5278;0,0000;-31,1181;2,7300;6;0
1,4497;-16,3895;30,1844;48,0624;0,0000;11,7533;163,6105;255,000;-75,000;49,982;2,118;-0,0000;0,6345;-0,1083;0,0000;-0,5262;-0,0000;-0,0000;47,0412;-8,0335;0,0000;-39,0077;-0,0000;6;0
1,4555;-16,3895;30,1888;48,0616;0,0000;11,7495;163,6105;255,000;-75,000;49,963;3,277;-0,0000;0,9072;-0,1549;0,0000;-0,7524;-0,0000;-0,0000;47,0440;-8,0427;0,0000;-39,0013;-0,0000;6;0
1,4613;-16,3895;30,1949;48,0606;0,0000;11,7445;163,6105;255,000;-75,000;49,937;4,437;-0,0000;1,1800;-0,2015;0,0000;-0,9785;-0,0000;-0,0000;47,0480;-8,0554;0,0000;-38,9926;-0,0000;6;0
1,4671;-16,3895;30,2025;48,0593;0,0000;11,7382;163,6105;255,000;-75,000;49,905;5,597;-0,0000;1,4529;-0,2483;0,0000;-1,2046;-0,0000;-0,0000;47,0529;-8,0713;0,0000;-38,9816;-0,0000;6;0
1,4729;-16,3895;30,2117;48,0577;0,0000;11,7306;163,6105;255,000;-75,000;49,865;6,757;-0,0000;1,7257;-0,2951;0,0000;-1,4306;-0,0000;-0,0000;47,0589;-8,0905;0,0000;-38,9684;-0,0000;6;0
1,4787;-16,3895;30,2225;48,0559;0,0000;11,7216;163,6105;255,000;-75,000;49,820;7,916;-0,0000;1,9986;-0,3421;0,0000;-1,6565;-0,0000;0,0002;47,0659;-8,1129;-0,0036;-38,9530;0,0039;6;0
1,4845;-16,3895;30,2349;48,0537;0,0000;11,7113;163,6105;255,000;-75,000;49,767;9,076;0,0000;2,2716;-0,3892;-0,0000;-1,8823;0,0000;0,0002;47,0738;-8,1387;-0,0037;-38,9352;0,0039;6;0
1,4903;-16,3895;30,2489;48,0513;-0,0000;11,6998;163,6105;255,000;-75,000;49,708;10,236;0,0000;2,5446;-0,4365;-0,0000;-2,1081;0,0000;-0,0002;47,0828;-8,1678;0,0036;-38,9150;-0,0039;6;0
1,4961;-16,3895;30,2644;48,0487;0,0000;11,6869;163,6105;255,000;-75,000;49,641;11,396;-0,0000;2,8176;-0,4840;-0,0000;-2,3336;-0,0000;-0,0002;47,0928;-8,2001;0,0036;-38,8926;-0,0039;6;0
1,5019;-16,3895;30,2816;48,0457;-0,0000;11,6727;163,6105;255,000;-75,000;49,569;12,555;-0,0000;3,0907;-0,5316;0,0000;-2,5591;-0,0000;-0,0000;47,1037;-8,2357;0,0000;-38,8680;-0,0000;6;0
1,5077;-16,3895;30,3003;48,0425;0,0000;11,6572;163,6105;255,000;-75,000;49,489;13,715;-0,0000;3,3639;-0,5795;0,0000;-2,7844;-0,0000;-0,0000;47,1156;-8,2746;-0,0000;-38,8410;-0,0000;6;0
1,5135;-16,3895;30,3206;48,0390;0,0000;11,6404;163,6105;255,000;-75,000;49,403;14,875;-0,0000;3,6371;-0,6276;-0,0000;-3,0096;-0,0000;-0,0000;47,1285;-8,3168;-0,0000;-38,8117;-0,0000;6;0
1,5193;-16,3895;30,3425;48,0352;-0,0000;11,6223;163,6105;255,000;-75,000;49,310;16,035;-0,0000;3,9104;-0,6759;-0,0000;-3,2345;-0,0000;-0,0000;47,1423;-8,3622;0,0000;-38,7801;-0,0000;6;0
1,5251;-16,3895;30,3659;48,0312;0,0000;11,6029;163,6105;255,000;-75,000;49,210;17,194;-0,0000;4,1839;-0,7246;-0,0000;-3,4593;-0,0000;-0,0000;47,1571;-8,4110;-0,0000;-38,7462;-0,0000;6;0
1,5308;-16,3895;30,3910;48,0268;-0,0000;11,5822;163,6105;255,000;-75,000;49,104;18,354;-0,0000;4,4573;-0,7735;-0,0000;-3,6839;-0,0000;-0,0000;47,1728;-8,4630;-0,0000;-38,7099;-0,0000;6;0
1,5366;-16,3895;30,4176;48,0222;-0,0000;11,5602;163,6105;255,000;-75,000;48,991;19,514;-0,0000;4,7309;-0,8227;-0,0000;-3,9082;-0,0000;-0,0000;47,1894;-8,5182;-0,0000;-38,6712;-0,0000;6;0
1,5424;-16,3895;30,4458;48,0173;-0,0000;11,5369;163,6105;255,000;-75,000;48,871;20,673;-0,0000;5,0046;-0,8723;-0,0000;-4,1324;-0,0000;-0,0000;47,2070;-8,5768;0,0000;-38,6302;-0,0000;6;0
1,5482;-16,3895;30,4757;48,0121;-0,0000;11,5123;163,6105;255,000;-75,000;48,744;21,833;-0,0000;5,2784;-0,9222;-0,0000;-4,3562;-0,0000;-0,0000;47,2254;-8,6386;0,0000;-38,5868;-0,0000;6;0
1,5540;-16,3895;30,5071;48,0066;-0,0000;11,4864;163,6105;255,000;-75,000;48,611;22,993;-0,0000;5,5523;-0,9724;-0,0000;-4,5799;-0,0000;-0,0000;47,2446;-8,7037;0,0000;-38,5410;-0,0000;6;0
1,5598;-16,3895;30,5400;48,0008;-0,0000;11,4591;163,6105;255,000;-75,000;48,471;24,153;-0,0000;5,8263;-1,0231;0,0000;-4,8032;-0,0000;-0,0000;47,2648;-8,7720;0,0000;-38,4927;-0,0000;6;0
1,5656;-16,3895;30,5746;47,9947;-0,0000;11,4306;163,6105;255,000;-75,000;48,324;25,312;-0,0000;6,1005;-1,0742;0,0000;-5,0263;-0,0000;-0,0000;47,2857;-8,8436;-0,0000;-38,4421;-0,0000;6;0
1,5714;-16,3895;30,6108;47,9883;0,0000;11,4009;163,6105;255,000;-75,000;48,170;26,472;-0,0000;6,3747;-1,1257;0,0000;-5,2490;-0,0000;-0,0000;47,3075;-8,9184;-0,0000;-38,3890;-0,0000;6;0
1,5772;-16,3895;30,6486;47,9817;0,0000;11,3698;163,6105;255,000;-75,000;48,010;27,632;-0,0000;6,6491;-1,1776;0,0000;-5,4715;-0,0000;-0,0000;47,3301;-8,9965;-0,0000;-38,3335;-0,0000;6;0
1,5830;-16,3895;30,6879;47,9747;0,0000;11,3374;163,6105;255,000;-75,000;47,843;28,792;-0,0000;6,9236;-1,2300;-0,0000;-5,6936;-0,0000;-0,0000;47,3534;-9,0779;-0,0000;-38,2756;-0,0000;6;0
1,5888;-16,3895;30,7289;47,9674;0,0000;11,3037;163,6105;255,000;-75,000;47,670;29,951;-0,0000;7,1983;-1,2829;-0,0000;-5,9154;-0,0000;-0,0000;47,3775;-9,1624;0,0000;-38,2151;-0,0000;6;0
1,5946;-16,3895;30,7714;47,9598;0,0000;11,2688;163,6105;255,000;-75,000;47,489;31,111;-0,0000;7,4731;-1,3363;0,0000;-6,1368;-0,0000;-0,0000;47,4024;-9,2502;-0,0000;-38,1521;-0,0000;6;0
1,6004;-16,3895;30,8155;47,9519;0,0000;11,2326;163,6105;255,000;-75,000;47,302;32,271;-0,0000;7,7480;-1,3902;-0,0000;-6,3578;-0,0000;-0,0000;47,4279;-9,3413;-0,0000;-38,0867;-0,0000;6;0
1,6062;-16,3895;30,8612;47,9437;-0,0000;11,1951;163,6105;255,000;-75,000;47,108;33,431;-0,0000;8,0231;-1,4446;-0,0000;-6,5785;-0,0000;-0,0000;47,4542;-9,4355;0,0000;-38,0186;-0,0000;6;0
1,6120;-16,3895;30,9086;47,9352;0,0000;11,1563;163,6105;255,000;-75,000;46,908;34,590;-0,0000;8,2984;-1,4996;0,0000;-6,7988;-0,0000;-0,0000;47,4811;-9,5330;0,0000;-37,9481;-0,0000;6;0
1,6178;-16,3895;30,9575;47,9263;0,0000;11,1162;163,6105;255,000;-75,000;46,700;35,750;-0,0000;8,5738;-1,5552;-0,0000;-7,0186;-0,0000;-0,0000;47,5086;-9,6337;-0,0000;-37,8749;-0,0000;6;0
1,6236;-16,3895;31,0080;47,9171;-0,0000;11,0749;163,6105;255,000;-75,000;46,486;36,910;-0,0000;8,8493;-1,6113;-0,0000;-7,2380;-0,0000;-0,0000;47,5368;-9,7376;-0,0000;-37,7992;-0,0000;6;0
1,6294;-16,3895;31,0601;47,9076;-0,0000;11,0323;163,6105;255,000;-75,000;46,266;38,069;-0,0000;9,1251;-1,6681;-0,0000;-7,4570;-0,0000;-0,0000;47,5656;-9,8447;0,0000;-37,7209;-0,0000;6;0
1,6352;-16,3895;31,1138;47,8978;-0,0000;10,9884;163,6105;255,000;-75,000;46,038;39,229;-0,0000;9,4010;-1,7255;-0,0000;-7,6755;-0,0000;-0,0000;47,5949;-9,9550;0,0000;-37,6399;-0,0000;6;0
1,6410;-16,3895;31,1691;47,8876;-0,0000;10,9433;163,6105;255,000;-75,000;45,804;40,389;-0,0000;9,6770;-1,7835;-0,0000;-7,8935;-0,0000;-0,0000;47,6248;-10,0685;-0,0000;-37,5562;-0,0000;6;0
1,6468;-16,3895;31,2261;47,8771;-0,0000;10,8969;163,6105;255,000;-75,000;45,563;41,549;-0,0000;9,9533;-1,8423;-0,0000;-8,1110;-0,0000;-0,0000;47,6551;-10,1852;0,0000;-37,4699;-0,0000;6;0
1,6526;-16,3895;31,2846;47,8662;-0,0000;10,8492;163,6105;255,000;-75,000;45,315;42,708;-0,0000;10,2297;-1,9017;0,0000;-8,3280;-0,0000;-0,0000;47,6860;-10,3051;0,0000;-37,3809;-0,0000;6;0
1,6584;-16,3895;31,3447;47,8550;-0,0000;10,8003;163,6105;255,000;-75,000;45,061;43,868;-0,0000;10,5063;-1,9618;0,0000;-8,5445;-0,0000;-0,0000;47,7173;-10,4281;0,0000;-37,2892;-0,0000;6;0
1,6642;-16,3895;31,4064;47,8435;0,0000;10,7501;163,6105;255,000;-75,000;44,800;45,028;-0,0000;10,7831;-2,0226;0,0000;-8,7605;-0,0000;-0,0000;47,7490;-10,5543;0,0000;-37,1947;-0,0000;6;0
1,6700;-16,3895;31,4697;47,8316;0,0000;10,6987;163,6105;255,000;-75,000;44,532;46,188;-0,0000;11,0601;-2,0842;0,0000;-8,9759;-0,0000;-0,0000;47,7811;-10,6836;-0,0000;-37,0974;-0,0000;6;0
1,6758;-16,3895;31,5347;47,8193;0,0000;10,6460;163,6105;255,000;-75,000;44,257;47,347;-0,0000;11,3372;-2,1465;0,0000;-9,1907;-0,0000;-0,0000;47,5458;-10,7650;-0,0000;-36,7809;-0,0000;6;0
1,6816;-16,3895;31,6012;47,8067;0,0000;10,5921;163,6105;255,000;-75,000;43,976;48,507;-0,0000;11,6115;-2,2090;-0,0000;-9,4025;-0,0000;-0,0000;39,1424;-9,2796;-0,0000;-29,8627;-0,0000;6;0
1,6874;-16,3895;31,6693;47,7937;0,0000;10,5370;163,6105;255,000;-75,000;43,688;49,641;-0,0000;11,7912;-2,2541;-0,0000;-9,5371;-0,0000;-0,0000;19,4301;-5,5968;-0,0000;-13,8333;0,0000;6;0
1,6932;-16,3895;31,7380;47,7805;0,0000;10,4815;163,6105;255,000;-75,000;43,398;50,000;-0,0000;11,8368;-2,2739;-0,0000;-9,5629;-0,0000;-0,0000;4,2012;-2,7172;-0,0000;-1,4840;0,0000;6;0
1,6990;-16,3895;31,8066;47,7673;-0,0000;10,4261;163,6105;255,000;-75,000;43,108;50,000;-0,0000;11,8399;-2,2856;-0,0000;-9,5543;-0,0000;-0,0000;0,5302;-2,0188;0,0000;1,4885;-0,0000;6;0
1,7048;-16,3895;31,8753;47,7540;-0,0000;10,3707;163,6105;255,000;-75,000;42,819;50,000;-0,0000;11,8430;-2,2973;-0,0000;-9,5456;-0,0000;-0,0000;0,5258;-2,0178;0,0000;1,4920;-0,0000;6;0
1,7106;-16,3895;31,9440;47,7407;-0,0000;10,3153;163,6105;255,000;-75,000;42,529;50,000;-0,0000;11,8460;-2,3090;-0,0000;-9,5370;-0,0000;-0,0000;0,5214;-2,0169;0,0000;1,4955;-0,0000;6;0
1,7164;-16,3895;32,0127;47,7273;-0,0000;10,2601;163,6105;255,000;-75,000;42,239;50,000;-0,0000;11,8490;-2,3207;-0,0000;-9,5283;-0,0000;-0,0000;0,5170;-2,0159;0,0000;1,4989;-0,0000;6;0
1,7222;-16,3895;32,0814;47,7138;-0,0000;10,2048;163,6105;255,000;-75,000;41,949;50,000;-0,0000;11,8520;-2,3324;0,0000;-9,5196;-0,0000;-0,0000;0,5126;-2,0149;0,0000;1,5023;-0,0000;6;0
1,7280;-16,3895;32,1501;47,7002;-0,0000;10,1497;163,6105;255,000;-75,000;41,659;50,000;-0,0000;11,8550;-2,3441;0,0000;-9,5109;-0,0000;0,0000;0,5082;-2,0140;-0,0000;1,5058;0,0000;6;0
1,7338;-16,3895;32,2189;47,6866;-0,0000;10,0945;163,6105;255,000;-75,000;41,369;50,000;-0,0000;11,8579;-2,3558;-0,0000;-9,5021;-0,0000;0,0000;0,5038;-2,0130;-0,0000;1,5092;0,0000;6;0
1,7396;-16,3895;32,2876;47,6729;-0,0000;10,0395;163,6105;255,000;-75,000;41,079;50,000;-0,0000;11,8608;-2,3674;-0,0000;-9,4934;-0,0000;-0,0000;0,4994;-2,0120;0,0000;1,5126;0,0000;6;0
1,7454;-16,3895;32,3564;47,6591;-0,0000;9,9844;163,6105;255,000;-75,000;40,789;50,000;-0,0000;11,8637;-2,3791;-0,0000;-9,4846;-0,0000;-0,0000;0,4951;-2,0111;0,0000;1,5160;-0,0000;6;0
1,7512;-16,3895;32,4252;47,6453;-0,0000;9,9295;163,6105;255,000;-75,000;40,499;50,000;-0,0000;11,8665;-2,3908;0,0000;-9,4758;-0,0000;0,0000;0,4907;-2,0101;-0,0000;1,5194;0,0000;6;0
1,7570;-16,3895;32,4940;47,6314;-0,0000;9,8746;163,6105;255,000;-75,000;40,209;50,000;-0,0000;11,8694;-2,4024;-0,0000;-9,4670;-0,0000;0,0000;0,4863;-2,0091;-0,0000;1,5228;0,0000;6;0
1,7628;-16,3895;32,5629;47,6174;-0,0000;9,8197;163,6105;255,000;-75,000;39,919;50,000;-0,0000;11,8722;-2,4141;-0,0000;-9,4581;-0,0000;-0,0000;0,4820;-2,0081;0,0000;1,5261;-0,0000;6;0
1,7686;-16,3895;32,6317;47,6034;-0,0000;9,7649;163,6105;255,000;-75,000;39,629;50,000;-0,0000;11,8750;-2,4257;0,0000;-9,4493;-0,0000;-0,0000;0,4776;-2,0071;0,0000;1,5295;-0,0000;6;0
1,7744;-16,3895;32,7006;47,5893;-0,0000;9,7101;163,6105;255,000;-75,000;39,339;50,000;-0,0000;11,8777;-2,4373;0,0000;-9,4404;-0,0000;-0,0000;0,4733;-2,0061;0,0000;1,5328;0,0000;6;0
1,7802;-16,3895;32,7695;47,5751;-0,0000;9,6554;163,6105;255,000;-75,000;39,049;50,000;-0,0000;11,8805;-2,4490;0,0000;-9,4315;-0,0000;0,0000;0,4690;-2,0051;-0,0000;1,5362;0,0000;6;0
1,7860;-16,3895;32,8384;47,5609;-0,0000;9,6007;163,6105;255,000;-75,000;38,759;50,000;-0,0000;11,8832;-2,4606;0,0000;-9,4226;-0,0000;0,0000;0,4646;-2,0041;-0,0000;1,5395;0,0000;6;0
1,7918;-16,3895;32,9073;47,5466;0,0000;9,5461;163,6105;255,000;-75,000;38,470;50,000;-0,0000;11,8858;-2,4722;0,0000;-9,4136;-0,0000;0,0000;0,4603;-2,0031;-0,0000;1,5428;0,0000;6;0
1,7976;-16,3895;32,9762;47,5322;0,0000;9,4915;163,6105;255,000;-75,000;38,180;50,000;-0,0000;11,8885;-2,4838;-0,0000;-9,4047;-0,0000;-0,0000;0,4560;-2,0021;0,0000;1,5461;-0,0000;6;0
1,8034;-16,3895;33,0452;47,5178;0,0000;9,4370;163,6105;255,000;-75,000;37,890;50,000;-0,0000;11,8911;-2,4954;0,0000;-9,3957;-0,0000;-0,0000;0,4517;-2,0011;0,0000;1,5494;0,0000;6;0
1,8092;-16,3895;33,1141;47,5033;0,0000;9,3826;163,6105;255,000;-75,000;37,600;50,000;-0,0000;11,8937;-2,5070;0,0000;-9,3867;-0,0000;0,0000;0,4474;-2,0001;-0,0000;1,5527;0,0000;6;0
1,8150;-16,3895;33,1831;47,4887;0,0000;9,3282;163,6105;255,000;-75,000;37,310;50,000;-0,0000;11,8963;-2,5186;0,0000;-9,3777;-0,0000;0,0000;0,4431;-1,9991;-0,0000;1,5560;-0,0000;6;0
1,8208;-16,3895;33,2521;47,4741;0,0000;9,2738;163,6105;255,000;-75,000;37,020;50,000;-0,0000;11,8989;-2,5302;0,0000;-9,3687;-0,0000;0,0000;0,4388;-1,9980;-0,0000;1,5592;0,0000;6;0
1,8266;-16,3895;33,3211;47,4594;0,0000;9,2195;163,6105;255,000;-75,000;36,730;50,000;-0,0000;11,9014;-2,5418;-0,0000;-9,3596;-0,0000;0,0000;0,4345;-1,9970;-0,0000;1,5625;0,0000;6;0
1,8324;-16,3895;33,3901;47,4446;0,0000;9,1653;163,6105;255,000;-75,000;36,440;50,000;-0,0000;11,9039;-2,5534;-0,0000;-9,3505;-0,0000;-0,0000;0,4302;-1,9960;0,0000;1,5658;-0,0000;6;0
1,8382;-16,3895;33,4592;47,4298;-0,0000;9,1111;163,6105;255,000;-75,000;36,150;50,000;-0,0000;11,9064;-2,5649;-0,0000;-9,3414;-0,0000;-0,0000;0,4260;-1,9950;0,0000;1,5690;-0,0000;6;0
1,8440;-16,3895;33,5282;47,4149;0,0000;9,0569;163,6105;255,000;-75,000;35,860;50,000;-0,0000;11,9089;-2,5765;-0,0000;-9,3323;-0,0000;0,0000;0,4217;-1,9939;-0,0000;1,5722;-0,0000;6;0
1,8498;-16,3895;33,5973;47,3999;-0,0000;9,0029;163,6105;255,000;-75,000;35,570;50,000;-0,0000;11,9113;-2,5881;-0,0000;-9,3232;-0,0000;-0,0000;0,4175;-1,9929;0,0000;1,5754;-0,0000;6;0
1,8556;-16,3895;33,6663;47,3848;-0,0000;8,9488;163,6105;255,000;-75,000;35,280;50,000;-0,0000;11,9137;-2,5996;0,0000;-9,3141;-0,0000;-0,0000;0,4132;-1,9918;0,0000;1,5786;-0,0000;6;0
1,8614;-16,3895;33,7354;47,3697;0,0000;8,8948;163,6105;255,000;-75,000;34,990;50,000;-0,0000;11,9161;-2,6112;0,0000;-9,3049;-0,0000;0,0000;0,4090;-1,9908;-0,0000;1,5818;0,0000;6;0
1,8672;-16,3895;33,8045;47,3546;0,0000;8,8409;163,6105;255,000;-75,000;34,700;50,000;-0,0000;11,9184;-2,6227;-0,0000;-9,2957;-0,0000;0,0000;0,4048;-1,9898;-0,0000;1,5850;0,0000;6;0
1,8730;-16,3895;33,8737;47,3393;0,0000;8,7870;163,6105;255,000;-75,000;34,410;50,000;-0,0000;11,9208;-2,6342;-0,0000;-9,2865;-0,0000;-0,0000;0,4005;-1,9887;0,0000;1,5882;-0,0000;6;0
1,8788;-16,3895;33,9428;47,3240;0,0000;8,7332;163,6105;255,000;-75,000;34,121;50,000;-0,0000;11,9231;-2,6458;0,0000;-9,2773;-0,0000;-0,0000;0,3963;-1,9877;0,0000;1,5913;-0,0000;6;0
1,8846;-16,3895;34,0119;47,3086;0,0000;8,6794;163,6105;255,000;-75,000;33,831;50,000;-0,0000;11,9254;-2,6573;0,0000;-9,2681;-0,0000;0,0000;0,3921;-1,9866;-0,0000;1,5945;0,0000;6;0
1,8904;-16,3895;34,0811;47,2932;0,0000;8,6257;163,6105;255,000;-75,000;33,541;50,000;-0,0000;11,9276;-2,6688;-0,0000;-9,2588;-0,0000;0,0000;0,3879;-1,9855;-0,0000;1,5976;0,0000;6;0
1,8962;-16,3895;34,1503;47,2777;0,0000;8,5721;163,6105;255,000;-75,000;33,251;50,000;-0,0000;11,9299;-2,6803;-0,0000;-9,2495;-0,0000;-0,0000;0,3837;-1,9845;0,0000;1,6008;-0,0000;6;0
1,9020;-16,3895;34,2194;47,2621;0,0000;8,5184;163,6105;255,000;-75,000;32,961;50,000;-0,0000;11,9321;-2,6918;0,0000;-9,2403;-0,0000;0,0000;0,3795;-1,9834;-0,0000;1,6039;0,0000;6;0
1,9078;-16,3895;34,2886;47,2465;0,0000;8,4649;163,6105;255,000;-75,000;32,671;50,000;-0,0000;11,9343;-2,7033;-0,0000;-9,2309;-0,0000;0,0000;0,3753;-1,9823;-0,0000;1,6070;0,0000;6;0
1,9136;-16,3895;34,3579;47,2308;-0,0000;8,4114;163,6105;255,000;-75,000;32,381;50,000;-0,0000;11,9364;-2,7148;-0,0000;-9,2216;-0,0000;-0,0000;0,3712;-1,9813;0,0000;1,6101;-0,0000;6;0
1,9194;-16,3895;34,4271;47,2150;-0,0000;8,3579;163,6105;255,000;-75,000;32,091;50,000;-0,0000;11,9386;-2,7263;-0,0000;-9,2123;-0,0000;-0,0000;0,3670;-1,9802;0,0000;1,6132;-0,0000;6;0
1,9252;-16,3895;34,4963;47,1991;-0,0000;8,3046;163,6105;255,000;-75,000;31,801;50,000;-0,0000;11,9407;-2,7378;0,0000;-9,2029;-0,0000;-0,0000;0,3629;-1,9791;0,0000;1,6162;-0,0000;6;0
1,9310;-16,3895;34,5656;47,1832;-0,0000;8,2512;163,6105;255,000;-75,000;31,511;50,000;-0,0000;11,9428;-2,7493;0,0000;-9,1935;-0,0000;0,0000;0,3587;-1,9780;-0,0000;1,6193;0,0000;6;0
1,9368;-16,3895;34,6348;47,1673;-0,0000;8,1979;163,6105;255,000;-75,000;31,221;50,000;-0,0000;11,9449;-2,7607;0,0000;-9,1841;-0,0000;0,0000;0,3546;-1,9769;-0,0000;1,6224;0,0000;6;0
1,9426;-16,3895;34,7041;47,1512;-0,0000;8,1447;163,6105;255,000;-75,000;30,931;50,000;-0,0000;11,9469;-2,7722;0,0000;-9,1747;-0,0000;-0,0000;0,3504;-1,9759;0,0000;1,6254;0,0000;6;0
1,9484;-16,3895;34,7734;47,1351;-0,0000;8,0915;163,6105;255,000;-75,000;30,641;50,000;-0,0000;11,9489;-2,7836;0,0000;-9,1653;-0,0000;-0,0000;0,3463;-1,9748;0,0000;1,6284;-0,0000;6;0
1,9542;-16,3895;34,8427;47,1189;0,0000;8,0384;163,6105;255,000;-75,000;30,351;50,000;-0,0000;11,9509;-2,7951;0,0000;-9,1558;-0,0000;0,0000;0,3422;-1,9737;-0,0000;1,6315;-0,0000;6;0
1,9600;-16,3895;34,9120;47,1027;0,0000;7,9854;163,6105;255,000;-75,000;30,061;50,000;-0,0000;11,9529;-2,8065;0,0000;-9,1464;-0,0000;0,0000;0,3381;-1,9726;-0,0000;1,6345;0,0000;6;0
1,9658;-16,3895;34,9813;47,0864;0,0000;7,9323;163,6105;255,000;-75,000;29,772;50,000;-0,0000;11,9548;-2,8180;-0,0000;-9,1369;-0,0000;0,0000;0,3340;-1,9715;-0,0000;1,6375;0,0000;6;0
1,9715;-16,3895;35,0506;47,0700;-0,0000;7,8794;163,6105;255,000;-75,000;29,482;50,000;-0,0000;11,9568;-2,8294;-0,0000;-9,1274;-0,0000;-0,0000;0,3299;-1,9704;0,0000;1,6405;-0,0000;6;0
1,9773;-16,3895;35,1199;47,0536;-0,0000;7,8265;163,6105;255,000;-75,000;29,192;50,000;-0,0000;11,9587;-2,8408;0,0000;-9,1178;-0,0000;-0,0000;0,3258;-1,9693;0,0000;1,6435;-0,0000;6;0
1,9831;-16,3895;35,1893;47,0371;0,0000;7,7736;163,6105;255,000;-75,000;28,902;50,000;-0,0000;11,9605;-2,8522;0,0000;-9,1083;-0,0000;0,0000;0,3218;-1,9682;-0,0000;1,6464;0,0000;6;0
1,9889;-16,3895;35,2587;47,0205;0,0000;7,7209;163,6105;255,000;-75,000;28,612;50,000;-0,0000;11,9624;-2,8636;-0,0000;-9,0987;-0,0000;0,0000;0,3177;-1,9671;-0,0000;1,6494;0,0000;6;0
1,9947;-16,3895;35,3280;47,0039;-0,0000;7,6681;163,6105;255,000;-75,000;28,322;50,000;-0,0000;11,9642;-2,8750;-0,0000;-9,0892;-0,0000;-0,0000;0,3136;-1,9659;-0,0000;1,6523;0,0000;6;0
2,0005;-16,3895;35,3974;46,9871;-0,0000;7,6154;163,6105;255,000;-75,000;28,032;50,000;-0,0000;11,9660;-2,8864;-0,0000;-9,0796;-0,0000;-0,0000;0,3096;-1,9648;0,0000;1,6553;0,0000;6;0
2,0063;-16,3895;35,4668;46,9704;-0,0000;7,5628;163,6105;255,000;-75,000;27,742;50,000;-0,0000;11,9678;-2,8978;-0,0000;-9,0700;-0,0000;0,0000;0,3055;-1,9637;-0,0000;1,6582;0,0000;6;0
2,0121;-16,3895;35,5362;46,9535;-0,0000;7,5103;163,6105;255,000;-75,000;27,452;50,000;-0,0000;11,9696;-2,9092;-0,0000;-9,0604;-0,0000;-0,0000;0,3015;-1,9626;0,0000;1,6611;-0,0000;6;0
2,0179;-16,3895;35,6056;46,9366;-0,0000;7,4577;163,6105;255,000;-75,000;27,162;50,000;-0,0000;11,9713;-2,9206;-0,0000;-9,0507;-0,0000;-0,0000;0,2975;-1,9615;0,0000;1,6640;-0,0000;6;0
2,0237;-16,3895;35,6750;46,9197;-0,0000;7,4053;163,6105;255,000;-75,000;26,872;50,000;-0,0000;11,9730;-2,9320;-0,0000;-9,0411;-0,0000;-0,0000;0,2935;-1,9603;0,0000;1,6669;-0,0000;6;0
2,0295;-16,3895;35,7445;46,9026;-0,0000;7,3529;163,6105;255,000;-75,000;26,582;50,000;-0,0000;11,9747;-2,9433;0,0000;-9,0314;-0,0000;0,0000;0,2895;-1,9592;-0,0000;1,6698;0,0000;6;0
2,0353;-16,3895;35,8139;46,8855;-0,0000;7,3006;163,6105;255,000;-75,000;26,292;50,000;-0,0000;11,9764;-2,9547;-0,0000;-9,0217;-0,0000;-0,0000;0,2855;-1,9581;0,0000;1,6726;-0,0000;6;0
2,0411;-16,3895;35,8834;46,8684;-0,0000;7,2483;163,6105;255,000;-75,000;26,002;50,000;-0,0000;11,9780;-2,9660;0,0000;-9,0120;-0,0000;-0,0000;0,2815;-1,9570;0,0000;1,6755;-0,0000;6;0
2,0469;-16,3895;35,9528;46,8511;-0,0000;7,1960;163,6105;255,000;-75,000;25,712;50,000;-0,0000;11,9796;-2,9774;0,0000;-9,0023;-0,0000;0,0000;0,2775;-1,9558;-0,0000;1,6783;0,0000;6;0
2,0527;-16,3895;36,0223;46,8338;0,0000;7,1439;163,6105;255,000;-75,000;25,423;50,000;-0,0000;11,9812;-2,9887;-0,0000;-8,9925;-0,0000;0,0000;0,2735;-1,9547;-0,0000;1,6812;0,0000;6;0
2,0585;-16,3895;36,0918;46,8165;-0,0000;7,0917;163,6105;255,000;-75,000;25,133;50,000;-0,0000;11,9828;-3,0000;-0,0000;-8,9828;-0,0000;0,0000;0,2696;-1,9535;-0,0000;1,6840;0,0000;6;0
2,0643;-16,3895;36,1613;46,7990;-0,0000;7,0397;163,6105;255,000;-75,000;24,843;50,000;-0,0000;11,9844;-3,0114;-0,0000;-8,9730;-0,0000;-0,0000;0,2656;-1,9524;0,0000;1,6868;-0,0000;6;0
2,0701;-16,3895;36,2308;46,7815;-0,0000;6,9877;163,6105;255,000;-75,000;24,553;50,000;-0,0000;11,9859;-3,0227;-0,0000;-8,9632;-0,0000;-0,0000;0,2616;-1,9513;0,0000;1,6896;-0,0000;6;0
2,0759;-16,3895;36,3003;46,7640;-0,0000;6,9357;163,6105;255,000;-75,000;24,263;50,000;-0,0000;11,9874;-3,0340;0,0000;-8,9534;-0,0000;-0,0000;0,2577;-1,9501;0,0000;1,6924;-0,0000;6;0
2,0817;-16,3895;36,3698;46,7464;-0,0000;6,8839;163,6105;255,000;-75,000;23,973;50,000;-0,0000;11,9889;-3,0453;0,0000;-8,9436;-0,0000;-0,0000;0,2538;-1,9490;0,0000;1,6952;-0,0000;6;0
2,0875;-16,3895;36,4393;46,7287;0,0000;6,8320;163,6105;255,000;-75,000;23,683;50,000;-0,0000;11,9903;-3,0566;0,0000;-8,9337;-0,0000;0,0000;0,2499;-1,9478;-0,0000;1,6979;0,0000;6;0
2,0933;-16,3895;36,5088;46,7109;0,0000;6,7802;163,6105;255,000;-75,000;23,393;50,000;-0,0000;11,9918;-3,0679;0,0000;-8,9239;-0,0000;0,0000;0,2459;-1,9466;-0,0000;1,7007;0,0000;6;0
2,0991;-16,3895;36,5784;46,6931;0,0000;6,7285;163,6105;255,000;-75,000;23,103;50,000;-0,0000;11,9932;-3,0792;0,0000;-8,9140;-0,0000;0,0000;0,2420;-1,9455;-0,0000;1,7034;0,0000;6;0
2,1049;-16,3895;36,6479;46,6752;0,0000;6,6769;163,6105;255,000;-75,000;22,813;50,000;-0,0000;11,9946;-3,0905;-0,0000;-8,9041;-0,0000;0,0000;0,2382;-1,9443;-0,0000;1,7062;0,0000;6;0
2,1107;-16,3895;36,7175;46,6573;0,0000;6,6253;163,6105;255,000;-75,000;22,523;50,000;-0,0000;11,9960;-3,1017;-0,0000;-8,8942;-0,0000;-0,0000;0,2343;-1,9432;0,0000;1,7089;-0,0000;6;0
2,1165;-16,3895;36,7871;46,6392;0,0000;6,5737;163,6105;255,000;-75,000;22,233;50,000;-0,0000;11,9973;-3,1130;0,0000;-8,8843;-0,0000;-0,0000;0,2304;-1,9420;0,0000;1,7116;-0,0000;6;0
2,1223;-16,3895;36,8566;46,6211;0,0000;6,5222;163,6105;255,000;-75,000;21,943;50,000;-0,0000;11,9986;-3,1243;0,0000;-8,8744;-0,0000;-0,0000;0,2265;-1,9408;0,0000;1,7143;-0,0000;6;0
2,1281;-16,3895;36,9262;46,6030;0,0000;6,4708;163,6105;255,000;-75,000;21,653;50,000;-0,0000;11,9999;-3,1355;0,0000;-8,8644;-0,0000;0,0000;0,2227;-1,9397;-0,0000;1,7170;0,0000;6;0
2,1339;-16,3895;36,9958;46,5848;0,0000;6,4194;163,6105;255,000;-75,000;21,363;50,000;-0,0000;12,0012;-3,1467;0,0000;-8,8545;-0,0000;-0,0000;0,2188;-1,9385;0,0000;1,7197;-0,0000;6;0
2,1397;-16,3895;37,0654;46,5665;0,0000;6,3681;163,6105;255,000;-75,000;21,074;50,000;-0,0000;12,0025;-3,1580;0,0000;-8,8445;-0,0000;-0,0000;0,2150;-1,9373;0,0000;1,7223;-0,0000;6;0
2,1455;-16,3895;37,1350;46,5482;0,0000;6,3168;163,6105;255,000;-75,000;20,784;50,000;-0,0000;12,0037;-3,1692;0,0000;-8,8345;-0,0000;0,0000;0,2112;-1,9361;-0,0000;1,7250;0,0000;6;0
2,1513;-16,3895;37,2046;46,5298;0,0000;6,2657;163,6105;255,000;-75,000;20,494;50,000;-0,0000;12,0049;-3,1804;-0,0000;-8,8245;-0,0000;0,0000;0,2073;-1,9350;-0,0000;1,7276;0,0000;6;0
2,1571;-16,3895;37,2742;46,5113;0,0000;6,2145;163,6105;255,000;-75,000;20,204;50,000;-0,0000;12,0061;-3,1917;0,0000;-8,8145;-0,0000;-0,0000;0,2035;-1,9338;0,0000;1,7303;-0,0000;6;0
2,1629;-16,3895;37,3438;46,4927;0,0000;6,1634;163,6105;255,000;-75,000;19,914;50,000;-0,0000;12,0073;-3,2029;0,0000;-8,8044;-0,0000;-0,0000;0,1997;-1,9326;0,0000;1,7329;-0,0000;6;0
2,1687;-16,3895;37,4135;46,4741;0,0000;6,1124;163,6105;255,000;-75,000;19,624;50,000;-0,0000;12,0084;-3,2141;0,0000;-8,7944;-0,0000;0,0000;0,1959;-1,9314;-0,0000;1,7355;0,0000;6;0
2,1745;-16,3895;37,4831;46,4555;0,0000;6,0614;163,6105;255,000;-75,000;19,334;50,000;-0,0000;12,0096;-3,2253;0,0000;-8,7843;-0,0000;0,0000;0,1921;-1,9302;-0,0000;1,7381;0,0000;6;0
2,1803;-16,3895;37,5527;46,4367;0,0000;6,0105;163,6105;255,000;-75,000;19,044;50,000;-0,0000;12,0107;-3,2365;0,0000;-8,7742;-0,0000;0,0000;0,1884;-1,9290;-0,0000;1,7407;0,0000;6;0
2,1861;-16,3895;37,6224;46,4179;0,0000;5,9597;163,6105;255,000;-75,000;18,754;50,000;-0,0000;12,0117;-3,2476;-0,0000;-8,7641;-0,0000;0,0000;0,1846;-1,9279;-0,0000;1,7432;0,0000;6;0
2,1919;-16,3895;37,6921;46,3991;0,0000;5,9089;163,6105;255,000;-75,000;18,464;50,000;-0,0000;12,0128;-3,2588;-0,0000;-8,7540;-0,0000;0,0000;0,1809;-1,9267;-0,0000;1,7458;0,0000;6;0
2,1977;-16,3895;37,7617;46,3801;0,0000;5,8582;163,6105;255,000;-75,000;18,174;50,000;-0,0000;12,0138;-3,2700;-0,0000;-8,7439;-0,0000;-0,0000;0,1771;-1,9255;0,0000;1,7484;0,0000;6;0
2,2035;-16,3895;37,8314;46,3611;0,0000;5,8075;163,6105;255,000;-75,000;17,884;50,000;-0,0000;12,0148;-3,2811;-0,0000;-8,7337;-0,0000;-0,0000;0,1734;-1,9243;0,0000;1,7509;-0,0000;6;0
2,2093;-16,3895;37,9011;46,3421;0,0000;5,7569;163,6105;255,000;-75,000;17,594;50,000;-0,0000;12,0158;-3,2923;0,0000;-8,7235;-0,0000;-0,0000;0,1696;-1,9231;0,0000;1,7534;-0,0000;6;0
2,2151;-16,3895;37,9707;46,3230;0,0000;5,7063;163,6105;255,000;-75,000;17,304;50,000;-0,0000;12,0168;-3,3034;0,0000;-8,7134;-0,0000;0,0000;0,1659;-1,9219;-0,0000;1,7559;0,0000;6;0
2,2209;-16,3895;38,0404;46,3038;0,0000;5,6558;163,6105;255,000;-75,000;17,014;50,000;-0,0000;12,0178;-3,3146;-0,0000;-8,7032;-0,0000;0,0000;0,1622;-1,9207;-0,0000;1,7584;0,0000;6;0
2,2267;-16,3895;38,1101;46,2845;0,0000;5,6054;163,6105;255,000;-75,000;16,725;50,000;-0,0000;12,0187;-3,3257;-0,0000;-8,6930;-0,0000;-0,0000;0,1585;-1,9195;0,0000;1,7609;-0,0000;6;0
2,2325;-16,3895;38,1798;46,2652;0,0000;5,5550;163,6105;255,000;-75,000;16,435;50,000;-0,0000;12,0196;-3,3368;0,0000;-8,6828;-0,0000;-0,0000;0,1548;-1,9183;0,0000;1,7634;-0,0000;6;0
2,2383;-16,3895;38,2495;46,2458;0,0000;5,5047;163,6105;255,000;-75,000;16,145;50,000;-0,0000;12,0205;-3,3480;0,0000;-8,6725;-0,0000;0,0000;0,1512;-1,9171;-0,0000;1,7659;0,0000;6;0
2,2441;-16,3895;38,3192;46,2264;0,0000;5,4544;163,6105;255,000;-75,000;15,855;50,000;-0,0000;12,0214;-3,3591;0,0000;-8,6623;-0,0000;-0,0000;0,1475;-1,9158;0,0000;1,7683;-0,0000;6;0
2,2499;-16,3895;38,3889;46,2069;0,0000;5,4042;163,6105;255,000;-75,000;15,565;50,000;-0,0000;12,0222;-3,3702;0,0000;-8,6520;-0,0000;0,0000;0,1438;-1,9146;-0,0000;1,7708;0,0000;6;0
2,2557;-16,3895;38,4586;46,1873;0,0000;5,3541;163,6105;255,000;-75,000;15,275;50,000;-0,0000;12,0230;-3,3813;-0,0000;-8,6417;-0,0000;0,0000;0,1402;-1,9134;-0,0000;1,7732;0,0000;6;0
2,2615;-16,3895;38,5284;46,1676;0,0000;5,3040;163,6105;255,000;-75,000;14,985;50,000;-0,0000;12,0238;-3,3924;-0,0000;-8,6315;-0,0000;-0,0000;0,1366;-1,9122;0,0000;1,7757;-0,0000;6;0
2,2673;-16,3895;38,5981;46,1479;0,0000;5,2540;163,6105;255,000;-75,000;14,695;50,000;-0,0000;12,0246;-3,4035;-0,0000;-8,6212;-0,0000;-0,0000;0,1329;-1,9110;0,0000;1,7781;-0,0000;6;0
2,2731;-16,3895;38,6678;46,1282;0,0000;5,2040;163,6105;255,000;-75,000;14,405;50,000;-0,0000;12,0254;-3,4145;0,0000;-8,6108;-0,0000;-0,0000;0,1293;-1,9098;0,0000;1,7805;-0,0000;6;0
2,2789;-16,3895;38,7375;46,1083;0,0000;5,1541;163,6105;255,000;-75,000;14,115;50,000;-0,0000;12,0261;-3,4256;0,0000;-8,6005;-0,0000;-0,0000;0,1257;-1,9085;0,0000;1,7829;-0,0000;6;0
2,2847;-16,3895;38,8073;46,0884;0,0000;5,1043;163,6105;255,000;-75,000;13,825;50,000;-0,0000;12,0268;-3,4367;0,0000;-8,5902;-0,0000;0,0000;0,1221;-1,9073;-0,0000;1,7852;0,0000;6;0
2,2905;-16,3895;38,8770;46,0685;0,0000;5,0545;163,6105;255,000;-75,000;13,535;50,000;-0,0000;12,0275;-3,4477;0,0000;-8,5798;-0,0000;0,0000;0,1185;-1,9061;-0,0000;1,7876;0,0000;6;0
2,2963;-16,3895;38,9468;46,0485;0,0000;5,0048;163,6105;255,000;-75,000;13,245;50,000;-0,0000;12,0282;-3,4588;0,0000;-8,5694;-0,0000;-0,0000;0,1149;-1,9049;0,0000;1,7900;0,0000;6;0
2,3021;-16,3895;39,0165;46,0284;0,0000;4,9551;163,6105;255,000;-75,000;12,955;50,000;-0,0000;12,0289;-3,4698;0,0000;-8,5590;-0,0000;-0,0000;0,1114;-1,9037;0,0000;1,7923;-0,0000;6;0
2,3079;-16,3895;39,0863;46,0082;0,0000;4,9055;163,6105;255,000;-75,000;12,665;50,000;-0,0000;12,0295;-3,4809;0,0000;-8,5486;-0,0000;-0,0000;0,1078;-1,9024;0,0000;1,7946;-0,0000;6;0
2,3137;-16,3895;39,1560;45,9880;0,0000;4,8560;163,6105;255,000;-75,000;12,375;50,000;-0,0000;12,0301;-3,4919;0,0000;-8,5382;-0,0000;-0,0000;0,1042;-1,9012;0,0000;1,7969;0,0000;6;0
2,3195;-16,3895;39,2258;45,9677;0,0000;4,8065;163,6105;255,000;-75,000;12,086;50,000;-0,0000;12,0307;-3,5029;0,0000;-8,5278;-0,0000;0,0000;0,1007;-1,9000;-0,0000;1,7993;0,0000;6;0
2,3253;-16,3895;39,2955;45,9474;0,0000;4,7571;163,6105;255,000;-75,000;11,796;50,000;-0,0000;12,0313;-3,5139;0,0000;-8,5174;-0,0000;0,0000;0,0972;-1,8987;-0,0000;1,8016;0,0000;6;0
2,3311;-16,3895;39,3653;45,9270;0,0000;4,7077;163,6105;255,000;-75,000;11,506;50,000;-0,0000;12,0318;-3,5249;0,0000;-8,5069;-0,0000;-0,0000;0,0937;-1,8975;0,0000;1,8038;-0,0000;6;0
2,3369;-16,3895;39,4351;45,9065;0,0000;4,6584;163,6105;255,000;-75,000;11,216;50,000;-0,0000;12,0324;-3,5359;0,0000;-8,4964;-0,0000;0,0000;0,0901;-1,8963;-0,0000;1,8061;0,0000;6;0
2,3427;-16,3895;39,5049;45,8860;0,0000;4,6092;163,6105;255,000;-75,000;10,926;50,000;-0,0000;12,0329;-3,5469;-0,0000;-8,4860;-0,0000;0,0000;0,0866;-1,8950;-0,0000;1,8084;0,0000;6;0
2,3485;-16,3895;39,5746;45,8654;-0,0000;4,5600;163,6105;255,000;-75,000;10,636;50,000;-0,0000;12,0334;-3,5579;-0,0000;-8,4755;-0,0000;-0,0000;0,0832;-1,8938;0,0000;1,8106;-0,0000;6;0
2,3543;-16,3895;39,6444;45,8447;0,0000;4,5109;163,6105;255,000;-75,000;10,346;50,000;-0,0000;12,0338;-3,5689;0,0000;-8,4650;-0,0000;-0,0000;0,0797;-1,8925;0,0000;1,8129;-0,0000;6;0
2,3601;-16,3895;39,7142;45,8240;0,0000;4,4618;163,6105;255,000;-75,000;10,056;50,000;-0,0000;12,0343;-3,5798;0,0000;-8,4544;-0,0000;0,0000;0,0762;-1,8913;-0,0000;1,8151;0,0000;6;0
2,3659;-16,3895;39,7840;45,8032;0,0000;4,4128;163,6105;255,000;-75,000;9,766;50,000;-0,0000;12,0347;-3,5908;-0,0000;-8,4439;-0,0000;0,0000;0,0728;-1,8901;-0,0000;1,8173;0,0000;6;0
2,3717;-16,3895;39,8538;45,7823;0,0000;4,3639;163,6105;255,000;-75,000;9,476;50,000;-0,0000;12,0351;-3,6018;-0,0000;-8,4334;-0,0000;-0,0000;0,0693;-1,8888;0,0000;1,8195;0,0000;6;0
2,3775;-16,3895;39,9236;45,7614;-0,0000;4,3150;163,6105;255,000;-75,000;9,186;50,000;-0,0000;12,0355;-3,6127;-0,0000;-8,4228;-0,0000;-0,0000;0,0659;-1,8876;0,0000;1,8217;-0,0000;6;0
2,3833;-16,3895;39,9933;45,7404;-0,0000;4,2662;163,6105;255,000;-75,000;8,896;50,000;-0,0000;12,0359;-3,6237;0,0000;-8,4122;-0,0000;-0,0000;0,0624;-1,8863;0,0000;1,8239;0,0000;6;0
2,3891;-16,3895;40,0631;45,7194;-0,0000;4,2175;163,6105;255,000;-75,000;8,606;50,000;-0,0000;12,0363;-3,6346;-0,0000;-8,4017;-0,0000;0,0000;0,0590;-1,8851;-0,0000;1,8260;0,0000;6;0
2,3949;-16,3895;40,1329;45,6983;-0,0000;4,1688;163,6105;255,000;-75,000;8,316;50,000;-0,0000;12,0366;-3,6455;-0,0000;-8,3911;-0,0000;-0,0000;0,0556;-1,8838;0,0000;1,8282;-0,0000;6;0
2,4007;-16,3895;40,2027;45,6771;-0,0000;4,1202;163,6105;255,000;-75,000;8,026;50,000;-0,0000;12,0369;-3,6564;0,0000;-8,3805;-0,0000;-0,0000;0,0522;-1,8826;0,0000;1,8303;-0,0000;6;0
2,4064;-16,3895;40,2725;45,6559;0,0000;4,0716;163,6105;255,000;-75,000;7,737;50,000;-0,0000;12,0372;-3,6674;0,0000;-8,3698;-0,0000;-0,0000;0,0488;-1,8813;0,0000;1,8325;-0,0000;6;0
2,4122;-16,3895;40,3423;45,6346;0,0000;4,0231;163,6105;255,000;-75,000;7,447;50,000;-0,0000;12,0375;-3,6783;0,0000;-8,3592;-0,0000;-0,0000;0,0455;-1,8801;0,0000;1,8346;-0,0000;6;0
2,4180;-16,3895;40,4121;45,6132;0,0000;3,9746;163,6105;255,000;-75,000;7,157;50,000;-0,0000;12,0377;-3,6892;0,0000;-8,3486;-0,0000;0,0000;0,0421;-1,8788;-0,0000;1,8367;0,0000;6;0
2,4238;-16,3895;40,4819;45,5918;0,0000;3,9263;163,6105;255,000;-75,000;6,867;50,000;-0,0000;12,0380;-3,7000;-0,0000;-8,3379;-0,0000;0,0000;0,0387;-1,8776;-0,0000;1,8388;0,0000;6;0
2,4296;-16,3895;40,5517;45,5703;0,0000;3,8779;163,6105;255,000;-75,000;6,577;50,000;-0,0000;12,0382;-3,7109;-0,0000;-8,3272;-0,0000;0,0000;-4,5496;-0,4547;-0,0000;5,0043;0,0000;6;0
2,4354;-16,3895;40,6215;45,5488;0,0000;3,8297;163,6105;255,000;-75,000;6,287;50,000;-0,0000;11,9852;-3,7053;-0,0000;-8,2799;-0,0000;0,0000;-21,0793;4,6893;-0,0000;16,3899;0,0000;6;0
2,4412;-16,3895;40,6907;45,5273;-0,0000;3,7819;163,6105;255,000;-75,000;6,000;49,558;-0,0000;11,7937;-3,6565;-0,0000;-8,1372;-0,0000;0,0000;-40,4782;10,7730;0,0000;29,7052;-0,0000;6;0
2,4470;-16,3895;40,7583;45,5064;-0,0000;3,7353;163,6105;255,000;-75,000;5,719;48,408;-0,0000;11,5158;-3,5804;0,0000;-7,9354;-0,0000;0,0000;-48,0338;13,2278;0,0000;34,8060;-0,0000;6;0
2,4528;-16,3895;40,8243;45,4858;-0,0000;3,6899;163,6105;255,000;-75,000;5,445;47,248;-0,0000;11,2366;-3,5031;0,0000;-7,7335;-0,0000;0,0000;-48,1356;13,3821;-0,0000;34,7535;0,0000;6;0
2,4586;-16,3895;40,8886;45,4657;-0,0000;3,6456;163,6105;255,000;-75,000;5,178;46,088;-0,0000;10,9575;-3,4252;-0,0000;-7,5323;-0,0000;0,0000;-48,1395;13,5031;-0,0000;34,6365;0,0000;6;0
2,4644;-16,3895;40,9514;45,4461;-0,0000;3,6025;163,6105;255,000;-75,000;4,917;44,929;-0,0000;10,6783;-3,3465;0,0000;-7,3318;-0,0000;0,0000;-48,1430;13,6209;0,0000;34,5222;0,0000;6;0
2,4702;-16,3895;41,0125;45,4269;-0,0000;3,5606;163,6105;255,000;-75,000;4,663;43,769;-0,0000;10,3992;-3,2672;0,0000;-7,1320;-0,0000;0,0000;-48,1462;13,7356;-0,0000;34,4106;0,0000;6;0
2,4760;-16,3895;41,0720;45,4082;-0,0000;3,5198;163,6105;255,000;-75,000;4,416;42,609;-0,0000;10,1200;-3,1872;-0,0000;-6,9327;-0,0000;0,0000;-48,1489;13,8471;-0,0000;34,3018;0,0000;6;0
2,4818;-16,3895;41,1298;45,3900;-0,0000;3,4802;163,6105;255,000;-75,000;4,176;41,450;-0,0000;9,8408;-3,1066;-0,0000;-6,7341;-0,0000;0,0000;-48,1513;13,9555;0,0000;34,1959;-0,0000;6;0
2,4876;-16,3895;41,1861;45,3722;-0,0000;3,4417;163,6105;255,000;-75,000;3,942;40,290;-0,0000;9,5616;-3,0254;0,0000;-6,5362;-0,0000;0,0000;-48,1534;14,0607;0,0000;34,0927;0,0000;6;0
2,4934;-16,3895;41,2407;45,3549;-0,0000;3,4044;163,6105;255,000;-75,000;3,715;39,130;-0,0000;9,2823;-2,9436;0,0000;-6,3388;-0,0000;0,0000;-48,1552;14,1628;-0,0000;33,9924;0,0000;6;0
2,4992;-16,3895;41,2937;45,3380;-0,0000;3,3682;163,6105;255,000;-75,000;3,495;37,970;-0,0000;9,0031;-2,8611;0,0000;-6,1419;-0,0000;0,0000;-48,1567;14,2619;-0,0000;33,8948;0,0000;6;0
2,5050;-16,3895;41,3451;45,3217;-0,0000;3,3332;163,6105;255,000;-75,000;3,282;36,811;-0,0000;8,7238;-2,7782;0,0000;-5,9457;-0,0000;0,0000;-48,1580;14,3578;0,0000;33,8002;0,0000;6;0
2,5108;-16,3895;41,3949;45,3058;-0,0000;3,2993;163,6105;255,000;-75,000;3,075;35,651;-0,0000;8,4446;-2,6946;0,0000;-5,7499;-0,0000;0,0000;-48,1590;14,4506;0,0000;33,7084;-0,0000;6;0
2,5166;-16,3895;41,4431;45,2904;0,0000;3,2665;163,6105;255,000;-75,000;2,875;34,491;-0,0000;8,1653;-2,6106;0,0000;-5,5547;-0,0000;0,0000;-48,1598;14,5403;-0,0000;33,6195;0,0000;6;0
2,5224;-16,3895;41,4896;45,2755;0,0000;3,2348;163,6105;255,000;-75,000;2,682;33,331;-0,0000;7,8861;-2,5260;-0,0000;-5,3600;-0,0000;0,0000;-48,1604;14,6270;-0,0000;33,5334;0,0000;6;0
2,5282;-16,3895;41,5345;45,2611;-0,0000;3,2043;163,6105;255,000;-75,000;2,495;32,172;-0,0000;7,6068;-2,4409;-0,0000;-5,1658;-0,0000;0,0000;-48,1608;14,7106;0,0000;33,4503;0,0000;6;0
2,5340;-16,3895;41,5778;45,2472;-0,0000;3,1749;163,6105;255,000;-75,000;2,315;31,012;-0,0000;7,3275;-2,3554;0,0000;-4,9721;-0,0000;0,0000;-48,1611;14,7911;0,0000;33,3701;0,0000;6;0
2,5398;-16,3895;41,6195;45,2338;0,0000;3,1467;163,6105;255,000;-75,000;2,142;29,852;-0,0000;7,0482;-2,2694;0,0000;-4,7788;-0,0000;0,0000;-48,1612;14,8685;0,0000;33,2927;0,0000;6;0
2,5456;-16,3895;41,6596;45,2209;0,0000;3,1195;163,6105;255,000;-75,000;1,976;28,692;-0,0000;6,7690;-2,1830;0,0000;-4,5860;-0,0000;0,0000;-48,1612;14,9429;0,0000;33,2184;0,0000;6;0
2,5514;-16,3895;41,6980;45,2085;0,0000;3,0935;163,6105;255,000;-75,000;1,816;27,533;-0,0000;6,4897;-2,0961;0,0000;-4,3936;-0,0000;0,0000;-48,1611;15,0142;-0,0000;33,1469;0,0000;6;0
2,5572;-16,3895;41,7348;45,1966;0,0000;3,0686;163,6105;255,000;-75,000;1,663;26,373;-0,0000;6,2104;-2,0088;0,0000;-4,2016;-0,0000;0,0000;-48,1609;15,0825;-0,0000;33,0784;0,0000;6;0
2,5630;-16,3895;41,7700;45,1852;0,0000;3,0447;163,6105;255,000;-75,000;1,517;25,213;-0,0000;5,9312;-1,9212;-0,0000;-4,0100;-0,0000;0,0000;-48,1606;15,1477;0,0000;33,0129;0,0000;6;0
2,5688;-16,3895;41,8036;45,1743;0,0000;3,0220;163,6105;255,000;-75,000;1,378;24,054;-0,0000;5,6519;-1,8332;0,0000;-3,8187;-0,0000;0,0000;-48,1602;15,2099;-0,0000;32,9503;0,0000;6;0
2,5746;-16,3895;41,8356;45,1639;0,0000;3,0005;163,6105;255,000;-75,000;1,245;22,894;-0,0000;5,3726;-1,7448;-0,0000;-3,6278;-0,0000;0,0000;-48,1597;15,2691;-0,0000;32,8907;0,0000;6;0
2,5804;-16,3895;41,8659;45,1541;0,0000;2,9800;163,6105;255,000;-75,000;1,119;21,734;-0,0000;5,0934;-1,6561;-0,0000;-3,4373;-0,0000;0,0000;-48,1593;15,3252;0,0000;32,8340;-0,0000;6;0
2,5862;-16,3895;41,8947;45,1447;0,0000;2,9606;163,6105;255,000;-75,000;0,999;20,574;-0,0000;4,8141;-1,5671;0,0000;-3,2470;-0,0000;0,0000;-48,1587;15,3783;0,0000;32,7804;0,0000;6;0
2,5920;-16,3895;41,9218;45,1359;0,0000;2,9423;163,6105;255,000;-75,000;0,887;19,415;-0,0000;4,5349;-1,4777;0,0000;-3,0571;-0,0000;0,0000;-48,1582;15,4285;-0,0000;32,7297;0,0000;6;0
2,5978;-16,3895;41,9473;45,1276;0,0000;2,9251;163,6105;255,000;-75,000;0,781;18,255;-0,0000;4,2556;-1,3881;-0,0000;-2,8675;-0,0000;0,0000;-48,1576;15,4755;-0,0000;32,6821;0,0000;6;0
2,6036;-16,3895;41,9711;45,1198;0,0000;2,9091;163,6105;255,000;-75,000;0,682;17,095;-0,0000;3,9764;-1,2983;-0,0000;-2,6781;-0,0000;0,0000;-48,1570;15,5196;0,0000;32,6374;0,0000;6;0
2,6094;-16,3895;41,9934;45,1125;0,0000;2,8941;163,6105;255,000;-75,000;0,589;15,935;-0,0000;3,6971;-1,2081;0,0000;-2,4890;-0,0000;0,0000;-48,1564;15,5607;0,0000;32,5957;0,0000;6;0
2,6152;-16,3895;42,0140;45,1058;0,0000;2,8802;163,6105;255,000;-75,000;0,504;14,776;-0,0000;3,4179;-1,1178;0,0000;-2,3001;-0,0000;0,0000;-48,1559;15,5988;-0,0000;32,5571;0,0000;6;0
2,6210;-16,3895;42,0330;45,0996;0,0000;2,8674;163,6105;255,000;-75,000;0,425;13,616;-0,0000;3,1386;-1,0272;0,0000;-2,1114;-0,0000;0,0000;-48,1553;15,6339;0,0000;32,5215;0,0000;6;0
2,6268;-16,3895;42,0504;45,0939;0,0000;2,8557;163,6105;255,000;-75,000;0,353;12,456;-0,0000;2,8594;-0,9365;0,0000;-1,9229;-0,0000;0,0000;-48,1548;15,6659;-0,0000;32,4889;0,0000;6;0
2,6326;-16,3895;42,0662;45,0887;0,0000;2,8451;163,6105;255,000;-75,000;0,287;11,296;-0,0000;2,5802;-0,8456;-0,0000;-1,7346;-0,0000;0,0000;-48,1543;15,6950;-0,0000;32,4593;0,0000;6;0
2,6384;-16,3895;42,0803;45,0841;0,0000;2,8356;163,6105;255,000;-75,000;0,228;10,137;-0,0000;2,3009;-0,7545;-0,0000;-1,5465;-0,0000;0,0000;-48,1538;15,7211;-0,0000;32,4327;0,0000;6;0
2,6442;-16,3895;42,0929;45,0800;0,0000;2,8272;163,6105;255,000;-75,000;0,176;8,977;-0,0000;2,0217;-0,6632;-0,0000;-1,3585;-0,0000;0,0000;-48,1534;15,7442;0,0000;32,4092;0,0000;6;0
2,6500;-16,3895;42,1038;45,0764;0,0000;2,8198;163,6105;255,000;-75,000;0,131;7,817;-0,0000;1,7425;-0,5719;-0,0000;-1,1706;-0,0000;0,0000;-48,1530;15,7643;0,0000;32,3887;0,0000;6;0
2,6558;-16,3895;42,1131;45,0733;0,0000;2,8136;163,6105;255,000;-75,000;0,092;6,658;-0,0000;1,4633;-0,4804;0,0000;-0,9828;-0,0000;0,0000;-48,1527;15,7814;0,0000;32,3713;0,0000;6;0
2,6616;-16,3895;42,1207;45,0708;0,0000;2,8084;163,6105;255,000;-75,000;0,060;5,498;-0,0000;1,1840;-0,3889;0,0000;-0,7952;-0,0000;0,0000;-48,1524;15,7956;-0,0000;32,3568;0,0000;6;0
2,6674;-16,3895;42,1268;45,0688;0,0000;2,8044;163,6105;255,000;-75,000;0,035;4,338;-0,0000;0,9048;-0,2972;-0,0000;-0,6076;-0,0000;0,0000;-48,1522;15,8067;-0,0000;32,3455;0,0000;6;0
2,6732;-16,3895;42,1312;45,0674;0,0000;2,8014;163,6105;255,000;-75,000;0,017;3,178;-0,0000;0,6256;-0,2055;-0,0000;-0,4201;-0,0000;0,0000;-48,1520;15,8150;0,0000;32,3371;0,0000;6;0
2,6790;-16,3895;42,1340;45,0664;0,0000;2,7995;163,6105;255,000;-75,000;0,005;2,019;-0,0000;0,3464;-0,1138;-0,0000;-0,2326;-0,0000;0,8770;-43,7349;11,7110;0,0000;32,0236;0,8770;6;0
2,6848;-16,3895;42,1352;45,0661;0,0000;2,7987;163,6105;255,000;-75,000;0,000;0,859;0,0102;0,1184;-0,0697;0,0000;-0,0487;0,0102;4,7071;-24,4438;-6,2341;-0,0001;30,6825;4,7072;6;0
2,6906;-16,3894;42,1354;45,0656;0,0000;2,7989;163,6106;255,002;-75,000;0,000;0,336;0,0546;0,0629;-0,1861;-0,0000;0,1233;0,0546;9,8235;1,3297;-30,2098;-0,0000;28,8806;9,8235;8;0
2,6964;-16,3889;42,1360;45,0639;-0,0000;2,8001;163,6111;255,010;-75,000;0,000;1,460;0,1241;0,1338;-0,4201;-0,0000;0,2863;0,1241;12,0734;12,6738;-40,7610;0,0002;28,0781;12,0731;8;0
2,7022;-16,3880;42,1370;45,0608;-0,0000;2,8023;163,6120;255,026;-75,000;0,000;2,621;0,1946;0,2099;-0,6588;0,0000;0,4489;0,1946;12,1574;13,1216;-41,1788;-0,0007;28,0569;12,1581;8;0
2,7080;-16,3867;42,1384;45,0563;0,0000;2,8053;163,6133;255,048;-75,000;0,000;3,780;0,2651;0,2860;-0,8976;-0,0000;0,6117;0,2651;12,1509;13,1278;-41,1846;0,0509;28,0610;12,1000;8;0
2,7138;-16,3849;42,1403;45,0504;-0,0000;2,8094;163,6151;255,076;-75,000;0,000;4,940;0,3355;0,3621;-1,1365;0,0006;0,7743;0,3349;12,1441;13,1350;-41,1893;0,0013;28,0543;12,1427;8;0
2,7196;-16,3828;42,1426;45,0431;0,0000;2,8143;163,6172;255,112;-75,000;0,000;6,100;0,4059;0,4383;-1,3753;0,0000;0,9370;0,4059;12,1361;13,1443;-41,1968;-0,1003;28,0532;12,2365;8;0
2,7254;-16,3802;42,1454;45,0344;-0,0000;2,8202;163,6198;255,154;-75,000;0,000;7,259;0,4763;0,5146;-1,6142;-0,0006;1,0997;0,4768;12,1237;13,1554;-41,2054;-0,0006;28,0500;12,1244;8;0
2,7312;-16,3772;42,1486;45,0244;0,0000;2,8271;163,6228;255,202;-75,000;0,000;8,419;0,5465;0,5909;-1,8532;0,0000;1,2623;0,5465;12,1103;13,1681;-41,2153;0,0476;28,0466;12,0626;8;0
2,7370;-16,3739;42,1522;45,0129;-0,0000;2,8349;163,6261;255,258;-75,000;0,000;9,579;0,6167;0,6673;-2,0922;-0,0000;1,4249;0,6167;12,0963;13,1828;-41,2270;0,0000;28,0442;12,0963;8;0
2,7428;-16,3701;42,1563;45,0001;-0,0000;2,8436;163,6299;255,320;-75,000;0,000;10,739;0,6868;0,7438;-2,3313;0,0000;1,5876;0,6868;12,0800;13,1992;-41,2399;-0,0040;28,0409;12,0840;8;0
2,7486;-16,3659;42,1609;44,9859;0,0000;2,8533;163,6341;255,389;-75,000;0,000;11,898;0,7568;0,8204;-2,5705;-0,0001;1,7501;0,7569;12,0619;13,2172;-41,2541;-0,0001;28,0369;12,0620;8;0
2,7544;-16,3613;42,1658;44,9703;-0,0000;2,8639;163,6387;255,465;-75,000;0,000;13,058;0,8267;0,8971;-2,8098;-0,0000;1,9127;0,8267;12,0420;13,2371;-41,2698;0,0111;28,0326;12,0309;8;0
2,7602;-16,3563;42,1713;44,9533;0,0000;2,8755;163,6437;255,547;-75,000;0,000;14,218;0,8965;0,9739;-3,0491;0,0001;2,0752;0,8964;12,0198;13,2585;-41,2862;0,0607;28,0253;11,9591;8;0
2,7660;-16,3509;42,1771;44,9349;-0,0000;2,8880;163,6491;255,637;-75,000;0,000;15,377;0,9661;1,0508;-3,2886;0,0007;2,2377;0,9654;11,9974;13,2821;-41,3054;-0,0056;28,0233;12,0030;8;0
2,7718;-16,3451;42,1834;44,9152;0,0000;2,9014;163,6549;255,732;-75,000;0,000;16,537;1,0356;1,1279;-3,5282;-0,0000;2,4002;1,0356;11,9726;13,3079;-41,3272;-0,0185;28,0269;11,9911;8;0
2,7776;-16,3389;42,1902;44,8940;-0,0000;2,9158;163,6611;255,835;-75,000;0,000;17,697;1,1050;1,2052;-3,7679;0,0005;2,5628;1,1045;11,9458;13,3341;-41,3465;0,0014;28,0124;11,9444;8;0
2,7834;-16,3323;42,1974;44,8715;0,0000;2,9311;163,6677;255,944;-75,000;0,000;18,857;1,1741;1,2826;-4,0077;0,0000;2,7251;1,1741;11,9194;13,3620;-41,3670;-0,1451;27,9973;12,0646;8;0
2,7892;-16,3253;42,2051;44,8475;0,0000;2,9474;163,6747;256,061;-75,000;0,000;20,016;1,2432;1,3601;-4,2476;-0,0012;2,8875;1,2444;11,8873;13,3930;-41,3932;-0,0020;28,0003;11,8894;8;0
2,7950;-16,3179;42,2132;44,8222;-0,0000;2,9646;163,6821;256,183;-75,000;0,000;21,176;1,3120;1,4379;-4,4877;-0,0000;3,0498;1,3120;11,8545;13,4253;-41,4194;0,0825;27,9970;11,7719;8;0
2,8008;-16,3101;42,2218;44,7955;0,0000;2,9828;163,6899;256,313;-75,000;0,000;22,336;1,3807;1,5158;-4,7280;-0,0002;3,2122;1,3809;11,8223;13,4588;-41,4455;0,0007;27,9867;11,8215;8;0
2,8066;-16,3019;42,2308;44,7674;-0,0000;3,0019;163,6981;256,449;-75,000;0,000;23,496;1,4491;1,5940;-4,9684;-0,0000;3,3744;1,4491;11,7866;13,4943;-41,4739;0,0430;27,9800;11,7436;8;0
2,8124;-16,2933;42,2402;44,7379;-0,0000;3,0219;163,7067;256,592;-75,000;0,000;24,655;1,5174;1,6723;-5,2090;0,0003;3,5366;1,5171;11,7506;13,5315;-41,5034;0,0001;27,9719;11,7505;8;0
2,8182;-16,2843;42,2502;44,7070;0,0000;3,0429;163,7157;256,742;-75,000;0,000;25,815;1,5854;1,7509;-5,4497;0,0000;3,6988;1,5854;11,7127;13,5703;-41,5341;-0,0288;27,9623;11,7415;8;0
2,8240;-16,2749;42,2605;44,6747;0,0000;3,0648;163,7251;256,898;-75,000;0,000;26,975;1,6532;1,8297;-5,6906;-0,0001;3,8609;1,6533;11,6723;13,6110;-41,5669;-0,0000;27,9559;11,6724;8;0
2,8298;-16,2651;42,2714;44,6410;-0,0000;3,0877;163,7349;257,061;-75,000;0,000;28,135;1,7208;1,9087;-5,9318;-0,0000;4,0230;1,7208;11,6307;13,6534;-41,6010;0,0102;27,9485;11,6205;8;0
2,8356;-16,2549;42,2827;44,6059;0,0000;3,1115;163,7451;257,231;-75,000;0,000;29,294;1,7881;1,9880;-6,1731;0,0000;4,1851;1,7880;11,5883;13,6974;-41,6362;-0,0402;27,9393;11,6286;8;0
2,8413;-16,2444;42,2944;44,5694;0,0000;3,1362;163,7556;257,408;-75,000;0,000;30,454;1,8552;2,0676;-6,4146;-0,0005;4,3470;1,8556;11,5431;13,7430;-41,6728;-0,0042;27,9298;11,5473;8;0
2,8471;-16,2334;42,3067;44,5315;-0,0000;3,1619;163,7666;257,591;-75,000;0,000;31,614;1,9220;2,1474;-6,6564;-0,0000;4,5090;1,9220;11,4957;13,7903;-41,7107;0,0804;27,9195;11,4151;8;0
2,8529;-16,2221;42,3193;44,4922;-0,0000;3,1885;163,7779;257,781;-75,000;0,000;32,774;1,9885;2,2275;-6,8984;0,0005;4,6708;1,9880;11,4491;13,8394;-41,7504;0,0004;27,9110;11,4487;8;0
2,8587;-16,2103;42,3325;44,4515;0,0000;3,2160;163,7897;257,978;-75,000;0,000;33,933;2,0547;2,3079;-7,1406;0,0000;4,8327;2,0547;11,4004;13,8901;-41,7914;-0,0401;27,9017;11,4406;8;0
2,8645;-16,1982;42,3461;44,4094;0,0000;3,2445;163,8018;258,181;-75,000;0,000;35,093;2,1207;2,3886;-7,3830;0,0000;4,9944;2,1207;11,3499;13,9425;-41,8339;-0,0593;27,8920;11,4094;8;0
2,8703;-16,1857;42,3602;44,3658;0,0000;3,2740;163,8143;258,392;-75,000;0,000;36,253;2,1864;2,4696;-7,6257;-0,0007;5,1561;2,1870;11,2967;13,9964;-41,8774;-0,0005;27,8810;11,2973;8;0
2,8761;-16,1729;42,3748;44,3209;-0,0000;3,3043;163,8271;258,609;-75,000;0,000;37,412;2,2517;2,5509;-7,8687;-0,0000;5,3178;2,2517;11,2412;14,0520;-41,9223;0,1181;27,8689;11,1228;8;0
2,8819;-16,1596;42,3898;44,2746;-0,0000;3,3356;163,8404;258,832;-75,000;0,000;38,572;2,3167;2,6326;-8,1119;0,0007;5,4793;2,3160;11,1878;14,1094;-41,9692;0,0008;27,8600;11,1870;8;0
2,8877;-16,1460;42,4053;44,2268;0,0000;3,3679;163,8540;259,063;-75,000;0,000;39,732;2,3814;2,7146;-8,3554;0,0000;5,6409;2,3814;11,1320;14,1683;-42,0175;-0,0588;27,8498;11,1910;8;0
2,8935;-16,1320;42,4213;44,1777;-0,0000;3,4011;163,8680;259,300;-75,000;0,000;40,892;2,4458;2,7969;-8,5992;0,0000;5,8023;2,4458;11,0731;14,2288;-42,0667;-0,0003;27,8379;11,0734;8;0
2,8993;-16,1176;42,4377;44,1271;0,0000;3,4352;163,8824;259,544;-75,000;0,000;42,051;2,5099;2,8796;-8,8433;-0,0000;5,9637;2,5099;11,0136;14,2909;-42,1176;-0,0000;27,8267;11,0136;8;0
2,9051;-16,1029;42,4547;44,0751;-0,0000;3,4702;163,8971;259,794;-75,000;0,000;43,211;2,5736;2,9626;-9,0877;0,0000;6,1250;2,5736;10,9528;14,3546;-42,1700;0,0000;27,8153;10,9528;8;0
2,9109;-16,0878;42,4721;44,0217;0,0000;3,5062;163,9122;260,051;-75,000;0,000;44,371;2,6369;3,0461;-9,3324;-0,0000;6,2863;2,6369;10,8906;14,4200;-42,2237;-0,0001;27,8038;10,8906;8;0
2,9167;-16,0723;42,4900;43,9669;-0,0000;3,5431;163,9277;260,315;-75,000;0,000;45,531;2,6999;3,1299;-9,5774;0,0000;6,4475;2,6999;10,8271;14,4869;-42,2789;-0,0000;27,7921;10,8271;8;0
2,9225;-16,0565;42,5084;43,9106;0,0000;3,5810;163,9435;260,586;-75,000;0,000;46,690;2,7625;3,2141;-9,8227;-0,0000;6,6086;2,7625;10,7622;14,5554;-42,3356;0,0001;27,7802;10,7621;8;0
2,9283;-16,0403;42,5273;43,8530;-0,0000;3,6198;163,9597;260,864;-75,000;0,000;47,850;2,8247;3,2987;-10,0683;0,0000;6,7697;2,8247;10,0898;13,9120;-40,2217;-0,0000;26,3098;10,0898;8;0
2,9341;-16,0237;42,5466;43,7939;0,0000;3,6595;163,9763;261,148;-75,000;0,000;49,010;2,8795;3,3754;-10,2892;-0,0000;6,9137;2,8795;6,7016;10,0578;-28,3492;-0,0009;18,2913;6,7024;8;0
2,9399;-16,0069;42,5664;43,7337;-0,0000;3,6999;163,9931;261,437;-75,000;0,000;49,927;2,9024;3,4153;-10,3971;-0,0000;6,9818;2,9024;1,6463;4,1873;-10,3951;0,0001;6,2079;1,6461;8;0
2,9457;-15,9901;42,5862;43,6733;-0,0000;3,7405;164,0099;261,727;-75,000;0,000;50,000;2,8986;3,4240;-10,4097;0,0000;6,9857;2,8986;-0,8392;1,2787;-1,5207;-0,1121;0,2438;-0,7269;8;0
2,9515;-15,9733;42,6061;43,6129;0,0000;3,7810;164,0267;262,017;-75,000;0,000;50,000;2,8927;3,4301;-10,4148;-0,0013;6,9846;2,8940;-1,0204;1,0636;-0,8695;-0,0029;-0,1945;-1,0174;8;0
2,9573;-15,9565;42,6260;43,5525;-0,0000;3,8215;164,0435;262,307;-75,000;0,000;50,000;2,8867;3,4363;-10,4198;-0,0000;6,9835;2,8868;-1,0213;1,0620;-0,8689;0,2254;-0,1968;-1,2472;8;0
2,9631;-15,9398;42,6460;43,4921;-0,0000;3,8619;164,0602;262,597;-75,000;0,000;50,000;2,8808;3,4425;-10,4248;0,0013;6,9823;2,8795;-1,0143;1,0611;-0,8703;0,0055;-0,1902;-1,0198;8;0
2,9689;-15,9231;42,6659;43,4316;0,0000;3,9024;164,0769;262,887;-75,000;0,000;50,000;2,8750;3,4486;-10,4299;0,0000;6,9813;2,8749;-1,0093;1,0600;-0,8711;-0,1125;-0,1871;-0,8965;8;0
2,9747;-15,9065;42,6860;43,3711;-0,0000;3,9429;164,0935;263,177;-75,000;0,000;50,000;2,8691;3,4548;-10,4349;0,0000;6,9802;2,8691;-1,0083;1,0586;-0,8710;-0,0027;-0,1879;-1,0056;8;0
2,9805;-15,8898;42,7060;43,3106;0,0000;3,9834;164,1102;263,467;-75,000;0,000;50,000;2,8633;3,4609;-10,4400;-0,0000;6,9791;2,8633;-1,0053;1,0573;-0,8714;-0,0001;-0,1859;-1,0052;8;0
2,9863;-15,8733;42,7261;43,2501;-0,0000;4,0239;164,1267;263,757;-75,000;0,000;50,000;2,8575;3,4670;-10,4450;0,0000;6,9780;2,8575;-1,0023;1,0561;-0,8718;-0,0000;-0,1843;-1,0023;8;0
2,9921;-15,8567;42,7462;43,1895;0,0000;4,0643;164,1433;264,047;-75,000;0,000;50,000;2,8516;3,4731;-10,4501;-0,0000;6,9770;2,8516;-0,9993;1,0548;-0,8722;-0,0003;-0,1826;-0,9991;8;0
2,9979;-15,8402;42,7664;43,1289;-0,0000;4,1048;164,1598;264,337;-75,000;0,000;50,000;2,8459;3,4792;-10,4552;-0,0000;6,9759;2,8459;-0,9947;1,0538;-0,8731;-0,0888;-0,1788;-0,9055;8;0
3,0037;-15,8237;42,7866;43,0682;0,0000;4,1452;164,1763;264,627;-75,000;0,000;50,000;2,8401;3,4854;-10,4602;-0,0010;6,9749;2,8411;-0,9935;1,0524;-0,8731;-0,0018;-0,1795;-0,9917;8;0
3,0095;-15,8072;42,8068;43,0075;-0,0000;4,1857;164,1928;264,917;-75,000;0,000;50,000;2,8343;3,4915;-10,4653;-0,0000;6,9738;2,8344;-0,9939;1,0508;-0,8725;0,1776;-0,1819;-1,1724;8;0
3,0153;-15,7908;42,8271;42,9468;-0,0000;4,2261;164,2092;265,206;-75,000;0,000;50,000;2,8286;3,4975;-10,4703;0,0010;6,9728;2,8276;-0,9875;1,0500;-0,8739;-0,0018;-0,1755;-0,9856;8;0
3,0211;-15,7744;42,8474;42,8861;0,0000;4,2665;164,2256;265,496;-75,000;0,000;50,000;2,8229;3,5036;-10,4754;-0,0000;6,9718;2,8229;-0,9830;1,0489;-0,8748;-0,0888;-0,1723;-0,8937;8;0
3,0269;-15,7581;42,8677;42,8254;-0,0000;4,3069;164,2419;265,786;-75,000;0,000;50,000;2,8172;3,5097;-10,4805;-0,0000;6,9708;2,8172;-0,9820;1,0476;-0,8750;0,0092;-0,1722;-0,9912;8;0
3,0327;-15,7418;42,8881;42,7646;0,0000;4,3474;164,2582;266,076;-75,000;0,000;50,000;2,8115;3,5158;-10,4856;0,0001;6,9698;2,8114;-0,9789;1,0464;-0,8752;0,0000;-0,1711;-0,9789;8;0
3,0385;-15,7255;42,9085;42,7038;-0,0000;4,3878;164,2745;266,366;-75,000;0,000;50,000;2,8058;3,5218;-10,4906;-0,0000;6,9688;2,8058;-0,9759;1,0450;-0,8753;-0,0049;-0,1713;-0,9710;8;0
3,0443;-15,7092;42,9289;42,6429;-0,0000;4,4282;164,2908;266,656;-75,000;0,000;50,000;2,8002;3,5279;-10,4957;0,0000;6,9678;2,8002;-0,9731;1,0440;-0,8761;0,0000;-0,1679;-0,9731;8;0
3,0501;-15,6930;42,9494;42,5820;0,0000;4,4686;164,3070;266,946;-75,000;0,000;50,000;2,7945;3,5340;-10,5008;-0,0000;6,9668;2,7945;-0,9703;1,0429;-0,8768;-0,0005;-0,1653;-0,9697;8;0
3,0559;-15,6768;42,9699;42,5211;-0,0000;4,5090;164,3232;267,236;-75,000;0,000;50,000;2,7889;3,5400;-10,5059;0,0000;6,9659;2,7889;-0,9674;1,0417;-0,8770;0,0000;-0,1646;-0,9674;8;0
3,0617;-15,6607;42,9904;42,4602;0,0000;4,5494;164,3393;267,526;-75,000;0,000;50,000;2,7833;3,5460;-10,5110;0,0000;6,9649;2,7833;-0,9646;1,0405;-0,8775;-0,0001;-0,1630;-0,9645;8;0
3,0675;-15,6445;43,0110;42,3992;-0,0000;4,5898;164,3555;267,816;-75,000;0,000;50,000;2,7777;3,5521;-10,5161;-0,0000;6,9640;2,7777;-0,9618;1,0394;-0,8780;0,0000;-0,1614;-0,9618;8;0
3,0733;-15,6284;43,0316;42,3382;0,0000;4,6301;164,3716;268,106;-75,000;0,000;50,000;2,7722;3,5581;-10,5212;0,0000;6,9631;2,7722;-0,9589;1,0382;-0,8785;-0,0000;-0,1598;-0,9589;8;0
3,0791;-15,6124;43,0523;42,2772;-0,0000;4,6705;164,3876;268,396;-75,000;0,000;50,000;2,7666;3,5641;-10,5262;-0,0000;6,9621;2,7666;-0,9561;1,0371;-0,8790;-0,0000;-0,1581;-0,9561;8;0
3,0849;-15,5964;43,0730;42,2162;0,0000;4,7109;164,4036;268,686;-75,000;0,000;50,000;2,7611;3,5701;-10,5313;0,0000;6,9612;2,7611;-0,9533;1,0360;-0,8794;0,0000;-0,1565;-0,9534;8;0
3,0907;-15,5804;43,0937;42,1551;-0,0000;4,7512;164,4196;268,976;-75,000;0,000;50,000;2,7556;3,5761;-10,5364;-0,0000;6,9603;2,7556;-0,9506;1,0348;-0,8799;-0,0000;-0,1549;-0,9506;8;0
3,0965;-15,5644;43,1144;42,0940;0,0000;4,7916;164,4356;269,266;-75,000;0,000;50,000;2,7501;3,5821;-10,5415;0,0000;6,9594;2,7501;-0,9478;1,0337;-0,8804;0,0000;-0,1533;-0,9478;8;0
3,1023;-15,5485;43,1352;42,0328;-0,0000;4,8320;164,4515;269,555;-75,000;0,000;50,000;2,7446;3,5881;-10,5467;-0,0000;6,9586;2,7446;-0,9450;1,0326;-0,8810;-0,0000;-0,1517;-0,9450;8;0
3,1081;-15,5326;43,1560;41,9716;0,0000;4,8723;164,4674;269,845;-75,000;0,000;50,000;2,7391;3,5941;-10,5518;0,0000;6,9577;2,7391;-0,9423;1,0315;-0,8815;0,0000;-0,1500;-0,9423;8;0
3,1139;-15,5167;43,1769;41,9104;-0,0000;4,9126;164,4833;270,135;-75,000;0,000;50,000;2,7336;3,6001;-10,5569;-0,0000;6,9568;2,7336;-0,9395;1,0304;-0,8820;0,0000;-0,1484;-0,9395;8;0
3,1197;-15,5009;43,1978;41,8492;0,0000;4,9530;164,4991;270,425;-75,000;0,000;50,000;2,7282;3,6060;-10,5620;0,0000;6,9560;2,7282;-0,9368;1,0293;-0,8825;-0,0000;-0,1468;-0,9368;8;0
3,1255;-15,4851;43,2187;41,7880;-0,0000;4,9933;164,5149;270,715;-75,000;0,000;50,000;2,7228;3,6120;-10,5671;-0,0000;6,9551;2,7228;-0,9341;1,0282;-0,8830;-0,0000;-0,1452;-0,9341;8;0
3,1313;-15,4693;43,2397;41,7267;0,0000;5,0336;164,5307;271,005;-75,000;0,000;50,000;2,7174;3,6180;-10,5722;0,0000;6,9543;2,7174;-0,9314;1,0272;-0,8836;0,0000;-0,1436;-0,9314;8;0
3,1371;-15,4536;43,2607;41,6653;-0,0000;5,0740;164,5464;271,295;-75,000;0,000;50,000;2,7120;3,6239;-10,5774;-0,0000;6,9534;2,7120;-0,9287;1,0261;-0,8841;-0,0000;-0,1420;-0,9287;8;0
3,1429;-15,4378;43,2817;41,6040;0,0000;5,1143;164,5622;271,585;-75,000;0,000;50,000;2,7066;3,6299;-10,5825;0,0000;6,9526;2,7066;-0,9260;1,0250;-0,8847;0,0000;-0,1404;-0,9260;8;0
3,1487;-15,4222;43,3028;41,5426;-0,0000;5,1546;164,5778;271,875;-75,000;0,000;50,000;2,7012;3,6358;-10,5876;-0,0000;6,9518;2,7012;-0,9210;1,0240;-0,8854;-0,0982;-0,1380;-0,8228;8;0
3,1545;-15,4065;43,3239;41,4812;0,0000;5,1949;164,5935;272,165;-75,000;0,000;50,000;2,6959;3,6417;-10,5928;-0,0011;6,9510;2,6971;-0,9206;1,0229;-0,8858;-0,0006;-0,1375;-0,9200;8;0
3,1603;-15,3909;43,3450;41,4198;-0,0000;5,2352;164,6091;272,455;-75,000;0,000;50,000;2,6906;3,6477;-10,5979;-0,0000;6,9502;2,6906;-0,9225;1,0218;-0,8860;0,1963;-0,1371;-1,1190;8;0
3,1661;-15,3753;43,3662;41,3583;-0,0000;5,2755;164,6247;272,745;-75,000;0,000;50,000;2,6852;3,6536;-10,6030;0,0011;6,9494;2,6841;-0,9153;1,0209;-0,8869;0,0002;-0,1334;-0,9155;8;0
3,1719;-15,3598;43,3874;41,2968;0,0000;5,3158;164,6402;273,035;-75,000;0,000;50,000;2,6799;3,6595;-10,6082;-0,0000;6,9487;2,6800;-0,9104;1,0199;-0,8876;-0,0982;-0,1316;-0,8121;8;0
3,1777;-15,3442;43,4086;41,2353;-0,0000;5,3561;164,6558;273,325;-75,000;0,000;50,000;2,6747;3,6654;-10,6133;-0,0000;6,9479;2,6747;-0,9101;1,0188;-0,8880;0,0010;-0,1311;-0,9111;8;0
3,1835;-15,3287;43,4299;41,1737;0,0000;5,3964;164,6713;273,615;-75,000;0,000;50,000;2,6694;3,6713;-10,6185;0,0000;6,9472;2,6694;-0,9074;1,0178;-0,8886;0,0000;-0,1292;-0,9074;8;0
3,1893;-15,3133;43,4512;41,1121;-0,0000;5,4367;164,6867;273,904;-75,000;0,000;50,000;2,6641;3,6772;-10,6236;-0,0000;6,9464;2,6641;-0,9048;1,0168;-0,8892;-0,0003;-0,1276;-0,9045;8;0
3,1951;-15,2978;43,4725;41,0505;0,0000;5,4769;164,7022;274,194;-75,000;0,000;50,000;2,6589;3,6831;-10,6288;0,0000;6,9457;2,6589;-0,9032;1,0160;-0,8904;0,0388;-0,1236;-0,9420;8;0
3,2009;-15,2824;43,4939;40,9889;-0,0000;5,5172;164,7176;274,484;-75,000;0,000;50,000;2,6537;3,6890;-10,6340;0,0004;6,9450;2,6532;-0,8996;1,0148;-0,8904;0,0004;-0,1244;-0,9000;8;0
3,2067;-15,2671;43,5153;40,9272;0,0000;5,5575;164,7329;274,774;-75,000;0,000;50,000;2,6485;3,6949;-10,6391;0,0000;6,9442;2,6485;-0,8951;1,0134;-0,8898;-0,0775;-0,1277;-0,8175;8;0
3,2125;-15,2517;43,5368;40,8655;0,0000;5,5978;164,7483;275,064;-75,000;0,000;50,000;2,6433;3,7008;-10,6443;-0,0004;6,9435;2,6437;-0,8945;1,0128;-0,8916;-0,0007;-0,1211;-0,8938;8;0
3,2183;-15,2364;43,5582;40,8037;-0,0000;5,6380;164,7636;275,354;-75,000;0,000;50,000;2,6381;3,7066;-10,6495;-0,0000;6,9428;2,6381;-0,8929;1,0120;-0,8928;0,0388;-0,1172;-0,9317;8;0
3,2241;-15,2211;43,5798;40,7420;0,0000;5,6783;164,7789;275,644;-75,000;0,000;50,000;2,6329;3,7125;-10,6546;0,0000;6,9421;2,6329;-0,8893;1,0109;-0,8928;-0,0004;-0,1181;-0,8890;8;0
3,2299;-15,2059;43,6013;40,6802;-0,0000;5,7185;164,7941;275,934;-75,000;0,000;50,000;2,6278;3,7184;-10,6598;-0,0000;6,9415;2,6278;-0,8868;1,0099;-0,8934;-0,0000;-0,1165;-0,8868;8;0
3,2357;-15,1907;43,6229;40,6183;0,0000;5,7588;164,8093;276,224;-75,000;0,000;50,000;2,6226;3,7242;-10,6650;0,0000;6,9408;2,6226;-0,8843;1,0089;-0,8941;0,0003;-0,1149;-0,8846;8;0
3,2415;-15,1755;43,6445;40,5565;-0,0000;5,7990;164,8245;276,514;-75,000;0,000;50,000;2,6175;3,7301;-10,6702;-0,0000;6,9401;2,6175;-0,8818;1,0080;-0,8947;-0,0000;-0,1133;-0,8817;8;0
3,2473;-15,1603;43,6661;40,4946;0,0000;5,8393;164,8397;276,804;-75,000;0,000;50,000;2,6124;3,7359;-10,6754;0,0000;6,9395;2,6124;-0,8792;1,0070;-0,8953;0,0001;-0,1117;-0,8793;8;0
3,2531;-15,1452;43,6878;40,4327;-0,0000;5,8795;164,8548;277,094;-75,000;0,000;50,000;2,6073;3,7417;-10,6806;-0,0000;6,9388;2,6073;-0,8747;1,0061;-0,8961;-0,0768;-0,1098;-0,7978;8;0
3,2589;-15,1301;43,7095;40,3707;0,0000;5,9197;164,8699;277,384;-75,000;0,000;50,000;2,6023;3,7476;-10,6858;-0,0009;6,9382;2,6032;-0,8742;1,0052;-0,8966;-0,0002;-0,1087;-0,8740;8;0
3,2647;-15,1150;43,7313;40,3088;-0,0000;5,9600;164,8850;277,674;-75,000;0,000;50,000;2,5972;3,7534;-10,6910;-0,0000;6,9376;2,5972;-0,8757;1,0042;-0,8971;0,1535;-0,1076;-1,0296;8;0
3,2705;-15,0999;43,7531;40,2467;-0,0000;6,0002;164,9001;277,964;-75,000;0,000;50,000;2,5921;3,7592;-10,6962;0,0009;6,9370;2,5912;-0,8693;1,0033;-0,8980;0,0004;-0,1050;-0,8697;8;0
3,2763;-15,0849;43,7749;40,1847;-0,0000;6,0404;164,9151;278,253;-75,000;0,000;50,000;2,5871;3,7650;-10,7014;0,0000;6,9364;2,5871;-0,8632;1,0027;-0,8994;-0,1361;-0,1007;-0,7276;8;0
3,2820;-15,0699;43,7967;40,1226;0,0000;6,0806;164,9301;278,543;-75,000;0,000;50,000;2,5821;3,7708;-10,7066;-0,0007;6,9358;2,5828;-0,8643;1,0015;-0,8993;-0,0012;-0,1025;-0,8631;8;0
3,2878;-15,0550;43,8186;40,0605;-0,0000;6,1208;164,9450;278,833;-75,000;0,000;50,000;2,5771;3,7766;-10,7118;-0,0000;6,9352;2,5771;-0,8650;1,0002;-0,8986;0,1186;-0,1063;-0,9824;8;0
3,2936;-15,0400;43,8405;39,9984;-0,0000;6,1611;164,9600;279,123;-75,000;0,000;50,000;2,5721;3,7824;-10,7170;0,0007;6,9346;2,5714;-0,8594;0,9997;-0,9007;0,0012;-0,0988;-0,8607;8;0
3,2994;-15,0251;43,8625;39,9363;0,0000;6,2013;164,9749;279,413;-75,000;0,000;50,000;2,5671;3,7882;-10,7222;0,0000;6,9340;2,5671;-0,8554;0,9991;-0,9020;-0,0593;-0,0947;-0,7968;8;0
3,3052;-15,0103;43,8845;39,8741;-0,0000;6,2415;164,9897;279,703;-75,000;0,000;50,000;2,5622;3,7940;-10,7275;-0,0000;6,9335;2,5622;-0,8546;0,9980;-0,9020;0,0004;-0,0961;-0,8550;8;0
3,3110;-14,9954;43,9065;39,8118;0,0000;6,2817;165,0046;279,993;-75,000;0,000;50,000;2,5572;3,7998;-10,7327;0,0000;6,9329;2,5572;-0,8522;0,9971;-0,9027;0,0000;-0,0944;-0,8522;8;0
3,3168;-14,9806;43,9285;39,7496;-0,0000;6,3219;165,0194;280,283;-75,000;0,000;50,000;2,5523;3,8056;-10,7379;-0,0000;6,9324;2,5523;-0,8497;0,9962;-0,9034;-0,0005;-0,0928;-0,8492;8;0
3,3226;-14,9658;43,9506;39,6873;0,0000;6,3621;165,0342;280,573;-75,000;0,000;50,000;2,5474;3,8114;-10,7432;0,0000;6,9318;2,5473;-0,8470;0,9954;-0,9043;-0,0114;-0,0904;-0,8355;8;0
3,3284;-14,9511;43,9727;39,6250;0,0000;6,4023;165,0489;280,863;-75,000;0,000;50,000;2,5424;3,8171;-10,7484;-0,0001;6,9313;2,5426;-0,8450;0,9945;-0,9049;-0,0002;-0,0896;-0,8448;8;0
3,3342;-14,9363;43,9949;39,5627;-0,0000;6,4425;165,0637;281,153;-75,000;0,000;50,000;2,5376;3,8229;-10,7537;-0,0000;6,9308;2,5376;-0,8442;0,9939;-0,9062;0,0588;-0,0855;-0,9032;8;0
3,3400;-14,9216;44,0171;39,5003;-0,0000;6,4826;165,0784;281,443;-75,000;0,000;50,000;2,5327;3,8287;-10,7589;0,0005;6,9303;2,5321;-0,8402;0,9928;-0,9063;0,0009;-0,0866;-0,8411;8;0
3,3458;-14,9070;44,0393;39,4379;0,0000;6,5228;165,0930;281,733;-75,000;0,000;50,000;2,5278;3,8344;-10,7642;0,0000;6,9298;2,5278;-0,8355;0,9913;-0,9052;-0,0833;-0,0925;-0,7521;8;0
3,3516;-14,8923;44,0615;39,3754;0,0000;6,5630;165,1077;282,023;-75,000;0,000;50,000;2,5230;3,8402;-10,7694;-0,0004;6,9292;2,5234;-0,8355;0,9912;-0,9078;-0,0012;-0,0833;-0,8343;8;0
3,3574;-14,8777;44,0838;39,3130;-0,0000;6,6032;165,1223;282,313;-75,000;0,000;50,000;2,5181;3,8459;-10,7747;-0,0000;6,9288;2,5181;-0,8342;0,9907;-0,9095;0,0359;-0,0777;-0,8702;8;0
3,3632;-14,8631;44,1061;39,2505;0,0000;6,6434;165,1369;282,602;-75,000;0,000;50,000;2,5133;3,8516;-10,7800;0,0000;6,9283;2,5133;-0,8308;0,9895;-0,9092;-0,0000;-0,0804;-0,8308;8;0
3,3690;-14,8486;44,1285;39,1880;-0,0000;6,6835;165,1514;282,892;-75,000;0,000;50,000;2,5085;3,8574;-10,7853;-0,0000;6,9279;2,5085;-0,8285;0,9887;-0,9100;-0,0000;-0,0787;-0,8285;8;0
3,3748;-14,8340;44,1509;39,1254;0,0000;6,7237;165,1660;283,182;-75,000;0,000;50,000;2,5037;3,8631;-10,7905;0,0000;6,9274;2,5037;-0,8262;0,9879;-0,9108;0,0004;-0,0771;-0,8266;8;0
3,3806;-14,8195;44,1733;39,0628;-0,0000;6,7639;165,1805;283,472;-75,000;0,000;50,000;2,4989;3,8688;-10,7958;-0,0000;6,9270;2,4989;-0,8228;0,9872;-0,9117;-0,0375;-0,0749;-0,7849;8;0
3,3864;-14,8051;44,1957;39,0002;0,0000;6,8041;165,1949;283,762;-75,000;0,000;50,000;2,4941;3,8746;-10,8011;-0,0004;6,9266;2,4946;-0,8216;0,9863;-0,9123;-0,0001;-0,0741;-0,8214;8;0
3,3922;-14,7906;44,2182;38,9376;-0,0000;6,8442;165,2094;284,052;-75,000;0,000;50,000;2,4894;3,8803;-10,8064;-0,0000;6,9261;2,4894;-0,8215;0,9854;-0,9127;0,0750;-0,0738;-0,8971;8;0
3,3980;-14,7762;44,2407;38,8749;-0,0000;6,8844;165,2238;284,342;-75,000;0,000;50,000;2,4846;3,8860;-10,8117;0,0004;6,9257;2,4842;-0,8170;0,9847;-0,9138;0,0003;-0,0708;-0,8173;8;0
3,4038;-14,7618;44,2633;38,8122;-0,0000;6,9245;165,2382;284,632;-75,000;0,000;50,000;2,4799;3,8917;-10,8170;0,0000;6,9253;2,4799;-0,8129;0,9842;-0,9153;-0,0622;-0,0664;-0,7504;8;0
3,4096;-14,7474;44,2859;38,7494;0,0000;6,9647;165,2526;284,922;-75,000;0,000;50,000;2,4752;3,8974;-10,8223;-0,0003;6,9249;2,4755;-0,8124;0,9832;-0,9154;-0,0004;-0,0679;-0,8120;8;0
3,4154;-14,7331;44,3085;38,6867;-0,0000;7,0048;165,2669;285,212;-75,000;0,000;50,000;2,4705;3,9031;-10,8276;-0,0000;6,9245;2,4705;-0,8116;0,9821;-0,9151;0,0495;-0,0708;-0,8610;8;0
3,4212;-14,7188;44,3311;38,6239;-0,0000;7,0450;165,2812;285,502;-75,000;0,000;50,000;2,4658;3,9088;-10,8329;0,0003;6,9241;2,4655;-0,8079;0,9817;-0,9170;0,0005;-0,0647;-0,8085;8;0
3,4270;-14,7045;44,3538;38,5610;0,0000;7,0851;165,2955;285,792;-75,000;0,000;50,000;2,4611;3,9145;-10,8383;0,0000;6,9238;2,4611;-0,8053;0,9813;-0,9189;-0,0135;-0,0585;-0,7919;8;0
3,4328;-14,6902;44,3765;38,4982;-0,0000;7,1253;165,3098;286,082;-75,000;0,000;50,000;2,4564;3,9202;-10,8436;0,0001;6,9234;2,4563;-0,8034;0,9802;-0,9186;-0,0001;-0,0616;-0,8033;8;0
3,4386;-14,6760;44,3993;38,4353;0,0000;7,1654;165,3240;286,372;-75,000;0,000;50,000;2,4518;3,9259;-10,8489;0,0000;6,9231;2,4518;-0,8005;0,9790;-0,9183;-0,0225;-0,0649;-0,7779;8;0
3,4444;-14,6618;44,4221;38,3723;0,0000;7,2056;165,3382;286,662;-75,000;0,000;50,000;2,4472;3,9315;-10,8542;-0,0001;6,9227;2,4473;-0,7990;0,9787;-0,9203;-0,0002;-0,0585;-0,7988;8;0
3,4502;-14,6476;44,4449;38,3094;-0,0000;7,2457;165,3524;286,951;-75,000;0,000;50,000;2,4425;3,9372;-10,8596;-0,0000;6,9224;2,4425;-0,7957;0,9782;-0,9217;-0,0350;-0,0545;-0,7603;8;0
3,4560;-14,6335;44,4677;38,2464;0,0000;7,2859;165,3665;287,241;-75,000;0,000;50,000;2,4379;3,9429;-10,8649;-0,0005;6,9221;2,4385;-0,7946;0,9773;-0,9219;-0,0000;-0,0555;-0,7946;8;0
3,4618;-14,6193;44,4906;38,1834;-0,0000;7,3260;165,3807;287,531;-75,000;0,000;50,000;2,4333;3,9485;-10,8703;-0,0000;6,9217;2,4333;-0,7952;0,9766;-0,9227;0,0924;-0,0539;-0,8886;8;0
3,4676;-14,6053;44,5135;38,1203;-0,0000;7,3661;165,3947;287,821;-75,000;0,000;50,000;2,4287;3,9542;-10,8756;0,0005;6,9214;2,4282;-0,7902;0,9759;-0,9236;0,0002;-0,0521;-0,7903;8;0
3,4734;-14,5912;44,5365;38,0573;-0,0000;7,4063;165,4088;288,111;-75,000;0,000;50,000;2,4241;3,9599;-10,8810;0,0000;6,9211;2,4241;-0,7846;0,9753;-0,9248;-0,1078;-0,0490;-0,6763;8;0
3,4792;-14,5771;44,5594;37,9941;0,0000;7,4464;165,4229;288,401;-75,000;0,000;50,000;2,4196;3,9655;-10,8864;-0,0007;6,9209;2,4203;-0,7858;0,9745;-0,9253;-0,0006;-0,0494;-0,7852;8;0
3,4850;-14,5631;44,5825;37,9310;-0,0000;7,4865;165,4369;288,691;-75,000;0,000;50,000;2,4150;3,9712;-10,8917;-0,0000;6,9206;2,4150;-0,7875;0,9735;-0,9254;0,1232;-0,0510;-0,9108;8;0
3,4908;-14,5491;44,6055;37,8678;-0,0000;7,5267;165,4509;288,981;-75,000;0,000;50,000;2,4105;3,9768;-10,8971;0,0007;6,9203;2,4098;-0,7809;0,9733;-0,9274;-0,0175;-0,0443;-0,7631;8;0
3,4966;-14,5352;44,6286;37,8046;0,0000;7,5668;165,4648;289,271;-75,000;0,000;50,000;2,4060;3,9824;-10,9025;-0,0002;6,9200;2,4062;-0,7774;0,9726;-0,9283;-0,0618;-0,0429;-0,7156;8;0
3,5024;-14,5212;44,6517;37,7414;-0,0000;7,6069;165,4788;289,561;-75,000;0,000;50,000;2,4015;3,9881;-10,9079;-0,0000;6,9198;2,4015;-0,7784;0,9715;-0,9280;0,0365;-0,0461;-0,8154;8;0
3,5082;-14,5073;44,6748;37,6781;-0,0000;7,6470;165,4927;289,851;-75,000;0,000;50,000;2,3969;3,9937;-10,9132;0,0002;6,9195;2,3967;-0,7751;0,9711;-0,9296;0,0002;-0,0415;-0,7753;8;0
3,5140;-14,4934;44,6980;37,6148;0,0000;7,6872;165,5066;290,141;-75,000;0,000;50,000;2,3925;3,9993;-10,9186;0,0000;6,9193;2,3925;-0,7724;0,9706;-0,9309;-0,0184;-0,0384;-0,7537;8;0
3,5198;-14,4796;44,7212;37,5515;-0,0000;7,7273;165,5204;290,431;-75,000;0,000;50,000;2,3880;4,0050;-10,9240;0,0000;6,9191;2,3880;-0,7703;0,9699;-0,9318;-0,0153;-0,0370;-0,7549;8;0
3,5256;-14,4657;44,7444;37,4881;0,0000;7,7674;165,5343;290,721;-75,000;0,000;50,000;2,3835;4,0106;-10,9294;-0,0002;6,9189;2,3837;-0,7687;0,9692;-0,9323;-0,0001;-0,0369;-0,7686;8;0
3,5314;-14,4519;44,7677;37,4247;-0,0000;7,8075;165,5481;291,011;-75,000;0,000;50,000;2,3791;4,0162;-10,9348;-0,0000;6,9186;2,3791;-0,7676;0,9683;-0,9325;0,0304;-0,0381;-0,7982;8;0
3,5372;-14,4381;44,7910;37,3613;-0,0000;7,8476;165,5619;291,301;-75,000;0,000;50,000;2,3746;4,0218;-10,9403;0,0002;6,9184;2,3745;-0,7645;0,9679;-0,9341;0,0002;-0,0338;-0,7647;8;0
3,5430;-14,4244;44,8144;37,2979;0,0000;7,8878;165,5756;291,590;-75,000;0,000;50,000;2,3702;4,0274;-10,9457;0,0000;6,9182;2,3702;-0,7618;0,9675;-0,9357;-0,0185;-0,0296;-0,7430;8;0
3,5488;-14,4107;44,8377;37,2344;0,0000;7,9279;165,5893;291,880;-75,000;0,000;50,000;2,3658;4,0330;-10,9511;-0,0000;6,9181;2,3658;-0,7603;0,9667;-0,9360;-0,0001;-0,0307;-0,7602;8;0
3,5546;-14,3969;44,8611;37,1709;-0,0000;7,9680;165,6031;292,170;-75,000;0,000;50,000;2,3614;4,0386;-10,9565;-0,0000;6,9179;2,3614;-0,7588;0,9659;-0,9364;0,0167;-0,0312;-0,7757;8;0
3,5604;-14,3833;44,8846;37,1073;-0,0000;8,0081;165,6167;292,460;-75,000;0,000;50,000;2,3570;4,0442;-10,9620;0,0002;6,9177;2,3568;-0,7562;0,9654;-0,9378;0,0000;-0,0276;-0,7562;8;0
3,5662;-14,3696;44,9080;37,0437;0,0000;8,0482;165,6304;292,750;-75,000;0,000;50,000;2,3526;4,0498;-10,9674;0,0000;6,9176;2,3526;-0,7531;0,9652;-0,9397;-0,0310;-0,0223;-0,7220;8;0
3,5720;-14,3560;44,9315;36,9801;0,0000;8,0883;165,6440;293,040;-75,000;0,000;50,000;2,3483;4,0554;-10,9729;-0,0002;6,9175;2,3485;-0,7521;0,9642;-0,9397;-0,0001;-0,0245;-0,7520;8;0
3,5778;-14,3424;44,9551;36,9165;-0,0000;8,1284;165,6576;293,330;-75,000;0,000;50,000;2,3439;4,0610;-10,9783;-0,0000;6,9173;2,3439;-0,7509;0,9631;-0,9391;0,0254;-0,0292;-0,7763;8;0
3,5836;-14,3288;44,9786;36,8528;-0,0000;8,1686;165,6712;293,620;-75,000;0,000;50,000;2,3396;4,0666;-10,9838;0,0001;6,9171;2,3395;-0,7480;0,9631;-0,9416;0,0002;-0,0215;-0,7482;8;0
3,5894;-14,3152;45,0022;36,7891;-0,0000;8,2087;165,6848;293,910;-75,000;0,000;50,000;2,3352;4,0722;-10,9892;0,0000;6,9170;2,3352;-0,7457;0,9628;-0,9433;-0,0077;-0,0166;-0,7380;8;0
3,5952;-14,3017;45,0259;36,7254;-0,0000;8,2488;165,6983;294,200;-75,000;0,000;50,000;2,3309;4,0778;-10,9947;0,0000;6,9169;2,3309;-0,7439;0,9619;-0,9435;-0,0001;-0,0184;-0,7438;8;0
3,6010;-14,2882;45,0495;36,6616;0,0000;8,2889;165,7118;294,490;-75,000;0,000;50,000;2,3266;4,0833;-11,0002;-0,0000;6,9168;2,3266;-0,7419;0,9613;-0,9445;-0,0000;-0,0169;-0,7419;8;0
3,6068;-14,2747;45,0732;36,5978;-0,0000;8,3290;165,7253;294,780;-75,000;0,000;50,000;2,3223;4,0889;-11,0056;0,0000;6,9167;2,3223;-0,7399;0,9608;-0,9455;0,0000;-0,0153;-0,7399;8;0
3,6126;-14,2613;45,0969;36,5340;0,0000;8,3691;165,7387;295,070;-75,000;0,000;50,000;2,3180;4,0945;-11,0111;0,0000;6,9166;2,3180;-0,7379;0,9602;-0,9464;-0,0000;-0,0138;-0,7379;8;0
3,6184;-14,2479;45,1207;36,4701;-0,0000;8,4092;165,7521;295,360;-75,000;0,000;50,000;2,3137;4,1001;-11,0166;-0,0000;6,9166;2,3137;-0,7353;0,9598;-0,9477;-0,0190;-0,0112;-0,7160;8;0
3,6242;-14,2344;45,1445;36,4062;0,0000;8,4493;165,7656;295,650;-75,000;0,000;50,000;2,3095;4,1056;-11,0221;-0,0002;6,9165;2,3097;-0,7339;0,9591;-0,9484;-0,0001;-0,0107;-0,7338;8;0
3,6300;-14,2211;45,1683;36,3423;-0,0000;8,4894;165,7789;295,939;-75,000;0,000;50,000;2,3052;4,1112;-11,0276;-0,0000;6,9164;2,3052;-0,7333;0,9584;-0,9489;0,0381;-0,0113;-0,7717;8;0
3,6358;-14,2077;45,1922;36,2783;-0,0000;8,5295;165,7923;296,229;-75,000;0,000;50,000;2,3010;4,1167;-11,0331;0,0002;6,9164;2,3008;-0,7300;0,9581;-0,9504;0,0002;-0,0076;-0,7301;8;0
3,6416;-14,1944;45,2161;36,2143;0,0000;8,5696;165,8056;296,519;-75,000;0,000;50,000;2,2968;4,1223;-11,0386;0,0000;6,9164;2,2968;-0,7273;0,9577;-0,9517;-0,0190;-0,0051;-0,7081;8;0
3,6474;-14,1811;45,2400;36,1503;0,0000;8,6097;165,8189;296,809;-75,000;0,000;50,000;2,2925;4,1278;-11,0442;-0,0000;6,9163;2,2925;-0,7260;0,9570;-0,9524;-0,0001;-0,0046;-0,7260;8;0
3,6532;-14,1678;45,2639;36,0862;-0,0000;8,6498;165,8322;297,099;-75,000;0,000;50,000;2,2883;4,1334;-11,0497;0,0000;6,9163;2,2883;-0,7235;0,9566;-0,9538;-0,0161;-0,0018;-0,7073;8;0
3,6590;-14,1545;45,2879;36,0221;0,0000;8,6900;165,8455;297,389;-75,000;0,000;50,000;2,2842;4,1389;-11,0552;-0,0002;6,9163;2,2843;-0,7221;0,9560;-0,9545;-0,0001;-0,0015;-0,7220;8;0
3,6648;-14,1413;45,3119;35,9580;-0,0000;8,7301;165,8587;297,679;-75,000;0,000;50,000;2,2800;4,1445;-11,0608;-0,0000;6,9163;2,2800;-0,7229;0,9560;-0,9568;0,0748;0,0053;-0,7979;8;0
3,6706;-14,1281;45,3360;35,8939;-0,0000;8,7702;165,8719;297,969;-75,000;0,000;50,000;2,2758;4,1500;-11,0663;0,0007;6,9164;2,2751;-0,7183;0,9550;-0,9566;0,0012;0,0015;-0,7195;8;0
3,6764;-14,1149;45,3601;35,8297;0,0000;8,8103;165,8851;298,259;-75,000;0,000;50,000;2,2716;4,1556;-11,0719;0,0000;6,9163;2,2716;-0,7127;0,9532;-0,9541;-0,1013;-0,0114;-0,6112;8;0
3,6822;-14,1018;45,3842;35,7655;0,0000;8,8504;165,8982;298,549;-75,000;0,000;50,000;2,2675;4,1611;-11,0774;-0,0005;6,9162;2,2680;-0,7144;0,9541;-0,9587;-0,0019;0,0048;-0,7125;8;0
3,6880;-14,0886;45,4083;35,7012;-0,0000;8,8905;165,9114;298,839;-75,000;0,000;50,000;2,2634;4,1666;-11,0830;-0,0000;6,9164;2,2634;-0,7140;0,9543;-0,9616;0,0426;0,0140;-0,7567;8;0
3,6938;-14,0755;45,4325;35,6369;0,0000;8,9306;165,9245;299,129;-75,000;0,000;50,000;2,2592;4,1721;-11,0885;0,0000;6,9164;2,2592;-0,7106;0,9531;-0,9607;0,0005;0,0075;-0,7110;8;0
3,6996;-14,0624;45,4567;35,5726;0,0000;8,9707;165,9376;299,419;-75,000;0,000;50,000;2,2551;4,1777;-11,0941;-0,0000;6,9164;2,2551;-0,7083;0,9528;-0,9622;-0,0096;0,0105;-0,6986;8;0
3,7054;-14,0494;45,4809;35,5083;0,0000;9,0108;165,9506;299,709;-75,000;0,000;50,000;2,2510;4,1832;-11,0997;-0,0001;6,9165;2,2511;-0,7068;0,9522;-0,9629;0,0002;0,0108;-0,7071;8;0
3,7112;-14,0363;45,5052;35,4439;-0,0000;9,0509;165,9637;299,999;-75,000;0,000;50,000;2,2469;4,1887;-11,1053;-0,0000;6,9166;2,2469;-0,7056;0,9515;-0,9633;0,0192;0,0095;-0,7251;8;0
3,7169;-14,0233;45,5295;35,3795;-0,0000;9,0910;165,9767;300,288;-75,000;0,000;50,000;2,2428;4,1942;-11,1109;0,0001;6,9166;2,2427;-0,7030;0,9513;-0,9651;0,0001;0,0138;-0,7031;8;0
3,7227;-14,0103;45,5539;35,3150;0,0000;9,1311;165,9897;300,578;-75,000;0,000;50,000;2,2388;4,1997;-11,1165;0,0000;6,9167;2,2388;-0,7008;0,9510;-0,9665;-0,0096;0,0166;-0,6911;8;0
3,7285;-13,9973;45,5782;35,2505;0,0000;9,1712;166,0027;300,868;-75,000;0,000;50,000;2,2347;4,2053;-11,1221;0,0000;6,9168;2,2347;-0,6990;0,9505;-0,9676;-0,0090;0,0181;-0,6898;8;0
3,7343;-13,9844;45,6026;35,1860;0,0000;9,2113;166,0156;301,158;-75,000;0,000;50,000;2,2307;4,2108;-11,1277;-0,0001;6,9169;2,2308;-0,6974;0,9500;-0,9683;-0,0001;0,0184;-0,6974;8;0
3,7401;-13,9715;45,6271;35,1215;-0,0000;9,2514;166,0285;301,448;-75,000;0,000;50,000;2,2266;4,2163;-11,1333;-0,0000;6,9170;2,2266;-0,6970;0,9496;-0,9694;0,0388;0,0197;-0,7362;8;0
3,7459;-13,9586;45,6515;35,0569;-0,0000;9,2916;166,0414;301,738;-75,000;0,000;50,000;2,2226;4,2218;-11,1389;0,0003;6,9172;2,2222;-0,6937;0,9492;-0,9706;0,0002;0,0214;-0,6940;8;0
3,7517;-13,9457;45,6760;34,9923;0,0000;9,3317;166,0543;302,028;-75,000;0,000;50,000;2,2186;4,2273;-11,1446;0,0000;6,9173;2,2186;-0,6900;0,9484;-0,9708;-0,0507;0,0194;-0,6390;8;0
3,7575;-13,9328;45,7006;34,9277;0,0000;9,3718;166,0672;302,318;-75,000;0,000;50,000;2,2146;4,2328;-11,1502;-0,0002;6,9174;2,2148;-0,6901;0,9483;-0,9728;-0,0003;0,0245;-0,6898;8;0
3,7633;-13,9200;45,7251;34,8630;-0,0000;9,4119;166,0800;302,608;-75,000;0,000;50,000;2,2106;4,2383;-11,1558;-0,0000;6,9176;2,2106;-0,6881;0,9482;-0,9745;-0,0022;0,0282;-0,6859;8;0
3,7691;-13,9072;45,7497;34,7983;0,0000;9,4520;166,0928;302,898;-75,000;0,000;50,000;2,2066;4,2438;-11,1615;-0,0003;6,9177;2,2069;-0,6864;0,9475;-0,9751;0,0001;0,0275;-0,6865;8;0
3,7749;-13,8944;45,7743;34,7336;-0,0000;9,4921;166,1056;303,188;-75,000;0,000;50,000;2,2026;4,2493;-11,1672;-0,0000;6,9179;2,2026;-0,6863;0,9472;-0,9763;0,0462;0,0293;-0,7327;8;0
3,7807;-13,8816;45,7990;34,6688;0,0000;9,5322;166,1184;303,478;-75,000;0,000;50,000;2,1986;4,2548;-11,1728;0,0003;6,9181;2,1984;-0,6828;0,9468;-0,9774;0,0000;0,0306;-0,6828;8;0
3,7865;-13,8689;45,8237;34,6040;-0,0000;9,5723;166,1311;303,768;-75,000;0,000;50,000;2,1947;4,2603;-11,1785;0,0000;6,9182;2,1947;-0,6798;0,9465;-0,9788;-0,0319;0,0333;-0,6477;8;0
3,7923;-13,8562;45,8484;34,5391;0,0000;9,6125;166,1438;304,058;-75,000;0,000;50,000;2,1907;4,2657;-11,1842;-0,0001;6,9184;2,1909;-0,6792;0,9460;-0,9797;-0,0000;0,0336;-0,6791;8;0
3,7981;-13,8435;45,8731;34,4743;-0,0000;9,6526;166,1565;304,348;-75,000;0,000;50,000;2,1868;4,2712;-11,1899;-0,0000;6,9186;2,1868;-0,6781;0,9454;-0,9802;0,0177;0,0326;-0,6959;8;0
3,8039;-13,8308;45,8979;34,4094;-0,0000;9,6927;166,1692;304,637;-75,000;0,000;50,000;2,1829;4,2767;-11,1955;0,0001;6,9188;2,1828;-0,6756;0,9453;-0,9820;0,0001;0,0367;-0,6757;8;0
3,8097;-13,8182;45,9227;34,3444;0,0000;9,7328;166,1818;304,927;-75,000;0,000;50,000;2,1790;4,2822;-11,2012;0,0000;6,9191;2,1790;-0,6735;0,9451;-0,9835;-0,0088;0,0395;-0,6645;8;0
3,8155;-13,8056;45,9476;34,2795;0,0000;9,7729;166,1944;305,217;-75,000;0,000;50,000;2,1751;4,2877;-11,2069;-0,0000;6,9193;2,1751;-0,6721;0,9446;-0,9844;-0,0001;0,0397;-0,6720;8;0
3,8213;-13,7930;45,9725;34,2145;0,0000;9,8131;166,2070;305,507;-75,000;0,000;50,000;2,1712;4,2931;-11,2127;-0,0000;6,9195;2,1712;-0,6703;0,9443;-0,9855;0,0000;0,0413;-0,6703;8;0
3,8271;-13,7804;45,9974;34,1494;-0,0000;9,8532;166,2196;305,797;-75,000;0,000;50,000;2,1673;4,2986;-11,2184;0,0000;6,9198;2,1673;-0,6681;0,9440;-0,9870;-0,0105;0,0439;-0,6573;8;0
3,8329;-13,7678;46,0223;34,0844;0,0000;9,8933;166,2322;306,087;-75,000;0,000;50,000;2,1634;4,3041;-11,2241;-0,0001;6,9200;2,1636;-0,6668;0,9436;-0,9879;-0,0001;0,0443;-0,6667;8;0
3,8387;-13,7553;46,0473;34,0193;-0,0000;9,9334;166,2447;306,377;-75,000;0,000;50,000;2,1596;4,3096;-11,2298;-0,0000;6,9203;2,1596;-0,6666;0,9434;-0,9894;0,0391;0,0469;-0,7062;8;0
3,8445;-13,7428;46,0723;33,9541;-0,0000;9,9736;166,2572;306,667;-75,000;0,000;50,000;2,1557;4,3150;-11,2356;0,0003;6,9206;2,1554;-0,6633;0,9430;-0,9904;0,0002;0,0474;-0,6635;8;0
3,8503;-13,7303;46,0973;33,8890;0,0000;10,0137;166,2697;306,957;-75,000;0,000;50,000;2,1519;4,3205;-11,2413;0,0000;6,9208;2,1519;-0,6597;0,9422;-0,9903;-0,0466;0,0436;-0,6128;8;0
3,8561;-13,7178;46,1224;33,8238;0,0000;10,0538;166,2822;307,247;-75,000;0,000;50,000;2,1481;4,3260;-11,2471;-0,0002;6,9211;2,1483;-0,6598;0,9424;-0,9928;-0,0003;0,0505;-0,6595;8;0
3,8619;-13,7054;46,1475;33,7585;-0,0000;10,0940;166,2946;307,537;-75,000;0,000;50,000;2,1442;4,3314;-11,2528;-0,0000;6,9214;2,1442;-0,6582;0,9423;-0,9948;0,0022;0,0550;-0,6603;8;0
3,8677;-13,6930;46,1726;33,6933;0,0000;10,1341;166,3070;307,827;-75,000;0,000;50,000;2,1404;4,3369;-11,2586;-0,0002;6,9217;2,1406;-0,6564;0,9418;-0,9953;0,0001;0,0535;-0,6565;8;0
3,8735;-13,6806;46,1978;33,6279;-0,0000;10,1742;166,3194;308,117;-75,000;0,000;50,000;2,1366;4,3423;-11,2644;-0,0000;6,9220;2,1366;-0,6558;0,9422;-0,9984;0,0280;0,0625;-0,6839;8;0
3,8793;-13,6682;46,2230;33,5626;0,0000;10,2144;166,3318;308,407;-75,000;0,000;50,000;2,1328;4,3478;-11,2702;0,0001;6,9224;2,1327;-0,6529;0,9412;-0,9978;-0,0000;0,0566;-0,6529;8;0
3,8851;-13,6558;46,2482;33,4972;-0,0000;10,2545;166,3442;308,697;-75,000;0,000;50,000;2,1290;4,3533;-11,2759;-0,0000;6,9227;2,1290;-0,6509;0,9395;-0,9954;-0,0084;0,0436;-0,6425;8;0
3,8909;-13,6435;46,2735;33,4318;-0,0000;10,2947;166,3565;308,986;-75,000;0,000;50,000;2,1253;4,3587;-11,2817;0,0000;6,9229;2,1252;-0,6496;0,9407;-1,0003;0,0001;0,0596;-0,6497;8;0
3,8967;-13,6312;46,2988;33,3664;-0,0000;10,3348;166,3688;309,276;-75,000;0,000;50,000;2,1215;4,3642;-11,2875;0,0000;6,9234;2,1215;-0,6477;0,9411;-1,0033;-0,0038;0,0683;-0,6440;8;0
3,9025;-13,6189;46,3241;33,3009;0,0000;10,3750;166,3811;309,566;-75,000;0,000;50,000;2,1178;4,3696;-11,2934;0,0000;6,9237;2,1178;-0,6462;0,9401;-1,0028;-0,0001;0,0627;-0,6461;8;0
3,9083;-13,6066;46,3495;33,2354;-0,0000;10,4151;166,3934;309,856;-75,000;0,000;50,000;2,1140;4,3751;-11,2992;-0,0000;6,9241;2,1140;-0,6442;0,9400;-1,0044;-0,0065;0,0655;-0,6377;8;0
3,9141;-13,5944;46,3748;33,1699;0,0000;10,4553;166,4056;310,146;-75,000;0,000;50,000;2,1103;4,3805;-11,3050;-0,0001;6,9245;2,1104;-0,6428;0,9396;-1,0054;-0,0000;0,0657;-0,6428;8;0
3,9199;-13,5821;46,4003;33,1043;-0,0000;10,4954;166,4179;310,436;-75,000;0,000;50,000;2,1066;4,3860;-11,3108;-0,0000;6,9249;2,1066;-0,6421;0,9393;-1,0063;0,0240;0,0659;-0,6664;8;0
3,9257;-13,5699;46,4257;33,0387;-0,0000;10,5356;166,4301;310,726;-75,000;0,000;50,000;2,1028;4,3914;-11,3167;0,0002;6,9253;2,1026;-0,6395;0,9392;-1,0080;0,0001;0,0688;-0,6396;8;0
3,9315;-13,5578;46,4512;32,9731;0,0000;10,5757;166,4422;311,016;-75,000;0,000;50,000;2,0991;4,3969;-11,3225;0,0000;6,9257;2,0991;-0,6359;0,9392;-1,0099;-0,0461;0,0730;-0,5897;8;0
3,9373;-13,5456;46,4767;32,9074;0,0000;10,6159;166,4544;311,306;-75,000;0,000;50,000;2,0955;4,4023;-11,3284;-0,0003;6,9261;2,0958;-0,6362;0,9387;-1,0106;-0,0002;0,0719;-0,6360;8;0
3,9431;-13,5335;46,5022;32,8417;-0,0000;10,6561;166,4665;311,596;-75,000;0,000;50,000;2,0918;4,4077;-11,3342;-0,0000;6,9265;2,0918;-0,6365;0,9379;-1,0104;0,0460;0,0673;-0,6825;8;0
3,9489;-13,5213;46,5278;32,7760;-0,0000;10,6962;166,4787;311,886;-75,000;0,000;50,000;2,0881;4,4132;-11,3401;0,0002;6,9269;2,0879;-0,6329;0,9383;-1,0132;0,0003;0,0750;-0,6332;8;0
3,9547;-13,5092;46,5534;32,7102;-0,0000;10,7364;166,4908;312,176;-75,000;0,000;50,000;2,0844;4,4186;-11,3460;0,0000;6,9274;2,0844;-0,6303;0,9386;-1,0158;-0,0244;0,0817;-0,6058;8;0
3,9605;-13,4972;46,5791;32,6444;0,0000;10,7766;166,5028;312,466;-75,000;0,000;50,000;2,0808;4,4241;-11,3519;-0,0001;6,9278;2,0808;-0,6296;0,9379;-1,0159;-0,0002;0,0780;-0,6295;8;0
3,9663;-13,4851;46,6047;32,5785;-0,0000;10,8167;166,5149;312,756;-75,000;0,000;50,000;2,0771;4,4295;-11,3578;-0,0000;6,9283;2,0771;-0,6286;0,9374;-1,0164;0,0138;0,0764;-0,6426;8;0
3,9721;-13,4731;46,6304;32,5127;-0,0000;10,8569;166,5269;313,046;-75,000;0,000;50,000;2,0735;4,4349;-11,3637;0,0001;6,9287;2,0734;-0,6262;0,9376;-1,0189;-0,0052;0,0822;-0,6209;8;0
3,9779;-13,4611;46,6562;32,4467;0,0000;10,8971;166,5389;313,335;-75,000;0,000;50,000;2,0699;4,4404;-11,3696;-0,0001;6,9292;2,0699;-0,6245;0,9375;-1,0203;-0,0069;0,0842;-0,6175;8;0
3,9837;-13,4491;46,6819;32,3808;-0,0000;10,9373;166,5509;313,625;-75,000;0,000;50,000;2,0662;4,4458;-11,3755;-0,0000;6,9297;2,0662;-0,6236;0,9369;-1,0207;0,0106;0,0818;-0,6344;8;0
3,9895;-13,4371;46,7077;32,3148;-0,0000;10,9775;166,5629;313,915;-75,000;0,000;50,000;2,0626;4,4512;-11,3814;0,0001;6,9302;2,0626;-0,6216;0,9370;-1,0226;0,0000;0,0857;-0,6216;8;0
3,9953;-13,4251;46,7335;32,2488;-0,0000;11,0176;166,5749;314,205;-75,000;0,000;50,000;2,0590;4,4567;-11,3874;0,0000;6,9307;2,0590;-0,6196;0,9370;-1,0246;-0,0103;0,0896;-0,6091;8;0
4,0011;-13,4132;46,7594;32,1828;0,0000;11,0578;166,5868;314,495;-75,000;0,000;50,000;2,0554;4,4621;-11,3933;-0,0001;6,9312;2,0555;-0,6184;0,9366;-1,0254;-0,0000;0,0888;-0,6184;8;0
4,0069;-13,4013;46,7853;32,1167;-0,0000;11,0980;166,5987;314,785;-75,000;0,000;50,000;2,0519;4,4675;-11,3993;-0,0000;6,9317;2,0519;-0,6175;0,9363;-1,0264;0,0169;0,0886;-0,6346;8;0
4,0127;-13,3894;46,8112;32,0506;-0,0000;11,1382;166,6106;315,075;-75,000;0,000;50,000;2,0483;4,4730;-11,4052;0,0001;6,9322;2,0481;-0,6152;0,9363;-1,0282;0,0000;0,0918;-0,6153;8;0
4,0185;-13,3776;46,8372;31,9844;0,0000;11,1784;166,6224;315,365;-75,000;0,000;50,000;2,0447;4,4784;-11,4112;0,0000;6,9328;2,0447;-0,6129;0,9362;-1,0295;-0,0188;0,0933;-0,5940;8;0
4,0243;-13,3657;46,8632;31,9182;0,0000;11,2186;166,6343;315,655;-75,000;0,000;50,000;2,0412;4,4838;-11,4172;-0,0001;6,9333;2,0412;-0,6121;0,9361;-1,0310;-0,0000;0,0949;-0,6121;8;0
4,0301;-13,3539;46,8892;31,8520;-0,0000;11,2588;166,6461;315,945;-75,000;-0,000;50,000;2,0376;4,4893;-11,4231;-0,0000;6,9339;2,0376;-0,6108;0,9360;-1,0325;0,0069;0,0971;-0,6177;8;0
4,0359;-13,3421;46,9152;31,7857;0,0000;11,2990;166,6579;316,235;-75,000;0,000;50,000;2,0341;4,4947;-11,4291;0,0000;6,9344;2,0341;-0,6090;0,9358;-1,0338;-0,0000;0,0980;-0,6090;8;0
4,0417;-13,3303;46,9413;31,7194;-0,0000;11,3393;166,6697;316,525;-75,000;0,000;50,000;2,0306;4,5001;-11,4351;-0,0000;6,9350;2,0306;-0,6074;0,9357;-1,0352;0,0000;0,0995;-0,6074;8;0
4,0475;-13,3185;46,9674;31,6531;-0,0000;11,3795;166,6815;316,815;-75,000;0,000;50,000;2,0270;4,5055;-11,4411;0,0000;6,9356;2,0270;-0,6056;0,9357;-1,0369;-0,0061;0,1021;-0,5993;8;0
4,0533;-13,3068;46,9936;31,5868;0,0000;11,4197;166,6932;317,105;-75,000;0,000;50,000;2,0235;4,5110;-11,4472;-0,0001;6,9362;2,0236;-0,6043;0,9355;-1,0381;-0,0000;0,1026;-0,6043;8;0
4,0591;-13,2951;47,0197;31,5204;-0,0000;11,4599;166,7049;317,395;-75,000;0,000;50,000;2,0200;4,5164;-11,4532;-0,0000;6,9368;2,0200;-0,6036;0,9352;-1,0392;0,0191;0,1030;-0,6232;8;0
4,0649;-13,2834;47,0459;31,4539;-0,0000;11,5001;166,7166;317,684;-75,000;0,000;50,000;2,0165;4,5218;-11,4592;0,0002;6,9374;2,0164;-0,6013;0,9353;-1,0410;0,0001;0,1057;-0,6013;8;0
4,0707;-13,2717;47,0722;31,3875;0,0000;11,5404;166,7283;317,974;-75,000;0,000;50,000;2,0131;4,5272;-11,4652;0,0000;6,9380;2,0131;-0,5985;0,9352;-1,0426;-0,0277;0,1078;-0,5705;8;0
4,0765;-13,2600;47,0984;31,3210;0,0000;11,5806;166,7400;318,264;-75,000;0,000;50,000;2,0096;4,5327;-11,4713;-0,0002;6,9386;2,0098;-0,5982;0,9351;-1,0439;-0,0001;0,1088;-0,5981;8;0
4,0823;-13,2484;47,1247;31,2544;-0,0000;11,6208;166,7516;318,554;-75,000;0,000;50,000;2,0061;4,5381;-11,4774;-0,0000;6,9393;2,0061;-0,5982;0,9350;-1,0453;0,0334;0,1100;-0,6317;8;0
4,0881;-13,2367;47,1511;31,1879;-0,0000;11,6611;166,7633;318,844;-75,000;0,000;50,000;2,0027;4,5435;-11,4834;0,0002;6,9399;2,0024;-0,5952;0,9349;-1,0468;0,0001;0,1119;-0,5953;8;0
4,0939;-13,2251;47,1774;31,1213;0,0000;11,7013;166,7749;319,134;-75,000;0,000;50,000;1,9992;4,5489;-11,4895;0,0000;6,9406;1,9992;-0,5915;0,9351;-1,0488;-0,0479;0,1154;-0,5435;8;0
4,0997;-13,2136;47,2038;31,0546;0,0000;11,7416;166,7864;319,424;-75,000;0,000;50,000;1,9958;4,5543;-11,4956;-0,0003;6,9413;1,9961;-0,5922;0,9348;-1,0498;-0,0002;0,1150;-0,5920;8;0
4,1055;-13,2020;47,2302;30,9879;-0,0000;11,7818;166,7980;319,714;-75,000;0,000;50,000;1,9924;4,5598;-11,5017;-0,0000;6,9419;1,9924;-0,5928;0,9342;-1,0499;0,0469;0,1111;-0,6398;8;0
4,1113;-13,1905;47,2567;30,9212;-0,0000;11,8221;166,8095;320,004;-75,000;0,000;50,000;1,9889;4,5652;-11,5078;0,0002;6,9426;1,9887;-0,5892;0,9347;-1,0528;0,0003;0,1181;-0,5894;8;0
4,1171;-13,1789;47,2832;30,8545;-0,0000;11,8623;166,8211;320,294;-75,000;0,000;50,000;1,9855;4,5706;-11,5139;0,0000;6,9433;1,9855;-0,5869;0,9350;-1,0552;-0,0179;0,1231;-0,5690;8;0
4,1229;-13,1674;47,3097;30,7877;-0,0000;11,9026;166,8326;320,584;-75,000;0,000;50,000;1,9821;4,5760;-11,5200;0,0000;6,9440;1,9821;-0,5860;0,9347;-1,0561;-0,0053;0,1223;-0,5806;8;0
4,1287;-13,1559;47,3363;30,7209;0,0000;11,9429;166,8441;320,874;-75,000;0,000;50,000;1,9787;4,5814;-11,5261;-0,0001;6,9447;1,9788;-0,5847;0,9346;-1,0574;-0,0000;0,1228;-0,5847;8;0
4,1345;-13,1445;47,3628;30,6540;-0,0000;11,9831;166,8555;321,164;-75,000;0,000;50,000;1,9753;4,5869;-11,5323;-0,0000;6,9454;1,9753;-0,5840;0,9344;-1,0585;0,0157;0,1228;-0,5998;8;0
4,1403;-13,1330;47,3895;30,5871;-0,0000;12,0234;166,8670;321,454;-75,000;0,000;50,000;1,9720;4,5923;-11,5384;0,0001;6,9461;1,9718;-0,5818;0,9346;-1,0604;0,0000;0,1259;-0,5818;8;0
4,1461;-13,1216;47,4161;30,5202;0,0000;12,0637;166,8784;321,744;-75,000;0,000;50,000;1,9686;4,5977;-11,5446;0,0000;6,9469;1,9686;-0,5794;0,9346;-1,0621;-0,0195;0,1280;-0,5598;8;0
4,1518;-13,1102;47,4428;30,4532;0,0000;12,1040;166,8898;322,033;-75,000;0,000;50,000;1,9652;4,6031;-11,5507;-0,0001;6,9476;1,9653;-0,5789;0,9345;-1,0635;-0,0000;0,1290;-0,5788;8;0
4,1576;-13,0988;47,4695;30,3863;-0,0000;12,1443;166,9012;322,323;-75,000;0,000;50,000;1,9619;4,6085;-11,5569;-0,0000;6,9484;1,9619;-0,5781;0,9345;-1,0649;0,0153;0,1299;-0,5935;8;0
4,1634;-13,0875;47,4962;30,3192;-0,0000;12,1846;166,9125;322,613;-75,000;0,000;50,000;1,9585;4,6140;-11,5631;0,0001;6,9491;1,9585;-0,5760;0,9345;-1,0666;0,0000;0,1321;-0,5760;8;0
4,1692;-13,0761;47,5230;30,2521;0,0000;12,2249;166,9239;322,903;-75,000;0,000;50,000;1,9552;4,6194;-11,5693;0,0000;6,9499;1,9552;-0,5741;0,9346;-1,0683;-0,0090;0,1338;-0,5650;8;0
4,1750;-13,0648;47,5498;30,1850;0,0000;12,2652;166,9352;323,193;-75,000;0,000;50,000;1,9519;4,6248;-11,5755;-0,0000;6,9507;1,9519;-0,5731;0,9346;-1,0698;0,0000;0,1352;-0,5731;8;0
4,1808;-13,0535;47,5766;30,1179;-0,0000;12,3055;166,9465;323,483;-75,000;0,000;50,000;1,9485;4,6302;-11,5817;0,0000;6,9515;1,9485;-0,5718;0,9346;-1,0715;0,0027;0,1371;-0,5745;8;0
4,1866;-13,0422;47,6035;30,0507;0,0000;12,3458;166,9578;323,773;-75,000;0,000;50,000;1,9452;4,6356;-11,5879;0,0000;6,9523;1,9452;-0,5702;0,9346;-1,0730;-0,0000;0,1383;-0,5702;8;0
4,1924;-13,0309;47,6304;29,9835;-0,0000;12,3861;166,9691;324,063;-75,000;0,000;50,000;1,9419;4,6411;-11,5941;-0,0000;6,9531;1,9419;-0,5686;0,9348;-1,0748;-0,0035;0,1410;-0,5649;8;0
4,1982;-13,0197;47,6573;29,9163;0,0000;12,4264;166,9803;324,353;-75,000;0,000;50,000;1,9386;4,6465;-11,6004;-0,0000;6,9539;1,9387;-0,5674;0,9347;-1,0762;-0,0000;0,1415;-0,5673;8;0
4,2040;-13,0084;47,6843;29,8490;-0,0000;12,4667;166,9916;324,643;-75,000;0,000;50,000;1,9354;4,6519;-11,6066;-0,0000;6,9547;1,9354;-0,5664;0,9346;-1,0773;0,0103;0,1412;-0,5770;8;0
4,2098;-12,9972;47,7113;29,7817;-0,0000;12,5071;167,0028;324,933;-75,000;0,000;50,000;1,9321;4,6573;-11,6128;0,0001;6,9555;1,9320;-0,5645;0,9348;-1,0794;0,0000;0,1446;-0,5646;8;0
4,2156;-12,9860;47,7383;29,7143;0,0000;12,5474;167,0140;325,223;-75,000;0,000;50,000;1,9288;4,6627;-11,6191;0,0000;6,9564;1,9288;-0,5626;0,9349;-1,0812;-0,0109;0,1469;-0,5515;8;0
4,2214;-12,9748;47,7653;29,6469;0,0000;12,5877;167,0252;325,513;-75,000;0,000;50,000;1,9255;4,6682;-11,6254;-0,0000;6,9572;1,9256;-0,5617;0,9349;-1,0827;-0,0000;0,1477;-0,5617;8;0
4,2272;-12,9637;47,7924;29,5795;-0,0000;12,6281;167,0363;325,803;-75,000;0,000;50,000;1,9223;4,6736;-11,6317;-0,0000;6,9581;1,9223;-0,5606;0,9350;-1,0842;0,0053;0,1490;-0,5659;8;0
4,2330;-12,9526;47,8195;29,5120;-0,0000;12,6684;167,0474;326,093;-75,000;0,000;50,000;1,9190;4,6790;-11,6380;0,0000;6,9590;1,9190;-0,5589;0,9351;-1,0859;0,0000;0,1509;-0,5589;8;0
4,2388;-12,9414;47,8467;29,4445;0,0000;12,7088;167,0586;326,382;-75,000;0,000;50,000;1,9158;4,6844;-11,6443;0,0000;6,9598;1,9158;-0,5575;0,9352;-1,0877;-0,0014;0,1527;-0,5561;8;0
4,2446;-12,9303;47,8739;29,3770;0,0000;12,7492;167,0697;326,672;-75,000;0,000;50,000;1,9126;4,6898;-11,6506;-0,0000;6,9607;1,9126;-0,5562;0,9352;-1,0891;-0,0000;0,1534;-0,5561;8;0
4,2504;-12,9193;47,9011;29,3094;0,0000;12,7895;167,0807;326,962;-75,000;0,000;50,000;1,9094;4,6953;-11,6569;-0,0000;6,9616;1,9094;-0,5548;0,9353;-1,0909;0,0002;0,1556;-0,5550;8;0
4,2562;-12,9082;47,9283;29,2418;-0,0000;12,8299;167,0918;327,252;-75,000;0,000;50,000;1,9061;4,7007;-11,6632;-0,0000;6,9625;1,9061;-0,5534;0,9356;-1,0929;0,0001;0,1585;-0,5536;8;0
4,2620;-12,8971;47,9556;29,1741;-0,0000;12,8703;167,1029;327,542;-75,000;0,000;50,000;1,9029;4,7061;-11,6696;0,0000;6,9635;1,9029;-0,5520;0,9355;-1,0943;0,0000;0,1587;-0,5520;8;0
4,2678;-12,8861;47,9829;29,1064;0,0000;12,9107;167,1139;327,832;-75,000;0,000;50,000;1,8997;4,7115;-11,6759;0,0000;6,9644;1,8997;-0,5507;0,9356;-1,0958;-0,0001;0,1597;-0,5505;8;0
4,2736;-12,8751;48,0102;29,0387;-0,0000;12,9510;167,1249;328,122;-75,000;0,000;50,000;1,8966;4,7170;-11,6823;-0,0000;6,9653;1,8966;-0,5491;0,9358;-1,0978;-0,0034;0,1626;-0,5456;8;0
4,2794;-12,8641;48,0376;28,9710;0,0000;12,9914;167,1359;328,412;-75,000;0,000;50,000;1,8934;4,7224;-11,6886;-0,0000;6,9663;1,8934;-0,5480;0,9359;-1,0994;0,0000;0,1635;-0,5480;8;0
4,2852;-12,8532;48,0650;28,9032;-0,0000;13,0318;167,1468;328,702;-75,000;0,000;50,000;1,8902;4,7278;-11,6950;-0,0000;6,9672;1,8902;-0,5469;0,9359;-1,1007;0,0069;0,1637;-0,5540;8;0
4,2910;-12,8422;48,0924;28,8353;-0,0000;13,0722;167,1578;328,992;-75,000;0,000;50,000;1,8870;4,7332;-11,7014;0,0000;6,9682;1,8870;-0,5452;0,9362;-1,1028;0,0000;0,1666;-0,5453;8;0
4,2968;-12,8313;48,1199;28,7675;-0,0000;13,1126;167,1687;329,282;-75,000;0,000;50,000;1,8839;4,7387;-11,7078;0,0000;6,9691;1,8839;-0,5436;0,9365;-1,1050;-0,0072;0,1699;-0,5362;8;0
4,3026;-12,8204;48,1474;28,6996;0,0000;13,1531;167,1796;329,572;-75,000;0,000;50,000;1,8807;4,7441;-11,7142;-0,0000;6,9701;1,8808;-0,5426;0,9364;-1,1063;-0,0000;0,1698;-0,5425;8;0
4,3084;-12,8095;48,1749;28,6316;-0,0000;13,1935;167,1905;329,862;-75,000;0,000;50,000;1,8776;4,7495;-11,7206;-0,0000;6,9711;1,8776;-0,5417;0,9364;-1,1076;0,0102;0,1698;-0,5521;8;0
4,3142;-12,7986;48,2025;28,5636;-0,0000;13,2339;167,2014;330,152;-75,000;0,000;50,000;1,8744;4,7550;-11,7271;0,0001;6,9721;1,8744;-0,5399;0,9368;-1,1098;0,0000;0,1730;-0,5399;8;0
4,3200;-12,7877;48,2301;28,4956;0,0000;13,2743;167,2123;330,442;-75,000;0,000;50,000;1,8713;4,7604;-11,7335;0,0000;6,9731;1,8713;-0,5381;0,9370;-1,1117;-0,0100;0,1751;-0,5280;8;0
4,3258;-12,7769;48,2577;28,4275;0,0000;13,3148;167,2231;330,731;-75,000;0,000;50,000;1,8682;4,7658;-11,7400;-0,0000;6,9741;1,8682;-0,5372;0,9371;-1,1133;-0,0000;0,1762;-0,5372;8;0
4,3316;-12,7661;48,2853;28,3595;-0,0000;13,3552;167,2339;331,021;-75,000;0,000;50,000;1,8651;4,7713;-11,7464;-0,0000;6,9752;1,8651;-0,5361;0,9373;-1,1150;0,0044;0,1777;-0,5405;8;0
4,3374;-12,7552;48,3130;28,2913;-0,0000;13,3957;167,2448;331,311;-75,000;0,000;50,000;1,8620;4,7767;-11,7529;0,0000;6,9762;1,8620;-0,5346;0,9375;-1,1168;0,0000;0,1794;-0,5346;8;0
4,3432;-12,7445;48,3407;28,2231;0,0000;13,4361;167,2555;331,601;-75,000;0,000;50,000;1,8589;4,7821;-11,7594;0,0000;6,9772;1,8589;-0,5333;0,9377;-1,1187;-0,0010;0,1812;-0,5323;8;0
4,3490;-12,7337;48,3685;28,1549;0,0000;13,4766;167,2663;331,891;-75,000;0,000;50,000;1,8558;4,7876;-11,7659;-0,0000;6,9783;1,8558;-0,5319;0,9379;-1,1205;-0,0015;0,1829;-0,5303;8;0
4,3548;-12,7229;48,3963;28,0867;0,0000;13,5171;167,2771;332,181;-75,000;0,000;50,000;1,8527;4,7930;-11,7724;-0,0000;6,9794;1,8527;-0,5307;0,9380;-1,1222;0,0001;0,1842;-0,5308;8;0
4,3606;-12,7122;48,4241;28,0184;-0,0000;13,5575;167,2878;332,471;-75,000;0,000;50,000;1,8497;4,7985;-11,7789;-0,0000;6,9804;1,8497;-0,5296;0,9382;-1,1238;0,0034;0,1851;-0,5332;8;0
4,3664;-12,7015;48,4519;27,9501;-0,0000;13,5980;167,2985;332,761;-75,000;0,000;50,000;1,8466;4,8039;-11,7854;0,0000;6,9815;1,8466;-0,5281;0,9385;-1,1258;0,0000;0,1874;-0,5281;8;0
4,3722;-12,6908;48,4798;27,8817;0,0000;13,6385;167,3092;333,051;-75,000;0,000;50,000;1,8435;4,8093;-11,7919;0,0000;6,9826;1,8435;-0,5267;0,9387;-1,1277;-0,0023;0,1893;-0,5243;8;0
4,3780;-12,6801;48,5077;27,8133;0,0000;13,6790;167,3199;333,341;-75,000;0,000;50,000;1,8405;4,8148;-11,7985;-0,0000;6,9837;1,8405;-0,5260;0,9386;-1,1288;0,0097;0,1881;-0,5357;8;0
4,3838;-12,6694;48,5356;27,7449;-0,0000;13,7195;167,3306;333,631;-75,000;0,000;50,000;1,8374;4,8202;-11,8050;0,0001;6,9848;1,8373;-0,5243;0,9391;-1,1313;0,0004;0,1922;-0,5247;8;0
4,3896;-12,6588;48,5636;27,6764;0,0000;13,7600;167,3412;333,921;-75,000;0,000;50,000;1,8344;4,8257;-11,8116;-0,0000;6,9859;1,8344;-0,5228;0,9401;-1,1350;-0,0033;0,2010;-0,5195;8;0
4,3954;-12,6482;48,5916;27,6079;-0,0000;13,8005;167,3518;334,211;-75,000;0,000;50,000;1,8314;4,8311;-11,8182;0,0001;6,9871;1,8313;-0,5217;0,9396;-1,1350;0,0001;0,1954;-0,5218;8;0
4,4012;-12,6376;48,6196;27,5394;0,0000;13,8410;167,3624;334,501;-75,000;0,000;50,000;1,8283;4,8366;-11,8248;0,0000;6,9882;1,8283;-0,5193;0,9391;-1,1350;-0,0223;0,1899;-0,4969;8;0
4,4070;-12,6270;48,6477;27,4708;0,0000;13,8815;167,3730;334,791;-75,000;0,000;50,000;1,8253;4,8420;-11,8314;-0,0002;6,9893;1,8255;-0,5192;0,9401;-1,1388;-0,0001;0,1986;-0,5190;8;0
4,4128;-12,6164;48,6758;27,4022;-0,0000;13,9221;167,3836;335,080;-75,000;0,000;50,000;1,8223;4,8475;-11,8380;-0,0000;6,9905;1,8223;-0,5185;0,9407;-1,1415;0,0129;0,2035;-0,5314;8;0
4,4186;-12,6058;48,7039;27,3335;0,0000;13,9626;167,3942;335,370;-75,000;0,000;50,000;1,8193;4,8529;-11,8446;-0,0000;6,9917;1,8194;-0,5166;0,9407;-1,1425;0,0000;0,2018;-0,5167;8;0
4,4244;-12,5953;48,7320;27,2648;-0,0000;14,0032;167,4047;335,660;-75,000;0,000;50,000;1,8163;4,8584;-11,8512;-0,0000;6,9928;1,8163;-0,5158;0,9408;-1,1440;0,0081;0,2018;-0,5241;8;0
4,4302;-12,5848;48,7602;27,1961;-0,0000;14,0437;167,4152;335,950;-75,000;0,000;50,000;1,8133;4,8638;-11,8579;0,0001;6,9940;1,8133;-0,5141;0,9412;-1,1463;0,0000;0,2051;-0,5142;8;0
4,4360;-12,5743;48,7884;27,1273;0,0000;14,0843;167,4257;336,240;-75,000;0,000;50,000;1,8104;4,8693;-11,8645;0,0000;6,9952;1,8104;-0,5125;0,9416;-1,1484;-0,0072;0,2073;-0,5053;8;0
4,4418;-12,5638;48,8167;27,0585;0,0000;14,1248;167,4362;336,530;-75,000;0,000;50,000;1,8074;4,8748;-11,8712;-0,0000;6,9964;1,8074;-0,5117;0,9418;-1,1501;-0,0000;0,2083;-0,5117;8;0
4,4476;-12,5533;48,8450;26,9896;-0,0000;14,1654;167,4467;336,820;-75,000;0,000;50,000;1,8044;4,8802;-11,8779;-0,0000;6,9976;1,8044;-0,5105;0,9421;-1,1521;0,0025;0,2100;-0,5131;8;0
4,4534;-12,5428;48,8733;26,9207;-0,0000;14,2060;167,4572;337,110;-75,000;0,000;50,000;1,8015;4,8857;-11,8845;0,0000;6,9989;1,8015;-0,5086;0,9425;-1,1542;-0,0111;0,2125;-0,4971;8;0
4,4592;-12,5324;48,9016;26,8518;0,0000;14,2466;167,4676;337,400;-75,000;0,000;50,000;1,7985;4,8912;-11,8912;-0,0001;7,0001;1,7987;-0,5079;0,9427;-1,1560;-0,0004;0,2133;-0,5076;8;0
4,4650;-12,5220;48,9300;26,7828;-0,0000;14,2872;167,4780;337,690;-75,000;0,000;50,000;1,7956;4,8966;-11,8979;-0,0000;7,0013;1,7956;-0,5082;0,9431;-1,1581;0,0286;0,2159;-0,5376;8;0
4,4708;-12,5116;48,9584;26,7138;-0,0000;14,3278;167,4884;337,980;-75,000;0,000;50,000;1,7926;4,9021;-11,9047;0,0002;7,0026;1,7924;-0,5055;0,9434;-1,1598;0,0001;0,2165;-0,5056;8;0
4,4766;-12,5012;48,9869;26,6447;0,0000;14,3684;167,4988;338,270;-75,000;0,000;50,000;1,7897;4,9076;-11,9114;0,0000;7,0038;1,7897;-0,5025;0,9433;-1,1608;-0,0349;0,2143;-0,4671;8;0
4,4824;-12,4908;49,0153;26,5756;0,0000;14,4090;167,5092;338,560;-75,000;0,000;50,000;1,7868;4,9130;-11,9181;-0,0002;7,0051;1,7870;-0,5031;0,9440;-1,1638;-0,0001;0,2198;-0,5030;8;0
4,4882;-12,4805;49,0439;26,5065;-0,0000;14,4496;167,5195;338,850;-75,000;0,000;50,000;1,7839;4,9185;-11,9249;-0,0000;7,0064;1,7839;-0,5037;0,9447;-1,1667;0,0349;0,2250;-0,5387;8;0
4,4940;-12,4701;49,0724;26,4373;-0,0000;14,4903;167,5299;339,140;-75,000;0,000;50,000;1,7810;4,9240;-11,9317;0,0002;7,0077;1,7808;-0,5007;0,9447;-1,1677;0,0001;0,2230;-0,5007;8;0
4,4998;-12,4598;49,1010;26,3681;0,0000;14,5309;167,5402;339,429;-75,000;0,000;50,000;1,7781;4,9295;-11,9384;0,0000;7,0090;1,7781;-0,4982;0,9446;-1,1686;-0,0240;0,2202;-0,4742;8;0
4,5056;-12,4495;49,1296;26,2989;0,0000;14,5715;167,5505;339,719;-75,000;0,000;50,000;1,7752;4,9349;-11,9452;-0,0001;7,0103;1,7753;-0,4983;0,9454;-1,1717;-0,0001;0,2263;-0,4982;8;0
4,5114;-12,4392;49,1582;26,2296;-0,0000;14,6122;167,5608;340,009;-75,000;0,000;50,000;1,7723;4,9404;-11,9520;-0,0000;7,0116;1,7723;-0,4973;0,9462;-1,1747;0,0042;0,2315;-0,5014;8;0
4,5172;-12,4290;49,1869;26,1603;0,0000;14,6529;167,5710;340,299;-75,000;0,000;50,000;1,7694;4,9459;-11,9588;-0,0000;7,0129;1,7695;-0,4959;0,9462;-1,1758;0,0000;0,2296;-0,4959;8;0
4,5230;-12,4187;49,2155;26,0909;-0,0000;14,6935;167,5813;340,589;-75,000;0,000;50,000;1,7666;4,9514;-11,9657;-0,0000;7,0143;1,7666;-0,4950;0,9464;-1,1774;0,0056;0,2297;-0,5007;8;0
4,5288;-12,4085;49,2443;26,0215;-0,0000;14,7342;167,5915;340,879;-75,000;0,000;50,000;1,7637;4,9569;-11,9725;0,0000;7,0156;1,7637;-0,4935;0,9469;-1,1799;0,0000;0,2329;-0,4935;8;0
4,5346;-12,3983;49,2730;25,9521;0,0000;14,7749;167,6017;341,169;-75,000;0,000;50,000;1,7608;4,9624;-11,9793;0,0000;7,0170;1,7608;-0,4921;0,9475;-1,1823;-0,0046;0,2361;-0,4874;8;0
4,5404;-12,3881;49,3018;25,8826;0,0000;14,8156;167,6119;341,459;-75,000;0,000;50,000;1,7580;4,9679;-11,9862;-0,0000;7,0183;1,7580;-0,4912;0,9477;-1,1840;-0,0000;0,2362;-0,4911;8;0
4,5462;-12,3779;49,3306;25,8131;-0,0000;14,8563;167,6221;341,749;-75,000;0,000;50,000;1,7551;4,9734;-11,9931;-0,0000;7,0197;1,7551;-0,4901;0,9479;-1,1855;0,0016;0,2361;-0,4917;8;0
4,5520;-12,3677;49,3595;25,7435;-0,0000;14,8970;167,6323;342,039;-75,000;0,000;50,000;1,7523;4,9789;-12,0000;0,0000;7,0211;1,7523;-0,4888;0,9485;-1,1881;0,0000;0,2396;-0,4888;8;0
4,5578;-12,3575;49,3884;25,6739;0,0000;14,9377;167,6425;342,329;-75,000;0,000;50,000;1,7495;4,9844;-12,0069;0,0000;7,0225;1,7495;-0,4876;0,9491;-1,1904;-0,0004;0,2422;-0,4872;8;0
4,5636;-12,3474;49,4173;25,6042;-0,0000;14,9784;167,6526;342,619;-75,000;-0,000;50,000;1,7466;4,9899;-12,0138;-0,0000;7,0239;1,7466;-0,4864;0,9495;-1,1925;-0,0017;0,2438;-0,4846;8;0
4,5694;-12,3373;49,4463;25,5346;0,0000;15,0192;167,6627;342,909;-75,000;0,000;50,000;1,7438;4,9954;-12,0207;-0,0000;7,0253;1,7438;-0,4853;0,9498;-1,1944;0,0001;0,2446;-0,4854;8;0
4,5752;-12,3272;49,4752;25,4648;-0,0000;15,0599;167,6728;343,199;-75,000;0,000;50,000;1,7410;5,0009;-12,0276;-0,0000;7,0267;1,7410;-0,4844;0,9501;-1,1960;0,0035;0,2444;-0,4880;8;0
4,5810;-12,3171;49,5043;25,3951;-0,0000;15,1007;167,6829;343,489;-75,000;0,000;50,000;1,7382;5,0064;-12,0346;0,0000;7,0281;1,7382;-0,4830;0,9507;-1,1986;0,0000;0,2479;-0,4830;8;0
4,5868;-12,3070;49,5333;25,3253;-0,0000;15,1414;167,6930;343,778;-75,000;0,000;50,000;1,7354;5,0119;-12,0415;0,0000;7,0296;1,7354;-0,4817;0,9513;-1,2012;-0,0039;0,2514;-0,4776;8;0
4,5925;-12,2970;49,5624;25,2554;0,0000;15,1822;167,7030;344,068;-75,000;0,000;50,000;1,7326;5,0174;-12,0485;-0,0000;7,0311;1,7327;-0,4807;0,9516;-1,2029;-0,0000;0,2512;-0,4807;8;0
4,5983;-12,2869;49,5915;25,1855;-0,0000;15,2230;167,7131;344,358;-75,000;0,000;50,000;1,7298;5,0230;-12,0555;-0,0000;7,0325;1,7298;-0,4799;0,9519;-1,2045;0,0054;0,2512;-0,4854;8;0
4,6041;-12,2769;49,6206;25,1156;-0,0000;15,2638;167,7231;344,648;-75,000;0,000;50,000;1,7271;5,0285;-12,0625;0,0000;7,0340;1,7270;-0,4785;0,9525;-1,2071;0,0000;0,2546;-0,4785;8;0
4,6099;-12,2669;49,6498;25,0456;0,0000;15,3045;167,7331;344,938;-75,000;0,000;50,000;1,7243;5,0340;-12,0695;0,0000;7,0355;1,7243;-0,4771;0,9531;-1,2095;-0,0043;0,2570;-0,4727;8;0
4,6157;-12,2569;49,6790;24,9756;0,0000;15,3453;167,7431;345,228;-75,000;0,000;50,000;1,7215;5,0395;-12,0765;-0,0000;7,0370;1,7215;-0,4762;0,9535;-1,2115;-0,0000;0,2580;-0,4762;8;0
4,6215;-12,2469;49,7083;24,9056;-0,0000;15,3862;167,7531;345,518;-75,000;0,000;50,000;1,7188;5,0451;-12,0835;-0,0000;7,0385;1,7188;-0,4751;0,9540;-1,2137;0,0012;0,2597;-0,4763;8;0
4,6273;-12,2370;49,7375;24,8355;-0,0000;15,4270;167,7630;345,808;-75,000;0,000;50,000;1,7160;5,0506;-12,0906;0,0000;7,0400;1,7160;-0,4738;0,9546;-1,2161;-0,0027;0,2624;-0,4709;8;0
4,6331;-12,2270;49,7668;24,7654;0,0000;15,4678;167,7730;346,098;-75,000;0,000;50,000;1,7133;5,0561;-12,0976;-0,0000;7,0415;1,7133;-0,4728;0,9550;-1,2180;-0,0001;0,2631;-0,4727;8;0
4,6389;-12,2171;49,7962;24,6952;-0,0000;15,5086;167,7829;346,388;-75,000;0,000;50,000;1,7105;5,0617;-12,1047;-0,0000;7,0430;1,7105;-0,4721;0,9553;-1,2197;0,0068;0,2629;-0,4793;8;0
4,6447;-12,2072;49,8255;24,6250;-0,0000;15,5495;167,7928;346,678;-75,000;0,000;50,000;1,7078;5,0672;-12,1118;0,0000;7,0445;1,7077;-0,4706;0,9560;-1,2224;0,0000;0,2664;-0,4706;8;0
4,6505;-12,1973;49,8549;24,5547;0,0000;15,5903;167,8027;346,968;-75,000;0,000;50,000;1,7051;5,0728;-12,1189;0,0000;7,0461;1,7051;-0,4692;0,9566;-1,2249;-0,0055;0,2689;-0,4634;8;0
4,6563;-12,1874;49,8844;24,4844;0,0000;15,6312;167,8126;347,258;-75,000;0,000;50,000;1,7024;5,0783;-12,1260;-0,0000;7,0477;1,7024;-0,4684;0,9571;-1,2269;-0,0000;0,2698;-0,4684;8;0
4,6621;-12,1776;49,9138;24,4141;-0,0000;15,6721;167,8224;347,548;-75,000;0,000;50,000;1,6996;5,0839;-12,1331;-0,0000;7,0492;1,6996;-0,4674;0,9576;-1,2292;0,0016;0,2716;-0,4690;8;0
4,6679;-12,1677;49,9433;24,3437;-0,0000;15,7129;167,8323;347,838;-75,000;0,000;50,000;1,6969;5,0894;-12,1402;0,0000;7,0508;1,6969;-0,4660;0,9582;-1,2317;-0,0038;0,2743;-0,4619;8;0
4,6737;-12,1579;49,9728;24,2733;0,0000;15,7538;167,8421;348,127;-75,000;0,000;50,000;1,6942;5,0950;-12,1474;-0,0000;7,0524;1,6943;-0,4651;0,9587;-1,2337;-0,0002;0,2750;-0,4649;8;0
4,6795;-12,1481;50,0024;24,2029;-0,0000;15,7947;167,8519;348,417;-75,000;0,000;50,000;1,6915;5,1005;-12,1545;-0,0000;7,0540;1,6915;-0,4645;0,9590;-1,2354;0,0096;0,2749;-0,4746;8;0
4,6853;-12,1383;50,0320;24,1324;-0,0000;15,8356;167,8617;348,707;-75,000;0,000;50,000;1,6889;5,1061;-12,1617;0,0001;7,0556;1,6888;-0,4629;0,9598;-1,2382;0,0000;0,2784;-0,4629;8;0
4,6911;-12,1285;50,0616;24,0618;0,0000;15,8766;167,8715;348,997;-75,000;0,000;50,000;1,6862;5,1117;-12,1689;0,0000;7,0572;1,6862;-0,4614;0,9604;-1,2406;-0,0079;0,2806;-0,4532;8;0
4,6969;-12,1187;50,0913;23,9912;0,0000;15,9175;167,8813;349,287;-75,000;0,000;50,000;1,6835;5,1172;-12,1761;-0,0000;7,0589;1,6835;-0,4607;0,9609;-1,2428;-0,0000;0,2818;-0,4607;8;0
4,7027;-12,1090;50,1210;23,9206;-0,0000;15,9584;167,8910;349,577;-75,000;0,000;50,000;1,6808;5,1228;-12,1833;-0,0000;7,0605;1,6808;-0,4598;0,9615;-1,2451;0,0025;0,2837;-0,4624;8;0
4,7085;-12,0992;50,1507;23,8499;-0,0000;15,9994;167,9008;349,867;-75,000;0,000;50,000;1,6782;5,1284;-12,1905;0,0000;7,0622;1,6782;-0,4581;0,9622;-1,2476;-0,0091;0,2860;-0,4485;8;0
4,7143;-12,0895;50,1804;23,7792;0,0000;16,0403;167,9105;350,157;-75,000;0,000;50,000;1,6755;5,1340;-12,1978;-0,0001;7,0638;1,6756;-0,4575;0,9627;-1,2497;-0,0004;0,2871;-0,4571;8;0
4,7201;-12,0798;50,2102;23,7085;-0,0000;16,0813;167,9202;350,447;-75,000;0,000;50,000;1,6729;5,1395;-12,2050;-0,0000;7,0655;1,6729;-0,4576;0,9633;-1,2521;0,0213;0,2890;-0,4799;8;0
4,7259;-12,0701;50,2401;23,6377;-0,0000;16,1223;167,9299;350,737;-75,000;0,000;50,000;1,6702;5,1451;-12,2123;0,0001;7,0672;1,6701;-0,4554;0,9639;-1,2544;0,0000;0,2905;-0,4554;8;0
4,7317;-12,0604;50,2699;23,5668;0,0000;16,1633;167,9396;351,027;-75,000;0,000;50,000;1,6676;5,1507;-12,2196;0,0000;7,0689;1,6676;-0,4533;0,9642;-1,2561;-0,0176;0,2897;-0,4352;8;0
4,7375;-12,0508;50,2998;23,4960;0,0000;16,2042;167,9492;351,317;-75,000;0,000;50,000;1,6650;5,1563;-12,2269;-0,0001;7,0705;1,6650;-0,4533;0,9651;-1,2591;-0,0000;0,2940;-0,4532;8;0
4,7433;-12,0411;50,3297;23,4250;-0,0000;16,2453;167,9589;351,607;-75,000;0,000;50,000;1,6623;5,1619;-12,2342;-0,0000;7,0723;1,6623;-0,4527;0,9659;-1,2619;0,0081;0,2971;-0,4609;8;0
4,7491;-12,0315;50,3597;23,3541;-0,0000;16,2863;167,9685;351,897;-75,000;0,000;50,000;1,6597;5,1675;-12,2415;0,0000;7,0740;1,6597;-0,4512;0,9664;-1,2639;0,0000;0,2975;-0,4512;8;0
4,7549;-12,0219;50,3896;23,2831;0,0000;16,3273;167,9781;352,187;-75,000;0,000;50,000;1,6571;5,1731;-12,2488;0,0000;7,0757;1,6571;-0,4499;0,9670;-1,2663;-0,0030;0,2992;-0,4469;8;0
4,7607;-12,0123;50,4196;23,2120;0,0000;16,3683;167,9877;352,477;-75,000;0,000;50,000;1,6545;5,1787;-12,2562;-0,0000;7,0774;1,6545;-0,4496;0,9676;-1,2685;0,0095;0,3004;-0,4592;8;0
4,7665;-12,0027;50,4497;23,1409;-0,0000;16,4094;167,9973;352,766;-75,000;0,000;50,000;1,6519;5,1843;-12,2635;0,0001;7,0792;1,6518;-0,4480;0,9684;-1,2711;0,0003;0,3028;-0,4484;8;0
4,7723;-11,9931;50,4798;23,0698;0,0000;16,4504;168,0069;353,056;-75,000;0,000;50,000;1,6493;5,1900;-12,2709;0,0000;7,0810;1,6493;-0,4460;0,9694;-1,2743;-0,0171;0,3076;-0,4288;8;0
4,7781;-11,9835;50,5099;22,9986;-0,0000;16,4915;168,0165;353,346;-75,000;0,000;50,000;1,6467;5,1956;-12,2783;-0,0001;7,0828;1,6468;-0,4459;0,9697;-1,2759;-0,0000;0,3062;-0,4459;8;0
4,7839;-11,9740;50,5400;22,9274;0,0000;16,5326;168,0260;353,636;-75,000;0,000;50,000;1,6441;5,2012;-12,2857;0,0000;7,0845;1,6441;-0,4451;0,9699;-1,2772;0,0040;0,3036;-0,4492;8;0
4,7897;-11,9645;50,5702;22,8561;0,0000;16,5737;168,0355;353,926;-75,000;0,000;50,000;1,6415;5,2068;-12,2931;-0,0000;7,0863;1,6416;-0,4439;0,9710;-1,2808;-0,0000;0,3098;-0,4439;8;0
4,7955;-11,9550;50,6004;22,7848;-0,0000;16,6148;168,0450;354,216;-75,000;0,000;50,000;1,6390;5,2125;-12,3006;-0,0000;7,0881;1,6390;-0,4432;0,9719;-1,2837;0,0053;0,3133;-0,4484;8;0
4,8013;-11,9455;50,6307;22,7135;-0,0000;16,6559;168,0545;354,506;-75,000;0,000;50,000;1,6364;5,2181;-12,3080;0,0000;7,0899;1,6364;-0,4418;0,9724;-1,2857;0,0000;0,3133;-0,4418;8;0
4,8071;-11,9360;50,6609;22,6421;0,0000;16,6970;168,0640;354,796;-75,000;0,000;50,000;1,6338;5,2237;-12,3155;0,0000;7,0917;1,6338;-0,4407;0,9731;-1,2882;-0,0018;0,3151;-0,4389;8;0
4,8129;-11,9265;50,6912;22,5707;0,0000;16,7381;168,0735;355,086;-75,000;0,000;50,000;1,6313;5,2294;-12,3230;-0,0000;7,0936;1,6313;-0,4399;0,9739;-1,2908;0,0015;0,3173;-0,4414;8;0
4,8187;-11,9171;50,7216;22,4992;-0,0000;16,7792;168,0829;355,376;-75,000;0,000;50,000;1,6287;5,2350;-12,3305;0,0000;7,0954;1,6287;-0,4388;0,9746;-1,2932;0,0001;0,3187;-0,4389;8;0
4,8245;-11,9076;50,7519;22,4277;0,0000;16,8204;168,0924;355,666;-75,000;0,000;50,000;1,6262;5,2407;-12,3380;0,0000;7,0973;1,6262;-0,4376;0,9752;-1,2955;-0,0034;0,3197;-0,4342;8;0
4,8303;-11,8982;50,7824;22,3561;0,0000;16,8616;168,1018;355,956;-75,000;0,000;50,000;1,6237;5,2464;-12,3455;-0,0000;7,0991;1,6237;-0,4368;0,9760;-1,2982;-0,0000;0,3222;-0,4367;8;0
4,8361;-11,8888;50,8128;22,2845;-0,0000;16,9027;168,1112;356,246;-75,000;0,000;50,000;1,6211;5,2520;-12,3530;-0,0000;7,1010;1,6211;-0,4359;0,9768;-1,3009;0,0022;0,3243;-0,4380;8;0
4,8419;-11,8794;50,8433;22,2128;-0,0000;16,9439;168,1206;356,536;-75,000;0,000;50,000;1,6186;5,2577;-12,3606;0,0000;7,1029;1,6186;-0,4344;0,9776;-1,3035;-0,0069;0,3266;-0,4272;8;0
4,8477;-11,8700;50,8738;22,1411;0,0000;16,9851;168,1300;356,826;-75,000;0,000;50,000;1,6161;5,2634;-12,3681;-0,0001;7,1048;1,6162;-0,4337;0,9783;-1,3059;-0,0003;0,3277;-0,4334;8;0
4,8535;-11,8607;50,9043;22,0694;-0,0000;17,0263;168,1393;357,115;-75,000;0,000;50,000;1,6136;5,2690;-12,3757;-0,0000;7,1067;1,6136;-0,4337;0,9789;-1,3083;0,0158;0,3288;-0,4501;8;0
4,8593;-11,8513;50,9349;21,9976;-0,0000;17,0675;168,1487;357,405;-75,000;0,000;50,000;1,6111;5,2747;-12,3833;0,0001;7,1086;1,6110;-0,4318;0,9798;-1,3110;0,0000;0,3312;-0,4318;8;0
4,8651;-11,8420;50,9655;21,9258;0,0000;17,1087;168,1580;357,695;-75,000;0,000;50,000;1,6086;5,2804;-12,3909;0,0000;7,1105;1,6086;-0,4301;0,9804;-1,3133;-0,0110;0,3320;-0,4187;8;0
4,8709;-11,8327;50,9961;21,8539;0,0000;17,1500;168,1673;357,985;-75,000;0,000;50,000;1,6061;5,2861;-12,3985;-0,0000;7,1125;1,6061;-0,4298;0,9813;-1,3162;-0,0000;0,3348;-0,4298;8;0
4,8767;-11,8234;51,0268;21,7820;-0,0000;17,1912;168,1766;358,275;-75,000;0,000;50,000;1,6036;5,2918;-12,4062;0,0000;7,1144;1,6036;-0,4288;0,9823;-1,3192;0,0008;0,3384;-0,4296;8;0
4,8825;-11,8141;51,0575;21,7100;0,0000;17,2325;168,1859;358,565;-75,000;0,000;50,000;1,6011;5,2975;-12,4138;-0,0000;7,1164;1,6011;-0,4278;0,9829;-1,3214;-0,0000;0,3385;-0,4278;8;0
4,8883;-11,8048;51,0882;21,6380;-0,0000;17,2738;168,1952;358,855;-75,000;0,000;50,000;1,5986;5,3032;-12,4215;-0,0000;7,1183;1,5986;-0,4270;0,9835;-1,3236;0,0030;0,3388;-0,4301;8;0
4,8941;-11,7955;51,1190;21,5660;-0,0000;17,3150;168,2045;359,145;-75,000;0,000;50,000;1,5962;5,3089;-12,4292;0,0000;7,1203;1,5961;-0,4259;0,9845;-1,3267;0,0000;0,3421;-0,4259;8;0
4,8999;-11,7863;51,1498;21,4939;0,0000;17,3563;168,2137;359,435;-75,000;0,000;50,000;1,5937;5,3146;-12,4369;0,0000;7,1223;1,5937;-0,4248;0,9854;-1,3295;-0,0020;0,3447;-0,4227;8;0
4,9057;-11,7770;51,1806;21,4217;0,0000;17,3976;168,2230;359,725;-75,000;0,000;50,000;1,5912;5,3203;-12,4446;-0,0000;7,1243;1,5912;-0,4242;0,9861;-1,3317;0,0053;0,3448;-0,4297;8;0
4,9115;-11,7678;51,2115;21,3496;-0,0000;17,4390;168,2322;360,015;-75,000;0,000;50,000;1,5888;5,3260;-12,4523;0,0001;7,1263;1,5887;-0,4230;0,9870;-1,3346;0,0004;0,3477;-0,4234;8;0
4,9173;-11,7586;51,2424;21,2773;0,0000;17,4803;168,2414;360,305;-75,000;0,000;50,000;1,5863;5,3318;-12,4601;0,0000;7,1283;1,5863;-0,4215;0,9882;-1,3380;-0,0089;0,3521;-0,4123;8;0
4,9231;-11,7494;51,2733;21,2051;-0,0000;17,5216;168,2506;360,595;-75,000;0,000;50,000;1,5839;5,3375;-12,4679;-0,0000;7,1304;1,5839;-0,4210;0,9887;-1,3400;-0,0000;0,3513;-0,4210;8;0
4,9289;-11,7402;51,3043;21,1327;0,0000;17,5630;168,2598;360,885;-75,000;0,000;50,000;1,5814;5,3432;-12,4756;0,0000;7,1324;1,5814;-0,4202;0,9893;-1,3421;0,0015;0,3510;-0,4219;8;0
4,9347;-11,7311;51,3353;21,0604;0,0000;17,6043;168,2689;361,175;-75,000;0,000;50,000;1,5790;5,3490;-12,4834;-0,0000;7,1345;1,5790;-0,4191;0,9904;-1,3454;-0,0000;0,3550;-0,4191;8;0
4,9405;-11,7219;51,3663;20,9880;-0,0000;17,6457;168,2781;361,464;-75,000;0,000;50,000;1,5766;5,3547;-12,4912;-0,0000;7,1365;1,5766;-0,4183;0,9913;-1,3483;0,0025;0,3573;-0,4208;8;0
4,9463;-11,7128;51,3974;20,9155;-0,0000;17,6871;168,2872;361,754;-75,000;0,000;50,000;1,5742;5,3605;-12,4991;0,0000;7,1386;1,5742;-0,4167;0,9922;-1,3510;-0,0084;0,3592;-0,4079;8;0
4,9521;-11,7037;51,4285;20,8430;0,0000;17,7285;168,2963;362,044;-75,000;0,000;50,000;1,5718;5,3662;-12,5069;-0,0001;7,1407;1,5719;-0,4162;0,9930;-1,3536;-0,0004;0,3607;-0,4158;8;0
4,9579;-11,6946;51,4596;20,7705;-0,0000;17,7699;168,3054;362,334;-75,000;0,000;50,000;1,5693;5,3720;-12,5148;-0,0000;7,1428;1,5693;-0,4164;0,9940;-1,3565;0,0183;0,3628;-0,4356;8;0
4,9637;-11,6855;51,4908;20,6979;-0,0000;17,8113;168,3145;362,624;-75,000;0,000;50,000;1,5669;5,3777;-12,5226;0,0001;7,1449;1,5668;-0,4144;0,9948;-1,3592;0,0000;0,3643;-0,4144;8;0
4,9695;-11,6764;51,5220;20,6252;0,0000;17,8528;168,3236;362,914;-75,000;0,000;50,000;1,5645;5,3835;-12,5305;0,0000;7,1470;1,5645;-0,4127;0,9955;-1,3614;-0,0122;0,3641;-0,4001;8;0
4,9753;-11,6673;51,5532;20,5525;0,0000;17,8942;168,3327;363,204;-75,000;0,000;50,000;1,5621;5,3893;-12,5384;-0,0000;7,1491;1,5622;-0,4125;0,9966;-1,3647;-0,0000;0,3681;-0,4125;8;0
4,9811;-11,6583;51,5845;20,4798;-0,0000;17,9357;168,3417;363,494;-75,000;0,000;50,000;1,5597;5,3951;-12,5463;-0,0000;7,1513;1,5597;-0,4118;0,9977;-1,3679;0,0030;0,3712;-0,4148;8;0
4,9869;-11,6492;51,6158;20,4070;-0,0000;17,9772;168,3508;363,784;-75,000;0,000;50,000;1,5574;5,4009;-12,5543;0,0000;7,1534;1,5574;-0,4098;0,9983;-1,3699;-0,0142;0,3704;-0,3949;8;0
4,9927;-11,6402;51,6471;20,3342;0,0000;18,0187;168,3598;364,074;-75,000;0,000;50,000;1,5550;5,4066;-12,5622;-0,0002;7,1556;1,5552;-0,4097;0,9994;-1,3732;-0,0008;0,3738;-0,4089;8;0
4,9985;-11,6312;51,6785;20,2613;-0,0000;18,0602;168,3688;364,364;-75,000;0,000;50,000;1,5526;5,4124;-12,5702;-0,0000;7,1578;1,5526;-0,4102;1,0012;-1,3778;0,0228;0,3824;-0,4343;8;0
5,0043;-11,6222;51,7099;20,1884;0,0000;18,1017;168,3778;364,654;-75,000;0,000;50,000;1,5502;5,4183;-12,5782;0,0001;7,1600;1,5501;-0,4079;1,0013;-1,3789;-0,0000;0,3776;-0,4079;8;0
5,0101;-11,6132;51,7413;20,1155;-0,0000;18,1432;168,3868;364,944;-75,000;0,000;50,000;1,5479;5,4241;-12,5862;-0,0000;7,1621;1,5479;-0,4068;1,0012;-1,3793;-0,0029;0,3704;-0,4032;8;0
5,0159;-11,6043;51,7728;20,0425;-0,0000;18,1847;168,3957;365,234;-75,000;0,000;50,000;1,5455;5,4299;-12,5942;0,0001;7,1643;1,5455;-0,4060;1,0033;-1,3848;-0,0008;0,3821;-0,4051;8;0
5,0217;-11,5953;51,8043;19,9694;0,0000;18,2263;168,4047;365,524;-75,000;0,000;50,000;1,5432;5,4357;-12,6023;-0,0000;7,1666;1,5432;-0,4048;1,0047;-1,3885;-0,0057;0,3870;-0,3991;8;0
5,0274;-11,5864;51,8358;19,8963;-0,0000;18,2678;168,4136;365,813;-75,000;0,000;50,000;1,5408;5,4415;-12,6103;-0,0000;7,1688;1,5408;-0,4043;1,0050;-1,3899;0,0020;0,3836;-0,4064;8;0
5,0332;-11,5774;51,8674;19,8232;-0,0000;18,3094;168,4226;366,103;-75,000;0,000;50,000;1,5385;5,4473;-12,6184;0,0000;7,1710;1,5385;-0,4033;1,0062;-1,3933;0,0000;0,3871;-0,4033;8;0
5,0390;-11,5685;51,8990;19,7500;0,0000;18,3510;168,4315;366,393;-75,000;0,000;50,000;1,5361;5,4532;-12,6265;0,0000;7,1733;1,5361;-0,4023;1,0074;-1,3967;-0,0019;0,3906;-0,4003;8;0
5,0448;-11,5596;51,9307;19,6767;0,0000;18,3926;168,4404;366,683;-75,000;0,000;50,000;1,5338;5,4590;-12,6346;-0,0000;7,1756;1,5338;-0,4015;1,0082;-1,3991;-0,0000;0,3909;-0,4015;8;0
5,0506;-11,5507;51,9623;19,6034;-0,0000;18,4342;168,4493;366,973;-75,000;0,000;50,000;1,5315;5,4649;-12,6427;-0,0000;7,1778;1,5315;-0,4007;1,0090;-1,4016;0,0016;0,3912;-0,4024;8;0
5,0564;-11,5419;51,9940;19,5301;-0,0000;18,4759;168,4581;367,263;-75,000;0,000;50,000;1,5292;5,4707;-12,6508;0,0000;7,1801;1,5292;-0,3997;1,0102;-1,4050;0,0000;0,3948;-0,3997;8;0
5,0622;-11,5330;52,0258;19,4567;0,0000;18,5175;168,4670;367,553;-75,000;0,000;50,000;1,5269;5,4766;-12,6590;0,0000;7,1824;1,5269;-0,3988;1,0114;-1,4082;-0,0009;0,3976;-0,3978;8;0
5,0680;-11,5242;52,0575;19,3833;0,0000;18,5591;168,4758;367,843;-75,000;0,000;50,000;1,5245;5,4825;-12,6672;-0,0000;7,1847;1,5245;-0,3980;1,0123;-1,4111;0,0009;0,3990;-0,3989;8;0
5,0738;-11,5153;52,0894;19,3098;-0,0000;18,6008;168,4847;368,133;-75,000;0,000;50,000;1,5222;5,4883;-12,6754;0,0000;7,1870;1,5222;-0,3970;1,0133;-1,4140;0,0001;0,4006;-0,3972;8;0
5,0796;-11,5065;52,1212;19,2363;0,0000;18,6425;168,4935;368,423;-75,000;0,000;50,000;1,5199;5,4942;-12,6836;0,0000;7,1893;1,5199;-0,3960;1,0143;-1,4168;-0,0019;0,4019;-0,3940;8;0
5,0854;-11,4977;52,1531;19,1627;0,0000;18,6842;168,5023;368,713;-75,000;0,000;50,000;1,5176;5,5001;-12,6918;-0,0000;7,1917;1,5177;-0,3953;1,0155;-1,4200;-0,0000;0,4046;-0,3952;8;0
5,0912;-11,4889;52,1850;19,0891;-0,0000;18,7259;168,5111;369,003;-75,000;0,000;50,000;1,5154;5,5060;-12,7000;-0,0000;7,1940;1,5154;-0,3944;1,0166;-1,4231;0,0011;0,4068;-0,3956;8;0
5,0970;-11,4801;52,2169;19,0154;-0,0000;18,7676;168,5199;369,293;-75,000;0,000;50,000;1,5131;5,5119;-12,7083;0,0000;7,1964;1,5131;-0,3934;1,0177;-1,4263;-0,0008;0,4093;-0,3927;8;0
5,1028;-11,4714;52,2489;18,9417;0,0000;18,8094;168,5286;369,583;-75,000;0,000;50,000;1,5108;5,5178;-12,7166;-0,0000;7,1988;1,5108;-0,3926;1,0187;-1,4292;-0,0001;0,4105;-0,3925;8;0
5,1086;-11,4626;52,2809;18,8680;-0,0000;18,8511;168,5374;369,873;-75,000;0,000;50,000;1,5085;5,5237;-12,7249;-0,0000;7,2012;1,5085;-0,3918;1,0196;-1,4318;0,0017;0,4109;-0,3936;8;0
5,1144;-11,4539;52,3130;18,7942;-0,0000;18,8929;168,5461;370,162;-75,000;0,000;50,000;1,5062;5,5296;-12,7332;0,0000;7,2035;1,5062;-0,3909;1,0209;-1,4353;0,0000;0,4144;-0,3909;8;0
5,1202;-11,4451;52,3450;18,7203;0,0000;18,9347;168,5549;370,452;-75,000;0,000;50,000;1,5040;5,5355;-12,7415;0,0000;7,2060;1,5040;-0,3899;1,0221;-1,4386;-0,0011;0,4172;-0,3888;8;0
5,1260;-11,4364;52,3772;18,6464;0,0000;18,9764;168,5636;370,742;-75,000;0,000;50,000;1,5017;5,5415;-12,7499;-0,0000;7,2084;1,5017;-0,3892;1,0232;-1,4416;0,0013;0,4187;-0,3905;8;0
5,1318;-11,4277;52,4093;18,5724;-0,0000;19,0183;168,5723;371,032;-75,000;0,000;50,000;1,4995;5,5474;-12,7582;0,0000;7,2108;1,4995;-0,3883;1,0242;-1,4446;0,0002;0,4204;-0,3885;8;0
5,1376;-11,4190;52,4415;18,4984;0,0000;19,0601;168,5810;371,322;-75,000;0,000;50,000;1,4972;5,5534;-12,7666;0,0000;7,2133;1,4972;-0,3872;1,0253;-1,4476;-0,0027;0,4219;-0,3845;8;0
5,1434;-11,4103;52,4737;18,4244;0,0000;19,1019;168,5897;371,612;-75,000;0,000;50,000;1,4950;5,5593;-12,7750;-0,0000;7,2157;1,4950;-0,3866;1,0265;-1,4509;-0,0000;0,4244;-0,3865;8;0
5,1492;-11,4017;52,5060;18,3503;-0,0000;19,1438;168,5983;371,902;-75,000;0,000;50,000;1,4927;5,5653;-12,7834;-0,0000;7,2182;1,4927;-0,3858;1,0277;-1,4541;0,0015;0,4266;-0,3874;8;0
5,1550;-11,3930;52,5383;18,2761;-0,0000;19,1856;168,6070;372,192;-75,000;0,000;50,000;1,4905;5,5712;-12,7919;0,0000;7,2207;1,4905;-0,3847;1,0289;-1,4575;-0,0026;0,4293;-0,3818;8;0
5,1608;-11,3844;52,5706;18,2019;0,0000;19,2275;168,6156;372,482;-75,000;0,000;50,000;1,4883;5,5772;-12,8003;-0,0000;7,2232;1,4883;-0,3840;1,0300;-1,4604;-0,0002;0,4305;-0,3838;8;0
5,1666;-11,3758;52,6029;18,1277;-0,0000;19,2694;168,6242;372,772;-75,000;0,000;50,000;1,4861;5,5832;-12,8088;-0,0000;7,2257;1,4861;-0,3835;1,0310;-1,4632;0,0059;0,4309;-0,3898;8;0
5,1724;-11,3672;52,6353;18,0534;-0,0000;19,3113;168,6328;373,062;-75,000;0,000;50,000;1,4838;5,5891;-12,8173;0,0000;7,2282;1,4838;-0,3823;1,0324;-1,4668;0,0000;0,4345;-0,3823;8;0
5,1782;-11,3586;52,6678;17,9790;0,0000;19,3532;168,6414;373,352;-75,000;0,000;50,000;1,4816;5,5951;-12,8258;0,0000;7,2307;1,4816;-0,3812;1,0336;-1,4702;-0,0039;0,4371;-0,3771;8;0
5,1840;-11,3500;52,7002;17,9046;0,0000;19,3952;168,6500;373,642;-75,000;0,000;50,000;1,4794;5,6011;-12,8344;-0,0000;7,2332;1,4794;-0,3815;1,0344;-1,4726;0,0139;0,4359;-0,3958;8;0
5,1898;-11,3414;52,7327;17,8302;-0,0000;19,4371;168,6586;373,932;-75,000;0,000;50,000;1,4772;5,6071;-12,8429;0,0002;7,2357;1,4770;-0,3798;1,0360;-1,4766;0,0007;0,4407;-0,3805;8;0
5,1956;-11,3329;52,7653;17,7557;0,0000;19,4791;168,6671;374,222;-75,000;0,000;50,000;1,4750;5,6131;-12,8515;0,0000;7,2383;1,4750;-0,3772;1,0378;-1,4813;-0,0278;0,4480;-0,3486;8;0
5,2014;-11,3243;52,7978;17,6811;-0,0000;19,5210;168,6757;374,511;-75,000;0,000;50,000;1,4728;5,6192;-12,8601;-0,0002;7,2409;1,4730;-0,3781;1,0384;-1,4831;0,0000;0,4447;-0,3781;8;0
5,2072;-11,3158;52,8304;17,6065;-0,0000;19,5630;168,6842;374,801;-75,000;0,000;50,000;1,4706;5,6252;-12,8687;0,0000;7,2435;1,4706;-0,3781;1,0393;-1,4857;0,0139;0,4441;-0,3924;8;0
5,2130;-11,3072;52,8631;17,5319;0,0000;19,6051;168,6928;375,091;-75,000;0,000;50,000;1,4684;5,6312;-12,8773;0,0000;7,2461;1,4684;-0,3764;1,0409;-1,4897;-0,0000;0,4488;-0,3764;8;0
5,2188;-11,2987;52,8957;17,4572;-0,0000;19,6471;168,7013;375,381;-75,000;0,000;50,000;1,4663;5,6373;-12,8860;-0,0000;7,2487;1,4663;-0,3756;1,0422;-1,4932;-0,0008;0,4516;-0,3747;8;0
5,2246;-11,2902;52,9284;17,3824;0,0000;19,6891;168,7098;375,671;-75,000;0,000;50,000;1,4641;5,6433;-12,8946;-0,0000;7,2513;1,4641;-0,3748;1,0434;-1,4964;-0,0000;0,4530;-0,3748;8;0
5,2304;-11,2818;52,9612;17,3077;-0,0000;19,7312;168,7182;375,961;-75,000;0,000;50,000;1,4619;5,6494;-12,9033;-0,0000;7,2540;1,4619;-0,3741;1,0445;-1,4993;0,0017;0,4536;-0,3759;8;0
5,2362;-11,2733;52,9939;17,2328;-0,0000;19,7732;168,7267;376,251;-75,000;0,000;50,000;1,4597;5,6554;-12,9120;0,0000;7,2566;1,4597;-0,3731;1,0460;-1,5031;0,0000;0,4571;-0,3731;8;0
5,2420;-11,2648;53,0268;17,1579;0,0000;19,8153;168,7352;376,541;-75,000;0,000;50,000;1,4576;5,6615;-12,9207;0,0000;7,2593;1,4576;-0,3723;1,0473;-1,5067;-0,0011;0,4599;-0,3711;8;0
5,2478;-11,2564;53,0596;17,0830;0,0000;19,8574;168,7436;376,831;-75,000;0,000;50,000;1,4554;5,6676;-12,9295;-0,0000;7,2619;1,4554;-0,3716;1,0486;-1,5100;0,0010;0,4617;-0,3727;8;0
5,2536;-11,2480;53,0925;17,0080;-0,0000;19,8996;168,7520;377,121;-75,000;0,000;50,000;1,4533;5,6737;-12,9383;0,0000;7,2646;1,4533;-0,3707;1,0498;-1,5133;0,0001;0,4634;-0,3709;8;0
5,2594;-11,2395;53,1254;16,9329;0,0000;19,9417;168,7605;377,411;-75,000;0,000;50,000;1,4511;5,6797;-12,9470;0,0000;7,2673;1,4511;-0,3698;1,0511;-1,5165;-0,0022;0,4647;-0,3674;8;0
5,2652;-11,2311;53,1584;16,8578;0,0000;19,9838;168,7689;377,701;-75,000;0,000;50,000;1,4490;5,6858;-12,9558;-0,0000;7,2700;1,4490;-0,3691;1,0525;-1,5201;-0,0000;0,4676;-0,3691;8;0
5,2710;-11,2227;53,1913;16,7827;-0,0000;20,0260;168,7773;377,991;-75,000;0,000;50,000;1,4468;5,6920;-12,9647;-0,0000;7,2727;1,4468;-0,3684;1,0539;-1,5237;0,0013;0,4701;-0,3697;8;0
5,2768;-11,2143;53,2244;16,7075;-0,0000;20,0682;168,7857;378,281;-75,000;0,000;50,000;1,4447;5,6981;-12,9735;0,0000;7,2755;1,4447;-0,3673;1,0553;-1,5273;-0,0024;0,4727;-0,3648;8;0
5,2826;-11,2060;53,2574;16,6322;0,0000;20,1104;168,7940;378,571;-75,000;0,000;50,000;1,4426;5,7042;-12,9824;-0,0000;7,2782;1,4426;-0,3667;1,0565;-1,5305;-0,0001;0,4740;-0,3665;8;0
5,2884;-11,1976;53,2905;16,5569;-0,0000;20,1526;168,8024;378,860;-75,000;0,000;50,000;1,4405;5,7103;-12,9913;-0,0000;7,2810;1,4405;-0,3662;1,0577;-1,5336;0,0052;0,4746;-0,3717;8;0
5,2942;-11,1893;53,3237;16,4815;-0,0000;20,1948;168,8107;379,150;-75,000;0,000;50,000;1,4383;5,7165;-13,0002;0,0000;7,2837;1,4383;-0,3651;1,0592;-1,5375;0,0000;0,4783;-0,3651;8;0
5,3000;-11,1809;53,3568;16,4061;0,0000;20,2371;168,8191;379,440;-75,000;0,000;50,000;1,4362;5,7226;-13,0091;0,0000;7,2865;1,4362;-0,3641;1,0607;-1,5412;-0,0033;0,4811;-0,3606;8;0
5,3058;-11,1726;53,3900;16,3307;0,0000;20,2793;168,8274;379,730;-75,000;0,000;50,000;1,4341;5,7288;-13,0180;-0,0000;7,2893;1,4341;-0,3635;1,0621;-1,5448;-0,0006;0,4833;-0,3628;8;0
5,3116;-11,1643;53,4233;16,2551;0,0000;20,3216;168,8357;380,020;-75,000;0,000;50,000;1,4320;5,7349;-13,0270;-0,0000;7,2921;1,4320;-0,3627;1,0634;-1,5482;0,0005;0,4848;-0,3632;8;0
5,3174;-11,1560;53,4565;16,1796;-0,0000;20,3639;168,8440;380,310;-75,000;0,000;50,000;1,4299;5,7411;-13,0360;-0,0000;7,2949;1,4299;-0,3620;1,0646;-1,5513;0,0013;0,4854;-0,3633;8;0
5,3232;-11,1477;53,4898;16,1040;-0,0000;20,4062;168,8523;380,600;-75,000;0,000;50,000;1,4278;5,7473;-13,0450;0,0000;7,2977;1,4278;-0,3611;1,0662;-1,5553;0,0000;0,4891;-0,3611;8;0
5,3290;-11,1394;53,5232;16,0283;0,0000;20,4485;168,8606;380,890;-75,000;0,000;50,000;1,4257;5,7535;-13,0540;0,0000;7,3006;1,4257;-0,3603;1,0677;-1,5591;-0,0008;0,4920;-0,3595;8;0
5,3348;-11,1312;53,5566;15,9526;0,0000;20,4909;168,8688;381,180;-75,000;0,000;50,000;1,4236;5,7596;-13,0631;-0,0000;7,3034;1,4236;-0,3596;1,0691;-1,5626;0,0004;0,4939;-0,3600;8;0
5,3406;-11,1229;53,5900;15,8768;-0,0000;20,5332;168,8771;381,470;-75,000;0,000;50,000;1,4216;5,7659;-13,0722;0,0000;7,3063;1,4215;-0,3588;1,0705;-1,5661;0,0001;0,4956;-0,3589;8;0
5,3464;-11,1147;53,6234;15,8010;0,0000;20,5756;168,8853;381,760;-75,000;0,000;50,000;1,4195;5,7721;-13,0812;0,0000;7,3092;1,4195;-0,3579;1,0719;-1,5695;-0,0009;0,4968;-0,3571;8;0
5,3522;-11,1065;53,6569;15,7251;0,0000;20,6180;168,8935;382,050;-75,000;0,000;50,000;1,4174;5,7783;-13,0904;-0,0000;7,3121;1,4174;-0,3587;1,0733;-1,5732;0,0229;0,4990;-0,3817;8;0
5,3580;-11,0983;53,6904;15,6492;-0,0000;20,6604;168,9017;382,340;-75,000;0,000;50,000;1,4153;5,7845;-13,0995;0,0003;7,3150;1,4150;-0,3565;1,0750;-1,5773;0,0006;0,5027;-0,3570;8;0
5,3638;-11,0901;53,7240;15,5732;0,0000;20,7028;168,9099;382,630;-75,000;0,000;50,000;1,4133;5,7908;-13,1087;0,0000;7,3179;1,4133;-0,3527;1,0766;-1,5814;-0,0458;0,5064;-0,3067;8;0
5,3696;-11,0819;53,7576;15,4971;-0,0000;20,7453;168,9181;382,920;-75,000;0,000;50,000;1,4112;5,7970;-13,1178;-0,0003;7,3208;1,4115;-0,3549;1,0780;-1,5847;-0,0007;0,5073;-0,3541;8;0
5,3754;-11,0737;53,7912;15,4210;0,0000;20,7877;168,9263;383,209;-75,000;0,000;50,000;1,4091;5,8033;-13,1270;-0,0000;7,3238;1,4092;-0,3557;1,0793;-1,5880;0,0229;0,5079;-0,3787;8;0
5,3812;-11,0655;53,8249;15,3449;-0,0000;20,8302;168,9345;383,499;-75,000;0,000;50,000;1,4071;5,8095;-13,1362;-0,0000;7,3267;1,4071;-0,3535;1,0807;-1,5916;0,0014;0,5097;-0,3549;8;0
5,3870;-11,0574;53,8586;15,2687;-0,0000;20,8727;168,9426;383,789;-75,000;0,000;50,000;1,4050;5,8158;-13,1455;0,0000;7,3297;1,4050;-0,3526;1,0824;-1,5957;0,0000;0,5133;-0,3526;8;0
5,3928;-11,0492;53,8924;15,1924;0,0000;20,9152;168,9508;384,079;-75,000;0,000;50,000;1,4030;5,8221;-13,1548;0,0000;7,3327;1,4030;-0,3518;1,0840;-1,5997;-0,0008;0,5163;-0,3510;8;0
5,3986;-11,0411;53,9261;15,1161;0,0000;20,9577;168,9589;384,369;-75,000;0,000;50,000;1,4010;5,8284;-13,1640;-0,0000;7,3357;1,4010;-0,3511;1,0855;-1,6033;0,0000;0,5178;-0,3511;8;0
5,4044;-11,0330;53,9599;15,0398;0,0000;21,0003;168,9670;384,659;-75,000;0,000;50,000;1,3989;5,8347;-13,1734;0,0000;7,3387;1,3989;-0,3503;1,0871;-1,6073;-0,0004;0,5208;-0,3499;8;0
5,4102;-11,0249;53,9938;14,9634;0,0000;21,0428;168,9751;384,949;-75,000;0,000;50,000;1,3969;5,8410;-13,1827;-0,0000;7,3417;1,3969;-0,3496;1,0886;-1,6109;-0,0000;0,5224;-0,3496;8;0
5,4160;-11,0168;54,0277;14,8869;-0,0000;21,0854;168,9832;385,239;-75,000;0,000;50,000;1,3949;5,8473;-13,1920;-0,0000;7,3448;1,3949;-0,3489;1,0900;-1,6144;0,0011;0,5231;-0,3501;8;0
5,4218;-11,0087;54,0616;14,8104;-0,0000;21,1280;168,9913;385,529;-75,000;0,000;50,000;1,3929;5,8536;-13,2014;0,0000;7,3478;1,3929;-0,3481;1,0917;-1,6186;0,0000;0,5269;-0,3481;8;0
5,4276;-11,0006;54,0956;14,7338;0,0000;21,1706;168,9994;385,819;-75,000;0,000;50,000;1,3908;5,8599;-13,2108;0,0000;7,3509;1,3908;-0,3473;1,0934;-1,6227;-0,0006;0,5299;-0,3466;8;0
5,4334;-10,9926;54,1296;14,6572;-0,0000;21,2133;169,0074;386,109;-75,000;-0,000;50,000;1,3888;5,8663;-13,2202;-0,0000;7,3539;1,3888;-0,3466;1,0950;-1,6266;-0,0006;0,5322;-0,3460;8;0
5,4392;-10,9845;54,1636;14,5805;0,0000;21,2559;169,0155;386,399;-75,000;0,000;50,000;1,3868;5,8726;-13,2297;-0,0000;7,3570;1,3868;-0,3459;1,0965;-1,6303;0,0001;0,5338;-0,3460;8;0
5,4450;-10,9765;54,1977;14,5037;-0,0000;21,2986;169,0235;386,689;-75,000;0,000;50,000;1,3848;5,8790;-13,2391;-0,0000;7,3601;1,3848;-0,3452;1,0980;-1,6338;0,0013;0,5347;-0,3465;8;0
5,4508;-10,9685;54,2318;14,4269;-0,0000;21,3413;169,0315;386,979;-75,000;0,000;50,000;1,3828;5,8854;-13,2486;0,0000;7,3632;1,3828;-0,3444;1,0998;-1,6382;0,0000;0,5384;-0,3444;8;0
5,4566;-10,9605;54,2659;14,3501;0,0000;21,3840;169,0395;387,269;-75,000;0,000;50,000;1,3808;5,8918;-13,2581;0,0000;7,3664;1,3808;-0,3436;1,1015;-1,6423;-0,0008;0,5414;-0,3428;8;0
5,4623;-10,9524;54,3001;14,2732;0,0000;21,4267;169,0476;387,558;-75,000;0,000;50,000;1,3788;5,8982;-13,2677;-0,0000;7,3695;1,3788;-0,3429;1,1031;-1,6461;0,0000;0,5430;-0,3429;8;0
5,4681;-10,9445;54,3343;14,1962;-0,0000;21,4695;169,0555;387,848;-75,000;0,000;50,000;1,3768;5,9046;-13,2772;0,0000;7,3727;1,3768;-0,3422;1,1048;-1,6503;-0,0004;0,5461;-0,3418;8;0
5,4739;-10,9365;54,3686;14,1192;0,0000;21,5122;169,0635;388,138;-75,000;0,000;50,000;1,3749;5,9110;-13,2868;-0,0000;7,3758;1,3749;-0,3415;1,1064;-1,6541;-0,0000;0,5477;-0,3415;8;0
5,4797;-10,9285;54,4029;14,0421;-0,0000;21,5550;169,0715;388,428;-75,000;0,000;50,000;1,3729;5,9174;-13,2964;-0,0000;7,3790;1,3729;-0,3408;1,1079;-1,6577;0,0010;0,5486;-0,3419;8;0
5,4855;-10,9206;54,4372;13,9650;-0,0000;21,5978;169,0794;388,718;-75,000;0,000;50,000;1,3709;5,9238;-13,3060;0,0000;7,3822;1,3709;-0,3400;1,1098;-1,6622;0,0000;0,5524;-0,3400;8;0
5,4913;-10,9126;54,4716;13,8878;0,0000;21,6406;169,0874;389,008;-75,000;0,000;50,000;1,3689;5,9303;-13,3157;0,0000;7,3854;1,3689;-0,3393;1,1116;-1,6665;-0,0006;0,5555;-0,3386;8;0
5,4971;-10,9047;54,5060;13,8106;-0,0000;21,6834;169,0953;389,298;-75,000;-0,000;50,000;1,3670;5,9367;-13,3254;-0,0000;7,3887;1,3670;-0,3385;1,1133;-1,6705;-0,0005;0,5578;-0,3380;8;0
5,5029;-10,8968;54,5404;13,7333;0,0000;21,7263;169,1032;389,588;-75,000;0,000;50,000;1,3650;5,9432;-13,3351;-0,0000;7,3919;1,3650;-0,3379;1,1149;-1,6744;0,0001;0,5595;-0,3379;8;0
5,5087;-10,8889;54,5749;13,6559;-0,0000;21,7692;169,1111;389,878;-75,000;0,000;50,000;1,3631;5,9496;-13,3448;-0,0000;7,3951;1,3631;-0,3372;1,1165;-1,6781;0,0011;0,5605;-0,3384;8;0
5,5145;-10,8810;54,6094;13,5785;-0,0000;21,8121;169,1190;390,168;-75,000;0,000;50,000;1,3611;5,9561;-13,3545;0,0000;7,3984;1,3611;-0,3364;1,1184;-1,6827;0,0000;0,5643;-0,3364;8;0
5,5203;-10,8731;54,6440;13,5010;0,0000;21,8550;169,1269;390,458;-75,000;0,000;50,000;1,3592;5,9626;-13,3643;0,0000;7,4017;1,3592;-0,3357;1,1203;-1,6870;-0,0007;0,5673;-0,3350;8;0
5,5261;-10,8652;54,6786;13,4235;0,0000;21,8979;169,1348;390,748;-75,000;0,000;50,000;1,3572;5,9691;-13,3741;-0,0000;7,4050;1,3572;-0,3350;1,1220;-1,6912;0,0002;0,5696;-0,3352;8;0
5,5319;-10,8573;54,7132;13,3459;-0,0000;21,9409;169,1427;391,038;-75,000;0,000;50,000;1,3553;5,9756;-13,3839;0,0000;7,4083;1,3553;-0,3343;1,1237;-1,6952;0,0001;0,5715;-0,3344;8;0
5,5377;-10,8495;54,7479;13,2683;0,0000;21,9838;169,1505;391,328;-75,000;0,000;50,000;1,3533;5,9821;-13,3937;0,0000;7,4116;1,3533;-0,3335;1,1254;-1,6991;-0,0005;0,5728;-0,3331;8;0
5,5435;-10,8416;54,7826;13,1906;0,0000;22,0268;169,1584;391,618;-75,000;0,000;50,000;1,3514;5,9887;-13,4036;-0,0000;7,4149;1,3514;-0,3336;1,1273;-1,7037;0,0110;0,5765;-0,3445;8;0
5,5493;-10,8338;54,8173;13,1128;-0,0000;22,0698;169,1662;391,907;-75,000;0,000;50,000;1,3495;5,9952;-13,4135;0,0001;7,4183;1,3493;-0,3322;1,1292;-1,7080;0,0003;0,5793;-0,3325;8;0
5,5551;-10,8260;54,8521;13,0350;0,0000;22,1128;169,1740;392,197;-75,000;0,000;50,000;1,3476;6,0018;-13,4234;0,0000;7,4216;1,3476;-0,3299;1,1311;-1,7126;-0,0225;0,5827;-0,3075;8;0
5,5609;-10,8182;54,8869;12,9572;0,0000;22,1559;169,1818;392,487;-75,000;0,000;50,000;1,3456;6,0083;-13,4334;-0,0001;7,4250;1,3458;-0,3308;1,1328;-1,7164;-0,0000;0,5836;-0,3307;8;0
5,5667;-10,8104;54,9218;12,8792;-0,0000;22,1990;169,1896;392,777;-75,000;0,000;50,000;1,3437;6,0149;-13,4433;-0,0000;7,4284;1,3437;-0,3309;1,1342;-1,7197;0,0123;0,5827;-0,3433;8;0
5,5725;-10,8026;54,9567;12,8013;-0,0000;22,2420;169,1974;393,067;-75,000;0,000;50,000;1,3418;6,0215;-13,4533;0,0000;7,4318;1,3418;-0,3294;1,1365;-1,7250;0,0000;0,5886;-0,3294;8;0
5,5783;-10,7948;54,9916;12,7232;0,0000;22,2851;169,2052;393,357;-75,000;0,000;50,000;1,3399;6,0281;-13,4633;0,0000;7,4352;1,3399;-0,3286;1,1386;-1,7299;-0,0009;0,5928;-0,3277;8;0
5,5841;-10,7871;55,0266;12,6451;0,0000;22,3283;169,2129;393,647;-75,000;0,000;50,000;1,3380;6,0347;-13,4734;-0,0000;7,4387;1,3380;-0,3281;1,1403;-1,7339;0,0012;0,5939;-0,3293;8;0
5,5899;-10,7793;55,0616;12,5670;-0,0000;22,3714;169,2207;393,937;-75,000;0,000;50,000;1,3361;6,0413;-13,4834;0,0000;7,4421;1,3361;-0,3273;1,1421;-1,7381;0,0002;0,5960;-0,3275;8;0
5,5957;-10,7716;55,0967;12,4887;0,0000;22,4146;169,2284;394,227;-75,000;0,000;50,000;1,3342;6,0479;-13,4935;0,0000;7,4456;1,3342;-0,3264;1,1439;-1,7423;-0,0024;0,5978;-0,3238;8;0
5,6015;-10,7638;55,1318;12,4105;0,0000;22,4578;169,2362;394,517;-75,000;0,000;50,000;1,3323;6,0546;-13,5036;-0,0000;7,4491;1,3323;2,3874;0,6664;-0,6781;-0,0000;0,0117;2,3874;8;0
5,6073;-10,7561;55,1669;12,3321;-0,0000;22,5010;169,2439;394,807;-75,000;0,000;50,000;1,3619;6,0557;-13,5014;-0,0000;7,4457;1,3619;10,5118;-0,7695;2,5205;0,0014;-1,7507;10,5103;8;0
5,6131;-10,7480;55,2020;12,2539;-0,0000;22,5441;169,2520;395,097;-74,997;0,000;49,996;1,4542;6,0456;-13,4744;0,0000;7,4288;1,4542;13,1989;-1,2473;3,5815;-0,0023;-2,3335;13,2014;8;0
5,6189;-10,7392;55,2370;12,1759;0,0000;22,5871;169,2608;395,387;-74,990;0,000;50,000;1,5150;6,0412;-13,4599;-0,0000;7,4187;1,5150;5,0537;0,1903;0,3744;-0,0001;-0,5647;5,0538;8;0
5,6247;-10,7305;55,2721;12,0978;-0,0000;22,6301;169,2695;395,676;-74,982;0,000;50,000;1,5128;6,0479;-13,4701;-0,0000;7,4222;1,5128;13,4923;-1,8536;4,9199;0,0046;-3,0677;13,4872;8;0
5,6305;-10,7217;55,3071;12,0197;-0,0000;22,6732;169,2783;395,966;-74,974;0,000;50,000;1,6714;6,0197;-13,4028;0,0000;7,3831;1,6714;30,8549;-5,6199;13,2975;0,0000;-7,6775;30,8549;8;0
5,6363;-10,7111;55,3419;11,9424;-0,0000;22,7158;169,2889;396,255;-74,953;0,000;49,986;1,8707;5,9827;-13,3159;0,0000;7,3332;1,8707;20,4756;-3,3833;8,3085;-0,0035;-4,9236;20,4794;8;0
5,6421;-10,7000;55,3765;11,8652;0,0000;22,7582;169,3000;396,544;-74,928;0,000;50,000;1,9089;5,9805;-13,3064;-0,0000;7,3260;1,9089;11,4112;-1,9181;5,0359;-0,0000;-3,1178;11,4112;8;0
5,6479;-10,6889;55,4112;11,7880;-0,0000;22,8007;169,3111;396,833;-74,903;0,000;50,000;2,0030;5,9604;-13,2574;-0,0000;7,2970;2,0030;26,7813;-6,3691;14,9247;0,0033;-8,5573;26,7777;8;0
5,6537;-10,6768;55,4457;11,7115;-0,0000;22,8429;169,3232;397,121;-74,870;0,000;49,974;2,2195;5,9066;-13,1334;0,0000;7,2267;2,2195;28,9692;-6,9872;16,2860;0,0000;-9,2988;28,9692;8;0
5,6595;-10,6632;55,4797;11,6357;0,0000;22,8845;169,3368;397,408;-74,827;0,000;50,000;2,3390;5,8794;-13,0686;0,0000;7,1892;2,3390;15,1689;-3,5455;8,6198;-0,0032;-5,0735;15,1723;8;0
5,6653;-10,6496;55,5138;11,5599;0,0000;22,9262;169,3504;397,694;-74,783;0,000;50,000;2,3954;5,8655;-13,0334;-0,0000;7,1679;2,3954;24,9532;-7,6446;17,7105;-0,0000;-10,0659;24,9532;8;0
5,6711;-10,6354;55,5478;11,4846;-0,0000;22,9677;169,3646;397,980;-74,735;0,000;49,976;2,6284;5,7907;-12,8632;-0,0000;7,0724;2,6284;35,0116;-11,1243;25,4238;0,0014;-14,2996;35,0102;8;0
5,6769;-10,6192;55,5810;11,4107;-0,0000;23,0083;169,3808;398,263;-74,671;0,000;50,000;2,8014;5,7365;-12,7385;0,0000;7,0021;2,8014;19,2803;-6,1016;14,2489;0,0000;-8,1473;19,2803;8;0
5,6827;-10,6029;55,6143;11,3368;0,0000;23,0489;169,3971;398,546;-74,607;0,000;50,000;2,8520;5,7200;-12,6979;0,0000;6,9779;2,8520;25,6692;-10,0457;22,9795;-0,0003;-12,9337;25,6695;8;0
5,6885;-10,5861;55,6473;11,2635;0,0000;23,0892;169,4139;398,827;-74,538;0,000;49,974;3,0991;5,6200;-12,4720;-0,0000;6,8521;3,0991;37,9343;-15,2717;34,5571;0,0000;-19,2854;37,9343;8;0
5,6943;-10,5670;55,6795;11,1922;-0,0000;23,1283;169,4330;399,104;-74,452;0,000;50,000;3,2919;5,5429;-12,2972;0,0000;6,7543;3,2919;23,3634;-9,7841;22,3540;0,0001;-12,5700;23,3633;8;0
5,7001;-10,5479;55,7116;11,1209;0,0000;23,1675;169,4521;399,381;-74,366;0,000;50,000;3,3701;5,5065;-12,2128;0,0000;6,7063;3,3701;28,9308;-14,3025;32,3431;-0,0000;-18,0406;28,9308;8;0
5,7059;-10,5279;55,7433;11,0506;-0,0000;23,2061;169,4721;399,655;-74,273;0,000;49,960;3,6274;5,3770;-11,9221;0,0000;6,5451;3,6274;37,2572;-18,6518;41,9614;-0,0062;-23,3084;37,2640;8;0
5,7117;-10,5058;55,7740;10,9826;0,0000;23,2434;169,4942;399,924;-74,164;0,000;50,000;3,8022;5,2902;-11,7261;-0,0001;6,4360;3,8023;26,8123;-14,6345;33,0193;-0,0000;-18,3849;26,8123;8;0
5,7175;-10,4838;55,8047;10,9146;-0,0000;23,2808;169,5162;400,192;-74,054;0,000;50,000;3,9384;5,2073;-11,5391;-0,0000;6,3319;3,9384;34,2691;-21,1382;47,3936;0,0124;-26,2578;34,2557;8;0
5,7233;-10,4602;55,8344;10,8488;-0,0000;23,3169;169,5398;400,455;-73,932;0,000;49,947;4,1996;5,0450;-11,1765;0,0001;6,1315;4,1995;32,9041;-20,3019;45,5099;0,0001;-25,2079;32,9040;8;0
5,7291;-10,4351;55,8632;10,7850;-0,0000;23,3519;169,5649;400,712;-73,798;0,000;50,000;4,3200;4,9718;-11,0113;0,0000;6,0395;4,3200;28,8649;-20,3948;45,6686;-0,0062;-25,2725;28,8717;8;0
5,7349;-10,4101;55,8920;10,7211;0,0000;23,3869;169,5899;400,969;-73,664;0,000;50,000;4,5344;4,8085;-10,6469;0,0000;5,8384;4,5344;40,6473;-31,0153;69,1441;-0,0001;-38,1288;40,6474;8;0
5,7407;-10,3825;55,9189;10,6615;0,0000;23,4196;169,6175;401,214;-73,510;0,000;49,967;4,7914;4,6121;-10,2094;-0,0000;5,5973;4,7914;29,9825;-23,5962;52,6792;-0,0000;-29,0830;29,9825;8;0
5,7465;-10,3545;55,9455;10,6027;-0,0000;23,4518;169,6455;401,457;-73,352;0,000;50,000;4,8821;4,5349;-10,0359;-0,0000;5,5011;4,8821;28,8006;-26,4084;58,8493;0,0001;-32,4410;28,8005;8;0
5,7523;-10,3259;55,9715;10,5451;-0,0000;23,4834;169,6741;401,696;-73,188;0,000;49,956;5,1254;4,3059;-9,5270;0,0000;5,2211;5,1254;37,3863;-35,1769;78,2125;0,0000;-43,0356;37,3863;8;0
5,7581;-10,2951;55,9955;10,4922;0,0000;23,5124;169,7049;401,922;-73,006;0,000;50,000;5,3157;4,1269;-9,1289;-0,0000;5,0020;5,3157;28,2465;-29,2618;65,0763;-0,0000;-35,8145;28,2465;8;0
5,7639;-10,2643;56,0194;10,4392;-0,0000;23,5414;169,7357;402,147;-72,823;-0,000;50,000;5,4530;3,9665;-8,7722;-0,0000;4,8057;5,4530;30,8209;-35,9925;79,9114;-0,0101;-43,9164;30,8323;8;0
5,7697;-10,2318;56,0415;10,3904;0,0000;23,5681;169,7682;402,360;-72,627;0,000;49,936;5,6731;3,7095;-8,2021;-0,0001;4,4927;5,6732;26,7965;-31,6100;70,1832;-0,0003;-38,5733;26,7968;8;0
5,7755;-10,1985;56,0624;10,3441;-0,0000;23,5935;169,8015;402,565;-72,422;0,000;50,000;5,7637;3,5999;-7,9583;-0,0000;4,3584;5,7637;24,1109;-33,3526;73,9825;0,0202;-40,6348;24,0881;8;0
5,7813;-10,1650;56,0832;10,2982;-0,0000;23,6186;169,8350;402,768;-72,215;0,000;49,984;5,9527;3,3227;-7,3441;0,0001;4,0214;5,9526;31,5299;-46,2363;102,4198;0,0005;-56,1832;31,5294;8;0
5,7871;-10,1294;56,1010;10,2589;-0,0000;23,6401;169,8706;402,951;-71,990;0,000;50,000;6,1294;3,0637;-6,7705;0,0000;3,7068;6,1294;21,4273;-34,1056;75,5675;-0,0101;-41,4594;21,4387;8;0
5,7929;-10,0939;56,1187;10,2196;0,0000;23,6616;169,9061;403,133;-71,765;0,000;50,000;6,2012;2,9271;-6,4677;0,0000;3,5406;6,2012;19,4080;-36,5976;81,0285;-0,0004;-44,4311;19,4084;8;0
5,7987;-10,0575;56,1349;10,1839;0,0000;23,6812;169,9425;403,304;-71,531;0,000;49,934;6,3545;2,6393;-5,8308;-0,0000;3,1915;6,3545;19,8993;-37,4409;82,8637;-0,0000;-45,4228;19,8993;8;0
5,8045;-10,0202;56,1493;10,1520;-0,0000;23,6986;169,9798;403,462;-71,288;0,000;50,000;6,4320;2,4929;-5,5067;-0,0000;3,0138;6,4320;15,2391;-33,9475;75,1081;0,0003;-41,1606;15,2388;8;0
5,8103;-9,9829;56,1638;10,1201;-0,0000;23,7161;170,0171;403,621;-71,045;0,000;50,000;6,5312;2,2456;-4,9597;0,0000;2,7142;6,5312;18,5783;-46,2034;102,1476;0,0000;-55,9442;18,5783;8;0
5,8161;-9,9445;56,1754;10,0945;0,0000;23,7301;170,0555;403,758;-70,790;0,000;49,971;6,6475;1,9571;-4,3221;0,0000;2,3650;6,6475;12,4271;-32,1263;71,0337;-0,0003;-38,9074;12,4274;8;0
5,8219;-9,9058;56,1865;10,0699;-0,0000;23,7436;170,0942;403,891;-70,533;0,000;50,000;6,6753;1,8730;-4,1359;-0,0000;2,2629;6,6753;9,3743;-31,4025;69,4065;-0,0000;-38,0040;9,3743;8;0
5,8277;-9,8670;56,1971;10,0465;0,0000;23,7564;170,1330;404,021;-70,273;0,000;49,970;6,7562;1,5929;-3,5172;0,0000;1,9243;6,7562;12,7684;-44,1815;97,6056;0,0001;-53,4241;12,7683;8;0
5,8335;-9,8275;56,2050;10,0291;-0,0000;23,7659;170,1725;404,131;-70,005;-0,000;50,000;6,8234;1,3606;-3,0040;-0,0000;1,6434;6,8234;7,3291;-28,5220;63,0128;0,0000;-34,4908;7,3291;8;0
5,8393;-9,7879;56,2129;10,0117;0,0000;23,7754;170,2121;404,240;-69,736;0,000;50,000;6,8412;1,2621;-2,7864;0,0000;1,5243;6,8412;5,8500;-31,3377;69,2117;-0,0000;-37,8740;5,8500;8;0
5,8451;-9,7481;56,2196;9,9968;0,0000;23,7836;170,2519;404,340;-69,465;0,000;49,956;6,8913;0,9972;-2,2013;-0,0000;1,2041;6,8913;6,9585;-36,8090;81,2801;0,0026;-44,4730;6,9553;8;0
5,8509;-9,7080;56,2244;9,9862;-0,0000;23,7894;170,2920;404,426;-69,188;0,000;50,000;6,9219;0,8352;-1,8437;0,0000;1,0085;6,9218;3,5959;-23,9473;52,8772;-0,0001;-28,9300;3,5960;8;0
5,8567;-9,6678;56,2293;9,9754;0,0000;23,7953;170,3322;404,512;-68,911;0,000;50,000;6,9330;0,7194;-1,5881;-0,0000;0,8686;6,9330;3,0821;-31,1542;68,7773;-0,0051;-37,6193;3,0886;8;0
5,8625;-9,6276;56,2328;9,9677;-0,0000;23,7995;170,3724;404,588;-68,631;0,000;49,961;6,9576;0,4739;-1,0461;-0,0000;0,5722;6,9577;3,2205;-31,9619;70,5552;0,0002;-38,5932;3,2203;8;0
5,8683;-9,5872;56,2348;9,9633;-0,0000;23,8019;170,4128;404,651;-68,348;0,000;50,000;6,9703;0,3488;-0,7698;0,0000;0,4210;6,9703;1,2416;-19,1687;42,3126;0,0026;-23,1459;1,2384;8;0
5,8741;-9,5467;56,2368;9,9588;0,0000;23,8043;170,4533;404,715;-68,066;0,000;50,000;6,9720;0,2516;-0,5554;0,0000;0,3038;6,9720;0,5610;-27,6832;61,1034;-0,0004;-33,4203;0,5614;8;0
5,8799;-9,5063;56,2377;9,9569;0,0000;23,8054;170,4937;404,770;-67,781;0,000;49,968;6,9768;0,0277;-0,0612;-0,0000;0,0335;6,9768;0,6605;-29,8513;65,8879;0,0000;-36,0366;0,6605;8;0
5,8857;-9,4658;56,2372;9,9581;-0,0000;23,8047;170,5342;404,813;-67,494;0,000;50,000;6,9797;-0,0946;0,2087;0,0000;-0,1142;6,9797;0,0308;-14,7142;32,4773;0,0003;-17,7631;0,0305;8;0
5,8915;-9,4254;56,2366;9,9593;0,0000;23,8041;170,5746;404,857;-67,208;0,000;50,000;6,9772;-0,1429;0,3155;0,0000;-0,1726;6,9772;-1,0827;-21,5827;47,6386;-0,0000;-26,0559;-1,0827;8;0
5,8973;-9,3849;56,2355;9,9618;0,0000;23,8027;170,6151;404,896;-66,920;0,000;49,980;6,9671;-0,3449;0,7612;-0,0000;-0,4163;6,9671;-1,4757;-30,2648;66,8038;0,0010;-36,5400;-1,4769;8;0
5,9030;-9,3446;56,2326;9,9681;-0,0000;23,7993;170,6554;404,920;-66,632;0,000;50,000;6,9601;-0,4939;1,0902;0,0000;-0,5963;6,9600;-0,5444;-12,4630;27,5129;-0,0000;-15,0499;-0,5444;8;0
5,9088;-9,3042;56,2298;9,9744;0,0000;23,7958;170,6958;404,945;-66,343;0,000;50,000;6,9608;-0,4894;1,0803;-0,0000;-0,5909;6,9608;-1,5253;-13,5942;30,0137;-0,0022;-16,4174;-1,5228;8;0
5,9146;-9,2638;56,2269;9,9806;-0,0000;23,7924;170,7362;404,970;-66,054;0,000;50,000;6,9424;-0,6516;1,4383;-0,0000;-0,7867;6,9424;-3,3436;-29,5662;65,2736;0,0001;-35,7074;-3,3436;8;0
5,9204;-9,2237;56,2222;9,9911;-0,0000;23,7867;170,7763;404,979;-65,764;0,000;49,992;6,9220;-0,8323;1,8373;0,0000;-1,0050;6,9220;-1,8258;-16,7895;37,0740;0,0011;-20,2855;-1,8271;9;0
5,9262;-9,1836;56,2173;10,0019;0,0000;23,7808;170,8164;404,987;-65,474;0,000;50,000;6,9212;-0,8463;1,8683;0,0000;-1,0220;6,9212;-0,3898;-3,4832;7,7039;-0,0001;-4,2207;-0,3897;9;0
5,9320;-9,1434;56,2124;10,0128;0,0000;23,7748;170,8566;404,995;-65,184;0,000;50,000;6,9175;-0,8727;1,9266;-0,0000;-1,0539;6,9175;-1,3778;-9,2228;20,3771;0,0179;-11,1549;-1,3976;9;0
5,9378;-9,1033;56,2072;10,0243;-0,0000;23,7685;170,8967;405,000;-64,895;0,000;49,996;6,9052;-0,9533;2,1046;0,0002;-1,1513;6,9050;-1,6808;-11,2246;24,7990;-0,0001;-13,5748;-1,6807;9;0
5,9436;-9,0633;56,2013;10,0372;0,0000;23,7615;170,9367;405,000;-64,605;0,000;50,000;6,8980;-1,0029;2,2142;-0,0000;-1,2114;6,8980;-0,4862;-3,8841;8,5946;-0,0357;-4,7095;-0,4465;9;0
5,9494;-9,0233;56,1955;10,0500;-0,0000;23,7545;170,9767;405,000;-64,315;0,000;50,000;6,8996;-0,9983;2,2043;-0,0002;-1,2060;6,8998;0,2639;0,7872;-1,7182;-0,0005;0,9318;0,2644;9;0
5,9552;-8,9833;56,1898;10,0627;0,0000;23,7475;171,0167;405,000;-64,025;0,000;50,000;6,9011;-0,9937;2,1943;-0,0000;-1,2006;6,9011;0,2615;0,7869;-1,7178;0,0178;0,9304;0,2417;9;0
5,9610;-8,9433;56,1840;10,0754;-0,0000;23,7406;171,0567;405,000;-63,735;0,000;50,000;6,9026;-0,9892;2,1843;-0,0000;-1,1952;6,9026;0,2616;0,7869;-1,7181;0,0024;0,9316;0,2591;9;0
5,9668;-8,9033;56,1783;10,0881;-0,0000;23,7336;171,0967;405,000;-63,445;0,000;50,000;6,9041;-0,9846;2,1744;0,0000;-1,1898;6,9041;0,2607;0,7867;-1,7179;0,0000;0,9312;0,2606;9;0
5,9726;-8,8632;56,1726;10,1006;0,0000;23,7268;171,1368;405,000;-63,155;0,000;50,000;6,9056;-0,9801;2,1644;0,0000;-1,1844;6,9056;0,2598;0,7863;-1,7173;-0,0029;0,9296;0,2628;9;0
5,9784;-8,8232;56,1669;10,1132;0,0000;23,7199;171,1768;405,000;-62,865;0,000;50,000;6,9071;-0,9755;2,1545;-0,0000;-1,1790;6,9071;0,2585;0,7864;-1,7177;-0,0000;0,9314;0,2585;9;0
5,9842;-8,7831;56,1613;10,1256;0,0000;23,7131;171,2169;405,000;-62,575;0,000;50,000;6,9086;-0,9709;2,1445;-0,0000;-1,1736;6,9086;0,2573;0,7863;-1,7179;0,0010;0,9323;0,2562;9;0
5,9900;-8,7431;56,1557;10,1380;-0,0000;23,7063;171,2569;405,000;-62,285;-0,000;50,000;6,9101;-0,9664;2,1345;0,0000;-1,1682;6,9101;0,2567;0,7860;-1,7175;-0,0051;0,9311;0,2622;9;0
5,9958;-8,7030;56,1501;10,1504;0,0000;23,6995;171,2970;405,000;-61,995;0,000;50,000;6,9116;-0,9618;2,1246;-0,0001;-1,1628;6,9117;0,2553;0,7859;-1,7175;0,0000;0,9316;0,2552;9;0
6,0016;-8,6629;56,1445;10,1627;-0,0000;23,6928;171,3371;405,000;-61,705;0,000;50,000;6,9131;-0,9573;2,1146;0,0000;-1,1574;6,9131;0,2534;0,7859;-1,7176;0,0102;0,9324;0,2425;9;0
6,0074;-8,6228;56,1390;10,1749;0,0000;23,6861;171,3772;405,000;-61,415;0,000;50,000;6,9145;-0,9527;2,1047;0,0001;-1,1520;6,9145;0,2531;0,7856;-1,7174;-0,0000;0,9318;0,2531;9;0
6,0132;-8,5827;56,1335;10,1871;0,0000;23,6795;171,4173;405,000;-61,125;0,000;50,000;6,9160;-0,9481;2,0947;-0,0000;-1,1466;6,9160;0,2524;0,7854;-1,7172;-0,0051;0,9314;0,2578;9;0
6,0190;-8,5426;56,1280;10,1992;-0,0000;23,6728;171,4574;405,000;-60,836;0,000;50,000;6,9175;-0,9436;2,0847;-0,0000;-1,1412;6,9175;0,2509;0,7853;-1,7172;0,0001;0,9319;0,2508;9;0
6,0248;-8,5025;56,1225;10,2113;-0,0000;23,6662;171,4975;405,000;-60,546;0,000;50,000;6,9189;-0,9390;2,0748;0,0000;-1,1357;6,9189;0,2498;0,7852;-1,7171;0,0000;0,9320;0,2498;9;0
6,0306;-8,4624;56,1171;10,2233;0,0000;23,6597;171,5376;405,000;-60,256;0,000;50,000;6,9204;-0,9345;2,0648;0,0000;-1,1303;6,9204;0,2487;0,7850;-1,7171;-0,0001;0,9320;0,2488;9;0
6,0364;-8,4222;56,1117;10,2352;0,0000;23,6531;171,5778;405,000;-59,966;0,000;50,000;6,9218;-0,9299;2,0549;-0,0000;-1,1249;6,9218;0,2476;0,7849;-1,7170;-0,0000;0,9321;0,2476;9;0
6,0422;-8,3821;56,1063;10,2471;-0,0000;23,6466;171,6179;405,000;-59,676;0,000;50,000;6,9232;-0,9254;2,0449;-0,0000;-1,1195;6,9232;0,2465;0,7847;-1,7169;0,0001;0,9322;0,2465;9;0
6,0480;-8,3419;56,1010;10,2589;-0,0000;23,6401;171,6581;405,000;-59,386;0,000;50,000;6,9247;-0,9208;2,0350;0,0000;-1,1141;6,9247;0,2454;0,7846;-1,7169;0,0000;0,9323;0,2454;9;0
6,0538;-8,3018;56,0956;10,2707;0,0000;23,6337;171,6982;405,000;-59,096;0,000;50,000;6,9261;-0,9163;2,0250;0,0000;-1,1087;6,9261;0,2443;0,7845;-1,7168;-0,0001;0,9323;0,2444;9;0
6,0596;-8,2616;56,0903;10,2824;0,0000;23,6273;171,7384;405,000;-58,806;0,000;50,000;6,9275;-0,9117;2,0151;-0,0000;-1,1033;6,9275;0,2432;0,7843;-1,7167;0,0000;0,9324;0,2432;9;0
6,0654;-8,2214;56,0851;10,2941;0,0000;23,6209;171,7786;405,000;-58,516;0,000;50,000;6,9289;-0,9072;2,0051;0,0000;-1,0979;6,9289;0,2425;0,7842;-1,7166;-0,0051;0,9322;0,2482;9;0
6,0712;-8,1813;56,0798;10,3057;0,0000;23,6145;171,8187;405,000;-58,226;0,000;50,000;6,9303;-0,9026;1,9951;-0,0001;-1,0925;6,9304;0,2410;0,7840;-1,7166;0,0000;0,9325;0,2410;9;0
6,0770;-8,1411;56,0746;10,3172;-0,0000;23,6082;171,8589;405,000;-57,936;0,000;50,000;6,9317;-0,8981;1,9852;0,0000;-1,0871;6,9317;0,2392;0,7840;-1,7167;0,0102;0,9332;0,2277;9;0
6,0828;-8,1009;56,0694;10,3287;0,0000;23,6019;171,8991;405,000;-57,646;0,000;50,000;6,9331;-0,8936;1,9752;0,0001;-1,0817;6,9330;0,2388;0,7838;-1,7165;-0,0000;0,9328;0,2389;9;0
6,0886;-8,0607;56,0642;10,3401;0,0000;23,5957;171,9393;405,000;-57,356;0,000;50,000;6,9345;-0,8890;1,9653;-0,0000;-1,0763;6,9345;0,2371;0,7836;-1,7162;0,0092;0,9321;0,2285;9;0
6,0944;-8,0204;56,0591;10,3515;-0,0000;23,5894;171,9796;405,000;-57,066;0,000;50,000;6,9358;-0,8845;1,9553;0,0002;-1,0709;6,9357;0,2366;0,7835;-1,7163;-0,0000;0,9326;0,2366;9;0
6,1002;-7,9802;56,0540;10,3628;0,0000;23,5833;172,0198;405,000;-56,776;0,000;50,000;6,9372;-0,8799;1,9454;-0,0000;-1,0655;6,9372;0,2375;0,7835;-1,7165;-0,0285;0,9337;0,2662;9;0
6,1060;-7,9400;56,0489;10,3740;-0,0000;23,5771;172,0600;405,000;-56,487;0,000;50,000;6,9386;-0,8754;1,9354;-0,0002;-1,0600;6,9388;0,2344;0,7833;-1,7163;-0,0001;0,9334;0,2345;9;0
6,1118;-7,8997;56,0438;10,3852;0,0000;23,5710;172,1003;405,000;-56,197;0,000;50,000;6,9399;-0,8708;1,9255;-0,0000;-1,0546;6,9399;0,2323;0,7831;-1,7161;0,0143;0,9327;0,2179;9;0
6,1176;-7,8595;56,0388;10,3964;-0,0000;23,5649;172,1405;405,000;-55,907;0,000;50,000;6,9413;-0,8663;1,9155;-0,0000;-1,0492;6,9413;0,2321;0,7830;-1,7161;0,0006;0,9330;0,2315;9;0
6,1234;-7,8192;56,0338;10,4074;-0,0000;23,5588;172,1808;405,000;-55,617;0,000;50,000;6,9426;-0,8618;1,9056;0,0000;-1,0438;6,9426;0,2310;0,7828;-1,7161;0,0000;0,9332;0,2310;9;0
6,1292;-7,7790;56,0288;10,4185;0,0000;23,5528;172,2210;405,000;-55,327;0,000;50,000;6,9440;-0,8572;1,8956;0,0000;-1,0384;6,9440;0,2300;0,7827;-1,7160;-0,0012;0,9332;0,2312;9;0
6,1350;-7,7387;56,0238;10,4294;0,0000;23,5467;172,2613;405,000;-55,037;0,000;50,000;6,9453;-0,8527;1,8857;-0,0000;-1,0330;6,9453;0,2288;0,7826;-1,7159;-0,0000;0,9334;0,2288;9;0
6,1408;-7,6984;56,0189;10,4403;-0,0000;23,5408;172,3016;405,000;-54,747;0,000;50,000;6,9466;-0,8481;1,8757;-0,0000;-1,0276;6,9466;0,2276;0,7824;-1,7159;0,0012;0,9333;0,2264;9;0
6,1466;-7,6582;56,0140;10,4512;-0,0000;23,5348;172,3418;405,000;-54,457;0,000;50,000;6,9479;-0,8436;1,8658;0,0000;-1,0222;6,9479;0,2266;0,7823;-1,7158;0,0000;0,9335;0,2266;9;0
6,1524;-7,6179;56,0091;10,4620;-0,0000;23,5289;172,3821;405,000;-54,167;0,000;50,000;6,9492;-0,8391;1,8558;0,0000;-1,0168;6,9492;0,2259;0,7822;-1,7157;-0,0057;0,9334;0,2318;9;0
6,1582;-7,5776;56,0043;10,4727;0,0000;23,5230;172,4224;405,000;-53,877;0,000;50,000;6,9506;-0,8345;1,8459;-0,0001;-1,0113;6,9506;0,2243;0,7821;-1,7157;0,0000;0,9336;0,2243;9;0
6,1640;-7,5373;55,9994;10,4834;-0,0000;23,5172;172,4627;405,000;-53,587;0,000;50,000;6,9518;-0,8300;1,8359;0,0000;-1,0059;6,9518;0,2225;0,7820;-1,7158;0,0104;0,9343;0,2116;9;0
6,1698;-7,4969;55,9946;10,4940;0,0000;23,5114;172,5031;405,000;-53,297;0,000;50,000;6,9531;-0,8255;1,8260;0,0001;-1,0005;6,9531;0,2221;0,7818;-1,7156;-0,0000;0,9338;0,2221;9;0
6,1756;-7,4566;55,9899;10,5046;0,0000;23,5056;172,5434;405,000;-53,007;0,000;50,000;6,9544;-0,8209;1,8160;-0,0000;-0,9951;6,9544;0,2203;0,7816;-1,7153;0,0089;0,9331;0,2114;9;0
6,1814;-7,4163;55,9851;10,5151;-0,0000;23,4998;172,5837;405,000;-52,717;0,000;50,000;6,9557;-0,8164;1,8061;0,0002;-0,9897;6,9555;0,2198;0,7816;-1,7155;-0,0000;0,9337;0,2199;9;0
6,1872;-7,3759;55,9804;10,5255;0,0000;23,4941;172,6240;405,000;-52,427;0,000;50,000;6,9570;-0,8119;1,7961;-0,0000;-0,9843;6,9570;0,2207;0,7816;-1,7157;-0,0281;0,9349;0,2495;9;0
6,1930;-7,3356;55,9757;10,5359;-0,0000;23,4884;172,6644;405,000;-52,138;0,000;50,000;6,9582;-0,8073;1,7862;-0,0002;-0,9788;6,9584;0,2176;0,7814;-1,7154;-0,0001;0,9345;0,2177;9;0
6,1988;-7,2953;55,9710;10,5462;0,0000;23,4828;172,7047;405,000;-51,848;0,000;50,000;6,9595;-0,8028;1,7762;-0,0000;-0,9734;6,9595;0,2155;0,7812;-1,7152;0,0141;0,9337;0,2011;9;0
6,2046;-7,2549;55,9664;10,5565;-0,0000;23,4771;172,7451;405,000;-51,558;0,000;50,000;6,9607;-0,7983;1,7663;-0,0000;-0,9680;6,9607;0,2153;0,7811;-1,7153;0,0007;0,9341;0,2146;9;0
6,2104;-7,2145;55,9618;10,5667;-0,0000;23,4715;172,7855;405,000;-51,268;0,000;50,000;6,9620;-0,7937;1,7563;0,0000;-0,9626;6,9620;0,2142;0,7810;-1,7153;0,0000;0,9343;0,2142;9;0
6,2162;-7,1742;55,9572;10,5769;0,0000;23,4660;172,8258;405,000;-50,978;0,000;50,000;6,9632;-0,7892;1,7464;0,0000;-0,9572;6,9632;0,2131;0,7808;-1,7152;-0,0014;0,9343;0,2147;9;0
6,2220;-7,1338;55,9526;10,5870;0,0000;23,4604;172,8662;405,000;-50,688;0,000;50,000;6,9645;-0,7847;1,7365;-0,0000;-0,9518;6,9645;0,2119;0,7807;-1,7152;-0,0000;0,9344;0,2119;9;0
6,2278;-7,0934;55,9481;10,5970;-0,0000;23,4549;172,9066;405,000;-50,398;0,000;50,000;6,9657;-0,7802;1,7265;-0,0000;-0,9463;6,9657;0,2105;0,7807;-1,7153;0,0035;0,9351;0,2069;9;0
6,2336;-7,0530;55,9436;10,6070;-0,0000;23,4495;172,9470;405,000;-50,108;0,000;50,000;6,9669;-0,7756;1,7166;0,0000;-0,9409;6,9669;0,2096;0,7805;-1,7151;0,0000;0,9346;0,2096;9;0
6,2394;-7,0126;55,9391;10,6169;0,0000;23,4440;172,9874;405,000;-49,818;0,000;50,000;6,9681;-0,7711;1,7066;0,0000;-0,9355;6,9681;0,2088;0,7802;-1,7146;-0,0044;0,9333;0,2133;9;0
6,2452;-6,9722;55,9346;10,6268;0,0000;23,4386;173,0278;405,000;-49,528;0,000;50,000;6,9693;-0,7666;1,6967;-0,0000;-0,9301;6,9693;0,2073;0,7803;-1,7150;-0,0001;0,9347;0,2074;9;0
6,2510;-6,9318;55,9302;10,6366;0,0000;23,4332;173,0682;405,000;-49,238;0,000;50,000;6,9705;-0,7621;1,6867;-0,0000;-0,9247;6,9705;0,2061;0,7803;-1,7151;0,0019;0,9355;0,2041;9;0
6,2568;-6,8913;55,9258;10,6463;-0,0000;23,4279;173,1087;405,000;-48,948;0,000;50,000;6,9717;-0,7575;1,6768;-0,0000;-0,9192;6,9717;0,2051;0,7800;-1,7149;0,0001;0,9348;0,2050;9;0
6,2626;-6,8509;55,9214;10,6560;-0,0000;23,4226;173,1491;405,000;-48,658;0,000;50,000;6,9729;-0,7530;1,6668;0,0000;-0,9138;6,9729;0,2039;0,7799;-1,7148;0,0000;0,9349;0,2039;9;0
6,2684;-6,8105;55,9171;10,6657;0,0000;23,4173;173,1895;405,000;-48,368;0,000;50,000;6,9741;-0,7485;1,6569;0,0000;-0,9084;6,9741;0,2028;0,7798;-1,7148;-0,0001;0,9350;0,2028;9;0
6,2742;-6,7700;55,9127;10,6752;0,0000;23,4120;173,2300;405,000;-48,078;0,000;50,000;6,9753;-0,7440;1,6470;-0,0000;-0,9030;6,9753;0,2016;0,7797;-1,7147;-0,0000;0,9350;0,2016;9;0
6,2800;-6,7296;55,9084;10,6848;0,0000;23,4068;173,2704;405,000;-47,789;0,000;50,000;6,9764;-0,7395;1,6370;-0,0000;-0,8976;6,9764;0,2004;0,7795;-1,7144;0,0009;0,9340;0,1997;9;0
6,2858;-6,6891;55,9042;10,6942;-0,0000;23,4016;173,3109;405,000;-47,499;0,000;50,000;6,9776;-0,7349;1,6271;0,0000;-0,8921;6,9776;0,1993;0,7795;-1,7147;-0,0000;0,9352;0,1993;9;0
6,2916;-6,6487;55,8999;10,7036;0,0000;23,3965;173,3513;405,000;-47,209;0,000;50,000;6,9787;-0,7304;1,6171;-0,0000;-0,8867;6,9787;0,1975;0,7798;-1,7155;0,0100;0,9384;0,1869;9;0
6,2974;-6,6082;55,8957;10,7130;-0,0000;23,3913;173,3918;405,000;-46,919;0,000;50,000;6,9799;-0,7259;1,6072;0,0001;-0,8813;6,9797;0,1970;0,7793;-1,7146;0,0002;0,9352;0,1968;9;0
6,3032;-6,5677;55,8915;10,7223;0,0000;23,3862;173,4323;405,000;-46,629;0,000;50,000;6,9810;-0,7214;1,5972;0,0000;-0,8759;6,9810;0,1975;0,7788;-1,7136;-0,0228;0,9323;0,2207;9;0
6,3090;-6,5272;55,8873;10,7315;0,0000;23,3812;173,4728;405,000;-46,339;0,000;50,000;6,9822;-0,7169;1,5873;-0,0001;-0,8705;6,9823;0,1947;0,7791;-1,7145;-0,0003;0,9357;0,1950;9;0
6,3148;-6,4867;55,8832;10,7407;0,0000;23,3762;173,5133;405,000;-46,049;0,000;50,000;6,9833;-0,7123;1,5774;-0,0000;-0,8650;6,9833;0,1927;0,7791;-1,7147;0,0118;0,9365;0,1807;9;0
6,3206;-6,4462;55,8791;10,7498;-0,0000;23,3712;173,5538;405,000;-45,759;-0,000;50,000;6,9844;-0,7078;1,5674;0,0000;-0,8596;6,9844;0,1924;0,7788;-1,7144;0,0002;0,9354;0,1922;9;0
6,3264;-6,4057;55,8750;10,7589;0,0000;23,3662;173,5943;405,000;-45,469;0,000;50,000;6,9855;-0,7033;1,5575;0,0000;-0,8542;6,9855;0,1916;0,7787;-1,7143;-0,0056;0,9354;0,1980;9;0
6,3322;-6,3652;55,8709;10,7679;0,0000;23,3612;173,6348;405,000;-45,179;0,000;50,000;6,9866;-0,6988;1,5475;-0,0001;-0,8487;6,9867;0,1901;0,7786;-1,7143;0,0000;0,9357;0,1901;9;0
6,3379;-6,3247;55,8669;10,7768;-0,0000;23,3563;173,6753;405,000;-44,889;0,000;50,000;6,9877;-0,6943;1,5376;0,0000;-0,8433;6,9877;0,1881;0,7786;-1,7145;0,0113;0,9363;0,1754;9;0
6,3437;-6,2842;55,8628;10,7857;0,0000;23,3515;173,7158;405,000;-44,599;0,000;50,000;6,9888;-0,6898;1,5277;0,0001;-0,8379;6,9887;0,1878;0,7784;-1,7143;-0,0000;0,9359;0,1878;9;0
6,3495;-6,2437;55,8589;10,7945;0,0000;23,3466;173,7563;405,000;-44,309;0,000;50,000;6,9899;-0,6852;1,5177;-0,0000;-0,8325;6,9899;0,1860;0,7782;-1,7140;0,0082;0,9351;0,1785;9;0
6,3553;-6,2031;55,8549;10,8033;-0,0000;23,3418;173,7969;405,000;-44,019;0,000;50,000;6,9910;-0,6807;1,5078;0,0002;-0,8270;6,9908;0,1854;0,7782;-1,7142;-0,0000;0,9357;0,1855;9;0
6,3611;-6,1626;55,8510;10,8120;0,0000;23,3370;173,8374;405,000;-43,729;0,000;50,000;6,9920;-0,6762;1,4978;-0,0000;-0,8216;6,9920;0,1862;0,7783;-1,7145;-0,0276;0,9371;0,2140;9;0
6,3669;-6,1220;55,8471;10,8207;-0,0000;23,3323;173,8780;405,000;-43,440;0,000;50,000;6,9931;-0,6717;1,4879;-0,0002;-0,8162;6,9933;0,1831;0,7781;-1,7141;-0,0001;0,9365;0,1832;9;0
6,3727;-6,0815;55,8432;10,8293;0,0000;23,3276;173,9185;405,000;-43,150;0,000;50,000;6,9942;-0,6672;1,4780;-0,0000;-0,8108;6,9942;0,1810;0,7779;-1,7139;0,0138;0,9356;0,1671;9;0
6,3785;-6,0409;55,8393;10,8378;-0,0000;23,3229;173,9591;405,000;-42,860;0,000;50,000;6,9952;-0,6627;1,4680;-0,0000;-0,8053;6,9952;0,1807;0,7778;-1,7140;0,0007;0,9361;0,1800;9;0
6,3843;-6,0003;55,8355;10,8463;-0,0000;23,3182;173,9997;405,000;-42,570;0,000;50,000;6,9963;-0,6582;1,4581;0,0000;-0,7999;6,9962;0,1796;0,7777;-1,7140;0,0000;0,9363;0,1796;9;0
6,3901;-5,9598;55,8317;10,8547;0,0000;23,3136;174,0402;405,000;-42,280;0,000;50,000;6,9973;-0,6537;1,4481;0,0000;-0,7945;6,9973;0,1785;0,7776;-1,7140;-0,0018;0,9363;0,1804;9;0
6,3959;-5,9192;55,8279;10,8631;0,0000;23,3090;174,0808;405,000;-41,990;0,000;50,000;6,9983;-0,6492;1,4382;-0,0000;-0,7890;6,9983;0,1772;0,7775;-1,7139;-0,0000;0,9364;0,1773;9;0
6,4017;-5,8786;55,8242;10,8714;-0,0000;23,3045;174,1214;405,000;-41,700;0,000;50,000;6,9993;-0,6447;1,4283;-0,0000;-0,7836;6,9993;0,1757;0,7776;-1,7142;0,0053;0,9375;0,1702;9;0
6,4075;-5,8380;55,8204;10,8796;-0,0000;23,2999;174,1620;405,000;-41,410;0,000;50,000;7,0004;-0,6401;1,4183;0,0000;-0,7782;7,0003;0,1749;0,7774;-1,7139;0,0001;0,9365;0,1748;9;0
6,4133;-5,7974;55,8167;10,8878;0,0000;23,2954;174,2026;405,000;-41,120;0,000;50,000;7,0014;-0,6356;1,4084;0,0000;-0,7727;7,0014;0,1742;0,7769;-1,7131;-0,0073;0,9342;0,1818;9;0
6,4191;-5,7568;55,8131;10,8960;0,0000;23,2910;174,2432;405,000;-40,830;0,000;50,000;7,0024;-0,6311;1,3985;-0,0000;-0,7673;7,0024;0,1726;0,7772;-1,7138;-0,0002;0,9367;0,1727;9;0
6,4249;-5,7162;55,8094;10,9041;0,0000;23,2865;174,2838;405,000;-40,540;0,000;50,000;7,0034;-0,6266;1,3885;-0,0000;-0,7619;7,0034;0,1712;0,7772;-1,7142;0,0032;0,9380;0,1678;9;0
6,4307;-5,6756;55,8058;10,9121;-0,0000;23,2821;174,3244;405,000;-40,250;0,000;50,000;7,0044;-0,6221;1,3786;-0,0000;-0,7565;7,0044;0,1702;0,7770;-1,7137;0,0002;0,9367;0,1700;9;0
6,4365;-5,6350;55,8022;10,9200;-0,0000;23,2778;174,3650;405,000;-39,960;0,000;50,000;7,0054;-0,6176;1,3686;0,0000;-0,7510;7,0054;0,1690;0,7769;-1,7137;0,0000;0,9368;0,1690;9;0
6,4423;-5,5944;55,7986;10,9280;0,0000;23,2734;174,4056;405,000;-39,670;0,000;50,000;7,0063;-0,6131;1,3587;0,0000;-0,7456;7,0063;0,1679;0,7768;-1,7137;-0,0002;0,9369;0,1680;9;0
6,4481;-5,5537;55,7951;10,9358;0,0000;23,2691;174,4463;405,000;-39,380;0,000;50,000;7,0073;-0,6086;1,3488;-0,0000;-0,7402;7,0073;0,1667;0,7767;-1,7136;0,0000;0,9369;0,1667;9;0
6,4539;-5,5131;55,7916;10,9436;0,0000;23,2648;174,4869;405,000;-39,091;0,000;50,000;7,0083;-0,6041;1,3388;0,0000;-0,7347;7,0083;0,1658;0,7764;-1,7132;-0,0052;0,9356;0,1713;9;0
6,4597;-5,4725;55,7881;10,9513;0,0000;23,2606;174,5275;405,000;-38,801;0,000;50,000;7,0092;-0,5996;1,3289;-0,0001;-0,7293;7,0093;0,1643;0,7765;-1,7136;0,0001;0,9370;0,1642;9;0
6,4655;-5,4318;55,7846;10,9590;-0,0000;23,2564;174,5682;405,000;-38,511;0,000;50,000;7,0102;-0,5951;1,3189;0,0000;-0,7239;7,0102;0,1624;0,7768;-1,7144;0,0106;0,9398;0,1513;9;0
6,4713;-5,3912;55,7812;10,9666;0,0000;23,2522;174,6088;405,000;-38,221;0,000;50,000;7,0111;-0,5906;1,3090;0,0001;-0,7184;7,0110;0,1619;0,7764;-1,7135;-0,0002;0,9372;0,1622;9;0
6,4771;-5,3505;55,7778;10,9742;0,0000;23,2480;174,6495;405,000;-37,931;0,000;50,000;7,0120;-0,5861;1,2991;-0,0000;-0,7130;7,0120;0,1611;0,7761;-1,7131;-0,0053;0,9359;0,1667;9;0
6,4829;-5,3098;55,7744;10,9817;-0,0000;23,2439;174,6902;405,000;-37,641;0,000;50,000;7,0130;-0,5816;1,2891;-0,0000;-0,7076;7,0130;0,1595;0,7762;-1,7135;0,0002;0,9372;0,1593;9;0
6,4887;-5,2692;55,7710;10,9891;-0,0000;23,2398;174,7308;405,000;-37,351;0,000;50,000;7,0139;-0,5771;1,2792;0,0000;-0,7021;7,0139;0,1584;0,7761;-1,7134;0,0000;0,9373;0,1584;9;0
6,4945;-5,2285;55,7677;10,9965;0,0000;23,2358;174,7715;405,000;-37,061;0,000;50,000;7,0148;-0,5726;1,2693;0,0000;-0,6967;7,0148;0,1572;0,7760;-1,7134;-0,0003;0,9374;0,1575;9;0
6,5003;-5,1878;55,7644;11,0039;0,0000;23,2318;174,8122;405,000;-36,771;0,000;50,000;7,0157;-0,5681;1,2593;-0,0000;-0,6912;7,0157;0,1560;0,7759;-1,7134;-0,0000;0,9375;0,1560;9;0
6,5061;-5,1471;55,7611;11,0111;-0,0000;23,2278;174,8529;405,000;-36,481;0,000;50,000;7,0166;-0,5636;1,2494;-0,0000;-0,6858;7,0166;0,1548;0,7759;-1,7134;0,0003;0,9375;0,1544;9;0
6,5119;-5,1064;55,7578;11,0183;-0,0000;23,2238;174,8936;405,000;-36,191;0,000;50,000;7,0175;-0,5591;1,2395;0,0000;-0,6804;7,0175;0,1536;0,7758;-1,7133;0,0000;0,9376;0,1536;9;0
6,5177;-5,0657;55,7546;11,0255;0,0000;23,2199;174,9343;405,000;-35,901;0,000;50,000;7,0184;-0,5546;1,2295;0,0000;-0,6749;7,0184;0,1524;0,7757;-1,7133;-0,0004;0,9376;0,1529;9;0
6,5235;-5,0250;55,7514;11,0326;0,0000;23,2160;174,9750;405,000;-35,611;0,000;50,000;7,0193;-0,5501;1,2196;-0,0000;-0,6695;7,0193;0,1512;0,7756;-1,7133;-0,0000;0,9377;0,1512;9;0
6,5293;-4,9843;55,7482;11,0397;-0,0000;23,2121;175,0157;405,000;-35,321;0,000;50,000;7,0202;-0,5456;1,2097;-0,0000;-0,6641;7,0202;0,1500;0,7755;-1,7133;0,0005;0,9377;0,1495;9;0
6,5351;-4,9436;55,7451;11,0466;-0,0000;23,2083;175,0564;405,000;-35,031;0,000;50,000;7,0210;-0,5411;1,1997;0,0000;-0,6586;7,0210;0,1488;0,7755;-1,7132;0,0000;0,9378;0,1488;9;0
6,5409;-4,9029;55,7420;11,0536;0,0000;23,2045;175,0971;405,000;-34,742;0,000;50,000;7,0219;-0,5366;1,1898;0,0000;-0,6532;7,0219;0,1477;0,7754;-1,7132;-0,0007;0,9378;0,1485;9;0
6,5467;-4,8622;55,7389;11,0604;0,0000;23,2007;175,1378;405,000;-34,452;0,000;50,000;7,0227;-0,5321;1,1799;-0,0000;-0,6477;7,0227;0,1464;0,7753;-1,7132;-0,0000;0,9379;0,1464;9;0
6,5525;-4,8215;55,7358;11,0672;-0,0000;23,1970;175,1785;405,000;-34,162;0,000;50,000;7,0236;-0,5276;1,1699;-0,0000;-0,6423;7,0236;0,1452;0,7752;-1,7132;0,0012;0,9380;0,1439;9;0
6,5583;-4,7807;55,7327;11,0740;-0,0000;23,1933;175,2193;405,000;-33,872;0,000;50,000;7,0244;-0,5231;1,1600;0,0000;-0,6369;7,0244;0,1440;0,7751;-1,7131;0,0000;0,9380;0,1440;9;0
6,5641;-4,7400;55,7297;11,0807;0,0000;23,1896;175,2600;405,000;-33,582;0,000;50,000;7,0253;-0,5186;1,1501;0,0000;-0,6314;7,0253;0,1430;0,7751;-1,7132;-0,0028;0,9382;0,1459;9;0
6,5699;-4,6993;55,7267;11,0873;0,0000;23,1859;175,3007;405,000;-33,292;0,000;50,000;7,0261;-0,5141;1,1401;-0,0000;-0,6260;7,0261;0,1416;0,7750;-1,7131;-0,0000;0,9381;0,1417;9;0
6,5757;-4,6585;55,7238;11,0939;-0,0000;23,1823;175,3415;405,000;-33,002;0,000;50,000;7,0269;-0,5096;1,1302;-0,0000;-0,6205;7,0269;0,1394;0,7754;-1,7141;0,0150;0,9415;0,1241;9;0
6,5815;-4,6178;55,7208;11,1004;-0,0000;23,1787;175,3822;405,000;-32,712;0,000;50,000;7,0277;-0,5051;1,1202;0,0002;-0,6151;7,0275;0,1392;0,7748;-1,7130;0,0006;0,9381;0,1386;9;0
6,5873;-4,5770;55,7179;11,1069;0,0000;23,1752;175,4230;405,000;-32,422;0,000;50,000;7,0285;-0,5007;1,1103;0,0000;-0,6097;7,0285;0,1397;0,7738;-1,7108;-0,0244;0,9306;0,1647;9;0
6,5931;-4,5363;55,7150;11,1133;0,0000;23,1717;175,4637;405,000;-32,132;0,000;50,000;7,0293;-0,4962;1,1004;-0,0001;-0,6043;7,0294;0,1368;0,7748;-1,7132;-0,0003;0,9391;0,1371;9;0
6,5989;-4,4955;55,7122;11,1197;-0,0000;23,1682;175,5045;405,000;-31,842;0,000;50,000;7,0301;-0,4917;1,0905;0,0000;-0,5988;7,0301;0,1348;0,7752;-1,7142;0,0115;0,9424;0,1232;9;0
6,6047;-4,4547;55,7093;11,1260;0,0000;23,1647;175,5453;405,000;-31,552;0,000;50,000;7,0309;-0,4872;1,0805;0,0000;-0,5933;7,0309;0,1351;0,7745;-1,7130;-0,0093;0,9384;0,1445;9;0
6,6105;-4,4140;55,7065;11,1322;0,0000;23,1613;175,5860;405,000;-31,262;0,000;50,000;7,0317;-0,4827;1,0706;-0,0001;-0,5879;7,0318;0,1332;0,7745;-1,7129;-0,0001;0,9384;0,1334;9;0
6,6163;-4,3732;55,7037;11,1384;-0,0000;23,1579;175,6268;405,000;-30,972;0,000;50,000;7,0324;-0,4782;1,0607;-0,0000;-0,5825;7,0324;0,1308;0,7742;-1,7124;0,0171;0,9367;0,1134;9;0
6,6221;-4,3324;55,7010;11,1445;-0,0000;23,1545;175,6676;405,000;-30,682;0,000;50,000;7,0332;-0,4737;1,0507;0,0001;-0,5770;7,0331;0,1308;0,7744;-1,7129;0,0002;0,9387;0,1306;9;0
6,6279;-4,2916;55,6982;11,1506;0,0000;23,1512;175,7084;405,000;-30,392;0,000;50,000;7,0339;-0,4692;1,0408;0,0000;-0,5716;7,0339;0,1302;0,7744;-1,7132;-0,0081;0,9398;0,1385;9;0
6,6337;-4,2508;55,6955;11,1566;-0,0000;23,1479;175,7492;405,000;-30,103;0,000;50,000;7,0347;-0,4647;1,0309;-0,0000;-0,5661;7,0347;0,1284;0,7742;-1,7128;-0,0000;0,9385;0,1285;9;0
6,6395;-4,2100;55,6928;11,1625;-0,0000;23,1446;175,7900;405,000;-29,813;0,000;50,000;7,0354;-0,4602;1,0209;0,0000;-0,5607;7,0354;0,1276;0,7741;-1,7128;-0,0063;0,9385;0,1344;9;0
6,6453;-4,1692;55,6902;11,1684;0,0000;23,1414;175,8308;405,000;-29,523;0,000;50,000;7,0362;-0,4557;1,0110;-0,0001;-0,5553;7,0362;0,1260;0,7741;-1,7128;-0,0000;0,9387;0,1260;9;0
6,6511;-4,1284;55,6875;11,1743;-0,0000;23,1382;175,8716;405,000;-29,233;0,000;50,000;7,0369;-0,4513;1,0011;0,0000;-0,5498;7,0369;0,1239;0,7741;-1,7129;0,0127;0,9391;0,1103;9;0
6,6569;-4,0876;55,6849;11,1800;0,0000;23,1350;175,9124;405,000;-28,943;0,000;50,000;7,0376;-0,4468;0,9911;0,0001;-0,5444;7,0375;0,1236;0,7740;-1,7128;-0,0000;0,9389;0,1236;9;0
6,6627;-4,0468;55,6824;11,1857;0,0000;23,1319;175,9532;405,000;-28,653;0,000;50,000;7,0383;-0,4423;0,9812;-0,0000;-0,5389;7,0383;0,1228;0,7739;-1,7127;-0,0063;0,9387;0,1296;9;0
6,6685;-4,0060;55,6798;11,1914;-0,0000;23,1288;175,9940;405,000;-28,363;0,000;50,000;7,0390;-0,4378;0,9713;-0,0000;-0,5335;7,0390;0,1211;0,7738;-1,7127;0,0000;0,9389;0,1211;9;0
6,6743;-3,9652;55,6773;11,1970;-0,0000;23,1257;176,0348;405,000;-28,073;0,000;50,000;7,0397;-0,4333;0,9613;0,0000;-0,5280;7,0397;0,1210;0,7736;-1,7123;-0,0151;0,9376;0,1371;9;0
6,6801;-3,9244;55,6748;11,2026;0,0000;23,1227;176,0756;405,000;-27,783;0,000;50,000;7,0404;-0,4288;0,9514;-0,0002;-0,5226;7,0406;0,1187;0,7737;-1,7127;-0,0000;0,9390;0,1187;9;0
6,6859;-3,8835;55,6723;11,2080;-0,0000;23,1196;176,1165;405,000;-27,493;0,000;50,000;7,0411;-0,4243;0,9415;-0,0000;-0,5171;7,0411;0,1154;0,7740;-1,7135;0,0302;0,9418;0,0831;9;0
6,6917;-3,8427;55,6699;11,2135;-0,0000;23,1167;176,1573;405,000;-27,203;-0,000;50,000;7,0418;-0,4198;0,9315;0,0002;-0,5117;7,0416;0,1163;0,7736;-1,7127;0,0000;0,9391;0,1162;9;0
6,6975;-3,8019;55,6674;11,2188;0,0000;23,1137;176,1981;405,000;-26,913;0,000;50,000;7,0425;-0,4154;0,9216;-0,0000;-0,5062;7,0425;0,1161;0,7733;-1,7122;-0,0151;0,9377;0,1322;9;0
6,7033;-3,7610;55,6650;11,2242;-0,0000;23,1108;176,2390;405,000;-26,623;-0,000;50,000;7,0431;-0,4109;0,9117;0,0000;-0,5008;7,0431;0,1143;0,7734;-1,7126;-0,0069;0,9389;0,1216;9;0
6,7091;-3,7202;55,6627;11,2294;0,0000;23,1079;176,2798;405,000;-26,333;0,000;50,000;7,0438;-0,4064;0,9017;-0,0001;-0,4954;7,0439;0,1126;0,7734;-1,7126;0,0000;0,9392;0,1126;9;0
6,7149;-3,6793;55,6603;11,2346;-0,0000;23,1050;176,3207;405,000;-26,043;0,000;50,000;7,0444;-0,4019;0,8918;0,0000;-0,4899;7,0444;0,1104;0,7734;-1,7128;0,0137;0,9398;0,0959;9;0
6,7207;-3,6385;55,6580;11,2398;0,0000;23,1022;176,3615;405,000;-25,754;0,000;50,000;7,0451;-0,3974;0,8819;0,0001;-0,4845;7,0450;0,1102;0,7733;-1,7126;-0,0000;0,9394;0,1102;9;0
6,7265;-3,5976;55,6557;11,2448;0,0000;23,0994;176,4024;405,000;-25,464;0,000;50,000;7,0457;-0,3929;0,8720;-0,0000;-0,4790;7,0457;0,1088;0,7731;-1,7123;0,0015;0,9383;0,1059;9;0
6,7323;-3,5568;55,6535;11,2499;-0,0000;23,0967;176,4432;405,000;-25,174;0,000;50,000;7,0463;-0,3885;0,8620;0,0001;-0,4736;7,0462;0,1077;0,7731;-1,7125;-0,0001;0,9393;0,1078;9;0
6,7381;-3,5159;55,6512;11,2548;0,0000;23,0939;176,4841;405,000;-24,884;0,000;50,000;7,0469;-0,3840;0,8521;-0,0000;-0,4681;7,0470;0,1077;0,7733;-1,7130;-0,0168;0,9410;0,1281;9;0
6,7439;-3,4750;55,6490;11,2598;-0,0000;23,0912;176,5250;405,000;-24,594;0,000;50,000;7,0476;-0,3795;0,8422;-0,0001;-0,4627;7,0477;0,1053;0,7731;-1,7126;0,0001;0,9397;0,1052;9;0
6,7497;-3,4342;55,6468;11,2646;0,0000;23,0886;176,5658;405,000;-24,304;0,000;50,000;7,0482;-0,3750;0,8322;0,0000;-0,4572;7,0482;0,1035;0,7729;-1,7123;0,0084;0,9387;0,0933;9;0
6,7555;-3,3933;55,6447;11,2694;-0,0000;23,0859;176,6067;405,000;-24,014;0,000;50,000;7,0488;-0,3705;0,8223;-0,0000;-0,4518;7,0488;0,1028;0,7729;-1,7125;0,0001;0,9394;0,1027;9;0
6,7613;-3,3524;55,6425;11,2741;-0,0000;23,0833;176,6476;405,000;-23,724;0,000;50,000;7,0494;-0,3660;0,8124;0,0000;-0,4463;7,0494;0,1016;0,7729;-1,7125;0,0000;0,9396;0,1016;9;0
6,7671;-3,3116;55,6404;11,2788;0,0000;23,0808;176,6884;405,000;-23,434;0,000;50,000;7,0499;-0,3616;0,8024;0,0000;-0,4409;7,0499;0,1004;0,7728;-1,7125;-0,0003;0,9396;0,1008;9;0
6,7729;-3,2707;55,6383;11,2835;0,0000;23,0782;176,7293;405,000;-23,144;0,000;50,000;7,0505;-0,3571;0,7925;-0,0000;-0,4354;7,0505;0,0992;0,7728;-1,7125;-0,0000;0,9397;0,0992;9;0
6,7786;-3,2298;55,6363;11,2880;-0,0000;23,0757;176,7702;405,000;-22,854;0,000;50,000;7,0511;-0,3526;0,7826;-0,0000;-0,4300;7,0511;0,0979;0,7727;-1,7124;0,0005;0,9397;0,0974;9;0
6,7844;-3,1889;55,6342;11,2925;-0,0000;23,0732;176,8111;405,000;-22,564;0,000;50,000;7,0517;-0,3481;0,7727;0,0000;-0,4245;7,0517;0,0967;0,7727;-1,7124;0,0000;0,9397;0,0967;9;0
6,7902;-3,1480;55,6322;11,2970;0,0000;23,0708;176,8520;405,000;-22,274;0,000;50,000;7,0522;-0,3436;0,7627;0,0000;-0,4191;7,0522;0,0955;0,7726;-1,7124;-0,0007;0,9398;0,0963;9;0
6,7960;-3,1071;55,6303;11,3014;0,0000;23,0684;176,8929;405,000;-21,984;0,000;50,000;7,0528;-0,3392;0,7528;-0,0000;-0,4136;7,0528;0,0943;0,7726;-1,7124;-0,0000;0,9398;0,0943;9;0
6,8018;-3,0662;55,6283;11,3057;-0,0000;23,0660;176,9338;405,000;-21,694;0,000;50,000;7,0533;-0,3347;0,7429;-0,0000;-0,4082;7,0533;0,0930;0,7725;-1,7124;0,0007;0,9398;0,0923;9;0
6,8076;-3,0253;55,6264;11,3100;-0,0000;23,0636;176,9747;405,000;-21,405;0,000;50,000;7,0538;-0,3302;0,7329;0,0000;-0,4027;7,0538;0,0918;0,7725;-1,7124;0,0000;0,9399;0,0918;9;0
6,8134;-2,9844;55,6245;11,3142;-0,0000;23,0613;177,0156;405,000;-21,115;-0,000;50,000;7,0544;-0,3257;0,7230;0,0000;-0,3973;7,0544;0,0910;0,7724;-1,7123;-0,0069;0,9398;0,0990;9;0
6,8192;-2,9435;55,6226;11,3184;0,0000;23,0590;177,0565;405,000;-20,825;0,000;50,000;7,0549;-0,3212;0,7131;-0,0001;-0,3918;7,0550;0,0893;0,7724;-1,7124;-0,0000;0,9399;0,0893;9;0
6,8250;-2,9026;55,6207;11,3225;-0,0000;23,0568;177,0974;405,000;-20,535;0,000;50,000;7,0554;-0,3168;0,7031;0,0000;-0,3864;7,0554;0,0872;0,7724;-1,7124;0,0134;0,9403;0,0718;9;0
6,8308;-2,8617;55,6189;11,3265;0,0000;23,0545;177,1383;405,000;-20,245;0,000;50,000;7,0559;-0,3123;0,6932;0,0001;-0,3809;7,0558;0,0869;0,7723;-1,7123;-0,0000;0,9401;0,0869;9;0
6,8366;-2,8208;55,6171;11,3305;0,0000;23,0524;177,1792;405,000;-19,955;0,000;50,000;7,0564;-0,3078;0,6833;-0,0000;-0,3755;7,0564;0,0858;0,7722;-1,7121;-0,0027;0,9393;0,0901;9;0
6,8424;-2,7798;55,6154;11,3345;-0,0000;23,0502;177,2202;405,000;-19,665;0,000;50,000;7,0569;-0,3033;0,6734;0,0000;-0,3700;7,0569;0,0844;0,7722;-1,7123;-0,0000;0,9400;0,0844;9;0
6,8482;-2,7389;55,6136;11,3383;0,0000;23,0481;177,2611;405,000;-19,375;0,000;50,000;7,0574;-0,2989;0,6634;-0,0000;-0,3646;7,0574;0,0837;0,7723;-1,7127;-0,0079;0,9413;0,0905;9;0
6,8540;-2,6980;55,6119;11,3422;-0,0000;23,0460;177,3020;405,000;-19,085;0,000;50,000;7,0579;-0,2944;0,6535;-0,0000;-0,3591;7,0579;0,0819;0,7721;-1,7123;0,0001;0,9402;0,0819;9;0
6,8598;-2,6571;55,6102;11,3459;-0,0000;23,0439;177,3429;405,000;-18,795;0,000;50,000;7,0584;-0,2899;0,6436;0,0000;-0,3537;7,0583;0,0804;0,7720;-1,7121;0,0040;0,9396;0,0770;9;0
6,8656;-2,6161;55,6085;11,3496;0,0000;23,0419;177,3839;405,000;-18,505;0,000;50,000;7,0588;-0,2854;0,6336;0,0000;-0,3482;7,0588;0,0795;0,7720;-1,7123;-0,0001;0,9402;0,0796;9;0
6,8714;-2,5752;55,6069;11,3533;0,0000;23,0399;177,4248;405,000;-18,215;0,000;50,000;7,0593;-0,2809;0,6237;-0,0000;-0,3428;7,0593;0,0782;0,7720;-1,7123;-0,0000;0,9402;0,0782;9;0
6,8772;-2,5343;55,6053;11,3568;-0,0000;23,0379;177,4657;405,000;-17,925;0,000;50,000;7,0597;-0,2765;0,6138;-0,0000;-0,3373;7,0597;0,0770;0,7720;-1,7123;0,0001;0,9403;0,0769;9;0
6,8830;-2,4933;55,6037;11,3604;-0,0000;23,0359;177,5067;405,000;-17,635;0,000;50,000;7,0602;-0,2720;0,6039;0,0000;-0,3319;7,0602;0,0758;0,7719;-1,7122;0,0000;0,9403;0,0758;9;0
6,8888;-2,4524;55,6021;11,3639;0,0000;23,0340;177,5476;405,000;-17,345;0,000;50,000;7,0606;-0,2675;0,5939;0,0000;-0,3264;7,0606;0,0745;0,7719;-1,7122;-0,0001;0,9403;0,0747;9;0
6,8946;-2,4114;55,6006;11,3673;0,0000;23,0322;177,5886;405,000;-17,056;0,000;50,000;7,0610;-0,2630;0,5840;-0,0000;-0,3210;7,0610;0,0733;0,7719;-1,7122;-0,0000;0,9404;0,0733;9;0
6,9004;-2,3705;55,5991;11,3706;-0,0000;23,0303;177,6295;405,000;-16,766;0,000;50,000;7,0615;-0,2586;0,5741;-0,0000;-0,3155;7,0615;0,0720;0,7718;-1,7122;0,0002;0,9404;0,0719;9;0
6,9062;-2,3295;55,5976;11,3739;-0,0000;23,0285;177,6705;405,000;-16,476;0,000;50,000;7,0619;-0,2541;0,5641;0,0000;-0,3101;7,0619;0,0708;0,7718;-1,7122;0,0000;0,9404;0,0708;9;0
6,9120;-2,2886;55,5961;11,3772;0,0000;23,0267;177,7114;405,000;-16,186;0,000;50,000;7,0623;-0,2496;0,5542;0,0000;-0,3046;7,0623;0,0696;0,7717;-1,7122;-0,0002;0,9404;0,0698;9;0
6,9178;-2,2476;55,5947;11,3804;0,0000;23,0250;177,7524;405,000;-15,896;0,000;50,000;7,0627;-0,2451;0,5443;-0,0000;-0,2991;7,0627;0,0683;0,7717;-1,7122;-0,0000;0,9405;0,0683;9;0
6,9236;-2,2067;55,5933;11,3835;-0,0000;23,0232;177,7933;405,000;-15,606;0,000;50,000;7,0631;-0,2407;0,5344;-0,0000;-0,2937;7,0631;0,0671;0,7717;-1,7122;0,0002;0,9405;0,0669;9;0
6,9294;-2,1657;55,5919;11,3865;-0,0000;23,0216;177,8343;405,000;-15,316;0,000;50,000;7,0635;-0,2362;0,5244;0,0000;-0,2882;7,0634;0,0659;0,7716;-1,7122;0,0000;0,9405;0,0659;9;0
6,9352;-2,1248;55,5905;11,3896;-0,0000;23,0199;177,8752;405,000;-15,026;0,000;50,000;7,0638;-0,2317;0,5145;0,0000;-0,2828;7,0638;0,0651;0,7714;-1,7117;-0,0069;0,9391;0,0727;9;0
6,9410;-2,0838;55,5892;11,3925;0,0000;23,0183;177,9162;405,000;-14,736;0,000;50,000;7,0642;-0,2272;0,5046;-0,0001;-0,2773;7,0643;0,0634;0,7716;-1,7121;0,0001;0,9405;0,0633;9;0
6,9468;-2,0428;55,5879;11,3954;-0,0000;23,0167;177,9572;405,000;-14,446;0,000;50,000;7,0646;-0,2228;0,4946;0,0000;-0,2719;7,0646;0,0612;0,7719;-1,7130;0,0136;0,9436;0,0461;9;0
6,9526;-2,0019;55,5866;11,3983;0,0000;23,0151;177,9981;405,000;-14,156;0,000;50,000;7,0649;-0,2183;0,4847;0,0001;-0,2664;7,0648;0,0609;0,7715;-1,7122;-0,0003;0,9408;0,0612;9;0
6,9584;-1,9609;55,5854;11,4010;0,0000;23,0136;178,0391;405,000;-13,866;0,000;50,000;7,0653;-0,2138;0,4748;-0,0000;-0,2610;7,0653;0,0601;0,7713;-1,7117;-0,0068;0,9391;0,0677;9;0
6,9642;-1,9199;55,5841;11,4038;-0,0000;23,0121;178,0801;405,000;-13,576;0,000;50,000;7,0656;-0,2093;0,4649;-0,0000;-0,2555;7,0656;0,0584;0,7714;-1,7121;0,0002;0,9406;0,0582;9;0
6,9700;-1,8790;55,5829;11,4064;-0,0000;23,0106;178,1210;405,000;-13,286;0,000;50,000;7,0659;-0,2049;0,4549;0,0000;-0,2501;7,0659;0,0572;0,7714;-1,7121;0,0000;0,9407;0,0572;9;0
6,9758;-1,8380;55,5818;11,4090;0,0000;23,0092;178,1620;405,000;-12,996;0,000;50,000;7,0663;-0,2004;0,4450;0,0000;-0,2446;7,0663;0,0559;0,7714;-1,7121;-0,0001;0,9407;0,0561;9;0
6,9816;-1,7970;55,5806;11,4116;0,0000;23,0078;178,2030;405,000;-12,707;0,000;50,000;7,0666;-0,1959;0,4351;-0,0000;-0,2392;7,0666;0,0547;0,7714;-1,7121;-0,0000;0,9407;0,0547;9;0
6,9874;-1,7560;55,5795;11,4141;-0,0000;23,0064;178,2440;405,000;-12,417;0,000;50,000;7,0669;-0,1915;0,4251;-0,0000;-0,2337;7,0669;0,0534;0,7713;-1,7121;0,0002;0,9408;0,0533;9;0
6,9932;-1,7151;55,5784;11,4165;-0,0000;23,0051;178,2849;405,000;-12,127;0,000;50,000;7,0672;-0,1870;0,4152;0,0000;-0,2282;7,0672;0,0522;0,7713;-1,7121;0,0000;0,9408;0,0522;9;0
6,9990;-1,6741;55,5773;11,4189;0,0000;23,0038;178,3259;405,000;-11,837;0,000;50,000;7,0675;-0,1825;0,4053;0,0000;-0,2228;7,0675;0,0510;0,7713;-1,7121;-0,0002;0,9408;0,0512;9;0
7,0048;-1,6331;55,5763;11,4212;0,0000;23,0025;178,3669;405,000;-11,547;0,000;50,000;7,0678;-0,1780;0,3954;-0,0000;-0,2173;7,0678;0,0497;0,7713;-1,7121;-0,0000;0,9408;0,0497;9;0
7,0106;-1,5921;55,5753;11,4235;-0,0000;23,0013;178,4079;405,000;-11,257;0,000;50,000;7,0681;-0,1736;0,3854;-0,0000;-0,2119;7,0681;0,0485;0,7712;-1,7121;0,0002;0,9408;0,0482;9;0
7,0164;-1,5511;55,5743;11,4257;-0,0000;23,0000;178,4489;405,000;-10,967;0,000;50,000;7,0684;-0,1691;0,3755;0,0000;-0,2064;7,0684;0,0472;0,7712;-1,7121;0,0000;0,9409;0,0472;9;0
7,0222;-1,5101;55,5733;11,4278;0,0000;22,9989;178,4899;405,000;-10,677;0,000;50,000;7,0686;-0,1646;0,3656;0,0000;-0,2010;7,0686;0,0460;0,7712;-1,7121;-0,0003;0,9409;0,0464;9;0
7,0280;-1,4691;55,5724;11,4299;0,0000;22,9977;178,5309;405,000;-10,387;0,000;50,000;7,0689;-0,1601;0,3557;-0,0000;-0,1955;7,0689;0,0447;0,7712;-1,7121;-0,0000;0,9409;0,0447;9;0
7,0338;-1,4282;55,5714;11,4320;-0,0000;22,9966;178,5718;405,000;-10,097;0,000;50,000;7,0692;-0,1557;0,3457;-0,0000;-0,1901;7,0692;0,0435;0,7711;-1,7121;0,0004;0,9409;0,0430;9;0
7,0396;-1,3872;55,5706;11,4339;-0,0000;22,9955;178,6128;405,000;-9,807;0,000;50,000;7,0694;-0,1512;0,3358;0,0000;-0,1846;7,0694;0,0422;0,7711;-1,7120;0,0000;0,9409;0,0422;9;0
7,0454;-1,3462;55,5697;11,4359;0,0000;22,9945;178,6538;405,000;-9,517;0,000;50,000;7,0696;-0,1467;0,3259;0,0000;-0,1791;7,0696;0,0410;0,7711;-1,7120;-0,0007;0,9410;0,0418;9;0
7,0512;-1,3052;55,5689;11,4377;0,0000;22,9934;178,6948;405,000;-9,227;0,000;50,000;7,0699;-0,1423;0,3159;-0,0000;-0,1737;7,0699;0,0398;0,7711;-1,7120;-0,0000;0,9410;0,0398;9;0
7,0570;-1,2642;55,5680;11,4395;-0,0000;22,9924;178,7358;405,000;-8,937;0,000;50,000;7,0701;-0,1378;0,3060;-0,0000;-0,1682;7,0701;0,0385;0,7710;-1,7120;0,0007;0,9409;0,0377;9;0
7,0628;-1,2232;55,5673;11,4413;-0,0000;22,9915;178,7768;405,000;-8,647;0,000;50,000;7,0703;-0,1333;0,2961;0,0000;-0,1628;7,0703;0,0373;0,7710;-1,7120;0,0000;0,9410;0,0373;9;0
7,0686;-1,1822;55,5665;11,4430;-0,0000;22,9906;178,8178;405,000;-8,358;0,000;50,000;7,0705;-0,1288;0,2862;0,0000;-0,1573;7,0705;0,0365;0,7710;-1,7120;-0,0075;0,9410;0,0444;9;0
7,0744;-1,1412;55,5658;11,4446;0,0000;22,9897;178,8588;405,000;-8,068;0,000;50,000;7,0708;-0,1244;0,2762;-0,0001;-0,1519;7,0708;0,0348;0,7710;-1,7120;-0,0000;0,9410;0,0348;9;0
7,0802;-1,1002;55,5650;11,4462;-0,0000;22,9888;178,8998;405,000;-7,778;0,000;50,000;7,0709;-0,1199;0,2663;-0,0000;-0,1464;7,0709;0,0325;0,7710;-1,7120;0,0144;0,9411;0,0173;9;0
7,0860;-1,0592;55,5644;11,4477;-0,0000;22,9880;178,9408;405,000;-7,488;0,000;50,000;7,0711;-0,1154;0,2564;0,0001;-0,1409;7,0710;0,0323;0,7710;-1,7120;0,0000;0,9412;0,0323;9;0
7,0918;-1,0182;55,5637;11,4491;0,0000;22,9872;178,9818;405,000;-7,198;0,000;50,000;7,0713;-0,1110;0,2464;0,0000;-0,1355;7,0713;0,0320;0,7709;-1,7120;-0,0145;0,9410;0,0475;9;0
7,0976;-0,9772;55,5631;11,4505;0,0000;22,9864;179,0228;405,000;-6,908;0,000;50,000;7,0715;-0,1065;0,2365;-0,0001;-0,1300;7,0716;0,0298;0,7709;-1,7120;-0,0000;0,9410;0,0298;9;0
7,1034;-0,9362;55,5625;11,4519;-0,0000;22,9857;179,0638;405,000;-6,618;0,000;50,000;7,0717;-0,1020;0,2266;-0,0000;-0,1246;7,0717;0,0275;0,7709;-1,7120;0,0146;0,9412;0,0118;9;0
7,1092;-0,8952;55,5619;11,4532;-0,0000;22,9849;179,1048;405,000;-6,328;0,000;50,000;7,0718;-0,0976;0,2167;0,0001;-0,1191;7,0717;0,0273;0,7709;-1,7120;0,0000;0,9412;0,0273;9;0
7,1150;-0,8541;55,5613;11,4544;0,0000;22,9843;179,1459;405,000;-6,038;0,000;50,000;7,0720;-0,0931;0,2067;0,0000;-0,1137;7,0720;0,0268;0,7708;-1,7119;-0,0106;0,9407;0,0392;9;0
7,1208;-0,8131;55,5608;11,4556;0,0000;22,9836;179,1869;405,000;-5,748;0,000;50,000;7,0721;-0,0886;0,1968;-0,0000;-0,1082;7,0722;0,0248;0,7709;-1,7120;0,0000;0,9410;0,0248;9;0
7,1266;-0,7721;55,5603;11,4567;-0,0000;22,9830;179,2279;405,000;-5,458;0,000;50,000;7,0723;-0,0841;0,1869;0,0000;-0,1027;7,0723;0,0231;0,7710;-1,7122;0,0066;0,9419;0,0139;9;0
7,1324;-0,7311;55,5598;11,4577;0,0000;22,9824;179,2689;405,000;-5,168;0,000;50,000;7,0724;-0,0797;0,1770;0,0000;-0,0973;7,0723;0,0223;0,7709;-1,7120;-0,0000;0,9412;0,0223;9;0
7,1382;-0,6901;55,5594;11,4587;0,0000;22,9819;179,3099;405,000;-4,878;0,000;50,000;7,0725;-0,0752;0,1670;-0,0000;-0,0918;7,0725;0,0213;0,7708;-1,7119;-0,0033;0,9407;0,0259;9;0
7,1440;-0,6491;55,5590;11,4597;-0,0000;22,9814;179,3509;405,000;-4,588;0,000;50,000;7,0726;-0,0707;0,1571;-0,0000;-0,0864;7,0726;0,0198;0,7708;-1,7120;0,0001;0,9411;0,0197;9;0
7,1498;-0,6081;55,5586;11,4605;-0,0000;22,9809;179,3919;405,000;-4,298;0,000;50,000;7,0728;-0,0663;0,1472;0,0000;-0,0809;7,0728;0,0185;0,7708;-1,7120;0,0000;0,9412;0,0185;9;0
7,1556;-0,5671;55,5582;11,4614;0,0000;22,9804;179,4329;405,000;-4,009;0,000;50,000;7,0729;-0,0618;0,1372;0,0000;-0,0755;7,0729;0,0173;0,7708;-1,7120;-0,0000;0,9412;0,0173;9;0
7,1614;-0,5261;55,5579;11,4621;0,0000;22,9800;179,4739;405,000;-3,719;0,000;50,000;7,0730;-0,0573;0,1273;-0,0000;-0,0700;7,0730;0,0160;0,7708;-1,7120;-0,0000;0,9412;0,0160;9;0
7,1672;-0,4850;55,5575;11,4628;0,0000;22,9796;179,5150;405,000;-3,429;0,000;50,000;7,0730;-0,0529;0,1174;-0,0000;-0,0645;7,0730;0,0148;0,7708;-1,7120;0,0000;0,9412;0,0148;9;0
7,1730;-0,4440;55,5572;11,4635;0,0000;22,9793;179,5560;405,000;-3,139;0,000;50,000;7,0731;-0,0484;0,1075;-0,0000;-0,0591;7,0731;0,0135;0,7708;-1,7120;0,0000;0,9412;0,0135;9;0
7,1788;-0,4030;55,5570;11,4641;-0,0000;22,9789;179,5970;405,000;-2,849;0,000;50,000;7,0732;-0,0439;0,0975;-0,0000;-0,0536;7,0732;0,0123;0,7708;-1,7120;0,0000;0,9412;0,0123;9;0
7,1846;-0,3620;55,5567;11,4646;-0,0000;22,9786;179,6380;405,000;-2,559;0,000;50,000;7,0733;-0,0394;0,0876;0,0000;-0,0482;7,0733;0,0110;0,7708;-1,7120;0,0000;0,9412;0,0110;9;0
7,1904;-0,3210;55,5565;11,4651;0,0000;22,9784;179,6790;405,000;-2,269;0,000;50,000;7,0733;-0,0350;0,0777;0,0000;-0,0427;7,0733;0,0103;0,7708;-1,7120;-0,0075;0,9412;0,0188;9;0
7,1962;-0,2800;55,5563;11,4655;0,0000;22,9781;179,7200;405,000;-1,979;0,000;50,000;7,0734;-0,0305;0,0678;-0,0001;-0,0373;7,0735;0,0085;0,7708;-1,7120;-0,0000;0,9411;0,0086;9;0
7,2020;-0,2390;55,5562;11,4659;-0,0000;22,9779;179,7610;405,000;-1,689;0,000;50,000;7,0734;-0,0260;0,0578;-0,0000;-0,0318;7,0734;0,0062;0,7708;-1,7120;0,0150;0,9412;-0,0106;9;0
7,2078;-0,1979;55,5560;11,4662;-0,0000;22,9778;179,8021;405,000;-1,399;0,000;50,000;7,0735;-0,0216;0,0479;0,0001;-0,0263;7,0734;0,0060;0,7708;-1,7120;0,0000;0,9413;0,0060;9;0
7,2135;-0,1569;55,5559;11,4664;0,0000;22,9776;179,8431;405,000;-1,109;0,000;50,000;7,0735;-0,0171;0,0380;0,0000;-0,0209;7,0735;0,0057;0,7706;-1,7117;-0,0127;0,9404;0,0207;9;0
7,2193;-0,1159;55,5558;11,4666;0,0000;22,9775;179,8841;405,000;-0,819;0,000;50,000;7,0735;-0,0126;0,0281;-0,0001;-0,0154;7,0736;0,0035;0,7707;-1,7120;0,0000;0,9411;0,0035;9;0
7,2251;-0,0749;55,5558;11,4668;-0,0000;22,9775;179,9251;405,000;-0,529;0,000;50,000;7,0735;-0,0082;0,0181;0,0000;-0,0100;7,0735;0,0016;0,7710;-1,7124;0,0104;0,9428;-0,0117;9;0
7,2309;-0,0339;55,5557;11,4668;0,0000;22,9774;179,9661;405,000;-0,239;0,000;50,000;7,0735;-0,0037;0,0082;0,0001;-0,0045;7,0735;0,0010;0,7708;-1,7120;-0,0001;0,9413;0,0012;9;0
7,2367;0,0071;55,5557;11,4669;0,0000;22,9774;180,0071;405,000;0,051;0,000;50,000;7,0736;0,0008;-0,0017;-0,0000;0,0010;7,0736;0,0001;0,7706;-1,7117;-0,0052;0,9404;0,0068;9;0
7,2425;0,0482;55,5557;11,4668;-0,0000;22,9774;180,0482;405,000;0,340;0,000;50,000;7,0735;0,0052;-0,0117;-0,0000;0,0064;7,0735;-0,0015;0,7707;-1,7120;0,0001;0,9412;-0,0016;9;0
7,2483;0,0892;55,5558;11,4667;-0,0000;22,9775;180,0892;405,000;0,630;0,000;50,000;7,0735;0,0097;-0,0216;0,0000;0,0119;7,0735;-0,0027;0,7708;-1,7120;0,0000;0,9412;-0,0027;9;0
7,2541;0,1302;55,5559;11,4666;0,0000;22,9776;180,1302;405,000;0,920;0,000;50,000;7,0735;0,0142;-0,0315;0,0000;0,0173;7,0735;-0,0040;0,7708;-1,7120;-0,0001;0,9412;-0,0038;9;0
7,2599;0,1712;55,5559;11,4664;0,0000;22,9777;180,1712;405,000;1,210;0,000;50,000;7,0735;0,0187;-0,0414;-0,0000;0,0228;7,0735;-0,0052;0,7708;-1,7120;-0,0000;0,9412;-0,0052;9;0
7,2657;0,2122;55,5561;11,4661;-0,0000;22,9778;180,2122;405,000;1,500;0,000;50,000;7,0735;0,0231;-0,0514;-0,0000;0,0282;7,0735;-0,0065;0,7708;-1,7120;0,0002;0,9412;-0,0067;9;0
7,2715;0,2533;55,5562;11,4658;-0,0000;22,9780;180,2533;405,000;1,790;0,000;50,000;7,0734;0,0276;-0,0613;0,0000;0,0337;7,0734;-0,0077;0,7708;-1,7120;0,0000;0,9412;-0,0077;9;0
7,2773;0,2943;55,5564;11,4654;0,0000;22,9782;180,2943;405,000;2,080;0,000;50,000;7,0734;0,0321;-0,0712;0,0000;0,0392;7,0734;-0,0090;0,7708;-1,7120;-0,0002;0,9412;-0,0087;9;0
7,2831;0,3353;55,5566;11,4649;0,0000;22,9785;180,3353;405,000;2,370;0,000;50,000;7,0733;0,0365;-0,0811;-0,0000;0,0446;7,0733;-0,0102;0,7708;-1,7120;-0,0000;0,9412;-0,0102;9;0
7,2889;0,3763;55,5568;11,4644;-0,0000;22,9787;180,3763;405,000;2,660;0,000;50,000;7,0732;0,0410;-0,0911;-0,0000;0,0501;7,0732;-0,0115;0,7708;-1,7120;0,0003;0,9412;-0,0118;9;0
7,2947;0,4173;55,5571;11,4639;-0,0000;22,9790;180,4173;405,000;2,950;0,000;50,000;7,0732;0,0455;-0,1010;0,0000;0,0555;7,0732;-0,0127;0,7708;-1,7120;0,0000;0,9412;-0,0127;9;0
7,3005;0,4583;55,5573;11,4633;0,0000;22,9794;180,4583;405,000;3,240;0,000;50,000;7,0731;0,0499;-0,1109;0,0000;0,0610;7,0731;-0,0139;0,7708;-1,7120;-0,0005;0,9412;-0,0135;9;0
7,3063;0,4993;55,5576;11,4626;0,0000;22,9798;180,4993;405,000;3,530;0,000;50,000;7,0730;0,0544;-0,1209;-0,0000;0,0664;7,0730;-0,0152;0,7708;-1,7120;-0,0000;0,9412;-0,0152;9;0
7,3121;0,5404;55,5580;11,4619;-0,0000;22,9802;180,5404;405,000;3,820;0,000;50,000;7,0729;0,0589;-0,1308;-0,0000;0,0719;7,0729;-0,0165;0,7708;-1,7120;0,0007;0,9412;-0,0173;9;0
7,3179;0,5814;55,5583;11,4611;-0,0000;22,9806;180,5814;405,000;4,110;0,000;50,000;7,0728;0,0634;-0,1407;0,0000;0,0774;7,0728;-0,0177;0,7708;-1,7120;0,0000;0,9412;-0,0177;9;0
7,3237;0,6224;55,5587;11,4602;0,0000;22,9811;180,6224;405,000;4,400;0,000;50,000;7,0727;0,0678;-0,1506;0,0000;0,0828;7,0727;-0,0189;0,7708;-1,7120;-0,0013;0,9412;-0,0175;9;0
7,3295;0,6634;55,5591;11,4593;0,0000;22,9815;180,6634;405,000;4,689;0,000;50,000;7,0726;0,0723;-0,1606;-0,0000;0,0883;7,0726;-0,0202;0,7708;-1,7120;-0,0000;0,9411;-0,0202;9;0
7,3353;0,7044;55,5595;11,4584;-0,0000;22,9821;180,7044;405,000;4,979;0,000;50,000;7,0725;0,0768;-0,1705;-0,0000;0,0937;7,0725;-0,0217;0,7709;-1,7121;0,0040;0,9416;-0,0259;9;0
7,3411;0,7454;55,5600;11,4574;-0,0000;22,9826;180,7454;405,000;5,269;0,000;50,000;7,0724;0,0812;-0,1804;0,0000;0,0992;7,0723;-0,0227;0,7709;-1,7120;0,0000;0,9411;-0,0227;9;0
7,3469;0,7864;55,5605;11,4563;0,0000;22,9832;180,7864;405,000;5,559;0,000;50,000;7,0722;0,0857;-0,1903;0,0000;0,1046;7,0722;-0,0236;0,7707;-1,7116;-0,0056;0,9399;-0,0177;9;0
7,3527;0,8274;55,5610;11,4552;0,0000;22,9838;180,8274;405,000;5,849;0,000;50,000;7,0721;0,0902;-0,2003;-0,0000;0,1101;7,0721;-0,0252;0,7709;-1,7120;-0,0001;0,9411;-0,0251;9;0
7,3585;0,8684;55,5615;11,4540;0,0000;22,9845;180,8684;405,000;6,139;0,000;50,000;7,0719;0,0946;-0,2102;-0,0000;0,1156;7,0719;-0,0266;0,7710;-1,7122;0,0025;0,9418;-0,0292;9;0
7,3643;0,9095;55,5621;11,4527;-0,0000;22,9852;180,9095;405,000;6,429;0,000;50,000;7,0718;0,0991;-0,2201;-0,0000;0,1210;7,0718;-0,0277;0,7709;-1,7120;0,0001;0,9411;-0,0278;9;0
7,3701;0,9505;55,5627;11,4514;-0,0000;22,9859;180,9505;405,000;6,719;0,000;50,000;7,0716;0,1036;-0,2301;0,0000;0,1265;7,0716;-0,0290;0,7709;-1,7120;0,0000;0,9411;-0,0290;9;0
7,3759;0,9915;55,5633;11,4500;0,0000;22,9867;180,9915;405,000;7,009;0,000;50,000;7,0714;0,1081;-0,2400;0,0000;0,1319;7,0714;-0,0302;0,7709;-1,7120;-0,0001;0,9411;-0,0301;9;0
7,3817;1,0325;55,5639;11,4486;0,0000;22,9874;181,0325;405,000;7,299;0,000;50,000;7,0713;0,1125;-0,2499;-0,0000;0,1374;7,0713;-0,0315;0,7710;-1,7120;0,0000;0,9411;-0,0315;9;0
7,3875;1,0735;55,5646;11,4471;-0,0000;22,9882;181,0735;405,000;7,589;0,000;50,000;7,0711;0,1170;-0,2598;0,0000;0,1428;7,0711;-0,0322;0,7708;-1,7116;-0,0079;0,9396;-0,0231;9;0
7,3933;1,1145;55,5653;11,4456;0,0000;22,9891;181,1145;405,000;7,879;0,000;50,000;7,0709;0,1215;-0,2698;-0,0001;0,1483;7,0710;-0,0340;0,7710;-1,7120;0,0001;0,9410;-0,0341;9;0
7,3991;1,1555;55,5660;11,4440;-0,0000;22,9900;181,1555;405,000;8,169;0,000;50,000;7,0707;0,1259;-0,2797;0,0000;0,1538;7,0707;-0,0363;0,7714;-1,7129;0,0159;0,9439;-0,0545;9;0
7,4049;1,1965;55,5668;11,4424;0,0000;22,9909;181,1965;405,000;8,459;0,000;50,000;7,0705;0,1304;-0,2896;0,0001;0,1592;7,0704;-0,0364;0,7710;-1,7120;-0,0003;0,9412;-0,0362;9;0
7,4107;1,2375;55,5675;11,4407;-0,0000;22,9918;181,2375;405,000;8,749;0,000;50,000;7,0703;0,1349;-0,2995;-0,0000;0,1647;7,0703;-0,0371;0,7709;-1,7116;-0,0080;0,9395;-0,0280;9;0
7,4165;1,2785;55,5683;11,4389;-0,0000;22,9928;181,2785;405,000;9,038;0,000;50,000;7,0700;0,1393;-0,3095;0,0000;0,1701;7,0700;-0,0384;0,7709;-1,7116;-0,0080;0,9396;-0,0288;9;0
7,4223;1,3195;55,5691;11,4371;0,0000;22,9938;181,3195;405,000;9,328;0,000;50,000;7,0698;0,1438;-0,3194;-0,0001;0,1756;7,0699;-0,0402;0,7711;-1,7120;0,0001;0,9409;-0,0403;9;0
7,4281;1,3605;55,5700;11,4352;-0,0000;22,9948;181,3605;405,000;9,618;0,000;50,000;7,0696;0,1483;-0,3293;0,0000;0,1810;7,0696;-0,0426;0,7715;-1,7128;0,0163;0,9436;-0,0621;9;0
7,4339;1,4015;55,5709;11,4333;0,0000;22,9959;181,4015;405,000;9,908;0,000;50,000;7,0693;0,1528;-0,3393;0,0001;0,1865;7,0692;-0,0427;0,7711;-1,7121;-0,0002;0,9411;-0,0425;9;0
7,4397;1,4424;55,5718;11,4313;-0,0000;22,9970;181,4424;405,000;10,198;0,000;50,000;7,0691;0,1572;-0,3492;-0,0000;0,1920;7,0691;-0,0434;0,7710;-1,7117;-0,0082;0,9396;-0,0336;9;0
7,4455;1,4834;55,5727;11,4292;0,0000;22,9981;181,4834;405,000;10,488;0,000;50,000;7,0688;0,1617;-0,3591;0,0000;0,1974;7,0688;-0,0452;0,7711;-1,7120;-0,0000;0,9407;-0,0452;9;0
7,4513;1,5244;55,5736;11,4271;0,0000;22,9993;181,5244;405,000;10,778;0,000;50,000;7,0685;0,1662;-0,3690;-0,0000;0,2029;7,0685;-0,0464;0,7712;-1,7121;-0,0000;0,9409;-0,0464;9;0
7,4571;1,5654;55,5746;11,4249;0,0000;23,0005;181,5654;405,000;11,068;0,000;50,000;7,0683;0,1706;-0,3790;-0,0000;0,2083;7,0683;-0,0477;0,7712;-1,7121;0,0001;0,9409;-0,0477;9;0
7,4629;1,6064;55,5756;11,4227;-0,0000;23,0017;181,6064;405,000;11,358;-0,000;50,000;7,0680;0,1751;-0,3889;0,0000;0,2138;7,0680;-0,0489;0,7712;-1,7121;0,0000;0,9408;-0,0489;9;0
7,4687;1,6474;55,5766;11,4204;0,0000;23,0029;181,6474;405,000;11,648;0,000;50,000;7,0677;0,1796;-0,3988;-0,0000;0,2192;7,0677;-0,0501;0,7713;-1,7121;-0,0000;0,9408;-0,0501;9;0
7,4745;1,6884;55,5777;11,4181;-0,0000;23,0042;181,6884;405,000;11,938;-0,000;50,000;7,0674;0,1841;-0,4088;0,0000;0,2247;7,0674;-0,0508;0,7713;-1,7121;-0,0087;0,9408;-0,0413;9;0
7,4803;1,7293;55,5788;11,4157;0,0000;23,0056;181,7293;405,000;12,228;0,000;50,000;7,0671;0,1885;-0,4187;-0,0001;0,2301;7,0672;-0,0526;0,7713;-1,7121;-0,0000;0,9407;-0,0526;9;0
7,4861;1,7703;55,5799;11,4132;-0,0000;23,0069;181,7703;405,000;12,518;0,000;50,000;7,0668;0,1930;-0,4286;-0,0000;0,2356;7,0668;-0,0551;0,7714;-1,7121;0,0174;0,9408;-0,0740;9;0
7,4919;1,8113;55,5810;11,4107;-0,0000;23,0083;181,8113;405,000;12,808;0,000;50,000;7,0665;0,1975;-0,4385;0,0001;0,2411;7,0664;-0,0551;0,7714;-1,7121;0,0000;0,9409;-0,0551;9;0
7,4977;1,8523;55,5822;11,4081;-0,0000;23,0097;181,8523;405,000;13,098;0,000;50,000;7,0662;0,2020;-0,4485;0,0000;0,2465;7,0662;-0,0558;0,7714;-1,7121;-0,0087;0,9407;-0,0463;9;0
7,5035;1,8933;55,5834;11,4055;0,0000;23,0111;181,8933;405,000;13,387;0,000;50,000;7,0658;0,2064;-0,4584;0,0000;0,2520;7,0658;-0,0576;0,7714;-1,7121;-0,0000;0,9406;-0,0576;9;0
7,5093;1,9342;55,5846;11,4028;-0,0000;23,0126;181,9342;405,000;13,677;0,000;50,000;7,0655;0,2109;-0,4683;0,0000;0,2574;7,0655;-0,0588;0,7715;-1,7121;-0,0000;0,9407;-0,0588;9;0
7,5151;1,9752;55,5858;11,4001;0,0000;23,0141;181,9752;405,000;13,967;0,000;50,000;7,0651;0,2154;-0,4782;0,0000;0,2629;7,0651;-0,0601;0,7715;-1,7121;-0,0000;0,9406;-0,0601;9;0
7,5209;2,0162;55,5871;11,3973;-0,0000;23,0157;182,0162;405,000;14,257;-0,000;50,000;7,0648;0,2198;-0,4882;-0,0000;0,2683;7,0648;-0,0607;0,7715;-1,7122;-0,0087;0,9407;-0,0513;9;0
7,5267;2,0571;55,5884;11,3944;0,0000;23,0172;182,0571;405,000;14,547;0,000;50,000;7,0644;0,2243;-0,4981;-0,0001;0,2738;7,0646;-0,0626;0,7715;-1,7121;-0,0000;0,9405;-0,0626;9;0
7,5325;2,0981;55,5897;11,3915;-0,0000;23,0188;182,0981;405,000;14,837;0,000;50,000;7,0641;0,2288;-0,5080;-0,0000;0,2792;7,0641;-0,0650;0,7716;-1,7121;0,0174;0,9405;-0,0839;9;0
7,5383;2,1391;55,5910;11,3885;-0,0000;23,0205;182,1391;405,000;15,127;0,000;50,000;7,0637;0,2333;-0,5180;0,0001;0,2847;7,0636;-0,0645;0,7716;-1,7122;-0,0079;0,9408;-0,0560;9;0
7,5441;2,1800;55,5924;11,3855;0,0000;23,0221;182,1800;405,000;15,417;0,000;50,000;7,0633;0,2377;-0,5279;-0,0001;0,2901;7,0634;-0,0657;0,7717;-1,7122;-0,0087;0,9405;-0,0562;9;0
7,5499;2,2210;55,5938;11,3824;-0,0000;23,0238;182,2210;405,000;15,707;0,000;50,000;7,0629;0,2422;-0,5378;-0,0000;0,2956;7,0629;-0,0686;0,7717;-1,7121;0,0158;0,9402;-0,0856;9;0
7,5557;2,2619;55,5952;11,3792;-0,0000;23,0256;182,2619;405,000;15,997;0,000;50,000;7,0625;0,2467;-0,5477;0,0001;0,3010;7,0624;-0,0688;0,7717;-1,7122;0,0000;0,9406;-0,0688;9;0
7,5615;2,3029;55,5966;11,3760;-0,0000;23,0273;182,3029;405,000;16,287;0,000;50,000;7,0621;0,2512;-0,5577;0,0000;0,3065;7,0621;-0,0695;0,7718;-1,7122;-0,0079;0,9405;-0,0610;9;0
7,5673;2,3438;55,5981;11,3728;0,0000;23,0291;182,3438;405,000;16,577;0,000;50,000;7,0617;0,2556;-0,5676;0,0000;0,3120;7,0617;-0,0712;0,7718;-1,7122;-0,0000;0,9403;-0,0712;9;0
7,5731;2,3848;55,5996;11,3695;0,0000;23,0310;182,3848;405,000;16,867;0,000;50,000;7,0613;0,2601;-0,5775;-0,0000;0,3174;7,0613;-0,0725;0,7718;-1,7122;-0,0000;0,9404;-0,0725;9;0
7,5789;2,4257;55,6011;11,3661;-0,0000;23,0328;182,4257;405,000;17,157;0,000;50,000;7,0609;0,2646;-0,5875;-0,0000;0,3229;7,0609;-0,0737;0,7719;-1,7122;0,0000;0,9404;-0,0738;9;0
7,5847;2,4667;55,6027;11,3626;-0,0000;23,0347;182,4667;405,000;17,447;0,000;50,000;7,0604;0,2691;-0,5974;0,0000;0,3283;7,0604;-0,0744;0,7719;-1,7123;-0,0082;0,9405;-0,0656;9;0
7,5905;2,5076;55,6042;11,3592;0,0000;23,0366;182,5076;405,000;17,736;0,000;50,000;7,0600;0,2735;-0,6073;-0,0001;0,3338;7,0601;-0,0762;0,7719;-1,7122;-0,0000;0,9402;-0,0762;9;0
7,5963;2,5485;55,6058;11,3556;-0,0000;23,0386;182,5485;405,000;18,026;0,000;50,000;7,0596;0,2780;-0,6172;-0,0000;0,3392;7,0596;-0,0786;0,7719;-1,7122;0,0164;0,9400;-0,0962;9;0
7,6021;2,5895;55,6075;11,3520;-0,0000;23,0406;182,5895;405,000;18,316;0,000;50,000;7,0591;0,2825;-0,6272;0,0001;0,3447;7,0590;-0,0787;0,7720;-1,7123;0,0001;0,9404;-0,0787;9;0
7,6079;2,6304;55,6091;11,3483;-0,0000;23,0426;182,6304;405,000;18,606;0,000;50,000;7,0587;0,2870;-0,6371;0,0000;0,3501;7,0587;-0,0793;0,7721;-1,7123;-0,0082;0,9403;-0,0705;9;0
7,6137;2,6713;55,6108;11,3446;0,0000;23,0446;182,6713;405,000;18,896;0,000;50,000;7,0582;0,2915;-0,6470;0,0000;0,3556;7,0582;-0,0811;0,7721;-1,7123;-0,0000;0,9401;-0,0811;9;0
7,6195;2,7123;55,6125;11,3408;-0,0000;23,0467;182,7123;405,000;19,186;-0,000;50,000;7,0577;0,2959;-0,6570;-0,0000;0,3610;7,0577;-0,0818;0,7722;-1,7123;-0,0083;0,9403;-0,0729;9;0
7,6253;2,7532;55,6142;11,3370;0,0000;23,0488;182,7532;405,000;19,476;0,000;50,000;7,0572;0,3004;-0,6669;-0,0001;0,3665;7,0573;-0,0836;0,7722;-1,7123;-0,0000;0,9400;-0,0836;9;0
7,6311;2,7941;55,6160;11,3331;-0,0000;23,0509;182,7941;405,000;19,766;0,000;50,000;7,0567;0,3049;-0,6768;-0,0000;0,3719;7,0567;-0,0860;0,7722;-1,7122;0,0165;0,9398;-0,1037;9;0
7,6369;2,8350;55,6178;11,3291;-0,0000;23,0531;182,8350;405,000;20,056;0,000;50,000;7,0562;0,3094;-0,6867;0,0001;0,3774;7,0561;-0,0861;0,7723;-1,7123;0,0001;0,9402;-0,0861;9;0
7,6427;2,8759;55,6196;11,3251;-0,0000;23,0553;182,8759;405,000;20,346;0,000;50,000;7,0557;0,3138;-0,6967;0,0000;0,3828;7,0557;-0,0859;0,7722;-1,7121;-0,0205;0,9393;-0,0631;9;0
7,6484;2,9168;55,6214;11,3211;0,0000;23,0576;182,9168;405,000;20,636;0,000;50,000;7,0552;0,3183;-0,7066;-0,0001;0,3883;7,0554;-0,0885;0,7723;-1,7123;0,0001;0,9397;-0,0886;9;0
7,6542;2,9578;55,6232;11,3169;-0,0000;23,0598;182,9578;405,000;20,926;0,000;50,000;7,0547;0,3228;-0,7165;0,0000;0,3937;7,0547;-0,0915;0,7726;-1,7128;0,0244;0,9416;-0,1194;9;0
7,6600;2,9987;55,6251;11,3127;0,0000;23,0621;182,9987;405,000;21,216;0,000;50,000;7,0542;0,3273;-0,7265;0,0001;0,3992;7,0540;-0,0910;0,7725;-1,7124;0,0001;0,9403;-0,0911;9;0
7,6658;3,0396;55,6270;11,3085;-0,0000;23,0644;183,0396;405,000;21,506;0,000;50,000;7,0537;0,3318;-0,7364;0,0000;0,4046;7,0537;-0,0914;0,7724;-1,7121;-0,0122;0,9391;-0,0774;9;0
7,6716;3,0805;55,6290;11,3042;0,0000;23,0668;183,0805;405,000;21,796;0,000;50,000;7,0531;0,3362;-0,7463;0,0000;0,4101;7,0531;-0,0934;0,7726;-1,7124;-0,0012;0,9398;-0,0922;9;0
7,6774;3,1214;55,6309;11,2999;0,0000;23,0692;183,1214;405,000;22,085;0,000;50,000;7,0526;0,3407;-0,7563;-0,0000;0,4155;7,0526;-0,0947;0,7726;-1,7124;-0,0000;0,9398;-0,0947;9;0
7,6832;3,1623;55,6329;11,2954;-0,0000;23,0716;183,1623;405,000;22,375;0,000;50,000;7,0520;0,3452;-0,7662;-0,0000;0,4210;7,0520;-0,0963;0,7727;-1,7125;0,0050;0,9401;-0,1014;9;0
7,6890;3,2032;55,6349;11,2910;-0,0000;23,0741;183,2032;405,000;22,665;0,000;50,000;7,0515;0,3497;-0,7761;0,0000;0,4264;7,0514;-0,0971;0,7727;-1,7124;0,0000;0,9397;-0,0972;9;0
7,6948;3,2440;55,6370;11,2864;0,0000;23,0766;183,2440;405,000;22,955;0,000;50,000;7,0509;0,3542;-0,7860;0,0000;0,4319;7,0509;-0,0978;0,7726;-1,7121;-0,0075;0,9384;-0,0901;9;0
7,7006;3,2849;55,6391;11,2819;0,0000;23,0791;183,2849;405,000;23,245;0,000;50,000;7,0503;0,3586;-0,7960;-0,0000;0,4373;7,0504;-0,0996;0,7728;-1,7125;-0,0001;0,9397;-0,0995;9;0
7,7064;3,3258;55,6411;11,2772;0,0000;23,0816;183,3258;405,000;23,535;0,000;50,000;7,0497;0,3631;-0,8059;-0,0000;0,4428;7,0497;-0,1011;0,7730;-1,7127;0,0034;0,9404;-0,1046;9;0
7,7122;3,3667;55,6433;11,2725;-0,0000;23,0842;183,3667;405,000;23,825;0,000;50,000;7,0492;0,3676;-0,8158;-0,0000;0,4482;7,0492;-0,1020;0,7729;-1,7125;0,0001;0,9396;-0,1022;9;0
7,7180;3,4076;55,6454;11,2677;-0,0000;23,0868;183,4076;405,000;24,115;0,000;50,000;7,0486;0,3721;-0,8258;0,0000;0,4537;7,0486;-0,1033;0,7730;-1,7125;0,0000;0,9395;-0,1033;9;0
7,7238;3,4484;55,6476;11,2629;0,0000;23,0895;183,4484;405,000;24,405;0,000;50,000;7,0480;0,3766;-0,8357;0,0000;0,4591;7,0480;-0,1045;0,7730;-1,7125;-0,0002;0,9395;-0,1043;9;0
7,7296;3,4893;55,6498;11,2581;0,0000;23,0922;183,4893;405,000;24,695;0,000;50,000;7,0474;0,3811;-0,8456;-0,0000;0,4646;7,0474;-0,1057;0,7731;-1,7125;-0,0000;0,9395;-0,1057;9;0
7,7354;3,5302;55,6520;11,2531;-0,0000;23,0949;183,5302;405,000;24,985;0,000;50,000;7,0467;0,3855;-0,8556;-0,0000;0,4700;7,0467;-0,1069;0,7731;-1,7125;0,0002;0,9394;-0,1072;9;0
7,7412;3,5710;55,6542;11,2481;-0,0000;23,0976;183,5710;405,000;25,275;0,000;50,000;7,0461;0,3900;-0,8655;0,0000;0,4755;7,0461;-0,1082;0,7732;-1,7126;0,0000;0,9394;-0,1082;9;0
7,7470;3,6119;55,6565;11,2431;0,0000;23,1004;183,6119;405,000;25,565;0,000;50,000;7,0455;0,3945;-0,8754;0,0000;0,4809;7,0455;-0,1093;0,7732;-1,7126;-0,0004;0,9394;-0,1090;9;0
7,7528;3,6527;55,6588;11,2380;0,0000;23,1032;183,6527;405,000;25,855;0,000;50,000;7,0448;0,3990;-0,8853;-0,0000;0,4864;7,0448;-0,1106;0,7733;-1,7126;-0,0000;0,9393;-0,1106;9;0
7,7586;3,6936;55,6612;11,2328;-0,0000;23,1060;183,6936;405,000;26,145;0,000;50,000;7,0442;0,4035;-0,8953;-0,0000;0,4918;7,0442;-0,1119;0,7734;-1,7126;0,0005;0,9393;-0,1124;9;0
7,7644;3,7344;55,6635;11,2276;-0,0000;23,1089;183,7344;405,000;26,434;0,000;50,000;7,0435;0,4080;-0,9052;0,0000;0,4973;7,0435;-0,1130;0,7734;-1,7126;0,0000;0,9392;-0,1130;9;0
7,7702;3,7753;55,6659;11,2223;0,0000;23,1118;183,7753;405,000;26,724;0,000;50,000;7,0429;0,4124;-0,9151;0,0000;0,5027;7,0429;-0,1142;0,7735;-1,7127;-0,0009;0,9392;-0,1132;9;0
7,7760;3,8161;55,6683;11,2170;0,0000;23,1147;183,8161;405,000;27,014;0,000;50,000;7,0422;0,4169;-0,9251;-0,0000;0,5081;7,0422;-0,1155;0,7735;-1,7127;-0,0000;0,9391;-0,1155;9;0
7,7818;3,8569;55,6707;11,2116;-0,0000;23,1177;183,8569;405,000;27,304;0,000;50,000;7,0415;0,4214;-0,9350;-0,0000;0,5136;7,0415;-0,1168;0,7736;-1,7126;0,0010;0,9389;-0,1178;9;0
7,7876;3,8978;55,6732;11,2061;-0,0000;23,1207;183,8978;405,000;27,594;0,000;50,000;7,0409;0,4259;-0,9449;0,0000;0,5190;7,0409;-0,1179;0,7737;-1,7127;0,0000;0,9390;-0,1179;9;0
7,7934;3,9386;55,6757;11,2006;0,0000;23,1237;183,9386;405,000;27,884;0,000;50,000;7,0402;0,4304;-0,9549;0,0000;0,5245;7,0402;-0,1191;0,7737;-1,7127;-0,0004;0,9391;-0,1187;9;0
7,7992;3,9794;55,6782;11,1951;0,0000;23,1268;183,9794;405,000;28,174;0,000;50,000;7,0395;0,4349;-0,9648;-0,0000;0,5299;7,0395;-0,1205;0,7735;-1,7122;0,0021;0,9372;-0,1235;9;0
7,8050;4,0202;55,6807;11,1894;-0,0000;23,1299;184,0202;405,000;28,464;0,000;50,000;7,0388;0,4394;-0,9747;0,0000;0,5354;7,0387;-0,1215;0,7738;-1,7127;-0,0000;0,9389;-0,1215;9;0
7,8108;4,0610;55,6833;11,1838;0,0000;23,1330;184,0610;405,000;28,754;0,000;50,000;7,0381;0,4438;-0,9847;-0,0000;0,5408;7,0381;-0,1225;0,7744;-1,7138;-0,0042;0,9423;-0,1165;9;0
7,8166;4,1018;55,6858;11,1780;-0,0000;23,1361;184,1018;405,000;29,044;0,000;50,000;7,0374;0,4483;-0,9946;-0,0000;0,5463;7,0374;-0,1240;0,7740;-1,7128;0,0002;0,9388;-0,1242;9;0
7,8224;4,1427;55,6885;11,1722;-0,0000;23,1393;184,1427;405,000;29,334;0,000;50,000;7,0366;0,4528;-1,0045;0,0000;0,5517;7,0366;-0,1253;0,7738;-1,7123;0,0021;0,9370;-0,1283;9;0
7,8282;4,1835;55,6911;11,1664;0,0000;23,1425;184,1835;405,000;29,624;0,000;50,000;7,0359;0,4573;-1,0145;0,0000;0,5571;7,0359;-0,1264;0,7741;-1,7128;-0,0002;0,9387;-0,1262;9;0
7,8340;4,2243;55,6938;11,1605;0,0000;23,1458;184,2243;405,000;29,914;0,000;50,000;7,0352;0,4618;-1,0244;-0,0000;0,5626;7,0352;-0,1276;0,7742;-1,7128;0,0000;0,9387;-0,1276;9;0
7,8398;4,2650;55,6965;11,1545;-0,0000;23,1491;184,2650;405,000;30,204;0,000;50,000;7,0344;0,4663;-1,0343;0,0000;0,5680;7,0344;-0,1282;0,7741;-1,7125;-0,0090;0,9374;-0,1187;9;0
7,8456;4,3058;55,6992;11,1485;0,0000;23,1524;184,3058;405,000;30,494;0,000;50,000;7,0337;0,4708;-1,0442;-0,0001;0,5735;7,0338;-0,1300;0,7743;-1,7129;0,0001;0,9385;-0,1301;9;0
7,8514;4,3466;55,7019;11,1424;-0,0000;23,1557;184,3466;405,000;30,784;0,000;50,000;7,0329;0,4753;-1,0542;0,0000;0,5789;7,0329;-0,1325;0,7747;-1,7137;0,0181;0,9411;-0,1516;9;0
7,8572;4,3874;55,7047;11,1362;0,0000;23,1591;184,3874;405,000;31,073;0,000;50,000;7,0321;0,4798;-1,0641;0,0001;0,5844;7,0320;-0,1324;0,7745;-1,7129;-0,0001;0,9387;-0,1323;9;0
7,8630;4,4282;55,7075;11,1300;-0,0000;23,1625;184,4282;405,000;31,363;0,000;50,000;7,0314;0,4842;-1,0741;-0,0000;0,5898;7,0314;-0,1330;0,7743;-1,7126;-0,0091;0,9372;-0,1235;9;0
7,8688;4,4689;55,7103;11,1238;0,0000;23,1659;184,4689;405,000;31,653;0,000;50,000;7,0306;0,4887;-1,0840;0,0000;0,5952;7,0306;-0,1348;0,7746;-1,7129;-0,0004;0,9382;-0,1345;9;0
7,8746;4,5097;55,7131;11,1175;0,0000;23,1694;184,5097;405,000;31,943;0,000;50,000;7,0298;0,4932;-1,0939;-0,0000;0,6007;7,0298;-0,1361;0,7747;-1,7130;-0,0000;0,9383;-0,1361;9;0
7,8804;4,5505;55,7160;11,1111;-0,0000;23,1729;184,5505;405,000;32,233;0,000;50,000;7,0290;0,4977;-1,1038;-0,0000;0,6061;7,0290;-0,1373;0,7747;-1,7130;0,0011;0,9384;-0,1385;9;0
7,8862;4,5912;55,7189;11,1047;-0,0000;23,1764;184,5912;405,000;32,523;0,000;50,000;7,0282;0,5022;-1,1138;0,0000;0,6116;7,0282;-0,1385;0,7748;-1,7130;0,0000;0,9382;-0,1385;9;0
7,8920;4,6320;55,7218;11,0982;0,0000;23,1800;184,6320;405,000;32,813;0,000;50,000;7,0274;0,5067;-1,1237;0,0000;0,6170;7,0274;-0,1395;0,7749;-1,7131;-0,0031;0,9385;-0,1362;9;0
7,8978;4,6727;55,7248;11,0916;0,0000;23,1836;184,6727;405,000;33,103;0,000;50,000;7,0266;0,5112;-1,1337;-0,0000;0,6225;7,0266;-0,1409;0,7749;-1,7131;-0,0000;0,9381;-0,1409;9;0
7,9036;4,7135;55,7278;11,0850;-0,0000;23,1872;184,7135;405,000;33,393;0,000;50,000;7,0258;0,5157;-1,1436;-0,0000;0,6279;7,0258;-0,1424;0,7749;-1,7128;0,0042;0,9372;-0,1467;9;0
7,9094;4,7542;55,7308;11,0784;-0,0000;23,1909;184,7542;405,000;33,683;0,000;50,000;7,0250;0,5202;-1,1535;0,0000;0,6333;7,0249;-0,1433;0,7751;-1,7131;0,0001;0,9380;-0,1433;9;0
7,9152;4,7949;55,7338;11,0717;-0,0000;23,1945;184,7949;405,000;33,973;0,000;50,000;7,0241;0,5247;-1,1635;0,0000;0,6388;7,0241;-0,1443;0,7752;-1,7133;-0,0018;0,9385;-0,1424;9;0
7,9210;4,8357;55,7369;11,0649;0,0000;23,1983;184,8357;405,000;34,263;0,000;50,000;7,0233;0,5292;-1,1734;0,0000;0,6442;7,0233;-0,1457;0,7752;-1,7132;-0,0001;0,9379;-0,1456;9;0
7,9268;4,8764;55,7399;11,0580;0,0000;23,2020;184,8764;405,000;34,553;0,000;50,000;7,0224;0,5337;-1,1833;-0,0000;0,6496;7,0224;-0,1469;0,7753;-1,7132;-0,0000;0,9379;-0,1469;9;0
7,9326;4,9171;55,7431;11,0512;-0,0000;23,2058;184,9171;405,000;34,843;0,000;50,000;7,0216;0,5382;-1,1933;-0,0000;0,6551;7,0216;-0,1481;0,7754;-1,7132;0,0001;0,9378;-0,1482;9;0
7,9384;4,9578;55,7462;11,0442;-0,0000;23,2096;184,9578;405,000;35,133;0,000;50,000;7,0207;0,5427;-1,2032;0,0000;0,6605;7,0207;-0,1493;0,7755;-1,7132;0,0000;0,9378;-0,1493;9;0
7,9442;4,9985;55,7493;11,0372;0,0000;23,2135;184,9985;405,000;35,422;0,000;50,000;7,0199;0,5472;-1,2131;0,0000;0,6660;7,0199;-0,1504;0,7756;-1,7133;-0,0001;0,9377;-0,1503;9;0
7,9500;5,0392;55,7525;11,0301;0,0000;23,2173;185,0392;405,000;35,712;0,000;50,000;7,0190;0,5517;-1,2231;-0,0000;0,6714;7,0190;-0,1516;0,7756;-1,7133;0,0000;0,9377;-0,1516;9;0
7,9558;5,0799;55,7557;11,0230;-0,0000;23,2212;185,0799;405,000;36,002;0,000;50,000;7,0181;0,5562;-1,2330;0,0000;0,6768;7,0181;-0,1522;0,7755;-1,7129;-0,0094;0,9362;-0,1426;9;0
7,9616;5,1206;55,7590;11,0158;0,0000;23,2252;185,1206;405,000;36,292;0,000;50,000;7,0172;0,5607;-1,2429;-0,0001;0,6823;7,0173;-0,1540;0,7758;-1,7133;0,0001;0,9374;-0,1542;9;0
7,9674;5,1613;55,7622;11,0086;-0,0000;23,2292;185,1613;405,000;36,582;0,000;50,000;7,0163;0,5652;-1,2529;0,0000;0,6877;7,0163;-0,1565;0,7762;-1,7142;0,0188;0,9402;-0,1757;9;0
7,9732;5,2020;55,7655;11,0013;0,0000;23,2332;185,2020;405,000;36,872;0,000;50,000;7,0154;0,5697;-1,2628;0,0001;0,6932;7,0153;-0,1564;0,7760;-1,7134;-0,0001;0,9377;-0,1563;9;0
7,9790;5,2427;55,7689;10,9940;-0,0000;23,2372;185,2427;405,000;37,162;0,000;50,000;7,0145;0,5742;-1,2727;0,0000;0,6986;7,0145;-0,1569;0,7759;-1,7130;-0,0094;0,9360;-0,1473;9;0
7,9848;5,2833;55,7722;10,9865;0,0000;23,2413;185,2833;405,000;37,452;0,000;50,000;7,0136;0,5787;-1,2827;0,0000;0,7040;7,0136;-0,1587;0,7761;-1,7134;-0,0005;0,9372;-0,1583;9;0
7,9906;5,3240;55,7756;10,9791;0,0000;23,2454;185,3240;405,000;37,742;0,000;50,000;7,0127;0,5832;-1,2926;-0,0000;0,7094;7,0127;-0,1600;0,7762;-1,7135;-0,0000;0,9373;-0,1600;9;0
7,9964;5,3647;55,7790;10,9716;-0,0000;23,2495;185,3647;405,000;38,032;0,000;50,000;7,0117;0,5877;-1,3025;-0,0000;0,7149;7,0117;-0,1613;0,7763;-1,7136;0,0016;0,9374;-0,1629;9;0
8,0022;5,4053;55,7824;10,9640;-0,0000;23,2536;185,4053;405,000;38,322;0,000;50,000;7,0108;0,5922;-1,3125;0,0000;0,7203;7,0108;-0,1623;0,7764;-1,7135;0,0000;0,9371;-0,1623;9;0
8,0080;5,4460;55,7858;10,9563;0,0000;23,2578;185,4460;405,000;38,612;0,000;50,000;7,0098;0,5967;-1,3224;0,0000;0,7257;7,0098;-0,1631;0,7766;-1,7138;-0,0062;0,9379;-0,1566;9;0
8,0138;5,4866;55,7893;10,9486;0,0000;23,2621;185,4866;405,000;38,902;0,000;50,000;7,0089;0,6012;-1,3324;-0,0001;0,7312;7,0090;-0,1647;0,7766;-1,7136;-0,0001;0,9370;-0,1646;9;0
8,0196;5,5273;55,7928;10,9409;-0,0000;23,2663;185,5273;405,000;39,192;0,000;50,000;7,0079;0,6057;-1,3423;-0,0000;0,7366;7,0079;-0,1666;0,7764;-1,7130;0,0095;0,9347;-0,1763;9;0
8,0254;5,5679;55,7963;10,9331;-0,0000;23,2706;185,5679;405,000;39,482;0,000;50,000;7,0070;0,6102;-1,3522;0,0001;0,7420;7,0069;-0,1671;0,7767;-1,7137;0,0002;0,9370;-0,1673;9;0
8,0312;5,6085;55,7999;10,9252;-0,0000;23,2749;185,6085;405,000;39,771;0,000;50,000;7,0060;0,6147;-1,3622;0,0000;0,7475;7,0060;-0,1679;0,7770;-1,7141;-0,0044;0,9381;-0,1635;9;0
8,0370;5,6491;55,8034;10,9173;0,0000;23,2793;185,6491;405,000;40,061;0,000;50,000;7,0050;0,6192;-1,3721;0,0000;0,7529;7,0050;-0,1694;0,7769;-1,7137;-0,0002;0,9368;-0,1692;9;0
8,0428;5,6898;55,8071;10,9093;0,0000;23,2837;185,6898;405,000;40,351;0,000;50,000;7,0040;0,6237;-1,3820;-0,0000;0,7583;7,0040;-0,1706;0,7770;-1,7137;0,0000;0,9367;-0,1706;9;0
8,0486;5,7304;55,8107;10,9012;-0,0000;23,2881;185,7304;405,000;40,641;0,000;50,000;7,0030;0,6282;-1,3920;0,0000;0,7638;7,0030;-0,1711;0,7770;-1,7134;-0,0096;0,9355;-0,1603;9;0
8,0544;5,7710;55,8143;10,8931;0,0000;23,2925;185,7710;405,000;40,931;0,000;50,000;7,0020;0,6327;-1,4019;-0,0001;0,7692;7,0022;-0,1730;0,7772;-1,7138;0,0001;0,9365;-0,1731;9;0
8,0602;5,8116;55,8180;10,8850;-0,0000;23,2970;185,8116;405,000;41,221;0,000;50,000;7,0010;0,6372;-1,4118;0,0000;0,7746;7,0010;-0,1755;0,7776;-1,7145;0,0193;0,9389;-0,1973;9;0
8,0660;5,8522;55,8217;10,8768;0,0000;23,3015;185,8522;405,000;41,511;0,000;50,000;7,0000;0,6417;-1,4218;0,0001;0,7801;6,9999;-0,1753;0,7774;-1,7139;-0,0001;0,9368;-0,1752;9;0
8,0718;5,8928;55,8255;10,8685;-0,0000;23,3060;185,8928;405,000;41,801;0,000;50,000;6,9990;0,6462;-1,4317;0,0000;0,7855;6,9990;-0,1758;0,7773;-1,7136;-0,0096;0,9353;-0,1649;9;0
8,0776;5,9333;55,8292;10,8602;0,0000;23,3106;185,9333;405,000;42,091;0,000;50,000;6,9980;0,6507;-1,4417;0,0000;0,7909;6,9980;-0,1776;0,7776;-1,7139;-0,0006;0,9363;-0,1770;9;0
8,0834;5,9739;55,8330;10,8518;0,0000;23,3152;185,9739;405,000;42,381;0,000;50,000;6,9969;0,6552;-1,4516;-0,0000;0,7964;6,9969;-0,1788;0,7777;-1,7140;-0,0000;0,9363;-0,1788;9;0
8,0891;6,0145;55,8368;10,8433;-0,0000;23,3198;186,0145;405,000;42,671;0,000;50,000;6,9959;0,6598;-1,4615;-0,0000;0,8018;6,9959;-0,1801;0,7778;-1,7141;0,0021;0,9364;-0,1823;9;0
8,0949;6,0551;55,8407;10,8348;-0,0000;23,3245;186,0551;405,000;42,961;0,000;50,000;6,9948;0,6643;-1,4715;0,0000;0,8072;6,9948;-0,1812;0,7779;-1,7140;0,0000;0,9362;-0,1812;9;0
8,1007;6,0956;55,8445;10,8263;0,0000;23,3292;186,0956;405,000;43,251;0,000;50,000;6,9938;0,6688;-1,4814;0,0000;0,8126;6,9938;-0,1822;0,7779;-1,7139;-0,0026;0,9356;-0,1794;9;0
8,1065;6,1362;55,8484;10,8177;0,0000;23,3339;186,1362;405,000;43,541;0,000;50,000;6,9927;0,6733;-1,4914;-0,0000;0,8181;6,9927;-0,1829;0,7781;-1,7142;-0,0088;0,9364;-0,1734;9;0
8,1123;6,1767;55,8523;10,8090;0,0000;23,3387;186,1767;405,000;43,831;0,000;50,000;6,9917;0,6778;-1,5013;-0,0001;0,8235;6,9918;-0,1847;0,7782;-1,7142;0,0010;0,9362;-0,1858;9;0
8,1181;6,2172;55,8563;10,8002;-0,0000;23,3435;186,2173;405,000;44,120;0,000;50,000;6,9906;0,6823;-1,5112;-0,0000;0,8289;6,9906;-0,1871;0,7782;-1,7140;0,0176;0,9352;-0,2060;9;0
8,1239;6,2578;55,8602;10,7914;-0,0000;23,3483;186,2578;405,000;44,410;0,000;50,000;6,9895;0,6868;-1,5212;0,0001;0,8344;6,9894;-0,1870;0,7784;-1,7142;0,0001;0,9360;-0,1871;9;0
8,1297;6,2983;55,8642;10,7826;0,0000;23,3532;186,2983;405,000;44,700;0,000;50,000;6,9884;0,6913;-1,5311;0,0000;0,8398;6,9884;-0,1875;0,7785;-1,7144;-0,0088;0,9361;-0,1781;9;0
8,1355;6,3388;55,8683;10,7737;0,0000;23,3580;186,3388;405,000;44,990;0,000;50,000;6,9873;0,6959;-1,5411;-0,0000;0,8452;6,9873;-0,1893;0,7786;-1,7143;-0,0000;0,9356;-0,1893;9;0
8,1413;6,3793;55,8723;10,7647;-0,0000;23,3630;186,3793;405,000;45,280;0,000;50,000;6,9862;0,7004;-1,5510;0,0000;0,8506;6,9862;-0,1898;0,7785;-1,7139;-0,0098;0,9342;-0,1789;9;0
8,1471;6,4199;55,8764;10,7557;0,0000;23,3679;186,4199;405,000;45,570;0,000;50,000;6,9851;0,7049;-1,5609;-0,0001;0,8560;6,9853;-0,1916;0,7788;-1,7144;0,0002;0,9355;-0,1918;9;0
8,1529;6,4604;55,8805;10,7466;-0,0000;23,3729;186,4604;405,000;45,860;0,000;50,000;6,9840;0,7094;-1,5709;0,0000;0,8615;6,9840;-0,1942;0,7793;-1,7153;0,0197;0,9385;-0,2159;9;0
8,1587;6,5008;55,8846;10,7375;0,0000;23,3779;186,5008;405,000;46,150;0,000;50,000;6,9829;0,7139;-1,5808;0,0001;0,8669;6,9827;-0,1940;0,7790;-1,7145;-0,0001;0,9358;-0,1938;9;0
8,1645;6,5413;55,8888;10,7283;-0,0000;23,3829;186,5413;405,000;46,440;0,000;50,000;6,9818;0,7184;-1,5908;0,0000;0,8723;6,9818;-0,1944;0,7789;-1,7141;-0,0098;0,9339;-0,1836;9;0
8,1703;6,5818;55,8929;10,7190;0,0000;23,3880;186,5818;405,000;46,730;0,000;50,000;6,9806;0,7230;-1,6007;0,0000;0,8778;6,9806;-0,1962;0,7792;-1,7145;-0,0010;0,9352;-0,1952;9;0
8,1761;6,6223;55,8972;10,7097;0,0000;23,3931;186,6223;405,000;47,020;0,000;50,000;6,9795;0,7275;-1,6107;-0,0000;0,8832;6,9795;-0,1974;0,7793;-1,7146;-0,0000;0,9353;-0,1974;9;0
8,1819;6,6628;55,9014;10,7004;-0,0000;23,3983;186,6628;405,000;47,310;0,000;50,000;6,9783;0,7320;-1,6206;-0,0000;0,8886;6,9783;-0,1987;0,7794;-1,7146;0,0015;0,9350;-0,2002;9;0
8,1877;6,7032;55,9056;10,6909;-0,0000;23,4034;186,7032;405,000;47,600;0,000;50,000;6,9772;0,7365;-1,6305;0,0000;0,8940;6,9772;-0,1997;0,7795;-1,7147;0,0000;0,9351;-0,1997;9;0
8,1935;6,7437;55,9099;10,6814;-0,0000;23,4086;186,7437;405,000;47,890;-0,000;50,000;6,9760;0,7410;-1,6405;0,0000;0,8994;6,9760;-0,2008;0,7797;-1,7148;-0,0006;0,9352;-0,2001;9;0
8,1993;6,7841;55,9142;10,6719;0,0000;23,4139;186,7841;405,000;48,180;0,000;50,000;6,9748;0,7455;-1,6504;-0,0000;0,9049;6,9748;-0,2020;0,7797;-1,7148;-0,0000;0,9350;-0,2020;9;0
8,2051;6,8246;55,9186;10,6623;-0,0000;23,4191;186,8246;405,000;48,469;-0,000;50,000;6,9737;0,7501;-1,6604;0,0000;0,9103;6,9737;-0,2025;0,7799;-1,7148;-0,0097;0,9350;-0,1920;9;0
8,2109;6,8650;55,9229;10,6526;0,0000;23,4244;186,8650;405,000;48,759;0,000;50,000;6,9725;0,7546;-1,6703;-0,0001;0,9157;6,9726;-0,2043;0,7800;-1,7148;-0,0000;0,9348;-0,2043;9;0
8,2167;6,9054;55,9273;10,6429;-0,0000;23,4297;186,9054;405,000;49,049;0,000;50,000;6,9713;0,7591;-1,6803;-0,0000;0,9211;6,9713;-0,2068;0,7801;-1,7148;0,0194;0,9346;-0,2277;9;0
8,2225;6,9459;55,9317;10,6332;-0,0000;23,4351;186,9459;405,000;49,339;0,000;50,000;6,9701;0,7636;-1,6902;0,0001;0,9266;6,9700;-0,2066;0,7802;-1,7150;0,0001;0,9349;-0,2067;9;0
8,2283;6,9863;55,9362;10,6233;-0,0000;23,4405;186,9863;405,000;49,629;0,000;50,000;6,9689;0,7682;-1,7001;0,0000;0,9320;6,9689;-0,2071;0,7803;-1,7150;-0,0097;0,9348;-0,1966;9;0
8,2341;7,0267;55,9406;10,6134;0,0000;23,4459;187,0267;405,000;49,919;0,000;50,000;6,9677;0,7727;-1,7101;0,0000;0,9374;6,9677;-0,2089;0,7804;-1,7150;-0,0001;0,9345;-0,2088;9;0
8,2399;7,0671;55,9451;10,6035;-0,0000;23,4514;187,0671;405,000;50,209;-0,000;50,000;6,9665;0,7772;-1,7200;-0,0000;0,9428;6,9665;-0,2092;0,7804;-1,7147;-0,0120;0,9332;-0,1966;9;0
8,2457;7,1075;55,9497;10,5935;0,0000;23,4568;187,1075;405,000;50,499;0,000;50,000;6,9653;0,7817;-1,7300;-0,0001;0,9482;6,9654;-0,2112;0,7806;-1,7151;0,0002;0,9343;-0,2114;9;0
8,2515;7,1478;55,9542;10,5834;-0,0000;23,4624;187,1479;405,000;50,789;0,000;50,000;6,9640;0,7863;-1,7399;0,0000;0,9537;6,9640;-0,2140;0,7811;-1,7160;0,0241;0,9371;-0,2391;9;0
8,2573;7,1882;55,9588;10,5733;0,0000;23,4679;187,1882;405,000;51,079;0,000;50,000;6,9628;0,7908;-1,7499;0,0001;0,9591;6,9626;-0,2135;0,7809;-1,7153;0,0001;0,9347;-0,2135;9;0
8,2631;7,2286;55,9634;10,5631;-0,0000;23,4735;187,2286;405,000;51,369;0,000;50,000;6,9616;0,7953;-1,7598;0,0000;0,9645;6,9616;-0,2137;0,7808;-1,7149;-0,0120;0,9329;-0,2011;9;0
8,2689;7,2690;55,9680;10,5529;0,0000;23,4791;187,2690;405,000;51,659;0,000;50,000;6,9603;0,7999;-1,7698;0,0000;0,9699;6,9603;-0,2155;0,7812;-1,7154;-0,0021;0,9343;-0,2134;9;0
8,2747;7,3093;55,9727;10,5426;0,0000;23,4847;187,3093;405,000;51,949;0,000;50,000;6,9591;0,8044;-1,7797;-0,0000;0,9753;6,9591;-0,2168;0,7813;-1,7154;-0,0000;0,9341;-0,2168;9;0
8,2805;7,3497;55,9773;10,5323;-0,0000;23,4904;187,3497;405,000;52,239;0,000;50,000;6,9578;0,8089;-1,7897;-0,0000;0,9807;6,9578;-0,2182;0,7813;-1,7152;0,0032;0,9332;-0,2215;9;0
8,2863;7,3900;55,9820;10,5219;-0,0000;23,4961;187,3900;405,000;52,529;0,000;50,000;6,9565;0,8134;-1,7996;0,0000;0,9861;6,9565;-0,2191;0,7815;-1,7155;0,0000;0,9340;-0,2191;9;0
8,2921;7,4303;55,9868;10,5114;-0,0000;23,5018;187,4303;405,000;52,818;0,000;50,000;6,9553;0,8180;-1,8095;0,0000;0,9916;6,9553;-0,2201;0,7817;-1,7157;-0,0014;0,9344;-0,2187;9;0
8,2979;7,4707;55,9915;10,5009;0,0000;23,5076;187,4707;405,000;53,108;0,000;50,000;6,9540;0,8225;-1,8195;0,0000;0,9970;6,9540;-0,2213;0,7817;-1,7156;-0,0001;0,9338;-0,2213;9;0
8,3037;7,5110;55,9963;10,4903;0,0000;23,5134;187,5110;405,000;53,398;0,000;50,000;6,9527;0,8270;-1,8294;-0,0000;1,0024;6,9527;-0,2225;0,7819;-1,7156;-0,0000;0,9338;-0,2225;9;0
8,3095;7,5513;56,0011;10,4797;-0,0000;23,5192;187,5513;405,000;53,688;0,000;50,000;6,9514;0,8316;-1,8394;-0,0000;1,0078;6,9514;-0,2236;0,7820;-1,7157;0,0001;0,9337;-0,2237;9;0
8,3153;7,5916;56,0059;10,4690;-0,0000;23,5251;187,5916;405,000;53,978;0,000;50,000;6,9501;0,8361;-1,8493;0,0000;1,0132;6,9501;-0,2247;0,7821;-1,7157;0,0000;0,9336;-0,2247;9;0
8,3211;7,6319;56,0108;10,4582;0,0000;23,5310;187,6319;405,000;54,268;0,000;50,000;6,9488;0,8406;-1,8593;0,0000;1,0186;6,9488;-0,2258;0,7822;-1,7158;-0,0000;0,9336;-0,2258;9;0
8,3269;7,6722;56,0157;10,4474;0,0000;23,5369;187,6722;405,000;54,558;0,000;50,000;6,9475;0,8452;-1,8692;-0,0000;1,0241;6,9475;-0,2271;0,7821;-1,7152;0,0016;0,9314;-0,2284;9;0
8,3327;7,7125;56,0206;10,4365;-0,0000;23,5429;187,7125;405,000;54,848;0,000;50,000;6,9462;0,8497;-1,8792;0,0000;1,0294;6,9461;-0,2281;0,7825;-1,7159;-0,0000;0,9334;-0,2281;9;0
8,3385;7,7528;56,0256;10,4256;0,0000;23,5488;187,7528;405,000;55,138;0,000;50,000;6,9448;0,8543;-1,8891;-0,0000;1,0349;6,9448;-0,2290;0,7832;-1,7172;-0,0032;0,9375;-0,2263;9;0
8,3443;7,7930;56,0305;10,4146;-0,0000;23,5549;187,7930;405,000;55,428;0,000;50,000;6,9435;0,8588;-1,8991;-0,0000;1,0403;6,9435;-0,2303;0,7828;-1,7160;0,0001;0,9333;-0,2305;9;0
8,3501;7,8333;56,0355;10,4036;-0,0000;23,5609;187,8333;405,000;55,718;0,000;50,000;6,9422;0,8633;-1,9090;0,0000;1,0457;6,9422;-0,2316;0,7826;-1,7155;0,0016;0,9311;-0,2329;9;0
8,3559;7,8735;56,0405;10,3925;0,0000;23,5670;187,8735;405,000;56,008;0,000;50,000;6,9408;0,8679;-1,9190;0,0000;1,0511;6,9408;-0,2325;0,7830;-1,7161;-0,0002;0,9331;-0,2323;9;0
8,3617;7,9138;56,0456;10,3813;0,0000;23,5731;187,9138;405,000;56,298;0,000;50,000;6,9395;0,8724;-1,9289;-0,0000;1,0565;6,9395;-0,2337;0,7832;-1,7162;-0,0000;0,9330;-0,2337;9;0
8,3675;7,9540;56,0506;10,3701;-0,0000;23,5792;187,9540;405,000;56,588;0,000;50,000;6,9381;0,8770;-1,9389;-0,0000;1,0619;6,9381;-0,2348;0,7833;-1,7162;0,0003;0,9330;-0,2351;9;0
8,3733;7,9942;56,0557;10,3588;-0,0000;23,5854;187,9942;405,000;56,878;0,000;50,000;6,9367;0,8815;-1,9488;0,0000;1,0673;6,9367;-0,2359;0,7834;-1,7163;0,0000;0,9329;-0,2359;9;0
8,3791;8,0345;56,0609;10,3475;0,0000;23,5916;188,0345;405,000;57,167;0,000;50,000;6,9354;0,8860;-1,9588;0,0000;1,0728;6,9354;-0,2370;0,7836;-1,7164;-0,0004;0,9329;-0,2365;9;0
8,3849;8,0747;56,0660;10,3361;0,0000;23,5979;188,0747;405,000;57,457;0,000;50,000;6,9340;0,8906;-1,9688;-0,0000;1,0782;6,9340;-0,2381;0,7837;-1,7164;-0,0000;0,9327;-0,2381;9;0
8,3907;8,1149;56,0712;10,3247;-0,0000;23,6041;188,1149;405,000;57,747;0,000;50,000;6,9326;0,8951;-1,9787;-0,0000;1,0836;6,9326;-0,2393;0,7838;-1,7165;0,0007;0,9327;-0,2400;9;0
8,3965;8,1551;56,0764;10,3132;-0,0000;23,6104;188,1551;405,000;58,037;0,000;50,000;6,9312;0,8997;-1,9887;0,0000;1,0890;6,9312;-0,2403;0,7840;-1,7166;0,0000;0,9326;-0,2403;9;0
8,4023;8,1953;56,0816;10,3016;0,0000;23,6167;188,1953;405,000;58,327;0,000;50,000;6,9298;0,9042;-1,9986;0,0000;1,0944;6,9298;-0,2413;0,7841;-1,7167;-0,0012;0,9327;-0,2400;9;0
8,4081;8,2354;56,0869;10,2900;0,0000;23,6231;188,2354;405,000;58,617;0,000;50,000;6,9284;0,9088;-2,0086;-0,0000;1,0998;6,9284;-0,2425;0,7842;-1,7167;-0,0000;0,9325;-0,2425;9;0
8,4139;8,2756;56,0922;10,2783;-0,0000;23,6295;188,2756;405,000;58,907;0,000;50,000;6,9270;0,9133;-2,0185;-0,0000;1,1052;6,9270;-0,2439;0,7844;-1,7168;0,0038;0,9326;-0,2479;9;0
8,4197;8,3158;56,0975;10,2666;-0,0000;23,6359;188,3158;405,000;59,197;0,000;50,000;6,9256;0,9179;-2,0285;0,0000;1,1106;6,9256;-0,2447;0,7845;-1,7168;0,0000;0,9323;-0,2447;9;0
8,4255;8,3559;56,1028;10,2548;0,0000;23,6424;188,3559;405,000;59,487;0,000;50,000;6,9242;0,9224;-2,0384;0,0000;1,1160;6,9242;-0,2454;0,7845;-1,7166;-0,0055;0,9313;-0,2397;9;0
8,4313;8,3961;56,1082;10,2430;0,0000;23,6489;188,3961;405,000;59,777;0,000;50,000;6,9227;0,9270;-2,0484;-0,0000;1,1214;6,9228;-0,2469;0,7848;-1,7170;-0,0001;0,9322;-0,2469;9;0
8,4371;8,4362;56,1136;10,2310;0,0000;23,6554;188,4362;405,000;60,067;0,000;50,000;6,9213;0,9315;-2,0583;-0,0000;1,1268;6,9213;-0,2482;0,7850;-1,7172;0,0025;0,9327;-0,2507;9;0
8,4429;8,4763;56,1190;10,2191;-0,0000;23,6619;188,4763;405,000;60,357;0,000;50,000;6,9199;0,9361;-2,0683;-0,0000;1,1322;6,9199;-0,2491;0,7851;-1,7171;0,0001;0,9320;-0,2492;9;0
8,4487;8,5165;56,1244;10,2071;-0,0000;23,6685;188,5165;405,000;60,647;0,000;50,000;6,9184;0,9406;-2,0783;0,0000;1,1376;6,9184;-0,2502;0,7852;-1,7172;0,0000;0,9319;-0,2502;9;0
8,4545;8,5566;56,1299;10,1950;0,0000;23,6751;188,5566;405,000;60,937;0,000;50,000;6,9170;0,9452;-2,0882;0,0000;1,1430;6,9170;-0,2513;0,7854;-1,7172;-0,0001;0,9319;-0,2512;9;0
8,4603;8,5967;56,1354;10,1828;0,0000;23,6818;188,5967;405,000;61,227;0,000;50,000;6,9155;0,9497;-2,0982;-0,0000;1,1484;6,9155;-0,2524;0,7855;-1,7173;-0,0000;0,9318;-0,2524;9;0
8,4661;8,6368;56,1409;10,1706;-0,0000;23,6884;188,6368;405,000;61,516;0,000;50,000;6,9140;0,9543;-2,1081;-0,0000;1,1538;6,9140;-0,2535;0,7857;-1,7174;0,0001;0,9317;-0,2535;9;0
8,4719;8,6769;56,1465;10,1584;-0,0000;23,6952;188,6769;405,000;61,806;0,000;50,000;6,9126;0,9588;-2,1181;0,0000;1,1592;6,9126;-0,2545;0,7858;-1,7174;0,0000;0,9316;-0,2546;9;0
8,4777;8,7170;56,1520;10,1461;-0,0000;23,7019;188,7170;405,000;62,096;0,000;50,000;6,9111;0,9634;-2,1281;0,0000;1,1646;6,9111;-0,2549;0,7858;-1,7172;-0,0104;0,9305;-0,2426;9;0
8,4835;8,7570;56,1576;10,1337;0,0000;23,7087;188,7570;405,000;62,386;0,000;50,000;6,9096;0,9680;-2,1380;-0,0001;1,1700;6,9097;-0,2567;0,7861;-1,7176;0,0001;0,9314;-0,2568;9;0
8,4893;8,7971;56,1633;10,1213;-0,0000;23,7155;188,7971;405,000;62,676;0,000;50,000;6,9081;0,9725;-2,1480;0,0000;1,1754;6,9081;-0,2593;0,7865;-1,7183;0,0208;0,9336;-0,2837;9;0
8,4951;8,8371;56,1689;10,1088;0,0000;23,7223;188,8371;405,000;62,966;0,000;50,000;6,9066;0,9771;-2,1579;0,0001;1,1809;6,9065;-0,2589;0,7864;-1,7178;0,0000;0,9316;-0,2589;9;0
8,5009;8,8772;56,1746;10,0963;-0,0000;23,7292;188,8772;405,000;63,256;0,000;50,000;6,9051;0,9816;-2,1679;0,0000;1,1863;6,9051;-0,2592;0,7864;-1,7175;-0,0104;0,9302;-0,2470;9;0
8,5067;8,9172;56,1803;10,0837;0,0000;23,7361;188,9172;405,000;63,546;0,000;50,000;6,9036;0,9862;-2,1779;0,0000;1,1917;6,9036;-0,2610;0,7867;-1,7179;-0,0004;0,9310;-0,2606;9;0
8,5125;8,9572;56,1860;10,0710;0,0000;23,7430;188,9572;405,000;63,836;0,000;50,000;6,9021;0,9908;-2,1878;-0,0000;1,1971;6,9021;-0,2621;0,7869;-1,7180;-0,0000;0,9311;-0,2621;9;0
8,5183;8,9973;56,1918;10,0583;-0,0000;23,7499;188,9973;405,000;64,126;0,000;50,000;6,9006;0,9953;-2,1978;-0,0000;1,2024;6,9006;-0,2632;0,7870;-1,7181;0,0003;0,9311;-0,2635;9;0
8,5240;9,0373;56,1976;10,0455;-0,0000;23,7569;189,0373;405,000;64,416;0,000;50,000;6,8990;0,9999;-2,2077;0,0000;1,2078;6,8990;-0,2635;0,7871;-1,7179;-0,0104;0,9302;-0,2516;9;0
8,5298;9,0773;56,2034;10,0327;0,0000;23,7639;189,0773;405,000;64,706;0,000;50,000;6,8975;1,0045;-2,2177;-0,0001;1,2132;6,8976;0,9030;-6,4431;14,2439;0,0001;-7,8010;0,9030;9;0
8,5356;9,1173;56,2092;10,0198;-0,0000;23,7710;189,1173;405,000;64,996;0,000;50,000;6,9095;0,9252;-2,0425;0,0000;1,1174;6,9095;2,0975;-13,7835;30,4475;0,0208;-16,6628;2,0736;9;0
8,5414;9,1574;56,2141;10,0090;0,0000;23,7769;189,1574;404,992;65,286;0,000;50,000;6,9218;0,8446;-1,8646;0,0001;1,0200;6,9217;0,9691;-6,6643;14,7282;0,0000;-8,0636;0,9691;9;0
8,5472;9,1975;56,2190;9,9982;-0,0000;23,7828;189,1975;404,984;65,575;0,000;50,000;6,9207;0,8479;-1,8717;0,0000;1,0239;6,9207;0,6268;-6,4934;14,3475;-0,0104;-7,8547;0,6388;9;0
8,5530;9,2377;56,2239;9,9873;0,0000;23,7888;189,2377;404,977;65,865;0,000;50,000;6,9291;0,7693;-1,6982;0,0000;0,9289;6,9291;2,4815;-22,3585;49,3660;-0,0006;-27,0076;2,4820;9;0
8,5588;9,2779;56,2279;9,9785;0,0000;23,7936;189,2779;404,961;66,155;0,000;49,979;6,9495;0,5886;-1,2992;-0,0000;0,7106;6,9495;2,7125;-23,9984;52,9818;-0,0000;-28,9834;2,7125;9;0
8,5646;9,3183;56,2308;9,9722;-0,0000;23,7970;189,3183;404,936;66,443;0,000;50,000;6,9606;0,4910;-1,0837;-0,0000;0,5928;6,9606;0,9691;-9,6730;21,3572;0,0008;-11,6842;0,9683;9;0
8,5704;9,3586;56,2336;9,9659;-0,0000;23,8005;189,3586;404,912;66,732;0,000;50,000;6,9608;0,4764;-1,0515;0,0000;0,5751;6,9608;0,8659;-18,6688;41,2101;0,0000;-22,5413;0,8659;9;0
8,5762;9,3990;56,2363;9,9600;-0,0000;23,8037;189,3990;404,885;67,021;-0,000;49,991;6,9706;0,2745;-0,6058;0,0000;0,3313;6,9706;1,6403;-33,1772;73,2313;-0,0003;-40,0541;1,6406;9;0
8,5820;9,4395;56,2368;9,9589;0,0000;23,8043;189,4395;404,842;67,308;0,000;50,000;6,9798;0,0916;-0,2023;-0,0000;0,1106;6,9798;0,7794;-15,3773;33,9415;-0,0000;-18,5643;0,7795;9;0
8,5878;9,4799;56,2374;9,9577;-0,0000;23,8050;189,4799;404,798;67,594;-0,000;50,000;6,9796;0,0961;-0,2122;0,0000;0,1161;6,9796;-0,4031;-17,0217;37,5702;0,0000;-20,5485;-0,4031;9;0
8,5936;9,5204;56,2379;9,9564;0,0000;23,8057;189,5204;404,755;67,881;0,000;50,000;6,9751;-0,1058;0,2335;0,0000;-0,1277;6,9751;-0,7925;-36,7175;81,0432;-0,0062;-44,3258;-0,7858;9;0
8,5994;9,5608;56,2361;9,9604;0,0000;23,8035;189,5608;404,693;68,164;0,000;49,989;6,9704;-0,3297;0,7277;-0,0001;-0,3980;6,9705;-0,3976;-20,8166;45,9480;-0,0000;-25,1314;-0,3975;9;0
8,6052;9,6012;56,2341;9,9649;-0,0000;23,8010;189,6012;404,629;68,447;0,000;50,000;6,9705;-0,3472;0,7663;-0,0000;-0,4191;6,9705;-1,8509;-19,8175;43,7463;0,0124;-23,9287;-1,8642;9;0
8,6110;9,6417;56,2321;9,9693;0,0000;23,7986;189,6417;404,565;68,730;0,000;50,000;6,9490;-0,5595;1,2350;0,0001;-0,6755;6,9489;-3,9706;-39,4770;87,1448;-0,0000;-47,6678;-3,9706;9;0
8,6168;9,6818;56,2276;9,9792;0,0000;23,7932;189,6818;404,482;69,007;0,000;49,982;6,9244;-0,8050;1,7770;-0,0000;-0,9720;6,9244;-2,2984;-23,6382;52,1885;0,0042;-28,5509;-2,3013;9;0
8,6226;9,7220;56,2228;9,9899;-0,0000;23,7874;189,7220;404,396;69,284;0,000;50,000;6,9223;-0,8337;1,8403;0,0001;-1,0066;6,9222;-4,3711;-24,5330;54,1743;-0,0000;-29,6414;-4,3710;9;0
8,6284;9,7621;56,2179;10,0005;0,0000;23,7815;189,7621;404,310;69,561;0,000;50,000;6,8738;-1,0895;2,4053;-0,0000;-1,3157;6,8738;-8,4930;-44,9093;99,1658;-0,0208;-54,2556;-8,4738;9;0
8,6342;9,8017;56,2101;10,0178;-0,0000;23,7721;189,8017;404,202;69,830;0,000;49,994;6,8238;-1,3545;2,9903;-0,0001;-1,6359;6,8239;-5,5783;-27,6702;61,1200;0,0000;-33,4496;-5,5784;9;0
8,6400;9,8413;56,2022;10,0352;0,0000;23,7626;189,8413;404,092;70,099;0,000;50,000;6,8091;-1,4104;3,1141;-0,0000;-1,7037;6,8091;-8,2669;-28,9776;64,0259;0,0104;-35,0487;-8,2765;9;0
8,6458;9,8807;56,1938;10,0539;-0,0000;23,7523;189,8807;403,979;70,365;0,000;49,968;6,7280;-1,6906;3,7329;-0,0000;-2,0423;6,7280;-12,6542;-43,8649;96,9127;0,0001;-53,0478;-12,6543;9;0
8,6516;9,9193;56,1826;10,0785;-0,0000;23,7389;189,9193;403,845;70,622;0,000;50,000;6,6623;-1,9192;4,2380;0,0000;-2,3189;6,6623;-10,4383;-31,6551;69,9739;0,0000;-38,3188;-10,4383;9;0
8,6574;9,9579;56,1715;10,1030;0,0000;23,7254;189,9579;403,711;70,880;0,000;50,000;6,6069;-2,0577;4,5444;0,0000;-2,4867;6,6069;-14,7912;-36,8148;81,3972;-0,0002;-44,5824;-14,7910;9;0
8,6632;9,9959;56,1588;10,1312;0,0000;23,7100;189,9959;403,565;71,130;0,000;49,940;6,4908;-2,3461;5,1820;-0,0000;-2,8359;6,4908;-14,9727;-37,3841;82,6767;0,0000;-45,2925;-14,9727;9;0
8,6690;10,0332;56,1443;10,1631;0,0000;23,6926;190,0332;403,407;71,373;0,000;50,000;6,4333;-2,4912;5,5032;0,0000;-3,0120;6,4333;-16,3614;-33,9325;75,0885;-0,0013;-41,1566;-16,3600;9;0
8,6748;10,0705;56,1299;10,1950;0,0000;23,6751;190,0705;403,249;71,615;0,000;50,000;6,3010;-2,7396;6,0528;-0,0000;-3,3132;6,3010;-24,6068;-46,2396;102,3128;0,0000;-56,0731;-24,6068;9;0
8,6806;10,1063;56,1125;10,2333;-0,0000;23,6541;190,1063;403,069;71,843;0,000;49,969;6,1479;-3,0275;6,6898;0,0000;-3,6623;6,1479;-19,4045;-34,6975;76,8449;0,0027;-42,1462;-19,4074;9;0
8,6864;10,1418;56,0948;10,2726;0,0000;23,6326;190,1418;402,887;72,068;0,000;50,000;6,0760;-3,1420;6,9440;0,0000;-3,8020;6,0760;-22,5101;-33,7891;74,8850;-0,0000;-41,0958;-22,5101;9;0
8,6922;10,1767;56,0761;10,3139;0,0000;23,6100;190,1767;402,698;72,288;0,000;49,944;5,8868;-3,4193;7,5582;-0,0000;-4,1389;5,8868;-27,8688;-40,9051;90,6483;-0,0013;-49,7438;-27,8674;9;0
8,6980;10,2101;56,0551;10,3603;-0,0000;23,5846;190,2101;402,493;72,493;0,000;50,000;5,7528;-3,6164;7,9953;-0,0000;-4,3789;5,7528;-25,0471;-32,7447;72,6568;0,0000;-39,9122;-25,0471;9;0
8,7038;10,2435;56,0342;10,4066;-0,0000;23,5593;190,2435;402,288;72,698;0,000;50,000;5,5963;-3,7991;8,4009;0,0000;-4,6018;5,5963;-32,4660;-37,9105;84,1286;-0,0012;-46,2187;-32,4648;9;0
8,7096;10,2750;56,0110;10,4577;0,0000;23,5313;190,2750;402,068;72,887;0,000;49,944;5,3763;-4,0561;8,9710;-0,0000;-4,9149;5,3763;-26,9432;-30,8299;68,5088;-0,0000;-37,6789;-26,9432;9;0
8,7154;10,3058;55,9871;10,5106;-0,0000;23,5023;190,3058;401,843;73,069;0,000;50,000;5,2839;-4,1566;9,1954;0,0000;-5,0387;5,2839;-28,9456;-28,4223;63,2387;-0,0000;-34,8149;-28,9458;9;0
8,7212;10,3363;55,9628;10,5643;0,0000;23,4728;190,3363;401,615;73,249;0,000;49,969;5,0406;-4,3857;9,7044;-0,0000;-5,3187;5,0406;-39,0679;-36,7614;81,7319;-0,0000;-44,9706;-39,0678;9;0
8,7270;10,3643;55,9362;10,6232;-0,0000;23,4406;190,3643;401,373;73,407;0,000;50,000;4,8308;-4,5830;10,1433;-0,0000;-5,5603;4,8308;-29,2119;-25,4281;56,6988;0,0036;-31,2722;-29,2153;9;0
8,7328;10,3923;55,9097;10,6820;-0,0000;23,4083;190,3923;401,130;73,565;0,000;50,000;4,7018;-4,6806;10,3619;0,0000;-5,6813;4,7018;-33,2860;-25,3479;56,5732;0,0000;-31,2254;-33,2860;9;0
8,7386;10,4188;55,8820;10,7433;-0,0000;23,3747;190,4188;400,880;73,711;0,000;49,940;4,4448;-4,8769;10,7994;0,0000;-5,9224;4,4448;-32,7765;-24,9298;55,6818;-0,0032;-30,7521;-32,7732;9;0
8,7444;10,4438;55,8531;10,8072;0,0000;23,3397;190,4438;400,622;73,845;0,000;50,000;4,3217;-4,9697;11,0077;-0,0000;-6,0380;4,3217;-28,9894;-19,3721;43,4209;-0,0000;-24,0487;-28,9894;9;0
8,7502;10,4689;55,8243;10,8710;-0,0000;23,3047;190,4689;400,365;73,979;0,000;50,000;4,1086;-5,1016;11,3029;0,0000;-6,2013;4,1086;-40,9061;-25,3579;56,7223;0,0007;-31,3631;-40,9071;9;0
8,7560;10,4915;55,7940;10,9383;0,0000;23,2677;190,4915;400,099;74,092;0,000;49,968;3,8473;-5,2638;11,6655;-0,0000;-6,4017;3,8473;-27,0440;-16,4688;37,0569;-0,0000;-20,5881;-27,0439;9;0
8,7618;10,5135;55,7633;11,0063;-0,0000;23,2304;190,5135;399,830;74,202;0,000;50,000;3,7949;-5,2926;11,7327;-0,0000;-6,4401;3,7949;-26,6893;-13,6531;30,8589;0,0014;-17,2065;-26,6905;9;0
8,7676;10,5355;55,7326;11,0744;-0,0000;23,1931;190,5355;399,561;74,310;0,000;49,994;3,5377;-5,4222;12,0234;0,0000;-6,6013;3,5377;-43,6075;-21,9381;49,2582;0,0000;-27,3202;-43,6075;9;0
8,7734;10,5546;55,7004;11,1457;0,0000;23,1539;190,5546;399,284;74,396;0,000;50,000;3,2892;-5,5470;12,3040;0,0000;-6,7569;3,2892;-23,9459;-11,4360;25,9953;-0,0017;-14,5595;-23,9442;9;0
8,7792;10,5736;55,6683;11,2171;0,0000;23,1147;190,5736;399,007;74,482;0,000;50,000;3,2600;-5,5548;12,3249;-0,0000;-6,7701;3,2600;-23,8150;-9,2962;21,2834;-0,0000;-11,9872;-23,8150;9;0
8,7850;10,5924;55,6360;11,2887;-0,0000;23,0753;190,5924;398,730;74,565;0,000;49,982;3,0130;-5,6548;12,5508;-0,0000;-6,8959;3,0130;-39,7481;-16,0315;36,2516;0,0005;-20,2200;-39,7486;9;0
8,7908;10,6086;55,6027;11,3626;-0,0000;23,0347;190,6086;398,447;74,629;0,000;50,000;2,7991;-5,7407;12,7453;0,0000;-7,0046;2,7991;-20,0941;-7,5188;17,3773;0,0000;-9,8585;-20,0941;9;0
8,7966;10,6248;55,5694;11,4365;0,0000;22,9941;190,6248;398,164;74,693;0,000;50,000;2,7800;-5,7420;12,7523;0,0000;-7,0103;2,7800;-21,7183;-6,5620;15,2795;-0,0003;-8,7178;-21,7179;9;0
8,8024;10,6408;55,5361;11,5105;0,0000;22,9534;190,6408;397,881;74,755;0,000;49,989;2,5472;-5,8168;12,9225;-0,0000;-7,1057;2,5472;-38,2030;-12,2144;27,8519;-0,0000;-15,6376;-38,2030;9;0
8,8082;10,6544;55,5019;11,5864;-0,0000;22,9117;190,6544;397,594;74,798;0,000;50,000;2,3369;-5,8837;13,0753;-0,0000;-7,1916;2,3369;-17,8581;-5,1997;12,2829;0,0005;-7,0825;-17,8586;9;0
8,8140;10,6679;55,4678;11,6621;0,0000;22,8700;190,6679;397,308;74,842;0,000;50,000;2,3401;-5,8771;13,0650;0,0000;-7,1879;2,3401;-16,6294;-3,5940;8,7340;0,0000;-5,1400;-16,6294;9;0
8,8198;10,6815;55,4338;11,7379;-0,0000;22,8283;190,6815;397,021;74,885;0,000;50,000;2,1440;-5,9254;13,1766;-0,0000;-7,2512;2,1440;-35,5773;-8,8026;20,3278;-0,0002;-11,5255;-35,5771;9;0
8,8256;10,6928;55,3991;11,8150;-0,0000;22,7859;190,6928;396,732;74,912;0,000;49,991;1,9275;-5,9792;13,3007;0,0000;-7,3215;1,9275;-20,1971;-4,5508;10,8847;0,0000;-6,3339;-20,1971;9;0
8,8314;10,7039;55,3644;11,8921;0,0000;22,7434;190,7039;396,443;74,936;0,000;50,000;1,9098;-5,9781;13,3028;0,0000;-7,3247;1,9098;-10,8844;-1,4137;3,9189;-0,0003;-2,5055;-10,8841;9;0
8,8372;10,7149;55,3298;11,9692;0,0000;22,7010;190,7149;396,155;74,961;0,000;50,000;1,8012;-5,9956;13,3462;-0,0000;-7,3506;1,8012;-26,5487;-4,6954;11,2324;-0,0000;-6,5370;-26,5487;9;0
8,8430;10,7247;55,2949;12,0469;-0,0000;22,6582;190,7247;395,865;74,977;0,000;49,979;1,6019;-6,0326;13,4331;-0,0000;-7,4005;1,6019;-24,8048;-4,3064;10,3765;0,0004;-6,0693;-24,8052;10;0
8,8488;10,7335;55,2598;12,1250;0,0000;22,6151;190,7335;395,575;74,984;0,000;50,000;1,5136;-6,0455;13,4665;0,0000;-7,4210;1,5136;-7,5560;-0,5625;2,0467;0,0028;-1,4848;-7,5586;10;0
8,8546;10,7423;55,2248;12,2031;-0,0000;22,5721;190,7423;395,286;74,992;0,000;50,000;1,5143;-6,0391;13,4569;0,0000;-7,4177;1,5143;-7,8919;-0,3111;1,4927;-0,0002;-1,1820;-7,8917;10;0
8,8604;10,7511;55,1898;12,2811;0,0000;22,5291;190,7511;394,996;75,000;0,000;50,000;1,4220;-6,0491;13,4838;0,0000;-7,4347;1,4220;-15,7978;-1,7053;4,6039;-0,0056;-2,8974;-15,7927;10;0
8,8662;10,7588;55,1546;12,3595;-0,0000;22,4859;190,7588;394,706;75,000;0,000;50,000;1,3311;-6,0589;13,5102;-0,0000;-7,4513;1,3311;-7,6808;-0,2689;1,4055;-0,0000;-1,1366;-7,6808;10;0
8,8720;10,7665;55,1195;12,4378;0,0000;22,4427;190,7665;394,416;75,000;0,000;50,000;1,3330;-6,0523;13,5001;0,0000;-7,4479;1,3330;0,3260;1,1452;-1,7452;0,0026;0,5993;0,3236;10;0
8,8778;10,7743;55,0845;12,5160;0,0000;22,3995;190,7743;394,126;75,000;0,000;50,000;1,3349;-6,0456;13,4900;-0,0000;-7,4444;1,3349;0,3269;1,1434;-1,7410;0,0000;0,5976;0,3269;10;0
8,8836;10,7820;55,0494;12,5942;-0,0000;22,3564;190,7820;393,836;75,000;0,000;50,000;1,3368;-6,0390;13,4799;0,0000;-7,4409;1,3368;0,3275;1,1415;-1,7366;0,0001;0,5952;0,3274;10;0
8,8894;10,7898;55,0144;12,6724;0,0000;22,3132;190,7898;393,546;75,000;0,000;50,000;1,3387;-6,0324;13,4699;0,0000;-7,4375;1,3387;0,3282;1,1395;-1,7321;-0,0002;0,5923;0,3285;10;0
8,8952;10,7975;54,9795;12,7504;0,0000;22,2701;190,7975;393,256;75,000;0,000;50,000;1,3406;-6,0258;13,4598;-0,0000;-7,4341;1,3406;0,3289;1,1377;-1,7279;-0,0000;0,5902;0,3289;10;0
8,9010;10,8053;54,9445;12,8285;-0,0000;22,2270;190,8053;392,966;75,000;0,000;50,000;1,3425;-6,0192;13,4498;-0,0000;-7,4306;1,3425;0,3296;1,1359;-1,7237;0,0004;0,5884;0,3292;10;0
8,9068;10,8131;54,9096;12,9064;0,0000;22,1839;190,8131;392,676;75,000;0,000;50,000;1,3444;-6,0126;13,4398;0,0000;-7,4272;1,3444;0,3303;1,1340;-1,7192;0,0000;0,5852;0,3303;10;0
8,9126;10,8209;54,8748;12,9843;-0,0000;22,1409;190,8209;392,386;75,000;0,000;50,000;1,3463;-6,0060;13,4299;0,0000;-7,4238;1,3463;0,3310;1,1321;-1,7147;-0,0004;0,5821;0,3314;10;0
8,9184;10,8287;54,8400;13,0622;0,0000;22,0978;190,8287;392,096;75,000;0,000;50,000;1,3482;-5,9995;13,4200;-0,0000;-7,4205;1,3482;0,3317;1,1303;-1,7106;-0,0000;0,5803;0,3317;10;0
8,9242;10,8365;54,8052;13,1400;-0,0000;22,0548;190,8365;391,806;75,000;0,000;50,000;1,3502;-5,9929;13,4100;-0,0000;-7,4171;1,3502;0,3324;1,1286;-1,7066;0,0004;0,5785;0,3320;10;0
8,9300;10,8444;54,7705;13,2177;0,0000;22,0118;190,8444;391,516;75,000;0,000;50,000;1,3521;-5,9864;13,4002;0,0000;-7,4138;1,3521;0,3330;1,1266;-1,7020;0,0012;0,5749;0,3320;10;0
8,9358;10,8522;54,7358;13,2954;-0,0000;21,9688;190,8522;391,227;75,000;0,000;50,000;1,3540;-5,9799;13,3903;0,0000;-7,4105;1,3540;0,3338;1,1248;-1,6978;-0,0002;0,5727;0,3340;10;0
8,9416;10,8601;54,7011;13,3730;0,0000;21,9259;190,8601;390,937;75,000;0,000;50,000;1,3560;-5,9733;13,3805;0,0000;-7,4071;1,3560;0,3347;1,1232;-1,6940;-0,0023;0,5717;0,3367;10;0
8,9474;10,8679;54,6665;13,4505;-0,0000;21,8829;190,8679;390,647;75,000;0,000;50,000;1,3579;-5,9668;13,3707;-0,0000;-7,4038;1,3579;0,3357;1,1210;-1,6889;-0,0063;0,5659;0,3417;10;0
8,9532;10,8758;54,6319;13,5280;0,0000;21,8400;190,8758;390,357;75,000;0,000;50,000;1,3598;-5,9603;13,3609;-0,0001;-7,4006;1,3599;0,3359;1,1195;-1,6852;0,0011;0,5653;0,3349;10;0
8,9589;10,8837;54,5974;13,6055;-0,0000;21,7971;190,8837;390,067;75,000;0,000;50,000;1,3618;-5,9539;13,3511;-0,0000;-7,3973;1,3618;0,3359;1,1185;-1,6827;0,0112;0,5684;0,3252;10;0
8,9647;10,8916;54,5629;13,6829;0,0000;21,7542;190,8916;389,777;75,000;0,000;50,000;1,3637;-5,9474;13,3414;0,0001;-7,3940;1,3637;0,3374;1,1161;-1,6771;0,0000;0,5610;0,3374;10;0
8,9705;10,8995;54,5284;13,7602;-0,0000;21,7114;190,8995;389,487;75,000;0,000;50,000;1,3657;-5,9409;13,3317;-0,0000;-7,3908;1,3657;0,3383;1,1139;-1,6721;-0,0033;0,5556;0,3414;10;0
8,9763;10,9074;54,4940;13,8375;-0,0000;21,6685;190,9074;389,197;75,000;0,000;50,000;1,3677;-5,9345;13,3220;0,0000;-7,3875;1,3676;0,3388;1,1126;-1,6689;0,0000;0,5563;0,3388;10;0
8,9821;10,9154;54,4596;13,9147;0,0000;21,6257;190,9154;388,907;75,000;0,000;50,000;1,3696;-5,9280;13,3123;0,0000;-7,3843;1,3696;0,3397;1,1109;-1,6649;-0,0016;0,5543;0,3413;10;0
8,9879;10,9233;54,4252;13,9919;0,0000;21,5829;190,9233;388,617;75,000;0,000;50,000;1,3716;-5,9216;13,3027;-0,0000;-7,3811;1,3716;0,3402;1,1092;-1,6607;0,0003;0,5513;0,3399;10;0
8,9937;10,9313;54,3909;14,0690;-0,0000;21,5401;190,9313;388,327;75,000;0,000;50,000;1,3736;-5,9151;13,2931;0,0000;-7,3779;1,3736;0,3410;1,1075;-1,6567;0,0001;0,5492;0,3409;10;0
8,9995;10,9393;54,3566;14,1460;0,0000;21,4973;190,9393;388,037;75,000;0,000;50,000;1,3756;-5,9087;13,2835;0,0000;-7,3747;1,3756;0,3418;1,1059;-1,6529;-0,0006;0,5475;0,3425;10;0
9,0053;10,9472;54,3224;14,2230;0,0000;21,4546;190,9472;387,747;75,000;0,000;50,000;1,3775;-5,9023;13,2739;-0,0000;-7,3716;1,3775;0,3425;1,1041;-1,6486;-0,0001;0,5442;0,3425;10;0
9,0111;10,9552;54,2882;14,3000;0,0000;21,4118;190,9552;387,457;75,000;0,000;50,000;1,3795;-5,8959;13,2643;-0,0000;-7,3684;1,3795;0,3432;1,1025;-1,6446;0,0003;0,5419;0,3428;10;0
9,0169;10,9632;54,2540;14,3769;-0,0000;21,3691;190,9632;387,167;75,000;0,000;50,000;1,3815;-5,8895;13,2548;-0,0000;-7,3653;1,3815;0,3439;1,1010;-1,6410;0,0002;0,5407;0,3438;10;0
9,0227;10,9713;54,2199;14,4537;0,0000;21,3264;190,9713;386,878;75,000;0,000;50,000;1,3835;-5,8832;13,2453;0,0000;-7,3622;1,3835;0,3446;1,0992;-1,6367;0,0014;0,5372;0,3433;10;0
9,0285;10,9793;54,1858;14,5305;-0,0000;21,2837;190,9793;386,588;75,000;0,000;50,000;1,3855;-5,8768;13,2358;0,0000;-7,3590;1,3855;0,3454;1,0976;-1,6328;-0,0001;0,5349;0,3455;10;0
9,0343;10,9873;54,1517;14,6072;0,0000;21,2411;190,9873;386,298;75,000;0,000;50,000;1,3875;-5,8704;13,2264;0,0000;-7,3559;1,3875;0,3463;1,0961;-1,6292;-0,0028;0,5338;0,3488;10;0
9,0401;10,9954;54,1177;14,6839;-0,0000;21,1984;190,9954;386,008;75,000;0,000;50,000;1,3895;-5,8641;13,2169;-0,0000;-7,3529;1,3895;0,3473;1,0939;-1,6241;-0,0057;0,5272;0,3526;10;0
9,0459;11,0034;54,0837;14,7605;0,0000;21,1558;191,0034;385,718;75,000;0,000;50,000;1,3916;-5,8577;13,2075;-0,0001;-7,3498;1,3916;0,3475;1,0927;-1,6210;0,0014;0,5279;0,3463;10;0
9,0517;11,0115;54,0498;14,8370;-0,0000;21,1132;191,0115;385,428;75,000;0,000;50,000;1,3936;-5,8514;13,1981;-0,0000;-7,3467;1,3936;0,3476;1,0921;-1,6193;0,0114;0,5331;0,3369;10;0
9,0575;11,0196;54,0159;14,9136;0,0000;21,0706;191,0196;385,138;75,000;0,000;50,000;1,3956;-5,8451;13,1888;0,0001;-7,3437;1,3955;0,3491;1,0896;-1,6134;0,0000;0,5238;0,3491;10;0
9,0633;11,0277;53,9820;14,9900;-0,0000;21,0280;191,0277;384,848;75,000;-0,000;50,000;1,3976;-5,8388;13,1794;-0,0000;-7,3407;1,3976;0,3503;1,0876;-1,6085;-0,0059;0,5177;0,3559;10;0
9,0691;11,0358;53,9482;15,0664;0,0000;20,9854;191,0358;384,558;75,000;0,000;50,000;1,3996;-5,8325;13,1701;-0,0000;-7,3376;1,3996;0,3506;1,0865;-1,6058;0,0000;0,5193;0,3506;10;0
9,0749;11,0439;53,9144;15,1427;-0,0000;20,9429;191,0439;384,268;75,000;0,000;50,000;1,4017;-5,8262;13,1608;-0,0000;-7,3346;1,4017;0,3514;1,0850;-1,6022;0,0005;0,5177;0,3509;10;0
9,0807;11,0521;53,8806;15,2190;0,0000;20,9004;191,0521;383,978;75,000;0,000;50,000;1,4037;-5,8199;13,1515;0,0000;-7,3316;1,4037;0,3522;1,0834;-1,5981;-0,0002;0,5145;0,3524;10;0
9,0865;11,0602;53,8469;15,2953;0,0000;20,8579;191,0602;383,688;75,000;0,000;50,000;1,4058;-5,8136;13,1423;-0,0000;-7,3287;1,4058;0,3529;1,0818;-1,5943;-0,0002;0,5122;0,3532;10;0
9,0923;11,0684;53,8132;15,3714;-0,0000;20,8154;191,0684;383,398;75,000;0,000;50,000;1,4078;-5,8073;13,1330;-0,0000;-7,3257;1,4078;0,3536;1,0804;-1,5909;0,0004;0,5110;0,3532;10;0
9,0981;11,0765;53,7795;15,4476;0,0000;20,7729;191,0765;383,108;75,000;0,000;50,000;1,4099;-5,8011;13,1238;0,0000;-7,3227;1,4099;0,3543;1,0788;-1,5868;0,0018;0,5075;0,3526;10;0
9,1039;11,0847;53,7459;15,5236;-0,0000;20,7305;191,0847;382,818;75,000;0,000;50,000;1,4119;-5,7948;13,1146;0,0000;-7,3198;1,4119;0,3552;1,0773;-1,5831;-0,0002;0,5055;0,3554;10;0
9,1097;11,0929;53,7123;15,5997;0,0000;20,6880;191,0929;382,529;75,000;0,000;50,000;1,4140;-5,7886;13,1055;0,0000;-7,3169;1,4140;0,3562;1,0760;-1,5799;-0,0036;0,5049;0,3595;10;0
9,1155;11,1011;53,6788;15,6756;-0,0000;20,6456;191,1011;382,239;75,000;0,000;50,000;1,4161;-5,7823;13,0963;-0,0000;-7,3140;1,4161;0,3567;1,0744;-1,5758;-0,0000;0,5014;0,3567;10;0
9,1213;11,1093;53,6452;15,7515;0,0000;20,6032;191,1093;381,949;75,000;0,000;50,000;1,4181;-5,7761;13,0872;0,0000;-7,3111;1,4181;0,3574;1,0729;-1,5720;0,0018;0,4986;0,3557;10;0
9,1271;11,1176;53,6118;15,8274;0,0000;20,5608;191,1176;381,659;75,000;0,000;50,000;1,4202;-5,7699;13,0781;-0,0000;-7,3082;1,4202;0,3583;1,0714;-1,5684;-0,0002;0,4967;0,3585;10;0
9,1329;11,1258;53,5783;15,9032;0,0000;20,5185;191,1258;381,369;75,000;0,000;50,000;1,4223;-5,7637;13,0690;-0,0000;-7,3053;1,4223;0,3591;1,0700;-1,5649;-0,0000;0,4948;0,3591;10;0
9,1387;11,1341;53,5449;15,9790;-0,0000;20,4761;191,1341;381,079;75,000;0,000;50,000;1,4244;-5,7575;13,0599;-0,0000;-7,3024;1,4244;0,3598;1,0687;-1,5614;0,0004;0,4934;0,3594;10;0
9,1445;11,1423;53,5116;16,0547;0,0000;20,4338;191,1423;380,789;75,000;0,000;50,000;1,4264;-5,7513;13,0509;0,0000;-7,2996;1,4264;0,3605;1,0671;-1,5575;0,0022;0,4899;0,3584;10;0
9,1503;11,1506;53,4782;16,1303;-0,0000;20,3914;191,1506;380,499;75,000;0,000;50,000;1,4285;-5,7451;13,0419;0,0000;-7,2968;1,4285;0,3614;1,0657;-1,5539;-0,0002;0,4879;0,3616;10;0
9,1561;11,1589;53,4449;16,2059;0,0000;20,3491;191,1589;380,209;75,000;0,000;50,000;1,4306;-5,7389;13,0329;0,0000;-7,2939;1,4306;0,3625;1,0645;-1,5508;-0,0043;0,4873;0,3665;10;0
9,1619;11,1672;53,4117;16,2815;-0,0000;20,3069;191,1672;379,919;75,000;0,000;50,000;1,4327;-5,7328;13,0239;-0,0000;-7,2911;1,4328;0,3630;1,0629;-1,5469;-0,0000;0,4840;0,3630;10;0
9,1677;11,1755;53,3784;16,3570;0,0000;20,2646;191,1755;379,629;75,000;0,000;50,000;1,4349;-5,7266;13,0149;0,0000;-7,2883;1,4349;0,3636;1,0614;-1,5432;0,0020;0,4812;0,3618;10;0
9,1735;11,1838;53,3453;16,4324;0,0000;20,2223;191,1838;379,339;75,000;0,000;50,000;1,4370;-5,7205;13,0060;-0,0000;-7,2855;1,4370;0,3645;1,0601;-1,5397;0,0002;0,4794;0,3643;10;0
9,1793;11,1922;53,3121;16,5078;-0,0000;20,1801;191,1922;379,049;75,000;0,000;50,000;1,4391;-5,7143;12,9971;0,0000;-7,2828;1,4391;0,3653;1,0588;-1,5363;0,0001;0,4776;0,3653;10;0
9,1851;11,2005;53,2790;16,5831;0,0000;20,1379;191,2005;378,759;75,000;0,000;50,000;1,4412;-5,7082;12,9882;0,0000;-7,2800;1,4412;0,3662;1,0575;-1,5330;-0,0005;0,4760;0,3667;10;0
9,1909;11,2089;53,2459;16,6584;0,0000;20,0957;191,2089;378,469;75,000;0,000;50,000;1,4433;-5,7021;12,9793;-0,0000;-7,2772;1,4433;0,3670;1,0560;-1,5292;-0,0002;0,4729;0,3671;10;0
9,1967;11,2173;53,2129;16,7337;0,0000;20,0535;191,2173;378,180;75,000;0,000;50,000;1,4455;-5,6959;12,9704;-0,0000;-7,2745;1,4455;0,3677;1,0547;-1,5257;0,0002;0,4708;0,3675;10;0
9,2025;11,2257;53,1798;16,8089;-0,0000;20,0113;191,2257;377,890;75,000;0,000;50,000;1,4476;-5,6898;12,9616;-0,0000;-7,2718;1,4476;0,3685;1,0534;-1,5225;0,0003;0,4696;0,3682;10;0
9,2083;11,2341;53,1469;16,8840;0,0000;19,9691;191,2341;377,600;75,000;0,000;50,000;1,4497;-5,6837;12,9528;0,0000;-7,2691;1,4497;0,3694;1,0520;-1,5188;-0,0003;0,4666;0,3697;10;0
9,2141;11,2425;53,1139;16,9591;0,0000;19,9270;191,2425;377,310;75,000;0,000;50,000;1,4519;-5,6776;12,9440;-0,0000;-7,2664;1,4519;0,3702;1,0507;-1,5154;-0,0002;0,4645;0,3704;10;0
9,2199;11,2509;53,0810;17,0341;-0,0000;19,8849;191,2509;377,020;75,000;0,000;50,000;1,4540;-5,6715;12,9352;-0,0000;-7,2637;1,4540;0,3710;1,0495;-1,5122;0,0005;0,4633;0,3704;10;0
9,2257;11,2593;53,0482;17,1091;0,0000;19,8428;191,2593;376,730;75,000;0,000;50,000;1,4562;-5,6654;12,9264;0,0000;-7,2610;1,4562;0,3716;1,0480;-1,5085;0,0024;0,4599;0,3694;10;0
9,2315;11,2678;53,0153;17,1840;-0,0000;19,8007;191,2678;376,440;75,000;0,000;50,000;1,4583;-5,6594;12,9177;0,0000;-7,2583;1,4583;0,3726;1,0468;-1,5052;-0,0002;0,4582;0,3729;10;0
9,2373;11,2762;52,9825;17,2589;0,0000;19,7586;191,2762;376,150;75,000;0,000;50,000;1,4605;-5,6533;12,9090;0,0000;-7,2557;1,4605;0,3737;1,0457;-1,5023;-0,0047;0,4578;0,3781;10;0
9,2431;11,2847;52,9498;17,3337;-0,0000;19,7165;191,2847;375,860;75,000;0,000;50,000;1,4627;-5,6472;12,9003;-0,0000;-7,2530;1,4627;0,3743;1,0442;-1,4985;-0,0000;0,4543;0,3743;10;0
9,2489;11,2932;52,9170;17,4085;0,0000;19,6745;191,2932;375,570;75,000;0,000;50,000;1,4648;-5,6412;12,8916;0,0000;-7,2504;1,4648;0,3750;1,0428;-1,4949;0,0018;0,4511;0,3734;10;0
9,2547;11,3017;52,8843;17,4832;0,0000;19,6324;191,3017;375,280;75,000;0,000;50,000;1,4670;-5,6352;12,8829;-0,0000;-7,2478;1,4670;0,3759;1,0417;-1,4919;-0,0000;0,4502;0,3759;10;0
9,2605;11,3102;52,8517;17,5579;-0,0000;19,5904;191,3102;374,990;75,000;0,000;50,000;1,4692;-5,6291;12,8743;-0,0000;-7,2452;1,4692;0,3767;1,0405;-1,4887;0,0008;0,4488;0,3758;10;0
9,2663;11,3187;52,8190;17,6325;0,0000;19,5484;191,3187;374,700;75,000;0,000;50,000;1,4714;-5,6231;12,8657;0,0000;-7,2426;1,4714;0,3776;1,0392;-1,4852;-0,0003;0,4457;0,3779;10;0
9,2721;11,3273;52,7865;17,7071;0,0000;19,5064;191,3273;374,410;75,000;0,000;50,000;1,4736;-5,6171;12,8571;-0,0000;-7,2400;1,4736;0,3784;1,0379;-1,4819;-0,0003;0,4437;0,3788;10;0
9,2779;11,3358;52,7539;17,7817;-0,0000;19,4644;191,3358;374,120;75,000;0,000;50,000;1,4758;-5,6111;12,8485;-0,0000;-7,2374;1,4758;0,3792;1,0368;-1,4789;0,0005;0,4426;0,3786;10;0
9,2837;11,3444;52,7214;17,8561;0,0000;19,4225;191,3444;373,831;75,000;0,000;50,000;1,4780;-5,6050;12,8399;0,0000;-7,2349;1,4780;0,3799;1,0355;-1,4752;0,0029;0,4392;0,3771;10;0
9,2895;11,3530;52,6889;17,9306;-0,0000;19,3805;191,3530;373,541;75,000;0,000;50,000;1,4802;-5,5990;12,8314;0,0000;-7,2324;1,4801;0,3809;1,0343;-1,4721;-0,0002;0,4375;0,3812;10;0
9,2953;11,3616;52,6565;18,0049;0,0000;19,3386;191,3616;373,251;75,000;0,000;50,000;1,4824;-5,5930;12,8229;0,0000;-7,2298;1,4824;0,3821;1,0333;-1,4693;-0,0057;0,4373;0,3874;10;0
9,3011;11,3702;52,6240;18,0793;-0,0000;19,2967;191,3702;372,961;75,000;0,000;50,000;1,4846;-5,5871;12,8143;-0,0000;-7,2273;1,4846;0,3826;1,0319;-1,4657;-0,0000;0,4338;0,3826;10;0
9,3069;11,3788;52,5917;18,1536;0,0000;19,2548;191,3788;372,671;75,000;0,000;50,000;1,4868;-5,5811;12,8059;0,0000;-7,2248;1,4868;0,3833;1,0307;-1,4623;0,0025;0,4309;0,3810;10;0
9,3127;11,3874;52,5593;18,2278;0,0000;19,2129;191,3874;372,381;75,000;0,000;50,000;1,4891;-5,5751;12,7974;-0,0000;-7,2223;1,4891;0,3842;1,0296;-1,4592;0,0012;0,4294;0,3829;10;0
9,3185;11,3961;52,5270;18,3020;-0,0000;19,1710;191,3961;372,091;75,000;0,000;50,000;1,4913;-5,5691;12,7889;0,0000;-7,2198;1,4913;0,3851;1,0284;-1,4561;0,0002;0,4278;0,3849;10;0
9,3243;11,4047;52,4947;18,3761;0,0000;19,1292;191,4047;371,801;75,000;0,000;50,000;1,4935;-5,5632;12,7805;0,0000;-7,2173;1,4935;0,3861;1,0273;-1,4531;-0,0023;0,4263;0,3887;10;0
9,3301;11,4134;52,4625;18,4502;-0,0000;19,0873;191,4134;371,511;75,000;0,000;50,000;1,4958;-5,5572;12,7721;-0,0000;-7,2149;1,4958;0,3872;1,0257;-1,4489;-0,0060;0,4205;0,3929;10;0
9,3359;11,4221;52,4303;18,5242;0,0000;19,0455;191,4221;371,221;75,000;0,000;50,000;1,4980;-5,5513;12,7637;-0,0001;-7,2124;1,4981;0,3876;1,0249;-1,4466;0,0011;0,4214;0,3864;10;0
9,3417;11,4307;52,3981;18,5982;-0,0000;19,0037;191,4307;370,931;75,000;0,000;50,000;1,5003;-5,5453;12,7553;-0,0000;-7,2100;1,5003;0,3880;1,0247;-1,4454;0,0090;0,4265;0,3795;10;0
9,3475;11,4395;52,3660;18,6722;0,0000;18,9619;191,4395;370,641;75,000;0,000;50,000;1,5025;-5,5394;12,7469;0,0000;-7,2075;1,5025;0,3894;1,0227;-1,4404;-0,0000;0,4177;0,3894;10;0
9,3533;11,4482;52,3339;18,7460;-0,0000;18,9201;191,4482;370,351;75,000;0,000;50,000;1,5048;-5,5335;12,7386;-0,0000;-7,2051;1,5048;0,3903;1,0211;-1,4362;-0,0001;0,4117;0,3901;10;0
9,3591;11,4569;52,3018;18,8199;-0,0000;18,8783;191,4569;370,061;75,000;0,000;50,000;1,5070;-5,5276;12,7303;0,0000;-7,2027;1,5070;0,3912;1,0205;-1,4342;0,0000;0,4137;0,3912;10;0
9,3649;11,4656;52,2698;18,8937;0,0000;18,8366;191,4656;369,771;75,000;0,000;50,000;1,5093;-5,5216;12,7220;0,0000;-7,2003;1,5093;0,3922;1,0194;-1,4312;-0,0032;0,4118;0,3954;10;0
9,3707;11,4744;52,2378;18,9674;0,0000;18,7948;191,4744;369,482;75,000;0,000;50,000;1,5116;-5,5157;12,7137;-0,0000;-7,1979;1,5116;0,3929;1,0183;-1,4281;-0,0000;0,4098;0,3929;10;0
9,3765;11,4832;52,2058;19,0411;-0,0000;18,7531;191,4832;369,192;75,000;0,000;50,000;1,5139;-5,5098;12,7054;-0,0000;-7,1956;1,5139;0,3938;1,0173;-1,4252;0,0004;0,4084;0,3933;10;0
9,3823;11,4920;52,1739;19,1148;0,0000;18,7114;191,4920;368,902;75,000;0,000;50,000;1,5162;-5,5039;12,6972;0,0000;-7,1932;1,5162;0,3945;1,0161;-1,4218;0,0031;0,4052;0,3916;10;0
9,3881;11,5008;52,1420;19,1884;-0,0000;18,6697;191,5008;368,612;75,000;0,000;50,000;1,5184;-5,4980;12,6889;0,0000;-7,1909;1,5184;0,3956;1,0151;-1,4189;-0,0002;0,4035;0,3958;10;0
9,3939;11,5096;52,1101;19,2619;0,0000;18,6280;191,5096;368,322;75,000;0,000;50,000;1,5207;-5,4922;12,6807;0,0000;-7,1885;1,5207;0,3968;1,0142;-1,4163;-0,0059;0,4033;0,4024;10;0
9,3996;11,5184;52,0783;19,3354;-0,0000;18,5863;191,5184;368,032;75,000;0,000;50,000;1,5230;-5,4863;12,6725;-0,0000;-7,1862;1,5231;0,3973;1,0130;-1,4129;-0,0000;0,4000;0,3973;10;0
9,4054;11,5272;52,0465;19,4089;0,0000;18,5446;191,5272;367,742;75,000;0,000;50,000;1,5253;-5,4804;12,6643;0,0000;-7,1839;1,5253;0,3981;1,0118;-1,4097;0,0026;0,3972;0,3956;10;0
9,4112;11,5361;52,0147;19,4823;0,0000;18,5030;191,5361;367,452;75,000;0,000;50,000;1,5277;-5,4746;12,6561;-0,0000;-7,1816;1,5277;0,3990;1,0109;-1,4069;0,0013;0,3958;0,3976;10;0
9,4170;11,5450;51,9830;19,5557;-0,0000;18,4613;191,5450;367,162;75,000;0,000;50,000;1,5300;-5,4687;12,6480;0,0000;-7,1793;1,5300;0,4000;1,0099;-1,4040;0,0002;0,3942;0,3998;10;0
9,4228;11,5538;51,9513;19,6290;0,0000;18,4197;191,5538;366,872;75,000;0,000;50,000;1,5323;-5,4628;12,6399;0,0000;-7,1770;1,5323;0,4011;1,0089;-1,4012;-0,0026;0,3928;0,4039;10;0
9,4286;11,5627;51,9196;19,7023;-0,0000;18,3781;191,5627;366,582;75,000;0,000;50,000;1,5346;-5,4570;12,6317;-0,0000;-7,1747;1,5346;0,4018;1,0079;-1,3981;-0,0000;0,3903;0,4018;10;0
9,4344;11,5716;51,8880;19,7755;0,0000;18,3365;191,5716;366,292;75,000;0,000;50,000;1,5370;-5,4512;12,6236;0,0000;-7,1725;1,5370;0,4026;1,0068;-1,3951;0,0013;0,3880;0,4013;10;0
9,4402;11,5805;51,8564;19,8487;-0,0000;18,2949;191,5805;366,002;75,000;-0,000;50,000;1,5393;-5,4453;12,6156;-0,0000;-7,1702;1,5393;0,4036;1,0059;-1,3923;0,0000;0,3864;0,4036;10;0
9,4460;11,5895;51,8248;19,9218;0,0000;18,2534;191,5895;365,712;75,000;0,000;50,000;1,5416;-5,4395;12,6075;0,0000;-7,1680;1,5416;0,4045;1,0048;-1,3893;-0,0002;0,3842;0,4048;10;0
9,4518;11,5984;51,7933;19,9949;0,0000;18,2118;191,5984;365,422;75,000;0,000;50,000;1,5440;-5,4337;12,5995;-0,0000;-7,1658;1,5440;0,4054;1,0039;-1,3865;-0,0000;0,3826;0,4054;10;0
9,4576;11,6074;51,7618;20,0679;-0,0000;18,1702;191,6074;365,133;75,000;0,000;50,000;1,5463;-5,4278;12,5914;-0,0000;-7,1636;1,5463;0,4063;1,0030;-1,3838;0,0005;0,3813;0,4059;10;0
9,4634;11,6164;51,7304;20,1409;0,0000;18,1287;191,6164;364,843;75,000;0,000;50,000;1,5487;-5,4220;12,5834;0,0000;-7,1614;1,5487;0,4073;1,0019;-1,3807;0,0000;0,3788;0,4073;10;0
9,4692;11,6253;51,6989;20,2139;-0,0000;18,0872;191,6253;364,553;75,000;0,000;50,000;1,5511;-5,4162;12,5754;-0,0000;-7,1592;1,5511;0,4082;1,0010;-1,3778;-0,0002;0,3765;0,4084;10;0
9,4750;11,6343;51,6676;20,2868;-0,0000;18,0457;191,6343;364,263;75,000;0,000;50,000;1,5534;-5,4104;12,5674;0,0000;-7,1570;1,5534;0,4091;1,0000;-1,3750;0,0000;0,3750;0,4091;10;0
9,4808;11,6434;51,6362;20,3596;0,0000;18,0042;191,6434;363,973;75,000;0,000;50,000;1,5558;-5,4046;12,5595;0,0000;-7,1548;1,5558;0,4100;0,9991;-1,3722;-0,0000;0,3731;0,4101;10;0
9,4866;11,6524;51,6049;20,4324;0,0000;17,9627;191,6524;363,683;75,000;0,000;50,000;1,5582;-5,3988;12,5515;0,0000;-7,1527;1,5582;0,4110;0,9981;-1,3693;-0,0003;0,3709;0,4113;10;0
9,4924;11,6614;51,5736;20,5052;0,0000;17,9212;191,6614;363,393;75,000;0,000;50,000;1,5606;-5,3930;12,5436;-0,0000;-7,1505;1,5606;0,4119;0,9972;-1,3666;-0,0000;0,3693;0,4119;10;0
9,4982;11,6705;51,5423;20,5779;-0,0000;17,8798;191,6705;363,103;75,000;0,000;50,000;1,5630;-5,3873;12,5357;-0,0000;-7,1484;1,5630;0,4128;0,9964;-1,3639;0,0005;0,3681;0,4123;10;0
9,5040;11,6796;51,5111;20,6506;0,0000;17,8383;191,6796;362,813;75,000;0,000;50,000;1,5654;-5,3815;12,5278;0,0000;-7,1463;1,5654;0,4138;0,9954;-1,3610;0,0000;0,3656;0,4138;10;0
9,5098;11,6886;51,4799;20,7232;-0,0000;17,7969;191,6886;362,523;75,000;0,000;50,000;1,5678;-5,3757;12,5199;0,0000;-7,1442;1,5678;0,4147;0,9944;-1,3580;-0,0006;0,3630;0,4153;10;0
9,5156;11,6977;51,4488;20,7957;0,0000;17,7555;191,6977;362,233;75,000;0,000;50,000;1,5702;-5,3700;12,5120;-0,0000;-7,1421;1,5702;0,4157;0,9936;-1,3554;-0,0000;0,3618;0,4157;10;0
9,5214;11,7069;51,4176;20,8683;-0,0000;17,7141;191,7069;361,943;75,000;0,000;50,000;1,5726;-5,3642;12,5042;-0,0000;-7,1400;1,5726;0,4166;0,9928;-1,3528;0,0007;0,3606;0,4159;10;0
9,5272;11,7160;51,3866;20,9408;0,0000;17,6727;191,7160;361,653;75,000;0,000;50,000;1,5750;-5,3584;12,4963;0,0000;-7,1379;1,5750;0,4173;0,9917;-1,3497;0,0049;0,3572;0,4126;10;0
9,5330;11,7251;51,3555;21,0132;-0,0000;17,6313;191,7251;361,363;75,000;0,000;50,000;1,5774;-5,3527;12,4885;0,0001;-7,1358;1,5774;0,4185;0,9909;-1,3471;-0,0003;0,3559;0,4188;10;0
9,5388;11,7343;51,3245;21,0856;0,0000;17,5899;191,7343;361,073;75,000;0,000;50,000;1,5799;-5,3470;12,4807;0,0000;-7,1337;1,5799;0,4200;0,9903;-1,3450;-0,0090;0,3564;0,4286;10;0
9,5446;11,7434;51,2935;21,1579;-0,0000;17,5486;191,7434;360,784;75,000;0,000;50,000;1,5823;-5,3412;12,4729;-0,0000;-7,1317;1,5823;0,4204;0,9892;-1,3418;-0,0000;0,3525;0,4204;10;0
9,5504;11,7526;51,2625;21,2303;0,0000;17,5072;191,7526;360,494;75,000;0,000;50,000;1,5847;-5,3355;12,4651;0,0000;-7,1297;1,5847;0,4212;0,9882;-1,3387;0,0034;0,3493;0,4180;10;0
9,5562;11,7618;51,2316;21,3025;0,0000;17,4659;191,7618;360,204;75,000;0,000;50,000;1,5872;-5,3298;12,4574;-0,0000;-7,1276;1,5872;0,4223;0,9876;-1,3364;-0,0000;0,3488;0,4223;10;0
9,5620;11,7710;51,2007;21,3747;-0,0000;17,4246;191,7710;359,914;75,000;0,000;50,000;1,5896;-5,3240;12,4496;-0,0000;-7,1256;1,5896;0,4232;0,9867;-1,3338;0,0008;0,3472;0,4224;10;0
9,5678;11,7803;51,1699;21,4469;-0,0000;17,3832;191,7803;359,624;75,000;0,000;50,000;1,5921;-5,3183;12,4419;0,0000;-7,1236;1,5921;0,4243;0,9858;-1,3309;-0,0005;0,3448;0,4248;10;0
9,5736;11,7895;51,1390;21,5190;0,0000;17,3419;191,7895;359,334;75,000;0,000;50,000;1,5946;-5,3126;12,4342;-0,0000;-7,1216;1,5946;0,4252;0,9851;-1,3284;-0,0000;0,3433;0,4253;10;0
9,5794;11,7987;51,1083;21,5911;-0,0000;17,3006;191,7987;359,044;75,000;0,000;50,000;1,5970;-5,3069;12,4265;-0,0000;-7,1196;1,5970;0,4261;0,9843;-1,3259;0,0011;0,3422;0,4251;10;0
9,5852;11,8080;51,0775;21,6631;0,0000;17,2594;191,8080;358,754;75,000;0,000;50,000;1,5995;-5,3012;12,4188;0,0000;-7,1176;1,5995;0,4272;0,9834;-1,3230;-0,0004;0,3394;0,4276;10;0
9,5910;11,8173;51,0468;21,7351;0,0000;17,2181;191,8173;358,464;75,000;0,000;50,000;1,6020;-5,2955;12,4112;-0,0000;-7,1157;1,6020;0,4282;0,9826;-1,3204;-0,0005;0,3375;0,4287;10;0
9,5968;11,8266;51,0161;21,8071;-0,0000;17,1768;191,8266;358,174;75,000;0,000;50,000;1,6045;-5,2898;12,4035;-0,0000;-7,1137;1,6045;0,4291;0,9819;-1,3180;0,0007;0,3366;0,4283;10;0
9,6026;11,8359;50,9854;21,8790;0,0000;17,1356;191,8359;357,884;75,000;0,000;50,000;1,6070;-5,2841;12,3959;0,0000;-7,1118;1,6069;0,4298;0,9809;-1,3150;0,0059;0,3332;0,4241;10;0
9,6084;11,8452;50,9548;21,9508;-0,0000;17,0944;191,8452;357,594;75,000;0,000;50,000;1,6094;-5,2784;12,3883;0,0001;-7,1099;1,6094;0,4311;0,9802;-1,3126;-0,0003;0,3321;0,4315;10;0
9,6142;11,8546;50,9242;22,0226;0,0000;17,0531;191,8546;357,304;75,000;0,000;50,000;1,6120;-5,2727;12,3807;0,0000;-7,1079;1,6120;0,4329;0,9797;-1,3106;-0,0146;0,3324;0,4473;10;0
9,6200;11,8639;50,8937;22,0944;0,0000;17,0119;191,8639;357,014;75,000;0,000;50,000;1,6145;-5,2670;12,3731;-0,0001;-7,1060;1,6146;0,4331;0,9787;-1,3075;-0,0000;0,3288;0,4331;10;0
9,6258;11,8733;50,8631;22,1661;-0,0000;16,9707;191,8733;356,724;75,000;0,000;50,000;1,6170;-5,2614;12,3655;-0,0000;-7,1041;1,6170;0,4334;0,9779;-1,3049;0,0114;0,3266;0,4220;10;0
9,6316;11,8827;50,8326;22,2378;0,0000;16,9295;191,8827;356,434;75,000;0,000;50,000;1,6195;-5,2557;12,3579;0,0000;-7,1022;1,6195;0,4351;0,9772;-1,3024;0,0000;0,3252;0,4351;10;0
9,6374;11,8921;50,8022;22,3095;-0,0000;16,8884;191,8921;356,145;75,000;0,000;50,000;1,6220;-5,2500;12,3504;-0,0000;-7,1003;1,6220;0,4362;0,9764;-1,2998;-0,0026;0,3229;0,4390;10;0
9,6432;11,9015;50,7717;22,3810;-0,0000;16,8472;191,9015;355,855;75,000;0,000;50,000;1,6246;-5,2444;12,3429;0,0000;-7,0985;1,6246;0,4372;0,9757;-1,2972;-0,0021;0,3212;0,4394;10;0
9,6490;11,9109;50,7414;22,4526;0,0000;16,8060;191,9109;355,565;75,000;0,000;50,000;1,6271;-5,2387;12,3353;-0,0000;-7,0966;1,6271;0,4381;0,9750;-1,2949;-0,0001;0,3199;0,4382;10;0
9,6548;11,9204;50,7110;22,5241;-0,0000;16,7649;191,9204;355,275;75,000;0,000;50,000;1,6296;-5,2331;12,3278;-0,0000;-7,0948;1,6296;0,4389;0,9744;-1,2926;0,0041;0,3190;0,4348;10;0
9,6606;11,9298;50,6807;22,5956;0,0000;16,7238;191,9298;354,985;75,000;0,000;50,000;1,6322;-5,2274;12,3204;0,0000;-7,0929;1,6322;0,4401;0,9736;-1,2898;0,0000;0,3162;0,4401;10;0
9,6664;11,9393;50,6504;22,6670;-0,0000;16,6826;191,9393;354,695;75,000;0,000;50,000;1,6347;-5,2218;12,3129;-0,0000;-7,0911;1,6347;0,4413;0,9728;-1,2872;-0,0018;0,3139;0,4431;10;0
9,6722;11,9488;50,6201;22,7384;-0,0000;16,6415;191,9488;354,405;75,000;0,000;50,000;1,6373;-5,2161;12,3054;0,0000;-7,0893;1,6373;0,4423;0,9721;-1,2847;-0,0023;0,3121;0,4446;10;0
9,6780;11,9583;50,5899;22,8097;0,0000;16,6004;191,9583;354,115;75,000;0,000;50,000;1,6399;-5,2105;12,2980;-0,0000;-7,0875;1,6399;0,4432;0,9715;-1,2824;-0,0002;0,3110;0,4434;10;0
9,6838;11,9678;50,5597;22,8810;-0,0000;16,5593;191,9678;353,825;75,000;0,000;50,000;1,6424;-5,2049;12,2906;-0,0000;-7,0857;1,6424;0,4440;0,9709;-1,2803;0,0043;0,3104;0,4396;10;0
9,6896;11,9773;50,5295;22,9522;0,0000;16,5182;191,9773;353,535;75,000;0,000;50,000;1,6450;-5,1992;12,2831;0,0000;-7,0839;1,6450;0,4453;0,9701;-1,2775;0,0000;0,3074;0,4453;10;0
9,6954;11,9869;50,4994;23,0234;-0,0000;16,4772;191,9869;353,245;75,000;0,000;50,000;1,6476;-5,1936;12,2757;-0,0000;-7,0821;1,6476;0,4464;0,9694;-1,2749;-0,0017;0,3049;0,4482;10;0
9,7012;11,9964;50,4693;23,0946;-0,0000;16,4361;191,9964;352,955;75,000;0,000;50,000;1,6502;-5,1880;12,2684;0,0000;-7,0803;1,6502;0,4475;0,9687;-1,2724;-0,0032;0,3031;0,4508;10;0
9,7070;12,0060;50,4392;23,1657;0,0000;16,3951;192,0060;352,665;75,000;0,000;50,000;1,6528;-5,1824;12,2610;-0,0000;-7,0786;1,6528;0,4484;0,9681;-1,2702;-0,0003;0,3022;0,4487;10;0
9,7128;12,0156;50,4092;23,2368;-0,0000;16,3540;192,0156;352,375;75,000;0,000;50,000;1,6554;-5,1768;12,2536;-0,0000;-7,0768;1,6554;0,4491;0,9677;-1,2683;0,0060;0,3020;0,4430;10;0
9,7186;12,0252;50,3792;23,3078;0,0000;16,3130;192,0252;352,085;75,000;0,000;50,000;1,6580;-5,1712;12,2463;0,0000;-7,0751;1,6580;0,4505;0,9668;-1,2654;0,0000;0,2986;0,4505;10;0
9,7244;12,0348;50,3492;23,3788;-0,0000;16,2720;192,0348;351,796;75,000;0,000;50,000;1,6606;-5,1656;12,2389;-0,0000;-7,0734;1,6606;0,4516;0,9661;-1,2628;-0,0021;0,2958;0,4539;10;0
9,7302;12,0445;50,3193;23,4498;-0,0000;16,2310;192,0445;351,506;75,000;0,000;50,000;1,6632;-5,1600;12,2316;0,0000;-7,0717;1,6632;0,4526;0,9656;-1,2607;0,0000;0,2951;0,4526;10;0
9,7360;12,0541;50,2894;23,5207;0,0000;16,1900;192,0541;351,216;75,000;0,000;50,000;1,6659;-5,1544;12,2243;0,0000;-7,0700;1,6659;0,4537;0,9649;-1,2582;-0,0011;0,2932;0,4548;10;0
9,7418;12,0638;50,2595;23,5915;0,0000;16,1490;192,0638;350,926;75,000;0,000;50,000;1,6685;-5,1488;12,2170;-0,0000;-7,0683;1,6685;0,4547;0,9643;-1,2559;-0,0000;0,2916;0,4547;10;0
9,7476;12,0735;50,2297;23,6624;-0,0000;16,1080;192,0735;350,636;75,000;0,000;50,000;1,6711;-5,1432;12,2098;-0,0000;-7,0666;1,6711;0,4557;0,9638;-1,2537;0,0010;0,2905;0,4547;10;0
9,7534;12,0832;50,1998;23,7331;0,0000;16,0670;192,0832;350,346;75,000;0,000;50,000;1,6738;-5,1376;12,2025;0,0000;-7,0649;1,6738;0,4568;0,9631;-1,2512;0,0000;0,2882;0,4568;10;0
9,7592;12,0929;50,1701;23,8039;0,0000;16,0260;192,0929;350,056;75,000;0,000;50,000;1,6764;-5,1320;12,1952;0,0000;-7,0632;1,6764;0,4579;0,9625;-1,2488;-0,0005;0,2861;0,4584;10;0
9,7650;12,1026;50,1403;23,8746;0,0000;15,9851;192,1026;349,766;75,000;0,000;50,000;1,6791;-5,1264;12,1880;-0,0000;-7,0616;1,6791;0,4590;0,9619;-1,2466;-0,0000;0,2847;0,4590;10;0
9,7708;12,1124;50,1106;23,9452;0,0000;15,9442;192,1124;349,476;75,000;0,000;50,000;1,6818;-5,1209;12,1808;-0,0000;-7,0599;1,6818;0,4601;0,9613;-1,2442;-0,0003;0,2826;0,4604;10;0
9,7766;12,1221;50,0809;24,0158;0,0000;15,9032;192,1221;349,186;75,000;0,000;50,000;1,6844;-5,1153;12,1736;-0,0000;-7,0583;1,6844;0,4611;0,9607;-1,2420;-0,0000;0,2812;0,4611;10;0
9,7824;12,1319;50,0513;24,0864;-0,0000;15,8623;192,1319;348,896;75,000;0,000;50,000;1,6871;-5,1097;12,1664;-0,0000;-7,0567;1,6871;0,4622;0,9602;-1,2399;0,0006;0,2802;0,4615;10;0
9,7882;12,1417;50,0217;24,1569;0,0000;15,8214;192,1417;348,606;75,000;0,000;50,000;1,6898;-5,1042;12,1592;0,0000;-7,0550;1,6898;0,4633;0,9596;-1,2374;0,0000;0,2778;0,4633;10;0
9,7940;12,1515;49,9921;24,2274;-0,0000;15,7805;192,1515;348,316;75,000;0,000;50,000;1,6925;-5,0986;12,1520;-0,0000;-7,0534;1,6925;0,4644;0,9590;-1,2350;-0,0003;0,2758;0,4647;10;0
9,7998;12,1613;49,9626;24,2979;0,0000;15,7396;192,1613;348,026;75,000;0,000;50,000;1,6952;-5,0930;12,1449;0,0000;-7,0519;1,6952;0,4655;0,9585;-1,2328;-0,0004;0,2741;0,4660;10;0
9,8056;12,1711;49,9330;24,3683;0,0000;15,6987;192,1711;347,736;75,000;0,000;50,000;1,6979;-5,0875;12,1377;-0,0000;-7,0503;1,6979;0,4666;0,9579;-1,2306;-0,0000;0,2727;0,4666;10;0
9,8114;12,1810;49,9035;24,4386;-0,0000;15,6578;192,1810;347,447;75,000;0,000;50,000;1,7006;-5,0819;12,1306;-0,0000;-7,0487;1,7006;0,4676;0,9575;-1,2285;0,0009;0,2716;0,4667;10;0
9,8172;12,1909;49,8741;24,5090;0,0000;15,6169;192,1909;347,157;75,000;0,000;50,000;1,7033;-5,0764;12,1235;0,0000;-7,0471;1,7033;0,4688;0,9569;-1,2261;0,0000;0,2693;0,4688;10;0
9,8230;12,2008;49,8447;24,5792;-0,0000;15,5761;192,2008;346,867;75,000;0,000;50,000;1,7060;-5,0708;12,1164;-0,0000;-7,0456;1,7060;0,4699;0,9563;-1,2238;-0,0004;0,2672;0,4703;10;0
9,8288;12,2107;49,8153;24,6495;-0,0000;15,5352;192,2107;346,577;75,000;0,000;50,000;1,7088;-5,0653;12,1093;0,0000;-7,0440;1,7088;0,4710;0,9558;-1,2216;-0,0006;0,2655;0,4716;10;0
9,8345;12,2206;49,7859;24,7197;0,0000;15,4944;192,2206;346,287;75,000;0,000;50,000;1,7115;-5,0597;12,1022;-0,0000;-7,0425;1,7115;0,4721;0,9553;-1,2195;-0,0000;0,2642;0,4721;10;0
9,8403;12,2305;49,7566;24,7898;-0,0000;15,4536;192,2305;345,997;75,000;0,000;50,000;1,7142;-5,0542;12,0952;-0,0000;-7,0410;1,7142;0,4732;0,9549;-1,2175;0,0011;0,2632;0,4720;10;0
9,8461;12,2404;49,7273;24,8599;0,0000;15,4127;192,2404;345,707;75,000;0,000;50,000;1,7170;-5,0487;12,0881;0,0000;-7,0394;1,7170;0,4743;0,9543;-1,2151;0,0000;0,2608;0,4743;10;0
9,8519;12,2504;49,6981;24,9300;-0,0000;15,3719;192,2504;345,417;75,000;0,000;50,000;1,7197;-5,0431;12,0811;-0,0000;-7,0379;1,7197;0,4755;0,9538;-1,2128;-0,0005;0,2587;0,4760;10;0
9,8577;12,2604;49,6688;25,0000;-0,0000;15,3311;192,2604;345,127;75,000;0,000;50,000;1,7225;-5,0376;12,0740;0,0000;-7,0364;1,7225;0,4766;0,9533;-1,2106;-0,0007;0,2570;0,4774;10;0
9,8635;12,2704;49,6396;25,0700;0,0000;15,2903;192,2704;344,837;75,000;0,000;50,000;1,7253;-5,0321;12,0670;-0,0000;-7,0350;1,7253;0,4777;0,9528;-1,2085;-0,0001;0,2557;0,4778;10;0
9,8693;12,2804;49,6105;25,1400;-0,0000;15,2495;192,2804;344,547;75,000;0,000;50,000;1,7280;-5,0266;12,0600;-0,0000;-7,0335;1,7280;0,4788;0,9525;-1,2066;0,0014;0,2548;0,4773;10;0
9,8751;12,2904;49,5813;25,2099;0,0000;15,2088;192,2904;344,257;75,000;0,000;50,000;1,7308;-5,0210;12,0530;0,0000;-7,0320;1,7308;0,4789;0,9516;-1,2035;0,0203;0,2496;0,4588;10;0
9,8809;12,3005;49,5522;25,2798;-0,0000;15,1680;192,3005;343,967;75,000;0,000;50,000;1,7336;-5,0155;12,0461;0,0002;-7,0306;1,7334;0,4812;0,9514;-1,2020;-0,0006;0,2502;0,4818;10;0
9,8867;12,3105;49,5232;25,3496;0,0000;15,1272;192,3105;343,677;75,000;0,000;50,000;1,7364;-5,0100;12,0391;0,0000;-7,0291;1,7364;0,4844;0,9516;-1,2014;-0,0406;0,2544;0,5246;10;0
9,8925;12,3206;49,4941;25,4194;-0,0000;15,0865;192,3206;343,387;75,000;0,000;50,000;1,7392;-5,0045;12,0321;-0,0002;-7,0276;1,7394;0,4834;0,9505;-1,1979;0,0000;0,2474;0,4834;10;0
9,8983;12,3307;49,4651;25,4892;0,0000;15,0457;192,3307;343,098;75,000;0,000;50,000;1,7420;-4,9990;12,0252;0,0000;-7,0262;1,7420;0,4835;0,9498;-1,1950;0,0203;0,2429;0,4634;10;0
9,9041;12,3408;49,4362;25,5589;0,0000;15,0050;192,3408;342,808;75,000;0,000;50,000;1,7448;-4,9935;12,0183;0,0000;-7,0248;1,7448;0,4857;0,9497;-1,1936;-0,0001;0,2440;0,4858;10;0
9,9099;12,3509;49,4072;25,6285;0,0000;14,9642;192,3509;342,518;75,000;0,000;50,000;1,7476;-4,9880;12,0114;-0,0000;-7,0234;1,7476;0,4869;0,9492;-1,1915;-0,0004;0,2420;0,4873;10;0
9,9157;12,3611;49,3783;25,6982;0,0000;14,9235;192,3611;342,228;75,000;0,000;50,000;1,7505;-4,9825;12,0045;-0,0000;-7,0220;1,7505;0,4880;0,9488;-1,1895;-0,0000;0,2406;0,4881;10;0
9,9215;12,3712;49,3494;25,7677;-0,0000;14,8828;192,3712;341,938;75,000;0,000;50,000;1,7533;-4,9770;11,9976;-0,0000;-7,0206;1,7533;0,4892;0,9485;-1,1875;0,0007;0,2396;0,4884;10;0
9,9273;12,3814;49,3206;25,8373;0,0000;14,8421;192,3814;341,648;75,000;0,000;50,000;1,7561;-4,9715;11,9907;0,0000;-7,0192;1,7561;0,4898;0,9479;-1,1850;0,0105;0,2362;0,4795;10;0
9,9331;12,3916;49,2918;25,9068;-0,0000;14,8014;192,3916;341,358;75,000;0,000;50,000;1,7590;-4,9660;11,9838;0,0001;-7,0179;1,7588;0,4916;0,9476;-1,1832;-0,0003;0,2353;0,4919;10;0
9,9389;12,4018;49,2630;25,9763;0,0000;14,7607;192,4018;341,068;75,000;0,000;50,000;1,7618;-4,9605;11,9770;0,0000;-7,0165;1,7618;0,4937;0,9476;-1,1821;-0,0175;0,2376;0,5108;10;0
9,9447;12,4120;49,2343;26,0457;-0,0000;14,7200;192,4120;340,778;75,000;0,000;50,000;1,7647;-4,9550;11,9701;-0,0001;-7,0151;1,7648;0,4939;0,9468;-1,1791;-0,0000;0,2324;0,4939;10;0
9,9505;12,4223;49,2055;26,1151;0,0000;14,6794;192,4223;340,488;75,000;0,000;50,000;1,7676;-4,9495;11,9633;0,0000;-7,0138;1,7676;0,4950;0,9460;-1,1762;0,0021;0,2270;0,4931;10;0
9,9563;12,4325;49,1769;26,1845;0,0000;14,6387;192,4325;340,198;75,000;0,000;50,000;1,7704;-4,9440;11,9565;-0,0001;-7,0125;1,7705;0,4963;0,9460;-1,1751;-0,0000;0,2290;0,4963;10;0
9,9621;12,4428;49,1482;26,2538;-0,0000;14,5980;192,4428;339,908;75,000;0,000;50,000;1,7733;-4,9385;11,9497;-0,0000;-7,0111;1,7733;0,4972;0,9458;-1,1733;0,0064;0,2285;0,4907;10;0
9,9679;12,4531;49,1196;26,3230;-0,0000;14,5574;192,4531;339,618;75,000;0,000;50,000;1,7762;-4,9330;11,9429;0,0000;-7,0098;1,7762;0,4987;0,9453;-1,1710;0,0000;0,2257;0,4987;10;0
9,9737;12,4634;49,0910;26,3923;0,0000;14,5167;192,4634;339,328;75,000;0,000;50,000;1,7791;-4,9276;11,9361;0,0000;-7,0085;1,7791;0,5000;0,9449;-1,1691;-0,0016;0,2242;0,5016;10;0
9,9795;12,4737;49,0624;26,4615;0,0000;14,4761;192,4737;339,038;75,000;0,000;50,000;1,7820;-4,9221;11,9293;-0,0000;-7,0072;1,7820;0,5011;0,9446;-1,1670;-0,0002;0,2222;0,5013;10;0
9,9853;12,4841;49,0339;26,5306;0,0000;14,4355;192,4841;338,749;75,000;0,000;50,000;1,7849;-4,9166;11,9225;-0,0000;-7,0059;1,7849;0,5023;0,9442;-1,1651;0,0001;0,2209;0,5022;10;0
9,9911;12,4944;49,0054;26,5997;-0,0000;14,3948;192,4944;338,459;75,000;0,000;50,000;1,7878;-4,9111;11,9158;-0,0000;-7,0047;1,7878;0,5035;0,9440;-1,1632;0,0004;0,2197;0,5032;10;0
9,9969;12,5048;48,9770;26,6688;0,0000;14,3542;192,5048;338,169;75,000;0,000;50,000;1,7907;-4,9057;11,9091;0,0000;-7,0034;1,7907;0,5047;0,9436;-1,1611;0,0000;0,2176;0,5047;10;0
10,0027;12,5152;48,9485;26,7378;-0,0000;14,3136;192,5152;337,879;75,000;0,000;50,000;1,7937;-4,9002;11,9023;-0,0000;-7,0021;1,7937;0,5059;0,9432;-1,1591;-0,0001;0,2157;0,5061;10;0
10,0085;12,5256;48,9201;26,8068;0,0000;14,2730;192,5256;337,589;75,000;0,000;50,000;1,7966;-4,8947;11,8956;0,0000;-7,0009;1,7966;0,5072;0,9429;-1,1571;-0,0006;0,2140;0,5078;10;0
10,0143;12,5360;48,8918;26,8758;0,0000;14,2324;192,5360;337,299;75,000;0,000;50,000;1,7996;-4,8892;11,8889;-0,0000;-6,9997;1,7996;0,5084;0,9426;-1,1553;-0,0000;0,2127;0,5084;10;0
10,0201;12,5465;48,8634;26,9447;-0,0000;14,1919;192,5465;337,009;75,000;0,000;50,000;1,8025;-4,8838;11,8822;-0,0000;-6,9984;1,8025;0,5096;0,9424;-1,1535;0,0011;0,2116;0,5084;10;0
10,0259;12,5569;48,8351;27,0136;0,0000;14,1513;192,5569;336,719;75,000;0,000;50,000;1,8055;-4,8783;11,8755;0,0000;-6,9972;1,8055;0,5109;0,9420;-1,1514;0,0000;0,2094;0,5108;10;0
10,0317;12,5674;48,8068;27,0825;-0,0000;14,1107;192,5674;336,429;75,000;0,000;50,000;1,8084;-4,8729;11,8689;-0,0000;-6,9960;1,8084;0,5121;0,9417;-1,1494;-0,0005;0,2075;0,5126;10;0
10,0375;12,5779;48,7786;27,1513;0,0000;14,0701;192,5779;336,139;75,000;0,000;50,000;1,8114;-4,8674;11,8622;0,0000;-6,9948;1,8114;0,5134;0,9414;-1,1475;-0,0006;0,2059;0,5140;10;0
10,0433;12,5884;48,7504;27,2200;0,0000;14,0296;192,5884;335,849;75,000;0,000;50,000;1,8144;-4,8619;11,8556;-0,0000;-6,9936;1,8144;0,5146;0,9411;-1,1456;-0,0001;0,2045;0,5147;10;0
10,0491;12,5990;48,7222;27,2887;-0,0000;13,9890;192,5990;335,559;75,000;0,000;50,000;1,8174;-4,8565;11,8489;-0,0000;-6,9924;1,8174;0,5158;0,9409;-1,1439;0,0011;0,2035;0,5147;10;0
10,0549;12,6095;48,6941;27,3574;0,0000;13,9485;192,6095;335,269;75,000;0,000;50,000;1,8204;-4,8510;11,8423;0,0000;-6,9913;1,8204;0,5163;0,9404;-1,1414;0,0161;0,1994;0,5004;10;0
10,0607;12,6201;48,6660;27,4261;-0,0000;13,9080;192,6201;334,979;75,000;0,000;50,000;1,8234;-4,8456;11,8357;0,0002;-6,9901;1,8232;0,5184;0,9403;-1,1399;-0,0005;0,1994;0,5189;10;0
10,0665;12,6307;48,6379;27,4947;0,0000;13,8674;192,6307;334,689;75,000;0,000;50,000;1,8264;-4,8401;11,8291;0,0000;-6,9889;1,8264;0,5212;0,9404;-1,1391;-0,0322;0,2019;0,5531;10;0
10,0723;12,6413;48,6098;27,5633;-0,0000;13,8269;192,6413;334,400;75,000;0,000;50,000;1,8294;-4,8347;11,8225;-0,0002;-6,9878;1,8296;0,5209;0,9398;-1,1362;0,0000;0,1965;0,5209;10;0
10,0781;12,6519;48,5818;27,6318;0,0000;13,7864;192,6519;334,110;75,000;0,000;50,000;1,8324;-4,8292;11,8159;0,0000;-6,9867;1,8324;0,5213;0,9393;-1,1338;0,0157;0,1926;0,5058;10;0
10,0839;12,6625;48,5538;27,7003;0,0000;13,7459;192,6625;333,820;75,000;0,000;50,000;1,8355;-4,8238;11,8093;-0,0000;-6,9855;1,8355;0,5234;0,9393;-1,1325;-0,0000;0,1932;0,5235;10;0
10,0897;12,6732;48,5259;27,7688;-0,0000;13,7054;192,6732;333,530;75,000;0,000;50,000;1,8385;-4,8183;11,8028;-0,0000;-6,9844;1,8385;0,5247;0,9391;-1,1309;0,0007;0,1923;0,5239;10;0
10,0955;12,6838;48,4979;27,8372;0,0000;13,6649;192,6838;333,240;75,000;0,000;50,000;1,8415;-4,8129;11,7962;0,0000;-6,9833;1,8415;0,5260;0,9388;-1,1288;0,0000;0,1900;0,5260;10;0
10,1013;12,6945;48,4701;27,9056;-0,0000;13,6244;192,6945;332,950;75,000;0,000;50,000;1,8446;-4,8074;11,7897;-0,0000;-6,9822;1,8446;0,5273;0,9386;-1,1269;-0,0003;0,1880;0,5276;10;0
10,1071;12,7052;48,4422;27,9739;-0,0000;13,5839;192,7052;332,660;75,000;0,000;50,000;1,8477;-4,8020;11,7831;0,0000;-6,9811;1,8477;0,5286;0,9383;-1,1251;-0,0008;0,1864;0,5294;10;0
10,1129;12,7159;48,4144;28,0422;0,0000;13,5434;192,7159;332,370;75,000;0,000;50,000;1,8507;-4,7966;11,7766;-0,0000;-6,9801;1,8507;0,5299;0,9382;-1,1234;-0,0001;0,1852;0,5299;10;0
10,1187;12,7267;48,3866;28,1105;-0,0000;13,5029;192,7267;332,080;75,000;0,000;50,000;1,8538;-4,7911;11,7701;-0,0000;-6,9790;1,8538;0,5311;0,9381;-1,1218;0,0016;0,1844;0,5295;10;0
10,1245;12,7374;48,3588;28,1787;0,0000;13,4625;192,7374;331,790;75,000;0,000;50,000;1,8569;-4,7857;11,7636;0,0000;-6,9779;1,8569;0,5325;0,9377;-1,1197;-0,0007;0,1817;0,5332;10;0
10,1303;12,7482;48,3311;28,2469;0,0000;13,4220;192,7482;331,500;75,000;0,000;50,000;1,8600;-4,7802;11,7571;-0,0000;-6,9769;1,8600;0,5338;0,9375;-1,1179;-0,0008;0,1800;0,5346;10;0
10,1361;12,7590;48,3034;28,3151;-0,0000;13,3816;192,7590;331,210;75,000;0,000;50,000;1,8631;-4,7748;11,7506;-0,0000;-6,9758;1,8631;0,5350;0,9374;-1,1164;0,0013;0,1794;0,5336;10;0
10,1419;12,7698;48,2757;28,3832;0,0000;13,3411;192,7698;330,920;75,000;0,000;50,000;1,8662;-4,7694;11,7442;0,0000;-6,9748;1,8662;0,5364;0,9372;-1,1144;0,0000;0,1772;0,5364;10;0
10,1477;12,7807;48,2480;28,4513;-0,0000;13,3007;192,7807;330,630;75,000;0,000;50,000;1,8693;-4,7639;11,7377;-0,0000;-6,9738;1,8693;0,5377;0,9370;-1,1126;-0,0005;0,1753;0,5383;10;0
10,1535;12,7915;48,2204;28,5193;-0,0000;13,2602;192,7915;330,340;75,000;0,000;50,000;1,8724;-4,7585;11,7313;0,0000;-6,9728;1,8724;0,5391;0,9368;-1,1108;-0,0010;0,1736;0,5401;10;0
10,1593;12,8024;48,1929;28,5873;0,0000;13,2198;192,8024;330,051;75,000;0,000;50,000;1,8755;-4,7531;11,7248;-0,0000;-6,9718;1,8756;0,5404;0,9367;-1,1091;-0,0001;0,1725;0,5405;10;0
10,1651;12,8133;48,1653;28,6553;-0,0000;13,1794;192,8133;329,761;75,000;0,000;50,000;1,8787;-4,7476;11,7184;-0,0000;-6,9708;1,8787;0,5416;0,9366;-1,1076;0,0018;0,1717;0,5398;10;0
10,1709;12,8242;48,1378;28,7232;0,0000;13,1390;192,8242;329,471;75,000;0,000;50,000;1,8818;-4,7422;11,7120;0,0000;-6,9698;1,8818;0,5430;0,9364;-1,1057;0,0000;0,1693;0,5430;10;0
10,1767;12,8351;48,1103;28,7911;-0,0000;13,0986;192,8351;329,181;75,000;0,000;50,000;1,8850;-4,7368;11,7056;-0,0000;-6,9688;1,8850;0,5444;0,9362;-1,1038;-0,0006;0,1672;0,5450;10;0
10,1825;12,8460;48,0829;28,8590;-0,0000;13,0581;192,8460;328,891;75,000;0,000;50,000;1,8881;-4,7314;11,6992;0,0000;-6,9678;1,8881;0,5458;0,9360;-1,1021;-0,0016;0,1655;0,5475;10;0
10,1883;12,8570;48,0554;28,9268;0,0000;13,0177;192,8570;328,601;75,000;0,000;50,000;1,8913;-4,7259;11,6928;-0,0000;-6,9669;1,8913;0,5471;0,9360;-1,1005;-0,0002;0,1645;0,5473;10;0
10,1941;12,8680;48,0281;28,9946;-0,0000;12,9774;192,8680;328,311;75,000;0,000;50,000;1,8945;-4,7205;11,6864;-0,0000;-6,9659;1,8945;0,5483;0,9360;-1,0991;0,0029;0,1642;0,5454;10;0
10,1999;12,8789;48,0007;29,0623;0,0000;12,9370;192,8789;328,021;75,000;0,000;50,000;1,8977;-4,7151;11,6801;0,0000;-6,9650;1,8977;0,5498;0,9357;-1,0971;0,0000;0,1614;0,5498;10;0
10,2057;12,8900;47,9734;29,1300;-0,0000;12,8966;192,8900;327,731;75,000;0,000;50,000;1,9009;-4,7096;11,6737;-0,0000;-6,9641;1,9009;0,5512;0,9355;-1,0952;-0,0008;0,1591;0,5520;10;0
10,2115;12,9010;47,9461;29,1977;-0,0000;12,8562;192,9010;327,441;75,000;0,000;50,000;1,9041;-4,7042;11,6674;0,0000;-6,9631;1,9041;0,5527;0,9354;-1,0934;-0,0043;0,1568;0,5571;10;0
10,2173;12,9120;47,9188;29,2654;0,0000;12,8158;192,9120;327,151;75,000;0,000;50,000;1,9073;-4,6988;11,6610;-0,0000;-6,9622;1,9073;0,5539;0,9354;-1,0920;-0,0004;0,1567;0,5544;10;0
10,2231;12,9231;47,8916;29,3330;-0,0000;12,7755;192,9231;326,861;75,000;0,000;50,000;1,9105;-4,6934;11,6547;-0,0000;-6,9613;1,9105;0,5549;0,9356;-1,0910;0,0086;0,1578;0,5461;10;0
10,2289;12,9342;47,8644;29,4005;0,0000;12,7351;192,9342;326,571;75,000;0,000;50,000;1,9137;-4,6879;11,6484;0,0000;-6,9604;1,9137;0,5567;0,9352;-1,0886;-0,0008;0,1532;0,5575;10;0
10,2347;12,9453;47,8372;29,4680;0,0000;12,6947;192,9453;326,281;75,000;0,000;50,000;1,9169;-4,6825;11,6421;-0,0000;-6,9595;1,9169;0,5582;0,9350;-1,0867;-0,0043;0,1505;0,5626;10;0
10,2405;12,9564;47,8101;29,5355;-0,0000;12,6544;192,9564;325,991;75,000;0,000;50,000;1,9202;-4,6771;11,6358;-0,0000;-6,9587;1,9202;0,5593;0,9351;-1,0855;0,0015;0,1509;0,5578;10;0
10,2463;12,9676;47,7830;29,6030;0,0000;12,6140;192,9676;325,702;75,000;0,000;50,000;1,9234;-4,6717;11,6295;0,0000;-6,9578;1,9234;0,5608;0,9350;-1,0837;0,0000;0,1488;0,5608;10;0
10,2521;12,9787;47,7559;29,6704;-0,0000;12,5737;192,9787;325,412;75,000;0,000;50,000;1,9267;-4,6663;11,6232;-0,0000;-6,9569;1,9267;0,5622;0,9349;-1,0820;-0,0006;0,1469;0,5629;10;0
10,2579;12,9899;47,7289;29,7378;-0,0000;12,5333;192,9899;325,122;75,000;0,000;50,000;1,9299;-4,6608;11,6169;0,0000;-6,9561;1,9299;0,5637;0,9348;-1,0803;-0,0012;0,1452;0,5649;10;0
10,2637;13,0011;47,7019;29,8051;0,0000;12,4930;193,0011;324,832;75,000;0,000;50,000;1,9332;-4,6554;11,6107;-0,0000;-6,9552;1,9332;0,5650;0,9348;-1,0788;-0,0001;0,1441;0,5651;10;0
10,2694;13,0123;47,6749;29,8724;-0,0000;12,4527;193,0123;324,542;75,000;0,000;50,000;1,9365;-4,6500;11,6044;-0,0000;-6,9544;1,9365;0,5663;0,9348;-1,0774;0,0021;0,1434;0,5642;10;0
10,2752;13,0236;47,6479;29,9397;0,0000;12,4124;193,0236;324,252;75,000;0,000;50,000;1,9398;-4,6446;11,5982;0,0000;-6,9536;1,9398;0,5679;0,9347;-1,0756;0,0000;0,1409;0,5679;10;0
10,2810;13,0348;47,6210;30,0070;-0,0000;12,3720;193,0348;323,962;75,000;0,000;50,000;1,9431;-4,6392;11,5919;-0,0000;-6,9528;1,9431;0,5693;0,9346;-1,0739;-0,0007;0,1389;0,5700;10;0
10,2868;13,0461;47,5941;30,0742;-0,0000;12,3317;193,0461;323,672;75,000;0,000;50,000;1,9464;-4,6337;11,5857;0,0000;-6,9520;1,9464;0,5708;0,9345;-1,0722;-0,0022;0,1370;0,5730;10;0
10,2926;13,0574;47,5673;30,1413;0,0000;12,2914;193,0574;323,382;75,000;0,000;50,000;1,9497;-4,6283;11,5795;-0,0000;-6,9512;1,9497;0,5721;0,9346;-1,0708;-0,0003;0,1362;0,5724;10;0
10,2984;13,0687;47,5404;30,2084;-0,0000;12,2511;193,0687;323,092;75,000;0,000;50,000;1,9530;-4,6229;11,5733;-0,0000;-6,9504;1,9530;0,5734;0,9347;-1,0697;0,0035;0,1363;0,5698;10;0
10,3042;13,0801;47,5137;30,2755;0,0000;12,2108;193,0801;322,802;75,000;0,000;50,000;1,9564;-4,6175;11,5671;0,0000;-6,9496;1,9563;0,5750;0,9346;-1,0677;0,0000;0,1331;0,5750;10;0
10,3100;13,0914;47,4869;30,3426;-0,0000;12,1705;193,0914;322,512;75,000;0,000;50,000;1,9597;-4,6121;11,5609;-0,0000;-6,9489;1,9597;0,5765;0,9345;-1,0659;-0,0005;0,1306;0,5770;10;0
10,3158;13,1028;47,4602;30,4096;-0,0000;12,1302;193,1028;322,222;75,000;0,000;50,000;1,9630;-4,6066;11,5547;0,0000;-6,9481;1,9630;0,5784;0,9342;-1,0636;-0,0110;0,1263;0,5895;10;0
10,3216;13,1142;47,4335;30,4766;0,0000;12,0899;193,1142;321,932;75,000;0,000;50,000;1,9664;-4,6012;11,5486;-0,0001;-6,9474;1,9665;0,5794;0,9346;-1,0630;-0,0009;0,1285;0,5803;10;0
10,3274;13,1256;47,4068;30,5435;-0,0000;12,0497;193,1256;321,642;75,000;0,000;50,000;1,9698;-4,5958;11,5424;0,0000;-6,9466;1,9698;0,5807;0,9355;-1,0637;0,0020;0,1359;0,5786;10;0
10,3332;13,1370;47,3802;30,6105;0,0000;12,0094;193,1370;321,353;75,000;0,000;50,000;1,9731;-4,5904;11,5362;-0,0001;-6,9458;1,9732;0,5823;0,9346;-1,0599;-0,0002;0,1253;0,5825;10;0
10,3390;13,1485;47,3536;30,6773;-0,0000;11,9691;193,1485;321,063;75,000;0,000;50,000;1,9765;-4,5850;11,5301;-0,0000;-6,9452;1,9765;0,5817;0,9344;-1,0579;0,0454;0,1220;0,5362;10;0
10,3448;13,1599;47,3270;30,7442;-0,0000;11,9288;193,1599;320,773;75,000;0,000;50,000;1,9799;-4,5795;11,5240;0,0004;-6,9444;1,9795;0,5852;0,9346;-1,0568;0,0004;0,1222;0,5849;10;0
10,3506;13,1714;47,3005;30,8110;0,0000;11,8886;193,1714;320,483;75,000;0,000;50,000;1,9833;-4,5741;11,5179;0,0000;-6,9437;1,9833;0,5891;0,9338;-1,0531;-0,0528;0,1118;0,6421;10;0
10,3564;13,1829;47,2740;30,8778;0,0000;11,8483;193,1829;320,193;75,000;0,000;50,000;1,9867;-4,5687;11,5118;-0,0002;-6,9431;1,9869;0,5882;0,9347;-1,0538;-0,0004;0,1191;0,5886;10;0
10,3622;13,1945;47,2475;30,9445;0,0000;11,8080;193,1945;319,903;75,000;0,000;50,000;1,9901;-4,5633;11,5056;-0,0000;-6,9424;1,9901;0,5890;0,9352;-1,0536;0,0160;0,1227;0,5730;10;0
10,3680;13,2060;47,2210;31,0112;0,0000;11,7678;193,2060;319,613;75,000;0,000;50,000;1,9935;-4,5579;11,4995;-0,0000;-6,9417;1,9936;0,5912;0,9348;-1,0508;0,0002;0,1160;0,5910;10;0
10,3738;13,2176;47,1946;31,0779;-0,0000;11,7275;193,2176;319,323;75,000;0,000;50,000;1,9970;-4,5524;11,4935;-0,0000;-6,9410;1,9970;0,5926;0,9349;-1,0494;0,0008;0,1148;0,5918;10;0
10,3796;13,2292;47,1682;31,1445;0,0000;11,6873;193,2292;319,033;75,000;0,000;50,000;2,0004;-4,5470;11,4874;0,0000;-6,9403;2,0004;0,5936;0,9348;-1,0474;0,0135;0,1115;0,5802;10;0
10,3854;13,2408;47,1419;31,2111;-0,0000;11,6470;193,2408;318,743;75,000;0,000;50,000;2,0039;-4,5416;11,4813;0,0002;-6,9397;2,0037;0,5957;0,9349;-1,0463;-0,0004;0,1112;0,5961;10;0
10,3912;13,2524;47,1156;31,2776;0,0000;11,6068;193,2524;318,453;75,000;0,000;50,000;2,0073;-4,5362;11,4752;0,0000;-6,9391;2,0073;0,5984;0,9353;-1,0456;-0,0271;0,1127;0,6253;10;0
10,3970;13,2641;47,0893;31,3442;-0,0000;11,5666;193,2641;318,163;75,000;0,000;50,000;2,0108;-4,5308;11,4692;-0,0002;-6,9384;2,0110;0,5987;0,9351;-1,0434;0,0000;0,1083;0,5987;10;0
10,4028;13,2757;47,0630;31,4106;0,0000;11,5263;193,2757;317,873;75,000;0,000;50,000;2,0143;-4,5253;11,4631;0,0000;-6,9378;2,0143;0,5997;0,9350;-1,0415;0,0131;0,1050;0,5867;10;0
10,4086;13,2874;47,0368;31,4771;0,0000;11,4861;193,2874;317,583;75,000;0,000;50,000;2,0178;-4,5199;11,4571;-0,0000;-6,9372;2,0178;0,6018;0,9353;-1,0405;-0,0000;0,1052;0,6018;10;0
10,4144;13,2991;47,0106;31,5435;-0,0000;11,4459;193,2991;317,293;75,000;0,000;50,000;2,0213;-4,5145;11,4511;-0,0000;-6,9366;2,0213;0,6033;0,9355;-1,0392;0,0009;0,1043;0,6024;10;0
10,4202;13,3109;46,9844;31,6099;0,0000;11,4057;193,3109;317,004;75,000;0,000;50,000;2,0248;-4,5091;11,4451;0,0000;-6,9360;2,0247;0,6049;0,9355;-1,0376;0,0000;0,1021;0,6049;10;0
10,4260;13,3226;46,9583;31,6762;0,0000;11,3654;193,3226;316,714;75,000;0,000;50,000;2,0283;-4,5036;11,4390;0,0000;-6,9354;2,0283;0,6065;0,9355;-1,0360;-0,0011;0,1000;0,6076;10;0
10,4318;13,3344;46,9322;31,7426;0,0000;11,3252;193,3344;316,424;75,000;0,000;50,000;2,0318;-4,4982;11,4330;-0,0000;-6,9348;2,0318;0,6080;0,9357;-1,0347;-0,0000;0,0990;0,6080;10;0
10,4376;13,3462;46,9061;31,8088;-0,0000;11,2850;193,3462;316,134;75,000;0,000;50,000;2,0353;-4,4928;11,4270;-0,0000;-6,9342;2,0353;0,6095;0,9359;-1,0334;0,0012;0,0980;0,6083;10;0
10,4434;13,3580;46,8801;31,8751;0,0000;11,2448;193,3580;315,844;75,000;0,000;50,000;2,0389;-4,4874;11,4211;0,0000;-6,9337;2,0388;0,6111;0,9360;-1,0319;0,0000;0,0959;0,6111;10;0
10,4492;13,3698;46,8541;31,9413;-0,0000;11,2046;193,3698;315,554;75,000;0,000;50,000;2,0424;-4,4819;11,4151;-0,0000;-6,9331;2,0424;0,6127;0,9361;-1,0304;-0,0004;0,0941;0,6131;10;0
10,4550;13,3817;46,8281;32,0075;-0,0000;11,1644;193,3817;315,264;75,000;0,000;50,000;2,0460;-4,4765;11,4091;0,0000;-6,9326;2,0460;0,6143;0,9362;-1,0290;-0,0011;0,0924;0,6153;10;0
10,4608;13,3936;46,8022;32,0736;0,0000;11,1242;193,3936;314,974;75,000;0,000;50,000;2,0495;-4,4711;11,4031;-0,0000;-6,9321;2,0495;0,6158;0,9364;-1,0277;-0,0001;0,0913;0,6159;10;0
10,4666;13,4055;46,7763;32,1397;-0,0000;11,0840;193,4055;314,684;75,000;0,000;50,000;2,0531;-4,4656;11,3972;-0,0000;-6,9315;2,0531;0,6173;0,9366;-1,0265;0,0018;0,0907;0,6155;10;0
10,4724;13,4174;46,7504;32,2058;0,0000;11,0438;193,4174;314,394;75,000;0,000;50,000;2,0567;-4,4602;11,3912;0,0000;-6,9310;2,0567;0,6190;0,9367;-1,0249;0,0000;0,0882;0,6190;10;0
10,4782;13,4293;46,7245;32,2718;-0,0000;11,0036;193,4293;314,104;75,000;0,000;50,000;2,0603;-4,4548;11,3853;-0,0000;-6,9305;2,0603;0,6206;0,9368;-1,0234;-0,0004;0,0862;0,6210;10;0
10,4840;13,4413;46,6987;32,3378;-0,0000;10,9634;193,4413;313,814;75,000;0,000;50,000;2,0639;-4,4494;11,3794;0,0000;-6,9300;2,0639;0,6222;0,9370;-1,0221;-0,0011;0,0849;0,6233;10;0
10,4898;13,4532;46,6729;32,4038;0,0000;10,9233;193,4532;313,524;75,000;0,000;50,000;2,0675;-4,4439;11,3734;-0,0000;-6,9295;2,0675;0,6238;0,9372;-1,0208;-0,0003;0,0836;0,6241;10;0
10,4956;13,4652;46,6472;32,4697;-0,0000;10,8831;193,4652;313,234;75,000;0,000;50,000;2,0711;-4,4385;11,3675;-0,0000;-6,9290;2,0711;0,6253;0,9374;-1,0196;0,0020;0,0826;0,6232;10;0
10,5014;13,4773;46,6215;32,5356;0,0000;10,8429;193,4773;312,944;75,000;0,000;50,000;2,0747;-4,4330;11,3616;0,0000;-6,9286;2,0747;0,6270;0,9375;-1,0181;0,0000;0,0805;0,6270;10;0
10,5072;13,4893;46,5958;32,6015;-0,0000;10,8027;193,4893;312,655;75,000;0,000;50,000;2,0784;-4,4276;11,3557;-0,0000;-6,9281;2,0784;0,6286;0,9377;-1,0167;-0,0007;0,0787;0,6293;10;0
10,5130;13,5014;46,5701;32,6673;-0,0000;10,7626;193,5014;312,365;75,000;0,000;50,000;2,0820;-4,4222;11,3498;0,0000;-6,9277;2,0820;0,6303;0,9379;-1,0153;-0,0018;0,0769;0,6321;10;0
10,5188;13,5135;46,5445;32,7331;0,0000;10,7224;193,5135;312,075;75,000;0,000;50,000;2,0857;-4,4167;11,3439;-0,0000;-6,9272;2,0857;0,6318;0,9381;-1,0141;-0,0002;0,0760;0,6321;10;0
10,5246;13,5256;46,5189;32,7989;-0,0000;10,6822;193,5256;311,785;75,000;0,000;50,000;2,0894;-4,4113;11,3381;-0,0000;-6,9268;2,0894;0,6333;0,9385;-1,0131;0,0036;0,0756;0,6297;10;0
10,5304;13,5377;46,4933;32,8646;0,0000;10,6421;193,5377;311,495;75,000;0,000;50,000;2,0930;-4,4059;11,3322;0,0000;-6,9263;2,0930;0,6351;0,9386;-1,0114;0,0000;0,0729;0,6351;10;0
10,5362;13,5498;46,4678;32,9303;0,0000;10,6019;193,5498;311,205;75,000;0,000;50,000;2,0967;-4,4004;11,3263;-0,0000;-6,9259;2,0967;0,6369;0,9387;-1,0099;-0,0025;0,0705;0,6394;10;0
10,5420;13,5620;46,4423;32,9960;0,0000;10,5617;193,5620;310,915;75,000;0,000;50,000;2,1004;-4,3950;11,3205;-0,0000;-6,9255;2,1004;0,6384;0,9390;-1,0088;-0,0000;0,0698;0,6384;10;0
10,5478;13,5742;46,4168;33,0616;-0,0000;10,5216;193,5742;310,625;75,000;0,000;50,000;2,1041;-4,3895;11,3146;-0,0000;-6,9251;2,1041;0,6400;0,9393;-1,0076;0,0013;0,0688;0,6387;10;0
10,5536;13,5864;46,3914;33,1272;0,0000;10,4814;193,5864;310,335;75,000;0,000;50,000;2,1079;-4,3841;11,3088;0,0000;-6,9247;2,1078;0,6417;0,9395;-1,0062;0,0000;0,0667;0,6417;10;0
10,5594;13,5986;46,3660;33,1927;-0,0000;10,4413;193,5986;310,045;75,000;0,000;50,000;2,1116;-4,3786;11,3030;-0,0000;-6,9243;2,1116;0,6434;0,9397;-1,0049;-0,0004;0,0649;0,6439;10;0
10,5652;13,6109;46,3406;33,2583;0,0000;10,4011;193,6109;309,755;75,000;0,000;50,000;2,1153;-4,3732;11,2971;0,0000;-6,9240;2,1153;0,6451;0,9399;-1,0035;-0,0011;0,0631;0,6463;10;0
10,5710;13,6232;46,3153;33,3238;0,0000;10,3610;193,6232;309,465;75,000;0,000;50,000;2,1191;-4,3677;11,2913;-0,0000;-6,9236;2,1191;0,6468;0,9402;-1,0024;-0,0002;0,0622;0,6469;10;0
10,5768;13,6355;46,2900;33,3892;-0,0000;10,3208;193,6355;309,175;75,000;0,000;50,000;2,1228;-4,3623;11,2855;-0,0000;-6,9233;2,1228;0,6484;0,9406;-1,0013;0,0018;0,0615;0,6465;10;0
10,5826;13,6478;46,2647;33,4546;0,0000;10,2807;193,6478;308,885;75,000;0,000;50,000;2,1266;-4,3568;11,2797;0,0000;-6,9229;2,1266;0,6501;0,9407;-0,9998;0,0000;0,0591;0,6501;10;0
10,5884;13,6601;46,2394;33,5200;-0,0000;10,2405;193,6601;308,595;75,000;0,000;50,000;2,1304;-4,3514;11,2739;-0,0000;-6,9226;2,1304;0,6518;0,9410;-0,9986;-0,0002;0,0575;0,6521;10;0
10,5942;13,6725;46,2142;33,5854;0,0000;10,2004;193,6725;308,306;75,000;0,000;50,000;2,1341;-4,3459;11,2681;0,0000;-6,9222;2,1341;0,6535;0,9413;-0,9973;0,0000;0,0560;0,6535;10;0
10,6000;13,6849;46,1890;33,6507;0,0000;10,1603;193,6849;308,016;75,000;0,000;50,000;2,1379;-4,3404;11,2624;0,0000;-6,9219;2,1379;0,6553;0,9415;-0,9960;-0,0017;0,0540;0,6571;10;0
10,6058;13,6973;46,1639;33,7160;0,0000;10,1201;193,6973;307,726;75,000;0,000;50,000;2,1417;-4,3350;11,2566;-0,0000;-6,9216;2,1418;0,6570;0,9419;-0,9948;-0,0000;0,0530;0,6570;10;0
10,6116;13,7097;46,1388;33,7813;-0,0000;10,0800;193,7097;307,436;75,000;0,000;50,000;2,1456;-4,3295;11,2508;-0,0000;-6,9213;2,1456;0,6586;0,9422;-0,9937;0,0023;0,0519;0,6562;10;0
10,6174;13,7222;46,1137;33,8465;0,0000;10,0398;193,7222;307,146;75,000;0,000;50,000;2,1494;-4,3241;11,2451;0,0000;-6,9210;2,1494;0,6604;0,9425;-0,9924;0,0000;0,0499;0,6604;10;0
10,6232;13,7346;46,0886;33,9117;-0,0000;9,9997;193,7346;306,856;75,000;0,000;50,000;2,1532;-4,3186;11,2393;-0,0000;-6,9207;2,1532;0,6622;0,9427;-0,9911;-0,0008;0,0481;0,6630;10;0
10,6290;13,7471;46,0636;33,9768;-0,0000;9,9596;193,7471;306,566;75,000;0,000;50,000;2,1571;-4,3131;11,2336;0,0000;-6,9204;2,1571;0,6640;0,9430;-0,9897;-0,0023;0,0461;0,6663;10;0
10,6348;13,7597;46,0386;34,0420;0,0000;9,9195;193,7597;306,276;75,000;0,000;50,000;2,1609;-4,3077;11,2278;-0,0000;-6,9202;2,1609;0,6656;0,9434;-0,9887;-0,0003;0,0453;0,6659;10;0
10,6406;13,7722;46,0136;34,1070;-0,0000;9,8793;193,7722;305,986;75,000;0,000;50,000;2,1648;-4,3022;11,2221;-0,0000;-6,9199;2,1648;0,6673;0,9439;-0,9879;0,0032;0,0454;0,6640;10;0
10,6464;13,7848;45,9887;34,1721;0,0000;9,8392;193,7848;305,696;75,000;0,000;50,000;2,1687;-4,2967;11,2164;0,0000;-6,9197;2,1686;0,6691;0,9441;-0,9863;-0,0000;0,0423;0,6691;10;0
10,6522;13,7974;45,9638;34,2371;-0,0000;9,7991;193,7974;305,406;75,000;0,000;50,000;2,1725;-4,2912;11,2107;-0,0000;-6,9194;2,1725;0,6709;0,9443;-0,9849;0,0006;0,0398;0,6703;10;0
10,6580;13,8100;45,9389;34,3021;-0,0000;9,7590;193,8100;305,116;75,000;0,000;50,000;2,1764;-4,2858;11,2050;0,0000;-6,9192;2,1764;0,6727;0,9447;-0,9839;0,0000;0,0392;0,6727;10;0
10,6638;13,8226;45,9141;34,3671;0,0000;9,7188;193,8226;304,826;75,000;0,000;50,000;2,1803;-4,2803;11,1993;0,0000;-6,9190;2,1803;0,6745;0,9451;-0,9828;-0,0015;0,0377;0,6760;10;0
10,6696;13,8352;45,8893;34,4320;-0,0000;9,6787;193,8352;304,536;75,000;0,000;50,000;2,1843;-4,2748;11,1936;-0,0000;-6,9188;2,1843;0,6763;0,9454;-0,9815;-0,0017;0,0360;0,6780;10;0
10,6754;13,8479;45,8645;34,4969;0,0000;9,6386;193,8479;304,246;75,000;0,000;50,000;2,1882;-4,2693;11,1879;-0,0000;-6,9186;2,1882;0,6780;0,9458;-0,9804;0,0001;0,0347;0,6779;10;0
10,6812;13,8606;45,8398;34,5617;-0,0000;9,5985;193,8606;303,957;75,000;0,000;50,000;2,1921;-4,2638;11,1822;-0,0000;-6,9184;2,1921;0,6797;0,9462;-0,9794;0,0031;0,0335;0,6766;10;0
10,6870;13,8733;45,8151;34,6266;0,0000;9,5584;193,8733;303,667;75,000;0,000;50,000;2,1961;-4,2583;11,1765;0,0000;-6,9182;2,1960;0,6816;0,9465;-0,9781;0,0000;0,0316;0,6816;10;0
10,6928;13,8861;45,7904;34,6914;-0,0000;9,5182;193,8861;303,377;75,000;0,000;50,000;2,2000;-4,2528;11,1708;0,0000;-6,9180;2,2000;0,6835;0,9469;-0,9769;-0,0011;0,0298;0,6846;10;0
10,6986;13,8989;45,7657;34,7561;0,0000;9,4781;193,8989;303,087;75,000;0,000;50,000;2,2040;-4,2474;11,1652;0,0000;-6,9178;2,2040;0,6852;0,9473;-0,9758;-0,0000;0,0285;0,6852;10;0
10,7044;13,9117;45,7411;34,8209;-0,0000;9,4380;193,9117;302,797;75,000;0,000;50,000;2,2080;-4,2419;11,1595;0,0000;-6,9177;2,2080;0,6871;0,9477;-0,9746;-0,0018;0,0268;0,6889;10;0
10,7101;13,9245;45,7165;34,8855;0,0000;9,3979;193,9245;302,507;75,000;0,000;50,000;2,2120;-4,2364;11,1539;-0,0000;-6,9175;2,2120;0,6889;0,9481;-0,9735;-0,0000;0,0255;0,6889;10;0
10,7159;13,9373;45,6920;34,9502;-0,0000;9,3578;193,9373;302,217;75,000;0,000;50,000;2,2160;-4,2309;11,1482;-0,0000;-6,9174;2,2160;0,6906;0,9485;-0,9725;0,0027;0,0245;0,6879;10;0
10,7217;13,9502;45,6675;35,0148;0,0000;9,3177;193,9502;301,927;75,000;0,000;50,000;2,2200;-4,2254;11,1426;0,0000;-6,9172;2,2200;0,6925;0,9489;-0,9713;0,0000;0,0224;0,6925;10;0
10,7275;13,9631;45,6430;35,0794;-0,0000;9,2776;193,9631;301,637;75,000;0,000;50,000;2,2240;-4,2199;11,1370;-0,0000;-6,9171;2,2240;0,6944;0,9493;-0,9701;-0,0008;0,0206;0,6952;10;0
10,7333;13,9760;45,6185;35,1440;-0,0000;9,2375;193,9760;301,347;75,000;0,000;50,000;2,2280;-4,2144;11,1313;0,0000;-6,9170;2,2280;0,6963;0,9496;-0,9688;-0,0032;0,0182;0,6995;10;0
10,7391;13,9889;45,5941;35,2085;0,0000;9,1974;193,9889;301,057;75,000;0,000;50,000;2,2321;-4,2088;11,1257;-0,0000;-6,9169;2,2321;0,6981;0,9501;-0,9680;-0,0004;0,0178;0,6985;10;0
10,7449;14,0018;45,5697;35,2730;-0,0000;9,1572;194,0018;300,767;75,000;0,000;50,000;2,2361;-4,2033;11,1201;-0,0000;-6,9168;2,2361;0,6998;0,9508;-0,9674;0,0032;0,0186;0,6966;10;0
10,7507;14,0148;45,5454;35,3375;0,0000;9,1171;194,0148;300,477;75,000;0,000;50,000;2,2402;-4,1978;11,1145;0,0000;-6,9167;2,2402;0,7018;0,9510;-0,9658;-0,0000;0,0148;0,7018;10;0
10,7565;14,0278;45,5210;35,4019;-0,0000;9,0770;194,0278;300,187;75,000;0,000;50,000;2,2443;-4,1923;11,1089;-0,0000;-6,9166;2,2443;0,7036;0,9513;-0,9644;0,0034;0,0120;0,7002;10;0
10,7623;14,0409;45,4968;35,4663;-0,0000;9,0369;194,0409;299,897;75,000;0,000;50,000;2,2483;-4,1868;11,1033;0,0000;-6,9165;2,2483;0,7056;0,9519;-0,9636;0,0000;0,0117;0,7056;10;0
10,7681;14,0539;45,4725;35,5307;0,0000;8,9968;194,0539;299,608;75,000;0,000;50,000;2,2524;-4,1813;11,0977;0,0000;-6,9165;2,2524;0,7076;0,9523;-0,9625;-0,0038;0,0100;0,7114;10;0
10,7739;14,0670;45,4483;35,5950;0,0000;8,9567;194,0670;299,318;75,000;0,000;50,000;2,2565;-4,1757;11,0922;-0,0000;-6,9164;2,2566;0,7093;0,9528;-0,9614;0,0021;0,0084;0,7071;10;0
10,7797;14,0801;45,4241;35,6593;-0,0000;8,9166;194,0801;299,028;75,000;0,000;50,000;2,2607;-4,1702;11,0866;0,0000;-6,9164;2,2606;0,7113;0,9533;-0,9604;0,0003;0,0072;0,7109;10;0
10,7855;14,0932;45,3999;35,7236;0,0000;8,8765;194,0932;298,738;75,000;0,000;50,000;2,2648;-4,1647;11,0810;0,0000;-6,9163;2,2648;0,7133;0,9538;-0,9595;-0,0038;0,0061;0,7172;10;0
10,7913;14,1063;45,3758;35,7878;-0,0000;8,8364;194,1063;298,448;75,000;0,000;50,000;2,2689;-4,1592;11,0755;-0,0000;-6,9163;2,2690;0,7151;0,9542;-0,9583;-0,0000;0,0041;0,7151;10;0
10,7971;14,1195;45,3517;35,8521;0,0000;8,7963;194,1195;298,158;75,000;0,000;50,000;2,2731;-4,1536;11,0699;0,0000;-6,9163;2,2731;0,7170;0,9547;-0,9572;0,0012;0,0022;0,7157;10;0
10,8029;14,1327;45,3276;35,9162;0,0000;8,7562;194,1327;297,868;75,000;0,000;50,000;2,2773;-4,1481;11,0644;-0,0000;-6,9163;2,2773;0,7190;0,9552;-0,9561;-0,0009;0,0006;0,7199;10;0
10,8087;14,1459;45,3036;35,9804;0,0000;8,7161;194,1459;297,578;75,000;0,000;50,000;2,2814;-4,1425;11,0588;-0,0000;-6,9163;2,2814;0,7209;0,9557;-0,9552;0,0004;-0,0005;0,7204;10;0
10,8145;14,1592;45,2796;36,0445;-0,0000;8,6760;194,1592;297,288;75,000;0,000;50,000;2,2856;-4,1370;11,0533;-0,0000;-6,9163;2,2856;0,7228;0,9563;-0,9543;0,0014;-0,0013;0,7213;10;0
10,8203;14,1724;45,2556;36,1086;0,0000;8,6359;194,1724;296,998;75,000;0,000;50,000;2,2898;-4,1315;11,0478;0,0000;-6,9163;2,2898;0,7248;0,9567;-0,9531;0,0000;-0,0036;0,7248;10;0
10,8261;14,1857;45,2316;36,1726;-0,0000;8,5958;194,1857;296,708;75,000;0,000;50,000;2,2940;-4,1259;11,0422;-0,0000;-6,9163;2,2940;0,7267;0,9572;-0,9520;-0,0002;-0,0055;0,7269;10;0
10,8319;14,1990;45,2077;36,2366;0,0000;8,5557;194,1990;296,418;75,000;0,000;50,000;2,2982;-4,1204;11,0367;0,0000;-6,9164;2,2982;0,7287;0,9577;-0,9511;0,0000;-0,0067;0,7287;10;0
10,8377;14,2124;45,1839;36,3006;0,0000;8,5155;194,2124;296,128;75,000;0,000;50,000;2,3025;-4,1148;11,0312;0,0000;-6,9164;2,3025;0,7307;0,9582;-0,9500;-0,0022;-0,0084;0,7329;10;0
10,8435;14,2257;45,1600;36,3645;0,0000;8,4754;194,2257;295,838;75,000;0,000;50,000;2,3067;-4,1092;11,0257;-0,0000;-6,9165;2,3067;0,7326;0,9588;-0,9491;-0,0000;-0,0097;0,7326;10;0
10,8493;14,2391;45,1362;36,4285;-0,0000;8,4353;194,2391;295,548;75,000;0,000;50,000;2,3110;-4,1037;11,0202;-0,0000;-6,9165;2,3110;0,7345;0,9594;-0,9482;0,0031;-0,0108;0,7313;10;0
10,8551;14,2525;45,1124;36,4924;0,0000;8,3952;194,2525;295,258;75,000;0,000;50,000;2,3152;-4,0981;11,0147;0,0000;-6,9166;2,3152;0,7366;0,9599;-0,9471;0,0000;-0,0128;0,7366;10;0
10,8609;14,2660;45,0887;36,5562;-0,0000;8,3551;194,2660;294,969;75,000;0,000;50,000;2,3195;-4,0925;11,0092;-0,0000;-6,9167;2,3195;0,7386;0,9604;-0,9460;-0,0008;-0,0147;0,7395;10;0
10,8667;14,2794;45,0650;36,6200;-0,0000;8,3150;194,2794;294,679;75,000;0,000;50,000;2,3238;-4,0870;11,0037;0,0000;-6,9168;2,3238;0,7406;0,9610;-0,9451;0,0000;-0,0159;0,7406;10;0
10,8725;14,2929;45,0413;36,6838;0,0000;8,2749;194,2929;294,389;75,000;0,000;50,000;2,3281;-4,0814;10,9983;0,0000;-6,9169;2,3281;0,7427;0,9615;-0,9441;-0,0024;-0,0176;0,7452;10;0
10,8783;14,3064;45,0176;36,7476;0,0000;8,2348;194,3064;294,099;75,000;0,000;50,000;2,3324;-4,0758;10,9928;-0,0000;-6,9170;2,3324;0,7446;0,9621;-0,9432;-0,0000;-0,0189;0,7447;10;0
10,8841;14,3200;44,9940;36,8113;-0,0000;8,1947;194,3200;293,809;75,000;0,000;50,000;2,3367;-4,0702;10,9873;-0,0000;-6,9171;2,3367;0,7466;0,9627;-0,9423;0,0033;-0,0200;0,7432;10;0
10,8899;14,3335;44,9704;36,8750;0,0000;8,1546;194,3335;293,519;75,000;0,000;50,000;2,3411;-4,0647;10,9819;0,0000;-6,9172;2,3411;0,7487;0,9633;-0,9413;0,0000;-0,0220;0,7487;10;0
10,8957;14,3471;44,9469;36,9387;-0,0000;8,1145;194,3471;293,229;75,000;0,000;50,000;2,3454;-4,0591;10,9764;-0,0000;-6,9173;2,3454;0,7508;0,9638;-0,9402;-0,0008;-0,0239;0,7516;10;0
10,9015;14,3607;44,9233;37,0023;-0,0000;8,0744;194,3607;292,939;75,000;0,000;50,000;2,3498;-4,0535;10,9710;0,0000;-6,9175;2,3498;0,7528;0,9644;-0,9394;0,0000;-0,0251;0,7528;10;0
10,9073;14,3744;44,8999;37,0659;0,0000;8,0342;194,3744;292,649;75,000;0,000;50,000;2,3541;-4,0479;10,9655;0,0000;-6,9176;2,3541;0,7549;0,9650;-0,9384;-0,0026;-0,0268;0,7576;10;0
10,9131;14,3880;44,8764;37,1295;0,0000;7,9941;194,3880;292,359;75,000;0,000;50,000;2,3585;-4,0423;10,9601;-0,0000;-6,9178;2,3586;0,7569;0,9656;-0,9375;-0,0000;-0,0282;0,7569;10;0
10,9189;14,4017;44,8530;37,1930;-0,0000;7,9540;194,4017;292,069;75,000;0,000;50,000;2,3629;-4,0367;10,9546;-0,0000;-6,9179;2,3629;0,7589;0,9663;-0,9367;0,0035;-0,0292;0,7553;10;0
10,9247;14,4154;44,8296;37,2565;0,0000;7,9139;194,4154;291,779;75,000;0,000;50,000;2,3673;-4,0311;10,9492;0,0000;-6,9181;2,3673;0,7611;0,9669;-0,9356;0,0000;-0,0312;0,7611;10;0
10,9305;14,4292;44,8062;37,3200;-0,0000;7,8738;194,4292;291,489;75,000;0,000;50,000;2,3718;-4,0255;10,9438;-0,0000;-6,9183;2,3718;0,7632;0,9675;-0,9346;-0,0009;-0,0331;0,7641;10;0
10,9363;14,4429;44,7829;37,3834;-0,0000;7,8337;194,4429;291,199;75,000;0,000;50,000;2,3762;-4,0199;10,9384;0,0000;-6,9185;2,3762;0,7655;0,9679;-0,9333;-0,0074;-0,0363;0,7728;10;0
10,9421;14,4567;44,7596;37,4469;0,0000;7,7935;194,4567;290,909;75,000;0,000;50,000;2,3806;-4,0143;10,9330;-0,0001;-6,9187;2,3807;0,7674;0,9688;-0,9329;-0,0006;-0,0358;0,7679;10;0
10,9479;14,4706;44,7363;37,5102;-0,0000;7,7534;194,4706;290,620;75,000;0,000;50,000;2,3851;-4,0086;10,9275;0,0000;-6,9189;2,3851;0,7695;0,9698;-0,9331;-0,0021;-0,0327;0,7716;10;0
10,9537;14,4844;44,7131;37,5736;0,0000;7,7133;194,4844;290,330;75,000;0,000;50,000;2,3896;-4,0030;10,9221;-0,0001;-6,9191;2,3897;0,7716;0,9700;-0,9311;-0,0001;-0,0389;0,7717;10;0
10,9595;14,4983;44,6899;37,6369;-0,0000;7,6732;194,4983;290,040;75,000;0,000;50,000;2,3940;-3,9974;10,9168;-0,0000;-6,9194;2,3940;0,7728;0,9704;-0,9294;0,0262;-0,0438;0,7466;10;0
10,9653;14,5122;44,6668;37,7002;-0,0000;7,6331;194,5122;289,750;75,000;0,000;50,000;2,3985;-3,9917;10,9114;0,0002;-6,9196;2,3983;0,7758;0,9713;-0,9293;0,0002;-0,0420;0,7757;10;0
10,9711;14,5261;44,6436;37,7634;0,0000;7,5929;194,5261;289,460;75,000;0,000;50,000;2,4030;-3,9861;10,9060;0,0000;-6,9199;2,4030;0,7785;0,9720;-0,9286;-0,0166;-0,0431;0,7951;10;0
10,9769;14,5400;44,6205;37,8267;-0,0000;7,5528;194,5400;289,170;75,000;0,000;50,000;2,4075;-3,9805;10,9006;0,0000;-6,9201;2,4075;0,7801;0,9727;-0,9276;-0,0000;-0,0451;0,7801;10;0
10,9827;14,5540;44,5975;37,8899;0,0000;7,5127;194,5540;288,880;75,000;0,000;50,000;2,4121;-3,9748;10,8952;0,0000;-6,9204;2,4121;0,7823;0,9734;-0,9268;-0,0004;-0,0461;0,7826;10;0
10,9885;14,5680;44,5744;37,9530;-0,0000;7,4725;194,5680;288,590;75,000;0,000;50,000;2,4166;-3,9692;10,8898;-0,0000;-6,9207;2,4166;0,7846;0,9740;-0,9258;-0,0075;-0,0483;0,7924;10;0
10,9943;14,5820;44,5514;38,0162;0,0000;7,4324;194,5820;288,300;75,000;0,000;50,000;2,4212;-3,9635;10,8845;-0,0001;-6,9209;2,4213;0,7866;0,9747;-0,9249;0,0002;-0,0500;0,7864;10;0
11,0001;14,5961;44,5285;38,0793;-0,0000;7,3923;194,5961;288,010;75,000;0,000;50,000;2,4257;-3,9579;10,8791;-0,0000;-6,9212;2,4257;0,7883;0,9755;-0,9244;0,0140;-0,0504;0,7740;10;0
11,0059;14,6102;44,5055;38,1423;0,0000;7,3521;194,6102;287,720;75,000;0,000;50,000;2,4303;-3,9522;10,8738;0,0001;-6,9215;2,4302;0,7909;0,9761;-0,9233;0,0000;-0,0528;0,7909;10;0
11,0117;14,6243;44,4826;38,2054;-0,0000;7,3120;194,6243;287,430;75,000;0,000;50,000;2,4349;-3,9466;10,8684;-0,0000;-6,9218;2,4349;0,7933;0,9767;-0,9221;-0,0042;-0,0559;0,7977;10;0
11,0175;14,6384;44,4598;38,2684;-0,0000;7,2719;194,6384;287,140;75,000;0,000;50,000;2,4395;-3,9409;10,8631;0,0000;-6,9222;2,4395;0,7953;0,9775;-0,9216;0,0000;-0,0559;0,7953;10;0
11,0233;14,6526;44,4369;38,3313;0,0000;7,2317;194,6526;286,850;75,000;0,000;50,000;2,4441;-3,9352;10,8577;0,0000;-6,9225;2,4441;0,7976;0,9783;-0,9210;-0,0032;-0,0568;0,8008;10;0
11,0291;14,6667;44,4141;38,3943;-0,0000;7,1916;194,6667;286,560;75,000;0,000;50,000;2,4488;-3,9296;10,8524;-0,0000;-6,9228;2,4488;0,8001;0,9788;-0,9194;-0,0118;-0,0614;0,8120;10;0
11,0349;14,6810;44,3914;38,4572;0,0000;7,1514;194,6810;286,271;75,000;0,000;50,000;2,4534;-3,9239;10,8471;-0,0001;-6,9232;2,4536;0,8020;0,9797;-0,9191;0,0011;-0,0606;0,8008;10;0
11,0407;14,6952;44,3686;38,5201;-0,0000;7,1113;194,6952;285,981;75,000;0,000;50,000;2,4581;-3,9182;10,8417;0,0000;-6,9235;2,4581;0,8035;0,9809;-0,9195;0,0236;-0,0573;0,7798;10;0
11,0465;14,7095;44,3459;38,5829;0,0000;7,0712;194,7095;285,691;75,000;0,000;50,000;2,4627;-3,9125;10,8364;0,0001;-6,9239;2,4626;0,8065;0,9812;-0,9175;-0,0002;-0,0637;0,8067;10;0
11,0523;14,7238;44,3232;38,6458;-0,0000;7,0310;194,7238;285,401;75,000;0,000;50,000;2,4674;-3,9068;10,8311;-0,0000;-6,9243;2,4674;0,8092;0,9817;-0,9161;-0,0155;-0,0677;0,8247;10;0
11,0581;14,7381;44,3006;38,7085;0,0000;6,9908;194,7381;285,111;75,000;0,000;50,000;2,4721;-3,9011;10,8258;-0,0000;-6,9247;2,4722;0,8110;0,9827;-0,9159;0,0001;-0,0668;0,8108;10;0
11,0639;14,7524;44,2780;38,7713;-0,0000;6,9507;194,7524;284,821;75,000;0,000;50,000;2,4768;-3,8954;10,8205;-0,0000;-6,9250;2,4768;0,8130;0,9835;-0,9152;0,0066;-0,0680;0,8063;10;0
11,0697;14,7668;44,2554;38,8340;0,0000;6,9105;194,7668;284,531;75,000;0,000;50,000;2,4815;-3,8897;10,8152;0,0000;-6,9254;2,4815;0,8155;0,9842;-0,9143;0,0000;-0,0699;0,8155;10;0
11,0755;14,7812;44,2329;38,8967;-0,0000;6,8704;194,7812;284,241;75,000;0,000;50,000;2,4863;-3,8840;10,8099;-0,0000;-6,9259;2,4863;0,8178;0,9850;-0,9135;-0,0021;-0,0719;0,8200;10;0
11,0813;14,7956;44,2104;38,9594;-0,0000;6,8302;194,7956;283,951;75,000;0,000;50,000;2,4910;-3,8783;10,8046;0,0000;-6,9263;2,4910;0,8201;0,9858;-0,9128;0,0000;-0,0730;0,8201;10;0
11,0871;14,8101;44,1879;39,0220;0,0000;6,7901;194,8101;283,661;75,000;0,000;50,000;2,4958;-3,8726;10,7993;0,0000;-6,9267;2,4958;0,8224;0,9866;-0,9121;-0,0010;-0,0744;0,8234;10;0
11,0929;14,8246;44,1655;39,0846;-0,0000;6,7499;194,8246;283,371;75,000;0,000;50,000;2,5006;-3,8668;10,7940;-0,0000;-6,9271;2,5006;0,8248;0,9874;-0,9112;-0,0045;-0,0762;0,8293;10;0
11,0987;14,8391;44,1431;39,1472;0,0000;6,7097;194,8391;283,081;75,000;0,000;50,000;2,5054;-3,8611;10,7887;-0,0001;-6,9276;2,5054;0,8270;0,9882;-0,9105;0,0001;-0,0777;0,8269;10;0
11,1045;14,8536;44,1207;39,2098;-0,0000;6,6695;194,8536;282,791;75,000;0,000;50,000;2,5102;-3,8554;10,7834;-0,0000;-6,9280;2,5102;0,8291;0,9890;-0,9098;0,0079;-0,0788;0,8211;10;0
11,1103;14,8682;44,0984;39,2723;0,0000;6,6294;194,8682;282,501;75,000;0,000;50,000;2,5150;-3,8496;10,7782;0,0000;-6,9285;2,5149;0,8316;0,9898;-0,9090;0,0000;-0,0808;0,8316;10;0
11,1161;14,8828;44,0760;39,3348;-0,0000;6,5892;194,8828;282,211;75,000;0,000;50,000;2,5198;-3,8439;10,7729;-0,0000;-6,9290;2,5198;0,8340;0,9906;-0,9081;-0,0021;-0,0830;0,8361;10;0
11,1219;14,8974;44,0538;39,3972;-0,0000;6,5490;194,8974;281,922;75,000;0,000;50,000;2,5246;-3,8382;10,7676;0,0000;-6,9295;2,5246;0,8363;0,9914;-0,9075;0,0000;-0,0839;0,8363;10;0
11,1277;14,9121;44,0315;39,4596;0,0000;6,5088;194,9121;281,632;75,000;0,000;50,000;2,5295;-3,8324;10,7624;0,0000;-6,9300;2,5295;0,8387;0,9923;-0,9068;-0,0017;-0,0853;0,8404;10;0
11,1335;14,9268;44,0093;39,5220;-0,0000;6,4686;194,9268;281,342;75,000;0,000;50,000;2,5344;-3,8266;10,7571;-0,0000;-6,9305;2,5344;0,8413;0,9931;-0,9060;-0,0077;-0,0872;0,8490;10;0
11,1393;14,9415;43,9872;39,5844;0,0000;6,4285;194,9415;281,052;75,000;0,000;50,000;2,5393;-3,8209;10,7519;-0,0001;-6,9310;2,5393;0,8434;0,9940;-0,9053;0,0003;-0,0886;0,8431;10;0
11,1450;14,9562;43,9650;39,6467;-0,0000;6,3883;194,9562;280,762;75,000;0,000;50,000;2,5442;-3,8151;10,7466;-0,0000;-6,9315;2,5442;0,8455;0,9949;-0,9048;0,0128;-0,0892;0,8326;10;0
11,1508;14,9710;43,9429;39,7090;0,0000;6,3481;194,9710;280,472;75,000;0,000;50,000;2,5491;-3,8094;10,7414;0,0001;-6,9320;2,5490;0,8482;0,9957;-0,9039;-0,0000;-0,0918;0,8482;10;0
11,1566;14,9858;43,9208;39,7713;-0,0000;6,3079;194,9858;280,182;75,000;0,000;50,000;2,5540;-3,8036;10,7361;-0,0000;-6,9325;2,5540;0,8507;0,9964;-0,9028;-0,0025;-0,0949;0,8532;10;0
11,1624;15,0006;43,8988;39,8335;-0,0000;6,2677;195,0006;279,892;75,000;0,000;50,000;2,5589;-3,7978;10,7309;0,0000;-6,9331;2,5589;0,8530;0,9974;-0,9025;0,0000;-0,0949;0,8530;10;0
11,1682;15,0155;43,8768;39,8957;0,0000;6,2275;195,0155;279,602;75,000;0,000;50,000;2,5639;-3,7920;10,7257;0,0000;-6,9336;2,5639;0,8555;0,9983;-0,9019;-0,0039;-0,0960;0,8595;10;0
11,1740;15,0303;43,8548;39,9579;0,0000;6,1873;195,0303;279,312;75,000;0,000;50,000;2,5689;-3,7862;10,7204;-0,0000;-6,9342;2,5689;0,8579;0,9992;-0,9011;-0,0000;-0,0981;0,8579;10;0
11,1798;15,0452;43,8329;40,0201;-0,0000;6,1470;195,0452;279,022;75,000;0,000;50,000;2,5738;-3,7804;10,7152;-0,0000;-6,9348;2,5738;0,8602;1,0001;-0,9005;0,0020;-0,0992;0,8582;10;0
11,1856;15,0602;43,8110;40,0822;0,0000;6,1068;195,0602;278,732;75,000;0,000;50,000;2,5788;-3,7746;10,7100;0,0000;-6,9354;2,5788;0,8627;1,0009;-0,8997;0,0000;-0,1012;0,8627;10;0
11,1914;15,0752;43,7891;40,1443;-0,0000;6,0666;195,0752;278,442;75,000;0,000;50,000;2,5838;-3,7688;10,7048;-0,0000;-6,9360;2,5838;0,8652;1,0018;-0,8990;-0,0002;-0,1030;0,8654;10;0
11,1972;15,0902;43,7673;40,2063;0,0000;6,0264;195,0902;278,152;75,000;0,000;50,000;2,5889;-3,7630;10,6996;0,0000;-6,9366;2,5889;0,8675;1,0026;-0,8980;0,0057;-0,1061;0,8618;10;0
11,2030;15,1052;43,7455;40,2684;-0,0000;5,9862;195,1052;277,862;75,000;0,000;50,000;2,5939;-3,7572;10,6944;0,0001;-6,9372;2,5938;0,8701;1,0037;-0,8977;-0,0006;-0,1059;0,8707;10;0
11,2088;15,1202;43,7237;40,3304;0,0000;5,9459;195,1202;277,573;75,000;0,000;50,000;2,5990;-3,7514;10,6891;-0,0000;-6,9378;2,5990;0,8729;1,0049;-0,8979;-0,0115;-0,1041;0,8844;10;0
11,2146;15,1353;43,7020;40,3923;-0,0000;5,9057;195,1353;277,283;75,000;0,000;50,000;2,6040;-3,7455;10,6839;-0,0001;-6,9384;2,6041;0,8751;1,0055;-0,8964;0,0001;-0,1091;0,8750;10;0
11,2204;15,1504;43,6803;40,4543;0,0000;5,8655;195,1504;276,993;75,000;0,000;50,000;2,6091;-3,7397;10,6788;0,0000;-6,9391;2,6091;0,8775;1,0063;-0,8953;0,0028;-0,1126;0,8748;10;0
11,2262;15,1656;43,6586;40,5162;0,0000;5,8252;195,1656;276,703;75,000;0,000;50,000;2,6142;-3,7339;10,6736;-0,0000;-6,9397;2,6142;0,8801;1,0074;-0,8951;-0,0001;-0,1123;0,8802;10;0
11,2320;15,1808;43,6370;40,5781;-0,0000;5,7850;195,1808;276,413;75,000;0,000;50,000;2,6193;-3,7280;10,6684;-0,0000;-6,9404;2,6193;0,8825;1,0084;-0,8946;0,0045;-0,1133;0,8779;10;0
11,2378;15,1960;43,6154;40,6399;0,0000;5,7447;195,1960;276,123;75,000;0,000;50,000;2,6244;-3,7222;10,6632;0,0000;-6,9410;2,6244;0,8852;1,0093;-0,8939;0,0000;-0,1154;0,8852;10;0
11,2436;15,2112;43,5938;40,7017;-0,0000;5,7045;195,2112;275,833;75,000;0,000;50,000;2,6296;-3,7163;10,6580;-0,0000;-6,9417;2,6296;0,8877;1,0102;-0,8931;-0,0001;-0,1174;0,8878;10;0
11,2494;15,2265;43,5723;40,7635;-0,0000;5,6642;195,2265;275,543;75,000;0,000;50,000;2,6347;-3,7105;10,6528;0,0000;-6,9424;2,6347;0,8902;1,0112;-0,8926;0,0000;-0,1186;0,8902;10;0
11,2552;15,2417;43,5508;40,8253;0,0000;5,6240;195,2417;275,253;75,000;0,000;50,000;2,6399;-3,7046;10,6477;0,0000;-6,9431;2,6399;0,8928;1,0122;-0,8920;-0,0016;-0,1201;0,8944;10;0
11,2610;15,2571;43,5293;40,8870;-0,0000;5,5837;195,2571;274,963;75,000;0,000;50,000;2,6451;-3,6987;10,6425;-0,0000;-6,9438;2,6451;0,8955;1,0131;-0,8914;-0,0062;-0,1219;0,9017;10;0
11,2668;15,2724;43,5079;40,9487;0,0000;5,5434;195,2724;274,673;75,000;0,000;50,000;2,6503;-3,6928;10,6373;-0,0001;-6,9445;2,6504;0,8979;1,0141;-0,8908;0,0001;-0,1233;0,8979;10;0
11,2726;15,2878;43,4865;41,0104;-0,0000;5,5032;195,2878;274,383;75,000;0,000;50,000;2,6555;-3,6870;10,6322;-0,0000;-6,9452;2,6555;0,9003;1,0152;-0,8903;0,0106;-0,1244;0,8897;10;0
11,2784;15,3032;43,4651;41,0720;0,0000;5,4629;195,3032;274,093;75,000;0,000;50,000;2,6607;-3,6811;10,6270;0,0001;-6,9459;2,6607;0,9031;1,0161;-0,8896;0,0000;-0,1265;0,9031;10;0
11,2842;15,3187;43,4438;41,1336;-0,0000;5,4226;195,3187;273,803;75,000;0,000;50,000;2,6660;-3,6752;10,6218;-0,0000;-6,9467;2,6660;0,9058;1,0171;-0,8888;-0,0015;-0,1290;0,9073;10;0
11,2900;15,3341;43,4225;41,1952;-0,0000;5,3823;195,3341;273,513;75,000;0,000;50,000;2,6712;-3,6693;10,6167;0,0000;-6,9474;2,6712;0,9083;1,0181;-0,8884;0,0000;-0,1297;0,9083;10;0
11,2958;15,3496;43,4012;41,2567;0,0000;5,3421;195,3496;273,224;75,000;0,000;50,000;2,6765;-3,6634;10,6115;0,0000;-6,9482;2,6765;0,9111;1,0192;-0,8879;-0,0041;-0,1310;0,9151;10;0
11,3016;15,3652;43,3800;41,3182;-0,0000;5,3018;195,3652;272,934;75,000;0,000;50,000;2,6818;-3,6574;10,6064;-0,0000;-6,9489;2,6818;0,9136;1,0202;-0,8873;-0,0000;-0,1329;0,9136;10;0
11,3074;15,3807;43,3588;41,3797;0,0000;5,2615;195,3807;272,644;75,000;0,000;50,000;2,6871;-3,6515;10,6012;0,0000;-6,9497;2,6871;0,9162;1,0212;-0,8867;0,0010;-0,1345;0,9152;10;0
11,3132;15,3963;43,3376;41,4412;-0,0000;5,2212;195,3963;272,354;75,000;0,000;50,000;2,6924;-3,6456;10,5961;-0,0000;-6,9505;2,6924;0,9190;1,0222;-0,8861;-0,0059;-0,1362;0,9250;10;0
11,3190;15,4120;43,3165;41,5026;0,0000;5,1809;195,4120;272,064;75,000;0,000;50,000;2,6978;-3,6397;10,5910;-0,0001;-6,9513;2,6978;0,9216;1,0233;-0,8856;0,0001;-0,1377;0,9215;10;0
11,3248;15,4276;43,2954;41,5640;-0,0000;5,1405;195,4276;271,774;75,000;0,000;50,000;2,7031;-3,6337;10,5858;-0,0000;-6,9521;2,7031;0,9240;1,0244;-0,8851;0,0097;-0,1388;0,9143;10;0
11,3306;15,4433;43,2744;41,6254;0,0000;5,1002;195,4433;271,484;75,000;0,000;50,000;2,7085;-3,6278;10,5807;0,0000;-6,9529;2,7084;0,9269;1,0254;-0,8845;0,0000;-0,1409;0,9269;10;0
11,3364;15,4590;43,2534;41,6867;-0,0000;5,0599;195,4590;271,194;75,000;0,000;50,000;2,7139;-3,6218;10,5756;-0,0000;-6,9537;2,7139;0,9296;1,0264;-0,8837;-0,0002;-0,1433;0,9299;10;0
11,3422;15,4748;43,2324;41,7480;-0,0000;5,0196;195,4748;270,904;75,000;0,000;50,000;2,7193;-3,6159;10,5705;0,0000;-6,9546;2,7192;0,9323;1,0275;-0,8834;0,0000;-0,1442;0,9323;10;0
11,3480;15,4906;43,2114;41,8093;0,0000;4,9793;195,4906;270,614;75,000;0,000;50,000;2,7247;-3,6099;10,5653;0,0000;-6,9554;2,7247;0,9353;1,0286;-0,8829;-0,0107;-0,1457;0,9460;10;0
11,3538;15,5064;43,1905;41,8706;0,0000;4,9389;195,5064;270,324;75,000;0,000;50,000;2,7301;-3,6040;10,5602;-0,0001;-6,9563;2,7302;0,9378;1,0297;-0,8823;-0,0000;-0,1474;0,9378;10;0
11,3596;15,5222;43,1696;41,9318;-0,0000;4,8986;195,5222;270,034;75,000;0,000;50,000;2,7355;-3,5980;10,5551;-0,0000;-6,9571;2,7355;0,9403;1,0308;-0,8820;0,0100;-0,1483;0,9302;10;0
11,3654;15,5381;43,1488;41,9930;0,0000;4,8582;195,5381;269,744;75,000;0,000;50,000;2,7410;-3,5920;10,5500;0,0000;-6,9580;2,7410;0,9432;1,0319;-0,8813;-0,0000;-0,1506;0,9432;10;0
11,3712;15,5540;43,1280;42,0541;-0,0000;4,8179;195,5540;269,454;75,000;0,000;50,000;2,7465;-3,5860;10,5449;-0,0000;-6,9589;2,7465;0,9460;1,0329;-0,8806;0,0019;-0,1530;0,9441;10;0
11,3770;15,5700;43,1072;42,1153;-0,0000;4,7775;195,5700;269,164;75,000;0,000;50,000;2,7520;-3,5800;10,5398;0,0001;-6,9597;2,7519;0,9488;1,0341;-0,8803;0,0000;-0,1538;0,9487;10;0
11,3828;15,5859;43,0865;42,1764;0,0000;4,7372;195,5859;268,875;75,000;0,000;50,000;2,7575;-3,5740;10,5347;0,0000;-6,9606;2,7575;0,9517;1,0352;-0,8798;-0,0065;-0,1553;0,9581;10;0
11,3886;15,6019;43,0657;42,2374;0,0000;4,6968;195,6019;268,585;75,000;0,000;50,000;2,7630;-3,5680;10,5296;-0,0000;-6,9615;2,7630;0,9543;1,0363;-0,8793;-0,0000;-0,1571;0,9543;10;0
11,3944;15,6180;43,0451;42,2985;0,0000;4,6564;195,6180;268,295;75,000;0,000;50,000;2,7686;-3,5620;10,5245;-0,0000;-6,9625;2,7686;0,9571;1,0375;-0,8788;0,0018;-0,1586;0,9553;10;0
11,4002;15,6341;43,0244;42,3595;0,0000;4,6161;195,6341;268,005;75,000;0,000;50,000;2,7741;-3,5560;10,5194;0,0000;-6,9634;2,7741;0,9600;1,0386;-0,8783;-0,0046;-0,1605;0,9647;10;0
11,4060;15,6502;43,0038;42,4205;0,0000;4,5757;195,6502;267,715;75,000;0,000;50,000;2,7797;-3,5500;10,5143;-0,0001;-6,9643;2,7797;0,9627;1,0398;-0,8778;-0,0000;-0,1619;0,9628;10;0
11,4118;15,6663;42,9833;42,4814;-0,0000;4,5353;195,6663;267,425;75,000;0,000;50,000;2,7853;-3,5439;10,5092;-0,0000;-6,9653;2,7853;0,9654;1,0409;-0,8774;0,0093;-0,1632;0,9561;10;0
11,4176;15,6825;42,9627;42,5424;0,0000;4,4949;195,6825;267,135;75,000;0,000;50,000;2,7909;-3,5379;10,5041;0,0001;-6,9662;2,7908;0,9684;1,0421;-0,8769;0,0000;-0,1652;0,9684;10;0
11,4234;15,6987;42,9422;42,6033;0,0000;4,4545;195,6987;266,845;75,000;0,000;50,000;2,7965;-3,5318;10,4990;0,0000;-6,9672;2,7965;0,9714;1,0432;-0,8763;-0,0074;-0,1671;0,9789;10;0
11,4292;15,7149;42,9218;42,6641;0,0000;4,4141;195,7149;266,555;75,000;0,000;50,000;2,8022;-3,5258;10,4939;-0,0000;-6,9682;2,8022;0,9741;1,0444;-0,8760;-0,0000;-0,1684;0,9741;10;0
11,4350;15,7312;42,9013;42,7250;-0,0000;4,3737;195,7312;266,265;75,000;0,000;50,000;2,8078;-3,5197;10,4889;-0,0000;-6,9691;2,8078;0,9769;1,0456;-0,8756;0,0039;-0,1697;0,9730;10;0
11,4408;15,7475;42,8810;42,7858;0,0000;4,3333;195,7475;265,975;75,000;0,000;50,000;2,8135;-3,5137;10,4838;0,0000;-6,9701;2,8135;0,9799;1,0468;-0,8751;0,0000;-0,1717;0,9799;10;0
11,4466;15,7638;42,8606;42,8465;-0,0000;4,2929;195,7638;265,685;75,000;0,000;50,000;2,8192;-3,5076;10,4787;0,0000;-6,9711;2,8192;0,9829;1,0479;-0,8745;-0,0036;-0,1738;0,9864;10;0
11,4524;15,7801;42,8403;42,9073;0,0000;4,2524;195,7801;265,395;75,000;0,000;50,000;2,8249;-3,5015;10,4736;-0,0000;-6,9721;2,8249;-6,4673;0,3515;1,2179;-0,0000;-1,5694;-6,4673;10;0
11,4582;15,7965;42,8200;42,9680;-0,0000;4,2120;195,7965;265,105;75,000;0,000;50,000;2,7442;-3,5035;10,4928;-0,0000;-6,9893;2,7442;-18,1924;-0,7422;4,5085;0,0042;-3,7659;-18,1967;10;0
11,4640;15,8120;42,7996;43,0290;0,0000;4,1714;195,8120;264,816;74,995;0,000;49,996;2,6139;-3,5101;10,5259;0,0000;-7,0158;2,6139;-15,0336;-0,4392;3,6193;-0,0000;-3,1801;-15,0336;10;0
11,4698;15,8269;42,7793;43,0901;-0,0000;4,1306;195,8269;264,526;74,987;0,000;50,000;2,5698;-3,5086;10,5348;-0,0000;-7,0262;2,5698;-5,9188;0,4606;0,9372;0,0008;-1,3982;-5,9197;10;0
11,4756;15,8418;42,7590;43,1512;-0,0000;4,0899;195,8418;264,236;74,979;0,000;50,000;2,5453;-3,5048;10,5368;0,0000;-7,0320;2,5452;-27,3759;-1,1273;5,7365;0,0000;-4,6092;-27,3759;10;0
11,4814;15,8564;42,7386;43,2123;0,0000;4,0491;195,8564;263,946;74,970;0,000;49,992;2,2523;-3,5217;10,6013;0,0000;-7,0797;2,2523;-47,9927;-2,7130;10,5383;-0,0028;-7,8252;-47,9899;10;0
11,4872;15,8679;42,7181;43,2741;-0,0000;4,0078;195,8679;263,657;74,945;0,000;50,000;1,9887;-3,5362;10,6590;-0,0000;-7,1228;1,9887;-22,3784;-0,7182;4,5607;0,0000;-3,8424;-22,3784;10;0
11,4930;15,8794;42,6976;43,3359;0,0000;3,9665;195,8794;263,368;74,920;0,000;50,000;1,9928;-3,5300;10,6542;0,0000;-7,1242;1,9928;-20,8157;-0,1098;2,7597;-0,0030;-2,6500;-20,8127;10;0
11,4988;15,8910;42,6772;43,3977;0,0000;3,9252;195,8910;263,080;74,896;0,000;50,000;1,7473;-3,5375;10,6910;-0,0000;-7,1535;1,7473;-49,8076;-1,6987;7,5840;-0,0000;-5,8853;-49,8075;10;0
11,5046;15,8997;42,6566;43,4599;-0,0000;3,8835;195,8997;262,792;74,857;0,000;49,980;1,4152;-3,5497;10,7422;-0,0000;-7,1925;1,4152;-35,7984;-0,9164;5,2456;0,0058;-4,3289;-35,8042;10;0
11,5104;15,9074;42,6360;43,5222;0,0000;3,8417;195,9074;262,506;74,813;0,000;50,000;1,3321;-3,5481;10,7519;0,0000;-7,2037;1,3321;-24,8887;0,1201;2,1356;0,0000;-2,2556;-24,8887;10;0
11,5162;15,9152;42,6155;43,5846;-0,0000;3,8000;195,9152;262,219;74,770;0,000;50,000;1,1265;-3,5483;10,7670;-0,0000;-7,2186;1,1265;-49,9086;-0,4777;3,9703;-0,0019;-3,4928;-49,9067;10;0
11,5220;15,9205;42,5949;43,6471;0,0000;3,7580;195,9205;261,934;74,715;0,000;49,968;0,7533;-3,5537;10,7979;0,0000;-7,2442;0,7533;-46,4657;-0,3627;3,6408;0,0021;-3,2783;-46,4677;10;0
11,5278;15,9239;42,5742;43,7098;-0,0000;3,7160;195,9239;261,652;74,651;0,000;50,000;0,5876;-3,5525;10,8092;0,0000;-7,2567;0,5876;-32,7678;0,5459;0,8970;-0,0006;-1,4429;-32,7672;10;0
11,5336;15,9273;42,5537;43,7725;0,0000;3,6739;195,9273;261,369;74,588;0,000;50,000;0,3733;-3,5473;10,8083;0,0000;-7,2610;0,3733;-54,2841;0,7978;0,1429;-0,0042;-0,9404;-54,2799;10;0
11,5394;15,9282;42,5331;43,8352;-0,0000;3,6317;195,9282;261,089;74,512;-0,000;49,961;-0,0419;-3,5433;10,8108;-0,0000;-7,2676;-0,0419;-53,0809;0,8073;0,1224;-0,0007;-0,9296;-53,0802;10;0
11,5452;15,9268;42,5126;43,8978;-0,0000;3,5896;195,9268;260,812;74,426;0,000;50,000;-0,2423;-3,5380;10,8097;-0,0000;-7,2717;-0,2423;-41,4918;1,5403;-2,1133;0,0021;0,5729;-41,4939;10;0
11,5510;15,9254;42,4921;43,9605;-0,0000;3,5474;195,9254;260,535;74,340;0,000;50,000;-0,5231;-3,5254;10,7863;0,0000;-7,2609;-0,5231;-63,4510;2,4983;-5,0472;0,0011;2,5487;-63,4521;10;0
11,5568;15,9207;42,4717;44,0229;-0,0000;3,5054;195,9207;260,264;74,240;0,000;49,956;-0,9782;-3,5090;10,7512;0,0000;-7,2422;-0,9782;-54,4003;2,2950;-4,4321;-0,0467;2,1375;-54,3535;10;0
11,5626;15,9141;42,4514;44,0852;-0,0000;3,4634;195,9141;259,995;74,131;0,000;50,000;-1,1540;-3,4988;10,7349;-0,0005;-7,2361;-1,1535;-50,2241;3,2405;-7,3556;-0,0005;4,1152;-50,2236;10;0
11,5684;15,9074;42,4311;44,1474;-0,0000;3,4215;195,9074;259,727;74,021;0,000;50,000;-1,5607;-3,4714;10,6659;-0,0000;-7,1945;-1,5607;-77,2439;5,0809;-13,0356;0,0934;7,9540;-77,3374;10;0
11,5742;15,8960;42,4111;44,2089;-0,0000;3,3800;195,8960;259,467;73,891;0,000;49,970;-2,0498;-3,4399;10,5837;0,0005;-7,1439;-2,0504;-55,7048;4,1502;-10,2070;-0,0001;6,0569;-55,7048;10;0
11,5799;15,8836;42,3912;44,2702;-0,0000;3,3386;195,8836;259,210;73,758;0,000;50,000;-2,2067;-3,4233;10,5475;-0,0000;-7,1242;-2,2067;-57,6590;5,6634;-14,9279;-0,0467;9,2649;-57,6123;10;0
11,5857;15,8704;42,3714;44,3312;-0,0000;3,2974;195,8704;258,955;73,621;0,000;49,971;-2,7185;-3,3742;10,4106;-0,0000;-7,0364;-2,7185;-82,2401;7,9488;-22,0290;-0,0004;14,0801;-82,2397;10;0
11,5915;15,8521;42,3521;44,3909;-0,0000;3,2570;195,8521;258,712;73,462;0,000;50,000;-3,1605;-3,3311;10,2920;-0,0000;-6,9609;-3,1605;-61,5401;6,9980;-19,1710;-0,0000;12,1730;-61,5401;10;0
11,5973;15,8337;42,3328;44,4506;-0,0000;3,2166;195,8337;258,469;73,304;0,000;50,000;-3,4322;-3,2930;10,1883;-0,0000;-6,8953;-3,4322;-68,3454;9,1342;-25,8733;-0,0012;16,7391;-68,3442;10;0
11,6031;15,8123;42,3139;44,5091;-0,0000;3,1770;195,8123;258,235;73,133;0,000;49,934;-3,9531;-3,2252;9,9920;-0,0000;-6,7668;-3,9531;-67,0329;8,9473;-25,3692;0,0000;16,4219;-67,0329;10;0
11,6089;15,7879;42,2954;44,5665;-0,0000;3,1382;195,7879;258,010;72,951;0,000;50,000;-4,2096;-3,1893;9,8941;0,0000;-6,7048;-4,2096;-63,4133;10,0868;-29,0320;0,0046;18,9446;-63,4179;10;0
11,6147;15,7634;42,2769;44,6238;0,0000;3,0993;195,7634;257,785;72,768;0,000;50,000;-4,6885;-3,1082;9,6553;0,0000;-6,5471;-4,6885;-85,4697;14,4199;-42,6047;-0,0000;28,1848;-85,4697;10;0
11,6205;15,7335;42,2593;44,6784;0,0000;3,0622;195,7335;257,578;72,565;0,000;49,983;-5,2008;-3,0220;9,4000;-0,0000;-6,3779;-5,2008;-62,9129;11,4499;-33,4993;-0,0175;22,0508;-62,8954;10;0
11,6263;15,7031;42,2419;44,7328;-0,0000;3,0253;195,7031;257,373;72,360;0,000;50,000;-5,4181;-2,9754;9,2668;-0,0002;-6,2914;-5,4180;-60,5815;12,8497;-38,0200;0,0000;25,1703;-60,5815;10;0
11,6321;15,6707;42,2248;44,7859;-0,0000;2,9893;195,6707;257,177;72,147;0,000;49,936;-5,9034;-2,8730;8,9590;-0,0000;-6,0860;-5,9034;-68,6746;14,5846;-43,5437;0,0290;28,9584;-68,7037;10;0
11,6379;15,6347;42,2085;44,8367;-0,0000;2,9547;195,6347;256,994;71,922;0,000;50,000;-6,2146;-2,8063;8,7618;0,0002;-5,9555;-6,2147;-57,0916;13,6480;-40,7908;-0,0004;27,1428;-57,0912;10;0
11,6437;15,5986;42,1923;44,8875;0,0000;2,9202;195,5986;256,812;71,696;0,000;50,000;-6,5655;-2,7147;8,4860;-0,0000;-5,7712;-6,5655;-68,5113;17,7890;-53,8918;-0,0143;36,1028;-68,4969;10;0
11,6495;15,5585;42,1770;44,9352;-0,0000;2,8878;195,5585;256,648;71,457;0,000;49,956;-7,0091;-2,6000;8,1368;-0,0000;-5,5368;-7,0091;-52,5407;14,0178;-42,2313;-0,0000;28,2134;-52,5406;10;0
11,6553;15,5173;42,1621;44,9819;-0,0000;2,8560;195,5173;256,490;71,214;0,000;50,000;-7,1749;-2,5522;7,9962;-0,0000;-5,4440;-7,1749;-48,0187;14,6942;-44,5353;0,0000;29,8412;-48,0187;10;0
11,6611;15,4753;42,1475;45,0279;-0,0000;2,8247;195,4753;256,336;70,969;0,000;49,967;-7,5660;-2,4296;7,6203;0,0000;-5,1907;-7,5660;-62,1292;19,4837;-59,6892;0,0836;40,2051;-62,2128;10;0
11,6669;15,4296;42,1339;45,0703;0,0000;2,7958;195,4296;256,202;70,712;0,000;50,000;-7,8954;-2,3262;7,3040;0,0010;-4,9778;-7,8964;-42,4961;14,2428;-43,3960;-0,0000;29,1531;-42,4961;10;0
11,6727;15,3837;42,1205;45,1126;0,0000;2,7669;195,3837;256,068;70,455;0,000;50,000;-8,0589;-2,2644;7,1170;-0,0000;-4,8526;-8,0589;-42,8889;16,1587;-49,5830;-0,1662;33,4253;-42,7227;10;0
11,6785;15,3361;42,1077;45,1528;-0,0000;2,7395;195,3361;255,946;70,192;-0,000;49,947;-8,3928;-2,1388;6,7289;-0,0010;-4,5901;-8,3918;-44,4948;16,7483;-51,5513;0,0000;34,8030;-44,4948;10;0
11,6843;15,2864;42,0957;45,1906;-0,0000;2,7137;195,2864;255,836;69,924;0,000;50,000;-8,5749;-2,0701;6,5192;0,0000;-4,4490;-8,5749;-32,3872;13,4054;-41,1777;0,0841;27,7717;-32,4713;10;0
11,6901;15,2367;42,0837;45,2284;0,0000;2,6879;195,2367;255,727;69,655;0,000;50,000;-8,7684;-1,9833;6,2514;0,0000;-4,2681;-8,7684;-40,5654;18,2098;-56,4497;-0,0021;38,2400;-40,5633;10;0
11,6959;15,1847;42,0727;45,2631;-0,0000;2,6642;195,1847;255,634;69,381;0,000;49,960;-9,0453;-1,8590;5,8645;-0,0000;-4,0055;-9,0453;-32,0217;14,3682;-44,4376;-0,0009;30,0695;-32,0208;10;0
11,7017;15,1317;42,0621;45,2964;-0,0000;2,6415;195,1317;255,548;69,104;0,000;50,000;-9,1398;-1,8167;5,7360;0,0000;-3,9193;-9,1398;-23,5055;11,8482;-36,6154;0,0042;24,7672;-23,5097;10;0
11,7075;15,0787;42,0516;45,3297;0,0000;2,6187;195,0787;255,462;68,827;0,000;50,000;-9,3179;-1,7215;5,4398;0,0000;-3,7183;-9,3180;-34,6620;18,5534;-57,9003;-0,0007;39,3468;-34,6613;10;0
11,7133;15,0237;42,0422;45,3595;0,0000;2,5983;195,0237;255,393;68,546;0,000;49,974;-9,5418;-1,6015;5,0645;-0,0000;-3,4630;-9,5418;-24,1236;12,8750;-40,0372;-0,0021;27,1623;-24,1215;10;0
11,7191;14,9681;42,0330;45,3884;-0,0000;2,5786;194,9681;255,329;68,263;0,000;50,000;-9,5977;-1,5722;4,9755;0,0000;-3,4033;-9,5977;-16,4734;9,9448;-30,8739;0,0175;20,9287;-16,4910;10;0
11,7249;14,9124;42,0239;45,4172;0,0000;2,5589;194,9124;255,265;67,980;0,000;50,000;-9,7328;-1,4862;4,7065;0,0002;-3,2203;-9,7330;-26,9050;17,2061;-53,9430;-0,0019;36,7368;-26,9031;10;0
11,7307;14,8552;42,0158;45,4430;0,0000;2,5412;194,8552;255,217;67,694;0,000;49,976;-9,9097;-1,3727;4,3499;-0,0000;-2,9772;-9,9097;-19,6561;12,5250;-39,1861;-0,0331;26,6619;-19,6229;10;0
11,7365;14,7975;42,0080;45,4677;-0,0000;2,5243;194,7975;255,173;67,408;0,000;50,000;-9,9608;-1,3409;4,2520;-0,0002;-2,9111;-9,9606;-11,3581;7,9975;-24,9140;0,1773;16,9135;-11,5355;10;0
11,7423;14,7397;42,0002;45,4923;0,0000;2,5075;194,7397;255,130;67,121;0,000;50,000;-10,0415;-1,2799;4,0610;0,0020;-2,7811;-10,0435;-18,7679;14,3854;-45,2402;0,0162;30,8544;-18,7841;10;0
11,7481;14,6810;41,9932;45,5148;0,0000;2,4921;194,6810;255,097;66,833;0,000;49,974;-10,1784;-1,1741;3,7274;-0,0000;-2,5533;-10,1784;-17,3673;13,3428;-41,9898;-0,3513;28,6531;-17,0158;10;0
11,7539;14,6216;41,9866;45,5355;-0,0000;2,4779;194,6216;255,072;66,544;-0,000;50,000;-10,2429;-1,1252;3,5740;-0,0020;-2,4488;-10,2408;-7,8985;6,2020;-19,3688;0,0001;13,1668;-7,8986;10;0
11,7597;14,5622;41,9801;45,5562;-0,0000;2,4637;194,5622;255,047;66,255;0,000;50,000;-10,2700;-1,1022;3,5027;0,0000;-2,4006;-10,2700;-11,3095;10,4045;-32,7746;0,2816;22,3623;-11,5913;10;0
11,7655;14,5025;41,9738;45,5761;0,0000;2,4500;194,5025;255,026;65,966;0,000;49,986;-10,3740;-1,0045;3,1939;0,0012;-2,1894;-10,3753;-16,1895;15,2006;-48,0663;-0,0001;32,8658;-16,1894;12;0
11,7713;14,4419;41,9685;45,5932;0,0000;2,4383;194,4419;255,018;65,676;0,000;50,000;-10,4578;-0,9259;2,9453;-0,0000;-2,0194;-10,4578;-7,7674;7,1190;-22,4065;-0,2091;15,2969;-7,5581;12;0
11,7771;14,3812;41,9631;45,6103;-0,0000;2,4266;194,3812;255,010;65,387;-0,000;50,000;-10,4641;-0,9220;2,9341;-0,0012;-2,0120;-10,4629;-3,2831;3,1922;-9,9466;-0,0017;6,7544;-3,2814;12;0
11,7829;14,3205;41,9578;45,6273;-0,0000;2,4150;194,3205;255,003;65,097;0,000;50,000;-10,4959;-0,8889;2,8299;-0,0000;-1,9411;-10,4958;-6,5511;6,9653;-21,9747;0,1034;15,0047;-6,6546;12;0
11,7887;14,2595;41,9528;45,6431;-0,0000;2,4041;194,2595;255,000;64,807;0,000;49,996;-10,5401;-0,8412;2,6792;0,0000;-1,8380;-10,5401;-5,4090;5,7062;-17,9848;0,0787;12,2762;-5,4878;12;0
11,7945;14,1983;41,9480;45,6583;0,0000;2,3936;194,1983;255,000;64,517;0,000;50,000;-10,5586;-0,8227;2,6214;0,0009;-1,7987;-10,5595;-2,0865;1,9287;-5,9667;-0,0000;4,0380;-2,0865;12;0
11,8003;14,1371;41,9433;45,6735;0,0000;2,3832;194,1371;255,000;64,227;0,000;50,000;-10,5643;-0,8188;2,6100;-0,0000;-1,7912;-10,5643;-0,9795;0,6687;-1,9570;-0,1540;1,2931;-0,8253;12;0
11,8061;14,0758;41,9385;45,6886;-0,0000;2,3729;194,0758;255,000;63,937;-0,000;50,000;-10,5699;-0,8149;2,5987;-0,0009;-1,7837;-10,5691;-0,9778;0,6679;-1,9567;0,0000;1,2888;-0,9779;12;0
11,8119;14,0145;41,9338;45,7036;-0,0000;2,3626;194,0145;255,000;63,647;0,000;50,000;-10,5756;-0,8111;2,5873;0,0000;-1,7763;-10,5756;-0,9753;0,6673;-1,9571;0,0775;1,2874;-1,0529;12;0
11,8177;13,9531;41,9291;45,7186;0,0000;2,3523;193,9531;255,000;63,357;0,000;50,000;-10,5813;-0,8072;2,5760;0,0000;-1,7688;-10,5813;-0,9710;0,6672;-1,9586;-0,0011;1,2915;-0,9699;12;0
11,8235;13,8918;41,9244;45,7335;-0,0000;2,3420;193,8918;255,000;63,067;0,000;50,000;-10,5869;-0,8033;2,5646;-0,0000;-1,7613;-10,5869;-0,9676;0,6668;-1,9596;0,0006;1,2928;-0,9682;12;0
11,8293;13,8304;41,9198;45,7484;-0,0000;2,3318;193,8304;255,000;62,777;0,000;50,000;-10,5925;-0,7995;2,5532;0,0000;-1,7538;-10,5925;-0,9647;0,6664;-1,9603;0,0499;1,2929;-1,0147;12;0
11,8351;13,7689;41,9152;45,7631;0,0000;2,3217;193,7689;255,000;62,487;0,000;50,000;-10,5981;-0,7956;2,5419;0,0006;-1,7463;-10,5986;-0,9606;0,6660;-1,9613;-0,0173;1,2948;-0,9432;12;0
11,8409;13,7074;41,9106;45,7778;0,0000;2,3116;193,7074;255,000;62,197;0,000;50,000;-10,6036;-0,7917;2,5305;-0,0002;-1,7388;-10,6034;-0,9562;0,6659;-1,9630;-0,0936;1,2990;-0,8625;12;0
11,8467;13,6459;41,9060;45,7925;-0,0000;2,3015;193,6459;255,000;61,907;0,000;50,000;-10,6092;-0,7879;2,5191;-0,0005;-1,7312;-10,6086;-0,9542;0,6655;-1,9636;0,0324;1,2992;-0,9866;12;0
11,8525;13,5844;41,9014;45,8071;0,0000;2,2915;193,5844;255,000;61,618;0,000;50,000;-10,6147;-0,7840;2,5077;0,0002;-1,7237;-10,6149;-0,9509;0,6649;-1,9640;0,0419;1,2982;-0,9928;12;0
11,8583;13,5228;41,8969;45,8216;-0,0000;2,2815;193,5228;255,000;61,328;0,000;50,000;-10,6202;-0,7802;2,4963;-0,0000;-1,7162;-10,6202;-0,9467;0,6646;-1,9651;-0,0132;1,3000;-0,9336;12;0
11,8641;13,4612;41,8924;45,8360;0,0000;2,2716;193,4612;255,000;61,038;0,000;50,000;-10,6257;-0,7763;2,4849;0,0000;-1,7086;-10,6257;-0,9434;0,6643;-1,9662;0,0029;1,3018;-0,9462;12;0
11,8699;13,3996;41,8879;45,8504;0,0000;2,2617;193,3996;255,000;60,748;0,000;50,000;-10,6311;-0,7725;2,4735;-0,0000;-1,7011;-10,6311;-0,9398;0,6639;-1,9671;-0,0059;1,3032;-0,9339;12;0
11,8757;13,3379;41,8834;45,8647;-0,0000;2,2519;193,3380;255,000;60,458;0,000;50,000;-10,6366;-0,7686;2,4621;-0,0000;-1,6935;-10,6365;-0,9363;0,6636;-1,9680;0,0011;1,3044;-0,9374;12;0
11,8815;13,2763;41,8790;45,8789;0,0000;2,2421;193,2763;255,000;60,168;0,000;50,000;-10,6420;-0,7648;2,4507;0,0000;-1,6859;-10,6420;-0,9328;0,6632;-1,9689;0,0029;1,3057;-0,9357;12;0
11,8873;13,2145;41,8746;45,8931;0,0000;2,2323;193,2145;255,000;59,878;0,000;50,000;-10,6474;-0,7609;2,4393;-0,0000;-1,6784;-10,6474;-0,9292;0,6629;-1,9699;-0,0032;1,3070;-0,9260;12;0
11,8931;13,1528;41,8701;45,9072;-0,0000;2,2226;193,1528;255,000;59,588;0,000;50,000;-10,6528;-0,7571;2,4279;-0,0000;-1,6708;-10,6527;-0,9257;0,6625;-1,9708;0,0000;1,3083;-0,9257;12;0
11,8989;13,0910;41,8658;45,9213;-0,0000;2,2130;193,0910;255,000;59,298;0,000;50,000;-10,6581;-0,7532;2,4164;0,0000;-1,6632;-10,6581;-0,9227;0,6621;-1,9714;0,0576;1,3082;-0,9804;12;0
11,9047;13,0292;41,8614;45,9353;0,0000;2,2033;193,0292;255,000;59,008;0,000;50,000;-10,6635;-0,7494;2,4050;0,0006;-1,6556;-10,6641;-0,9185;0,6618;-1,9726;-0,0000;1,3108;-0,9184;12;0
11,9105;12,9673;41,8571;45,9492;0,0000;2,1938;192,9673;255,000;58,718;0,000;50,000;-10,6688;-0,7456;2,3936;-0,0000;-1,6480;-10,6688;-0,9137;0,6616;-1,9741;-0,1112;1,3147;-0,8024;12;0
11,9163;12,9054;41,8528;45,9630;-0,0000;2,1842;192,9054;255,000;58,428;0,000;50,000;-10,6741;-0,7417;2,3821;-0,0006;-1,6404;-10,6734;-0,9113;0,6611;-1,9744;0,0000;1,3133;-0,9113;12;0
11,9221;12,8435;41,8485;45,9768;-0,0000;2,1747;192,8435;255,000;58,138;0,000;50,000;-10,6793;-0,7379;2,3707;0,0000;-1,6328;-10,6793;-0,9090;0,6605;-1,9745;0,1256;1,3112;-1,0347;12;0
11,9279;12,7816;41,8442;45,9905;0,0000;2,1653;192,7816;255,000;57,848;0,000;50,000;-10,6846;-0,7341;2,3592;0,0008;-1,6252;-10,6854;-0,9036;0,6603;-1,9759;-0,0415;1,3146;-0,8620;12;0
11,9337;12,7196;41,8400;46,0041;0,0000;2,1559;192,7196;255,000;57,558;0,000;50,000;-10,6898;-0,7302;2,3477;-0,0005;-1,6175;-10,6893;-0,8991;0,6603;-1,9779;-0,1231;1,3205;-0,7759;12;0
11,9395;12,6576;41,8357;46,0177;-0,0000;2,1465;192,6576;255,000;57,269;0,000;50,000;-10,6950;-0,7264;2,3363;-0,0006;-1,6098;-10,6944;-0,8976;0,6599;-1,9785;0,0808;1,3206;-0,9784;12;0
11,9453;12,5956;41,8315;46,0312;0,0000;2,1372;192,5956;255,000;56,979;-0,000;50,000;-10,7002;-0,7226;2,3248;0,0005;-1,6022;-10,7007;-0,8934;0,6593;-1,9786;0,0380;1,3184;-0,9315;12;0
11,9511;12,5335;41,8274;46,0447;-0,0000;2,1279;192,5335;255,000;56,689;0,000;50,000;-10,7054;-0,7188;2,3133;-0,0002;-1,5945;-10,7052;-0,8889;0,6589;-1,9795;-0,0371;1,3196;-0,8518;12;0
11,9569;12,4714;41,8232;46,0581;0,0000;2,1187;192,4714;255,000;56,399;0,000;50,000;-10,7105;-0,7150;2,3018;0,0000;-1,5869;-10,7106;-0,8857;0,6586;-1,9805;0,0097;1,3215;-0,8954;12;0
11,9627;12,4093;41,8191;46,0714;-0,0000;2,1095;192,4093;255,000;56,109;0,000;50,000;-10,7157;-0,7111;2,2904;-0,0001;-1,5792;-10,7156;-0,8819;0,6583;-1,9815;-0,0021;1,3231;-0,8798;12;0
11,9685;12,3472;41,8150;46,0846;-0,0000;2,1004;192,3472;255,000;55,819;0,000;50,000;-10,7208;-0,7073;2,2789;0,0000;-1,5715;-10,7208;-0,8783;0,6580;-1,9824;0,0109;1,3244;-0,8893;12;0
11,9743;12,2850;41,8109;46,0978;0,0000;2,0913;192,2850;255,000;55,529;0,000;50,000;-10,7258;-0,7035;2,2674;0,0001;-1,5639;-10,7259;-0,8744;0,6576;-1,9832;-0,0065;1,3256;-0,8679;12;0
11,9801;12,2228;41,8068;46,1109;-0,0000;2,0823;192,2228;255,000;55,239;0,000;50,000;-10,7309;-0,6997;2,2559;-0,0001;-1,5562;-10,7308;-0,8707;0,6573;-1,9841;-0,0053;1,3268;-0,8653;12;0
11,9859;12,1605;41,8028;46,1240;-0,0000;2,0733;192,1605;255,000;54,949;0,000;50,000;-10,7359;-0,6959;2,2444;0,0000;-1,5485;-10,7359;-0,8671;0,6569;-1,9850;0,0127;1,3280;-0,8798;12;0
11,9917;12,0983;41,7987;46,1370;0,0000;2,0643;192,0983;255,000;54,659;0,000;50,000;-10,7410;-0,6921;2,2328;0,0001;-1,5408;-10,7410;-0,8631;0,6566;-1,9858;-0,0077;1,3292;-0,8554;12;0
11,9975;12,0360;41,7947;46,1499;-0,0000;2,0554;192,0360;255,000;54,369;0,000;50,000;-10,7460;-0,6883;2,2213;-0,0001;-1,5331;-10,7459;-0,8594;0,6563;-1,9867;-0,0062;1,3304;-0,8532;12;0
12,0033;11,9736;41,7907;46,1627;-0,0000;2,0465;191,9736;255,000;54,079;0,000;50,000;-10,7509;-0,6845;2,2098;0,0000;-1,5253;-10,7509;-0,8558;0,6559;-1,9875;0,0151;1,3316;-0,8709;12;0
12,0091;11,9113;41,7868;46,1755;0,0000;2,0377;191,9113;255,000;53,789;0,000;50,000;-10,7559;-0,6807;2,1983;0,0001;-1,5176;-10,7560;-0,8517;0,6556;-1,9884;-0,0094;1,3328;-0,8423;12;0
12,0149;11,8489;41,7829;46,1882;-0,0000;2,0289;191,8489;255,000;53,499;0,000;50,000;-10,7608;-0,6769;2,1867;-0,0001;-1,5099;-10,7607;-0,8479;0,6553;-1,9892;-0,0073;1,3339;-0,8406;12;0
12,0206;11,7865;41,7789;46,2009;-0,0000;2,0202;191,7865;255,000;53,209;0,000;50,000;-10,7657;-0,6731;2,1752;0,0000;-1,5021;-10,7657;-0,8444;0,6549;-1,9901;0,0184;1,3351;-0,8628;12;0
12,0264;11,7240;41,7750;46,2134;0,0000;2,0115;191,7240;255,000;52,920;0,000;50,000;-10,7706;-0,6693;2,1637;0,0001;-1,4944;-10,7707;-0,8404;0,6546;-1,9909;-0,0003;1,3364;-0,8400;12;0
12,0322;11,6616;41,7712;46,2260;-0,0000;2,0029;191,6616;255,000;52,630;0,000;50,000;-10,7755;-0,6655;2,1521;-0,0000;-1,4866;-10,7755;-0,8364;0,6543;-1,9917;-0,0106;1,3375;-0,8258;12;0
12,0380;11,5991;41,7673;46,2384;-0,0000;1,9943;191,5991;255,000;52,340;-0,000;50,000;-10,7803;-0,6617;2,1406;-0,0000;-1,4789;-10,7803;-0,8326;0,6539;-1,9926;0,0002;1,3386;-0,8328;12;0
12,0438;11,5365;41,7635;46,2508;-0,0000;1,9857;191,5365;255,000;52,050;0,000;50,000;-10,7851;-0,6579;2,1290;0,0000;-1,4711;-10,7851;-0,8295;0,6535;-1,9930;0,0738;1,3381;-0,9034;12;0
12,0496;11,4740;41,7597;46,2631;0,0000;1,9772;191,4740;255,000;51,760;0,000;50,000;-10,7899;-0,6541;2,1174;0,0008;-1,4634;-10,7908;-0,8245;0,6532;-1,9940;-0,0417;1,3398;-0,7828;12;0
12,0554;11,4114;41,7559;46,2753;0,0000;1,9687;191,4114;255,000;51,470;0,000;50,000;-10,7947;-0,6503;2,1059;-0,0005;-1,4556;-10,7942;-0,8198;0,6531;-1,9957;-0,1263;1,3451;-0,6933;12;0
12,0612;11,3488;41,7522;46,2875;-0,0000;1,9603;191,3488;255,000;51,180;-0,000;50,000;-10,7994;-0,6465;2,0943;-0,0006;-1,4478;-10,7988;-0,8179;0,6528;-1,9964;0,0819;1,3456;-0,8998;12;0
12,0670;11,2862;41,7484;46,2996;0,0000;1,9520;191,2862;255,000;50,890;-0,000;50,000;-10,8042;-0,6427;2,0827;0,0005;-1,4400;-10,8046;-0,8135;0,6522;-1,9965;0,0369;1,3435;-0,8505;12;0
12,0728;11,2235;41,7447;46,3117;-0,0000;1,9436;191,2235;255,000;50,600;0,000;50,000;-10,8089;-0,6390;2,0712;-0,0002;-1,4322;-10,8087;-0,8089;0,6519;-1,9972;-0,0389;1,3444;-0,7700;12;0
12,0786;11,1608;41,7410;46,3236;0,0000;1,9353;191,1608;255,000;50,310;0,000;50,000;-10,8135;-0,6352;2,0596;0,0000;-1,4244;-10,8136;-0,8054;0,6516;-1,9982;0,0136;1,3463;-0,8191;12;0
12,0844;11,0981;41,7373;46,3356;-0,0000;1,9271;191,0981;255,000;50,020;0,000;50,000;-10,8182;-0,6314;2,0480;-0,0000;-1,4166;-10,8182;-0,8013;0,6513;-1,9991;-0,0013;1,3478;-0,8000;12;0
12,0902;11,0353;41,7337;46,3474;-0,0000;1,9189;191,0353;255,000;49,730;0,000;50,000;-10,8228;-0,6276;2,0364;0,0000;-1,4088;-10,8228;-0,7991;0,6504;-1,9980;0,1809;1,3406;-0,9801;12;0
12,0960;10,9726;41,7301;46,3592;0,0000;1,9108;190,9726;255,000;49,440;0,000;50,000;-10,8275;-0,6239;2,0248;0,0021;-1,4010;-10,8295;-0,7934;0,6507;-2,0007;-0,0001;1,3500;-0,7933;12;0
12,1018;10,9098;41,7265;46,3709;0,0000;1,9027;190,9098;255,000;49,150;0,000;50,000;-10,8320;-0,6201;2,0132;-0,0000;-1,3931;-10,8320;-0,7861;0,6515;-2,0052;-0,3604;1,3677;-0,4255;12;0
12,1076;10,8470;41,7229;46,3825;-0,0000;1,8946;190,8470;255,000;48,860;-0,000;50,000;-10,8366;-0,6163;2,0016;-0,0021;-1,3852;-10,8345;-0,7854;0,6500;-2,0023;0,0003;1,3522;-0,7858;12;0
12,1134;10,7841;41,7193;46,3941;-0,0000;1,8866;190,7841;255,000;48,571;0,000;50,000;-10,8411;-0,6125;1,9900;0,0000;-1,3774;-10,8412;-0,7832;0,6491;-2,0012;0,1915;1,3451;-0,9748;12;0
12,1192;10,7212;41,7158;46,4056;0,0000;1,8786;190,7212;255,000;48,281;0,000;50,000;-10,8457;-0,6088;1,9783;0,0001;-1,3696;-10,8458;-0,7772;0,6494;-2,0038;-0,0209;1,3544;-0,7564;12;0
12,1250;10,6583;41,7122;46,4170;-0,0000;1,8707;190,6583;255,000;47,991;0,000;50,000;-10,8502;-0,6050;1,9667;-0,0002;-1,3617;-10,8499;-0,7733;0,6491;-2,0046;-0,0080;1,3554;-0,7653;12;0
12,1308;10,5954;41,7087;46,4284;-0,0000;1,8629;190,5954;255,000;47,701;0,000;50,000;-10,8546;-0,6012;1,9551;0,0000;-1,3538;-10,8546;-0,7697;0,6488;-2,0054;0,0409;1,3567;-0,8106;12;0
12,1366;10,5324;41,7053;46,4397;0,0000;1,8550;190,5324;255,000;47,411;0,000;50,000;-10,8591;-0,5975;1,9435;0,0002;-1,3460;-10,8593;-0,7645;0,6484;-2,0061;-0,0916;1,3577;-0,6729;12;0
12,1424;10,4695;41,7018;46,4509;-0,0000;1,8472;190,4695;255,000;47,121;0,000;50,000;-10,8635;-0,5937;1,9318;-0,0011;-1,3381;-10,8624;-0,7611;0,6480;-2,0065;-0,0119;1,3570;-0,7492;12;0
12,1482;10,4064;41,6984;46,4621;-0,0000;1,8395;190,4065;255,000;46,831;0,000;50,000;-10,8679;-0,5900;1,9202;0,0001;-1,3302;-10,8680;-0,7588;0,6478;-2,0078;0,1759;1,3602;-0,9347;12;0
12,1540;10,3434;41,6950;46,4732;0,0000;1,8318;190,3434;255,000;46,541;-0,000;50,000;-10,8723;-0,5862;1,9085;0,0010;-1,3223;-10,8733;-0,7529;0,6478;-2,0092;-0,0166;1,3645;-0,7364;12;0
12,1598;10,2804;41,6916;46,4842;-0,0000;1,8242;190,2804;255,000;46,251;0,000;50,000;-10,8766;-0,5825;1,8969;-0,0001;-1,3144;-10,8766;-0,7482;0,6472;-2,0091;-0,0811;1,3618;-0,6670;12;0
12,1656;10,2173;41,6882;46,4952;0,0000;1,8166;190,2173;255,000;45,961;0,000;50,000;-10,8810;-0,5787;1,8852;0,0000;-1,3065;-10,8810;-0,7450;0,6468;-2,0095;0,0081;1,3613;-0,7531;12;0
12,1714;10,1542;41,6849;46,5061;-0,0000;1,8090;190,1542;255,000;45,671;0,000;50,000;-10,8853;-0,5750;1,8736;-0,0000;-1,2986;-10,8853;-0,7408;0,6466;-2,0107;-0,0038;1,3641;-0,7370;12;0
12,1772;10,0910;41,6816;46,5169;0,0000;1,8015;190,0910;255,000;45,381;0,000;50,000;-10,8896;-0,5712;1,8619;-0,0000;-1,2907;-10,8896;-0,7367;0,6463;-2,0114;0,0001;1,3651;-0,7367;12;0
12,1830;10,0279;41,6782;46,5277;-0,0000;1,7940;190,0279;255,000;45,091;0,000;50,000;-10,8938;-0,5675;1,8503;0,0000;-1,2828;-10,8938;-0,7333;0,6458;-2,0117;0,0909;1,3641;-0,8243;12;0
12,1888;9,9647;41,6750;46,5384;0,0000;1,7866;189,9647;255,000;44,801;0,000;50,000;-10,8981;-0,5637;1,8386;0,0011;-1,2749;-10,8991;-0,7277;0,6456;-2,0125;-0,0730;1,3655;-0,6547;12;0
12,1946;9,9015;41,6717;46,5490;0,0000;1,7793;189,9015;255,000;44,511;0,000;50,000;-10,9023;-0,5600;1,8269;-0,0008;-1,2670;-10,9014;-0,7231;0,6456;-2,0143;-0,1316;1,3714;-0,5913;12;0
12,2004;9,8383;41,6685;46,5596;-0,0000;1,7719;189,8383;255,000;44,222;-0,000;50,000;-10,9065;-0,5562;1,8152;-0,0005;-1,2590;-10,9060;-0,7211;0,6453;-2,0150;0,1244;1,3722;-0,8455;12;0
12,2062;9,7750;41,6653;46,5701;0,0000;1,7647;189,7750;255,000;43,932;0,000;50,000;-10,9106;-0,5525;1,8036;0,0006;-1,2510;-10,9112;-0,7158;0,6448;-2,0151;-0,0031;1,3704;-0,7128;12;0
12,2120;9,7117;41,6621;46,5805;-0,0000;1,7574;189,7117;255,000;43,642;-0,000;50,000;-10,9148;-0,5488;1,7919;-0,0005;-1,2431;-10,9143;-0,7114;0,6444;-2,0156;-0,0299;1,3706;-0,6815;12;0
12,2178;9,6484;41,6589;46,5909;0,0000;1,7502;189,6484;255,000;43,352;0,000;50,000;-10,9189;-0,5450;1,7802;0,0002;-1,2351;-10,9191;-0,7079;0,6441;-2,0163;0,0376;1,3714;-0,7455;12;0
12,2236;9,5851;41,6557;46,6011;-0,0000;1,7431;189,5851;255,000;43,062;0,000;50,000;-10,9230;-0,5413;1,7685;-0,0001;-1,2272;-10,9229;-0,7031;0,6439;-2,0171;-0,0230;1,3728;-0,6801;12;0
12,2294;9,5217;41,6526;46,6114;-0,0000;1,7360;189,5217;255,000;42,772;0,000;50,000;-10,9270;-0,5376;1,7568;-0,0000;-1,2192;-10,9270;-0,6991;0,6436;-2,0179;0,0081;1,3742;-0,7073;12;0
12,2352;9,4584;41,6495;46,6215;-0,0000;1,7290;189,4584;255,000;42,482;0,000;50,000;-10,9311;-0,5338;1,7451;0,0000;-1,2113;-10,9311;-0,6949;0,6433;-2,0186;0,0035;1,3753;-0,6983;12;0
12,2410;9,3950;41,6464;46,6316;0,0000;1,7220;189,3950;255,000;42,192;0,000;50,000;-10,9351;-0,5301;1,7334;0,0000;-1,2033;-10,9351;-0,6906;0,6430;-2,0193;-0,0021;1,3763;-0,6885;12;0
12,2468;9,3316;41,6434;46,6416;0,0000;1,7150;189,3316;255,000;41,902;-0,000;50,000;-10,9391;-0,5264;1,7217;-0,0000;-1,1953;-10,9391;-0,6864;0,6427;-2,0200;-0,0018;1,3773;-0,6845;12;0
12,2526;9,2681;41,6403;46,6516;-0,0000;1,7081;189,2681;255,000;41,612;0,000;50,000;-10,9431;-0,5226;1,7099;0,0000;-1,1873;-10,9431;-0,6822;0,6424;-2,0207;0,0109;1,3782;-0,6931;12;0
12,2584;9,2046;41,6373;46,6615;0,0000;1,7012;189,2046;255,000;41,322;0,000;50,000;-10,9470;-0,5189;1,6982;0,0001;-1,1793;-10,9471;-0,6779;0,6422;-2,0214;-0,0004;1,3792;-0,6775;12;0
12,2642;9,1412;41,6343;46,6713;0,0000;1,6944;189,1412;255,000;41,032;0,000;50,000;-10,9509;-0,5152;1,6865;-0,0000;-1,1713;-10,9509;-0,6734;0,6419;-2,0221;-0,0210;1,3803;-0,6524;12;0
12,2700;9,0776;41,6313;46,6810;-0,0000;1,6877;189,0776;255,000;40,742;0,000;50,000;-10,9548;-0,5115;1,6748;-0,0001;-1,1633;-10,9547;-0,6695;0,6416;-2,0227;0,0302;1,3811;-0,6998;12;0
12,2758;9,0141;41,6284;46,6907;0,0000;1,6809;189,0141;255,000;40,452;0,000;50,000;-10,9587;-0,5078;1,6630;0,0003;-1,1553;-10,9590;-0,6651;0,6413;-2,0234;0,0085;1,3819;-0,6736;12;0
12,2816;8,9505;41,6254;46,7003;0,0000;1,6743;188,9505;255,000;40,162;0,000;50,000;-10,9625;-0,5040;1,6513;-0,0000;-1,1473;-10,9625;-0,6602;0,6411;-2,0242;-0,0592;1,3833;-0,6010;12;0
12,2874;8,8870;41,6225;46,7098;-0,0000;1,6676;188,8870;255,000;39,873;0,000;50,000;-10,9663;-0,5003;1,6396;-0,0003;-1,1393;-10,9660;-0,6564;0,6408;-2,0248;0,0038;1,3843;-0,6601;12;0
12,2932;8,8234;41,6196;46,7193;0,0000;1,6610;188,8234;255,000;39,583;0,000;50,000;-10,9701;-0,4966;1,6278;0,0000;-1,1312;-10,9702;-0,6522;0,6405;-2,0254;0,0171;1,3848;-0,6693;12;0
12,2990;8,7597;41,6168;46,7287;-0,0000;1,6545;188,7597;255,000;39,293;0,000;50,000;-10,9739;-0,4929;1,6161;-0,0001;-1,1232;-10,9738;-0,6477;0,6402;-2,0261;-0,0016;1,3857;-0,6461;12;0
12,3048;8,6961;41,6139;46,7381;-0,0000;1,6480;188,6961;255,000;39,003;0,000;50,000;-10,9776;-0,4892;1,6043;0,0000;-1,1152;-10,9777;-0,6436;0,6399;-2,0267;0,0243;1,3868;-0,6679;12;0
12,3106;8,6324;41,6111;46,7473;0,0000;1,6416;188,6324;255,000;38,713;0,000;50,000;-10,9814;-0,4855;1,5926;0,0001;-1,1071;-10,9815;-0,6388;0,6397;-2,0274;-0,0274;1,3877;-0,6114;12;0
12,3164;8,5687;41,6083;46,7565;-0,0000;1,6352;188,5687;255,000;38,423;0,000;50,000;-10,9851;-0,4818;1,5808;-0,0003;-1,0991;-10,9847;-0,6346;0,6394;-2,0280;-0,0111;1,3885;-0,6234;12;0
12,3222;8,5050;41,6055;46,7657;-0,0000;1,6288;188,5050;255,000;38,133;0,000;50,000;-10,9887;-0,4781;1,5691;0,0000;-1,0910;-10,9887;-0,6307;0,6391;-2,0287;0,0539;1,3896;-0,6847;12;0
12,3280;8,4413;41,6027;46,7747;0,0000;1,6225;188,4413;255,000;37,843;0,000;50,000;-10,9924;-0,4743;1,5573;0,0003;-1,0829;-10,9927;-0,6243;0,6388;-2,0292;-0,2100;1,3902;-0,4143;12;0
12,3338;8,3776;41,6000;46,7837;-0,0000;1,6163;188,3776;255,000;37,553;0,000;50,000;-10,9960;-0,4706;1,5455;-0,0024;-1,0749;-10,9935;-0,6213;0,6386;-2,0299;-0,0267;1,3913;-0,5946;12;0
12,3396;8,3138;41,5973;46,7926;-0,0000;1,6101;188,3138;255,000;37,263;0,000;50,000;-10,9996;-0,4669;1,5337;0,0000;-1,0668;-10,9996;-0,6204;0,6384;-2,0308;0,4159;1,3930;-1,0364;12;0
12,3454;8,2500;41,5946;46,8015;0,0000;1,6039;188,2500;255,000;36,973;-0,000;50,000;-11,0032;-0,4632;1,5220;0,0024;-1,0587;-11,0056;-0,6128;0,6381;-2,0312;-0,0000;1,3931;-0,6127;12;0
12,3512;8,1862;41,5919;46,8103;-0,0000;1,5978;188,1862;255,000;36,683;0,000;50,000;-11,0067;-0,4595;1,5102;0,0000;-1,0506;-11,0067;-0,6073;0,6377;-2,0315;-0,1340;1,3924;-0,4733;12;0
12,3570;8,1223;41,5893;46,8190;0,0000;1,5917;188,1223;255,000;36,393;0,000;50,000;-11,0102;-0,4558;1,4984;0,0008;-1,0426;-11,0111;-0,6039;0,6375;-2,0324;-0,0000;1,3949;-0,6039;12;0
12,3628;8,0585;41,5866;46,8277;0,0000;1,5857;188,0585;255,000;36,103;0,000;50,000;-11,0137;-0,4521;1,4866;-0,0000;-1,0345;-11,0137;-0,5983;0,6374;-2,0335;-0,1471;1,3980;-0,4511;12;0
12,3686;7,9946;41,5840;46,8363;-0,0000;1,5797;187,9946;255,000;35,813;-0,000;50,000;-11,0171;-0,4485;1,4748;-0,0009;-1,0264;-11,0163;-0,5950;0,6370;-2,0336;0,0001;1,3966;-0,5951;12;0
12,3744;7,9307;41,5814;46,8448;-0,0000;1,5738;187,9307;255,000;35,524;0,000;50,000;-11,0206;-0,4448;1,4630;0,0000;-1,0183;-11,0206;-0,5924;0,6364;-2,0329;0,2306;1,3916;-0,8231;12;0
12,3802;7,8668;41,5789;46,8532;0,0000;1,5679;187,8668;255,000;35,234;0,000;50,000;-11,0240;-0,4411;1,4512;0,0018;-1,0102;-11,0258;-0,5861;0,6365;-2,0348;-0,0001;1,3983;-0,5860;12;0
12,3860;7,8029;41,5763;46,8616;0,0000;1,5621;187,8028;255,000;34,944;0,000;50,000;-11,0274;-0,4374;1,4394;-0,0000;-1,0021;-11,0274;-0,5793;0,6369;-2,0376;-0,3096;1,4087;-0,2695;12;0
12,3918;7,7389;41,5738;46,8699;-0,0000;1,5563;187,7389;255,000;34,654;-0,000;50,000;-11,0307;-0,4337;1,4276;-0,0018;-0,9939;-11,0290;-0,5772;0,6360;-2,0360;-0,0027;1,4000;-0,5744;12;0
12,3976;7,6749;41,5713;46,8782;-0,0000;1,5505;187,6749;255,000;34,364;0,000;50,000;-11,0341;-0,4300;1,4158;-0,0000;-0,9858;-11,0340;-0,5739;0,6355;-2,0355;0,1534;1,3960;-0,7274;12;0
12,4034;7,6109;41,5688;46,8863;-0,0000;1,5449;187,6109;255,000;34,074;0,000;50,000;-11,0374;-0,4263;1,4040;0,0000;-0,9777;-11,0374;-0,5682;0,6355;-2,0372;0,0033;1,4017;-0,5716;12;0
12,4092;7,5469;41,5663;46,8944;0,0000;1,5392;187,5469;255,000;33,784;0,000;50,000;-11,0407;-0,4226;1,3922;0,0000;-0,9696;-11,0407;-0,5637;0,6353;-2,0378;-0,0001;1,4025;-0,5637;12;0
12,4150;7,4829;41,5639;46,9025;-0,0000;1,5336;187,4829;255,000;33,494;0,000;50,000;-11,0439;-0,4189;1,3804;-0,0000;-0,9614;-11,0439;-0,5601;0,6349;-2,0377;0,1216;1,4004;-0,6818;12;0
12,4208;7,4189;41,5615;46,9105;0,0000;1,5281;187,4189;255,000;33,204;0,000;50,000;-11,0472;-0,4153;1,3686;0,0014;-0,9533;-11,0486;-0,5535;0,6346;-2,0383;-0,1573;1,4014;-0,3962;12;0
12,4266;7,3548;41,5591;46,9184;0,0000;1,5226;187,3548;255,000;32,914;0,000;50,000;-11,0503;-0,4116;1,3567;-0,0018;-0,9452;-11,0485;-0,5484;0,6350;-2,0407;-0,2422;1,4106;-0,3061;12;0
12,4324;7,2907;41,5567;46,9262;-0,0000;1,5171;187,2907;255,000;32,624;-0,000;50,000;-11,0535;-0,4079;1,3449;-0,0014;-0,9370;-11,0521;-0,5480;0,6347;-2,0412;0,3163;1,4111;-0,8643;12;0
12,4382;7,2266;41,5544;46,9340;0,0000;1,5117;187,2266;255,000;32,334;-0,000;50,000;-11,0567;-0,4042;1,3331;0,0018;-0,9288;-11,0585;-0,5420;0,6339;-2,0399;0,1199;1,4036;-0,6620;12;0
12,4440;7,1625;41,5520;46,9417;0,0000;1,5063;187,1625;255,000;32,044;0,000;50,000;-11,0598;-0,4006;1,3212;-0,0000;-0,9207;-11,0598;-0,5346;0,6336;-2,0402;-0,2654;1,4030;-0,2691;12;0
12,4498;7,0983;41,5497;46,9493;-0,0000;1,5010;187,0983;255,000;31,754;0,000;50,000;-11,0629;-0,3969;1,3094;-0,0012;-0,9125;-11,0617;-0,5325;0,6335;-2,0412;0,0729;1,4060;-0,6054;12;0
12,4555;7,0342;41,5474;46,9568;-0,0000;1,4957;187,0342;255,000;31,464;0,000;50,000;-11,0660;-0,3932;1,2976;0,0008;-0,9044;-11,0668;-0,5285;0,6335;-2,0426;0,1415;1,4108;-0,6700;12;0
12,4613;6,9700;41,5451;46,9643;0,0000;1,4905;186,9700;255,000;31,175;-0,000;50,000;-11,0690;-0,3895;1,2857;0,0004;-0,8962;-11,0694;-0,5220;0,6334;-2,0434;-0,1128;1,4127;-0,4092;12;0
12,4671;6,9058;41,5429;46,9717;-0,0000;1,4853;186,9058;255,000;30,885;-0,000;50,000;-11,0720;-0,3859;1,2739;-0,0005;-0,8880;-11,0716;-0,5185;0,6330;-2,0434;0,0205;1,4106;-0,5389;12;0
12,4729;6,8416;41,5407;46,9791;0,0000;1,4802;186,8416;255,000;30,595;-0,000;50,000;-11,0750;-0,3822;1,2620;0,0006;-0,8798;-11,0757;-0,5137;0,6327;-2,0437;0,0086;1,4108;-0,5223;12;0
12,4787;6,7774;41,5385;46,9864;-0,0000;1,4751;186,7774;255,000;30,305;0,000;50,000;-11,0780;-0,3785;1,2502;-0,0004;-0,8716;-11,0776;-0,5086;0,6324;-2,0441;-0,0413;1,4112;-0,4673;12;0
12,4845;6,7131;41,5363;46,9936;0,0000;1,4701;186,7131;255,000;30,015;0,000;50,000;-11,0809;-0,3749;1,2383;0,0002;-0,8635;-11,0811;-0,5035;0,6321;-2,0443;-0,1402;1,4104;-0,3632;12;0
12,4903;6,6488;41,5341;47,0007;-0,0000;1,4651;186,6488;255,000;29,725;0,000;50,000;-11,0838;-0,3712;1,2265;-0,0020;-0,8553;-11,0818;-0,5006;0,6317;-2,0442;0,0915;1,4079;-0,5922;12;0
12,4961;6,5846;41,5320;47,0078;-0,0000;1,4602;186,5846;255,000;29,435;0,000;50,000;-11,0867;-0,3675;1,2146;0,0012;-0,8471;-11,0880;-0,4958;0,6319;-2,0460;0,0753;1,4145;-0,5712;12;0
12,5019;6,5203;41,5299;47,0148;0,0000;1,4553;186,5203;255,000;29,145;-0,000;50,000;-11,0896;-0,3639;1,2027;-0,0011;-0,8389;-11,0885;-0,4891;0,6323;-2,0487;-0,2115;1,4251;-0,2777;12;0
12,5077;6,4560;41,5278;47,0218;-0,0000;1,4505;186,4560;255,000;28,855;-0,000;50,000;-11,0924;-0,3602;1,1908;-0,0012;-0,8306;-11,0912;-0,4886;0,6316;-2,0475;0,3653;1,4182;-0,8538;12;0
12,5135;6,3916;41,5257;47,0286;0,0000;1,4457;186,3916;255,000;28,565;-0,000;50,000;-11,0953;-0,3565;1,1790;0,0031;-0,8224;-11,0984;-0,4821;0,6308;-2,0462;0,1056;1,4109;-0,5878;12;0
12,5193;6,3273;41,5236;47,0354;0,0000;1,4409;186,3273;255,000;28,275;0,000;50,000;-11,0980;-0,3529;1,1671;-0,0000;-0,8142;-11,0980;-0,4735;0,6306;-2,0465;-0,4511;1,4111;-0,0223;12;0
12,5251;6,2629;41,5216;47,0422;-0,0000;1,4362;186,2629;255,000;27,985;0,000;50,000;-11,1007;-0,3492;1,1553;-0,0021;-0,8061;-11,0986;-0,4721;0,6308;-2,0483;0,0001;1,4175;-0,4722;12;0
12,5309;6,1985;41,5196;47,0488;-0,0000;1,4316;186,1986;255,000;27,695;0,000;50,000;-11,1035;-0,3456;1,1434;0,0000;-0,7978;-11,1035;-0,4700;0,6311;-2,0505;0,3662;1,4257;-0,8363;12;0
12,5367;6,1342;41,5176;47,0554;0,0000;1,4270;186,1342;255,000;27,405;-0,000;50,000;-11,1062;-0,3419;1,1315;0,0021;-0,7895;-11,1083;-0,4627;0,6304;-2,0493;-0,0002;1,4189;-0,4626;12;0
12,5425;6,0697;41,5156;47,0620;0,0000;1,4224;186,0697;255,000;27,115;0,000;50,000;-11,1089;-0,3383;1,1196;-0,0000;-0,7813;-11,1089;-0,4567;0,6299;-2,0489;-0,1887;1,4158;-0,2680;12;0
12,5483;6,0053;41,5137;47,0684;-0,0000;1,4179;186,0053;255,000;26,826;0,000;50,000;-11,1115;-0,3346;1,1077;-0,0001;-0,7731;-11,1114;-0,4534;0,6300;-2,0502;0,0041;1,4202;-0,4575;12;0
12,5541;5,9409;41,5117;47,0748;0,0000;1,4135;185,9409;255,000;26,536;0,000;50,000;-11,1141;-0,3309;1,0958;0,0000;-0,7649;-11,1142;-0,4487;0,6298;-2,0507;0,0045;1,4209;-0,4533;12;0
12,5599;5,8764;41,5098;47,0811;0,0000;1,4090;185,8764;255,000;26,246;0,000;50,000;-11,1167;-0,3273;1,0839;-0,0000;-0,7566;-11,1167;-0,4439;0,6296;-2,0511;-0,0078;1,4216;-0,4362;12;0
12,5657;5,8120;41,5079;47,0874;-0,0000;1,4047;185,8120;255,000;25,956;0,000;50,000;-11,1193;-0,3236;1,0720;-0,0000;-0,7484;-11,1192;-0,4393;0,6294;-2,0516;-0,0024;1,4222;-0,4369;12;0
12,5715;5,7475;41,5061;47,0936;-0,0000;1,4004;185,7475;255,000;25,666;0,000;50,000;-11,1218;-0,3200;1,0601;-0,0000;-0,7401;-11,1218;-0,4346;0,6292;-2,0520;0,0039;1,4228;-0,4385;12;0
12,5773;5,6830;41,5042;47,0997;-0,0000;1,3961;185,6830;255,000;25,376;0,000;50,000;-11,1243;-0,3163;1,0482;0,0000;-0,7319;-11,1243;-0,4299;0,6290;-2,0525;0,0050;1,4235;-0,4349;12;0
12,5831;5,6185;41,5024;47,1057;0,0000;1,3919;185,6185;255,000;25,086;0,000;50,000;-11,1268;-0,3127;1,0363;0,0000;-0,7236;-11,1268;-0,4251;0,6288;-2,0529;0,0005;1,4241;-0,4256;12;0
12,5889;5,5539;41,5006;47,1117;0,0000;1,3877;185,5539;255,000;24,796;-0,000;50,000;-11,1292;-0,3091;1,0244;0,0000;-0,7154;-11,1292;-0,4204;0,6286;-2,0533;-0,0026;1,4247;-0,4178;12;0
12,5947;5,4894;41,4988;47,1176;0,0000;1,3836;185,4894;255,000;24,506;0,000;50,000;-11,1317;-0,3054;1,0125;-0,0000;-0,7071;-11,1317;-0,4154;0,6284;-2,0537;-0,0382;1,4252;-0,3773;12;0
12,6005;5,4248;41,4971;47,1234;-0,0000;1,3795;185,4248;255,000;24,216;0,000;50,000;-11,1340;-0,3018;1,0006;-0,0004;-0,6988;-11,1336;-0,4109;0,6282;-2,0542;0,0037;1,4257;-0,4146;12;0
12,6063;5,3603;41,4953;47,1292;-0,0000;1,3755;185,3603;255,000;23,926;0,000;50,000;-11,1364;-0,2981;0,9887;0,0000;-0,6906;-11,1365;-0,4067;0,6281;-2,0547;0,0741;1,4268;-0,4809;12;0
12,6121;5,2957;41,4936;47,1349;0,0000;1,3715;185,2957;255,000;23,636;0,000;50,000;-11,1388;-0,2945;0,9768;0,0004;-0,6823;-11,1392;-0,4014;0,6279;-2,0550;-0,0073;1,4275;-0,3942;12;0
12,6179;5,2311;41,4919;47,1405;-0,0000;1,3676;185,2311;255,000;23,346;0,000;50,000;-11,1411;-0,2908;0,9649;-0,0000;-0,6740;-11,1410;-0,3966;0,6277;-2,0554;-0,0102;1,4274;-0,3864;12;0
12,6237;5,1665;41,4902;47,1461;0,0000;1,3637;185,1665;255,000;23,056;0,000;50,000;-11,1434;-0,2872;0,9529;0,0003;-0,6657;-11,1437;-0,3919;0,6275;-2,0558;0,0014;1,4280;-0,3933;12;0
12,6295;5,1018;41,4886;47,1516;0,0000;1,3598;185,1018;255,000;22,766;0,000;50,000;-11,1456;-0,2836;0,9410;-0,0000;-0,6575;-11,1456;-0,3868;0,6274;-2,0563;-0,0520;1,4291;-0,3348;12;0
12,6353;5,0372;41,4869;47,1570;-0,0000;1,3561;185,0372;255,000;22,477;0,000;50,000;-11,1478;-0,2799;0,9291;-0,0003;-0,6492;-11,1476;-0,3824;0,6272;-2,0566;0,0045;1,4296;-0,3869;12;0
12,6411;4,9726;41,4853;47,1624;0,0000;1,3523;184,9726;255,000;22,187;0,000;50,000;-11,1501;-0,2763;0,9172;0,0000;-0,6409;-11,1501;-0,3777;0,6270;-2,0570;0,0125;1,4298;-0,3902;12;0
12,6469;4,9079;41,4837;47,1676;-0,0000;1,3486;184,9079;255,000;21,897;0,000;50,000;-11,1522;-0,2727;0,9052;-0,0002;-0,6326;-11,1521;-0,3728;0,6269;-2,0574;-0,0019;1,4304;-0,3709;12;0
12,6527;4,8432;41,4822;47,1729;-0,0000;1,3450;184,8432;255,000;21,607;0,000;50,000;-11,1544;-0,2690;0,8933;0,0000;-0,6243;-11,1544;-0,3682;0,6267;-2,0578;0,0261;1,4311;-0,3942;12;0
12,6585;4,7785;41,4806;47,1780;0,0000;1,3414;184,7785;255,000;21,317;0,000;50,000;-11,1565;-0,2654;0,8814;0,0001;-0,6160;-11,1566;-0,3630;0,6265;-2,0581;-0,0352;1,4316;-0,3278;12;0
12,6643;4,7138;41,4791;47,1831;-0,0000;1,3378;184,7138;255,000;21,027;0,000;50,000;-11,1586;-0,2618;0,8694;-0,0004;-0,6077;-11,1582;-0,3583;0,6264;-2,0585;-0,0113;1,4320;-0,3469;12;0
12,6701;4,6491;41,4776;47,1881;-0,0000;1,3343;184,6491;255,000;20,737;0,000;50,000;-11,1607;-0,2581;0,8575;0,0000;-0,5994;-11,1607;-0,3540;0,6262;-2,0589;0,0692;1,4327;-0,4232;12;0
12,6759;4,5844;41,4761;47,1930;0,0000;1,3309;184,5844;255,000;20,447;0,000;50,000;-11,1627;-0,2545;0,8456;0,0004;-0,5911;-11,1631;-0,3488;0,6260;-2,0592;-0,0059;1,4335;-0,3429;12;0
12,6817;4,5197;41,4746;47,1979;-0,0000;1,3275;184,5197;255,000;20,157;0,000;50,000;-11,1647;-0,2509;0,8336;-0,0000;-0,5828;-11,1646;-0,3437;0,6259;-2,0596;-0,0341;1,4336;-0,3096;12;0
12,6875;4,4549;41,4732;47,2027;-0,0000;1,3241;184,4549;255,000;19,867;0,000;50,000;-11,1667;-0,2472;0,8217;0,0000;-0,5744;-11,1667;-0,3401;0,6255;-2,0592;0,1503;1,4306;-0,4904;12;0
12,6933;4,3902;41,4718;47,2074;0,0000;1,3208;184,3902;255,000;19,577;0,000;50,000;-11,1686;-0,2436;0,8097;0,0017;-0,5662;-11,1703;-0,3343;0,6256;-2,0603;-0,0003;1,4347;-0,3340;12;0
12,6991;4,3254;41,4704;47,2121;0,0000;1,3176;184,3254;255,000;19,287;0,000;50,000;-11,1706;-0,2400;0,7978;-0,0000;-0,5578;-11,1706;-0,3276;0,6259;-2,0621;-0,2892;1,4420;-0,0382;12;0
12,7049;4,2606;41,4690;47,2167;-0,0000;1,3144;184,2606;255,000;18,997;-0,000;50,000;-11,1724;-0,2364;0,7858;-0,0017;-0,5494;-11,1708;-0,3246;0,6253;-2,0610;-0,0030;1,4357;-0,3215;12;0
12,7107;4,1958;41,4676;47,2212;-0,0000;1,3112;184,1958;255,000;18,707;0,000;50,000;-11,1743;-0,2327;0,7739;-0,0000;-0,5412;-11,1743;-0,3207;0,6249;-2,0605;0,1433;1,4327;-0,4641;12;0
12,7165;4,1310;41,4663;47,2257;-0,0000;1,3081;184,1310;255,000;18,417;0,000;50,000;-11,1762;-0,2291;0,7619;0,0000;-0,5328;-11,1762;-0,3160;0,6247;-2,0607;0,1784;1,4323;-0,4946;12;0
12,7223;4,0662;41,4650;47,2300;0,0000;1,3050;184,0662;255,000;18,127;0,000;50,000;-11,1780;-0,2255;0,7500;0,0020;-0,5245;-11,1800;-0,3100;0,6249;-2,0619;-0,0001;1,4371;-0,3099;12;0
12,7281;4,0014;41,4637;47,2343;0,0000;1,3020;184,0014;255,000;17,838;0,000;50,000;-11,1798;-0,2219;0,7380;-0,0000;-0,5162;-11,1798;-0,3029;0,6253;-2,0642;-0,3605;1,4461;0,0578;12;0
12,7339;3,9366;41,4624;47,2386;-0,0000;1,2990;183,9366;255,000;17,548;-0,000;50,000;-11,1815;-0,2182;0,7260;-0,0021;-0,5078;-11,1794;-0,3003;0,6246;-2,0626;0,0004;1,4379;-0,3007;12;0
12,7397;3,8717;41,4611;47,2428;-0,0000;1,2961;183,8717;255,000;17,258;0,000;50,000;-11,1832;-0,2146;0,7141;0,0000;-0,4995;-11,1832;-0,2967;0,6242;-2,0619;0,1981;1,4341;-0,4949;12;0
12,7455;3,8069;41,4599;47,2469;0,0000;1,2932;183,8069;255,000;16,968;0,000;50,000;-11,1849;-0,2110;0,7021;0,0002;-0,4911;-11,1851;-0,2904;0,6243;-2,0632;-0,0362;1,4388;-0,2542;12;0
12,7513;3,7420;41,4587;47,2509;-0,0000;1,2904;183,7420;255,000;16,678;0,000;50,000;-11,1866;-0,2074;0,6902;-0,0004;-0,4828;-11,1862;-0,2856;0,6242;-2,0635;-0,0112;1,4391;-0,2744;12;0
12,7571;3,6771;41,4575;47,2549;-0,0000;1,2876;183,6771;255,000;16,388;0,000;50,000;-11,1883;-0,2038;0,6782;0,0000;-0,4744;-11,1883;-0,2813;0,6241;-2,0638;0,0711;1,4398;-0,3524;12;0
12,7629;3,6122;41,4563;47,2588;0,0000;1,2849;183,6122;255,000;16,098;0,000;50,000;-11,1899;-0,2001;0,6662;0,0004;-0,4661;-11,1903;-0,2759;0,6239;-2,0640;-0,0034;1,4404;-0,2725;12;0
12,7687;3,5474;41,4552;47,2626;-0,0000;1,2822;183,5474;255,000;15,808;0,000;50,000;-11,1915;-0,1965;0,6543;-0,0000;-0,4577;-11,1914;-0,2709;0,6238;-2,0643;-0,0264;1,4404;-0,2445;12;0
12,7745;3,4825;41,4540;47,2664;0,0000;1,2796;183,4825;255,000;15,518;0,000;50,000;-11,1930;-0,1929;0,6423;0,0001;-0,4494;-11,1931;-0,2661;0,6237;-2,0646;0,0014;1,4407;-0,2675;12;0
12,7803;3,4175;41,4529;47,2701;0,0000;1,2770;183,4175;255,000;15,228;0,000;50,000;-11,1945;-0,1893;0,6303;-0,0000;-0,4410;-11,1945;-0,2611;0,6236;-2,0649;-0,0175;1,4413;-0,2436;12;0
12,7861;3,3526;41,4518;47,2737;-0,0000;1,2745;183,3526;255,000;14,938;0,000;50,000;-11,1960;-0,1857;0,6183;-0,0001;-0,4327;-11,1959;-0,2564;0,6235;-2,0651;0,0182;1,4416;-0,2746;12;0
12,7919;3,2877;41,4508;47,2772;0,0000;1,2720;183,2877;255,000;14,648;0,000;50,000;-11,1975;-0,1821;0,6064;0,0002;-0,4243;-11,1977;-0,2515;0,6233;-2,0654;0,0078;1,4420;-0,2593;12;0
12,7977;3,2228;41,4497;47,2807;0,0000;1,2696;183,2228;255,000;14,358;0,000;50,000;-11,1990;-0,1784;0,5944;-0,0000;-0,4160;-11,1989;-0,2463;0,6232;-2,0657;-0,0354;1,4425;-0,2108;12;0
12,8035;3,1578;41,4487;47,2841;-0,0000;1,2672;183,1578;255,000;14,068;0,000;50,000;-11,2004;-0,1748;0,5824;-0,0002;-0,4076;-11,2002;-0,2422;0,6231;-2,0658;0,0935;1,4426;-0,3356;12;0
12,8093;3,0929;41,4477;47,2875;0,0000;1,2648;183,0929;255,000;13,778;0,000;50,000;-11,2018;-0,1712;0,5704;0,0011;-0,3992;-11,2028;-0,2368;0,6230;-2,0661;0,0175;1,4431;-0,2543;12;0
12,8151;3,0279;41,4467;47,2907;0,0000;1,2625;183,0279;255,000;13,489;0,000;50,000;-11,2031;-0,1676;0,5585;-0,0000;-0,3908;-11,2031;-0,2306;0,6229;-2,0665;-0,1879;1,4440;-0,0427;12;0
12,8209;2,9629;41,4458;47,2939;-0,0000;1,2603;182,9629;255,000;13,199;-0,000;50,000;-11,2044;-0,1640;0,5465;-0,0011;-0,3825;-11,2033;-0,2268;0,6228;-2,0666;0,0001;1,4438;-0,2269;12;0
12,8267;2,8980;41,4448;47,2971;-0,0000;1,2581;182,8980;255,000;12,909;0,000;50,000;-11,2057;-0,1604;0,5345;0,0000;-0,3741;-11,2057;-0,2225;0,6227;-2,0668;0,0984;1,4439;-0,3209;12;0
12,8325;2,8330;41,4439;47,3001;0,0000;1,2560;182,8330;255,000;12,619;0,000;50,000;-11,2070;-0,1568;0,5225;0,0000;-0,3657;-11,2071;-0,2169;0,6226;-2,0671;-0,0068;1,4445;-0,2101;12;0
12,8383;2,7680;41,4430;47,3031;-0,0000;1,2539;182,7680;255,000;12,329;0,000;50,000;-11,2083;-0,1532;0,5105;-0,0001;-0,3574;-11,2082;-0,2120;0,6225;-2,0673;-0,0061;1,4448;-0,2058;12;0
12,8441;2,7030;41,4421;47,3061;-0,0000;1,2518;182,7030;255,000;12,039;0,000;50,000;-11,2095;-0,1495;0,4985;-0,0000;-0,3490;-11,2094;-0,2072;0,6224;-2,0675;0,0134;1,4451;-0,2206;12;0
12,8499;2,6380;41,4413;47,3089;-0,0000;1,2498;182,6380;255,000;11,749;0,000;50,000;-11,2107;-0,1459;0,4865;0,0001;-0,3406;-11,2107;-0,2022;0,6223;-2,0677;0,0058;1,4454;-0,2079;12;0
12,8557;2,5730;41,4404;47,3117;0,0000;1,2479;182,5730;255,000;11,459;0,000;50,000;-11,2118;-0,1423;0,4745;0,0000;-0,3322;-11,2119;-0,1971;0,6222;-2,0679;-0,0130;1,4457;-0,1841;12;0
12,8615;2,5080;41,4396;47,3144;-0,0000;1,2460;182,5080;255,000;11,169;0,000;50,000;-11,2129;-0,1387;0,4626;-0,0001;-0,3238;-11,2129;-0,1922;0,6221;-2,0681;-0,0027;1,4460;-0,1895;12;0
12,8673;2,4429;41,4388;47,3171;-0,0000;1,2441;182,4430;255,000;10,879;0,000;50,000;-11,2141;-0,1351;0,4506;0,0000;-0,3154;-11,2141;-0,1874;0,6221;-2,0683;0,0125;1,4463;-0,1998;12;0
12,8731;2,3779;41,4380;47,3196;0,0000;1,2423;182,3779;255,000;10,589;0,000;50,000;-11,2151;-0,1315;0,4386;0,0001;-0,3071;-11,2152;-0,1823;0,6220;-2,0685;-0,0113;1,4465;-0,1709;12;0
12,8789;2,3129;41,4373;47,3222;-0,0000;1,2406;182,3129;255,000;10,299;0,000;50,000;-11,2162;-0,1279;0,4266;-0,0001;-0,2987;-11,2160;-0,1773;0,6219;-2,0687;-0,0059;1,4468;-0,1714;12;0
12,8847;2,2478;41,4366;47,3246;-0,0000;1,2388;182,2478;255,000;10,009;0,000;50,000;-11,2172;-0,1243;0,4146;0,0000;-0,2903;-11,2172;-0,1725;0,6218;-2,0689;0,0222;1,4471;-0,1947;12;0
12,8905;2,1828;41,4359;47,3270;0,0000;1,2372;182,1828;255,000;9,719;0,000;50,000;-11,2182;-0,1207;0,4026;0,0001;-0,2819;-11,2183;-0,1673;0,6217;-2,0691;-0,0245;1,4473;-0,1427;12;0
12,8962;2,1177;41,4352;47,3293;-0,0000;1,2356;182,1177;255,000;9,429;0,000;50,000;-11,2191;-0,1171;0,3906;-0,0003;-0,2735;-11,2188;-0,1624;0,6217;-2,0692;-0,0101;1,4475;-0,1523;12;0
12,9020;2,0527;41,4345;47,3315;-0,0000;1,2340;182,0527;255,000;9,140;0,000;50,000;-11,2200;-0,1135;0,3786;0,0000;-0,2651;-11,2201;-0,1578;0,6216;-2,0694;0,0482;1,4478;-0,2060;12;0
12,9078;1,9876;41,4339;47,3336;0,0000;1,2325;181,9876;255,000;8,850;0,000;50,000;-11,2209;-0,1099;0,3666;0,0003;-0,2567;-11,2212;-0,1525;0,6215;-2,0696;-0,0018;1,4482;-0,1508;12;0
12,9136;1,9225;41,4332;47,3357;-0,0000;1,2310;181,9225;255,000;8,560;0,000;50,000;-11,2218;-0,1063;0,3546;-0,0000;-0,2483;-11,2218;-0,1474;0,6214;-2,0697;-0,0238;1,4482;-0,1236;12;0
12,9194;1,8575;41,4326;47,3378;0,0000;1,2296;181,8575;255,000;8,270;0,000;50,000;-11,2227;-0,1027;0,3426;0,0000;-0,2399;-11,2227;-0,1426;0,6214;-2,0699;0,0009;1,4484;-0,1435;12;0
12,9252;1,7924;41,4320;47,3397;0,0000;1,2283;181,7924;255,000;7,980;0,000;50,000;-11,2235;-0,0991;0,3306;-0,0000;-0,2315;-11,2235;-0,1376;0,6213;-2,0700;-0,0070;1,4487;-0,1305;12;0
12,9310;1,7273;41,4315;47,3416;-0,0000;1,2269;181,7273;255,000;7,690;0,000;50,000;-11,2243;-0,0955;0,3186;-0,0001;-0,2231;-11,2242;-0,1326;0,6213;-2,0701;0,0002;1,4489;-0,1328;12;0
12,9368;1,6622;41,4309;47,3434;-0,0000;1,2257;181,6622;255,000;7,400;0,000;50,000;-11,2250;-0,0919;0,3066;0,0000;-0,2147;-11,2250;-0,1277;0,6212;-2,0703;0,0137;1,4491;-0,1414;12;0
12,9426;1,5971;41,4304;47,3451;0,0000;1,2244;181,5971;255,000;7,110;0,000;50,000;-11,2257;-0,0883;0,2946;0,0001;-0,2063;-11,2258;-0,1226;0,6211;-2,0704;-0,0121;1,4493;-0,1104;12;0
12,9484;1,5320;41,4299;47,3468;-0,0000;1,2233;181,5320;255,000;6,820;0,000;50,000;-11,2264;-0,0847;0,2826;-0,0001;-0,1979;-11,2263;-0,1176;0,6211;-2,0705;-0,0065;1,4494;-0,1111;12;0
12,9542;1,4669;41,4294;47,3484;-0,0000;1,2222;181,4669;255,000;6,530;0,000;50,000;-11,2271;-0,0811;0,2705;0,0000;-0,1895;-11,2271;-0,1128;0,6210;-2,0706;0,0238;1,4496;-0,1366;12;0
12,9600;1,4018;41,4290;47,3500;0,0000;1,2211;181,4018;255,000;6,240;0,000;50,000;-11,2277;-0,0775;0,2585;0,0001;-0,1811;-11,2279;-0,1075;0,6210;-2,0707;-0,0274;1,4498;-0,0801;12;0
12,9658;1,3367;41,4285;47,3514;-0,0000;1,2201;181,3367;255,000;5,950;0,000;50,000;-11,2283;-0,0739;0,2465;-0,0003;-0,1727;-11,2280;-0,1026;0,6209;-2,0709;-0,0107;1,4498;-0,0919;12;0
12,9716;1,2716;41,4281;47,3528;-0,0000;1,2191;181,2716;255,000;5,660;0,000;50,000;-11,2289;-0,0703;0,2345;0,0000;-0,1643;-11,2289;-0,0980;0,6209;-2,0710;0,0538;1,4501;-0,1519;12;0
12,9774;1,2065;41,4277;47,3541;0,0000;1,2181;181,2065;255,000;5,370;0,000;50,000;-11,2295;-0,0667;0,2225;0,0003;-0,1559;-11,2298;-0,0914;0,6208;-2,0710;-0,2226;1,4500;0,1312;12;0
12,9832;1,1414;41,4273;47,3554;-0,0000;1,2173;181,1414;255,000;5,080;0,000;50,000;-11,2300;-0,0631;0,2105;-0,0026;-0,1475;-11,2274;-0,0875;0,6208;-2,0712;-0,0266;1,4503;-0,0609;12;0
12,9890;1,0763;41,4270;47,3566;-0,0000;1,2164;181,0763;255,000;4,791;0,000;50,000;-11,2305;-0,0595;0,1985;0,0000;-0,1390;-11,2305;-0,0853;0,6208;-2,0714;0,4405;1,4513;-0,5259;12;0
12,9948;1,0111;41,4266;47,3577;0,0000;1,2157;181,0111;255,000;4,501;-0,000;50,000;-11,2310;-0,0559;0,1865;0,0025;-0,1306;-11,2335;-0,0777;0,6207;-2,0713;-0,0001;1,4506;-0,0776;12;0
13,0006;0,9460;41,4263;47,3587;-0,0000;1,2149;180,9460;255,000;4,211;0,000;50,000;-11,2314;-0,0523;0,1745;0,0000;-0,1222;-11,2314;-0,0714;0,6207;-2,0713;-0,2177;1,4503;0,1463;12;0
13,0064;0,8809;41,4260;47,3597;0,0000;1,2142;180,8809;255,000;3,921;0,000;50,000;-11,2318;-0,0487;0,1625;0,0000;-0,1138;-11,2318;-0,0677;0,6207;-2,0715;-0,0012;1,4508;-0,0665;12;0
13,0122;0,8158;41,4258;47,3606;0,0000;1,2136;180,8158;255,000;3,631;-0,000;50,000;-11,2322;-0,0451;0,1504;-0,0000;-0,1054;-11,2322;-0,0627;0,6206;-2,0715;-0,0014;1,4509;-0,0613;12;0
13,0180;0,7506;41,4255;47,3615;-0,0000;1,2130;180,7506;255,000;3,341;0,000;50,000;-11,2325;-0,0415;0,1384;0,0000;-0,0970;-11,2325;-0,0580;0,6206;-2,0715;0,0548;1,4505;-0,1128;12;0
13,0238;0,6855;41,4253;47,3622;0,0000;1,2125;180,6855;255,000;3,051;0,000;50,000;-11,2329;-0,0379;0,1264;0,0006;-0,0886;-11,2335;-0,0527;0,6206;-2,0717;-0,0160;1,4507;-0,0367;12;0
13,0296;0,6203;41,4251;47,3629;0,0000;1,2120;180,6203;255,000;2,761;0,000;50,000;-11,2331;-0,0343;0,1144;-0,0002;-0,0802;-11,2330;-0,0471;0,6206;-2,0719;-0,1018;1,4521;0,0548;12;0
13,0354;0,5552;41,4249;47,3636;-0,0000;1,2115;180,5552;255,000;2,471;0,000;50,000;-11,2334;-0,0307;0,1024;-0,0006;-0,0717;-11,2328;-0,0427;0,6205;-2,0718;0,0318;1,4519;-0,0744;12;0
13,0412;0,4901;41,4247;47,3641;0,0000;1,2112;180,4901;255,000;2,181;0,000;50,000;-11,2336;-0,0271;0,0904;0,0002;-0,0633;-11,2338;-0,0380;0,6205;-2,0717;0,0439;1,4509;-0,0820;12;0
13,0470;0,4249;41,4246;47,3646;-0,0000;1,2108;180,4249;255,000;1,891;0,000;50,000;-11,2338;-0,0235;0,0784;-0,0000;-0,0549;-11,2338;-0,0327;0,6205;-2,0718;-0,0091;1,4510;-0,0236;12;0
13,0528;0,3598;41,4244;47,3650;0,0000;1,2105;180,3598;255,000;1,601;0,000;50,000;-11,2340;-0,0199;0,0664;0,0001;-0,0465;-11,2341;-0,0277;0,6205;-2,0719;0,0041;1,4513;-0,0317;12;0
13,0586;0,2946;41,4243;47,3654;0,0000;1,2103;180,2946;255,000;1,311;0,000;50,000;-11,2342;-0,0163;0,0543;-0,0000;-0,0381;-11,2342;-0,0226;0,6205;-2,0719;-0,0131;1,4514;-0,0095;12;0
13,0644;0,2295;41,4243;47,3657;-0,0000;1,2101;180,2295;255,000;1,021;0,000;50,000;-11,2343;-0,0127;0,0423;-0,0001;-0,0297;-11,2342;-0,0177;0,6205;-2,0719;0,0078;1,4514;-0,0255;12;0
13,0702;0,1644;41,4242;47,3659;0,0000;1,2099;180,1644;255,000;0,731;0,000;50,000;-11,2344;-0,0091;0,0303;0,0001;-0,0212;-11,2345;-0,0127;0,6205;-2,0719;0,0062;1,4515;-0,0189;12;0
13,0760;0,0992;41,4242;47,3660;0,0000;1,2098;180,0992;255,000;0,442;0,000;50,000;-11,2344;-0,0055;0,0183;-0,0000;-0,0128;-11,2344;-0,0075;0,6205;-2,0720;-0,0150;1,4515;0,0074;12;0
13,0818;0,0341;41,4241;47,3661;-0,0000;1,2098;180,0341;255,000;0,152;0,000;50,000;-11,2345;-0,0019;0,0063;-0,0001;-0,0044;-11,2344;-0,0027;0,6205;-2,0719;0,0099;1,4515;-0,0125;12;0
13,0876;-0,0311;41,4241;47,3661;0,0000;1,2098;179,9689;255,000;-0,138;0,000;50,000;-11,2345;0,0017;-0,0057;0,0001;0,0040;-11,2346;0,0023;0,6205;-2,0719;0,0071;1,4515;-0,0048;12;0
13,0934;-0,0962;41,4242;47,3660;0,0000;1,2098;179,9038;255,000;-0,428;0,000;50,000;-11,2344;0,0053;-0,0177;-0,0000;0,0124;-11,2344;0,0075;0,6205;-2,0720;-0,0191;1,4515;0,0266;12;0
13,0992;-0,1614;41,4242;47,3659;-0,0000;1,2099;179,8386;255,000;-0,718;0,000;50,000;-11,2344;0,0089;-0,0298;-0,0001;0,0208;-11,2343;0,0124;0,6205;-2,0719;-0,0021;1,4515;0,0146;12;0
13,1050;-0,2265;41,4243;47,3657;0,0000;1,2101;179,7735;255,000;-1,008;0,000;50,000;-11,2343;0,0125;-0,0418;-0,0000;0,0293;-11,2343;0,0174;0,6205;-2,0719;0,0095;1,4514;0,0079;12;0
13,1108;-0,2917;41,4243;47,3654;-0,0000;1,2103;179,7083;255,000;-1,298;0,000;50,000;-11,2342;0,0161;-0,0538;0,0000;0,0377;-11,2342;0,0217;0,6203;-2,0713;0,1254;1,4489;-0,1038;12;0
13,1166;-0,3568;41,4244;47,3651;0,0000;1,2105;179,6432;255,000;-1,588;0,000;50,000;-11,2340;0,0197;-0,0658;0,0014;0,0461;-11,2355;0,0285;0,6203;-2,0714;-0,1814;1,4491;0,2100;12;0
13,1224;-0,4219;41,4246;47,3646;0,0000;1,2108;179,5780;255,000;-1,878;0,000;50,000;-11,2338;0,0233;-0,0778;-0,0021;0,0545;-11,2317;0,0339;0,6208;-2,0730;-0,2433;1,4564;0,2773;12;0
13,1282;-0,4871;41,4247;47,3641;-0,0000;1,2111;179,5129;255,000;-2,168;0,000;50,000;-11,2336;0,0269;-0,0898;-0,0014;0,0630;-11,2322;0,0353;0,6208;-2,0728;0,3658;1,4558;-0,3305;12;0
13,1340;-0,5522;41,4249;47,3636;0,0000;1,2115;179,4478;255,000;-2,458;-0,000;50,000;-11,2334;0,0305;-0,1019;0,0021;0,0714;-11,2356;0,0417;0,6204;-2,0712;0,1202;1,4487;-0,0785;12;0
13,1398;-0,6174;41,4251;47,3630;0,0000;1,2120;179,3826;255,000;-2,748;0,000;50,000;-11,2332;0,0341;-0,1139;-0,0000;0,0798;-11,2332;0,0495;0,6202;-2,0705;-0,3408;1,4458;0,3903;12;0
13,1456;-0,6825;41,4253;47,3623;-0,0000;1,2125;179,3175;255,000;-3,038;0,000;50,000;-11,2329;0,0377;-0,1259;-0,0018;0,0881;-11,2310;0,0525;0,6206;-2,0717;0,0001;1,4511;0,0523;12;0
13,1514;-0,7476;41,4255;47,3615;-0,0000;1,2130;179,2524;255,000;-3,328;0,000;50,000;-11,2325;0,0413;-0,1379;0,0000;0,0966;-11,2325;0,0556;0,6210;-2,0730;0,3138;1,4573;-0,2584;12;0
13,1572;-0,8128;41,4258;47,3607;0,0000;1,2136;179,1872;255,000;-3,618;-0,000;50,000;-11,2322;0,0449;-0,1499;0,0018;0,1050;-11,2340;0,0625;0,6206;-2,0715;-0,0002;1,4509;0,0626;12;0
13,1630;-0,8779;41,4260;47,3598;0,0000;1,2142;179,1221;255,000;-3,907;0,000;50,000;-11,2318;0,0485;-0,1619;-0,0000;0,1134;-11,2318;0,0697;0,6201;-2,0695;-0,3700;1,4421;0,4399;12;0
13,1688;-0,9430;41,4263;47,3588;-0,0000;1,2149;179,0570;255,000;-4,197;0,000;50,000;-11,2314;0,0521;-0,1739;-0,0025;0,1218;-11,2289;0,0725;0,6207;-2,0714;0,0002;1,4507;0,0723;12;0
13,1746;-1,0082;41,4266;47,3578;-0,0000;1,2156;178,9919;255,000;-4,487;0,000;50,000;-11,2310;0,0557;-0,1859;0,0000;0,1302;-11,2310;0,0749;0,6215;-2,0738;0,4340;1,4617;-0,3593;12;0
13,1804;-1,0733;41,4270;47,3566;0,0000;1,2164;178,9267;255,000;-4,777;-0,000;50,000;-11,2305;0,0593;-0,1980;0,0026;0,1387;-11,2331;0,0825;0,6208;-2,0712;-0,0006;1,4505;0,0831;12;0
13,1862;-1,1384;41,4273;47,3555;0,0000;1,2172;178,8616;255,000;-5,067;0,000;50,000;-11,2300;0,0629;-0,2100;-0,0000;0,1471;-11,2300;0,0889;0,6204;-2,0699;-0,2342;1,4448;0,3232;12;0
13,1920;-1,2035;41,4277;47,3542;-0,0000;1,2181;178,7965;255,000;-5,357;0,000;50,000;-11,2295;0,0665;-0,2220;-0,0001;0,1555;-11,2294;0,0923;0,6208;-2,0711;0,0344;1,4502;0,0579;12;0
13,1978;-1,2686;41,4281;47,3529;0,0000;1,2190;178,7314;255,000;-5,647;0,000;50,000;-11,2290;0,0701;-0,2340;0,0004;0,1639;-11,2294;0,0974;0,6209;-2,0710;0,0107;1,4499;0,0867;12;0
13,2036;-1,3337;41,4285;47,3515;0,0000;1,2200;178,6663;255,000;-5,937;0,000;50,000;-11,2284;0,0737;-0,2460;-0,0000;0,1723;-11,2284;0,1029;0,6209;-2,0709;-0,0670;1,4501;0,1699;12;0
13,2094;-1,3988;41,4289;47,3500;-0,0000;1,2210;178,6012;255,000;-6,227;0,000;50,000;-11,2278;0,0773;-0,2580;-0,0004;0,1807;-11,2274;0,1075;0,6210;-2,0708;0,0043;1,4501;0,1031;12;0
13,2152;-1,4640;41,4294;47,3485;0,0000;1,2221;178,5360;255,000;-6,517;0,000;50,000;-11,2271;0,0809;-0,2700;0,0000;0,1891;-11,2272;0,1123;0,6210;-2,0706;0,0304;1,4495;0,0819;12;0
13,2210;-1,5291;41,4299;47,3469;-0,0000;1,2232;178,4709;255,000;-6,807;0,000;50,000;-11,2265;0,0845;-0,2820;-0,0000;0,1975;-11,2264;0,1174;0,6211;-2,0705;-0,0021;1,4493;0,1195;12;0
13,2268;-1,5941;41,4304;47,3452;-0,0000;1,2244;178,4059;255,000;-7,097;0,000;50,000;-11,2258;0,0881;-0,2940;0,0000;0,2059;-11,2258;0,1218;0,6210;-2,0700;0,1092;1,4472;0,0125;12;0
13,2326;-1,6592;41,4309;47,3435;0,0000;1,2256;178,3408;255,000;-7,387;0,000;50,000;-11,2251;0,0917;-0,3060;0,0012;0,2143;-11,2263;0,1282;0,6211;-2,0699;-0,1238;1,4474;0,2520;12;0
13,2384;-1,7243;41,4314;47,3417;0,0000;1,2269;178,2757;255,000;-7,677;0,000;50,000;-11,2243;0,0953;-0,3180;-0,0014;0,2227;-11,2228;0,1329;0,6214;-2,0705;-0,0877;1,4506;0,2207;12;0
13,2442;-1,7894;41,4320;47,3398;-0,0000;1,2282;178,2106;255,000;-7,967;0,000;50,000;-11,2235;0,0989;-0,3300;0,0002;0,2311;-11,2237;0,1369;0,6214;-2,0702;0,0760;1,4497;0,0609;12;0
13,2500;-1,8545;41,4326;47,3379;0,0000;1,2296;178,1455;255,000;-8,256;-0,000;50,000;-11,2227;0,1025;-0,3420;-0,0006;0,2395;-11,2221;0,1418;0,6213;-2,0694;0,0952;1,4466;0,0465;12;0
13,2558;-1,9196;41,4332;47,3358;-0,0000;1,2310;178,0805;255,000;-8,546;-0,000;50,000;-11,2219;0,1061;-0,3540;0,0013;0,2479;-11,2232;0,1460;0,6216;-2,0704;0,2194;1,4513;-0,0734;12;0
13,2616;-1,9846;41,4338;47,3337;0,0000;1,2324;178,0153;255,000;-8,836;-0,000;50,000;-11,2210;0,1097;-0,3660;0,0020;0,2563;-11,2230;0,1545;0,6220;-2,0711;-0,3665;1,4549;0,5210;12;0
13,2674;-2,0497;41,4345;47,3316;-0,0000;1,2339;177,9503;255,000;-9,126;-0,000;50,000;-11,2201;0,1133;-0,3780;-0,0029;0,2648;-11,2171;0,1583;0,6214;-2,0689;-0,1710;1,4454;0,3293;12;0
13,2732;-2,1148;41,4351;47,3294;-0,0000;1,2355;177,8852;255,000;-9,416;0,000;50,000;-11,2192;0,1169;-0,3900;0,0000;0,2731;-11,2192;0,1606;0,6213;-2,0682;0,2682;1,4430;-0,1076;12;0
13,2790;-2,1798;41,4358;47,3271;0,0000;1,2371;177,8202;255,000;-9,706;0,000;50,000;-11,2182;0,1205;-0,4020;0,0002;0,2815;-11,2184;0,1672;0,6217;-2,0691;-0,0011;1,4474;0,1683;12;0
13,2848;-2,2449;41,4365;47,3247;-0,0000;1,2388;177,7551;255,000;-9,996;0,000;50,000;-11,2172;0,1241;-0,4140;-0,0000;0,2899;-11,2172;0,1723;0,6218;-2,0689;-0,0168;1,4471;0,1890;12;0
13,2906;-2,3099;41,4373;47,3223;0,0000;1,2405;177,6901;255,000;-10,286;0,000;50,000;-11,2162;0,1277;-0,4260;-0,0000;0,2983;-11,2162;0,1771;0,6219;-2,0687;0,0006;1,4468;0,1766;12;0
13,2964;-2,3749;41,4380;47,3198;-0,0000;1,2422;177,6251;255,000;-10,576;0,000;50,000;-11,2152;0,1313;-0,4380;0,0000;0,3067;-11,2152;0,1818;0,6219;-2,0684;0,0477;1,4462;0,1340;12;0
13,3022;-2,4400;41,4388;47,3172;0,0000;1,2440;177,5600;255,000;-10,866;0,000;50,000;-11,2141;0,1350;-0,4500;0,0005;0,3151;-11,2146;0,1870;0,6220;-2,0683;-0,0108;1,4460;0,1979;12;0
13,3080;-2,5050;41,4396;47,3145;0,0000;1,2459;177,4950;255,000;-11,156;0,000;50,000;-11,2130;0,1386;-0,4620;-0,0001;0,3234;-11,2129;0,1926;0,6222;-2,0683;-0,0900;1,4468;0,2826;12;0
13,3138;-2,5700;41,4404;47,3118;-0,0000;1,2478;177,4300;255,000;-11,446;0,000;50,000;-11,2119;0,1422;-0,4740;-0,0005;0,3318;-11,2114;0,1970;0,6222;-2,0679;0,0215;1,4463;0,1755;12;0
13,3196;-2,6350;41,4412;47,3090;0,0000;1,2497;177,3650;255,000;-11,736;0,000;50,000;-11,2107;0,1458;-0,4860;0,0001;0,3402;-11,2108;0,2025;0,6222;-2,0673;-0,0939;1,4435;0,2964;12;0
13,3254;-2,7000;41,4421;47,3062;-0,0000;1,2517;177,3000;255,000;-12,026;0,000;50,000;-11,2095;0,1494;-0,4980;-0,0016;0,3486;-11,2079;0,2061;0,6222;-2,0669;0,1078;1,4419;0,0983;12;0
13,3311;-2,7650;41,4430;47,3033;-0,0000;1,2538;177,2350;255,000;-12,316;0,000;50,000;-11,2083;0,1530;-0,5100;0,0014;0,3569;-11,2097;0,2101;0,6227;-2,0680;0,2724;1,4479;-0,0624;12;0
13,3369;-2,8300;41,4439;47,3003;0,0000;1,2559;177,1700;255,000;-12,605;-0,000;50,000;-11,2071;0,1566;-0,5220;0,0016;0,3654;-11,2087;0,2182;0,6230;-2,0684;-0,2432;1,4503;0,4614;12;0
13,3427;-2,8950;41,4448;47,2972;-0,0000;1,2580;177,1050;255,000;-12,895;-0,000;50,000;-11,2058;0,1602;-0,5339;-0,0014;0,3738;-11,2044;0,2225;0,6226;-2,0665;-0,1350;1,4426;0,3575;12;0
13,3485;-2,9600;41,4457;47,2941;-0,0000;1,2602;177,0400;255,000;-13,185;0,000;50,000;-11,2045;0,1638;-0,5459;0,0000;0,3821;-11,2045;0,2258;0,6226;-2,0660;0,1307;1,4409;0,0950;12;0
13,3543;-3,0249;41,4467;47,2909;0,0000;1,2624;176,9751;255,000;-13,475;0,000;50,000;-11,2032;0,1674;-0,5579;0,0001;0,3905;-11,2032;0,2316;0,6229;-2,0664;-0,0082;1,4435;0,2397;12;0
13,3601;-3,0899;41,4477;47,2876;-0,0000;1,2647;176,9101;255,000;-13,765;0,000;50,000;-11,2018;0,1710;-0,5699;-0,0001;0,3988;-11,2017;0,2365;0,6230;-2,0662;-0,0059;1,4431;0,2424;12;0
13,3659;-3,1548;41,4487;47,2843;-0,0000;1,2671;176,8452;255,000;-14,055;0,000;50,000;-11,2004;0,1747;-0,5819;0,0000;0,4072;-11,2004;0,2413;0,6231;-2,0659;0,0138;1,4428;0,2275;12;0
13,3717;-3,2198;41,4497;47,2809;0,0000;1,2695;176,7802;255,000;-14,345;0,000;50,000;-11,1990;0,1783;-0,5938;0,0001;0,4156;-11,1991;0,2463;0,6232;-2,0657;-0,0003;1,4424;0,2466;12;0
13,3775;-3,2847;41,4507;47,2774;-0,0000;1,2719;176,7153;255,000;-14,635;0,000;50,000;-11,1976;0,1819;-0,6058;-0,0000;0,4239;-11,1976;0,2512;0,6233;-2,0654;-0,0036;1,4421;0,2549;12;0
13,3833;-3,3497;41,4518;47,2738;0,0000;1,2744;176,6503;255,000;-14,925;0,000;50,000;-11,1961;0,1855;-0,6178;0,0000;0,4323;-11,1961;0,2561;0,6235;-2,0651;-0,0020;1,4417;0,2581;12;0
13,3891;-3,4146;41,4529;47,2702;0,0000;1,2769;176,5854;255,000;-15,215;0,000;50,000;-11,1946;0,1891;-0,6298;-0,0000;0,4407;-11,1946;0,2610;0,6236;-2,0649;-0,0021;1,4413;0,2631;12;0
13,3949;-3,4795;41,4540;47,2665;-0,0000;1,2795;176,5205;255,000;-15,505;0,000;50,000;-11,1931;0,1927;-0,6417;0,0000;0,4490;-11,1931;0,2654;0,6236;-2,0643;0,0821;1,4396;0,1833;12;0
13,4007;-3,5444;41,4551;47,2628;0,0000;1,2821;176,4556;255,000;-15,795;0,000;50,000;-11,1915;0,1964;-0,6537;0,0009;0,4573;-11,1925;0,2712;0,6237;-2,0641;-0,0575;1,4395;0,3287;12;0
13,4065;-3,6093;41,4563;47,2590;0,0000;1,2848;176,3907;255,000;-16,085;0,000;50,000;-11,1899;0,2000;-0,6657;-0,0007;0,4657;-11,1893;0,2765;0,6241;-2,0645;-0,1259;1,4422;0,4025;12;0
13,4123;-3,6742;41,4574;47,2551;-0,0000;1,2875;176,3259;255,000;-16,375;-0,000;50,000;-11,1883;0,2036;-0,6777;-0,0005;0,4741;-11,1878;0,2799;0,6242;-2,0642;0,1050;1,4416;0,1749;12;0
13,4181;-3,7390;41,4586;47,2511;0,0000;1,2903;176,2610;255,000;-16,665;-0,000;50,000;-11,1867;0,2072;-0,6896;0,0006;0,4824;-11,1872;0,2854;0,6242;-2,0634;0,0151;1,4390;0,2703;12;0
13,4239;-3,8039;41,4598;47,2471;-0,0000;1,2931;176,1961;255,000;-16,954;0,000;50,000;-11,1850;0,2108;-0,7016;-0,0004;0,4908;-11,1847;0,2907;0,6243;-2,0630;-0,0377;1,4381;0,3284;12;0
13,4297;-3,8687;41,4611;47,2430;0,0000;1,2960;176,1313;255,000;-17,244;0,000;50,000;-11,1833;0,2144;-0,7135;0,0001;0,4991;-11,1834;0,2950;0,6244;-2,0628;0,0278;1,4379;0,2672;12;0
13,4355;-3,9336;41,4623;47,2388;-0,0000;1,2989;176,0664;255,000;-17,534;0,000;50,000;-11,1816;0,2181;-0,7255;-0,0000;0,5074;-11,1816;0,3001;0,6246;-2,0626;-0,0098;1,4379;0,3099;12;0
13,4413;-3,9984;41,4636;47,2345;-0,0000;1,3019;176,0016;255,000;-17,824;0,000;50,000;-11,1798;0,2217;-0,7375;0,0000;0,5158;-11,1798;0,3045;0,6246;-2,0620;0,0758;1,4364;0,2286;12;0
13,4471;-4,0632;41,4649;47,2302;0,0000;1,3049;175,9368;255,000;-18,114;0,000;50,000;-11,1781;0,2253;-0,7494;0,0008;0,5241;-11,1789;0,3101;0,6248;-2,0618;-0,0447;1,4363;0,3548;12;0
13,4529;-4,1281;41,4662;47,2259;0,0000;1,3079;175,8719;255,000;-18,404;0,000;50,000;-11,1762;0,2289;-0,7614;-0,0005;0,5324;-11,1757;0,3156;0,6251;-2,0621;-0,1231;1,4386;0,4388;12;0
13,4587;-4,1929;41,4676;47,2214;-0,0000;1,3110;175,8071;255,000;-18,694;0,000;50,000;-11,1744;0,2326;-0,7733;-0,0006;0,5408;-11,1738;0,3190;0,6253;-2,0617;0,0852;1,4378;0,2338;12;0
13,4645;-4,2576;41,4689;47,2169;0,0000;1,3142;175,7423;255,000;-18,984;0,000;50,000;-11,1725;0,2362;-0,7853;0,0005;0,5491;-11,1730;0,3239;0,6252;-2,0607;0,0300;1,4351;0,2939;12;0
13,4703;-4,3224;41,4703;47,2123;-0,0000;1,3174;175,6776;255,000;-19,274;0,000;50,000;-11,1706;0,2398;-0,7972;-0,0002;0,5574;-11,1704;0,3295;0,6254;-2,0605;-0,0366;1,4345;0,3662;12;0
13,4761;-4,3872;41,4717;47,2076;0,0000;1,3207;175,6128;255,000;-19,564;0,000;50,000;-11,1687;0,2434;-0,8092;0,0000;0,5657;-11,1688;0,3341;0,6256;-2,0603;0,0100;1,4344;0,3242;12;0
13,4819;-4,4520;41,4731;47,2029;-0,0000;1,3240;175,5480;255,000;-19,854;0,000;50,000;-11,1668;0,2471;-0,8211;-0,0001;0,5741;-11,1666;0,3389;0,6257;-2,0600;-0,0037;1,4341;0,3425;12;0
13,4877;-4,5167;41,4746;47,1981;-0,0000;1,3273;175,4833;255,000;-20,144;0,000;50,000;-11,1648;0,2507;-0,8331;0,0000;0,5824;-11,1648;0,3436;0,6259;-2,0596;0,0204;1,4338;0,3232;12;0
13,4935;-4,5814;41,4760;47,1933;0,0000;1,3307;175,4186;255,000;-20,434;0,000;50,000;-11,1628;0,2543;-0,8450;0,0001;0,5907;-11,1629;0,3487;0,6260;-2,0592;-0,0177;1,4332;0,3663;12;0
13,4993;-4,6462;41,4775;47,1883;-0,0000;1,3342;175,3538;255,000;-20,724;0,000;50,000;-11,1607;0,2580;-0,8570;-0,0002;0,5990;-11,1605;0,3534;0,6262;-2,0589;-0,0095;1,4326;0,3629;12;0
13,5051;-4,7109;41,4790;47,1833;-0,0000;1,3377;175,2891;255,000;-21,014;0,000;50,000;-11,1587;0,2616;-0,8689;0,0000;0,6073;-11,1587;0,3579;0,6264;-2,0585;0,0344;1,4322;0,3235;12;0
13,5109;-4,7756;41,4805;47,1782;0,0000;1,3412;175,2244;255,000;-21,303;0,000;50,000;-11,1566;0,2652;-0,8808;0,0002;0,6156;-11,1568;0,3630;0,6265;-2,0582;-0,0013;1,4317;0,3642;12;0
13,5167;-4,8403;41,4821;47,1731;-0,0000;1,3448;175,1597;255,000;-21,593;0,000;50,000;-11,1545;0,2689;-0,8928;-0,0000;0,6239;-11,1545;0,3679;0,6267;-2,0578;-0,0173;1,4311;0,3852;12;0
13,5225;-4,9049;41,4837;47,1679;0,0000;1,3485;175,0951;255,000;-21,883;0,000;50,000;-11,1523;0,2725;-0,9047;-0,0000;0,6322;-11,1523;0,3726;0,6268;-2,0574;0,0006;1,4305;0,3719;12;0
13,5283;-4,9696;41,4852;47,1626;-0,0000;1,3521;175,0304;255,000;-22,173;0,000;50,000;-11,1502;0,2761;-0,9166;0,0000;0,6405;-11,1502;0,3774;0,6270;-2,0570;0,0006;1,4300;0,3767;12;0
13,5341;-5,0342;41,4869;47,1573;0,0000;1,3559;174,9658;255,000;-22,463;0,000;50,000;-11,1480;0,2798;-0,9285;0,0000;0,6488;-11,1480;0,3822;0,6272;-2,0566;-0,0015;1,4294;0,3837;12;0
13,5399;-5,0989;41,4885;47,1518;0,0000;1,3597;174,9011;255,000;-22,753;-0,000;50,000;-11,1457;0,2834;-0,9405;-0,0000;0,6571;-11,1457;0,3869;0,6274;-2,0562;-0,0003;1,4289;0,3872;12;0
13,5457;-5,1635;41,4901;47,1463;-0,0000;1,3635;174,8365;255,000;-23,043;0,000;50,000;-11,1435;0,2870;-0,9524;0,0000;0,6654;-11,1435;0,3913;0,6275;-2,0557;0,0531;1,4277;0,3382;12;0
13,5515;-5,2281;41,4918;47,1408;0,0000;1,3674;174,7719;255,000;-23,333;0,000;50,000;-11,1412;0,2907;-0,9643;0,0006;0,6736;-11,1418;0,3965;0,6277;-2,0554;-0,0176;1,4274;0,4141;12;0
13,5573;-5,2927;41,4935;47,1352;0,0000;1,3713;174,7073;255,000;-23,623;0,000;50,000;-11,1389;0,2943;-0,9762;-0,0002;0,6819;-11,1387;0,4019;0,6280;-2,0553;-0,0976;1,4284;0,4995;12;0
13,5631;-5,3573;41,4952;47,1295;-0,0000;1,3753;174,6427;255,000;-23,913;0,000;50,000;-11,1365;0,2980;-0,9882;-0,0005;0,6902;-11,1360;0,4060;0,6281;-2,0546;0,0349;1,4273;0,3711;12;0
13,5689;-5,4219;41,4970;47,1237;0,0000;1,3793;174,5781;255,000;-24,203;0,000;50,000;-11,1342;0,3016;-1,0001;0,0002;0,6985;-11,1344;0,4104;0,6282;-2,0540;0,0418;1,4254;0,3685;12;0
13,5747;-5,4864;41,4987;47,1179;-0,0000;1,3834;174,5136;255,000;-24,493;0,000;50,000;-11,1318;0,3052;-1,0120;-0,0000;0,7067;-11,1317;0,4154;0,6284;-2,0538;-0,0115;1,4250;0,4269;12;0
13,5805;-5,5510;41,5005;47,1120;0,0000;1,3875;174,4490;255,000;-24,783;0,000;50,000;-11,1293;0,3089;-1,0239;0,0001;0,7150;-11,1294;0,4202;0,6286;-2,0533;0,0040;1,4247;0,4162;12;0
13,5863;-5,6155;41,5023;47,1060;0,0000;1,3917;174,3845;255,000;-25,073;0,000;50,000;-11,1269;0,3125;-1,0358;-0,0000;0,7232;-11,1269;0,4250;0,6288;-2,0529;-0,0115;1,4241;0,4365;12;0
13,5921;-5,6800;41,5041;47,1000;-0,0000;1,3959;174,3200;255,000;-25,363;0,000;50,000;-11,1244;0,3162;-1,0477;-0,0001;0,7315;-11,1243;0,4296;0,6290;-2,0525;0,0042;1,4235;0,4254;12;0
13,5979;-5,7445;41,5060;47,0938;0,0000;1,4002;174,2555;255,000;-25,652;0,000;50,000;-11,1219;0,3198;-1,0596;0,0000;0,7398;-11,1220;0,4343;0,6292;-2,0520;0,0041;1,4229;0,4302;12;0
13,6037;-5,8090;41,5078;47,0877;0,0000;1,4045;174,1910;255,000;-25,942;0,000;50,000;-11,1194;0,3235;-1,0715;-0,0000;0,7480;-11,1194;0,4391;0,6294;-2,0516;-0,0080;1,4222;0,4472;12;0
13,6095;-5,8735;41,5097;47,0814;-0,0000;1,4088;174,1265;255,000;-26,232;0,000;50,000;-11,1168;0,3271;-1,0834;-0,0000;0,7563;-11,1168;0,4438;0,6296;-2,0511;0,0030;1,4216;0,4407;12;0
13,6153;-5,9379;41,5116;47,0751;0,0000;1,4133;174,0621;255,000;-26,522;0,000;50,000;-11,1142;0,3308;-1,0953;0,0000;0,7645;-11,1142;0,4484;0,6298;-2,0507;0,0039;1,4209;0,4445;12;0
13,6211;-6,0024;41,5136;47,0687;0,0000;1,4177;173,9976;255,000;-26,812;0,000;50,000;-11,1116;0,3344;-1,1072;-0,0000;0,7727;-11,1116;0,4532;0,6300;-2,0502;-0,0015;1,4203;0,4547;12;0
13,6269;-6,0668;41,5155;47,0623;0,0000;1,4222;173,9332;255,000;-27,102;0,000;50,000;-11,1090;0,3381;-1,1191;-0,0000;0,7810;-11,1090;0,4579;0,6302;-2,0498;-0,0010;1,4196;0,4588;12;0
13,6327;-6,1312;41,5175;47,0557;0,0000;1,4268;173,8688;255,000;-27,392;0,000;50,000;-11,1063;0,3417;-1,1309;-0,0000;0,7892;-11,1063;0,4625;0,6304;-2,0493;0,0000;1,4189;0,4625;12;0
13,6385;-6,1956;41,5195;47,0491;-0,0000;1,4314;173,8044;255,000;-27,682;0,000;50,000;-11,1036;0,3454;-1,1428;0,0000;0,7974;-11,1036;0,4669;0,6305;-2,0487;0,0342;1,4180;0,4328;12;0
13,6443;-6,2600;41,5215;47,0425;0,0000;1,4360;173,7400;255,000;-27,972;0,000;50,000;-11,1009;0,3491;-1,1547;0,0004;0,8056;-11,1013;0,4718;0,6308;-2,0483;-0,0051;1,4174;0,4769;12;0
13,6501;-6,3243;41,5235;47,0358;0,0000;1,4407;173,6757;255,000;-28,262;0,000;50,000;-11,0981;0,3527;-1,1666;-0,0001;0,8139;-11,0981;0,4770;0,6310;-2,0480;-0,0647;1,4174;0,5417;12;0
13,6559;-6,3887;41,5256;47,0290;-0,0000;1,4455;173,6113;255,000;-28,552;0,000;50,000;-11,0954;0,3564;-1,1784;-0,0004;0,8221;-11,0950;0,4812;0,6312;-2,0474;0,0100;1,4165;0,4711;12;0
13,6617;-6,4530;41,5277;47,0221;0,0000;1,4502;173,5470;255,000;-28,842;0,000;50,000;-11,0926;0,3600;-1,1903;0,0001;0,8303;-11,0926;0,4857;0,6314;-2,0468;0,0118;1,4151;0,4739;12;0
13,6675;-6,5173;41,5298;47,0152;-0,0000;1,4551;173,4827;255,000;-29,132;0,000;50,000;-11,0897;0,3637;-1,2022;-0,0002;0,8385;-11,0895;0,4904;0,6316;-2,0464;-0,0038;1,4145;0,4942;12;0
13,6733;-6,5816;41,5319;47,0081;-0,0000;1,4600;173,4184;255,000;-29,422;0,000;50,000;-11,0869;0,3674;-1,2140;0,0000;0,8467;-11,0869;0,4948;0,6318;-2,0459;0,0390;1,4142;0,4557;12;0
13,6791;-6,6459;41,5340;47,0011;0,0000;1,4649;173,3541;255,000;-29,712;0,000;50,000;-11,0840;0,3710;-1,2259;0,0002;0,8549;-11,0842;0,4997;0,6320;-2,0454;-0,0024;1,4134;0,5021;12;0
13,6849;-6,7102;41,5362;46,9939;-0,0000;1,4699;173,2898;255,000;-30,001;0,000;50,000;-11,0811;0,3747;-1,2378;-0,0000;0,8631;-11,0811;0,5044;0,6323;-2,0448;-0,0182;1,4125;0,5226;12;0
13,6907;-6,7744;41,5384;46,9867;0,0000;1,4749;173,2256;255,000;-30,291;0,000;50,000;-11,0781;0,3784;-1,2496;0,0000;0,8713;-11,0781;0,5089;0,6325;-2,0443;0,0012;1,4118;0,5077;12;0
13,6965;-6,8386;41,5406;46,9794;0,0000;1,4800;173,1614;255,000;-30,581;0,000;50,000;-11,0752;0,3820;-1,2615;-0,0000;0,8795;-11,0752;0,5137;0,6327;-2,0438;-0,0321;1,4108;0,5459;12;0
13,7023;-6,9029;41,5428;46,9721;-0,0000;1,4851;173,0971;255,000;-30,871;0,000;50,000;-11,0722;0,3857;-1,2733;-0,0004;0,8876;-11,0718;0,5181;0,6329;-2,0433;0,0044;1,4102;0,5137;12;0
13,7081;-6,9671;41,5450;46,9647;-0,0000;1,4903;173,0330;255,000;-31,161;0,000;50,000;-11,0692;0,3894;-1,2852;0,0001;0,8958;-11,0692;0,5222;0,6332;-2,0429;0,0609;1,4101;0,4613;12;0
13,7139;-7,0312;41,5473;46,9572;0,0000;1,4955;172,9688;255,000;-31,451;0,000;50,000;-11,0661;0,3930;-1,2970;0,0003;0,9040;-11,0665;0,5272;0,6334;-2,0422;-0,0088;1,4091;0,5360;12;0
13,7197;-7,0954;41,5496;46,9496;-0,0000;1,5008;172,9046;255,000;-31,741;0,000;50,000;-11,0631;0,3967;-1,3089;-0,0001;0,9122;-11,0630;0,5319;0,6336;-2,0416;-0,0170;1,4077;0,5490;12;0
13,7255;-7,1595;41,5519;46,9420;0,0000;1,5061;172,8405;255,000;-32,031;0,000;50,000;-11,0600;0,4004;-1,3207;0,0001;0,9203;-11,0601;0,5363;0,6339;-2,0411;0,0039;1,4071;0,5325;12;0
13,7313;-7,2237;41,5542;46,9343;0,0000;1,5114;172,7763;255,000;-32,321;0,000;50,000;-11,0568;0,4041;-1,3325;-0,0000;0,9285;-11,0568;0,5411;0,6341;-2,0406;-0,0250;1,4066;0,5661;12;0
13,7371;-7,2878;41,5566;46,9266;-0,0000;1,5168;172,7122;255,000;-32,611;0,000;50,000;-11,0537;0,4077;-1,3444;-0,0001;0,9366;-11,0535;0,5453;0,6343;-2,0400;0,0224;1,4057;0,5229;12;0
13,7429;-7,3518;41,5590;46,9187;0,0000;1,5223;172,6482;255,000;-32,901;0,000;50,000;-11,0505;0,4114;-1,3562;0,0003;0,9448;-11,0508;0,5499;0,6346;-2,0395;0,0113;1,4048;0,5386;12;0
13,7487;-7,4159;41,5614;46,9108;0,0000;1,5278;172,5841;255,000;-33,191;0,000;50,000;-11,0473;0,4151;-1,3680;-0,0000;0,9529;-11,0473;0,5548;0,6348;-2,0389;-0,0433;1,4042;0,5982;12;0
13,7545;-7,4800;41,5638;46,9029;-0,0000;1,5334;172,5200;255,000;-33,481;0,000;50,000;-11,0441;0,4188;-1,3798;-0,0002;0,9611;-11,0438;0,5584;0,6350;-2,0383;0,0811;1,4032;0,4773;12;0
13,7603;-7,5440;41,5662;46,8948;0,0000;1,5390;172,4560;255,000;-33,771;0,000;50,000;-11,0408;0,4225;-1,3917;0,0009;0,9692;-11,0418;0,5634;0,6352;-2,0375;0,0114;1,4012;0,5520;12;0
13,7660;-7,6080;41,5687;46,8867;0,0000;1,5446;172,3920;255,000;-34,061;0,000;50,000;-11,0375;0,4261;-1,4035;-0,0001;0,9773;-11,0374;0,5692;0,6356;-2,0373;-0,1538;1,4021;0,7231;12;0
13,7718;-7,6720;41,5712;46,8785;-0,0000;1,5503;172,3280;255,000;-34,350;-0,000;50,000;-11,0342;0,4298;-1,4153;-0,0009;0,9855;-11,0334;0,5724;0,6359;-2,0372;0,0198;1,4033;0,5526;12;0
13,7776;-7,7360;41,5737;46,8703;0,0000;1,5560;172,2640;255,000;-34,640;0,000;50,000;-11,0309;0,4335;-1,4271;0,0001;0,9936;-11,0310;0,5764;0,6360;-2,0360;0,0683;1,3998;0,5080;12;0
13,7834;-7,7999;41,5762;46,8620;-0,0000;1,5618;172,2001;255,000;-34,930;0,000;50,000;-11,0275;0,4372;-1,4389;-0,0001;1,0017;-11,0275;0,5816;0,6362;-2,0352;-0,0107;1,3980;0,5923;12;0
13,7892;-7,8639;41,5787;46,8536;0,0000;1,5676;172,1361;255,000;-35,220;0,000;50,000;-11,0242;0,4409;-1,4507;-0,0000;1,0098;-11,0241;0,5859;0,6365;-2,0349;0,0054;1,3983;0,5805;12;0
13,7950;-7,9278;41,5813;46,8452;-0,0000;1,5735;172,0722;255,000;-35,510;0,000;50,000;-11,0207;0,4446;-1,4625;0,0000;1,0179;-11,0207;0,5902;0,6367;-2,0342;0,0296;1,3972;0,5606;12;0
13,8008;-7,9917;41,5839;46,8367;0,0000;1,5794;172,0083;255,000;-35,800;0,000;50,000;-11,0173;0,4483;-1,4743;0,0003;1,0260;-11,0176;0,5948;0,6370;-2,0337;-0,0040;1,3965;0,5988;12;0
13,8066;-8,0556;41,5865;46,8281;0,0000;1,5854;171,9444;255,000;-36,090;0,000;50,000;-11,0138;0,4520;-1,4861;-0,0000;1,0341;-11,0138;0,5997;0,6373;-2,0332;-0,0559;1,3964;0,6557;12;0
13,8124;-8,1194;41,5891;46,8194;-0,0000;1,5914;171,8806;255,000;-36,380;0,000;50,000;-11,0104;0,4557;-1,4979;-0,0003;1,0422;-11,0100;0,6037;0,6375;-2,0325;0,0080;1,3952;0,5958;12;0
13,8182;-8,1832;41,5918;46,8107;0,0000;1,5975;171,8168;255,000;-36,670;0,000;50,000;-11,0068;0,4594;-1,5096;0,0000;1,0503;-11,0069;0,6080;0,6378;-2,0318;0,0173;1,3937;0,5906;12;0
13,8240;-8,2471;41,5945;46,8019;-0,0000;1,6036;171,7529;255,000;-36,960;0,000;50,000;-11,0033;0,4631;-1,5214;-0,0001;1,0584;-11,0032;0,6125;0,6381;-2,0312;-0,0036;1,3930;0,6162;12;0
13,8298;-8,3109;41,5972;46,7931;-0,0000;1,6098;171,6891;255,000;-37,250;0,000;50,000;-10,9997;0,4668;-1,5332;0,0000;1,0664;-10,9997;0,6168;0,6383;-2,0306;0,0195;1,3923;0,5973;12;0
13,8356;-8,3746;41,5999;46,7841;0,0000;1,6160;171,6254;255,000;-37,540;0,000;50,000;-10,9962;0,4705;-1,5450;0,0001;1,0745;-10,9963;0,6214;0,6386;-2,0300;-0,0130;1,3914;0,6344;12;0
13,8414;-8,4384;41,6026;46,7751;-0,0000;1,6222;171,5616;255,000;-37,830;0,000;50,000;-10,9925;0,4742;-1,5567;-0,0001;1,0826;-10,9924;0,6258;0,6388;-2,0293;-0,0092;1,3904;0,6350;12;0
13,8472;-8,5021;41,6054;46,7661;-0,0000;1,6285;171,4979;255,000;-38,120;0,000;50,000;-10,9889;0,4779;-1,5685;0,0000;1,0906;-10,9889;0,6299;0,6391;-2,0287;0,0250;1,3896;0,6049;12;0
13,8530;-8,5658;41,6082;46,7569;0,0000;1,6349;171,4342;255,000;-38,410;0,000;50,000;-10,9852;0,4816;-1,5803;0,0001;1,0987;-10,9854;0,6346;0,6394;-2,0281;-0,0189;1,3887;0,6535;12;0
13,8588;-8,6295;41,6110;46,7477;-0,0000;1,6413;171,3705;255,000;-38,699;0,000;50,000;-10,9815;0,4853;-1,5920;-0,0002;1,1067;-10,9813;0,6389;0,6396;-2,0274;-0,0116;1,3877;0,6505;12;0
13,8646;-8,6932;41,6138;46,7385;-0,0000;1,6477;171,3068;255,000;-38,989;0,000;50,000;-10,9778;0,4890;-1,6038;0,0000;1,1148;-10,9778;0,6429;0,6399;-2,0268;0,0365;1,3869;0,6064;12;0
13,8704;-8,7568;41,6166;46,7291;0,0000;1,6542;171,2432;255,000;-39,279;0,000;50,000;-10,9741;0,4927;-1,6155;0,0002;1,1228;-10,9743;0,6475;0,6402;-2,0261;-0,0023;1,3860;0,6499;12;0
13,8762;-8,8205;41,6195;46,7197;-0,0000;1,6607;171,1795;255,000;-39,569;0,000;50,000;-10,9703;0,4964;-1,6273;-0,0000;1,1309;-10,9703;0,6520;0,6405;-2,0254;-0,0180;1,3849;0,6700;12;0
13,8820;-8,8841;41,6224;46,7103;-0,0000;1,6673;171,1159;255,000;-39,859;0,000;50,000;-10,9665;0,5001;-1,6390;0,0000;1,1389;-10,9665;0,6560;0,6407;-2,0248;0,0233;1,3838;0,6327;12;0
13,8878;-8,9476;41,6253;46,7007;0,0000;1,6740;171,0524;255,000;-40,149;0,000;50,000;-10,9627;0,5039;-1,6508;0,0003;1,1469;-10,9630;0,6605;0,6410;-2,0241;-0,0021;1,3830;0,6626;12;0
13,8936;-9,0112;41,6282;46,6911;0,0000;1,6806;170,9888;255,000;-40,439;0,000;50,000;-10,9589;0,5076;-1,6625;-0,0000;1,1549;-10,9588;0,6652;0,6413;-2,0236;-0,0423;1,3826;0,7075;12;0
13,8994;-9,0747;41,6312;46,6815;-0,0000;1,6873;170,9253;255,000;-40,729;0,000;50,000;-10,9550;0,5113;-1,6742;-0,0002;1,1629;-10,9547;0,6691;0,6416;-2,0228;0,0040;1,3814;0,6651;12;0
13,9052;-9,1382;41,6342;46,6717;0,0000;1,6941;170,8618;255,000;-41,019;0,000;50,000;-10,9511;0,5150;-1,6860;0,0000;1,1709;-10,9511;0,6732;0,6419;-2,0221;0,0208;1,3800;0,6524;12;0
13,9110;-9,2017;41,6372;46,6619;0,0000;1,7009;170,7983;255,000;-41,309;-0,000;50,000;-10,9472;0,5187;-1,6977;0,0000;1,1789;-10,9472;0,6777;0,6421;-2,0214;-0,0028;1,3792;0,6805;12;0
13,9168;-9,2652;41,6402;46,6520;0,0000;1,7078;170,7348;255,000;-41,599;0,000;50,000;-10,9432;0,5225;-1,7094;-0,0000;1,1869;-10,9432;0,6819;0,6424;-2,0207;-0,0003;1,3783;0,6823;12;0
13,9226;-9,3286;41,6432;46,6421;-0,0000;1,7147;170,6714;255,000;-41,889;0,000;50,000;-10,9393;0,5262;-1,7211;-0,0000;1,1949;-10,9393;0,6862;0,6427;-2,0201;0,0016;1,3773;0,6846;12;0
13,9284;-9,3921;41,6463;46,6321;0,0000;1,7216;170,6079;255,000;-42,179;0,000;50,000;-10,9353;0,5299;-1,7328;0,0000;1,2029;-10,9353;0,6904;0,6430;-2,0194;-0,0005;1,3763;0,6909;12;0
13,9342;-9,4555;41,6494;46,6220;0,0000;1,7286;170,5445;255,000;-42,469;-0,000;50,000;-10,9313;0,5337;-1,7445;-0,0000;1,2109;-10,9313;0,6947;0,6433;-2,0187;-0,0008;1,3754;0,6955;12;0
13,9400;-9,5188;41,6525;46,6118;-0,0000;1,7357;170,4812;255,000;-42,759;0,000;50,000;-10,9272;0,5374;-1,7562;0,0000;1,2189;-10,9272;0,6988;0,6436;-2,0179;0,0154;1,3743;0,6834;12;0
13,9458;-9,5822;41,6556;46,6016;0,0000;1,7428;170,4178;255,000;-43,049;0,000;50,000;-10,9232;0,5411;-1,7679;0,0002;1,2268;-10,9233;0,7031;0,6439;-2,0173;-0,0008;1,3733;0,7039;12;0
13,9516;-9,6455;41,6588;46,5913;0,0000;1,7499;170,3545;255,000;-43,338;0,000;50,000;-10,9191;0,5448;-1,7796;-0,0000;1,2348;-10,9191;0,7076;0,6442;-2,0166;-0,0288;1,3726;0,7364;12;0
13,9574;-9,7088;41,6619;46,5810;-0,0000;1,7571;170,2912;255,000;-43,628;0,000;50,000;-10,9150;0,5486;-1,7913;-0,0002;1,2427;-10,9148;0,7115;0,6445;-2,0158;0,0016;1,3714;0,7099;12;0
13,9632;-9,7721;41,6651;46,5706;0,0000;1,7643;170,2279;255,000;-43,918;0,000;50,000;-10,9108;0,5523;-1,8030;0,0000;1,2507;-10,9108;0,7156;0,6448;-2,0151;0,0135;1,3702;0,7020;12;0
13,9690;-9,8354;41,6683;46,5601;0,0000;1,7716;170,1646;255,000;-44,208;-0,000;50,000;-10,9067;0,5561;-1,8147;-0,0000;1,2586;-10,9066;0,7199;0,6451;-2,0144;-0,0008;1,3693;0,7206;12;0
13,9748;-9,8986;41,6716;46,5495;-0,0000;1,7789;170,1014;255,000;-44,498;0,000;50,000;-10,9025;0,5598;-1,8264;0,0000;1,2666;-10,9025;0,7239;0,6454;-2,0136;0,0115;1,3682;0,7124;12;0
13,9806;-9,9618;41,6748;46,5389;0,0000;1,7863;170,0382;255,000;-44,788;0,000;50,000;-10,8983;0,5635;-1,8381;0,0001;1,2745;-10,8984;0,7282;0,6457;-2,0129;-0,0004;1,3672;0,7286;12;0
13,9864;-10,0250;41,6781;46,5282;0,0000;1,7937;169,9750;255,000;-45,078;0,000;50,000;-10,8940;0,5673;-1,8497;-0,0000;1,2824;-10,8940;0,7325;0,6460;-2,0122;-0,0214;1,3664;0,7540;12;0
13,9922;-10,0881;41,6814;46,5174;-0,0000;1,8012;169,9119;255,000;-45,368;0,000;50,000;-10,8898;0,5710;-1,8614;-0,0001;1,2904;-10,8896;0,7364;0,6463;-2,0115;0,0130;1,3652;0,7234;12;0
13,9980;-10,1513;41,6847;46,5066;0,0000;1,8087;169,8487;255,000;-45,658;0,000;50,000;-10,8855;0,5748;-1,8731;0,0001;1,2983;-10,8856;0,7405;0,6466;-2,0107;0,0101;1,3641;0,7304;12;0
14,0038;-10,2144;41,6881;46,4957;0,0000;1,8162;169,7856;255,000;-45,948;0,000;50,000;-10,8812;0,5785;-1,8847;-0,0000;1,3062;-10,8812;0,7449;0,6469;-2,0100;-0,0247;1,3631;0,7697;12;0
14,0096;-10,2775;41,6914;46,4847;-0,0000;1,8238;169,7225;255,000;-46,238;0,000;50,000;-10,8768;0,5823;-1,8964;-0,0001;1,3141;-10,8767;0,7487;0,6472;-2,0092;0,0127;1,3621;0,7360;12;0
14,0154;-10,3405;41,6948;46,4737;0,0000;1,8315;169,6595;255,000;-46,528;0,000;50,000;-10,8725;0,5860;-1,9080;0,0001;1,3220;-10,8726;0,7528;0,6475;-2,0085;0,0115;1,3609;0,7413;12;0
14,0212;-10,4036;41,6982;46,4626;0,0000;1,8392;169,5964;255,000;-46,818;0,000;50,000;-10,8681;0,5898;-1,9197;-0,0000;1,3299;-10,8681;0,7572;0,6478;-2,0077;-0,0242;1,3599;0,7814;12;0
14,0270;-10,4666;41,7017;46,4515;-0,0000;1,8469;169,5334;255,000;-47,108;0,000;50,000;-10,8637;0,5936;-1,9313;-0,0001;1,3377;-10,8636;0,7610;0,6481;-2,0069;0,0013;1,3588;0,7597;12;0
14,0328;-10,5296;41,7051;46,4402;0,0000;1,8547;169,4704;255,000;-47,398;0,000;50,000;-10,8593;0,5973;-1,9429;0,0000;1,3456;-10,8593;0,7650;0,6484;-2,0062;0,0113;1,3577;0,7537;12;0
14,0386;-10,5925;41,7086;46,4289;0,0000;1,8625;169,4075;255,000;-47,687;0,000;50,000;-10,8548;0,6011;-1,9546;-0,0000;1,3535;-10,8548;0,7692;0,6487;-2,0054;-0,0007;1,3567;0,7698;12;0
14,0444;-10,6554;41,7121;46,4176;-0,0000;1,8704;169,3446;255,000;-47,977;0,000;50,000;-10,8504;0,6048;-1,9662;0,0000;1,3613;-10,8504;0,7732;0,6491;-2,0046;0,0011;1,3556;0,7721;12;0
14,0502;-10,7183;41,7156;46,4061;0,0000;1,8783;169,2817;255,000;-48,267;0,000;50,000;-10,8459;0,6086;-1,9778;0,0000;1,3692;-10,8459;0,7772;0,6494;-2,0039;-0,0006;1,3545;0,7778;12;0
14,0560;-10,7812;41,7191;46,3946;0,0000;1,8862;169,2188;255,000;-48,557;0,000;50,000;-10,8414;0,6124;-1,9894;-0,0000;1,3771;-10,8413;0,7812;0,6497;-2,0031;-0,0005;1,3534;0,7818;12;0
14,0618;-10,8441;41,7227;46,3830;-0,0000;1,8942;169,1559;255,000;-48,847;0,000;50,000;-10,8368;0,6161;-2,0010;0,0000;1,3849;-10,8368;0,7852;0,6500;-2,0023;0,0012;1,3523;0,7840;12;0
14,0676;-10,9069;41,7263;46,3714;0,0000;1,9023;169,0931;255,000;-49,137;0,000;50,000;-10,8322;0,6199;-2,0126;0,0000;1,3927;-10,8323;0,7893;0,6503;-2,0015;-0,0005;1,3512;0,7898;12;0
14,0734;-10,9697;41,7299;46,3597;0,0000;1,9104;169,0303;255,000;-49,427;0,000;50,000;-10,8277;0,6237;-2,0243;-0,0000;1,4006;-10,8277;0,7932;0,6506;-2,0007;-0,0006;1,3501;0,7938;12;0
14,0792;-11,0325;41,7335;46,3479;-0,0000;1,9185;168,9675;255,000;-49,717;0,000;50,000;-10,8230;0,6275;-2,0359;0,0000;1,4084;-10,8230;0,7972;0,6510;-1,9999;0,0005;1,3490;0,7967;12;0
14,0850;-11,0952;41,7372;46,3361;0,0000;1,9267;168,9048;255,000;-50,007;0,000;50,000;-10,8184;0,6312;-2,0474;-0,0000;1,4162;-10,8184;0,8012;0,6513;-1,9991;-0,0000;1,3478;0,8012;12;0
14,0908;-11,1579;41,7408;46,3242;-0,0000;1,9350;168,8421;255,000;-50,297;0,000;50,000;-10,8138;0,6350;-2,0590;0,0000;1,4240;-10,8138;0,8050;0,6516;-1,9983;0,0105;1,3466;0,7945;12;0
14,0966;-11,2206;41,7445;46,3122;0,0000;1,9433;168,7794;255,000;-50,587;0,000;50,000;-10,8091;0,6388;-2,0706;0,0001;1,4318;-10,8092;0,8091;0,6519;-1,9975;-0,0004;1,3456;0,8095;12;0
14,1024;-11,2833;41,7482;46,3002;0,0000;1,9516;168,7167;255,000;-50,877;0,000;50,000;-10,8044;0,6426;-2,0822;-0,0000;1,4396;-10,8044;0,8132;0,6523;-1,9967;-0,0203;1,3446;0,8335;12;0
14,1082;-11,3459;41,7520;46,2881;-0,0000;1,9599;168,6541;255,000;-51,167;0,000;50,000;-10,7996;0,6464;-2,0938;-0,0001;1,4474;-10,7995;0,8169;0,6526;-1,9959;0,0003;1,3433;0,8167;12;0
14,1140;-11,4085;41,7557;46,2759;0,0000;1,9684;168,5915;255,000;-51,457;0,000;50,000;-10,7949;0,6501;-2,1053;-0,0000;1,4552;-10,7949;0,8207;0,6529;-1,9951;0,0099;1,3421;0,8108;12;0
14,1198;-11,4711;41,7595;46,2637;-0,0000;1,9768;168,5289;255,000;-51,747;0,000;50,000;-10,7901;0,6539;-2,1169;-0,0000;1,4630;-10,7901;0,8246;0,6532;-1,9942;0,0095;1,3409;0,8151;12;0
14,1256;-11,5337;41,7633;46,2513;0,0000;1,9853;168,4663;255,000;-52,036;0,000;50,000;-10,7853;0,6577;-2,1285;0,0001;1,4708;-10,7854;0,8286;0,6536;-1,9934;-0,0003;1,3398;0,8289;12;0
14,1314;-11,5962;41,7672;46,2390;0,0000;1,9939;168,4038;255,000;-52,326;0,000;50,000;-10,7805;0,6615;-2,1400;-0,0000;1,4785;-10,7805;0,8326;0,6539;-1,9926;-0,0182;1,3388;0,8509;12;0
14,1372;-11,6587;41,7710;46,2265;-0,0000;2,0025;168,3413;255,000;-52,616;0,000;50,000;-10,7757;0,6653;-2,1516;-0,0001;1,4863;-10,7756;0,8363;0,6542;-1,9918;0,0074;1,3376;0,8288;12;0
14,1430;-11,7212;41,7749;46,2140;0,0000;2,0111;168,2788;255,000;-52,906;0,000;50,000;-10,7708;0,6691;-2,1631;0,0001;1,4940;-10,7709;0,8401;0,6546;-1,9909;0,0087;1,3363;0,8314;12;0
14,1488;-11,7836;41,7788;46,2014;0,0000;2,0198;168,2164;255,000;-53,196;0,000;50,000;-10,7659;0,6729;-2,1747;-0,0000;1,5018;-10,7659;0,8441;0,6549;-1,9901;-0,0139;1,3352;0,8581;12;0
14,1546;-11,8460;41,7827;46,1888;-0,0000;2,0285;168,1540;255,000;-53,486;0,000;50,000;-10,7610;0,6767;-2,1862;-0,0001;1,5095;-10,7610;0,8478;0,6552;-1,9893;0,0029;1,3340;0,8449;12;0
14,1604;-11,9084;41,7866;46,1761;0,0000;2,0373;168,0916;255,000;-53,776;0,000;50,000;-10,7561;0,6805;-2,1977;0,0000;1,5173;-10,7561;0,8516;0,6556;-1,9884;0,0068;1,3328;0,8448;12;0
14,1662;-11,9708;41,7906;46,1633;0,0000;2,0461;168,0292;255,000;-54,066;0,000;50,000;-10,7512;0,6843;-2,2093;-0,0000;1,5250;-10,7512;0,8560;0,6558;-1,9872;-0,0500;1,3299;0,9060;12;0
14,1720;-12,0331;41,7945;46,1505;-0,0000;2,0550;167,9669;255,000;-54,356;0,000;50,000;-10,7462;0,6881;-2,2208;-0,0005;1,5327;-10,7456;0,8590;0,6562;-1,9866;0,0254;1,3300;0,8336;12;0
14,1778;-12,0954;41,7985;46,1376;-0,0000;2,0639;167,9046;255,000;-54,646;0,000;50,000;-10,7412;0,6919;-2,2323;0,0003;1,5404;-10,7415;0,8621;0,6568;-1,9867;0,0878;1,3327;0,7743;12;0
14,1836;-12,1577;41,8026;46,1246;0,0000;2,0729;167,8423;255,000;-54,936;0,000;50,000;-10,7362;0,6957;-2,2438;0,0005;1,5481;-10,7367;0,8673;0,6570;-1,9852;-0,0505;1,3290;0,9178;12;0
14,1894;-12,2199;41,8066;46,1115;-0,0000;2,0819;167,7801;255,000;-55,226;0,000;50,000;-10,7311;0,6995;-2,2553;-0,0003;1,5558;-10,7308;0,8710;0,6572;-1,9837;-0,0363;1,3254;0,9074;12;0
14,1952;-12,2821;41,8107;46,0984;0,0000;2,0909;167,7179;255,000;-55,516;0,000;50,000;-10,7261;0,7033;-2,2668;0,0000;1,5635;-10,7261;0,8741;0,6576;-1,9832;0,0201;1,3252;0,8540;12;0
14,2010;-12,3443;41,8148;46,0852;-0,0000;2,1000;167,6557;255,000;-55,806;0,000;50,000;-10,7210;0,7071;-2,2783;-0,0001;1,5712;-10,7209;0,8780;0,6580;-1,9824;-0,0041;1,3243;0,8821;12;0
14,2067;-12,4065;41,8189;46,0720;-0,0000;2,1091;167,5935;255,000;-56,096;0,000;50,000;-10,7159;0,7110;-2,2898;0,0000;1,5789;-10,7159;0,8817;0,6583;-1,9815;0,0097;1,3233;0,8719;12;0
14,2125;-12,4686;41,8230;46,0587;0,0000;2,1183;167,5314;255,000;-56,385;0,000;50,000;-10,7108;0,7148;-2,3013;0,0001;1,5865;-10,7108;0,8855;0,6586;-1,9807;-0,0023;1,3220;0,8878;12;0
14,2183;-12,5307;41,8272;46,0453;-0,0000;2,1275;167,4693;255,000;-56,675;0,000;50,000;-10,7056;0,7186;-2,3128;-0,0000;1,5942;-10,7056;0,8892;0,6590;-1,9798;-0,0047;1,3208;0,8939;12;0
14,2241;-12,5927;41,8313;46,0319;-0,0000;2,1368;167,4073;255,000;-56,965;0,000;50,000;-10,7005;0,7224;-2,3243;0,0000;1,6019;-10,7005;0,8925;0,6593;-1,9787;0,0386;1,3185;0,8538;12;0
14,2299;-12,6548;41,8355;46,0184;0,0000;2,1461;167,3452;255,000;-57,255;0,000;50,000;-10,6953;0,7262;-2,3357;0,0004;1,6095;-10,6957;0,8965;0,6597;-1,9780;-0,0110;1,3181;0,9076;12;0
14,2357;-12,7168;41,8398;46,0048;0,0000;2,1555;167,2832;255,000;-57,545;0,000;50,000;-10,6901;0,7301;-2,3472;-0,0001;1,6171;-10,6899;0,9009;0,6602;-1,9776;-0,0698;1,3191;0,9707;12;0
14,2415;-12,7787;41,8440;45,9911;-0,0000;2,1649;167,2213;255,000;-57,835;0,000;50,000;-10,6848;0,7339;-2,3587;-0,0004;1,6248;-10,6844;0,9038;0,6604;-1,9762;0,0219;1,3163;0,8819;12;0
14,2473;-12,8407;41,8483;45,9774;0,0000;2,1743;167,1593;255,000;-58,125;0,000;50,000;-10,6796;0,7377;-2,3701;0,0001;1,6324;-10,6797;0,9074;0,6606;-1,9750;0,0057;1,3133;0,9017;12;0
14,2531;-12,9026;41,8526;45,9636;-0,0000;2,1838;167,0974;255,000;-58,415;0,000;50,000;-10,6743;0,7416;-2,3816;-0,0003;1,6400;-10,6740;0,9111;0,6611;-1,9744;-0,0079;1,3129;0,9190;12;0
14,2589;-12,9645;41,8569;45,9498;-0,0000;2,1933;167,0355;255,000;-58,705;0,000;50,000;-10,6690;0,7454;-2,3930;0,0000;1,6476;-10,6690;0,9142;0,6615;-1,9737;0,0539;1,3128;0,8602;12;0
14,2647;-13,0263;41,8612;45,9359;0,0000;2,2029;166,9737;255,000;-58,995;0,000;50,000;-10,6637;0,7492;-2,4045;0,0003;1,6552;-10,6640;0,9183;0,6618;-1,9726;-0,0061;1,3111;0,9244;12;0
14,2705;-13,0882;41,8656;45,9219;-0,0000;2,2125;166,9118;255,000;-59,285;0,000;50,000;-10,6584;0,7531;-2,4159;-0,0000;1,6628;-10,6583;0,9222;0,6621;-1,9716;-0,0234;1,3092;0,9456;12;0
14,2763;-13,1499;41,8699;45,9079;0,0000;2,2222;166,8501;255,000;-59,575;0,000;50,000;-10,6530;0,7569;-2,4273;0,0000;1,6704;-10,6530;0,9255;0,6625;-1,9708;0,0030;1,3082;0,9225;12;0
14,2821;-13,2117;41,8743;45,8938;0,0000;2,2319;166,7883;255,000;-59,865;0,000;50,000;-10,6476;0,7608;-2,4388;-0,0000;1,6780;-10,6476;0,9291;0,6628;-1,9699;-0,0056;1,3071;0,9347;12;0
14,2879;-13,2734;41,8788;45,8796;-0,0000;2,2416;166,7266;255,000;-60,155;0,000;50,000;-10,6422;0,7646;-2,4502;-0,0000;1,6856;-10,6422;0,9326;0,6632;-1,9690;0,0005;1,3058;0,9321;12;0
14,2937;-13,3351;41,8832;45,8653;0,0000;2,2514;166,6649;255,000;-60,445;0,000;50,000;-10,6368;0,7684;-2,4616;0,0000;1,6932;-10,6368;0,9361;0,6636;-1,9681;0,0027;1,3045;0,9334;12;0
14,2995;-13,3968;41,8877;45,8510;0,0000;2,2613;166,6032;255,000;-60,734;0,000;50,000;-10,6314;0,7723;-2,4730;-0,0000;1,7007;-10,6314;0,9398;0,6639;-1,9671;-0,0066;1,3032;0,9464;12;0
14,3053;-13,4584;41,8922;45,8367;-0,0000;2,2712;166,5416;255,000;-61,024;0,000;50,000;-10,6259;0,7761;-2,4844;-0,0001;1,7083;-10,6258;0,9432;0,6643;-1,9662;0,0002;1,3019;0,9430;12;0
14,3111;-13,5200;41,8967;45,8222;-0,0000;2,2811;166,4800;255,000;-61,314;0,000;50,000;-10,6204;0,7800;-2,4958;0,0000;1,7158;-10,6204;0,9466;0,6646;-1,9653;0,0119;1,3008;0,9346;12;0
14,3169;-13,5816;41,9012;45,8077;0,0000;2,2911;166,4184;255,000;-61,604;0,000;50,000;-10,6149;0,7839;-2,5072;0,0001;1,7234;-10,6150;0,9502;0,6650;-1,9643;-0,0031;1,2994;0,9533;12;0
14,3227;-13,6431;41,9058;45,7932;-0,0000;2,3011;166,3569;255,000;-61,894;0,000;50,000;-10,6094;0,7877;-2,5186;-0,0000;1,7309;-10,6094;0,9537;0,6653;-1,9634;-0,0057;1,2980;0,9594;12;0
14,3285;-13,7046;41,9104;45,7785;-0,0000;2,3111;166,2954;255,000;-62,184;0,000;50,000;-10,6039;0,7916;-2,5300;0,0000;1,7384;-10,6039;0,9566;0,6656;-1,9621;0,0485;1,2950;0,9081;12;0
14,3343;-13,7661;41,9150;45,7638;0,0000;2,3212;166,2339;255,000;-62,474;0,000;50,000;-10,5983;0,7954;-2,5413;0,0005;1,7459;-10,5989;0,9608;0,6660;-1,9614;-0,0215;1,2950;0,9823;12;0
14,3401;-13,8275;41,9196;45,7490;0,0000;2,3314;166,1725;255,000;-62,764;0,000;50,000;-10,5927;0,7993;-2,5527;-0,0002;1,7534;-10,5925;0,9650;0,6667;-1,9614;-0,0852;1,2976;1,0503;12;0
14,3459;-13,8889;41,9242;45,7342;-0,0000;2,3416;166,1111;255,000;-63,054;-0,000;50,000;-10,5871;0,8032;-2,5641;-0,0005;1,7609;-10,5867;0,9670;0,6669;-1,9599;0,0427;1,2938;0,9243;12;0
14,3517;-13,9503;41,9289;45,7193;0,0000;2,3518;166,0497;255,000;-63,344;0,000;50,000;-10,5815;0,8070;-2,5755;0,0002;1,7684;-10,5818;0,9704;0,6670;-1,9583;0,0363;1,2899;0,9341;12;0
14,3575;-14,0117;41,9336;45,7043;-0,0000;2,3621;165,9883;255,000;-63,634;0,000;50,000;-10,5759;0,8109;-2,5868;-0,0000;1,7759;-10,5758;0,9745;0,6675;-1,9576;-0,0211;1,2897;0,9956;12;0
14,3633;-14,0730;41,9383;45,6893;-0,0000;2,3724;165,9270;255,000;-63,924;0,000;50,000;-10,5702;0,8148;-2,5982;0,0000;1,7834;-10,5702;0,9776;0,6679;-1,9568;0,0071;1,2888;0,9706;12;0
14,3691;-14,1343;41,9430;45,6742;0,0000;2,3828;165,8657;255,000;-64,214;0,000;50,000;-10,5645;0,8186;-2,6095;0,0000;1,7909;-10,5646;0,9811;0,6682;-1,9558;-0,0002;1,2876;0,9813;12;0
14,3749;-14,1955;41,9478;45,6590;0,0000;2,3932;165,8045;255,000;-64,504;0,000;50,000;-10,5588;0,8225;-2,6208;-0,0000;1,7983;-10,5588;0,9851;0,6684;-1,9542;-0,0575;1,2834;1,0426;12;0
14,3807;-14,2567;41,9526;45,6438;-0,0000;2,4036;165,7433;255,000;-64,794;0,000;50,000;-10,5531;0,8264;-2,6322;-0,0006;1,8057;-10,5525;0,9878;0,6690;-1,9539;0,0001;1,2849;0,9877;12;0
14,3865;-14,3179;41,9574;45,6285;-0,0000;2,4141;165,6821;255,000;-65,083;0,000;50,000;-10,5474;0,8303;-2,6435;0,0000;1,8132;-10,5474;0,9899;0,6698;-1,9542;0,1040;1,2893;0,8858;12;0
14,3923;-14,3790;41,9622;45,6132;0,0000;2,4246;165,6210;255,000;-65,373;0,000;50,000;-10,5416;0,8342;-2,6548;0,0006;1,8207;-10,5422;0,9944;0,6697;-1,9519;-0,0001;1,2822;0,9945;12;0
14,3981;-14,4401;41,9670;45,5977;-0,0000;2,4352;165,5599;255,000;-65,663;0,000;50,000;-10,5359;0,8380;-2,6661;0,0000;1,8281;-10,5359;0,9983;0,6699;-1,9503;-0,0481;1,2780;1,0465;12;0
14,4039;-14,5012;41,9719;45,5822;0,0000;2,4458;165,4988;255,000;-65,953;0,000;50,000;-10,5301;0,8419;-2,6774;0,0000;1,8355;-10,5301;1,0011;0,6704;-1,9500;-0,0000;1,2795;1,0011;12;0
14,4097;-14,5623;41,9768;45,5667;0,0000;2,4565;165,4377;255,000;-66,243;0,000;50,000;-10,5242;0,8458;-2,6888;-0,0000;1,8429;-10,5242;1,0047;0,6708;-1,9488;-0,0264;1,2773;1,0312;12;0
14,4155;-14,6233;41,9817;45,5510;-0,0000;2,4672;165,3767;255,000;-66,533;0,000;50,000;-10,5184;0,8497;-2,7000;-0,0003;1,8503;-10,5181;1,0076;0,6712;-1,9480;0,0054;1,2767;1,0022;12;0
14,4213;-14,6842;41,9867;45,5354;-0,0000;2,4780;165,3158;255,000;-66,823;0,000;50,000;-10,5126;0,8536;-2,7113;0,0001;1,8577;-10,5126;1,0103;0,6717;-1,9475;0,0466;1,2773;0,9637;12;0
14,4271;-14,7452;41,9916;45,5196;0,0000;2,4888;165,2548;255,000;-67,113;0,000;50,000;-10,5067;0,8575;-2,7226;0,0003;1,8651;-10,5069;1,0142;0,6719;-1,9461;-0,0108;1,2744;1,0249;12;0
14,4329;-14,8061;41,9966;45,5038;-0,0000;2,4996;165,1939;255,000;-67,403;0,000;50,000;-10,5008;0,8614;-2,7339;-0,0001;1,8725;-10,5007;1,0176;0,6722;-1,9449;-0,0190;1,2719;1,0366;12;0
14,4387;-14,8670;42,0016;45,4879;0,0000;2,5105;165,1330;255,000;-67,693;0,000;50,000;-10,4949;0,8653;-2,7452;0,0000;1,8799;-10,4949;1,0206;0,6727;-1,9441;0,0053;1,2713;1,0153;12;0
14,4445;-14,9278;42,0066;45,4719;0,0000;2,5214;165,0722;255,000;-67,983;0,000;50,000;-10,4890;0,8692;-2,7565;-0,0000;1,8873;-10,4890;1,0244;0,6729;-1,9426;-0,0430;1,2679;1,0675;12;0
14,4503;-14,9886;42,0117;45,4559;-0,0000;2,5324;165,0114;255,000;-68,273;0,000;50,000;-10,4830;0,8731;-2,7677;-0,0005;1,8946;-10,4825;1,6826;0,6183;-1,7674;0,0001;1,1491;1,6825;12;0
14,4561;-15,0494;42,0168;45,4399;-0,0000;2,5434;164,9506;255,000;-68,563;0,000;50,000;-10,4694;0,8764;-2,7770;0,0000;1,9006;-10,4694;10,6203;-0,1368;0,6253;0,0764;-0,4848;10,5438;12;0
14,4619;-15,1100;42,0219;45,4237;0,0000;2,5544;164,8900;255,000;-68,852;-0,000;49,927;-10,3598;0,8715;-2,7605;0,0004;1,8890;-10,3603;28,6978;-1,6773;5,5017;-0,0000;-3,8244;28,6978;12;0
14,4677;-15,1695;42,0269;45,4078;-0,0000;2,5653;164,8305;255,000;-69,136;0,000;49,010;-10,1366;0,8569;-2,7131;0,0000;1,8562;-10,1366;40,6470;-2,7229;8,8050;-0,0367;-6,0840;40,6837;12;0
14,4735;-15,2276;42,0318;45,3923;0,0000;2,5759;164,7724;255,000;-69,414;0,000;47,850;-9,8884;0,8399;-2,6583;-0,0000;1,8184;-9,8884;42,7673;-2,9504;9,5146;-0,0000;-6,5642;42,7673;12;0
14,4793;-15,2842;42,0366;45,3770;-0,0000;2,5864;164,7158;255,000;-69,685;0,000;46,690;-9,6406;0,8227;-2,6028;0,0000;1,7801;-9,6406;42,7022;-2,9940;9,6414;0,0022;-6,6474;42,7000;12;0
14,4851;-15,3394;42,0413;45,3621;0,0000;2,5966;164,6606;255,000;-69,949;0,000;45,531;-9,3932;0,8052;-2,5465;0,0000;1,7413;-9,3932;42,6384;-3,0365;9,7648;-0,0000;-6,7284;42,6384;12;0
14,4909;-15,3931;42,0460;45,3475;0,0000;2,6066;164,6069;255,000;-70,206;0,000;44,371;-9,1461;0,7875;-2,4896;-0,0000;1,7021;-9,1461;42,5762;-3,0780;9,8853;-0,0196;-6,8080;42,5959;12;0
14,4967;-15,4455;42,0505;45,3332;-0,0000;2,6163;164,5545;255,000;-70,456;0,000;43,211;-8,8994;0,7695;-2,4319;-0,0002;1,6624;-8,8992;42,5149;-3,1184;10,0021;0,0021;-6,8838;42,5128;12;0
14,5025;-15,4964;42,0549;45,3193;-0,0000;2,6258;164,5036;255,000;-70,700;0,000;42,051;-8,6531;0,7513;-2,3736;0,0000;1,6222;-8,6531;42,4547;-3,1576;10,1155;0,0331;-6,9566;42,4216;12;0
14,5083;-15,5458;42,0592;45,3057;0,0000;2,6351;164,4542;255,000;-70,937;0,000;40,892;-8,4071;0,7329;-2,3146;0,0002;1,5817;-8,4073;42,3971;-3,1961;10,2267;-0,0284;-7,0312;42,4255;12;0
14,5141;-15,5939;42,0634;45,2924;-0,0000;2,6442;164,4061;255,000;-71,168;0,000;39,732;-8,1614;0,7143;-2,2550;-0,0003;1,5407;-8,1611;42,3401;-3,2333;10,3340;-0,0129;-7,1015;42,3530;12;0
14,5199;-15,6405;42,0675;45,2795;-0,0000;2,6530;164,3595;255,000;-71,391;0,000;38,572;-7,9160;0,6954;-2,1947;0,0000;1,4993;-7,9161;42,2839;-3,2693;10,4376;0,0506;-7,1669;42,2332;12;0
14,5257;-15,6857;42,0714;45,2670;0,0000;2,6616;164,3143;255,000;-71,608;0,000;37,412;-7,6710;0,6763;-2,1339;0,0003;1,4576;-7,6713;42,2310;-3,3046;10,5392;-0,0450;-7,2354;42,2760;12;0
14,5315;-15,7294;42,0753;45,2548;-0,0000;2,6699;164,2706;255,000;-71,819;0,000;36,253;-7,4263;0,6571;-2,0725;-0,0005;1,4154;-7,4258;42,1783;-3,3387;10,6369;-0,0193;-7,2991;42,1976;12;0
14,5373;-15,7718;42,0791;45,2429;-0,0000;2,6780;164,2282;255,000;-72,022;0,000;35,093;-7,1819;0,6376;-2,0105;0,0001;1,3729;-7,1819;42,1259;-3,3714;10,7308;0,0819;-7,3575;42,0440;12;0
14,5431;-15,8127;42,0827;45,2315;0,0000;2,6858;164,1873;255,000;-72,219;0,000;33,933;-6,9377;0,6180;-1,9481;0,0005;1,3301;-6,9382;42,0774;-3,4035;10,8227;-0,0098;-7,4188;42,0872;12;0
14,5489;-15,8522;42,0862;45,2203;-0,0000;2,6934;164,1478;255,000;-72,409;0,000;32,773;-6,6939;0,5981;-1,8850;-0,0001;1,2869;-6,6938;42,0300;-3,4345;10,9112;-0,0395;-7,4778;42,0695;12;0
14,5547;-15,8904;42,0896;45,2096;0,0000;2,7008;164,1096;255,000;-72,592;0,000;31,614;-6,4503;0,5781;-1,8215;0,0000;1,2434;-6,4503;41,9836;-3,4642;10,9962;-0,0369;-7,5330;42,0204;12;0
14,5605;-15,9271;42,0929;45,1992;-0,0000;2,7078;164,0729;255,000;-72,769;0,000;30,454;-6,2070;0,5580;-1,7575;-0,0005;1,1995;-6,2065;41,9382;-3,4928;11,0779;0,0026;-7,5852;41,9356;12;0
14,5663;-15,9623;42,0961;45,1892;-0,0000;2,7147;164,0377;255,000;-72,939;0,000;29,294;-5,9639;0,5376;-1,6930;0,0000;1,1554;-5,9640;41,8939;-3,5203;11,1562;0,0834;-7,6344;41,8105;12;0
14,5721;-15,9962;42,0992;45,1796;0,0000;2,7212;164,0038;255,000;-73,102;0,000;28,134;-5,7211;0,5171;-1,6281;0,0005;1,1110;-5,7216;41,8536;-3,5470;11,2323;-0,0308;-7,6855;41,8845;12;0
14,5779;-16,0287;42,1021;45,1703;-0,0000;2,7276;163,9713;255,000;-73,258;0,000;26,975;-5,4785;0,4965;-1,5628;-0,0003;1,0663;-5,4782;41,8138;-3,5725;11,3048;-0,0409;-7,7331;41,8547;12;0
14,5837;-16,0598;42,1049;45,1615;-0,0000;2,7336;163,9403;255,000;-73,408;0,000;25,815;-5,2362;0,4757;-1,4970;0,0000;1,0213;-5,2362;41,7742;-3,5967;11,3737;0,0536;-7,7761;41,7205;12;0
14,5895;-16,0894;42,1076;45,1530;0,0000;2,7394;163,9106;255,000;-73,551;0,000;24,655;-4,9941;0,4548;-1,4309;0,0003;0,9761;-4,9944;41,7381;-3,6201;11,4401;-0,0028;-7,8199;41,7409;12;0
14,5953;-16,1177;42,1102;45,1449;-0,0000;2,7449;163,8823;255,000;-73,687;0,000;23,496;-4,7521;0,4337;-1,3643;-0,0000;0,9306;-4,7521;41,7033;-3,6424;11,5032;-0,0255;-7,8613;41,7288;12;0
14,6011;-16,1445;42,1127;45,1371;-0,0000;2,7502;163,8555;255,000;-73,817;0,000;22,336;-4,5104;0,4125;-1,2975;0,0000;0,8849;-4,5104;41,6694;-3,6634;11,5629;0,0038;-7,8995;41,6657;12;0
14,6069;-16,1700;42,1150;45,1298;0,0000;2,7552;163,8300;255,000;-73,939;0,000;21,176;-4,2689;0,3912;-1,2302;0,0000;0,8390;-4,2689;41,6377;-3,6835;11,6196;-0,0000;-7,9362;41,6377;12;0
14,6127;-16,1940;42,1172;45,1229;0,0000;2,7599;163,8060;255,000;-74,056;0,000;20,016;-4,0275;0,3698;-1,1627;-0,0000;0,7929;-4,0275;41,6076;-3,7024;11,6732;-0,0026;-7,9707;41,6102;12;0
14,6185;-16,2167;42,1193;45,1163;-0,0000;2,7644;163,7833;255,000;-74,165;0,000;18,857;-3,7863;0,3483;-1,0949;-0,0000;0,7466;-3,7863;41,5792;-3,7203;11,7237;0,0000;-8,0035;41,5792;12;0
14,6243;-16,2379;42,1212;45,1102;-0,0000;2,7686;163,7621;255,000;-74,268;0,000;17,697;-3,5453;0,3267;-1,0267;0,0000;0,7001;-3,5453;41,5525;-3,7370;11,7711;0,0010;-8,0341;41,5515;12;0
14,6301;-16,2578;42,1231;45,1044;-0,0000;2,7725;163,7422;255,000;-74,363;0,000;16,537;-3,3044;0,3050;-0,9584;0,0000;0,6534;-3,3044;41,5275;-3,7527;11,8153;-0,0000;-8,0626;41,5275;12;0
14,6359;-16,2763;42,1248;45,0991;-0,0000;2,7762;163,7237;255,000;-74,453;0,000;15,377;-3,0637;0,2832;-0,8897;0,0000;0,6066;-3,0637;41,5042;-3,7673;11,8565;-0,0000;-8,0892;41,5042;12;0
14,6416;-16,2933;42,1264;45,0941;-0,0000;2,7795;163,7067;255,000;-74,535;0,000;14,218;-2,8231;0,2613;-0,8209;0,0000;0,5596;-2,8231;41,4826;-3,7807;11,8945;-0,0000;-8,1137;41,4826;12;0
14,6474;-16,3090;42,1278;45,0896;-0,0000;2,7826;163,6910;255,000;-74,611;0,000;13,058;-2,5826;0,2393;-0,7518;0,0000;0,5125;-2,5826;41,4628;-3,7931;11,9294;-0,0000;-8,1363;41,4628;12;0
14,6532;-16,3233;42,1291;45,0854;-0,0000;2,7855;163,6767;255,000;-74,680;0,000;11,898;-2,3422;0,2173;-0,6825;0,0000;0,4652;-2,3422;41,4458;-3,8044;11,9612;-0,0788;-8,1571;41,5247;12;0
14,6590;-16,3362;42,1303;45,0816;-0,0000;2,7880;163,6638;255,000;-74,742;0,000;10,739;-2,1020;0,1952;-0,6131;-0,0009;0,4179;-2,1010;41,4284;-3,8146;11,9899;0,0002;-8,1753;41,4282;12;0
14,6648;-16,3477;42,1314;45,0783;-0,0000;2,7903;163,6523;255,000;-74,798;0,000;9,579;-1,8618;0,1730;-0,5435;0,0000;0,3704;-1,8618;41,4118;-3,8236;12,0154;0,1576;-8,1913;41,2539;12;0
14,6706;-16,3578;42,1323;45,0753;0,0000;2,7923;163,6422;255,000;-74,846;0,000;8,419;-1,6217;0,1508;-0,4737;0,0009;0,3229;-1,6226;41,4010;-3,8316;12,0380;-0,0004;-8,2062;41,4014;12;0
14,6764;-16,3665;42,1331;45,0728;0,0000;2,7941;163,6335;255,000;-74,888;0,000;7,259;-1,3816;0,1286;-0,4038;-0,0000;0,2752;-1,3816;41,3912;-3,8386;12,0574;-0,0908;-8,2191;41,4822;12;0
14,6822;-16,3738;42,1338;45,0706;-0,0000;2,7955;163,6262;255,000;-74,924;0,000;6,100;-1,1417;0,1063;-0,3339;-0,0001;0,2275;-1,1415;41,3807;-3,8443;12,0736;0,0002;-8,2294;41,3805;12;0
14,6880;-16,3797;42,1344;45,0689;-0,0000;2,7967;163,6203;255,000;-74,952;0,000;4,940;-0,9017;0,0840;-0,2638;0,0000;0,1798;-0,9017;41,3728;-3,8490;12,0868;0,0237;-8,2378;41,3491;12;0
14,6938;-16,3842;42,1348;45,0676;-0,0000;2,7976;163,6158;255,000;-74,974;0,000;3,780;-0,6619;0,0617;-0,1937;0,0001;0,1320;-0,6620;41,3677;-3,8527;12,0973;-0,0280;-8,2461;41,3957;12;0
14,6996;-16,3874;42,1351;45,0667;-0,0000;2,7982;163,6126;255,000;-74,990;0,000;2,620;-0,4220;0,0393;-0,1235;-0,0003;0,0842;-0,4217;41,0643;-4,1755;12,1308;-0,0111;-7,9553;41,0755;12;0
14,7054;-16,3891;42,1353;45,0662;-0,0000;2,7986;163,6109;255,000;-74,998;0,000;1,461;-0,1856;0,0133;-0,0530;0,0000;0,0397;-0,1856;33,4039;-12,3772;12,8215;0,0559;-0,4413;33,3480;12;0
14,7112;-16,3895;42,1352;45,0661;0,0000;2,7987;163,6105;255,000;-75,000;0,000;0,336;-0,0346;-0,1042;0,0252;0,0003;0,0790;-0,0349;16,0048;-31,0116;14,3853;-0,0005;16,6263;16,0053;13;0
14,7170;-16,3895;42,1340;45,0664;0,0000;2,7995;163,6105;255,000;-75,000;0,005;0,859;0,0000;-0,3464;0,1138;-0,0000;0,2326;0,0000;2,9823;-44,9586;15,5526;-0,0280;29,4045;3,0102;13;0
14,7228;-16,3895;42,1312;45,0674;0,0000;2,8014;163,6105;255,000;-75,000;0,017;2,019;-0,0000;-0,6256;0,2055;0,0000;0,4201;-0,0000;-0,0000;-48,1520;15,8149;0,0000;32,3371;-0,0000;13;0
14,7286;-16,3895;42,1268;45,0688;0,0000;2,8044;163,6105;255,000;-75,000;0,035;3,178;-0,0000;-0,9048;0,2972;0,0000;0,6076;-0,0000;-0,0000;-48,1522;15,8068;-0,0000;32,3454;0,0000;13;0
14,7344;-16,3895;42,1207;45,0708;0,0000;2,8084;163,6105;255,000;-75,000;0,060;4,338;-0,0000;-1,1840;0,3889;-0,0000;0,7952;0,0000;0,0000;-48,1524;15,7956;-0,0000;32,3568;0,0000;13;0
14,7402;-16,3895;42,1131;45,0733;0,0000;2,8136;163,6105;255,000;-75,000;0,092;5,498;-0,0000;-1,4633;0,4804;-0,0000;0,9828;0,0000;-0,0000;-48,1527;15,7814;0,0000;32,3713;-0,0000;13;0
14,7460;-16,3895;42,1038;45,0764;0,0000;2,8198;163,6105;255,000;-75,000;0,131;6,658;-0,0000;-1,7425;0,5719;0,0000;1,1706;-0,0000;-0,0000;-48,1530;15,7643;0,0000;32,3887;-0,0000;13;0
14,7518;-16,3895;42,0929;45,0800;0,0000;2,8272;163,6105;255,000;-75,000;0,176;7,817;-0,0000;-2,0217;0,6632;0,0000;1,3585;-0,0000;-0,0000;-48,1534;15,7442;0,0000;32,4092;-0,0000;13;0
14,7576;-16,3895;42,0803;45,0841;0,0000;2,8356;163,6105;255,000;-75,000;0,228;8,977;-0,0000;-2,3009;0,7545;0,0000;1,5465;-0,0000;-0,0000;-48,1538;15,7211;0,0000;32,4327;-0,0000;13;0
14,7634;-16,3895;42,0662;45,0887;0,0000;2,8451;163,6105;255,000;-75,000;0,287;10,137;-0,0000;-2,5802;0,8456;0,0000;1,7346;-0,0000;-0,0000;-48,1543;15,6950;0,0000;32,4593;-0,0000;13;0
14,7692;-16,3895;42,0504;45,0939;0,0000;2,8557;163,6105;255,000;-75,000;0,353;11,296;-0,0000;-2,8594;0,9365;0,0000;1,9229;-0,0000;-0,0000;-48,1548;15,6659;-0,0000;32,4889;0,0000;13;0
14,7750;-16,3895;42,0330;45,0996;0,0000;2,8674;163,6105;255,000;-75,000;0,425;12,456;-0,0000;-3,1386;1,0272;0,0000;2,1114;-0,0000;0,0000;-48,1553;15,6339;-0,0000;32,5215;0,0000;13;0
14,7808;-16,3895;42,0140;45,1058;0,0000;2,8802;163,6105;255,000;-75,000;0,504;13,616;0,0000;-3,4179;1,1178;-0,0000;2,3001;0,0000;0,0000;-48,1559;15,5988;-0,0000;32,5571;0,0000;13;0
14,7866;-16,3895;41,9934;45,1125;0,0000;2,8941;163,6105;255,000;-75,000;0,589;14,776;0,0000;-3,6971;1,2081;-0,0000;2,4890;0,0000;-0,0000;-48,1564;15,5607;0,0000;32,5957;-0,0000;13;0
14,7924;-16,3895;41,9711;45,1198;0,0000;2,9091;163,6105;255,000;-75,000;0,682;15,935;-0,0000;-3,9764;1,2983;0,0000;2,6781;-0,0000;-0,0000;-48,1570;15,5196;0,0000;32,6374;-0,0000;13;0
14,7982;-16,3895;41,9473;45,1276;0,0000;2,9251;163,6105;255,000;-75,000;0,781;17,095;-0,0000;-4,2556;1,3881;0,0000;2,8675;-0,0000;-0,0000;-48,1576;15,4755;-0,0000;32,6821;-0,0000;13;0
14,8040;-16,3895;41,9218;45,1359;0,0000;2,9423;163,6105;255,000;-75,000;0,887;18,255;-0,0000;-4,5349;1,4777;0,0000;3,0571;-0,0000;-0,0000;-48,1582;15,4285;0,0000;32,7297;-0,0000;13;0
14,8098;-16,3895;41,8947;45,1447;0,0000;2,9606;163,6105;255,000;-75,000;0,999;19,415;-0,0000;-4,8141;1,5671;0,0000;3,2470;-0,0000;0,0000;-48,1587;15,3783;-0,0000;32,7804;0,0000;13;0
14,8156;-16,3895;41,8659;45,1541;0,0000;2,9800;163,6105;255,000;-75,000;1,119;20,574;0,0000;-5,0934;1,6561;-0,0000;3,4373;0,0000;0,0000;-48,1593;15,3252;-0,0000;32,8340;0,0000;13;0
14,8214;-16,3895;41,8356;45,1639;0,0000;3,0005;163,6105;255,000;-75,000;1,245;21,734;0,0000;-5,3726;1,7448;-0,0000;3,6278;0,0000;-0,0000;-48,1597;15,2691;0,0000;32,8907;0,0000;13;0
14,8272;-16,3895;41,8036;45,1743;0,0000;3,0220;163,6105;255,000;-75,000;1,378;22,894;0,0000;-5,6519;1,8332;-0,0000;3,8187;0,0000;-0,0000;-48,1602;15,2099;0,0000;32,9503;-0,0000;13;0
14,8330;-16,3895;41,7700;45,1852;0,0000;3,0447;163,6105;255,000;-75,000;1,517;24,054;-0,0000;-5,9312;1,9212;0,0000;4,0100;-0,0000;-0,0000;-48,1606;15,1477;0,0000;33,0129;-0,0000;13;0
14,8388;-16,3895;41,7348;45,1966;0,0000;3,0686;163,6105;255,000;-75,000;1,663;25,213;-0,0000;-6,2104;2,0088;0,0000;4,2016;-0,0000;-0,0000;-48,1609;15,0825;0,0000;33,0784;-0,0000;13;0
14,8446;-16,3895;41,6980;45,2085;0,0000;3,0935;163,6105;255,000;-75,000;1,816;26,373;-0,0000;-6,4897;2,0961;0,0000;4,3936;-0,0000;0,0000;-48,1611;15,0142;-0,0000;33,1469;0,0000;13;0
14,8504;-16,3895;41,6596;45,2209;0,0000;3,1195;163,6105;255,000;-75,000;1,976;27,533;0,0000;-6,7690;2,1830;-0,0000;4,5860;0,0000;0,0000;-48,1612;14,9429;-0,0000;33,2184;0,0000;13;0
14,8562;-16,3895;41,6195;45,2338;0,0000;3,1467;163,6105;255,000;-75,000;2,142;28,692;-0,0000;-7,0482;2,2694;-0,0000;4,7788;0,0000;-0,0000;-48,1612;14,8685;0,0000;33,2927;-0,0000;13;0
14,8620;-16,3895;41,5778;45,2472;0,0000;3,1749;163,6105;255,000;-75,000;2,315;29,852;0,0000;-7,3275;2,3554;-0,0000;4,9721;0,0000;0,0000;-48,1611;14,7911;-0,0000;33,3701;0,0000;13;0
14,8678;-16,3895;41,5345;45,2611;0,0000;3,2043;163,6105;255,000;-75,000;2,495;31,012;0,0000;-7,6068;2,4409;-0,0000;5,1658;0,0000;-0,0000;-48,1608;14,7106;0,0000;33,4503;-0,0000;13;0
14,8736;-16,3895;41,4896;45,2755;0,0000;3,2348;163,6105;255,000;-75,000;2,682;32,172;-0,0000;-7,8861;2,5260;-0,0000;5,3600;-0,0000;-0,0000;-48,1604;14,6270;0,0000;33,5334;-0,0000;13;0
14,8794;-16,3895;41,4431;45,2904;0,0000;3,2665;163,6105;255,000;-75,000;2,875;33,331;-0,0000;-8,1653;2,6106;0,0000;5,5547;-0,0000;-0,0000;-48,1598;14,5403;0,0000;33,6195;-0,0000;13;0
14,8852;-16,3895;41,3949;45,3058;0,0000;3,2993;163,6105;255,000;-75,000;3,075;34,491;-0,0000;-8,4446;2,6946;0,0000;5,7499;-0,0000;-0,0000;-48,1590;14,4506;0,0000;33,7084;-0,0000;13;0
14,8910;-16,3895;41,3451;45,3217;0,0000;3,3332;163,6105;255,000;-75,000;3,282;35,651;-0,0000;-8,7238;2,7782;0,0000;5,9457;-0,0000;0,0000;-48,1580;14,3578;-0,0000;33,8002;-0,0000;13;0
14,8968;-16,3895;41,2937;45,3380;0,0000;3,3682;163,6105;255,000;-75,000;3,495;36,811;-0,0000;-9,0031;2,8611;0,0000;6,1419;-0,0000;0,0000;-48,1567;14,2619;-0,0000;33,8948;0,0000;13;0
14,9026;-16,3895;41,2407;45,3549;0,0000;3,4044;163,6105;255,000;-75,000;3,715;37,970;0,0000;-9,2823;2,9436;-0,0000;6,3388;0,0000;0,0000;-48,1552;14,1628;-0,0000;33,9924;0,0000;13;0
14,9084;-16,3895;41,1861;45,3722;0,0000;3,4417;163,6105;255,000;-75,000;3,942;39,130;0,0000;-9,5616;3,0254;-0,0000;6,5362;0,0000;-0,0000;-48,1534;14,0607;0,0000;34,0927;-0,0000;13;0
14,9142;-16,3895;41,1298;45,3900;-0,0000;3,4802;163,6105;255,000;-75,000;4,176;40,290;-0,0000;-9,8408;3,1066;-0,0000;6,7341;0,0000;-0,0000;-48,1513;13,9555;0,0000;34,1959;-0,0000;13;0
14,9200;-16,3895;41,0720;45,4082;0,0000;3,5198;163,6105;255,000;-75,000;4,416;41,450;-0,0000;-10,1200;3,1872;-0,0000;6,9327;0,0000;0,0000;-48,1489;13,8471;-0,0000;34,3019;0,0000;13;0
14,9258;-16,3895;41,0125;45,4269;-0,0000;3,5606;163,6105;255,000;-75,000;4,663;42,609;0,0000;-10,3992;3,2672;-0,0000;7,1320;0,0000;0,0000;-48,1462;13,7356;-0,0000;34,4106;0,0000;13;0
14,9316;-16,3895;40,9514;45,4461;-0,0000;3,6025;163,6105;255,000;-75,000;4,917;43,769;0,0000;-10,6783;3,3465;-0,0000;7,3318;0,0000;-0,0000;-48,1430;13,6209;0,0000;34,5222;-0,0000;13;0
14,9374;-16,3895;40,8886;45,4657;-0,0000;3,6456;163,6105;255,000;-75,000;5,178;44,929;-0,0000;-10,9575;3,4252;0,0000;7,5323;-0,0000;-0,0000;-48,1395;13,5031;0,0000;34,6365;-0,0000;13;0
14,9432;-16,3895;40,8243;45,4858;-0,0000;3,6899;163,6105;255,000;-75,000;5,445;46,088;-0,0000;-11,2366;3,5031;-0,0000;7,7335;0,0000;-0,0000;-48,1356;13,3821;0,0000;34,7535;-0,0000;13;0
14,9490;-16,3895;40,7583;45,5064;-0,0000;3,7353;163,6105;255,000;-75,000;5,719;47,248;-0,0000;-11,5158;3,5804;0,0000;7,9354;-0,0000;-0,0000;-48,0338;13,2278;0,0000;34,8060;-0,0000;13;0
14,9548;-16,3895;40,6907;45,5273;0,0000;3,7819;163,6105;255,000;-75,000;6,000;48,408;-0,0000;-11,7937;3,6565;0,0000;8,1372;-0,0000;0,0000;-40,4782;10,7730;-0,0000;29,7052;0,0000;13;0
14,9606;-16,3895;40,6215;45,5488;0,0000;3,8297;163,6105;255,000;-75,000;6,287;49,558;0,0000;-11,9852;3,7053;-0,0000;8,2799;0,0000;0,0000;-21,0793;4,6893;-0,0000;16,3899;0,0000;13;0
14,9664;-16,3895;40,5517;45,5703;-0,0000;3,8779;163,6105;255,000;-75,000;6,577;50,000;0,0000;-12,0382;3,7109;-0,0000;8,3272;0,0000;-0,0000;-4,5496;-0,4547;0,0000;5,0043;-0,0000;13;0
14,9722;-16,3895;40,4819;45,5918;-0,0000;3,9263;163,6105;255,000;-75,000;6,867;50,000;0,0000;-12,0380;3,7000;-0,0000;8,3379;0,0000;-0,0000;0,0387;-1,8776;0,0000;1,8388;-0,0000;13;0
14,9780;-16,3895;40,4121;45,6132;-0,0000;3,9746;163,6105;255,000;-75,000;7,157;50,000;0,0000;-12,0377;3,6892;-0,0000;8,3486;0,0000;0,0000;0,0421;-1,8788;-0,0000;1,8367;0,0000;13;0
14,9838;-16,3895;40,3423;45,6346;-0,0000;4,0231;163,6105;255,000;-75,000;7,447;50,000;0,0000;-12,0375;3,6783;-0,0000;8,3592;0,0000;-0,0000;0,0455;-1,8801;0,0000;1,8346;-0,0000;13;0
14,9896;-16,3895;40,2725;45,6559;-0,0000;4,0716;163,6105;255,000;-75,000;7,737;50,000;-0,0000;-12,0372;3,6674;0,0000;8,3698;-0,0000;-0,0000;0,0488;-1,8813;0,0000;1,8325;-0,0000;13;0
14,9954;-16,3895;40,2027;45,6771;-0,0000;4,1202;163,6105;255,000;-75,000;8,026;50,000;-0,0000;-12,0369;3,6564;0,0000;8,3805;-0,0000;0,0000;0,0522;-1,8826;-0,0000;1,8303;0,0000;13;0
15,0012;-16,3895;40,1329;45,6983;0,0000;4,1688;163,6105;255,000;-75,000;8,316;50,000;-0,0000;-12,0366;3,6455;0,0000;8,3911;-0,0000;0,0000;0,0556;-1,8838;-0,0000;1,8282;0,0000;13;0
15,0070;-16,3895;40,0631;45,7194;-0,0000;4,2175;163,6105;255,000;-75,000;8,606;50,000;-0,0000;-12,0363;3,6346;0,0000;8,4017;-0,0000;-0,0000;0,0590;-1,8851;0,0000;1,8260;-0,0000;13;0
15,0128;-16,3895;39,9933;45,7404;0,0000;4,2662;163,6105;255,000;-75,000;8,896;50,000;-0,0000;-12,0359;3,6237;0,0000;8,4122;-0,0000;-0,0000;0,0624;-1,8863;0,0000;1,8239;-0,0000;13;0
15,0186;-16,3895;39,9236;45,7614;0,0000;4,3150;163,6105;255,000;-75,000;9,186;50,000;-0,0000;-12,0355;3,6127;0,0000;8,4228;-0,0000;-0,0000;0,0659;-1,8876;0,0000;1,8217;-0,0000;13;0
15,0244;-16,3895;39,8538;45,7823;0,0000;4,3639;163,6105;255,000;-75,000;9,476;50,000;-0,0000;-12,0351;3,6018;0,0000;8,4334;-0,0000;0,0000;0,0693;-1,8888;-0,0000;1,8195;0,0000;13;0
15,0302;-16,3895;39,7840;45,8032;0,0000;4,4128;163,6105;255,000;-75,000;9,766;50,000;-0,0000;-12,0347;3,5908;0,0000;8,4439;-0,0000;0,0000;0,0728;-1,8901;-0,0000;1,8173;0,0000;13;0
15,0360;-16,3895;39,7142;45,8240;0,0000;4,4618;163,6105;255,000;-75,000;10,056;50,000;0,0000;-12,0343;3,5798;-0,0000;8,4544;0,0000;0,0000;0,0762;-1,8913;-0,0000;1,8151;0,0000;13;0
15,0418;-16,3895;39,6444;45,8447;0,0000;4,5109;163,6105;255,000;-75,000;10,346;50,000;0,0000;-12,0338;3,5689;-0,0000;8,4650;0,0000;-0,0000;0,0797;-1,8925;0,0000;1,8129;-0,0000;13;0
15,0476;-16,3895;39,5746;45,8654;0,0000;4,5600;163,6105;255,000;-75,000;10,636;50,000;0,0000;-12,0334;3,5579;-0,0000;8,4755;0,0000;-0,0000;0,0832;-1,8938;0,0000;1,8106;-0,0000;13;0
15,0534;-16,3895;39,5049;45,8860;0,0000;4,6092;163,6105;255,000;-75,000;10,926;50,000;0,0000;-12,0329;3,5469;-0,0000;8,4860;0,0000;0,0000;0,0867;-1,8950;-0,0000;1,8084;0,0000;13;0
15,0592;-16,3895;39,4351;45,9065;0,0000;4,6584;163,6105;255,000;-75,000;11,216;50,000;0,0000;-12,0324;3,5359;-0,0000;8,4964;0,0000;0,0000;0,0901;-1,8963;-0,0000;1,8061;0,0000;13;0
15,0650;-16,3895;39,3653;45,9270;-0,0000;4,7077;163,6105;255,000;-75,000;11,506;50,000;0,0000;-12,0318;3,5249;-0,0000;8,5069;0,0000;-0,0000;0,0937;-1,8975;0,0000;1,8038;0,0000;13;0
15,0708;-16,3895;39,2955;45,9474;-0,0000;4,7571;163,6105;255,000;-75,000;11,796;50,000;0,0000;-12,0313;3,5139;-0,0000;8,5174;0,0000;-0,0000;0,0972;-1,8987;0,0000;1,8016;-0,0000;13;0
15,0765;-16,3895;39,2258;45,9677;-0,0000;4,8065;163,6105;255,000;-75,000;12,086;50,000;-0,0000;-12,0307;3,5029;0,0000;8,5278;-0,0000;-0,0000;0,1007;-1,9000;0,0000;1,7993;-0,0000;13;0
15,0823;-16,3895;39,1560;45,9880;-0,0000;4,8560;163,6105;255,000;-75,000;12,375;50,000;0,0000;-12,0301;3,4919;-0,0000;8,5382;0,0000;0,0000;0,1042;-1,9012;-0,0000;1,7969;0,0000;13;0
15,0881;-16,3895;39,0863;46,0082;-0,0000;4,9055;163,6105;255,000;-75,000;12,665;50,000;0,0000;-12,0295;3,4809;-0,0000;8,5486;0,0000;-0,0000;0,1078;-1,9024;0,0000;1,7946;-0,0000;13;0
15,0939;-16,3895;39,0165;46,0284;-0,0000;4,9551;163,6105;255,000;-75,000;12,955;50,000;-0,0000;-12,0289;3,4698;0,0000;8,5590;-0,0000;-0,0000;0,1114;-1,9037;0,0000;1,7923;-0,0000;13;0
15,0997;-16,3895;38,9468;46,0485;0,0000;5,0048;163,6105;255,000;-75,000;13,245;50,000;-0,0000;-12,0282;3,4588;0,0000;8,5694;-0,0000;0,0000;0,1149;-1,9049;-0,0000;1,7899;0,0000;13;0
15,1055;-16,3895;38,8770;46,0685;0,0000;5,0545;163,6105;255,000;-75,000;13,535;50,000;-0,0000;-12,0275;3,4477;0,0000;8,5798;-0,0000;0,0000;0,1185;-1,9061;-0,0000;1,7876;0,0000;13;0
15,1113;-16,3895;38,8073;46,0884;0,0000;5,1043;163,6105;255,000;-75,000;13,825;50,000;-0,0000;-12,0268;3,4367;-0,0000;8,5902;0,0000;0,0000;0,1221;-1,9073;-0,0000;1,7852;0,0000;13;0
15,1171;-16,3895;38,7375;46,1083;0,0000;5,1541;163,6105;255,000;-75,000;14,115;50,000;0,0000;-12,0261;3,4256;-0,0000;8,6005;0,0000;0,0000;0,1257;-1,9085;-0,0000;1,7829;0,0000;13;0
15,1229;-16,3895;38,6678;46,1282;-0,0000;5,2040;163,6105;255,000;-75,000;14,405;50,000;0,0000;-12,0254;3,4145;-0,0000;8,6108;0,0000;0,0000;0,1293;-1,9098;-0,0000;1,7805;0,0000;13;0
15,1287;-16,3895;38,5981;46,1479;-0,0000;5,2540;163,6105;255,000;-75,000;14,695;50,000;0,0000;-12,0246;3,4035;-0,0000;8,6212;0,0000;-0,0000;0,1329;-1,9110;0,0000;1,7781;-0,0000;13;0
15,1345;-16,3895;38,5284;46,1676;-0,0000;5,3040;163,6105;255,000;-75,000;14,985;50,000;0,0000;-12,0238;3,3924;-0,0000;8,6315;0,0000;-0,0000;0,1365;-1,9122;0,0000;1,7757;-0,0000;13;0
15,1403;-16,3895;38,4586;46,1873;-0,0000;5,3541;163,6105;255,000;-75,000;15,275;50,000;-0,0000;-12,0230;3,3813;0,0000;8,6417;-0,0000;-0,0000;0,1402;-1,9134;0,0000;1,7732;-0,0000;13;0
15,1461;-16,3895;38,3889;46,2069;-0,0000;5,4042;163,6105;255,000;-75,000;15,565;50,000;-0,0000;-12,0222;3,3702;-0,0000;8,6520;0,0000;-0,0000;0,1438;-1,9146;0,0000;1,7708;-0,0000;13;0
15,1519;-16,3895;38,3192;46,2264;-0,0000;5,4544;163,6105;255,000;-75,000;15,855;50,000;-0,0000;-12,0214;3,3591;0,0000;8,6623;-0,0000;-0,0000;0,1475;-1,9158;0,0000;1,7684;-0,0000;13;0
15,1577;-16,3895;38,2495;46,2458;-0,0000;5,5047;163,6105;255,000;-75,000;16,145;50,000;-0,0000;-12,0205;3,3480;0,0000;8,6725;-0,0000;0,0000;0,1512;-1,9171;-0,0000;1,7659;0,0000;13;0
15,1635;-16,3895;38,1798;46,2652;-0,0000;5,5550;163,6105;255,000;-75,000;16,435;50,000;0,0000;-12,0196;3,3368;-0,0000;8,6828;0,0000;0,0000;0,1548;-1,9183;-0,0000;1,7634;0,0000;13;0
15,1693;-16,3895;38,1101;46,2845;-0,0000;5,6054;163,6105;255,000;-75,000;16,725;50,000;-0,0000;-12,0187;3,3257;-0,0000;8,6930;0,0000;-0,0000;0,1585;-1,9195;0,0000;1,7609;-0,0000;13;0
15,1751;-16,3895;38,0404;46,3038;-0,0000;5,6558;163,6105;255,000;-75,000;17,014;50,000;-0,0000;-12,0178;3,3146;0,0000;8,7032;-0,0000;0,0000;0,1622;-1,9207;-0,0000;1,7584;0,0000;13;0
15,1809;-16,3895;37,9707;46,3230;-0,0000;5,7063;163,6105;255,000;-75,000;17,304;50,000;0,0000;-12,0168;3,3034;-0,0000;8,7134;0,0000;0,0000;0,1659;-1,9219;-0,0000;1,7559;0,0000;13;0
15,1867;-16,3895;37,9011;46,3421;-0,0000;5,7569;163,6105;255,000;-75,000;17,594;50,000;-0,0000;-12,0158;3,2923;-0,0000;8,7235;0,0000;-0,0000;0,1696;-1,9231;0,0000;1,7534;-0,0000;13;0
15,1925;-16,3895;37,8314;46,3611;-0,0000;5,8075;163,6105;255,000;-75,000;17,884;50,000;-0,0000;-12,0148;3,2811;-0,0000;8,7337;0,0000;0,0000;0,1734;-1,9243;-0,0000;1,7509;0,0000;13;0
15,1983;-16,3895;37,7617;46,3801;-0,0000;5,8582;163,6105;255,000;-75,000;18,174;50,000;0,0000;-12,0138;3,2700;-0,0000;8,7439;0,0000;-0,0000;0,1771;-1,9255;0,0000;1,7484;-0,0000;13;0
15,2041;-16,3895;37,6921;46,3991;-0,0000;5,9089;163,6105;255,000;-75,000;18,464;50,000;-0,0000;-12,0128;3,2588;0,0000;8,7540;-0,0000;-0,0000;0,1809;-1,9267;0,0000;1,7458;-0,0000;13;0
15,2099;-16,3895;37,6224;46,4179;-0,0000;5,9597;163,6105;255,000;-75,000;18,754;50,000;-0,0000;-12,0117;3,2476;0,0000;8,7641;-0,0000;-0,0000;0,1846;-1,9279;0,0000;1,7433;-0,0000;13;0
15,2157;-16,3895;37,5527;46,4367;-0,0000;6,0105;163,6105;255,000;-75,000;19,044;50,000;-0,0000;-12,0107;3,2365;0,0000;8,7742;-0,0000;-0,0000;0,1884;-1,9290;0,0000;1,7407;-0,0000;13;0
15,2215;-16,3895;37,4831;46,4555;-0,0000;6,0614;163,6105;255,000;-75,000;19,334;50,000;-0,0000;-12,0096;3,2253;0,0000;8,7843;-0,0000;0,0000;0,1921;-1,9302;-0,0000;1,7381;0,0000;13;0
15,2273;-16,3895;37,4135;46,4741;-0,0000;6,1124;163,6105;255,000;-75,000;19,624;50,000;-0,0000;-12,0084;3,2141;-0,0000;8,7944;0,0000;0,0000;0,1959;-1,9314;-0,0000;1,7355;0,0000;13;0
15,2331;-16,3895;37,3438;46,4927;-0,0000;6,1634;163,6105;255,000;-75,000;19,914;50,000;-0,0000;-12,0073;3,2029;0,0000;8,8044;-0,0000;-0,0000;0,1997;-1,9326;0,0000;1,7329;-0,0000;13;0
15,2389;-16,3895;37,2742;46,5113;0,0000;6,2145;163,6105;255,000;-75,000;20,204;50,000;-0,0000;-12,0061;3,1917;0,0000;8,8145;-0,0000;-0,0000;0,2035;-1,9338;0,0000;1,7303;-0,0000;13;0
15,2447;-16,3895;37,2046;46,5298;0,0000;6,2657;163,6105;255,000;-75,000;20,494;50,000;-0,0000;-12,0049;3,1804;0,0000;8,8245;-0,0000;0,0000;0,2073;-1,9350;-0,0000;1,7276;0,0000;13;0
15,2505;-16,3895;37,1350;46,5482;0,0000;6,3168;163,6105;255,000;-75,000;20,784;50,000;-0,0000;-12,0037;3,1692;-0,0000;8,8345;0,0000;0,0000;0,2112;-1,9361;-0,0000;1,7250;0,0000;13;0
15,2563;-16,3895;37,0654;46,5665;0,0000;6,3681;163,6105;255,000;-75,000;21,074;50,000;-0,0000;-12,0025;3,1580;-0,0000;8,8445;0,0000;0,0000;0,2150;-1,9373;-0,0000;1,7223;0,0000;13;0
15,2621;-16,3895;36,9958;46,5848;0,0000;6,4194;163,6105;255,000;-75,000;21,363;50,000;0,0000;-12,0012;3,1467;-0,0000;8,8545;0,0000;0,0000;0,2188;-1,9385;-0,0000;1,7197;-0,0000;13;0
15,2679;-16,3895;36,9262;46,6030;-0,0000;6,4708;163,6105;255,000;-75,000;21,653;50,000;-0,0000;-11,9999;3,1355;-0,0000;8,8644;-0,0000;-0,0000;0,2227;-1,9397;0,0000;1,7170;-0,0000;13;0
15,2737;-16,3895;36,8566;46,6211;0,0000;6,5222;163,6105;255,000;-75,000;21,943;50,000;-0,0000;-11,9986;3,1243;0,0000;8,8744;0,0000;0,0000;0,2265;-1,9408;-0,0000;1,7143;0,0000;13;0
15,2795;-16,3895;36,7871;46,6392;0,0000;6,5737;163,6105;255,000;-75,000;22,233;50,000;0,0000;-11,9973;3,1130;-0,0000;8,8843;0,0000;0,0000;0,2304;-1,9420;-0,0000;1,7116;0,0000;13;0
15,2853;-16,3895;36,7175;46,6573;-0,0000;6,6253;163,6105;255,000;-75,000;22,523;50,000;0,0000;-11,9960;3,1017;-0,0000;8,8942;0,0000;-0,0000;0,2343;-1,9432;0,0000;1,7089;-0,0000;13;0
15,2911;-16,3895;36,6479;46,6752;-0,0000;6,6769;163,6105;255,000;-75,000;22,813;50,000;-0,0000;-11,9946;3,0905;0,0000;8,9041;-0,0000;-0,0000;0,2382;-1,9443;0,0000;1,7062;-0,0000;13;0
15,2969;-16,3895;36,5784;46,6931;-0,0000;6,7285;163,6105;255,000;-75,000;23,103;50,000;-0,0000;-11,9932;3,0792;0,0000;8,9140;-0,0000;0,0000;0,2420;-1,9455;-0,0000;1,7034;0,0000;13;0
15,3027;-16,3895;36,5088;46,7109;-0,0000;6,7802;163,6105;255,000;-75,000;23,393;50,000;0,0000;-11,9918;3,0679;-0,0000;8,9239;0,0000;0,0000;0,2459;-1,9466;-0,0000;1,7007;0,0000;13;0
15,3085;-16,3895;36,4393;46,7287;-0,0000;6,8320;163,6105;255,000;-75,000;23,683;50,000;0,0000;-11,9903;3,0566;-0,0000;8,9337;0,0000;-0,0000;0,2499;-1,9478;0,0000;1,6979;-0,0000;13;0
15,3143;-16,3895;36,3698;46,7464;-0,0000;6,8839;163,6105;255,000;-75,000;23,973;50,000;-0,0000;-11,9889;3,0453;0,0000;8,9436;-0,0000;-0,0000;0,2538;-1,9490;0,0000;1,6952;-0,0000;13;0
15,3201;-16,3895;36,3003;46,7640;-0,0000;6,9357;163,6105;255,000;-75,000;24,263;50,000;-0,0000;-11,9874;3,0340;0,0000;8,9534;-0,0000;0,0000;0,2577;-1,9501;-0,0000;1,6924;0,0000;13;0
15,3259;-16,3895;36,2308;46,7815;-0,0000;6,9877;163,6105;255,000;-75,000;24,553;50,000;0,0000;-11,9859;3,0227;-0,0000;8,9632;0,0000;0,0000;0,2616;-1,9513;-0,0000;1,6896;0,0000;13;0
15,3317;-16,3895;36,1613;46,7990;-0,0000;7,0397;163,6105;255,000;-75,000;24,843;50,000;0,0000;-11,9844;3,0114;-0,0000;8,9730;0,0000;-0,0000;0,2656;-1,9524;0,0000;1,6868;-0,0000;13;0
15,3375;-16,3895;36,0918;46,8165;-0,0000;7,0917;163,6105;255,000;-75,000;25,133;50,000;-0,0000;-11,9828;3,0000;0,0000;8,9828;-0,0000;-0,0000;0,2696;-1,9535;0,0000;1,6840;-0,0000;13;0
15,3433;-16,3895;36,0223;46,8338;-0,0000;7,1439;163,6105;255,000;-75,000;25,423;50,000;-0,0000;-11,9812;2,9887;0,0000;8,9925;-0,0000;-0,0000;0,2735;-1,9547;0,0000;1,6812;-0,0000;13;0
15,3491;-16,3895;35,9528;46,8511;-0,0000;7,1960;163,6105;255,000;-75,000;25,712;50,000;-0,0000;-11,9796;2,9774;0,0000;9,0023;-0,0000;0,0000;0,2775;-1,9558;-0,0000;1,6783;-0,0000;13;0
15,3549;-16,3895;35,8834;46,8684;-0,0000;7,2483;163,6105;255,000;-75,000;26,002;50,000;-0,0000;-11,9780;2,9660;0,0000;9,0120;-0,0000;0,0000;0,2815;-1,9570;-0,0000;1,6755;0,0000;13;0
15,3607;-16,3895;35,8139;46,8855;-0,0000;7,3006;163,6105;255,000;-75,000;26,292;50,000;0,0000;-11,9764;2,9547;-0,0000;9,0217;0,0000;0,0000;0,2855;-1,9581;-0,0000;1,6726;0,0000;13;0
15,3665;-16,3895;35,7445;46,9026;-0,0000;7,3529;163,6105;255,000;-75,000;26,582;50,000;-0,0000;-11,9747;2,9433;-0,0000;9,0314;0,0000;-0,0000;0,2895;-1,9592;0,0000;1,6698;-0,0000;13;0
15,3723;-16,3895;35,6750;46,9197;-0,0000;7,4053;163,6105;255,000;-75,000;26,872;50,000;-0,0000;-11,9730;2,9320;0,0000;9,0411;-0,0000;-0,0000;0,2935;-1,9603;0,0000;1,6669;-0,0000;13;0
15,3781;-16,3895;35,6056;46,9366;-0,0000;7,4577;163,6105;255,000;-75,000;27,162;50,000;-0,0000;-11,9713;2,9206;0,0000;9,0507;-0,0000;0,0000;0,2975;-1,9615;-0,0000;1,6640;0,0000;13;0
15,3839;-16,3895;35,5362;46,9535;-0,0000;7,5103;163,6105;255,000;-75,000;27,452;50,000;-0,0000;-11,9696;2,9092;-0,0000;9,0604;0,0000;0,0000;0,3015;-1,9626;-0,0000;1,6611;0,0000;13;0
15,3897;-16,3895;35,4668;46,9704;-0,0000;7,5628;163,6105;255,000;-75,000;27,742;50,000;0,0000;-11,9678;2,8978;-0,0000;9,0700;0,0000;0,0000;0,3055;-1,9637;-0,0000;1,6582;0,0000;13;0
15,3955;-16,3895;35,3974;46,9871;-0,0000;7,6154;163,6105;255,000;-75,000;28,032;50,000;0,0000;-11,9660;2,8864;-0,0000;9,0796;0,0000;-0,0000;0,3096;-1,9648;0,0000;1,6553;-0,0000;13;0
15,4013;-16,3895;35,3280;47,0039;-0,0000;7,6681;163,6105;255,000;-75,000;28,322;50,000;-0,0000;-11,9642;2,8750;-0,0000;9,0892;0,0000;-0,0000;0,3136;-1,9659;0,0000;1,6523;-0,0000;13;0
15,4071;-16,3895;35,2587;47,0205;-0,0000;7,7209;163,6105;255,000;-75,000;28,612;50,000;0,0000;-11,9624;2,8636;-0,0000;9,0987;0,0000;-0,0000;0,3177;-1,9671;0,0000;1,6494;-0,0000;13;0
15,4129;-16,3895;35,1893;47,0371;-0,0000;7,7736;163,6105;255,000;-75,000;28,902;50,000;-0,0000;-11,9605;2,8522;0,0000;9,1083;-0,0000;-0,0000;0,3218;-1,9682;0,0000;1,6464;-0,0000;13;0
15,4187;-16,3895;35,1199;47,0536;-0,0000;7,8265;163,6105;255,000;-75,000;29,192;50,000;-0,0000;-11,9587;2,8408;-0,0000;9,1178;0,0000;-0,0000;0,3258;-1,9693;0,0000;1,6435;-0,0000;13;0
15,4245;-16,3895;35,0506;47,0700;-0,0000;7,8794;163,6105;255,000;-75,000;29,482;50,000;-0,0000;-11,9568;2,8294;0,0000;9,1274;-0,0000;-0,0000;0,3299;-1,9704;0,0000;1,6405;-0,0000;13;0
15,4303;-16,3895;34,9813;47,0864;-0,0000;7,9323;163,6105;255,000;-75,000;29,772;50,000;-0,0000;-11,9548;2,8180;0,0000;9,1369;-0,0000;0,0000;0,3340;-1,9715;-0,0000;1,6375;0,0000;13;0
15,4361;-16,3895;34,9120;47,1027;0,0000;7,9854;163,6105;255,000;-75,000;30,061;50,000;0,0000;-11,9529;2,8065;-0,0000;9,1464;0,0000;0,0000;0,3381;-1,9726;-0,0000;1,6345;0,0000;13;0
15,4419;-16,3895;34,8427;47,1189;-0,0000;8,0384;163,6105;255,000;-75,000;30,351;50,000;0,0000;-11,9509;2,7951;-0,0000;9,1558;0,0000;-0,0000;0,3422;-1,9737;0,0000;1,6315;-0,0000;13;0
15,4477;-16,3895;34,7734;47,1351;-0,0000;8,0915;163,6105;255,000;-75,000;30,641;50,000;-0,0000;-11,9489;2,7836;0,0000;9,1653;-0,0000;-0,0000;0,3463;-1,9748;0,0000;1,6284;-0,0000;13;0
15,4535;-16,3895;34,7041;47,1512;0,0000;8,1447;163,6105;255,000;-75,000;30,931;50,000;-0,0000;-11,9469;2,7722;0,0000;9,1747;-0,0000;0,0000;0,3504;-1,9759;-0,0000;1,6254;0,0000;13;0
15,4593;-16,3895;34,6348;47,1673;0,0000;8,1979;163,6105;255,000;-75,000;31,221;50,000;0,0000;-11,9449;2,7607;-0,0000;9,1841;0,0000;0,0000;0,3546;-1,9769;-0,0000;1,6224;0,0000;13;0
15,4651;-16,3895;34,5656;47,1832;-0,0000;8,2512;163,6105;255,000;-75,000;31,511;50,000;0,0000;-11,9428;2,7493;-0,0000;9,1935;0,0000;-0,0000;0,3587;-1,9780;0,0000;1,6193;-0,0000;13;0
15,4709;-16,3895;34,4963;47,1991;-0,0000;8,3046;163,6105;255,000;-75,000;31,801;50,000;-0,0000;-11,9407;2,7378;0,0000;9,2029;-0,0000;-0,0000;0,3629;-1,9791;0,0000;1,6163;-0,0000;13;0
15,4767;-16,3895;34,4271;47,2150;-0,0000;8,3579;163,6105;255,000;-75,000;32,091;50,000;-0,0000;-11,9386;2,7263;0,0000;9,2123;-0,0000;0,0000;0,3670;-1,9802;-0,0000;1,6132;0,0000;13;0
15,4825;-16,3895;34,3579;47,2308;0,0000;8,4114;163,6105;255,000;-75,000;32,381;50,000;-0,0000;-11,9364;2,7148;0,0000;9,2216;-0,0000;0,0000;0,3712;-1,9813;-0,0000;1,6101;0,0000;13;0
15,4883;-16,3895;34,2886;47,2465;0,0000;8,4649;163,6105;255,000;-75,000;32,671;50,000;0,0000;-11,9343;2,7033;-0,0000;9,2309;0,0000;0,0000;0,3753;-1,9823;-0,0000;1,6070;-0,0000;13;0
15,4941;-16,3895;34,2194;47,2621;0,0000;8,5184;163,6105;255,000;-75,000;32,961;50,000;-0,0000;-11,9321;2,6918;0,0000;9,2403;-0,0000;-0,0000;0,3795;-1,9834;0,0000;1,6039;-0,0000;13;0
15,4999;-16,3895;34,1503;47,2777;0,0000;8,5721;163,6105;255,000;-75,000;33,251;50,000;-0,0000;-11,9299;2,6803;0,0000;9,2495;-0,0000;0,0000;0,3837;-1,9845;-0,0000;1,6008;0,0000;13;0
15,5057;-16,3895;34,0811;47,2932;0,0000;8,6257;163,6105;255,000;-75,000;33,541;50,000;-0,0000;-11,9276;2,6688;0,0000;9,2588;-0,0000;0,0000;0,3879;-1,9855;-0,0000;1,5976;0,0000;13;0
15,5115;-16,3895;34,0119;47,3086;0,0000;8,6794;163,6105;255,000;-75,000;33,831;50,000;0,0000;-11,9254;2,6573;-0,0000;9,2681;0,0000;0,0000;0,3921;-1,9866;-0,0000;1,5945;0,0000;13;0
15,5172;-16,3895;33,9428;47,3240;-0,0000;8,7332;163,6105;255,000;-75,000;34,121;50,000;0,0000;-11,9231;2,6458;-0,0000;9,2773;0,0000;-0,0000;0,3963;-1,9876;0,0000;1,5913;-0,0000;13;0
15,5230;-16,3895;33,8737;47,3393;0,0000;8,7870;163,6105;255,000;-75,000;34,410;50,000;-0,0000;-11,9208;2,6342;0,0000;9,2865;-0,0000;-0,0000;0,4005;-1,9887;0,0000;1,5882;-0,0000;13;0
15,5288;-16,3895;33,8045;47,3546;0,0000;8,8409;163,6105;255,000;-75,000;34,700;50,000;-0,0000;-11,9184;2,6227;-0,0000;9,2957;0,0000;0,0000;0,4048;-1,9898;-0,0000;1,5850;0,0000;13;0
15,5346;-16,3895;33,7354;47,3697;-0,0000;8,8948;163,6105;255,000;-75,000;34,990;50,000;-0,0000;-11,9161;2,6112;-0,0000;9,3049;0,0000;-0,0000;0,4090;-1,9908;0,0000;1,5818;-0,0000;13;0
15,5404;-16,3895;33,6663;47,3848;0,0000;8,9488;163,6105;255,000;-75,000;35,280;50,000;-0,0000;-11,9137;2,5996;-0,0000;9,3141;-0,0000;0,0000;0,4132;-1,9918;-0,0000;1,5786;0,0000;13;0
15,5462;-16,3895;33,5973;47,3999;-0,0000;9,0029;163,6105;255,000;-75,000;35,570;50,000;0,0000;-11,9113;2,5881;-0,0000;9,3232;0,0000;0,0000;0,4175;-1,9929;-0,0000;1,5754;0,0000;13;0
15,5520;-16,3895;33,5282;47,4149;-0,0000;9,0569;163,6105;255,000;-75,000;35,860;50,000;-0,0000;-11,9089;2,5765;-0,0000;9,3323;0,0000;-0,0000;0,4217;-1,9939;0,0000;1,5722;-0,0000;13;0
15,5578;-16,3895;33,4592;47,4298;-0,0000;9,1111;163,6105;255,000;-75,000;36,150;50,000;-0,0000;-11,9064;2,5649;0,0000;9,3414;-0,0000;0,0000;0,4260;-1,9950;-0,0000;1,5690;-0,0000;13;0
15,5636;-16,3895;33,3901;47,4446;0,0000;9,1653;163,6105;255,000;-75,000;36,440;50,000;-0,0000;-11,9039;2,5534;-0,0000;9,3505;0,0000;0,0000;0,4302;-1,9960;-0,0000;1,5658;0,0000;13;0
15,5694;-16,3895;33,3211;47,4594;-0,0000;9,2195;163,6105;255,000;-75,000;36,730;50,000;0,0000;-11,9014;2,5418;-0,0000;9,3596;0,0000;0,0000;0,4345;-1,9970;-0,0000;1,5625;0,0000;13;0
15,5752;-16,3895;33,2521;47,4741;-0,0000;9,2738;163,6105;255,000;-75,000;37,020;50,000;0,0000;-11,8989;2,5302;-0,0000;9,3687;0,0000;-0,0000;0,4388;-1,9980;0,0000;1,5593;-0,0000;13;0
15,5810;-16,3895;33,1831;47,4887;-0,0000;9,3282;163,6105;255,000;-75,000;37,310;50,000;-0,0000;-11,8963;2,5186;-0,0000;9,3777;0,0000;-0,0000;0,4431;-1,9991;0,0000;1,5560;-0,0000;13;0
15,5868;-16,3895;33,1141;47,5033;-0,0000;9,3826;163,6105;255,000;-75,000;37,600;50,000;-0,0000;-11,8937;2,5070;0,0000;9,3867;-0,0000;-0,0000;0,4474;-2,0001;0,0000;1,5527;-0,0000;13;0
15,5926;-16,3895;33,0452;47,5178;-0,0000;9,4370;163,6105;255,000;-75,000;37,890;50,000;-0,0000;-11,8911;2,4954;0,0000;9,3957;-0,0000;-0,0000;0,4517;-2,0011;0,0000;1,5494;-0,0000;13;0
15,5984;-16,3895;32,9762;47,5322;0,0000;9,4915;163,6105;255,000;-75,000;38,180;50,000;-0,0000;-11,8885;2,4838;0,0000;9,4047;-0,0000;0,0000;0,4560;-2,0021;-0,0000;1,5461;0,0000;13;0
15,6042;-16,3895;32,9073;47,5466;0,0000;9,5461;163,6105;255,000;-75,000;38,470;50,000;-0,0000;-11,8858;2,4722;0,0000;9,4136;-0,0000;0,0000;0,4603;-2,0031;-0,0000;1,5428;0,0000;13;0
15,6100;-16,3895;32,8384;47,5609;0,0000;9,6007;163,6105;255,000;-75,000;38,759;50,000;0,0000;-11,8832;2,4606;-0,0000;9,4226;0,0000;0,0000;0,4646;-2,0041;-0,0000;1,5395;0,0000;13;0
15,6158;-16,3895;32,7695;47,5751;0,0000;9,6554;163,6105;255,000;-75,000;39,049;50,000;0,0000;-11,8805;2,4490;-0,0000;9,4315;0,0000;0,0000;0,4690;-2,0051;-0,0000;1,5362;-0,0000;13;0
15,6216;-16,3895;32,7006;47,5893;-0,0000;9,7101;163,6105;255,000;-75,000;39,339;50,000;0,0000;-11,8777;2,4373;-0,0000;9,4404;0,0000;-0,0000;0,4733;-2,0061;0,0000;1,5328;-0,0000;13;0
15,6274;-16,3895;32,6317;47,6034;0,0000;9,7649;163,6105;255,000;-75,000;39,629;50,000;0,0000;-11,8750;2,4257;-0,0000;9,4493;-0,0000;0,0000;0,4776;-2,0071;-0,0000;1,5295;0,0000;13;0
15,6332;-16,3895;32,5629;47,6174;-0,0000;9,8197;163,6105;255,000;-75,000;39,919;50,000;0,0000;-11,8722;2,4141;-0,0000;9,4581;0,0000;-0,0000;0,4820;-2,0081;0,0000;1,5261;0,0000;13;0
15,6390;-16,3895;32,4940;47,6314;-0,0000;9,8746;163,6105;255,000;-75,000;40,209;50,000;0,0000;-11,8694;2,4024;-0,0000;9,4670;0,0000;-0,0000;0,4863;-2,0091;0,0000;1,5228;-0,0000;13;0
15,6448;-16,3895;32,4252;47,6453;-0,0000;9,9295;163,6105;255,000;-75,000;40,499;50,000;-0,0000;-11,8665;2,3908;0,0000;9,4758;-0,0000;-0,0000;0,4907;-2,0101;0,0000;1,5194;-0,0000;13;0
15,6506;-16,3895;32,3564;47,6591;-0,0000;9,9844;163,6105;255,000;-75,000;40,789;50,000;-0,0000;-11,8637;2,3791;0,0000;9,4846;-0,0000;0,0000;0,4951;-2,0111;-0,0000;1,5160;0,0000;13;0
15,6564;-16,3895;32,2876;47,6729;-0,0000;10,0395;163,6105;255,000;-75,000;41,079;50,000;-0,0000;-11,8608;2,3674;0,0000;9,4934;0,0000;0,0000;0,4994;-2,0120;-0,0000;1,5126;0,0000;13;0
15,6622;-16,3895;32,2189;47,6866;-0,0000;10,0945;163,6105;255,000;-75,000;41,369;50,000;-0,0000;-11,8579;2,3558;-0,0000;9,5021;0,0000;-0,0000;0,5038;-2,0130;0,0000;1,5092;-0,0000;13;0
15,6680;-16,3895;32,1501;47,7002;-0,0000;10,1497;163,6105;255,000;-75,000;41,659;50,000;-0,0000;-11,8550;2,3441;0,0000;9,5109;-0,0000;-0,0000;0,5082;-2,0140;0,0000;1,5058;-0,0000;13;0
15,6738;-16,3895;32,0814;47,7138;0,0000;10,2048;163,6105;255,000;-75,000;41,949;50,000;-0,0000;-11,8520;2,3324;0,0000;9,5196;-0,0000;0,0000;0,5126;-2,0149;-0,0000;1,5023;0,0000;13;0
15,6796;-16,3895;32,0127;47,7273;0,0000;10,2601;163,6105;255,000;-75,000;42,239;50,000;-0,0000;-11,8490;2,3207;0,0000;9,5283;-0,0000;0,0000;0,5170;-2,0159;-0,0000;1,4989;0,0000;13;0
15,6854;-16,3895;31,9440;47,7407;0,0000;10,3153;163,6105;255,000;-75,000;42,529;50,000;0,0000;-11,8460;2,3090;-0,0000;9,5370;0,0000;0,0000;0,5214;-2,0169;-0,0000;1,4955;0,0000;13;0
15,6912;-16,3895;31,8753;47,7540;-0,0000;10,3707;163,6105;255,000;-75,000;42,819;50,000;0,0000;-11,8430;2,2973;-0,0000;9,5456;0,0000;-0,0000;0,5258;-2,0178;0,0000;1,4920;-0,0000;13;0
15,6970;-16,3895;31,8066;47,7673;-0,0000;10,4261;163,6105;255,000;-75,000;43,108;50,000;-0,0000;-11,8399;2,2856;-0,0000;9,5543;-0,0000;-0,0000;0,5302;-2,0188;0,0000;1,4885;-0,0000;13;0
15,7028;-16,3895;31,7380;47,7805;-0,0000;10,4815;163,6105;255,000;-75,000;43,398;50,000;-0,0000;-11,8368;2,2739;0,0000;9,5629;-0,0000;-0,0000;4,2012;-2,7172;0,0000;-1,4840;-0,0000;13;0
15,7086;-16,3895;31,6693;47,7937;-0,0000;10,5370;163,6105;255,000;-75,000;43,688;50,000;-0,0000;-11,7912;2,2541;0,0000;9,5371;-0,0000;0,0000;19,4301;-5,5968;-0,0000;-13,8333;0,0000;13;0
15,7144;-16,3895;31,6012;47,8067;-0,0000;10,5921;163,6105;255,000;-75,000;43,976;49,641;0,0000;-11,6115;2,2090;-0,0000;9,4025;0,0000;0,0000;39,1424;-9,2796;-0,0000;-29,8627;0,0000;13;0
15,7202;-16,3895;31,5347;47,8193;-0,0000;10,6460;163,6105;255,000;-75,000;44,257;48,507;0,0000;-11,3372;2,1465;-0,0000;9,1907;0,0000;0,0000;47,5458;-10,7650;-0,0000;-36,7809;0,0000;13;0
15,7260;-16,3895;31,4697;47,8316;-0,0000;10,6987;163,6105;255,000;-75,000;44,532;47,347;0,0000;-11,0601;2,0842;-0,0000;8,9759;0,0000;0,0000;47,7811;-10,6836;-0,0000;-37,0974;-0,0000;13;0
15,7318;-16,3895;31,4064;47,8435;-0,0000;10,7501;163,6105;255,000;-75,000;44,800;46,188;0,0000;-10,7831;2,0226;-0,0000;8,7605;0,0000;-0,0000;47,7490;-10,5543;0,0000;-37,1947;-0,0000;13;0
15,7376;-16,3895;31,3447;47,8550;-0,0000;10,8003;163,6105;255,000;-75,000;45,061;45,028;-0,0000;-10,5063;1,9618;-0,0000;8,5445;0,0000;-0,0000;47,7173;-10,4281;0,0000;-37,2892;-0,0000;13;0
15,7434;-16,3895;31,2846;47,8662;-0,0000;10,8492;163,6105;255,000;-75,000;45,315;43,868;-0,0000;-10,2297;1,9017;-0,0000;8,3280;0,0000;0,0000;47,6860;-10,3051;0,0000;-37,3809;-0,0000;13;0
15,7492;-16,3895;31,2261;47,8771;-0,0000;10,8969;163,6105;255,000;-75,000;45,563;42,708;-0,0000;-9,9533;1,8423;-0,0000;8,1110;0,0000;-0,0000;47,6551;-10,1852;0,0000;-37,4699;-0,0000;13;0
15,7550;-16,3895;31,1691;47,8876;-0,0000;10,9433;163,6105;255,000;-75,000;45,804;41,549;-0,0000;-9,6770;1,7835;0,0000;7,8935;-0,0000;-0,0000;47,6248;-10,0685;0,0000;-37,5562;-0,0000;13;0
15,7608;-16,3895;31,1138;47,8978;0,0000;10,9884;163,6105;255,000;-75,000;46,038;40,389;-0,0000;-9,4010;1,7255;0,0000;7,6755;-0,0000;0,0000;47,5949;-9,9550;-0,0000;-37,6399;0,0000;13;0
15,7666;-16,3895;31,0601;47,9076;-0,0000;11,0323;163,6105;255,000;-75,000;46,266;39,229;0,0000;-9,1251;1,6681;-0,0000;7,4570;0,0000;0,0000;47,5656;-9,8447;-0,0000;-37,7209;0,0000;13;0
15,7724;-16,3895;31,0080;47,9171;-0,0000;11,0749;163,6105;255,000;-75,000;46,486;38,069;0,0000;-8,8493;1,6113;-0,0000;7,2380;0,0000;-0,0000;47,5368;-9,7376;0,0000;-37,7992;-0,0000;13;0
15,7782;-16,3895;30,9575;47,9263;-0,0000;11,1162;163,6105;255,000;-75,000;46,700;36,910;-0,0000;-8,5738;1,5552;0,0000;7,0186;0,0000;-0,0000;47,5086;-9,6337;0,0000;-37,8749;-0,0000;13;0
15,7840;-16,3895;30,9086;47,9352;-0,0000;11,1563;163,6105;255,000;-75,000;46,908;35,750;-0,0000;-8,2984;1,4996;-0,0000;6,7988;0,0000;0,0000;47,4811;-9,5330;-0,0000;-37,9481;-0,0000;13;0
15,7898;-16,3895;30,8612;47,9437;-0,0000;11,1951;163,6105;255,000;-75,000;47,108;34,590;-0,0000;-8,0231;1,4446;-0,0000;6,5785;0,0000;-0,0000;47,4542;-9,4355;0,0000;-38,0187;-0,0000;13;0
15,7956;-16,3895;30,8155;47,9519;-0,0000;11,2326;163,6105;255,000;-75,000;47,302;33,431;-0,0000;-7,7480;1,3902;0,0000;6,3578;-0,0000;-0,0000;47,4279;-9,3413;0,0000;-38,0867;-0,0000;13;0
15,8014;-16,3895;30,7714;47,9598;-0,0000;11,2688;163,6105;255,000;-75,000;47,489;32,271;-0,0000;-7,4731;1,3363;0,0000;6,1368;-0,0000;-0,0000;47,4024;-9,2502;0,0000;-38,1521;-0,0000;13;0
15,8072;-16,3895;30,7289;47,9674;-0,0000;11,3037;163,6105;255,000;-75,000;47,670;31,111;-0,0000;-7,1983;1,2829;0,0000;5,9154;-0,0000;-0,0000;47,3775;-9,1624;0,0000;-38,2151;-0,0000;13;0
15,8130;-16,3895;30,6879;47,9747;0,0000;11,3374;163,6105;255,000;-75,000;47,843;29,951;-0,0000;-6,9236;1,2300;0,0000;5,6936;-0,0000;0,0000;47,3534;-9,0779;-0,0000;-38,2756;0,0000;13;0
15,8188;-16,3895;30,6486;47,9817;0,0000;11,3698;163,6105;255,000;-75,000;48,010;28,792;-0,0000;-6,6491;1,1776;0,0000;5,4715;-0,0000;0,0000;47,3301;-8,9965;-0,0000;-38,3335;0,0000;13;0
15,8246;-16,3895;30,6108;47,9883;0,0000;11,4009;163,6105;255,000;-75,000;48,170;27,632;-0,0000;-6,3747;1,1257;0,0000;5,2490;-0,0000;0,0000;47,3075;-8,9184;-0,0000;-38,3890;0,0000;13;0
15,8304;-16,3895;30,5746;47,9947;0,0000;11,4306;163,6105;255,000;-75,000;48,324;26,472;-0,0000;-6,1005;1,0742;-0,0000;5,0263;0,0000;0,0000;47,2857;-8,8436;-0,0000;-38,4421;0,0000;13;0
15,8362;-16,3895;30,5400;48,0008;0,0000;11,4591;163,6105;255,000;-75,000;48,471;25,312;0,0000;-5,8263;1,0231;-0,0000;4,8032;0,0000;0,0000;47,2648;-8,7720;-0,0000;-38,4927;-0,0000;13;0
15,8420;-16,3895;30,5071;48,0066;-0,0000;11,4864;163,6105;255,000;-75,000;48,611;24,153;0,0000;-5,5523;0,9724;-0,0000;4,5799;0,0000;-0,0000;47,2446;-8,7037;0,0000;-38,5410;-0,0000;13;0
15,8478;-16,3895;30,4757;48,0121;-0,0000;11,5123;163,6105;255,000;-75,000;48,744;22,993;-0,0000;-5,2784;0,9222;-0,0000;4,3562;-0,0000;-0,0000;47,2254;-8,6386;0,0000;-38,5868;-0,0000;13;0
15,8536;-16,3895;30,4458;48,0173;-0,0000;11,5369;163,6105;255,000;-75,000;48,871;21,833;-0,0000;-5,0046;0,8723;0,0000;4,1324;-0,0000;-0,0000;47,2070;-8,5768;0,0000;-38,6302;-0,0000;13;0
15,8594;-16,3895;30,4176;48,0222;0,0000;11,5602;163,6105;255,000;-75,000;48,991;20,673;-0,0000;-4,7309;0,8227;0,0000;3,9082;-0,0000;0,0000;47,1894;-8,5182;-0,0000;-38,6712;0,0000;13;0
15,8652;-16,3895;30,3910;48,0268;0,0000;11,5822;163,6105;255,000;-75,000;49,104;19,514;0,0000;-4,4573;0,7735;-0,0000;3,6839;0,0000;0,0000;47,1728;-8,4630;-0,0000;-38,7099;0,0000;13;0
15,8710;-16,3895;30,3659;48,0312;-0,0000;11,6029;163,6105;255,000;-75,000;49,210;18,354;0,0000;-4,1839;0,7246;-0,0000;3,4593;0,0000;-0,0000;47,1571;-8,4110;0,0000;-38,7462;-0,0000;13;0
15,8768;-16,3895;30,3425;48,0352;0,0000;11,6223;163,6105;255,000;-75,000;49,310;17,194;-0,0000;-3,9104;0,6759;-0,0000;3,2345;-0,0000;-0,0000;47,1423;-8,3622;0,0000;-38,7801;-0,0000;13;0
15,8826;-16,3895;30,3206;48,0390;-0,0000;11,6404;163,6105;255,000;-75,000;49,403;16,035;-0,0000;-3,6371;0,6276;-0,0000;3,0096;-0,0000;-0,0000;47,1285;-8,3168;0,0000;-38,8117;-0,0000;13;0
15,8884;-16,3895;30,3003;48,0425;-0,0000;11,6572;163,6105;255,000;-75,000;49,489;14,875;-0,0000;-3,3639;0,5795;0,0000;2,7844;-0,0000;0,0000;47,1156;-8,2746;-0,0000;-38,8410;0,0000;13;0
15,8942;-16,3895;30,2816;48,0457;-0,0000;11,6727;163,6105;255,000;-75,000;49,569;13,715;0,0000;-3,0907;0,5316;-0,0000;2,5591;0,0000;0,0000;47,1037;-8,2357;-0,0000;-38,8680;0,0000;13;0
15,9000;-16,3895;30,2644;48,0487;-0,0000;11,6869;163,6105;255,000;-75,000;49,641;12,555;-0,0000;-2,8176;0,4840;0,0000;2,3336;0,0000;-0,0000;47,0928;-8,2001;0,0000;-38,8927;-0,0000;13;0
15,9058;-16,3895;30,2489;48,0513;-0,0000;11,6998;163,6105;255,000;-75,000;49,708;11,396;-0,0000;-2,5446;0,4365;0,0000;2,1080;0,0000;0,0000;47,0828;-8,1678;-0,0000;-38,9151;0,0000;13;0
15,9116;-16,3895;30,2349;48,0537;-0,0000;11,7113;163,6105;255,000;-75,000;49,767;10,236;0,0000;-2,2716;0,3892;-0,0000;1,8823;0,0000;0,0000;47,0738;-8,1387;-0,0000;-38,9351;-0,0000;13;0
15,9174;-16,3895;30,2225;48,0559;-0,0000;11,7216;163,6105;255,000;-75,000;49,820;9,076;-0,0000;-1,9986;0,3421;0,0000;1,6565;-0,0000;-0,0000;47,0659;-8,1130;0,0000;-38,9529;-0,0000;13;0
15,9232;-16,3895;30,2117;48,0577;-0,0000;11,7306;163,6105;255,000;-75,000;49,865;7,916;-0,0000;-1,7257;0,2951;0,0000;1,4306;-0,0000;0,0000;47,0589;-8,0905;-0,0000;-38,9684;0,0000;13;0
15,9290;-16,3895;30,2025;48,0593;-0,0000;11,7382;163,6105;255,000;-75,000;49,905;6,757;-0,0000;-1,4529;0,2483;-0,0000;1,2046;0,0000;0,0000;47,0529;-8,0713;-0,0000;-38,9816;0,0000;13;0
15,9348;-16,3895;30,1949;48,0606;-0,0000;11,7445;163,6105;255,000;-75,000;49,937;5,597;0,0000;-1,1800;0,2015;-0,0000;0,9785;0,0000;0,0000;47,0480;-8,0554;-0,0000;-38,9926;0,0000;13;0
15,9406;-16,3895;30,1888;48,0616;-0,0000;11,7495;163,6105;255,000;-75,000;49,963;4,437;0,0000;-0,9072;0,1549;-0,0000;0,7524;0,0000;-0,0000;47,0441;-8,0428;0,0000;-39,0013;-0,0000;13;0
15,9464;-16,3895;30,1844;48,0624;-0,0000;11,7533;163,6105;255,000;-75,000;49,982;3,277;-0,0000;-0,6345;0,1083;-0,0000;0,5262;0,0000;-0,0000;47,0411;-8,0334;0,0000;-39,0077;-0,0000;13;0
15,9521;-16,3895;30,1815;48,0629;-0,0000;11,7556;163,6105;255,000;-75,000;49,994;2,118;-0,0000;-0,3617;0,0617;0,0000;0,3000;-0,0000;2,7303;41,6458;-10,5276;0,0000;-31,1183;2,7303;13;0
15,9579;-16,3895;30,1802;48,0631;-0,0000;11,7567;163,6105;255,000;-75,000;50,000;0,958;0,0317;-0,1515;-0,0138;0,0000;0,1653;0,0317;16,8427;13,7670;-23,4471;0,0000;9,6801;16,8427;13;0
15,9637;-16,3892;30,1797;48,0627;0,0000;11,7576;163,6108;255,003;-74,999;50,003;0,706;0,1953;-0,2020;-0,2102;0,0000;0,4122;0,1953;37,5155;-27,0707;-42,3756;0,0000;69,4463;37,5155;14;0
15,9695;-16,3873;30,1778;48,0607;0,0000;11,7615;163,6127;255,016;-74,994;50,016;3,426;0,4667;-0,4654;-0,5053;0,0000;0,9707;0,4667;47,4449;-46,6855;-51,4675;0,0000;98,1531;47,4449;14;0
15,9753;-16,3838;30,1743;48,0569;0,0000;11,7688;163,6162;255,042;-74,984;50,041;6,345;0,7456;-0,7435;-0,8071;0,0000;1,5506;0,7456;48,0837;-47,9474;-52,0526;0,0000;100,0000;48,0837;14;0
15,9811;-16,3786;30,1692;48,0513;0,0000;11,7795;163,6214;255,079;-74,970;50,077;9,263;1,0244;-1,0215;-1,1089;0,0000;2,1304;1,0244;48,0837;-47,9474;-52,0526;0,0000;100,0000;48,0837;14;0
15,9869;-16,3719;30,1625;48,0440;0,0000;11,7935;163,6281;255,127;-74,952;50,125;12,183;1,3032;-1,2995;-1,4108;0,0000;2,7103;1,3032;48,0837;-47,9474;-52,0526;0,0000;100,0000;48,0837;14;0
15,9927;-16,3635;30,1541;48,0349;0,0000;11,8109;163,6365;255,188;-74,929;50,184;15,103;1,5820;-1,5775;-1,7126;0,0000;3,2902;1,5820;48,0837;-47,9474;-52,0526;0,0000;100,0000;48,0837;14;0
15,9985;-16,3535;30,1442;48,0241;0,0000;11,8317;163,6465;255,260;-74,902;50,255;18,024;1,8609;-1,8556;-2,0144;0,0000;3,8700;1,8609;48,0837;-47,9474;-52,0526;0,0000;100,0000;48,0837;14;0
16,0043;-16,3419;30,1326;48,0116;0,0000;11,8558;163,6581;255,343;-74,870;50,338;20,946;2,1397;-2,1336;-2,3163;0,0000;4,4499;2,1397;48,0837;-47,9474;-52,0526;0,0000;100,0000;48,0837;14;0
16,0101;-16,3287;30,1194;47,9973;0,0000;11,8833;163,6713;255,438;-74,834;50,431;23,869;2,4185;-2,4116;-2,6181;0,0000;5,0298;2,4185;48,0837;-47,9474;-52,0526;0,0000;100,0000;48,0837;14;0
16,0159;-16,3139;30,1047;47,9812;0,0000;11,9141;163,6861;255,545;-74,794;50,537;26,794;2,6973;-2,6897;-2,9200;0,0000;5,6096;2,6973;48,0837;-47,9474;-52,0526;0,0000;100,0000;48,0837;14;0
16,0217;-16,2974;30,0882;47,9634;0,0000;11,9483;163,7026;255,663;-74,749;50,654;29,720;2,9761;-2,9677;-3,2218;0,0000;6,1895;2,9761;48,0837;-47,9474;-52,0526;0,0000;100,0000;48,0837;14;0
16,0275;-16,2794;30,0702;47,9438;0,0000;11,9859;163,7206;255,793;-74,699;50,782;32,648;3,2550;-3,2457;-3,5236;0,0000;6,7694;3,2550;48,0837;-47,9474;-52,0526;0,0000;100,0000;48,0837;14;0
16,0333;-16,2597;30,0506;47,9225;0,0000;12,0269;163,7403;255,935;-74,645;50,922;35,578;3,5338;-3,5238;-3,8255;0,0000;7,3492;3,5338;48,0837;-47,9474;-52,0526;0,0000;100,0000;48,0837;14;0
16,0391;-16,2384;30,0294;47,8995;0,0000;12,0712;163,7616;256,087;-74,586;51,074;38,510;3,8126;-3,8018;-4,1273;0,0000;7,9291;3,8126;48,0837;-47,9474;-52,0526;0,0000;100,0000;48,0837;14;0
16,0449;-16,2155;30,0065;47,8747;0,0000;12,1188;163,7845;256,252;-74,523;51,238;41,444;4,0914;-4,0798;-4,4291;0,0000;8,5090;4,0914;48,0837;-47,9474;-52,0526;0,0000;100,0000;48,0837;14;0
16,0507;-16,1909;29,9821;47,8481;0,0000;12,1698;163,8091;256,428;-74,455;51,413;44,381;4,3703;-4,3579;-4,7310;0,0000;9,0888;4,3703;48,0837;-47,9474;-52,0526;0,0000;100,0000;48,0837;14;0
16,0565;-16,1648;29,9560;47,8198;0,0000;12,2242;163,8352;256,615;-74,383;51,600;47,320;4,6491;-4,6359;-5,0328;0,0000;9,6687;4,6491;48,0837;-47,9474;-52,0526;0,0000;100,0000;48,0837;14;0
16,0623;-16,1370;29,9283;47,7897;0,0000;12,2820;163,8630;256,814;-74,305;51,798;50,262;4,9279;-4,9139;-5,3346;0,0000;10,2486;4,9279;48,0837;-47,9474;-52,0526;0,0000;100,0000;48,0837;14;0
16,0681;-16,1076;29,8990;47,7579;0,0000;12,3431;163,8924;257,024;-74,223;52,009;53,206;5,2067;-5,1920;-5,6365;0,0000;10,8284;5,2067;48,0837;-47,9474;-52,0526;0,0000;100,0000;48,0837;14;0
16,0739;-16,0766;29,8681;47,7244;0,0000;12,4075;163,9234;257,245;-74,136;52,231;56,154;5,4855;-5,4700;-5,9383;0,0000;11,4083;5,4855;48,0837;-47,9474;-52,0526;0,0000;100,0000;48,0837;14;0
16,0797;-16,0440;29,8355;47,6891;0,0000;12,4754;163,9560;257,478;-74,045;52,465;59,105;5,7644;-5,7480;-6,2401;0,0000;11,9882;5,7644;48,0837;-47,9474;-52,0526;0,0000;100,0000;48,0837;14;0
16,0855;-16,0098;29,8014;47,6520;0,0000;12,5466;163,9902;257,722;-73,948;52,712;62,060;6,0432;-6,0261;-6,5420;0,0000;12,5680;6,0432;48,0837;-47,9474;-52,0526;0,0000;100,0000;48,0837;14;0
16,0913;-15,9739;29,7657;47,6132;0,0000;12,6211;164,0261;257,978;-73,847;52,970;65,018;6,3220;-6,3041;-6,8438;0,0000;13,1479;6,3220;48,0837;-47,9474;-52,0526;0,0000;100,0000;48,0837;14;0
16,0971;-15,9365;29,7283;47,5726;0,0000;12,6991;164,0635;258,244;-73,741;53,240;67,980;6,6008;-6,5821;-7,1457;0,0000;13,7278;6,6008;48,0837;-47,9474;-52,0526;0,0000;100,0000;48,0837;14;0
16,1029;-15,8974;29,6893;47,5303;0,0000;12,7803;164,1026;258,522;-73,629;53,522;70,946;6,8796;-6,8601;-7,4475;0,0000;14,3076;6,8796;48,0837;-47,9474;-52,0526;0,0000;100,0000;48,0837;14;0
16,1087;-15,8567;29,6487;47,4863;0,0000;12,8650;164,1433;258,811;-73,513;53,817;73,915;7,1585;-7,1382;-7,7493;0,0000;14,8875;7,1585;48,0837;-47,9474;-52,0526;0,0000;100,0000;48,0837;14;0
16,1145;-15,8144;29,6065;47,4405;0,0000;12,9530;164,1856;259,110;-73,391;54,124;76,890;7,4373;-7,4162;-8,0512;0,0000;15,4674;7,4373;48,0837;-47,9474;-52,0526;0,0000;100,0000;48,0837;14;0
16,1203;-15,7704;29,5627;47,3929;0,0000;13,0444;164,2296;259,421;-73,264;54,443;79,868;7,7161;-7,6942;-8,3530;0,0000;16,0472;7,7161;48,0837;-47,9474;-52,0526;0,0000;100,0000;48,0837;14;0
16,1261;-15,7249;29,5173;47,3436;0,0000;13,1391;164,2751;259,743;-73,132;54,774;82,851;7,9949;-7,9723;-8,6548;0,0000;16,6271;7,9949;48,0837;-47,9474;-52,0526;0,0000;100,0000;48,0837;14;0
16,1319;-15,6777;29,4703;47,2925;0,0000;13,2372;164,3223;260,076;-72,995;55,118;85,839;8,2738;-8,2503;-8,9567;0,0000;17,2070;8,2738;48,0837;-47,9474;-52,0526;0,0000;100,0000;48,0837;14;0
16,1377;-15,6289;29,4216;47,2397;0,0000;13,3387;164,3711;260,420;-72,852;55,474;88,832;8,5526;-8,5283;-9,2585;0,0000;17,7868;8,5526;48,0837;-47,9474;-52,0526;0,0000;100,0000;48,0837;14;0
16,1435;-15,5785;29,3714;47,1852;0,0000;13,4435;164,4215;260,774;-72,704;55,843;91,830;8,8314;-8,8064;-9,5603;0,0000;18,3667;8,8314;48,0837;-47,9474;-52,0526;0,0000;100,0000;48,0837;14;0
16,1493;-15,5265;29,3195;47,1288;0,0000;13,5517;164,4735;261,139;-72,550;56,224;94,833;9,1102;-9,0844;-9,8622;0,0000;18,9466;9,1102;48,0837;-47,9474;-52,0526;0,0000;100,0000;48,0837;14;0
16,1551;-15,4729;29,2660;47,0708;0,0000;13,6632;164,5271;261,515;-72,391;56,618;97,841;9,3890;-9,3624;-10,1640;0,0000;19,5264;9,3890;48,0837;-47,9474;-52,0526;0,0000;100,0000;48,0837;14;0
16,1609;-15,4176;29,2109;47,0110;0,0000;13,7781;164,5824;261,901;-72,226;57,025;100,855;9,6679;-9,6405;-10,4658;0,0000;20,1063;9,6679;48,0837;-47,9474;-52,0526;0,0000;100,0000;48,0837;14;0
16,1667;-15,3607;29,1542;46,9494;0,0000;13,8964;164,6393;262,298;-72,056;57,445;103,875;9,9467;-9,9185;-10,7677;0,0000;20,6862;9,9467;48,0837;-47,9474;-52,0526;0,0000;100,0000;48,0837;14;0
16,1725;-15,3023;29,0959;46,8861;0,0000;14,0180;164,6977;262,706;-71,879;57,877;106,901;10,2255;-10,1965;-11,0695;0,0000;21,2660;10,2255;48,0837;-47,9474;-52,0526;0,0000;100,0000;48,0837;14;0
16,1783;-15,2422;29,0360;46,8210;0,0000;14,1430;164,7578;263,123;-71,697;58,323;109,932;10,5043;-10,4746;-11,3714;0,0000;21,8459;10,5043;48,0837;-47,9474;-52,0526;0,0000;100,0000;48,0837;14;0
16,1841;-15,1804;28,9744;46,7542;0,0000;14,2714;164,8196;263,551;-71,509;58,782;112,970;10,7832;-10,7526;-11,6732;0,0000;22,4258;10,7832;48,0837;-47,9474;-52,0526;0,0000;100,0000;48,0837;14;0
16,1899;-15,1171;28,9113;46,6856;0,0000;14,4031;164,8829;263,990;-71,314;59,254;116,015;11,0620;-11,0306;-11,9750;0,0000;23,0056;11,0620;48,0837;-47,9474;-52,0526;0,0000;100,0000;48,0837;14;0
16,1957;-15,0521;28,8465;46,6153;0,0000;14,5382;164,9479;264,438;-71,114;59,739;119,066;11,3408;-11,3087;-12,2769;0,0000;23,5855;11,3408;48,0837;-47,9474;-52,0526;0,0000;100,0000;48,0837;14;0
16,2015;-14,9856;28,7801;46,5433;0,0000;14,6766;165,0144;264,897;-70,907;60,237;122,123;11,6196;-11,5867;-12,5787;0,0000;24,1654;11,6196;48,0837;-47,9474;-52,0526;0,0000;100,0000;48,0837;14;0
16,2073;-14,9174;28,7121;46,4695;0,0000;14,8184;165,0826;265,366;-70,695;60,749;125,187;11,8984;-11,8647;-12,8805;0,0000;24,7452;11,8984;48,0837;-47,9474;-52,0526;0,0000;100,0000;48,0837;14;0
16,2131;-14,8476;28,6425;46,3939;0,0000;14,9636;165,1524;265,844;-70,475;61,275;128,259;12,1773;-12,1427;-13,1824;0,0000;25,3251;12,1773;48,0837;-47,9474;-52,0526;0,0000;100,0000;48,0837;14;0
16,2189;-14,7762;28,5713;46,3166;0,0000;15,1121;165,2238;266,332;-70,250;61,814;131,337;12,4561;-12,4208;-13,4842;0,0000;25,9050;12,4561;48,0837;-47,9474;-52,0526;0,0000;100,0000;48,0837;14;0
16,2247;-14,7031;28,4985;46,2375;0,0000;15,2640;165,2969;266,830;-70,017;62,367;134,423;12,7349;-12,6988;-13,7860;0,0000;26,4849;12,7349;48,0837;-47,9474;-52,0526;0,0000;100,0000;48,0837;14;0
16,2305;-14,6285;28,4240;46,1567;0,0000;15,4193;165,3715;267,338;-69,778;62,933;137,517;13,0137;-12,9768;-14,0879;0,0000;27,0647;13,0137;48,0837;-47,9474;-52,0526;0,0000;100,0000;48,0837;14;0
16,2363;-14,5522;28,3480;46,0741;0,0000;15,5779;165,4478;267,855;-69,533;63,514;140,618;13,2925;-13,2549;-14,3897;0,0000;27,6446;13,2925;48,0837;-47,9474;-52,0526;0,0000;100,0000;48,0837;14;0
16,2421;-14,4743;28,2703;45,9898;0,0000;15,7399;165,5257;268,382;-69,280;64,108;143,726;13,5714;-13,5329;-14,6915;0,0000;28,2245;13,5714;48,0837;-47,9474;-52,0526;0,0000;100,0000;48,0837;14;0
16,2479;-14,3948;28,1910;45,9037;0,0000;15,9052;165,6052;268,918;-69,020;64,717;146,843;13,8502;-13,8109;-14,9934;0,0000;28,8043;13,8502;48,0837;-47,9474;-52,0526;0,0000;100,0000;48,0837;14;0
16,2537;-14,3137;28,1101;45,8159;0,0000;16,0740;165,6863;269,463;-68,754;65,340;149,968;14,1290;-14,0890;-15,2952;0,0000;29,3842;14,1290;42,7953;-42,6740;-46,3276;0,0000;89,0017;42,7953;14;0
16,2595;-14,2310;28,0276;45,7264;0,0000;16,2460;165,7690;270,017;-68,480;65,977;153,101;14,3465;-14,3058;-15,5307;0,0000;29,8365;14,3465;25,5091;-25,4368;-27,6146;0,0000;53,0514;25,5091;14;0
16,2653;-14,1473;27,9442;45,6358;0,0000;16,4200;165,8527;270,575;-68,201;66,623;154,924;14,4249;-14,3840;-15,6155;0,0000;29,9994;14,4249;6,7787;-6,7595;-7,3382;0,0000;14,0977;6,7787;14;0
16,2711;-14,0637;27,8608;45,5453;0,0000;16,5939;165,9363;271,132;-67,921;67,272;155,078;14,4251;-14,3842;-15,6158;0,0000;30,0000;14,4251;0,0231;-0,0230;-0,0250;0,0000;0,0480;0,0231;14;0
16,2769;-13,9800;27,7774;45,4547;0,0000;16,7679;166,0200;271,686;-67,638;67,922;155,227;14,4251;-14,3842;-15,6158;0,0000;30,0000;14,4251;-0,0000;0,0000;0,0000;0,0000;0,0000;0,0000;14;0
16,2827;-13,8964;27,6940;45,3642;0,0000;16,9419;166,1036;272,239;-67,354;68,574;155,375;14,4251;-14,3842;-15,6158;0,0000;30,0000;14,4251;0,0000;0,0000;0,0000;-0,0000;0,0000;0,0000;14;0
16,2885;-13,8127;27,6106;45,2736;0,0000;17,1158;166,1873;272,790;-67,068;69,228;155,523;14,4251;-14,3842;-15,6158;0,0000;30,0000;14,4251;0,0000;-0,0000;0,0000;-0,0000;0,0000;0,0000;14;0
16,2943;-13,7291;27,5272;45,1831;0,0000;17,2898;166,2709;273,339;-66,780;69,884;155,671;14,4251;-14,3842;-15,6158;0,0000;30,0000;14,4251;0,0000;-0,0000;-0,0000;-0,0000;-0,0000;-0,0000;14;0
16,3001;-13,6454;27,4438;45,0925;0,0000;17,4637;166,3546;273,886;-66,490;70,542;155,818;14,4251;-14,3842;-15,6158;0,0000;30,0000;14,4251;-0,0000;0,0000;-0,0000;0,0000;-0,0000;0,0000;14;0
16,3059;-13,5618;27,3603;45,0020;0,0000;17,6377;166,4382;274,431;-66,198;71,202;155,966;14,4251;-14,3842;-15,6158;0,0000;30,0000;14,4251;0,0000;0,0000;0,0000;0,0000;0,0000;0,0000;14;0
16,3117;-13,4781;27,2769;44,9114;0,0000;17,8117;166,5219;274,974;-65,905;71,864;156,113;14,4251;-14,3842;-15,6158;0,0000;30,0000;14,4251;0,0000;0,0000;-0,0000;-0,0000;-0,0000;-0,0000;14;0
16,3175;-13,3945;27,1935;44,8209;0,0000;17,9856;166,6055;275,516;-65,609;72,528;156,260;14,4251;-14,3842;-15,6158;0,0000;30,0000;14,4251;-0,0000;0,0000;0,0000;0,0000;0,0000;0,0000;14;0
16,3233;-13,3108;27,1101;44,7303;0,0000;18,1596;166,6892;276,055;-65,312;73,194;156,407;14,4251;-14,3842;-15,6158;0,0000;30,0000;14,4251;0,0000;-0,0000;0,0000;0,0000;0,0000;0,0000;14;0
16,3291;-13,2272;27,0267;44,6397;0,0000;18,3335;166,7728;276,592;-65,013;73,862;156,554;14,4251;-14,3842;-15,6158;0,0000;30,0000;14,4251;0,0000;0,0000;-0,0000;0,0000;0,0000;0,0000;14;0
16,3349;-13,1436;26,9433;44,5492;0,0000;18,5075;166,8564;277,127;-64,712;74,532;156,701;14,4251;-14,3842;-15,6158;0,0000;30,0000;14,4251;0,0000;0,0000;-0,0000;0,0000;0,0000;-0,0000;14;0
16,3407;-13,0599;26,8599;44,4586;0,0000;18,6815;166,9401;277,661;-64,409;75,203;156,847;14,4251;-14,3842;-15,6158;0,0000;30,0000;14,4251;0,0000;-0,0000;0,0000;0,0000;0,0000;-0,0000;14;0
16,3465;-12,9763;26,7765;44,3681;0,0000;18,8554;167,0237;278,192;-64,104;75,877;156,994;14,4251;-14,3842;-15,6158;0,0000;30,0000;14,4251;-0,0000;0,0000;0,0000;0,0000;0,0000;0,0000;14;0
16,3523;-12,8926;26,6931;44,2775;0,0000;19,0294;167,1074;278,721;-63,798;76,552;157,140;14,4251;-14,3842;-15,6158;0,0000;30,0000;14,4251;-0,0000;0,0000;0,0000;0,0000;0,0000;0,0000;14;0
16,3581;-12,8090;26,6097;44,1870;0,0000;19,2033;167,1910;279,248;-63,490;77,230;157,286;14,4251;-14,3842;-15,6158;0,0000;30,0000;14,4251;0,0000;-0,0000;0,0000;-0,0000;0,0000;-0,0000;14;0
16,3639;-12,7253;26,5263;44,0964;0,0000;19,3773;167,2747;279,774;-63,180;77,909;157,432;14,4251;-14,3842;-15,6158;0,0000;30,0000;14,4251;0,0000;0,0000;0,0000;0,0000;0,0000;-0,0000;14;0
16,3697;-12,6417;26,4428;44,0059;0,0000;19,5513;167,3583;280,297;-62,868;78,590;157,578;14,4251;-14,3842;-15,6158;0,0000;30,0000;14,4251;0,0000;0,0000;0,0000;0,0000;0,0000;0,0000;14;0
16,3755;-12,5580;26,3594;43,9153;0,0000;19,7252;167,4420;280,818;-62,554;79,274;157,723;14,4251;-14,3842;-15,6158;0,0000;30,0000;14,4251;0,0000;0,0000;-0,0000;-0,0000;0,0000;0,0000;14;0
16,3813;-12,4744;26,2760;43,8248;0,0000;19,8992;167,5256;281,337;-62,239;79,959;157,868;14,4251;-14,3842;-15,6158;0,0000;30,0000;14,4251;-0,0000;0,0000;-0,0000;-0,0000;0,0000;0,0000;14;0
16,3870;-12,3907;26,1926;43,7342;0,0000;20,0731;167,6093;281,854;-61,922;80,645;158,014;14,4251;-14,3842;-15,6158;0,0000;30,0000;14,4251;-0,0000;-0,0000;0,0000;0,0000;0,0000;0,0000;14;0
16,3928;-12,3071;26,1092;43,6437;0,0000;20,2471;167,6929;282,368;-61,603;81,334;158,159;14,4251;-14,3842;-15,6158;0,0000;30,0000;14,4251;0,0000;-0,0000;0,0000;-0,0000;0,0000;0,0000;14;0
16,3986;-12,2234;26,0258;43,5531;0,0000;20,4211;167,7766;282,881;-61,282;82,025;158,303;14,4251;-14,3842;-15,6158;0,0000;30,0000;14,4251;0,0000;0,0000;0,0000;-0,0000;0,0000;0,0000;14;0
16,4044;-12,1398;25,9424;43,4626;0,0000;20,5950;167,8602;283,392;-60,960;82,717;158,448;14,4251;-14,3842;-15,6158;0,0000;30,0000;14,4251;0,0000;0,0000;0,0000;0,0000;0,0000;0,0000;14;0
16,4102;-12,0561;25,8590;43,3720;0,0000;20,7690;167,9439;283,900;-60,636;83,412;158,592;14,4251;-14,3842;-15,6158;0,0000;30,0000;14,4251;-0,0000;0,0000;-0,0000;0,0000;0,0000;0,0000;14;0
16,4160;-11,9725;25,7756;43,2815;0,0000;20,9429;168,0275;284,406;-60,310;84,108;158,737;14,4251;-14,3842;-15,6158;0,0000;30,0000;14,4251;-0,0000;0,0000;-0,0000;-0,0000;0,0000;-0,0000;14;0
16,4218;-11,8889;25,6922;43,1909;0,0000;21,1169;168,1111;284,911;-59,982;84,806;158,881;14,4251;-14,3842;-15,6158;0,0000;30,0000;14,4251;0,0000;-0,0000;0,0000;0,0000;0,0000;-0,0000;14;0
16,4276;-11,8052;25,6088;43,1004;0,0000;21,2909;168,1948;285,413;-59,653;85,506;159,025;14,4251;-14,3842;-15,6158;0,0000;30,0000;14,4251;0,0000;0,0000;0,0000;0,0000;0,0000;0,0000;14;0
16,4334;-11,7216;25,5253;43,0098;0,0000;21,4648;168,2784;285,912;-59,322;86,208;159,168;14,4251;-14,3842;-15,6158;0,0000;30,0000;14,4251;-0,0000;0,0000;0,0000;-0,0000;0,0000;0,0000;14;0
16,4392;-11,6379;25,4419;42,9193;0,0000;21,6388;168,3621;286,410;-58,989;86,911;159,312;14,4251;-14,3842;-15,6158;0,0000;30,0000;14,4251;0,0000;0,0000;0,0000;-0,0000;0,0000;0,0000;14;0
16,4450;-11,5543;25,3585;42,8287;0,0000;21,8127;168,4457;286,905;-58,655;87,617;159,455;14,4251;-14,3842;-15,6158;0,0000;30,0000;14,4251;0,0000;0,0000;0,0000;0,0000;0,0000;0,0000;14;0
16,4508;-11,4706;25,2751;42,7382;0,0000;21,9867;168,5294;287,398;-58,318;88,324;159,598;14,4251;-14,3842;-15,6158;0,0000;30,0000;14,4251;0,0000;-0,0000;0,0000;-0,0000;0,0000;0,0000;14;0
16,4566;-11,3870;25,1917;42,6476;0,0000;22,1607;168,6130;287,889;-57,981;89,033;159,741;14,4251;-14,3842;-15,6158;0,0000;30,0000;14,4251;-0,0000;-0,0000;-0,0000;0,0000;0,0000;0,0000;14;0
16,4624;-11,3033;25,1083;42,5571;0,0000;22,3346;168,6967;288,378;-57,641;89,744;159,884;14,4251;-14,3842;-15,6158;0,0000;30,0000;14,4251;-0,0000;0,0000;-0,0000;0,0000;0,0000;0,0000;14;0
16,4682;-11,2197;25,0249;42,4665;0,0000;22,5086;168,7803;288,865;-57,300;90,457;160,027;14,4251;-14,3842;-15,6158;0,0000;30,0000;14,4251;0,0000;0,0000;0,0000;0,0000;0,0000;-0,0000;14;0
16,4740;-11,1360;24,9415;42,3760;0,0000;22,6825;168,8640;289,349;-56,957;91,171;160,169;14,4251;-14,3842;-15,6158;0,0000;30,0000;14,4251;0,0000;0,0000;0,0000;0,0000;0,0000;-0,0000;14;0
16,4798;-11,0524;24,8581;42,2854;0,0000;22,8565;168,9476;289,831;-56,612;91,888;160,311;14,4251;-14,3842;-15,6158;0,0000;30,0000;14,4251;-0,0000;-0,0000;0,0000;-0,0000;0,0000;0,0000;14;0
16,4856;-10,9687;24,7747;42,1949;0,0000;23,0305;169,0313;290,311;-56,266;92,606;160,453;14,4251;-14,3842;-15,6158;0,0000;30,0000;14,4251;0,0000;0,0000;0,0000;-0,0000;-0,0000;-0,0000;14;0
16,4914;-10,8851;24,6912;42,1043;0,0000;23,2044;169,1149;290,788;-55,919;93,326;160,595;14,4251;-14,3842;-15,6158;0,0000;30,0000;14,4251;-0,0000;0,0000;-0,0000;0,0000;0,0000;0,0000;14;0
16,4972;-10,8014;24,6078;42,0138;0,0000;23,3784;169,1986;291,263;-55,569;94,047;160,736;14,4251;-14,3842;-15,6158;0,0000;30,0000;14,4251;-0,0000;0,0000;0,0000;0,0000;0,0000;0,0000;14;0
16,5030;-10,7178;24,5244;41,9232;0,0000;23,5523;169,2822;291,736;-55,218;94,771;160,878;14,4251;-14,3842;-15,6158;0,0000;30,0000;14,4251;0,0000;-0,0000;0,0000;0,0000;0,0000;-0,0000;14;0
16,5088;-10,6342;24,4410;41,8327;0,0000;23,7263;169,3658;292,207;-54,865;95,496;161,019;14,4251;-14,3842;-15,6158;0,0000;30,0000;14,4251;-0,0000;-0,0000;-0,0000;0,0000;0,0000;0,0000;14;0
16,5146;-10,5505;24,3576;41,7421;0,0000;23,9003;169,4495;292,675;-54,511;96,223;161,160;14,4251;-14,3842;-15,6158;0,0000;30,0000;14,4251;-0,0000;0,0000;0,0000;0,0000;-0,0000;0,0000;14;0
16,5204;-10,4669;24,2742;41,6516;0,0000;24,0742;169,5331;293,141;-54,155;96,952;161,301;14,4251;-14,3842;-15,6158;0,0000;30,0000;14,4251;0,0000;0,0000;0,0000;0,0000;-0,0000;0,0000;14;0
16,5262;-10,3832;24,1908;41,5610;0,0000;24,2482;169,6168;293,604;-53,798;97,682;161,441;14,4251;-14,3842;-15,6158;0,0000;30,0000;14,4251;0,0000;0,0000;-0,0000;0,0000;0,0000;0,0000;14;0
16,5320;-10,2996;24,1074;41,4705;0,0000;24,4221;169,7004;294,065;-53,438;98,415;161,582;14,4251;-14,3842;-15,6158;0,0000;30,0000;14,4251;0,0000;0,0000;-0,0000;0,0000;0,0000;0,0000;14;0
16,5378;-10,2159;24,0240;41,3799;0,0000;24,5961;169,7841;294,524;-53,078;99,149;161,722;14,4251;-14,3842;-15,6158;0,0000;30,0000;14,4251;-0,0000;0,0000;0,0000;0,0000;0,0000;0,0000;14;0
16,5436;-10,1323;23,9406;41,2894;0,0000;24,7701;169,8677;294,981;-52,716;99,885;161,862;14,4251;-14,3842;-15,6158;0,0000;30,0000;14,4251;0,0000;0,0000;0,0000;0,0000;0,0000;-0,0000;14;0
16,5494;-10,0486;23,8572;41,1988;0,0000;24,9440;169,9514;295,435;-52,352;100,622;162,001;14,4251;-14,3842;-15,6158;0,0000;30,0000;14,4251;0,0000;-0,0000;0,0000;0,0000;0,0000;-0,0000;14;0
16,5552;-9,9650;23,7737;41,1083;0,0000;25,1180;170,0350;295,886;-51,986;101,361;162,141;14,4251;-14,3842;-15,6158;0,0000;30,0000;14,4251;0,0000;0,0000;0,0000;0,0000;0,0000;0,0000;14;0
16,5610;-9,8813;23,6903;41,0177;0,0000;25,2919;170,1187;296,336;-51,619;102,102;162,280;14,4251;-14,3842;-15,6158;0,0000;30,0000;14,4251;-0,0000;0,0000;-0,0000;0,0000;0,0000;0,0000;14;0
16,5668;-9,7977;23,6069;40,9272;0,0000;25,4659;170,2023;296,782;-51,251;102,845;162,419;14,4251;-14,3842;-15,6158;0,0000;30,0000;14,4251;-0,0000;-0,0000;-0,0000;0,0000;0,0000;0,0000;14;0
16,5726;-9,7140;23,5235;40,8366;0,0000;25,6399;170,2860;297,227;-50,881;103,589;162,558;14,4251;-14,3842;-15,6158;0,0000;30,0000;14,4251;0,0000;0,0000;0,0000;0,0000;0,0000;0,0000;14;0
16,5784;-9,6304;23,4401;40,7461;0,0000;25,8138;170,3696;297,669;-50,509;104,335;162,696;14,4251;-14,3842;-15,6158;0,0000;30,0000;14,4251;0,0000;-0,0000;0,0000;0,0000;0,0000;0,0000;14;0
16,5842;-9,5468;23,3567;40,6555;0,0000;25,9878;170,4532;298,108;-50,136;105,083;162,835;14,4251;-14,3842;-15,6158;0,0000;30,0000;14,4251;-0,0000;0,0000;0,0000;-0,0000;0,0000;0,0000;14;0
16,5900;-9,4631;23,2733;40,5650;0,0000;26,1617;170,5369;298,545;-49,762;105,833;162,973;14,4251;-14,3842;-15,6158;0,0000;30,0000;14,4251;-0,0000;0,0000;0,0000;-0,0000;0,0000;0,0000;14;0
16,5958;-9,3795;23,1899;40,4744;0,0000;26,3357;170,6205;298,980;-49,386;106,584;163,111;14,4251;-14,3842;-15,6158;0,0000;30,0000;14,4251;0,0000;-0,0000;0,0000;0,0000;0,0000;0,0000;14;0
16,6016;-9,2958;23,1065;40,3839;0,0000;26,5097;170,7042;299,412;-49,008;107,337;163,248;14,4251;-14,3842;-15,6158;0,0000;30,0000;14,4251;0,0000;0,0000;-0,0000;0,0000;0,0000;-0,0000;14;0
16,6074;-9,2122;23,0231;40,2933;0,0000;26,6836;170,7878;299,842;-48,629;108,091;163,386;14,4251;-14,3842;-15,6158;0,0000;30,0000;14,4251;-0,0000;0,0000;-0,0000;0,0000;0,0000;-0,0000;14;0
16,6132;-9,1285;22,9396;40,2028;0,0000;26,8576;170,8715;300,269;-48,249;108,848;163,523;14,4251;-14,3842;-15,6158;0,0000;30,0000;14,4251;0,0000;0,0000;0,0000;-0,0000;0,0000;0,0000;14;0
16,6190;-9,0449;22,8562;40,1122;0,0000;27,0315;170,9551;300,694;-47,867;109,605;163,660;14,4251;-14,3842;-15,6158;0,0000;30,0000;14,4251;0,0000;0,0000;0,0000;-0,0000;0,0000;0,0000;14;0
16,6248;-8,9612;22,7728;40,0217;0,0000;27,2055;171,0388;301,116;-47,483;110,365;163,797;14,4251;-14,3842;-15,6158;0,0000;30,0000;14,4251;0,0000;-0,0000;0,0000;0,0000;0,0000;-0,0000;14;0
16,6306;-8,8776;22,6894;39,9311;0,0000;27,3795;171,1224;301,535;-47,098;111,126;163,933;14,4251;-14,3842;-15,6158;0,0000;30,0000;14,4251;-0,0000;-0,0000;0,0000;0,0000;0,0000;-0,0000;14;0
16,6364;-8,7939;22,6060;39,8406;0,0000;27,5534;171,2061;301,952;-46,712;111,889;164,070;14,4251;-14,3842;-15,6158;0,0000;30,0000;14,4251;0,0000;0,0000;-0,0000;-0,0000;0,0000;0,0000;14;0
16,6422;-8,7103;22,5226;39,7500;0,0000;27,7274;171,2897;302,367;-46,324;112,654;164,206;14,4251;-14,3842;-15,6158;0,0000;30,0000;14,4251;0,0000;-0,0000;-0,0000;0,0000;0,0000;0,0000;14;0
16,6480;-8,6266;22,4392;39,6595;0,0000;27,9013;171,3734;302,779;-45,935;113,420;164,342;14,4251;-14,3842;-15,6158;0,0000;30,0000;14,4251;0,0000;-0,0000;0,0000;0,0000;0,0000;0,0000;14;0
16,6538;-8,5430;22,3558;39,5689;0,0000;28,0753;171,4570;303,188;-45,544;114,187;164,477;14,4251;-14,3842;-15,6158;0,0000;30,0000;14,4251;-0,0000;0,0000;0,0000;-0,0000;0,0000;0,0000;14;0
16,6596;-8,4593;22,2724;39,4784;0,0000;28,2493;171,5407;303,595;-45,152;114,957;164,613;14,4251;-14,3842;-15,6158;0,0000;30,0000;14,4251;-0,0000;0,0000;0,0000;0,0000;0,0000;0,0000;14;0
16,6654;-8,3757;22,1890;39,3878;0,0000;28,4232;171,6243;304,000;-44,759;115,728;164,748;14,4251;-14,3842;-15,6158;0,0000;30,0000;14,4251;0,0000;-0,0000;0,0000;0,0000;0,0000;0,0000;14;0
16,6712;-8,2921;22,1056;39,2973;0,0000;28,5972;171,7079;304,401;-44,364;116,500;164,883;14,4251;-14,3842;-15,6158;0,0000;30,0000;14,4251;0,0000;-0,0000;0,0000;-0,0000;-0,0000;-0,0000;14;0
16,6770;-8,2084;22,0221;39,2067;0,0000;28,7711;171,7916;304,800;-43,968;117,275;165,017;14,4251;-14,3842;-15,6158;0,0000;30,0000;14,4251;-0,0000;0,0000;0,0000;0,0000;0,0000;0,0000;14;0
16,6828;-8,1248;21,9387;39,1162;0,0000;28,9451;171,8752;305,197;-43,571;118,050;165,152;14,4251;-14,3842;-15,6158;0,0000;30,0000;14,4251;-0,0000;0,0000;-0,0000;0,0000;0,0000;0,0000;14;0
16,6886;-8,0411;21,8553;39,0256;0,0000;29,1191;171,9589;305,591;-43,172;118,828;165,286;14,4251;-14,3842;-15,6158;0,0000;30,0000;14,4251;0,0000;-0,0000;-0,0000;-0,0000;-0,0000;-0,0000;14;0
16,6944;-7,9575;21,7719;38,9351;0,0000;29,2930;172,0425;305,982;-42,771;119,607;165,420;14,4251;-14,3842;-15,6158;0,0000;30,0000;14,4251;0,0000;0,0000;0,0000;0,0000;0,0000;0,0000;14;0
16,7002;-7,8738;21,6885;38,8445;0,0000;29,4670;172,1262;306,371;-42,370;120,387;165,553;14,4251;-14,3842;-15,6158;0,0000;30,0000;14,4251;0,0000;0,0000;0,0000;0,0000;0,0000;0,0000;14;0
16,7060;-7,7902;21,6051;38,7540;0,0000;29,6410;172,2098;306,757;-41,967;121,169;165,687;14,4251;-14,3842;-15,6158;0,0000;30,0000;14,4251;0,0000;0,0000;0,0000;-0,0000;0,0000;0,0000;14;0
16,7118;-7,7065;21,5217;38,6634;0,0000;29,8149;172,2935;307,140;-41,563;121,953;165,820;14,4251;-14,3842;-15,6158;0,0000;30,0000;14,4251;-0,0000;0,0000;-0,0000;0,0000;0,0000;0,0000;14;0
16,7176;-7,6229;21,4383;38,5729;0,0000;29,9889;172,3771;307,521;-41,157;122,738;165,953;14,4251;-14,3842;-15,6158;0,0000;30,0000;14,4251;-0,0000;0,0000;-0,0000;0,0000;0,0000;0,0000;14;0
16,7234;-7,5392;21,3549;38,4823;0,0000;30,1628;172,4608;307,899;-40,750;123,525;166,086;14,4251;-14,3842;-15,6158;0,0000;30,0000;14,4251;0,0000;-0,0000;0,0000;-0,0000;0,0000;-0,0000;14;0
16,7292;-7,4556;21,2715;38,3918;0,0000;30,3368;172,5444;308,274;-40,342;124,314;166,218;14,4251;-14,3842;-15,6158;0,0000;30,0000;14,4251;0,0000;-0,0000;0,0000;-0,0000;0,0000;-0,0000;14;0
16,7350;-7,3719;21,1880;38,3012;0,0000;30,5108;172,6281;308,646;-39,932;125,104;166,350;14,4251;-14,3842;-15,6158;0,0000;30,0000;14,4251;0,0000;0,0000;0,0000;0,0000;0,0000;0,0000;14;0
16,7408;-7,2883;21,1046;38,2106;0,0000;30,6847;172,7117;309,016;-39,522;125,895;166,482;14,4251;-14,3842;-15,6158;0,0000;30,0000;14,4251;-0,0000;0,0000;0,0000;-0,0000;-0,0000;0,0000;14;0
16,7466;-7,2046;21,0212;38,1201;0,0000;30,8587;172,7954;309,384;-39,110;126,688;166,614;14,4251;-14,3842;-15,6158;0,0000;30,0000;14,4251;-0,0000;0,0000;0,0000;-0,0000;-0,0000;0,0000;14;0
16,7524;-7,1210;20,9378;38,0295;0,0000;31,0326;172,8790;309,748;-38,696;127,483;166,745;14,4251;-14,3842;-15,6158;0,0000;30,0000;14,4251;0,0000;-0,0000;-0,0000;0,0000;0,0000;0,0000;14;0
16,7582;-7,0374;20,8544;37,9390;0,0000;31,2066;172,9626;310,110;-38,282;128,279;166,876;14,4251;-14,3842;-15,6158;0,0000;30,0000;14,4251;0,0000;-0,0000;-0,0000;0,0000;0,0000;0,0000;14;0
16,7640;-6,9537;20,7710;37,8484;0,0000;31,3806;173,0463;310,469;-37,866;129,076;167,007;14,4251;-14,3842;-15,6158;0,0000;30,0000;14,4251;0,0000;0,0000;0,0000;0,0000;-0,0000;0,0000;14;0
16,7698;-6,8701;20,6876;37,7579;0,0000;31,5545;173,1299;310,825;-37,449;129,875;167,138;14,4251;-14,3842;-15,6158;0,0000;30,0000;14,4251;0,0000;0,0000;0,0000;-0,0000;-0,0000;0,0000;14;0
16,7756;-6,7864;20,6042;37,6673;0,0000;31,7285;173,2136;311,179;-37,031;130,676;167,268;14,4251;-14,3842;-15,6158;0,0000;30,0000;14,4251;0,0000;0,0000;0,0000;-0,0000;0,0000;0,0000;14;0
16,7814;-6,7028;20,5208;37,5768;0,0000;31,9024;173,2972;311,529;-36,612;131,478;167,398;14,4251;-14,3842;-15,6158;0,0000;30,0000;14,4251;0,0000;0,0000;-0,0000;0,0000;0,0000;0,0000;14;0
16,7872;-6,6191;20,4374;37,4862;0,0000;32,0764;173,3809;311,877;-36,191;132,281;167,528;14,4251;-14,3842;-15,6158;0,0000;30,0000;14,4251;0,0000;0,0000;-0,0000;0,0000;0,0000;0,0000;14;0
16,7930;-6,5355;20,3540;37,3957;0,0000;32,2504;173,4645;312,223;-35,769;133,086;167,658;14,4251;-14,3842;-15,6158;0,0000;30,0000;14,4251;0,0000;0,0000;0,0000;-0,0000;0,0000;-0,0000;14;0
16,7988;-6,4518;20,2705;37,3051;0,0000;32,4243;173,5482;312,565;-35,346;133,893;167,787;14,4251;-14,3842;-15,6158;0,0000;30,0000;14,4251;-0,0000;-0,0000;0,0000;-0,0000;0,0000;-0,0000;14;0
16,8046;-6,3682;20,1871;37,2146;0,0000;32,5983;173,6318;312,905;-34,922;134,701;167,916;14,4251;-14,3842;-15,6158;0,0000;30,0000;14,4251;-0,0000;-0,0000;0,0000;0,0000;0,0000;-0,0000;14;0
16,8104;-6,2845;20,1037;37,1240;0,0000;32,7722;173,7155;313,242;-34,497;135,510;168,045;14,4251;-14,3842;-15,6158;0,0000;30,0000;14,4251;0,0000;0,0000;-0,0000;0,0000;0,0000;-0,0000;14;0
16,8162;-6,2009;20,0203;37,0335;0,0000;32,9462;173,7991;313,576;-34,070;136,321;168,173;14,4251;-14,3842;-15,6158;0,0000;30,0000;14,4251;0,0000;-0,0000;0,0000;-0,0000;0,0000;0,0000;14;0
16,8220;-6,1172;19,9369;36,9429;0,0000;33,1202;173,8828;313,907;-33,643;137,133;168,302;14,4251;-14,3842;-15,6158;0,0000;30,0000;14,4251;0,0000;0,0000;0,0000;0,0000;0,0000;0,0000;14;0
16,8277;-6,0336;19,8535;36,8524;0,0000;33,2941;173,9664;314,235;-33,214;137,947;168,430;14,4251;-14,3842;-15,6158;0,0000;30,0000;14,4251;0,0000;0,0000;0,0000;0,0000;0,0000;0,0000;14;0
16,8335;-5,9499;19,7701;36,7618;0,0000;33,4681;174,0501;314,561;-32,784;138,762;168,557;14,4251;-14,3842;-15,6158;0,0000;30,0000;14,4251;-0,0000;0,0000;-0,0000;0,0000;0,0000;0,0000;14;0
16,8393;-5,8663;19,6867;36,6713;0,0000;33,6420;174,1337;314,884;-32,353;139,579;168,685;14,4251;-14,3842;-15,6158;0,0000;30,0000;14,4251;-0,0000;0,0000;0,0000;0,0000;0,0000;0,0000;14;0
16,8451;-5,7827;19,6033;36,5807;0,0000;33,8160;174,2173;315,204;-31,921;140,397;168,812;14,4251;-14,3842;-15,6158;0,0000;30,0000;14,4251;-0,0000;0,0000;0,0000;0,0000;0,0000;0,0000;14;0
16,8509;-5,6990;19,5199;36,4902;0,0000;33,9900;174,3010;315,521;-31,488;141,216;168,939;14,4251;-14,3842;-15,6158;0,0000;30,0000;14,4251;0,0000;-0,0000;-0,0000;0,0000;0,0000;0,0000;14;0
16,8567;-5,6154;19,4364;36,3996;0,0000;34,1639;174,3846;315,835;-31,053;142,037;169,065;14,4251;-14,3842;-15,6158;0,0000;30,0000;14,4251;0,0000;-0,0000;0,0000;0,0000;0,0000;0,0000;14;0
16,8625;-5,5317;19,3530;36,3091;0,0000;34,3379;174,4683;316,146;-30,618;142,859;169,192;14,4251;-14,3842;-15,6158;0,0000;30,0000;14,4251;0,0000;-0,0000;0,0000;-0,0000;-0,0000;-0,0000;14;0
16,8683;-5,4481;19,2696;36,2185;0,0000;34,5118;174,5519;316,455;-30,182;143,683;169,318;14,4251;-14,3842;-15,6158;0,0000;30,0000;14,4251;-0,0000;0,0000;0,0000;0,0000;0,0000;0,0000;14;0
16,8741;-5,3644;19,1862;36,1280;0,0000;34,6858;174,6356;316,760;-29,744;144,508;169,444;14,4251;-14,3842;-15,6158;0,0000;30,0000;14,4251;-0,0000;0,0000;-0,0000;0,0000;0,0000;0,0000;14;0
16,8799;-5,2808;19,1028;36,0374;0,0000;34,8598;174,7192;317,063;-29,306;145,335;169,569;14,4251;-14,3842;-15,6158;0,0000;30,0000;14,4251;0,0000;0,0000;-0,0000;-0,0000;-0,0000;-0,0000;14;0
16,8857;-5,1971;19,0194;35,9469;0,0000;35,0337;174,8029;317,362;-28,866;146,162;169,694;14,4251;-14,3842;-15,6158;0,0000;30,0000;14,4251;-0,0000;0,0000;0,0000;0,0000;0,0000;0,0000;14;0
16,8915;-5,1135;18,9360;35,8563;0,0000;35,2077;174,8865;317,659;-28,426;146,992;169,819;14,4251;-14,3842;-15,6158;0,0000;30,0000;14,4251;-0,0000;-0,0000;0,0000;0,0000;0,0000;0,0000;14;0
16,8973;-5,0298;18,8526;35,7658;0,0000;35,3816;174,9702;317,953;-27,984;147,822;169,944;14,4251;-14,3842;-15,6158;0,0000;30,0000;14,4251;0,0000;0,0000;0,0000;0,0000;0,0000;0,0000;14;0
16,9031;-4,9462;18,7692;35,6752;0,0000;35,5556;175,0538;318,244;-27,542;148,654;170,068;14,4251;-14,3842;-15,6158;0,0000;30,0000;14,4251;0,0000;-0,0000;0,0000;0,0000;0,0000;0,0000;14;0
16,9089;-4,8625;18,6858;35,5847;0,0000;35,7296;175,1375;318,532;-27,098;149,487;170,193;14,4251;-14,3842;-15,6158;0,0000;30,0000;14,4251;-0,0000;-0,0000;-0,0000;0,0000;0,0000;-0,0000;14;0
16,9147;-4,7789;18,6024;35,4941;0,0000;35,9035;175,2211;318,817;-26,654;150,322;170,316;14,4251;-14,3842;-15,6158;0,0000;30,0000;14,4251;0,0000;0,0000;-0,0000;0,0000;0,0000;-0,0000;14;0
16,9205;-4,6952;18,5189;35,4036;0,0000;36,0775;175,3048;319,099;-26,208;151,158;170,440;14,4251;-14,3842;-15,6158;0,0000;30,0000;14,4251;0,0000;0,0000;0,0000;0,0000;0,0000;0,0000;14;0
16,9263;-4,6116;18,4355;35,3130;0,0000;36,2514;175,3884;319,379;-25,762;151,995;170,563;14,4251;-14,3842;-15,6158;0,0000;30,0000;14,4251;-0,0000;0,0000;0,0000;0,0000;0,0000;0,0000;14;0
16,9321;-4,5280;18,3521;35,2225;0,0000;36,4254;175,4720;319,655;-25,314;152,833;170,686;14,4251;-14,3842;-15,6158;0,0000;30,0000;14,4251;-0,0000;0,0000;0,0000;0,0000;0,0000;0,0000;14;0
16,9379;-4,4443;18,2687;35,1319;0,0000;36,5994;175,5557;319,928;-24,866;153,673;170,809;14,4251;-14,3842;-15,6158;0,0000;30,0000;14,4251;0,0000;0,0000;-0,0000;0,0000;0,0000;0,0000;14;0
16,9437;-4,3607;18,1853;35,0414;0,0000;36,7733;175,6393;320,198;-24,417;154,515;170,931;14,4251;-14,3842;-15,6158;0,0000;30,0000;14,4251;0,0000;0,0000;-0,0000;-0,0000;0,0000;-0,0000;14;0
16,9495;-4,2770;18,1019;34,9508;0,0000;36,9473;175,7230;320,466;-23,967;155,357;171,054;14,4251;-14,3842;-15,6158;0,0000;30,0000;14,4251;-0,0000;0,0000;0,0000;0,0000;0,0000;-0,0000;14;0
16,9553;-4,1934;18,0185;34,8603;0,0000;37,1212;175,8066;320,730;-23,516;156,201;171,175;14,4251;-14,3842;-15,6158;0,0000;30,0000;14,4251;-0,0000;0,0000;0,0000;0,0000;0,0000;0,0000;14;0
16,9611;-4,1097;17,9351;34,7697;0,0000;37,2952;175,8903;320,991;-23,064;157,046;171,297;14,4251;-14,3842;-15,6158;0,0000;30,0000;14,4251;0,0000;-0,0000;0,0000;-0,0000;0,0000;0,0000;14;0
16,9669;-4,0261;17,8517;34,6792;0,0000;37,4692;175,9739;321,249;-22,611;157,892;171,418;14,4251;-14,3842;-15,6158;0,0000;30,0000;14,4251;0,0000;-0,0000;0,0000;-0,0000;0,0000;0,0000;14;0
16,9727;-3,9424;17,7683;34,5886;0,0000;37,6431;176,0576;321,505;-22,157;158,740;171,539;14,4251;-14,3842;-15,6158;0,0000;30,0000;14,4251;-0,0000;0,0000;0,0000;0,0000;0,0000;0,0000;14;0
16,9785;-3,8588;17,6849;34,4981;0,0000;37,8171;176,1412;321,757;-21,703;159,589;171,660;14,4251;-14,3842;-15,6158;0,0000;30,0000;14,4251;-0,0000;0,0000;0,0000;-0,0000;0,0000;0,0000;14;0
16,9843;-3,7751;17,6014;34,4075;0,0000;37,9910;176,2249;322,006;-21,247;160,439;171,780;14,4251;-14,3842;-15,6158;0,0000;30,0000;14,4251;0,0000;0,0000;0,0000;-0,0000;0,0000;0,0000;14;0
16,9901;-3,6915;17,5180;34,3170;0,0000;38,1650;176,3085;322,252;-20,791;161,290;171,900;14,4251;-14,3842;-15,6158;0,0000;30,0000;14,4251;0,0000;0,0000;-0,0000;0,0000;0,0000;-0,0000;14;0
16,9959;-3,6078;17,4346;34,2264;0,0000;38,3390;176,3922;322,495;-20,334;162,143;172,020;14,4251;-14,3842;-15,6158;0,0000;30,0000;14,4251;-0,0000;0,0000;-0,0000;-0,0000;0,0000;-0,0000;14;0
17,0017;-3,5242;17,3512;34,1359;0,0000;38,5129;176,4758;322,736;-19,876;162,997;172,140;14,4251;-14,3842;-15,6158;0,0000;30,0000;14,4251;-0,0000;0,0000;0,0000;-0,0000;0,0000;0,0000;14;0
17,0075;-3,4406;17,2678;34,0453;0,0000;38,6869;176,5594;322,973;-19,418;163,852;172,259;14,4251;-14,3842;-15,6158;0,0000;30,0000;14,4251;0,0000;0,0000;0,0000;0,0000;0,0000;0,0000;14;0
17,0133;-3,3569;17,1844;33,9548;0,0000;38,8608;176,6431;323,207;-18,958;164,708;172,378;14,4251;-14,3842;-15,6158;0,0000;30,0000;14,4251;0,0000;-0,0000;0,0000;0,0000;0,0000;0,0000;14;0
17,0191;-3,2733;17,1010;33,8642;0,0000;39,0348;176,7267;323,438;-18,498;165,566;172,496;14,4251;-14,3842;-15,6158;0,0000;30,0000;14,4251;-0,0000;-0,0000;-0,0000;-0,0000;0,0000;0,0000;14;0
17,0249;-3,1896;17,0176;33,7737;0,0000;39,2088;176,8104;323,665;-18,037;166,424;172,615;14,4251;-14,3842;-15,6158;0,0000;30,0000;14,4251;-0,0000;0,0000;-0,0000;0,0000;0,0000;0,0000;14;0
17,0307;-3,1060;16,9342;33,6831;0,0000;39,3827;176,8940;323,890;-17,575;167,284;172,733;14,4251;-14,3842;-15,6158;0,0000;30,0000;14,4251;0,0000;0,0000;0,0000;0,0000;0,0000;0,0000;14;0
17,0365;-3,0223;16,8508;33,5926;0,0000;39,5567;176,9777;324,112;-17,113;168,145;172,850;14,4251;-14,3842;-15,6158;0,0000;30,0000;14,4251;0,0000;-0,0000;0,0000;-0,0000;0,0000;0,0000;14;0
17,0423;-2,9387;16,7673;33,5020;0,0000;39,7306;177,0613;324,330;-16,649;169,008;172,968;14,4251;-14,3842;-15,6158;0,0000;30,0000;14,4251;0,0000;0,0000;0,0000;-0,0000;0,0000;0,0000;14;0
17,0481;-2,8550;16,6839;33,4115;0,0000;39,9046;177,1450;324,546;-16,185;169,871;173,085;14,4251;-14,3842;-15,6158;0,0000;30,0000;14,4251;0,0000;0,0000;0,0000;-0,0000;-0,0000;0,0000;14;0
17,0539;-2,7714;16,6005;33,3209;0,0000;40,0786;177,2286;324,758;-15,721;170,736;173,202;14,4251;-14,3842;-15,6158;0,0000;30,0000;14,4251;-0,0000;0,0000;0,0000;0,0000;0,0000;0,0000;14;0
17,0597;-2,6877;16,5171;33,2304;0,0000;40,2525;177,3123;324,967;-15,255;171,602;173,318;14,4251;-14,3842;-15,6158;0,0000;30,0000;14,4251;-0,0000;-0,0000;-0,0000;0,0000;0,0000;0,0000;14;0
17,0655;-2,6041;16,4337;33,1398;0,0000;40,4265;177,3959;325,174;-14,789;172,469;173,434;14,4251;-14,3842;-15,6158;0,0000;30,0000;14,4251;0,0000;-0,0000;-0,0000;-0,0000;-0,0000;-0,0000;14;0
17,0713;-2,5204;16,3503;33,0493;0,0000;40,6004;177,4796;325,377;-14,323;173,337;173,550;14,4251;-14,3842;-15,6158;0,0000;30,0000;14,4251;0,0000;-0,0000;0,0000;-0,0000;0,0000;0,0000;14;0
17,0771;-2,4368;16,2669;32,9587;0,0000;40,7744;177,5632;325,577;-13,855;174,206;173,666;14,4251;-14,3842;-15,6158;0,0000;30,0000;14,4251;0,0000;0,0000;0,0000;0,0000;0,0000;0,0000;14;0
17,0829;-2,3531;16,1835;32,8682;0,0000;40,9484;177,6469;325,773;-13,387;175,077;173,781;14,4251;-14,3842;-15,6158;0,0000;30,0000;14,4251;0,0000;-0,0000;0,0000;-0,0000;0,0000;0,0000;14;0
17,0887;-2,2695;16,1001;32,7776;0,0000;41,1223;177,7305;325,967;-12,918;175,948;173,896;14,4251;-14,3842;-15,6158;0,0000;30,0000;14,4251;-3,2556;3,2464;3,5243;-0,0000;-6,7707;-3,2556;14;0
17,0945;-2,1859;16,0167;32,6871;0,0000;41,2963;177,8141;326,157;-12,449;176,821;174,011;14,3874;-14,3466;-15,5749;0,0000;29,9215;14,3874;-18,1132;18,0619;19,6083;-0,0000;-37,6701;-18,1132;14;0
17,1003;-2,1026;15,9337;32,5970;0,0000;41,4693;177,8974;326,344;-11,982;177,690;173,214;14,2151;-14,1748;-15,3884;0,0000;29,5631;14,2151;-38,4805;38,3714;41,6566;-0,0000;-80,0280;-38,4805;14;0
17,1061;-2,0210;15,8523;32,5086;0,0000;41,6391;177,9790;326,523;-11,522;178,544;170,075;13,9411;-13,9016;-15,0918;0,0000;28,9934;13,9411;-47,6648;47,5297;51,5990;-0,0000;-99,1286;-47,6647;14;0
17,1119;-1,9410;15,7725;32,4220;0,0000;41,8056;178,0590;326,697;-11,071;179,382;166,812;13,6623;-13,6235;-14,7900;0,0000;28,4135;13,6623;-48,0837;47,9474;52,0526;-0,0000;-100,0000;-48,0837;14;0
17,1177;-1,8625;15,6943;32,3371;0,0000;41,9687;178,1374;326,864;-10,629;180,205;163,543;13,3834;-13,3455;-14,4881;0,0000;27,8336;13,3834;-48,0837;47,9474;52,0526;-0,0000;-100,0000;-48,0837;14;0
17,1235;-1,7858;15,6177;32,2539;0,0000;42,1284;178,2142;327,025;-10,196;181,011;160,268;13,1046;-13,0675;-14,1863;0,0000;27,2538;13,1046;-48,0837;47,9474;52,0526;-0,0000;-100,0000;-48,0837;14;0
17,1293;-1,7106;15,5427;32,1725;0,0000;42,2847;178,2894;327,179;-9,771;181,801;156,986;12,8258;-12,7895;-13,8844;0,0000;26,6739;12,8258;-48,0837;47,9474;52,0526;-0,0000;-100,0000;-48,0837;14;0
17,1351;-1,6370;15,4694;32,0929;0,0000;42,4377;178,3630;327,329;-9,355;182,575;153,698;12,5470;-12,5114;-13,5826;0,0000;26,0940;12,5470;-48,0837;47,9474;52,0526;-0,0000;-100,0000;-48,0837;14;0
17,1409;-1,5651;15,3976;32,0150;0,0000;42,5874;178,4349;327,472;-8,947;183,332;150,404;12,2682;-12,2334;-13,2808;0,0000;25,5142;12,2682;-48,0837;47,9474;52,0526;-0,0000;-100,0000;-48,0837;14;0
17,1467;-1,4947;15,3275;31,9389;0,0000;42,7336;178,5053;327,610;-8,549;184,074;147,104;11,9893;-11,9554;-12,9789;0,0000;24,9343;11,9893;-48,0837;47,9474;52,0526;-0,0000;-100,0000;-48,0837;14;0
17,1525;-1,4260;15,2590;31,8645;0,0000;42,8765;178,5740;327,742;-8,159;184,799;143,799;11,7105;-11,6773;-12,6771;0,0000;24,3544;11,7105;-48,0837;47,9474;52,0526;-0,0000;-100,0000;-48,0837;14;0
17,1583;-1,3589;15,1921;31,7919;0,0000;43,0161;178,6411;327,870;-7,778;185,507;140,488;11,4317;-11,3993;-12,3753;0,0000;23,7746;11,4317;-48,0837;47,9474;52,0526;-0,0000;-100,0000;-48,0837;14;0
17,1641;-1,2934;15,1268;31,7210;0,0000;43,1522;178,7066;327,992;-7,406;186,200;137,172;11,1529;-11,1213;-12,0734;0,0000;23,1947;11,1529;-48,0837;47,9474;52,0526;-0,0000;-100,0000;-48,0837;14;0
17,1699;-1,2296;15,0631;31,6518;0,0000;43,2851;178,7704;328,109;-7,042;186,875;133,850;10,8741;-10,8432;-11,7716;0,0000;22,6148;10,8741;-48,0837;47,9474;52,0526;-0,0000;-100,0000;-48,0837;14;0
17,1757;-1,1673;15,0010;31,5845;0,0000;43,4145;178,8327;328,222;-6,688;187,535;130,524;10,5952;-10,5652;-11,4698;0,0000;22,0350;10,5952;-48,0837;47,9474;52,0526;-0,0000;-100,0000;-48,0837;14;0
17,1815;-1,1067;14,9406;31,5188;0,0000;43,5406;178,8933;328,330;-6,343;188,177;127,193;10,3164;-10,2872;-11,1679;0,0000;21,4551;10,3164;-48,0837;47,9474;52,0526;-0,0000;-100,0000;-48,0837;14;0
17,1873;-1,0477;14,8817;31,4549;0,0000;43,6633;178,9523;328,433;-6,006;188,804;123,857;10,0376;-10,0091;-10,8661;0,0000;20,8752;10,0376;-48,0837;47,9474;52,0526;-0,0000;-100,0000;-48,0837;14;0
17,1931;-0,9903;14,8245;31,3928;0,0000;43,7827;179,0097;328,532;-5,679;189,413;120,516;9,7588;-9,7311;-10,5643;0,0000;20,2954;9,7588;-48,0837;47,9474;52,0526;-0,0000;-100,0000;-48,0837;14;0
17,1989;-0,9345;14,7689;31,3324;0,0000;43,8987;179,0655;328,627;-5,360;190,006;117,171;9,4799;-9,4531;-10,2624;0,0000;19,7155;9,4799;-48,0837;47,9474;52,0526;-0,0000;-100,0000;-48,0837;14;0
17,2047;-0,8803;14,7149;31,2738;0,0000;44,0114;179,1197;328,718;-5,051;190,582;113,821;9,2011;-9,1750;-9,9606;0,0000;19,1356;9,2011;-48,0837;47,9474;52,0526;-0,0000;-100,0000;-48,0837;14;0
17,2105;-0,8278;14,6625;31,2169;0,0000;44,1206;179,1722;328,804;-4,751;191,141;110,467;8,9223;-8,8970;-9,6587;0,0000;18,5558;8,9223;-48,0837;47,9474;52,0526;-0,0000;-100,0000;-48,0837;14;0
17,2163;-0,7769;14,6117;31,1618;0,0000;44,2266;179,2231;328,887;-4,460;191,683;107,110;8,6435;-8,6190;-9,3569;0,0000;17,9759;8,6435;-48,0837;47,9474;52,0526;-0,0000;-100,0000;-48,0837;14;0
17,2221;-0,7276;14,5625;31,1084;0,0000;44,3291;179,2724;328,966;-4,178;192,208;103,748;8,3647;-8,3409;-9,0551;0,0000;17,3960;8,3647;-48,0837;47,9474;52,0526;-0,0000;-100,0000;-48,0837;14;0
17,2279;-0,6799;14,5149;31,0568;0,0000;44,4283;179,3201;329,041;-3,905;192,717;100,382;8,0858;-8,0629;-8,7532;0,0000;16,8162;8,0858;-48,0837;47,9474;52,0526;-0,0000;-100,0000;-48,0837;14;0
17,2337;-0,6338;14,4690;31,0069;0,0000;44,5241;179,3662;329,113;-3,641;193,209;97,013;7,8070;-7,7849;-8,4514;0,0000;16,2363;7,8070;-48,0837;47,9474;52,0526;-0,0000;-100,0000;-48,0837;14;0
17,2395;-0,5893;14,4247;30,9587;0,0000;44,6166;179,4107;329,181;-3,386;193,683;93,640;7,5282;-7,5069;-8,1496;0,0000;15,6564;7,5282;-48,0837;47,9474;52,0526;-0,0000;-100,0000;-48,0837;14;0
17,2453;-0,5465;14,3819;30,9124;0,0000;44,7057;179,4535;329,246;-3,140;194,141;90,264;7,2494;-7,2288;-7,8477;0,0000;15,0765;7,2494;-48,0837;47,9474;52,0526;-0,0000;-100,0000;-48,0837;14;0
17,2511;-0,5052;14,3408;30,8677;0,0000;44,7914;179,4948;329,308;-2,904;194,582;86,885;6,9705;-6,9508;-7,5459;0,0000;14,4967;6,9705;-48,0837;47,9474;52,0526;-0,0000;-100,0000;-48,0837;14;0
17,2569;-0,4656;14,3013;30,8249;0,0000;44,8738;179,5344;329,367;-2,677;195,005;83,502;6,6917;-6,6728;-7,2441;0,0000;13,9168;6,6917;-48,0837;47,9474;52,0526;-0,0000;-100,0000;-48,0837;14;0
17,2626;-0,4276;14,2634;30,7837;0,0000;44,9528;179,5724;329,422;-2,459;195,412;80,117;6,4129;-6,3947;-6,9422;0,0000;13,3369;6,4129;-48,0837;47,9474;52,0526;-0,0000;-100,0000;-48,0837;14;0
17,2684;-0,3913;14,2272;30,7443;0,0000;45,0285;179,6087;329,475;-2,250;195,801;76,728;6,1341;-6,1167;-6,6404;0,0000;12,7571;6,1341;-48,0837;47,9474;52,0526;-0,0000;-100,0000;-48,0837;14;0
17,2742;-0,3565;14,1925;30,7067;0,0000;45,1008;179,6435;329,524;-2,050;196,173;73,337;5,8553;-5,8387;-6,3386;0,0000;12,1772;5,8553;-48,0837;47,9474;52,0526;-0,0000;-100,0000;-48,0837;14;0
17,2800;-0,3234;14,1594;30,6708;0,0000;45,1697;179,6766;329,571;-1,860;196,528;69,944;5,5764;-5,5606;-6,0367;0,0000;11,5973;5,5764;-48,0837;47,9474;52,0526;-0,0000;-100,0000;-48,0837;14;0
17,2858;-0,2918;14,1280;30,6367;0,0000;45,2353;179,7082;329,615;-1,679;196,866;66,547;5,2976;-5,2826;-5,7349;0,0000;11,0175;5,2976;-48,0837;47,9474;52,0526;-0,0000;-100,0000;-48,0837;14;0
17,2916;-0,2619;14,0982;30,6043;0,0000;45,2975;179,7381;329,656;-1,507;197,187;63,149;5,0188;-5,0046;-5,4330;0,0000;10,4376;5,0188;-48,0837;47,9474;52,0526;-0,0000;-100,0000;-48,0837;14;0
17,2974;-0,2336;14,0700;30,5737;0,0000;45,3563;179,7664;329,695;-1,344;197,490;59,748;4,7400;-4,7265;-5,1312;0,0000;9,8577;4,7400;-48,0837;47,9474;52,0526;-0,0000;-100,0000;-48,0837;14;0
17,3032;-0,2070;14,0434;30,5448;0,0000;45,4118;179,7930;329,731;-1,191;197,776;56,345;4,4611;-4,4485;-4,8294;0,0000;9,2779;4,4611;-48,0837;47,9474;52,0526;-0,0000;-100,0000;-48,0837;14;0
17,3090;-0,1819;14,0184;30,5177;0,0000;45,4639;179,8181;329,765;-1,047;198,045;52,940;4,1823;-4,1705;-4,5275;0,0000;8,6980;4,1823;-48,0837;47,9474;52,0526;-0,0000;-100,0000;-48,0837;14;0
17,3148;-0,1584;13,9950;30,4923;0,0000;45,5127;179,8416;329,796;-0,912;198,297;49,533;3,9035;-3,8924;-4,2257;0,0000;8,1181;3,9035;-48,0837;47,9474;52,0526;-0,0000;-100,0000;-48,0837;14;0
17,3206;-0,1366;13,9732;30,4687;0,0000;45,5581;179,8634;329,825;-0,786;198,531;46,125;3,6247;-3,6144;-3,9239;0,0000;7,5383;3,6247;-48,0837;47,9474;52,0526;-0,0000;-100,0000;-48,0837;14;0
17,3264;-0,1164;13,9531;30,4468;0,0000;45,6001;179,8836;329,851;-0,670;198,749;42,715;3,3459;-3,3364;-3,6220;0,0000;6,9584;3,3459;-48,0837;47,9474;52,0526;-0,0000;-100,0000;-48,0837;14;0
17,3322;-0,0978;13,9345;30,4267;0,0000;45,6388;179,9022;329,875;-0,563;198,948;39,303;3,0670;-3,0583;-3,3202;0,0000;6,3785;3,0670;-48,0837;47,9474;52,0526;-0,0000;-100,0000;-48,0837;14;0
17,3380;-0,0808;13,9176;30,4083;0,0000;45,6741;179,9192;329,897;-0,465;199,131;35,890;2,7882;-2,7803;-3,0184;0,0000;5,7987;2,7882;-48,0837;47,9474;52,0526;-0,0000;-100,0000;-48,0837;14;0
17,3438;-0,0655;13,9023;30,3917;0,0000;45,7060;179,9345;329,917;-0,377;199,296;32,476;2,5094;-2,5023;-2,7165;0,0000;5,2188;2,5094;-48,0837;47,9474;52,0526;-0,0000;-100,0000;-48,0837;14;0
17,3496;-0,0517;13,8886;30,3768;0,0000;45,7346;179,9483;329,935;-0,298;199,444;29,060;2,2306;-2,2243;-2,4147;0,0000;4,6389;2,2306;-48,0837;47,9474;52,0526;-0,0000;-100,0000;-48,0837;14;0
17,3554;-0,0396;13,8765;30,3637;0,0000;45,7598;179,9604;329,950;-0,228;199,574;25,644;1,9518;-1,9462;-2,1129;0,0000;4,0591;1,9518;-48,0837;47,9474;52,0526;-0,0000;-100,0000;-48,0837;14;0
17,3612;-0,0291;13,8660;30,3523;0,0000;45,7817;179,9709;329,963;-0,168;199,687;22,226;1,6729;-1,6682;-1,8110;0,0000;3,4792;1,6729;-48,0837;47,9474;52,0526;-0,0000;-100,0000;-48,0837;14;0
17,3670;-0,0202;13,8572;30,3427;0,0000;45,8002;179,9798;329,975;-0,116;199,783;18,808;1,3941;-1,3902;-1,5092;0,0000;2,8993;1,3941;-48,0837;47,9474;52,0526;-0,0000;-100,0000;-48,0837;14;0
17,3728;-0,0129;13,8499;30,3348;0,0000;45,8153;179,9871;329,984;-0,074;199,861;15,389;1,1153;-1,1121;-1,2073;0,0000;2,3195;1,1153;-48,0837;47,9474;52,0526;-0,0000;-100,0000;-48,0837;14;0
17,3786;-0,0073;13,8443;30,3287;0,0000;45,8271;179,9927;329,991;-0,042;199,922;11,970;0,8365;-0,8341;-0,9055;0,0000;1,7396;0,8365;-48,0837;47,9474;52,0526;-0,0000;-100,0000;-48,0837;14;0
17,3844;-0,0032;13,8402;30,3243;0,0000;45,8355;179,9968;329,996;-0,019;199,965;8,550;0,5576;-0,5561;-0,6037;0,0000;1,1597;0,5576;-48,0837;47,9474;52,0526;-0,0000;-100,0000;-48,0837;14;0
17,3902;-0,0008;13,8378;30,3217;0,0000;45,8405;179,9992;329,999;-0,005;199,991;5,130;0,2788;-0,2780;-0,3018;0,0000;0,5799;0,2788;-36,0628;35,9606;39,0394;-0,0000;-75,0000;-36,0628;14;0
17,3960;-0,0000;13,8370;30,3208;0,0000;45,8422;180,0000;330,000;0,000;200,000;1,710;0,1394;-0,1390;-0,1509;0,0000;0,2899;0,1394;-24,0419;23,9737;26,0263;-0,0000;-50,0000;-24,0419;14;0
