ido_s;J1_fok;J2_fok;J3_fok;J4_fok;J5_fok;J6_fok;TCP_X_mm;TCP_Y_mm;TCP_Z_mm;TCP_sebesseg_mm_s;v_J1_fok_s;v_J2_fok_s;v_J3_fok_s;v_J4_fok_s;v_J5_fok_s;v_J6_fok_s;a_J1_fok_s2;a_J2_fok_s2;a_J3_fok_s2;a_J4_fok_s2;a_J5_fok_s2;a_J6_fok_s2;mozgas_id;hibakod
0,0000;-0,0000;13,8370;30,3208;0,0000;45,8422;180,0000;330,000;0,000;200,000;0,000;-0,2404;0,2397;0,2603;0,0000;-0,5000;-0,2404;-120,2093;119,8686;130,1314;0,0000;-250,0000;-120,2093;5;0
0,0020;-0,0005;13,8375;30,3213;0,0000;45,8412;179,9995;329,999;-0,003;199,995;2,949;-0,4808;0,4795;0,5205;0,0000;-1,0000;-0,4808;-180,3140;179,8029;195,1971;0,0000;-375,0000;-180,3140;5;0
0,0040;-0,0019;13,8389;30,3229;0,0000;45,8382;179,9981;329,998;-0,011;199,979;8,847;-0,9617;0,9589;1,0411;0,0000;-2,0000;-0,9617;-240,4187;239,7372;260,2628;0,0000;-500,0000;-240,4187;5;0
0,0060;-0,0043;13,8413;30,3255;0,0000;45,8332;179,9957;329,995;-0,025;199,953;14,746;-1,4425;1,4384;1,5616;0,0000;-3,0000;-1,4425;-240,4187;239,7372;260,2628;0,0000;-500,0000;-240,4187;5;0
0,0080;-0,0077;13,8447;30,3291;0,0000;45,8262;179,9923;329,990;-0,044;199,917;20,643;-1,9233;1,9179;2,0821;0,0000;-4,0000;-1,9233;-240,4187;239,7372;260,2628;0,0000;-500,0000;-240,4187;5;0
0,0100;-0,0120;13,8490;30,3338;0,0000;45,8172;179,9880;329,985;-0,069;199,871;26,541;-2,4042;2,3974;2,6026;0,0000;-5,0000;-2,4042;-240,4187;239,7372;260,2628;0,0000;-500,0000;-240,4187;5;0
0,0120;-0,0173;13,8543;30,3395;0,0000;45,8062;179,9827;329,978;-0,100;199,814;32,438;-2,8850;2,8768;3,1232;0,0000;-6,0000;-2,8850;-240,4187;239,7372;260,2628;0,0000;-500,0000;-240,4187;5;0
0,0140;-0,0236;13,8605;30,3463;0,0000;45,7932;179,9764;329,970;-0,136;199,747;38,334;-3,3659;3,3563;3,6437;0,0000;-7,0000;-3,3659;-240,4187;239,7372;260,2628;0,0000;-500,0000;-240,4187;5;0
0,0160;-0,0308;13,8677;30,3541;0,0000;45,7782;179,9692;329,961;-0,177;199,669;44,229;-3,8467;3,8358;4,1642;0,0000;-8,0000;-3,8467;-240,4187;239,7372;260,2628;0,0000;-500,0000;-240,4187;5;0
0,0180;-0,0389;13,8758;30,3629;0,0000;45,7612;179,9611;329,951;-0,224;199,581;50,124;-4,3275;4,3153;4,6847;0,0000;-9,0000;-4,3275;-240,4187;239,7372;260,2628;0,0000;-500,0000;-240,4187;5;0
0,0200;-0,0481;13,8850;30,3728;0,0000;45,7422;179,9519;329,939;-0,277;199,483;56,017;-4,8084;4,7947;5,2053;0,0000;-10,0000;-4,8084;-240,4187;239,7372;260,2628;0,0000;-500,0000;-240,4187;5;0
0,0220;-0,0582;13,8950;30,3838;0,0000;45,7212;179,9418;329,926;-0,335;199,374;61,909;-5,2892;5,2742;5,7258;0,0000;-11,0000;-5,2892;-240,4187;239,7372;260,2628;0,0000;-500,0000;-240,4187;5;0
0,0240;-0,0692;13,9060;30,3957;0,0000;45,6982;179,9308;329,912;-0,399;199,255;67,800;-5,7700;5,7537;6,2463;0,0000;-12,0000;-5,7700;-240,4187;239,7372;260,2628;0,0000;-500,0000;-240,4187;5;0
0,0260;-0,0813;13,9180;30,4088;0,0000;45,6732;179,9187;329,897;-0,468;199,126;73,690;-6,2509;6,2332;6,7668;0,0000;-13,0000;-6,2509;-240,4187;239,7372;260,2628;0,0000;-500,0000;-240,4187;5;0
0,0280;-0,0942;13,9310;30,4228;0,0000;45,6462;179,9058;329,880;-0,543;198,987;79,578;-6,7317;6,7126;7,2874;0,0000;-14,0000;-6,7317;-240,4187;239,7372;260,2628;0,0000;-500,0000;-240,4187;5;0
0,0300;-0,1082;13,9449;30,4379;0,0000;45,6172;179,8918;329,862;-0,623;198,837;85,464;-7,2126;7,1921;7,8079;0,0000;-15,0000;-7,2126;-240,4187;239,7372;260,2628;0,0000;-500,0000;-240,4187;5;0
0,0320;-0,1231;13,9597;30,4540;0,0000;45,5862;179,8769;329,842;-0,709;198,677;91,349;-7,6934;7,6716;8,3284;0,0000;-16,0000;-7,6934;-240,4187;239,7372;260,2628;0,0000;-500,0000;-240,4187;5;0
0,0340;-0,1390;13,9756;30,4712;0,0000;45,5532;179,8610;329,822;-0,800;198,506;97,232;-8,1742;8,1511;8,8489;0,0000;-17,0000;-8,1742;-240,4187;239,7372;260,2628;0,0000;-500,0000;-240,4187;5;0
0,0360;-0,1558;13,9924;30,4894;0,0000;45,5182;179,8442;329,799;-0,897;198,326;103,112;-8,6551;8,6305;9,3695;0,0000;-18,0000;-8,6551;-240,4187;239,7372;260,2628;0,0000;-500,0000;-240,4187;5;0
0,0380;-0,1736;14,0101;30,5087;0,0000;45,4812;179,8264;329,776;-0,999;198,135;108,991;-9,1359;9,1100;9,8900;0,0000;-19,0000;-9,1359;-240,4187;239,7372;260,2628;0,0000;-500,0000;-240,4187;5;0
0,0400;-0,1923;14,0288;30,5290;0,0000;45,4422;179,8077;329,751;-1,107;197,933;114,867;-9,6167;9,5895;10,4105;0,0000;-20,0000;-9,6167;-240,4187;239,7372;260,2628;0,0000;-500,0000;-240,4187;5;0
0,0420;-0,2120;14,0485;30,5503;0,0000;45,4012;179,7880;329,724;-1,220;197,722;120,741;-10,0976;10,0690;10,9310;0,0000;-21,0000;-10,0976;-240,4187;239,7372;260,2628;0,0000;-500,0000;-240,4187;5;0
0,0440;-0,2327;14,0691;30,5727;0,0000;45,3582;179,7673;329,696;-1,339;197,500;126,612;-10,5784;10,5484;11,4516;0,0000;-22,0000;-10,5784;-240,4187;239,7372;260,2628;0,0000;-500,0000;-240,4187;5;0
0,0460;-0,2544;14,0906;30,5961;0,0000;45,3132;179,7456;329,667;-1,464;197,268;132,481;-11,0593;11,0279;11,9721;0,0000;-23,0000;-11,0593;-240,4187;239,7372;260,2628;0,0000;-500,0000;-240,4187;5;0
0,0480;-0,2770;14,1132;30,6206;0,0000;45,2662;179,7230;329,636;-1,593;197,025;138,346;-11,5401;11,5074;12,4926;0,0000;-24,0000;-11,5401;-240,4187;239,7372;260,2628;0,0000;-500,0000;-240,4187;5;0
0,0500;-0,3005;14,1367;30,6461;0,0000;45,2172;179,6995;329,603;-1,729;196,773;144,209;-12,0209;11,9869;13,0131;0,0000;-25,0000;-12,0209;-240,4187;239,7372;260,2628;0,0000;-500,0000;-240,4187;5;0
0,0520;-0,3250;14,1611;30,6727;0,0000;45,1662;179,6750;329,569;-1,870;196,510;150,069;-12,5018;12,4663;13,5337;0,0000;-26,0000;-12,5018;-240,4187;239,7372;260,2628;0,0000;-500,0000;-240,4187;5;0
0,0540;-0,3505;14,1865;30,7002;0,0000;45,1132;179,6495;329,533;-2,016;196,237;155,926;-12,9826;12,9458;14,0542;0,0000;-27,0000;-12,9826;-240,4187;239,7372;260,2628;0,0000;-500,0000;-240,4187;5;0
0,0560;-0,3770;14,2129;30,7289;0,0000;45,0582;179,6230;329,495;-2,168;195,954;161,779;-13,4634;13,4253;14,5747;0,0000;-28,0000;-13,4634;-240,4187;239,7372;260,2628;0,0000;-500,0000;-240,4187;5;0
0,0580;-0,4044;14,2402;30,7585;0,0000;45,0012;179,5956;329,456;-2,325;195,660;167,629;-13,9443;13,9048;15,0952;0,0000;-29,0000;-13,9443;-240,4187;239,7372;260,2628;0,0000;-500,0000;-240,4187;5;0
0,0600;-0,4328;14,2685;30,7893;0,0000;44,9422;179,5672;329,415;-2,488;195,357;173,476;-14,4251;14,3842;15,6158;0,0000;-30,0000;-14,4251;-240,4187;239,7372;260,2628;0,0000;-500,0000;-240,4187;5;0
0,0620;-0,4621;14,2978;30,8210;0,0000;44,8812;179,5379;329,372;-2,656;195,043;179,318;-14,9060;14,8637;16,1363;0,0000;-31,0000;-14,9060;-240,4187;239,7372;260,2628;0,0000;-500,0000;-240,4187;5;0
0,0640;-0,4924;14,3280;30,8538;0,0000;44,8182;179,5076;329,327;-2,830;194,719;185,157;-15,3868;15,3432;16,6568;0,0000;-32,0000;-15,3868;-240,4187;239,7372;260,2628;0,0000;-500,0000;-240,4187;5;0
0,0660;-0,5236;14,3592;30,8876;0,0000;44,7532;179,4764;329,281;-3,009;194,385;190,992;-15,8676;15,8227;17,1773;0,0000;-33,0000;-15,8676;-240,4187;239,7372;260,2628;0,0000;-500,0000;-240,4187;5;0
0,0680;-0,5558;14,3913;30,9225;0,0000;44,6862;179,4442;329,232;-3,194;194,041;196,823;-16,3485;16,3021;17,6979;0,0000;-34,0000;-16,3485;-240,4187;239,7372;260,2628;0,0000;-500,0000;-240,4187;5;0
0,0700;-0,5890;14,4244;30,9584;0,0000;44,6172;179,4110;329,182;-3,384;193,686;202,650;-16,8293;16,7816;18,2184;0,0000;-35,0000;-16,8293;-240,4187;239,7372;260,2628;0,0000;-500,0000;-240,4187;5;0
0,0720;-0,6232;14,4584;30,9954;0,0000;44,5462;179,3768;329,130;-3,580;193,322;208,472;-17,3101;17,2611;18,7389;0,0000;-36,0000;-17,3101;-240,4187;239,7372;260,2628;0,0000;-500,0000;-240,4187;5;0
0,0740;-0,6583;14,4934;31,0334;0,0000;44,4732;179,3417;329,075;-3,781;192,947;214,290;-17,7910;17,7406;19,2594;0,0000;-37,0000;-17,7910;-240,4187;239,7372;260,2628;0,0000;-500,0000;-240,4187;5;0
0,0760;-0,6943;14,5294;31,0724;0,0000;44,3982;179,3057;329,019;-3,987;192,563;220,103;-18,2718;18,2200;19,7800;0,0000;-38,0000;-18,2718;-240,4187;239,7372;260,2628;0,0000;-500,0000;-240,4187;5;0
0,0780;-0,7314;14,5663;31,1125;0,0000;44,3212;179,2686;328,960;-4,199;192,168;225,911;-18,7527;18,6995;20,3005;0,0000;-39,0000;-18,7527;-240,4187;239,7372;260,2628;0,0000;-500,0000;-240,4187;5;0
0,0800;-0,7693;14,6042;31,1536;0,0000;44,2422;179,2307;328,899;-4,417;191,763;231,715;-19,2335;19,1790;20,8210;0,0000;-40,0000;-19,2335;-240,4187;239,7372;260,2628;0,0000;-500,0000;-240,4187;5;0
0,0820;-0,8083;14,6430;31,1958;0,0000;44,1612;179,1917;328,836;-4,639;191,348;237,513;-19,7143;19,6585;21,3415;0,0000;-41,0000;-19,7143;-240,4187;239,7372;260,2628;0,0000;-500,0000;-240,4187;5;0
0,0840;-0,8482;14,6828;31,2390;0,0000;44,0782;179,1518;328,771;-4,867;190,924;243,306;-20,1952;20,1379;21,8621;0,0000;-42,0000;-20,1952;-240,4187;239,7372;260,2628;0,0000;-500,0000;-240,4187;5;0
0,0860;-0,8891;14,7236;31,2832;0,0000;43,9932;179,1109;328,703;-5,101;190,489;249,094;-20,6760;20,6174;22,3826;0,0000;-43,0000;-20,6760;-240,4187;239,7372;260,2628;0,0000;-500,0000;-240,4187;5;0
0,0880;-0,9309;14,7653;31,3285;0,0000;43,9062;179,0691;328,633;-5,340;190,044;254,877;-21,1568;21,0969;22,9031;0,0000;-44,0000;-21,1568;-240,4187;239,7372;260,2628;0,0000;-500,0000;-240,4187;5;0
0,0900;-0,9737;14,8079;31,3748;0,0000;43,8172;179,0263;328,560;-5,584;189,589;260,654;-21,6377;21,5764;23,4236;0,0000;-45,0000;-21,6377;-240,4187;239,7372;260,2628;0,0000;-500,0000;-240,4187;5;0
0,0920;-1,0175;14,8516;31,4222;0,0000;43,7262;178,9825;328,485;-5,834;189,124;266,425;-22,1185;22,0558;23,9442;0,0000;-46,0000;-22,1185;-240,4187;239,7372;260,2628;0,0000;-500,0000;-240,4187;5;0
0,0940;-1,0622;14,8962;31,4706;0,0000;43,6332;178,9378;328,408;-6,089;188,650;272,190;-22,5994;22,5353;24,4647;0,0000;-47,0000;-22,5994;-240,4187;239,7372;260,2628;0,0000;-500,0000;-240,4187;5;0
0,0960;-1,1078;14,9417;31,5201;0,0000;43,5382;178,8922;328,328;-6,349;188,165;277,949;-23,0802;23,0148;24,9852;0,0000;-48,0000;-23,0802;-240,4187;239,7372;260,2628;0,0000;-500,0000;-240,4187;5;0
0,0980;-1,1545;14,9882;31,5706;0,0000;43,4412;178,8455;328,245;-6,615;187,671;283,702;-23,5610;23,4942;25,5058;0,0000;-49,0000;-23,5610;-240,4187;239,7372;260,2628;0,0000;-500,0000;-240,4187;5;0
0,1000;-1,2021;15,0357;31,6221;0,0000;43,3422;178,7979;328,159;-6,886;187,166;289,449;-24,0419;23,9737;26,0263;0,0000;-50,0000;-24,0419;-240,4187;239,7372;260,2628;0,0000;-500,0000;-240,4187;5;0
0,1020;-1,2507;15,0841;31,6747;0,0000;43,2412;178,7493;328,071;-7,162;186,652;295,190;-24,5227;24,4532;26,5468;0,0000;-51,0000;-24,5227;-240,4187;239,7372;260,2628;0,0000;-500,0000;-240,4187;5;0
0,1040;-1,3002;15,1335;31,7283;0,0000;43,1382;178,6998;327,979;-7,444;186,128;300,923;-25,0035;24,9327;27,0673;0,0000;-52,0000;-25,0035;-240,4187;239,7372;260,2628;0,0000;-500,0000;-240,4187;5;0
0,1060;-1,3507;15,1838;31,7829;0,0000;43,0332;178,6493;327,885;-7,731;185,595;306,650;-25,4844;25,4121;27,5879;0,0000;-53,0000;-25,4844;-240,4187;239,7372;260,2628;0,0000;-500,0000;-240,4187;5;0
0,1080;-1,4021;15,2352;31,8386;0,0000;42,9262;178,5979;327,788;-8,023;185,051;312,370;-25,9652;25,8916;28,1084;0,0000;-54,0000;-25,9652;-240,4187;239,7372;260,2628;0,0000;-500,0000;-240,4187;5;0
0,1100;-1,4545;15,2874;31,8954;0,0000;42,8172;178,5455;327,688;-8,321;184,498;318,083;-26,4461;26,3711;28,6289;0,0000;-55,0000;-26,4461;-240,4187;239,7372;260,2628;0,0000;-500,0000;-240,4187;5;0
0,1120;-1,5079;15,3406;31,9532;0,0000;42,7062;178,4921;327,584;-8,623;183,935;323,789;-26,9269;26,8506;29,1494;0,0000;-56,0000;-26,9269;-240,4187;239,7372;260,2628;0,0000;-500,0000;-240,4187;5;0
0,1140;-1,5622;15,3948;32,0120;0,0000;42,5932;178,4378;327,477;-8,931;183,362;329,487;-27,4077;27,3300;29,6700;0,0000;-57,0000;-27,4077;-240,4187;239,7372;260,2628;0,0000;-500,0000;-240,4187;5;0
0,1160;-1,6175;15,4500;32,0718;0,0000;42,4782;178,3825;327,368;-9,244;182,780;335,178;-27,8886;27,8095;30,1905;0,0000;-58,0000;-27,8886;-240,4187;239,7372;260,2628;0,0000;-500,0000;-240,4187;5;0
0,1180;-1,6738;15,5061;32,1327;0,0000;42,3612;178,3262;327,254;-9,563;182,187;340,861;-28,3694;28,2890;30,7110;0,0000;-59,0000;-28,3694;-240,4187;239,7372;260,2628;0,0000;-500,0000;-240,4187;5;0
0,1200;-1,7310;15,5631;32,1947;0,0000;42,2422;178,2690;327,138;-9,886;181,586;346,536;-28,8502;28,7685;31,2315;0,0000;-60,0000;-28,8502;-240,4187;239,7372;260,2628;0,0000;-500,0000;-240,4187;5;0
0,1220;-1,7892;15,6211;32,2577;0,0000;42,1212;178,2108;327,017;-10,215;180,974;352,204;-29,3311;29,2479;31,7521;0,0000;-61,0000;-29,3311;-240,4187;239,7372;260,2628;0,0000;-500,0000;-240,4187;5;0
0,1240;-1,8483;15,6801;32,3217;0,0000;41,9982;178,1517;326,894;-10,549;180,354;357,863;-29,8119;29,7274;32,2726;0,0000;-62,0000;-29,8119;-240,4187;239,7372;260,2628;0,0000;-500,0000;-240,4187;5;0
0,1260;-1,9084;15,7400;32,3867;0,0000;41,8732;178,0916;326,766;-10,888;179,723;363,514;-30,2928;30,2069;32,7931;0,0000;-63,0000;-30,2928;-240,4187;239,7372;260,2628;0,0000;-500,0000;-240,4187;5;0
0,1280;-1,9695;15,8009;32,4529;0,0000;41,7462;178,0305;326,635;-11,232;179,083;369,156;-30,7736;30,6864;33,3136;0,0000;-64,0000;-30,7736;-240,4187;239,7372;260,2628;0,0000;-500,0000;-240,4187;5;0
0,1300;-2,0315;15,8628;32,5200;0,0000;41,6172;177,9685;326,500;-11,582;178,434;374,790;-31,2544;31,1658;33,8342;0,0000;-65,0000;-31,2544;-240,4187;239,7372;260,2628;0,0000;-500,0000;-240,4187;5;0
0,1320;-2,0945;15,9256;32,5882;0,0000;41,4862;177,9055;326,362;-11,936;177,775;380,415;-31,7353;31,6453;34,3547;0,0000;-66,0000;-31,7353;-240,4187;239,7372;260,2628;0,0000;-500,0000;-240,4187;5;0
0,1340;-2,1585;15,9894;32,6574;0,0000;41,3532;177,8415;326,219;-12,295;177,107;386,031;-32,2161;32,1248;34,8752;0,0000;-67,0000;-32,2161;-240,4187;239,7372;260,2628;0,0000;-500,0000;-240,4187;5;0
0,1360;-2,2234;16,0541;32,7277;0,0000;41,2182;177,7766;326,072;-12,660;176,429;391,638;-32,6969;32,6043;35,3957;0,0000;-68,0000;-32,6969;-240,4187;239,7372;260,2628;0,0000;-500,0000;-240,4187;5;0
0,1380;-2,2893;16,1198;32,7990;0,0000;41,0812;177,7107;325,921;-13,029;175,742;397,236;-33,1778;33,0837;35,9163;0,0000;-69,0000;-33,1778;-240,4187;239,7372;260,2628;0,0000;-500,0000;-240,4187;5;0
0,1400;-2,3561;16,1864;32,8714;0,0000;40,9422;177,6439;325,766;-13,404;175,046;402,824;-33,6586;33,5632;36,4368;0,0000;-70,0000;-33,6586;-240,4187;239,7372;260,2628;0,0000;-500,0000;-240,4187;5;0
0,1420;-2,4239;16,2540;32,9448;0,0000;40,8012;177,5761;325,607;-13,783;174,340;408,402;-34,1395;34,0427;36,9573;0,0000;-71,0000;-34,1395;-240,4187;239,7372;260,2628;0,0000;-500,0000;-240,4187;5;0
0,1440;-2,4927;16,3226;33,0192;0,0000;40,6582;177,5073;325,443;-14,167;173,626;413,971;-34,6203;34,5222;37,4778;0,0000;-72,0000;-34,6203;-240,4187;239,7372;260,2628;0,0000;-500,0000;-240,4187;5;0
0,1460;-2,5624;16,3921;33,0947;0,0000;40,5132;177,4376;325,275;-14,557;172,902;419,530;-35,1011;35,0016;37,9984;0,0000;-73,0000;-35,1011;-240,4187;239,7372;260,2628;0,0000;-500,0000;-240,4187;5;0
0,1480;-2,6331;16,4626;33,1712;0,0000;40,3662;177,3669;325,103;-14,951;172,168;425,078;-35,5820;35,4811;38,5189;0,0000;-74,0000;-35,5820;-240,4187;239,7372;260,2628;0,0000;-500,0000;-240,4187;5;0
0,1500;-2,7047;16,5340;33,2487;0,0000;40,2172;177,2953;324,925;-15,350;171,426;430,616;-36,0628;35,9606;39,0394;0,0000;-75,0000;-36,0628;-240,4187;239,7372;260,2628;0,0000;-500,0000;-240,4187;5;0
0,1520;-2,7773;16,6064;33,3273;0,0000;40,0662;177,2227;324,743;-15,754;170,675;436,144;-36,5436;36,4401;39,5599;0,0000;-76,0000;-36,5436;-240,4187;239,7372;260,2628;0,0000;-500,0000;-240,4187;5;0
0,1540;-2,8509;16,6798;33,4070;0,0000;39,9132;177,1491;324,556;-16,162;169,914;441,661;-37,0245;36,9195;40,0805;0,0000;-77,0000;-37,0245;-240,4187;239,7372;260,2628;0,0000;-500,0000;-240,4187;5;0
0,1560;-2,9254;16,7541;33,4877;0,0000;39,7582;177,0746;324,365;-16,576;169,145;447,167;-37,5053;37,3990;40,6010;0,0000;-78,0000;-37,5053;-240,4187;239,7372;260,2628;0,0000;-500,0000;-240,4187;5;0
0,1580;-3,0009;16,8294;33,5694;0,0000;39,6012;176,9991;324,168;-16,994;168,366;452,663;-37,9862;37,8785;41,1215;0,0000;-79,0000;-37,9862;-240,4187;239,7372;260,2628;0,0000;-500,0000;-240,4187;5;0
0,1600;-3,0774;16,9056;33,6521;0,0000;39,4422;176,9226;323,966;-17,417;167,579;458,147;-38,4670;38,3580;41,6420;0,0000;-80,0000;-38,4670;-240,4187;239,7372;260,2628;0,0000;-500,0000;-240,4187;5;0
0,1620;-3,1548;16,9828;33,7360;0,0000;39,2812;176,8452;323,759;-17,845;166,782;463,619;-38,9478;38,8374;42,1626;0,0000;-81,0000;-38,9478;-240,4187;239,7372;260,2628;0,0000;-500,0000;-240,4187;5;0
0,1640;-3,2332;17,0610;33,8208;0,0000;39,1182;176,7668;323,547;-18,277;165,977;469,080;-39,4287;39,3169;42,6831;0,0000;-82,0000;-39,4287;-240,4187;239,7372;260,2628;0,0000;-500,0000;-240,4187;5;0
0,1660;-3,3125;17,1401;33,9067;0,0000;38,9532;176,6875;323,330;-18,714;165,163;474,529;-39,9095;39,7964;43,2036;0,0000;-83,0000;-39,9095;-240,4187;239,7372;260,2628;0,0000;-500,0000;-240,4187;5;0
0,1680;-3,3928;17,2202;33,9936;0,0000;38,7862;176,6072;323,107;-19,155;164,341;479,967;-40,3903;40,2759;43,7241;0,0000;-84,0000;-40,3903;-240,4187;239,7372;260,2628;0,0000;-500,0000;-240,4187;5;0
0,1700;-3,4740;17,3012;34,0816;0,0000;38,6172;176,5259;322,878;-19,601;163,509;485,392;-40,8712;40,7553;44,2447;0,0000;-85,0000;-40,8712;-240,4187;239,7372;260,2628;0,0000;-500,0000;-240,4187;5;0
0,1720;-3,5563;17,3832;34,1706;0,0000;38,4462;176,4437;322,644;-20,052;162,669;490,804;-41,3520;41,2348;44,7652;0,0000;-86,0000;-41,3520;-240,4187;239,7372;260,2628;0,0000;-500,0000;-240,4187;5;0
0,1740;-3,6395;17,4661;34,2606;0,0000;38,2732;176,3605;322,404;-20,507;161,820;496,205;-41,8329;41,7143;45,2857;0,0000;-87,0000;-41,8329;-240,4187;239,7372;260,2628;0,0000;-500,0000;-240,4187;5;0
0,1760;-3,7236;17,5501;34,3517;0,0000;38,0982;176,2764;322,158;-20,966;160,963;501,592;-42,3137;42,1938;45,8062;0,0000;-88,0000;-42,3137;-240,4187;239,7372;260,2628;0,0000;-500,0000;-240,4187;5;0
0,1780;-3,8087;17,6349;34,4439;0,0000;37,9212;176,1913;321,906;-21,430;160,097;506,967;-42,7945;42,6732;46,3268;0,0000;-89,0000;-42,7945;-240,4187;239,7372;260,2628;0,0000;-500,0000;-240,4187;5;0
0,1800;-3,8948;17,7207;34,5370;0,0000;37,7422;176,1052;321,649;-21,898;159,223;512,328;-43,2754;43,1527;46,8473;0,0000;-90,0000;-43,2754;-240,4187;239,7372;260,2628;0,0000;-500,0000;-240,4187;5;0
0,1820;-3,9818;17,8075;34,6313;0,0000;37,5612;176,0182;321,385;-22,371;158,341;517,676;-43,7562;43,6322;47,3678;0,0000;-91,0000;-43,7562;-240,4187;239,7372;260,2628;0,0000;-500,0000;-240,4187;5;0
0,1840;-4,0698;17,8953;34,7265;0,0000;37,3782;175,9302;321,115;-22,848;157,450;523,011;-44,2370;44,1117;47,8883;0,0000;-92,0000;-44,2370;-240,4187;239,7372;260,2628;0,0000;-500,0000;-240,4187;5;0
0,1860;-4,1588;17,9840;34,8228;0,0000;37,1932;175,8412;320,838;-23,329;156,550;528,332;-44,7179;44,5911;48,4089;0,0000;-93,0000;-44,7179;-240,4187;239,7372;260,2628;0,0000;-500,0000;-240,4187;5;0
0,1880;-4,2487;18,0736;34,9201;0,0000;37,0062;175,7513;320,555;-23,814;155,643;533,639;-45,1987;45,0706;48,9294;0,0000;-94,0000;-45,1987;-240,4187;239,7372;260,2628;0,0000;-500,0000;-240,4187;5;0
0,1900;-4,3396;18,1643;35,0185;0,0000;36,8172;175,6604;320,266;-24,303;154,727;538,932;-45,6795;45,5501;49,4499;0,0000;-95,0000;-45,6795;-240,4187;239,7372;260,2628;0,0000;-500,0000;-240,4187;5;0
0,1920;-4,4314;18,2558;35,1179;0,0000;36,6262;175,5686;319,970;-24,797;153,803;544,211;-46,1604;46,0296;49,9704;0,0000;-96,0000;-46,1604;-240,4187;239,7372;260,2628;0,0000;-500,0000;-240,4187;5;0
0,1940;-4,5242;18,3484;35,2184;0,0000;36,4332;175,4758;319,667;-25,294;152,871;549,475;-46,6412;46,5090;50,4910;0,0000;-97,0000;-46,6412;-240,4187;239,7372;260,2628;0,0000;-500,0000;-240,4187;5;0
0,1960;-4,6180;18,4419;35,3199;0,0000;36,2382;175,3820;319,357;-25,796;151,931;554,724;-47,1221;46,9885;51,0115;0,0000;-98,0000;-47,1221;-240,4187;239,7372;260,2628;0,0000;-500,0000;-240,4187;5;0
0,1980;-4,7127;18,5363;35,4225;0,0000;36,0412;175,2873;319,041;-26,301;150,983;559,959;-47,6029;47,4680;51,5320;0,0000;-99,0000;-47,6029;-240,4187;239,7372;260,2628;0,0000;-500,0000;-240,4187;5;0
0,2000;-4,8084;18,6317;35,5260;0,0000;35,8422;175,1916;318,717;-26,810;150,028;565,178;-48,0837;47,9474;52,0526;0,0000;-100,0000;-48,0837;-240,4187;239,7372;260,2628;0,0000;-500,0000;-240,4187;5;0
0,2020;-4,9050;18,7281;35,6307;0,0000;35,6412;175,0950;318,386;-27,323;149,064;570,382;-48,5646;48,4269;52,5731;0,0000;-101,0000;-48,5646;-240,4187;239,7372;260,2628;0,0000;-500,0000;-240,4187;5;0
0,2040;-5,0026;18,8255;35,7363;0,0000;35,4382;174,9974;318,048;-27,840;148,092;575,570;-49,0454;48,9064;53,0936;0,0000;-102,0000;-49,0454;-240,4187;239,7372;260,2628;0,0000;-500,0000;-240,4187;5;0
0,2060;-5,1012;18,9237;35,8430;0,0000;35,2332;174,8988;317,703;-28,361;147,113;580,743;-49,5262;49,3859;53,6141;0,0000;-103,0000;-49,5262;-240,4187;239,7372;260,2628;0,0000;-500,0000;-240,4187;5;0
0,2080;-5,2007;19,0230;35,9508;0,0000;35,0262;174,7993;317,350;-28,885;146,127;585,899;-50,0071;49,8653;54,1347;0,0000;-104,0000;-50,0071;-240,4187;239,7372;260,2628;0,0000;-500,0000;-240,4187;5;0
0,2100;-5,3012;19,1232;36,0596;0,0000;34,8172;174,6988;316,989;-29,413;145,132;591,039;-50,4879;50,3448;54,6552;0,0000;-105,0000;-50,4879;-240,4187;239,7372;260,2628;0,0000;-500,0000;-240,4187;5;0
0,2120;-5,4027;19,2244;36,1694;0,0000;34,6062;174,5973;316,621;-29,944;144,131;596,163;-50,9688;50,8243;55,1757;0,0000;-106,0000;-50,9688;-240,4187;239,7372;260,2628;0,0000;-500,0000;-240,4187;5;0
0,2140;-5,5051;19,3265;36,2803;0,0000;34,3932;174,4949;316,245;-30,479;143,121;601,271;-51,4496;51,3038;55,6962;0,0000;-107,0000;-51,4496;-240,4187;239,7372;260,2628;0,0000;-500,0000;-240,4187;5;0
0,2160;-5,6085;19,4296;36,3922;0,0000;34,1782;174,3915;315,861;-31,018;142,105;606,361;-51,9304;51,7832;56,2168;0,0000;-108,0000;-51,9304;-240,4187;239,7372;260,2628;0,0000;-500,0000;-240,4187;5;0
0,2180;-5,7128;19,5336;36,5051;0,0000;33,9612;174,2872;315,468;-31,559;141,081;611,434;-52,4113;52,2627;56,7373;0,0000;-109,0000;-52,4113;-240,4187;239,7372;260,2628;0,0000;-500,0000;-240,4187;5;0
0,2200;-5,8181;19,6386;36,6191;0,0000;33,7422;174,1819;315,068;-32,104;140,050;616,490;-52,8921;52,7422;57,2578;0,0000;-110,0000;-52,8921;-240,4187;239,7372;260,2628;0,0000;-500,0000;-240,4187;5;0
0,2220;-5,9244;19,7446;36,7342;0,0000;33,5212;174,0756;314,660;-32,652;139,012;621,529;-53,3729;53,2217;57,7783;0,0000;-111,0000;-53,3729;-240,4187;239,7372;260,2628;0,0000;-500,0000;-240,4187;5;0
0,2240;-6,0316;19,8515;36,8503;0,0000;33,2982;173,9684;314,243;-33,204;137,966;626,549;-53,8538;53,7011;58,2989;0,0000;-112,0000;-53,8538;-240,4187;239,7372;260,2628;0,0000;-500,0000;-240,4187;5;0
0,2260;-6,1398;19,9594;36,9674;0,0000;33,0732;173,8602;313,818;-33,758;136,914;631,552;-54,3346;54,1806;58,8194;0,0000;-113,0000;-54,3346;-240,4187;239,7372;260,2628;0,0000;-500,0000;-240,4187;5;0
0,2280;-6,2490;20,0683;37,0855;0,0000;32,8462;173,7510;313,384;-34,315;135,855;636,536;-54,8155;54,6601;59,3399;0,0000;-114,0000;-54,8155;-240,4187;239,7372;260,2628;0,0000;-500,0000;-240,4187;5;0
0,2300;-6,3591;20,1781;37,2047;0,0000;32,6172;173,6409;312,942;-34,876;134,789;641,502;-55,2963;55,1396;59,8604;0,0000;-115,0000;-55,2963;-240,4187;239,7372;260,2628;0,0000;-500,0000;-240,4187;5;0
0,2320;-6,4701;20,2888;37,3250;0,0000;32,3862;173,5299;312,490;-35,439;133,716;646,449;-55,7771;55,6190;60,3810;0,0000;-116,0000;-55,7771;-240,4187;239,7372;260,2628;0,0000;-500,0000;-240,4187;5;0
0,2340;-6,5822;20,4005;37,4463;0,0000;32,1532;173,4178;312,030;-36,005;132,637;651,378;-56,2580;56,0985;60,9015;0,0000;-117,0000;-56,2580;-240,4187;239,7372;260,2628;0,0000;-500,0000;-240,4187;5;0
0,2360;-6,6952;20,5132;37,5686;0,0000;31,9182;173,3048;311,561;-36,573;131,551;656,287;-56,7388;56,5780;61,4220;0,0000;-118,0000;-56,7388;-240,4187;239,7372;260,2628;0,0000;-500,0000;-240,4187;5;0
0,2380;-6,8091;20,6268;37,6919;0,0000;31,6812;173,1909;311,083;-37,145;130,458;661,176;-57,2196;57,0575;61,9425;0,0000;-119,0000;-57,2196;-240,4187;239,7372;260,2628;0,0000;-500,0000;-240,4187;5;0
0,2400;-6,9241;20,7414;37,8164;0,0000;31,4422;173,0759;310,595;-37,719;129,359;666,046;-57,7005;57,5369;62,4631;0,0000;-120,0000;-57,7005;-240,4187;239,7372;260,2628;0,0000;-500,0000;-240,4187;5;0
0,2420;-7,0399;20,8570;37,9418;0,0000;31,2012;172,9601;310,099;-38,295;128,254;670,897;-58,1813;58,0164;62,9836;0,0000;-121,0000;-58,1813;-240,4187;239,7372;260,2628;0,0000;-500,0000;-240,4187;5;0
0,2440;-7,1568;20,9735;38,0683;0,0000;30,9582;172,8432;309,592;-38,873;127,142;675,727;-58,6622;58,4959;63,5041;0,0000;-122,0000;-58,6622;-240,4187;239,7372;260,2628;0,0000;-500,0000;-240,4187;5;0
0,2460;-7,2746;21,0910;38,1958;0,0000;30,7132;172,7254;309,077;-39,454;126,025;680,537;-59,1430;58,9754;64,0246;0,0000;-123,0000;-59,1430;-240,4187;239,7372;260,2628;0,0000;-500,0000;-240,4187;5;0
0,2480;-7,3934;21,2094;38,3244;0,0000;30,4662;172,6066;308,551;-40,037;124,901;685,326;-59,6238;59,4548;64,5452;0,0000;-124,0000;-59,6238;-240,4187;239,7372;260,2628;0,0000;-500,0000;-240,4187;5;0
0,2500;-7,5131;21,3288;38,4540;0,0000;30,2172;172,4869;308,016;-40,623;123,772;690,094;-60,1047;59,9343;65,0657;0,0000;-125,0000;-60,1047;-240,4187;239,7372;260,2628;0,0000;-500,0000;-240,4187;5;0
0,2520;-7,6338;21,4491;38,5846;0,0000;29,9662;172,3662;307,471;-41,210;122,636;694,841;-60,5855;60,4138;65,5862;0,0000;-126,0000;-60,5855;-240,4187;239,7372;260,2628;0,0000;-500,0000;-240,4187;5;0
0,2540;-7,7554;21,5704;38,7163;0,0000;29,7132;172,2446;306,916;-41,799;121,495;699,567;-61,0663;60,8933;66,1067;0,0000;-127,0000;-61,0663;-240,4187;239,7372;260,2628;0,0000;-500,0000;-240,4187;5;0
0,2560;-7,8780;21,6927;38,8491;0,0000;29,4582;172,1220;306,351;-42,390;120,348;704,272;-61,5472;61,3727;66,6273;0,0000;-128,0000;-61,5472;-240,4187;239,7372;260,2628;0,0000;-500,0000;-240,4187;5;0
0,2580;-8,0016;21,8159;38,9828;0,0000;29,2012;171,9984;305,776;-42,983;119,195;708,954;-62,0280;61,8522;67,1478;0,0000;-129,0000;-62,0280;-228,1238;227,4772;246,9530;0,0000;-474,4302;-228,1238;5;0
0,2600;-8,1262;21,9401;39,1177;0,0000;28,9422;171,8738;305,190;-43,577;118,037;713,615;-62,4597;62,2826;67,6151;0,0000;-129,8977;-62,4597;-113,6507;113,3285;123,0314;0,0000;-236,3599;-113,6507;5;0
0,2620;-8,2515;22,0651;39,2533;0,0000;28,6816;171,7485;304,595;-44,172;116,876;717,128;-62,4826;62,3055;67,6399;0,0000;-129,9454;-62,4826;96,4419;-96,1686;-104,4022;-0,0000;200,5708;96,4419;5;0
0,2640;-8,3761;22,1893;39,3882;0,0000;28,4224;171,6239;303,998;-44,761;115,724;712,407;-62,0739;61,8980;67,1975;0,0000;-129,0954;-62,0739;222,3875;-221,7572;-240,7433;-0,0000;462,5005;222,3875;5;0
0,2660;-8,4997;22,3127;39,5221;0,0000;28,1652;171,5003;303,399;-45,342;114,585;706,052;-61,5931;61,4185;66,6769;0,0000;-128,0954;-61,5931;240,4187;-239,7372;-260,2628;-0,0000;500,0000;240,4187;5;0
0,2680;-8,6225;22,4350;39,6549;0,0000;27,9100;171,3775;302,800;-45,916;113,458;699,714;-61,1122;60,9390;66,1564;0,0000;-127,0954;-61,1122;240,4187;-239,7372;-260,2628;-0,0000;500,0000;240,4187;5;0
0,2700;-8,7442;22,5564;39,7867;0,0000;27,6569;171,2558;302,199;-46,482;112,343;693,395;-60,6314;60,4595;65,6359;0,0000;-126,0954;-60,6314;240,4187;-239,7372;-260,2628;-0,0000;500,0000;240,4187;5;0
0,2720;-8,8650;22,6769;39,9175;0,0000;27,4057;171,1350;301,598;-47,040;111,241;687,092;-60,1506;59,9801;65,1154;0,0000;-125,0954;-60,1506;240,4187;-239,7372;-260,2628;-0,0000;500,0000;240,4187;5;0
0,2740;-8,9848;22,7963;40,0472;0,0000;27,1565;171,0152;300,997;-47,591;110,151;680,808;-59,6697;59,5006;64,5948;0,0000;-124,0954;-59,6697;240,4187;-239,7372;-260,2628;-0,0000;500,0000;240,4187;5;0
0,2760;-9,1037;22,9149;40,1759;0,0000;26,9093;170,8963;300,395;-48,135;109,073;674,541;-59,1889;59,0211;64,0743;0,0000;-123,0954;-59,1889;240,4187;-239,7372;-260,2628;-0,0000;500,0000;240,4187;5;0
0,2780;-9,2216;23,0324;40,3035;0,0000;26,6641;170,7784;299,794;-48,672;108,007;668,291;-58,7080;58,5416;63,5538;0,0000;-122,0954;-58,7080;240,4187;-239,7372;-260,2628;-0,0000;500,0000;240,4187;5;0
0,2800;-9,3385;23,1490;40,4301;0,0000;26,4209;170,6615;299,192;-49,201;106,952;662,059;-58,2272;58,0622;63,0333;0,0000;-121,0954;-58,2272;240,4187;-239,7372;-260,2628;-0,0000;500,0000;240,4187;5;0
0,2820;-9,4545;23,2647;40,5556;0,0000;26,1797;170,5455;298,590;-49,723;105,910;655,844;-57,7464;57,5827;62,5127;0,0000;-120,0954;-57,7464;240,4187;-239,7372;-260,2628;-0,0000;500,0000;240,4187;5;0
0,2840;-9,5695;23,3794;40,6801;0,0000;25,9405;170,4305;297,989;-50,238;104,880;649,647;-57,2655;57,1032;61,9922;0,0000;-119,0954;-57,2655;240,4187;-239,7372;-260,2628;-0,0000;500,0000;240,4187;5;0
0,2860;-9,6835;23,4931;40,8036;0,0000;25,7033;170,3165;297,388;-50,746;103,861;643,467;-56,7847;56,6237;61,4717;0,0000;-118,0954;-56,7847;240,4187;-239,7372;-260,2628;-0,0000;500,0000;240,4187;5;0
0,2880;-9,7966;23,6059;40,9260;0,0000;25,4681;170,2034;296,788;-51,246;102,855;637,304;-56,3039;56,1443;60,9512;0,0000;-117,0954;-56,3039;240,4187;-239,7372;-260,2628;-0,0000;500,0000;240,4187;5;0
0,2900;-9,9087;23,7177;41,0474;0,0000;25,2350;170,0913;296,189;-51,740;101,859;631,158;-55,8230;55,6648;60,4306;0,0000;-116,0954;-55,8230;240,4187;-239,7372;-260,2628;-0,0000;500,0000;240,4187;5;0
0,2920;-10,0199;23,8285;41,1677;0,0000;25,0038;169,9801;295,590;-52,226;100,876;625,030;-55,3422;55,1853;59,9101;0,0000;-115,0954;-55,3422;240,4187;-239,7372;-260,2628;-0,0000;500,0000;240,4187;5;0
0,2940;-10,1301;23,9384;41,2870;0,0000;24,7746;169,8699;294,992;-52,706;99,904;618,918;-54,8613;54,7059;59,3896;0,0000;-114,0954;-54,8613;240,4187;-239,7372;-260,2628;-0,0000;500,0000;240,4187;5;0
0,2960;-10,2394;24,0473;41,4053;0,0000;24,5474;169,7606;294,396;-53,179;98,943;612,823;-54,3805;54,2264;58,8691;0,0000;-113,0954;-54,3805;240,4187;-239,7372;-260,2628;-0,0000;500,0000;240,4187;5;0
0,2980;-10,3476;24,1553;41,5225;0,0000;24,3222;169,6524;293,801;-53,645;97,994;606,746;-53,8997;53,7469;58,3485;0,0000;-112,0954;-53,8997;240,4187;-239,7372;-260,2628;-0,0000;500,0000;240,4187;5;0
0,3000;-10,4550;24,2623;41,6387;0,0000;24,0990;169,5450;293,207;-54,104;97,056;600,685;-53,4188;53,2674;57,8280;0,0000;-111,0954;-53,4188;240,4187;-239,7372;-260,2628;-0,0000;500,0000;240,4187;5;0
0,3020;-10,5613;24,3684;41,7538;0,0000;23,8778;169,4387;292,615;-54,557;96,129;594,641;-52,9380;52,7880;57,3075;0,0000;-110,0954;-52,9380;240,4187;-239,7372;-260,2628;-0,0000;500,0000;240,4187;5;0
0,3040;-10,6667;24,4735;41,8679;0,0000;23,6586;169,3333;292,024;-55,003;95,214;588,613;-52,4572;52,3085;56,7870;0,0000;-109,0954;-52,4572;240,4187;-239,7372;-260,2628;-0,0000;500,0000;240,4187;5;0
0,3060;-10,7711;24,5776;41,9810;0,0000;23,4414;169,2289;291,435;-55,442;94,309;582,602;-51,9763;51,8290;56,2664;0,0000;-108,0954;-51,9763;240,4187;-239,7372;-260,2628;-0,0000;500,0000;240,4187;5;0
0,3080;-10,8746;24,6808;42,0930;0,0000;23,2262;169,1254;290,848;-55,875;93,416;576,607;-51,4955;51,3495;55,7459;0,0000;-107,0954;-51,4955;240,4187;-239,7372;-260,2628;-0,0000;500,0000;240,4187;5;0
0,3100;-10,9771;24,7830;42,2039;0,0000;23,0130;169,0229;290,263;-56,301;92,534;570,629;-51,0146;50,8701;55,2254;0,0000;-106,0954;-51,0147;240,4187;-239,7372;-260,2628;-0,0000;500,0000;240,4187;5;0
0,3120;-11,0787;24,8843;42,3139;0,0000;22,8019;168,9213;289,680;-56,721;91,662;564,667;-50,5338;50,3906;54,7049;0,0000;-105,0954;-50,5338;240,4187;-239,7372;-260,2628;-0,0000;500,0000;240,4187;5;0
0,3140;-11,1793;24,9846;42,4228;0,0000;22,5927;168,8207;289,099;-57,134;90,802;558,721;-50,0530;49,9111;54,1843;0,0000;-104,0954;-50,0530;240,4187;-239,7372;-260,2628;-0,0000;500,0000;240,4187;5;0
0,3160;-11,2789;25,0839;42,5306;0,0000;22,3855;168,7211;288,521;-57,542;89,952;552,792;-49,5721;49,4316;53,6638;0,0000;-103,0954;-49,5721;240,4187;-239,7372;-260,2628;-0,0000;500,0000;240,4187;5;0
0,3180;-11,3775;25,1823;42,6374;0,0000;22,1803;168,6225;287,945;-57,942;89,113;546,878;-49,0913;48,9522;53,1433;0,0000;-102,0954;-49,0913;240,4187;-239,7372;-260,2628;-0,0000;500,0000;240,4187;5;0
0,3200;-11,4752;25,2797;42,7432;0,0000;21,9771;168,5248;287,371;-58,337;88,285;540,980;-48,6105;48,4727;52,6228;0,0000;-101,0954;-48,6105;240,4187;-239,7372;-260,2628;-0,0000;500,0000;240,4187;5;0
0,3220;-11,5720;25,3762;42,8479;0,0000;21,7759;168,4280;286,801;-58,726;87,467;535,098;-48,1296;47,9932;52,1022;0,0000;-100,0954;-48,1296;240,4187;-239,7372;-260,2628;-0,0000;500,0000;240,4187;5;0
0,3240;-11,6678;25,4717;42,9516;0,0000;21,5767;168,3322;286,233;-59,108;86,660;529,232;-47,6488;47,5137;51,5817;0,0000;-99,0954;-47,6488;240,4187;-239,7372;-260,2628;-0,0000;500,0000;240,4187;5;0
0,3260;-11,7626;25,5662;43,0542;0,0000;21,3795;168,2374;285,667;-59,484;85,863;523,381;-47,1680;47,0343;51,0612;0,0000;-98,0954;-47,1680;240,4187;-239,7372;-260,2628;-0,0000;500,0000;240,4187;5;0
0,3280;-11,8564;25,6598;43,1558;0,0000;21,1843;168,1436;285,105;-59,855;85,077;517,546;-46,6871;46,5548;50,5407;0,0000;-97,0954;-46,6871;240,4187;-239,7372;-260,2628;-0,0000;500,0000;240,4187;5;0
0,3300;-11,9493;25,7525;43,2564;0,0000;20,9911;168,0507;284,546;-60,219;84,301;511,726;-46,2063;46,0753;50,0201;0,0000;-96,0954;-46,2063;240,4187;-239,7372;-260,2628;-0,0000;500,0000;240,4187;5;0
0,3320;-12,0413;25,8441;43,3559;0,0000;20,7999;167,9587;283,990;-60,578;83,535;505,921;-45,7254;45,5958;49,4996;0,0000;-95,0954;-45,7254;240,4187;-239,7372;-260,2628;-0,0000;500,0000;240,4187;5;0
0,3340;-12,1322;25,9348;43,4544;0,0000;20,6108;167,8678;283,438;-60,931;82,780;500,132;-45,2446;45,1164;48,9791;0,0000;-94,0954;-45,2446;240,4187;-239,7372;-260,2628;-0,0000;500,0000;240,4187;5;0
0,3360;-12,2222;26,0246;43,5518;0,0000;20,4236;167,7778;282,889;-61,278;82,035;494,357;-44,7638;44,6369;48,4586;0,0000;-93,0954;-44,7638;240,4187;-239,7372;-260,2628;-0,0000;500,0000;240,4187;5;0
0,3380;-12,3113;26,1134;43,6482;0,0000;20,2384;167,6887;282,343;-61,619;81,300;488,598;-44,2829;44,1574;47,9380;0,0000;-92,0954;-44,2829;240,4187;-239,7372;-260,2628;-0,0000;500,0000;240,4187;5;0
0,3400;-12,3994;26,2012;43,7436;0,0000;20,0552;167,6006;281,800;-61,955;80,574;482,853;-43,8021;43,6779;47,4175;0,0000;-91,0954;-43,8021;240,4187;-239,7372;-260,2628;-0,0000;500,0000;240,4187;5;0
0,3420;-12,4865;26,2881;43,8379;0,0000;19,8740;167,5135;281,262;-62,285;79,859;477,123;-43,3213;43,1985;46,8970;0,0000;-90,0954;-43,3213;240,4187;-239,7372;-260,2628;-0,0000;500,0000;240,4187;5;0
0,3440;-12,5727;26,3740;43,9312;0,0000;19,6948;167,4273;280,727;-62,609;79,154;471,407;-42,8404;42,7190;46,3764;0,0000;-89,0954;-42,8404;240,4187;-239,7372;-260,2628;-0,0000;500,0000;240,4187;5;0
0,3460;-12,6579;26,4590;44,0234;0,0000;19,5176;167,3421;280,196;-62,928;78,458;465,706;-42,3596;42,2395;45,8559;0,0000;-88,0954;-42,3596;240,4187;-239,7372;-260,2628;-0,0000;500,0000;240,4187;5;0
0,3480;-12,7421;26,5430;44,1146;0,0000;19,3424;167,2579;279,669;-63,242;77,773;460,019;-41,8787;41,7600;45,3354;0,0000;-87,0954;-41,8787;240,4187;-239,7372;-260,2628;-0,0000;500,0000;240,4187;5;0
0,3500;-12,8254;26,6260;44,2048;0,0000;19,1692;167,1746;279,145;-63,550;77,097;454,346;-41,3979;41,2806;44,8149;0,0000;-86,0954;-41,3979;240,4187;-239,7372;-260,2628;-0,0000;500,0000;240,4187;5;0
0,3520;-12,9077;26,7081;44,2939;0,0000;18,9980;167,0923;278,626;-63,853;76,431;448,687;-40,9171;40,8011;44,2943;0,0000;-85,0954;-40,9171;240,4187;-239,7372;-260,2628;-0,0000;500,0000;240,4187;5;0
0,3540;-12,9890;26,7892;44,3819;0,0000;18,8288;167,0110;278,111;-64,151;75,774;443,042;-40,4362;40,3216;43,7738;0,0000;-84,0954;-40,4362;240,4187;-239,7372;-260,2628;-0,0000;500,0000;240,4187;5;0
0,3560;-13,0694;26,8694;44,4690;0,0000;18,6617;166,9306;277,600;-64,443;75,127;437,411;-39,9554;39,8421;43,2533;0,0000;-83,0954;-39,9554;240,4187;-239,7372;-260,2628;-0,0000;500,0000;240,4187;5;0
0,3580;-13,1489;26,9486;44,5549;0,0000;18,4965;166,8511;277,094;-64,731;74,489;431,793;-39,4746;39,3627;42,7328;0,0000;-82,0954;-39,4746;240,4187;-239,7372;-260,2628;-0,0000;500,0000;240,4187;5;0
0,3600;-13,2273;27,0268;44,6399;0,0000;18,3333;166,7727;276,591;-65,013;73,861;426,189;-38,9937;38,8832;42,2122;0,0000;-81,0954;-38,9937;240,4187;-239,7372;-260,2628;-0,0000;500,0000;240,4187;5;0
0,3620;-13,3048;27,1041;44,7238;0,0000;18,1721;166,6952;276,094;-65,290;73,242;420,599;-38,5129;38,4037;41,6917;0,0000;-80,0954;-38,5129;240,4187;-239,7372;-260,2628;-0,0000;500,0000;240,4187;5;0
0,3640;-13,3814;27,1805;44,8067;0,0000;18,0129;166,6186;275,600;-65,563;72,633;415,021;-38,0320;37,9242;41,1712;0,0000;-79,0954;-38,0320;240,4187;-239,7372;-260,2628;-0,0000;500,0000;240,4187;5;0
0,3660;-13,4570;27,2558;44,8885;0,0000;17,8557;166,5430;275,112;-65,830;72,032;409,457;-37,5512;37,4448;40,6507;0,0000;-78,0954;-37,5512;240,4187;-239,7372;-260,2628;-0,0000;500,0000;240,4187;5;0
0,3680;-13,5316;27,3302;44,9693;0,0000;17,7005;166,4684;274,628;-66,092;71,441;403,906;-37,0704;36,9653;40,1301;0,0000;-77,0954;-37,0704;240,4187;-239,7372;-260,2628;-0,0000;500,0000;240,4187;5;0
0,3700;-13,6052;27,4037;45,0490;0,0000;17,5473;166,3948;274,148;-66,350;70,859;398,367;-36,5895;36,4858;39,6096;0,0000;-76,0954;-36,5895;240,4187;-239,7372;-260,2628;-0,0000;500,0000;240,4187;5;0
0,3720;-13,6779;27,4762;45,1277;0,0000;17,3961;166,3221;273,674;-66,603;70,286;392,841;-36,1087;36,0063;39,0891;0,0000;-75,0954;-36,1087;240,4187;-239,7372;-260,2628;-0,0000;500,0000;240,4187;5;0
0,3740;-13,7497;27,5477;45,2054;0,0000;17,2469;166,2503;273,204;-66,851;69,723;387,328;-35,6279;35,5269;38,5686;0,0000;-74,0954;-35,6279;240,4187;-239,7372;-260,2628;-0,0000;500,0000;240,4187;5;0
0,3760;-13,8205;27,6183;45,2820;0,0000;17,0997;166,1795;272,739;-67,094;69,168;381,827;-35,1470;35,0474;38,0480;0,0000;-73,0954;-35,1470;240,4187;-239,7372;-260,2628;-0,0000;500,0000;240,4187;5;0
0,3780;-13,8903;27,6879;45,3575;0,0000;16,9546;166,1097;272,280;-67,333;68,622;376,338;-34,6662;34,5679;37,5275;0,0000;-72,0954;-34,6662;240,4187;-239,7372;-260,2628;-0,0000;500,0000;240,4187;5;0
0,3800;-13,9591;27,7566;45,4321;0,0000;16,8114;166,0409;271,825;-67,568;68,085;370,861;-34,1853;34,0884;37,0070;0,0000;-71,0954;-34,1853;240,4187;-239,7372;-260,2628;-0,0000;500,0000;240,4187;5;0
0,3820;-14,0270;27,8243;45,5056;0,0000;16,6702;165,9730;271,375;-67,797;67,556;365,396;-33,7045;33,6090;36,4865;0,0000;-70,0954;-33,7045;240,4187;-239,7372;-260,2628;-0,0000;500,0000;240,4187;5;0
0,3840;-14,0939;27,8910;45,5780;0,0000;16,5310;165,9061;270,931;-68,023;67,037;359,943;-33,2237;33,1295;35,9659;0,0000;-69,0954;-33,2237;240,4187;-239,7372;-260,2628;-0,0000;500,0000;240,4187;5;0
0,3860;-14,1599;27,9568;45,6494;0,0000;16,3938;165,8401;270,491;-68,243;66,526;354,502;-32,7428;32,6500;35,4454;0,0000;-68,0954;-32,7428;240,4187;-239,7372;-260,2628;-0,0000;500,0000;240,4187;5;0
0,3880;-14,2249;28,0216;45,7198;0,0000;16,2586;165,7751;270,057;-68,460;66,024;349,072;-32,2620;32,1706;34,9249;0,0000;-67,0954;-32,2620;240,4187;-239,7372;-260,2628;-0,0000;500,0000;240,4187;5;0
0,3900;-14,2890;28,0855;45,7891;0,0000;16,1254;165,7110;269,629;-68,672;65,530;343,654;-31,7812;31,6911;34,4044;0,0000;-66,0954;-31,7812;240,4187;-239,7372;-260,2628;-0,0000;500,0000;240,4187;5;0
0,3920;-14,3520;28,1484;45,8574;0,0000;15,9942;165,6480;269,205;-68,880;65,045;338,246;-31,3003;31,2116;33,8838;0,0000;-65,0954;-31,3003;240,4187;-239,7372;-260,2628;-0,0000;500,0000;240,4187;5;0
0,3940;-14,4142;28,2103;45,9247;0,0000;15,8650;165,5858;268,787;-69,084;64,569;332,850;-30,8195;30,7321;33,3633;0,0000;-64,0954;-30,8195;240,4187;-239,7372;-260,2628;-0,0000;500,0000;240,4187;5;0
0,3960;-14,4753;28,2713;45,9909;0,0000;15,7378;165,5247;268,375;-69,283;64,101;327,465;-30,3386;30,2527;32,8428;0,0000;-63,0954;-30,3386;240,4187;-239,7372;-260,2628;-0,0000;500,0000;240,4187;5;0
0,3980;-14,5355;28,3313;46,0560;0,0000;15,6126;165,4645;267,968;-69,478;63,641;322,090;-29,8578;29,7732;32,3223;0,0000;-62,0954;-29,8578;240,4187;-239,7372;-260,2628;-0,0000;500,0000;240,4187;5;0
0,4000;-14,5947;28,3904;46,1202;0,0000;15,4895;165,4053;267,567;-69,670;63,190;316,726;-29,3770;29,2937;31,8017;0,0000;-61,0954;-29,3770;240,4187;-239,7372;-260,2628;-0,0000;500,0000;240,4187;5;0
0,4020;-14,6530;28,4485;46,1833;0,0000;15,3683;165,3470;267,171;-69,857;62,747;311,372;-28,8961;28,8142;31,2812;0,0000;-60,0954;-28,8961;240,4187;-239,7372;-260,2628;-0,0000;500,0000;240,4187;5;0
0,4040;-14,7103;28,5056;46,2453;0,0000;15,2491;165,2897;266,781;-70,040;62,312;306,029;-28,4153;28,3348;30,7607;0,0000;-59,0954;-28,4153;240,4187;-239,7372;-260,2628;-0,0000;500,0000;240,4187;5;0
0,4060;-14,7667;28,5618;46,3063;0,0000;15,1319;165,2333;266,397;-70,219;61,885;300,696;-27,9345;27,8553;30,2402;0,0000;-58,0954;-27,9345;240,4187;-239,7372;-260,2628;-0,0000;500,0000;240,4187;5;0
0,4080;-14,8221;28,6171;46,3663;0,0000;15,0167;165,1779;266,019;-70,395;61,467;295,372;-27,4536;27,3758;29,7196;0,0000;-57,0954;-27,4536;240,4187;-239,7372;-260,2628;-0,0000;500,0000;240,4187;5;0
0,4100;-14,8765;28,6713;46,4252;0,0000;14,9035;165,1235;265,646;-70,566;61,057;290,059;-26,9728;26,8963;29,1991;0,0000;-56,0954;-26,9728;240,4187;-239,7372;-260,2628;-0,0000;500,0000;240,4187;5;0
0,4120;-14,9300;28,7246;46,4831;0,0000;14,7923;165,0700;265,279;-70,734;60,655;284,755;-26,4919;26,4169;28,6786;0,0000;-55,0954;-26,4919;240,4187;-239,7372;-260,2628;-0,0000;500,0000;240,4187;5;0
0,4140;-14,9825;28,7770;46,5399;0,0000;14,6831;165,0175;264,918;-70,898;60,261;279,460;-26,0111;25,9374;28,1581;0,0000;-54,0954;-26,0111;240,4187;-239,7372;-260,2628;-0,0000;500,0000;240,4187;5;0
0,4160;-15,0340;28,8284;46,5957;0,0000;14,5759;164,9660;264,564;-71,058;59,875;274,175;-25,5303;25,4579;27,6375;0,0000;-53,0954;-25,5303;240,4187;-239,7372;-260,2628;-0,0000;500,0000;240,4187;5;0
0,4180;-15,0846;28,8788;46,6504;0,0000;14,4707;164,9154;264,215;-71,214;59,496;268,899;-25,0494;24,9784;27,1170;0,0000;-52,0954;-25,0494;240,4187;-239,7372;-260,2628;-0,0000;500,0000;240,4187;5;0
0,4200;-15,1342;28,9283;46,7042;0,0000;14,3675;164,8658;263,872;-71,367;59,126;263,632;-24,5686;24,4990;26,5965;0,0000;-51,0954;-24,5686;240,4187;-239,7372;-260,2628;-0,0000;500,0000;240,4187;5;0
0,4220;-15,1829;28,9768;46,7568;0,0000;14,2664;164,8171;263,535;-71,516;58,764;258,374;-24,0878;24,0195;26,0760;0,0000;-50,0954;-24,0878;240,4187;-239,7372;-260,2628;-0,0000;500,0000;240,4187;5;0
0,4240;-15,2305;29,0244;46,8085;0,0000;14,1672;164,7695;263,204;-71,662;58,409;253,124;-23,6069;23,5400;25,5554;0,0000;-49,0954;-23,6069;240,4187;-239,7372;-260,2628;-0,0000;500,0000;240,4187;5;0
0,4260;-15,2773;29,0710;46,8590;0,0000;14,0700;164,7227;262,879;-71,804;58,063;247,883;-23,1261;23,0605;25,0349;0,0000;-48,0954;-23,1261;240,4187;-239,7372;-260,2628;-0,0000;500,0000;240,4187;5;0
0,4280;-15,3231;29,1166;46,9086;0,0000;13,9748;164,6769;262,561;-71,942;57,724;242,650;-22,6452;22,5811;24,5144;0,0000;-47,0954;-22,6452;240,4187;-239,7372;-260,2628;-0,0000;500,0000;240,4187;5;0
0,4300;-15,3679;29,1613;46,9571;0,0000;13,8816;164,6321;262,249;-72,077;57,392;237,426;-22,1644;22,1016;23,9939;0,0000;-46,0954;-22,1644;240,4187;-239,7372;-260,2628;-0,0000;500,0000;240,4187;5;0
0,4320;-15,4117;29,2050;47,0046;0,0000;13,7904;164,5883;261,942;-72,209;57,069;232,209;-21,6836;21,6221;23,4733;0,0000;-45,0954;-21,6836;240,4187;-239,7372;-260,2628;-0,0000;500,0000;240,4187;5;0
0,4340;-15,4546;29,2478;47,0510;0,0000;13,7012;164,5454;261,643;-72,337;56,753;227,000;-21,2027;21,1426;22,9528;0,0000;-44,0954;-21,2027;240,4187;-239,7372;-260,2628;-0,0000;500,0000;240,4187;5;0
0,4360;-15,4965;29,2896;47,0964;0,0000;13,6140;164,5035;261,349;-72,461;56,444;221,799;-20,7219;20,6632;22,4323;0,0000;-43,0954;-20,7219;240,4187;-239,7372;-260,2628;-0,0000;500,0000;240,4187;5;0
0,4380;-15,5375;29,3304;47,1407;0,0000;13,5288;164,4625;261,062;-72,583;56,144;216,606;-20,2411;20,1837;21,9117;0,0000;-42,0954;-20,2411;240,4187;-239,7372;-260,2628;-0,0000;500,0000;240,4187;5;0
0,4400;-15,5775;29,3703;47,1840;0,0000;13,4456;164,4225;260,781;-72,701;55,850;211,420;-19,7602;19,7042;21,3912;0,0000;-41,0954;-19,7602;240,4187;-239,7372;-260,2628;-0,0000;500,0000;240,4187;5;0
0,4420;-15,6165;29,4093;47,2263;0,0000;13,3644;164,3835;260,507;-72,816;55,565;206,240;-19,2794;19,2247;20,8707;0,0000;-40,0954;-19,2794;240,4187;-239,7372;-260,2628;-0,0000;500,0000;240,4187;5;0
0,4440;-15,6546;29,4472;47,2675;0,0000;13,2853;164,3454;260,239;-72,927;55,286;201,068;-18,7985;18,7453;20,3502;0,0000;-39,0954;-18,7985;240,4187;-239,7372;-260,2628;-0,0000;500,0000;240,4187;5;0
0,4460;-15,6917;29,4842;47,3077;0,0000;13,2081;164,3083;259,977;-73,036;55,016;195,903;-18,3177;18,2658;19,8296;0,0000;-38,0954;-18,3177;240,4187;-239,7372;-260,2628;-0,0000;500,0000;240,4187;5;0
0,4480;-15,7279;29,5203;47,3468;0,0000;13,1329;164,2721;259,722;-73,141;54,752;190,745;-17,8369;17,7863;19,3091;0,0000;-37,0954;-17,8369;240,4187;-239,7372;-260,2628;-0,0000;500,0000;240,4187;5;0
0,4500;-15,7631;29,5554;47,3849;0,0000;13,0597;164,2369;259,473;-73,243;54,496;185,592;-17,3560;17,3068;18,7886;0,0000;-36,0954;-17,3560;240,4187;-239,7372;-260,2628;-0,0000;500,0000;240,4187;5;0
0,4520;-15,7973;29,5895;47,4220;0,0000;12,9885;164,2027;259,231;-73,342;54,247;180,447;-16,8752;16,8274;18,2681;0,0000;-35,0954;-16,8752;240,4187;-239,7372;-260,2628;-0,0000;500,0000;240,4187;5;0
0,4540;-15,8306;29,6227;47,4580;0,0000;12,9193;164,1694;258,996;-73,438;54,006;175,307;-16,3944;16,3479;17,7475;0,0000;-34,0954;-16,3944;240,4187;-239,7372;-260,2628;-0,0000;500,0000;240,4187;5;0
0,4560;-15,8629;29,6549;47,4930;0,0000;12,8521;164,1371;258,767;-73,530;53,772;170,173;-15,9135;15,8684;17,2270;0,0000;-33,0954;-15,9135;240,4187;-239,7372;-260,2628;-0,0000;500,0000;240,4187;5;0
0,4580;-15,8942;29,6862;47,5269;0,0000;12,7869;164,1058;258,544;-73,620;53,545;165,046;-15,4327;15,3889;16,7065;0,0000;-32,0954;-15,4327;240,4187;-239,7372;-260,2628;-0,0000;500,0000;240,4187;5;0
0,4600;-15,9246;29,7165;47,5598;0,0000;12,7237;164,0754;258,328;-73,707;53,326;159,923;-14,9518;14,9095;16,1860;0,0000;-31,0954;-14,9518;240,4187;-239,7372;-260,2628;-0,0000;500,0000;240,4187;5;0
0,4620;-15,9540;29,7458;47,5917;0,0000;12,6625;164,0460;258,119;-73,790;53,113;154,807;-14,4710;14,4300;15,6654;0,0000;-30,0954;-14,4710;240,4187;-239,7372;-260,2628;-0,0000;500,0000;240,4187;5;0
0,4640;-15,9825;29,7742;47,6225;0,0000;12,6033;164,0175;257,917;-73,871;52,908;149,695;-13,9902;13,9505;15,1449;0,0000;-29,0954;-13,9902;240,4187;-239,7372;-260,2628;-0,0000;500,0000;240,4187;5;0
0,4660;-16,0100;29,8016;47,6522;0,0000;12,5462;163,9900;257,721;-73,949;52,710;144,589;-13,5093;13,4710;14,6244;0,0000;-28,0954;-13,5093;240,4187;-239,7372;-260,2628;-0,0000;500,0000;240,4187;5;0
0,4680;-16,0365;29,8281;47,6810;0,0000;12,4910;163,9635;257,532;-74,024;52,519;139,488;-13,0285;12,9916;14,1039;0,0000;-27,0954;-13,0285;240,4187;-239,7372;-260,2628;-0,0000;500,0000;240,4187;5;0
0,4700;-16,0621;29,8536;47,7086;0,0000;12,4378;163,9379;257,349;-74,096;52,335;134,391;-12,5477;12,5121;13,5833;0,0000;-26,0954;-12,5477;240,4187;-239,7372;-260,2628;-0,0000;500,0000;240,4187;5;0
0,4720;-16,0867;29,8781;47,7353;0,0000;12,3866;163,9133;257,173;-74,165;52,159;129,299;-12,0668;12,0326;13,0628;0,0000;-25,0954;-12,0668;240,4187;-239,7372;-260,2628;-0,0000;500,0000;240,4187;5;0
0,4740;-16,1104;29,9017;47,7609;0,0000;12,3374;163,8896;257,004;-74,231;51,989;124,212;-11,5860;11,5531;12,5423;0,0000;-24,0954;-11,5860;240,4187;-239,7372;-260,2628;-0,0000;500,0000;240,4187;5;0
0,4760;-16,1331;29,9243;47,7855;0,0000;12,2902;163,8669;256,842;-74,294;51,827;119,129;-11,1051;11,0737;12,0218;0,0000;-23,0954;-11,1051;240,4187;-239,7372;-260,2628;-0,0000;500,0000;240,4187;5;0
0,4780;-16,1548;29,9460;47,8090;0,0000;12,2450;163,8452;256,687;-74,355;51,671;114,050;-10,6243;10,5942;11,5012;0,0000;-22,0954;-10,6243;240,4187;-239,7372;-260,2628;-0,0000;500,0000;240,4187;5;0
0,4800;-16,1756;29,9667;47,8315;0,0000;12,2018;163,8244;256,538;-74,413;51,523;108,974;-10,1435;10,1147;10,9807;0,0000;-21,0954;-10,1435;240,4187;-239,7372;-260,2628;-0,0000;500,0000;240,4187;5;0
0,4820;-16,1954;29,9865;47,8529;0,0000;12,1606;163,8046;256,396;-74,467;51,381;103,903;-9,6626;9,6352;10,4602;0,0000;-20,0954;-9,6626;240,4187;-239,7372;-260,2628;-0,0000;500,0000;240,4187;5;0
0,4840;-16,2142;30,0053;47,8733;0,0000;12,1214;163,7858;256,261;-74,520;51,247;98,835;-9,1818;9,1558;9,9397;0,0000;-19,0954;-9,1818;240,4187;-239,7372;-260,2628;-0,0000;500,0000;240,4187;5;0
0,4860;-16,2321;30,0231;47,8927;0,0000;12,0842;163,7679;256,133;-74,569;51,119;93,771;-8,7010;8,6763;9,4191;0,0000;-18,0954;-8,7010;240,4187;-239,7372;-260,2628;-0,0000;500,0000;240,4187;5;0
0,4880;-16,2490;30,0400;47,9110;0,0000;12,0491;163,7510;256,011;-74,616;50,998;88,710;-8,2201;8,1968;8,8986;0,0000;-17,0954;-8,2201;240,4187;-239,7372;-260,2628;-0,0000;500,0000;240,4187;5;0
0,4900;-16,2650;30,0559;47,9283;0,0000;12,0159;163,7350;255,897;-74,660;50,885;83,651;-7,7393;7,7174;8,3781;0,0000;-16,0954;-7,7393;240,4187;-239,7372;-260,2628;-0,0000;500,0000;240,4187;5;0
0,4920;-16,2800;30,0708;47,9445;0,0000;11,9847;163,7200;255,789;-74,701;50,778;78,596;-7,2585;7,2379;7,8576;0,0000;-15,0954;-7,2585;240,4187;-239,7372;-260,2628;-0,0000;500,0000;240,4187;5;0
0,4940;-16,2940;30,0848;47,9597;0,0000;11,9555;163,7060;255,688;-74,739;50,678;73,544;-6,7776;6,7584;7,3370;0,0000;-14,0954;-6,7776;240,4187;-239,7372;-260,2628;-0,0000;500,0000;240,4187;5;0
0,4960;-16,3071;30,0979;47,9738;0,0000;11,9283;163,6929;255,594;-74,775;50,585;68,494;-6,2968;6,2789;6,8165;0,0000;-13,0954;-6,2968;240,4187;-239,7372;-260,2628;-0,0000;500,0000;240,4187;5;0
0,4980;-16,3192;30,1099;47,9870;0,0000;11,9031;163,6808;255,507;-74,808;50,499;63,446;-5,8159;5,7995;6,2960;0,0000;-12,0954;-5,8159;240,4187;-239,7372;-260,2628;-0,0000;500,0000;240,4187;5;0
0,5000;-16,3303;30,1211;47,9990;0,0000;11,8799;163,6697;255,426;-74,839;50,420;58,401;-5,3351;5,3200;5,7755;0,0000;-11,0954;-5,3351;240,4187;-239,7372;-260,2628;-0,0000;500,0000;240,4187;5;0
0,5020;-16,3405;30,1312;48,0101;0,0000;11,8587;163,6595;255,353;-74,867;50,347;53,357;-4,8543;4,8405;5,2549;0,0000;-10,0954;-4,8543;240,4187;-239,7372;-260,2628;-0,0000;500,0000;240,4187;5;0
0,5040;-16,3498;30,1404;48,0200;0,0000;11,8395;163,6502;255,287;-74,892;50,282;48,316;-4,3734;4,3610;4,7344;0,0000;-9,0954;-4,3734;240,4187;-239,7372;-260,2628;-0,0000;500,0000;240,4187;5;0
0,5060;-16,3580;30,1487;48,0290;0,0000;11,8223;163,6420;255,227;-74,914;50,223;43,276;-3,8926;3,8816;4,2139;0,0000;-8,0954;-3,8926;240,4187;-239,7372;-260,2628;-0,0000;500,0000;240,4187;5;0
0,5080;-16,3653;30,1560;48,0369;0,0000;11,8071;163,6347;255,175;-74,934;50,172;38,238;-3,4118;3,4021;3,6934;0,0000;-7,0954;-3,4118;240,4187;-239,7372;-260,2628;-0,0000;500,0000;240,4187;5;0
0,5100;-16,3717;30,1623;48,0438;0,0000;11,7940;163,6283;255,129;-74,951;50,127;33,201;-2,9309;2,9226;3,1728;0,0000;-6,0954;-2,9309;240,4187;-239,7372;-260,2628;-0,0000;500,0000;240,4187;5;0
0,5120;-16,3771;30,1676;48,0496;0,0000;11,7828;163,6229;255,090;-74,966;50,088;28,165;-2,4501;2,4431;2,6523;0,0000;-5,0954;-2,4501;240,4187;-239,7372;-260,2628;-0,0000;500,0000;240,4187;5;0
0,5140;-16,3815;30,1720;48,0544;0,0000;11,7736;163,6185;255,058;-74,978;50,057;23,130;-1,9692;1,9637;2,1318;0,0000;-4,0954;-1,9692;240,4187;-239,7372;-260,2628;-0,0000;500,0000;240,4187;5;0
0,5160;-16,3849;30,1755;48,0581;0,0000;11,7664;163,6151;255,033;-74,987;50,033;18,096;-1,4884;1,4842;1,6113;0,0000;-3,0954;-1,4884;240,4187;-239,7372;-260,2628;-0,0000;500,0000;240,4187;5;0
0,5180;-16,3874;30,1780;48,0608;0,0000;11,7612;163,6126;255,015;-74,994;50,015;13,062;-1,0076;1,0047;1,0907;0,0000;-2,0954;-1,0076;240,4187;-239,7372;-260,2628;-0,0000;500,0000;240,4187;5;0
0,5200;-16,3890;30,1795;48,0625;0,0000;11,7580;163,6110;255,004;-74,998;50,004;8,029;-0,5267;0,5252;0,5702;0,0000;-1,0954;-0,5267;215,8317;-167,1071;-241,8495;-0,0000;408,9566;215,8317;5;0
0,5220;-16,3895;30,1801;48,0631;0,0000;11,7568;163,6105;255,000;-75,000;50,000;2,997;-0,1442;0,3363;0,1233;-0,0000;-0,4596;-0,1442;131,4109;82,2457;-178,6398;-0,0000;96,3941;131,4110;5;0
0,5240;-16,3895;30,1809;48,0630;0,0000;11,7562;163,6105;255,000;-75,000;49,997;1,652;-0,0011;0,8542;-0,1444;-0,0000;-0,7099;-0,0011;36,0595;363,8734;-107,2681;0,0001;-256,6053;36,0594;6;0
0,5260;-16,3895;30,1835;48,0625;0,0000;11,7540;163,6105;255,000;-75,000;49,985;5,618;-0,0000;1,7918;-0,3057;0,0000;-1,4860;-0,0000;0,2709;469,5983;-80,5244;0,0001;-389,0739;0,2708;6;0
0,5280;-16,3895;30,1880;48,0618;0,0000;11,7502;163,6105;255,000;-75,000;49,966;9,618;-0,0000;2,7326;-0,4665;0,0000;-2,2662;-0,0000;-0,0000;470,4360;-80,4131;0,0000;-390,0229;-0,0000;6;0
0,5300;-16,3895;30,1944;48,0607;0,0000;11,7449;163,6105;255,000;-75,000;49,939;13,618;-0,0000;3,6735;-0,6274;0,0000;-3,0461;-0,0000;-0,0000;470,4776;-80,5467;0,0000;-389,9309;-0,0000;6;0
0,5320;-16,3895;30,2027;48,0592;0,0000;11,7380;163,6105;255,000;-75,000;49,904;17,618;-0,0000;4,6145;-0,7886;0,0000;-3,8259;-0,0000;-0,0000;470,5313;-80,7192;0,0000;-389,8120;-0,0000;6;0
0,5340;-16,3895;30,2129;48,0575;0,0000;11,7296;163,6105;255,000;-75,000;49,861;21,618;-0,0000;5,5556;-0,9503;0,0000;-4,6054;-0,0000;-0,0000;470,5970;-80,9309;0,0000;-389,6661;-0,0000;6;0
0,5360;-16,3895;30,2249;48,0554;0,0000;11,7196;163,6105;255,000;-75,000;49,809;25,618;-0,0000;6,4969;-1,1124;0,0000;-5,3845;-0,0000;-0,0000;470,6748;-81,1817;0,0000;-389,4931;-0,0000;6;0
0,5380;-16,3895;30,2389;48,0531;0,0000;11,7081;163,6105;255,000;-75,000;49,750;29,618;-0,0000;7,4383;-1,2750;0,0000;-6,1633;-0,0000;-0,0000;470,7645;-81,4716;0,0000;-389,2929;-0,0000;6;0
0,5400;-16,3895;30,2547;48,0503;0,0000;11,6950;163,6105;255,000;-75,000;49,683;33,618;-0,0000;8,3800;-1,4383;0,0000;-6,9417;-0,0000;-0,0000;470,8660;-81,8006;0,0000;-389,0655;-0,0000;6;0
0,5420;-16,3895;30,2724;48,0473;0,0000;11,6803;163,6105;255,000;-75,000;49,608;37,618;-0,0000;9,3218;-1,6022;0,0000;-7,7196;-0,0000;-0,0000;470,9793;-82,1686;0,0000;-388,8107;-0,0000;6;0
0,5440;-16,3895;30,2920;48,0439;0,0000;11,6641;163,6105;255,000;-75,000;49,524;41,618;-0,0000;10,2639;-1,7669;0,0000;-8,4970;-0,0000;-0,0000;471,1042;-82,5758;0,0000;-388,5284;-0,0000;6;0
0,5460;-16,3895;30,3135;48,0402;0,0000;11,6463;163,6105;255,000;-75,000;49,433;45,618;-0,0000;11,2062;-1,9325;0,0000;-9,2737;-0,0000;-0,0000;471,2406;-83,0219;0,0000;-388,2187;-0,0000;6;0
0,5480;-16,3895;30,3368;48,0362;0,0000;11,6270;163,6105;255,000;-75,000;49,334;49,618;-0,0000;12,1488;-2,0990;0,0000;-10,0498;-0,0000;-0,0000;471,3884;-83,5071;0,0000;-387,8813;-0,0000;6;0
0,5500;-16,3895;30,3620;48,0318;0,0000;11,6061;163,6105;255,000;-75,000;49,227;53,618;-0,0000;13,0918;-2,2665;0,0000;-10,8252;-0,0000;-0,0000;471,5475;-84,0313;0,0000;-387,5162;-0,0000;6;0
0,5520;-16,3895;30,3892;48,0271;0,0000;11,5837;163,6105;255,000;-75,000;49,111;57,618;-0,0000;14,0350;-2,4351;0,0000;-11,5999;-0,0000;-0,0000;471,7176;-84,5944;0,0000;-387,1231;-0,0000;6;0
0,5540;-16,3895;30,4182;48,0221;0,0000;11,5597;163,6105;255,000;-75,000;48,988;61,618;-0,0000;14,9786;-2,6049;0,0000;-12,3737;-0,0000;-0,0000;471,8985;-85,1965;0,0000;-386,7021;-0,0000;6;0
0,5560;-16,3895;30,4491;48,0167;0,0000;11,5342;163,6105;255,000;-75,000;48,857;65,618;-0,0000;15,9226;-2,7759;0,0000;-13,1467;-0,0000;-0,0000;472,0902;-85,8374;0,0000;-386,2529;-0,0000;6;0
0,5580;-16,3895;30,4819;48,0110;0,0000;11,5071;163,6105;255,000;-75,000;48,718;69,618;-0,0000;16,8670;-2,9483;0,0000;-13,9187;-0,0000;-0,0000;472,2924;-86,5171;0,0000;-385,7753;-0,0000;6;0
0,5600;-16,3895;30,5166;48,0049;0,0000;11,4785;163,6105;255,000;-75,000;48,570;73,618;-0,0000;17,8118;-3,1220;0,0000;-14,6898;-0,0000;-0,0000;472,5049;-87,2357;0,0000;-385,2692;-0,0000;6;0
0,5620;-16,3895;30,5531;47,9985;0,0000;11,4484;163,6105;255,000;-75,000;48,415;77,618;-0,0000;18,7570;-3,2972;0,0000;-15,4598;-0,0000;-0,0000;472,7275;-87,9930;0,0000;-384,7345;-0,0000;6;0
0,5640;-16,3895;30,5916;47,9917;0,0000;11,4167;163,6105;255,000;-75,000;48,252;81,618;-0,0000;19,7027;-3,4740;0,0000;-16,2287;-0,0000;-0,0000;472,9599;-88,7890;0,0000;-384,1709;-0,0000;6;0
0,5660;-16,3895;30,6319;47,9846;0,0000;11,3834;163,6105;255,000;-75,000;48,081;85,618;-0,0000;20,6489;-3,6524;0,0000;-16,9965;-0,0000;-0,0000;473,2020;-89,6237;0,0000;-383,5783;-0,0000;6;0
0,5680;-16,3895;30,6742;47,9771;0,0000;11,3487;163,6105;255,000;-75,000;47,902;89,618;-0,0000;21,5955;-3,8325;0,0000;-17,7631;-0,0000;-0,0000;473,4534;-90,4970;0,0000;-382,9564;-0,0000;6;0
0,5700;-16,3895;30,7183;47,9693;0,0000;11,3124;163,6105;255,000;-75,000;47,714;93,618;-0,0000;22,5427;-4,0143;0,0000;-18,5283;-0,0000;-0,0000;473,7139;-91,4088;0,0000;-382,3051;-0,0000;6;0
0,5720;-16,3895;30,7644;47,9611;0,0000;11,2746;163,6105;255,000;-75,000;47,519;97,618;-0,0000;23,4904;-4,1981;0,0000;-19,2923;-0,0000;-0,0000;473,9832;-92,3591;0,0000;-381,6240;-0,0000;6;0
0,5740;-16,3895;30,8123;47,9525;0,0000;11,2352;163,6105;255,000;-75,000;47,316;101,618;-0,0000;24,4386;-4,3838;0,0000;-20,0548;-0,0000;-0,0000;474,2610;-93,3479;0,0000;-380,9131;-0,0000;6;0
0,5760;-16,3895;30,8621;47,9435;0,0000;11,1944;163,6105;255,000;-75,000;47,105;105,618;-0,0000;25,3874;-4,5715;0,0000;-20,8159;-0,0000;-0,0000;474,5471;-94,3750;0,0000;-380,1720;-0,0000;6;0
0,5780;-16,3895;30,9138;47,9342;0,0000;11,1520;163,6105;255,000;-75,000;46,885;109,618;-0,0000;26,3368;-4,7613;0,0000;-21,5755;-0,0000;-0,0000;474,8411;-95,4405;0,0000;-379,4006;-0,0000;6;0
0,5800;-16,3895;30,9675;47,9245;0,0000;11,1081;163,6105;255,000;-75,000;46,658;113,618;-0,0000;27,2868;-4,9532;0,0000;-22,3335;-0,0000;-0,0000;475,1427;-96,5442;0,0000;-378,5985;-0,0000;6;0
0,5820;-16,3895;31,0230;47,9144;0,0000;11,0626;163,6105;255,000;-75,000;46,423;117,618;-0,0000;28,2374;-5,1475;0,0000;-23,0899;-0,0000;-0,0000;475,4515;-97,6860;0,0000;-377,7655;-0,0000;6;0
0,5840;-16,3895;31,0804;47,9039;0,0000;11,0157;163,6105;255,000;-75,000;46,180;121,618;-0,0000;29,1886;-5,3440;0,0000;-23,8446;-0,0000;-0,0000;475,7673;-98,8659;0,0000;-376,9014;-0,0000;6;0
0,5860;-16,3895;31,1397;47,8930;0,0000;10,9673;163,6105;255,000;-75,000;45,928;125,618;-0,0000;30,1404;-5,5429;0,0000;-24,5975;-0,0000;-0,0000;476,0896;-100,0839;0,0000;-376,0058;-0,0000;6;0
0,5880;-16,3895;31,2010;47,8817;0,0000;10,9173;163,6105;255,000;-75,000;45,669;129,618;-0,0000;31,0929;-5,7443;0,0000;-25,3486;-0,0000;-0,0000;476,4182;-101,3398;0,0000;-375,0784;-0,0000;6;0
0,5900;-16,3895;31,2641;47,8700;0,0000;10,8659;163,6105;255,000;-75,000;45,402;133,618;-0,0000;32,0461;-5,9483;0,0000;-26,0978;-0,0000;-0,0000;476,7526;-102,6335;0,0000;-374,1191;-0,0000;6;0
0,5920;-16,3895;31,3292;47,8579;0,0000;10,8129;163,6105;255,000;-75,000;45,127;137,618;-0,0000;33,0000;-6,1549;0,0000;-26,8451;-0,0000;-0,0000;477,0924;-103,9650;0,0000;-373,1275;-0,0000;6;0
0,5940;-16,3895;31,3961;47,8454;0,0000;10,7585;163,6105;255,000;-75,000;44,843;141,618;-0,0000;33,9545;-6,3641;0,0000;-27,5903;-0,0000;-0,0000;477,4373;-105,3341;0,0000;-372,1032;-0,0000;6;0
0,5960;-16,3895;31,4650;47,8325;0,0000;10,7026;163,6105;255,000;-75,000;44,552;145,618;-0,0000;34,9097;-6,5762;0,0000;-28,3335;-0,0000;-0,0000;477,7868;-106,7408;0,0000;-371,0460;-0,0000;6;0
0,5980;-16,3895;31,5357;47,8191;0,0000;10,6451;163,6105;255,000;-75,000;44,253;149,618;-0,0000;35,8656;-6,7911;0,0000;-29,0745;-0,0000;-0,0000;478,1406;-108,1850;0,0000;-369,9556;-0,0000;6;0
0,6000;-16,3895;31,6084;47,8053;0,0000;10,5863;163,6105;255,000;-75,000;43,946;153,618;-0,0000;36,8223;-7,0089;0,0000;-29,8133;-0,0000;-0,0000;478,4982;-109,6665;0,0000;-368,8316;-0,0000;6;0
0,6020;-16,3895;31,6830;47,7911;0,0000;10,5259;163,6105;255,000;-75,000;43,631;157,618;-0,0000;37,7796;-7,2298;0,0000;-30,5499;-0,0000;-0,0000;478,8591;-111,1854;0,0000;-367,6738;-0,0000;6;0
0,6040;-16,3895;31,7595;47,7764;0,0000;10,4641;163,6105;255,000;-75,000;43,307;161,618;-0,0000;38,7377;-7,4537;0,0000;-31,2840;-0,0000;-0,0000;479,2230;-112,7413;0,0000;-366,4817;-0,0000;6;0
0,6060;-16,3895;31,8380;47,7613;0,0000;10,4008;163,6105;255,000;-75,000;42,976;165,618;-0,0000;39,6965;-7,6807;0,0000;-32,0158;-0,0000;-0,0000;479,5893;-114,3343;0,0000;-365,2550;-0,0000;6;0
0,6080;-16,3895;31,9183;47,7457;0,0000;10,3360;163,6105;255,000;-75,000;42,637;169,618;-0,0000;40,6561;-7,9110;0,0000;-32,7450;-0,0000;-0,0000;479,9577;-115,9643;0,0000;-363,9934;-0,0000;6;0
0,6100;-16,3895;32,0006;47,7296;0,0000;10,2698;163,6105;255,000;-75,000;42,290;173,618;-0,0000;41,6163;-8,1446;0,0000;-33,4718;-0,0000;-0,0000;480,3276;-117,6310;0,0000;-362,6966;-0,0000;6;0
0,6120;-16,3895;32,0848;47,7131;0,0000;10,2021;163,6105;255,000;-75,000;41,934;177,618;-0,0000;42,5774;-8,3815;0,0000;-34,1958;-0,0000;-0,0000;480,6985;-119,3344;0,0000;-361,3641;-0,0000;6;0
0,6140;-16,3895;32,1709;47,6961;0,0000;10,1330;163,6105;255,000;-75,000;41,571;181,618;-0,0000;43,5391;-8,6219;0,0000;-34,9172;-0,0000;-0,0000;481,0700;-121,0744;0,0000;-359,9956;-0,0000;6;0
0,6160;-16,3895;32,2590;47,6786;0,0000;10,0624;163,6105;255,000;-75,000;41,200;185,618;-0,0000;44,5017;-8,8658;0,0000;-35,6358;-0,0000;-0,0000;481,4416;-122,8508;0,0000;-358,5908;-0,0000;6;0
0,6180;-16,3895;32,3489;47,6606;0,0000;9,9904;163,6105;255,000;-75,000;40,821;189,618;-0,0000;45,4649;-9,1133;0,0000;-36,3516;-0,0000;-0,0000;481,8127;-124,6635;0,0000;-357,1492;-0,0000;6;0
0,6200;-16,3895;32,4408;47,6422;0,0000;9,9170;163,6105;255,000;-75,000;40,433;193,618;-0,0000;46,4289;-9,3645;0,0000;-37,0644;-0,0000;-0,0000;482,1829;-126,5123;0,0000;-355,6706;-0,0000;6;0
0,6220;-16,3895;32,5346;47,6232;0,0000;9,8422;163,6105;255,000;-75,000;40,038;197,618;-0,0000;47,3936;-9,6194;0,0000;-37,7743;-0,0000;-0,0000;482,5516;-128,3971;0,0000;-354,1544;-0,0000;6;0
0,6240;-16,3895;32,6304;47,6037;0,0000;9,7659;163,6105;255,000;-75,000;39,635;201,618;-0,0000;48,3591;-9,8781;0,0000;-38,4810;-0,0000;-0,0000;482,9182;-130,3178;0,0000;-352,6005;-0,0000;6;0
0,6260;-16,3895;32,7281;47,5837;0,0000;9,6883;163,6105;255,000;-75,000;39,224;205,618;-0,0000;49,3253;-10,1407;0,0000;-39,1847;-0,0000;-0,0000;483,2824;-132,2741;0,0000;-351,0082;-0,0000;6;0
0,6280;-16,3895;32,8277;47,5631;0,0000;9,6092;163,6105;255,000;-75,000;38,804;209,618;-0,0000;50,2922;-10,4072;0,0000;-39,8851;-0,0000;0,0017;483,6433;-134,2658;-0,0378;-349,3783;0,0403;6;0
0,6300;-16,3895;32,9292;47,5420;0,0000;9,5287;163,6105;255,000;-75,000;38,377;213,618;0,0000;51,2599;-10,6777;-0,0001;-40,5822;0,0002;0,0017;484,0007;-136,2931;-0,0382;-347,7084;0,0406;6;0
0,6320;-16,3895;33,0327;47,5204;0,0000;9,4469;163,6105;255,000;-75,000;37,942;217,618;0,0000;52,2282;-10,9523;-0,0002;-41,2759;0,0002;-0,0017;484,3541;-138,3560;0,0372;-345,9973;-0,0397;6;0
0,6340;-16,3895;33,1382;47,4982;-0,0000;9,3636;163,6105;255,000;-75,000;37,499;221,618;-0,0000;53,1973;-11,2311;-0,0000;-41,9662;-0,0000;-0,0017;484,7025;-140,4535;0,0375;-344,2482;-0,0400;6;0
0,6360;-16,3895;33,2455;47,4755;-0,0000;9,2790;163,6105;255,000;-75,000;37,047;225,618;-0,0000;54,1671;-11,5142;-0,0000;-42,6529;-0,0000;-0,0000;485,0455;-142,5857;0,0000;-342,4599;-0,0000;6;0
0,6380;-16,3895;33,3548;47,4522;-0,0000;9,1930;163,6105;255,000;-75,000;36,588;229,618;-0,0000;55,1375;-11,8015;0,0000;-43,3360;-0,0000;-0,0000;485,3827;-144,7528;0,0000;-340,6300;-0,0000;6;0
0,6400;-16,3895;33,4661;47,4283;0,0000;9,1057;163,6105;255,000;-75,000;36,121;233,618;-0,0000;56,1086;-12,0932;0,0000;-44,0154;-0,0000;-0,0000;485,7134;-146,9543;-0,0000;-338,7590;-0,0000;6;0
0,6420;-16,3895;33,5793;47,4038;0,0000;9,0169;163,6105;255,000;-75,000;35,646;237,618;-0,0000;57,0803;-12,3893;-0,0000;-44,6910;-0,0000;-0,0000;486,0370;-149,1902;0,0000;-336,8468;-0,0000;6;0
0,6440;-16,3895;33,6944;47,3787;0,0000;8,9269;163,6105;255,000;-75,000;35,163;241,618;-0,0000;58,0527;-12,6899;0,0000;-45,3628;-0,0000;-0,0000;486,3529;-151,4602;0,0000;-334,8927;-0,0000;6;0
0,6460;-16,3895;33,8115;47,3530;0,0000;8,8355;163,6105;255,000;-75,000;34,671;245,618;-0,0000;59,0257;-12,9951;0,0000;-46,0306;-0,0000;-0,0000;486,6606;-153,7641;0,0000;-332,8965;-0,0000;6;0
0,6480;-16,3895;33,9305;47,3267;0,0000;8,7428;163,6105;255,000;-75,000;34,172;249,618;-0,0000;59,9994;-13,3050;0,0000;-46,6944;-0,0000;-0,0000;486,9594;-156,1017;-0,0000;-330,8577;-0,0000;6;0
0,6500;-16,3895;34,0515;47,2998;0,0000;8,6487;163,6105;255,000;-75,000;33,665;253,618;-0,0000;60,9736;-13,6195;-0,0000;-47,3540;-0,0000;-0,0000;487,2487;-158,4728;-0,0000;-328,7760;-0,0000;6;0
0,6520;-16,3895;34,1744;47,2723;0,0000;8,5534;163,6105;255,000;-75,000;33,150;257,618;-0,0000;61,9484;-13,9389;-0,0000;-48,0095;-0,0000;-0,0000;487,5280;-160,8773;0,0000;-326,6508;-0,0000;6;0
0,6540;-16,3895;34,2993;47,2441;0,0000;8,4567;163,6105;255,000;-75,000;32,626;261,618;-0,0000;62,9237;-14,2631;-0,0000;-48,6606;-0,0000;-0,0000;487,7965;-163,3148;0,0000;-324,4816;-0,0000;6;0
0,6560;-16,3895;34,4261;47,2152;-0,0000;8,3587;163,6105;255,000;-75,000;32,095;265,618;-0,0000;63,8996;-14,5921;-0,0000;-49,3074;-0,0000;-0,0000;488,0538;-165,7852;0,0000;-322,2686;-0,0000;6;0
0,6580;-16,3895;34,5549;47,1857;-0,0000;8,2595;163,6105;255,000;-75,000;31,556;269,618;-0,0000;64,8759;-14,9262;-0,0000;-49,9497;-0,0000;-0,0000;488,2991;-168,2881;-0,0000;-320,0110;-0,0000;6;0
0,6600;-16,3895;34,6856;47,1555;-0,0000;8,1589;163,6105;255,000;-75,000;31,009;273,618;-0,0000;65,8528;-15,2653;-0,0000;-50,5875;-0,0000;-0,0000;488,5319;-170,8234;0,0000;-317,7085;-0,0000;6;0
0,6620;-16,3895;34,8183;47,1246;-0,0000;8,0571;163,6105;255,000;-75,000;30,453;277,618;-0,0000;66,8300;-15,6095;0,0000;-51,2205;-0,0000;-0,0000;488,7516;-173,3909;0,0000;-315,3606;-0,0000;6;0
0,6640;-16,3895;34,9529;47,0931;0,0000;7,9540;163,6105;255,000;-75,000;29,890;281,618;-0,0000;67,8078;-15,9589;0,0000;-51,8489;-0,0000;-0,0000;488,9575;-175,9904;-0,0000;-312,9671;0,0000;6;0
0,6660;-16,3895;35,0895;47,0608;0,0000;7,8497;163,6105;255,000;-75,000;29,319;285,618;-0,0000;68,7859;-16,3135;-0,0000;-52,4724;-0,0000;-0,0000;489,1490;-178,6214;-0,0000;-310,5275;-0,0000;6;0
0,6680;-16,3895;35,2281;47,0278;0,0000;7,7441;163,6105;255,000;-75,000;28,740;289,618;-0,0000;69,7644;-16,6733;-0,0000;-53,0910;-0,0000;-0,0000;489,3255;-181,2839;0,0000;-308,0415;-0,0000;6;0
0,6700;-16,3895;35,3686;46,9941;0,0000;7,6373;163,6105;255,000;-75,000;28,152;293,618;-0,0000;70,7432;-17,0386;0,0000;-53,7046;-0,0000;-0,0000;489,4863;-183,9775;-0,0000;-305,5088;-0,0000;6;0
0,6720;-16,3895;35,5110;46,9597;0,0000;7,5293;163,6105;255,000;-75,000;27,557;297,618;-0,0000;71,7223;-17,4093;-0,0000;-54,3130;-0,0000;-0,0000;489,6309;-186,7020;-0,0000;-302,9291;-0,0000;6;0
0,6740;-16,3895;35,6554;46,9245;0,0000;7,4201;163,6105;255,000;-75,000;26,954;301,618;-0,0000;72,7017;-17,7854;-0,0000;-54,9163;-0,0000;-0,0000;489,7587;-189,4571;0,0000;-300,3017;-0,0000;6;0
0,6760;-16,3895;35,8018;46,8885;0,0000;7,3097;163,6105;255,000;-75,000;26,343;305,618;-0,0000;73,6813;-18,1671;0,0000;-55,5143;-0,0000;-0,0000;489,8690;-192,2427;0,0000;-297,6261;-0,0000;6;0
0,6780;-16,3895;35,9502;46,8518;0,0000;7,1980;163,6105;255,000;-75,000;25,724;309,618;-0,0000;74,6612;-18,5544;0,0000;-56,1068;-0,0000;-0,0000;403,8439;-173,3165;-0,0000;-230,5272;-0,0000;6;0
0,6800;-16,3895;36,1005;46,8143;0,0000;7,0852;163,6105;255,000;-75,000;25,096;313,618;-0,0000;75,2967;-18,8603;-0,0000;-56,4364;-0,0000;-0,0000;80,7453;-93,7577;-0,0000;13,0123;0,0000;6;0
0,6820;-16,3895;36,2514;46,7764;0,0000;6,9723;163,6105;255,000;-75,000;24,467;314,744;-0,0000;74,9842;-18,9294;-0,0000;-56,0548;-0,0000;0,0000;-310,1605;5,1244;-0,0000;305,0360;0,0000;6;0
0,6840;-16,3895;36,4004;46,7386;0,0000;6,8610;163,6105;255,000;-75,000;23,845;310,837;-0,0000;74,0561;-18,8399;-0,0000;-55,2162;-0,0000;0,0000;-467,1723;46,9623;0,0000;420,2100;0,0000;6;0
0,6860;-16,3895;36,5476;46,7010;0,0000;6,7514;163,6105;255,000;-75,000;23,231;306,837;-0,0000;73,1155;-18,7415;0,0000;-54,3739;-0,0000;0,0000;-470,6319;50,6193;0,0000;420,0126;-0,0000;6;0
0,6880;-16,3895;36,6929;46,6636;0,0000;6,6435;163,6105;255,000;-75,000;22,626;302,837;-0,0000;72,1735;-18,6374;0,0000;-53,5362;-0,0000;0,0000;-471,2790;53,5353;-0,0000;417,7436;0,0000;6;0
0,6900;-16,3895;36,8363;46,6264;0,0000;6,5373;163,6105;255,000;-75,000;22,028;298,837;-0,0000;71,2303;-18,5274;-0,0000;-52,7029;-0,0000;0,0000;-471,8968;56,4073;-0,0000;415,4894;0,0000;6;0
0,6920;-16,3895;36,9778;46,5895;-0,0000;6,4327;163,6105;255,000;-75,000;21,438;294,837;-0,0000;70,2860;-18,4117;-0,0000;-51,8742;-0,0000;0,0000;-472,4864;59,2355;0,0000;413,2510;-0,0000;6;0
0,6940;-16,3895;37,1174;46,5528;0,0000;6,3298;163,6105;255,000;-75,000;20,857;290,837;-0,0000;69,3404;-18,2905;0,0000;-51,0499;-0,0000;0,0000;-473,0486;62,0202;0,0000;411,0285;-0,0000;6;0
0,6960;-16,3895;37,2552;46,5163;0,0000;6,2285;163,6105;255,000;-75,000;20,283;286,837;-0,0000;68,3938;-18,1637;0,0000;-50,2301;-0,0000;0,0000;-473,5844;64,7616;-0,0000;408,8228;0,0000;6;0
0,6980;-16,3895;37,3910;46,4801;0,0000;6,1289;163,6105;255,000;-75,000;19,717;282,837;-0,0000;67,4461;-18,0314;0,0000;-49,4146;-0,0000;0,0000;-474,0946;67,4597;-0,0000;406,6349;0,0000;6;0
0,7000;-16,3895;37,5249;46,4442;0,0000;6,0308;163,6105;255,000;-75,000;19,160;278,837;-0,0000;66,4974;-17,8938;0,0000;-48,6036;-0,0000;0,0000;-474,5801;70,1148;-0,0000;404,4653;0,0000;6;0
0,7020;-16,3895;37,6570;46,4086;0,0000;5,9344;163,6105;255,000;-75,000;18,610;274,837;-0,0000;65,5477;-17,7510;-0,0000;-47,7968;-0,0000;0,0000;-475,0418;72,7270;-0,0000;402,3148;0,0000;6;0
0,7040;-16,3895;37,7871;46,3732;-0,0000;5,8397;163,6105;255,000;-75,000;18,068;270,837;-0,0000;64,5972;-17,6029;-0,0000;-46,9943;-0,0000;0,0000;-475,4804;75,2966;0,0000;400,1838;0,0000;6;0
0,7060;-16,3895;37,9154;46,3382;0,0000;5,7465;163,6105;255,000;-75,000;17,535;266,837;-0,0000;63,6458;-17,4498;0,0000;-46,1960;-0,0000;0,0000;-475,8968;77,8236;-0,0000;398,0732;0,0000;6;0
0,7080;-16,3895;38,0417;46,3034;-0,0000;5,6549;163,6105;255,000;-75,000;17,009;262,837;-0,0000;62,6936;-17,2916;-0,0000;-45,4020;-0,0000;0,0000;-476,2918;80,3084;-0,0000;395,9833;0,0000;6;0
0,7100;-16,3895;38,1662;46,2690;-0,0000;5,5649;163,6105;255,000;-75,000;16,491;258,837;-0,0000;61,7407;-17,1285;0,0000;-44,6121;-0,0000;0,0000;-476,6662;82,7511;0,0000;393,9150;-0,0000;6;0
0,7120;-16,3895;38,2887;46,2349;-0,0000;5,4764;163,6105;255,000;-75,000;15,982;254,837;-0,0000;60,7870;-16,9606;0,0000;-43,8263;-0,0000;0,0000;-477,0206;85,1517;0,0000;391,8691;0,0000;6;0
0,7140;-16,3895;38,4093;46,2011;-0,0000;5,3896;163,6105;255,000;-75,000;15,480;250,837;-0,0000;59,8326;-16,7879;0,0000;-43,0446;-0,0000;0,0000;-477,3559;87,5106;0,0000;389,8455;0,0000;6;0
0,7160;-16,3895;38,5280;46,1677;0,0000;5,3042;163,6105;255,000;-75,000;14,986;246,837;-0,0000;58,8775;-16,6106;0,0000;-42,2670;-0,0000;0,0000;-477,6728;89,8279;0,0000;387,8449;0,0000;6;0
0,7180;-16,3895;38,6448;46,1347;0,0000;5,2205;163,6105;255,000;-75,000;14,501;242,837;-0,0000;57,9219;-16,4286;0,0000;-41,4933;-0,0000;0,0000;-477,9719;92,1038;-0,0000;385,8681;0,0000;6;0
0,7200;-16,3895;38,7597;46,1020;0,0000;5,1383;163,6105;255,000;-75,000;14,023;238,837;-0,0000;56,9656;-16,2422;0,0000;-40,7235;-0,0000;0,0000;-478,2540;94,3384;-0,0000;383,9156;0,0000;6;0
0,7220;-16,3895;38,8727;46,0697;0,0000;5,0576;163,6105;255,000;-75,000;13,553;234,837;-0,0000;56,0089;-16,0513;0,0000;-39,9576;-0,0000;0,0000;-478,5197;96,5320;0,0000;381,9878;0,0000;6;0
0,7240;-16,3895;38,9837;46,0378;0,0000;4,9784;163,6105;255,000;-75,000;13,092;230,837;-0,0000;55,0516;-15,8560;0,0000;-39,1955;-0,0000;0,0000;-478,7698;98,6846;0,0000;380,0851;0,0000;6;0
0,7260;-16,3895;39,0929;46,0063;0,0000;4,9008;163,6105;255,000;-75,000;12,638;226,837;-0,0000;54,0938;-15,6565;0,0000;-38,4373;-0,0000;0,0000;-479,0047;100,7965;0,0000;378,2082;0,0000;6;0
0,7280;-16,3895;39,2001;45,9752;0,0000;4,8247;163,6105;255,000;-75,000;12,192;222,837;-0,0000;53,1356;-15,4528;0,0000;-37,6827;-0,0000;0,0000;-479,2252;102,8679;-0,0000;376,3572;0,0000;6;0
0,7300;-16,3895;39,3054;45,9445;0,0000;4,7501;163,6105;255,000;-75,000;11,755;218,837;-0,0000;52,1769;-15,2451;-0,0000;-36,9318;-0,0000;0,0000;-479,4318;104,8989;-0,0000;374,5329;0,0000;6;0
0,7320;-16,3895;39,4088;45,9142;0,0000;4,6770;163,6105;255,000;-75,000;11,325;214,837;-0,0000;51,2178;-15,0333;-0,0000;-36,1846;-0,0000;0,0000;-479,6252;106,8896;0,0000;372,7357;-0,0000;6;0
0,7340;-16,3895;39,5103;45,8844;-0,0000;4,6053;163,6105;255,000;-75,000;10,903;210,837;-0,0000;50,2584;-14,8175;-0,0000;-35,4409;-0,0000;0,0000;-479,8059;108,8402;0,0000;370,9657;-0,0000;6;0
0,7360;-16,3895;39,6098;45,8549;-0,0000;4,5352;163,6105;255,000;-75,000;10,490;206,837;-0,0000;49,2986;-14,5979;0,0000;-34,7007;-0,0000;0,0000;-479,9745;110,7510;0,0000;369,2235;0,0000;6;0
0,7380;-16,3895;39,7075;45,8260;0,0000;4,4665;163,6105;255,000;-75,000;10,084;202,837;-0,0000;48,3385;-14,3745;-0,0000;-33,9640;-0,0000;0,0000;-480,1315;112,6220;-0,0000;367,5095;0,0000;6;0
0,7400;-16,3895;39,8032;45,7975;-0,0000;4,3993;163,6105;255,000;-75,000;9,686;198,837;-0,0000;47,3781;-14,1474;-0,0000;-33,2307;-0,0000;0,0000;-480,2775;114,4534;0,0000;365,8240;0,0000;6;0
0,7420;-16,3895;39,8970;45,7694;-0,0000;4,3336;163,6105;255,000;-75,000;9,297;194,837;-0,0000;46,4174;-13,9167;0,0000;-32,5007;-0,0000;0,0000;-480,4129;116,2454;0,0000;364,1675;0,0000;6;0
0,7440;-16,3895;39,9889;45,7418;-0,0000;4,2693;163,6105;255,000;-75,000;8,915;190,837;-0,0000;45,4564;-13,6824;0,0000;-31,7740;-0,0000;0,0000;-480,5383;117,9981;-0,0000;362,5401;0,0000;6;0
0,7460;-16,3895;40,0788;45,7147;-0,0000;4,2065;163,6105;255,000;-75,000;8,541;186,837;-0,0000;44,4952;-13,4447;0,0000;-31,0505;-0,0000;0,0000;-480,6542;119,7117;0,0000;360,9424;0,0000;6;0
0,7480;-16,3895;40,1669;45,6880;-0,0000;4,1451;163,6105;255,000;-75,000;8,176;182,837;-0,0000;43,5338;-13,2036;0,0000;-30,3302;-0,0000;0,0000;-480,7609;121,3862;-0,0000;359,3748;0,0000;6;0
0,7500;-16,3895;40,2530;45,6618;-0,0000;4,0852;163,6105;255,000;-75,000;7,818;178,837;-0,0000;42,5722;-12,9591;-0,0000;-29,6130;-0,0000;0,0000;-480,8591;123,0219;-0,0000;357,8372;0,0000;6;0
0,7520;-16,3895;40,3371;45,6362;-0,0000;4,0267;163,6105;255,000;-75,000;7,468;174,837;-0,0000;41,6104;-12,7115;-0,0000;-28,8989;-0,0000;0,0000;-480,9492;124,6190;0,0000;356,3302;0,0000;6;0
0,7540;-16,3895;40,4194;45,6110;-0,0000;3,9696;163,6105;255,000;-75,000;7,127;170,837;-0,0000;40,6484;-12,4607;-0,0000;-28,1877;-0,0000;0,0000;-481,0314;126,1775;0,0000;354,8540;-0,0000;6;0
0,7560;-16,3895;40,4997;45,5863;-0,0000;3,9139;163,6105;255,000;-75,000;6,793;166,837;-0,0000;39,6862;-12,2068;0,0000;-27,4795;-0,0000;0,0000;-481,1064;127,6975;0,0000;353,4089;0,0000;6;0
0,7580;-16,3895;40,5781;45,5622;-0,0000;3,8597;163,6105;255,000;-75,000;6,467;162,837;-0,0000;38,7240;-11,9499;0,0000;-26,7741;-0,0000;0,0000;-481,1745;129,1793;-0,0000;351,9953;0,0000;6;0
0,7600;-16,3895;40,6546;45,5385;-0,0000;3,8068;163,6105;255,000;-75,000;6,149;158,837;-0,0000;37,7615;-11,6901;-0,0000;-26,0715;-0,0000;0,0000;-481,2361;130,6229;-0,0000;350,6132;0,0000;6;0
0,7620;-16,3895;40,7292;45,5154;-0,0000;3,7554;163,6105;255,000;-75,000;5,840;154,837;-0,0000;36,7990;-11,4274;0,0000;-25,3716;-0,0000;0,0000;-481,2915;132,0284;0,0000;349,2631;0,0000;6;0
0,7640;-16,3895;40,8018;45,4928;-0,0000;3,7054;163,6105;255,000;-75,000;5,538;150,837;-0,0000;35,8364;-11,1619;-0,0000;-24,6744;-0,0000;0,0000;-481,3412;133,3961;-0,0000;347,9452;0,0000;6;0
0,7660;-16,3895;40,8725;45,4708;-0,0000;3,6567;163,6105;255,000;-75,000;5,244;146,837;-0,0000;34,8736;-10,8938;-0,0000;-23,9798;-0,0000;0,0000;-481,3855;134,7260;0,0000;346,6596;0,0000;6;0
0,7680;-16,3895;40,9413;45,4492;-0,0000;3,6094;163,6105;255,000;-75,000;4,959;142,837;-0,0000;33,9108;-10,6230;0,0000;-23,2878;-0,0000;0,0000;-481,4248;136,0182;0,0000;345,4066;0,0000;6;0
0,7700;-16,3895;41,0082;45,4283;-0,0000;3,5636;163,6105;255,000;-75,000;4,681;138,837;-0,0000;32,9480;-10,3497;0,0000;-22,5982;-0,0000;0,0000;-481,4593;137,2729;0,0000;344,1864;0,0000;6;0
0,7720;-16,3895;41,0731;45,4078;-0,0000;3,5190;163,6105;255,000;-75,000;4,411;134,837;-0,0000;31,9850;-10,0739;0,0000;-21,9111;-0,0000;0,0000;-481,4895;138,4901;-0,0000;342,9993;0,0000;6;0
0,7740;-16,3895;41,1361;45,3880;-0,0000;3,4759;163,6105;255,000;-75,000;4,150;130,837;-0,0000;31,0220;-9,7958;0,0000;-21,2262;-0,0000;0,0000;-481,5155;139,6701;-0,0000;341,8454;0,0000;6;0
0,7760;-16,3895;41,1972;45,3687;-0,0000;3,4341;163,6105;255,000;-75,000;3,896;126,837;-0,0000;30,0589;-9,5153;-0,0000;-20,5437;-0,0000;0,0000;-481,5378;140,8128;-0,0000;340,7250;0,0000;6;0
0,7780;-16,3895;41,2564;45,3499;-0,0000;3,3937;163,6105;255,000;-75,000;3,650;122,837;-0,0000;29,0958;-9,2325;-0,0000;-19,8633;-0,0000;0,0000;-481,5566;141,9184;-0,0000;339,6381;0,0000;6;0
0,7800;-16,3895;41,3136;45,3317;-0,0000;3,3547;163,6105;255,000;-75,000;3,413;118,837;-0,0000;28,1327;-8,9476;-0,0000;-19,1851;-0,0000;0,0000;-481,5721;142,9870;-0,0000;338,5851;0,0000;6;0
0,7820;-16,3895;41,3689;45,3141;-0,0000;3,3170;163,6105;255,000;-75,000;3,183;114,837;-0,0000;27,1696;-8,6606;-0,0000;-18,5090;-0,0000;0,0000;-481,5847;144,0187;-0,0000;337,5660;0,0000;6;0
0,7840;-16,3895;41,4223;45,2971;-0,0000;3,2806;163,6105;255,000;-75,000;2,961;110,837;-0,0000;26,2064;-8,3715;-0,0000;-17,8349;-0,0000;0,0000;-481,5947;145,0136;0,0000;336,5810;0,0000;6;0
0,7860;-16,3895;41,4737;45,2806;-0,0000;3,2457;163,6105;255,000;-75,000;2,748;106,837;-0,0000;25,2432;-8,0805;-0,0000;-17,1627;-0,0000;0,0000;-481,6021;145,9718;0,0000;335,6303;0,0000;6;0
0,7880;-16,3895;41,5232;45,2648;-0,0000;3,2120;163,6105;255,000;-75,000;2,542;102,837;-0,0000;24,2800;-7,7876;0,0000;-16,4923;-0,0000;0,0000;-481,6074;146,8934;0,0000;334,7138;-0,0000;6;0
0,7900;-16,3895;41,5708;45,2495;-0,0000;3,1797;163,6105;255,000;-75,000;2,344;98,837;-0,0000;23,3167;-7,4929;0,0000;-15,8238;-0,0000;0,0000;-481,6107;147,7784;0,0000;333,8321;0,0000;6;0
0,7920;-16,3895;41,6165;45,2348;-0,0000;3,1487;163,6105;255,000;-75,000;2,155;94,837;-0,0000;22,3535;-7,1965;0,0000;-15,1570;-0,0000;0,0000;-481,6122;148,6269;-0,0000;332,9854;0,0000;6;0
0,7940;-16,3895;41,6602;45,2207;-0,0000;3,1191;163,6105;255,000;-75,000;1,973;90,837;-0,0000;21,3903;-6,8984;-0,0000;-14,4919;-0,0000;0,0000;-481,6122;149,4391;-0,0000;332,1732;0,0000;6;0
0,7960;-16,3895;41,7021;45,2072;-0,0000;3,0907;163,6105;255,000;-75,000;1,799;86,837;-0,0000;20,4271;-6,5988;-0,0000;-13,8283;-0,0000;0,0000;-481,6108;150,2150;0,0000;331,3958;0,0000;6;0
0,7980;-16,3895;41,7420;45,1943;-0,0000;3,0637;163,6105;255,000;-75,000;1,634;82,837;-0,0000;19,4639;-6,2976;0,0000;-13,1663;-0,0000;0,0000;-481,6082;150,9546;0,0000;330,6536;0,0000;6;0
0,8000;-16,3895;41,7799;45,1820;0,0000;3,0381;163,6105;255,000;-75,000;1,476;78,837;-0,0000;18,5006;-5,9949;0,0000;-12,5057;-0,0000;0,0000;-481,6047;151,6581;0,0000;329,9466;0,0000;6;0
0,8020;-16,3895;41,8160;45,1703;0,0000;3,0137;163,6105;255,000;-75,000;1,326;74,837;-0,0000;17,5374;-5,6909;0,0000;-11,8465;-0,0000;0,0000;-481,6003;152,3255;0,0000;329,2748;0,0000;6;0
0,8040;-16,3895;41,8501;45,1592;0,0000;2,9907;163,6105;255,000;-75,000;1,185;70,837;-0,0000;16,5742;-5,3856;0,0000;-11,1886;-0,0000;0,0000;-481,5952;152,9568;-0,0000;328,6384;0,0000;6;0
0,8060;-16,3895;41,8823;45,1488;0,0000;2,9690;163,6105;255,000;-75,000;1,051;66,837;-0,0000;15,6111;-5,0791;0,0000;-10,5319;-0,0000;0,0000;-481,5896;153,5522;-0,0000;328,0375;0,0000;6;0
0,8080;-16,3895;41,9125;45,1389;0,0000;2,9486;163,6105;255,000;-75,000;0,925;62,837;-0,0000;14,6479;-4,7714;0,0000;-9,8764;-0,0000;0,0000;-481,5837;154,1116;0,0000;327,4721;0,0000;6;0
0,8100;-16,3895;41,9408;45,1297;0,0000;2,9295;163,6105;255,000;-75,000;0,808;58,837;-0,0000;13,6847;-4,4627;0,0000;-9,2220;-0,0000;0,0000;-481,5775;154,6352;0,0000;326,9423;0,0000;6;0
0,8120;-16,3895;41,9673;45,1211;0,0000;2,9117;163,6105;255,000;-75,000;0,698;54,837;-0,0000;12,7216;-4,1529;0,0000;-8,5687;-0,0000;0,0000;-481,5712;155,1230;0,0000;326,4482;0,0000;6;0
0,8140;-16,3895;41,9917;45,1131;0,0000;2,8952;163,6105;255,000;-75,000;0,596;50,837;-0,0000;11,7584;-3,8422;0,0000;-7,9163;-0,0000;0,0000;-481,5649;155,5750;-0,0000;325,9899;0,0000;6;0
0,8160;-16,3895;42,0143;45,1057;0,0000;2,8800;163,6105;255,000;-75,000;0,503;46,837;-0,0000;10,7953;-3,5306;-0,0000;-7,2647;-0,0000;0,0000;-481,5587;155,9913;-0,0000;325,5674;0,0000;6;0
0,8180;-16,3895;42,0349;45,0990;0,0000;2,8661;163,6105;255,000;-75,000;0,417;42,837;-0,0000;9,8322;-3,2182;0,0000;-6,6140;-0,0000;0,0000;-481,5526;156,3719;0,0000;325,1808;0,0000;6;0
0,8200;-16,3895;42,0536;45,0928;0,0000;2,8535;163,6105;255,000;-75,000;0,339;38,837;-0,0000;8,8691;-2,9051;0,0000;-5,9640;-0,0000;0,0000;-481,5469;156,7168;0,0000;324,8301;0,0000;6;0
0,8220;-16,3895;42,0704;45,0873;0,0000;2,8423;163,6105;255,000;-75,000;0,270;34,837;-0,0000;7,9060;-2,5913;0,0000;-5,3147;-0,0000;0,0000;-481,5416;157,0261;-0,0000;324,5154;0,0000;6;0
0,8240;-16,3895;42,0852;45,0825;0,0000;2,8323;163,6105;255,000;-75,000;0,208;30,837;-0,0000;6,9429;-2,2770;0,0000;-4,6659;-0,0000;0,0000;-481,5366;157,2999;0,0000;324,2368;0,0000;6;0
0,8260;-16,3895;42,0982;45,0782;0,0000;2,8236;163,6105;255,000;-75,000;0,154;26,837;-0,0000;5,9799;-1,9621;0,0000;-4,0177;-0,0000;0,0000;-481,5322;157,5380;-0,0000;323,9942;0,0000;6;0
0,8280;-16,3895;42,1092;45,0746;0,0000;2,8162;163,6105;255,000;-75,000;0,109;22,837;-0,0000;5,0168;-1,6468;0,0000;-3,3700;-0,0000;0,0000;-481,5284;157,7407;-0,0000;323,7877;0,0000;6;0
0,8300;-16,3895;42,1182;45,0716;0,0000;2,8101;163,6105;255,000;-75,000;0,071;18,837;-0,0000;4,0538;-1,3312;-0,0000;-2,7226;-0,0000;0,0000;-481,5251;157,9078;-0,0000;323,6174;0,0000;6;0
0,8320;-16,3895;42,1254;45,0693;0,0000;2,8053;163,6105;255,000;-75,000;0,041;14,837;-0,0000;3,0907;-1,0152;0,0000;-2,0755;-0,0000;0,0000;-481,5225;158,0394;0,0000;323,4831;0,0000;6;0
0,8340;-16,3895;42,1306;45,0676;0,0000;2,8018;163,6105;255,000;-75,000;0,020;10,837;-0,0000;2,1277;-0,6990;0,0000;-1,4286;-0,0000;0,0000;-481,5206;158,1362;-0,0000;323,3844;0,0000;6;0
0,8360;-16,3895;42,1339;45,0665;0,0000;2,7996;163,6105;255,000;-75,000;0,006;6,837;-0,0000;1,1646;-0,3827;-0,0000;-0,7819;-0,0000;9,5063;-433,6422;113,6566;0,0001;319,9825;9,5062;6;0
0,8380;-16,3895;42,1353;45,0661;0,0000;2,7987;163,6105;255,000;-75,000;0,000;2,837;0,0380;0,3931;-0,2444;0,0000;-0,1487;0,0380;48,7559;-235,9460;-70,2468;-0,0016;306,2579;48,7577;6;0
0,8400;-16,3894;42,1355;45,0655;0,0000;2,7990;163,6106;255,003;-75,000;0,000;1,253;0,1950;0,2208;-0,6637;-0,0000;0,4431;0,1950;99,3958;19,1585;-307,5508;-0,0002;288,3985;99,3960;8;0
0,8420;-16,3888;42,1361;45,0634;-0,0000;2,8005;163,6112;255,013;-75,000;0,000;5,162;0,4356;0,4697;-1,4746;-0,0000;1,0049;0,4356;120,9400;127,8177;-408,6060;0,0034;280,6579;120,9362;8;0
0,8440;-16,3876;42,1373;45,0596;-0,0000;2,8030;163,6124;255,031;-75,000;0,000;9,164;0,6788;0,7321;-2,2981;0,0000;1,5657;0,6788;121,5583;131,2321;-411,8002;-0,0110;280,5650;121,5693;8;0
0,8460;-16,3860;42,1391;45,0542;0,0000;2,8067;163,6140;255,057;-75,000;0,000;13,163;0,9218;0,9947;-3,1218;-0,0000;2,1271;0,9219;121,4888;131,3074;-411,8731;-0,0019;280,6310;121,4909;8;0
0,8480;-16,3840;42,1413;45,0471;-0,0000;2,8115;163,6160;255,092;-75,000;0,000;17,163;1,1647;1,2573;-3,9456;-0,0000;2,6882;1,1647;121,3982;131,3921;-411,9266;0,0221;280,5344;121,3760;8;0
0,8500;-16,3814;42,1441;45,0384;0,0000;2,8175;163,6186;255,134;-75,000;0,000;21,163;1,4074;1,5202;-4,7695;0,0000;3,2493;1,4074;121,2872;131,5034;-412,0142;0,0022;280,5109;121,2850;8;0
0,8520;-16,3783;42,1474;45,0281;-0,0000;2,8245;163,6217;255,184;-75,000;0,000;25,163;1,6499;1,7834;-5,5936;0,0000;3,8103;1,6499;121,1590;131,6341;-412,1134;-0,3010;280,4609;121,4551;8;0
0,8540;-16,3748;42,1512;45,0160;0,0000;2,8327;163,6252;255,243;-75,000;0,000;29,163;1,8921;2,0468;-6,4180;-0,0012;4,3711;1,8932;121,0020;131,7889;-412,2390;-0,0030;280,4497;121,0050;8;0
0,8560;-16,3708;42,1556;45,0024;-0,0000;2,8420;163,6292;255,309;-75,000;0,000;33,163;2,1339;2,3105;-7,2426;-0,0000;4,9321;2,1339;120,8203;131,9664;-412,3863;0,5803;280,4567;120,2499;8;0
0,8580;-16,3663;42,1605;44,9871;0,0000;2,8525;163,6337;255,383;-75,000;0,000;37,162;2,3754;2,5746;-8,0675;0,0012;5,4930;2,3742;120,6344;132,1584;-412,5304;-0,0674;280,3728;120,7019;8;0
0,8600;-16,3613;42,1659;44,9701;0,0000;2,8640;163,6387;255,466;-75,000;0,000;41,163;2,6164;2,8391;-8,8927;-0,0003;6,0536;2,6167;120,4221;132,3727;-412,6957;-0,2906;280,3045;120,7078;8;0
0,8620;-16,3558;42,1718;44,9515;-0,0000;2,8767;163,6442;255,556;-75,000;0,000;45,163;2,8570;3,1041;-9,7183;-0,0000;6,6142;2,8570;120,1807;132,6111;-412,8874;0,1319;280,2754;120,0484;8;0
0,8640;-16,3498;42,1783;44,9312;0,0000;2,8905;163,6502;255,654;-75,000;0,000;49,163;3,0972;3,3696;-10,5443;0,0003;7,1747;3,0969;119,9262;132,8688;-413,0913;0,0003;280,2225;119,9259;8;0
0,8660;-16,3434;42,1853;44,9093;-0,0000;2,9054;163,6566;255,761;-75,000;0,000;53,163;3,3367;3,6356;-11,3707;-0,0000;7,7351;3,3367;119,6504;133,1471;-413,3115;-0,0595;280,1644;119,7101;8;0
0,8680;-16,3365;42,1928;44,8858;0,0000;2,9214;163,6635;255,875;-75,000;0,000;57,163;3,5758;3,9022;-12,1975;0,0000;8,2953;3,5757;119,3531;133,4463;-413,5487;-0,0296;280,1035;119,3829;8;0
0,8700;-16,3291;42,2009;44,8605;0,0000;2,9385;163,6709;255,997;-75,000;0,000;61,163;3,8142;4,1694;-13,0249;-0,0001;8,8555;3,8143;119,0358;133,7659;-413,8020;-0,0033;280,0364;119,0391;8;0
0,8720;-16,3212;42,2095;44,8337;-0,0000;2,9568;163,6788;256,128;-75,000;0,000;65,163;4,0519;4,4372;-13,8527;0,0000;9,4155;4,0519;118,6980;134,1060;-414,0715;0,0592;279,9633;118,6383;8;0
0,8740;-16,3129;42,2187;44,8051;0,0000;2,9762;163,6871;256,266;-75,000;0,000;69,163;4,2889;4,7058;-14,6811;0,0001;9,9753;4,2888;118,3420;134,4670;-414,3588;-0,0007;279,8918;118,3427;8;0
0,8760;-16,3041;42,2283;44,7749;-0,0000;2,9967;163,6959;256,412;-75,000;0,000;73,163;4,5253;4,9751;-15,5102;0,0000;10,5350;4,5253;117,9659;134,8484;-414,6626;-0,0296;279,8152;117,9957;8;0
0,8780;-16,2948;42,2386;44,7431;0,0000;3,0183;163,7052;256,567;-75,000;0,000;77,163;4,7608;5,2452;-16,3398;-0,0000;11,0946;4,7608;117,5695;135,2500;-414,9824;0,0002;279,7324;117,5692;8;0
0,8800;-16,2850;42,2493;44,7096;-0,0000;3,0411;163,7150;256,729;-75,000;0,000;81,163;4,9955;5,5161;-17,1701;0,0000;11,6540;4,9955;117,1616;135,6723;-415,3201;-0,5192;279,6509;117,6818;8;0
0,8820;-16,2748;42,2606;44,6744;0,0000;3,0650;163,7252;256,899;-75,000;0,000;85,163;5,2295;5,7879;-18,0011;-0,0021;12,2132;5,2315;116,7195;136,1142;-415,6727;-0,0025;279,5582;116,7219;8;0
0,8840;-16,2641;42,2725;44,6376;-0,0000;3,0900;163,7359;257,078;-75,000;0,000;89,163;5,4624;6,0606;-18,8328;-0,0000;12,7722;5,4624;116,2507;136,5761;-416,0413;1,0384;279,4589;115,2103;8;0
0,8860;-16,2530;42,2849;44,5991;-0,0000;3,1161;163,7470;257,264;-75,000;0,000;93,163;5,6945;6,3342;-19,6652;0,0021;13,3310;5,6924;115,7933;137,0592;-416,4300;0,0038;279,3714;115,7895;8;0
0,8880;-16,2413;42,2978;44,5589;0,0000;3,1433;163,7587;257,458;-75,000;0,000;97,163;5,9256;6,6088;-20,4985;0,0000;13,8897;5,9256;115,3145;137,5626;-416,8364;-0,8430;279,2833;116,1593;8;0
0,8900;-16,2293;42,3113;44,5171;0,0000;3,1716;163,7707;257,661;-75,000;0,000;101,163;6,1557;6,8844;-21,3326;-0,0013;14,4482;6,1570;114,7926;138,0842;-417,2544;-0,0043;279,1697;114,7969;8;0
0,8920;-16,2167;42,3253;44,4736;-0,0000;3,2011;163,7833;257,871;-75,000;0,000;105,163;6,3848;7,1611;-22,1675;-0,0000;15,0064;6,3848;114,2550;138,6254;-417,6883;0,6476;279,0502;113,6059;8;0
0,8940;-16,2037;42,3399;44,4284;-0,0000;3,2316;163,7963;258,089;-75,000;0,000;109,163;6,6127;7,4389;-23,0033;0,0013;15,5644;6,6114;113,7188;139,1886;-418,1460;0,0045;278,9577;113,7143;8;0
0,8960;-16,1903;42,3551;44,3816;0,0000;3,2633;163,8097;258,316;-75,000;0,000;113,163;6,8396;7,7179;-23,8401;0,0000;16,1222;6,8396;113,1561;139,7717;-418,6214;-0,0741;278,8656;113,2319;8;0
0,8980;-16,1764;42,3708;44,3331;-0,0000;3,2961;163,8236;258,550;-75,000;0,000;117,163;7,0654;7,9980;-24,6778;0,0010;16,6798;7,0644;112,5739;140,3716;-419,1051;0,0019;278,7332;112,5720;8;0
0,9000;-16,1620;42,3871;44,2829;0,0000;3,3300;163,8380;258,792;-75,000;0,000;121,163;7,2899;8,2794;-25,5165;0,0000;17,2371;7,2899;111,9830;140,9907;-419,6048;-0,4995;278,5951;112,4806;8;0
0,9020;-16,1472;42,4039;44,2310;0,0000;3,3651;163,8528;259,043;-75,000;0,000;125,163;7,5133;8,5620;-26,3562;-0,0010;17,7942;7,5143;111,3594;141,6325;-420,1319;-0,0012;278,4997;111,3606;8;0
0,9040;-16,1319;42,4213;44,1774;-0,0000;3,4012;163,8681;259,301;-75,000;0,000;129,163;7,7354;8,8459;-27,1970;0,0000;18,3511;7,7354;110,7230;142,2927;-420,6734;0,2497;278,3902;110,4742;8;0
0,9060;-16,1163;42,4393;44,1222;0,0000;3,4385;163,8837;259,567;-75,000;0,000;133,163;7,9562;9,1312;-28,0389;-0,0000;18,9078;7,9562;110,0777;142,9704;-421,2267;-0,0001;278,2562;110,0778;8;0
0,9080;-16,1001;42,4579;44,0653;-0,0000;3,4769;163,8999;259,842;-75,000;0,000;137,163;8,1757;9,4178;-28,8819;0,0000;19,4642;8,1757;109,4121;143,6680;-421,7997;0,0000;278,1317;109,4121;8;0
0,9100;-16,0835;42,4770;44,0067;0,0000;3,5163;163,9165;260,124;-75,000;0,000;141,163;8,3938;9,7058;-29,7261;-0,0000;20,0203;8,3938;108,7304;144,3845;-422,3898;0,0002;278,0053;108,7302;8;0
0,9120;-16,0665;42,4967;43,9464;-0,0000;3,5569;163,9335;260,414;-75,000;0,000;145,163;8,6106;9,9953;-30,5715;0,0000;20,5762;8,6106;108,0329;145,1199;-422,9970;0,0000;277,8771;108,0329;8;0
0,9140;-16,0491;42,5170;43,8844;0,0000;3,5986;163,9509;260,713;-75,000;0,000;149,163;8,8260;10,2863;-31,4181;0,0000;21,1318;8,8260;107,3198;145,8740;-423,6214;-0,0027;277,7476;107,3225;8;0
0,9160;-16,0312;42,5378;43,8207;-0,0000;3,6415;163,9688;261,019;-75,000;0,000;153,163;9,0399;10,5788;-32,2660;0,0000;21,6872;9,0399;106,5914;146,6467;-424,2631;0,0000;277,6163;106,5914;8;0
0,9180;-16,0129;42,5593;43,7553;0,0000;3,6854;163,9871;261,333;-75,000;0,000;157,163;9,2523;10,8729;-33,1152;0,0000;22,2423;9,2523;105,8482;147,4379;-424,9220;-0,0094;277,4839;105,8577;8;0
0,9200;-15,9942;42,5813;43,6882;-0,0000;3,7304;164,0058;261,656;-75,000;0,000;161,163;9,4633;11,1686;-33,9657;-0,0000;22,7971;9,4633;105,0899;148,2476;-425,5984;-0,0000;277,3508;105,0900;8;0
0,9220;-15,9751;42,6040;43,6195;0,0000;3,7766;164,0249;261,986;-75,000;0,000;165,163;9,6727;11,4659;-34,8176;0,0000;23,3517;9,6727;104,3173;149,0753;-426,2918;0,0056;277,2156;104,3117;8;0
0,9240;-15,9555;42,6272;43,5490;0,0000;3,8238;164,0445;262,324;-75,000;0,000;169,163;9,8805;11,7649;-35,6708;-0,0000;23,9060;9,8806;103,5308;149,9214;-427,0032;-0,0000;277,0818;103,5308;8;0
0,9260;-15,9356;42,6510;43,4768;-0,0000;3,8722;164,0644;262,670;-75,000;0,000;173,163;10,0868;12,0656;-36,5256;-0,0000;24,4600;10,0868;102,7302;150,7856;-427,7321;0,0036;276,9472;102,7266;8;0
0,9280;-15,9152;42,6755;43,4029;0,0000;3,9217;164,0848;263,025;-75,000;0,000;177,163;10,2915;12,3680;-37,3818;-0,0000;25,0138;10,2915;101,9163;151,6675;-428,4782;0,0000;276,8108;101,9163;8;0
0,9300;-15,8944;42,7005;43,3272;-0,0000;3,9723;164,1056;263,387;-75,000;0,000;181,163;10,4945;12,6722;-38,2395;0,0000;25,5672;10,4945;101,0890;152,5673;-429,2422;-0,0008;276,6750;101,0899;8;0
0,9320;-15,8732;42,7261;43,2499;0,0000;4,0239;164,1268;263,757;-75,000;0,000;185,163;10,6958;12,9783;-39,0987;-0,0000;26,1205;10,6958;100,2488;153,4847;-430,0238;0,0000;276,5391;100,2488;8;0
0,9340;-15,8516;42,7524;43,1709;-0,0000;4,0767;164,1484;264,136;-75,000;0,000;189,163;10,8955;13,2862;-39,9596;0,0000;26,6734;10,8955;99,3960;154,4197;-430,8233;0,0044;276,4037;99,3916;8;0
0,9360;-15,8296;42,7793;43,0901;0,0000;4,1306;164,1704;264,522;-75,000;0,000;193,163;11,0934;13,5960;-40,8220;0,0000;27,2261;11,0934;98,5309;155,3721;-431,6406;0,0031;276,2685;98,5279;8;0
0,9380;-15,8072;42,8068;43,0076;-0,0000;4,1856;164,1928;264,916;-75,000;0,000;197,163;11,2896;13,9077;-41,6861;0,0000;27,7785;11,2896;97,6540;156,3419;-432,4759;-0,0034;276,1340;97,6574;8;0
0,9400;-15,7845;42,8349;42,9233;0,0000;4,2418;164,2155;265,319;-75,000;0,000;201,163;11,4840;14,2213;-42,5519;-0,0000;28,3306;11,4840;96,7651;157,3289;-433,3294;0,0081;276,0009;96,7570;8;0
0,9420;-15,7613;42,8637;42,8374;-0,0000;4,2990;164,2387;265,729;-75,000;0,000;205,163;11,6767;14,5370;-43,4195;0,0000;28,8825;11,6766;95,8652;158,3329;-434,2008;-0,0000;275,8679;95,8652;8;0
0,9440;-15,7378;42,8931;42,7497;0,0000;4,3573;164,2622;266,147;-75,000;0,000;209,163;11,8675;14,8547;-44,2887;-0,0000;29,4341;11,8675;94,9541;159,3542;-435,0915;0,0028;275,7408;94,9513;8;0
0,9460;-15,7138;42,9231;42,6602;-0,0000;4,4167;164,2862;266,574;-75,000;0,000;213,163;12,0565;15,1744;-45,1598;0,0001;29,9854;12,0564;94,0325;160,3918;-435,9986;0,0004;275,6068;94,0321;8;0
0,9480;-15,6895;42,9538;42,5690;0,0000;4,4772;164,3105;267,008;-75,000;0,000;217,163;12,2436;15,4962;-46,0327;0,0000;30,5365;12,2436;93,1012;161,4456;-436,9229;-0,0420;275,4694;93,1433;8;0
0,9500;-15,6649;42,9851;42,4761;0,0000;4,5388;164,3351;267,450;-75,000;0,000;221,163;12,4289;15,8202;-46,9075;-0,0001;31,0873;12,4290;92,1582;162,5175;-437,8701;0,0021;275,3526;92,1561;8;0
0,9520;-15,6398;43,0170;42,3814;-0,0000;4,6016;164,3602;267,901;-75,000;0,000;225,163;12,6123;16,1463;-47,7842;0,0000;31,6379;12,6122;91,2059;163,6056;-438,8349;0,0281;275,2334;91,1778;8;0
0,9540;-15,6144;43,0497;42,2849;0,0000;4,6654;164,3856;268,359;-75,000;0,000;229,163;12,7937;16,4746;-48,6629;-0,0000;32,1883;12,7937;90,2450;164,7093;-439,8164;0,0123;275,1076;90,2328;8;0
0,9560;-15,5887;43,0829;42,1867;-0,0000;4,7303;164,4113;268,825;-75,000;0,000;233,163;12,9732;16,8051;-49,5435;0,0001;32,7383;12,9732;89,2751;165,8296;-440,8176;0,0000;274,9879;89,2751;8;0
0,9580;-15,5625;43,1169;42,0868;0,0000;4,7964;164,4375;269,300;-75,000;-0,000;237,163;13,1508;17,1379;-50,4261;0,0000;33,2882;13,1508;88,2967;166,9670;-441,8405;-0,0217;274,8829;88,3181;8;0
0,9600;-15,5360;43,1515;41,9850;-0,0000;4,8635;164,4640;269,782;-75,000;-0,000;241,163;13,3264;17,4730;-51,3108;-0,0000;33,8379;13,3264;87,3090;168,1187;-442,8774;0,0005;274,7587;87,3085;8;0
0,9620;-15,5092;43,1868;41,8815;0,0000;4,9317;164,4908;270,272;-75,000;-0,000;245,163;13,5000;17,8104;-52,1976;0,0000;34,3872;13,5000;86,3138;169,2853;-443,9306;-0,0037;274,6250;86,3179;8;0
0,9640;-15,4820;43,2227;41,7762;0,0000;5,0010;164,5180;270,771;-75,000;0,000;249,163;13,6717;18,1501;-53,0866;-0,0000;34,9364;13,6717;85,3107;170,4716;-445,0144;-0,0009;274,5428;85,3116;8;0
0,9660;-15,4545;43,2594;41,6692;-0,0000;5,0715;164,5455;271,277;-75,000;0,000;253,163;13,8413;18,4923;-53,9777;-0,0000;35,4854;13,8413;84,3000;171,6727;-446,1151;0,0149;274,4528;84,2848;8;0
0,9680;-15,4267;43,2967;41,5603;-0,0000;5,1430;164,5733;271,791;-75,000;-0,000;257,163;14,0089;18,8368;-54,8710;0,0000;36,0342;14,0089;83,2830;172,8874;-447,2298;0,0004;274,3423;83,2825;8;0
0,9700;-15,3985;43,3347;41,4497;0,0000;5,2156;164,6015;272,314;-75,000;-0,000;261,163;14,1744;19,1838;-55,7666;-0,0000;36,5828;14,1744;82,2591;174,1188;-448,3672;-0,0085;274,2486;82,2677;8;0
0,9720;-15,3700;43,3734;41,3373;-0,0000;5,2893;164,6300;272,844;-75,000;-0,000;265,163;14,3379;19,5333;-56,6645;-0,0000;37,1312;14,3379;81,2284;175,3655;-449,5247;0,0045;274,1591;81,2239;8;0
0,9740;-15,3411;43,4129;41,2230;-0,0000;5,3641;164,6589;273,382;-75,000;-0,000;269,163;14,4993;19,8853;-57,5647;0,0000;37,6794;14,4993;80,1919;176,6276;-450,7024;0,0057;274,0747;80,1862;8;0
0,9760;-15,3120;43,4530;41,1070;0,0000;5,4400;164,6880;273,929;-75,000;-0,000;273,163;14,6587;20,2398;-58,4673;0,0000;38,2275;14,6587;79,1501;177,9051;-451,9006;-0,0089;273,9957;79,1590;8;0
0,9780;-15,2825;43,4938;40,9892;0,0000;5,5170;164,7175;274,483;-75,000;-0,000;277,163;14,8159;20,5969;-59,3723;-0,0000;38,7754;14,8159;78,1020;179,1977;-453,1196;0,0137;273,9225;78,0883;8;0
0,9800;-15,2527;43,5354;40,8695;-0,0000;5,5951;164,7473;275,045;-75,000;-0,000;281,163;14,9711;20,9566;-60,2798;0,0001;39,3232;14,9710;77,0496;180,5054;-454,3589;0,0044;273,8535;77,0452;8;0
0,9820;-15,2226;43,5776;40,7480;0,0000;5,6743;164,7774;275,616;-75,000;-0,000;285,163;15,1241;21,3189;-61,1898;0,0000;39,8708;15,1241;75,9933;181,8280;-455,6193;-0,0315;273,7902;76,0249;8;0
0,9840;-15,1922;43,6206;40,6248;0,0000;5,7546;164,8078;276,194;-75,000;-0,000;289,163;15,2751;21,6839;-62,1023;-0,0001;40,4183;15,2751;74,9307;183,1659;-456,9013;0,0051;273,7354;74,9256;8;0
0,9860;-15,1615;43,6644;40,4996;-0,0000;5,8360;164,8385;276,780;-75,000;-0,000;293,163;15,4239;22,0516;-63,0174;0,0000;40,9658;15,4238;73,8647;184,5185;-458,2047;0,0165;273,6866;73,8482;8;0
0,9880;-15,1305;43,7089;40,3727;0,0000;5,9185;164,8695;277,375;-75,000;-0,000;297,163;15,5705;22,4220;-63,9351;-0,0000;41,5131;15,5705;72,7946;185,8864;-459,5306;0,0369;273,6483;72,7577;8;0
0,9900;-15,0992;43,7541;40,2439;-0,0000;6,0020;164,9008;277,977;-75,000;-0,000;301,163;15,7150;22,7952;-64,8555;0,0002;42,0603;15,7149;71,7227;187,2682;-460,8762;0,0007;273,6080;71,7220;8;0
0,9920;-15,0677;43,8000;40,1133;0,0000;6,0867;164,9323;278,587;-75,000;-0,000;305,163;15,8574;23,1711;-65,7786;0,0000;42,6075;15,8574;70,6491;188,6644;-462,2429;-0,0890;273,5705;70,7383;8;0
0,9940;-15,0358;43,8468;39,9808;0,0000;6,1725;164,9642;279,206;-75,000;0,000;309,163;15,9976;23,5498;-66,7045;-0,0002;43,1546;15,9978;69,5676;190,0769;-463,6366;0,0114;273,5601;69,5562;8;0
0,9960;-15,0037;43,8942;39,8464;-0,0000;6,2593;164,9963;279,832;-75,000;-0,000;313,163;16,1357;23,9314;-67,6331;0,0000;43,7018;16,1356;68,4854;191,5036;-465,0515;0,0470;273,5519;68,4383;8;0
0,9980;-14,9713;43,9425;39,7102;0,0000;6,3473;165,0287;280,466;-75,000;-0,000;317,163;16,2716;24,3158;-68,5647;0,0000;44,2488;16,2716;67,4040;192,9440;-466,4871;-0,0249;273,5423;67,4289;8;0
1,0000;-14,9386;43,9915;39,5722;-0,0000;6,4363;165,0614;281,109;-75,000;-0,000;321,163;16,4053;24,7032;-69,4991;-0,0001;44,7959;16,4053;66,3178;194,3996;-467,9473;0,0055;273,5477;66,3124;8;0
1,0020;-14,9057;44,0413;39,4322;-0,0000;6,5265;165,0943;281,759;-75,000;-0,000;325,163;16,5368;25,0934;-70,4364;0,0000;45,3430;16,5368;65,2308;195,8697;-469,4310;0,0128;273,5617;65,2180;8;0
1,0040;-14,8724;44,0919;39,2904;0,0000;6,6177;165,1276;282,417;-75,000;-0,000;329,163;16,6662;25,4866;-71,3768;-0,0000;45,8902;16,6662;64,1418;197,3549;-470,9402;0,0435;273,5925;64,0980;8;0
1,0060;-14,8390;44,1432;39,1467;-0,0000;6,7100;165,1610;283,084;-75,000;-0,000;333,163;16,7934;25,8828;-72,3202;0,0002;46,4374;16,7932;63,0540;198,8532;-472,4696;0,0015;273,6163;63,0525;8;0
1,0080;-14,8053;44,1954;39,0012;0,0000;6,8034;165,1947;283,758;-75,000;-0,000;337,163;16,9184;26,2821;-73,2667;0,0000;46,9846;16,9184;61,9673;200,3654;-474,0215;-0,1035;273,6420;62,0713;8;0
1,0100;-14,7713;44,2484;38,8537;0,0000;6,8980;165,2287;284,440;-75,000;0,000;341,163;17,0413;26,6843;-74,2163;-0,0002;47,5320;17,0415;60,8736;201,8951;-475,6065;0,0202;273,7131;60,8533;8;0
1,0120;-14,7371;44,3021;38,7043;-0,0000;6,9936;165,2629;285,130;-75,000;-0,000;345,163;17,1619;27,0896;-75,1691;0,0001;48,0795;17,1618;59,7825;203,4382;-477,2136;0,0546;273,7824;59,7277;8;0
1,0140;-14,7027;44,3567;38,5530;0,0000;7,0903;165,2973;285,829;-75,000;-0,000;349,163;17,2804;27,4981;-76,1251;0,0000;48,6271;17,2804;58,6955;204,9943;-478,8419;-0,0450;273,8444;58,7407;8;0
1,0160;-14,6680;44,4121;38,3998;0,0000;7,1881;165,3320;286,535;-75,000;-0,000;353,163;17,3967;27,9096;-77,0845;-0,0001;49,1749;17,3968;57,6046;206,5663;-480,4996;0,0027;273,9333;57,6019;8;0
1,0180;-14,6331;44,4684;38,2447;-0,0000;7,2870;165,3669;287,249;-75,000;0,000;357,163;17,5108;28,3243;-78,0471;0,0000;49,7228;17,5108;56,5152;208,1527;-482,1830;0,0245;274,0317;56,4907;8;0
1,0200;-14,5979;44,5254;38,0876;0,0000;7,3870;165,4021;287,972;-75,000;-0,000;361,163;17,6228;28,7422;-79,0132;0,0000;50,2710;17,6228;55,4285;209,7534;-483,8922;-0,0058;274,1390;55,4344;8;0
1,0220;-14,5626;44,5833;37,9286;0,0000;7,4881;165,4374;288,702;-75,000;-0,000;365,163;17,7325;29,1633;-79,9827;-0,0000;50,8194;17,7326;54,3413;211,3691;-485,6293;0,0203;274,2620;54,3210;8;0
1,0240;-14,5270;44,6421;37,7677;-0,0000;7,5902;165,4730;289,440;-75,000;-0,000;369,163;17,8401;29,5877;-80,9557;0,0001;51,3680;17,8400;53,2571;212,9992;-487,3926;0,0031;274,3934;53,2539;8;0
1,0260;-14,4912;44,7017;37,6048;0,0000;7,6935;165,5088;290,187;-75,000;-0,000;373,163;17,9456;30,0153;-81,9323;0,0000;51,9170;17,9456;52,1756;214,6439;-489,1834;-0,0443;274,5361;52,2199;8;0
1,0280;-14,4552;44,7621;37,4399;0,0000;7,7979;165,5448;290,941;-75,000;-0,000;377,163;18,0488;30,4463;-82,9125;-0,0001;52,4662;18,0489;51,0930;216,3041;-491,0044;0,0077;274,7005;51,0853;8;0
1,0300;-14,4190;44,8235;37,2731;-0,0000;7,9034;165,5810;291,703;-75,000;-0,000;381,163;18,1499;30,8805;-83,8963;0,0000;53,0158;18,1499;50,0140;217,9791;-492,8535;0,0228;274,8760;49,9912;8;0
1,0320;-14,3826;44,8857;37,1044;0,0000;8,0100;165,6174;292,474;-75,000;-0,000;385,163;18,2489;31,3182;-84,8839;-0,0000;53,5657;18,2489;48,9390;219,6713;-494,7377;-0,0072;275,0904;48,9460;8;0
1,0340;-14,3460;44,9487;36,9336;-0,0000;8,1177;165,6540;293,252;-75,000;-0,000;389,163;18,3457;31,7592;-85,8753;0,0000;54,1161;18,3457;47,8656;221,3737;-496,6383;0,0012;275,2646;47,8645;8;0
1,0360;-14,3092;45,0127;36,7609;0,0000;8,2264;165,6908;294,038;-75,000;-0,000;393,162;18,4404;32,2037;-86,8704;0,0000;54,6667;18,4404;46,7959;223,0888;-498,5621;-0,0093;275,4248;46,8057;8;0
1,0380;-14,2723;45,0776;36,5861;0,0000;8,3363;165,7277;294,833;-75,000;0,000;397,163;18,5329;32,6516;-87,8695;-0,0000;55,2178;18,5329;45,7288;224,8296;-500,5442;-0,0023;275,7146;45,7312;8;0
1,0400;-14,2351;45,1433;36,4094;-0,0000;8,4473;165,7649;295,635;-75,000;-0,000;401,163;18,6233;33,1030;-88,8726;-0,0000;55,7696;18,6233;44,6651;226,5831;-502,5505;0,0140;275,9916;44,6508;8;0
1,0420;-14,1978;45,2100;36,2306;-0,0000;8,5594;165,8022;296,445;-75,000;-0,000;405,163;18,7115;33,5579;-89,8797;0,0000;56,3218;18,7115;43,6061;228,3472;-504,5748;0,0012;276,2276;43,6050;8;0
1,0440;-14,1603;45,2775;36,0499;0,0000;8,6726;165,8397;297,264;-75,000;-0,000;409,163;18,7977;34,0164;-90,8909;-0,0000;56,8745;18,7977;42,5497;230,1317;-506,6436;0,0249;276,5301;42,5250;8;0
1,0460;-14,1226;45,3460;35,8671;-0,0000;8,7869;165,8774;298,090;-75,000;-0,000;413,163;18,8817;34,4784;-91,9063;0,0001;57,4279;18,8816;41,4993;231,9281;-508,7348;0,0027;276,8067;41,4966;8;0
1,0480;-14,0847;45,4155;35,6822;0,0000;8,9023;165,9153;298,924;-75,000;-0,000;417,162;18,9637;34,9441;-92,9258;0,0000;57,9817;18,9637;40,4548;233,7388;-510,8544;-0,0660;277,0797;40,5206;8;0
1,0500;-14,0467;45,4858;35,4954;0,0000;9,0188;165,9533;299,767;-75,000;0,000;421,163;19,0436;35,4134;-93,9497;-0,0001;58,5362;19,0437;39,4096;235,5744;-513,0311;0,0104;277,4648;39,3992;8;0
1,0520;-14,0086;45,5571;35,3064;-0,0000;9,1365;165,9914;300,617;-75,000;-0,000;425,163;19,1213;35,8864;-94,9780;0,0001;59,0916;19,1213;38,3714;237,4228;-515,2327;0,0363;277,8278;38,3352;8;0
1,0540;-13,9703;45,6294;35,1154;0,0000;9,2552;166,0297;301,475;-75,000;-0,000;429,163;19,1970;36,3631;-96,0106;0,0000;59,6475;19,1970;37,3414;239,2832;-517,4572;-0,0288;278,1580;37,3702;8;0
1,0560;-13,9318;45,7026;34,9224;0,0000;9,3750;166,0682;302,342;-75,000;-0,000;433,163;19,2707;36,8435;-97,0478;-0,0001;60,2042;19,2708;36,3130;241,1661;-519,7321;-0,0012;278,5661;36,3142;8;0
1,0580;-13,8932;45,7767;34,7273;-0,0000;9,4960;166,1068;303,216;-75,000;-0,000;437,163;19,3423;37,3278;-98,0896;-0,0000;60,7618;19,3423;35,2905;243,0652;-522,0415;0,0168;278,9841;35,2736;8;0
1,0600;-13,8544;45,8519;34,5300;-0,0000;9,6181;166,1456;304,098;-75,000;-0,000;441,163;19,4119;37,8158;-99,1360;0,0000;61,3202;19,4119;34,2748;244,9800;-524,3838;0,0006;279,4038;34,2742;8;0
1,0620;-13,8155;45,9280;34,3307;0,0000;9,7413;166,1845;304,989;-75,000;-0,000;445,163;19,4794;38,3077;-100,1871;-0,0000;61,8794;19,4794;33,2635;246,9139;-526,7679;0,0185;279,8578;33,2453;8;0
1,0640;-13,7765;46,0051;34,1293;-0,0000;9,8656;166,2235;305,887;-75,000;-0,000;449,163;19,5449;38,8034;-101,2430;0,0001;62,4396;19,5448;32,2596;248,8649;-529,1887;0,0003;280,3238;32,2593;8;0
1,0660;-13,7373;46,0832;33,9257;0,0000;9,9911;166,2627;306,793;-75,000;-0,000;453,163;19,6084;39,3031;-102,3038;0,0000;63,0007;19,6084;31,2627;250,8339;-531,6484;-0,0402;280,8074;31,3024;8;0
1,0680;-13,6981;46,1623;33,7201;0,0000;10,1176;166,3019;307,708;-75,000;-0,000;457,163;19,6700;39,8068;-103,3696;-0,0001;63,5628;19,6700;30,2686;252,8232;-534,1532;0,0055;281,3311;30,2630;8;0
1,0700;-13,6587;46,2424;33,5123;-0,0000;10,2453;166,3413;308,630;-75,000;-0,000;461,163;19,7295;40,3144;-104,4405;0,0000;64,1260;19,7295;29,2821;254,8307;-536,6978;0,0207;281,8705;29,2617;8;0
1,0720;-13,6191;46,3236;33,3023;0,0000;10,3741;166,3809;309,560;-75,000;-0,000;465,163;19,7871;40,8261;-105,5164;0,0000;64,6903;19,7871;28,3171;256,8608;-539,2928;-0,3228;282,4654;28,6395;8;0
1,0740;-13,5795;46,4057;33,0902;0,0000;10,5041;166,4205;310,499;-75,000;-0,000;469,163;19,8428;41,3419;-106,5976;-0,0013;65,2559;19,8440;27,3327;258,9027;-541,9111;-0,0373;283,0035;27,3700;8;0
1,0760;-13,5398;46,4889;32,8759;-0,0000;10,6351;166,4602;311,445;-75,000;-0,000;473,162;19,8964;41,8617;-107,6841;-0,0001;65,8223;19,8966;26,3393;260,9616;-544,5658;0,6282;283,5344;25,7119;8;0
1,0780;-13,4999;46,5732;32,6595;-0,0000;10,7674;166,5001;312,399;-75,000;0,000;477,164;19,9481;42,3857;-108,7759;0,0012;66,3900;19,9469;25,4035;263,0574;-547,3079;0,0745;284,2604;25,3288;8;0
1,0800;-13,4600;46,6585;32,4408;0,0000;10,9007;166,5400;313,362;-75,000;0,000;481,163;19,9980;42,9139;-109,8733;0,0001;66,9594;19,9979;24,4679;265,1679;-550,0804;-0,3118;284,9479;24,7792;8;0
1,0820;-13,4199;46,7448;32,2200;-0,0000;11,0352;166,5801;314,332;-75,000;-0,000;485,163;20,0460;43,4464;-110,9762;-0,0000;67,5298;20,0460;23,5120;267,2922;-552,8806;-0,0324;285,5834;23,5444;8;0
1,0840;-13,3798;46,8323;31,9969;-0,0000;11,1708;166,6202;315,310;-75,000;-0,000;489,163;20,0921;43,9831;-112,0848;0,0000;68,1017;20,0921;22,5737;269,4434;-555,7423;0,0005;286,2988;22,5732;8;0
1,0860;-13,3396;46,9208;31,7716;0,0000;11,3076;166,6604;316,297;-75,000;-0,000;493,163;20,1363;44,5242;-113,1992;0,0000;68,6750;20,1363;15,3640;257,4462;-522,7923;-0,0095;265,3462;15,3738;8;0
1,0880;-13,2993;47,0104;31,5441;0,0000;11,4455;166,7007;317,291;-75,000;-0,000;497,163;20,1535;45,0129;-114,1760;-0,0000;69,1631;20,1536;-11,2994;200,8317;-377,3496;0,0009;176,5177;-11,3004;8;0
1,0900;-13,2590;47,1008;31,3149;-0,0000;11,5843;166,7410;318,291;-75,000;-0,000;499,912;20,0911;45,3275;-114,7086;0,0000;69,3811;20,0911;-44,9399;126,3851;-187,9877;0,0048;61,6025;-44,9448;8;0
1,0920;-13,2189;47,1917;31,0853;0,0000;11,7230;166,7811;319,291;-75,000;-0,000;500,000;19,9738;45,5184;-114,9279;-0,0000;69,4095;19,9738;-58,8447;94,4763;-107,4257;0,0099;12,9540;-58,8539;8;0
1,0940;-13,1791;47,2829;30,8552;-0,0000;11,8619;166,8209;320,291;-75,000;-0,000;500,000;19,8557;45,7054;-115,1383;0,0000;69,4329;19,8557;-58,7718;93,4697;-105,4334;0,0002;11,9637;-58,7720;8;0
1,0960;-13,1395;47,3745;30,6247;0,0000;12,0008;166,8605;321,291;-75,000;-0,000;500,000;19,7387;45,8923;-115,3497;0,0000;69,4574;19,7387;-58,2613;93,4586;-105,9565;-0,0227;12,4893;-58,2401;8;0
1,0980;-13,1001;47,4665;30,3938;0,0000;12,1397;166,8999;322,291;-75,000;-0,000;500,000;19,6227;46,0792;-115,5621;-0,0000;69,4829;19,6227;-57,7587;93,4566;-106,4927;0,0002;13,0360;-57,7590;8;0
1,1000;-13,0610;47,5588;30,1625;0,0000;12,2787;166,9390;323,291;-75,000;-0,000;500,000;19,5077;46,2661;-115,7756;0,0000;69,5095;19,5077;-57,2612;93,4610;-107,0359;0,0118;13,5790;-57,2723;8;0
1,1020;-13,0221;47,6515;29,9307;0,0000;12,4178;166,9779;324,291;-75,000;-0,000;500,000;19,3936;46,4531;-115,9903;-0,0000;69,5372;19,3936;-56,7686;93,4719;-107,5857;0,0063;14,1170;-56,7741;8;0
1,1040;-12,9834;47,7446;29,6985;-0,0000;12,5569;167,0166;325,291;-75,000;-0,000;500,000;19,2806;46,6400;-116,2060;0,0000;69,5660;19,2806;-56,2814;93,4895;-108,1430;0,0001;14,6535;-56,2815;8;0
1,1060;-12,9449;47,8381;29,4659;0,0000;12,6960;167,0551;326,291;-75,000;-0,000;500,000;19,1685;46,8270;-116,4228;0,0000;69,5958;19,1685;-55,7993;93,5138;-108,7080;-0,0142;15,1882;-55,7865;8;0
1,1080;-12,9067;47,9319;29,2328;0,0000;12,8352;167,0933;327,291;-75,000;-0,000;500,000;19,0574;47,0141;-116,6408;-0,0000;69,6267;19,0574;-55,3240;93,5466;-109,2849;0,0012;15,7383;-55,3252;8;0
1,1100;-12,8687;48,0261;28,9993;-0,0000;12,9745;167,1313;328,291;-75,000;-0,000;500,000;18,9472;47,2012;-116,8600;0,0000;69,6587;18,9472;-54,8536;93,5862;-109,8695;0,0075;16,2863;-54,8604;8;0
1,1120;-12,8309;48,1207;28,7654;0,0000;13,1139;167,1691;329,291;-75,000;-0,000;500,000;18,8380;47,3884;-117,0803;0,0000;69,6919;18,8380;-54,3866;93,6328;-110,4629;-0,0210;16,8359;-54,3647;8;0
1,1140;-12,7934;48,2157;28,5310;0,0000;13,2533;167,2066;330,291;-75,000;-0,000;500,000;18,7297;47,5758;-117,3018;-0,0001;69,7261;18,7297;-53,9273;93,6855;-111,0622;-0,0003;17,3767;-53,9270;8;0
1,1160;-12,7560;48,3110;28,2962;-0,0000;13,3928;167,2440;331,291;-75,000;-0,000;500,000;18,6223;47,7632;-117,5245;-0,0000;69,7614;18,6223;-53,4739;93,7447;-111,6687;0,0381;17,9125;-53,5138;8;0
1,1180;-12,7189;48,4068;28,0609;-0,0000;13,5323;167,2811;332,291;-75,000;-0,000;500,000;18,5158;47,9507;-117,7485;0,0001;69,7977;18,5157;-53,0222;93,8138;-112,2907;0,0087;18,4761;-53,0312;8;0
1,1200;-12,6820;48,5028;27,8252;-0,0000;13,6720;167,3180;333,291;-75,000;-0,000;500,000;18,4102;48,1384;-117,9737;0,0000;69,8353;18,4101;-52,5756;93,8895;-112,9206;-0,0183;19,0368;-52,5564;8;0
1,1220;-12,6452;48,5993;27,5890;0,0000;13,8117;167,3548;334,291;-75,000;-0,000;500,000;18,3055;48,3263;-118,2002;0,0000;69,8739;18,3055;-52,1352;93,9713;-113,5565;-0,0167;19,5870;-52,1181;8;0
1,1240;-12,6087;48,6961;27,3524;0,0000;13,9515;167,3913;335,291;-75,000;-0,000;500,000;18,2016;48,5143;-118,4279;-0,0000;69,9136;18,2017;-51,7005;94,0605;-114,2021;0,0005;20,1415;-51,7010;8;0
1,1260;-12,5724;48,7934;27,1153;-0,0000;14,0913;167,4276;336,291;-75,000;0,000;500,000;18,0987;48,7025;-118,6570;0,0000;69,9545;18,0987;-51,2701;94,1571;-114,8574;0,0082;20,6994;-51,2785;8;0
1,1280;-12,5363;48,8910;26,8778;0,0000;14,2313;167,4637;337,291;-75,000;-0,000;500,000;17,9966;48,8909;-118,8874;-0,0000;69,9964;17,9966;-50,8435;94,2614;-115,5228;-0,0010;21,2618;-50,8425;8;0
1,1300;-12,5004;48,9889;26,6397;-0,0000;14,3713;167,4996;338,291;-75,000;-0,000;500,000;17,8953;49,0796;-119,1191;-0,0000;70,0395;17,8953;-50,4221;94,3728;-116,1973;0,0019;21,8245;-50,4240;8;0
1,1320;-12,4648;49,0873;26,4013;-0,0000;14,5114;167,5352;339,291;-75,000;-0,000;500,000;17,7949;49,2684;-119,3522;0,0000;70,0837;17,7949;-50,0051;94,4916;-116,8815;0,0005;22,3897;-50,0056;8;0
1,1340;-12,4293;49,1860;26,1623;0,0000;14,6517;167,5707;340,291;-75,000;-0,000;500,000;17,6953;49,4575;-119,5866;0,0000;70,1291;17,6953;-49,5924;94,6179;-117,5756;-0,0039;22,9578;-49,5885;8;0
1,1360;-12,3940;49,2851;25,9229;0,0000;14,7920;167,6060;341,291;-75,000;-0,000;500,000;17,5965;49,6469;-119,8225;-0,0000;70,1755;17,5965;-54,6241;79,1141;-80,6760;0,0016;1,5619;-54,6258;8;0
1,1380;-12,3589;49,3846;25,6831;-0,0000;14,9324;167,6411;342,291;-75,000;-0,000;500,000;17,4768;49,7740;-119,9093;0,0000;70,1353;17,4768;-76,5264;14,3842;74,2590;0,0019;-88,6433;-76,5284;8;0
1,1400;-12,3241;49,4842;25,4433;0,0000;15,0725;167,6759;343,288;-75,000;-0,000;498,750;17,2904;49,7044;-119,5254;0,0000;69,8210;17,2904;-104,5190;-69,9538;275,3696;-0,0302;-205,4107;-104,4876;8;0
1,1420;-12,2897;49,5834;25,2049;0,0000;15,2116;167,7103;344,278;-75,000;-0,000;494,837;17,0587;49,4942;-118,8078;-0,0001;69,3137;17,0588;-115,4768;-107,2732;362,4980;-0,0003;-255,2248;-115,4765;8;0
1,1440;-12,2558;49,6822;24,9681;-0,0000;15,3498;167,7442;345,260;-75,000;-0,000;490,837;16,8285;49,2754;-118,0754;-0,0000;68,8001;16,8285;-114,3670;-110,4560;367,2731;0,0556;-256,8271;-114,4249;8;0
1,1460;-12,2224;49,7805;24,7326;-0,0000;15,4868;167,7776;346,233;-75,000;-0,000;486,837;16,6012;49,0524;-117,3387;0,0001;68,2864;16,6011;-112,8990;-112,5268;369,4134;0,0073;-256,8872;-112,9065;8;0
1,1480;-12,1894;49,8784;24,4987;-0,0000;15,6229;167,8106;347,199;-75,000;-0,000;482,837;16,3769;48,8252;-116,5978;0,0000;67,7725;16,3769;-111,4619;-114,5808;371,5563;-0,0270;-256,9705;-111,4338;8;0
1,1500;-12,1569;49,9758;24,2663;0,0000;15,7579;167,8431;348,157;-75,000;-0,000;478,837;16,1554;48,5940;-115,8525;0,0000;67,2585;16,1554;-110,0567;-116,6191;373,7035;-0,0137;-257,0831;-110,0426;8;0
1,1520;-12,1248;50,0728;24,0353;0,0000;15,8919;167,8752;349,106;-75,000;-0,000;474,837;15,9367;48,3588;-115,1030;-0,0000;66,7442;15,9367;-108,6803;-118,6404;375,8513;0,0009;-257,2109;-108,6813;8;0
1,1540;-12,0932;50,1692;23,8058;-0,0000;16,0249;167,9068;350,048;-75,000;-0,000;470,837;15,7207;48,1195;-114,3491;0,0000;66,2296;15,7207;-107,3315;-120,6454;378,0001;0,0067;-257,3554;-107,3384;8;0
1,1560;-12,0619;50,2652;23,5779;0,0000;16,1569;167,9381;350,982;-75,000;-0,000;466,837;15,5073;47,8762;-113,5910;0,0000;65,7148;15,5073;-106,0087;-122,6340;380,1491;-0,0124;-257,5134;-105,9958;8;0
1,1580;-12,0311;50,3607;23,3515;0,0000;16,2878;167,9689;351,907;-75,000;-0,000;462,837;15,2966;47,6289;-112,8285;-0,0000;65,1996;15,2967;-104,7145;-124,6074;382,3005;-0,0001;-257,6931;-104,7144;8;0
1,1600;-12,0007;50,4558;23,1266;-0,0000;16,4177;167,9993;352,825;-75,000;-0,000;458,837;15,0885;47,3778;-112,0618;-0,0000;64,6840;15,0885;-103,4568;-126,5649;384,4517;0,1941;-257,8848;-103,6585;8;0
1,1620;-11,9708;50,5503;22,9032;-0,0000;16,5465;168,0292;353,735;-75,000;-0,000;454,837;14,8828;47,1227;-111,2907;0,0007;64,1680;14,8820;-102,2027;-128,5079;386,6051;0,0018;-258,0987;-102,2045;8;0
1,1640;-11,9412;50,6442;22,6814;0,0000;16,6743;168,0588;354,636;-75,000;-0,000;450,837;14,6797;46,8637;-110,5153;0,0000;63,6516;14,6797;-100,9644;-130,4367;388,7612;-0,3549;-258,3337;-100,5958;8;0
1,1660;-11,9120;50,7377;22,4612;0,0000;16,8011;168,0880;355,530;-75,000;0,000;446,837;14,4789;46,6009;-109,7357;-0,0007;63,1347;14,4797;-99,7918;-132,3479;390,9112;0,0120;-258,5580;-99,8022;8;0
1,1680;-11,8833;50,8307;22,2425;-0,0000;16,9269;168,1167;356,416;-75,000;-0,000;442,837;14,2805;46,3343;-108,9517;0,0001;62,6174;14,2804;-98,6312;-134,2463;393,0649;0,1723;-258,8132;-98,8101;8;0
1,1700;-11,8549;50,9231;22,0254;0,0000;17,0516;168,1451;357,293;-75,000;-0,000;438,837;14,0844;46,0639;-108,1634;0,0000;62,0995;14,0844;-97,4734;-136,1321;395,2228;-0,0291;-259,0969;-97,4475;8;0
1,1720;-11,8270;51,0149;21,8098;0,0000;17,1753;168,1730;358,163;-75,000;-0,000;434,837;13,8906;45,7898;-107,3708;-0,0001;61,5810;13,8907;-96,3519;-138,0016;397,3760;0,0001;-259,3744;-96,3520;8;0
1,1740;-11,7994;51,1062;21,5959;-0,0000;17,2979;168,2006;359,025;-75,000;-0,000;430,837;13,6990;45,5119;-106,5739;0,0000;61,0620;13,6990;-95,2520;-139,8577;399,5299;0,0154;-259,6699;-95,2658;8;0
1,1760;-11,7722;51,1970;21,3835;0,0000;17,4195;168,2278;359,878;-75,000;-0,000;426,837;13,5096;45,2304;-105,7727;0,0000;60,5423;13,5096;-94,1721;-141,7006;401,6849;-0,0008;-259,9839;-94,1712;8;0
1,1780;-11,7453;51,2871;21,1728;0,0000;17,5401;168,2547;360,724;-75,000;-0,000;422,837;13,3223;44,9451;-104,9672;-0,0000;60,0220;13,3223;-93,1148;-143,5299;403,8389;-0,0000;-260,3091;-93,1148;8;0
1,1800;-11,7189;51,3767;20,9637;-0,0000;17,6596;168,2811;361,562;-75,000;-0,000;418,837;13,1371;44,6563;-104,1573;-0,0000;59,5011;13,1371;-92,0785;-145,3457;405,9924;0,0011;-260,6472;-92,0798;8;0
1,1820;-11,6928;51,4658;20,7562;-0,0000;17,7781;168,3072;362,391;-75,000;-0,000;414,837;12,9540;44,3638;-103,3432;0,0000;58,9794;12,9540;-91,0626;-147,1482;408,1446;0,0000;-260,9964;-91,0626;8;0
1,1840;-11,6671;51,5542;20,5503;0,0000;17,8955;168,3329;363,213;-75,000;-0,000;410,837;12,7729;44,0677;-102,5247;0,0000;58,4571;12,7729;-90,0670;-148,9376;410,2958;-0,0003;-261,3578;-90,0664;8;0
1,1860;-11,6417;51,6420;20,3461;-0,0000;18,0119;168,3583;364,027;-75,000;-0,000;406,837;12,5937;43,7680;-101,7020;0,0000;57,9340;12,5937;-89,0911;-150,7141;412,4459;0,0000;-261,7318;-89,0911;8;0
1,1880;-11,6167;51,7293;20,1435;0,0000;18,1273;168,3833;364,832;-75,000;-0,000;402,837;12,4165;43,4648;-100,8750;0,0000;57,4102;12,4165;-88,1345;-152,4776;414,5943;-0,0005;-262,1169;-88,1341;8;0
1,1900;-11,5920;51,8159;19,9426;0,0000;18,2415;168,4080;365,630;-75,000;-0,000;398,837;12,2412;43,1581;-100,0436;-0,0000;56,8855;12,2412;-87,1969;-154,2283;416,7408;0,0003;-262,5125;-87,1972;8;0
1,1920;-11,5677;51,9019;19,7433;-0,0000;18,3548;168,4323;366,420;-75,000;-0,000;394,837;12,0677;42,8479;-99,2080;0,0000;56,3601;12,0677;-86,2778;-155,9663;418,8853;0,0003;-262,9189;-86,2781;8;0
1,1940;-11,5437;51,9873;19,5457;0,0000;18,4670;168,4563;367,201;-75,000;-0,000;390,837;11,8961;42,5342;-98,3681;0,0000;55,8339;11,8961;-85,3768;-157,6917;421,0273;-0,0014;-263,3354;-85,3754;8;0
1,1960;-11,5201;52,0720;19,3498;0,0000;18,5781;168,4799;367,975;-75,000;0,000;386,837;11,7262;42,2171;-97,5239;-0,0000;55,3068;11,7262;-84,4938;-159,4045;423,1669;-0,0000;-263,7623;-84,4938;8;0
1,1980;-11,4968;52,1561;19,1556;-0,0000;18,6882;168,5032;368,741;-75,000;0,000;382,837;11,5581;41,8966;-96,6754;-0,0000;54,7788;11,5581;-83,6285;-161,1048;425,3036;0,0048;-264,1993;-83,6336;8;0
1,2000;-11,4739;52,2396;18,9631;-0,0000;18,7972;168,5261;369,498;-75,000;0,000;378,837;11,3917;41,5727;-95,8227;0,0000;54,2500;11,3917;-82,7797;-162,7926;427,4367;0,0000;-264,6442;-82,7797;8;0
1,2020;-11,4513;52,3224;18,7723;0,0000;18,9052;168,5487;370,248;-75,000;0,000;374,837;11,2270;41,2454;-94,9657;0,0000;53,7202;11,2270;-81,9470;-164,4676;429,5658;-0,0139;-265,0959;-81,9321;8;0
1,2040;-11,4290;52,4046;18,5833;0,0000;19,0121;168,5710;370,990;-75,000;0,000;370,837;11,0639;40,9148;-94,1044;-0,0000;53,1896;11,0640;-81,1326;-166,1308;431,6925;-0,0000;-265,5617;-81,1326;8;0
1,2060;-11,4070;52,4861;18,3959;-0,0000;19,1180;168,5930;371,723;-75,000;0,000;366,837;10,9025;40,5809;-93,2389;-0,0000;52,6580;10,9025;-80,3363;-167,7817;433,8153;0,0464;-266,0362;-80,3857;8;0
1,2080;-11,3854;52,5669;18,2103;-0,0000;19,2228;168,6146;372,449;-75,000;0,000;362,837;10,7426;40,2437;-92,3692;0,0001;52,1254;10,7424;-79,5500;-169,4195;435,9317;0,0001;-266,5123;-79,5501;8;0
1,2100;-11,3641;52,6471;18,0265;0,0000;19,3265;168,6359;373,167;-75,000;0,000;358,837;10,5843;39,9032;-91,4952;0,0000;51,5919;10,5843;-78,7721;-171,0381;438,0280;-0,1594;-266,9406;-78,6043;8;0
1,2120;-11,3430;52,7265;17,8443;0,0000;19,4291;168,6570;373,876;-75,000;0,000;354,837;10,4275;39,5596;-90,6170;-0,0005;51,0577;10,4280;-78,0294;-172,6586;440,1517;-0,0025;-267,4932;-78,0269;8;0
1,2140;-11,3223;52,8053;17,6640;-0,0000;19,5307;168,6777;374,578;-75,000;0,000;350,836;10,2721;39,2126;-89,7346;-0,0000;50,5220;10,2722;-77,3054;-174,2736;442,2857;0,2173;-268,1096;-77,5335;8;0
1,2160;-11,3020;52,8834;17,4854;-0,0000;19,6312;168,6980;375,272;-75,000;0,000;346,838;10,1183;38,8625;-88,8479;0,0004;49,9852;10,1179;-76,5690;-175,8479;444,3496;0,0101;-268,5016;-76,5795;8;0
1,2180;-11,2819;52,9608;17,3086;-0,0000;19,7306;168,7181;375,957;-75,000;0,000;342,837;9,9659;38,5092;-87,9572;0,0000;49,4480;9,9658;-75,8540;-177,4170;446,4232;-0,0942;-268,9572;-75,7552;8;0
1,2200;-11,2621;53,0374;17,1336;0,0000;19,8290;168,7379;376,635;-75,000;0,000;338,837;9,8149;38,1528;-87,0622;0,0000;48,9094;9,8149;-75,1641;-178,9872;448,5218;-0,0211;-269,5320;-75,1417;8;0
1,2220;-11,2426;53,1134;16,9603;0,0000;19,9263;168,7574;377,305;-75,000;0,000;334,837;9,6652;37,7933;-86,1631;-0,0001;48,3698;9,6653;-74,4846;-180,5385;450,5989;-0,0000;-270,0603;-74,4845;8;0
1,2240;-11,2234;53,1886;16,7889;-0,0000;20,0225;168,7766;377,967;-75,000;0,000;330,837;9,5169;37,4306;-85,2598;-0,0000;47,8292;9,5169;-73,8201;-182,0774;452,6689;0,0419;-270,5951;-73,8647;8;0
1,2260;-11,2045;53,2631;16,6193;-0,0000;20,1176;168,7955;378,620;-75,000;0,000;326,837;9,3699;37,0650;-84,3524;0,0001;47,2874;9,3698;-73,1636;-183,6026;454,7289;0,0001;-271,1263;-73,1637;8;0
1,2280;-11,1859;53,3369;16,4515;0,0000;20,2116;168,8141;379,266;-75,000;0,000;322,837;9,2243;36,6962;-83,4409;0,0000;46,7447;9,2243;-72,5172;-185,1133;456,7767;-0,0880;-271,6480;-72,4243;8;0
1,2300;-11,1676;53,4099;16,2855;0,0000;20,3046;168,8324;379,904;-75,000;0,000;318,837;9,0799;36,3245;-82,5253;-0,0002;46,2009;9,0801;-71,8951;-186,6157;458,8263;-0,0003;-272,2107;-71,8947;8;0
1,2320;-11,1496;53,4822;16,1214;-0,0000;20,3964;168,8504;380,533;-75,000;0,000;314,837;8,9367;35,9498;-81,6056;-0,0000;45,6558;8,9367;-71,2863;-188,1072;460,8717;0,0988;-272,7939;-71,3902;8;0
1,2340;-11,1319;53,5537;15,9591;-0,0000;20,4872;168,8681;381,155;-75,000;0,000;310,838;8,7947;35,5721;-80,6818;0,0002;45,1097;8,7946;-70,6772;-189,5771;462,8879;0,0005;-273,3107;-70,6777;8;0
1,2360;-11,1144;53,6244;15,7987;0,0000;20,5769;168,8856;381,769;-75,000;0,000;306,837;8,6540;35,1915;-79,7540;0,0000;44,5626;8,6540;-70,0842;-191,0361;464,8992;-0,0392;-273,8479;-70,0429;8;0
1,2380;-11,0973;53,6944;15,6401;-0,0000;20,6655;168,9027;382,374;-75,000;0,000;302,837;8,5144;34,8079;-78,8222;0,0000;44,0143;8,5144;-69,5048;-192,4786;466,8929;-0,0525;-274,3624;-69,4500;8;0
1,2400;-11,0804;53,7637;15,4834;0,0000;20,7529;168,9196;382,972;-75,000;0,000;298,837;8,3760;34,4215;-77,8865;-0,0002;43,4651;8,3762;-68,9415;-193,9211;468,9058;-0,0009;-274,9847;-68,9406;8;0
1,2420;-11,0638;53,8321;15,3286;-0,0000;20,8393;168,9362;383,562;-75,000;0,000;294,836;8,2386;34,0322;-76,9466;-0,0000;42,9143;8,2386;-68,3933;-195,3578;470,9250;0,1045;-275,6710;-68,5024;8;0
1,2440;-11,0474;53,8998;15,1756;-0,0000;20,9246;168,9526;384,143;-75,000;0,000;290,838;8,1024;33,6401;-76,0028;0,0002;42,3624;8,1022;-67,8428;-196,7502;472,8629;0,0025;-276,1128;-67,8454;8;0
1,2460;-11,0314;53,9667;15,0245;-0,0000;21,0088;168,9686;384,717;-75,000;0,000;286,837;7,9672;33,2452;-75,0551;0,0000;41,8099;7,9672;-67,3069;-198,1367;474,8063;-0,0523;-276,6177;-67,2523;8;0
1,2480;-11,0156;54,0328;14,8754;0,0000;21,0918;168,9844;385,283;-75,000;0,000;282,837;7,8332;32,8476;-74,1035;0,0000;41,2560;7,8332;-66,7887;-199,5248;476,7722;-0,0028;-277,2472;-66,7858;8;0
1,2500;-11,0000;54,0981;14,7281;0,0000;21,1738;169,0000;385,840;-75,000;0,000;278,837;7,7001;32,4471;-73,1481;-0,0000;40,7009;7,7001;-66,2783;-200,8914;478,7078;-0,0000;-277,8164;-66,2783;8;0
1,2520;-10,9848;54,1626;14,5828;-0,0000;21,2546;169,0152;386,390;-75,000;0,000;274,837;7,5680;32,0440;-72,1887;-0,0000;40,1447;7,5680;-65,7786;-202,2439;480,6300;0,0019;-278,3864;-65,7807;8;0
1,2540;-10,9698;54,2263;14,4394;-0,0000;21,3344;169,0302;386,932;-75,000;0,000;270,837;7,4370;31,6382;-71,2255;0,0000;39,5874;7,4370;-65,2891;-203,5822;482,5384;0,0000;-278,9562;-65,2891;8;0
1,2560;-10,9550;54,2891;14,2979;0,0000;21,4130;169,0450;387,465;-75,000;0,000;266,837;7,3069;31,2297;-70,2586;0,0000;39,0289;7,3069;-64,8101;-204,9062;484,4325;-0,0010;-279,5262;-64,8090;8;0
1,2580;-10,9405;54,3512;14,1583;-0,0000;21,4905;169,0595;387,991;-75,000;-0,000;262,837;7,1777;30,8185;-69,2878;-0,0000;38,4693;7,1777;-64,3389;-206,2118;486,3030;-0,0362;-280,0648;-64,3016;8;0
1,2600;-10,9263;54,4124;14,0207;0,0000;21,5669;169,0737;388,509;-75,000;0,000;258,837;7,0495;30,4048;-68,3133;-0,0001;37,9086;7,0497;-63,8825;-207,5108;488,1762;0,0000;-280,6655;-63,8826;8;0
1,2620;-10,9123;54,4728;13,8851;-0,0000;21,6421;169,0877;389,018;-75,000;0,000;254,837;6,9222;29,9885;-67,3351;-0,0000;37,3466;6,9222;-63,4385;-208,7989;490,0428;0,0724;-281,2967;-63,5130;8;0
1,2640;-10,8986;54,5324;13,7514;-0,0000;21,7162;169,1014;389,520;-75,000;0,000;250,838;6,7958;29,5696;-66,3532;0,0001;36,7834;6,7956;-62,9945;-210,0562;491,8572;0,0005;-281,8011;-62,9950;8;0
1,2660;-10,8852;54,5911;13,6197;0,0000;21,7893;169,1148;390,014;-75,000;0,000;246,837;6,6702;29,1483;-65,3677;0,0000;36,2194;6,6702;-62,5616;-211,2989;493,6564;-0,0495;-282,3088;-62,5090;8;0
1,2680;-10,8719;54,6489;13,4899;0,0000;21,8611;169,1281;390,499;-75,000;0,000;242,837;6,5455;28,7244;-64,3785;-0,0001;35,6542;6,5456;-62,1448;-212,5412;495,4717;-0,0003;-282,9304;-62,1444;8;0
1,2700;-10,8590;54,7060;13,3622;-0,0000;21,9319;169,1410;390,977;-75,000;0,000;238,837;6,4217;28,2981;-63,3858;-0,0000;35,0877;6,4217;-61,7381;-213,7673;497,2677;0,0620;-283,5438;-61,8050;8;0
1,2720;-10,8463;54,7621;13,2364;-0,0000;22,0015;169,1537;391,447;-75,000;0,000;234,838;6,2986;27,8694;-62,3895;0,0002;34,5200;6,2984;-61,3323;-214,9645;499,0159;0,0001;-284,0515;-61,3324;8;0
1,2740;-10,8338;54,8174;13,1126;0,0000;22,0699;169,1662;391,908;-75,000;0,000;230,837;6,1763;27,4383;-61,3897;0,0000;33,9515;6,1763;-60,9331;-216,1480;500,7504;-0,0974;-284,5731;-60,8314;8;0
1,2760;-10,8215;54,8719;12,9908;0,0000;22,1373;169,1785;392,362;-75,000;0,000;226,837;6,0548;27,0048;-60,3865;-0,0002;33,3817;6,0550;-60,5560;-217,3246;502,4859;-0,0001;-285,1613;-60,5559;8;0
1,2780;-10,8096;54,9255;12,8711;-0,0000;22,2035;169,1904;392,808;-75,000;0,000;222,837;5,9341;26,5690;-59,3798;-0,0000;32,8108;5,9341;-60,1853;-218,4833;504,1979;0,0620;-285,7321;-60,2495;8;0
1,2800;-10,7978;54,9782;12,7533;-0,0000;22,2685;169,2022;393,245;-75,000;0,000;218,837;5,8141;26,1308;-58,3697;0,0001;32,2388;5,8140;-59,8149;-219,6202;505,8780;0,0001;-286,2578;-59,8150;8;0
1,2820;-10,7863;55,0300;12,6376;-0,0000;22,3324;169,2137;393,675;-75,000;0,000;214,837;5,6948;25,6905;-57,3563;0,0000;31,6658;5,6948;-59,4552;-220,7401;507,5362;-0,0294;-286,7749;-59,4233;8;0
1,2840;-10,7750;55,0809;12,5239;0,0000;22,3952;169,2250;394,097;-75,000;0,000;210,837;5,5763;25,2479;-56,3395;-0,0001;31,0917;5,5764;-59,1080;-221,8498;509,1882;-0,0001;-287,3383;-59,1078;8;0
1,2860;-10,7640;55,1310;12,4122;-0,0000;22,4568;169,2360;394,510;-75,000;0,000;206,837;5,4584;24,8031;-55,3195;-0,0000;30,5164;5,4584;-58,7702;-222,9430;510,8193;0,0459;-287,8993;-58,8200;8;0
1,2880;-10,7532;55,1801;12,3026;-0,0000;22,5173;169,2468;394,916;-75,000;0,000;202,837;5,3412;24,3561;-54,2963;0,0001;29,9401;5,3411;-58,4344;-224,0119;512,4127;0,0001;-288,4008;-58,4345;8;0
1,2900;-10,7426;55,2284;12,1950;0,0000;22,5766;169,2574;395,314;-75,000;0,000;198,837;5,2247;23,9070;-53,2699;0,0000;29,3628;5,2247;-58,1069;-225,0657;513,9882;-0,0436;-288,9125;-58,0609;8;0
1,2920;-10,7323;55,2758;12,0895;0,0000;22,6347;169,2677;395,703;-75,000;0,000;194,837;5,1088;23,4558;-52,2403;-0,0001;28,7845;5,1088;-57,7929;-226,1034;515,5440;-0,0069;-289,4298;-57,7856;8;0
1,2940;-10,7222;55,3222;11,9861;0,0000;22,6917;169,2778;396,085;-75,000;0,000;190,837;4,9935;23,0026;-51,2077;-0,0000;28,2051;4,9935;-57,4857;-227,1251;517,0801;0,0137;-289,9540;-57,4998;8;0
1,2960;-10,7123;55,3678;11,8847;-0,0000;22,7475;169,2877;396,459;-75,000;0,000;186,837;4,8788;22,5473;-50,1720;-0,0000;27,6246;4,8788;-57,1852;-228,1311;518,5969;0,0168;-290,4873;-57,2030;8;0
1,2980;-10,7027;55,4124;11,7854;-0,0000;22,8022;169,2973;396,824;-75,000;0,000;182,837;4,7648;22,0901;-49,1333;0,0000;27,0432;4,7647;-56,8910;-229,1121;520,0742;0,0000;-290,9621;-56,8910;8;0
1,3000;-10,6933;55,4561;11,6882;0,0000;22,8557;169,3067;397,182;-75,000;0,000;178,837;4,6513;21,6309;-48,0917;0,0000;26,4608;4,6513;-56,6047;-230,0767;521,5306;-0,0134;-291,4432;-56,5905;8;0
1,3020;-10,6841;55,4989;11,5930;0,0000;22,9080;169,3159;397,532;-75,000;0,000;174,837;4,5383;21,1698;-47,0472;-0,0000;25,8774;4,5384;-56,3277;-231,0262;522,9691;-0,0000;-291,9429;-56,3277;8;0
1,3040;-10,6751;55,5408;11,5000;-0,0000;22,9592;169,3249;397,873;-75,000;0,000;170,837;4,4260;20,7068;-45,9998;-0,0000;25,2930;4,4260;-56,0576;-231,9555;524,3784;0,0037;-292,4229;-56,0615;8;0
1,3060;-10,6664;55,5818;11,4090;-0,0000;23,0092;169,3336;398,207;-75,000;0,000;166,837;4,3141;20,2420;-44,9497;0,0000;24,7077;4,3141;-55,7937;-232,8651;525,7594;-0,0097;-292,8881;-55,7836;8;0
1,3080;-10,6579;55,6218;11,3202;0,0000;23,0580;169,3421;398,533;-75,000;0,000;162,837;4,2028;19,7753;-43,8968;-0,0000;24,1215;4,2028;-55,5387;-233,7577;527,1182;-0,0003;-293,3605;-55,5384;8;0
1,3100;-10,6496;55,6609;11,2334;-0,0000;23,1057;169,3504;398,851;-75,000;0,000;158,837;4,0920;19,3069;-42,8412;-0,0000;23,5343;4,0920;-55,2918;-234,6321;528,4523;0,0210;-293,8326;-55,3138;8;0
1,3120;-10,6415;55,6990;11,1488;-0,0000;23,1522;169,3585;399,160;-75,000;0,000;154,837;3,9816;18,8368;-41,7830;0,0000;22,9461;3,9816;-55,0491;-235,4833;529,7503;0,0000;-294,2670;-55,0491;8;0
1,3140;-10,6336;55,7362;11,0663;0,0000;23,1975;169,3664;399,462;-75,000;0,000;150,837;3,8718;18,3650;-40,7222;0,0000;22,3572;3,8718;-54,8140;-236,3161;531,0227;-0,0130;-294,7006;-54,8004;8;0
1,3160;-10,6260;55,7725;10,9859;0,0000;23,2416;169,3740;399,756;-75,000;0,000;146,837;3,7624;17,8915;-39,6589;-0,0000;21,7673;3,7624;-54,5887;-237,1308;532,2705;0,0145;-295,1380;-54,6046;8;0
1,3180;-10,6186;55,8078;10,9077;-0,0000;23,2845;169,3814;400,041;-75,000;0,000;142,837;3,6534;17,4165;-38,5931;0,0001;21,1766;3,6533;-54,3676;-237,9253;533,4887;0,0017;-295,5633;-54,3694;8;0
1,3200;-10,6114;55,8421;10,8315;0,0000;23,3263;169,3886;400,319;-75,000;0,000;138,837;3,5449;16,9398;-37,5249;0,0000;20,5851;3,5449;-54,1521;-238,7000;534,6784;-0,0297;-295,9815;-54,1197;8;0
1,3220;-10,6044;55,8755;10,7576;0,0000;23,3669;169,3956;400,589;-75,000;0,000;134,837;3,4368;16,4617;-36,4544;-0,0001;19,9927;3,4369;-53,9476;-239,4535;535,8365;-0,0001;-296,3830;-53,9476;8;0
1,3240;-10,5976;55,9080;10,6857;-0,0000;23,4063;169,4024;400,850;-75,000;0,000;130,837;3,3291;15,9820;-35,3816;-0,0000;19,3996;3,3291;-53,7490;-240,1869;536,9654;0,0159;-296,7773;-53,7662;8;0
1,3260;-10,5911;55,9395;10,6160;-0,0000;23,4445;169,4089;401,104;-75,000;0,000;126,837;3,2218;15,5009;-34,3065;0,0000;18,8056;3,2218;-53,5548;-240,9002;538,0648;0,0000;-297,1646;-53,5548;8;0
1,3280;-10,5848;55,9700;10,5485;-0,0000;23,4815;169,4152;401,350;-75,000;0,000;122,837;3,1149;15,0184;-33,2293;0,0000;18,2109;3,1149;-53,3683;-241,5926;539,1332;-0,0007;-297,5403;-53,3676;8;0
1,3300;-10,5786;55,9995;10,4831;-0,0000;23,5173;169,4214;401,587;-75,000;0,000;118,837;3,0083;14,5346;-32,1500;0,0000;17,6154;3,0083;-53,1886;-242,2643;540,1708;-0,0000;-297,9065;-53,1886;8;0
1,3320;-10,5727;56,0281;10,4199;0,0000;23,5520;169,4273;401,817;-75,000;0,000;114,837;2,9021;14,0494;-31,0686;0,0000;17,0193;2,9021;-53,0153;-242,9148;541,1769;-0,0000;-298,2621;-53,0152;8;0
1,3340;-10,5670;56,0557;10,3588;-0,0000;23,5854;169,4330;402,039;-75,000;-0,000;110,837;2,7963;13,5629;-29,9853;-0,0000;16,4224;2,7963;-52,8483;-243,5439;542,1506;-0,0013;-298,6045;-52,8470;8;0
1,3360;-10,5615;56,0824;10,3000;0,0000;23,6177;169,4385;402,252;-75,000;0,000;106,837;2,6907;13,0752;-28,9000;-0,0000;15,8248;2,6907;-52,6881;-244,1523;543,0938;-0,0000;-298,9414;-52,6880;8;0
1,3380;-10,5563;56,1080;10,2432;-0,0000;23,6487;169,4437;402,458;-75,000;0,000;102,837;2,5855;12,5863;-27,8129;-0,0000;15,2266;2,5855;-52,5342;-244,7397;544,0054;0,0026;-299,2701;-52,5369;8;0
1,3400;-10,5512;56,1327;10,1887;-0,0000;23,6786;169,4488;402,656;-75,000;0,000;98,837;2,4806;12,0962;-26,7240;0,0000;14,6278;2,4806;-52,3862;-245,3038;544,8807;-0,0033;-299,5754;-52,3825;8;0
1,3420;-10,5463;56,1564;10,1364;0,0000;23,7072;169,4537;402,845;-75,000;0,000;94,837;2,3760;11,6051;-25,6334;-0,0000;14,0283;2,3760;-52,2450;-245,8470;545,7248;-0,0013;-299,8756;-52,2436;8;0
1,3440;-10,5417;56,1791;10,0862;-0,0000;23,7347;169,4583;403,027;-75,000;0,000;90,837;2,2716;11,1128;-24,5411;-0,0000;13,4283;2,2716;-52,1104;-246,3692;546,5377;0,0066;-300,1715;-52,1177;8;0
1,3460;-10,5373;56,2009;10,0382;-0,0000;23,7609;169,4627;403,201;-75,000;0,000;86,837;2,1675;10,6196;-23,4472;0,0000;12,8276;2,1675;-51,9808;-246,8680;547,3139;-0,0041;-300,4450;-51,9764;8;0
1,3480;-10,5330;56,2216;9,9924;0,0000;23,7860;169,4670;403,366;-75,000;0,000;82,837;2,0637;10,1254;-22,3519;-0,0000;12,2265;2,0637;-51,8581;-247,3452;548,0573;-0,0033;-300,7105;-51,8545;8;0
1,3500;-10,5290;56,2414;9,9488;-0,0000;23,8098;169,4710;403,524;-75,000;0,000;78,837;1,9601;9,6302;-21,2550;-0,0000;11,6248;1,9601;-51,7424;-247,8008;548,7679;0,0082;-300,9688;-51,7512;8;0
1,3520;-10,5252;56,2601;9,9074;-0,0000;23,8325;169,4748;403,674;-75,000;0,000;74,837;1,8567;9,1342;-20,1568;0,0000;11,0226;1,8567;-51,6313;-248,2331;549,4422;-0,0020;-301,2085;-51,6291;8;0
1,3540;-10,5216;56,2779;9,8682;0,0000;23,8539;169,4784;403,815;-75,000;0,000;70,837;1,7536;8,6373;-19,0572;-0,0000;10,4200;1,7536;-51,5268;-248,6433;550,0825;-0,0041;-301,4384;-51,5223;8;0
1,3560;-10,5182;56,2947;9,8311;-0,0000;23,8742;169,4818;403,949;-75,000;0,000;66,837;1,6506;8,1396;-17,9565;-0,0000;9,8169;1,6506;-51,4290;-249,0312;550,6888;0,0040;-301,6588;-51,4334;8;0
1,3580;-10,5150;56,3105;9,7963;-0,0000;23,8932;169,4850;404,075;-75,000;0,000;62,837;1,5478;7,6412;-16,8545;0,0000;9,2133;1,5478;-51,3365;-249,3959;551,2587;-0,0005;-301,8623;-51,3359;8;0
1,3600;-10,5120;56,3253;9,7637;0,0000;23,9110;169,4880;404,192;-75,000;0,000;58,837;1,4453;7,1420;-15,7514;-0,0000;8,6094;1,4453;-51,2501;-249,7381;551,7939;-0,0020;-302,0552;-51,2479;8;0
1,3620;-10,5092;56,3390;9,7333;-0,0000;23,9276;169,4908;404,302;-75,000;0,000;54,837;1,3428;6,6422;-14,6473;-0,0000;8,0051;1,3428;-51,1700;-250,0576;552,2941;0,0011;-302,2376;-51,1711;8;0
1,3640;-10,5066;56,3518;9,7051;-0,0000;23,9430;169,4934;404,404;-75,000;0,000;50,837;1,2406;6,1418;-13,5422;0,0000;7,4005;1,2406;-51,0956;-250,3538;552,7578;0,0000;-302,4039;-51,0956;8;0
1,3660;-10,5042;56,3636;9,6792;0,0000;23,9572;169,4958;404,497;-75,000;0,000;46,837;1,1385;5,6408;-12,4363;0,0000;6,7955;1,1385;-51,0271;-250,6270;553,1856;-0,0007;-302,5578;-51,0263;8;0
1,3680;-10,5020;56,3744;9,6554;0,0000;23,9702;169,4980;404,583;-75,000;0,000;42,837;1,0365;5,1393;-11,3295;-0,0000;6,1902;1,0365;-50,9653;-250,8801;553,5840;0,0093;-302,7206;-50,9757;8;0
1,3700;-10,5001;56,3842;9,6338;-0,0000;23,9820;169,4999;404,661;-75,000;0,000;38,837;0,9346;4,6373;-10,2219;0,0000;5,5846;0,9346;-50,9080;-251,1046;553,9342;0,0003;-302,8301;-50,9084;8;0
1,3720;-10,4983;56,3929;9,6145;0,0000;23,9926;169,5017;404,730;-75,000;0,000;34,838;0,8328;4,1349;-9,1138;0,0000;4,9789;0,8328;-50,8560;-251,3030;554,2417;-0,0185;-302,9052;-50,8351;8;0
1,3740;-10,4967;56,4007;9,5974;-0,0000;24,0019;169,5033;404,792;-75,000;0,000;30,837;0,7312;3,6321;-8,0050;-0,0000;4,3730;0,7312;-50,8123;-251,4889;554,5368;-0,0010;-303,0475;-50,8113;8;0
1,3760;-10,4954;56,4075;9,5825;0,0000;24,0101;169,5046;404,846;-75,000;0,000;26,837;0,6296;3,1289;-6,8956;-0,0000;3,7667;0,6296;-50,7759;-251,6493;554,7904;0,0355;-303,1601;-50,8128;8;0
1,3780;-10,4942;56,4132;9,5698;-0,0000;24,0170;169,5058;404,891;-75,000;0,000;22,837;0,5281;2,6255;-5,7858;0,0001;3,1603;0,5280;-50,7403;-251,7801;554,9938;0,0016;-303,2138;-50,7419;8;0
1,3800;-10,4933;56,4180;9,5593;0,0000;24,0227;169,5067;404,929;-75,000;0,000;18,837;0,4266;2,1218;-4,6756;0,0000;2,5539;0,4266;-50,7091;-251,8899;555,1656;-0,0525;-303,2714;-50,6561;8;0
1,3820;-10,4925;56,4217;9,5511;-0,0000;24,0272;169,5075;404,959;-75,000;-0,000;14,837;0,3252;1,6179;-3,5652;-0,0001;1,9473;0,3253;-50,6912;-251,9777;555,3038;-0,0008;-303,3261;-50,6903;8;0
1,3840;-10,4920;56,4244;9,5451;0,0000;24,0305;169,5080;404,980;-75,000;0,000;10,837;0,2239;1,1139;-2,4544;-0,0000;1,3406;0,2239;-50,6773;-252,0422;555,4053;0,0263;-303,3653;-50,7038;8;0
1,3860;-10,4916;56,4262;9,5413;-0,0000;24,0326;169,5084;404,994;-75,000;0,000;6,837;0,1225;0,6097;-1,3435;0,0000;0,7338;0,1225;-25,3287;-236,0286;520,0949;-0,0009;-284,0662;-25,3278;8;0
1,3880;-10,4915;56,4269;9,5397;0,0000;24,0334;169,5085;405,000;-75,000;0,000;2,837;0,1226;0,1698;-0,3740;-0,0000;0,2043;0,1226;79,2891;-169,7635;374,0713;0,0463;-204,3162;79,2428;8;0
1,3900;-10,4911;56,4268;9,5398;-0,0000;24,0334;169,5089;405,000;-74,997;0,000;1,253;0,4397;-0,0693;0,1528;0,0002;-0,0835;0,4395;214,2944;-84,2286;185,5947;0,0019;-101,3665;214,2925;9;0
1,3920;-10,4897;56,4266;9,5403;0,0000;24,0331;169,5103;405,000;-74,987;0,000;5,163;0,9797;-0,1672;0,3683;0,0000;-0,2012;0,9797;271,8030;-47,7797;105,2813;-0,0925;-57,4845;271,8954;9;0
1,3940;-10,4872;56,4262;9,5413;-0,0000;24,0326;169,5128;405,000;-74,969;0,000;9,162;1,5269;-0,2604;0,5739;-0,0002;-0,3134;1,5271;273,5853;-46,6220;102,7318;-0,0010;-56,1096;273,5863;9;0
1,3960;-10,4836;56,4256;9,5426;0,0000;24,0318;169,5164;405,000;-74,943;0,000;13,163;2,0741;-0,3537;0,7793;0,0000;-0,4256;2,0741;273,6011;-46,5733;102,6261;0,0458;-56,0615;273,5553;9;0
1,3980;-10,4789;56,4248;9,5444;-0,0000;24,0309;169,5211;405,000;-74,908;0,000;17,163;2,6213;-0,4467;0,9844;-0,0000;-0,5376;2,6213;273,6293;-46,5065;102,4812;-0,0014;-55,9748;273,6307;9;0
1,4000;-10,4731;56,4238;9,5465;0,0000;24,0297;169,5269;405,000;-74,866;0,000;21,163;3,1686;-0,5397;1,1892;-0,0000;-0,6495;3,1686;273,6598;-46,4259;102,3062;0,0003;-55,8802;273,6595;9;0
1,4020;-10,4662;56,4226;9,5491;-0,0000;24,0283;169,5338;405,000;-74,816;0,000;25,163;3,7159;-0,6324;1,3936;-0,0000;-0,7612;3,7159;273,6961;-46,3301;102,0983;0,0027;-55,7680;273,6933;9;0
1,4040;-10,4583;56,4212;9,5521;0,0000;24,0266;169,5417;405,000;-74,757;0,000;29,163;4,2634;-0,7250;1,5976;0,0000;-0,8726;4,2634;273,7386;-46,2191;101,8575;-0,0031;-55,6385;273,7420;9;0
1,4060;-10,4492;56,4197;9,5555;0,0000;24,0248;169,5508;405,000;-74,691;0,000;33,163;4,8109;-0,8173;1,8010;-0,0000;-0,9837;4,8109;273,7864;-46,0929;101,5834;-0,0014;-55,4906;273,7878;9;0
1,4080;-10,4390;56,4180;9,5593;-0,0000;24,0227;169,5610;405,000;-74,617;0,000;37,163;5,3585;-0,9094;2,0039;-0,0000;-1,0945;5,3585;273,8394;-45,9513;101,2762;0,0062;-55,3245;273,8326;9;0
1,4100;-10,4278;56,4161;9,5635;0,0000;24,0204;169,5722;405,000;-74,534;0,000;41,163;5,9063;-1,0011;2,2061;0,0000;-1,2050;5,9062;273,8995;-45,7948;100,9363;-0,0055;-55,1419;273,9057;9;0
1,4120;-10,4154;56,4140;9,5681;0,0000;24,0179;169,5846;405,000;-74,444;0,000;45,163;6,4541;-1,0925;2,4077;-0,0000;-1,3151;6,4541;273,9642;-45,6229;100,5631;-0,0031;-54,9404;273,9676;9;0
1,4140;-10,4019;56,4117;9,5732;-0,0000;24,0151;169,5981;405,000;-74,346;0,000;49,163;7,0021;-1,1836;2,6084;-0,0000;-1,4248;7,0021;274,0337;-45,4357;100,1567;0,0111;-54,7203;274,0211;9;0
1,4160;-10,3874;56,4092;9,5786;0,0000;24,0122;169,6126;405,000;-74,239;0,000;53,163;7,5503;-1,2743;2,8083;0,0000;-1,5340;7,5502;274,1105;-45,2335;99,7177;0,0000;-54,4841;274,1105;9;0
1,4180;-10,3717;56,4066;9,5844;-0,0000;24,0090;169,6283;405,000;-74,125;0,000;57,163;8,0986;-1,3645;3,0073;0,0000;-1,6427;8,0986;274,1932;-45,0163;99,2458;-0,0149;-54,2306;274,2087;9;0
1,4200;-10,3550;56,4038;9,5906;0,0000;24,0056;169,6450;405,000;-74,003;0,000;61,163;8,6470;-1,4544;3,2053;-0,0000;-1,7509;8,6471;274,2793;-44,7835;98,7402;-0,0000;-53,9567;274,2794;9;0
1,4220;-10,3372;56,4008;9,5972;-0,0000;24,0020;169,6628;405,000;-73,872;0,000;65,163;9,1957;-1,5437;3,4022;-0,0000;-1,8585;9,1957;274,3707;-44,5352;98,2008;0,0177;-53,6625;274,3533;9;0
1,4240;-10,3182;56,3976;9,6042;0,0000;23,9982;169,6818;405,000;-73,734;0,000;69,163;9,7445;-1,6325;3,5981;0,0000;-1,9656;9,7445;274,4700;-44,2727;97,6306;0,0000;-53,3579;274,4700;9;0
1,4260;-10,2982;56,3943;9,6116;-0,0000;23,9941;169,7018;405,000;-73,588;0,000;73,163;10,2936;-1,7208;3,7928;-0,0000;-2,0720;10,2936;274,5738;-43,9952;97,0278;-0,0063;-53,0366;274,5800;9;0
1,4280;-10,2770;56,3907;9,6194;-0,0000;23,9899;169,7230;405,000;-73,433;0,000;77,163;10,8428;-1,8085;3,9862;0,0000;-2,1777;10,8428;274,6821;-43,7013;96,3890;0,0000;-52,6877;274,6821;9;0
1,4300;-10,2548;56,3870;9,6276;0,0000;23,9854;169,7452;405,000;-73,271;0,000;81,163;11,3923;-1,8956;4,1783;0,0000;-2,2827;11,3923;274,7963;-43,3926;95,7182;-0,0028;-52,3239;274,7991;9;0
1,4320;-10,2315;56,3831;9,6361;0,0000;23,9808;169,7685;405,000;-73,101;0,000;85,163;11,9420;-1,9820;4,3691;-0,0000;-2,3870;11,9420;274,9153;-43,0694;95,0154;-0,0000;-51,9461;274,9153;9;0
1,4340;-10,2070;56,3791;9,6450;-0,0000;23,9759;169,7930;405,000;-72,922;0,000;89,163;12,4919;-2,0679;4,5584;-0,0000;-2,4905;12,4919;275,0396;-42,7307;94,2791;0,0010;-51,5484;275,0386;9;0
1,4360;-10,1815;56,3749;9,6543;-0,0000;23,9708;169,8185;405,000;-72,736;0,000;93,163;13,0421;-2,1530;4,7462;0,0000;-2,5932;13,0421;275,1707;-42,3772;93,5105;-0,0208;-51,1349;275,1947;9;0
1,4380;-10,1549;56,3705;9,6640;0,0000;23,9655;169,8451;405,000;-72,542;0,000;97,163;13,5926;-2,2374;4,9324;-0,0001;-2,6951;13,5927;275,3037;-42,0081;92,7076;-0,0001;-50,6996;275,3038;9;0
1,4400;-10,1271;56,3659;9,6741;-0,0000;23,9600;169,8729;405,000;-72,339;0,000;101,163;14,1434;-2,3210;5,1170;0,0000;-2,7960;14,1434;275,4418;-41,6187;91,8604;0,0184;-50,2077;275,4163;9;0
1,4420;-10,0983;56,3612;9,6845;0,0000;23,9543;169,9017;405,000;-72,129;0,000;105,163;14,6944;-2,4038;5,2999;-0,0000;-2,8959;14,6944;275,5875;-41,2251;91,0043;-0,0007;-49,7791;275,5882;9;0
1,4440;-10,0684;56,3563;9,6953;-0,0000;23,9484;169,9316;405,000;-71,911;0,000;109,163;15,2457;-2,4859;5,4810;-0,0000;-2,9951;15,2457;275,7349;-40,8211;90,1254;0,0256;-49,3674;275,7136;9;0
1,4460;-10,0373;56,3513;9,7064;-0,0000;23,9423;169,9627;405,000;-71,684;0,000;113,163;15,7973;-2,5671;5,6604;0,0001;-3,0934;15,7972;275,8906;-40,3818;89,1689;0,0017;-48,7871;275,8889;9;0
1,4480;-10,0052;56,3460;9,7179;-0,0000;23,9361;169,9948;405,000;-71,450;0,000;117,163;16,3493;-2,6474;5,8377;0,0000;-3,1903;16,3493;276,0509;-39,9327;88,1911;-0,0232;-48,2277;276,0736;9;0
1,4500;-9,9719;56,3407;9,7298;0,0000;23,9296;170,0281;405,000;-71,208;0,000;121,163;16,9015;-2,7269;6,0131;0,0000;-3,2863;16,9015;276,2125;-39,4785;87,2021;-0,0014;-47,7237;276,2140;9;0
1,4520;-9,9376;56,3351;9,7420;0,0000;23,9229;170,0624;405,000;-70,957;0,000;125,163;17,4541;-2,8053;6,1865;-0,0000;-3,3812;17,4541;276,3801;-39,0042;86,1691;-0,0000;-47,1649;276,3801;9;0
1,4540;-9,9021;56,3294;9,7545;-0,0000;23,9161;170,0979;405,000;-70,699;0,000;129,163;18,0071;-2,8829;6,3578;-0,0000;-3,4749;18,0071;276,5522;-38,5149;85,1032;0,0007;-46,5882;276,5514;9;0
1,4560;-9,8655;56,3236;9,7674;-0,0000;23,9090;170,1345;405,000;-70,433;0,000;133,163;18,5603;-2,9594;6,5269;0,0000;-3,5675;18,5603;276,7286;-38,0107;84,0045;0,0000;-45,9938;276,7286;9;0
1,4580;-9,8279;56,3176;9,7806;0,0000;23,9018;170,1721;405,000;-70,158;0,000;137,163;19,1140;-3,0349;6,6938;0,0000;-3,6589;19,1140;276,9093;-37,4915;82,8728;-0,0005;-45,3813;276,9098;9;0
1,4600;-9,7891;56,3115;9,7942;0,0000;23,8944;170,2109;405,000;-69,876;0,000;141,163;19,6680;-3,1094;6,8584;-0,0000;-3,7490;19,6680;277,0940;-36,9574;81,7082;-0,0000;-44,7509;277,0940;9;0
1,4620;-9,7492;56,3052;9,8080;-0,0000;23,8868;170,2508;405,000;-69,586;0,000;145,163;20,2223;-3,1827;7,0206;-0,0000;-3,8379;20,2223;277,2828;-36,4082;80,5108;0,0003;-44,1025;277,2825;9;0
1,4640;-9,7082;56,2987;9,8222;-0,0000;23,8790;170,2918;405,000;-69,287;0,000;149,163;20,7771;-3,2550;7,1805;0,0000;-3,9254;20,7771;277,4756;-35,8442;79,2804;0,0000;-43,4362;277,4755;9;0
1,4660;-9,6661;56,2921;9,8368;0,0000;23,8711;170,3339;405,000;-68,981;0,000;153,163;21,3322;-3,3261;7,3378;0,0000;-4,0116;21,3322;277,6746;-35,2668;78,0208;-0,0354;-42,7640;277,7121;9;0
1,4680;-9,6229;56,2854;9,8516;0,0000;23,8630;170,3771;405,000;-68,667;0,000;157,163;21,8878;-3,3961;7,4925;-0,0001;-4,0965;21,8880;277,8723;-34,6714;76,7211;0,0007;-42,0499;277,8717;9;0
1,4700;-9,5785;56,2786;9,8667;-0,0000;23,8547;170,4215;405,000;-68,344;0,000;161,162;22,4437;-3,4648;7,6447;0,0000;-4,1798;22,4437;278,0712;-34,0593;75,3849;0,0707;-41,3053;277,9963;9;0
1,4720;-9,5331;56,2716;9,8822;0,0000;23,8463;170,4669;405,000;-68,014;0,000;165,163;23,0001;-3,5323;7,7941;0,0001;-4,2617;22,9999;278,2835;-33,4389;74,0302;-0,0023;-40,5908;278,2859;9;0
1,4740;-9,4865;56,2644;9,8979;0,0000;23,8377;170,5135;405,000;-67,676;0,000;169,163;23,5569;-3,5986;7,9408;-0,0000;-4,3422;23,5569;278,4966;-32,8021;72,6391;-0,0354;-39,8471;278,5341;9;0
1,4760;-9,4389;56,2572;9,9139;-0,0000;23,8289;170,5611;405,000;-67,330;0,000;173,163;24,1141;-3,6635;8,0846;-0,0000;-4,4211;24,1141;278,7077;-32,1471;71,2079;0,0044;-39,0608;278,7029;9;0
1,4780;-9,3901;56,2498;9,9303;-0,0000;23,8200;170,6099;405,000;-66,975;0,000;177,163;24,6717;-3,7271;8,2256;0,0000;-4,4985;24,6717;278,9250;-31,4790;69,7476;0,0000;-38,2686;278,9250;9;0
1,4800;-9,3402;56,2423;9,9468;0,0000;23,8109;170,6598;405,000;-66,613;0,000;181,163;25,2298;-3,7894;8,3636;0,0000;-4,5742;25,2298;279,1458;-30,7959;68,2542;-0,0113;-37,4580;279,1579;9;0
1,4820;-9,2891;56,2346;9,9637;0,0000;23,8017;170,7109;405,000;-66,243;0,000;185,163;25,7883;-3,8503;8,4986;-0,0000;-4,6483;25,7883;279,3678;-30,0982;66,7283;-0,0000;-36,6301;279,3678;9;0
1,4840;-9,2370;56,2269;9,9808;-0,0000;23,7923;170,7630;405,000;-65,864;0,000;189,163;26,3472;-3,9098;8,6305;-0,0000;-4,7207;26,3472;279,5893;-29,3836;65,1649;0,0558;-35,7686;279,5307;9;0
1,4860;-9,1838;56,2190;9,9982;-0,0000;23,7828;170,8162;405,000;-65,478;0,000;193,163;26,9066;-3,9679;8,7593;0,0002;-4,7914;26,9064;279,8213;-28,6584;63,5778;0,0020;-34,9198;279,8193;9;0
1,4880;-9,1294;56,2110;10,0159;0,0000;23,7731;170,8706;405,000;-65,084;0,000;197,163;27,4665;-4,0245;8,8848;0,0000;-4,8604;27,4665;280,0581;-27,9207;61,9630;-0,0883;-34,0698;280,1503;9;0
1,4900;-9,0739;56,2029;10,0338;0,0000;23,7633;170,9261;405,000;-64,681;0,000;201,162;28,0269;-4,0796;9,0071;-0,0002;-4,9276;28,0270;280,2848;-27,1592;60,2955;-0,0070;-33,1345;280,2924;9;0
1,4920;-9,0173;56,1947;10,0519;0,0000;23,7534;170,9827;405,000;-64,271;0,000;205,163;28,5877;-4,1331;9,1260;-0,0000;-4,9929;28,5877;280,5165;-26,3857;58,6008;0,0409;-32,2010;280,4739;9;0
1,4940;-8,9595;56,1864;10,0703;-0,0000;23,7434;171,0405;405,000;-63,853;0,000;209,163;29,1489;-4,1851;9,2415;-0,0000;-5,0564;29,1489;280,7538;-25,6013;56,8820;0,0367;-31,2782;280,7149;9;0
1,4960;-8,9007;56,1779;10,0889;-0,0000;23,7332;171,0993;405,000;-63,426;0,000;213,163;29,7107;-4,2355;9,3536;0,0001;-5,1180;29,7106;280,9948;-24,8008;55,1273;0,0007;-30,3267;280,9942;9;0
1,4980;-8,8407;56,1694;10,1077;0,0000;23,7229;171,1593;405,000;-62,992;0,000;217,163;30,2729;-4,2843;9,4620;0,0000;-5,1777;30,2729;281,2394;-23,9866;53,3419;-0,0601;-29,3640;281,3021;9;0
1,5000;-8,7796;56,1608;10,1267;0,0000;23,7125;171,2204;405,000;-62,550;0,000;221,163;30,8356;-4,3314;9,5669;-0,0001;-5,2355;30,8358;281,4770;-23,1549;51,5175;-0,0034;-28,3621;281,4807;9;0
1,5020;-8,7174;56,1521;10,1460;0,0000;23,7020;171,2826;405,000;-62,099;0,000;225,163;31,3988;-4,3769;9,6681;-0,0000;-5,2912;31,3988;281,7179;-22,3093;49,6619;0,0285;-27,3477;281,6883;9;0
1,5040;-8,6540;56,1433;10,1654;-0,0000;23,6913;171,3460;405,000;-61,641;0,000;229,163;31,9625;-4,4207;9,7656;-0,0000;-5,3449;31,9625;281,9629;-21,4502;47,7759;0,0165;-26,3231;281,9450;9;0
1,5060;-8,5895;56,1344;10,1850;-0,0000;23,6806;171,4105;405,000;-61,175;0,000;233,163;32,5267;-4,4627;9,8592;0,0001;-5,3965;32,5266;282,2092;-20,5765;45,8573;0,0002;-25,2809;282,2089;9;0
1,5080;-8,5239;56,1254;10,2048;0,0000;23,6697;171,4761;405,000;-60,700;0,000;237,163;33,0913;-4,5030;9,9490;0,0000;-5,4460;33,0913;282,4568;-19,6887;43,9071;-0,0251;-24,2242;282,4841;9;0
1,5100;-8,4571;56,1164;10,2248;0,0000;23,6588;171,5429;405,000;-60,218;0,000;241,163;33,6565;-4,5415;10,0348;-0,0000;-5,4934;33,6566;282,7015;-18,7845;41,9200;-0,0004;-23,1355;282,7019;9;0
1,5120;-8,3893;56,1073;10,2450;0,0000;23,6478;171,6107;405,000;-59,728;0,000;245,163;34,2222;-4,5781;10,1167;-0,0000;-5,5386;34,2222;282,9515;-17,8666;39,9023;-0,0447;-22,0356;282,9995;9;0
1,5140;-8,3203;56,0981;10,2653;0,0000;23,6366;171,6797;405,000;-59,229;0,000;249,163;34,7883;-4,6129;10,1945;-0,0002;-5,5815;34,7886;283,1954;-16,9343;37,8519;0,0007;-20,9189;283,1948;9;0
1,5160;-8,2501;56,0888;10,2857;-0,0000;23,6254;171,7499;405,000;-58,723;0,000;253,162;35,3549;-4,6459;10,2681;0,0000;-5,6222;35,3549;283,4346;-15,9863;35,7665;0,1122;-19,7744;283,3137;9;0
1,5180;-8,1788;56,0795;10,3064;0,0000;23,6142;171,8212;405,000;-58,209;0,000;257,163;35,9221;-4,6769;10,3375;0,0002;-5,6606;35,9218;283,6894;-15,0255;33,6523;-0,0011;-18,6241;283,6905;9;0
1,5200;-8,1064;56,0701;10,3271;0,0000;23,6028;171,8936;405,000;-57,686;0,000;261,163;36,4897;-4,7060;10,4027;-0,0000;-5,6967;36,4897;283,9398;-14,0503;31,5048;-0,0561;-17,4574;284,0003;9;0
1,5220;-8,0329;56,0607;10,3480;-0,0000;23,5914;171,9671;405,000;-57,156;0,000;265,163;37,0578;-4,7331;10,4635;0,0000;-5,7305;37,0578;284,1858;-13,0599;29,3235;-0,0569;-16,2679;284,2491;9;0
1,5240;-7,9582;56,0512;10,3689;0,0000;23,5799;172,0418;405,000;-56,618;0,000;269,163;37,6264;-4,7582;10,5200;-0,0002;-5,7618;37,6267;284,4268;-12,0545;27,1084;0,0007;-15,0555;284,4261;9;0
1,5260;-7,8824;56,0416;10,3900;-0,0000;23,5683;172,1176;405,000;-56,071;0,000;273,162;38,1955;-4,7813;10,5720;0,0000;-5,7907;38,1955;284,6627;-11,0340;24,8592;0,1151;-13,8193;284,5350;9;0
1,5280;-7,8054;56,0321;10,4112;0,0000;23,5567;172,1946;405,000;-55,517;0,000;277,163;38,7651;-4,8023;10,6194;0,0002;-5,8171;38,7648;284,9135;-10,0007;22,5814;-0,0014;-12,5773;284,9150;9;0
1,5300;-7,7273;56,0224;10,4325;-0,0000;23,5451;172,2727;405,000;-54,955;0,000;281,163;39,3352;-4,8213;10,6623;-0,0000;-5,8410;39,3352;285,1588;-8,9532;20,2704;-0,0575;-11,3202;285,2227;9;0
1,5320;-7,6481;56,0128;10,4539;0,0000;23,5333;172,3519;405,000;-54,384;0,000;285,163;39,9057;-4,8382;10,7005;0,0000;-5,8624;39,9057;285,3943;-7,8901;17,9245;0,0003;-10,0362;285,3938;9;0
1,5340;-7,5677;56,0031;10,4753;0,0000;23,5216;172,4323;405,000;-53,806;0,000;289,163;40,4768;-4,8529;10,7340;-0,0000;-5,8811;40,4768;285,6319;-6,8127;15,5465;-0,0000;-8,7338;285,6319;9;0
1,5360;-7,4862;55,9934;10,4968;-0,0000;23,5098;172,5138;405,000;-53,220;0,000;293,163;41,0483;-4,8654;10,7627;-0,0000;-5,8973;41,0483;285,8670;-5,7211;13,1359;0,0037;-7,4146;285,8631;9;0
1,5380;-7,4035;55,9836;10,5184;-0,0000;23,4980;172,5965;405,000;-52,625;0,000;297,163;41,6202;-4,8758;10,7865;0,0000;-5,9108;41,6202;286,1003;-4,6151;10,6928;0,0000;-6,0777;286,1002;9;0
1,5400;-7,3197;55,9739;10,5400;0,0000;23,4862;172,6803;405,000;-52,023;0,000;301,163;42,1927;-4,8839;10,8055;0,0000;-5,9216;42,1927;286,3310;-3,4947;8,2170;-0,0064;-4,7227;286,3380;9;0
1,5420;-7,2347;55,9641;10,5616;0,0000;23,4743;172,7653;405,000;-51,413;0,000;305,163;42,7655;-4,8897;10,8194;-0,0000;-5,9297;42,7656;286,5579;-2,3599;5,7082;-0,0000;-3,3483;286,5580;9;0
1,5440;-7,1486;55,9543;10,5832;-0,0000;23,4625;172,8514;405,000;-50,794;0,000;309,163;43,3389;-4,8933;10,8283;0,0000;-5,9350;43,3389;286,7819;-1,2107;3,1668;0,0030;-1,9559;286,7786;9;0
1,5460;-7,0614;55,9445;10,6049;0,0000;23,4506;172,9386;405,000;-50,168;0,000;313,163;43,9127;-4,8946;10,8321;0,0000;-5,9375;43,9127;287,0029;-0,0471;0,5927;-0,0005;-0,5456;287,0035;9;0
1,5480;-6,9730;55,9347;10,6266;0,0000;23,4387;173,0270;405,000;-49,534;0,000;317,163;44,4869;-4,8935;10,8307;-0,0000;-5,9372;44,4869;287,2200;1,1308;-2,0141;-0,0000;0,8833;287,2200;9;0
1,5500;-6,8834;55,9249;10,6482;-0,0000;23,4268;173,1166;405,000;-48,891;0,000;321,163;45,0616;-4,8900;10,8240;-0,0000;-5,9340;45,0616;287,4326;2,3231;-4,6537;0,0066;2,3310;287,4254;9;0
1,5520;-6,7927;55,9152;10,6699;-0,0000;23,4150;173,2073;405,000;-48,241;0,000;325,163;45,6366;-4,8842;10,8121;0,0000;-5,9279;45,6366;287,6419;3,5297;-7,3258;0,0001;3,7962;287,6418;9;0
1,5540;-6,7009;55,9054;10,6915;0,0000;23,4031;173,2991;405,000;-47,583;0,000;329,163;46,2121;-4,8759;10,7947;0,0000;-5,9188;46,2121;287,8471;4,7505;-10,0305;-0,0119;5,2792;287,8600;9;0
1,5560;-6,6079;55,8956;10,7130;0,0000;23,3913;173,3921;405,000;-46,916;0,000;333,163;46,7880;-4,8652;10,7719;-0,0000;-5,9067;46,7880;288,0459;5,9859;-12,7685;-0,0013;6,7826;288,0473;9;0
1,5580;-6,5137;55,8859;10,7346;0,0000;23,3795;173,4863;405,000;-46,242;0,000;337,163;47,3643;-4,8520;10,7436;-0,0000;-5,8917;47,3643;288,2399;7,2356;-15,5391;0,0057;8,3039;288,2337;9;0
1,5600;-6,4184;55,8762;10,7560;-0,0000;23,3677;173,5816;405,000;-45,560;0,000;341,163;47,9410;-4,8363;10,7098;-0,0000;-5,8735;47,9410;288,4280;8,4998;-18,3428;0,0195;9,8448;288,4068;9;0
1,5620;-6,3220;55,8666;10,7774;-0,0000;23,3560;173,6780;405,000;-44,870;0,000;345,163;48,5180;-4,8180;10,6703;0,0001;-5,8523;48,5179;288,6129;9,7778;-21,1780;0,0006;11,3999;288,6122;9;0
1,5640;-6,2243;55,8570;10,7987;0,0000;23,3443;173,7757;405,000;-44,171;0,000;349,163;49,0954;-4,7971;10,6251;0,0000;-5,8279;49,0954;288,7929;11,0699;-24,0453;-0,0354;12,9716;288,8315;9;0
1,5660;-6,1256;55,8474;10,8199;0,0000;23,3327;173,8744;405,000;-43,465;0,000;353,163;49,6732;-4,7737;10,5741;-0,0001;-5,8004;49,6733;288,9622;12,3775;-26,9481;-0,0094;14,5711;288,9725;9;0
1,5680;-6,0256;55,8379;10,8410;0,0000;23,3211;173,9744;405,000;-42,751;0,000;357,163;50,2513;-4,7476;10,5173;-0,0000;-5,7696;50,2513;289,1251;13,6990;-29,8828;0,0170;16,1856;289,1066;9;0
1,5700;-5,9246;55,8284;10,8620;-0,0000;23,3096;174,0754;405,000;-42,028;0,000;361,163;50,8297;-4,7189;10,4546;-0,0000;-5,7356;50,8297;289,2830;15,0343;-32,8489;0,0172;17,8143;289,2643;9;0
1,5720;-5,8223;55,8190;10,8828;-0,0000;23,2982;174,1777;405,000;-41,298;0,000;365,163;51,4084;-4,6875;10,3859;0,0000;-5,6984;51,4084;289,4348;16,3843;-35,8486;0,0003;19,4644;289,4345;9;0
1,5740;-5,7189;55,8097;10,9035;-0,0000;23,2868;174,2811;405,000;-40,560;0,000;369,163;51,9874;-4,6534;10,3112;0,0000;-5,6578;51,9874;289,5786;17,7485;-38,8809;-0,0083;21,1324;289,5876;9;0
1,5760;-5,6144;55,8004;10,9241;-0,0000;23,2756;174,3856;405,000;-39,813;0,000;373,163;52,5667;-4,6165;10,2304;0,0000;-5,6138;52,5667;289,7166;19,1269;-41,9455;-0,0474;22,8171;289,7676;9;0
1,5780;-5,5087;55,7912;10,9444;0,0000;23,2644;174,4913;405,000;-39,059;0,000;377,163;53,1463;-4,5769;10,1434;-0,0002;-5,5665;53,1465;289,8405;20,5199;-45,0437;-0,0000;24,5217;289,8406;9;0
1,5800;-5,4018;55,7821;10,9646;-0,0000;23,2533;174,5982;405,000;-38,297;0,000;381,162;53,7261;-4,5344;10,0502;0,0000;-5,5158;53,7261;289,9526;21,9278;-48,1755;0,0946;26,2506;289,8510;9;0
1,5820;-5,2938;55,7731;10,9846;0,0000;23,2423;174,7062;405,000;-37,526;0,000;385,163;54,3061;-4,4892;9,9507;0,0002;-5,4615;54,3059;290,0698;23,3494;-51,3383;-0,0093;27,9931;290,0783;9;0
1,5840;-5,1846;55,7641;11,0044;0,0000;23,2314;174,8154;405,000;-36,748;0,000;389,163;54,8864;-4,4410;9,8448;-0,0000;-5,4038;54,8864;290,1733;24,7848;-54,5336;-0,0475;29,7474;290,2243;9;0
1,5860;-5,0742;55,7553;11,0240;-0,0000;23,2207;174,9258;405,000;-35,962;0,000;393,163;55,4668;-4,3900;9,7325;-0,0000;-5,3425;55,4668;290,2600;26,2352;-57,7630;0,0186;31,5257;290,2429;9;0
1,5880;-4,9627;55,7466;11,0434;-0,0000;23,2101;175,0373;405,000;-35,167;0,000;397,163;56,0474;-4,3361;9,6138;0,0000;-5,2777;56,0474;290,3425;27,7002;-61,0250;0,0041;33,3252;290,3380;9;0
1,5900;-4,8500;55,7379;11,0625;-0,0000;23,1996;175,1500;405,000;-34,365;0,000;401,163;56,6282;-4,2792;9,4884;0,0000;-5,2092;56,6281;290,4147;29,1792;-64,3194;-0,0092;35,1401;290,4231;9;0
1,5920;-4,7362;55,7294;11,0813;0,0000;23,1892;175,2638;405,000;-33,555;0,000;405,163;57,2091;-4,2194;9,3565;0,0000;-5,1371;57,2091;290,4754;30,6727;-67,6466;-0,0076;36,9734;290,4838;9;0
1,5940;-4,6212;55,7211;11,0999;0,0000;23,1790;175,3788;405,000;-32,736;0,000;409,163;57,7901;-4,1565;9,2179;-0,0000;-5,0613;57,7901;290,5249;32,1807;-71,0069;-0,0028;38,8262;290,5279;9;0
1,5960;-4,5050;55,7128;11,1182;0,0000;23,1690;175,4950;405,000;-31,910;0,000;413,163;58,3712;-4,0906;9,0725;-0,0000;-4,9818;58,3712;290,5631;33,7031;-74,4000;0,0037;40,6970;290,5591;9;0
1,5980;-4,3877;55,7047;11,1362;-0,0000;23,1591;175,6123;405,000;-31,076;0,000;417,163;58,9523;-4,0217;8,9203;-0,0000;-4,8985;58,9523;290,5901;35,2399;-77,8256;0,0053;42,5857;290,5843;9;0
1,6000;-4,2692;55,6967;11,1539;-0,0000;23,1494;175,7308;405,000;-30,233;0,000;421,163;59,5335;-3,9497;8,7612;0,0000;-4,8115;59,5335;290,6054;36,7912;-81,2843;0,0021;44,4933;290,6031;9;0
1,6020;-4,1496;55,6889;11,1712;-0,0000;23,1399;175,8504;405,000;-29,383;0,000;425,163;60,1147;-3,8745;8,5951;0,0000;-4,7206;60,1147;290,6085;38,3569;-84,7757;-0,0025;46,4188;290,6112;9;0
1,6040;-4,0288;55,6812;11,1883;0,0000;23,1305;175,9712;405,000;-28,525;0,000;429,163;60,6960;-3,7963;8,4221;0,0000;-4,6258;60,6960;290,5986;39,9371;-88,2998;-0,0040;48,3625;290,6030;9;0
1,6060;-3,9068;55,6737;11,2049;0,0000;23,1214;176,0932;405,000;-27,658;0,000;433,163;61,2771;-3,7148;8,2419;-0,0000;-4,5271;61,2771;290,5754;41,5319;-91,8570;-0,0023;50,3252;290,5779;9;0
1,6080;-3,7837;55,6664;11,2212;0,0000;23,1124;176,2163;405,000;-26,784;0,000;437,163;61,8583;-3,6301;8,0546;-0,0000;-4,4245;61,8583;290,5386;43,1412;-95,4470;0,0019;52,3059;290,5365;9;0
1,6100;-3,6594;55,6592;11,2371;-0,0000;23,1037;176,3406;405,000;-25,902;0,000;441,163;62,4393;-3,5422;7,8601;-0,0000;-4,3179;62,4393;290,4880;44,7650;-99,0697;0,0044;54,3046;290,4833;9;0
1,6120;-3,5339;55,6522;11,2527;-0,0000;23,0951;176,4661;405,000;-25,011;0,000;445,163;63,0202;-3,4511;7,6584;0,0000;-4,2073;63,0202;290,4235;46,4035;-102,7254;0,0031;56,3221;290,4202;9;0
1,6140;-3,4073;55,6454;11,2678;-0,0000;23,0868;176,5927;405,000;-24,113;0,000;449,163;63,6010;-3,3566;7,4492;0,0000;-4,0926;63,6010;290,3447;48,0565;-106,4139;-0,0021;58,3574;290,3469;9;0
1,6160;-3,2795;55,6388;11,2825;0,0000;23,0788;176,7205;405,000;-23,207;0,000;453,163;64,1816;-3,2588;7,2327;0,0000;-3,9739;64,1816;290,2507;49,7241;-110,1351;-0,0059;60,4107;290,2571;9;0
1,6180;-3,1506;55,6324;11,2967;0,0000;23,0709;176,8494;405,000;-22,292;0,000;457,163;64,7620;-3,1577;7,0087;-0,0000;-3,8510;64,7620;290,1410;51,4066;-113,8895;-0,0059;62,4830;290,1474;9;0
1,6200;-3,0204;55,6261;11,3105;0,0000;23,0634;176,9796;405,000;-21,370;0,000;461,163;65,3422;-3,0532;6,7771;-0,0000;-3,7239;65,3422;290,0150;53,1036;-117,6767;0,0027;64,5731;290,0120;9;0
1,6220;-2,8892;55,6201;11,3238;-0,0000;23,0560;177,1108;405,000;-20,440;0,000;465,163;65,9220;-2,9453;6,5380;-0,0000;-3,5927;65,9220;289,8727;54,8154;-121,4966;0,0114;66,6811;289,8603;9;0
1,6240;-2,7568;55,6144;11,3366;-0,0000;23,0490;177,2432;405,000;-19,501;0,000;469,163;66,5016;-2,8340;6,2912;0,0000;-3,4572;66,5016;289,7144;56,5420;-125,3497;0,0133;68,8082;289,6999;9;0
1,6260;-2,6232;55,6088;11,3490;-0,0000;23,0422;177,3768;405,000;-18,555;0,000;473,163;67,0809;-2,7191;6,0366;0,0001;-3,3174;67,0808;289,5404;58,2833;-129,2354;-0,0051;70,9518;289,5460;9;0
1,6280;-2,4884;55,6035;11,3608;0,0000;23,0357;177,5116;405,000;-17,601;0,000;477,163;67,6598;-2,6008;5,7742;0,0000;-3,1734;67,6598;289,3492;60,0394;-133,1538;-0,0260;73,1135;289,3776;9;0
1,6300;-2,3525;55,5984;11,3721;0,0000;23,0295;177,6475;405,000;-16,638;0,000;481,163;68,2383;-2,4790;5,5040;-0,0001;-3,0250;68,2384;289,1401;61,8108;-137,1061;-0,0468;75,2965;289,1913;9;0
1,6320;-2,2155;55,5936;11,3828;0,0000;23,0236;177,7845;405,000;-15,668;0,000;485,163;68,8164;-2,3536;5,2258;-0,0002;-2,8722;68,8166;288,9074;63,5964;-141,0902;0,0105;77,4909;288,8958;9;0
1,6340;-2,0773;55,5890;11,3930;-0,0000;23,0180;177,9227;405,000;-14,690;0,000;489,162;69,3939;-2,2246;4,9396;-0,0000;-2,7150;69,3939;288,6546;65,3974;-145,1074;0,0921;79,7083;288,5540;9;0
1,6360;-1,9379;55,5847;11,4026;-0,0000;23,0128;178,0621;405,000;-13,703;0,000;493,163;69,9710;-2,0920;4,6454;0,0002;-2,5534;69,9708;266,3020;67,7786;-150,4121;0,0047;82,6402;266,2970;9;0
1,6380;-1,7974;55,5806;11,4116;0,0000;23,0078;178,2026;405,000;-12,709;0,000;497,163;70,4591;-1,9535;4,3380;0,0000;-2,3845;70,4591;174,7840;71,6905;-159,1175;-0,0566;87,4279;174,8458;9;0
1,6400;-1,6561;55,5769;11,4199;0,0000;23,0032;178,3439;405,000;-11,709;0,000;499,912;70,6701;-1,8052;4,0089;-0,0000;-2,2037;70,6702;56,7058;75,5815;-167,7761;-0,0028;92,1910;56,7088;9;0
1,6420;-1,5147;55,5734;11,4276;-0,0000;22,9990;178,4853;405,000;-10,709;0,000;500,000;70,6860;-1,6512;3,6669;-0,0000;-2,0157;70,6860;6,1585;77,0758;-171,1107;0,0214;94,0346;6,1352;9;0
1,6440;-1,3733;55,5703;11,4346;-0,0000;22,9952;178,6267;405,000;-9,709;0,000;500,000;70,6948;-1,4969;3,3244;0,0000;-1,8275;70,6947;4,1785;77,1114;-171,2050;0,0539;94,0957;4,1192;9;0
1,6460;-1,2319;55,5674;11,4409;-0,0000;22,9917;178,7681;405,000;-8,709;0,000;500,000;70,7027;-1,3427;2,9820;0,0002;-1,6393;70,7024;3,7530;77,1036;-171,2023;-0,0066;94,0941;3,7603;9;0
1,6480;-1,0905;55,5649;11,4465;0,0000;22,9886;178,9095;405,000;-7,709;0,000;500,000;70,7098;-1,1885;2,6396;0,0000;-1,4511;70,7097;3,3295;77,0973;-171,2001;-0,1067;94,0990;3,4469;9;0
1,6500;-0,9491;55,5627;11,4515;0,0000;22,9859;179,0509;405,000;-6,709;0,000;500,000;70,7160;-1,0343;2,2972;-0,0002;-1,2629;70,7162;2,8919;77,0934;-171,2010;-0,0082;94,1169;2,9004;9;0
1,6520;-0,8077;55,5607;11,4557;-0,0000;22,9835;179,1923;405,000;-5,709;0,000;500,000;70,7213;-0,8801;1,9548;-0,0000;-1,0747;70,7213;2,4547;77,0881;-171,1998;0,0929;94,1143;2,3530;9;0
1,6540;-0,6662;55,5591;11,4593;-0,0000;22,9816;179,3338;405,000;-4,709;0,000;500,000;70,7258;-0,7260;1,6124;0,0002;-0,8865;70,7256;2,0302;77,0831;-171,1973;0,0063;94,1071;2,0236;9;0
1,6560;-0,5247;55,5578;11,4622;0,0000;22,9800;179,4753;405,000;-3,709;0,000;500,000;70,7295;-0,5718;1,2700;0,0000;-0,6982;70,7294;1,6048;77,0804;-171,1968;-0,0791;94,1149;1,6908;9;0
1,6580;-0,3833;55,5569;11,4644;0,0000;22,9788;179,6167;405,000;-2,709;0,000;500,000;70,7322;-0,4176;0,9277;-0,0002;-0,5100;70,7324;1,1684;77,0787;-171,1974;-0,0044;94,1237;1,1730;9;0
1,6600;-0,2418;55,5562;11,4659;-0,0000;22,9780;179,7582;405,000;-1,709;0,000;500,000;70,7341;-0,2635;0,5853;-0,0000;-0,3218;70,7341;0,7344;77,0766;-171,1967;0,0395;94,1209;0,6914;9;0
1,6620;-0,1003;55,5558;11,4667;-0,0000;22,9775;179,8997;405,000;-0,709;0,000;500,000;70,7352;-0,1093;0,2429;0,0000;-0,1335;70,7352;0,3058;77,0754;-171,1961;0,0023;94,1184;0,3033;9;0
1,6640;0,0411;55,5557;11,4668;-0,0000;22,9774;180,0411;405,000;0,291;0,000;500,000;70,7354;0,0448;-0,0995;0,0000;0,0547;70,7353;-0,1254;77,0754;-171,1962;0,0001;94,1208;-0,1255;9;0
1,6660;0,1826;55,5560;11,4663;0,0000;22,9777;180,1826;405,000;1,291;0,000;500,000;70,7347;0,1990;-0,4419;0,0000;0,2430;70,7347;-0,5566;77,0760;-171,1961;-0,0002;94,1196;-0,5564;9;0
1,6680;0,3241;55,5565;11,4651;0,0000;22,9784;180,3241;405,000;2,291;0,000;500,000;70,7331;0,3531;-0,7843;0,0000;0,4312;70,7331;-0,9877;77,0774;-171,1966;-0,0003;94,1192;-0,9874;9;0
1,6700;0,4655;55,5574;11,4632;0,0000;22,9794;180,4655;405,000;3,291;0,000;500,000;70,7307;0,5073;-1,1267;-0,0000;0,6194;70,7307;-1,4164;77,0797;-171,1974;-0,0354;94,1187;-1,3780;9;0
1,6720;0,6070;55,5586;11,4606;0,0000;22,9809;180,6070;405,000;4,291;0,000;500,000;70,7275;0,6614;-1,4691;-0,0001;0,8077;70,7276;-1,8499;77,0822;-171,1976;-0,0017;94,1134;-1,8481;9;0
1,6740;0,7484;55,5600;11,4573;-0,0000;22,9827;180,7484;405,000;5,291;0,000;500,000;70,7233;0,8156;-1,8115;-0,0000;0,9959;70,7233;-2,2857;77,0858;-171,1981;0,0707;94,1110;-2,3624;9;0
1,6760;0,8899;55,5618;11,4533;-0,0000;22,9849;180,8899;405,000;6,291;0,000;500,000;70,7183;0,9698;-2,1539;0,0001;1,1841;70,7182;-2,7116;77,0908;-171,2000;0,0037;94,1132;-2,7155;9;0
1,6780;1,0313;55,5639;11,4487;0,0000;22,9874;181,0313;405,000;7,291;0,000;500,000;70,7125;1,1240;-2,4963;0,0000;1,3723;70,7125;-3,1396;77,0956;-171,2010;-0,0351;94,1060;-3,1015;9;0
1,6800;1,1727;55,5663;11,4433;-0,0000;22,9903;181,1727;405,000;8,291;0,000;500,000;70,7058;1,2782;-2,8387;0,0000;1,5605;70,7058;-3,5722;77,1012;-171,2019;-0,0018;94,0987;-3,5703;9;0
1,6820;1,3141;55,5690;11,4373;0,0000;22,9937;181,3141;405,000;9,291;0,000;500,000;70,6982;1,4324;-3,1811;0,0000;1,7487;70,6982;-3,9988;77,1083;-171,2041;-0,0505;94,0970;-3,9438;9;0
1,6840;1,4555;55,5720;11,4306;0,0000;22,9973;181,4555;405,000;10,291;0,000;500,000;70,6898;1,5866;-3,5235;-0,0002;1,9369;70,6900;-4,4319;77,1151;-171,2050;-0,0032;94,0859;-4,4286;9;0
1,6860;1,5969;55,5754;11,4232;-0,0000;23,0014;181,5969;405,000;11,291;0,000;500,000;70,6805;1,7408;-3,8659;-0,0000;2,1251;70,6805;-26,9556;76,4827;-169,7841;0,1006;93,2989;-27,0649;9;0
1,6880;1,7382;55,5790;11,4151;-0,0000;23,0058;181,7382;405,000;12,291;0,000;500,000;70,5819;1,8925;-4,2026;0,0002;2,3101;70,5817;-118,5576;73,6019;-163,3685;0,0064;89,7747;-118,5643;9;0
1,6900;1,8792;55,5829;11,4064;0,0000;23,0106;181,8792;405,000;13,288;0,000;498,750;70,2062;2,0352;-4,5194;0,0000;2,4842;70,2062;-236,5903;69,2511;-153,6904;-0,0502;84,4404;-236,5357;9;0
1,6920;2,0191;55,5872;11,3971;0,0000;23,0158;182,0191;405,000;14,278;0,000;494,837;69,6356;2,1695;-4,8174;0,0000;2,6479;69,6356;-287,0035;66,1972;-146,8914;-0,0032;80,6902;-287,0002;9;0
1,6940;2,1578;55,5916;11,3871;0,0000;23,0212;182,1578;405,000;15,260;0,000;490,837;69,0582;2,3000;-5,1070;0,0000;2,8069;69,0582;-288,8070;64,3488;-142,7683;-0,0003;78,4195;-288,8067;9;0
1,6960;2,2953;55,5964;11,3766;0,0000;23,0270;182,2953;405,000;16,233;0,000;486,837;68,4804;2,4269;-5,3885;-0,0000;2,9616;68,4804;-289,0435;62,5565;-138,7699;0,0002;76,2134;-289,0437;9;0
1,6980;2,4317;55,6013;11,3656;-0,0000;23,0331;182,4317;405,000;17,199;0,000;482,837;67,9020;2,5502;-5,6620;0,0000;3,1118;67,9020;-289,2615;60,7791;-134,8044;0,0002;74,0252;-289,2617;9;0
1,7000;2,5669;55,6066;11,3540;0,0000;23,0395;182,5669;405,000;18,157;0,000;478,837;67,3233;2,6700;-5,9277;0,0000;3,2577;67,3233;-289,4579;59,0170;-130,8725;-0,0524;71,8571;-289,4010;9;0
1,7020;2,7010;55,6120;11,3419;0,0000;23,0461;182,7010;405,000;19,106;0,000;474,837;66,7442;2,7863;-6,1855;-0,0002;3,3992;66,7444;-289,6440;57,2688;-126,9720;-0,0032;69,6994;-289,6406;9;0
1,7040;2,8339;55,6177;11,3292;-0,0000;23,0531;182,8339;405,000;20,048;0,000;470,837;66,1647;2,8991;-6,4356;-0,0000;3,5365;66,1647;-289,8166;55,5359;-123,1045;0,1043;67,5654;-289,9299;9;0
1,7060;2,9656;55,6236;11,3161;-0,0000;23,0603;182,9656;405,000;20,982;0,000;466,838;65,5849;3,0085;-6,6780;0,0002;3,6695;65,5847;-289,9580;53,8192;-119,2725;0,0063;65,4609;-289,9646;9;0
1,7080;3,0962;55,6297;11,3025;0,0000;23,0677;183,0962;405,000;21,907;0,000;462,837;65,0049;3,1144;-6,9127;0,0000;3,7983;65,0049;-290,0864;52,1155;-115,4715;-0,0522;63,3576;-290,0298;9;0
1,7100;3,2257;55,6361;11,2885;0,0000;23,0755;183,2257;405,000;22,825;0,000;458,837;64,4246;3,2169;-7,1398;-0,0000;3,9229;64,4246;-290,2062;50,4264;-111,7027;-0,0034;61,2729;-290,2026;9;0
1,7120;3,3539;55,6426;11,2740;0,0000;23,0834;183,3539;405,000;23,735;0,000;454,837;63,8441;3,3161;-7,3595;-0,0000;4,0434;63,8441;-290,3069;48,7529;-107,9678;0,0001;59,2149;-290,3070;9;0
1,7140;3,4810;55,6493;11,2590;-0,0000;23,0916;183,4810;405,000;24,636;0,000;450,837;63,2634;3,4119;-7,5717;-0,0000;4,1598;63,2634;-290,3963;47,0936;-104,2653;0,0563;57,1711;-290,4579;9;0
1,7160;3,6070;55,6562;11,2437;-0,0000;23,1001;183,6070;405,000;25,530;0,000;446,837;62,6825;3,5045;-7,7766;0,0002;4,2721;62,6822;-290,4631;45,4488;-100,5957;0,0015;55,1430;-290,4648;9;0
1,7180;3,7318;55,6633;11,2279;0,0000;23,1087;183,7318;405,000;26,416;0,000;442,838;62,1015;3,5937;-7,9741;0,0000;4,3803;62,1015;-290,5116;43,8192;-96,9596;-0,1119;53,1405;-290,3892;9;0
1,7200;3,8554;55,6706;11,2118;0,0000;23,1176;183,8554;405,000;27,293;0,000;438,837;61,5204;3,6797;-8,1644;-0,0002;4,4846;61,5207;-290,5615;42,2046;-93,3567;-0,0030;51,1600;-290,5583;9;0
1,7220;3,9778;55,6781;11,1953;-0,0000;23,1267;183,9778;405,000;28,163;0,000;434,837;60,9393;3,7625;-8,3475;-0,0000;4,5850;60,9393;-290,5950;40,6030;-89,7851;0,0684;49,1823;-290,6698;9;0
1,7240;4,0991;55,6857;11,1784;-0,0000;23,1359;184,0991;405,000;29,025;0,000;430,837;60,3581;3,8422;-8,5235;0,0001;4,6814;60,3580;-290,6057;39,0162;-86,2466;0,0018;47,2262;-290,6077;9;0
1,7260;4,2193;55,6934;11,1612;0,0000;23,1454;184,2193;405,000;29,878;0,000;426,837;59,7768;3,9186;-8,6925;0,0000;4,7739;59,7768;-290,6065;37,4448;-82,7419;-0,0251;45,2969;-290,5791;9;0
1,7280;4,3382;55,7013;11,1436;0,0000;23,1550;184,3382;405,000;30,724;0,000;422,837;59,1956;3,9919;-8,8545;-0,0001;4,8626;59,1957;-290,5959;35,8879;-79,2703;-0,0339;43,3847;-290,5578;9;0
1,7300;4,4561;55,7094;11,1258;0,0000;23,1648;184,4561;405,000;31,562;0,000;418,837;58,6145;4,0622;-9,0096;-0,0001;4,9474;58,6146;-290,5770;34,3446;-75,8300;0,0109;41,4842;-290,5889;9;0
1,7320;4,5727;55,7176;11,1076;-0,0000;23,1748;184,5727;405,000;32,391;0,000;414,837;58,0333;4,1293;-9,1578;-0,0000;5,0285;58,0333;-290,5470;32,8156;-72,4220;0,0670;39,6022;-290,6223;9;0
1,7340;4,6882;55,7259;11,0891;-0,0000;23,1849;184,6882;405,000;33,213;0,000;410,837;57,4523;4,1934;-9,2993;0,0001;5,1058;57,4521;-290,4971;31,3026;-69,0497;0,0032;37,7496;-290,5005;9;0
1,7360;4,8025;55,7344;11,0704;0,0000;23,1952;184,8025;405,000;34,027;0,000;406,837;56,8713;4,2545;-9,4340;0,0000;5,1795;56,8713;-290,4368;29,8032;-65,7095;-0,0576;35,9093;-290,3729;9;0
1,7380;4,9157;55,7429;11,0514;0,0000;23,2057;184,9157;405,000;34,832;0,000;402,837;56,2905;4,3126;-9,5621;-0,0001;5,2495;56,2906;-290,3738;28,3174;-62,4000;-0,0024;34,0808;-290,3713;9;0
1,7400;5,0277;55,7516;11,0322;-0,0000;23,2162;185,0277;405,000;35,630;0,000;398,837;55,7098;4,3678;-9,6836;-0,0000;5,3158;55,7098;-290,3000;26,8465;-59,1238;0,0481;32,2751;-290,3523;9;0
1,7420;5,1385;55,7604;11,0127;-0,0000;23,2269;185,1385;405,000;36,420;0,000;394,837;55,1293;4,4200;-9,7986;0,0001;5,3786;55,1292;-290,2139;25,3908;-55,8825;0,0657;30,4944;-290,2864;9;0
1,7440;5,2482;55,7693;10,9930;-0,0000;23,2377;185,2482;405,000;37,201;0,000;390,837;54,5490;4,4694;-9,9071;0,0003;5,4378;54,5487;-290,1109;23,9482;-52,6720;-0,0217;28,7209;-290,0872;9;0
1,7460;5,3567;55,7783;10,9730;0,0000;23,2487;185,3567;405,000;37,975;0,000;386,838;53,9689;4,5158;-10,0093;0,0000;5,4935;53,9689;-289,9974;22,5203;-49,4938;-0,1291;26,9700;-289,8547;9;0
1,7480;5,4641;55,7874;10,9529;0,0000;23,2597;185,4641;405,000;38,741;0,000;382,837;53,3890;4,5594;-10,1051;-0,0003;5,5457;53,3893;-289,8912;21,1083;-46,3514;-0,0045;25,2511;-289,8865;9;0
1,7500;5,5703;55,7965;10,9326;-0,0000;23,2709;185,5703;405,000;39,498;0,000;378,837;52,8093;4,6003;-10,1947;-0,0000;5,5945;52,8093;-289,7726;19,7088;-43,2394;0,0726;23,5321;-289,8527;9;0
1,7520;5,6753;55,8058;10,9121;-0,0000;23,2821;185,6753;405,000;40,248;0,000;374,837;52,2299;4,6383;-10,2781;0,0000;5,6398;52,2299;-289,6357;18,3235;-40,1597;0,0024;21,8321;-289,6382;9;0
1,7540;5,7792;55,8151;10,8915;0,0000;23,2934;185,7792;405,000;40,990;0,000;370,837;51,6508;4,6735;-10,3553;0,0000;5,6818;51,6508;-289,4945;16,9537;-37,1141;-0,0167;20,1604;-289,4763;9;0
1,7560;5,8819;55,8245;10,8707;0,0000;23,3048;185,8819;405,000;41,723;0,000;366,837;51,0719;4,7061;-10,4265;-0,0000;5,7204;51,0720;-289,3481;15,5977;-34,1008;-0,0002;18,5031;-289,3479;9;0
1,7580;5,9835;55,8339;10,8498;0,0000;23,3163;185,9835;405,000;42,449;0,000;362,837;50,4934;4,7359;-10,4917;-0,0000;5,7558;50,4934;-289,1939;14,2561;-31,1201;0,0085;16,8640;-289,2031;9;0
1,7600;6,0839;55,8434;10,8288;-0,0000;23,3278;186,0839;405,000;43,167;0,000;358,837;49,9152;4,7631;-10,5510;0,0000;5,7879;49,9152;-289,0314;12,9288;-28,1723;0,0001;15,2434;-289,0315;9;0
1,7620;6,1831;55,8530;10,8076;0,0000;23,3394;186,1831;405,000;43,876;0,000;354,837;49,3373;4,7877;-10,6044;0,0000;5,8168;49,3373;-288,8620;11,6160;-25,2575;-0,0121;13,6422;-288,8489;9;0
1,7640;6,2812;55,8626;10,7863;0,0000;23,3511;186,2812;405,000;44,578;0,000;350,837;48,7597;4,8096;-10,6520;-0,0000;5,8425;48,7598;-288,6879;10,3173;-22,3749;-0,0002;12,0576;-288,6877;9;0
1,7660;6,3782;55,8722;10,7650;-0,0000;23,3628;186,3782;405,000;45,272;0,000;346,837;48,1825;4,8289;-10,6939;-0,0000;5,8650;48,1825;-288,5086;9,0327;-19,5249;0,0236;10,4907;-288,5343;9;0
1,7680;6,4740;55,8819;10,7436;-0,0000;23,3746;186,4740;405,000;45,957;0,000;342,837;47,6057;4,8457;-10,7301;0,0000;5,8844;47,6056;-288,3202;7,7630;-16,7085;0,0006;8,9457;-288,3208;9;0
1,7700;6,5686;55,8916;10,7221;-0,0000;23,3864;186,5686;405,000;46,635;0,000;338,837;47,0292;4,8600;-10,7608;0,0000;5,9008;47,0292;-288,1270;6,5075;-13,9246;-0,0117;7,4178;-288,1143;9;0
1,7720;6,6621;55,9013;10,7005;0,0000;23,3982;186,6621;405,000;47,305;0,000;334,837;46,4532;4,8717;-10,7858;0,0000;5,9141;46,4532;-287,9298;5,2661;-11,1731;-0,0087;5,9075;-287,9203;9;0
1,7740;6,7544;55,9111;10,6789;0,0000;23,4100;186,7544;405,000;47,967;0,000;330,837;45,8775;4,8810;-10,8055;-0,0000;5,9244;45,8775;-287,7280;4,0391;-8,4543;-0,0001;4,4152;-287,7279;9;0
1,7760;6,8456;55,9208;10,6573;-0,0000;23,4219;186,8456;405,000;48,620;0,000;326,837;45,3023;4,8879;-10,8197;-0,0000;5,9318;45,3023;-287,5222;2,8263;-5,7680;0,0164;2,9406;-287,5401;9;0
1,7780;6,9356;55,9306;10,6356;-0,0000;23,4337;186,9356;405,000;49,266;0,000;322,837;44,7274;4,8923;-10,8285;0,0000;5,9362;44,7274;-287,3101;1,6282;-3,1151;0,0060;1,4869;-287,3165;9;0
1,7800;7,0245;55,9404;10,6140;-0,0000;23,4456;187,0245;405,000;49,904;0,000;318,837;44,1530;4,8944;-10,8321;0,0000;5,9377;44,1530;-287,0937;0,4443;-0,4948;-0,0081;0,0510;-287,0848;9;0
1,7820;7,1122;55,9502;10,5923;0,0000;23,4575;187,1122;405,000;50,533;0,000;314,837;43,5790;4,8941;-10,8305;0,0000;5,9364;43,5790;-286,8742;-0,7253;2,0931;-0,0116;-1,3678;-286,8617;9;0
1,7840;7,1988;55,9600;10,5707;0,0000;23,4694;187,1988;405,000;51,155;0,000;310,837;43,0055;4,8915;-10,8238;-0,0000;5,9322;43,0055;-286,6521;-1,8805;4,6482;-0,0014;-2,7675;-286,6505;9;0
1,7860;7,2843;55,9698;10,5490;0,0000;23,4812;187,2843;405,000;51,769;0,000;306,837;42,4324;4,8866;-10,8119;-0,0000;5,9253;42,4324;-286,4265;-3,0213;7,1706;0,0057;-4,1493;-286,4327;9;0
1,7880;7,3685;55,9795;10,5274;-0,0000;23,4931;187,3685;405,000;52,374;0,000;302,837;41,8598;4,8794;-10,7951;-0,0000;5,9156;41,8598;-286,2008;-4,1474;9,6594;0,0533;-5,5095;-286,2586;9;0
1,7900;7,4517;55,9893;10,5058;-0,0000;23,5049;187,4517;405,000;52,972;0,000;298,837;41,2876;4,8700;-10,7733;0,0002;5,9033;41,2874;-285,9651;-5,2600;12,1173;0,0014;-6,8587;-285,9666;9;0
1,7920;7,5337;55,9990;10,4843;0,0000;23,5167;187,5337;405,000;53,562;0,000;294,838;40,7159;4,8584;-10,7466;0,0000;5,8882;40,7159;-285,7235;-6,3583;14,5433;-0,1025;-8,1904;-285,6124;9;0
1,7940;7,6146;56,0087;10,4629;0,0000;23,5284;187,6146;405,000;54,143;0,000;290,837;40,1447;4,8446;-10,7151;-0,0002;5,8705;40,1450;-285,4957;-7,4395;16,9306;0,0224;-9,4828;-285,5142;9;0
1,7960;7,6943;56,0184;10,4415;-0,0000;23,5402;187,6943;405,000;54,717;0,000;286,837;39,5740;4,8286;-10,6789;0,0001;5,8503;39,5739;-285,2588;-8,5091;19,2906;0,0515;-10,7790;-285,3146;9;0
1,7980;7,7729;56,0280;10,4201;0,0000;23,5518;187,7729;405,000;55,283;0,000;282,837;39,0037;4,8105;-10,6379;0,0000;5,8274;39,0037;-285,0112;-9,5658;21,6216;-0,0490;-12,0682;-284,9701;9;0
1,8000;7,8503;56,0376;10,3989;0,0000;23,5635;187,8503;405,000;55,840;0,000;278,837;38,4339;4,7904;-10,5924;-0,0001;5,8020;38,4340;-284,7715;-10,6034;23,9100;-0,0162;-13,3034;-284,7533;9;0
1,8020;7,9266;56,0472;10,3778;0,0000;23,5750;187,9266;405,000;56,390;0,000;274,837;37,8646;4,7681;-10,5423;-0,0001;5,7742;37,8647;-284,5308;-11,6285;26,1696;0,0249;-14,5358;-284,5517;9;0
1,8040;8,0017;56,0567;10,3567;-0,0000;23,5866;188,0017;405,000;56,932;0,000;270,837;37,2958;4,7438;-10,4877;-0,0000;5,7439;37,2958;-284,2864;-12,6413;28,4013;0,0294;-15,7656;-284,3201;9;0
1,8060;8,0758;56,0662;10,3358;-0,0000;23,5980;188,0758;405,000;57,465;0,000;266,837;36,7275;4,7176;-10,4287;0,0001;5,7111;36,7274;-284,0393;-13,6369;30,5946;0,0062;-16,9575;-284,0460;9;0
1,8080;8,1487;56,0756;10,3150;-0,0000;23,6094;188,1487;405,000;57,991;0,000;262,837;36,1596;4,6893;-10,3653;0,0000;5,6760;36,1596;-283,7916;-14,6185;32,7561;-0,0142;-18,1349;-283,7753;9;0
1,8100;8,2204;56,0849;10,2944;0,0000;23,6207;188,2204;405,000;58,509;0,000;258,837;35,5923;4,6591;-10,2977;0,0000;5,6386;35,5923;-283,5392;-15,5785;34,8690;-0,0953;-19,2403;-283,4344;9;0
1,8120;8,2910;56,0942;10,2738;0,0000;23,6320;188,2910;405,000;59,018;0,000;254,837;35,0255;4,6270;-10,2259;-0,0004;5,5991;35,0259;-283,2975;-16,5400;36,9845;-0,0204;-20,4472;-283,2769;9;0
1,8140;8,3605;56,1034;10,2535;-0,0000;23,6431;188,3605;405,000;59,520;0,000;250,837;34,4591;4,5929;-10,1497;-0,0001;5,5568;34,4592;-283,0640;-17,4941;39,0832;0,1733;-21,6895;-283,2547;9;0
1,8160;8,4289;56,1126;10,2332;-0,0000;23,6542;188,4289;405,000;60,014;0,000;246,838;33,8932;4,5570;-10,0695;0,0003;5,5123;33,8929;-282,8077;-18,4012;41,0775;0,0407;-22,6710;-282,8487;9;0
1,8180;8,4961;56,1217;10,2132;0,0000;23,6652;188,4961;405,000;60,499;0,000;242,837;33,3279;4,5193;-9,9854;0,0001;5,4661;33,3278;-282,5522;-19,3033;43,0603;-0,0851;-23,7064;-282,4584;9;0
1,8200;8,5622;56,1307;10,1933;0,0000;23,6761;188,5622;405,000;60,977;0,000;238,837;32,7630;4,4798;-9,8973;-0,0000;5,4175;32,7630;-282,3106;-20,2066;45,0450;-0,0204;-24,8410;-282,2901;9;0
1,8220;8,6271;56,1396;10,1736;-0,0000;23,6868;188,6271;405,000;61,447;0,000;234,837;32,1986;4,4385;-9,8052;-0,0000;5,3668;32,1986;-282,0676;-21,0864;46,9771;0,0144;-25,8905;-282,0834;9;0
1,8240;8,6910;56,1484;10,1541;-0,0000;23,6975;188,6910;405,000;61,908;0,000;230,837;31,6347;4,3954;-9,7094;0,0001;5,3139;31,6347;-281,8220;-21,9521;48,8777;0,0001;-26,9257;-281,8221;9;0
1,8260;8,7537;56,1572;10,1347;0,0000;23,7081;188,7537;405,000;62,362;0,000;226,837;31,0714;4,3507;-9,6097;0,0000;5,2590;31,0714;-281,5767;-22,8033;50,7459;-0,0254;-27,9438;-281,5490;9;0
1,8280;8,8153;56,1658;10,1156;0,0000;23,7186;188,8153;405,000;62,808;0,000;222,837;30,5084;4,3042;-9,5064;-0,0000;5,2022;30,5085;-281,3361;-23,6394;52,5803;-0,0005;-28,9408;-281,3356;9;0
1,8300;8,8757;56,1744;10,0967;0,0000;23,7289;188,8757;405,000;63,245;0,000;218,837;29,9460;4,2561;-9,3994;-0,0000;5,1433;29,9460;-281,0961;-24,4610;54,3823;0,0122;-29,9206;-281,1093;9;0
1,8320;8,9350;56,1828;10,0780;-0,0000;23,7391;188,9350;405,000;63,675;0,000;214,837;29,3841;4,2064;-9,2889;-0,0000;5,0825;29,3841;-280,8561;-25,2682;56,1520;0,0029;-30,8839;-280,8594;9;0
1,8340;8,9932;56,1912;10,0596;-0,0000;23,7492;188,9932;405,000;64,097;0,000;210,837;28,8226;4,1551;-9,1748;0,0000;5,0197;28,8226;-280,6183;-26,0606;57,8886;0,0000;-31,8280;-280,6183;9;0
1,8360;9,0503;56,1995;10,0413;0,0000;23,7592;189,0503;405,000;64,510;0,000;206,837;28,2616;4,1021;-9,0573;0,0000;4,9552;28,2616;-280,3814;-26,8376;59,5910;-0,0172;-32,7493;-280,3625;9;0
1,8380;9,1063;56,2076;10,0233;0,0000;23,7691;189,1063;405,000;64,916;0,000;202,837;27,7011;4,0477;-8,9364;-0,0001;4,8888;27,7011;-280,1490;-27,6012;61,2634;-0,0002;-33,6622;-280,1488;9;0
1,8400;9,1611;56,2156;10,0056;-0,0000;23,7788;189,1611;405,000;65,314;0,000;198,837;27,1410;3,9917;-8,8123;-0,0000;4,8205;27,1410;-279,9195;-28,3507;62,9044;0,0271;-34,5616;-279,9492;9;0
1,8420;9,2149;56,2236;9,9881;-0,0000;23,7883;189,2149;405,000;65,703;0,000;194,837;26,5814;3,9343;-8,6848;0,0000;4,7505;26,5813;-279,6885;-29,0830;64,5071;0,0012;-35,4241;-279,6898;9;0
1,8440;9,2675;56,2314;9,9708;-0,0000;23,7978;189,2675;405,000;66,085;0,000;190,837;26,0222;3,8754;-8,5542;0,0000;4,6788;26,0222;-279,4610;-29,8011;66,0783;-0,0124;-36,2733;-279,4473;9;0
1,8460;9,3189;56,2391;9,9539;0,0000;23,8071;189,3189;405,000;66,459;0,000;186,837;25,4635;3,8151;-8,4205;0,0000;4,6054;25,4635;-279,2376;-30,5056;67,6193;-0,0047;-37,1132;-279,2324;9;0
1,8480;9,3693;56,2466;9,9372;0,0000;23,8162;189,3693;405,000;66,824;0,000;182,837;24,9053;3,7534;-8,2837;-0,0000;4,5304;24,9053;-279,0167;-31,1948;69,1265;-0,0000;-37,9316;-279,0167;9;0
1,8500;9,4186;56,2541;9,9207;-0,0000;23,8252;189,4186;405,000;67,182;0,000;178,837;24,3475;3,6903;-8,1440;-0,0000;4,4537;24,3475;-278,8000;-31,8689;70,6000;0,0214;-38,7292;-278,8230;9;0
1,8520;9,4667;56,2614;9,9046;-0,0000;23,8340;189,4667;405,000;67,532;0,000;174,837;23,7901;3,6259;-8,0013;0,0001;4,3754;23,7900;-278,5833;-32,5288;72,0419;0,0001;-39,5132;-278,5834;9;0
1,8540;9,5137;56,2686;9,8887;0,0000;23,8427;189,5137;405,000;67,873;0,000;170,837;23,2331;3,5602;-7,8558;0,0000;4,2956;23,2331;-278,3689;-33,1743;73,4522;-0,0326;-40,2830;-278,3343;9;0
1,8560;9,5596;56,2756;9,8732;0,0000;23,8512;189,5596;405,000;68,207;0,000;166,837;22,6766;3,4932;-7,7075;-0,0001;4,2143;22,6767;-278,1625;-33,8033;74,8259;-0,0004;-41,0225;-278,1621;9;0
1,8580;9,6044;56,2826;9,8579;0,0000;23,8595;189,6044;405,000;68,533;0,000;162,837;22,1205;3,4250;-7,5565;-0,0000;4,1315;22,1205;-277,9583;-34,4179;76,1677;0,0149;-41,7471;-277,9741;9;0
1,8600;9,6481;56,2893;9,8429;-0,0000;23,8677;189,6481;405,000;68,851;0,000;158,837;21,5648;3,3555;-7,4029;-0,0000;4,0473;21,5648;-277,7555;-35,0184;77,4786;0,0006;-42,4603;-277,7562;9;0
1,8620;9,6907;56,2960;9,8283;-0,0000;23,8757;189,6907;405,000;69,160;0,000;154,837;21,0095;3,2849;-7,2466;0,0000;3,9617;21,0095;-277,5574;-35,6036;78,7556;0,0000;-43,1520;-277,5574;9;0
1,8640;9,7322;56,3025;9,8140;0,0000;23,8836;189,7322;405,000;69,462;0,000;150,837;20,4545;3,2131;-7,0878;0,0000;3,8747;20,4545;-277,3630;-36,1739;79,9997;-0,0006;-43,8258;-277,3623;9;0
1,8660;9,7725;56,3088;9,7999;0,0000;23,8912;189,7725;405,000;69,756;0,000;146,837;19,9000;3,1402;-6,9266;-0,0000;3,7864;19,9000;-277,1676;-36,7286;81,2094;-0,0702;-44,4766;-277,0883;9;0
1,8680;9,8118;56,3150;9,7862;0,0000;23,8987;189,8118;405,000;70,041;0,000;142,837;19,3459;3,0662;-6,7630;-0,0003;3,6968;19,3462;-276,9861;-37,2698;82,3893;-0,0003;-45,1201;-276,9859;9;0
1,8700;9,8499;56,3211;9,7729;-0,0000;23,9060;189,8499;405,000;70,319;0,000;138,837;18,7921;2,9911;-6,5971;-0,0000;3,6059;18,7921;-276,8137;-37,7966;83,5378;0,1404;-45,7497;-276,9724;9;0
1,8720;9,8869;56,3270;9,7599;-0,0000;23,9131;189,8869;405,000;70,589;0,000;134,838;18,2386;2,9150;-6,4289;0,0003;3,5138;18,2383;-276,6256;-38,3056;84,6472;0,0011;-46,3404;-276,6267;9;0
1,8740;9,9228;56,3328;9,7472;-0,0000;23,9201;189,9228;405,000;70,850;0,000;130,837;17,6856;2,8379;-6,2585;0,0000;3,4206;17,6856;-276,4467;-38,8005;85,7254;-0,0702;-46,9206;-276,3673;9;0
1,8760;9,9577;56,3384;9,7348;0,0000;23,9268;189,9577;405,000;71,104;0,000;126,837;17,1328;2,7598;-6,0860;0,0000;3,3261;17,1328;-276,2821;-39,2818;86,7736;-0,0006;-47,4924;-276,2814;9;0
1,8780;9,9914;56,3438;9,7228;-0,0000;23,9334;189,9914;405,000;71,350;0,000;122,837;16,5804;2,6808;-5,9114;-0,0000;3,2306;16,5804;-276,1135;-39,7470;87,7868;-0,0493;-48,0384;-276,0599;9;0
1,8800;10,0240;56,3491;9,7112;0,0000;23,9397;190,0240;405,000;71,587;0,000;118,837;16,0284;2,6008;-5,7348;-0,0002;3,1340;16,0286;-275,9565;-40,1977;88,7682;-0,0001;-48,5706;-275,9564;9;0
1,8820;10,0555;56,3542;9,6999;-0,0000;23,9459;190,0555;405,000;71,817;0,000;114,837;15,4766;2,5200;-5,5563;-0,0000;3,0363;15,4766;-275,8076;-40,6336;89,7171;0,0986;-49,0863;-275,9149;9;0
1,8840;10,0859;56,3592;9,6890;-0,0000;23,9519;190,0859;405,000;72,039;0,000;110,838;14,9251;2,4383;-5,3759;0,0002;2,9376;14,9249;-275,6494;-41,0535;90,6310;0,0003;-49,5771;-275,6497;9;0
1,8860;10,1152;56,3640;9,6784;-0,0000;23,9577;190,1152;405,000;72,252;0,000;106,837;14,3740;2,3558;-5,1938;0,0000;2,8380;14,3740;-275,4944;-41,4585;91,5122;-0,1206;-50,0514;-275,3668;9;0
1,8880;10,1434;56,3686;9,6682;0,0000;23,9632;190,1434;405,000;72,458;0,000;102,837;13,8232;2,2725;-5,0099;-0,0003;2,7374;13,8235;-275,3615;-41,8492;92,3620;-0,0003;-50,5133;-275,3612;9;0
1,8900;10,1705;56,3731;9,6583;-0,0000;23,9686;190,1705;405,000;72,656;0,000;98,837;13,2726;2,1884;-4,8243;-0,0000;2,6359;13,2726;-275,2350;-42,2246;93,1786;0,1426;-50,9556;-275,3829;9;0
1,8920;10,1965;56,3773;9,6489;-0,0000;23,9738;190,1965;405,000;72,845;0,000;94,838;12,7222;2,1036;-4,6372;0,0003;2,5336;12,7219;-275,0933;-42,5844;93,9611;0,0002;-51,3761;-275,0935;9;0
1,8940;10,2214;56,3815;9,6398;-0,0000;23,9787;190,2214;405,000;73,027;0,000;90,837;12,1722;2,0181;-4,4485;0,0000;2,4304;12,1722;-274,9590;-42,9292;94,7106;-0,1089;-51,7798;-274,8478;9;0
1,8960;10,2452;56,3854;9,6311;0,0000;23,9835;190,2452;405,000;73,201;0,000;86,837;11,6224;1,9319;-4,2583;-0,0002;2,3265;11,6225;-274,8454;-43,2593;95,4283;-0,0002;-52,1693;-274,8452;9;0
1,8980;10,2679;56,3892;9,6228;-0,0000;23,9880;190,2679;405,000;73,366;0,000;82,837;11,0728;1,8450;-4,0668;-0,0000;2,2218;11,0728;-274,7356;-43,5682;96,0995;0,0897;-52,4948;-274,8250;9;0
1,9000;10,2895;56,3928;9,6148;-0,0000;23,9924;190,2895;405,000;73,524;0,000;78,838;10,5235;1,7576;-3,8739;0,0002;2,1165;10,5232;-274,6182;-43,8737;96,7636;0,0003;-52,8898;-274,6185;9;0
1,9020;10,3100;56,3962;9,6073;0,0000;23,9965;190,3100;405,000;73,674;0,000;74,837;9,9743;1,6695;-3,6797;0,0000;2,0102;9,9743;-274,4980;-44,1696;97,4070;-0,2058;-53,3086;-274,2906;9;0
1,9040;10,3294;56,3995;9,6001;0,0000;24,0004;190,3294;405,000;73,815;0,000;70,837;9,4255;1,5809;-3,4843;-0,0006;1,9033;9,4261;-274,4123;-44,4274;97,9668;-0,0006;-53,5398;-274,4117;9;0
1,9060;10,3477;56,4025;9,5933;-0,0000;24,0041;190,3477;405,000;73,949;0,000;66,836;8,8767;1,4918;-3,2879;-0,0000;1,7960;8,8767;-274,3383;-44,6768;98,5084;0,2928;-53,8019;-274,6337;9;0
1,9080;10,3649;56,4054;9,5870;-0,0000;24,0076;190,3649;405,000;74,075;0,000;62,838;8,3281;1,4022;-3,0903;0,0006;1,6881;8,3275;-274,2280;-44,9205;99,0379;0,0006;-54,1165;-274,2286;9;0
1,9100;10,3810;56,4082;9,5810;0,0000;24,0109;190,3810;405,000;74,192;0,000;58,837;7,7798;1,3121;-2,8917;0,0000;1,5796;7,7798;-274,1337;-45,1436;99,5223;-0,1455;-54,3740;-273,9868;9;0
1,9120;10,3960;56,4107;9,5754;0,0000;24,0139;190,3960;405,000;74,302;0,000;54,837;7,2316;1,2216;-2,6922;-0,0000;1,4706;7,2316;-274,0656;-45,3530;99,9771;-0,0002;-54,6245;-274,0654;9;0
1,9140;10,4099;56,4130;9,5702;-0,0000;24,0168;190,4099;405,000;74,404;0,000;50,837;6,6835;1,1307;-2,4918;-0,0000;1,3611;6,6835;-273,9937;-45,5465;100,3973;0,0130;-54,8515;-274,0073;9;0
1,9160;10,4227;56,4152;9,5654;-0,0000;24,0194;190,4227;405,000;74,497;0,000;46,837;6,1356;1,0394;-2,2906;0,0000;1,2512;6,1356;-273,9256;-45,7246;100,7840;0,0000;-55,0594;-273,9256;9;0
1,9180;10,4344;56,4172;9,5610;0,0000;24,0218;190,4344;405,000;74,583;0,000;42,837;5,5878;0,9478;-2,0887;0,0000;1,1408;5,5878;-273,8635;-45,8877;101,1379;-0,0069;-55,2502;-273,8563;9;0
1,9200;10,4451;56,4190;9,5571;0,0000;24,0239;190,4451;405,000;74,661;0,000;38,837;5,0401;0,8559;-1,8860;-0,0000;1,0302;5,0401;-273,8079;-46,0355;101,4588;-0,0020;-55,4233;-273,8058;9;0
1,9220;10,4546;56,4206;9,5535;0,0000;24,0259;190,4546;405,000;74,730;0,000;34,837;4,4926;0,7637;-1,6828;-0,0000;0,9191;4,4926;-273,7578;-46,1681;101,7466;0,0002;-55,5783;-273,7580;9;0
1,9240;10,4630;56,4221;9,5503;-0,0000;24,0276;190,4630;405,000;74,792;0,000;30,837;3,9451;0,6712;-1,4791;-0,0000;0,8078;3,9451;-273,7135;-46,2855;102,0015;0,0040;-55,7161;-273,7176;9;0
1,9260;10,4704;56,4233;9,5476;0,0000;24,0291;190,4704;405,000;74,846;0,000;26,837;3,3977;0,5785;-1,2748;0,0000;0,6963;3,3977;-273,6744;-46,3877;102,2233;0,0000;-55,8356;-273,6744;9;0
1,9280;10,4766;56,4244;9,5452;0,0000;24,0304;190,4766;405,000;74,891;0,000;22,837;2,8504;0,4857;-1,0702;-0,0000;0,5845;2,8504;-273,6412;-46,4746;102,4120;-0,0020;-55,9373;-273,6392;9;0
1,9300;10,4818;56,4253;9,5433;-0,0000;24,0315;190,4818;405,000;74,929;0,000;18,837;2,3032;0,3926;-0,8652;-0,0000;0,4725;2,3032;-273,6140;-46,5464;102,5676;-0,0004;-56,0212;-273,6136;9;0
1,9320;10,4858;56,4259;9,5418;0,0000;24,0323;190,4858;405,000;74,959;0,000;14,837;1,7560;0,2995;-0,6599;-0,0000;0,3604;1,7560;-273,5945;-46,6032;102,6909;0,0266;-56,0897;-273,6207;9;0
1,9340;10,4888;56,4264;9,5407;-0,0000;24,0329;190,4888;405,000;74,980;0,000;10,837;1,2088;0,2062;-0,4544;0,0001;0,2482;1,2087;-273,5769;-46,6441;102,7798;0,0008;-56,1357;-273,5777;9;0
1,9360;10,4907;56,4268;9,5400;0,0000;24,0333;190,4907;405,000;74,994;0,000;6,837;0,6617;0,1129;-0,2488;0,0000;0,1359;0,6616;-248,2264;-62,7225;138,2070;-0,0531;-75,4807;-248,1738;9;0
1,9380;10,4915;56,4269;9,5397;-0,0000;24,0334;190,4915;405,000;75,000;-0,000;2,837;0,2159;-0,0447;0,0984;-0,0001;-0,0537;0,2160;-143,6087;-129,0159;284,2828;-0,0004;-155,2669;-143,6083;9;0
1,9400;10,4915;56,4266;9,5403;0,0000;24,0331;190,4915;404,997;75,000;0,000;1,253;0,0872;-0,4032;0,8884;-0,0000;-0,4852;0,0872;-8,6087;-214,5393;472,7378;0,0267;-258,2000;-8,6350;10;0
1,9420;10,4918;56,4253;9,5432;-0,0000;24,0315;190,4918;404,987;75,000;0,000;5,163;0,1814;-0,9028;1,9894;0,0000;-1,0865;0,1814;48,8949;-250,9359;552,9556;0,0000;-302,0196;48,8949;10;0
1,9440;10,4923;56,4230;9,5483;0,0000;24,0287;190,4923;404,969;75,000;0,000;9,163;0,2828;-1,4069;3,1002;0,0000;-1,6933;0,2828;50,6839;-252,0074;555,3506;-0,0002;-303,3440;50,6841;10;0
1,9460;10,4929;56,4197;9,5556;0,0000;24,0247;190,4929;404,943;75,000;0,000;13,163;0,3842;-1,9109;4,2108;-0,0000;-2,2999;0,3842;50,7031;-251,9299;555,2289;-0,0000;-303,2990;50,7031;10;0
1,9480;10,4938;56,4153;9,5651;-0,0000;24,0195;190,4938;404,908;75,000;0,000;17,163;0,4856;-2,4146;5,3211;0,0000;-2,9065;0,4856;50,7280;-251,8292;555,0707;0,0001;-303,2411;50,7279;10;0
1,9500;10,4949;56,4100;9,5769;0,0000;24,0131;190,4949;404,866;75,000;0,000;21,163;0,5871;-2,9182;6,4311;0,0000;-3,5129;0,5871;50,7587;-251,7051;554,8761;0,0000;-303,1709;50,7587;10;0
1,9520;10,4962;56,4037;9,5909;-0,0000;24,0055;190,4962;404,816;75,000;0,000;25,163;0,6886;-3,4214;7,5406;0,0000;-4,1192;0,6886;50,7953;-251,5577;554,6447;-0,0001;-303,0872;50,7954;10;0
1,9540;10,4976;56,3963;9,6071;0,0000;23,9966;190,4976;404,757;75,000;0,000;29,163;0,7903;-3,9244;8,6496;-0,0000;-4,7252;0,7903;50,8374;-251,3852;554,3732;0,0053;-302,9782;50,8316;10;0
1,9560;10,4993;56,3880;9,6255;-0,0000;23,9866;190,4993;404,691;75,000;0,000;33,163;0,8920;-4,4270;9,7581;0,0000;-5,3311;0,8920;50,8860;-251,1926;554,0721;0,0002;-302,8792;50,8859;10;0
1,9580;10,5012;56,3786;9,6461;0,0000;23,9753;190,5012;404,617;75,000;0,000;37,163;0,9938;-4,9292;10,8659;0,0000;-5,9368;0,9938;50,9410;-250,9785;553,7384;-0,0106;-302,7796;50,9526;10;0
1,9600;10,5033;56,3682;9,6689;0,0000;23,9628;190,5033;404,534;75,000;0,000;41,163;1,0958;-5,4309;11,9730;-0,0000;-6,5422;1,0958;51,0002;-250,7348;553,3547;0,0012;-302,6204;50,9990;10;0
1,9620;10,5056;56,3569;9,6940;-0,0000;23,9491;190,5056;404,444;75,000;0,000;45,163;1,1978;-5,9321;13,0793;0,0000;-7,1472;1,1978;51,0658;-250,4695;552,9379;0,0053;-302,4586;51,0600;10;0
1,9640;10,5081;56,3445;9,7213;0,0000;23,9342;190,5081;404,346;75,000;0,000;49,163;1,3000;-6,4328;14,1848;0,0000;-7,7520;1,3000;51,1382;-250,1842;552,4921;-0,0025;-302,3070;51,1408;10;0
1,9660;10,5108;56,3312;9,7507;-0,0000;23,9181;190,5108;404,239;75,000;0,000;53,163;1,4024;-6,9328;15,2893;-0,0000;-8,3565;1,4024;51,2159;-249,8747;552,0078;-0,0004;-302,1336;51,2163;10;0
1,9680;10,5137;56,3168;9,7824;0,0000;23,9008;190,5137;404,125;75,000;0,000;57,163;1,5049;-7,4323;16,3928;-0,0000;-8,9606;1,5049;51,2996;-249,5421;551,4874;0,0012;-301,9458;51,2983;10;0
1,9700;10,5168;56,3014;9,8163;-0,0000;23,8823;190,5168;404,003;75,000;0,000;61,163;1,6076;-7,9310;17,4953;-0,0000;-9,5642;1,6076;51,3894;-249,1864;550,9311;0,0007;-301,7436;51,3885;10;0
1,9720;10,5201;56,2851;9,8524;0,0000;23,8625;190,5201;403,872;75,000;0,000;65,163;1,7104;-8,4290;18,5966;0,0000;-10,1675;1,7104;51,4852;-248,8084;550,3406;0,0000;-301,5322;51,4852;10;0
1,9740;10,5236;56,2677;9,8907;0,0000;23,8416;190,5236;403,734;75,000;0,000;69,163;1,8135;-8,9262;19,6966;-0,0000;-10,7704;1,8135;51,5870;-248,4077;549,7149;-0,0004;-301,3077;51,5874;10;0
1,9760;10,5274;56,2494;9,9312;-0,0000;23,8195;190,5274;403,588;75,000;0,000;73,163;1,9168;-9,4227;20,7954;0,0000;-11,3728;1,9168;51,6949;-247,9845;549,0544;-0,0005;-301,0708;51,6954;10;0
1,9780;10,5313;56,2300;9,9739;0,0000;23,7961;190,5313;403,433;75,000;0,000;77,163;2,0203;-9,9182;21,8928;-0,0000;-11,9747;2,0203;51,8088;-247,5387;548,3590;-0,0000;-300,8203;51,8089;10;0
1,9800;10,5355;56,2097;10,0187;-0,0000;23,7716;190,5355;403,271;75,000;0,000;81,163;2,1240;-10,4128;22,9888;-0,0000;-12,5760;2,1240;51,9289;-247,0704;547,6290;0,0010;-300,5567;51,9278;10;0
1,9820;10,5398;56,1884;10,0658;0,0000;23,7458;190,5398;403,101;75,000;0,000;85,163;2,2280;-10,9065;24,0834;0,0000;-13,1769;2,2280;52,0553;-246,5807;546,8667;-0,0004;-300,2872;52,0557;10;0
1,9840;10,5444;56,1661;10,1151;0,0000;23,7189;190,5444;402,922;75,000;0,000;89,163;2,3322;-11,3991;25,1763;-0,0000;-13,7772;2,3322;52,1878;-246,0684;546,0695;-0,0005;-300,0020;52,1883;10;0
1,9860;10,5491;56,1428;10,1665;-0,0000;23,6907;190,5491;402,736;75,000;0,000;93,163;2,4368;-11,8907;26,2676;-0,0000;-14,3769;2,4368;52,3264;-245,5337;545,2379;0,0008;-299,7017;52,3254;10;0
1,9880;10,5541;56,1185;10,2202;0,0000;23,6614;190,5541;402,542;75,000;0,000;97,163;2,5416;-12,3813;27,3573;0,0000;-14,9760;2,5415;52,4715;-244,9784;544,3757;-0,0001;-299,3988;52,4718;10;0
1,9900;10,5593;56,0932;10,2760;0,0000;23,6308;190,5593;402,339;75,000;0,000;101,163;2,6466;-12,8707;28,4451;-0,0000;-15,5745;2,6466;52,6228;-244,4007;543,4792;-0,0004;-299,0796;52,6233;10;0
1,9920;10,5647;56,0670;10,3339;-0,0000;23,5991;190,5647;402,129;75,000;0,000;105,163;2,7520;-13,3589;29,5312;-0,0000;-16,1723;2,7520;52,7805;-243,8009;542,5487;0,0002;-298,7448;52,7799;10;0
1,9940;10,5703;56,0398;10,3941;0,0000;23,5661;190,5703;401,911;75,000;0,000;109,163;2,8578;-13,8459;30,6153;0,0000;-16,7695;2,8578;52,9446;-243,1812;541,5893;0,0005;-298,4099;52,9443;10;0
1,9960;10,5761;56,0116;10,4564;-0,0000;23,5320;190,5761;401,684;75,000;0,000;113,163;2,9638;-14,3316;31,6975;0,0000;-17,3660;2,9638;53,1152;-242,5394;540,5963;-0,0001;-298,0585;53,1155;10;0
1,9980;10,5822;55,9825;10,5209;0,0000;23,4966;190,5822;401,450;75,000;0,000;117,163;3,0702;-14,8160;32,7777;0,0000;-17,9617;3,0702;53,2924;-241,8758;539,5702;-0,0010;-297,6908;53,2930;10;0
2,0000;10,5884;55,9524;10,5875;0,0000;23,4601;190,5884;401,208;75,000;0,000;121,163;3,1770;-15,2991;33,8558;-0,0000;-18,5567;3,1770;53,4759;-241,1929;538,5165;0,0014;-297,3254;53,4746;10;0
2,0020;10,5949;55,9213;10,6563;-0,0000;23,4224;190,5949;400,957;75,000;0,000;125,163;3,2841;-15,7808;34,9318;0,0000;-19,1510;3,2841;53,6662;-240,4885;537,4302;0,0005;-296,9435;53,6659;10;0
2,0040;10,6015;55,8892;10,7272;0,0000;23,3835;190,6015;400,699;75,000;0,000;129,163;3,3917;-16,2611;36,0055;0,0000;-19,7445;3,3917;53,8634;-239,7625;536,3116;-0,0029;-296,5454;53,8659;10;0
2,0060;10,6084;55,8562;10,8003;0,0000;23,3434;190,6084;400,433;75,000;0,000;133,163;3,4996;-16,7398;37,0770;-0,0000;-20,3372;3,4996;54,0669;-239,0176;535,1662;-0,0000;-296,1486;54,0669;10;0
2,0080;10,6155;55,8223;10,8755;-0,0000;23,3022;190,6155;400,158;75,000;0,000;137,163;3,6079;-17,2171;38,1462;-0,0000;-20,9291;3,6079;54,2773;-238,2521;533,9906;0,0015;-295,7403;54,2760;10;0
2,0100;10,6229;55,7874;10,9529;-0,0000;23,2597;190,6229;399,876;75,000;0,000;141,163;3,7167;-17,6928;39,2130;0,0000;-21,5201;3,7167;54,4948;-237,4664;532,7852;-0,0014;-295,3213;54,4964;10;0
2,0120;10,6304;55,7515;11,0324;0,0000;23,2161;190,6304;399,586;75,000;0,000;145,163;3,8259;-18,1670;40,2773;-0,0000;-22,1104;3,8259;54,7189;-236,6602;531,5500;-0,0000;-294,8898;54,7190;10;0
2,0140;10,6382;55,7147;11,1140;-0,0000;23,1713;190,6382;399,287;75,000;0,000;149,163;3,9356;-18,6395;41,3392;-0,0000;-22,6997;3,9356;54,9500;-235,8340;530,2855;0,0028;-294,4466;54,9468;10;0
2,0160;10,6462;55,6770;11,1977;0,0000;23,1253;190,6462;398,981;75,000;0,000;153,163;4,0457;-19,1103;42,3985;0,0000;-23,2882;4,0457;55,1877;-234,9903;528,9979;0,0111;-294,0115;55,1783;10;0
2,0180;10,6544;55,6383;11,2836;-0,0000;23,0781;190,6544;398,667;75,000;0,000;157,163;4,1563;-19,5795;43,4552;0,0000;-23,8758;4,1563;55,4340;-234,1257;527,6791;-0,0013;-293,5559;55,4355;10;0
2,0200;10,6628;55,5986;11,3716;0,0000;23,0298;190,6628;398,344;75,000;0,000;161,163;4,2674;-20,0468;44,5092;0,0000;-24,4624;4,2674;55,6880;-233,2404;526,3300;-0,0219;-293,0817;55,7065;10;0
2,0220;10,6714;55,5581;11,4616;-0,0000;22,9803;190,6714;398,014;75,000;0,000;165,163;4,3791;-20,5124;45,5605;-0,0000;-25,0481;4,3791;55,9502;-232,3431;524,9697;-0,0552;-292,6525;56,0007;10;0
2,0240;10,6803;55,5166;11,5538;0,0000;22,9296;190,6803;397,676;75,000;0,000;169,163;4,4912;-20,9762;46,6091;-0,0002;-25,6330;4,4914;56,2129;-231,4182;523,5637;0,0107;-292,1497;56,2039;10;0
2,0260;10,6894;55,4742;11,6481;-0,0000;22,8778;190,6894;397,330;75,000;0,000;173,162;4,6039;-21,4381;47,6548;-0,0000;-26,2167;4,6039;56,4827;-230,4686;522,1184;0,0822;-291,5934;56,4099;10;0
2,0280;10,6987;55,4308;11,7444;0,0000;22,8247;190,6987;396,975;75,000;0,000;177,163;4,7172;-21,8981;48,6976;0,0001;-26,7994;4,7171;56,7706;-229,5188;520,6885;-0,0000;-291,1695;56,7706;10;0
2,0300;10,7083;55,3866;11,8429;-0,0000;22,7706;190,7083;396,613;75,000;0,000;181,163;4,8310;-22,3562;49,7375;-0,0000;-27,3814;4,8310;57,0603;-228,5475;519,2262;0,0009;-290,7138;57,0546;10;0
2,0320;10,7180;55,3414;11,9434;-0,0000;22,7152;190,7180;396,243;75,000;0,000;185,163;4,9454;-22,8123;50,7745;0,0001;-27,9622;4,9453;57,3579;-227,5471;517,7151;0,0002;-290,1680;57,3577;10;0
2,0340;10,7280;55,2953;12,0460;0,0000;22,6587;190,7280;395,864;75,000;0,000;189,163;5,0604;-23,2663;51,8084;0,0000;-28,5420;5,0604;57,6652;-226,5341;516,1918;-0,0295;-289,6563;57,6948;10;0
2,0360;10,7383;55,2483;12,1506;0,0000;22,6010;190,7383;395,478;75,000;0,000;193,163;5,1761;-23,7184;52,8392;-0,0000;-29,1208;5,1761;57,9764;-225,5038;514,6459;-0,0000;-289,1421;57,9764;10;0
2,0380;10,7487;55,2005;12,2573;-0,0000;22,5422;190,7487;395,084;75,000;0,000;197,163;5,2923;-24,1684;53,8670;-0,0000;-29,6986;5,2923;58,2974;-224,4548;513,0742;0,0027;-288,6129;58,2945;10;0
2,0400;10,7594;55,1517;12,3661;0,0000;22,4822;190,7594;394,681;75,000;0,000;201,163;5,4093;-24,6162;54,8915;0,0000;-30,2753;5,4093;58,6242;-223,3914;511,4864;0,0388;-288,1008;58,5896;10;0
2,0420;10,7704;55,1020;12,4769;-0,0000;22,4211;190,7704;394,271;75,000;0,000;205,163;5,5268;-25,0619;55,9129;0,0002;-30,8510;5,5267;58,9643;-222,3085;509,8715;-0,0011;-287,5662;58,9656;10;0
2,0440;10,7816;55,0514;12,5897;0,0000;22,3588;190,7816;393,853;75,000;0,000;209,163;5,6451;-25,5055;56,9310;0,0000;-31,4256;5,6451;59,3150;-221,2064;508,2297;-0,0740;-287,0089;59,3807;10;0
2,0460;10,7930;55,0000;12,7046;-0,0000;22,2954;190,7930;393,426;75,000;0,000;213,163;5,7641;-25,9468;57,9458;-0,0001;-31,9990;5,7642;59,6641;-220,0924;506,5778;-0,0001;-286,4853;59,6642;10;0
2,0480;10,8046;54,9476;12,8215;0,0000;22,2308;190,8046;392,992;75,000;0,000;217,163;5,8838;-26,3858;58,9573;0,0000;-32,5715;5,8838;60,0246;-218,9614;504,9041;0,0312;-285,9539;59,9973;10;0
2,0500;10,8165;54,8944;12,9404;0,0000;22,1651;190,8165;392,550;75,000;0,000;221,163;6,0042;-26,8226;59,9654;-0,0000;-33,1428;6,0042;60,3980;-217,8105;503,2025;-0,0000;-285,3920;60,3980;10;0
2,0520;10,8286;54,8403;13,0614;-0,0000;22,0983;190,8286;392,099;75,000;0,000;225,163;6,1254;-27,2571;60,9701;-0,0000;-33,7131;6,1254;60,7777;-216,6448;501,4842;0,0045;-284,8368;60,7732;10;0
2,0540;10,8410;54,7854;13,1843;-0,0000;22,0303;190,8410;391,641;75,000;0,000;229,163;6,2473;-27,6892;61,9714;0,0000;-34,2822;6,2473;61,1675;-215,4643;499,7498;-0,0106;-284,2891;61,1790;10;0
2,0560;10,8536;54,7296;13,3093;0,0000;21,9611;190,8536;391,175;75,000;0,000;233,163;6,3700;-28,1189;62,9691;-0,0000;-34,8502;6,3701;61,5647;-214,2665;497,9931;-0,0006;-283,7266;61,5653;10;0
2,0580;10,8665;54,6729;13,4362;-0,0000;21,8909;190,8665;390,700;75,000;0,000;237,163;6,4936;-28,5462;63,9633;-0,0000;-35,4171;6,4936;61,9703;-213,0524;496,2169;0,0205;-283,1567;61,9479;10;0
2,0600;10,8796;54,6154;13,5651;0,0000;21,8195;190,8796;390,218;75,000;0,000;241,163;6,6179;-28,9711;64,9540;0,0000;-35,9829;6,6179;62,3879;-211,8251;494,4281;0,0000;-282,6029;62,3878;10;0
2,0620;10,8930;54,5570;13,6960;-0,0000;21,7469;190,8930;389,728;75,000;0,000;245,163;6,7431;-29,3935;65,9411;-0,0000;-36,5475;6,7431;62,8141;-210,5821;492,6209;-0,0091;-282,0434;62,8242;10;0
2,0640;10,9066;54,4978;13,8289;-0,0000;21,6733;190,9066;389,229;75,000;0,000;249,163;6,8692;-29,8135;66,9245;0,0000;-37,1110;6,8692;63,2500;-209,3230;490,7951;-0,0211;-281,4755;63,2719;10;0
2,0660;10,9204;54,4378;13,9637;0,0000;21,5985;190,9204;388,723;75,000;0,000;253,163;6,9961;-30,2308;67,9042;-0,0001;-37,6734;6,9962;63,6935;-208,0484;488,9519;-0,0009;-280,9031;63,6943;10;0
2,0680;10,9345;54,3769;14,1005;-0,0000;21,5226;190,9345;388,209;75,000;0,000;257,163;7,1239;-30,6457;68,8803;-0,0000;-38,2346;7,1239;64,1453;-206,7585;487,0915;0,0414;-280,3249;64,1022;10;0
2,0700;10,9489;54,3152;14,2392;0,0000;21,4456;190,9489;387,686;75,000;0,000;261,163;7,2527;-31,0579;69,8526;0,0001;-38,7947;7,2526;64,6126;-205,4562;485,2212;0,0001;-279,7649;64,6125;10;0
2,0720;10,9636;54,2527;14,3799;-0,0000;21,3674;190,9636;387,156;75,000;0,000;265,163;7,3824;-31,4675;70,8212;-0,0000;-39,3537;7,3824;65,0886;-204,1392;483,3352;-0,0193;-279,2021;65,1090;10;0
2,0740;10,9785;54,1893;14,5225;-0,0000;21,2881;190,9785;386,618;75,000;0,000;269,163;7,5131;-31,8744;71,7859;0,0000;-39,9115;7,5130;65,5723;-202,8059;481,4306;0,0000;-278,6247;65,5723;10;0
2,0760;10,9936;54,1252;14,6671;0,0000;21,2078;190,9936;386,071;75,000;0,000;273,163;7,6447;-32,2787;72,7469;0,0000;-40,4682;7,6447;66,0679;-201,4591;479,5137;-0,0013;-278,0533;66,0690;10;0
2,0780;11,0090;54,0602;14,8135;0,0000;21,1263;191,0090;385,517;75,000;0,000;277,163;7,7773;-32,6803;73,7040;-0,0000;-41,0237;7,7773;66,5738;-200,0986;477,5841;-0,0000;-277,4855;66,5738;10;0
2,0800;11,0247;53,9945;14,9619;-0,0000;21,0437;191,0247;384,955;75,000;0,000;281,163;7,9110;-33,0791;74,6572;-0,0000;-41,5781;7,9110;67,0907;-198,7240;475,6410;0,0003;-276,9170;67,0904;10;0
2,0820;11,0407;53,9279;15,1121;0,0000;20,9600;191,0407;384,384;75,000;0,000;285,163;8,0457;-33,4752;75,6066;0,0000;-42,1314;8,0457;67,6185;-197,3356;473,6855;-0,0002;-276,3504;67,6187;10;0
2,0840;11,0569;53,8606;15,2643;0,0000;20,8751;191,0569;383,806;75,000;0,000;289,163;8,1815;-33,8684;76,5520;-0,0000;-42,6835;8,1815;68,1574;-195,9334;471,7175;-0,0000;-275,7840;68,1575;10;0
2,0860;11,0734;53,7924;15,4183;-0,0000;20,7892;191,0734;383,220;75,000;0,000;293,163;8,3183;-34,2589;77,4934;-0,0000;-43,2345;8,3183;68,7077;-194,5176;469,7375;0,0005;-275,2189;68,7072;10;0
2,0880;11,0902;53,7235;15,5743;0,0000;20,7022;191,0902;382,625;75,000;0,000;297,163;8,4563;-34,6465;78,4309;0,0000;-43,7844;8,4563;69,2695;-193,0886;467,7471;0,0005;-274,6586;69,2691;10;0
2,0900;11,1072;53,6538;15,7321;-0,0000;20,6141;191,1072;382,023;75,000;0,000;301,163;8,5954;-35,0312;79,3644;0,0000;-44,3332;8,5954;69,8431;-191,6462;465,7455;-0,0002;-274,0998;69,8433;10;0
2,0920;11,1246;53,5834;15,8917;0,0000;20,5249;191,1246;381,413;75,000;0,000;305,163;8,7357;-35,4131;80,2939;0,0000;-44,8808;8,7357;70,4286;-190,1904;463,7331;-0,0009;-273,5423;70,4293;10;0
2,0940;11,1422;53,5122;16,0532;0,0000;20,4346;191,1422;380,794;75,000;0,000;309,163;8,8771;-35,7920;81,2194;-0,0000;-45,4273;8,8771;71,0261;-188,7217;461,7112;-0,0001;-272,9895;71,0262;10;0
2,0960;11,1601;53,4402;16,2166;-0,0000;20,3432;191,1601;380,168;75,000;0,000;313,163;9,0198;-36,1680;82,1408;-0,0000;-45,9728;9,0198;71,6361;-187,2399;459,6796;-0,0012;-272,4399;71,6375;10;0
2,0980;11,1782;53,3675;16,3818;-0,0000;20,2507;191,1782;379,534;75,000;0,000;317,163;9,1637;-36,5410;83,0581;-0,0000;-46,5171;9,1637;72,2585;-185,7451;457,6388;0,0001;-271,8937;72,2584;10;0
2,1000;11,1967;53,2941;16,5488;-0,0000;20,1571;191,1967;378,891;75,000;0,000;321,163;9,3088;-36,9110;83,9713;0,0000;-47,0603;9,3088;72,8936;-184,2375;455,5894;0,0033;-271,3519;72,8902;10;0
2,1020;11,2155;53,2199;16,7177;-0,0000;20,0624;191,2155;378,241;75,000;0,000;325,163;9,4552;-37,2779;84,8804;0,0000;-47,6025;9,4552;73,5431;-182,7175;453,5324;-0,0162;-270,8175;73,5603;10;0
2,1040;11,2345;53,1450;16,8884;-0,0000;19,9667;191,2345;377,583;75,000;0,000;329,163;9,6030;-37,6418;85,7854;-0,0001;-48,1436;9,6030;74,2037;-181,1841;451,4659;-0,0014;-270,2817;74,2051;10;0
2,1060;11,2539;53,0693;17,0608;-0,0000;19,8699;191,2539;376,916;75,000;0,000;333,163;9,7520;-38,0027;86,6863;0,0000;-48,6836;9,7520;74,8766;-179,6379;449,3914;0,0323;-269,7498;74,8424;10;0
2,1080;11,2736;52,9929;17,2351;0,0000;19,7720;191,2736;376,242;75,000;0,000;337,163;9,9025;-38,3604;87,5830;0,0001;-49,2226;9,9024;75,5674;-178,0801;447,3124;-0,0002;-269,2322;75,5676;10;0
2,1100;11,2935;52,9159;17,4112;0,0000;19,6730;191,2935;375,560;75,000;0,000;341,163;10,0543;-38,7150;88,4755;0,0000;-49,7606;10,0543;76,2712;-176,5093;445,2252;-0,0160;-268,7158;76,2878;10;0
2,1120;11,3138;52,8381;17,5890;0,0000;19,5729;191,3138;374,870;75,000;0,000;345,163;10,2076;-39,0664;89,3639;0,0000;-50,2975;10,2076;76,9872;-174,9260;443,1318;-0,0000;-268,2057;76,9872;10;0
2,1140;11,3343;52,7596;17,7686;0,0000;19,4718;191,3343;374,171;75,000;0,000;349,163;10,3623;-39,4147;90,2481;-0,0000;-50,8334;10,3623;77,7189;-173,3305;441,0327;-0,0007;-267,7036;77,7197;10;0
2,1160;11,3552;52,6804;17,9500;0,0000;19,3696;191,3552;373,465;75,000;0,000;353,163;10,5184;-39,7597;91,1280;-0,0000;-51,3683;10,5184;78,4654;-171,7226;438,9283;-0,0035;-267,2090;78,4692;10;0
2,1180;11,3764;52,6006;18,1331;-0,0000;19,2663;191,3764;372,751;75,000;0,000;357,163;10,6761;-40,1016;92,0038;-0,0000;-51,9022;10,6761;79,2266;-170,1016;436,8167;0,0004;-266,7151;79,2262;10;0
2,1200;11,3979;52,5200;18,3180;-0,0000;19,1620;191,3979;372,028;75,000;0,000;361,163;10,8353;-40,4401;92,8753;0,0000;-52,4352;10,8353;80,0029;-168,4677;434,6993;0,0095;-266,2252;79,9931;10;0
2,1220;11,4198;52,4388;18,5046;0,0000;19,0566;191,4198;371,298;75,000;0,000;365,163;10,9961;-40,7754;93,7426;0,0000;-52,9671;10,9961;80,7961;-166,8233;432,5813;-0,0000;-265,7580;80,7961;10;0
2,1240;11,4419;52,3569;18,6930;0,0000;18,9501;191,4419;370,560;75,000;0,000;369,163;11,1585;-41,1074;94,6056;-0,0000;-53,4982;11,1585;81,6050;-165,1659;430,4579;-0,0064;-265,2944;81,6112;10;0
2,1260;11,4644;52,2744;18,8831;0,0000;18,8426;191,4644;369,813;75,000;0,000;373,163;11,3226;-41,4361;95,4644;-0,0000;-54,0283;11,3226;82,4294;-163,4954;428,3288;0,0000;-264,8334;82,4294;10;0
2,1280;11,4872;52,1912;19,0748;0,0000;18,7340;191,4872;369,059;75,000;0,000;377,163;11,4882;-41,7614;96,3189;-0,0000;-54,5575;11,4882;83,2709;-161,8129;426,1971;0,0005;-264,3846;83,2707;10;0
2,1300;11,5103;52,1073;19,2683;0,0000;18,6243;191,5103;368,297;75,000;0,000;381,163;11,6556;-42,0834;97,1692;0,0000;-55,0858;11,6556;84,1293;-160,1178;424,0617;0,0000;-263,9438;84,1293;10;0
2,1320;11,5338;52,0228;19,4635;0,0000;18,5136;191,5338;367,526;75,000;0,000;385,163;11,8248;-42,4019;98,0152;0,0000;-55,6133;11,8248;85,0050;-158,4103;421,9234;0,0005;-263,5131;85,0045;10;0
2,1340;11,5576;51,9377;19,6604;0,0000;18,4019;191,5576;366,748;75,000;0,000;389,163;11,9957;-42,7170;98,8569;0,0000;-56,1399;11,9957;85,8985;-156,6902;419,7823;0,0000;-263,0922;85,8985;10;0
2,1360;11,5818;51,8520;19,8589;0,0000;18,2891;191,5818;365,962;75,000;0,000;393,163;12,1684;-43,0287;99,6943;0,0000;-56,6657;12,1684;86,8098;-154,9575;417,6388;0,0009;-262,6813;86,8089;10;0
2,1380;11,6063;51,7656;20,0592;0,0000;18,1752;191,6063;365,167;75,000;0,000;397,163;12,3429;-43,3368;100,5275;0,0000;-57,1906;12,3429;87,7397;-153,2121;415,4931;0,0000;-262,2810;87,7397;10;0
2,1400;11,6312;51,6786;20,2611;0,0000;18,0603;191,6312;364,365;75,000;-0,000;401,163;12,5193;-43,6415;101,3563;0,0000;-57,7148;12,5193;88,6882;-151,4539;413,3455;0,0023;-261,8916;88,6857;10;0
2,1420;11,6564;51,5910;20,4646;0,0000;17,9444;191,6564;363,555;75,000;-0,000;405,163;12,6976;-43,9426;102,1808;0,0000;-58,2382;12,6976;89,6560;-149,6829;411,1961;0,0000;-261,5132;89,6560;10;0
2,1440;11,6820;51,5029;20,6698;0,0000;17,8274;191,6820;362,736;75,000;-0,000;409,163;12,8779;-44,2402;103,0011;0,0000;-58,7608;12,8779;90,6429;-147,8990;409,0456;0,0073;-261,1473;90,6353;10;0
2,1460;11,7079;51,4141;20,8766;0,0000;17,7093;191,7079;361,910;75,000;-0,000;413,163;13,0602;-44,5342;103,8170;0,0000;-59,2828;13,0602;91,6507;-146,1019;406,8934;0,0000;-260,7915;91,6506;10;0
2,1480;11,7342;51,3247;21,0850;0,0000;17,5902;191,7342;361,076;75,000;-0,000;417,163;13,2445;-44,8246;104,6286;0,0000;-59,8040;13,2445;92,6776;-144,2929;404,7434;0,0139;-260,4597;92,6627;10;0
2,1500;11,7609;51,2348;21,2951;0,0000;17,4701;191,7609;360,233;75,000;0,000;421,163;13,4309;-45,1114;105,4360;0,0001;-60,3246;13,4308;93,7269;-142,4681;402,5868;-0,0004;-260,1187;93,7273;10;0
2,1520;11,7879;51,1443;21,5068;0,0000;17,3489;191,7879;359,383;75,000;-0,000;425,163;13,6195;-45,3945;106,2390;-0,0000;-60,8445;13,6195;94,8008;-140,6283;400,4261;-0,0688;-259,7776;94,8734;10;0
2,1540;11,8154;51,0532;21,7201;-0,0000;17,2267;191,8154;358,525;75,000;0,000;429,163;13,8101;-45,6739;107,0377;-0,0002;-61,3637;13,8103;95,8884;-138,7804;398,2780;0,0000;-259,4977;95,8884;10;0
2,1560;11,8432;50,9616;21,9349;-0,0000;17,1035;191,8432;357,658;75,000;-0,000;433,163;14,0030;-45,9496;107,8321;-0,0000;-61,8825;14,0030;96,9996;-136,9174;396,1265;0,0439;-259,2194;96,9533;10;0
2,1580;11,8714;50,8694;22,1514;-0,0000;16,9792;191,8714;356,784;75,000;-0,000;437,163;14,1981;-46,2216;108,6222;-0,0000;-62,4006;14,1981;98,1386;-135,0375;393,9684;0,0010;-258,9306;98,1375;10;0
2,1600;11,9000;50,7767;22,3694;-0,0000;16,8539;191,9000;355,902;75,000;-0,000;441,163;14,3956;-46,4898;109,4080;0,0000;-62,9182;14,3956;99,2984;-133,1450;391,8141;0,0000;-258,6691;99,2984;10;0
2,1620;11,9290;50,6834;22,5890;-0,0000;16,7275;191,9290;355,011;75,000;-0,000;445,163;14,5953;-46,7542;110,1895;0,0000;-63,4353;14,5953;100,4820;-131,2381;389,6600;-0,0004;-258,4222;100,4825;10;0
2,1640;11,9583;50,5897;22,8102;0,0000;16,6001;191,9583;354,113;75,000;-0,000;449,163;14,7975;-47,0147;110,9666;0,0000;-63,9519;14,7975;101,6897;-129,3166;387,5063;0,0000;-258,1898;101,6897;10;0
2,1660;11,9881;50,4954;23,0329;0,0000;16,4717;191,9881;353,207;75,000;-0,000;453,163;15,0021;-47,2714;111,7395;0,0000;-64,4680;15,0021;102,9222;-127,3802;385,3533;0,0017;-257,9729;102,9204;10;0
2,1680;12,0184;50,4006;23,2571;0,0000;16,3423;192,0184;352,292;75,000;-0,000;457,163;15,2092;-47,5243;112,5080;0,0000;-64,9838;15,2092;104,1802;-125,4288;383,2012;-0,0001;-257,7725;104,1803;10;0
2,1700;12,0490;50,3053;23,4829;0,0000;16,2118;192,0490;351,370;75,000;-0,000;461,163;15,4188;-47,7732;113,2723;-0,0000;-65,4991;15,4188;105,4643;-123,4621;381,0500;-0,0039;-257,5879;105,4682;10;0
2,1720;12,0800;50,2095;23,7102;-0,0000;16,0803;192,0800;350,440;75,000;-0,000;465,163;15,6310;-48,0181;114,0322;-0,0000;-66,0141;15,6310;106,7745;-121,4799;378,8998;0,0003;-257,4200;106,7742;10;0
2,1740;12,1115;50,1132;23,9391;0,0000;15,9477;192,1115;349,501;75,000;-0,000;469,163;15,8459;-48,2591;114,7879;0,0000;-66,5288;15,8459;108,1120;-119,4817;376,7506;0,0020;-257,2689;108,1100;10;0
2,1760;12,1434;50,0165;24,1694;0,0000;15,8142;192,1434;348,555;75,000;-0,000;473,163;16,0635;-48,4960;115,5392;0,0000;-67,0432;16,0635;109,4772;-117,4674;374,6026;0,0039;-257,1349;109,4733;10;0
2,1780;12,1758;49,9192;24,4012;0,0000;15,6796;192,1758;347,601;75,000;-0,000;477,163;16,2838;-48,7289;116,2863;0,0000;-67,5573;16,2838;110,8713;-115,4366;372,4561;0,0000;-257,0195;110,8712;10;0
2,1800;12,2085;49,8215;24,6345;0,0000;15,5439;192,2085;346,638;75,000;-0,000;481,163;16,5070;-48,9578;117,0291;0,0000;-68,0713;16,5070;112,2926;-113,3887;370,3101;0,0296;-256,9189;112,2615;10;0
2,1820;12,2418;49,7234;24,8693;0,0000;15,4073;192,2418;345,668;75,000;-0,000;485,163;16,7330;-49,1825;117,7675;0,0001;-68,5850;16,7328;113,7468;-111,3243;368,1670;0,0003;-256,8428;113,7466;10;0
2,1840;12,2755;49,6248;25,1056;0,0000;15,2696;192,2755;344,690;75,000;-0,000;489,163;16,9620;-49,4031;118,5017;0,0000;-69,0987;16,9620;115,2338;-109,2427;366,0263;-0,0714;-256,7888;115,3081;10;0
2,1860;12,3096;49,5258;25,3433;0,0000;15,1309;192,3096;343,703;75,000;-0,000;493,163;17,1939;-49,6195;119,2316;-0,0002;-69,6122;17,1941;111,2566;-91,5981;326,3980;0,0046;-234,7994;111,2519;10;0
2,1880;12,3443;49,4263;25,5825;0,0000;14,9911;192,3443;342,709;75,000;-0,000;497,163;17,4070;-49,7695;119,8073;0,0000;-70,0379;17,4070;89,9842;-25,6045;169,8593;0,0378;-144,2523;89,9450;10;0
2,1900;12,3793;49,3267;25,8226;0,0000;14,8507;192,3793;341,709;75,000;-0,000;499,912;17,5539;-49,7219;119,9111;0,0000;-70,1892;17,5539;61,7074;58,1717;-30,5398;0,0504;-27,6292;61,6549;10;0
2,1920;12,4145;49,2274;26,0622;0,0000;14,7104;192,4145;340,709;75,000;-0,000;500,000;17,6538;-49,5368;119,6852;0,0002;-70,1484;17,6536;49,8037;93,5794;-115,2367;0,0006;21,6571;49,8031;10;0
2,1940;12,4499;49,1286;26,3013;0,0000;14,5701;192,4499;339,709;75,000;-0,000;500,000;17,7531;-49,3476;119,4501;0,0000;-70,1026;17,7531;49,8378;94,5428;-117,1690;-0,1157;22,6198;49,9580;10;0
2,1960;12,4855;49,0301;26,5400;0,0000;14,4300;192,4855;338,709;75,000;0,000;500,000;17,8532;-49,1586;119,2165;-0,0002;-70,0579;17,8534;50,2469;94,4216;-116,4826;-0,0012;22,0614;50,2481;10;0
2,1980;12,5213;48,9319;26,7782;0,0000;14,2899;192,5213;337,709;75,000;-0,000;500,000;17,9541;-48,9699;118,9842;-0,0000;-70,0143;17,9541;50,6633;94,3075;-115,8050;0,0604;21,5009;50,6006;10;0
2,2000;12,5573;48,8342;27,0159;-0,0000;14,1499;192,5573;336,709;75,000;0,000;500,000;18,0558;-48,7814;118,7533;-0,0000;-69,9719;18,0558;51,0907;94,1999;-115,1349;0,0013;20,9346;51,0893;10;0
2,2020;12,5935;48,7368;27,2532;0,0000;14,0100;192,5935;335,709;75,000;-0,000;500,000;18,1584;-48,5931;118,5237;0,0000;-69,9306;18,1584;51,5196;94,1001;-114,4754;0,0000;20,3753;51,5195;10;0
2,2040;12,6299;48,6398;27,4900;0,0000;13,8702;192,6299;334,709;75,000;-0,000;500,000;18,2619;-48,4050;118,2954;0,0000;-69,8904;18,2619;51,9525;94,0078;-113,8257;0,0126;19,8194;51,9399;10;0
2,2060;12,6666;48,5432;27,7264;0,0000;13,7305;192,6666;333,709;75,000;-0,000;500,000;18,3662;-48,2171;118,0684;0,0001;-69,8513;18,3662;52,3915;93,9224;-113,1844;0,0001;19,2621;52,3915;10;0
2,2080;12,7034;48,4469;27,9623;0,0000;13,5908;192,7034;332,709;75,000;-0,000;500,000;18,4715;-48,0293;117,8426;0,0000;-69,8133;18,4715;52,8239;93,8424;-112,5478;0,2237;18,6892;52,5940;10;0
2,2100;12,7404;48,3511;28,1977;0,0000;13,4512;192,7404;331,709;75,000;-0,000;500,000;18,5775;-47,8417;117,6182;0,0009;-69,7765;18,5766;53,2829;93,7734;-111,9300;-0,0084;18,1528;53,2913;10;0
2,2120;12,7777;48,2556;28,4327;0,0000;13,3117;192,7777;330,709;75,000;-0,000;500,000;18,6846;-47,6542;117,3949;-0,0000;-69,7407;18,6846;53,7600;93,7136;-111,3253;-0,4880;17,6408;54,2604;10;0
2,2140;12,8152;48,1604;28,6673;-0,0000;13,1722;192,8152;329,709;75,000;0,000;500,000;18,7926;-47,4668;117,1729;-0,0010;-69,7060;18,7936;54,1943;93,6541;-110,7120;0,0165;17,0654;54,1778;10;0
2,2160;12,8529;48,0657;28,9014;0,0000;13,0329;192,8529;328,709;75,000;-0,000;500,000;18,9014;-47,2796;116,9521;0,0000;-69,6725;18,9013;54,6454;93,6026;-110,1114;0,2506;16,4946;54,3886;10;0
2,2180;12,8908;47,9713;29,1351;0,0000;12,8935;192,8908;327,709;75,000;0,000;500,000;19,0111;-47,0924;116,7324;-0,0000;-69,6400;19,0111;55,1262;93,5619;-109,5281;-0,0082;15,9624;55,1345;10;0
2,2200;12,9289;47,8773;29,3684;-0,0000;12,7543;192,9289;326,709;75,000;-0,000;500,000;19,1219;-46,9053;116,5139;0,0000;-69,6086;19,1219;55,6000;93,5271;-108,9496;0,0007;15,4227;55,5993;10;0
2,2220;12,9673;47,7837;29,6012;0,0000;12,6151;192,9673;325,709;75,000;-0,000;500,000;19,2335;-46,7183;116,2966;0,0000;-69,5783;19,2335;56,0791;93,4991;-108,3792;0,0012;14,8799;56,0779;10;0
2,2240;13,0059;47,6905;29,8336;0,0000;12,4760;193,0059;324,709;75,000;-0,000;500,000;19,3462;-46,5313;116,0804;0,0000;-69,5491;19,3462;56,5638;93,4782;-107,8174;-0,0003;14,3391;56,5641;10;0
2,2260;13,0447;47,5976;30,0655;0,0000;12,3369;193,0447;323,709;75,000;-0,000;500,000;19,4598;-46,3444;115,8654;0,0000;-69,5210;19,4598;57,0529;93,4646;-107,2647;0,0205;13,8028;57,0324;10;0
2,2280;13,0837;47,5051;30,2970;0,0000;12,1979;193,0837;322,709;75,000;-0,000;500,000;19,5744;-46,1575;115,6514;0,0001;-69,4939;19,5743;57,5495;93,4574;-106,7186;0,0002;13,2612;57,5493;10;0
2,2300;13,1230;47,4130;30,5281;0,0000;12,0589;193,1230;321,709;75,000;-0,000;500,000;19,6900;-45,9706;115,4385;0,0000;-69,4679;19,6900;58,0528;93,4569;-106,1800;-0,0446;12,7182;58,0977;10;0
2,2320;13,1625;47,3212;30,7588;0,0000;11,9200;193,1625;320,709;75,000;-0,000;500,000;19,8066;-45,7837;115,2267;-0,0001;-69,4430;19,8067;58,5576;93,4647;-105,6525;0,0044;12,1882;58,5531;10;0
2,2340;13,2022;47,2298;30,9890;0,0000;11,7812;193,2022;319,709;75,000;-0,000;500,000;19,9242;-45,5967;115,0159;0,0000;-69,4192;19,9242;59,0696;93,4790;-105,1321;0,0229;11,6554;59,0465;10;0
2,2360;13,2422;47,1388;31,2188;0,0000;11,6424;193,2422;318,709;75,000;-0,000;500,000;20,0429;-45,4097;114,8061;0,0000;-69,3964;20,0429;53,2471;107,5781;-140,3767;0,0470;32,8042;53,1986;10;0
2,2380;13,2824;47,0482;31,4482;0,0000;11,5036;193,2824;317,709;75,000;-0,000;500,000;20,1372;-45,1664;114,4544;0,0002;-69,2879;20,1370;27,4006;165,4338;-287,1806;0,0012;121,7466;27,3994;10;0
2,2400;13,3227;46,9581;31,6767;0,0000;11,3652;193,3227;316,712;75,000;-0,000;498,750;20,1525;-44,7480;113,6574;0,0000;-68,9094;20,1525;-6,5971;239,3260;-475,9314;-0,1081;236,5934;-6,4859;10;0
2,2420;13,3630;46,8692;31,9029;0,0000;11,2279;193,3630;315,722;75,000;0,000;494,837;20,1108;-44,2091;112,5506;-0,0002;-68,3416;20,1111;-21,7428;269,3599;-554,4444;0,0175;285,0872;-21,7603;10;0
2,2440;13,4031;46,7813;32,1269;0,0000;11,0918;193,4031;314,740;75,000;-0,000;490,837;20,0655;-43,6706;111,4396;0,0001;-67,7691;20,0654;-23,1200;268,1912;-554,0754;0,0566;285,8903;-23,1782;10;0
2,2460;13,4432;46,6945;32,3486;0,0000;10,9569;193,4432;313,767;75,000;-0,000;486,837;20,0184;-43,1363;110,3343;0,0000;-67,1980;20,0184;-24,0571;266,0520;-551,2401;-0,0386;285,1832;-24,0184;10;0
2,2480;13,4832;46,6088;32,5682;0,0000;10,8230;193,4832;312,801;75,000;-0,000;482,837;19,9693;-42,6064;109,2347;-0,0001;-66,6283;19,9694;-25,0073;263,9360;-548,4569;-0,0007;284,5207;-25,0066;10;0
2,2500;13,5231;46,5241;32,7856;0,0000;10,6904;193,5231;311,843;75,000;0,000;478,837;19,9183;-42,0806;108,1405;-0,0000;-66,0599;19,9183;-25,9639;261,8409;-545,7196;0,0199;283,8811;-25,9839;10;0
2,2520;13,5629;46,4404;33,0008;-0,0000;10,5588;193,5629;310,894;75,000;-0,000;474,837;19,8654;-41,5590;107,0518;0,0000;-65,4928;19,8654;-26,9260;259,7658;-543,0265;0,0004;283,2609;-26,9263;10;0
2,2540;13,6026;46,3578;33,2138;0,0000;10,4284;193,6026;309,952;75,000;-0,000;470,837;19,8106;-41,0415;105,9684;-0,0000;-64,9269;19,8106;-27,8957;257,7112;-540,3786;-0,0000;282,6674;-27,8957;10;0
2,2560;13,6421;46,2763;33,4246;-0,0000;10,2991;193,6421;309,018;75,000;-0,000;466,837;19,7539;-40,5281;104,8903;-0,0000;-64,3621;19,7539;-28,8724;255,6763;-537,7739;0,0067;282,0964;-28,8790;10;0
2,2580;13,6816;46,1957;33,6333;0,0000;10,1709;193,6816;308,093;75,000;-0,000;462,837;19,6951;-40,0188;103,8173;0,0000;-63,7985;19,6951;-29,8553;253,6611;-535,2128;-0,0000;281,5517;-29,8553;10;0
2,2600;13,7209;46,1162;33,8399;0,0000;10,0439;193,7209;307,175;75,000;-0,000;458,837;19,6344;-39,5135;102,7494;-0,0000;-63,2359;19,6344;-30,8444;251,6651;-532,6938;-0,0124;281,0312;-30,8323;10;0
2,2620;13,7601;46,0377;34,0443;-0,0000;9,9180;193,7601;306,265;75,000;-0,000;454,837;19,5718;-39,0122;101,6865;-0,0000;-62,6744;19,5718;-31,8409;249,6873;-530,2144;0,0000;280,5271;-31,8409;10;0
2,2640;13,7992;45,9602;34,2466;0,0000;9,7932;193,7992;305,364;75,000;-0,000;450,837;19,5071;-38,5148;100,6286;0,0000;-62,1138;19,5071;-32,8433;247,7281;-527,7755;0,0076;280,0460;-32,8507;10;0
2,2660;13,8381;45,8836;34,4468;0,0000;9,6695;193,8381;304,470;75,000;-0,000;446,837;19,4404;-38,0212;99,5754;0,0000;-61,5542;19,4404;-33,8510;245,7873;-525,3767;-0,0000;279,5895;-33,8510;10;0
2,2680;13,8770;45,8081;34,6449;0,0000;9,5470;193,8770;303,584;75,000;-0,000;442,837;19,3717;-37,5316;98,5271;0,0000;-60,9955;19,3717;-34,8651;243,8644;-523,0168;0,0044;279,1545;-34,8694;10;0
2,2700;13,9156;45,7335;34,8410;0,0000;9,4256;193,9156;302,707;75,000;-0,000;438,837;19,3009;-37,0458;97,4834;0,0000;-60,4376;19,3009;-35,8845;241,9586;-520,6934;0,0000;278,7348;-35,8845;10;0
2,2720;13,9542;45,6599;35,0349;0,0000;9,3052;193,9542;301,837;75,000;-0,000;434,837;19,2281;-36,5638;96,4443;0,0000;-59,8805;19,2281;-36,9090;240,0700;-518,4067;-0,0146;278,3328;-36,8945;10;0
2,2740;13,9925;45,5872;35,2267;0,0000;9,1860;193,9925;300,975;75,000;-0,000;430,837;19,1533;-36,0855;95,4097;-0,0000;-59,3242;19,1533;-37,9398;238,1992;-516,1586;-0,0001;277,9593;-37,9398;10;0
2,2760;14,0308;45,5155;35,4165;-0,0000;9,0679;194,0308;300,122;75,000;-0,000;426,837;19,0764;-35,6110;94,3796;-0,0000;-58,7687;19,0764;-38,9756;236,3451;-513,9456;0,0091;277,6025;-38,9846;10;0
2,2780;14,0689;45,4448;35,6043;0,0000;8,9510;194,0689;299,276;75,000;-0,000;422,837;18,9974;-35,1401;93,3540;0,0000;-58,2138;18,9974;-40,0156;234,5071;-511,7665;0,0016;277,2593;-40,0172;10;0
2,2800;14,1068;45,3750;35,7899;0,0000;8,8351;194,1068;298,438;75,000;-0,000;418,837;18,9163;-34,6729;92,3326;0,0000;-57,6596;18,9163;-41,0605;232,6858;-509,6224;-0,0006;276,9365;-41,0598;10;0
2,2820;14,1445;45,3061;35,9736;0,0000;8,7203;194,1445;297,609;75,000;-0,000;414,837;18,8331;-34,2094;91,3155;0,0000;-57,1061;18,8331;-42,1098;230,8807;-507,5120;-0,0039;276,6315;-42,1059;10;0
2,2840;14,1821;45,2381;36,1552;0,0000;8,6067;194,1821;296,787;75,000;-0,000;410,837;18,7479;-33,7494;90,3025;-0,0000;-56,5531;18,7479;-43,1637;229,0915;-505,4348;0,0000;276,3433;-43,1637;10;0
2,2860;14,2195;45,1711;36,3348;-0,0000;8,4941;194,2195;295,973;75,000;-0,000;406,837;18,6605;-33,2930;89,2937;0,0000;-56,0007;18,6605;-44,2219;227,3182;-503,3899;0,0090;276,0710;-44,2309;10;0
2,2880;14,2567;45,1050;36,5124;0,0000;8,3827;194,2567;295,168;75,000;-0,000;402,837;18,5710;-32,8401;88,2890;0,0000;-55,4488;18,5710;-45,2833;225,5607;-501,3774;-0,0000;275,8167;-45,2833;10;0
2,2900;14,2938;45,0397;36,6879;0,0000;8,2723;194,2938;294,370;75,000;-0,000;398,837;18,4793;-32,3908;87,2882;-0,0000;-54,8974;18,4793;-46,3481;223,8188;-499,3965;-0,0129;275,5791;-46,3353;10;0
2,2920;14,3307;44,9754;36,8615;-0,0000;8,1631;194,3307;293,580;75,000;-0,000;394,837;18,3856;-31,9449;86,2914;-0,0000;-54,3465;18,3856;-47,4173;222,0920;-497,4457;0,0015;275,3536;-47,4188;10;0
2,2940;14,3673;44,9120;37,0331;0,0000;8,0549;194,3673;292,799;75,000;-0,000;390,837;18,2897;-31,5024;85,2984;0,0000;-53,7960;18,2897;-48,4894;220,3806;-495,5255;0,0061;275,1442;-48,4955;10;0
2,2960;14,4038;44,8494;37,2027;0,0000;7,9479;194,4038;292,025;75,000;-0,000;386,837;18,1916;-31,0633;84,3093;-0,0000;-53,2459;18,1916;-49,5639;218,6846;-493,6358;-0,0032;274,9521;-49,5606;10;0
2,2980;14,4401;44,7877;37,3703;0,0000;7,8419;194,4401;291,259;75,000;-0,000;382,837;18,0914;-30,6277;83,3239;-0,0000;-52,6962;18,0914;-50,6415;217,0034;-491,7747;-0,0000;274,7713;-50,6415;10;0
2,3000;14,4762;44,7269;37,5360;-0,0000;7,7371;194,4762;290,502;75,000;-0,000;378,837;17,9891;-30,1953;82,3422;-0,0000;-52,1469;17,9891;-51,7206;215,3371;-489,9423;-0,0247;274,6033;-51,6962;10;0
2,3020;14,5121;44,6669;37,6997;-0,0000;7,6334;194,5121;289,752;75,000;-0,000;374,837;17,8845;-29,7663;81,3641;-0,0001;-51,5978;17,8846;-52,8035;213,6861;-488,1393;0,0001;274,4533;-52,8036;10;0
2,3040;14,5477;44,6078;37,8615;-0,0000;7,5307;194,5477;289,010;75,000;-0,000;370,837;17,7778;-29,3406;80,3896;0,0000;-51,0490;17,7778;-53,8893;212,0498;-486,3642;0,0532;274,3157;-53,9419;10;0
2,3060;14,5832;44,5496;38,0213;0,0000;7,4292;194,5832;288,277;75,000;-0,000;366,837;17,6690;-28,9181;79,4187;0,0001;-50,5005;17,6689;-54,9733;210,4279;-484,6159;-0,0007;274,1879;-54,9726;10;0
2,3080;14,6184;44,4921;38,1791;0,0000;7,3287;194,6184;287,551;75,000;0,000;362,837;17,5580;-28,4989;78,4512;-0,0000;-49,9523;17,5580;-56,0596;208,8209;-482,8950;-0,0267;274,0738;-56,0332;10;0
2,3100;14,6534;44,4356;38,3351;-0,0000;7,2293;194,6534;286,833;75,000;-0,000;358,837;17,4447;-28,0828;77,4871;0,0000;-49,4042;17,4447;-57,1490;207,2286;-481,2009;0,0059;273,9721;-57,1549;10;0
2,3120;14,6882;44,3798;38,4891;0,0000;7,1311;194,6882;286,124;75,000;-0,000;354,837;17,3294;-27,6700;76,5264;0,0000;-48,8564;17,3293;-58,2380;205,6508;-479,5332;-0,0000;273,8824;-58,2380;10;0
2,3140;14,7227;44,3249;38,6412;0,0000;7,0339;194,7227;285,422;75,000;-0,000;350,837;17,2118;-27,2602;75,5689;-0,0000;-48,3087;17,2118;-59,3270;204,0877;-477,8917;-0,0264;273,8053;-59,3004;10;0
2,3160;14,7570;44,2708;38,7914;-0,0000;6,9379;194,7570;284,728;75,000;-0,000;346,837;17,0921;-26,8536;74,6148;-0,0001;-47,7612;17,0921;-60,4179;202,5389;-476,2751;-0,0000;273,7362;-60,4179;10;0
2,3180;14,7911;44,2175;38,9396;-0,0000;6,8429;194,7911;284,043;75,000;-0,000;342,837;16,9701;-26,4501;73,6638;-0,0000;-47,2138;16,9701;-61,5091;201,0046;-474,6836;0,0375;273,6773;-61,5469;10;0
2,3200;14,8249;44,1650;39,0860;-0,0000;6,7490;194,8249;283,365;75,000;-0,000;338,837;16,8460;-26,0496;72,7161;0,0001;-46,6665;16,8459;-62,5979;199,4851;-473,1180;0,0013;273,6328;-62,5993;10;0
2,3220;14,8585;44,1133;39,2305;0,0000;6,6562;194,8585;282,695;75,000;-0,000;334,837;16,7197;-25,6521;71,7714;0,0000;-46,1192;16,7197;-63,6868;197,9801;-471,5766;-0,0164;273,5972;-63,6702;10;0
2,3240;14,8918;44,0624;39,3731;0,0000;6,5645;194,8918;282,033;75,000;-0,000;330,837;16,5913;-25,2577;70,8298;-0,0000;-45,5721;16,5913;-64,7756;196,4894;-470,0591;-0,0048;273,5700;-64,7708;10;0
2,3260;14,9248;44,0122;39,5138;-0,0000;6,4739;194,9248;281,380;75,000;-0,000;326,837;16,4606;-24,8662;69,8911;-0,0000;-45,0250;16,4606;-65,8632;195,0132;-468,5655;0,0000;273,5523;-65,8632;10;0
2,3280;14,9576;43,9629;39,6527;-0,0000;6,3844;194,9576;280,734;75,000;-0,000;322,837;16,3278;-24,4776;68,9555;0,0000;-44,4779;16,3278;-66,9493;193,5515;-467,0953;0,0047;273,5426;-66,9541;10;0
2,3300;14,9901;43,9143;39,7897;-0,0000;6,2960;194,9901;280,096;75,000;-0,000;318,837;16,1928;-24,0920;68,0228;0,0000;-43,9308;16,1928;-68,0334;192,1047;-465,6491;0,0000;273,5445;-68,0334;10;0
2,3320;15,0224;43,8665;39,9248;-0,0000;6,2087;195,0224;279,467;75,000;-0,000;314,837;16,0557;-23,7092;67,0929;0,0000;-43,3837;16,0557;-69,1161;190,6724;-464,2260;0,0185;273,5550;-69,1344;10;0
2,3340;15,0544;43,8195;40,0580;0,0000;6,1225;195,0544;278,845;75,000;-0,000;310,837;15,9164;-23,3293;66,1659;0,0001;-42,8366;15,9163;-70,1954;189,2544;-462,8249;-0,0001;273,5704;-70,1954;10;0
2,3360;15,0861;43,7732;40,1894;0,0000;6,0374;195,0861;278,231;75,000;-0,000;306,837;15,7749;-22,9522;65,2416;-0,0000;-42,2894;15,7749;-71,2700;187,8508;-461,4451;-0,1024;273,5890;-71,1675;10;0
2,3380;15,1175;43,7277;40,3190;-0,0000;5,9533;195,1175;277,626;75,000;-0,000;302,837;15,6313;-22,5779;64,3201;-0,0003;-41,7422;15,6316;-72,3469;186,4628;-460,0906;0,0016;273,6277;-72,3484;10;0
2,3400;15,1486;43,6829;40,4467;-0,0000;5,8704;195,1486;277,028;75,000;-0,000;298,837;15,4855;-22,2063;63,4012;0,0000;-41,1949;15,4855;-73,4216;185,0901;-458,7594;0,1467;273,6792;-73,5686;10;0
2,3420;15,1794;43,6389;40,5726;0,0000;5,7885;195,1794;276,438;75,000;0,000;294,837;15,3376;-21,8375;62,4850;0,0003;-40,6475;15,3373;-74,4851;183,7303;-457,4443;-0,0051;273,7143;-74,4800;10;0
2,3440;15,2099;43,5956;40,6966;-0,0000;5,7078;195,2099;275,857;75,000;-0,000;290,837;15,1876;-21,4714;61,5715;-0,0000;-40,1000;15,1876;-75,5469;182,3858;-456,1521;-0,0640;273,7612;-75,4827;10;0
2,3460;15,2402;43,5530;40,8189;-0,0000;5,6281;195,2402;275,283;75,000;-0,000;286,837;15,0354;-21,1080;60,6604;0,0000;-39,5525;15,0354;-76,6078;181,0573;-454,8841;0,0057;273,8265;-76,6135;10;0
2,3480;15,2701;43,5111;40,9393;0,0000;5,5496;195,2701;274,717;75,000;-0,000;282,837;14,8811;-20,7472;59,7519;0,0000;-39,0047;14,8811;-77,6623;179,7433;-453,6358;0,0004;273,8925;-77,6627;10;0
2,3500;15,2997;43,4700;41,0579;0,0000;5,4721;195,2997;274,160;75,000;-0,000;278,837;14,7248;-20,3890;58,8459;0,0000;-38,4569;14,7248;-78,7119;178,4443;-452,4084;-0,0021;273,9641;-78,7098;10;0
2,3520;15,3290;43,4296;41,1747;0,0000;5,3958;195,3290;273,610;75,000;-0,000;274,837;14,5663;-20,0334;57,9423;-0,0000;-37,9089;14,5663;-79,7564;177,1606;-451,2016;-0,0012;274,0410;-79,7552;10;0
2,3540;15,3580;43,3899;41,2897;0,0000;5,3205;195,3580;273,068;75,000;0,000;270,837;14,4057;-19,6804;57,0411;-0,0000;-37,3607;14,4057;-80,7904;175,8908;-450,0119;-0,2093;274,1086;-80,5807;10;0
2,3560;15,3866;43,3508;41,4028;-0,0000;5,2463;195,3866;272,535;75,000;-0,000;266,837;14,2431;-19,3298;56,1422;-0,0008;-36,8124;14,2440;-81,8283;174,6388;-448,8493;0,0109;274,2100;-81,8392;10;0
2,3580;15,4149;43,3125;41,5142;-0,0000;5,1732;195,4149;272,009;75,000;-0,000;262,837;14,0784;-18,9818;55,2457;0,0000;-36,2639;14,0784;-82,8647;173,4034;-447,7104;0,4186;274,3318;-83,2842;10;0
2,3600;15,4429;43,2749;41,6238;0,0000;5,1013;195,4429;271,491;75,000;0,000;258,838;13,9117;-18,6362;54,3514;0,0008;-35,7151;13,9108;-83,8752;172,1788;-446,5777;-0,0200;274,4000;-83,8552;10;0
2,3620;15,4706;43,2380;41,7316;-0,0000;5,0304;195,4706;270,982;75,000;-0,000;254,837;13,7429;-18,2931;53,4594;-0,0000;-35,1663;13,7430;-84,8838;170,9709;-445,4682;-0,2096;274,4848;-84,6737;10;0
2,3640;15,4979;43,2017;41,8377;-0,0000;4,9606;195,4979;270,480;75,000;0,000;250,837;13,5721;-17,9523;52,5695;-0,0000;-34,6172;13,5721;-85,8907;169,7806;-444,3837;-0,1732;274,5970;-85,7174;10;0
2,3660;15,5249;43,1662;41,9419;-0,0000;4,8919;195,5249;269,986;75,000;-0,000;246,837;13,3994;-17,6140;51,6818;-0,0007;-34,0679;13,4001;-86,8933;168,6060;-443,3183;0,0045;274,7120;-86,8978;10;0
2,3680;15,5515;43,1313;42,0444;-0,0000;4,8243;195,5515;269,501;75,000;-0,000;242,837;13,2246;-17,2779;50,7963;0,0000;-33,5183;13,2245;-87,8918;167,4478;-442,2738;0,3661;274,8372;-88,2582;10;0
2,3700;15,5778;43,0971;42,1451;0,0000;4,7578;195,5778;269,023;75,000;0,000;238,837;13,0478;-16,9442;49,9127;0,0007;-32,9685;13,0471;-88,8663;166,3035;-441,2424;-0,0115;274,9396;-88,8548;10;0
2,3720;15,6037;43,0635;42,2440;-0,0000;4,6924;195,6037;268,553;75,000;0,000;234,837;12,8691;-16,6127;49,0313;-0,0000;-32,4186;12,8691;-89,8363;165,1758;-440,2316;-0,1830;275,0502;-89,6531;10;0
2,3740;15,6292;43,0306;42,3412;-0,0000;4,6282;195,6292;268,092;75,000;0,000;230,837;12,6884;-16,2835;48,1518;0,0000;-31,8683;12,6884;-90,8054;164,0654;-439,2427;0,0126;275,1769;-90,8180;10;0
2,3760;15,6544;42,9984;42,4366;0,0000;4,5650;195,6544;267,638;75,000;0,000;226,837;12,5059;-15,9564;47,2743;0,0000;-31,3179;12,5059;-91,7610;162,9709;-438,2713;-0,0000;275,3004;-91,7609;10;0
2,3780;15,6793;42,9668;42,5303;0,0000;4,5029;195,6793;267,192;75,000;0,000;222,837;12,3214;-15,6316;46,3987;-0,0000;-30,7671;12,3214;-92,7070;161,8928;-437,3185;-0,0080;275,4259;-92,6990;10;0
2,3800;15,7037;42,9359;42,6222;-0,0000;4,4419;195,7037;266,755;75,000;0,000;218,837;12,1351;-15,3089;45,5250;-0,0000;-30,2162;12,1351;-93,6435;160,8312;-436,3842;0,0000;275,5530;-93,6435;10;0
2,3820;15,7278;42,9056;42,7124;-0,0000;4,3820;195,7278;266,325;75,000;0,000;214,837;11,9468;-14,9883;44,6532;0,0000;-29,6649;11,9468;-94,5697;159,7863;-435,4684;0,0036;275,6820;-94,5733;10;0
2,3840;15,7515;42,8759;42,8009;0,0000;4,3232;195,7515;265,903;75,000;0,000;210,837;11,7568;-14,6697;43,7832;0,0000;-29,1134;11,7568;-95,4856;158,7582;-434,5709;0,0218;275,8119;-95,5074;10;0
2,3860;15,7748;42,8469;42,8875;0,0000;4,2656;195,7748;265,490;75,000;0,000;206,837;11,5649;-14,3532;42,9149;0,0001;-28,5617;11,5648;-96,3898;157,7471;-433,6919;-0,0012;275,9448;-96,3886;10;0
2,3880;15,7978;42,8185;42,9725;0,0000;4,2090;195,7978;265,084;75,000;0,000;202,837;11,3712;-14,0387;42,0484;-0,0000;-28,0097;11,3712;-97,2824;156,7531;-432,8314;-0,0470;276,0796;-97,2354;10;0
2,3900;15,8203;42,7907;43,0557;-0,0000;4,1535;195,8203;264,686;75,000;0,000;198,837;11,1758;-13,7262;41,1836;-0,0001;-27,4574;11,1759;-98,1653;155,7760;-431,9882;0,0004;276,2121;-98,1657;10;0
2,3920;15,8425;42,7636;43,1372;-0,0000;4,0992;195,8425;264,297;75,000;0,000;194,837;10,9786;-13,4156;40,3204;0,0000;-26,9048;10,9786;-99,0359;154,8163;-431,1631;0,0284;276,3463;-99,0644;10;0
2,3940;15,8642;42,7371;43,2170;0,0000;4,0459;195,8642;263,915;75,000;0,000;190,837;10,7796;-13,1070;39,4589;0,0000;-26,3520;10,7796;-99,8935;153,8740;-430,3563;0,0055;276,4822;-99,8990;10;0
2,3960;15,8856;42,7112;43,2951;-0,0000;3,9938;195,8856;263,541;75,000;0,000;186,837;10,5790;-12,8001;38,5990;0,0000;-25,7989;10,5790;-100,7388;152,9492;-429,5672;-0,0031;276,6179;-100,7356;10;0
2,3980;15,9065;42,6859;43,3714;0,0000;3,9427;195,9065;263,176;75,000;0,000;182,837;10,3767;-12,4952;37,7407;0,0000;-25,2455;10,3767;-101,5714;152,0420;-428,7960;-0,0102;276,7542;-101,5611;10;0
2,4000;15,9271;42,6612;43,4460;-0,0000;3,8928;195,9271;262,818;75,000;0,000;178,837;10,1727;-12,1920;36,8838;-0,0000;-24,6919;10,1727;-102,3911;151,1526;-428,0422;-0,0001;276,8897;-102,3910;10;0
2,4020;15,9472;42,6371;43,5190;0,0000;3,8440;195,9472;262,468;75,000;0,000;174,837;9,9671;-11,8906;36,0285;0,0000;-24,1379;9,9671;-103,1974;150,2810;-427,3061;0,0038;277,0250;-103,2013;10;0
2,4040;15,9670;42,6136;43,5902;-0,0000;3,7962;195,9670;262,127;75,000;0,000;170,837;9,7599;-11,5909;35,1746;-0,0000;-23,5838;9,7599;-103,9891;149,4274;-426,5876;-0,0407;277,1602;-103,9483;10;0
2,4060;15,9863;42,5907;43,6597;0,0000;3,7496;195,9863;261,793;75,000;0,000;166,837;9,5511;-11,2928;34,3221;-0,0002;-23,0293;9,5513;-104,7683;148,5919;-425,8867;0,0006;277,2947;-104,7689;10;0
2,4080;16,0052;42,5684;43,7274;-0,0000;3,7041;196,0052;261,467;75,000;0,000;162,837;9,3408;-10,9965;33,4711;-0,0000;-22,4746;9,3408;-105,5336;147,7748;-425,2035;0,0681;277,4302;-105,6020;10;0
2,4100;16,0236;42,5467;43,7935;0,0000;3,6597;196,0236;261,149;75,000;0,000;158,837;9,1290;-10,7017;32,6213;0,0001;-21,9196;9,1289;-106,2820;146,9757;-424,5368;0,0001;277,5611;-106,2821;10;0
2,4120;16,0417;42,5256;43,8579;-0,0000;3,6164;196,0417;260,840;75,000;0,000;154,837;8,9157;-10,4086;31,7729;-0,0000;-21,3643;8,9157;-107,0165;146,1950;-423,8872;-0,0141;277,6894;-107,0023;10;0
2,4140;16,0593;42,5051;43,9206;-0,0000;3,5743;196,0593;260,538;75,000;0,000;150,837;8,7009;-10,1170;30,9258;0,0001;-20,8088;8,7009;-107,7362;145,4333;-423,2563;0,0001;277,8230;-107,7363;10;0
2,4160;16,0765;42,4852;43,9816;0,0000;3,5332;196,0765;260,244;75,000;0,000;146,837;8,4848;-9,8268;30,0799;0,0000;-20,2530;8,4848;-108,4401;144,6902;-422,6422;-0,0135;277,9534;-108,4266;10;0
2,4180;16,0932;42,4658;44,0409;0,0000;3,4932;196,0932;259,959;75,000;0,000;142,837;8,2672;-9,5382;29,2352;-0,0000;-19,6970;8,2672;-109,1277;143,9656;-422,0443;-0,0566;278,0778;-109,0711;10;0
2,4200;16,1096;42,4470;44,0986;0,0000;3,4544;196,1096;259,681;75,000;0,000;138,837;8,0482;-9,2510;28,3917;-0,0002;-19,1407;8,0485;-109,8010;143,2601;-421,4645;-0,0000;278,2043;-109,8010;10;0
2,4220;16,1254;42,4288;44,1545;-0,0000;3,4167;196,1254;259,411;75,000;0,000;134,837;7,8280;-8,9652;27,5494;-0,0000;-18,5842;7,8280;-110,4582;142,5740;-420,9026;0,0692;278,3328;-110,5275;10;0
2,4240;16,1409;42,4112;44,2088;0,0000;3,3801;196,1409;259,150;75,000;0,000;130,837;7,6064;-8,6807;26,7081;0,0001;-18,0274;7,6064;-111,0967;141,9062;-420,3554;-0,0002;278,4493;-111,0965;10;0
2,4260;16,1559;42,3941;44,2613;-0,0000;3,3446;196,1559;258,896;75,000;0,000;126,837;7,3836;-8,3975;25,8679;-0,0000;-17,4704;7,3836;-111,7205;141,2576;-419,8253;0,0611;278,5634;-111,7815;10;0
2,4280;16,1704;42,3776;44,3122;-0,0000;3,3102;196,1704;258,650;75,000;0,000;122,837;7,1595;-8,1157;25,0288;0,0003;-16,9131;7,1592;-112,3254;140,6291;-419,3144;0,0004;278,6853;-112,3257;10;0
2,4300;16,1845;42,3616;44,3615;0,0000;3,2769;196,1845;258,413;75,000;0,000;118,837;6,9343;-7,8350;24,1907;0,0000;-16,3557;6,9343;-112,9123;140,0197;-418,8194;-0,1077;278,7999;-112,8046;10;0
2,4320;16,1981;42,3462;44,4090;0,0000;3,2448;196,1981;258,183;75,000;0,000;114,837;6,7079;-7,5556;23,3535;-0,0001;-15,7979;6,7080;-113,4850;139,4297;-418,3412;-0,0001;278,9114;-113,4849;10;0
2,4340;16,2113;42,3314;44,4549;-0,0000;3,2137;196,2113;257,961;75,000;0,000;110,837;6,4803;-7,2773;22,5173;-0,0000;-15,2400;6,4803;-114,0389;138,8595;-417,8800;0,0382;279,0209;-114,0771;10;0
2,4360;16,2241;42,3171;44,4991;0,0000;3,1838;196,2241;257,748;75,000;0,000;106,837;6,2517;-7,0001;21,6820;0,0000;-14,6819;6,2517;-114,5745;138,3083;-417,4339;0,0491;279,1200;-114,6235;10;0
2,4380;16,2363;42,3034;44,5416;-0,0000;3,1550;196,2363;257,542;75,000;0,000;102,837;6,0220;-6,7241;20,8476;0,0002;-14,1235;6,0219;-115,0910;137,7781;-417,0079;-0,0043;279,2302;-115,0867;10;0
2,4400;16,2481;42,2902;44,5825;0,0000;3,1273;196,2481;257,344;75,000;0,000;98,837;5,7914;-6,4490;20,0140;-0,0000;-13,5649;5,7914;-115,5885;137,2681;-416,6000;-0,0981;279,3431;-115,4905;10;0
2,4420;16,2595;42,2776;44,6217;-0,0000;3,1007;196,2595;257,155;75,000;0,000;94,837;5,5597;-6,1750;19,1812;-0,0002;-13,0062;5,5599;-116,0703;136,7762;-416,2030;0,0008;279,4268;-116,0711;10;0
2,4440;16,2704;42,2655;44,6592;0,0000;3,0753;196,2704;256,973;75,000;0,000;90,837;5,3271;-5,9019;18,3492;0,0000;-12,4472;5,3271;-116,5310;136,3048;-415,8238;-0,0622;279,5122;-116,4685;10;0
2,4460;16,2808;42,2540;44,6951;0,0000;3,0510;196,2808;256,799;75,000;0,000;86,837;5,0936;-5,6298;17,5179;-0,0004;-11,8881;5,0940;-116,9744;135,8547;-415,4652;-0,0009;279,6105;-116,9735;10;0
2,4480;16,2908;42,2430;44,7293;-0,0000;3,0277;196,2908;256,634;75,000;0,000;82,837;4,8592;-5,3585;16,6873;-0,0000;-11,3288;4,8592;-117,4004;135,4246;-415,1228;0,1755;279,7034;-117,5762;10;0
2,4500;16,3002;42,2326;44,7618;0,0000;3,0056;196,3002;256,476;75,000;0,000;78,837;4,6240;-5,0881;15,8574;0,0003;-10,7693;4,6237;-117,8021;135,0140;-414,7943;0,0000;279,7803;-117,8021;10;0
2,4520;16,3093;42,2226;44,7927;-0,0000;2,9847;196,3093;256,326;75,000;0,000;74,837;4,3880;-4,8185;15,0281;-0,0000;-10,2097;4,3880;-118,1867;134,6236;-414,4821;-0,0066;279,8522;-118,1799;10;0
2,4540;16,3178;42,2133;44,8219;-0,0000;2,9648;196,3178;256,185;75,000;0,000;70,837;4,1512;-4,5496;14,1995;0,0002;-9,6499;4,1510;-118,5518;134,2548;-414,1901;0,0003;279,9353;-118,5521;10;0
2,4560;16,3259;42,2044;44,8495;0,0000;2,9461;196,3259;256,051;75,000;0,000;66,837;3,9138;-4,2814;13,3714;0,0000;-9,0899;3,9138;-118,8962;133,9060;-413,9135;-0,0683;280,0094;-118,8278;10;0
2,4580;16,3334;42,1962;44,8754;-0,0000;2,9284;196,3334;255,925;75,000;0,000;62,837;3,6756;-4,0140;12,5438;-0,0000;-8,5298;3,6757;-119,2225;133,5775;-413,6525;0,0003;280,0750;-119,2228;10;0
2,4600;16,3406;42,1884;44,8997;0,0000;2,9119;196,3406;255,808;75,000;0,000;58,837;3,4369;-3,7471;11,7168;0,0000;-7,9696;3,4369;-119,5279;133,2699;-413,4088;0,0107;280,1393;-119,5386;10;0
2,4620;16,3472;42,1812;44,9223;0,0000;2,8966;196,3472;255,698;75,000;0,000;54,837;3,1975;-3,4809;10,8902;-0,0000;-7,4093;3,1975;-119,8129;132,9828;-413,1815;-0,0003;280,1987;-119,8125;10;0
2,4640;16,3534;42,1745;44,9432;-0,0000;2,8823;196,3534;255,596;75,000;0,000;50,837;2,9576;-3,2152;10,0640;0,0000;-6,8488;2,9576;-120,0768;132,7164;-412,9708;-0,0609;280,2539;-120,0158;10;0
2,4660;16,3590;42,1683;44,9625;0,0000;2,8692;196,3590;255,503;75,000;0,000;46,837;2,7172;-2,9500;9,2383;-0,0002;-6,2883;2,7175;-120,3220;132,4709;-412,7769;-0,0004;280,3060;-120,3217;10;0
2,4680;16,3642;42,1627;44,9802;-0,0000;2,8572;196,3642;255,417;75,000;0,000;42,837;2,4763;-2,6853;8,4129;-0,0000;-5,7276;2,4763;-120,5475;132,2463;-412,5998;0,1184;280,3546;-120,6660;10;0
2,4700;16,3689;42,1576;44,9962;0,0000;2,8463;196,3689;255,339;75,000;0,000;38,837;2,2350;-2,4210;7,5879;0,0002;-5,1669;2,2348;-120,7551;132,0412;-412,4352;0,4449;280,3810;-121,2000;10;0
2,4720;16,3732;42,1530;45,0105;-0,0000;2,8365;196,3732;255,270;75,000;0,000;34,837;1,9933;-2,1571;6,7632;0,0018;-4,6061;1,9915;-120,9310;131,8593;-412,2943;-0,0545;280,4343;-120,8764;10;0
2,4740;16,3769;42,1489;45,0232;0,0000;2,8278;196,3769;255,208;75,000;0,000;30,837;1,7513;-1,8936;5,9387;0,0000;-4,0451;1,7513;-121,0824;131,6997;-412,1743;-0,8310;280,5024;-120,2514;10;0
2,4760;16,3802;42,1454;45,0343;-0,0000;2,8203;196,3802;255,154;75,000;0,000;26,837;1,5090;-1,6303;5,1145;-0,0015;-3,4841;1,5105;-121,2343;131,5562;-412,0558;-0,0023;280,4997;-121,2320;10;0
2,4780;16,3829;42,1424;45,0437;0,0000;2,8139;196,3829;255,109;75,000;0,000;22,837;1,2664;-1,3674;4,2905;0,0000;-2,9231;1,2664;-121,3588;131,4347;-411,9568;0,3287;280,5057;-121,6875;10;0
2,4800;16,3852;42,1399;45,0514;-0,0000;2,8086;196,3852;255,071;75,000;0,000;18,837;1,0236;-1,1046;3,4667;-0,0002;-2,3621;1,0238;-121,4532;131,3370;-411,8832;-0,0213;280,5457;-121,4319;10;0
2,4820;16,3870;42,1380;45,0576;0,0000;2,8044;196,3870;255,041;75,000;0,000;14,837;0,7806;-0,8420;2,6430;-0,0001;-1,8009;0,7806;-121,5400;131,2602;-411,8257;0,6372;280,5799;-122,1779;10;0
2,4840;16,3884;42,1366;45,0620;-0,0000;2,8014;196,3884;255,020;75,000;0,000;10,837;0,5374;-0,5796;1,8194;0,0023;-1,2397;0,5351;-121,5892;131,2020;-411,7773;0,0414;280,5762;-121,6307;10;0
2,4860;16,3892;42,1357;45,0648;0,0000;2,7995;196,3892;255,006;75,000;0,000;6,838;0,2942;-0,3172;0,9958;0,0001;-0,6786;0,2941;-144,4246;117,9010;-370,1030;-1,1594;252,1768;-143,2638;10;0
2,4880;16,3895;42,1353;45,0660;-0,0000;2,7987;196,3895;255,000;75,000;0,000;2,837;-0,0403;-0,1080;0,3389;-0,0023;-0,2310;-0,0380;-238,6634;63,1255;-198,1725;-0,0243;135,0466;-238,6391;10;0
2,4900;16,3890;42,1352;45,0662;-0,0000;2,7986;196,3890;255,000;74,997;0,000;1,253;-0,6605;-0,0647;0,2032;-0,0000;-0,1384;-0,6604;-360,2432;-7,5367;23,6655;0,0993;-16,1163;-360,3426;12;0
2,4920;16,3869;42,1350;45,0668;-0,0000;2,7981;196,3869;255,000;74,987;0,000;5,163;-1,4813;-0,1381;0,4336;-0,0019;-0,2955;-1,4794;-412,0420;-37,6167;118,1078;0,0070;-80,4911;-412,0490;12;0
2,4940;16,3831;42,1347;45,0679;-0,0000;2,7974;196,3831;255,000;74,969;0,000;9,163;-2,3086;-0,2152;0,6756;0,0000;-0,4604;-2,3086;-413,7018;-38,5163;120,9418;0,9610;-82,4253;-414,6639;12;0
2,4960;16,3777;42,1342;45,0695;-0,0000;2,7963;196,3777;255,000;74,943;0,000;13,162;-3,1361;-0,2922;0,9174;0,0019;-0,6252;-3,1380;-413,7584;-38,4732;120,8205;-0,0032;-82,3472;-413,7552;12;0
2,4980;16,3706;42,1335;45,0716;-0,0000;2,7949;196,3706;255,000;74,908;0,000;17,163;-3,9637;-0,3691;1,1589;0,0000;-0,7898;-3,9637;-413,8424;-38,4170;120,6624;-0,4806;-82,2455;-413,3612;12;0
2,5000;16,3618;42,1327;45,0742;-0,0000;2,7931;196,3618;255,000;74,866;0,000;21,163;-4,7915;-0,4458;1,4000;-0,0000;-0,9542;-4,7915;-413,9553;-38,3477;120,4674;-0,3626;-82,1194;-413,5925;12;0
2,5020;16,3514;42,1317;45,0772;-0,0000;2,7911;196,3514;255,000;74,816;0,000;25,163;-5,6195;-0,5225;1,6407;-0,0014;-1,1183;-5,6180;-414,0923;-38,2654;120,2357;0,0007;-81,9705;-414,0930;12;0
2,5040;16,3393;42,1306;45,0807;-0,0000;2,7887;196,3393;255,000;74,757;0,000;29,163;-6,4478;-0,5989;1,8810;0,0000;-1,2821;-6,4478;-414,2550;-38,1700;119,9671;0,7249;-81,7978;-414,9803;12;0
2,5060;16,3256;42,1293;45,0847;-0,0000;2,7859;196,3256;255,000;74,691;0,000;33,162;-7,2765;-0,6751;2,1206;0,0014;-1,4455;-7,2779;-414,4194;-38,0615;119,6613;-0,0012;-81,5994;-414,4182;12;0
2,5080;16,3102;42,1279;45,0892;-0,0000;2,7829;196,3102;255,000;74,617;0,000;37,163;-8,1055;-0,7511;2,3596;-0,0000;-1,6085;-8,1055;-414,5967;-37,9399;119,3187;-1,3289;-81,3787;-413,2670;12;0
2,5100;16,2932;42,1263;45,0942;-0,0000;2,7795;196,2932;255,000;74,534;0,000;41,163;-8,9349;-0,8269;2,5979;-0,0039;-1,7710;-8,9310;-414,8296;-37,8054;118,9393;0,0023;-81,1373;-414,8319;12;0
2,5120;16,2745;42,1246;45,0996;-0,0000;2,7758;196,2745;255,000;74,444;0,000;45,163;-9,7648;-0,9024;2,8354;0,0000;-1,9330;-9,7648;-415,0911;-37,6577;118,5225;1,9329;-80,8643;-417,0251;12;0
2,5140;16,2541;42,1227;45,1055;0,0000;2,7718;196,2541;255,000;74,346;0,000;49,162;-10,5952;-0,9775;3,0720;0,0039;-2,0944;-10,5991;-415,3223;-37,4970;118,0691;-0,0016;-80,5657;-415,3208;12;0
2,5160;16,2321;42,1207;45,1119;0,0000;2,7674;196,2321;255,000;74,239;0,000;53,163;-11,4261;-1,0524;3,3076;-0,0000;-2,2553;-11,4261;-415,5851;-37,3240;117,5805;-1,0879;-80,2638;-414,4907;12;0
2,5180;16,2084;42,1185;45,1187;-0,0000;2,7627;196,2084;255,000;74,125;0,000;57,163;-12,2576;-1,1268;3,5423;-0,0005;-2,4155;-12,2571;-415,8967;-37,1368;117,0509;0,0056;-79,9174;-415,9023;12;0
2,5200;16,1831;42,1162;45,1260;-0,0000;2,7578;196,1831;255,000;74,003;0,000;61,163;-13,0897;-1,2009;3,7758;0,0000;-2,5749;-13,0897;-416,2175;-36,9359;116,4822;0,2430;-79,5322;-416,4721;12;0
2,5220;16,1561;42,1137;45,1338;0,0000;2,7524;196,1561;255,000;73,872;0,000;65,163;-13,9225;-1,2746;4,0082;0,0005;-2,7336;-13,9230;-416,5520;-36,7244;115,8840;-0,0147;-79,1596;-416,5372;12;0
2,5240;16,1274;42,1111;45,1421;-0,0000;2,7468;196,1274;255,000;73,734;0,000;69,163;-14,7559;-1,3478;4,2394;-0,0000;-2,8916;-14,7559;-416,9081;-36,4995;115,2466;-0,1215;-78,7542;-416,7808;12;0
2,5260;16,0970;42,1083;45,1508;-0,0000;2,7409;196,0970;255,000;73,588;0,000;73,163;-15,5901;-1,4206;4,4692;0,0000;-3,0486;-15,5901;-417,2874;-36,2603;114,5682;0,0206;-78,3077;-417,3080;12;0
2,5280;16,0650;42,1054;45,1600;0,0000;2,7346;196,0650;255,000;73,433;0,000;77,163;-16,4251;-1,4928;4,6977;0,0000;-3,2048;-16,4251;-417,6844;-36,0089;113,8544;-0,0000;-77,8455;-417,6843;12;0
2,5300;16,0313;42,1024;45,1696;0,0000;2,7281;196,0313;255,000;73,271;0,000;81,163;-17,2608;-1,5646;4,9246;-0,0000;-3,3600;-17,2608;-418,1004;-35,7446;113,1034;-0,0553;-77,3595;-418,0450;12;0
2,5320;15,9960;42,0992;45,1797;-0,0000;2,7212;195,9960;255,000;73,101;0,000;85,163;-18,0975;-1,6358;5,1501;-0,0002;-3,5142;-18,0973;-418,5371;-35,4673;112,3146;0,0005;-76,8473;-418,5376;12;0
2,5340;15,9589;42,0958;45,1902;-0,0000;2,7140;195,9589;255,000;72,922;0,000;89,163;-18,9350;-1,7065;5,3739;0,0000;-3,6674;-18,9350;-419,0039;-35,1797;111,4962;0,8990;-76,3453;-419,9035;12;0
2,5360;15,9202;42,0923;45,2012;0,0000;2,7065;195,9202;255,000;72,736;0,000;93,163;-19,7735;-1,7765;5,5960;0,0034;-3,8196;-19,7769;-419,4617;-34,8752;110,6275;-0,3935;-75,7623;-419,0681;12;0
2,5380;15,8798;42,0887;45,2126;0,0000;2,6987;195,8798;255,000;72,542;0,000;97,162;-20,6128;-1,8460;5,8164;-0,0016;-3,9705;-20,6113;-419,9383;-34,5535;109,7075;-1,6075;-75,0967;-418,3298;12;0
2,5400;15,8378;42,0849;45,2244;-0,0000;2,6906;195,8378;255,000;72,339;0,000;101,164;-21,4532;-1,9148;6,0349;-0,0030;-4,1200;-21,4502;-420,4815;-34,2284;108,7793;0,7825;-74,5311;-421,2641;12;0
2,5420;15,7940;42,0810;45,2367;0,0000;2,6822;195,7940;255,000;72,129;0,000;105,162;-22,2948;-1,9829;6,2515;0,0016;-4,2686;-22,2963;-421,0120;-33,8913;107,8161;0,6859;-73,9503;-421,6984;12;0
2,5440;15,7486;42,0770;45,2494;-0,0000;2,6736;195,7486;255,000;71,911;0,000;109,163;-23,1373;-2,0503;6,4661;-0,0003;-4,4158;-23,1370;-421,5452;-33,5356;106,7964;-0,3512;-73,2711;-421,1941;12;0
2,5460;15,7015;42,0728;45,2626;0,0000;2,6646;195,7015;255,000;71,684;0,000;113,163;-23,9809;-2,1170;6,6787;0,0002;-4,5617;-23,9811;-422,1160;-33,1681;105,7412;0,0658;-72,5756;-422,1818;12;0
2,5480;15,6527;42,0685;45,2761;0,0000;2,6553;195,6527;255,000;71,450;0,000;117,163;-24,8257;-2,1830;6,8891;-0,0000;-4,7061;-24,8257;-422,6991;-32,7885;104,6506;-0,0735;-71,8611;-422,6254;12;0
2,5500;15,6022;42,0641;45,2901;-0,0000;2,6458;195,6022;255,000;71,208;0,000;121,163;-25,6717;-2,2482;7,0973;-0,0001;-4,8491;-25,6716;-423,3014;-32,3965;103,5225;0,0054;-71,1260;-423,3068;12;0
2,5520;15,5500;42,0596;45,3045;0,0000;2,6359;195,5500;255,000;70,957;0,000;125,163;-26,5189;-2,3126;7,3032;0,0000;-4,9906;-26,5190;-423,9203;-31,9918;102,3562;0,0352;-70,3649;-423,9555;12;0
2,5540;15,4961;42,0549;45,3193;0,0000;2,6258;195,4961;255,000;70,699;0,000;129,163;-27,3674;-2,3761;7,5067;-0,0000;-5,1306;-27,3674;-424,5552;-31,5745;101,1514;-0,0089;-69,5768;-424,5463;12;0
2,5560;15,4405;42,0500;45,3346;-0,0000;2,6154;195,4405;255,000;70,433;0,000;133,163;-28,2172;-2,4389;7,7078;-0,0000;-5,2689;-28,2171;-425,2074;-31,1446;99,9085;-0,0071;-68,7639;-425,2002;12;0
2,5580;15,3832;42,0451;45,3502;-0,0000;2,6047;195,3832;255,000;70,158;0,000;137,163;-29,0682;-2,5007;7,9064;-0,0000;-5,4056;-29,0682;-425,8759;-30,7022;98,6273;0,0042;-67,9251;-425,8802;12;0
2,5600;15,3242;42,0400;45,3662;-0,0000;2,5938;195,3242;255,000;69,876;0,000;141,163;-29,9207;-2,5617;8,1023;0,0000;-5,5406;-29,9207;-426,5642;-30,2479;97,3092;0,3130;-67,0675;-426,8777;12;0
2,5620;15,2636;42,0349;45,3826;0,0000;2,5826;195,2636;255,000;69,586;0,000;145,163;-30,7745;-2,6217;8,2956;0,0012;-5,6739;-30,7757;-427,2605;-29,7800;95,9493;-0,0746;-66,1721;-427,1859;12;0
2,5640;15,2011;42,0296;45,3994;0,0000;2,5711;195,2011;255,000;69,287;0,000;149,162;-31,6297;-2,6808;8,4861;-0,0003;-5,8053;-31,6294;-427,9687;-29,2992;94,5490;-0,5946;-65,2376;-427,3730;12;0
2,5660;15,1370;42,0241;45,4165;-0,0000;2,5593;195,1370;255,000;68,981;0,000;153,163;-32,4864;-2,7389;8,6738;-0,0012;-5,9349;-32,4852;-428,7066;-28,8079;93,1167;0,1488;-64,3031;-428,8554;12;0
2,5680;15,0712;42,0186;45,4341;0,0000;2,5473;195,0712;255,000;68,667;0,000;157,163;-33,3445;-2,7960;8,8586;0,0003;-6,0625;-33,3448;-429,4422;-28,3051;91,6475;-0,8316;-63,3611;-428,6100;12;0
2,5700;15,0037;42,0130;45,4520;-0,0000;2,5351;195,0037;255,000;68,344;0,000;161,163;-34,2041;-2,8521;9,0404;-0,0045;-6,1883;-34,1997;-430,2115;-27,7867;90,1290;-0,0740;-62,3452;-430,1375;12;0
2,5720;14,9344;42,0072;45,4702;-0,0000;2,5226;194,9344;255,000;68,014;0,000;165,163;-35,0654;-2,9072;9,2191;0,0000;-6,3119;-35,0654;-431,0116;-27,2553;88,5697;2,2273;-61,2889;-433,2412;12;0
2,5740;14,8634;42,0013;45,4888;0,0000;2,5098;194,8634;255,000;67,676;0,000;169,162;-35,9282;-2,9612;9,3947;0,0044;-6,4335;-35,9326;-431,7720;-26,7161;86,9852;-0,0002;-60,2691;-431,7719;12;0
2,5760;14,7907;41,9953;45,5078;-0,0000;2,4969;194,7907;255,000;67,330;0,000;173,163;-36,7925;-3,0140;9,5670;0,0000;-6,5530;-36,7925;-432,5647;-26,1640;85,3590;-0,6153;-59,2118;-431,9487;12;0
2,5780;14,7162;41,9893;45,5271;0,0000;2,4836;194,7162;255,000;66,975;0,000;177,163;-37,6584;-3,0658;9,7361;0,0020;-6,6703;-37,6604;-433,3850;-25,5968;83,6845;-0,0002;-58,0877;-433,3848;12;0
2,5800;14,6400;41,9831;45,5467;0,0000;2,4702;194,6400;255,000;66,613;0,000;181,162;-38,5260;-3,1164;9,9018;-0,0000;-6,7853;-38,5260;-434,1985;-25,0183;81,9730;-0,9952;-56,9469;-433,2022;12;0
2,5820;14,5621;41,9768;45,5667;-0,0000;2,4565;194,5621;255,000;66,243;0,000;185,163;-39,3952;-3,1659;10,0640;-0,0020;-6,8981;-39,3932;-435,0471;-24,4290;80,2262;0,0007;-55,7972;-435,0478;12;0
2,5840;14,4825;41,9704;45,5870;-0,0000;2,4426;194,4825;255,000;65,864;0,000;189,163;-40,2662;-3,2141;10,2227;0,0000;-7,0085;-40,2662;-435,9016;-23,8274;78,4387;0,5193;-54,6153;-436,4215;12;0
2,5860;14,4011;41,9639;45,6076;0,0000;2,4285;194,4011;255,000;65,478;0,000;193,163;-41,1388;-3,2612;10,3777;0,0001;-7,1165;-41,1389;-436,7550;-23,2131;76,6094;0,0307;-53,3968;-436,7858;12;0
2,5880;14,3179;41,9574;45,6285;0,0000;2,4141;194,3179;255,000;65,084;0,000;197,163;-42,0132;-3,3070;10,5291;0,0001;-7,2221;-42,0133;-437,6241;-22,5872;74,7412;-0,0182;-52,1541;-437,6058;12;0
2,5900;14,2330;41,9507;45,6497;0,0000;2,3996;194,2330;255,000;64,681;0,000;201,163;-42,8893;-3,3515;10,6767;-0,0000;-7,3252;-42,8893;-438,5030;-21,9493;72,8328;-0,0631;-50,8827;-438,4400;12;0
2,5920;14,1463;41,9440;45,6712;-0,0000;2,3848;194,1463;255,000;64,271;0,000;205,163;-43,7672;-3,3948;10,8204;-0,0001;-7,4256;-43,7671;-439,4029;-21,3000;70,8859;0,9230;-49,5897;-440,3268;12;0
2,5940;14,0579;41,9371;45,6930;0,0000;2,3699;194,0579;255,000;63,853;0,000;209,163;-44,6470;-3,4367;10,9603;0,0037;-7,5235;-44,6506;-440,2906;-20,6382;68,8967;0,0316;-48,2589;-440,3222;12;0
2,5960;13,9678;41,9302;45,7151;0,0000;2,3547;193,9677;255,000;63,426;0,000;213,162;-45,5284;-3,4774;11,0960;-0,0000;-7,6187;-45,5284;-441,1752;-19,9642;66,8658;-1,8666;-46,8939;-439,3069;12;0
2,5980;13,8758;41,9232;45,7374;-0,0000;2,3394;193,8758;255,000;62,992;0,000;217,163;-46,4117;-3,5166;11,2277;-0,0038;-7,7111;-46,4079;-442,1098;-19,2799;64,7988;0,0020;-45,5190;-442,1118;12;0
2,6000;13,7821;41,9162;45,7600;-0,0000;2,3239;193,7821;255,000;62,550;0,000;221,163;-47,2968;-3,5545;11,3552;0,0000;-7,8008;-47,2968;-443,0415;-18,5836;62,6903;0,9739;-44,1106;-444,0163;12;0
2,6020;13,6866;41,9090;45,7828;0,0000;2,3082;193,6866;255,000;62,099;0,000;225,163;-48,1838;-3,5909;11,4785;0,0001;-7,8875;-48,1839;-443,9449;-17,8750;60,5392;-1,1865;-42,6646;-442,7573;12;0
2,6040;13,5894;41,9018;45,8059;-0,0000;2,2923;193,5894;255,000;61,641;0,000;229,163;-49,0726;-3,6260;11,5974;-0,0047;-7,9714;-49,0679;-444,8906;-17,1551;58,3481;-0,0277;-41,1930;-444,8628;12;0
2,6060;13,4903;41,8945;45,8292;-0,0000;2,2763;193,4904;255,000;61,175;0,000;233,163;-49,9634;-3,6596;11,7119;0,0000;-8,0523;-49,9634;-445,8548;-16,4236;56,1161;2,3445;-39,6915;-448,2014;12;0
2,6080;13,3895;41,8872;45,8527;0,0000;2,2601;193,3895;255,000;60,700;0,000;237,162;-50,8560;-3,6917;11,8218;0,0046;-8,1302;-50,8607;-446,7722;-15,6808;53,8436;0,0019;-38,1628;-446,7741;12;0
2,6100;13,2869;41,8797;45,8765;-0,0000;2,2438;193,2869;255,000;60,218;0,000;241,163;-51,7505;-3,7223;11,9272;0,0000;-8,2050;-51,7505;-447,7066;-14,9265;51,5298;-1,1370;-36,6038;-446,5686;12;0
2,6120;13,1825;41,8723;45,9004;0,0000;2,2273;193,1825;255,000;59,728;0,000;245,163;-52,6469;-3,7514;12,0280;0,0001;-8,2766;-52,6469;-448,6691;-14,1607;49,1746;-0,0041;-35,0138;-448,6650;12;0
2,6140;13,0763;41,8647;45,9246;-0,0000;2,2107;193,0763;255,000;59,229;0,000;249,163;-53,5451;-3,7789;12,1239;-0,0000;-8,3450;-53,5451;-449,6229;-13,3837;46,7784;0,1170;-33,3951;-449,7399;12;0
2,6160;12,9683;41,8572;45,9489;0,0000;2,1939;192,9683;255,000;58,723;0,000;253,163;-54,4453;-3,8049;12,2151;0,0006;-8,4102;-54,4459;-450,5761;-12,5953;44,3405;-0,0224;-31,7468;-450,5536;12;0
2,6180;12,8585;41,8495;45,9735;0,0000;2,1770;192,8585;255,000;58,209;0,000;257,163;-55,3475;-3,8293;12,3013;-0,0001;-8,4720;-55,3474;-451,5285;-11,7956;41,8609;-0,2708;-30,0645;-451,2576;12;0
2,6200;12,7470;41,8418;45,9981;-0,0000;2,1600;192,7470;255,000;57,686;0,000;261,163;-56,2515;-3,8521;12,3825;-0,0005;-8,5304;-56,2509;-452,4871;-10,9849;39,3402;0,0478;-28,3522;-452,5349;12;0
2,6220;12,6335;41,8341;46,0230;0,0000;2,1429;192,6335;255,000;57,156;0,000;265,163;-57,1574;-3,8732;12,4587;0,0001;-8,5854;-57,1575;-453,4437;-10,1630;36,7776;0,1227;-26,6150;-453,5664;12;0
2,6240;12,5183;41,8263;46,0480;-0,0000;2,1257;192,5183;255,000;56,618;0,000;269,163;-58,0652;-3,8927;12,5296;-0,0000;-8,6369;-58,0652;-454,3960;-9,3299;34,1729;-0,0221;-24,8446;-454,3739;12;0
2,6260;12,4013;41,8185;46,0731;0,0000;2,1084;192,4013;255,000;56,071;0,000;273,163;-58,9750;-3,9106;12,5954;0,0000;-8,6848;-58,9750;-455,3480;-8,4858;31,5265;0,0516;-23,0410;-455,3996;12;0
2,6280;12,2824;41,8107;46,0984;0,0000;2,0909;192,2824;255,000;55,517;0,000;277,163;-59,8866;-3,9267;12,6557;0,0002;-8,7291;-59,8868;-456,2962;-7,6307;28,8379;-0,0098;-21,2074;-456,2864;12;0
2,6300;12,1617;41,8028;46,1237;0,0000;2,0734;192,1617;255,000;54,955;0,000;281,163;-60,8002;-3,9411;12,7107;-0,0000;-8,7696;-60,8001;-457,2396;-6,7645;26,1070;-0,1330;-19,3420;-457,1067;12;0
2,6320;12,0392;41,7949;46,1492;-0,0000;2,0559;192,0392;255,000;54,384;0,000;285,163;-61,7156;-3,9537;12,7602;-0,0004;-8,8064;-61,7152;-458,1804;-5,8875;23,3341;-0,0322;-17,4462;-458,1481;12;0
2,6340;11,9149;41,7870;46,1748;-0,0000;2,0382;191,9149;255,000;53,806;0,000;289,163;-62,6329;-3,9646;12,8040;-0,0002;-8,8394;-62,6327;-459,1165;-4,9997;20,5188;0,1456;-15,5196;-459,2621;12;0
2,6360;11,7887;41,7791;46,2004;-0,0000;2,0205;191,7887;255,000;53,220;0,000;293,163;-63,5521;-3,9737;12,8422;0,0002;-8,8685;-63,5523;-460,0437;-4,1009;17,6609;0,0880;-13,5601;-460,1317;12;0
2,6380;11,6607;41,7711;46,2261;0,0000;2,0027;191,6607;255,000;52,625;0,000;297,163;-64,4731;-3,9810;12,8747;0,0002;-8,8936;-64,4733;-460,9624;-3,1914;14,7604;-0,0648;-11,5685;-460,8976;12;0
2,6400;11,5308;41,7632;46,2519;-0,0000;1,9849;191,5308;255,000;52,023;0,000;301,163;-65,3959;-3,9865;12,9013;-0,0000;-8,9148;-65,3959;-461,8739;-2,2712;11,8174;-0,0449;-9,5462;-461,8290;12;0
2,6420;11,3991;41,7552;46,2777;0,0000;1,9671;191,3991;255,000;51,413;0,000;305,163;-66,3206;-3,9901;12,9220;0,0000;-8,9318;-66,3206;-462,7764;-1,3402;8,8317;0,0084;-7,4917;-462,7848;12;0
2,6440;11,2655;41,7472;46,3036;-0,0000;1,9492;191,2655;255,000;50,794;0,000;309,163;-67,2470;-3,9919;12,9366;-0,0000;-8,9447;-67,2470;-463,6661;-0,3986;5,8032;-0,1953;-5,4048;-463,4708;12;0
2,6460;11,1301;41,7392;46,3295;-0,0000;1,9313;191,1301;255,000;50,168;0,000;313,163;-68,1752;-3,9917;12,9452;-0,0008;-8,9535;-68,1745;-464,5477;0,5536;2,7317;0,0630;-3,2894;-464,6107;12;0
2,6480;10,9928;41,7312;46,3554;-0,0000;1,9134;190,9928;255,000;49,534;0,000;317,163;-69,1052;-3,9897;12,9475;0,0002;-8,9579;-69,1055;-465,4185;1,5165;-0,3829;0,3053;-1,1335;-465,7237;12;0
2,6500;10,8537;41,7232;46,3813;0,0000;1,8955;190,8537;255,000;48,891;0,000;321,163;-70,0369;-3,9857;12,9436;0,0004;-8,9580;-70,0373;-466,2684;2,4900;-3,5404;-0,0924;1,0579;-466,1759;12;0
2,6520;10,7127;41,7153;46,4072;-0,0000;1,8776;190,7127;255,000;48,241;0,000;325,163;-70,9703;-3,9797;12,9334;-0,0001;-8,9537;-70,9702;-467,1052;3,4739;-6,7408;-0,0477;3,2674;-467,0575;12;0
2,6540;10,5698;41,7073;46,4330;0,0000;1,8597;190,5698;255,000;47,583;0,000;329,163;-71,9053;-3,9718;12,9167;0,0003;-8,9449;-71,9056;-467,9296;4,4682;-9,9846;0,0033;5,5137;-467,9329;12;0
2,6560;10,4250;41,6994;46,4588;-0,0000;1,8418;190,4250;255,000;46,916;0,000;333,163;-72,8420;-3,9618;12,8934;-0,0001;-8,9316;-72,8419;-468,7351;5,4731;-13,2716;-0,0501;7,7983;-468,6850;12;0
2,6580;10,2784;41,6915;46,4846;0,0000;1,8239;190,2784;255,000;46,242;0,000;337,163;-73,7803;-3,9499;12,8636;0,0001;-8,9137;-73,7803;-469,5223;6,4884;-16,6018;0,0216;10,1127;-469,5439;12;0
2,6600;10,1299;41,6836;46,5103;-0,0000;1,8061;190,1299;255,000;45,560;0,000;341,163;-74,7201;-3,9359;12,8270;-0,0000;-8,8912;-74,7201;-470,2900;7,5141;-19,9754;-0,0126;12,4612;-470,2774;12;0
2,6620;9,9795;41,6757;46,5359;0,0000;1,7884;189,9795;255,000;44,870;0,000;345,163;-75,6614;-3,9198;12,7837;0,0000;-8,8639;-75,6614;-471,0370;8,5502;-23,3924;0,0044;14,8421;-471,0414;12;0
2,6640;9,8273;41,6679;46,5614;-0,0000;1,7707;189,8273;255,000;44,171;0,000;349,163;-76,6042;-3,9017;12,7335;-0,0000;-8,8318;-76,6042;-471,7567;9,5964;-26,8521;-0,6350;17,2534;-471,1217;12;0
2,6660;9,6731;41,6601;46,5868;-0,0000;1,7530;189,6731;255,000;43,465;0,000;353,163;-77,5484;-3,8814;12,6763;-0,0025;-8,7949;-77,5459;-472,4702;10,6492;-30,3426;0,7499;19,6415;-473,2202;12;0
2,6680;9,5171;41,6524;46,6121;-0,0000;1,7355;189,5171;255,000;42,751;0,000;357,163;-78,4941;-3,8591;12,6121;0,0030;-8,7532;-78,4971;-473,1519;11,7209;-33,9050;1,2667;22,1885;-474,4186;12;0
2,6700;9,3592;41,6447;46,6373;0,0000;1,7180;189,3591;255,000;42,028;0,000;361,162;-79,4411;-3,8345;12,5407;0,0025;-8,7061;-79,4436;-473,7674;12,8050;-37,5175;-3,0618;24,7990;-470,7049;12;0
2,6720;9,1993;41,6371;46,6623;-0,0000;1,7007;189,1993;255,000;41,298;0,000;365,163;-80,3892;-3,8078;12,4620;-0,0093;-8,6540;-80,3799;-474,4118;13,8855;-41,1281;-0,6333;27,2404;-473,7784;12;0
2,6740;9,0376;41,6295;46,6871;-0,0000;1,6834;189,0376;255,000;40,560;0,000;369,163;-81,3387;-3,7790;12,3761;0,0000;-8,5971;-81,3387;-475,0449;14,9824;-44,8019;3,8762;29,8025;-478,9221;12;0
2,6760;8,8740;41,6219;46,7118;0,0000;1,6663;188,8740;255,000;39,813;0,000;373,162;-82,2894;-3,7479;12,2828;0,0063;-8,5348;-82,2956;-475,5787;16,0920;-48,5276;-0,0497;32,4356;-475,5290;12;0
2,6780;8,7084;41,6145;46,7363;0,0000;1,6493;188,7084;255,000;39,059;0,000;377,163;-83,2410;-3,7146;12,1820;-0,0002;-8,4674;-83,2408;-476,1002;17,2092;-52,2876;-1,6847;35,0610;-474,4150;12;0
2,6800;8,5410;41,6071;46,7605;-0,0000;1,6324;188,5410;255,000;38,297;0,000;381,163;-84,1938;-3,6791;12,0737;-0,0005;-8,3946;-84,1933;-476,6168;18,3395;-56,1004;0,1707;37,7588;-476,7876;12;0
2,6820;8,3717;41,5998;46,7845;-0,0000;1,6157;188,3717;255,000;37,526;0,000;385,163;-85,1475;-3,6413;11,9576;0,0005;-8,3164;-85,1480;-477,0860;19,4787;-59,9520;0,1321;40,4725;-477,2181;12;0
2,6840;8,2004;41,5925;46,8083;0,0000;1,5991;188,2004;255,000;36,748;0,000;389,163;-86,1021;-3,6012;11,8339;0,0000;-8,2327;-86,1021;-477,5162;20,6283;-63,8469;-0,0853;43,2210;-477,4308;12;0
2,6860;8,0273;41,5854;46,8319;-0,0000;1,5828;188,0273;255,000;35,962;0,000;393,163;-87,0575;-3,5588;11,7022;0,0001;-8,1435;-87,0577;-477,9111;21,7881;-67,7852;-0,0630;45,9968;-477,8481;12;0
2,6880;7,8522;41,5783;46,8552;0,0000;1,5666;187,8522;255,000;35,167;0,000;397,163;-88,0137;-3,5140;11,5627;-0,0002;-8,0487;-88,0135;-478,2709;22,9581;-71,7657;0,1032;48,8052;-478,3741;12;0
2,6900;7,6752;41,5713;46,8781;-0,0000;1,5506;187,6752;255,000;34,365;0,000;401,163;-88,9706;-3,4669;11,4152;0,0006;-7,9483;-88,9712;-478,5811;24,1382;-75,7891;-0,4518;51,6444;-478,1293;12;0
2,6920;7,4963;41,5644;46,9008;0,0000;1,5348;187,4963;255,000;33,555;0,000;405,162;-89,9281;-3,4175;11,2596;-0,0020;-7,8421;-89,9261;-478,8578;25,3304;-79,8614;-0,3855;54,5371;-478,4723;12;0
2,6940;7,3155;41,5576;46,9232;-0,0000;1,5192;187,3155;255,000;32,736;0,000;409,163;-90,8861;-3,3656;11,0957;-0,0010;-7,7301;-90,8851;-479,1038;26,5327;-83,9751;1,1699;57,4589;-480,2738;12;0
2,6960;7,1328;41,5509;46,9452;0,0000;1,5039;187,1328;255,000;31,910;0,000;413,162;-91,8445;-3,3113;10,9237;0,0027;-7,6123;-91,8472;-479,2828;27,7428;-88,1232;0,1592;60,3764;-479,4420;12;0
2,6980;6,9481;41,5444;46,9669;0,0000;1,4888;186,9481;255,000;31,076;0,000;417,163;-92,8032;-3,2546;10,7432;-0,0003;-7,4886;-92,8028;-479,4181;28,9648;-92,3185;-0,5899;63,3435;-478,8282;12;0
2,7000;6,7615;41,5379;46,9882;-0,0000;1,4739;186,7615;255,000;30,233;0,000;421,163;-93,7622;-3,1955;10,5544;0,0003;-7,3589;-93,7625;-479,5179;30,1986;-96,5605;0,0521;66,3610;-479,5700;12;0
2,7020;6,5731;41,5316;47,0091;0,0000;1,4593;186,5731;255,000;29,383;0,000;425,163;-94,7213;-3,1338;10,3570;-0,0001;-7,2232;-94,7211;-479,5621;31,4421;-100,8420;0,0298;69,3999;-479,5919;12;0
2,7040;6,3827;41,5254;47,0296;-0,0000;1,4450;186,3827;255,000;28,525;0,000;429,163;-95,6804;-3,0697;10,1510;0,0004;-7,0813;-95,6808;-479,5534;32,6965;-105,1671;0,1576;72,4723;-479,7110;12;0
2,7060;6,1903;41,5193;47,0497;0,0000;1,4310;186,1903;255,000;27,658;0,000;433,163;-96,6395;-3,0031;9,9363;0,0005;-6,9333;-96,6400;-479,4903;33,9618;-109,5350;-0,5488;75,5769;-478,9413;12;0
2,7080;5,9961;41,5134;47,0693;-0,0000;1,4173;185,9961;255,000;26,784;0,000;437,163;-97,5984;-2,9339;9,7129;-0,0018;-6,7790;-97,5966;-479,3827;35,2364;-113,9397;0,1586;78,6912;-479,5413;12;0
2,7100;5,7999;41,5076;47,0885;-0,0000;1,4039;185,7999;255,000;25,902;0,000;441,163;-98,5570;-2,8621;9,4806;0,0011;-6,6185;-98,5581;-479,1993;36,5230;-118,3896;-1,7257;81,8512;-477,4736;12;0
2,7120;5,6019;41,5019;47,1073;0,0000;1,3908;185,6019;255,000;25,011;0,000;445,162;-99,5152;-2,7878;9,2393;-0,0087;-6,4516;-99,5065;-478,9797;37,8237;-122,8922;-0,5621;85,0909;-478,4174;12;0
2,7140;5,4019;41,4964;47,1255;-0,0000;1,3781;185,4019;255,000;24,113;0,000;449,164;-100,4729;-2,7108;8,9890;-0,0011;-6,2782;-100,4718;-478,7168;39,1290;-127,4148;2,9394;88,2654;-481,6570;12;0
2,7160;5,2000;41,4911;47,1432;-0,0000;1,3657;185,2000;255,000;23,207;0,000;453,162;-101,4300;-2,6312;8,7297;0,0031;-6,0985;-101,4331;-478,3509;40,4498;-131,9928;0,2813;91,5317;-478,6323;12;0
2,7180;4,9962;41,4859;47,1604;-0,0000;1,3537;184,9962;255,000;22,292;0,000;457,163;-102,3863;-2,5490;8,4610;0,0000;-5,9120;-102,3863;-477,9441;41,7885;-136,6335;0,8873;94,9250;-478,8301;12;0
2,7200;4,7904;41,4809;47,1771;0,0000;1,3420;184,7904;255,000;21,370;0,000;461,162;-103,3418;-2,4641;8,1831;0,0066;-5,7188;-103,3484;-477,4637;43,1247;-141,2695;-0,0005;98,1448;-477,4632;12;0
2,7220;4,5828;41,4761;47,1931;-0,0000;1,3308;184,5828;255,000;20,440;0,000;465,163;-104,2962;-2,3765;7,8960;-0,0000;-5,5194;-104,2962;-476,9018;44,4749;-145,9542;-3,2165;101,4298;-473,6857;12;0
2,7240;4,3732;41,4714;47,2086;-0,0000;1,3200;184,3732;255,000;19,501;0,000;469,163;-105,2494;-2,2862;7,5993;-0,0062;-5,3131;-105,2432;-476,3142;45,8448;-150,7055;0,0004;104,8607;-476,3145;12;0
2,7260;4,1618;41,4669;47,2235;-0,0000;1,3095;184,1618;255,000;18,555;0,000;473,163;-106,2014;-2,1931;7,2931;0,0000;-5,1000;-106,2014;-475,6586;47,2227;-155,4845;3,5138;108,2654;-479,1726;12;0
2,7280;3,9484;41,4626;47,2378;0,0000;1,2996;183,9484;255,000;17,601;0,000;477,162;-107,1521;-2,0973;6,9774;0,0078;-4,8801;-107,1599;-474,8857;48,6118;-160,3013;-0,1830;111,6896;-474,7026;12;0
2,7300;3,7332;41,4585;47,2515;0,0000;1,2900;183,7332;255,000;16,638;0,000;481,163;-108,1010;-1,9987;6,6519;-0,0007;-4,6532;-108,1003;-474,0513;50,0132;-165,1573;-2,0796;115,1399;-471,9718;12;0
2,7320;3,5160;41,4546;47,2644;-0,0000;1,2810;183,5160;255,000;15,668;0,000;485,163;-109,0483;-1,8973;6,3167;-0,0005;-4,4195;-109,0478;-473,1703;51,4274;-170,0544;0,3658;118,6268;-473,5362;12;0
2,7340;3,2970;41,4509;47,2767;0,0000;1,2723;183,2970;255,000;14,690;0,000;489,163;-109,9937;-1,7930;5,9717;0,0007;-4,1787;-109,9944;-472,1907;52,8541;-174,9915;-0,7323;122,1469;-471,4580;12;0
2,7360;3,0761;41,4474;47,2883;-0,0000;1,2642;183,0761;255,000;13,703;0,000;493,163;-110,9370;-1,6858;5,6168;-0,0034;-3,9309;-110,9336;-436,0997;54,7468;-181,4774;-0,1828;126,7307;-435,9168;12;0
2,7380;2,8532;41,4442;47,2992;-0,0000;1,2566;182,8533;255,000;12,709;0,000;497,163;-111,7381;-1,5740;5,2458;0,0000;-3,6718;-111,7381;-290,2215;57,8745;-192,0778;1,4650;134,1975;-291,6868;12;0
2,7400;2,6291;41,4412;47,3093;0,0000;1,2495;182,6291;255,000;11,709;0,000;499,912;-112,0979;-1,4543;4,8485;0,0024;-3,3941;-112,1003;-102,0570;60,9861;-202,6242;-0,0448;141,6379;-102,0122;12;0
2,7420;2,4049;41,4384;47,3186;0,0000;1,2430;182,4049;255,000;10,709;0,000;500,000;-112,1463;-1,3300;4,4353;-0,0002;-3,1053;-112,1461;-20,8876;62,1668;-206,7267;-0,5498;144,5594;-20,3378;12;0
2,7440;2,1805;41,4358;47,3270;-0,0000;1,2371;182,1805;255,000;9,709;0,000;500,000;-112,1815;-1,2057;4,0216;0,0002;-2,8159;-112,1817;-16,7254;62,1739;-206,9044;-0,0877;144,7294;-16,6376;12;0
2,7460;1,9561;41,4335;47,3347;0,0000;1,2318;181,9561;255,000;8,709;0,000;500,000;-112,2132;-1,0813;3,6077;-0,0005;-2,5263;-112,2127;-15,0146;62,1486;-206,9592;0,3916;144,8054;-15,4062;12;0
2,7480;1,7317;41,4315;47,3415;-0,0000;1,2270;181,7317;255,000;7,709;0,000;500,000;-112,2415;-0,9571;3,1937;0,0018;-2,2367;-112,2433;-13,2943;62,1269;-207,0110;0,3098;144,8866;-13,6042;12;0
2,7500;1,5072;41,4297;47,3474;0,0000;1,2228;181,5072;255,000;6,709;0,000;500,000;-112,2664;-0,8328;2,7796;0,0007;-1,9468;-112,2671;-11,5686;62,1081;-207,0581;-0,9841;144,9614;-10,5844;12;0
2,7520;1,2826;41,4282;47,3526;-0,0000;1,2192;181,2826;255,000;5,709;0,000;500,000;-112,2878;-0,7086;2,3655;-0,0021;-1,6568;-112,2857;-9,8524;62,0902;-207,0930;-0,3860;145,0015;-9,4663;12;0
2,7540;1,0580;41,4269;47,3569;-0,0000;1,2162;181,0580;255,000;4,709;0,000;500,000;-112,3058;-0,5845;1,9513;-0,0008;-1,3668;-112,3049;-8,1358;62,0752;-207,1214;0,9115;145,0324;-9,0475;12;0
2,7560;0,8334;41,4258;47,3604;-0,0000;1,2138;180,8334;255,000;3,709;0,000;500,000;-112,3203;-0,4603;1,5370;0,0015;-1,0767;-112,3218;-6,4080;62,0650;-207,1510;0,4175;145,0860;-6,8255;12;0
2,7580;0,6087;41,4250;47,3631;0,0000;1,2119;180,6087;255,000;2,709;0,000;500,000;-112,3314;-0,3362;1,1227;0,0008;-0,7864;-112,3322;-4,6724;62,0573;-207,1747;-1,2106;145,1331;-3,4616;12;0
2,7600;0,3841;41,4245;47,3649;-0,0000;1,2106;180,3841;255,000;1,709;0,000;500,000;-112,3390;-0,2121;0,7083;-0,0033;-0,4962;-112,3357;-2,9573;62,0470;-207,1740;0,7670;145,0889;-3,7245;12;0
2,7620;0,1594;41,4242;47,3659;-0,0000;1,2099;180,1594;255,000;0,709;0,000;500,000;-112,3432;-0,0880;0,2940;0,0039;-0,2061;-112,3471;-1,2331;62,0464;-207,1897;1,2875;145,1360;-2,5207;12;0
2,7640;-0,0653;41,4241;47,3661;0,0000;1,2098;179,9347;255,000;-0,291;0,000;499,999;-112,3440;0,0361;-0,1205;0,0018;0,0844;-112,3458;0,5138;62,0522;-207,2130;-1,9508;145,2368;2,4650;12;0
2,7660;-0,2900;41,4243;47,3654;-0,0000;1,2103;179,7100;255,000;-1,291;0,000;500,000;-112,3412;0,1602;-0,5349;-0,0039;0,3749;-112,3373;2,2324;62,0482;-207,1878;-0,4555;145,1392;2,6879;12;0
2,7680;-0,5147;41,4248;47,3639;0,0000;1,2113;179,4853;255,000;-2,291;0,000;500,000;-112,3350;0,2843;-0,9492;-0,0000;0,6649;-112,3350;3,9509;62,0503;-207,1669;0,9765;145,0786;2,9743;12;0
2,7700;-0,7393;41,4255;47,3616;-0,0000;1,2129;179,2607;255,000;-3,291;0,000;500,000;-112,3254;0,4084;-1,3635;0,0000;0,9552;-112,3254;5,6831;62,0609;-207,1599;-0,0017;145,0990;5,6848;12;0
2,7720;-0,9640;41,4264;47,3585;0,0000;1,2151;179,0360;255,000;-4,291;0,000;500,000;-112,3123;0,5325;-1,7778;-0,0000;1,2453;-112,3123;7,4084;62,0711;-207,1366;0,0030;145,0655;7,4054;12;0
2,7740;-1,1886;41,4276;47,3545;-0,0000;1,2179;178,8114;255,000;-5,291;0,000;500,000;-112,2958;0,6567;-2,1921;0,0000;1,5354;-112,2958;9,1324;62,0841;-207,1072;-0,0053;145,0231;9,1377;12;0
2,7760;-1,4132;41,4290;47,3497;0,0000;1,2213;178,5868;255,000;-6,291;0,000;500,000;-112,2758;0,7808;-2,6063;-0,0000;1,8254;-112,2757;10,8546;62,0999;-207,0718;0,0093;144,9719;10,8453;12;0
2,7780;-1,6377;41,4307;47,3441;-0,0000;1,2252;178,3623;255,000;-7,291;0,000;500,000;-112,2523;0,9051;-3,0204;0,0001;2,1153;-112,2524;12,5749;62,1183;-207,0302;-0,0167;144,9118;12,5915;12;0
2,7800;-1,8622;41,4327;47,3376;0,0000;1,2297;178,1378;255,000;-8,291;0,000;500,000;-112,2255;1,0293;-3,4344;-0,0001;2,4051;-112,2254;14,2928;62,1394;-206,9825;0,0312;144,8429;14,2616;12;0
2,7820;-2,0866;41,4348;47,3303;-0,0000;1,2348;177,9134;255,000;-9,291;0,000;500,000;-112,1952;1,1536;-3,8483;0,0002;2,6947;-112,1953;16,0081;62,1631;-206,9287;-0,0673;144,7649;16,0755;12;0
2,7840;-2,3110;41,4373;47,3222;0,0000;1,2405;177,6890;255,000;-10,291;0,000;500,000;-112,1614;1,2780;-4,2621;-0,0004;2,9841;-112,1611;17,7205;62,1896;-206,8689;-0,1101;144,6797;17,8306;12;0
2,7860;-2,5352;41,4400;47,3133;-0,0000;1,2468;177,4648;255,000;-11,291;0,000;500,000;-112,1243;1,4024;-4,6758;-0,0003;3,2734;-112,1240;54,4518;61,7025;-205,0831;0,2438;143,3821;54,2080;12;0
2,7880;-2,7594;41,4429;47,3035;0,0000;1,2536;177,2406;255,000;-12,291;0,000;500,000;-111,9436;1,5248;-5,0824;0,0006;3,5577;-111,9442;200,6902;59,4042;-197,2504;0,0251;137,8459;200,6651;12;0
2,7900;-2,9830;41,4461;47,2930;0,0000;1,2610;177,0170;255,000;-13,288;0,000;498,750;-111,3215;1,6400;-5,4648;-0,0002;3,8248;-111,3214;388,6923;55,9235;-185,4731;-0,1085;129,5485;388,8009;12;0
2,7920;-3,2047;41,4494;47,2817;-0,0000;1,2689;176,7953;255,000;-14,278;0,000;494,837;-110,3889;1,7485;-5,8243;0,0002;4,0759;-110,3890;469,3093;53,4878;-177,1777;-0,0416;123,6893;469,3509;12;0
2,7940;-3,4246;41,4530;47,2697;0,0000;1,2773;176,5754;255,000;-15,260;0,000;490,837;-109,4443;1,8539;-6,1735;-0,0003;4,3195;-109,4440;472,7682;52,0227;-172,1149;0,1574;120,0901;472,6107;12;0
2,7960;-3,6425;41,4569;47,2570;-0,0000;1,2862;176,3575;255,000;-16,233;0,000;486,837;-108,4978;1,9566;-6,5128;0,0008;4,5562;-108,4986;473,6985;50,6040;-167,2034;0,2034;116,6010;473,4950;12;0
2,7980;-3,8586;41,4609;47,2436;0,0000;1,2955;176,1414;255,000;-17,199;0,000;482,837;-107,5495;2,0564;-6,8423;0,0005;4,7860;-107,5500;474,5542;49,1975;-162,3313;-0,3376;113,1389;474,8918;12;0
2,8000;-4,0727;41,4651;47,2296;-0,0000;1,3053;175,9273;255,000;-18,157;0,000;478,837;-106,5996;2,1534;-7,1621;-0,0005;5,0088;-106,5990;475,3311;47,8026;-157,4956;-0,1217;109,6922;475,4529;12;0
2,8020;-4,2850;41,4695;47,2150;0,0000;1,3156;175,7150;255,000;-19,106;0,000;474,837;-105,6482;2,2476;-7,4723;0,0000;5,2247;-105,6482;476,0383;46,4199;-152,7003;0,0864;106,2777;475,9519;12;0
2,8040;-4,4953;41,4741;47,1997;-0,0000;1,3262;175,5047;255,000;-20,048;0,000;470,837;-104,6954;2,3390;-7,7729;-0,0002;5,4339;-104,6952;476,6764;45,0493;-147,9461;-0,0000;102,8968;476,6764;12;0
2,8060;-4,7037;41,4788;47,1839;0,0000;1,3373;175,2963;255,000;-20,982;0,000;466,837;-103,7415;2,4278;-8,0641;0,0000;5,6363;-103,7415;477,2451;43,6902;-143,2313;0,0480;99,5411;477,1970;12;0
2,8080;-4,9103;41,4838;47,1675;-0,0000;1,3488;175,0897;255,000;-21,907;0,000;462,837;-102,7864;2,5138;-8,3458;-0,0000;5,8321;-102,7864;477,7477;42,3427;-138,5570;-0,0917;96,2132;477,8394;12;0
2,8100;-5,1149;41,4889;47,1505;0,0000;1,3606;174,8851;255,000;-22,825;0,000;458,837;-101,8305;2,5971;-8,6183;-0,0004;6,0212;-101,8301;478,1854;41,0067;-133,9234;0,0922;92,9153;478,0933;12;0
2,8120;-5,3176;41,4942;47,1330;-0,0000;1,3728;174,6824;255,000;-23,735;0,000;454,837;-100,8737;2,6778;-8,8815;0,0004;6,2037;-100,8740;478,5609;39,6817;-129,3295;-0,1544;89,6452;478,7153;12;0
2,8140;-5,5184;41,4996;47,1150;0,0000;1,3854;174,4816;255,000;-24,636;0,000;450,837;-99,9162;2,7559;-9,1356;-0,0010;6,3797;-99,9152;478,8605;38,3670;-124,7744;1,1360;86,3913;477,7244;12;0
2,8160;-5,7173;41,5052;47,0964;-0,0000;1,3984;174,2828;255,000;-25,530;0,000;446,838;-98,9582;2,8313;-9,3806;0,0049;6,5493;-98,9632;479,1182;37,0668;-120,2718;0,5836;83,2136;478,5345;12;0
2,8180;-5,9142;41,5109;47,0774;0,0000;1,4116;174,0858;255,000;-26,416;0,000;442,837;-97,9998;2,9041;-9,6167;0,0014;6,7126;-98,0011;479,3298;35,7785;-115,8139;-1,7509;80,0829;481,0809;12;0
2,8200;-6,1093;41,5168;47,0580;-0,0000;1,4252;173,8907;255,000;-27,293;0,000;438,838;-97,0409;2,9744;-9,8439;-0,0021;6,8696;-97,0388;479,4559;34,4939;-111,3732;-0,3375;76,8745;479,7935;12;0
2,8220;-6,3024;41,5228;47,0381;0,0000;1,4391;173,6976;255,000;-28,163;0,000;434,837;-96,0819;3,0421;-10,0622;0,0000;7,0201;-96,0819;479,5400;33,2215;-106,9793;-0,5933;73,7173;480,1333;12;0
2,8240;-6,4936;41,5290;47,0177;0,0000;1,4533;173,5064;255,000;-29,025;0,000;430,838;-95,1228;3,1073;-10,2718;-0,0045;7,1645;-95,1183;479,5639;31,9659;-102,6478;0,0655;70,6819;479,4983;12;0
2,8260;-6,6829;41,5353;46,9970;-0,0000;1,4678;173,3171;255,000;-29,878;0,000;426,837;-94,1637;3,1700;-10,4728;0,0003;7,3028;-94,1639;479,5316;30,7187;-98,3505;1,3147;67,6406;478,2169;12;0
2,8280;-6,8702;41,5417;46,9758;0,0000;1,4825;173,1298;255,000;-30,724;0,000;422,837;-93,2046;3,2302;-10,6652;0,0008;7,4350;-93,2054;479,4691;29,4805;-94,0906;-0,0731;64,6096;479,5421;12;0
2,8300;-7,0557;41,5482;46,9543;-0,0000;1,4975;172,9443;255,000;-31,562;0,000;418,837;-92,2458;3,2879;-10,8492;-0,0000;7,5613;-92,2458;479,3483;28,2537;-89,8762;-0,1998;61,6242;479,5480;12;0
2,8320;-7,2392;41,5548;46,9324;0,0000;1,5128;172,7608;255,000;-32,391;0,000;414,837;-91,2872;3,3432;-11,0247;-0,0000;7,6815;-91,2872;479,1775;27,0374;-85,7041;0,0025;58,6672;479,1750;12;0
2,8340;-7,4208;41,5616;46,9102;-0,0000;1,5282;172,5792;255,000;-33,213;0,000;410,837;-90,3291;3,3960;-11,1920;-0,0000;7,7959;-90,3291;478,9641;25,8316;-81,5752;0,0108;55,7435;478,9533;12;0
2,8360;-7,6005;41,5684;46,8877;0,0000;1,5439;172,3995;255,000;-34,027;0,000;406,837;-89,3714;3,4465;-11,3510;0,0000;7,9045;-89,3714;478,7065;24,6362;-77,4892;-0,0079;52,8532;478,7144;12;0
2,8380;-7,7783;41,5753;46,8648;-0,0000;1,5598;172,2217;255,000;-34,832;0,000;402,837;-88,4143;3,4946;-11,5019;-0,0001;8,0073;-88,4142;478,4067;23,4513;-73,4464;0,0090;49,9952;478,3977;12;0
2,8400;-7,9542;41,5824;46,8417;0,0000;1,5760;172,0458;255,000;-35,630;0,000;398,837;-87,4578;3,5403;-11,6448;0,0001;8,1045;-87,4578;478,0663;22,2767;-69,4467;-0,0058;47,1701;478,0721;12;0
2,8420;-8,1282;41,5895;46,8182;-0,0000;1,5923;171,8718;255,000;-36,420;0,000;394,837;-86,5020;3,5837;-11,7797;-0,0001;8,1960;-86,5019;477,6868;21,1126;-65,4903;0,0010;44,3778;477,6858;12;0
2,8440;-8,3002;41,5967;46,7945;0,0000;1,6087;171,6998;255,000;-37,201;0,000;390,837;-85,5470;3,6248;-11,9068;0,0001;8,2820;-85,5471;477,2696;19,9587;-61,5773;0,0046;41,6184;477,2650;12;0
2,8460;-8,4703;41,6040;46,7706;-0,0000;1,6254;171,5297;255,000;-37,975;0,000;386,837;-84,5929;3,6635;-12,0260;-0,0001;8,3625;-84,5929;476,8162;18,8152;-57,7075;-0,0079;38,8922;476,8241;12;0
2,8480;-8,6386;41,6114;46,7464;0,0000;1,6422;171,3614;255,000;-38,741;0,000;382,837;-83,6398;3,7000;-12,1376;0,0000;8,4376;-83,6398;476,3282;17,6820;-53,8812;0,0082;36,1992;476,3200;12;0
2,8500;-8,8049;41,6188;46,7221;-0,0000;1,6591;171,1951;255,000;-39,498;0,000;378,837;-82,6876;3,7343;-12,2416;-0,0000;8,5073;-82,6876;475,8069;16,5591;-50,0984;-0,0064;33,5392;475,8132;12;0
2,8520;-8,9693;41,6263;46,6975;0,0000;1,6762;171,0307;255,000;-40,248;0,000;374,837;-81,7365;3,7663;-12,3380;0,0000;8,5717;-81,7365;475,2533;15,4464;-46,3590;0,0487;30,9125;475,2046;12;0
2,8540;-9,1318;41,6339;46,6727;-0,0000;1,6934;170,8682;255,000;-40,990;0,000;370,837;-80,7866;3,7960;-12,4270;0,0002;8,6309;-80,7868;474,6698;14,3441;-42,6630;0,0417;28,3189;474,6281;12;0
2,8560;-9,2925;41,6415;46,6478;0,0000;1,7108;170,7075;255,000;-41,723;0,000;366,837;-79,8378;3,8236;-12,5086;0,0002;8,6850;-79,8380;474,0583;13,2521;-39,0106;-0,1061;25,7583;474,1645;12;0
2,8580;-9,4512;41,6492;46,6227;0,0000;1,7282;170,5488;255,000;-42,449;0,000;362,837;-78,8904;3,8491;-12,5830;-0,0003;8,7340;-78,8901;473,4176;12,1703;-35,4017;-0,0495;23,2314;473,4672;12;0
2,8600;-9,6080;41,6569;46,5974;-0,0000;1,7457;170,3920;255,000;-43,167;0,000;358,837;-77,9442;3,8723;-12,6502;-0,0000;8,7779;-77,9442;472,7501;11,0989;-31,8362;0,0667;20,7377;472,6834;12;0
2,8620;-9,7630;41,6647;46,5721;0,0000;1,7633;170,2370;255,000;-43,876;0,000;354,837;-76,9994;3,8934;-12,7104;0,0000;8,8169;-76,9994;472,0591;10,0378;-28,3142;-0,0285;18,2764;472,0876;12;0
2,8640;-9,9160;41,6725;46,5466;-0,0000;1,7810;170,0840;255,000;-44,578;0,000;350,837;-76,0559;3,9125;-12,7635;-0,0001;8,8510;-76,0558;471,3433;8,9870;-24,8357;0,0090;15,8488;471,3343;12;0
2,8660;-10,0672;41,6803;46,5210;0,0000;1,7987;169,9328;255,000;-45,272;0,000;346,837;-75,1140;3,9294;-12,8097;0,0001;8,8803;-75,1140;470,6050;7,9466;-21,4006;0,0277;13,4541;470,5773;12;0
2,8680;-10,2165;41,6882;46,4953;-0,0000;1,8165;169,7835;255,000;-45,957;0,000;342,837;-74,1735;3,9443;-12,8491;-0,0000;8,9049;-74,1735;469,8462;6,9165;-18,0089;-0,0106;11,0921;469,8568;12;0
2,8700;-10,3639;41,6961;46,4696;0,0000;1,8343;169,6361;255,000;-46,635;0,000;338,837;-73,2346;3,9571;-12,8818;0,0000;8,9247;-73,2346;469,0670;5,8969;-14,6605;0,0048;8,7636;469,0622;12;0
2,8720;-10,5094;41,7040;46,4438;-0,0000;1,8522;169,4906;255,000;-47,305;0,000;334,837;-72,2973;3,9678;-12,9077;-0,0000;8,9399;-72,2973;468,2731;4,8876;-11,3554;-0,4484;6,4677;468,7217;12;0
2,8740;-10,6531;41,7120;46,4180;0,0000;1,8701;169,3469;255,000;-47,967;0,000;330,837;-71,3615;3,9766;-12,9272;-0,0018;8,9506;-71,3597;467,4522;3,8870;-8,0876;0,1243;4,1782;467,3278;12;0
2,8760;-10,7949;41,7199;46,3921;-0,0000;1,8880;169,2051;255,000;-48,620;0,000;326,838;-70,4274;3,9834;-12,9401;0,0005;8,9566;-70,4279;466,6195;2,9004;-4,8745;0,2109;1,9724;466,4082;12;0
2,8780;-10,9348;41,7279;46,3662;0,0000;1,9059;169,0652;255,000;-49,266;0,000;322,837;-69,4950;3,9882;-12,9467;-0,0009;8,9585;-69,4941;465,7762;1,9264;-1,7114;-0,2474;-0,1703;466,0238;12;0
2,8800;-11,0728;41,7359;46,3403;-0,0000;1,9238;168,9272;255,000;-49,904;0,000;318,838;-68,5643;3,9911;-12,9469;-0,0005;8,9559;-68,5638;464,9036;0,9557;1,4321;0,9307;-2,3844;463,9731;12;0
2,8820;-11,2090;41,7438;46,3144;0,0000;1,9417;168,7910;255,000;-50,533;0,000;314,837;-67,6354;3,9920;-12,9409;0,0028;8,9489;-67,6382;464,0365;-0,0031;4,5285;0,1210;-4,5478;463,9155;12;0
2,8840;-11,3434;41,7518;46,2886;0,0000;1,9596;168,6566;255,000;-51,155;0,000;310,837;-66,7082;3,9911;-12,9288;-0,0000;8,9377;-66,7082;463,1575;-0,9474;7,5695;-0,7072;-6,6238;463,8648;12;0
2,8860;-11,4759;41,7598;46,2627;-0,0000;1,9775;168,5241;255,000;-51,769;0,000;306,837;-65,7828;3,9882;-12,9107;-0,0000;8,9224;-65,7827;462,2532;-1,8827;10,5727;0,0055;-8,6899;462,2478;12;0
2,8880;-11,6065;41,7678;46,2369;0,0000;1,9953;168,3935;255,000;-52,374;0,000;302,837;-64,8592;3,9836;-12,8865;0,0000;8,9030;-64,8592;461,3453;-2,8075;13,5336;0,0287;-10,7261;461,3165;12;0
2,8900;-11,7353;41,7757;46,2112;-0,0000;2,0131;168,2647;255,000;-52,972;0,000;298,837;-63,9374;3,9770;-12,8565;0,0001;8,8795;-63,9375;460,4290;-3,7215;16,4518;-0,0057;-12,7304;460,4347;12;0
2,8920;-11,8623;41,7837;46,1855;0,0000;2,0308;168,1377;255,000;-53,562;0,000;294,837;-63,0175;3,9687;-12,8207;-0,0000;8,8521;-63,0175;459,5047;-4,6247;19,3275;-0,0333;-14,7027;459,5380;12;0
2,8940;-11,9874;41,7916;46,1599;-0,0000;2,0485;168,0126;255,000;-54,143;0,000;290,837;-62,0994;3,9585;-12,7792;-0,0001;8,8207;-62,0993;458,5727;-5,5171;22,1606;0,0059;-16,6434;458,5668;12;0
2,8960;-12,1107;41,7995;46,1344;0,0000;2,0661;167,8893;255,000;-54,717;0,000;286,837;-61,1832;3,9466;-12,7321;0,0000;8,7855;-61,1832;457,6320;-6,3987;24,9512;0,3041;-18,5521;457,3276;12;0
2,8980;-12,2321;41,8074;46,1090;-0,0000;2,0836;167,7679;255,000;-55,283;0,000;282,837;-60,2689;3,9329;-12,6794;0,0011;8,7465;-60,2700;456,6924;-7,2700;27,7018;-0,0231;-20,4393;456,7155;12;0
2,9000;-12,3517;41,8153;46,0837;0,0000;2,1011;167,6483;255,000;-55,840;0,000;278,837;-59,3564;3,9175;-12,6213;-0,0001;8,7037;-59,3563;455,7510;-8,1292;30,4063;-0,5513;-22,2780;456,3026;12;0
2,9020;-12,4695;41,8231;46,0585;-0,0000;2,1184;167,5305;255,000;-56,390;0,000;274,837;-58,4459;3,9004;-12,5578;-0,0011;8,6574;-58,4448;454,7943;-8,9766;33,0661;0,0372;-24,0746;454,7570;12;0
2,9040;-12,5855;41,8309;46,0334;0,0000;2,1357;167,4145;255,000;-56,932;0,000;270,837;-57,5372;3,8816;-12,4890;0,0001;8,6074;-57,5373;453,8388;-9,8154;35,6921;0,2400;-25,8761;453,5986;12;0
2,9060;-12,6997;41,8386;46,0085;-0,0000;2,1529;167,3003;255,000;-57,465;0,000;266,837;-56,6305;3,8611;-12,4150;-0,0001;8,5539;-56,6304;452,8873;-10,6428;38,2744;-0,0140;-27,6390;452,9013;12;0
2,9080;-12,8120;41,8463;45,9838;0,0000;2,1699;167,1880;255,000;-57,991;0,000;262,837;-55,7257;3,8390;-12,3359;0,0000;8,4969;-55,7257;451,9305;-11,4577;40,8108;0,1261;-29,3530;451,8043;12;0
2,9100;-12,9226;41,8540;45,9592;-0,0000;2,1869;167,0774;255,000;-58,509;0,000;258,837;-54,8228;3,8153;-12,2518;0,0004;8,4365;-54,8232;450,9759;-12,2619;43,3076;-0,0106;-31,0465;450,9866;12;0
2,9120;-13,0313;41,8616;45,9348;0,0000;2,2037;166,9687;255,000;-59,018;0,000;254,837;-53,9218;3,7900;-12,1627;-0,0000;8,3727;-53,9217;450,0232;-13,0550;45,7629;-0,2035;-32,7082;450,2270;12;0
2,9140;-13,1383;41,8691;45,9105;-0,0000;2,2204;166,8617;255,000;-59,520;0,000;250,837;-53,0227;3,7631;-12,0687;-0,0004;8,3056;-53,0223;449,0677;-13,8368;48,1764;0,0150;-34,3380;449,0526;12;0
2,9160;-13,2434;41,8766;45,8865;0,0000;2,2369;166,7566;255,000;-60,014;0,000;246,837;-52,1255;3,7346;-11,9700;0,0000;8,2353;-52,1255;448,1131;-14,6072;50,5486;0,3056;-35,9406;447,8073;12;0
2,9180;-13,3468;41,8841;45,8626;-0,0000;2,2533;166,6532;255,000;-60,499;0,000;242,837;-51,2302;3,7047;-11,8665;0,0008;8,1619;-51,2310;447,1681;-15,3664;52,8799;-0,0120;-37,5173;447,1802;12;0
2,9200;-13,4484;41,8914;45,8390;0,0000;2,2695;166,5516;255,000;-60,977;0,000;238,837;-50,3368;3,6732;-11,7585;-0,0000;8,0853;-50,3368;446,2280;-16,1142;55,1701;-0,4085;-39,0570;446,6368;12;0
2,9220;-13,5481;41,8988;45,8156;-0,0000;2,2856;166,4519;255,000;-61,447;0,000;234,837;-49,4453;3,6402;-11,6459;-0,0008;8,0056;-49,4445;445,2832;-16,8502;57,4187;0,0092;-40,5626;445,2740;12;0
2,9240;-13,6461;41,9060;45,7924;0,0000;2,3016;166,3539;255,000;-61,908;0,000;230,837;-48,5557;3,6058;-11,5288;0,0000;7,9230;-48,5557;444,3443;-17,5749;59,6266;0,3122;-42,0508;444,0318;12;0
2,9260;-13,7424;41,9132;45,7695;-0,0000;2,3173;166,2576;255,000;-62,362;0,000;226,837;-47,6679;3,5699;-11,4073;0,0004;7,8374;-47,6684;443,4179;-18,2882;61,7941;-0,0078;-43,5096;443,4257;12;0
2,9280;-13,8368;41,9203;45,7468;0,0000;2,3329;166,1632;255,000;-62,808;0,000;222,837;-46,7820;3,5326;-11,2816;-0,0000;7,7490;-46,7820;442,4969;-18,9897;63,9208;-0,2173;-44,9317;442,7143;12;0
2,9300;-13,9295;41,9273;45,7244;-0,0000;2,3483;166,0705;255,000;-63,245;0,000;218,837;-45,8980;3,4940;-11,1517;-0,0004;7,6577;-45,8975;441,5778;-19,6795;66,0066;0,0065;-46,3256;441,5713;12;0
2,9320;-14,0204;41,9343;45,7022;0,0000;2,3635;165,9796;255,000;-63,675;0,000;214,837;-45,0157;3,4539;-11,0176;0,0000;7,5637;-45,0157;440,6672;-20,3577;68,0521;0,1178;-47,6940;440,5493;12;0
2,9340;-14,1095;41,9411;45,6803;-0,0000;2,3786;165,8905;255,000;-64,097;0,000;210,837;-44,1353;3,4125;-10,8795;0,0000;7,4669;-44,1353;439,7673;-21,0242;70,0574;-0,0036;-49,0340;439,7710;12;0
2,9360;-14,1969;41,9479;45,6587;0,0000;2,3934;165,8031;255,000;-64,510;0,000;206,837;-43,2566;3,3698;-10,7374;-0,0000;7,3675;-43,2566;438,8738;-21,6787;72,0220;0,0819;-50,3421;438,7919;12;0
2,9380;-14,2826;41,9546;45,6374;-0,0000;2,4080;165,7174;255,000;-64,916;0,000;202,837;-42,3798;3,3258;-10,5914;0,0004;7,2656;-42,3802;437,9913;-22,3216;73,9472;0,0054;-51,6262;437,9859;12;0
2,9400;-14,3665;41,9612;45,6163;0,0000;2,4225;165,6335;255,000;-65,314;0,000;198,837;-41,5047;3,2805;-10,4416;0,0000;7,1610;-41,5047;437,1197;-22,9527;75,8328;-0,1902;-52,8827;437,3100;12;0
2,9420;-14,4486;41,9677;45,5956;0,0000;2,4367;165,5514;255,000;-65,703;0,000;194,837;-40,6313;3,2340;-10,2880;-0,0004;7,0540;-40,6309;436,2542;-23,5715;77,6771;-0,0330;-54,1047;436,2872;12;0
2,9440;-14,5290;41,9741;45,5752;-0,0000;2,4507;165,4710;255,000;-66,085;0,000;190,837;-39,7597;3,1862;-10,1309;-0,0001;6,9446;-39,7596;435,3998;-24,1783;79,4819;0,1008;-55,3023;435,2988;12;0
2,9460;-14,6076;41,9805;45,5551;-0,0000;2,4645;165,3924;255,000;-66,459;0,000;186,837;-38,8897;3,1373;-9,9701;0,0000;6,8328;-38,8897;434,5586;-24,7734;81,2477;0,0512;-56,4746;434,5074;12;0
2,9480;-14,6845;41,9867;45,5353;0,0000;2,4780;165,3155;255,000;-66,824;0,000;182,837;-38,0214;3,0871;-9,8059;0,0001;6,7187;-38,0215;433,7291;-25,3564;82,9737;-0,0102;-57,6173;433,7393;12;0
2,9500;-14,7597;41,9928;45,5158;-0,0000;2,4913;165,2403;255,000;-67,182;0,000;178,837;-37,1548;3,0359;-9,6382;-0,0000;6,6024;-37,1548;432,9112;-25,9272;84,6602;-0,0230;-58,7331;432,9343;12;0
2,9520;-14,8332;41,9988;45,4967;-0,0000;2,5044;165,1668;255,000;-67,532;0,000;174,837;-36,2898;2,9834;-9,4672;0,0000;6,4838;-36,2898;432,1052;-26,4859;86,3073;0,0173;-59,8214;432,0880;12;0
2,9540;-14,9049;42,0047;45,4780;0,0000;2,5173;165,0951;255,000;-67,873;0,000;170,837;-35,4264;2,9299;-9,2930;0,0000;6,3631;-35,4264;431,3129;-27,0323;87,9152;-0,0031;-60,8828;431,3160;12;0
2,9560;-14,9749;42,0106;45,4596;-0,0000;2,5299;165,0251;255,000;-68,207;0,000;166,837;-34,5645;2,8753;-9,1156;-0,0000;6,2403;-34,5645;430,5337;-27,5666;89,4839;-0,0097;-61,9173;430,5434;12;0
2,9580;-15,0431;42,0163;45,4415;-0,0000;2,5422;164,9569;255,000;-68,533;0,000;162,837;-33,7042;2,8196;-8,9351;-0,0000;6,1154;-33,7042;429,7681;-28,0886;91,0135;0,0056;-62,9249;429,7625;12;0
2,9600;-15,1097;42,0218;45,4238;-0,0000;2,5543;164,8903;255,000;-68,851;0,000;158,837;-32,8455;2,7630;-8,7515;0,0000;5,9886;-32,8455;429,0169;-28,5983;92,5042;0,0029;-63,9059;429,0139;12;0
2,9620;-15,1745;42,0273;45,4065;0,0000;2,5662;164,8255;255,000;-69,160;0,000;154,837;-31,9882;2,7053;-8,5650;0,0000;5,8598;-31,9882;428,2802;-29,0957;93,9561;-0,0045;-64,8604;428,2847;12;0
2,9640;-15,2376;42,0327;45,3896;0,0000;2,5778;164,7624;255,000;-69,462;0,000;150,837;-31,1323;2,6466;-8,3757;-0,0000;5,7291;-31,1323;427,5583;-29,5806;95,3692;-0,0015;-65,7885;427,5597;12;0
2,9660;-15,2990;42,0379;45,3730;-0,0000;2,5891;164,7010;255,000;-69,756;0,000;146,837;-30,2779;2,5869;-8,1836;0,0000;5,5966;-30,2779;426,8513;-30,0532;96,7436;0,0211;-66,6904;426,8302;12;0
2,9680;-15,3587;42,0430;45,3568;0,0000;2,6002;164,6413;255,000;-70,041;0,000;142,837;-29,4249;2,5264;-7,9887;0,0001;5,4624;-29,4250;426,1605;-30,5133;98,0794;-0,0002;-67,5661;426,1607;12;0
2,9700;-15,4167;42,0480;45,3410;0,0000;2,6110;164,5833;255,000;-70,319;0,000;138,837;-28,5733;2,4649;-7,7912;-0,0000;5,3264;-28,5733;425,4879;-30,9616;99,3788;-0,2064;-68,4249;425,6945;12;0
2,9720;-15,4730;42,0529;45,3257;-0,0000;2,6215;164,5270;255,000;-70,589;0,000;134,837;-27,7230;2,4025;-7,5912;-0,0007;5,1887;-27,7222;424,8263;-31,3961;100,6358;0,0339;-69,2403;424,7924;12;0
2,9740;-15,5276;42,0576;45,3107;-0,0000;2,6317;164,4724;255,000;-70,850;0,000;130,837;-26,8740;2,3393;-7,3887;0,0001;5,0494;-26,8741;424,1794;-31,8173;101,8523;0,3560;-70,0196;423,8229;12;0
2,9760;-15,5805;42,0622;45,2961;0,0000;2,6417;164,4195;255,000;-71,104;0,000;126,837;-26,0263;2,2752;-7,1838;0,0007;4,9086;-26,0269;423,5582;-32,2286;103,0388;-0,0673;-70,8090;423,6255;12;0
2,9780;-15,6317;42,0667;45,2819;-0,0000;2,6514;164,3683;255,000;-71,350;0,000;122,837;-25,1798;2,2104;-6,9765;-0,0001;4,7662;-25,1796;422,9517;-32,6266;104,1852;-0,1655;-71,5662;423,1175;12;0
2,9800;-15,6813;42,0711;45,2682;0,0000;2,6607;164,3187;255,000;-71,587;0,000;118,837;-24,3345;2,1447;-6,7670;0,0000;4,6223;-24,3345;422,3583;-33,0107;105,2894;0,0335;-72,2793;422,3248;12;0
2,9820;-15,7291;42,0753;45,2549;0,0000;2,6698;164,2709;255,000;-71,817;0,000;114,837;-23,4903;2,0783;-6,5554;-0,0000;4,4770;-23,4903;421,7849;-33,3828;106,3576;-0,0174;-72,9750;421,8024;12;0
2,9840;-15,7752;42,0794;45,2420;-0,0000;2,6786;164,2248;255,000;-72,039;0,000;110,837;-22,6473;2,0112;-6,3416;-0,0001;4,3304;-22,6473;421,2289;-33,7421;107,3879;0,0001;-73,6458;421,2288;12;0
2,9860;-15,8197;42,0833;45,2295;-0,0000;2,6872;164,1803;255,000;-72,252;0,000;106,837;-21,8054;1,9434;-6,1258;0,0000;4,1825;-21,8054;420,6901;-34,0889;108,3808;0,0821;-74,2935;420,6078;12;0
2,9880;-15,8624;42,0871;45,2175;0,0000;2,6954;164,1376;255,000;-72,458;0,000;102,837;-20,9646;1,8748;-5,9081;0,0003;4,0332;-20,9648;420,1717;-34,4226;109,3351;-0,0016;-74,9125;420,1733;12;0
2,9900;-15,9035;42,0908;45,2059;0,0000;2,7033;164,0965;255,000;-72,656;0,000;98,837;-20,1247;1,8057;-5,6885;-0,0000;3,8828;-20,1247;419,6724;-34,7434;110,2512;-0,1267;-75,5042;419,7993;12;0
2,9920;-15,9429;42,0944;45,1947;-0,0000;2,7109;164,0571;255,000;-72,845;0,000;94,837;-19,2859;1,7359;-5,4671;-0,0002;3,7312;-19,2856;419,1886;-35,0520;111,1315;0,0031;-76,0794;419,1856;12;0
2,9940;-15,9807;42,0978;45,1840;-0,0000;2,7182;164,0193;255,000;-73,027;0,000;90,837;-18,4480;1,6655;-5,2440;0,0000;3,5785;-18,4480;418,7246;-35,3476;111,9738;0,0605;-76,6281;418,6641;12;0
2,9960;-16,0167;42,1010;45,1737;0,0000;2,7252;163,9833;255,000;-73,201;0,000;86,837;-17,6110;1,5945;-5,0192;0,0000;3,4247;-17,6110;418,2837;-35,6326;112,7855;-0,1912;-77,1821;418,4675;12;0
2,9980;-16,0511;42,1041;45,1639;-0,0000;2,7319;163,9489;255,000;-73,366;0,000;82,837;-16,7748;1,5229;-4,7928;-0,0008;3,2698;-16,7741;417,8565;-35,8998;113,5445;0,0438;-77,6449;417,8127;12;0
3,0000;-16,0838;42,1071;45,1546;-0,0000;2,7383;163,9162;255,000;-73,524;0,000;78,838;-15,9395;1,4509;-4,5650;0,0002;3,1141;-15,9397;417,4461;-36,1516;114,2582;0,3793;-78,0483;417,0817;12;0
3,0020;-16,1149;42,1100;45,1457;0,0000;2,7444;163,8851;255,000;-73,674;0,000;74,837;-15,1050;1,3783;-4,3358;0,0008;2,9576;-15,1058;417,0662;-36,4015;114,9694;-0,1568;-78,5800;417,2231;12;0
3,0040;-16,1442;42,1126;45,1372;-0,0000;2,7501;163,8558;255,000;-73,815;0,000;70,837;-14,2713;1,3053;-4,1051;-0,0004;2,7998;-14,2708;416,7018;-36,6341;115,6288;-0,1848;-79,0238;416,8791;12;0
3,0060;-16,1720;42,1152;45,1293;-0,0000;2,7556;163,8280;255,000;-73,949;0,000;66,837;-13,4382;1,2318;-3,8733;0,0000;2,6415;-13,4383;416,3515;-36,8475;116,2317;0,1771;-79,3592;416,1742;12;0
3,0080;-16,1980;42,1176;45,1217;0,0000;2,7607;163,8020;255,000;-74,075;0,000;62,837;-12,6059;1,1579;-3,6402;0,0003;2,4824;-12,6061;416,0272;-37,0547;116,8189;-0,0086;-79,7643;416,0358;12;0
3,0100;-16,2224;42,1198;45,1147;0,0000;2,7655;163,7776;255,000;-74,192;0,000;58,837;-11,7741;1,0836;-3,4060;-0,0000;2,3224;-11,7741;415,7222;-37,2479;117,3655;-0,0659;-80,1303;415,7882;12;0
3,0120;-16,2451;42,1219;45,1081;0,0000;2,7700;163,7549;255,000;-74,302;0,000;54,837;-10,9430;1,0089;-3,1708;-0,0000;2,1619;-10,9430;415,4358;-37,4259;117,8682;0,0027;-80,4421;415,4331;12;0
3,0140;-16,2662;42,1238;45,1020;0,0000;2,7742;163,7338;255,000;-74,404;0,000;50,837;-10,1124;0,9339;-2,9345;-0,0000;2,0007;-10,1124;415,1706;-37,5920;118,3373;-0,0011;-80,7453;415,1717;12;0
3,0160;-16,2855;42,1256;45,0964;0,0000;2,7780;163,7145;255,000;-74,497;0,000;46,837;-9,2823;0,8585;-2,6974;-0,0000;1,8389;-9,2823;414,9259;-37,7451;118,7694;0,0010;-81,0243;414,9249;12;0
3,0180;-16,3033;42,1273;45,0912;-0,0000;2,7815;163,6967;255,000;-74,583;0,000;42,837;-8,4527;0,7829;-2,4594;-0,0000;1,6766;-8,4527;414,7018;-37,8852;119,1644;0,0006;-81,2792;414,7013;12;0
3,0200;-16,3194;42,1288;45,0865;-0,0000;2,7847;163,6806;255,000;-74,661;-0,000;38,837;-7,6235;0,7070;-2,2207;-0,0000;1,5138;-7,6235;414,5072;-38,0122;119,5226;-0,6679;-81,5109;415,1755;12;0
3,0220;-16,3338;42,1301;45,0823;-0,0000;2,7876;163,6662;255,000;-74,730;0,000;34,837;-6,7947;0,6308;-1,9814;-0,0027;1,3505;-6,7920;414,3157;-38,1261;119,8435;0,0020;-81,7178;414,3138;12;0
3,0240;-16,3465;42,1313;45,0786;-0,0000;2,7901;163,6535;255,000;-74,792;0,000;30,838;-5,9662;0,5545;-1,7414;0,0000;1,1869;-5,9662;414,1363;-38,2269;120,1273;1,3358;-81,8992;412,7997;12;0
3,0260;-16,3576;42,1323;45,0754;-0,0000;2,7923;163,6424;255,000;-74,846;0,000;26,837;-5,1381;0,4779;-1,5008;0,0027;1,0229;-5,1408;414,0129;-38,3148;120,3749;-0,0019;-82,0591;414,0148;12;0
3,0280;-16,3671;42,1332;45,0726;-0,0000;2,7942;163,6329;255,000;-74,891;0,000;22,837;-4,3102;0,4012;-1,2599;-0,0000;0,8586;-4,3102;413,9031;-38,3896;120,5855;-0,7801;-82,1966;414,6839;12;0
3,0300;-16,3749;42,1339;45,0703;-0,0000;2,7957;163,6251;255,000;-74,929;0,000;18,837;-3,4825;0,3244;-1,0185;-0,0004;0,6941;-3,4820;413,7937;-38,4512;120,7588;0,0010;-82,3080;413,7928;12;0
3,0320;-16,3810;42,1345;45,0685;-0,0000;2,7970;163,6190;255,000;-74,959;0,000;14,837;-2,6550;0,2474;-0,7768;0,0000;0,5294;-2,6550;413,7127;-38,4998;120,8954;0,2209;-82,3956;413,4914;12;0
3,0340;-16,3855;42,1349;45,0672;-0,0000;2,7979;163,6145;255,000;-74,980;0,000;10,837;-1,8276;0,1704;-0,5349;0,0004;0,3645;-1,8281;413,6601;-38,5364;120,9985;-0,1524;-82,4713;413,8125;12;0
3,0360;-16,3883;42,1352;45,0664;-0,0000;2,7984;163,6117;255,000;-74,994;0,000;6,837;-1,0004;0,0933;-0,2928;-0,0006;0,1995;-0,9998;381,3023;-73,1726;123,9603;-0,1060;-50,7875;381,4085;12;0
3,0380;-16,3895;42,1353;45,0661;-0,0000;2,7987;163,6105;255,000;-75,000;0,000;2,837;-0,3024;-0,1223;-0,0391;0,0000;0,1614;-0,3024;247,8244;-216,1068;135,9628;0,3029;80,1622;247,5215;12;0
3,0400;-16,3895;42,1347;45,0662;-0,0000;2,7991;163,6105;255,000;-75,000;0,003;1,253;-0,0091;-0,7712;0,2510;0,0006;0,5202;-0,0097;75,6096;-400,5450;151,4219;-0,0026;249,1229;75,6122;13;0
3,0420;-16,3895;42,1322;45,0671;-0,0000;2,8007;163,6105;255,000;-75,000;0,013;5,163;0,0000;-1,7245;0,5666;0,0000;1,1579;-0,0000;2,2668;-479,0951;157,9651;-0,1500;321,1210;2,4168;13;0
3,0440;-16,3895;42,1278;45,0685;-0,0000;2,8037;163,6105;255,000;-75,000;0,031;9,163;-0,0000;-2,6875;0,8829;0,0000;1,8047;-0,0000;-0,0000;-481,5217;158,0841;0,0010;323,4376;-0,0010;13;0
3,0460;-16,3895;42,1215;45,0706;0,0000;2,8080;163,6105;255,000;-75,000;0,057;13,163;-0,0000;-3,6506;1,1989;0,0000;2,4516;-0,0000;0,0000;-481,5240;157,9672;-0,0010;323,5567;0,0010;13;0
3,0480;-16,3895;42,1132;45,0733;0,0000;2,8135;163,6105;255,000;-75,000;0,092;17,163;0,0000;-4,6136;1,5147;0,0000;3,0989;-0,0000;0,0000;-481,5270;157,8150;-0,0010;323,7119;0,0010;13;0
3,0500;-16,3895;42,1030;45,0766;0,0000;2,8204;163,6105;255,000;-75,000;0,134;21,163;0,0000;-5,5767;1,8302;0,0000;3,7465;-0,0000;0,0000;-481,5305;157,6272;-0,0000;323,9034;0,0000;13;0
3,0520;-16,3895;42,0909;45,0806;0,0000;2,8285;163,6105;255,000;-75,000;0,184;25,163;0,0000;-6,5398;2,1452;0,0000;4,3945;-0,0000;0,0000;-481,5347;157,4039;-0,0000;324,1308;0,0000;13;0
3,0540;-16,3895;42,0768;45,0852;0,0000;2,8379;163,6105;255,000;-75,000;0,243;29,163;0,0000;-7,5028;2,4598;-0,0000;5,0430;0,0000;0,0000;-481,5394;157,1450;-0,0000;324,3944;0,0000;13;0
3,0560;-16,3895;42,0609;45,0905;0,0000;2,8487;163,6105;255,000;-75,000;0,309;33,163;0,0000;-8,4659;2,7738;-0,0000;5,6921;0,0000;0,0000;-481,5446;156,8506;0,0000;324,6940;0,0000;13;0
3,0580;-16,3895;42,0430;45,0963;0,0000;2,8607;163,6105;255,000;-75,000;0,383;37,163;0,0000;-9,4290;3,0872;-0,0000;6,3418;0,0000;0,0000;-481,5502;156,5206;-0,0000;325,0296;0,0000;13;0
3,0600;-16,3895;42,0232;45,1028;0,0000;2,8740;163,6105;255,000;-75,000;0,466;41,163;0,0000;-10,3921;3,3999;-0,0000;6,9922;0,0000;0,0000;-481,5561;156,1549;-0,0000;325,4012;0,0000;13;0
3,0620;-16,3895;42,0014;45,1099;-0,0000;2,8887;163,6105;255,000;-75,000;0,556;45,163;0,0000;-11,3552;3,7118;-0,0000;7,6434;0,0000;0,0000;-481,5622;155,7536;0,0000;325,8086;-0,0000;13;0
3,0640;-16,3895;41,9777;45,1177;-0,0000;2,9046;163,6105;255,000;-75,000;0,654;49,163;0,0000;-12,3184;4,0229;-0,0000;8,2954;0,0000;-0,0000;-481,5685;155,3166;0,0000;326,2520;-0,0000;13;0
3,0660;-16,3895;41,9521;45,1260;-0,0000;2,9219;163,6105;255,000;-75,000;0,761;53,163;0,0000;-13,2815;4,3331;-0,0000;8,9484;0,0000;0,0000;-481,5749;154,8438;0,0000;326,7311;-0,0000;13;0
3,0680;-16,3895;41,9246;45,1350;-0,0000;2,9404;163,6105;255,000;-75,000;0,875;57,163;0,0000;-14,2447;4,6423;-0,0000;9,6024;0,0000;0,0000;-481,5811;154,3352;-0,0000;327,2459;0,0000;13;0
3,0700;-16,3895;41,8952;45,1446;-0,0000;2,9603;163,6105;255,000;-75,000;0,997;61,163;0,0000;-15,2078;4,9504;-0,0000;10,2574;0,0000;0,0000;-481,5872;153,7908;0,0000;327,7964;-0,0000;13;0
3,0720;-16,3895;41,8638;45,1548;-0,0000;2,9814;163,6105;255,000;-75,000;1,128;65,163;0,0000;-16,1710;5,2575;0,0000;10,9135;0,0000;0,0000;-481,5929;153,2104;0,0000;328,3825;-0,0000;13;0
3,0740;-16,3895;41,8305;45,1656;-0,0000;3,0039;163,6105;255,000;-75,000;1,266;69,163;0,0000;-17,1342;5,5633;-0,0000;11,5709;0,0000;0,0000;-481,5982;152,5942;-0,0000;329,0041;0,0000;13;0
3,0760;-16,3895;41,7952;45,1770;-0,0000;3,0277;163,6105;255,000;-75,000;1,412;73,163;0,0000;-18,0974;5,8678;-0,0000;12,2296;0,0000;0,0000;-481,6029;151,9419;0,0000;329,6610;-0,0000;13;0
3,0780;-16,3895;41,7581;45,1891;-0,0000;3,0528;163,6105;255,000;-75,000;1,567;77,163;0,0000;-19,0606;6,1711;0,0000;12,8896;-0,0000;0,0000;-481,6068;151,2535;0,0000;330,3533;-0,0000;13;0
3,0800;-16,3895;41,7190;45,2017;-0,0000;3,0793;163,6105;255,000;-75,000;1,729;81,163;0,0000;-20,0238;6,4729;-0,0000;13,5510;0,0000;0,0000;-481,6098;150,5290;-0,0000;331,0808;0,0000;13;0
3,0820;-16,3895;41,6780;45,2150;-0,0000;3,1070;163,6105;255,000;-75,000;1,899;85,163;0,0000;-20,9871;6,7732;-0,0000;14,2139;0,0000;0,0000;-481,6118;149,7683;-0,0000;331,8434;0,0000;13;0
3,0840;-16,3895;41,6351;45,2288;-0,0000;3,1361;163,6105;255,000;-75,000;2,078;89,163;0,0000;-21,9503;7,0719;-0,0000;14,8783;0,0000;-0,0000;-481,6124;148,9714;0,0000;332,6410;-0,0000;13;0
3,0860;-16,3895;41,5902;45,2433;-0,0000;3,1666;163,6105;255,000;-75,000;2,264;93,163;0,0000;-22,9135;7,3691;0,0000;15,5444;-0,0000;0,0000;-481,6115;148,1381;0,0000;333,4735;-0,0000;13;0
3,0880;-16,3895;41,5434;45,2583;-0,0000;3,1983;163,6105;255,000;-75,000;2,458;97,163;0,0000;-23,8767;7,6645;-0,0000;16,2122;0,0000;0,0000;-481,6090;147,2683;-0,0000;334,3407;0,0000;13;0
3,0900;-16,3895;41,4947;45,2739;-0,0000;3,2314;163,6105;255,000;-75,000;2,661;101,163;0,0000;-24,8399;7,9581;0,0000;16,8818;0,0000;-0,0000;-481,6046;146,3621;0,0000;335,2425;-0,0000;13;0
3,0920;-16,3895;41,4440;45,2901;-0,0000;3,2658;163,6105;255,000;-75,000;2,871;105,163;0,0000;-25,8031;8,2499;0,0000;17,5532;-0,0000;0,0000;-481,5981;145,4192;0,0000;336,1788;-0,0000;13;0
3,0940;-16,3895;41,3915;45,3069;-0,0000;3,3016;163,6105;255,000;-75,000;3,089;109,163;0,0000;-26,7663;8,5398;0,0000;18,2265;-0,0000;0,0000;-481,5892;144,4397;-0,0000;337,1495;0,0000;13;0
3,0960;-16,3895;41,3370;45,3243;-0,0000;3,3387;163,6105;255,000;-75,000;3,316;113,163;0,0000;-27,7295;8,8277;-0,0000;18,9018;0,0000;0,0000;-481,5777;143,4234;-0,0000;338,1543;0,0000;13;0
3,0980;-16,3895;41,2805;45,3422;-0,0000;3,3772;163,6105;255,000;-75,000;3,550;117,163;0,0000;-28,6926;9,1135;-0,0000;19,5791;0,0000;0,0000;-481,5635;142,3703;0,0000;339,1932;-0,0000;13;0
3,1000;-16,3895;41,2222;45,3607;-0,0000;3,4171;163,6105;255,000;-75,000;3,792;121,163;0,0000;-29,6558;9,3972;0,0000;20,2586;-0,0000;0,0000;-481,5461;141,2802;0,0000;340,2659;-0,0000;13;0
3,1020;-16,3895;41,1619;45,3798;-0,0000;3,4583;163,6105;255,000;-75,000;4,043;125,163;0,0000;-30,6188;9,6786;0,0000;20,9402;-0,0000;0,0000;-481,5253;140,1530;-0,0000;341,3723;0,0000;13;0
3,1040;-16,3895;41,0997;45,3995;-0,0000;3,5008;163,6105;255,000;-75,000;4,301;129,163;0,0000;-31,5819;9,9578;-0,0000;21,6241;0,0000;0,0000;-481,5009;138,9886;-0,0000;342,5122;0,0000;13;0
3,1060;-16,3895;41,0356;45,4197;-0,0000;3,5448;163,6105;255,000;-75,000;4,567;133,163;0,0000;-32,5448;10,2346;0,0000;22,3103;0,0000;0,0000;-481,4725;137,7870;0,0000;343,6854;-0,0000;13;0
3,1080;-16,3895;40,9695;45,4404;-0,0000;3,5901;163,6105;255,000;-75,000;4,842;137,163;0,0000;-33,5077;10,5089;0,0000;22,9988;-0,0000;0,0000;-481,4398;136,5480;0,0000;344,8918;-0,0000;13;0
3,1100;-16,3895;40,9016;45,4617;-0,0000;3,6367;163,6105;255,000;-75,000;5,124;141,163;0,0000;-34,4706;10,7808;0,0000;23,6898;0,0000;0,0000;-481,4026;135,2715;0,0000;346,1310;0,0000;13;0
3,1120;-16,3895;40,8317;45,4835;-0,0000;3,6848;163,6105;255,000;-75,000;5,414;145,163;0,0000;-35,4334;11,0500;0,0000;24,3833;-0,0000;0,0000;-481,3604;133,9574;0,0000;347,4030;-0,0000;13;0
3,1140;-16,3895;40,7598;45,5059;0,0000;3,7343;163,6105;255,000;-75,000;5,713;149,163;0,0000;-36,3960;11,3166;0,0000;25,0794;-0,0000;0,0000;-481,3130;132,6056;-0,0000;348,7074;0,0000;13;0
3,1160;-16,3895;40,6861;45,5288;0,0000;3,7851;163,6105;255,000;-75,000;6,019;153,163;0,0000;-37,3586;11,5804;-0,0000;25,7782;0,0000;0,0000;-481,2600;131,2159;-0,0000;350,0441;0,0000;13;0
3,1180;-16,3895;40,6104;45,5522;0,0000;3,8374;163,6105;255,000;-75,000;6,333;157,163;0,0000;-38,3211;11,8415;-0,0000;26,4796;0,0000;0,0000;-481,2011;129,7882;-0,0000;351,4130;-0,0000;13;0
3,1200;-16,3895;40,5328;45,5762;0,0000;3,8911;163,6105;255,000;-75,000;6,656;161,163;0,0000;-39,2834;12,0996;-0,0000;27,1838;0,0000;0,0000;-481,1357;128,3224;-0,0000;352,8134;0,0000;13;0
3,1220;-16,3895;40,4533;45,6006;-0,0000;3,9461;163,6105;255,000;-75,000;6,986;165,163;0,0000;-40,2456;12,3547;-0,0000;27,8909;0,0000;0,0000;-481,0637;126,8185;-0,0000;354,2450;0,0000;13;0
3,1240;-16,3895;40,3718;45,6256;-0,0000;4,0026;163,6105;255,000;-75,000;7,324;169,163;0,0000;-41,2077;12,6069;-0,0000;28,6008;0,0000;-0,0000;-480,9845;125,2762;0,0000;355,7082;-0,0000;13;0
3,1260;-16,3895;40,2884;45,6510;-0,0000;4,0605;163,6105;255,000;-75,000;7,670;173,163;0,0000;-42,1695;12,8559;0,0000;29,3137;-0,0000;-0,0000;-480,8978;123,6952;0,0000;357,2026;-0,0000;13;0
3,1280;-16,3895;40,2031;45,6770;0,0000;4,1199;163,6105;255,000;-75,000;8,025;177,163;0,0000;-43,1313;13,1016;0,0000;30,0296;-0,0000;0,0000;-480,8031;122,0757;-0,0000;358,7273;0,0000;13;0
3,1300;-16,3895;40,1159;45,7034;0,0000;4,1806;163,6105;255,000;-75,000;8,387;181,163;0,0000;-44,0928;13,3442;0,0000;30,7486;0,0000;0,0000;-480,6999;120,4174;0,0000;360,2825;-0,0000;13;0
3,1320;-16,3895;40,0268;45,7304;0,0000;4,2429;163,6105;255,000;-75,000;8,757;185,163;0,0000;-45,0541;13,5833;0,0000;31,4707;-0,0000;0,0000;-480,5879;118,7202;-0,0000;361,8677;0,0000;13;0
3,1340;-16,3895;39,9357;45,7578;0,0000;4,3065;163,6105;255,000;-75,000;9,136;189,163;0,0000;-46,0151;13,8190;0,0000;32,1961;0,0000;0,0000;-480,4666;116,9839;-0,0000;363,4826;0,0000;13;0
3,1360;-16,3895;39,8427;45,7856;0,0000;4,3717;163,6105;255,000;-75,000;9,522;193,163;0,0000;-46,9759;14,0512;-0,0000;32,9247;0,0000;0,0000;-480,3354;115,2084;0,0000;365,1270;-0,0000;13;0
3,1380;-16,3895;39,7478;45,8140;0,0000;4,4382;163,6105;255,000;-75,000;9,916;197,163;0,0000;-47,9365;14,2799;0,0000;33,6566;-0,0000;0,0000;-480,1939;113,3935;0,0000;366,8004;-0,0000;13;0
3,1400;-16,3895;39,6510;45,8428;0,0000;4,5063;163,6105;255,000;-75,000;10,319;201,163;0,0000;-48,8967;14,5048;0,0000;34,3919;0,0000;0,0000;-480,0416;111,5391;-0,0000;368,5025;0,0000;13;0
3,1420;-16,3895;39,5522;45,8720;0,0000;4,5758;163,6105;255,000;-75,000;10,729;205,163;0,0000;-49,8566;14,7260;0,0000;35,1306;0,0000;0,0000;-479,8779;109,6450;-0,0000;370,2329;0,0000;13;0
3,1440;-16,3895;39,4515;45,9017;0,0000;4,6468;163,6105;255,000;-75,000;11,147;209,163;0,0000;-50,8162;14,9434;-0,0000;35,8728;0,0000;0,0000;-479,7024;107,7111;-0,0000;371,9913;0,0000;13;0
3,1460;-16,3895;39,3489;45,9318;0,0000;4,7193;163,6105;255,000;-75,000;11,574;213,163;0,0000;-51,7754;15,1569;-0,0000;36,6186;0,0000;0,0000;-479,5144;105,7371;-0,0000;373,7772;0,0000;13;0
3,1480;-16,3895;39,2444;45,9623;0,0000;4,7933;163,6105;255,000;-75,000;12,008;217,163;0,0000;-52,7343;15,3664;-0,0000;37,3679;0,0000;-0,0000;-479,3133;103,7231;0,0000;375,5903;-0,0000;13;0
3,1500;-16,3895;39,1380;45,9932;0,0000;4,8688;163,6105;255,000;-75,000;12,450;221,163;0,0000;-53,6927;15,5718;0,0000;38,1209;0,0000;0,0000;-479,0987;101,6686;-0,0000;377,4301;0,0000;13;0
3,1520;-16,3895;39,0297;46,0246;0,0000;4,9458;163,6105;255,000;-75,000;12,901;225,163;0,0000;-54,6507;15,7730;-0,0000;38,8776;0,0000;0,0000;-478,8699;99,5737;-0,0000;379,2964;0,0000;13;0
3,1540;-16,3895;38,9194;46,0563;-0,0000;5,0243;163,6105;255,000;-75,000;13,359;229,163;0,0000;-55,6082;15,9701;-0,0000;39,6381;0,0000;-0,0000;-478,6263;97,4381;0,0000;381,1883;-0,0000;13;0
3,1560;-16,3895;38,8072;46,0885;-0,0000;5,1043;163,6105;255,000;-75,000;13,825;233,163;0,0000;-56,5652;16,1628;0,0000;40,4024;-0,0000;0,0000;-478,3672;95,2617;0,0000;383,1053;-0,0000;13;0
3,1580;-16,3895;38,6931;46,1210;0,0000;5,1859;163,6105;255,000;-75,000;14,300;237,163;0,0000;-57,5216;16,3511;-0,0000;41,1705;0,0000;0,0000;-478,0921;93,0443;-0,0000;385,0476;0,0000;13;0
3,1600;-16,3895;38,5771;46,1539;-0,0000;5,2690;163,6105;255,000;-75,000;14,782;241,163;0,0000;-58,4775;16,5350;-0,0000;41,9426;0,0000;0,0000;-477,8001;90,7857;0,0000;387,0144;0,0000;13;0
3,1620;-16,3895;38,4592;46,1871;-0,0000;5,3537;163,6105;255,000;-75,000;15,272;245,163;0,0000;-59,4328;16,7142;-0,0000;42,7186;0,0000;-0,0000;-477,4908;88,4858;0,0000;389,0050;-0,0000;13;0
3,1640;-16,3895;38,3394;46,2207;-0,0000;5,4399;163,6105;255,000;-75,000;15,771;249,163;0,0000;-60,3875;16,8889;0,0000;43,4986;-0,0000;-0,0000;-477,1633;86,1443;0,0000;391,0190;-0,0000;13;0
3,1660;-16,3895;38,2177;46,2547;0,0000;5,5276;163,6105;255,000;-75,000;16,277;253,163;0,0000;-61,3415;17,0588;0,0000;44,2827;-0,0000;0,0000;-476,8169;83,7611;-0,0000;393,0558;0,0000;13;0
3,1680;-16,3895;38,0940;46,2890;0,0000;5,6170;163,6105;255,000;-75,000;16,791;257,163;0,0000;-62,2948;17,2239;0,0000;45,0708;0,0000;0,0000;-476,4510;81,3361;-0,0000;395,1149;0,0000;13;0
3,1700;-16,3895;37,9685;46,3236;0,0000;5,7079;163,6105;255,000;-75,000;17,314;261,163;0,0000;-63,2473;17,3842;0,0000;45,8631;0,0000;0,0000;-476,0647;78,8690;0,0000;397,1958;-0,0000;13;0
3,1720;-16,3895;37,8411;46,3585;0,0000;5,8004;163,6105;255,000;-75,000;17,844;265,163;0,0000;-64,1990;17,5394;0,0000;46,6596;-0,0000;-0,0000;-475,6574;76,3597;0,0000;399,2977;-0,0000;13;0
3,1740;-16,3895;37,7117;46,3937;0,0000;5,8946;163,6105;255,000;-75,000;18,382;269,163;0,0000;-65,1499;17,6896;0,0000;47,4603;-0,0000;0,0000;-475,2282;73,8079;-0,0000;401,4202;0,0000;13;0
3,1760;-16,3895;37,5805;46,4293;0,0000;5,9903;163,6105;255,000;-75,000;18,929;273,163;0,0000;-66,0999;17,8347;-0,0000;48,2653;0,0000;0,0000;-474,7762;71,2136;-0,0000;403,5627;0,0000;13;0
3,1780;-16,3895;37,4473;46,4651;0,0000;6,0876;163,6105;255,000;-75,000;19,483;277,163;0,0000;-67,0490;17,9745;-0,0000;49,0746;0,0000;0,0000;-474,3008;68,5764;0,0000;405,7244;-0,0000;13;0
3,1800;-16,3895;37,3123;46,5012;0,0000;6,1866;163,6105;255,000;-75,000;20,045;281,163;0,0000;-67,9971;18,1090;0,0000;49,8882;0,0000;-0,0000;-473,8011;65,8964;0,0000;407,9047;-0,0000;13;0
3,1820;-16,3895;37,1753;46,5375;0,0000;6,2872;163,6105;255,000;-75,000;20,616;285,163;0,0000;-68,9442;18,2380;0,0000;50,7062;-0,0000;0,0000;-473,2761;63,1731;-0,0000;410,1031;0,0000;13;0
3,1840;-16,3895;37,0365;46,5741;0,0000;6,3894;163,6105;255,000;-75,000;21,194;289,163;0,0000;-69,8902;18,3617;-0,0000;51,5286;0,0000;0,0000;-472,7250;60,4066;-0,0000;412,3186;0,0000;13;0
3,1860;-16,3895;36,8958;46,6109;-0,0000;6,4933;163,6105;255,000;-75,000;21,780;293,163;0,0000;-70,8351;18,4797;-0,0000;52,3555;0,0000;-0,0000;-472,1471;57,5967;0,0000;414,5502;-0,0000;13;0
3,1880;-16,3895;36,7531;46,6480;-0,0000;6,5988;163,6105;255,000;-75,000;22,375;297,163;0,0000;-71,7788;18,5920;0,0000;53,1868;-0,0000;-0,0000;-471,5412;54,7430;0,0000;416,7980;-0,0000;13;0
3,1900;-16,3895;36,6086;46,6853;0,0000;6,7060;163,6105;255,000;-75,000;22,977;301,163;0,0000;-72,7213;18,6986;0,0000;54,0226;0,0000;0,0000;-470,9064;51,8454;-0,0000;419,0610;0,0000;13;0
3,1920;-16,3895;36,4623;46,7228;-0,0000;6,8149;163,6105;255,000;-75,000;23,587;305,163;0,0000;-73,6625;18,7994;-0,0000;54,8630;0,0000;0,0000;-470,2419;48,9038;0,0000;421,3381;-0,0000;13;0
3,1940;-16,3895;36,3140;46,7605;-0,0000;6,9255;163,6105;255,000;-75,000;24,206;309,163;0,0000;-74,6023;18,8943;0,0000;55,7080;0,0000;-0,0000;-405,0444;29,8364;0,0000;375,2080;-0,0000;13;0
3,1960;-16,3895;36,1638;46,7984;0,0000;7,0378;163,6105;255,000;-75,000;24,832;313,163;0,0000;-75,2826;18,9188;0,0000;56,3639;-0,0000;-0,0000;-108,7946;-46,1559;0,0000;154,9505;-0,0000;13;0
3,1980;-16,3895;36,0129;46,8362;0,0000;7,1510;163,6105;255,000;-75,000;25,462;315,009;0,0000;-75,0374;18,7096;0,0000;56,3278;-0,0000;0,0000;297,7807;-147,5582;-0,0000;-150,2225;0,0000;13;0
3,2000;-16,3895;35,8637;46,8732;0,0000;7,2631;163,6105;255,000;-75,000;26,084;311,293;0,0000;-74,0915;18,3285;0,0000;55,7630;0,0000;-0,0000;481,4134;-191,2825;-0,0000;-290,1309;-0,0000;13;0
3,2020;-16,3895;35,7165;46,9095;0,0000;7,3740;163,6105;255,000;-75,000;26,699;307,293;0,0000;-73,1118;17,9445;0,0000;55,1673;-0,0000;-0,0000;489,8071;-190,6196;-0,0000;-299,1874;-0,0000;13;0
3,2040;-16,3895;35,5712;46,9450;0,0000;7,4837;163,6105;255,000;-75,000;27,306;303,293;0,0000;-72,1323;17,5661;0,0000;54,5662;-0,0000;0,0000;489,6865;-187,8518;-0,0000;-301,8348;0,0000;13;0
3,2060;-16,3895;35,4280;46,9798;0,0000;7,5923;163,6105;255,000;-75,000;27,904;299,293;0,0000;-71,1530;17,1931;-0,0000;53,9599;0,0000;0,0000;489,5489;-185,1144;-0,0000;-304,4343;0,0000;13;0
3,2080;-16,3895;35,2866;47,0138;0,0000;7,6996;163,6105;255,000;-75,000;28,495;295,293;0,0000;-70,1741;16,8256;-0,0000;53,3485;0,0000;-0,0000;489,3948;-182,4079;0,0000;-306,9867;-0,0000;13;0
3,2100;-16,3895;35,1473;47,0471;-0,0000;7,8057;163,6105;255,000;-75,000;29,077;291,293;0,0000;-69,1955;16,4635;0,0000;52,7320;0,0000;-0,0000;489,2247;-179,7322;0,0000;-309,4927;-0,0000;13;0
3,2120;-16,3895;35,0099;47,0796;0,0000;7,9105;163,6105;255,000;-75,000;29,652;287,293;0,0000;-68,2172;16,1067;0,0000;52,1105;0,0000;-0,0000;489,0394;-177,0879;0,0000;-311,9516;-0,0000;13;0
3,2140;-16,3895;34,8744;47,1115;0,0000;8,0141;163,6105;255,000;-75,000;30,219;283,293;0,0000;-67,2393;15,7551;0,0000;51,4842;-0,0000;-0,0000;488,8395;-174,4753;0,0000;-314,3641;-0,0000;13;0
3,2160;-16,3895;34,7409;47,1427;0,0000;8,1164;163,6105;255,000;-75,000;30,777;279,293;0,0000;-66,2618;15,4088;0,0000;50,8531;-0,0000;-0,0000;488,6255;-171,8944;0,0000;-316,7311;-0,0000;13;0
3,2180;-16,3895;34,6094;47,1731;0,0000;8,2175;163,6105;255,000;-75,000;31,328;275,293;0,0000;-65,2848;15,0675;0,0000;50,2173;-0,0000;-0,0000;488,3981;-169,3456;-0,0000;-319,0526;0,0000;13;0
3,2200;-16,3895;34,4798;47,2029;0,0000;8,3173;163,6105;255,000;-75,000;31,870;271,293;0,0000;-64,3082;14,7314;0,0000;49,5769;-0,0000;0,0000;488,1580;-166,8290;-0,0000;-321,3290;0,0000;13;0
3,2220;-16,3895;34,3521;47,2321;0,0000;8,4158;163,6105;255,000;-75,000;32,405;267,293;0,0000;-63,3322;14,4002;0,0000;48,9319;-0,0000;0,0000;487,9056;-164,3450;-0,0000;-323,5606;0,0000;13;0
3,2240;-16,3895;34,2264;47,2605;0,0000;8,5130;163,6105;255,000;-75,000;32,932;263,293;0,0000;-62,3566;14,0740;0,0000;48,2826;0,0000;0,0000;487,6417;-161,8937;-0,0000;-325,7480;0,0000;13;0
3,2260;-16,3895;34,1027;47,2884;0,0000;8,6090;163,6105;255,000;-75,000;33,450;259,293;0,0000;-61,3816;13,7526;-0,0000;47,6290;0,0000;0,0000;487,3669;-159,4754;-0,0000;-327,8915;0,0000;13;0
3,2280;-16,3895;33,9809;47,3155;0,0000;8,7036;163,6105;255,000;-75,000;33,961;255,293;0,0000;-60,4071;13,4361;-0,0000;46,9710;0,0000;-0,0000;487,0817;-157,0903;0,0000;-329,9914;-0,0000;13;0
3,2300;-16,3895;33,8611;47,3421;0,0000;8,7968;163,6105;255,000;-75,000;34,463;251,293;0,0000;-59,4333;13,1243;-0,0000;46,3090;0,0000;-0,0000;486,7868;-154,7387;0,0000;-332,0482;-0,0000;13;0
3,2320;-16,3895;33,7432;47,3680;0,0000;8,8888;163,6105;255,000;-75,000;34,958;247,293;0,0000;-58,4600;12,8171;0,0000;45,6429;0,0000;-0,0000;486,4828;-152,4206;0,0000;-334,0622;-0,0000;13;0
3,2340;-16,3895;33,6272;47,3934;0,0000;8,9794;163,6105;255,000;-75,000;35,444;243,293;0,0000;-57,4873;12,5146;0,0000;44,9727;-0,0000;-0,0000;486,1702;-150,1364;0,0000;-336,0339;-0,0000;13;0
3,2360;-16,3895;33,5132;47,4181;0,0000;9,0687;163,6105;255,000;-75,000;35,923;239,293;0,0000;-56,5153;12,2166;0,0000;44,2987;0,0000;-0,0000;485,8498;-147,8862;0,0000;-337,9636;-0,0000;13;0
3,2380;-16,3895;33,4012;47,4422;0,0000;9,1566;163,6105;255,000;-75,000;36,394;235,293;0,0000;-55,5439;11,9231;0,0000;43,6209;-0,0000;-0,0000;485,5220;-145,6702;-0,0000;-339,8517;0,0000;13;0
3,2400;-16,3895;33,2910;47,4658;0,0000;9,2432;163,6105;255,000;-75,000;36,856;231,293;0,0000;-54,5732;11,6339;0,0000;42,9393;0,0000;0,0000;485,1874;-143,4887;-0,0000;-341,6987;0,0000;13;0
3,2420;-16,3895;33,1829;47,4888;0,0000;9,3284;163,6105;255,000;-75,000;37,311;227,293;0,0000;-53,6032;11,3491;-0,0000;42,2541;0,0000;-0,0000;484,8468;-141,3418;0,0000;-343,5050;-0,0000;13;0
3,2440;-16,3895;33,0766;47,5112;0,0000;9,4122;163,6105;255,000;-75,000;37,757;223,293;0,0000;-52,6338;11,0686;0,0000;41,5653;0,0000;-0,0000;484,5005;-139,2296;0,0000;-345,2708;-0,0000;13;0
3,2460;-16,3895;32,9723;47,5330;0,0000;9,4946;163,6105;255,000;-75,000;38,196;219,293;0,0000;-51,6652;10,7922;0,0000;40,8730;-0,0000;-0,0000;484,1492;-137,1525;0,0000;-346,9967;-0,0000;13;0
3,2480;-16,3895;32,8700;47,5544;0,0000;9,5757;163,6105;255,000;-75,000;38,627;215,293;0,0000;-50,6972;10,5199;0,0000;40,1773;-0,0000;0,0000;483,7935;-135,1104;-0,0000;-348,6831;0,0000;13;0
3,2500;-16,3895;32,7695;47,5751;0,0000;9,6553;163,6105;255,000;-75,000;39,049;211,293;0,0000;-49,7300;10,2517;0,0000;39,4783;0,0000;0,0000;483,4340;-133,1038;-0,0000;-350,3299;0,0000;13;0
3,2520;-16,3895;32,6711;47,5954;0,0000;9,7336;163,6105;255,000;-75,000;39,464;207,293;0,0000;-48,7635;9,9875;-0,0000;38,7760;0,0000;0,0000;483,0710;-131,1325;-0,0000;-351,9383;0,0000;13;0
3,2540;-16,3895;32,5745;47,6151;0,0000;9,8104;163,6105;255,000;-75,000;39,870;203,293;0,0000;-47,7977;9,7272;-0,0000;38,0705;0,0000;-0,0000;482,7053;-129,1967;0,0000;-353,5088;-0,0000;13;0
3,2560;-16,3895;32,4799;47,6343;-0,0000;9,8859;163,6105;255,000;-75,000;40,269;199,293;0,0000;-46,8327;9,4707;-0,0000;37,3620;0,0000;-0,0000;482,3374;-127,2969;0,0000;-355,0407;-0,0000;13;0
3,2580;-16,3895;32,3872;47,6530;-0,0000;9,9599;163,6105;255,000;-75,000;40,659;195,293;0,0000;-45,8684;9,2180;-0,0000;36,6504;0,0000;-0,0000;481,9678;-125,4331;0,0000;-356,5347;-0,0000;13;0
3,2600;-16,3895;32,2964;47,6711;-0,0000;10,0325;163,6105;255,000;-75,000;41,042;191,293;0,0000;-44,9048;8,9690;-0,0000;35,9358;0,0000;-0,0000;481,5970;-123,6052;0,0000;-357,9918;-0,0000;13;0
3,2620;-16,3895;32,2075;47,6888;-0,0000;10,1036;163,6105;255,000;-75,000;41,417;187,293;0,0000;-43,9420;8,7236;-0,0000;35,2184;0,0000;-0,0000;481,2256;-121,8136;0,0000;-359,4119;-0,0000;13;0
3,2640;-16,3895;32,1206;47,7060;-0,0000;10,1733;163,6105;255,000;-75,000;41,783;183,293;0,0000;-42,9799;8,4818;0,0000;34,4982;0,0000;-0,0000;480,8540;-120,0584;-0,0000;-360,7956;-0,0000;13;0
3,2660;-16,3895;32,0356;47,7228;-0,0000;10,2416;163,6105;255,000;-75,000;42,142;179,293;0,0000;-42,0186;8,2434;-0,0000;33,7752;0,0000;-0,0000;480,4828;-118,3397;-0,0000;-362,1431;0,0000;13;0
3,2680;-16,3895;31,9525;47,7390;-0,0000;10,3084;163,6105;255,000;-75,000;42,492;175,293;0,0000;-41,0580;8,0084;-0,0000;33,0496;0,0000;-0,0000;480,1124;-116,6576;0,0000;-363,4548;-0,0000;13;0
3,2700;-16,3895;31,8714;47,7548;-0,0000;10,3738;163,6105;255,000;-75,000;42,835;171,293;0,0000;-40,0981;7,7767;0,0000;32,3214;0,0000;-0,0000;479,7433;-115,0122;0,0000;-364,7311;-0,0000;13;0
3,2720;-16,3895;31,7922;47,7701;-0,0000;10,4377;163,6105;255,000;-75,000;43,170;167,293;0,0000;-39,1390;7,5483;0,0000;31,5907;0,0000;0,0000;479,3761;-113,4037;-0,0000;-365,9724;0,0000;13;0
3,2740;-16,3895;31,7148;47,7850;-0,0000;10,5002;163,6105;255,000;-75,000;43,496;163,293;0,0000;-38,1806;7,3231;-0,0000;30,8575;0,0000;0,0000;479,0111;-111,8322;-0,0000;-367,1789;0,0000;13;0
3,2760;-16,3895;31,6394;47,7994;-0,0000;10,5612;163,6105;255,000;-75,000;43,815;159,293;0,0000;-37,2230;7,1010;-0,0000;30,1220;0,0000;-0,0000;478,6489;-110,2978;0,0000;-368,3511;-0,0000;13;0
3,2780;-16,3895;31,5659;47,8134;-0,0000;10,6207;163,6105;255,000;-75,000;44,125;155,293;0,0000;-36,2660;6,8819;0,0000;29,3841;0,0000;-0,0000;478,2899;-108,8007;0,0000;-369,4892;-0,0000;13;0
3,2800;-16,3895;31,4944;47,8269;-0,0000;10,6787;163,6105;255,000;-75,000;44,428;151,293;0,0000;-35,3098;6,6658;0,0000;28,6440;-0,0000;0,0000;477,9345;-107,3408;-0,0000;-370,5936;0,0000;13;0
3,2820;-16,3895;31,4247;47,8401;-0,0000;10,7352;163,6105;255,000;-75,000;44,722;147,293;0,0000;-34,3543;6,4526;-0,0000;27,9017;0,0000;0,0000;477,5831;-105,9184;-0,0000;-371,6647;0,0000;13;0
3,2840;-16,3895;31,3569;47,8527;-0,0000;10,7903;163,6105;255,000;-75,000;45,009;143,293;0,0000;-33,3995;6,2421;-0,0000;27,1573;0,0000;-0,0000;477,2362;-104,5336;0,0000;-372,7027;-0,0000;13;0
3,2860;-16,3895;31,2911;47,8650;-0,0000;10,8439;163,6105;255,000;-75,000;45,288;139,293;0,0000;-32,4453;6,0344;0,0000;26,4109;0,0000;-0,0000;476,8942;-103,1863;0,0000;-373,7079;0,0000;13;0
3,2880;-16,3895;31,2272;47,8769;-0,0000;10,8959;163,6105;255,000;-75,000;45,558;135,293;0,0000;-31,4919;5,8294;0,0000;25,6625;0,0000;0,0000;476,5575;-101,8768;-0,0000;-374,6807;0,0000;13;0
3,2900;-16,3895;31,1651;47,8883;-0,0000;10,9465;163,6105;255,000;-75,000;45,821;131,293;0,0000;-30,5391;5,6269;-0,0000;24,9122;0,0000;-0,0000;476,2265;-100,6050;-0,0000;-375,6214;-0,0000;13;0
3,2920;-16,3895;31,1050;47,8994;-0,0000;10,9956;163,6105;255,000;-75,000;46,075;127,293;0,0000;-29,5870;5,4270;0,0000;24,1600;0,0000;-0,0000;475,9015;-99,3712;0,0000;-376,5303;-0,0000;13;0
3,2940;-16,3895;31,0468;47,9100;-0,0000;11,0432;163,6105;255,000;-75,000;46,322;123,293;0,0000;-28,6355;5,2294;0,0000;23,4061;0,0000;-0,0000;475,5829;-98,1754;0,0000;-377,4073;-0,0000;13;0
3,2960;-16,3895;30,9905;47,9203;-0,0000;11,0892;163,6105;255,000;-75,000;46,561;119,293;0,0000;-27,6847;5,0343;0,0000;22,6504;-0,0000;-0,0000;475,2711;-97,0176;0,0000;-378,2533;-0,0000;13;0
3,2980;-16,3895;30,9360;47,9302;0,0000;11,1338;163,6105;255,000;-75,000;46,791;115,293;0,0000;-26,7344;4,8414;0,0000;21,8931;-0,0000;0,0000;474,9664;-95,8978;-0,0000;-379,0688;0,0000;13;0
3,3000;-16,3895;30,8835;47,9397;0,0000;11,1768;163,6105;255,000;-75,000;47,014;111,293;0,0000;-25,7848;4,6507;0,0000;21,1341;-0,0000;0,0000;474,6692;-94,8164;-0,0000;-379,8530;0,0000;13;0
3,3020;-16,3895;30,8329;47,9488;0,0000;11,2183;163,6105;255,000;-75,000;47,228;107,293;0,0000;-24,8358;4,4621;0,0000;20,3736;0,0000;-0,0000;474,3798;-93,7732;-0,0000;-380,6066;0,0000;13;0
3,3040;-16,3895;30,7842;47,9575;0,0000;11,2583;163,6105;255,000;-75,000;47,435;103,293;0,0000;-23,8873;4,2756;0,0000;19,6117;0,0000;-0,0000;474,0985;-92,7684;-0,0000;-381,3301;0,0000;13;0
3,3060;-16,3895;30,7374;47,9659;0,0000;11,2967;163,6105;255,000;-75,000;47,634;99,293;0,0000;-22,9394;4,0910;-0,0000;18,8483;0,0000;-0,0000;473,8255;-91,8020;-0,0000;-382,0236;0,0000;13;0
3,3080;-16,3895;30,6924;47,9739;0,0000;11,3337;163,6105;255,000;-75,000;47,824;95,293;0,0000;-21,9920;3,9084;-0,0000;18,0836;0,0000;-0,0000;473,5613;-90,8740;-0,0000;-382,6873;-0,0000;13;0
3,3100;-16,3895;30,6494;47,9815;0,0000;11,3691;163,6105;255,000;-75,000;48,007;91,293;0,0000;-21,0451;3,7275;-0,0000;17,3176;0,0000;-0,0000;473,3061;-89,9846;-0,0000;-383,3215;-0,0000;13;0
3,3120;-16,3895;30,6082;47,9888;0,0000;11,4030;163,6105;255,000;-75,000;48,181;87,293;0,0000;-20,0988;3,5484;-0,0000;16,5503;0,0000;-0,0000;473,0601;-89,1337;-0,0000;-383,9264;-0,0000;13;0
3,3140;-16,3895;30,5690;47,9957;0,0000;11,4353;163,6105;255,000;-75,000;48,348;83,293;0,0000;-19,1529;3,3710;-0,0000;15,7819;0,0000;-0,0000;472,8236;-88,3215;0,0000;-384,5021;0,0000;13;0
3,3160;-16,3895;30,5316;48,0023;0,0000;11,4661;163,6105;255,000;-75,000;48,506;79,293;0,0000;-18,2075;3,1952;0,0000;15,0123;0,0000;-0,0000;472,5969;-87,5480;0,0000;-385,0489;0,0000;13;0
3,3180;-16,3895;30,4962;48,0085;0,0000;11,4953;163,6105;255,000;-75,000;48,657;75,293;0,0000;-17,2625;3,0208;0,0000;14,2417;0,0000;-0,0000;472,3801;-86,8132;0,0000;-385,5669;0,0000;13;0
3,3200;-16,3895;30,4626;48,0144;0,0000;11,5230;163,6105;255,000;-75,000;48,800;71,293;0,0000;-16,3179;2,8479;0,0000;13,4700;0,0000;-0,0000;472,1736;-86,1172;-0,0000;-386,0564;-0,0000;13;0
3,3220;-16,3895;30,4309;48,0199;0,0000;11,5492;163,6105;255,000;-75,000;48,934;67,293;0,0000;-15,3738;2,6763;0,0000;12,6974;0,0000;-0,0000;471,9775;-85,4600;-0,0000;-386,5175;0,0000;13;0
3,3240;-16,3895;30,4011;48,0251;0,0000;11,5738;163,6105;255,000;-75,000;49,061;63,293;0,0000;-14,4300;2,5061;-0,0000;11,9240;0,0000;-0,0000;471,7920;-84,8417;-0,0000;-386,9503;0,0000;13;0
3,3260;-16,3895;30,3732;48,0299;0,0000;11,5969;163,6105;255,000;-75,000;49,179;59,293;0,0000;-13,4866;2,3370;-0,0000;11,1496;0,0000;-0,0000;471,6173;-84,2623;0,0000;-387,3550;-0,0000;13;0
3,3280;-16,3895;30,3471;48,0344;0,0000;11,6184;163,6105;255,000;-75,000;49,290;55,293;0,0000;-12,5436;2,1690;-0,0000;10,3745;0,0000;-0,0000;471,4537;-83,7218;-0,0000;-387,7318;-0,0000;13;0
3,3300;-16,3895;30,3230;48,0386;0,0000;11,6384;163,6105;255,000;-75,000;49,393;51,293;0,0000;-11,6008;2,0021;-0,0000;9,5987;0,0000;-0,0000;471,3011;-83,2203;0,0000;-388,0808;-0,0000;13;0
3,3320;-16,3895;30,3007;48,0424;0,0000;11,6568;163,6105;255,000;-75,000;49,487;47,293;0,0000;-10,6584;1,8361;0,0000;8,8222;0,0000;-0,0000;471,1599;-82,7578;0,0000;-388,4021;0,0000;13;0
3,3340;-16,3895;30,2804;48,0459;0,0000;11,6737;163,6105;255,000;-75,000;49,574;43,293;0,0000;-9,7162;1,6711;-0,0000;8,0451;0,0000;-0,0000;471,0302;-82,3343;-0,0000;-388,6959;0,0000;13;0
3,3360;-16,3895;30,2619;48,0491;0,0000;11,6890;163,6105;255,000;-75,000;49,652;39,293;0,0000;-8,7742;1,5068;-0,0000;7,2674;0,0000;-0,0000;470,9120;-81,9499;0,0000;-388,9621;-0,0000;13;0
3,3380;-16,3895;30,2453;48,0520;0,0000;11,7028;163,6105;255,000;-75,000;49,723;35,293;0,0000;-7,8325;1,3433;0,0000;6,4893;0,0000;-0,0000;470,8055;-81,6045;-0,0000;-389,2010;-0,0000;13;0
3,3400;-16,3895;30,2305;48,0545;0,0000;11,7150;163,6105;255,000;-75,000;49,785;31,293;0,0000;-6,8910;1,1804;-0,0000;5,7106;0,0000;-0,0000;470,7109;-81,2983;-0,0000;-389,4125;0,0000;13;0
3,3420;-16,3895;30,2177;48,0567;0,0000;11,7256;163,6105;255,000;-75,000;49,840;27,293;0,0000;-5,9497;1,0181;-0,0000;4,9316;0,0000;-0,0000;470,6281;-81,0311;-0,0000;-389,5969;0,0000;13;0
3,3440;-16,3895;30,2067;48,0586;-0,0000;11,7347;163,6105;255,000;-75,000;49,887;23,293;0,0000;-5,0085;0,8563;-0,0000;4,1522;0,0000;-0,0000;470,5573;-80,8030;0,0000;-389,7544;-0,0000;13;0
3,3460;-16,3895;30,1977;48,0601;-0,0000;11,7422;163,6105;255,000;-75,000;49,925;19,293;0,0000;-4,0674;0,6949;-0,0000;3,3726;0,0000;-0,0000;470,4986;-80,6141;0,0000;-389,8845;-0,0000;13;0
3,3480;-16,3895;30,1905;48,0613;-0,0000;11,7482;163,6105;255,000;-75,000;49,956;15,293;0,0000;-3,1265;0,5338;-0,0000;2,5927;0,0000;-0,0000;470,4520;-80,4644;-0,0000;-389,9875;0,0000;13;0
3,3500;-16,3895;30,1852;48,0622;-0,0000;11,7526;163,6105;255,000;-75,000;49,978;11,293;0,0000;-2,1856;0,3730;-0,0000;1,8126;0,0000;-0,0000;470,4171;-80,3527;0,0000;-390,0644;-0,0000;13;0
3,3520;-16,3895;30,1817;48,0628;-0,0000;11,7554;163,6105;255,000;-75,000;49,993;7,293;0,0000;-1,2448;0,2124;-0,0000;1,0324;0,0000;13,7656;429,7362;-90,5900;-0,0000;-339,1465;13,7656;13;0
3,3540;-16,3895;30,1802;48,0631;-0,0000;11,7567;163,6105;255,000;-75,000;50,000;3,293;0,0551;-0,4667;0,0106;-0,0000;0,4561;0,0551;84,4965;220,8099;-143,5209;-0,0000;-77,2893;84,4965;13;0
3,3560;-16,3893;30,1799;48,0629;-0,0000;11,7573;163,6107;255,002;-74,999;50,002;1,303;0,3380;-0,3616;-0,3617;-0,0000;0,7233;0,3380;187,8010;-84,3215;-220,8635;0,0000;305,1854;187,8010;14;0
3,3580;-16,3882;30,1787;48,0616;-0,0000;11,7596;163,6118;255,010;-74,996;50,010;5,922;0,8063;-0,8040;-0,8728;0,0000;1,6768;0,8063;237,2794;-230,4651;-257,9110;0,0000;488,3765;237,2794;14;0
3,3600;-16,3861;30,1767;48,0594;-0,0000;11,7640;163,6139;255,025;-74,991;50,024;10,955;1,2871;-1,2835;-1,3933;0,0000;2,6768;1,2871;240,4187;-239,7372;-260,2628;0,0000;500,0000;240,4187;14;0
3,3620;-16,3830;30,1736;48,0561;0,0000;11,7703;163,6170;255,047;-74,982;50,046;15,989;1,7679;-1,7629;-1,9139;0,0000;3,6768;1,7679;240,4187;-239,7372;-260,2628;0,0000;500,0000;240,4187;14;0
3,3640;-16,3790;30,1696;48,0517;0,0000;11,7787;163,6210;255,076;-74,971;50,075;21,022;2,2488;-2,2424;-2,4344;0,0000;4,6768;2,2488;240,4187;-239,7372;-260,2628;0,0000;500,0000;240,4187;14;0
3,3660;-16,3740;30,1646;48,0463;0,0000;11,7890;163,6260;255,112;-74,958;50,110;26,057;2,7296;-2,7219;-2,9549;0,0000;5,6768;2,7296;240,4187;-239,7372;-260,2628;0,0000;500,0000;240,4187;14;0
3,3680;-16,3681;30,1587;48,0399;0,0000;11,8014;163,6319;255,155;-74,942;50,152;31,092;3,2105;-3,2014;-3,4754;0,0000;6,6768;3,2105;240,4187;-239,7372;-260,2628;0,0000;500,0000;240,4187;14;0
3,3700;-16,3612;30,1518;48,0324;0,0000;11,8157;163,6388;255,204;-74,923;50,201;36,129;3,6913;-3,6808;-3,9960;0,0000;7,6768;3,6913;240,4187;-239,7372;-260,2628;0,0000;500,0000;240,4187;14;0
3,3720;-16,3533;30,1440;48,0239;0,0000;11,8321;163,6467;255,261;-74,902;50,257;41,167;4,1721;-4,1603;-4,5165;0,0000;8,6768;4,1721;240,4187;-239,7372;-260,2628;0,0000;500,0000;240,4187;14;0
3,3740;-16,3445;30,1352;48,0144;0,0000;11,8504;163,6555;255,324;-74,877;50,319;46,206;4,6530;-4,6398;-5,0370;0,0000;9,6768;4,6530;240,4187;-239,7372;-260,2628;0,0000;500,0000;240,4187;14;0
3,3760;-16,3347;30,1254;48,0038;0,0000;11,8708;163,6653;255,395;-74,851;50,389;51,247;5,1338;-5,1193;-5,5575;0,0000;10,6768;5,1338;240,4187;-239,7372;-260,2628;0,0000;500,0000;240,4187;14;0
3,3780;-16,3240;30,1147;47,9921;0,0000;11,8931;163,6760;255,472;-74,821;50,465;56,289;5,6146;-5,5987;-6,0781;0,0000;11,6768;5,6146;240,4187;-239,7372;-260,2628;0,0000;500,0000;240,4187;14;0
3,3800;-16,3123;30,1030;47,9795;0,0000;11,9175;163,6877;255,557;-74,789;50,548;61,334;6,0955;-6,0782;-6,5986;0,0000;12,6768;6,0955;240,4187;-239,7372;-260,2628;0,0000;500,0000;240,4187;14;0
3,3820;-16,2996;30,0904;47,9657;0,0000;11,9439;163,7004;255,648;-74,755;50,638;66,380;6,5763;-6,5577;-7,1191;0,0000;13,6768;6,5763;240,4187;-239,7372;-260,2628;0,0000;500,0000;240,4187;14;0
3,3840;-16,2860;30,0768;47,9510;0,0000;11,9722;163,7140;255,746;-74,717;50,735;71,429;7,0572;-7,0371;-7,6396;0,0000;14,6768;7,0572;240,4187;-239,7372;-260,2628;0,0000;500,0000;240,4187;14;0
3,3860;-16,2714;30,0623;47,9352;0,0000;12,0026;163,7286;255,851;-74,677;50,839;76,481;7,5380;-7,5166;-8,1602;0,0000;15,6768;7,5380;240,4187;-239,7372;-260,2628;0,0000;500,0000;240,4187;14;0
3,3880;-16,2558;30,0467;47,9183;0,0000;12,0349;163,7442;255,962;-74,634;50,950;81,535;8,0188;-7,9961;-8,6807;0,0000;16,6768;8,0188;240,4187;-239,7372;-260,2628;0,0000;500,0000;240,4187;14;0
3,3900;-16,2393;30,0303;47,9005;0,0000;12,0693;163,7607;256,081;-74,589;51,068;86,592;8,4997;-8,4756;-9,2012;0,0000;17,6768;8,4997;240,4187;-239,7372;-260,2628;0,0000;500,0000;240,4187;14;0
3,3920;-16,2218;30,0128;47,8815;0,0000;12,1056;163,7782;256,206;-74,541;51,192;91,652;8,9805;-8,9550;-9,7217;0,0000;18,6768;8,9805;240,4187;-239,7372;-260,2628;0,0000;500,0000;240,4187;14;0
3,3940;-16,2034;29,9944;47,8616;0,0000;12,1440;163,7966;256,339;-74,490;51,324;96,715;9,4613;-9,4345;-10,2423;0,0000;19,6768;9,4613;240,4187;-239,7372;-260,2628;0,0000;500,0000;240,4187;14;0
3,3960;-16,1840;29,9751;47,8406;0,0000;12,1843;163,8160;256,478;-74,436;51,462;101,781;9,9422;-9,9140;-10,7628;0,0000;20,6768;9,9422;240,4187;-239,7372;-260,2628;0,0000;500,0000;240,4187;14;0
3,3980;-16,1636;29,9548;47,8185;0,0000;12,2267;163,8364;256,624;-74,379;51,608;106,851;10,4230;-10,3935;-11,2833;0,0000;21,6768;10,4230;240,4187;-239,7372;-260,2628;0,0000;500,0000;240,4187;14;0
3,4000;-16,1423;29,9335;47,7954;0,0000;12,2710;163,8577;256,776;-74,320;51,761;111,924;10,9039;-10,8729;-11,8039;0,0000;22,6768;10,9039;240,4187;-239,7372;-260,2628;0,0000;500,0000;240,4187;14;0
3,4020;-16,1200;29,9113;47,7713;0,0000;12,3174;163,8800;256,936;-74,258;51,920;117,002;11,3847;-11,3524;-12,3244;0,0000;23,6768;11,3847;240,4187;-239,7372;-260,2628;0,0000;500,0000;240,4187;14;0
3,4040;-16,0967;29,8881;47,7461;0,0000;12,3657;163,9033;257,102;-74,193;52,087;122,083;11,8655;-11,8319;-12,8449;0,0000;24,6768;11,8655;240,4187;-239,7372;-260,2628;0,0000;500,0000;240,4187;14;0
3,4060;-16,0725;29,8640;47,7199;0,0000;12,4161;163,9275;257,275;-74,125;52,261;127,169;12,3464;-12,3114;-13,3654;0,0000;25,6768;12,3464;240,4187;-239,7372;-260,2628;0,0000;500,0000;240,4187;14;0
3,4080;-16,0474;29,8389;47,6927;0,0000;12,4685;163,9526;257,455;-74,054;52,441;132,259;12,8272;-12,7908;-13,8860;0,0000;26,6768;12,8272;240,4187;-239,7372;-260,2628;0,0000;500,0000;240,4187;14;0
3,4100;-16,0212;29,8128;47,6644;0,0000;12,5228;163,9788;257,641;-73,981;52,629;137,353;13,3080;-13,2703;-14,4065;0,0000;27,6768;13,3080;240,4187;-239,7372;-260,2628;0,0000;500,0000;240,4187;14;0
3,4120;-15,9941;29,7858;47,6351;0,0000;12,5792;164,0059;257,834;-73,904;52,824;142,453;13,7889;-13,7498;-14,9270;0,0000;28,6768;13,7889;240,4187;-239,7372;-260,2628;0,0000;500,0000;240,4187;14;0
3,4140;-15,9661;29,7578;47,6047;0,0000;12,6375;164,0339;258,034;-73,825;53,026;147,557;14,2697;-14,2293;-15,4475;0,0000;29,6768;14,2697;240,4187;-239,7372;-260,2628;0,0000;500,0000;240,4187;14;0
3,4160;-15,9370;29,7289;47,5733;0,0000;12,6979;164,0630;258,240;-73,742;53,236;152,666;14,7505;-14,7087;-15,9681;0,0000;30,6768;14,7505;240,4187;-239,7372;-260,2628;0,0000;500,0000;240,4187;14;0
3,4180;-15,9071;29,6990;47,5408;0,0000;12,7602;164,0929;258,453;-73,657;53,452;157,781;15,2314;-15,1882;-16,4886;0,0000;31,6768;15,2314;240,4187;-239,7372;-260,2628;0,0000;500,0000;240,4187;14;0
3,4200;-15,8761;29,6681;47,5073;0,0000;12,8246;164,1239;258,673;-73,568;53,676;162,900;15,7122;-15,6677;-17,0091;0,0000;32,6768;15,7122;240,4187;-239,7372;-260,2628;0,0000;500,0000;240,4187;14;0
3,4220;-15,8442;29,6363;47,4728;0,0000;12,8909;164,1558;258,899;-73,477;53,907;168,026;16,1931;-16,1472;-17,5296;0,0000;33,6768;16,1931;240,4187;-239,7372;-260,2628;0,0000;500,0000;240,4187;14;0
3,4240;-15,8113;29,6035;47,4372;0,0000;12,9593;164,1887;259,132;-73,382;54,146;173,157;16,6739;-16,6266;-18,0502;0,0000;34,6768;16,6739;240,4187;-239,7372;-260,2628;0,0000;500,0000;240,4187;14;0
3,4260;-15,7775;29,5698;47,4006;0,0000;13,0296;164,2225;259,371;-73,285;54,391;178,294;17,1547;-17,1061;-18,5707;0,0000;35,6768;17,1547;240,4187;-239,7372;-260,2628;0,0000;500,0000;240,4187;14;0
3,4280;-15,7427;29,5351;47,3629;0,0000;13,1020;164,2573;259,617;-73,184;54,644;183,437;17,6356;-17,5856;-19,0912;0,0000;36,6768;17,6356;240,4187;-239,7372;-260,2628;0,0000;500,0000;240,4187;14;0
3,4300;-15,7070;29,4995;47,3242;0,0000;13,1763;164,2930;259,870;-73,080;54,904;188,587;18,1164;-18,0651;-19,6117;0,0000;37,6768;18,1164;240,4187;-239,7372;-260,2628;0,0000;500,0000;240,4187;14;0
3,4320;-15,6703;29,4628;47,2845;0,0000;13,2527;164,3297;260,128;-72,973;55,172;193,743;18,5972;-18,5445;-20,1323;0,0000;38,6768;18,5972;240,4187;-239,7372;-260,2628;0,0000;500,0000;240,4187;14;0
3,4340;-15,6326;29,4253;47,2437;0,0000;13,3310;164,3674;260,394;-72,863;55,447;198,905;19,0781;-19,0240;-20,6528;0,0000;39,6768;19,0781;240,4187;-239,7372;-260,2628;0,0000;500,0000;240,4187;14;0
3,4360;-15,5939;29,3868;47,2018;0,0000;13,4114;164,4061;260,666;-72,749;55,730;204,074;19,5589;-19,5035;-21,1733;0,0000;40,6768;19,5589;240,4187;-239,7372;-260,2628;0,0000;500,0000;240,4187;14;0
3,4380;-15,5543;29,3473;47,1590;0,0000;13,4938;164,4457;260,944;-72,633;56,020;209,251;20,0398;-19,9830;-21,6938;0,0000;41,6768;20,0398;240,4187;-239,7372;-260,2628;0,0000;500,0000;240,4187;14;0
3,4400;-15,5138;29,3068;47,1151;0,0000;13,5781;164,4862;261,228;-72,513;56,318;214,434;20,5206;-20,4624;-22,2144;0,0000;42,6768;20,5206;240,4187;-239,7372;-260,2628;0,0000;500,0000;240,4187;14;0
3,4420;-15,4723;29,2654;47,0701;0,0000;13,6645;164,5277;261,519;-72,389;56,623;219,624;21,0014;-20,9419;-22,7349;0,0000;43,6768;21,0014;240,4187;-239,7372;-260,2628;0,0000;500,0000;240,4187;14;0
3,4440;-15,4298;29,2231;47,0241;0,0000;13,7528;164,5702;261,816;-72,263;56,936;224,822;21,4823;-21,4214;-23,2554;0,0000;44,6768;21,4823;240,4187;-239,7372;-260,2628;0,0000;500,0000;240,4187;14;0
3,4460;-15,3863;29,1797;46,9771;0,0000;13,8432;164,6137;262,120;-72,133;57,256;230,028;21,9631;-21,9009;-23,7759;0,0000;45,6768;21,9631;240,4187;-239,7372;-260,2628;0,0000;500,0000;240,4187;14;0
3,4480;-15,3419;29,1354;46,9290;0,0000;13,9355;164,6581;262,429;-71,999;57,584;235,241;22,4439;-22,3803;-24,2965;0,0000;46,6768;22,4439;240,4187;-239,7372;-260,2628;0,0000;500,0000;240,4187;14;0
3,4500;-15,2966;29,0902;46,8799;0,0000;14,0299;164,7034;262,745;-71,862;57,920;240,462;22,9248;-22,8598;-24,8170;0,0000;47,6768;22,9248;240,4187;-239,7372;-260,2628;0,0000;500,0000;240,4187;14;0
3,4520;-15,2502;29,0440;46,8298;0,0000;14,1262;164,7498;263,067;-71,722;58,263;245,692;23,4056;-23,3393;-25,3375;0,0000;48,6768;23,4056;240,4187;-239,7372;-260,2628;0,0000;500,0000;240,4187;14;0
3,4540;-15,2029;28,9969;46,7786;0,0000;14,2246;164,7971;263,396;-71,577;58,614;250,929;23,8865;-23,8188;-25,8580;0,0000;49,6768;23,8865;240,4187;-239,7372;-260,2628;0,0000;500,0000;240,4187;14;0
3,4560;-15,1547;28,9487;46,7263;0,0000;14,3249;164,8453;263,730;-71,430;58,974;256,175;24,3673;-24,2982;-26,3786;0,0000;50,6768;24,3673;240,4187;-239,7372;-260,2628;0,0000;500,0000;240,4187;14;0
3,4580;-15,1055;28,8997;46,6731;0,0000;14,4273;164,8945;264,070;-71,279;59,340;261,430;24,8481;-24,7777;-26,8991;0,0000;51,6768;24,8481;240,4187;-239,7372;-260,2628;0,0000;500,0000;240,4187;14;0
3,4600;-15,0553;28,8496;46,6187;0,0000;14,5316;164,9447;264,417;-71,124;59,715;266,693;25,3290;-25,2572;-27,4196;0,0000;52,6768;25,3290;240,4187;-239,7372;-260,2628;0,0000;500,0000;240,4187;14;0
3,4620;-15,0042;28,7986;46,5634;0,0000;14,6380;164,9958;264,769;-70,965;60,098;271,965;25,8098;-25,7367;-27,9401;0,0000;53,6768;25,8098;240,4187;-239,7372;-260,2628;0,0000;500,0000;240,4187;14;0
3,4640;-14,9521;28,7467;46,5070;0,0000;14,7464;165,0479;265,128;-70,803;60,489;277,247;26,2906;-26,2161;-28,4607;0,0000;54,6768;26,2906;240,4187;-239,7372;-260,2628;0,0000;500,0000;240,4187;14;0
3,4660;-14,8990;28,6938;46,4495;0,0000;14,8567;165,1010;265,492;-70,637;60,888;282,537;26,7715;-26,6956;-28,9812;0,0000;55,6768;26,7715;240,4187;-239,7372;-260,2628;0,0000;500,0000;240,4187;14;0
3,4680;-14,8450;28,6399;46,3910;0,0000;14,9691;165,1550;265,862;-70,467;61,294;287,837;27,2523;-27,1751;-29,5017;0,0000;56,6768;27,2523;240,4187;-239,7372;-260,2628;0,0000;500,0000;240,4187;14;0
3,4700;-14,7900;28,5851;46,3315;0,0000;15,0834;165,2100;266,238;-70,293;61,709;293,147;27,7332;-27,6546;-30,0222;0,0000;57,6768;27,7332;240,4187;-239,7372;-260,2628;0,0000;500,0000;240,4187;14;0
3,4720;-14,7340;28,5293;46,2710;0,0000;15,1998;165,2660;266,620;-70,116;62,132;298,466;28,2140;-28,1340;-30,5428;0,0000;58,6768;28,2140;240,4187;-239,7372;-260,2628;0,0000;500,0000;240,4187;14;0
3,4740;-14,6771;28,4725;46,2094;0,0000;15,3181;165,3229;267,007;-69,934;62,564;303,795;28,6948;-28,6135;-31,0633;0,0000;59,6768;28,6948;240,4187;-239,7372;-260,2628;0,0000;500,0000;240,4187;14;0
3,4760;-14,6193;28,4148;46,1467;0,0000;15,4385;165,3807;267,401;-69,749;63,003;309,134;29,1757;-29,0930;-31,5838;0,0000;60,6768;29,1757;240,4187;-239,7372;-260,2628;0,0000;500,0000;240,4187;14;0
3,4780;-14,5604;28,3562;46,0830;0,0000;15,5608;165,4396;267,800;-69,559;63,451;314,484;29,6565;-29,5725;-32,1043;0,0000;61,6768;29,6565;240,4187;-239,7372;-260,2628;0,0000;500,0000;240,4187;14;0
3,4800;-14,5006;28,2965;46,0183;0,0000;15,6852;165,4994;268,204;-69,365;63,907;319,843;30,1373;-30,0519;-32,6249;0,0000;62,6768;30,1373;240,4187;-239,7372;-260,2628;0,0000;500,0000;240,4187;14;0
3,4820;-14,4399;28,2359;45,9525;0,0000;15,8115;165,5601;268,614;-69,168;64,372;325,213;30,6182;-30,5314;-33,1454;0,0000;63,6768;30,6182;240,4187;-239,7372;-260,2628;0,0000;500,0000;240,4187;14;0
3,4840;-14,3782;28,1744;45,8857;0,0000;15,9399;165,6218;269,030;-68,966;64,845;330,594;31,0990;-31,0109;-33,6659;0,0000;64,6768;31,0990;240,4187;-239,7372;-260,2628;0,0000;500,0000;240,4187;14;0
3,4860;-14,3155;28,1119;45,8179;0,0000;16,0702;165,6845;269,451;-68,760;65,326;335,986;31,5799;-31,4903;-34,1864;0,0000;65,6768;31,5799;240,4187;-239,7372;-260,2628;0,0000;500,0000;240,4187;14;0
3,4880;-14,2518;28,0484;45,7490;0,0000;16,2026;165,7482;269,877;-68,549;65,816;341,389;32,0607;-31,9698;-34,7070;0,0000;66,6768;32,0607;240,4187;-239,7372;-260,2628;0,0000;500,0000;240,4187;14;0
3,4900;-14,1872;27,9840;45,6790;0,0000;16,3369;165,8128;270,309;-68,335;66,315;346,802;32,5415;-32,4493;-35,2275;0,0000;67,6768;32,5415;240,4187;-239,7372;-260,2628;0,0000;500,0000;240,4187;14;0
3,4920;-14,1217;27,9186;45,6081;0,0000;16,4733;165,8783;270,746;-68,116;66,822;352,228;33,0224;-32,9288;-35,7480;0,0000;68,6768;33,0224;240,4187;-239,7372;-260,2628;0,0000;500,0000;240,4187;14;0
3,4940;-14,0551;27,8523;45,5360;0,0000;16,6117;165,9449;271,188;-67,892;67,338;357,664;33,5032;-33,4082;-36,2686;0,0000;69,6768;33,5032;240,4187;-239,7372;-260,2628;0,0000;500,0000;240,4187;14;0
3,4960;-13,9877;27,7850;45,4630;0,0000;16,7520;166,0123;271,636;-67,664;67,862;363,112;33,9840;-33,8877;-36,7891;0,0000;70,6768;33,9840;240,4187;-239,7372;-260,2628;0,0000;500,0000;240,4187;14;0
3,4980;-13,9192;27,7168;45,3889;0,0000;16,8944;166,0808;272,089;-67,432;68,396;368,572;34,4649;-34,3672;-37,3096;0,0000;71,6768;34,4649;240,4187;-239,7372;-260,2628;0,0000;500,0000;240,4187;14;0
3,5000;-13,8498;27,6475;45,3137;0,0000;17,0387;166,1502;272,546;-67,195;68,938;374,044;34,9457;-34,8467;-37,8301;0,0000;72,6768;34,9457;240,4187;-239,7372;-260,2628;0,0000;500,0000;240,4187;14;0
3,5020;-13,7794;27,5774;45,2376;0,0000;17,1851;166,2206;273,009;-66,953;69,489;379,527;35,4266;-35,3261;-38,3507;0,0000;73,6768;35,4266;240,4187;-239,7372;-260,2628;0,0000;500,0000;240,4187;14;0
3,5040;-13,7081;27,5062;45,1603;0,0000;17,3334;166,2919;273,477;-66,707;70,049;385,023;35,9074;-35,8056;-38,8712;0,0000;74,6768;35,9074;240,4187;-239,7372;-260,2628;0,0000;500,0000;240,4187;14;0
3,5060;-13,6358;27,4342;45,0821;0,0000;17,4838;166,3642;273,949;-66,456;70,618;390,531;36,3882;-36,2851;-39,3917;0,0000;75,6768;36,3882;240,4187;-239,7372;-260,2628;0,0000;500,0000;240,4187;14;0
3,5080;-13,5625;27,3611;45,0028;0,0000;17,6361;166,4375;274,426;-66,201;71,196;396,052;36,8691;-36,7646;-39,9122;0,0000;76,6768;36,8691;240,4187;-239,7372;-260,2628;0,0000;500,0000;240,4187;14;0
3,5100;-13,4883;27,2871;44,9224;0,0000;17,7905;166,5117;274,908;-65,940;71,784;401,585;37,3499;-37,2440;-40,4328;0,0000;77,6768;37,3499;240,4187;-239,7372;-260,2628;0,0000;500,0000;240,4187;14;0
3,5120;-13,4131;27,2121;44,8410;0,0000;17,9468;166,5869;275,395;-65,675;72,380;407,131;37,8307;-37,7235;-40,9533;0,0000;78,6768;37,8307;240,4187;-239,7372;-260,2628;0,0000;500,0000;240,4187;14;0
3,5140;-13,3370;27,1362;44,7586;0,0000;18,1052;166,6630;275,887;-65,405;72,986;412,690;38,3116;-38,2030;-41,4738;0,0000;79,6768;38,3116;240,4187;-239,7372;-260,2628;0,0000;500,0000;240,4187;14;0
3,5160;-13,2599;27,0593;44,6751;0,0000;18,2655;166,7401;276,382;-65,130;73,601;418,262;38,7924;-38,6825;-41,9943;0,0000;80,6768;38,7924;240,4187;-239,7372;-260,2628;0,0000;500,0000;240,4187;14;0
3,5180;-13,1818;26,9815;44,5906;0,0000;18,4279;166,8182;276,883;-64,850;74,225;423,847;39,2733;-39,1619;-42,5149;0,0000;81,6768;39,2733;240,4187;-239,7372;-260,2628;0,0000;500,0000;240,4187;14;0
3,5200;-13,1028;26,9027;44,5051;0,0000;18,5923;166,8972;277,388;-64,564;74,859;429,446;39,7541;-39,6414;-43,0354;0,0000;82,6768;39,7541;240,4187;-239,7372;-260,2628;0,0000;500,0000;240,4187;14;0
3,5220;-13,0228;26,8229;44,4185;0,0000;18,7586;166,9772;277,897;-64,274;75,502;435,058;40,2349;-40,1209;-43,5559;0,0000;83,6768;40,2349;240,4187;-239,7372;-260,2628;0,0000;500,0000;240,4187;14;0
3,5240;-12,9419;26,7422;44,3309;0,0000;18,9270;167,0581;278,410;-63,978;76,155;440,683;40,7158;-40,6004;-44,0764;0,0000;84,6768;40,7158;240,4187;-239,7372;-260,2628;0,0000;500,0000;240,4187;14;0
3,5260;-12,8599;26,6605;44,2422;0,0000;19,0973;167,1401;278,927;-63,678;76,817;446,322;41,1966;-41,0798;-44,5970;0,0000;85,6768;41,1966;240,4187;-239,7372;-260,2628;0,0000;500,0000;240,4187;14;0
3,5280;-12,7771;26,5779;44,1525;0,0000;19,2697;167,2229;279,449;-63,372;77,489;451,975;41,6774;-41,5593;-45,1175;0,0000;86,6768;41,6774;240,4187;-239,7372;-260,2628;0,0000;500,0000;240,4187;14;0
3,5300;-12,6932;26,4943;44,0617;0,0000;19,4440;167,3068;279,975;-63,060;78,170;457,642;42,1583;-42,0388;-45,6380;0,0000;87,6768;42,1583;240,4187;-239,7372;-260,2628;0,0000;500,0000;240,4187;14;0
3,5320;-12,6084;26,4097;43,9699;0,0000;19,6204;167,3916;280,504;-62,743;78,862;463,323;42,6391;-42,5183;-46,1585;0,0000;88,6768;42,6391;240,4187;-239,7372;-260,2628;0,0000;500,0000;240,4187;14;0
3,5340;-12,5227;26,3242;43,8771;0,0000;19,7987;167,4773;281,037;-62,421;79,563;469,018;43,1200;-42,9977;-46,6791;0,0000;89,6768;43,1200;240,4187;-239,7372;-260,2628;0,0000;500,0000;240,4187;14;0
3,5360;-12,4360;26,2377;43,7832;0,0000;19,9791;167,5640;281,574;-62,093;80,274;474,728;43,6008;-43,4772;-47,1996;0,0000;90,6768;43,6008;240,4187;-239,7372;-260,2628;0,0000;500,0000;240,4187;14;0
3,5380;-12,3483;26,1503;43,6883;0,0000;20,1614;167,6517;282,115;-61,760;80,995;480,452;44,0816;-43,9567;-47,7201;0,0000;91,6768;44,0816;240,4187;-239,7372;-260,2628;0,0000;500,0000;240,4187;14;0
3,5400;-12,2596;26,0619;43,5923;0,0000;20,3458;167,7404;282,660;-61,421;81,726;486,191;44,5625;-44,4362;-48,2406;0,0000;92,6768;44,5625;240,4187;-239,7372;-260,2628;0,0000;500,0000;240,4187;14;0
3,5420;-12,1700;25,9725;43,4953;0,0000;20,5321;167,8300;283,207;-61,077;82,467;491,944;45,0433;-44,9156;-48,7612;0,0000;93,6768;45,0433;240,4187;-239,7372;-260,2628;0,0000;500,0000;240,4187;14;0
3,5440;-12,0795;25,8822;43,3973;0,0000;20,7205;167,9205;283,759;-60,726;83,218;497,712;45,5241;-45,3951;-49,2817;0,0000;94,6768;45,5241;240,4187;-239,7372;-260,2628;0,0000;500,0000;240,4187;14;0
3,5460;-11,9879;25,7910;43,2982;0,0000;20,9108;168,0121;284,313;-60,370;83,979;503,496;46,0050;-45,8746;-49,8022;0,0000;95,6768;46,0050;240,4187;-239,7372;-260,2628;0,0000;500,0000;240,4187;14;0
3,5480;-11,8954;25,6987;43,1981;0,0000;21,1032;168,1046;284,871;-60,008;84,751;509,294;46,4858;-46,3541;-50,3227;0,0000;96,6768;46,4858;240,4187;-239,7372;-260,2628;0,0000;500,0000;240,4187;14;0
3,5500;-11,8020;25,6055;43,0969;0,0000;21,2976;168,1980;285,432;-59,640;85,533;515,108;46,9667;-46,8335;-50,8433;0,0000;97,6768;46,9667;240,4187;-239,7372;-260,2628;0,0000;500,0000;240,4187;14;0
3,5520;-11,7076;25,5114;42,9947;0,0000;21,4939;168,2924;285,996;-59,266;86,325;520,936;47,4475;-47,3130;-51,3638;0,0000;98,6768;47,4475;240,4187;-239,7372;-260,2628;0,0000;500,0000;240,4187;14;0
3,5540;-11,6122;25,4163;42,8914;0,0000;21,6923;168,3878;286,562;-58,886;87,128;526,781;47,9283;-47,7925;-51,8843;0,0000;99,6768;47,9283;240,4187;-239,7372;-260,2628;0,0000;500,0000;240,4187;14;0
3,5560;-11,5159;25,3202;42,7872;0,0000;21,8926;168,4841;287,132;-58,500;87,941;532,640;48,4092;-48,2720;-52,4048;0,0000;100,6768;48,4092;240,4187;-239,7372;-260,2628;0,0000;500,0000;240,4187;14;0
3,5580;-11,4186;25,2232;42,6818;0,0000;22,0950;168,5814;287,704;-58,108;88,765;538,516;48,8900;-48,7514;-52,9254;0,0000;101,6768;48,8900;240,4187;-239,7372;-260,2628;0,0000;500,0000;240,4187;14;0
3,5600;-11,3203;25,1252;42,5755;0,0000;22,2993;168,6797;288,279;-57,710;89,600;544,407;49,3708;-49,2309;-53,4459;0,0000;102,6768;49,3708;240,4187;-239,7372;-260,2628;0,0000;500,0000;240,4187;14;0
3,5620;-11,2211;25,0263;42,4680;0,0000;22,5057;168,7789;288,857;-57,306;90,445;550,314;49,8517;-49,7104;-53,9664;0,0000;103,6768;49,8517;240,4187;-239,7372;-260,2628;0,0000;500,0000;240,4187;14;0
3,5640;-11,1209;24,9264;42,3596;0,0000;22,7140;168,8791;289,436;-56,895;91,301;556,237;50,3325;-50,1899;-54,4869;0,0000;104,6768;50,3325;240,4187;-239,7372;-260,2628;0,0000;500,0000;240,4187;14;0
3,5660;-11,0197;24,8255;42,2501;0,0000;22,9244;168,9803;290,018;-56,478;92,168;562,176;50,8134;-50,6693;-55,0075;0,0000;105,6768;50,8134;240,4187;-239,7372;-260,2628;0,0000;500,0000;240,4187;14;0
3,5680;-10,9176;24,7237;42,1396;0,0000;23,1367;169,0824;290,603;-56,054;93,045;568,131;51,2942;-51,1488;-55,5280;0,0000;106,6768;51,2942;240,4187;-239,7372;-260,2628;0,0000;500,0000;240,4187;14;0
3,5700;-10,8146;24,6209;42,0280;0,0000;23,3511;169,1854;291,189;-55,624;93,934;574,103;51,7750;-51,6283;-56,0485;0,0000;107,6768;51,7750;240,4187;-239,7372;-260,2628;0,0000;500,0000;240,4187;14;0
3,5720;-10,7105;24,5172;41,9154;0,0000;23,5674;169,2895;291,777;-55,187;94,834;580,090;52,2559;-52,1078;-56,5690;0,0000;108,6768;52,2559;240,4187;-239,7372;-260,2628;0,0000;500,0000;240,4187;14;0
3,5740;-10,6055;24,4125;41,8017;0,0000;23,7858;169,3945;292,367;-54,744;95,745;586,094;52,7367;-52,5872;-57,0896;0,0000;109,6768;52,7367;240,4187;-239,7372;-260,2628;0,0000;500,0000;240,4187;14;0
3,5760;-10,4996;24,3068;41,6870;0,0000;24,0062;169,5004;292,959;-54,295;96,667;592,115;53,2175;-53,0667;-57,6101;0,0000;110,6768;53,2175;240,4187;-239,7372;-260,2628;0,0000;500,0000;240,4187;14;0
3,5780;-10,3927;24,2002;41,5713;0,0000;24,2285;169,6073;293,552;-53,838;97,600;598,152;53,6984;-53,5462;-58,1306;0,0000;111,6768;53,6984;240,4187;-239,7372;-260,2628;0,0000;500,0000;240,4187;14;0
3,5800;-10,2848;24,0927;41,4545;0,0000;24,4529;169,7152;294,147;-53,375;98,544;604,206;54,1792;-54,0256;-58,6511;0,0000;112,6768;54,1792;240,4187;-239,7372;-260,2628;0,0000;500,0000;240,4187;14;0
3,5820;-10,1760;23,9841;41,3367;0,0000;24,6792;169,8240;294,743;-52,905;99,500;610,277;54,6601;-54,5051;-59,1717;0,0000;113,6768;54,6600;240,4187;-239,7372;-260,2628;0,0000;500,0000;240,4187;14;0
3,5840;-10,0662;23,8746;41,2178;0,0000;24,9076;169,9338;295,340;-52,428;100,467;616,365;55,1409;-54,9846;-59,6922;0,0000;114,6768;55,1409;240,4187;-239,7372;-260,2628;0,0000;500,0000;240,4187;14;0
3,5860;-9,9554;23,7642;41,0979;0,0000;25,1379;170,0446;295,938;-51,944;101,446;622,469;55,6217;-55,4641;-60,2127;0,0000;115,6768;55,6217;240,4187;-239,7372;-260,2628;0,0000;500,0000;240,4187;14;0
3,5880;-9,8437;23,6528;40,9769;0,0000;25,3703;170,1563;296,537;-51,454;102,436;628,590;56,1026;-55,9435;-60,7332;0,0000;116,6768;56,1026;240,4187;-239,7372;-260,2628;0,0000;500,0000;240,4187;14;0
3,5900;-9,7310;23,5404;40,8550;0,0000;25,6046;170,2690;297,137;-50,956;103,438;634,729;56,5834;-56,4230;-61,2538;0,0000;117,6768;56,5834;240,4187;-239,7372;-260,2628;0,0000;500,0000;240,4187;14;0
3,5920;-9,6173;23,4271;40,7319;0,0000;25,8410;170,3827;297,738;-50,451;104,452;640,885;57,0642;-56,9025;-61,7743;0,0000;118,6768;57,0642;240,4187;-239,7372;-260,2628;0,0000;500,0000;240,4187;14;0
3,5940;-9,5027;23,3128;40,6079;0,0000;26,0793;170,4973;298,339;-49,939;105,477;647,057;57,5451;-57,3820;-62,2948;0,0000;119,6768;57,5451;240,4187;-239,7372;-260,2628;0,0000;500,0000;240,4187;14;0
3,5960;-9,3872;23,1976;40,4828;0,0000;26,3197;170,6128;298,940;-49,420;106,515;653,248;58,0259;-57,8614;-62,8154;0,0000;120,6768;58,0259;240,4187;-239,7372;-260,2628;0,0000;500,0000;240,4187;14;0
3,5980;-9,2706;23,0814;40,3566;0,0000;26,5620;170,7294;299,542;-48,894;107,564;659,455;58,5067;-58,3409;-63,3359;0,0000;121,6768;58,5067;240,4187;-239,7372;-260,2628;0,0000;500,0000;240,4187;14;0
3,6000;-9,1531;22,9642;40,2294;0,0000;26,8064;170,8469;300,144;-48,361;108,625;665,680;58,9876;-58,8204;-63,8564;0,0000;122,6768;58,9876;240,4187;-239,7372;-260,2628;0,0000;500,0000;240,4187;14;0
3,6020;-9,0347;22,8461;40,1012;0,0000;27,0527;170,9653;300,745;-47,820;109,698;671,922;59,4684;-59,2999;-64,3769;0,0000;123,6768;59,4684;240,4187;-239,7372;-260,2628;0,0000;500,0000;240,4187;14;0
3,6040;-8,9153;22,7270;39,9719;0,0000;27,3011;171,0847;301,347;-47,272;110,783;678,182;59,9493;-59,7793;-64,8975;0,0000;124,6768;59,9493;240,4187;-239,7372;-260,2628;0,0000;500,0000;240,4187;14;0
3,6060;-8,7949;22,6070;39,8416;0,0000;27,5515;171,2051;301,948;-46,716;111,880;684,459;60,4301;-60,2588;-65,4180;0,0000;125,6768;60,4301;240,4187;-239,7372;-260,2628;0,0000;500,0000;240,4187;14;0
3,6080;-8,6735;22,4860;39,7102;0,0000;27,8038;171,3265;302,548;-46,153;112,990;690,754;60,9109;-60,7383;-65,9385;0,0000;126,6768;60,9109;240,4187;-239,7372;-260,2628;0,0000;500,0000;240,4187;14;0
3,6100;-8,5512;22,3640;39,5778;0,0000;28,0582;171,4488;303,148;-45,583;114,112;697,066;61,3918;-61,2178;-66,4590;0,0000;127,6768;61,3918;240,4187;-239,7372;-260,2628;0,0000;500,0000;240,4187;14;0
3,6120;-8,4280;22,2411;39,4444;0,0000;28,3145;171,5720;303,747;-45,005;115,246;703,397;61,8726;-61,6972;-66,9796;0,0000;128,6768;61,8726;239,4173;-238,7387;-259,1787;0,0000;497,9174;239,4173;14;0
3,6140;-8,3037;22,1172;39,3099;0,0000;28,5729;171,6963;304,345;-44,419;116,392;709,744;62,3494;-62,1727;-67,4957;0,0000;129,6685;62,3494;163,7963;-163,3320;-177,3160;0,0000;340,6480;163,7963;14;0
3,6160;-8,1786;21,9924;39,1744;0,0000;28,8332;171,8214;304,942;-43,826;117,551;716,018;62,5278;-62,3506;-67,6888;0,0000;130,0394;62,5278;-30,0312;29,9461;32,5100;-0,0000;-62,4561;-30,0312;14;0
3,6180;-8,0536;21,8678;39,0392;0,0000;29,0930;171,9464;305,532;-43,231;118,711;715,560;62,2293;-62,0529;-67,3657;0,0000;129,4186;62,2293;-194,8289;194,2767;210,9100;-0,0000;-405,1868;-194,8289;14;0
3,6200;-7,9297;21,7442;38,9049;0,0000;29,3509;172,0703;306,111;-42,638;119,866;710,908;61,7485;-61,5735;-66,8452;0,0000;128,4186;61,7485;-240,4187;239,7372;260,2628;-0,0000;-500,0000;-240,4187;14;0
3,6220;-7,8066;21,6215;38,7718;0,0000;29,6067;172,1934;306,681;-42,046;121,015;706,235;61,2676;-61,0940;-66,3247;0,0000;127,4186;61,2676;-240,4187;239,7372;260,2628;-0,0000;-500,0000;-240,4187;14;0
3,6240;-7,6846;21,4998;38,6397;0,0000;29,8605;172,3154;307,240;-41,456;122,159;701,539;60,7868;-60,6145;-65,8041;0,0000;126,4186;60,7868;-240,4187;239,7372;260,2628;-0,0000;-500,0000;-240,4187;14;0
3,6260;-7,5635;21,3791;38,5086;0,0000;30,1124;172,4365;307,789;-40,868;123,297;696,823;60,3060;-60,1350;-65,2836;0,0000;125,4186;60,3060;-240,4187;239,7372;260,2628;-0,0000;-500,0000;-240,4187;14;0
3,6280;-7,4434;21,2593;38,3785;0,0000;30,3622;172,5566;308,328;-40,282;124,429;692,084;59,8251;-59,6556;-64,7631;0,0000;124,4186;59,8251;-240,4187;239,7372;260,2628;-0,0000;-500,0000;-240,4187;14;0
3,6300;-7,3242;21,1404;38,2495;0,0000;30,6101;172,6758;308,858;-39,698;125,555;687,325;59,3443;-59,1761;-64,2426;0,0000;123,4186;59,3443;-240,4187;239,7372;260,2628;-0,0000;-500,0000;-240,4187;14;0
3,6320;-7,2060;21,0226;38,1215;0,0000;30,8559;172,7940;309,378;-39,116;126,675;682,544;58,8635;-58,6966;-63,7220;0,0000;122,4186;58,8635;-240,4187;239,7372;260,2628;-0,0000;-500,0000;-240,4187;14;0
3,6340;-7,0887;20,9057;37,9946;0,0000;31,0997;172,9113;309,888;-38,537;127,789;677,743;58,3826;-58,2171;-63,2015;0,0000;121,4186;58,3826;-240,4187;239,7372;260,2628;-0,0000;-500,0000;-240,4187;14;0
3,6360;-6,9725;20,7897;37,8687;0,0000;31,3416;173,0275;310,389;-37,959;128,897;672,921;57,9018;-57,7377;-62,6810;0,0000;120,4186;57,9018;-240,4187;239,7372;260,2628;-0,0000;-500,0000;-240,4187;14;0
3,6380;-6,8571;20,6747;37,7439;0,0000;31,5814;173,1429;310,880;-37,385;129,999;668,079;57,4209;-57,2582;-62,1604;0,0000;119,4186;57,4209;-240,4187;239,7372;260,2628;-0,0000;-500,0000;-240,4187;14;0
3,6400;-6,7428;20,5607;37,6201;0,0000;31,8192;173,2572;311,362;-36,812;131,094;663,218;56,9401;-56,7787;-61,6399;0,0000;118,4186;56,9401;-240,4187;239,7372;260,2628;-0,0000;-500,0000;-240,4187;14;0
3,6420;-6,6294;20,4476;37,4973;0,0000;32,0551;173,3706;311,835;-36,243;132,183;658,336;56,4593;-56,2992;-61,1194;0,0000;117,4186;56,4593;-240,4187;239,7372;260,2628;-0,0000;-500,0000;-240,4187;14;0
3,6440;-6,5169;20,3355;37,3756;0,0000;32,2889;173,4831;312,299;-35,675;133,265;653,435;55,9784;-55,8198;-60,5989;0,0000;116,4186;55,9784;-240,4187;239,7372;260,2628;-0,0000;-500,0000;-240,4187;14;0
3,6460;-6,4055;20,2243;37,2549;0,0000;32,5208;173,5945;312,754;-35,111;134,340;648,515;55,4976;-55,3403;-60,0783;0,0000;115,4186;55,4976;-240,4187;239,7372;260,2628;-0,0000;-500,0000;-240,4187;14;0
3,6480;-6,2949;20,1141;37,1353;0,0000;32,7506;173,7051;313,200;-34,550;135,409;643,575;55,0168;-54,8608;-59,5578;0,0000;114,4186;55,0168;-240,4187;239,7372;260,2628;-0,0000;-500,0000;-240,4187;14;0
3,6500;-6,1854;20,0049;37,0167;0,0000;32,9784;173,8146;313,637;-33,991;136,471;638,617;54,5359;-54,3813;-59,0373;0,0000;113,4186;54,5359;-240,4187;239,7372;260,2628;-0,0000;-500,0000;-240,4187;14;0
3,6520;-6,0768;19,8966;36,8992;0,0000;33,2043;173,9232;314,066;-33,435;137,527;633,641;54,0551;-53,9019;-58,5168;0,0000;112,4186;54,0551;-240,4187;239,7372;260,2628;-0,0000;-500,0000;-240,4187;14;0
3,6540;-5,9692;19,7893;36,7826;0,0000;33,4281;174,0308;314,486;-32,883;138,575;628,646;53,5742;-53,4224;-57,9962;0,0000;111,4186;53,5742;-240,4187;239,7372;260,2628;-0,0000;-500,0000;-240,4187;14;0
3,6560;-5,8625;19,6829;36,6672;0,0000;33,6499;174,1375;314,898;-32,333;139,616;623,633;53,0934;-52,9429;-57,4757;0,0000;110,4186;53,0934;-240,4187;239,7372;260,2628;-0,0000;-500,0000;-240,4187;14;0
3,6580;-5,7568;19,5775;36,5527;0,0000;33,8698;174,2432;315,302;-31,787;140,650;618,602;52,6126;-52,4634;-56,9552;0,0000;109,4186;52,6126;-240,4187;239,7372;260,2628;-0,0000;-500,0000;-240,4187;14;0
3,6600;-5,6521;19,4730;36,4394;0,0000;34,0876;174,3479;315,697;-31,244;141,677;613,553;52,1317;-51,9840;-56,4347;0,0000;108,4186;52,1317;-240,4187;239,7372;260,2628;-0,0000;-500,0000;-240,4187;14;0
3,6620;-5,5483;19,3695;36,3270;0,0000;34,3034;174,4517;316,085;-30,704;142,697;608,487;51,6509;-51,5045;-55,9141;0,0000;107,4186;51,6509;-240,4187;239,7372;260,2628;-0,0000;-500,0000;-240,4187;14;0
3,6640;-5,4454;19,2670;36,2157;0,0000;34,5173;174,5546;316,464;-30,168;143,709;603,404;51,1701;-51,0250;-55,3936;0,0000;106,4186;51,1701;-240,4187;239,7372;260,2628;-0,0000;-500,0000;-240,4187;14;0
3,6660;-5,3436;19,1654;36,1054;0,0000;34,7291;174,6564;316,836;-29,635;144,714;598,304;50,6892;-50,5455;-54,8731;0,0000;105,4186;50,6892;-240,4187;239,7372;260,2628;-0,0000;-500,0000;-240,4187;14;0
3,6680;-5,2427;19,0648;35,9962;0,0000;34,9390;174,7573;317,200;-29,106;145,711;593,187;50,2084;-50,0661;-54,3526;0,0000;104,4186;50,2084;-240,4187;239,7372;260,2628;-0,0000;-500,0000;-240,4187;14;0
3,6700;-5,1428;18,9652;35,8880;0,0000;35,1468;174,8572;317,556;-28,580;146,701;588,053;49,7275;-49,5866;-53,8320;0,0000;103,4186;49,7275;-240,4187;239,7372;260,2628;-0,0000;-500,0000;-240,4187;14;0
3,6720;-5,0438;18,8665;35,7809;0,0000;35,3526;174,9562;317,904;-28,058;147,684;582,903;49,2467;-49,1071;-53,3115;0,0000;102,4186;49,2467;-240,4187;239,7372;260,2628;-0,0000;-500,0000;-240,4187;14;0
3,6740;-4,9458;18,7688;35,6748;0,0000;35,5565;175,0542;318,246;-27,539;148,658;577,737;48,7659;-48,6277;-52,7910;0,0000;101,4186;48,7659;-240,4187;239,7372;260,2628;-0,0000;-500,0000;-240,4187;14;0
3,6760;-4,8487;18,6720;35,5697;0,0000;35,7583;175,1513;318,579;-27,025;149,625;572,556;48,2850;-48,1482;-52,2705;0,0000;100,4186;48,2850;-240,4187;239,7372;260,2628;-0,0000;-500,0000;-240,4187;14;0
3,6780;-4,7526;18,5762;35,4657;0,0000;35,9581;175,2474;318,906;-26,514;150,584;567,358;47,8042;-47,6687;-51,7499;0,0000;99,4186;47,8042;-240,4187;239,7372;260,2628;-0,0000;-500,0000;-240,4187;14;0
3,6800;-4,6575;18,4813;35,3627;0,0000;36,1560;175,3425;319,226;-26,007;151,535;562,145;47,3234;-47,1892;-51,2294;0,0000;98,4186;47,3234;-240,4187;239,7372;260,2628;-0,0000;-500,0000;-240,4187;14;0
3,6820;-4,5633;18,3874;35,2608;0,0000;36,3518;175,4367;319,538;-25,504;152,479;556,917;46,8425;-46,7098;-50,7089;0,0000;97,4186;46,8425;-240,4187;239,7372;260,2628;-0,0000;-500,0000;-240,4187;14;0
3,6840;-4,4701;18,2945;35,1599;0,0000;36,5457;175,5299;319,844;-25,004;153,414;551,674;46,3617;-46,2303;-50,1884;0,0000;96,4186;46,3617;-240,4187;239,7372;260,2628;-0,0000;-500,0000;-240,4187;14;0
3,6860;-4,3779;18,2025;35,0600;0,0000;36,7375;175,6221;320,143;-24,509;154,341;546,416;45,8808;-45,7508;-49,6678;0,0000;95,4186;45,8808;-240,4187;239,7372;260,2628;-0,0000;-500,0000;-240,4187;14;0
3,6880;-4,2866;18,1115;34,9612;0,0000;36,9273;175,7134;320,435;-24,018;155,260;541,144;45,4000;-45,2713;-49,1473;0,0000;94,4186;45,4000;-240,4187;239,7372;260,2628;-0,0000;-500,0000;-240,4187;14;0
3,6900;-4,1963;18,0214;34,8634;0,0000;37,1152;175,8037;320,721;-23,531;156,171;535,857;44,9192;-44,7919;-48,6268;0,0000;93,4186;44,9192;-240,4187;239,7372;260,2628;-0,0000;-500,0000;-240,4187;14;0
3,6920;-4,1069;17,9323;34,7667;0,0000;37,3010;175,8931;321,000;-23,049;157,074;530,556;44,4383;-44,3124;-48,1063;0,0000;92,4186;44,4383;-240,4187;239,7372;260,2628;-0,0000;-500,0000;-240,4187;14;0
3,6940;-4,0185;17,8441;34,6710;0,0000;37,4848;175,9815;321,273;-22,570;157,969;525,240;43,9575;-43,8329;-47,5857;0,0000;91,4186;43,9575;-240,4187;239,7372;260,2628;-0,0000;-500,0000;-240,4187;14;0
3,6960;-3,9311;17,7570;34,5764;0,0000;37,6667;176,0689;321,539;-22,096;158,855;519,911;43,4767;-43,3534;-47,0652;0,0000;90,4186;43,4767;-240,4187;239,7372;260,2628;-0,0000;-500,0000;-240,4187;14;0
3,6980;-3,8446;17,6707;34,4827;0,0000;37,8465;176,1554;321,799;-21,626;159,732;514,569;42,9958;-42,8740;-46,5447;0,0000;89,4186;42,9958;-240,4187;239,7372;260,2628;-0,0000;-500,0000;-240,4187;14;0
3,7000;-3,7591;17,5855;34,3902;0,0000;38,0244;176,2409;322,054;-21,160;160,602;509,213;42,5150;-42,3945;-46,0242;0,0000;88,4186;42,5150;-240,4187;239,7372;260,2628;-0,0000;-500,0000;-240,4187;14;0
3,7020;-3,6746;17,5012;34,2986;0,0000;38,2002;176,3254;322,302;-20,699;161,463;503,844;42,0341;-41,9150;-45,5036;0,0000;87,4186;42,0341;-240,4187;239,7372;260,2628;-0,0000;-500,0000;-240,4187;14;0
3,7040;-3,5910;17,4178;34,2082;0,0000;38,3740;176,4090;322,544;-20,242;162,315;498,462;41,5533;-41,4355;-44,9831;0,0000;86,4186;41,5533;-240,4187;239,7372;260,2628;-0,0000;-500,0000;-240,4187;14;0
3,7060;-3,5084;17,3354;34,1187;0,0000;38,5459;176,4916;322,781;-19,789;163,159;493,067;41,0725;-40,9561;-44,4626;0,0000;85,4186;41,0725;-240,4187;239,7372;260,2628;-0,0000;-500,0000;-240,4187;14;0
3,7080;-3,4267;17,2540;34,0303;0,0000;38,7157;176,5733;323,012;-19,341;163,994;487,659;40,5916;-40,4766;-43,9421;0,0000;84,4186;40,5916;-240,4187;239,7372;260,2628;-0,0000;-500,0000;-240,4187;14;0
3,7100;-3,3460;17,1735;33,9429;0,0000;38,8835;176,6540;323,237;-18,898;164,820;482,239;40,1108;-39,9971;-43,4215;0,0000;83,4186;40,1108;-240,4187;239,7372;260,2628;-0,0000;-500,0000;-240,4187;14;0
3,7120;-3,2662;17,0940;33,8566;0,0000;39,0494;176,7338;323,457;-18,459;165,638;476,807;39,6300;-39,5176;-42,9010;0,0000;82,4186;39,6300;-240,4187;239,7372;260,2628;-0,0000;-500,0000;-240,4187;14;0
3,7140;-3,1875;17,0154;33,7713;0,0000;39,2132;176,8125;323,671;-18,025;166,446;471,363;39,1491;-39,0382;-42,3805;0,0000;81,4186;39,1491;-240,4187;239,7372;260,2628;-0,0000;-500,0000;-240,4187;14;0
3,7160;-3,1097;16,9378;33,6871;0,0000;39,3751;176,8903;323,880;-17,595;167,246;465,907;38,6683;-38,5587;-41,8600;0,0000;80,4186;38,6683;-240,4187;239,7372;260,2628;-0,0000;-500,0000;-240,4187;14;0
3,7180;-3,0328;16,8612;33,6039;0,0000;39,5349;176,9672;324,084;-17,171;168,038;460,439;38,1874;-38,0792;-41,3394;0,0000;79,4186;38,1874;-240,4187;239,7372;260,2628;-0,0000;-500,0000;-240,4187;14;0
3,7200;-2,9569;16,7855;33,5217;0,0000;39,6927;177,0431;324,283;-16,750;168,820;454,960;37,7066;-37,5997;-40,8189;0,0000;78,4186;37,7066;-240,4187;239,7372;260,2628;-0,0000;-500,0000;-240,4187;14;0
3,7220;-2,8820;16,7108;33,4406;0,0000;39,8486;177,1180;324,477;-16,335;169,593;449,469;37,2258;-37,1203;-40,2984;0,0000;77,4186;37,2258;-240,4187;239,7372;260,2628;-0,0000;-500,0000;-240,4187;14;0
3,7240;-2,8080;16,6370;33,3606;0,0000;40,0024;177,1920;324,666;-15,924;170,357;443,968;36,7449;-36,6408;-39,7779;0,0000;76,4186;36,7449;-240,4187;239,7372;260,2628;-0,0000;-500,0000;-240,4187;14;0
3,7260;-2,7350;16,5642;33,2815;0,0000;40,1542;177,2650;324,850;-15,518;171,113;438,455;36,2641;-36,1613;-39,2573;0,0000;75,4186;36,2641;-240,4187;239,7372;260,2628;-0,0000;-500,0000;-240,4187;14;0
3,7280;-2,6629;16,4924;33,2035;0,0000;40,3041;177,3371;325,029;-15,117;171,859;432,932;35,7833;-35,6818;-38,7368;0,0000;74,4186;35,7833;-240,4187;239,7372;260,2628;-0,0000;-500,0000;-240,4187;14;0
3,7300;-2,5919;16,4215;33,1266;0,0000;40,4519;177,4081;325,203;-14,721;172,596;427,398;35,3024;-35,2024;-38,2163;0,0000;73,4186;35,3024;-240,4187;239,7372;260,2628;-0,0000;-500,0000;-240,4187;14;0
3,7320;-2,5217;16,3516;33,0507;0,0000;40,5978;177,4783;325,374;-14,330;173,324;421,854;34,8216;-34,7229;-37,6958;0,0000;72,4186;34,8216;-240,4187;239,7372;260,2628;-0,0000;-500,0000;-240,4187;14;0
3,7340;-2,4526;16,2826;32,9758;0,0000;40,7416;177,5474;325,539;-13,943;174,042;416,299;34,3408;-34,2434;-37,1752;0,0000;71,4186;34,3408;-240,4187;239,7372;260,2628;-0,0000;-500,0000;-240,4187;14;0
3,7360;-2,3844;16,2146;32,9020;0,0000;40,8834;177,6156;325,700;-13,562;174,752;410,735;33,8599;-33,7639;-36,6547;0,0000;70,4186;33,8599;-240,4187;239,7372;260,2628;-0,0000;-500,0000;-240,4187;14;0
3,7380;-2,3171;16,1476;32,8292;0,0000;41,0233;177,6829;325,857;-13,185;175,452;405,160;33,3791;-33,2845;-36,1342;0,0000;69,4186;33,3791;-240,4187;239,7372;260,2628;-0,0000;-500,0000;-240,4187;14;0
3,7400;-2,2509;16,0815;32,7574;0,0000;41,1611;177,7491;326,010;-12,814;176,143;399,576;32,8982;-32,8050;-35,6136;0,0000;68,4186;32,8982;-240,4187;239,7372;260,2628;-0,0000;-500,0000;-240,4187;14;0
3,7420;-2,1855;16,0163;32,6867;0,0000;41,2969;177,8145;326,158;-12,447;176,824;393,982;32,4174;-32,3255;-35,0931;0,0000;67,4186;32,4174;-240,4187;239,7372;260,2628;-0,0000;-500,0000;-240,4187;14;0
3,7440;-2,1212;15,9522;32,6170;0,0000;41,4308;177,8788;326,302;-12,086;177,496;388,379;31,9366;-31,8460;-34,5726;0,0000;66,4186;31,9366;-240,4187;239,7372;260,2628;-0,0000;-500,0000;-240,4187;14;0
3,7460;-2,0578;15,8890;32,5484;0,0000;41,5626;177,9422;326,443;-11,729;178,159;382,767;31,4557;-31,3666;-34,0521;0,0000;65,4186;31,4557;-240,4187;239,7372;260,2628;-0,0000;-500,0000;-240,4187;14;0
3,7480;-1,9954;15,8267;32,4808;0,0000;41,6925;178,0046;326,579;-11,378;178,813;377,146;30,9749;-30,8871;-33,5315;0,0000;64,4186;30,9749;-240,4187;239,7372;260,2628;-0,0000;-500,0000;-240,4187;14;0
3,7500;-1,9339;15,7654;32,4143;0,0000;41,8203;178,0661;326,712;-11,032;179,456;371,516;30,4941;-30,4076;-33,0110;0,0000;63,4186;30,4941;-240,4187;239,7372;260,2628;-0,0000;-500,0000;-240,4187;14;0
3,7520;-1,8734;15,7051;32,3488;0,0000;41,9461;178,1266;326,841;-10,690;180,091;365,877;30,0132;-29,9281;-32,4905;0,0000;62,4186;30,0132;-240,4187;239,7372;260,2628;-0,0000;-500,0000;-240,4187;14;0
3,7540;-1,8138;15,6457;32,2843;0,0000;42,0700;178,1862;326,966;-10,354;180,716;360,230;29,5324;-29,4487;-31,9700;0,0000;61,4186;29,5324;-240,4187;239,7372;260,2628;-0,0000;-500,0000;-240,4187;14;0
3,7560;-1,7553;15,5873;32,2209;0,0000;42,1918;178,2447;327,088;-10,023;181,331;354,574;29,0515;-28,9692;-31,4494;0,0000;60,4186;29,0515;-240,4187;239,7372;260,2628;-0,0000;-500,0000;-240,4187;14;0
3,7580;-1,6976;15,5298;32,1585;0,0000;42,3116;178,3024;327,206;-9,698;181,937;348,910;28,5707;-28,4897;-30,9289;0,0000;59,4186;28,5707;-240,4187;239,7372;260,2628;-0,0000;-500,0000;-240,4187;14;0
3,7600;-1,6410;15,4733;32,0972;0,0000;42,4295;178,3590;327,321;-9,377;182,533;343,238;28,0899;-28,0102;-30,4084;0,0000;58,4186;28,0899;-240,4187;239,7372;260,2628;-0,0000;-500,0000;-240,4187;14;0
3,7620;-1,5853;15,4178;32,0369;0,0000;42,5453;178,4147;327,432;-9,062;183,119;337,558;27,6090;-27,5308;-29,8879;0,0000;57,4186;27,6090;-240,4187;239,7372;260,2628;-0,0000;-500,0000;-240,4187;14;0
3,7640;-1,5305;15,3632;31,9776;0,0000;42,6592;178,4695;327,540;-8,752;183,696;331,870;27,1282;-27,0513;-29,3673;0,0000;56,4186;27,1282;-240,4187;239,7372;260,2628;-0,0000;-500,0000;-240,4187;14;0
3,7660;-1,4768;15,3096;31,9194;0,0000;42,7710;178,5232;327,645;-8,447;184,263;326,175;26,6474;-26,5718;-28,8468;0,0000;55,4186;26,6474;-240,4187;239,7372;260,2628;-0,0000;-500,0000;-240,4187;14;0
3,7680;-1,4239;15,2569;31,8623;0,0000;42,8808;178,5761;327,746;-8,147;184,821;320,473;26,1665;-26,0924;-28,3263;0,0000;54,4186;26,1665;-240,4187;239,7372;260,2628;-0,0000;-500,0000;-240,4187;14;0
3,7700;-1,3721;15,2052;31,8061;0,0000;42,9887;178,6279;327,845;-7,853;185,368;314,763;25,6857;-25,6129;-27,8058;0,0000;53,4186;25,6857;-240,4187;239,7372;260,2628;-0,0000;-500,0000;-240,4187;14;0
3,7720;-1,3212;15,1545;31,7510;0,0000;43,0945;178,6788;327,940;-7,563;185,906;309,046;25,2048;-25,1334;-27,2852;0,0000;52,4186;25,2048;-240,4187;239,7372;260,2628;-0,0000;-500,0000;-240,4187;14;0
3,7740;-1,2713;15,1047;31,6970;0,0000;43,1983;178,7287;328,033;-7,280;186,434;303,322;24,7240;-24,6539;-26,7647;0,0000;51,4186;24,7240;-240,4187;239,7372;260,2628;-0,0000;-500,0000;-240,4187;14;0
3,7760;-1,2223;15,0558;31,6440;0,0000;43,3002;178,7777;328,122;-7,001;186,952;297,591;24,2432;-24,1745;-26,2442;0,0000;50,4186;24,2432;-240,4187;239,7372;260,2628;-0,0000;-500,0000;-240,4187;14;0
3,7780;-1,1743;15,0080;31,5920;0,0000;43,4000;178,8257;328,209;-6,728;187,461;291,853;23,7623;-23,6950;-25,7237;0,0000;49,4186;23,7623;-240,4187;239,7372;260,2628;-0,0000;-500,0000;-240,4187;14;0
3,7800;-1,1273;14,9611;31,5411;0,0000;43,4978;178,8727;328,293;-6,460;187,959;286,109;23,2815;-23,2155;-25,2031;0,0000;48,4186;23,2815;-240,4187;239,7372;260,2628;-0,0000;-500,0000;-240,4187;14;0
3,7820;-1,0812;14,9151;31,4912;0,0000;43,5937;178,9188;328,375;-6,197;188,448;280,359;22,8007;-22,7360;-24,6826;0,0000;47,4186;22,8007;-240,4187;239,7372;260,2628;-0,0000;-500,0000;-240,4187;14;0
3,7840;-1,0361;14,8701;31,4424;0,0000;43,6875;178,9639;328,453;-5,940;188,927;274,602;22,3198;-22,2566;-24,1621;0,0000;46,4186;22,3198;-240,4187;239,7372;260,2628;-0,0000;-500,0000;-240,4187;14;0
3,7860;-0,9919;14,8261;31,3946;0,0000;43,7794;179,0081;328,529;-5,688;189,396;268,839;21,8390;-21,7771;-23,6416;0,0000;45,4186;21,8390;-240,4187;239,7372;260,2628;-0,0000;-500,0000;-240,4187;14;0
3,7880;-0,9487;14,7830;31,3478;0,0000;43,8692;179,0513;328,603;-5,441;189,855;263,070;21,3581;-21,2976;-23,1210;0,0000;44,4186;21,3581;-240,4187;239,7372;260,2628;-0,0000;-500,0000;-240,4187;14;0
3,7900;-0,9065;14,7409;31,3021;0,0000;43,9570;179,0935;328,674;-5,200;190,304;257,296;20,8773;-20,8181;-22,6005;0,0000;43,4186;20,8773;-240,4187;239,7372;260,2628;-0,0000;-500,0000;-240,4187;14;0
3,7920;-0,8652;14,6997;31,2574;0,0000;44,0429;179,1348;328,743;-4,965;190,743;251,516;20,3965;-20,3387;-22,0800;0,0000;42,4186;20,3965;-240,4187;239,7372;260,2628;-0,0000;-500,0000;-240,4187;14;0
3,7940;-0,8249;14,6595;31,2137;0,0000;44,1267;179,1751;328,809;-4,734;191,172;245,730;19,9156;-19,8592;-21,5595;0,0000;41,4186;19,9156;-240,4187;239,7372;260,2628;-0,0000;-500,0000;-240,4187;14;0
3,7960;-0,7855;14,6203;31,1711;0,0000;44,2085;179,2145;328,873;-4,509;191,591;239,939;19,4348;-19,3797;-21,0389;0,0000;40,4186;19,4348;-240,4187;239,7372;260,2628;-0,0000;-500,0000;-240,4187;14;0
3,7980;-0,7471;14,5820;31,1296;0,0000;44,2884;179,2529;328,935;-4,290;192,000;234,143;18,9540;-18,9002;-20,5184;0,0000;39,4186;18,9540;-240,4187;239,7372;260,2628;-0,0000;-500,0000;-240,4187;14;0
3,8000;-0,7097;14,5447;31,0891;0,0000;44,3662;179,2903;328,994;-4,075;192,399;228,341;18,4731;-18,4208;-19,9979;0,0000;38,4186;18,4731;-240,4187;239,7372;260,2628;-0,0000;-500,0000;-240,4187;14;0
3,8020;-0,6732;14,5083;31,0496;0,0000;44,4421;179,3268;329,052;-3,867;192,788;222,535;17,9923;-17,9413;-19,4774;0,0000;37,4186;17,9923;-240,4187;239,7372;260,2628;-0,0000;-500,0000;-240,4187;14;0
3,8040;-0,6377;14,4729;31,0112;0,0000;44,5159;179,3623;329,107;-3,663;193,166;216,724;17,5114;-17,4618;-18,9568;0,0000;36,4186;17,5114;-240,4187;239,7372;260,2628;-0,0000;-500,0000;-240,4187;14;0
3,8060;-0,6032;14,4385;30,9738;0,0000;44,5877;179,3968;329,160;-3,465;193,535;210,908;17,0306;-16,9823;-18,4363;0,0000;35,4186;17,0306;-240,4187;239,7372;260,2628;-0,0000;-500,0000;-240,4187;14;0
3,8080;-0,5696;14,4050;30,9374;0,0000;44,6576;179,4304;329,211;-3,273;193,894;205,088;16,5498;-16,5029;-17,9158;0,0000;34,4186;16,5498;-240,4187;239,7372;260,2628;-0,0000;-500,0000;-240,4187;14;0
3,8100;-0,5370;14,3725;30,9021;0,0000;44,7254;179,4630;329,261;-3,086;194,242;199,263;16,0689;-16,0234;-17,3953;0,0000;33,4186;16,0689;-240,4187;239,7372;260,2628;-0,0000;-500,0000;-240,4187;14;0
3,8120;-0,5053;14,3409;30,8678;0,0000;44,7912;179,4947;329,308;-2,905;194,580;193,434;15,5881;-15,5439;-16,8747;0,0000;32,4186;15,5881;-240,4187;239,7372;260,2628;-0,0000;-500,0000;-240,4187;14;0
3,8140;-0,4746;14,3103;30,8346;0,0000;44,8551;179,5254;329,353;-2,728;194,909;187,600;15,1073;-15,0644;-16,3542;0,0000;31,4186;15,1073;-240,4187;239,7372;260,2628;-0,0000;-500,0000;-240,4187;14;0
3,8160;-0,4449;14,2807;30,8024;0,0000;44,9169;179,5551;329,397;-2,558;195,227;181,763;14,6264;-14,5850;-15,8337;0,0000;30,4186;14,6264;-240,4187;239,7372;260,2628;-0,0000;-500,0000;-240,4187;14;0
3,8180;-0,4161;14,2520;30,7713;0,0000;44,9768;179,5839;329,439;-2,393;195,535;175,922;14,1456;-14,1055;-15,3132;0,0000;29,4186;14,1456;-240,4187;239,7372;260,2628;-0,0000;-500,0000;-240,4187;14;0
3,8200;-0,3883;14,2242;30,7412;0,0000;45,0346;179,6117;329,479;-2,233;195,832;170,077;13,6647;-13,6260;-14,7926;0,0000;28,4186;13,6647;-240,4187;239,7372;260,2628;-0,0000;-500,0000;-240,4187;14;0
3,8220;-0,3615;14,1975;30,7121;0,0000;45,0904;179,6385;329,517;-2,079;196,120;164,229;13,1839;-13,1465;-14,2721;0,0000;27,4186;13,1839;-240,4187;239,7372;260,2628;-0,0000;-500,0000;-240,4187;14;0
3,8240;-0,3356;14,1717;30,6841;0,0000;45,1443;179,6644;329,554;-1,930;196,397;158,377;12,7031;-12,6671;-13,7516;0,0000;26,4186;12,7031;-240,4187;239,7372;260,2628;-0,0000;-500,0000;-240,4187;14;0
3,8260;-0,3107;14,1468;30,6571;0,0000;45,1961;179,6893;329,589;-1,787;196,664;152,521;12,2222;-12,1876;-13,2311;0,0000;25,4186;12,2222;-240,4187;239,7372;260,2628;-0,0000;-500,0000;-240,4187;14;0
3,8280;-0,2867;14,1229;30,6312;0,0000;45,2459;179,7133;329,622;-1,649;196,921;146,663;11,7414;-11,7081;-12,7105;0,0000;24,4186;11,7414;-240,4187;239,7372;260,2628;-0,0000;-500,0000;-240,4187;14;0
3,8300;-0,2637;14,1000;30,6063;0,0000;45,2938;179,7363;329,654;-1,517;197,168;140,801;11,2606;-11,2286;-12,1900;0,0000;23,4186;11,2606;-240,4187;239,7372;260,2628;-0,0000;-500,0000;-240,4187;14;0
3,8320;-0,2417;14,0780;30,5824;0,0000;45,3396;179,7583;329,684;-1,391;197,404;134,937;10,7797;-10,7492;-11,6695;0,0000;22,4186;10,7797;-240,4187;239,7372;260,2628;-0,0000;-500,0000;-240,4187;14;0
3,8340;-0,2206;14,0570;30,5596;0,0000;45,3835;179,7794;329,713;-1,269;197,630;129,069;10,2989;-10,2697;-11,1489;0,0000;21,4186;10,2989;-240,4187;239,7372;260,2628;-0,0000;-500,0000;-240,4187;14;0
3,8360;-0,2005;14,0369;30,5378;0,0000;45,4253;179,7995;329,740;-1,154;197,846;123,199;9,8180;-9,7902;-10,6284;0,0000;20,4186;9,8180;-240,4187;239,7372;260,2628;-0,0000;-500,0000;-240,4187;14;0
3,8380;-0,1813;14,0178;30,5171;0,0000;45,4651;179,8187;329,765;-1,044;198,052;117,326;9,3372;-9,3107;-10,1079;0,0000;19,4186;9,3372;-240,4187;239,7372;260,2628;-0,0000;-500,0000;-240,4187;14;0
3,8400;-0,1631;13,9997;30,4974;0,0000;45,5030;179,8369;329,790;-0,939;198,247;111,451;8,8564;-8,8313;-9,5874;0,0000;18,4186;8,8564;-240,4187;239,7372;260,2628;-0,0000;-500,0000;-240,4187;14;0
3,8420;-0,1459;13,9825;30,4787;0,0000;45,5388;179,8541;329,813;-0,840;198,432;105,573;8,3755;-8,3518;-9,0668;0,0000;17,4186;8,3755;-240,4187;239,7372;260,2628;-0,0000;-500,0000;-240,4187;14;0
3,8440;-0,1296;13,9663;30,4611;0,0000;45,5726;179,8704;329,834;-0,746;198,607;99,694;7,8947;-7,8723;-8,5463;0,0000;16,4186;7,8947;-240,4187;239,7372;260,2628;-0,0000;-500,0000;-240,4187;14;0
3,8460;-0,1143;13,9510;30,4445;0,0000;45,6045;179,8857;329,854;-0,658;198,771;93,812;7,4139;-7,3928;-8,0258;0,0000;15,4186;7,4139;-240,4187;239,7372;260,2628;-0,0000;-500,0000;-240,4187;14;0
3,8480;-0,1000;13,9367;30,4290;0,0000;45,6343;179,9000;329,873;-0,576;198,925;87,928;6,9330;-6,9134;-7,5053;0,0000;14,4186;6,9330;-240,4187;239,7372;260,2628;-0,0000;-500,0000;-240,4187;14;0
3,8500;-0,0866;13,9233;30,4145;0,0000;45,6622;179,9134;329,890;-0,498;199,069;82,042;6,4522;-6,4339;-6,9847;0,0000;13,4186;6,4522;-240,4187;239,7372;260,2628;-0,0000;-500,0000;-240,4187;14;0
3,8520;-0,0742;13,9109;30,4011;0,0000;45,6880;179,9258;329,906;-0,427;199,203;76,155;5,9713;-5,9544;-6,4642;0,0000;12,4186;5,9713;-240,4187;239,7372;260,2628;-0,0000;-500,0000;-240,4187;14;0
3,8540;-0,0627;13,8995;30,3887;0,0000;45,7118;179,9373;329,921;-0,361;199,326;70,266;5,4905;-5,4749;-5,9437;0,0000;11,4186;5,4905;-240,4187;239,7372;260,2628;-0,0000;-500,0000;-240,4187;14;0
3,8560;-0,0522;13,8891;30,3773;0,0000;45,7337;179,9478;329,934;-0,301;199,439;64,376;5,0097;-4,9955;-5,4232;0,0000;10,4186;5,0097;-240,4187;239,7372;260,2628;-0,0000;-500,0000;-240,4187;14;0
3,8580;-0,0427;13,8795;30,3670;0,0000;45,7535;179,9573;329,946;-0,246;199,541;58,484;4,5288;-4,5160;-4,9026;0,0000;9,4186;4,5288;-240,4187;239,7372;260,2628;-0,0000;-500,0000;-240,4187;14;0
3,8600;-0,0341;13,8710;30,3577;0,0000;45,7713;179,9659;329,957;-0,196;199,633;52,591;4,0480;-4,0365;-4,3821;0,0000;8,4186;4,0480;-240,4187;239,7372;260,2628;-0,0000;-500,0000;-240,4187;14;0
3,8620;-0,0265;13,8634;30,3494;0,0000;45,7872;179,9735;329,967;-0,152;199,715;46,697;3,5672;-3,5570;-3,8616;0,0000;7,4186;3,5672;-240,4187;239,7372;260,2628;-0,0000;-500,0000;-240,4187;14;0
3,8640;-0,0198;13,8568;30,3422;0,0000;45,8010;179,9802;329,975;-0,114;199,787;40,802;3,0863;-3,0776;-3,3411;0,0000;6,4186;3,0863;-240,4187;239,7372;260,2628;-0,0000;-500,0000;-240,4187;14;0
3,8660;-0,0141;13,8511;30,3361;0,0000;45,8129;179,9859;329,982;-0,081;199,848;34,906;2,6055;-2,5981;-2,8205;0,0000;5,4186;2,6055;-240,4187;239,7372;260,2628;-0,0000;-500,0000;-240,4187;14;0
3,8680;-0,0094;13,8464;30,3309;0,0000;45,8227;179,9906;329,988;-0,054;199,899;29,010;2,1246;-2,1186;-2,3000;0,0000;4,4186;2,1246;-240,4187;239,7372;260,2628;-0,0000;-500,0000;-240,4187;14;0
3,8700;-0,0056;13,8426;30,3269;0,0000;45,8305;179,9944;329,993;-0,032;199,940;23,112;1,6438;-1,6392;-1,7795;0,0000;3,4186;1,6438;-240,4187;239,7372;260,2628;-0,0000;-500,0000;-240,4187;14;0
3,8720;-0,0028;13,8398;30,3238;0,0000;45,8364;179,9972;329,996;-0,016;199,970;17,215;1,1630;-1,1597;-1,2590;0,0000;2,4186;1,1630;-240,4187;239,7372;260,2628;-0,0000;-500,0000;-240,4187;14;0
3,8740;-0,0010;13,8380;30,3218;0,0000;45,8402;179,9990;329,999;-0,006;199,990;11,317;0,6821;-0,6802;-0,7384;0,0000;1,4186;0,6821;-240,4187;239,7372;260,2628;-0,0000;-500,0000;-240,4187;14;0
3,8760;-0,0001;13,8371;30,3209;0,0000;45,8420;179,9999;330,000;-0,000;199,999;5,418;0,2013;-0,2007;-0,2179;0,0000;0,4186;0,2013;-155,6831;155,2419;168,5332;-0,0000;-323,7750;-155,6831;14;0
3,8768;-0,0000;13,8370;30,3208;0,0000;45,8422;180,0000;330,000;0,000;200,000;1,235;0,1006;-0,1004;-0,1090;0,0000;0,2093;0,1006;-120,2093;119,8686;130,1314;-0,0000;-250,0000;-120,2093;14;0
