ido_s;J1_fok;J2_fok;J3_fok;J4_fok;J5_fok;J6_fok;TCP_X_mm;TCP_Y_mm;TCP_Z_mm;TCP_sebesseg_mm_s;v_J1_fok_s;v_J2_fok_s;v_J3_fok_s;v_J4_fok_s;v_J5_fok_s;v_J6_fok_s;a_J1_fok_s2;a_J2_fok_s2;a_J3_fok_s2;a_J4_fok_s2;a_J5_fok_s2;a_J6_fok_s2;mozgas_id;hibakod
0,0000;-0,0000;13,8370;30,3208;0,0000;45,8422;180,0000;330,000;0,000;200,000;0,000;-0,1472;0,1468;0,1594;0,0000;-0,3062;-0,1472;-24,0419;23,9737;26,0263;0,0000;-50,0000;-24,0419;5;0
0,0061;-0,0009;13,8379;30,3218;0,0000;45,8403;179,9991;329,999;-0,005;199,990;1,806;-0,2945;0,2936;0,3188;0,0000;-0,6124;-0,2945;-36,0628;35,9606;39,0394;0,0000;-75,0000;-36,0628;5;0
0,0122;-0,0036;13,8406;30,3247;0,0000;45,8347;179,9964;329,995;-0,021;199,961;5,418;-0,5889;0,5873;0,6376;0,0000;-1,2248;-0,5889;-48,0837;47,9474;52,0526;0,0000;-100,0000;-48,0837;5;0
0,0184;-0,0081;13,8451;30,3296;0,0000;45,8253;179,9919;329,990;-0,047;199,913;9,030;-0,8834;0,8809;0,9563;0,0000;-1,8372;-0,8834;-48,0837;47,9474;52,0526;0,0000;-100,0000;-48,0837;5;0
0,0245;-0,0144;13,8514;30,3364;0,0000;45,8122;179,9856;329,982;-0,083;199,845;12,642;-1,1779;1,1745;1,2751;0,0000;-2,4496;-1,1779;-48,0837;47,9474;52,0526;0,0000;-100,0000;-48,0837;5;0
0,0306;-0,0225;13,8595;30,3452;0,0000;45,7953;179,9775;329,972;-0,130;199,758;16,253;-1,4724;1,4682;1,5939;0,0000;-3,0621;-1,4724;-48,0837;47,9474;52,0526;0,0000;-100,0000;-48,0837;5;0
0,0367;-0,0325;13,8694;30,3559;0,0000;45,7747;179,9675;329,959;-0,187;199,651;19,863;-1,7668;1,7618;1,9127;0,0000;-3,6745;-1,7668;-48,0837;47,9474;52,0526;0,0000;-100,0000;-48,0837;5;0
0,0429;-0,0442;13,8811;30,3686;0,0000;45,7503;179,9558;329,944;-0,254;199,525;23,473;-2,0613;2,0555;2,2314;0,0000;-4,2869;-2,0613;-48,0837;47,9474;52,0526;0,0000;-100,0000;-48,0837;5;0
0,0490;-0,0577;13,8945;30,3833;0,0000;45,7222;179,9423;329,927;-0,332;199,379;27,082;-2,3558;2,3491;2,5502;0,0000;-4,8993;-2,3558;-48,0837;47,9474;52,0526;0,0000;-100,0000;-48,0837;5;0
0,0551;-0,0730;13,9098;30,3998;0,0000;45,6903;179,9270;329,907;-0,421;199,215;30,690;-2,6502;2,6427;2,8690;0,0000;-5,5117;-2,6502;-48,0837;47,9474;52,0526;0,0000;-100,0000;-48,0837;5;0
0,0612;-0,0902;13,9269;30,4184;0,0000;45,6547;179,9098;329,885;-0,519;199,030;34,296;-2,9447;2,9364;3,1878;0,0000;-6,1241;-2,9447;-48,0837;47,9474;52,0526;0,0000;-100,0000;-48,0837;5;0
0,0674;-0,1091;13,9458;30,4389;0,0000;45,6153;179,8909;329,861;-0,628;198,827;37,901;-3,2392;3,2300;3,5065;0,0000;-6,7365;-3,2392;-48,0837;47,9474;52,0526;0,0000;-100,0000;-48,0837;5;0
0,0735;-0,1298;13,9665;30,4613;0,0000;45,5722;179,8702;329,834;-0,747;198,604;41,505;-3,5336;3,5236;3,8253;0,0000;-7,3489;-3,5336;-48,0837;47,9474;52,0526;0,0000;-100,0000;-48,0837;5;0
0,0796;-0,1524;13,9890;30,4857;0,0000;45,5253;179,8476;329,804;-0,877;198,362;45,107;-3,8281;3,8173;4,1441;0,0000;-7,9614;-3,8281;-48,0837;47,9474;52,0526;0,0000;-100,0000;-48,0837;5;0
0,0857;-0,1767;14,0132;30,5121;0,0000;45,4747;179,8233;329,772;-1,017;198,101;48,707;-4,1226;4,1109;4,4629;0,0000;-8,5738;-4,1226;-48,0837;47,9474;52,0526;0,0000;-100,0000;-48,0837;5;0
0,0919;-0,2029;14,0393;30,5404;0,0000;45,4203;179,7971;329,737;-1,168;197,820;52,306;-4,4171;4,4045;4,7816;0,0000;-9,1862;-4,4171;-48,0837;47,9474;52,0526;0,0000;-100,0000;-48,0837;5;0
0,0980;-0,2308;14,0672;30,5707;0,0000;45,3622;179,7692;329,699;-1,328;197,520;55,902;-4,7115;4,6982;5,1004;0,0000;-9,7986;-4,7115;-48,0837;47,9474;52,0526;0,0000;-100,0000;-48,0837;5;0
0,1041;-0,2606;14,0969;30,6029;0,0000;45,3003;179,7394;329,658;-1,499;197,201;59,496;-5,0060;4,9918;5,4192;0,0000;-10,4110;-5,0060;-48,0837;47,9474;52,0526;0,0000;-100,0000;-48,0837;5;0
0,1102;-0,2921;14,1283;30,6370;0,0000;45,2346;179,7079;329,615;-1,681;196,863;63,088;-5,3005;5,2854;5,7380;0,0000;-11,0234;-5,3005;-48,0837;47,9474;52,0526;0,0000;-100,0000;-48,0837;5;0
0,1164;-0,3255;14,1616;30,6732;0,0000;45,1653;179,6745;329,568;-1,872;196,505;66,677;-5,5949;5,5791;6,0567;0,0000;-11,6358;-5,5949;-48,0837;47,9474;52,0526;0,0000;-100,0000;-48,0837;5;0
0,1225;-0,3607;14,1967;30,7112;0,0000;45,0921;179,6393;329,518;-2,074;196,128;70,264;-5,8894;5,8727;6,3755;0,0000;-12,2482;-5,8894;-48,0837;47,9474;52,0526;0,0000;-100,0000;-48,0837;5;0
0,1286;-0,3976;14,2335;30,7512;0,0000;45,0152;179,6024;329,466;-2,287;195,733;73,848;-6,1839;6,1664;6,6943;0,0000;-12,8607;-6,1839;-48,0837;47,9474;52,0526;0,0000;-100,0000;-48,0837;5;0
0,1347;-0,4364;14,2722;30,7932;0,0000;44,9346;179,5636;329,409;-2,509;195,318;77,429;-6,4784;6,4600;7,0131;0,0000;-13,4731;-6,4784;-48,0837;47,9474;52,0526;0,0000;-100,0000;-48,0837;5;0
0,1409;-0,4770;14,3126;30,8371;0,0000;44,8502;179,5230;329,350;-2,742;194,884;81,007;-6,7728;6,7536;7,3318;0,0000;-14,0855;-6,7728;-48,0837;47,9474;52,0526;0,0000;-100,0000;-48,0837;5;0
0,1470;-0,5194;14,3549;30,8830;0,0000;44,7621;179,4806;329,287;-2,985;194,431;84,581;-7,0673;7,0473;7,6506;0,0000;-14,6979;-7,0673;-48,0837;47,9474;52,0526;0,0000;-100,0000;-48,0837;5;0
0,1531;-0,5636;14,3990;30,9309;0,0000;44,6702;179,4364;329,221;-3,238;193,958;88,153;-7,3618;7,3409;7,9694;0,0000;-15,3103;-7,3618;-48,0837;47,9474;52,0526;0,0000;-100,0000;-48,0837;5;0
0,1592;-0,6095;14,4448;30,9806;0,0000;44,5745;179,3905;329,151;-3,502;193,467;91,720;-7,6562;7,6345;8,2882;0,0000;-15,9227;-7,6562;-48,0837;47,9474;52,0526;0,0000;-100,0000;-48,0837;5;0
0,1654;-0,6573;14,4925;31,0324;0,0000;44,4752;179,3427;329,077;-3,776;192,957;95,284;-7,9507;7,9282;8,6070;0,0000;-16,5351;-7,9507;-48,0837;47,9474;52,0526;0,0000;-100,0000;-48,0837;5;0
0,1715;-0,7069;14,5419;31,0861;0,0000;44,3720;179,2931;328,999;-4,059;192,428;98,844;-8,2452;8,2218;8,9257;0,0000;-17,1475;-8,2452;-48,0837;47,9474;52,0526;0,0000;-100,0000;-48,0837;5;0
0,1776;-0,7583;14,5932;31,1417;0,0000;44,2651;179,2417;328,917;-4,354;191,881;102,400;-8,5396;8,5154;9,2445;0,0000;-17,7599;-8,5396;-48,0837;47,9474;52,0526;0,0000;-100,0000;-48,0837;5;0
0,1837;-0,8115;14,6462;31,1993;0,0000;44,1545;179,1885;328,831;-4,658;191,314;105,952;-8,8341;8,8091;9,5633;0,0000;-18,3724;-8,8341;-48,0837;47,9474;52,0526;0,0000;-100,0000;-48,0837;5;0
0,1898;-0,8665;14,7011;31,2588;0,0000;44,0401;179,1335;328,740;-4,972;190,729;109,500;-9,1286;9,1027;9,8821;0,0000;-18,9848;-9,1286;-48,0837;47,9474;52,0526;0,0000;-100,0000;-48,0837;5;0
0,1960;-0,9233;14,7577;31,3203;0,0000;43,9220;179,0767;328,646;-5,297;190,124;113,043;-9,4231;9,3964;10,2008;0,0000;-19,5972;-9,4231;-48,0837;47,9474;52,0526;0,0000;-100,0000;-48,0837;5;0
0,2021;-0,9819;14,8162;31,3838;0,0000;43,8001;179,0181;328,546;-5,631;189,502;116,582;-9,7175;9,6900;10,5196;0,0000;-20,2096;-9,7175;-48,0837;47,9474;52,0526;0,0000;-100,0000;-48,0837;5;0
0,2082;-1,0423;14,8764;31,4492;0,0000;43,6744;178,9576;328,442;-5,976;188,860;120,115;-10,0120;9,9836;10,8384;0,0000;-20,8220;-10,0120;-48,0837;47,9474;52,0526;0,0000;-100,0000;-48,0837;5;0
0,2143;-1,1046;14,9384;31,5165;0,0000;43,5450;178,8954;328,333;-6,330;188,200;123,644;-10,3065;10,2773;11,1572;0,0000;-21,4344;-10,3065;-48,0837;47,9474;52,0526;0,0000;-100,0000;-48,0837;5;0
0,2205;-1,1686;15,0023;31,5858;0,0000;43,4119;178,8314;328,219;-6,695;187,521;127,167;-10,6009;10,5709;11,4759;0,0000;-22,0468;-10,6009;-48,0837;47,9474;52,0526;0,0000;-100,0000;-48,0837;5;0
0,2266;-1,2344;15,0679;31,6571;0,0000;43,2750;178,7656;328,100;-7,070;186,824;130,686;-10,8954;10,8645;11,7947;0,0000;-22,6592;-10,8954;-48,0837;47,9474;52,0526;0,0000;-100,0000;-48,0837;5;0
0,2327;-1,3020;15,1353;31,7303;0,0000;43,1344;178,6980;327,976;-7,454;186,109;134,198;-11,1899;11,1582;12,1135;0,0000;-23,2717;-11,1899;-48,0837;47,9474;52,0526;0,0000;-100,0000;-48,0837;5;0
0,2388;-1,3715;15,2046;31,8054;0,0000;42,9900;178,6285;327,846;-7,849;185,375;137,705;-11,4844;11,4518;12,4323;0,0000;-23,8841;-11,4844;-48,0837;47,9474;52,0526;0,0000;-100,0000;-48,0837;5;0
0,2450;-1,4427;15,2756;31,8826;0,0000;42,8418;178,5573;327,710;-8,253;184,623;141,207;-11,7788;11,7454;12,7510;0,0000;-24,4965;-11,7788;-48,0837;47,9474;52,0526;0,0000;-100,0000;-48,0837;5;0
0,2511;-1,5157;15,3484;31,9616;0,0000;42,6899;178,4843;327,569;-8,668;183,852;144,702;-12,0733;12,0391;13,0698;0,0000;-25,1089;-12,0733;-48,0837;47,9474;52,0526;0,0000;-100,0000;-48,0837;5;0
0,2572;-1,5906;15,4231;32,0426;0,0000;42,5343;178,4094;327,421;-9,092;183,063;148,191;-12,3678;12,3327;13,3886;0,0000;-25,7213;-12,3678;-48,0837;47,9474;52,0526;0,0000;-100,0000;-48,0837;5;0
0,2633;-1,6672;15,4995;32,1256;0,0000;42,3749;178,3328;327,268;-9,526;182,257;151,674;-12,6622;12,6263;13,7074;0,0000;-26,3337;-12,6622;-48,0837;47,9474;52,0526;0,0000;-100,0000;-48,0837;5;0
0,2695;-1,7457;15,5777;32,2105;0,0000;42,2117;178,2543;327,108;-9,969;181,432;155,150;-12,9567;12,9200;14,0261;0,0000;-26,9461;-12,9567;-48,0837;47,9474;52,0526;0,0000;-100,0000;-48,0837;5;0
0,2756;-1,8259;15,6577;32,2974;0,0000;42,0448;178,1741;326,941;-10,423;180,589;158,619;-13,2512;13,2136;14,3449;0,0000;-27,5585;-13,2512;-48,0837;47,9474;52,0526;0,0000;-100,0000;-48,0837;5;0
0,2817;-1,9080;15,7396;32,3862;0,0000;41,8742;178,0920;326,767;-10,885;179,728;162,082;-13,5456;13,5073;14,6637;0,0000;-28,1710;-13,5456;-48,0837;47,9474;52,0526;0,0000;-100,0000;-48,0837;5;0
0,2878;-1,9918;15,8232;32,4770;0,0000;41,6998;178,0082;326,587;-11,358;178,850;165,537;-13,8401;13,8009;14,9825;0,0000;-28,7834;-13,8401;-48,0827;47,9464;52,0514;0,0000;-99,9978;-48,0827;5;0
0,2940;-2,0775;15,9086;32,5697;0,0000;41,5217;177,9225;326,399;-11,840;177,953;168,986;-14,1346;14,0945;15,3012;0,0000;-29,3958;-14,1346;-41,9114;41,7927;45,3708;0,0000;-87,1635;-41,9114;5;0
0,3001;-2,1649;15,9958;32,6644;0,0000;41,3398;177,8351;326,204;-12,332;177,039;172,426;-14,3535;14,3128;15,5382;0,0000;-29,8510;-14,3535;-23,7214;23,6542;25,6794;0,0000;-49,3336;-23,7214;5;0
0,3062;-2,2533;16,0839;32,7601;0,0000;41,1560;177,7467;326,004;-12,827;176,117;174,036;-14,4251;14,3842;15,6158;0,0000;-30,0000;-14,4251;-5,8508;5,8342;6,3337;0,0000;-12,1679;-5,8508;5;0
0,3123;-2,3416;16,1720;32,8557;0,0000;40,9723;177,6584;325,800;-13,323;175,197;173,915;-14,4251;14,3842;15,6158;0,0000;-30,0000;-14,4251;-0,0000;-0,0000;-0,0000;0,0000;0,0000;-0,0000;5;0
0,3185;-2,4300;16,2601;32,9513;0,0000;40,7886;177,5700;325,593;-13,817;174,277;173,794;-14,4251;14,3842;15,6158;0,0000;-30,0000;-14,4251;0,0000;-0,0000;0,0000;0,0000;-0,0000;0,0000;5;0
0,3246;-2,5183;16,3482;33,0470;0,0000;40,6049;177,4817;325,382;-14,311;173,359;173,672;-14,4251;14,3842;15,6158;0,0000;-30,0000;-14,4251;0,0000;0,0000;0,0000;-0,0000;-0,0000;0,0000;5;0
0,3307;-2,6067;16,4363;33,1426;0,0000;40,4211;177,3933;325,167;-14,804;172,442;173,550;-14,4251;14,3842;15,6158;0,0000;-30,0000;-14,4251;-0,0000;0,0000;0,0000;0,0000;0,0000;-0,0000;5;0
0,3368;-2,6950;16,5244;33,2382;0,0000;40,2374;177,3050;324,949;-15,296;171,527;173,428;-14,4251;14,3842;15,6158;0,0000;-30,0000;-14,4251;0,0000;-0,0000;0,0000;0,0000;0,0000;-0,0000;5;0
0,3430;-2,7833;16,6125;33,3339;0,0000;40,0537;177,2167;324,728;-15,787;170,612;173,305;-14,4251;14,3842;15,6158;0,0000;-30,0000;-14,4251;0,0000;0,0000;-0,0000;0,0000;0,0000;0,0000;5;0
0,3491;-2,8717;16,7005;33,4295;0,0000;39,8700;177,1283;324,503;-16,278;169,699;173,182;-14,4251;14,3842;15,6158;0,0000;-30,0000;-14,4251;0,0000;0,0000;-0,0000;0,0000;-0,0000;0,0000;5;0
0,3552;-2,9600;16,7886;33,5251;0,0000;39,6862;177,0400;324,275;-16,768;168,788;173,058;-14,4251;14,3842;15,6158;0,0000;-30,0000;-14,4251;-0,0000;-0,0000;-0,0000;-0,0000;-0,0000;0,0000;5;0
0,3613;-3,0484;16,8767;33,6208;0,0000;39,5025;176,9516;324,043;-17,257;167,877;172,935;-14,4251;14,3842;15,6158;0,0000;-30,0000;-14,4251;-0,0000;0,0000;0,0000;0,0000;0,0000;0,0000;5;0
0,3674;-3,1367;16,9648;33,7164;0,0000;39,3188;176,8633;323,808;-17,745;166,968;172,810;-14,4251;14,3842;15,6158;0,0000;-30,0000;-14,4251;0,0000;0,0000;0,0000;-0,0000;0,0000;-0,0000;5;0
0,3736;-3,2250;17,0529;33,8120;0,0000;39,1351;176,7750;323,569;-18,232;166,060;172,686;-14,4251;14,3842;15,6158;0,0000;-30,0000;-14,4251;-0,0000;-0,0000;-0,0000;-0,0000;-0,0000;0,0000;5;0
0,3797;-3,3134;17,1410;33,9077;0,0000;38,9513;176,6866;323,327;-18,719;165,154;172,561;-14,4251;14,3842;15,6158;0,0000;-30,0000;-14,4251;0,0000;-0,0000;-0,0000;0,0000;-0,0000;0,0000;5;0
0,3858;-3,4017;17,2291;34,0033;0,0000;38,7676;176,5983;323,082;-19,204;164,249;172,436;-14,4251;14,3842;15,6158;0,0000;-30,0000;-14,4251;-0,0000;0,0000;0,0000;-0,0000;0,0000;0,0000;5;0
0,3919;-3,4901;17,3172;34,0989;0,0000;38,5839;176,5099;322,833;-19,689;163,345;172,311;-14,4251;14,3842;15,6158;0,0000;-30,0000;-14,4251;0,0000;0,0000;0,0000;0,0000;0,0000;0,0000;5;0
0,3981;-3,5784;17,4053;34,1946;0,0000;38,4002;176,4216;322,580;-20,173;162,443;172,185;-14,4251;14,3842;15,6158;0,0000;-30,0000;-14,4251;0,0000;-0,0000;-0,0000;0,0000;0,0000;-0,0000;5;0
0,4042;-3,6667;17,4934;34,2902;0,0000;38,2165;176,3333;322,325;-20,656;161,542;172,059;-14,4251;14,3842;15,6158;0,0000;-30,0000;-14,4251;0,0000;0,0000;0,0000;0,0000;0,0000;-0,0000;5;0
0,4103;-3,7551;17,5815;34,3858;0,0000;38,0327;176,2449;322,065;-21,138;160,643;171,932;-14,4251;14,3842;15,6158;0,0000;-30,0000;-14,4251;0,0000;0,0000;0,0000;0,0000;-0,0000;0,0000;5;0
0,4164;-3,8434;17,6695;34,4814;0,0000;37,8490;176,1566;321,803;-21,619;159,745;171,806;-14,4251;14,3842;15,6158;0,0000;-30,0000;-14,4251;-0,0000;-0,0000;-0,0000;-0,0000;0,0000;0,0000;5;0
0,4226;-3,9318;17,7576;34,5771;0,0000;37,6653;176,0682;321,537;-22,099;158,848;171,679;-14,4251;14,3842;15,6158;0,0000;-30,0000;-14,4251;-0,0000;-0,0000;-0,0000;-0,0000;0,0000;0,0000;5;0
0,4287;-4,0201;17,8457;34,6727;0,0000;37,4816;175,9799;321,268;-22,579;157,953;171,551;-14,4251;14,3842;15,6158;0,0000;-30,0000;-14,4251;0,0000;0,0000;0,0000;-0,0000;0,0000;0,0000;5;0
0,4348;-4,1085;17,9338;34,7683;0,0000;37,2978;175,8915;320,995;-23,057;157,059;171,423;-14,4251;14,3842;15,6158;0,0000;-30,0000;-14,4251;0,0000;0,0000;0,0000;0,0000;0,0000;-0,0000;5;0
0,4409;-4,1968;18,0219;34,8640;0,0000;37,1141;175,8032;320,719;-23,534;156,166;171,295;-14,4251;14,3842;15,6158;0,0000;-30,0000;-14,4251;-0,0000;-0,0000;0,0000;0,0000;-0,0000;0,0000;5;0
0,4471;-4,2851;18,1100;34,9596;0,0000;36,9304;175,7149;320,440;-24,010;155,275;171,167;-14,4251;14,3842;15,6158;0,0000;-30,0000;-14,4251;0,0000;-0,0000;-0,0000;-0,0000;0,0000;0,0000;5;0
0,4532;-4,3735;18,1981;35,0552;0,0000;36,7467;175,6265;320,157;-24,486;154,386;171,038;-14,4251;14,3842;15,6158;0,0000;-30,0000;-14,4251;0,0000;0,0000;-0,0000;-0,0000;0,0000;0,0000;5;0
0,4593;-4,4618;18,2862;35,1509;0,0000;36,5629;175,5382;319,871;-24,960;153,497;170,909;-14,4251;14,3842;15,6158;0,0000;-30,0000;-14,4251;-0,0000;-0,0000;0,0000;0,0000;0,0000;-0,0000;5;0
0,4654;-4,5502;18,3743;35,2465;0,0000;36,3792;175,4498;319,582;-25,433;152,611;170,780;-14,4251;14,3842;15,6158;0,0000;-30,0000;-14,4251;0,0000;-0,0000;0,0000;-0,0000;0,0000;-0,0000;5;0
0,4716;-4,6385;18,4624;35,3421;0,0000;36,1955;175,3615;319,289;-25,905;151,726;170,650;-14,4251;14,3842;15,6158;0,0000;-30,0000;-14,4251;0,0000;0,0000;0,0000;0,0000;-0,0000;0,0000;5;0
0,4777;-4,7268;18,5504;35,4378;0,0000;36,0118;175,2732;318,993;-26,376;150,842;170,520;-14,4251;14,3842;15,6158;0,0000;-30,0000;-14,4251;-0,0000;0,0000;-0,0000;0,0000;0,0000;0,0000;5;0
0,4838;-4,8152;18,6385;35,5334;0,0000;35,8280;175,1848;318,694;-26,847;149,960;170,390;-14,4251;14,3842;15,6158;0,0000;-30,0000;-14,4251;0,0000;0,0000;-0,0000;-0,0000;0,0000;-0,0000;5;0
0,4899;-4,9035;18,7266;35,6290;0,0000;35,6443;175,0965;318,391;-27,316;149,079;170,259;-14,4251;14,3842;15,6158;0,0000;-30,0000;-14,4251;-0,0000;-0,0000;-0,0000;-0,0000;-0,0000;-0,0000;5;0
0,4961;-4,9919;18,8147;35,7247;0,0000;35,4606;175,0081;318,086;-27,783;148,200;170,128;-14,4251;14,3842;15,6158;0,0000;-30,0000;-14,4251;-0,0000;-0,0000;0,0000;0,0000;0,0000;0,0000;5;0
0,5022;-5,0802;18,9028;35,8203;0,0000;35,2769;174,9198;317,776;-28,250;147,322;169,997;-14,4251;14,3842;15,6158;0,0000;-30,0000;-14,4251;0,0000;-0,0000;-0,0000;0,0000;0,0000;-0,0000;5;0
0,5083;-5,1685;18,9909;35,9159;0,0000;35,0932;174,8315;317,464;-28,716;146,446;169,866;-14,4251;14,3842;15,6158;0,0000;-30,0000;-14,4251;0,0000;0,0000;0,0000;0,0000;-0,0000;-0,0000;5;0
0,5144;-5,2569;19,0790;36,0116;0,0000;34,9094;174,7431;317,149;-29,180;145,571;169,734;-14,4251;14,3842;15,6158;0,0000;-30,0000;-14,4251;-0,0000;0,0000;0,0000;-0,0000;-0,0000;0,0000;5;0
0,5206;-5,3452;19,1671;36,1072;0,0000;34,7257;174,6548;316,830;-29,644;144,698;169,601;-14,4251;14,3842;15,6158;0,0000;-30,0000;-14,4251;0,0000;0,0000;-0,0000;-0,0000;0,0000;0,0000;5;0
0,5267;-5,4336;19,2552;36,2028;0,0000;34,5420;174,5664;316,508;-30,106;143,826;169,469;-14,4251;14,3842;15,6158;0,0000;-30,0000;-14,4251;0,0000;0,0000;-0,0000;0,0000;0,0000;-0,0000;5;0
0,5328;-5,5219;19,3433;36,2985;0,0000;34,3583;174,4781;316,182;-30,567;142,956;169,336;-14,4251;14,3842;15,6158;0,0000;-30,0000;-14,4251;-0,0000;-0,0000;0,0000;-0,0000;0,0000;-0,0000;5;0
0,5389;-5,6103;19,4314;36,3941;0,0000;34,1745;174,3897;315,854;-31,027;142,087;169,203;-14,4251;14,3842;15,6158;0,0000;-30,0000;-14,4251;0,0000;-0,0000;0,0000;0,0000;-0,0000;0,0000;5;0
0,5450;-5,6986;19,5194;36,4897;0,0000;33,9908;174,3014;315,522;-31,485;141,220;169,070;-14,4251;14,3842;15,6158;0,0000;-30,0000;-14,4251;0,0000;0,0000;0,0000;0,0000;-0,0000;0,0000;5;0
0,5512;-5,7869;19,6075;36,5854;0,0000;33,8071;174,2131;315,187;-31,943;140,355;168,936;-14,4251;14,3842;15,6158;0,0000;-30,0000;-14,4251;-0,0000;0,0000;0,0000;-0,0000;-0,0000;-0,0000;5;0
0,5573;-5,8753;19,6956;36,6810;0,0000;33,6234;174,1247;314,849;-32,399;139,491;168,802;-14,4251;14,3842;15,6158;0,0000;-30,0000;-14,4251;0,0000;-0,0000;-0,0000;-0,0000;0,0000;-0,0000;5;0
0,5634;-5,9636;19,7837;36,7766;0,0000;33,4396;174,0364;314,508;-32,854;138,629;168,668;-14,4251;14,3842;15,6158;0,0000;-30,0000;-14,4251;0,0000;0,0000;0,0000;0,0000;0,0000;0,0000;5;0
0,5695;-6,0520;19,8718;36,8723;0,0000;33,2559;173,9480;314,164;-33,308;137,768;168,533;-14,4251;14,3842;15,6158;0,0000;-30,0000;-14,4251;0,0000;-0,0000;0,0000;0,0000;0,0000;0,0000;5;0
0,5757;-6,1403;19,9599;36,9679;0,0000;33,0722;173,8597;313,816;-33,761;136,909;168,398;-14,4251;14,3842;15,6158;0,0000;-30,0000;-14,4251;-0,0000;-0,0000;-0,0000;-0,0000;0,0000;0,0000;5;0
0,5818;-6,2286;20,0480;37,0635;0,0000;32,8885;173,7714;313,465;-34,212;136,052;168,263;-14,4251;14,3842;15,6158;0,0000;-30,0000;-14,4251;-0,0000;0,0000;0,0000;0,0000;-0,0000;0,0000;5;0
0,5879;-6,3170;20,1361;37,1592;0,0000;32,7047;173,6830;313,111;-34,662;135,196;168,127;-14,4251;14,3842;15,6158;0,0000;-30,0000;-14,4251;0,0000;0,0000;0,0000;-0,0000;-0,0000;0,0000;5;0
0,5940;-6,4053;20,2242;37,2548;0,0000;32,5210;173,5947;312,754;-35,110;134,342;167,991;-14,4251;14,3842;15,6158;0,0000;-30,0000;-14,4251;0,0000;0,0000;-0,0000;-0,0000;0,0000;-0,0000;5;0
0,6002;-6,4937;20,3123;37,3504;0,0000;32,3373;173,5063;312,394;-35,558;133,489;167,855;-14,4251;14,3842;15,6158;0,0000;-30,0000;-14,4251;0,0000;-0,0000;-0,0000;0,0000;0,0000;-0,0000;5;0
0,6063;-6,5820;20,4004;37,4461;0,0000;32,1536;173,4180;312,031;-36,004;132,638;167,719;-14,4251;14,3842;15,6158;0,0000;-30,0000;-14,4251;0,0000;0,0000;0,0000;-0,0000;0,0000;0,0000;5;0
0,6124;-6,6703;20,4884;37,5417;0,0000;31,9699;173,3297;311,665;-36,449;131,789;167,582;-14,4251;14,3842;15,6158;0,0000;-30,0000;-14,4251;0,0000;0,0000;0,0000;0,0000;0,0000;0,0000;5;0
0,6185;-6,7587;20,5765;37,6373;0,0000;31,7861;173,2413;311,295;-36,892;130,941;167,445;-14,4251;14,3842;15,6158;0,0000;-30,0000;-14,4251;-0,0000;-0,0000;0,0000;-0,0000;-0,0000;-0,0000;5;0
0,6247;-6,8470;20,6646;37,7330;0,0000;31,6024;173,1530;310,923;-37,334;130,095;167,308;-14,4251;14,3842;15,6158;0,0000;-30,0000;-14,4251;0,0000;-0,0000;-0,0000;-0,0000;-0,0000;-0,0000;5;0
0,6308;-6,9354;20,7527;37,8286;0,0000;31,4187;173,0646;310,547;-37,775;129,251;167,170;-14,4251;14,3842;15,6158;0,0000;-30,0000;-14,4251;-0,0000;0,0000;-0,0000;0,0000;0,0000;0,0000;5;0
0,6369;-7,0237;20,8408;37,9242;0,0000;31,2350;172,9763;310,169;-38,214;128,408;167,032;-14,4251;14,3842;15,6158;0,0000;-30,0000;-14,4251;0,0000;0,0000;-0,0000;-0,0000;0,0000;0,0000;5;0
0,6430;-7,1121;20,9289;38,0199;0,0000;31,0512;172,8879;309,787;-38,652;127,568;166,894;-14,4251;14,3842;15,6158;0,0000;-30,0000;-14,4251;0,0000;0,0000;0,0000;-0,0000;0,0000;-0,0000;5;0
0,6492;-7,2004;21,0170;38,1155;0,0000;30,8675;172,7996;309,402;-39,089;126,728;166,755;-14,4251;14,3842;15,6158;0,0000;-30,0000;-14,4251;-0,0000;0,0000;0,0000;0,0000;0,0000;0,0000;5;0
0,6553;-7,2887;21,1051;38,2111;0,0000;30,6838;172,7113;309,014;-39,524;125,891;166,617;-14,4251;14,3842;15,6158;0,0000;-30,0000;-14,4251;-0,0000;-0,0000;0,0000;-0,0000;-0,0000;-0,0000;5;0
0,6614;-7,3771;21,1932;38,3068;0,0000;30,5001;172,6229;308,624;-39,958;125,055;166,478;-14,4251;14,3842;15,6158;0,0000;-30,0000;-14,4251;0,0000;0,0000;-0,0000;-0,0000;0,0000;-0,0000;5;0
0,6675;-7,4654;21,2813;38,4024;0,0000;30,3163;172,5346;308,230;-40,390;124,221;166,338;-14,4251;14,3842;15,6158;0,0000;-30,0000;-14,4251;-0,0000;0,0000;-0,0000;0,0000;0,0000;-0,0000;5;0
0,6737;-7,5538;21,3694;38,4980;0,0000;30,1326;172,4462;307,833;-40,821;123,388;166,199;-14,4251;14,3842;15,6158;0,0000;-30,0000;-14,4251;0,0000;-0,0000;0,0000;0,0000;-0,0000;0,0000;5;0
0,6798;-7,6421;21,4574;38,5937;0,0000;29,9489;172,3579;307,433;-41,250;122,558;166,059;-14,4251;14,3842;15,6158;0,0000;-30,0000;-14,4251;0,0000;0,0000;0,0000;0,0000;-0,0000;0,0000;5;0
0,6859;-7,7304;21,5455;38,6893;0,0000;29,7652;172,2696;307,031;-41,678;121,729;165,919;-14,4251;14,3842;15,6158;0,0000;-30,0000;-14,4251;0,0000;-0,0000;0,0000;0,0000;0,0000;0,0000;5;0
0,6920;-7,8188;21,6336;38,7849;0,0000;29,5814;172,1812;306,625;-42,105;120,902;165,778;-14,4251;14,3842;15,6158;0,0000;-30,0000;-14,4251;0,0000;-0,0000;0,0000;-0,0000;0,0000;0,0000;5;0
0,6981;-7,9071;21,7217;38,8806;0,0000;29,3977;172,0929;306,216;-42,530;120,076;165,637;-14,4251;14,3842;15,6158;0,0000;-30,0000;-14,4251;-0,0000;0,0000;-0,0000;0,0000;0,0000;0,0000;5;0
0,7043;-7,9955;21,8098;38,9762;0,0000;29,2140;172,0045;305,805;-42,953;119,253;165,496;-14,4251;14,3842;15,6158;0,0000;-30,0000;-14,4251;-0,0000;-0,0000;-0,0000;0,0000;-0,0000;-0,0000;5;0
0,7104;-8,0838;21,8979;39,0718;0,0000;29,0303;171,9162;305,390;-43,375;118,431;165,355;-14,4251;14,3842;15,6158;0,0000;-30,0000;-14,4251;0,0000;-0,0000;0,0000;-0,0000;0,0000;-0,0000;5;0
0,7165;-8,1721;21,9860;39,1675;0,0000;28,8466;171,8279;304,973;-43,796;117,611;165,214;-14,4251;14,3842;15,6158;0,0000;-30,0000;-14,4251;0,0000;0,0000;0,0000;-0,0000;0,0000;0,0000;5;0
0,7226;-8,2605;22,0741;39,2631;0,0000;28,6628;171,7395;304,552;-44,215;116,792;165,072;-14,4251;14,3842;15,6158;0,0000;-30,0000;-14,4251;-0,0000;-0,0000;0,0000;0,0000;0,0000;0,0000;5;0
0,7288;-8,3488;22,1622;39,3587;0,0000;28,4791;171,6512;304,129;-44,632;115,976;164,930;-14,4251;14,3842;15,6158;0,0000;-30,0000;-14,4251;0,0000;0,0000;-0,0000;0,0000;-0,0000;-0,0000;5;0
0,7349;-8,4372;22,2503;39,4544;0,0000;28,2954;171,5628;303,703;-45,048;115,161;164,787;-14,4251;14,3842;15,6158;0,0000;-30,0000;-14,4251;-0,0000;0,0000;0,0000;0,0000;0,0000;-0,0000;5;0
0,7410;-8,5255;22,3384;39,5500;0,0000;28,1117;171,4745;303,274;-45,463;114,348;164,645;-14,4251;14,3842;15,6158;0,0000;-30,0000;-14,4251;0,0000;-0,0000;-0,0000;-0,0000;-0,0000;0,0000;5;0
0,7471;-8,6139;22,4264;39,6456;0,0000;27,9279;171,3861;302,842;-45,875;113,537;164,502;-14,4251;14,3842;15,6158;0,0000;-30,0000;-14,4251;-0,0000;0,0000;0,0000;0,0000;0,0000;0,0000;5;0
0,7533;-8,7022;22,5145;39,7413;0,0000;27,7442;171,2978;302,407;-46,287;112,728;164,359;-14,4251;14,3842;15,6158;0,0000;-30,0000;-14,4251;-0,0000;0,0000;0,0000;0,0000;0,0000;-0,0000;5;0
0,7594;-8,7905;22,6026;39,8369;0,0000;27,5605;171,2095;301,969;-46,696;111,920;164,215;-14,4251;14,3842;15,6158;0,0000;-30,0000;-14,4251;0,0000;-0,0000;-0,0000;-0,0000;0,0000;-0,0000;5;0
0,7655;-8,8789;22,6907;39,9325;0,0000;27,3768;171,1211;301,529;-47,104;111,114;164,071;-14,4251;14,3842;15,6158;0,0000;-30,0000;-14,4251;0,0000;0,0000;0,0000;0,0000;0,0000;0,0000;5;0
0,7716;-8,9672;22,7788;40,0282;0,0000;27,1930;171,0328;301,086;-47,511;110,311;163,927;-14,4251;14,3842;15,6158;0,0000;-30,0000;-14,4251;-0,0000;-0,0000;-0,0000;0,0000;-0,0000;0,0000;5;0
0,7778;-9,0556;22,8669;40,1238;0,0000;27,0093;170,9444;300,640;-47,916;109,509;163,783;-14,4251;14,3842;15,6158;0,0000;-30,0000;-14,4251;0,0000;-0,0000;-0,0000;-0,0000;0,0000;0,0000;5;0
0,7839;-9,1439;22,9550;40,2194;0,0000;26,8256;170,8561;300,191;-48,319;108,708;163,639;-14,4251;14,3842;15,6158;0,0000;-30,0000;-14,4251;-0,0000;0,0000;0,0000;0,0000;0,0000;0,0000;5;0
0,7900;-9,2322;23,0431;40,3151;0,0000;26,6419;170,7678;299,739;-48,720;107,910;163,494;-14,4251;14,3842;15,6158;0,0000;-30,0000;-14,4251;-0,0000;0,0000;0,0000;0,0000;-0,0000;0,0000;5;0
0,7961;-9,3206;23,1312;40,4107;0,0000;26,4581;170,6794;299,284;-49,120;107,114;163,349;-14,4251;14,3842;15,6158;0,0000;-30,0000;-14,4251;-0,0000;0,0000;0,0000;0,0000;-0,0000;-0,0000;5;0
0,8023;-9,4089;23,2193;40,5063;0,0000;26,2744;170,5911;298,827;-49,518;106,319;163,204;-14,4251;14,3842;15,6158;0,0000;-30,0000;-14,4251;0,0000;-0,0000;-0,0000;0,0000;0,0000;-0,0000;5;0
0,8084;-9,4973;23,3074;40,6020;0,0000;26,0907;170,5027;298,367;-49,915;105,526;163,058;-14,4251;14,3842;15,6158;0,0000;-30,0000;-14,4251;0,0000;-0,0000;-0,0000;-0,0000;0,0000;0,0000;5;0
0,8145;-9,5856;23,3954;40,6976;0,0000;25,9070;170,4144;297,904;-50,310;104,736;162,913;-14,4251;14,3842;15,6158;0,0000;-30,0000;-14,4251;-0,0000;0,0000;0,0000;0,0000;-0,0000;0,0000;5;0
0,8206;-9,6739;23,4835;40,7932;0,0000;25,7232;170,3261;297,439;-50,703;103,947;162,767;-14,4251;14,3842;15,6158;0,0000;-30,0000;-14,4251;-0,0000;0,0000;0,0000;0,0000;-0,0000;0,0000;5;0
0,8268;-9,7623;23,5716;40,8888;0,0000;25,5395;170,2377;296,971;-51,095;103,160;162,620;-14,4251;14,3842;15,6158;0,0000;-30,0000;-14,4251;-0,0000;0,0000;0,0000;-0,0000;0,0000;0,0000;5;0
0,8329;-9,8506;23,6597;40,9845;0,0000;25,3558;170,1494;296,500;-51,484;102,375;162,474;-14,4251;14,3842;15,6158;0,0000;-30,0000;-14,4251;0,0000;0,0000;0,0000;-0,0000;0,0000;0,0000;5;0
0,8390;-9,9390;23,7478;41,0801;0,0000;25,1721;170,0610;296,026;-51,872;101,592;162,327;-14,4251;14,3842;15,6158;0,0000;-30,0000;-14,4251;0,0000;-0,0000;-0,0000;-0,0000;0,0000;0,0000;5;0
0,8451;-10,0273;23,8359;41,1757;0,0000;24,9884;169,9727;295,550;-52,259;100,810;162,180;-14,4251;14,3842;15,6158;0,0000;-30,0000;-14,4251;-0,0000;0,0000;-0,0000;0,0000;-0,0000;0,0000;5;0
0,8513;-10,1157;23,9240;41,2714;0,0000;24,8046;169,8843;295,071;-52,643;100,031;162,033;-14,4251;14,3842;15,6158;0,0000;-30,0000;-14,4251;-0,0000;0,0000;0,0000;0,0000;-0,0000;-0,0000;5;0
0,8574;-10,2040;24,0121;41,3670;0,0000;24,6209;169,7960;294,589;-53,026;99,254;161,885;-14,4251;14,3842;15,6158;0,0000;-30,0000;-14,4251;0,0000;-0,0000;-0,0000;0,0000;-0,0000;-0,0000;5;0
0,8635;-10,2923;24,1002;41,4626;0,0000;24,4372;169,7077;294,105;-53,407;98,478;161,738;-14,4251;14,3842;15,6158;0,0000;-30,0000;-14,4251;0,0000;0,0000;-0,0000;-0,0000;0,0000;0,0000;5;0
0,8696;-10,3807;24,1883;41,5583;0,0000;24,2535;169,6193;293,618;-53,787;97,705;161,590;-14,4251;14,3842;15,6158;0,0000;-30,0000;-14,4251;0,0000;0,0000;0,0000;0,0000;0,0000;0,0000;5;0
0,8757;-10,4690;24,2764;41,6539;0,0000;24,0697;169,5310;293,129;-54,164;96,933;161,442;-14,4251;14,3842;15,6158;0,0000;-30,0000;-14,4251;0,0000;-0,0000;0,0000;-0,0000;-0,0000;-0,0000;5;0
0,8819;-10,5574;24,3644;41,7495;0,0000;23,8860;169,4426;292,637;-54,540;96,163;161,293;-14,4251;14,3842;15,6158;0,0000;-30,0000;-14,4251;-0,0000;0,0000;-0,0000;-0,0000;-0,0000;-0,0000;5;0
0,8880;-10,6457;24,4525;41,8452;0,0000;23,7023;169,3543;292,142;-54,914;95,396;161,144;-14,4251;14,3842;15,6158;0,0000;-30,0000;-14,4251;-0,0000;0,0000;0,0000;0,0000;0,0000;0,0000;5;0
0,8941;-10,7340;24,5406;41,9408;0,0000;23,5186;169,2660;291,644;-55,286;94,630;160,996;-14,4251;14,3842;15,6158;0,0000;-30,0000;-14,4251;0,0000;-0,0000;-0,0000;0,0000;0,0000;0,0000;5;0
0,9002;-10,8224;24,6287;42,0364;0,0000;23,3348;169,1776;291,145;-55,657;93,867;160,846;-14,4251;14,3842;15,6158;0,0000;-30,0000;-14,4251;0,0000;-0,0000;0,0000;-0,0000;0,0000;0,0000;5;0
0,9064;-10,9107;24,7168;42,1321;0,0000;23,1511;169,0893;290,642;-56,025;93,105;160,697;-14,4251;14,3842;15,6158;0,0000;-30,0000;-14,4251;0,0000;0,0000;0,0000;-0,0000;-0,0000;-0,0000;5;0
0,9125;-10,9991;24,8049;42,2277;0,0000;22,9674;169,0009;290,137;-56,392;92,345;160,548;-14,4251;14,3842;15,6158;0,0000;-30,0000;-14,4251;-0,0000;0,0000;0,0000;-0,0000;-0,0000;0,0000;5;0
0,9186;-11,0874;24,8930;42,3233;0,0000;22,7837;168,9126;289,629;-56,757;91,587;160,398;-14,4251;14,3842;15,6158;0,0000;-30,0000;-14,4251;-0,0000;0,0000;-0,0000;0,0000;-0,0000;0,0000;5;0
0,9247;-11,1757;24,9811;42,4190;0,0000;22,5999;168,8243;289,119;-57,120;90,832;160,248;-14,4251;14,3842;15,6158;0,0000;-30,0000;-14,4251;0,0000;0,0000;-0,0000;0,0000;-0,0000;-0,0000;5;0
0,9309;-11,2641;25,0692;42,5146;0,0000;22,4162;168,7359;288,607;-57,481;90,078;160,097;-14,4251;14,3842;15,6158;0,0000;-30,0000;-14,4251;0,0000;0,0000;0,0000;-0,0000;0,0000;-0,0000;5;0
0,9370;-11,3524;25,1573;42,6102;0,0000;22,2325;168,6476;288,092;-57,841;89,326;159,947;-14,4251;14,3842;15,6158;0,0000;-30,0000;-14,4251;0,0000;-0,0000;0,0000;0,0000;0,0000;0,0000;5;0
0,9431;-11,4408;25,2453;42,7059;0,0000;22,0488;168,5592;287,574;-58,198;88,577;159,796;-14,4251;14,3842;15,6158;0,0000;-30,0000;-14,4251;0,0000;-0,0000;0,0000;0,0000;0,0000;0,0000;5;0
0,9492;-11,5291;25,3334;42,8015;0,0000;21,8651;168,4709;287,054;-58,554;87,829;159,645;-14,4251;14,3842;15,6158;0,0000;-30,0000;-14,4251;0,0000;0,0000;-0,0000;-0,0000;0,0000;0,0000;5;0
0,9554;-11,6175;25,4215;42,8971;0,0000;21,6813;168,3825;286,531;-58,907;87,084;159,494;-14,4251;14,3842;15,6158;0,0000;-30,0000;-14,4251;0,0000;0,0000;0,0000;0,0000;-0,0000;0,0000;5;0
0,9615;-11,7058;25,5096;42,9928;0,0000;21,4976;168,2942;286,006;-59,259;86,340;159,343;-14,4251;14,3842;15,6158;0,0000;-30,0000;-14,4251;-0,0000;0,0000;-0,0000;0,0000;-0,0000;-0,0000;5;0
0,9676;-11,7941;25,5977;43,0884;0,0000;21,3139;168,2059;285,479;-59,609;85,599;159,191;-14,4251;14,3842;15,6158;0,0000;-30,0000;-14,4251;0,0000;0,0000;0,0000;-0,0000;0,0000;0,0000;5;0
0,9737;-11,8825;25,6858;43,1840;0,0000;21,1302;168,1175;284,949;-59,957;84,859;159,040;-14,4251;14,3842;15,6158;0,0000;-30,0000;-14,4251;0,0000;-0,0000;-0,0000;-0,0000;0,0000;0,0000;5;0
0,9799;-11,9708;25,7739;43,2797;0,0000;20,9464;168,0292;284,417;-60,303;84,122;158,888;-14,4251;14,3842;15,6158;0,0000;-30,0000;-14,4251;0,0000;0,0000;-0,0000;0,0000;0,0000;-0,0000;5;0
0,9860;-12,0592;25,8620;43,3753;0,0000;20,7627;167,9408;283,882;-60,647;83,387;158,736;-14,4251;14,3842;15,6158;0,0000;-30,0000;-14,4251;-0,0000;0,0000;0,0000;0,0000;-0,0000;-0,0000;5;0
0,9921;-12,1475;25,9501;43,4709;0,0000;20,5790;167,8525;283,345;-60,990;82,653;158,583;-14,4251;14,3842;15,6158;0,0000;-30,0000;-14,4251;-0,0000;0,0000;0,0000;0,0000;-0,0000;-0,0000;5;0
0,9982;-12,2358;26,0382;43,5666;0,0000;20,3953;167,7642;282,805;-61,330;81,922;158,431;-14,4251;14,3842;15,6158;0,0000;-30,0000;-14,4251;0,0000;-0,0000;0,0000;-0,0000;0,0000;0,0000;5;0
1,0044;-12,3242;26,1263;43,6622;0,0000;20,2115;167,6758;282,263;-61,668;81,193;158,278;-14,4251;14,3842;15,6158;0,0000;-30,0000;-14,4251;0,0000;0,0000;-0,0000;0,0000;0,0000;0,0000;5;0
1,0105;-12,4125;26,2143;43,7578;0,0000;20,0278;167,5875;281,719;-62,005;80,466;158,125;-14,4251;14,3842;15,6158;0,0000;-30,0000;-14,4251;-0,0000;0,0000;-0,0000;0,0000;-0,0000;0,0000;5;0
1,0166;-12,5009;26,3024;43,8535;0,0000;19,8441;167,4991;281,173;-62,339;79,741;157,972;-14,4251;14,3842;15,6158;0,0000;-30,0000;-14,4251;0,0000;-0,0000;0,0000;0,0000;-0,0000;-0,0000;5;0
1,0227;-12,5892;26,3905;43,9491;0,0000;19,6604;167,4108;280,624;-62,671;79,019;157,818;-14,4251;14,3842;15,6158;0,0000;-30,0000;-14,4251;0,0000;0,0000;-0,0000;0,0000;0,0000;0,0000;5;0
1,0289;-12,6775;26,4786;44,0447;0,0000;19,4766;167,3225;280,073;-63,002;78,298;157,665;-14,4251;14,3842;15,6158;0,0000;-30,0000;-14,4251;0,0000;0,0000;-0,0000;-0,0000;0,0000;-0,0000;5;0
1,0350;-12,7659;26,5667;44,1404;0,0000;19,2929;167,2341;279,519;-63,330;77,579;157,511;-14,4251;14,3842;15,6158;0,0000;-30,0000;-14,4251;0,0000;0,0000;0,0000;0,0000;-0,0000;0,0000;5;0
1,0411;-12,8542;26,6548;44,2360;0,0000;19,1092;167,1458;278,963;-63,657;76,863;157,357;-14,4251;14,3842;15,6158;0,0000;-30,0000;-14,4251;-0,0000;-0,0000;0,0000;0,0000;0,0000;0,0000;5;0
1,0472;-12,9426;26,7429;44,3316;0,0000;18,9255;167,0574;278,405;-63,981;76,149;157,203;-14,4251;14,3842;15,6158;0,0000;-30,0000;-14,4251;0,0000;-0,0000;-0,0000;-0,0000;0,0000;-0,0000;5;0
1,0533;-13,0309;26,8310;44,4273;0,0000;18,7418;166,9691;277,845;-64,304;75,437;157,048;-14,4251;14,3842;15,6158;0,0000;-30,0000;-14,4251;0,0000;0,0000;0,0000;0,0000;0,0000;0,0000;5;0
1,0595;-13,1193;26,9191;44,5229;0,0000;18,5580;166,8807;277,283;-64,624;74,727;156,894;-14,4251;14,3842;15,6158;0,0000;-30,0000;-14,4251;-0,0000;0,0000;0,0000;-0,0000;0,0000;0,0000;5;0
1,0656;-13,2076;27,0072;44,6185;0,0000;18,3743;166,7924;276,718;-64,942;74,019;156,739;-14,4251;14,3842;15,6158;0,0000;-30,0000;-14,4251;0,0000;-0,0000;-0,0000;0,0000;-0,0000;-0,0000;5;0
1,0717;-13,2959;27,0953;44,7142;0,0000;18,1906;166,7041;276,151;-65,259;73,313;156,584;-14,4251;14,3842;15,6158;0,0000;-30,0000;-14,4251;0,0000;0,0000;0,0000;0,0000;-0,0000;-0,0000;5;0
1,0778;-13,3843;27,1833;44,8098;0,0000;18,0069;166,6157;275,582;-65,573;72,610;156,429;-14,4251;14,3842;15,6158;0,0000;-30,0000;-14,4251;-0,0000;0,0000;0,0000;-0,0000;0,0000;0,0000;5;0
1,0840;-13,4726;27,2714;44,9054;0,0000;17,8231;166,5274;275,010;-65,885;71,908;156,274;-14,4251;14,3842;15,6158;0,0000;-30,0000;-14,4251;0,0000;-0,0000;-0,0000;-0,0000;0,0000;0,0000;5;0
1,0901;-13,5610;27,3595;45,0011;0,0000;17,6394;166,4390;274,437;-66,195;71,209;156,119;-14,4251;14,3842;15,6158;0,0000;-30,0000;-14,4251;0,0000;0,0000;0,0000;0,0000;-0,0000;0,0000;5;0
1,0962;-13,6493;27,4476;45,0967;0,0000;17,4557;166,3507;273,861;-66,503;70,512;155,963;-14,4251;14,3842;15,6158;0,0000;-30,0000;-14,4251;-0,0000;0,0000;-0,0000;-0,0000;-0,0000;0,0000;5;0
1,1023;-13,7376;27,5357;45,1923;0,0000;17,2720;166,2624;273,283;-66,809;69,817;155,807;-14,4251;14,3842;15,6158;0,0000;-30,0000;-14,4251;0,0000;-0,0000;0,0000;0,0000;0,0000;-0,0000;5;0
1,1085;-13,8260;27,6238;45,2880;0,0000;17,0882;166,1740;272,703;-67,113;69,124;155,651;-14,4251;14,3842;15,6158;0,0000;-30,0000;-14,4251;0,0000;0,0000;0,0000;0,0000;0,0000;0,0000;5;0
1,1146;-13,9143;27,7119;45,3836;0,0000;16,9045;166,0857;272,121;-67,415;68,434;155,495;-14,4251;14,3842;15,6158;0,0000;-30,0000;-14,4251;0,0000;0,0000;-0,0000;-0,0000;-0,0000;0,0000;5;0
1,1207;-14,0027;27,8000;45,4792;0,0000;16,7208;165,9973;271,536;-67,715;67,746;155,339;-14,4251;14,3842;15,6158;0,0000;-30,0000;-14,4251;-0,0000;-0,0000;0,0000;0,0000;-0,0000;0,0000;5;0
1,1268;-14,0910;27,8881;45,5749;0,0000;16,5371;165,9090;270,950;-68,013;67,060;155,182;-14,4251;14,3842;15,6158;0,0000;-30,0000;-14,4251;1,3533;-1,3494;-1,4650;-0,0000;2,8144;1,3533;5;0
1,1330;-14,1793;27,9762;45,6705;0,0000;16,3533;165,8207;270,362;-68,308;66,376;155,026;-14,4085;14,3677;15,5978;0,0000;-29,9655;-14,4085;13,0677;-13,0307;-14,1463;-0,0000;27,1770;13,0677;5;0
1,1391;-14,2675;28,0641;45,7659;0,0000;16,1700;165,7325;269,772;-68,601;65,696;154,513;-14,2651;14,2246;15,4425;0,0000;-29,6671;-14,2651;34,0965;-33,9999;-36,9109;-0,0000;70,9108;34,0965;5;0
1,1452;-14,3541;28,1504;45,8596;0,0000;15,9900;165,6459;269,192;-68,887;65,030;151,636;-13,9909;13,9513;15,1457;0,0000;-29,0970;-13,9909;46,4240;-46,2924;-50,2558;-0,0000;96,5482;46,4240;5;0
1,1513;-14,4389;28,2349;45,9514;0,0000;15,8137;165,5611;268,621;-69,164;64,380;148,332;-13,6965;13,6576;14,8270;0,0000;-28,4846;-13,6965;48,0837;-47,9474;-52,0526;-0,0000;100,0000;48,0837;5;0
1,1575;-14,5218;28,3177;46,0412;0,0000;15,6411;165,4782;268,061;-69,434;63,745;145,036;-13,4020;13,3640;14,5082;0,0000;-27,8722;-13,4020;48,0837;-47,9474;-52,0526;-0,0000;100,0000;48,0837;5;0
1,1636;-14,6030;28,3986;46,1291;0,0000;15,4723;165,3970;267,511;-69,696;63,127;141,750;-13,1075;13,0704;14,1894;0,0000;-27,2598;-13,1075;48,0837;-47,9474;-52,0526;-0,0000;100,0000;48,0837;5;0
1,1697;-14,6824;28,4778;46,2150;0,0000;15,3072;165,3176;266,972;-69,951;62,524;138,472;-12,8130;12,7767;13,8706;0,0000;-26,6473;-12,8130;48,0837;-47,9474;-52,0526;-0,0000;100,0000;48,0837;5;0
1,1758;-14,7599;28,5551;46,2990;0,0000;15,1459;165,2401;266,443;-70,198;61,936;135,203;-12,5186;12,4831;13,5518;0,0000;-26,0349;-12,5186;48,0837;-47,9474;-52,0526;-0,0000;100,0000;48,0837;5;0
1,1820;-14,8357;28,6307;46,3810;0,0000;14,9883;165,1643;265,925;-70,438;61,364;131,942;-12,2241;12,1895;13,2331;0,0000;-25,4225;-12,2241;48,0837;-47,9474;-52,0526;-0,0000;100,0000;48,0837;5;0
1,1881;-14,9097;28,7044;46,4611;0,0000;14,8345;165,0903;265,419;-70,670;60,807;128,689;-11,9296;11,8958;12,9143;0,0000;-24,8101;-11,9296;48,0837;-47,9474;-52,0526;-0,0000;100,0000;48,0837;5;0
1,1942;-14,9818;28,7764;46,5392;0,0000;14,6844;165,0182;264,923;-70,896;60,265;125,445;-11,6352;11,6022;12,5955;0,0000;-24,1977;-11,6352;48,0837;-47,9474;-52,0526;-0,0000;100,0000;48,0837;5;0
1,2003;-15,0522;28,8465;46,6154;0,0000;14,5381;164,9478;264,438;-71,114;59,739;122,208;-11,3407;11,3085;12,2767;0,0000;-23,5853;-11,3407;48,0837;-47,9474;-52,0526;-0,0000;100,0000;48,0837;5;0
1,2065;-15,1207;28,9149;46,6896;0,0000;14,3956;164,8793;263,965;-71,326;59,227;118,979;-11,0462;11,0149;11,9580;0,0000;-22,9729;-11,0462;48,0837;-47,9474;-52,0526;-0,0000;100,0000;48,0837;5;0
1,2126;-15,1875;28,9814;46,7618;0,0000;14,2568;164,8125;263,503;-71,530;58,729;115,757;-10,7517;10,7213;11,6392;0,0000;-22,3605;-10,7517;48,0837;-47,9474;-52,0526;-0,0000;100,0000;48,0837;5;0
1,2187;-15,2524;29,0462;46,8321;0,0000;14,1217;164,7476;263,052;-71,728;58,247;112,543;-10,4573;10,4276;11,3204;0,0000;-21,7481;-10,4573;48,0837;-47,9474;-52,0526;-0,0000;100,0000;48,0837;5;0
1,2248;-15,3156;29,1091;46,9005;0,0000;13,9904;164,6844;262,613;-71,919;57,779;109,335;-10,1628;10,1340;11,0016;0,0000;-21,1356;-10,1628;48,0837;-47,9474;-52,0526;-0,0000;100,0000;48,0837;5;0
1,2309;-15,3769;29,1703;46,9669;0,0000;13,8628;164,6231;262,186;-72,104;57,326;106,135;-9,8683;9,8404;10,6829;0,0000;-20,5232;-9,8683;48,0837;-47,9474;-52,0526;-0,0000;100,0000;48,0837;5;0
1,2371;-15,4364;29,2297;47,0313;0,0000;13,7390;164,5636;261,770;-72,282;56,887;102,941;-9,5739;9,5467;10,3641;0,0000;-19,9108;-9,5739;48,0837;-47,9474;-52,0526;-0,0000;100,0000;48,0837;5;0
1,2432;-15,4942;29,2872;47,0938;0,0000;13,6189;164,5058;261,366;-72,454;56,462;99,754;-9,2794;9,2531;10,0453;0,0000;-19,2984;-9,2794;48,0837;-47,9474;-52,0526;-0,0000;100,0000;48,0837;5;0
1,2493;-15,5501;29,3430;47,1544;0,0000;13,5026;164,4499;260,974;-72,620;56,051;96,573;-8,9849;8,9595;9,7265;0,0000;-18,6860;-8,9849;48,0837;-47,9474;-52,0526;-0,0000;100,0000;48,0837;5;0
1,2554;-15,6042;29,3970;47,2130;0,0000;13,3901;164,3958;260,593;-72,780;55,655;93,398;-8,6905;8,6658;9,4078;0,0000;-18,0736;-8,6905;48,0837;-47,9474;-52,0526;-0,0000;100,0000;48,0837;5;0
1,2616;-15,6565;29,4491;47,2696;0,0000;13,2813;164,3435;260,225;-72,933;55,272;90,229;-8,3960;8,3722;9,0890;0,0000;-17,4612;-8,3960;48,0837;-47,9474;-52,0526;-0,0000;100,0000;48,0837;5;0
1,2677;-15,7070;29,4995;47,3243;0,0000;13,1762;164,2930;259,869;-73,080;54,904;87,066;-8,1015;8,0785;8,7702;0,0000;-16,8488;-8,1015;48,0837;-47,9474;-52,0526;-0,0000;100,0000;48,0837;5;0
1,2738;-15,7558;29,5481;47,3770;0,0000;13,0749;164,2442;259,525;-73,222;54,549;83,909;-7,8070;7,7849;8,4514;0,0000;-16,2363;-7,8070;48,0837;-47,9474;-52,0526;-0,0000;100,0000;48,0837;5;0
1,2799;-15,8027;29,5949;47,4278;0,0000;12,9773;164,1973;259,193;-73,357;54,209;80,757;-7,5126;7,4913;8,1327;0,0000;-15,6239;-7,5126;48,0837;-47,9474;-52,0526;-0,0000;100,0000;48,0837;5;0
1,2861;-15,8478;29,6399;47,4766;0,0000;12,8835;164,1522;258,874;-73,487;53,881;77,610;-7,2181;7,1976;7,8139;0,0000;-15,0115;-7,2181;48,0837;-47,9474;-52,0526;-0,0000;100,0000;48,0837;5;0
1,2922;-15,8911;29,6830;47,5235;0,0000;12,7935;164,1089;258,567;-73,611;53,568;74,468;-6,9236;6,9040;7,4951;0,0000;-14,3991;-6,9236;48,0837;-47,9474;-52,0526;-0,0000;100,0000;48,0837;5;0
1,2983;-15,9326;29,7244;47,5684;0,0000;12,7072;164,0674;258,272;-73,729;53,268;71,331;-6,6292;6,6104;7,1763;0,0000;-13,7867;-6,6292;48,0837;-47,9474;-52,0526;-0,0000;100,0000;48,0837;5;0
1,3044;-15,9723;29,7640;47,6114;0,0000;12,6246;164,0277;257,990;-73,842;52,982;68,198;-6,3347;6,3167;6,8576;0,0000;-13,1743;-6,3347;48,0837;-47,9474;-52,0526;-0,0000;100,0000;48,0837;5;0
1,3106;-16,0102;29,8018;47,6524;0,0000;12,5458;163,9898;257,720;-73,949;52,709;65,070;-6,0402;6,0231;6,5388;0,0000;-12,5619;-6,0402;48,0837;-47,9474;-52,0526;-0,0000;100,0000;48,0837;5;0
1,3167;-16,0462;29,8378;47,6915;0,0000;12,4707;163,9538;257,462;-74,051;52,449;61,945;-5,7457;5,7295;6,2200;0,0000;-11,9495;-5,7457;48,0837;-47,9474;-52,0526;-0,0000;100,0000;48,0837;5;0
1,3228;-16,0805;29,8720;47,7286;0,0000;12,3994;163,9195;257,218;-74,147;52,203;58,825;-5,4513;5,4358;5,9012;0,0000;-11,3370;-5,4513;48,0837;-47,9474;-52,0526;-0,0000;100,0000;48,0837;5;0
1,3289;-16,1130;29,9043;47,7638;0,0000;12,3319;163,8870;256,986;-74,238;51,970;55,709;-5,1568;5,1422;5,5824;0,0000;-10,7246;-5,1568;48,0837;-47,9474;-52,0526;-0,0000;100,0000;48,0837;5;0
1,3351;-16,1437;29,9349;47,7970;0,0000;12,2681;163,8563;256,766;-74,324;51,750;52,596;-4,8623;4,8486;5,2637;0,0000;-10,1122;-4,8623;48,0837;-47,9474;-52,0526;-0,0000;100,0000;48,0837;5;0
1,3412;-16,1726;29,9637;47,8282;0,0000;12,2080;163,8274;256,559;-74,404;51,544;49,487;-4,5679;4,5549;4,9449;0,0000;-9,4998;-4,5679;48,0837;-47,9474;-52,0526;-0,0000;100,0000;48,0837;5;0
1,3473;-16,1996;29,9907;47,8575;0,0000;12,1517;163,8004;256,365;-74,479;51,351;46,381;-4,2734;4,2613;4,6261;0,0000;-8,8874;-4,2734;48,0837;-47,9474;-52,0526;-0,0000;100,0000;48,0837;5;0
1,3534;-16,2249;30,0159;47,8849;0,0000;12,0992;163,7751;256,184;-74,549;51,170;43,278;-3,9789;3,9676;4,3073;0,0000;-8,2750;-3,9789;48,0837;-47,9474;-52,0526;-0,0000;100,0000;48,0837;5;0
1,3596;-16,2484;30,0393;47,9103;0,0000;12,0504;163,7516;256,016;-74,614;51,003;40,177;-3,6845;3,6740;3,9886;0,0000;-7,6626;-3,6845;48,0837;-47,9474;-52,0526;-0,0000;100,0000;48,0837;5;0
1,3657;-16,2700;30,0609;47,9337;0,0000;12,0053;163,7300;255,860;-74,674;50,849;37,080;-3,3900;3,3804;3,6698;0,0000;-7,0502;-3,3900;48,0837;-47,9474;-52,0526;-0,0000;100,0000;48,0837;5;0
1,3718;-16,2899;30,0807;47,9552;0,0000;11,9640;163,7101;255,717;-74,728;50,707;33,984;-3,0955;3,0867;3,3510;0,0000;-6,4378;-3,0955;48,0837;-47,9474;-52,0526;-0,0000;100,0000;48,0837;5;0
1,3779;-16,3080;30,0987;47,9748;0,0000;11,9265;163,6920;255,588;-74,778;50,579;30,891;-2,8010;2,7931;3,0322;0,0000;-5,8253;-2,8010;48,0837;-47,9474;-52,0526;-0,0000;100,0000;48,0837;5;0
1,3841;-16,3242;30,1149;47,9924;0,0000;11,8927;163,6758;255,471;-74,822;50,463;27,800;-2,5066;2,4995;2,7135;0,0000;-5,2129;-2,5066;48,0837;-47,9474;-52,0526;-0,0000;100,0000;48,0837;5;0
1,3902;-16,3387;30,1294;48,0080;0,0000;11,8626;163,6613;255,367;-74,861;50,361;24,711;-2,2121;2,2058;2,3947;0,0000;-4,6005;-2,2121;48,0837;-47,9474;-52,0526;-0,0000;100,0000;48,0837;5;0
1,3963;-16,3513;30,1420;48,0217;0,0000;11,8363;163,6487;255,276;-74,896;50,271;21,623;-1,9176;1,9122;2,0759;0,0000;-3,9881;-1,9176;48,0837;-47,9474;-52,0526;-0,0000;100,0000;48,0837;5;0
1,4024;-16,3621;30,1528;48,0335;0,0000;11,8138;163,6379;255,197;-74,926;50,194;18,537;-1,6232;1,6186;1,7571;0,0000;-3,3757;-1,6232;48,0837;-47,9474;-52,0526;-0,0000;100,0000;48,0837;5;0
1,4085;-16,3712;30,1618;48,0432;0,0000;11,7950;163,6288;255,132;-74,950;50,130;15,452;-1,3287;1,3249;1,4384;0,0000;-2,7633;-1,3287;48,0837;-47,9474;-52,0526;-0,0000;100,0000;48,0837;5;0
1,4147;-16,3784;30,1690;48,0511;0,0000;11,7799;163,6216;255,080;-74,970;50,079;12,368;-1,0342;1,0313;1,1196;0,0000;-2,1509;-1,0342;48,0837;-47,9474;-52,0526;-0,0000;100,0000;48,0837;5;0
1,4208;-16,3839;30,1744;48,0570;0,0000;11,7686;163,6161;255,041;-74,985;50,040;9,284;-0,7397;0,7376;0,8008;0,0000;-1,5385;-0,7397;48,0837;-47,9474;-52,0526;-0,0000;100,0000;48,0837;5;0
1,4269;-16,3875;30,1780;48,0609;0,0000;11,7611;163,6125;255,015;-74,994;50,015;6,202;-0,4453;0,4440;0,4820;0,0000;-0,9260;-0,4453;46,6534;-45,1214;-50,7425;-0,0000;95,8639;46,6534;5;0
1,4330;-16,3893;30,1799;48,0629;0,0000;11,7573;163,6107;255,002;-74,999;50,002;3,119;-0,1683;0,1850;0,1793;-0,0000;-0,3643;-0,1683;34,7782;-21,6628;-39,8689;-0,0000;61,5317;34,7782;5;0
1,4392;-16,3895;30,1803;48,0631;0,0000;11,7566;163,6105;255,000;-75,000;49,999;0,514;-0,0193;0,1787;-0,0063;-0,0000;-0,1724;-0,0193;13,7427;19,8903;-20,6091;0,0000;0,7189;13,7427;6;0
1,4453;-16,3895;30,1820;48,0628;0,0000;11,7552;163,6105;255,000;-75,000;49,992;1,210;-0,0000;0,4286;-0,0731;0,0000;-0,3555;-0,0000;1,5761;43,9257;-9,4723;0,0000;-34,4535;1,5761;6;0
1,4514;-16,3895;30,1856;48,0622;0,0000;11,7523;163,6105;255,000;-75,000;49,977;2,435;-0,0000;0,7167;-0,1223;0,0000;-0,5944;-0,0000;-0,0000;47,0420;-8,0361;0,0000;-39,0059;-0,0000;6;0
1,4575;-16,3895;30,1908;48,0613;0,0000;11,7479;163,6105;255,000;-75,000;49,954;3,660;-0,0000;1,0048;-0,1716;0,0000;-0,8332;-0,0000;-0,0000;47,0454;-8,0471;0,0000;-38,9983;-0,0000;6;0
1,4637;-16,3895;30,1979;48,0601;0,0000;11,7421;163,6105;255,000;-75,000;49,924;4,884;-0,0000;1,2929;-0,2209;0,0000;-1,0720;-0,0000;-0,0000;47,0500;-8,0617;0,0000;-38,9882;-0,0000;6;0
1,4698;-16,3895;30,2067;48,0586;0,0000;11,7348;163,6105;255,000;-75,000;49,887;6,109;-0,0000;1,5811;-0,2703;0,0000;-1,3108;-0,0000;-0,0000;47,0556;-8,0800;0,0000;-38,9756;-0,0000;6;0
1,4759;-16,3895;30,2172;48,0568;0,0000;11,7260;163,6105;255,000;-75,000;49,842;7,334;-0,0000;1,8693;-0,3198;0,0000;-1,5494;-0,0000;-0,0000;47,0625;-8,1020;0,0000;-38,9605;-0,0000;6;0
1,4820;-16,3895;30,2296;48,0547;0,0000;11,7158;163,6105;255,000;-75,000;49,790;8,559;-0,0000;2,1575;-0,3695;0,0000;-1,7880;-0,0000;-0,0000;47,0704;-8,1277;0,0000;-38,9427;-0,0000;6;0
1,4882;-16,3895;30,2436;48,0522;0,0000;11,7041;163,6105;255,000;-75,000;49,730;9,784;-0,0000;2,4458;-0,4194;0,0000;-2,0264;-0,0000;-0,0000;47,0795;-8,1570;0,0000;-38,9225;-0,0000;6;0
1,4943;-16,3895;30,2595;48,0495;0,0000;11,6910;163,6105;255,000;-75,000;49,662;11,009;-0,0000;2,7341;-0,4694;0,0000;-2,2647;-0,0000;-0,0000;47,0897;-8,1900;0,0000;-38,8997;-0,0000;6;0
1,5004;-16,3895;30,2771;48,0465;0,0000;11,6764;163,6105;255,000;-75,000;49,587;12,233;-0,0000;3,0226;-0,5197;0,0000;-2,5029;-0,0000;-0,0000;47,1009;-8,2266;0,0000;-38,8743;-0,0000;6;0
1,5065;-16,3895;30,2965;48,0432;0,0000;11,6603;163,6105;255,000;-75,000;49,505;13,458;-0,0000;3,3111;-0,5702;0,0000;-2,7408;-0,0000;-0,0000;47,1133;-8,2669;0,0000;-38,8463;-0,0000;6;0
1,5127;-16,3895;30,3177;48,0395;0,0000;11,6428;163,6105;255,000;-75,000;49,415;14,683;-0,0000;3,5996;-0,6210;0,0000;-2,9787;-0,0000;-0,0000;47,1267;-8,3109;0,0000;-38,8158;-0,0000;6;0
1,5188;-16,3895;30,3406;48,0355;0,0000;11,6238;163,6105;255,000;-75,000;49,318;15,908;-0,0000;3,8883;-0,6720;0,0000;-3,2163;-0,0000;-0,0000;47,1412;-8,3585;0,0000;-38,7827;-0,0000;6;0
1,5249;-16,3895;30,3653;48,0313;0,0000;11,6034;163,6105;255,000;-75,000;49,213;17,133;-0,0000;4,1770;-0,7233;0,0000;-3,4537;-0,0000;-0,0000;47,1568;-8,4098;0,0000;-38,7469;-0,0000;6;0
1,5310;-16,3895;30,3918;48,0267;0,0000;11,5815;163,6105;255,000;-75,000;49,100;18,358;-0,0000;4,4659;-0,7750;0,0000;-3,6909;-0,0000;-0,0000;47,1734;-8,4648;0,0000;-38,7086;-0,0000;6;0
1,5372;-16,3895;30,4200;48,0218;0,0000;11,5582;163,6105;255,000;-75,000;48,980;19,582;-0,0000;4,7548;-0,8270;0,0000;-3,9278;-0,0000;-0,0000;47,1910;-8,5233;0,0000;-38,6676;-0,0000;6;0
1,5433;-16,3895;30,4500;48,0166;0,0000;11,5334;163,6105;255,000;-75,000;48,853;20,807;-0,0000;5,0439;-0,8794;0,0000;-4,1645;-0,0000;0,0002;47,2096;-8,5856;-0,0033;-38,6241;0,0036;6;0
1,5494;-16,3895;30,4818;48,0110;0,0000;11,5072;163,6105;255,000;-75,000;48,718;22,032;0,0000;5,3330;-0,9322;-0,0000;-4,4009;0,0000;0,0002;47,2292;-8,6514;-0,0033;-38,5778;0,0036;6;0
1,5555;-16,3895;30,5153;48,0051;0,0000;11,4795;163,6105;255,000;-75,000;48,576;23,257;0,0000;5,6223;-0,9854;-0,0000;-4,6370;0,0000;-0,0002;47,2497;-8,7210;0,0033;-38,5287;-0,0036;6;0
1,5617;-16,3895;30,5507;47,9989;-0,0000;11,4504;163,6105;255,000;-75,000;48,426;24,482;-0,0000;5,9118;-1,0390;-0,0000;-4,8728;-0,0000;-0,0002;47,2712;-8,7941;0,0033;-38,4771;-0,0036;6;0
1,5678;-16,3895;30,5877;47,9924;-0,0000;11,4198;163,6105;255,000;-75,000;48,268;25,706;-0,0000;6,2013;-1,0931;0,0000;-5,1083;-0,0000;-0,0000;47,2937;-8,8709;0,0000;-38,4228;-0,0000;6;0
1,5739;-16,3895;30,6266;47,9856;-0,0000;11,3878;163,6105;255,000;-75,000;48,103;26,931;-0,0000;6,4910;-1,1476;0,0000;-5,3434;-0,0000;-0,0000;47,3170;-8,9513;-0,0000;-38,3657;-0,0000;6;0
1,5800;-16,3895;30,6673;47,9784;-0,0000;11,3544;163,6105;255,000;-75,000;47,931;28,156;-0,0000;6,7809;-1,2027;-0,0000;-5,5782;-0,0000;-0,0000;47,3412;-9,0353;-0,0000;-38,3059;-0,0000;6;0
1,5861;-16,3895;30,7097;47,9708;-0,0000;11,3195;163,6105;255,000;-75,000;47,751;29,381;-0,0000;7,0709;-1,2583;-0,0000;-5,8126;-0,0000;-0,0000;47,3663;-9,1229;0,0000;-38,2434;-0,0000;6;0
1,5923;-16,3895;30,7539;47,9629;-0,0000;11,2832;163,6105;255,000;-75,000;47,564;30,606;-0,0000;7,3610;-1,3145;-0,0000;-6,0466;-0,0000;-0,0000;47,3922;-9,2142;-0,0000;-38,1780;-0,0000;6;0
1,5984;-16,3895;30,7998;47,9547;-0,0000;11,2455;163,6105;255,000;-75,000;47,369;31,831;-0,0000;7,6513;-1,3712;-0,0000;-6,2802;-0,0000;-0,0000;47,4189;-9,3090;-0,0000;-38,1099;-0,0000;6;0
1,6045;-16,3895;30,8476;47,9462;-0,0000;11,2063;163,6105;255,000;-75,000;47,166;33,055;-0,0000;7,9418;-1,4285;-0,0000;-6,5134;-0,0000;-0,0000;47,4464;-9,4075;-0,0000;-38,0389;-0,0000;6;0
1,6106;-16,3895;30,8971;47,9372;-0,0000;11,1657;163,6105;255,000;-75,000;46,956;34,280;-0,0000;8,2325;-1,4864;-0,0000;-6,7461;-0,0000;-0,0000;47,4746;-9,5095;-0,0000;-37,9651;-0,0000;6;0
1,6168;-16,3895;30,9484;47,9279;-0,0000;11,1236;163,6105;255,000;-75,000;46,739;35,505;-0,0000;8,5233;-1,5449;-0,0000;-6,9784;-0,0000;-0,0000;47,5036;-9,6151;0,0000;-37,8884;-0,0000;6;0
1,6229;-16,3895;31,0015;47,9183;-0,0000;11,0802;163,6105;255,000;-75,000;46,514;36,730;-0,0000;8,8143;-1,6042;-0,0000;-7,2102;-0,0000;-0,0000;47,5332;-9,7243;0,0000;-37,8089;-0,0000;6;0
1,6290;-16,3895;31,0564;47,9083;-0,0000;11,0353;163,6105;255,000;-75,000;46,281;37,955;-0,0000;9,1055;-1,6641;-0,0000;-7,4415;-0,0000;-0,0000;47,5635;-9,8371;-0,0000;-37,7264;-0,0000;6;0
1,6351;-16,3895;31,1130;47,8979;-0,0000;10,9891;163,6105;255,000;-75,000;46,042;39,180;-0,0000;9,3969;-1,7246;-0,0000;-7,6722;-0,0000;-0,0000;47,5945;-9,9535;-0,0000;-37,6410;-0,0000;6;0
1,6413;-16,3895;31,1715;47,8872;-0,0000;10,9414;163,6105;255,000;-75,000;45,794;40,404;-0,0000;9,6885;-1,7860;-0,0000;-7,9025;-0,0000;-0,0000;47,6260;-10,0734;0,0000;-37,5526;-0,0000;6;0
1,6474;-16,3895;31,2317;47,8760;-0,0000;10,8923;163,6105;255,000;-75,000;45,539;41,629;-0,0000;9,9802;-1,8480;0,0000;-8,1322;-0,0000;-0,0000;47,6581;-10,1969;0,0000;-37,4613;-0,0000;6;0
1,6535;-16,3895;31,2937;47,8645;-0,0000;10,8418;163,6105;255,000;-75,000;45,277;42,854;-0,0000;10,2722;-1,9109;0,0000;-8,3613;-0,0000;-0,0000;47,6908;-10,3239;-0,0000;-37,3669;-0,0000;6;0
1,6596;-16,3895;31,3575;47,8526;-0,0000;10,7899;163,6105;255,000;-75,000;45,007;44,079;-0,0000;10,5643;-1,9745;-0,0000;-8,5899;-0,0000;-0,0000;47,7239;-10,4544;-0,0000;-37,2695;-0,0000;6;0
1,6658;-16,3895;31,4231;47,8404;-0,0000;10,7365;163,6105;255,000;-75,000;44,729;45,304;-0,0000;10,8567;-2,0389;0,0000;-8,8178;-0,0000;-0,0000;47,7575;-10,5885;0,0000;-37,1690;-0,0000;6;0
1,6719;-16,3895;31,4905;47,8277;-0,0000;10,6818;163,6105;255,000;-75,000;44,444;46,528;-0,0000;11,1493;-2,1042;0,0000;-9,0451;-0,0000;-0,0000;47,7915;-10,7261;0,0000;-37,0654;-0,0000;6;0
1,6780;-16,3895;31,5597;47,8146;0,0000;10,6258;163,6105;255,000;-75,000;44,152;47,753;-0,0000;11,4421;-2,1703;0,0000;-9,2718;-0,0000;-0,0000;45,2036;-10,3647;-0,0000;-34,8389;-0,0000;6;0
1,6841;-16,3895;31,6306;47,8011;0,0000;10,5683;163,6105;255,000;-75,000;43,852;48,978;-0,0000;11,7030;-2,2311;0,0000;-9,4718;-0,0000;-0,0000;31,4375;-7,8481;-0,0000;-23,5894;-0,0000;6;0
1,6903;-16,3895;31,7030;47,7873;0,0000;10,5097;163,6105;255,000;-75,000;43,546;49,932;-0,0000;11,8271;-2,2664;0,0000;-9,5607;-0,0000;-0,0000;11,0667;-4,0172;-0,0000;-7,0495;-0,0000;6;0
1,6964;-16,3895;31,7755;47,7733;0,0000;10,4512;163,6105;255,000;-75,000;43,240;50,000;-0,0000;11,8385;-2,2803;-0,0000;-9,5582;-0,0000;0,0000;1,1934;-2,1453;-0,0000;0,9518;0,0000;6;0
1,7025;-16,3895;31,8480;47,7593;0,0000;10,3927;163,6105;255,000;-75,000;42,934;50,000;-0,0000;11,8418;-2,2927;-0,0000;-9,5491;-0,0000;0,0000;0,5276;-2,0182;-0,0000;1,4906;0,0000;6;0
1,7086;-16,3895;31,9205;47,7452;0,0000;10,3342;163,6105;255,000;-75,000;42,628;50,000;-0,0000;11,8450;-2,3050;-0,0000;-9,5399;-0,0000;-0,0000;0,5229;-2,0172;0,0000;1,4943;-0,0000;6;0
1,7148;-16,3895;31,9931;47,7311;0,0000;10,2758;163,6105;255,000;-75,000;42,321;50,000;-0,0000;11,8482;-2,3174;-0,0000;-9,5308;-0,0000;-0,0000;0,5183;-2,0162;0,0000;1,4979;-0,0000;6;0
1,7209;-16,3895;32,0656;47,7169;0,0000;10,2175;163,6105;255,000;-75,000;42,015;50,000;-0,0000;11,8513;-2,3297;0,0000;-9,5216;-0,0000;0,0000;0,5136;-2,0152;-0,0000;1,5016;0,0000;6;0
1,7270;-16,3895;32,1382;47,7026;0,0000;10,1592;163,6105;255,000;-75,000;41,709;50,000;-0,0000;11,8544;-2,3421;-0,0000;-9,5124;-0,0000;0,0000;0,5090;-2,0142;-0,0000;1,5052;0,0000;6;0
1,7331;-16,3895;32,2108;47,6882;0,0000;10,1010;163,6105;255,000;-75,000;41,403;50,000;-0,0000;11,8576;-2,3544;-0,0000;-9,5031;-0,0000;-0,0000;0,5043;-2,0131;0,0000;1,5088;-0,0000;6;0
1,7393;-16,3895;32,2835;47,6737;-0,0000;10,0428;163,6105;255,000;-75,000;41,097;50,000;-0,0000;11,8606;-2,3667;0,0000;-9,4939;-0,0000;-0,0000;0,4997;-2,0121;0,0000;1,5124;-0,0000;6;0
1,7454;-16,3895;32,3561;47,6592;0,0000;9,9847;163,6105;255,000;-75,000;40,790;50,000;-0,0000;11,8637;-2,3791;0,0000;-9,4846;-0,0000;0,0000;0,4951;-2,0111;-0,0000;1,5160;0,0000;6;0
1,7515;-16,3895;32,4288;47,6446;-0,0000;9,9266;163,6105;255,000;-75,000;40,484;50,000;-0,0000;11,8667;-2,3914;-0,0000;-9,4753;-0,0000;0,0000;0,4905;-2,0100;-0,0000;1,5196;0,0000;6;0
1,7576;-16,3895;32,5015;47,6299;-0,0000;9,8686;163,6105;255,000;-75,000;40,178;50,000;-0,0000;11,8697;-2,4037;-0,0000;-9,4660;-0,0000;-0,0000;0,4859;-2,0090;0,0000;1,5231;-0,0000;6;0
1,7637;-16,3895;32,5742;47,6151;-0,0000;9,8107;163,6105;255,000;-75,000;39,872;50,000;-0,0000;11,8726;-2,4160;-0,0000;-9,4567;-0,0000;-0,0000;0,4813;-2,0079;0,0000;1,5267;-0,0000;6;0
1,7699;-16,3895;32,6469;47,6003;-0,0000;9,7528;163,6105;255,000;-75,000;39,565;50,000;-0,0000;11,8756;-2,4283;-0,0000;-9,4473;-0,0000;-0,0000;0,4767;-2,0069;0,0000;1,5302;-0,0000;6;0
1,7760;-16,3895;32,7196;47,5854;-0,0000;9,6950;163,6105;255,000;-75,000;39,259;50,000;-0,0000;11,8785;-2,4406;-0,0000;-9,4379;-0,0000;0,0000;0,4721;-2,0059;-0,0000;1,5338;0,0000;6;0
1,7821;-16,3895;32,7924;47,5704;-0,0000;9,6372;163,6105;255,000;-75,000;38,953;50,000;-0,0000;11,8814;-2,4528;-0,0000;-9,4285;-0,0000;-0,0000;0,4675;-2,0048;0,0000;1,5373;-0,0000;6;0
1,7882;-16,3895;32,8651;47,5554;-0,0000;9,5795;163,6105;255,000;-75,000;38,647;50,000;-0,0000;11,8842;-2,4651;0,0000;-9,4191;-0,0000;-0,0000;0,4629;-2,0037;0,0000;1,5408;-0,0000;6;0
1,7944;-16,3895;32,9379;47,5402;-0,0000;9,5218;163,6105;255,000;-75,000;38,341;50,000;-0,0000;11,8870;-2,4774;-0,0000;-9,4097;-0,0000;-0,0000;0,4584;-2,0027;0,0000;1,5443;-0,0000;6;0
1,8005;-16,3895;33,0107;47,5250;-0,0000;9,4643;163,6105;255,000;-75,000;38,034;50,000;-0,0000;11,8898;-2,4896;0,0000;-9,4002;-0,0000;0,0000;0,4538;-2,0016;-0,0000;1,5478;0,0000;6;0
1,8066;-16,3895;33,0836;47,5097;-0,0000;9,4067;163,6105;255,000;-75,000;37,728;50,000;-0,0000;11,8926;-2,5019;-0,0000;-9,3907;-0,0000;0,0000;0,4493;-2,0005;-0,0000;1,5513;0,0000;6;0
1,8127;-16,3895;33,1564;47,4944;-0,0000;9,3492;163,6105;255,000;-75,000;37,422;50,000;-0,0000;11,8953;-2,5141;-0,0000;-9,3812;-0,0000;0,0000;0,4447;-1,9995;-0,0000;1,5547;0,0000;6;0
1,8189;-16,3895;33,2293;47,4789;-0,0000;9,2918;163,6105;255,000;-75,000;37,116;50,000;-0,0000;11,8980;-2,5264;-0,0000;-9,3717;-0,0000;0,0000;0,4402;-1,9984;-0,0000;1,5582;0,0000;6;0
1,8250;-16,3895;33,3021;47,4634;-0,0000;9,2344;163,6105;255,000;-75,000;36,810;50,000;-0,0000;11,9007;-2,5386;-0,0000;-9,3621;-0,0000;0,0000;0,4357;-1,9973;-0,0000;1,5616;0,0000;6;0
1,8311;-16,3895;33,3750;47,4478;-0,0000;9,1771;163,6105;255,000;-75,000;36,503;50,000;-0,0000;11,9034;-2,5508;-0,0000;-9,3525;-0,0000;-0,0000;0,4312;-1,9962;0,0000;1,5650;-0,0000;6;0
1,8372;-16,3895;33,4479;47,4322;-0,0000;9,1199;163,6105;255,000;-75,000;36,197;50,000;-0,0000;11,9060;-2,5631;0,0000;-9,3429;-0,0000;-0,0000;0,4267;-1,9951;0,0000;1,5685;-0,0000;6;0
1,8434;-16,3895;33,5208;47,4164;-0,0000;9,0627;163,6105;255,000;-75,000;35,891;50,000;-0,0000;11,9086;-2,5753;0,0000;-9,3333;-0,0000;0,0000;0,4222;-1,9940;-0,0000;1,5719;0,0000;6;0
1,8495;-16,3895;33,5938;47,4006;-0,0000;9,0056;163,6105;255,000;-75,000;35,585;50,000;-0,0000;11,9112;-2,5875;-0,0000;-9,3237;-0,0000;0,0000;0,4177;-1,9929;-0,0000;1,5753;0,0000;6;0
1,8556;-16,3895;33,6667;47,3848;-0,0000;8,9485;163,6105;255,000;-75,000;35,279;50,000;-0,0000;11,9137;-2,5997;0,0000;-9,3140;-0,0000;-0,0000;0,4132;-1,9918;0,0000;1,5786;0,0000;6;0
1,8617;-16,3895;33,7397;47,3688;-0,0000;8,8915;163,6105;255,000;-75,000;34,972;50,000;-0,0000;11,9162;-2,6119;-0,0000;-9,3043;-0,0000;0,0000;0,4087;-1,9907;-0,0000;1,5820;0,0000;6;0
1,8679;-16,3895;33,8127;47,3528;-0,0000;8,8345;163,6105;255,000;-75,000;34,666;50,000;-0,0000;11,9187;-2,6241;-0,0000;-9,2946;-0,0000;-0,0000;0,4043;-1,9896;0,0000;1,5854;-0,0000;6;0
1,8740;-16,3895;33,8857;47,3367;-0,0000;8,7777;163,6105;255,000;-75,000;34,360;50,000;-0,0000;11,9212;-2,6363;0,0000;-9,2849;-0,0000;-0,0000;0,3998;-1,9885;0,0000;1,5887;-0,0000;6;0
1,8801;-16,3895;33,9587;47,3205;-0,0000;8,7208;163,6105;255,000;-75,000;34,054;50,000;-0,0000;11,9236;-2,6484;0,0000;-9,2752;-0,0000;-0,0000;0,3953;-1,9874;0,0000;1,5921;0,0000;6;0
1,8862;-16,3895;34,0317;47,3042;-0,0000;8,6640;163,6105;255,000;-75,000;33,748;50,000;-0,0000;11,9260;-2,6606;0,0000;-9,2654;-0,0000;0,0000;0,3909;-1,9863;-0,0000;1,5954;-0,0000;6;0
1,8924;-16,3895;34,1048;47,2879;-0,0000;8,6073;163,6105;255,000;-75,000;33,441;50,000;-0,0000;11,9284;-2,6728;0,0000;-9,2556;-0,0000;-0,0000;0,3865;-1,9852;0,0000;1,5987;-0,0000;6;0
1,8985;-16,3895;34,1778;47,2715;-0,0000;8,5507;163,6105;255,000;-75,000;33,135;50,000;-0,0000;11,9308;-2,6849;0,0000;-9,2458;-0,0000;0,0000;0,3820;-1,9840;-0,0000;1,6020;0,0000;6;0
1,9046;-16,3895;34,2509;47,2550;-0,0000;8,4941;163,6105;255,000;-75,000;32,829;50,000;-0,0000;11,9331;-2,6971;0,0000;-9,2360;-0,0000;-0,0000;0,3776;-1,9829;0,0000;1,6053;0,0000;6;0
1,9107;-16,3895;34,3240;47,2384;0,0000;8,4376;163,6105;255,000;-75,000;32,523;50,000;-0,0000;11,9354;-2,7092;0,0000;-9,2262;-0,0000;-0,0000;0,3732;-1,9818;0,0000;1,6086;-0,0000;6;0
1,9168;-16,3895;34,3971;47,2218;0,0000;8,3811;163,6105;255,000;-75,000;32,217;50,000;-0,0000;11,9377;-2,7213;0,0000;-9,2163;-0,0000;0,0000;0,3688;-1,9807;-0,0000;1,6118;-0,0000;6;0
1,9230;-16,3895;34,4702;47,2051;0,0000;8,3247;163,6105;255,000;-75,000;31,910;50,000;-0,0000;11,9399;-2,7335;0,0000;-9,2064;-0,0000;0,0000;0,3644;-1,9795;-0,0000;1,6151;0,0000;6;0
1,9291;-16,3895;34,5433;47,1883;0,0000;8,2683;163,6105;255,000;-75,000;31,604;50,000;-0,0000;11,9421;-2,7456;0,0000;-9,1965;-0,0000;-0,0000;0,3600;-1,9784;0,0000;1,6183;0,0000;6;0
1,9352;-16,3895;34,6165;47,1715;0,0000;8,2120;163,6105;255,000;-75,000;31,298;50,000;-0,0000;11,9443;-2,7577;0,0000;-9,1866;-0,0000;0,0000;0,3557;-1,9772;-0,0000;1,6216;0,0000;6;0
1,9413;-16,3895;34,6896;47,1546;0,0000;8,1558;163,6105;255,000;-75,000;30,992;50,000;-0,0000;11,9465;-2,7698;0,0000;-9,1767;-0,0000;0,0000;0,3513;-1,9761;-0,0000;1,6247;0,0000;6;0
1,9475;-16,3895;34,7628;47,1376;0,0000;8,0996;163,6105;255,000;-75,000;30,686;50,000;-0,0000;11,9486;-2,7819;-0,0000;-9,1667;-0,0000;0,0000;0,3469;-1,9749;-0,0000;1,6279;-0,0000;6;0
1,9536;-16,3895;34,8360;47,1205;-0,0000;8,0435;163,6105;255,000;-75,000;30,379;50,000;-0,0000;11,9507;-2,7940;-0,0000;-9,1567;-0,0000;-0,0000;0,3426;-1,9738;0,0000;1,6312;-0,0000;6;0
1,9597;-16,3895;34,9092;47,1033;0,0000;7,9875;163,6105;255,000;-75,000;30,073;50,000;-0,0000;11,9528;-2,8061;0,0000;-9,1467;-0,0000;-0,0000;0,3383;-1,9726;0,0000;1,6344;-0,0000;6;0
1,9658;-16,3895;34,9824;47,0861;0,0000;7,9315;163,6105;255,000;-75,000;29,767;50,000;-0,0000;11,9549;-2,8181;0,0000;-9,1367;-0,0000;-0,0000;0,3339;-1,9715;0,0000;1,6375;-0,0000;6;0
1,9720;-16,3895;35,0556;47,0688;0,0000;7,8756;163,6105;255,000;-75,000;29,461;50,000;-0,0000;11,9569;-2,8302;0,0000;-9,1267;-0,0000;0,0000;0,3296;-1,9703;-0,0000;1,6407;0,0000;6;0
1,9781;-16,3895;35,1288;47,0515;0,0000;7,8197;163,6105;255,000;-75,000;29,154;50,000;-0,0000;11,9589;-2,8423;-0,0000;-9,1166;-0,0000;0,0000;0,3253;-1,9691;-0,0000;1,6438;-0,0000;6;0
1,9842;-16,3895;35,2021;47,0340;-0,0000;7,7639;163,6105;255,000;-75,000;28,848;50,000;-0,0000;11,9609;-2,8543;-0,0000;-9,1065;-0,0000;-0,0000;0,3210;-1,9680;0,0000;1,6470;-0,0000;6;0
1,9903;-16,3895;35,2753;47,0165;0,0000;7,7082;163,6105;255,000;-75,000;28,542;50,000;-0,0000;11,9628;-2,8664;0,0000;-9,0964;-0,0000;-0,0000;0,3167;-1,9668;0,0000;1,6501;-0,0000;6;0
1,9965;-16,3895;35,3486;46,9989;0,0000;7,6525;163,6105;255,000;-75,000;28,236;50,000;-0,0000;11,9648;-2,8784;0,0000;-9,0863;-0,0000;-0,0000;0,3124;-1,9656;0,0000;1,6532;-0,0000;6;0
2,0026;-16,3895;35,4219;46,9812;0,0000;7,5969;163,6105;255,000;-75,000;27,930;50,000;-0,0000;11,9667;-2,8905;0,0000;-9,0762;-0,0000;-0,0000;0,3082;-1,9644;0,0000;1,6563;-0,0000;6;0
2,0087;-16,3895;35,4952;46,9635;0,0000;7,5413;163,6105;255,000;-75,000;27,623;50,000;-0,0000;11,9685;-2,9025;0,0000;-9,0660;-0,0000;0,0000;0,3039;-1,9633;-0,0000;1,6594;0,0000;6;0
2,0148;-16,3895;35,5685;46,9457;0,0000;7,4858;163,6105;255,000;-75,000;27,317;50,000;-0,0000;11,9704;-2,9145;0,0000;-9,0559;-0,0000;0,0000;0,2996;-1,9621;-0,0000;1,6624;0,0000;6;0
2,0210;-16,3895;35,6418;46,9278;0,0000;7,4304;163,6105;255,000;-75,000;27,011;50,000;-0,0000;11,9722;-2,9265;-0,0000;-9,0457;-0,0000;0,0000;0,2954;-1,9609;-0,0000;1,6655;0,0000;6;0
2,0271;-16,3895;35,7151;46,9098;0,0000;7,3750;163,6105;255,000;-75,000;26,705;50,000;-0,0000;11,9740;-2,9385;-0,0000;-9,0355;-0,0000;-0,0000;0,2912;-1,9597;0,0000;1,6686;-0,0000;6;0
2,0332;-16,3895;35,7884;46,8918;-0,0000;7,3197;163,6105;255,000;-75,000;26,399;50,000;-0,0000;11,9758;-2,9505;-0,0000;-9,0252;-0,0000;-0,0000;0,2869;-1,9585;0,0000;1,6716;-0,0000;6;0
2,0393;-16,3895;35,8618;46,8737;-0,0000;7,2645;163,6105;255,000;-75,000;26,092;50,000;-0,0000;11,9775;-2,9625;-0,0000;-9,0150;-0,0000;-0,0000;0,2827;-1,9573;0,0000;1,6746;-0,0000;6;0
2,0455;-16,3895;35,9352;46,8555;-0,0000;7,2093;163,6105;255,000;-75,000;25,786;50,000;-0,0000;11,9792;-2,9745;-0,0000;-9,0047;-0,0000;-0,0000;0,2785;-1,9561;0,0000;1,6776;-0,0000;6;0
2,0516;-16,3895;36,0085;46,8373;-0,0000;7,1542;163,6105;255,000;-75,000;25,480;50,000;-0,0000;11,9809;-2,9865;0,0000;-8,9945;-0,0000;-0,0000;0,2743;-1,9549;0,0000;1,6806;-0,0000;6;0
2,0577;-16,3895;36,0819;46,8189;0,0000;7,0992;163,6105;255,000;-75,000;25,174;50,000;-0,0000;11,9826;-2,9984;0,0000;-8,9842;-0,0000;0,0000;0,2701;-1,9537;-0,0000;1,6836;0,0000;6;0
2,0638;-16,3895;36,1553;46,8005;-0,0000;7,0442;163,6105;255,000;-75,000;24,868;50,000;-0,0000;11,9842;-3,0104;0,0000;-8,9738;-0,0000;0,0000;0,2659;-1,9525;-0,0000;1,6866;0,0000;6;0
2,0700;-16,3895;36,2287;46,7821;0,0000;6,9892;163,6105;255,000;-75,000;24,561;50,000;-0,0000;11,9858;-3,0224;-0,0000;-8,9635;-0,0000;-0,0000;0,2618;-1,9513;0,0000;1,6895;-0,0000;6;0
2,0761;-16,3895;36,3021;46,7635;-0,0000;6,9344;163,6105;255,000;-75,000;24,255;50,000;-0,0000;11,9874;-3,0343;0,0000;-8,9531;-0,0000;-0,0000;0,2576;-1,9501;0,0000;1,6925;-0,0000;6;0
2,0822;-16,3895;36,3755;46,7449;0,0000;6,8796;163,6105;255,000;-75,000;23,949;50,000;-0,0000;11,9890;-3,0462;0,0000;-8,9428;-0,0000;-0,0000;0,2535;-1,9489;0,0000;1,6954;0,0000;6;0
2,0883;-16,3895;36,4489;46,7262;0,0000;6,8248;163,6105;255,000;-75,000;23,643;50,000;-0,0000;11,9905;-3,0582;0,0000;-8,9324;-0,0000;0,0000;0,2493;-1,9476;-0,0000;1,6983;0,0000;6;0
2,0944;-16,3895;36,5224;46,7075;0,0000;6,7702;163,6105;255,000;-75,000;23,337;50,000;-0,0000;11,9921;-3,0701;-0,0000;-8,9220;-0,0000;0,0000;0,2452;-1,9464;-0,0000;1,7012;0,0000;6;0
2,1006;-16,3895;36,5958;46,6886;0,0000;6,7156;163,6105;255,000;-75,000;23,030;50,000;-0,0000;11,9935;-3,0820;-0,0000;-8,9115;-0,0000;0,0000;0,2411;-1,9452;-0,0000;1,7041;0,0000;6;0
2,1067;-16,3895;36,6693;46,6697;-0,0000;6,6610;163,6105;255,000;-75,000;22,724;50,000;-0,0000;11,9950;-3,0939;-0,0000;-8,9011;-0,0000;-0,0000;0,2370;-1,9440;0,0000;1,7070;-0,0000;6;0
2,1128;-16,3895;36,7427;46,6507;-0,0000;6,6065;163,6105;255,000;-75,000;22,418;50,000;-0,0000;11,9964;-3,1058;-0,0000;-8,8906;-0,0000;-0,0000;0,2329;-1,9427;0,0000;1,7099;-0,0000;6;0
2,1189;-16,3895;36,8162;46,6317;-0,0000;6,5521;163,6105;255,000;-75,000;22,112;50,000;-0,0000;11,9979;-3,1177;-0,0000;-8,8801;-0,0000;0,0000;0,2288;-1,9415;-0,0000;1,7127;0,0000;6;0
2,1251;-16,3895;36,8897;46,6125;-0,0000;6,4978;163,6105;255,000;-75,000;21,806;50,000;-0,0000;11,9993;-3,1296;-0,0000;-8,8697;-0,0000;0,0000;0,2247;-1,9403;-0,0000;1,7156;0,0000;6;0
2,1312;-16,3895;36,9632;46,5933;-0,0000;6,4435;163,6105;255,000;-75,000;21,499;50,000;-0,0000;12,0006;-3,1415;-0,0000;-8,8591;-0,0000;-0,0000;0,2206;-1,9390;0,0000;1,7184;-0,0000;6;0
2,1373;-16,3895;37,0367;46,5741;-0,0000;6,3893;163,6105;255,000;-75,000;21,193;50,000;-0,0000;12,0020;-3,1533;-0,0000;-8,8486;-0,0000;0,0000;0,2166;-1,9378;-0,0000;1,7212;0,0000;6;0
2,1434;-16,3895;37,1102;46,5547;-0,0000;6,3351;163,6105;255,000;-75,000;20,887;50,000;-0,0000;12,0033;-3,1652;-0,0000;-8,8381;-0,0000;0,0000;0,2125;-1,9366;-0,0000;1,7240;0,0000;6;0
2,1496;-16,3895;37,1837;46,5353;-0,0000;6,2810;163,6105;255,000;-75,000;20,581;50,000;-0,0000;12,0046;-3,1771;-0,0000;-8,8275;-0,0000;-0,0000;0,2085;-1,9353;0,0000;1,7268;-0,0000;6;0
2,1557;-16,3895;37,2572;46,5158;-0,0000;6,2270;163,6105;255,000;-75,000;20,275;50,000;-0,0000;12,0058;-3,1889;-0,0000;-8,8169;-0,0000;-0,0000;0,2045;-1,9341;0,0000;1,7296;-0,0000;6;0
2,1618;-16,3895;37,3307;46,4962;-0,0000;6,1730;163,6105;255,000;-75,000;19,968;50,000;-0,0000;12,0071;-3,2008;0,0000;-8,8063;-0,0000;-0,0000;0,2004;-1,9328;0,0000;1,7324;-0,0000;6;0
2,1679;-16,3895;37,4043;46,4766;-0,0000;6,1191;163,6105;255,000;-75,000;19,662;50,000;-0,0000;12,0083;-3,2126;-0,0000;-8,7957;-0,0000;0,0000;0,1964;-1,9316;-0,0000;1,7351;0,0000;6;0
2,1741;-16,3895;37,4778;46,4569;-0,0000;6,0653;163,6105;255,000;-75,000;19,356;50,000;-0,0000;12,0095;-3,2244;-0,0000;-8,7851;-0,0000;0,0000;0,1924;-1,9303;-0,0000;1,7379;0,0000;6;0
2,1802;-16,3895;37,5514;46,4371;-0,0000;6,0115;163,6105;255,000;-75,000;19,050;50,000;-0,0000;12,0106;-3,2362;-0,0000;-8,7744;-0,0000;-0,0000;0,1884;-1,9291;0,0000;1,7406;-0,0000;6;0
2,1863;-16,3895;37,6249;46,4172;-0,0000;5,9578;163,6105;255,000;-75,000;18,743;50,000;-0,0000;12,0118;-3,2480;-0,0000;-8,7637;-0,0000;0,0000;0,1845;-1,9278;-0,0000;1,7433;0,0000;6;0
2,1924;-16,3895;37,6985;46,3973;-0,0000;5,9042;163,6105;255,000;-75,000;18,437;50,000;-0,0000;12,0129;-3,2598;-0,0000;-8,7530;-0,0000;0,0000;0,1805;-1,9266;-0,0000;1,7460;0,0000;6;0
2,1986;-16,3895;37,7721;46,3773;-0,0000;5,8506;163,6105;255,000;-75,000;18,131;50,000;-0,0000;12,0140;-3,2716;-0,0000;-8,7423;-0,0000;-0,0000;0,1766;-1,9253;0,0000;1,7487;-0,0000;6;0
2,2047;-16,3895;37,8456;46,3572;-0,0000;5,7971;163,6105;255,000;-75,000;17,825;50,000;-0,0000;12,0151;-3,2834;0,0000;-8,7316;-0,0000;-0,0000;0,1726;-1,9240;0,0000;1,7514;-0,0000;6;0
2,2108;-16,3895;37,9192;46,3371;-0,0000;5,7437;163,6105;255,000;-75,000;17,519;50,000;-0,0000;12,0161;-3,2952;0,0000;-8,7209;-0,0000;0,0000;0,1687;-1,9228;-0,0000;1,7541;0,0000;6;0
2,2169;-16,3895;37,9928;46,3169;-0,0000;5,6903;163,6105;255,000;-75,000;17,212;50,000;-0,0000;12,0171;-3,3070;-0,0000;-8,7101;-0,0000;0,0000;0,1648;-1,9215;-0,0000;1,7567;0,0000;6;0
2,2231;-16,3895;38,0664;46,2966;-0,0000;5,6370;163,6105;255,000;-75,000;16,906;50,000;-0,0000;12,0181;-3,3187;-0,0000;-8,6994;-0,0000;0,0000;0,1608;-1,9202;-0,0000;1,7594;0,0000;6;0
2,2292;-16,3895;38,1400;46,2762;-0,0000;5,5837;163,6105;255,000;-75,000;16,600;50,000;-0,0000;12,0191;-3,3305;-0,0000;-8,6886;-0,0000;-0,0000;0,1569;-1,9189;0,0000;1,7620;0,0000;6;0
2,2353;-16,3895;38,2136;46,2558;-0,0000;5,5306;163,6105;255,000;-75,000;16,294;50,000;-0,0000;12,0200;-3,3422;-0,0000;-8,6778;-0,0000;0,0000;0,1531;-1,9177;-0,0000;1,7646;0,0000;6;0
2,2414;-16,3895;38,2872;46,2353;-0,0000;5,4775;163,6105;255,000;-75,000;15,988;50,000;-0,0000;12,0210;-3,3540;-0,0000;-8,6670;-0,0000;-0,0000;0,1492;-1,9164;0,0000;1,7672;-0,0000;6;0
2,2476;-16,3895;38,3609;46,2147;-0,0000;5,4244;163,6105;255,000;-75,000;15,681;50,000;-0,0000;12,0219;-3,3657;0,0000;-8,6561;-0,0000;-0,0000;0,1453;-1,9151;0,0000;1,7698;-0,0000;6;0
2,2537;-16,3895;38,4345;46,1941;-0,0000;5,3714;163,6105;255,000;-75,000;15,375;50,000;-0,0000;12,0227;-3,3774;0,0000;-8,6453;-0,0000;0,0000;0,1415;-1,9138;-0,0000;1,7724;0,0000;6;0
2,2598;-16,3895;38,5081;46,1734;-0,0000;5,3185;163,6105;255,000;-75,000;15,069;50,000;-0,0000;12,0236;-3,3892;-0,0000;-8,6344;-0,0000;0,0000;0,1376;-1,9126;-0,0000;1,7750;0,0000;6;0
2,2659;-16,3895;38,5818;46,1526;-0,0000;5,2657;163,6105;255,000;-75,000;14,763;50,000;-0,0000;12,0244;-3,4009;0,0000;-8,6236;-0,0000;-0,0000;0,1338;-1,9113;0,0000;1,7775;-0,0000;6;0
2,2720;-16,3895;38,6554;46,1317;0,0000;5,2129;163,6105;255,000;-75,000;14,457;50,000;-0,0000;12,0252;-3,4126;0,0000;-8,6127;-0,0000;-0,0000;0,1299;-1,9100;0,0000;1,7800;-0,0000;6;0
2,2782;-16,3895;38,7291;46,1108;0,0000;5,1602;163,6105;255,000;-75,000;14,150;50,000;-0,0000;12,0260;-3,4243;0,0000;-8,6018;-0,0000;-0,0000;0,1261;-1,9087;0,0000;1,7826;-0,0000;6;0
2,2843;-16,3895;38,8027;46,0898;0,0000;5,1075;163,6105;255,000;-75,000;13,844;50,000;-0,0000;12,0268;-3,4359;0,0000;-8,5908;-0,0000;0,0000;0,1223;-1,9074;-0,0000;1,7851;0,0000;6;0
2,2904;-16,3895;38,8764;46,0687;0,0000;5,0550;163,6105;255,000;-75,000;13,538;50,000;-0,0000;12,0275;-3,4476;0,0000;-8,5799;-0,0000;0,0000;0,1185;-1,9061;-0,0000;1,7876;0,0000;6;0
2,2965;-16,3895;38,9500;46,0475;0,0000;5,0025;163,6105;255,000;-75,000;13,232;50,000;-0,0000;12,0282;-3,4593;-0,0000;-8,5689;-0,0000;0,0000;0,1148;-1,9048;-0,0000;1,7901;0,0000;6;0
2,3027;-16,3895;39,0237;46,0263;0,0000;4,9500;163,6105;255,000;-75,000;12,926;50,000;-0,0000;12,0289;-3,4710;-0,0000;-8,5580;-0,0000;-0,0000;0,1110;-1,9035;0,0000;1,7925;-0,0000;6;0
2,3088;-16,3895;39,0974;46,0050;0,0000;4,8976;163,6105;255,000;-75,000;12,619;50,000;-0,0000;12,0296;-3,4826;-0,0000;-8,5470;-0,0000;-0,0000;0,1072;-1,9022;0,0000;1,7950;-0,0000;6;0
2,3149;-16,3895;39,1710;45,9837;0,0000;4,8453;163,6105;255,000;-75,000;12,313;50,000;-0,0000;12,0302;-3,4943;-0,0000;-8,5360;-0,0000;-0,0000;0,1035;-1,9009;0,0000;1,7974;-0,0000;6;0
2,3210;-16,3895;39,2447;45,9622;0,0000;4,7931;163,6105;255,000;-75,000;12,007;50,000;-0,0000;12,0309;-3,5059;0,0000;-8,5250;-0,0000;0,0000;0,0997;-1,8996;-0,0000;1,7999;0,0000;6;0
2,3272;-16,3895;39,3184;45,9407;0,0000;4,7409;163,6105;255,000;-75,000;11,701;50,000;-0,0000;12,0315;-3,5175;-0,0000;-8,5139;-0,0000;0,0000;0,0960;-1,8983;-0,0000;1,8023;0,0000;6;0
2,3333;-16,3895;39,3921;45,9191;-0,0000;4,6888;163,6105;255,000;-75,000;11,395;50,000;-0,0000;12,0320;-3,5291;-0,0000;-8,5029;-0,0000;-0,0000;0,0923;-1,8970;0,0000;1,8047;-0,0000;6;0
2,3394;-16,3895;39,4658;45,8975;-0,0000;4,6368;163,6105;255,000;-75,000;11,088;50,000;-0,0000;12,0326;-3,5408;0,0000;-8,4918;-0,0000;-0,0000;0,0886;-1,8957;0,0000;1,8071;-0,0000;6;0
2,3455;-16,3895;39,5394;45,8758;-0,0000;4,5848;163,6105;255,000;-75,000;10,782;50,000;-0,0000;12,0331;-3,5524;0,0000;-8,4808;-0,0000;0,0000;0,0849;-1,8944;-0,0000;1,8095;0,0000;6;0
2,3517;-16,3895;39,6131;45,8540;-0,0000;4,5329;163,6105;255,000;-75,000;10,476;50,000;-0,0000;12,0336;-3,5640;-0,0000;-8,4697;-0,0000;0,0000;0,0812;-1,8931;-0,0000;1,8119;0,0000;6;0
2,3578;-16,3895;39,6868;45,8321;-0,0000;4,4811;163,6105;255,000;-75,000;10,170;50,000;-0,0000;12,0341;-3,5755;0,0000;-8,4586;-0,0000;-0,0000;0,0776;-1,8918;0,0000;1,8142;-0,0000;6;0
2,3639;-16,3895;39,7605;45,8102;-0,0000;4,4293;163,6105;255,000;-75,000;9,864;50,000;-0,0000;12,0346;-3,5871;0,0000;-8,4475;-0,0000;-0,0000;0,0739;-1,8905;0,0000;1,8165;-0,0000;6;0
2,3700;-16,3895;39,8342;45,7882;0,0000;4,3776;163,6105;255,000;-75,000;9,557;50,000;-0,0000;12,0350;-3,5987;0,0000;-8,4363;-0,0000;0,0000;0,0703;-1,8892;-0,0000;1,8189;0,0000;6;0
2,3762;-16,3895;39,9079;45,7661;0,0000;4,3260;163,6105;255,000;-75,000;9,251;50,000;-0,0000;12,0354;-3,6103;-0,0000;-8,4252;-0,0000;0,0000;0,0666;-1,8878;-0,0000;1,8212;0,0000;6;0
2,3823;-16,3895;39,9817;45,7440;0,0000;4,2744;163,6105;255,000;-75,000;8,945;50,000;-0,0000;12,0358;-3,6218;-0,0000;-8,4140;-0,0000;-0,0000;0,0630;-1,8865;0,0000;1,8235;-0,0000;6;0
2,3884;-16,3895;40,0554;45,7217;0,0000;4,2229;163,6105;255,000;-75,000;8,639;50,000;-0,0000;12,0362;-3,6334;0,0000;-8,4028;-0,0000;-0,0000;0,0594;-1,8852;0,0000;1,8258;-0,0000;6;0
2,3945;-16,3895;40,1291;45,6995;0,0000;4,1715;163,6105;255,000;-75,000;8,332;50,000;-0,0000;12,0366;-3,6449;0,0000;-8,3917;-0,0000;0,0000;0,0558;-1,8839;-0,0000;1,8281;-0,0000;6;0
2,4007;-16,3895;40,2028;45,6771;0,0000;4,1201;163,6105;255,000;-75,000;8,026;50,000;-0,0000;12,0369;-3,6565;0,0000;-8,3804;-0,0000;0,0000;0,0522;-1,8826;-0,0000;1,8303;0,0000;6;0
2,4068;-16,3895;40,2765;45,6547;0,0000;4,0688;163,6105;255,000;-75,000;7,720;50,000;-0,0000;12,0372;-3,6680;0,0000;-8,3692;-0,0000;-0,0000;0,0486;-1,8812;0,0000;1,8326;0,0000;6;0
2,4129;-16,3895;40,3502;45,6322;0,0000;4,0176;163,6105;255,000;-75,000;7,414;50,000;-0,0000;12,0375;-3,6795;0,0000;-8,3580;-0,0000;0,0000;0,0451;-1,8799;-0,0000;1,8348;0,0000;6;0
2,4190;-16,3895;40,4239;45,6096;0,0000;3,9665;163,6105;255,000;-75,000;7,108;50,000;-0,0000;12,0378;-3,6910;-0,0000;-8,3468;-0,0000;0,0000;0,0415;-1,8786;-0,0000;1,8371;0,0000;6;0
2,4252;-16,3895;40,4977;45,5870;-0,0000;3,9154;163,6105;255,000;-75,000;6,801;50,000;-0,0000;12,0380;-3,7025;-0,0000;-8,3355;-0,0000;-0,0000;-0,2007;-1,8034;0,0000;2,0041;-0,0000;6;0
2,4313;-16,3895;40,5714;45,5643;-0,0000;3,8644;163,6105;255,000;-75,000;6,495;50,000;-0,0000;12,0353;-3,7131;-0,0000;-8,3222;-0,0000;0,0000;-8,6206;0,8106;0,0000;7,8100;-0,0000;6;0
2,4374;-16,3895;40,6451;45,5415;-0,0000;3,8134;163,6105;255,000;-75,000;6,189;49,976;-0,0000;11,9324;-3,6926;-0,0000;-8,2398;-0,0000;0,0000;-28,6022;7,0408;-0,0000;21,5614;0,0000;6;0
2,4435;-16,3895;40,7175;45,5190;-0,0000;3,7634;163,6105;255,000;-75,000;5,888;49,144;-0,0000;11,6850;-3,6269;-0,0000;-8,0581;-0,0000;0,0000;-44,2676;11,9899;0,0000;32,2777;0,0000;6;0
2,4496;-16,3895;40,7882;45,4971;-0,0000;3,7147;163,6105;255,000;-75,000;5,595;47,919;-0,0000;11,3902;-3,5457;-0,0000;-7,8445;-0,0000;0,0000;-48,1332;13,3140;0,0000;34,8192;-0,0000;6;0
2,4558;-16,3895;40,8570;45,4756;-0,0000;3,6674;163,6105;255,000;-75,000;5,309;46,694;-0,0000;11,0954;-3,4638;0,0000;-7,6316;-0,0000;0,0000;-48,1376;13,4436;0,0000;34,6941;0,0000;6;0
2,4619;-16,3895;40,9241;45,4546;-0,0000;3,6213;163,6105;255,000;-75,000;5,030;45,469;-0,0000;10,8006;-3,3811;0,0000;-7,4196;-0,0000;0,0000;-48,1415;13,5695;0,0000;34,5720;0,0000;6;0
2,4680;-16,3895;40,9893;45,4342;-0,0000;3,5765;163,6105;255,000;-75,000;4,759;44,244;-0,0000;10,5058;-3,2976;0,0000;-7,2082;-0,0000;0,0000;-48,1450;13,6920;0,0000;34,4530;0,0000;6;0
2,4741;-16,3895;41,0528;45,4142;0,0000;3,5330;163,6105;255,000;-75,000;4,496;43,020;-0,0000;10,2109;-3,2134;0,0000;-6,9976;-0,0000;0,0000;-48,1480;13,8110;-0,0000;34,3371;0,0000;6;0
2,4803;-16,3895;41,1144;45,3948;0,0000;3,4908;163,6105;255,000;-75,000;4,240;41,795;-0,0000;9,9160;-3,1284;0,0000;-6,7876;-0,0000;0,0000;-48,1507;13,9264;-0,0000;34,2243;0,0000;6;0
2,4864;-16,3895;41,1742;45,3759;0,0000;3,4498;163,6105;255,000;-75,000;3,992;40,570;-0,0000;9,6212;-3,0428;-0,0000;-6,5784;-0,0000;0,0000;-48,1530;14,0384;-0,0000;34,1146;0,0000;6;0
2,4925;-16,3895;41,2322;45,3576;0,0000;3,4102;163,6105;255,000;-75,000;3,751;39,345;-0,0000;9,3263;-2,9565;-0,0000;-6,3698;-0,0000;0,0000;-48,1549;14,1469;0,0000;34,0081;0,0000;6;0
2,4986;-16,3895;41,2885;45,3397;-0,0000;3,3718;163,6105;255,000;-75,000;3,517;38,120;-0,0000;9,0313;-2,8695;-0,0000;-6,1618;-0,0000;0,0000;-48,1566;14,2519;0,0000;33,9047;0,0000;6;0
2,5048;-16,3895;41,3429;45,3224;-0,0000;3,3347;163,6105;255,000;-75,000;3,291;36,895;-0,0000;8,7364;-2,7819;-0,0000;-5,9545;-0,0000;0,0000;-48,1579;14,3534;0,0000;33,8045;0,0000;6;0
2,5109;-16,3895;41,3955;45,3056;-0,0000;3,2989;163,6105;255,000;-75,000;3,073;35,671;-0,0000;8,4415;-2,6937;-0,0000;-5,7478;-0,0000;0,0000;-48,1590;14,4515;0,0000;33,7075;0,0000;6;0
2,5170;-16,3895;41,4463;45,2894;-0,0000;3,2643;163,6105;255,000;-75,000;2,862;34,446;-0,0000;8,1466;-2,6049;0,0000;-5,5417;-0,0000;0,0000;-48,1598;14,5461;0,0000;33,6137;-0,0000;6;0
2,5231;-16,3895;41,4952;45,2737;0,0000;3,2310;163,6105;255,000;-75,000;2,658;33,221;-0,0000;7,8516;-2,5155;0,0000;-5,3361;-0,0000;0,0000;-48,1605;14,6373;-0,0000;33,5231;0,0000;6;0
2,5293;-16,3895;41,5424;45,2586;0,0000;3,1990;163,6105;255,000;-75,000;2,462;31,996;-0,0000;7,5567;-2,4256;0,0000;-5,1311;-0,0000;0,0000;-48,1609;14,7251;-0,0000;33,4358;0,0000;6;0
2,5354;-16,3895;41,5878;45,2440;0,0000;3,1682;163,6105;255,000;-75,000;2,274;30,771;-0,0000;7,2617;-2,3352;0,0000;-4,9266;-0,0000;0,0000;-48,1611;14,8094;-0,0000;33,3517;0,0000;6;0
2,5415;-16,3895;41,6314;45,2300;0,0000;3,1386;163,6105;255,000;-75,000;2,093;29,547;-0,0000;6,9668;-2,2442;0,0000;-4,7226;-0,0000;0,0000;-48,1612;14,8904;0,0000;33,2709;0,0000;6;0
2,5476;-16,3895;41,6731;45,2165;0,0000;3,1103;163,6105;255,000;-75,000;1,920;28,322;-0,0000;6,6718;-2,1528;0,0000;-4,5190;-0,0000;0,0000;-48,1612;14,9679;-0,0000;33,1933;0,0000;6;0
2,5538;-16,3895;41,7131;45,2036;0,0000;3,0833;163,6105;255,000;-75,000;1,754;27,097;-0,0000;6,3769;-2,0609;-0,0000;-4,3160;-0,0000;0,0000;-48,1610;15,0420;-0,0000;33,1190;0,0000;6;0
2,5599;-16,3895;41,7512;45,1913;0,0000;3,0575;163,6105;255,000;-75,000;1,595;25,872;-0,0000;6,0820;-1,9686;-0,0000;-4,1134;-0,0000;0,0000;-48,1607;15,1127;0,0000;33,0480;0,0000;6;0
2,5660;-16,3895;41,7876;45,1795;0,0000;3,0329;163,6105;255,000;-75,000;1,444;24,647;-0,0000;5,7870;-1,8758;-0,0000;-3,9112;-0,0000;0,0000;-48,1604;15,1801;0,0000;32,9803;0,0000;6;0
2,5721;-16,3895;41,8221;45,1683;0,0000;3,0096;163,6105;255,000;-75,000;1,301;23,422;-0,0000;5,4921;-1,7826;-0,0000;-3,7094;-0,0000;0,0000;-48,1599;15,2440;-0,0000;32,9159;0,0000;6;0
2,5783;-16,3895;41,8548;45,1577;0,0000;2,9875;163,6105;255,000;-75,000;1,165;22,198;-0,0000;5,1971;-1,6891;-0,0000;-3,5081;-0,0000;0,0000;-48,1594;15,3046;-0,0000;32,8548;0,0000;6;0
2,5844;-16,3895;41,8858;45,1476;0,0000;2,9666;163,6105;255,000;-75,000;1,036;20,973;-0,0000;4,9022;-1,5952;-0,0000;-3,3070;-0,0000;0,0000;-48,1589;15,3618;0,0000;32,7971;0,0000;6;0
2,5905;-16,3895;41,9149;45,1382;0,0000;2,9470;163,6105;255,000;-75,000;0,915;19,748;-0,0000;4,6073;-1,5009;-0,0000;-3,1064;-0,0000;0,0000;-48,1583;15,4156;-0,0000;32,7427;0,0000;6;0
2,5966;-16,3895;41,9422;45,1293;0,0000;2,9285;163,6105;255,000;-75,000;0,802;18,523;-0,0000;4,3124;-1,4064;-0,0000;-2,9060;-0,0000;0,0000;-48,1577;15,4661;-0,0000;32,6916;0,0000;6;0
2,6028;-16,3895;41,9677;45,1209;0,0000;2,9114;163,6105;255,000;-75,000;0,696;17,298;-0,0000;4,0174;-1,3115;-0,0000;-2,7059;-0,0000;0,0000;-48,1571;15,5132;-0,0000;32,6439;0,0000;6;0
2,6089;-16,3895;41,9914;45,1132;0,0000;2,8954;163,6105;255,000;-75,000;0,598;16,073;-0,0000;3,7225;-1,2164;-0,0000;-2,5062;-0,0000;0,0000;-48,1565;15,5570;-0,0000;32,5995;0,0000;6;0
2,6150;-16,3895;42,0133;45,1060;0,0000;2,8807;163,6105;255,000;-75,000;0,507;14,849;-0,0000;3,4276;-1,1210;-0,0000;-2,3067;-0,0000;0,0000;-48,1559;15,5974;-0,0000;32,5585;0,0000;6;0
2,6211;-16,3895;42,0334;45,0995;0,0000;2,8671;163,6105;255,000;-75,000;0,423;13,624;-0,0000;3,1327;-1,0253;-0,0000;-2,1074;-0,0000;0,0000;-48,1553;15,6345;0,0000;32,5209;0,0000;6;0
2,6272;-16,3895;42,0517;45,0935;0,0000;2,8549;163,6105;255,000;-75,000;0,347;12,399;-0,0000;2,8378;-0,9295;0,0000;-1,9083;-0,0000;0,0000;-48,1548;15,6682;0,0000;32,4866;0,0000;6;0
2,6334;-16,3895;42,0682;45,0881;0,0000;2,8438;163,6105;255,000;-75,000;0,279;11,174;-0,0000;2,5429;-0,8334;-0,0000;-1,7095;-0,0000;0,0000;-48,1542;15,6986;-0,0000;32,4557;0,0000;6;0
2,6395;-16,3895;42,0828;45,0833;0,0000;2,8339;163,6105;255,000;-75,000;0,218;9,949;-0,0000;2,2480;-0,7372;0,0000;-1,5108;-0,0000;0,0000;-48,1537;15,7256;-0,0000;32,4281;0,0000;6;0
2,6456;-16,3895;42,0957;45,0790;0,0000;2,8253;163,6105;255,000;-75,000;0,165;8,725;-0,0000;1,9531;-0,6408;-0,0000;-1,3123;-0,0000;0,0000;-48,1533;15,7493;-0,0000;32,4040;0,0000;6;0
2,6517;-16,3895;42,1067;45,0754;-0,0000;2,8178;163,6105;255,000;-75,000;0,119;7,500;-0,0000;1,6582;-0,5443;-0,0000;-1,1139;-0,0000;0,0000;-48,1529;15,7697;0,0000;32,3832;0,0000;6;0
2,6579;-16,3895;42,1160;45,0724;-0,0000;2,8116;163,6105;255,000;-75,000;0,080;6,275;-0,0000;1,3633;-0,4476;0,0000;-0,9156;-0,0000;0,0000;-48,1526;15,7867;0,0000;32,3659;0,0000;6;0
2,6640;-16,3895;42,1234;45,0699;-0,0000;2,8066;163,6105;255,000;-75,000;0,049;5,050;-0,0000;1,0684;-0,3509;0,0000;-0,7175;-0,0000;0,0000;-48,1523;15,8005;-0,0000;32,3519;0,0000;6;0
2,6701;-16,3895;42,1291;45,0681;0,0000;2,8028;163,6105;255,000;-75,000;0,026;3,825;-0,0000;0,7735;-0,2541;0,0000;-0,5194;-0,0000;0,0000;-48,1521;15,8108;-0,0000;32,3413;0,0000;6;0
2,6762;-16,3895;42,1329;45,0668;-0,0000;2,8003;163,6105;255,000;-75,000;0,010;2,600;-0,0000;0,4786;-0,1573;0,0000;-0,3214;-0,0000;0,2160;-47,0639;14,8057;0,0000;32,2582;0,2160;6;0
2,6824;-16,3895;42,1349;45,0662;0,0000;2,7989;163,6105;255,000;-75,000;0,001;1,376;0,0026;0,1971;-0,0728;0,0000;-0,1243;0,0026;2,8829;-33,6323;2,3141;-0,0000;31,3184;2,8829;6;0
2,6885;-16,3895;42,1353;45,0659;0,0000;2,7987;163,6105;255,001;-75,000;0,000;0,253;0,0353;0,0667;-0,1289;-0,0000;0,0622;0,0353;8,1583;-7,0600;-22,4042;0,0001;29,4604;8,1582;8;0
2,6946;-16,3891;42,1358;45,0646;-0,0000;2,7997;163,6109;255,007;-75,000;0,000;1,074;0,1026;0,1106;-0,3472;0,0000;0,2365;0,1026;11,5717;10,1439;-38,4093;0,0000;28,2651;11,5717;8;0
2,7007;-16,3883;42,1367;45,0617;0,0000;2,8016;163,6117;255,021;-75,000;0,000;2,299;0,1770;0,1909;-0,5994;0,0000;0,4084;0,1770;12,1585;13,1212;-41,1801;-0,0002;28,0664;12,1587;8;0
2,7069;-16,3869;42,1381;45,0572;-0,0000;2,8047;163,6131;255,043;-75,000;0,000;3,524;0,2515;0,2713;-0,8516;-0,0000;0,5803;0,2515;12,1529;13,1262;-41,1825;-0,0010;28,0564;12,1538;8;0
2,7130;-16,3852;42,1400;45,0512;0,0000;2,8087;163,6148;255,072;-75,000;0,000;4,749;0,3259;0,3517;-1,1038;-0,0000;0,7521;0,3259;12,1451;13,1336;-41,1875;0,0001;28,0501;12,1451;8;0
2,7191;-16,3829;42,1424;45,0437;-0,0000;2,8139;163,6171;255,108;-75,000;0,000;5,973;0,4002;0,4322;-1,3560;-0,0000;0,9239;0,4002;12,1355;13,1435;-41,1961;0,0019;28,0525;12,1336;8;0
2,7252;-16,3803;42,1453;45,0346;0,0000;2,8201;163,6197;255,153;-75,000;0,000;7,198;0,4745;0,5127;-1,6084;0,0000;1,0957;0,4745;12,1239;13,1551;-41,2052;-0,0003;28,0501;12,1242;8;0
2,7314;-16,3771;42,1487;45,0240;0,0000;2,8273;163,6229;255,204;-75,000;0,000;8,423;0,5487;0,5933;-1,8607;-0,0000;1,2674;0,5487;12,1099;13,1685;-41,2151;0,0378;28,0440;12,0712;8;0
2,7375;-16,3735;42,1526;45,0118;-0,0000;2,8356;163,6265;255,263;-75,000;0,000;9,648;0,6229;0,6740;-2,1132;0,0005;1,4392;0,6224;12,0949;13,1842;-41,2281;0,0004;28,0438;12,0945;8;0
2,7436;-16,3695;42,1569;44,9981;0,0000;2,8449;163,6305;255,330;-75,000;0,000;10,873;0,6969;0,7548;-2,3657;0,0000;1,6109;0,6969;12,0780;13,2022;-41,2434;-0,0457;28,0470;12,1254;8;0
2,7497;-16,3650;42,1618;44,9829;-0,0000;2,8553;163,6350;255,404;-75,000;0,000;12,097;0,7708;0,8357;-2,6183;-0,0001;1,7827;0,7709;12,0581;13,2211;-41,2572;0,0001;28,0361;12,0580;8;0
2,7559;-16,3601;42,1672;44,9661;0,0000;2,8668;163,6399;255,485;-75,000;0,000;13,322;0,8446;0,9167;-2,8710;0,0000;1,9543;0,8446;12,0371;13,2423;-41,2733;-0,0292;28,0279;12,0655;8;0
2,7620;-16,3547;42,1730;44,9477;0,0000;2,8793;163,6453;255,575;-75,000;0,000;14,547;0,9182;0,9979;-3,1239;-0,0004;2,1260;0,9187;12,0135;13,2659;-41,2926;-0,0002;28,0266;12,0137;8;0
2,7681;-16,3488;42,1794;44,9278;-0,0000;2,8928;163,6512;255,671;-75,000;0,000;15,772;0,9917;1,0792;-3,3768;-0,0000;2,2976;0,9917;11,9877;13,2912;-41,3124;0,0416;28,0207;11,9462;8;0
2,7742;-16,3425;42,1863;44,9063;-0,0000;2,9074;163,6575;255,775;-75,000;0,000;16,997;1,0651;1,1607;-3,6299;0,0001;2,4692;1,0650;11,9612;13,3185;-41,3341;0,0000;28,0157;11,9612;8;0
2,7804;-16,3358;42,1936;44,8833;0,0000;2,9230;163,6642;255,887;-75,000;0,000;18,222;1,1382;1,2423;-3,8831;0,0000;2,6407;1,1382;11,9324;13,3477;-41,3574;-0,0066;28,0102;11,9390;8;0
2,7865;-16,3286;42,2015;44,8588;-0,0000;2,9397;163,6714;256,006;-75,000;0,000;19,446;1,2112;1,3242;-4,1364;-0,0000;2,8123;1,2112;11,9014;13,3788;-41,3819;-0,0000;28,0031;11,9014;8;0
2,7926;-16,3209;42,2098;44,8327;0,0000;2,9575;163,6791;256,132;-75,000;0,000;20,671;1,2840;1,4062;-4,3899;0,0000;2,9837;1,2840;11,8687;13,4118;-41,4082;0,0012;27,9964;11,8675;8;0
2,7987;-16,3129;42,2187;44,8050;-0,0000;2,9763;163,6871;256,267;-75,000;0,000;21,896;1,3566;1,4884;-4,6436;0,0000;3,1552;1,3566;11,8345;13,4468;-41,4360;-0,0300;27,9894;11,8646;8;0
2,8048;-16,3043;42,2281;44,7758;0,0000;2,9961;163,6957;256,408;-75,000;0,000;23,121;1,4289;1,5709;-4,8974;-0,0004;3,3266;1,4293;11,7977;13,4837;-41,4653;-0,0001;27,9816;11,7978;8;0
2,8110;-16,2954;42,2379;44,7450;-0,0000;3,0170;163,7047;256,557;-75,000;0,000;24,346;1,5011;1,6536;-5,1515;-0,0000;3,4979;1,5011;11,7584;13,5227;-41,4969;0,0687;27,9765;11,6897;8;0
2,8171;-16,2859;42,2483;44,7127;-0,0000;3,0390;163,7141;256,714;-75,000;0,000;25,571;1,5730;1,7365;-5,4057;0,0005;3,6692;1,5725;11,7193;13,5632;-41,5287;0,0003;27,9655;11,7190;8;0
2,8232;-16,2761;42,2592;44,6788;0,0000;3,0620;163,7239;256,878;-75,000;0,000;26,795;1,6446;1,8197;-5,6601;0,0000;3,8404;1,6446;11,6781;13,6054;-41,5613;-0,0473;27,9506;11,7255;8;0
2,8293;-16,2658;42,2706;44,6434;0,0000;3,0860;163,7342;257,050;-75,000;0,000;28,020;1,7160;1,9032;-5,9148;-0,0001;4,0116;1,7161;11,6338;13,6503;-41,5984;-0,0002;27,9481;11,6340;8;0
2,8355;-16,2551;42,2825;44,6064;-0,0000;3,1111;163,7449;257,229;-75,000;0,000;29,245;1,7871;1,9869;-6,1696;-0,0000;4,1827;1,7871;11,5895;13,6970;-41,6365;-0,0803;27,9425;11,6698;8;0
2,8416;-16,2439;42,2949;44,5678;0,0000;3,1372;163,7561;257,415;-75,000;0,000;30,470;1,8580;2,0709;-6,4247;-0,0011;4,3538;1,8590;11,5411;13,7450;-41,6744;-0,0003;27,9293;11,5414;8;0
2,8477;-16,2323;42,3079;44,5277;-0,0000;3,1644;163,7677;257,609;-75,000;0,000;31,695;1,9285;2,1553;-6,6801;-0,0000;4,5248;1,9285;11,4896;13,7951;-41,7146;0,1780;27,9190;11,3115;8;0
2,8538;-16,2203;42,3213;44,4860;-0,0000;3,1927;163,7797;257,811;-75,000;0,000;32,920;1,9987;2,2399;-6,9357;0,0011;4,6958;1,9976;11,4424;13,8472;-41,7568;-0,0553;27,9105;11,4978;8;0
2,8600;-16,2078;42,3353;44,4427;0,0000;3,2219;163,7922;258,020;-75,000;0,000;34,144;2,0686;2,3249;-7,1915;-0,0007;4,8667;2,0693;11,3905;13,9010;-41,8002;-0,0895;27,8994;11,4801;8;0
2,8661;-16,1949;42,3498;44,3979;-0,0000;3,2523;163,8051;258,237;-75,000;0,000;35,369;2,1382;2,4102;-7,4476;-0,0000;5,0375;2,1382;11,3335;13,9566;-41,8449;0,1114;27,8869;11,2219;8;0
2,8722;-16,1816;42,3648;44,3515;-0,0000;3,2836;163,8184;258,461;-75,000;0,000;36,594;2,2074;2,4958;-7,7040;0,0007;5,2082;2,2067;11,2795;14,0143;-41,8919;0,0006;27,8777;11,2789;8;0
2,8783;-16,1679;42,3804;44,3035;0,0000;3,3161;163,8321;258,692;-75,000;0,000;37,819;2,2763;2,5818;-7,9607;0,0000;5,3789;2,2763;11,2230;14,0737;-41,9403;-0,0558;27,8673;11,2789;8;0
2,8845;-16,1538;42,3965;44,2540;-0,0000;3,3495;163,8462;258,932;-75,000;0,000;39,044;2,3449;2,6682;-8,2177;-0,0000;5,5496;2,3449;11,1633;14,1348;-41,9900;0,0000;27,8551;11,1632;8;0
2,8906;-16,1392;42,4131;44,2029;0,0000;3,3840;163,8608;259,178;-75,000;0,000;40,268;2,4131;2,7549;-8,4750;0,0000;5,7201;2,4131;11,1023;14,1979;-42,0418;0,0274;27,8453;11,0750;8;0
2,8967;-16,1242;42,4302;44,1502;-0,0000;3,4196;163,8758;259,432;-75,000;0,000;41,493;2,4809;2,8421;-8,7327;0,0003;5,8906;2,4805;11,0407;14,2626;-42,0944;0,0004;27,8318;11,0402;8;0
2,9028;-16,1088;42,4479;44,0959;0,0000;3,4562;163,8912;259,694;-75,000;0,000;42,718;2,5483;2,9296;-8,9906;0,0000;6,0610;2,5483;10,9779;14,3290;-42,1483;-0,0549;27,8164;11,0325;8;0
2,9090;-16,0930;42,4661;44,0401;0,0000;3,4938;163,9070;259,963;-75,000;0,000;43,943;2,6153;3,0176;-9,2489;-0,0003;6,2313;2,6157;10,9119;14,3976;-42,2053;-0,0001;27,8078;10,9120;8;0
2,9151;-16,0768;42,4848;43,9827;-0,0000;3,5325;163,9232;260,240;-75,000;0,000;45,168;2,6820;3,1060;-9,5076;0,0000;6,4016;2,6820;10,8448;14,4679;-42,2635;0,0274;27,7971;10,8175;8;0
2,9212;-16,0601;42,5041;43,9236;0,0000;3,5722;163,9399;260,524;-75,000;0,000;46,393;2,7482;3,1948;-9,7666;-0,0000;6,5718;2,7482;10,7771;14,5396;-42,3226;-0,0002;27,7829;10,7773;8;0
2,9273;-16,0431;42,5240;43,8630;-0,0000;3,6130;163,9569;260,815;-75,000;0,000;47,617;2,8140;3,2841;-10,0259;0,0000;6,7419;2,8140;10,2606;14,0875;-40,7827;0,0000;26,6953;10,2606;8;0
2,9335;-16,0257;42,5444;43,8008;0,0000;3,6548;163,9743;261,114;-75,000;0,000;48,842;2,8738;3,3673;-10,2661;0,0000;6,8988;2,8738;7,1334;10,5504;-29,8650;-0,0009;19,3146;7,1343;8;0
2,9396;-16,0079;42,5652;43,7373;-0,0000;3,6975;163,9921;261,420;-75,000;0,000;49,879;2,9013;3,4133;-10,3917;-0,0000;6,9785;2,9013;2,0202;4,6219;-11,7239;0,0000;7,1021;2,0202;8;0
2,9457;-15,9901;42,5862;43,6736;0,0000;3,7403;164,0099;261,726;-75,000;0,000;50,000;2,8986;3,4239;-10,4097;0,0000;6,9857;2,8986;-0,7349;1,4031;-1,8999;-0,0004;0,4968;-0,7344;8;0
2,9518;-15,9724;42,6071;43,6098;0,0000;3,7831;164,0276;262,032;-75,000;0,000;50,000;2,8923;3,4305;-10,4150;-0,0000;6,9845;2,8923;-1,0202;1,0636;-0,8695;-0,0000;-0,1941;-1,0202;8;0
2,9580;-15,9547;42,6282;43,5460;-0,0000;3,8258;164,0453;262,338;-75,000;0,000;50,000;2,8861;3,4370;-10,4203;-0,0000;6,9834;2,8861;-1,0170;1,0622;-0,8699;0,0012;-0,1923;-1,0182;8;0
2,9641;-15,9371;42,6492;43,4822;0,0000;3,8686;164,0629;262,645;-75,000;0,000;50,000;2,8799;3,4435;-10,4257;0,0000;6,9822;2,8799;-1,0138;1,0609;-0,8703;0,0000;-0,1906;-1,0138;8;0
2,9702;-15,9194;42,6704;43,4183;-0,0000;3,9114;164,0806;262,951;-75,000;0,000;50,000;2,8737;3,4500;-10,4310;-0,0000;6,9810;2,8737;-1,0106;1,0596;-0,8707;-0,0001;-0,1888;-1,0106;8;0
2,9763;-15,9019;42,6915;43,3544;0,0000;3,9541;164,0981;263,257;-75,000;0,000;50,000;2,8675;3,4565;-10,4363;0,0000;6,9799;2,8675;-1,0073;1,0584;-0,8715;-0,0096;-0,1855;-0,9972;8;0
2,9824;-15,8843;42,7127;43,2905;0,0000;3,9968;164,1157;263,563;-75,000;0,000;50,000;2,8613;3,4629;-10,4417;-0,0001;6,9788;2,8615;-1,0043;1,0569;-0,8716;-0,0003;-0,1854;-1,0040;8;0
2,9886;-15,8668;42,7339;43,2265;-0,0000;4,0396;164,1332;263,870;-75,000;0,000;50,000;2,8552;3,4694;-10,4470;-0,0000;6,9776;2,8552;-1,0015;1,0553;-0,8712;0,0191;-0,1869;-1,0217;8;0
2,9947;-15,8493;42,7552;43,1625;-0,0000;4,0823;164,1507;264,176;-75,000;0,000;50,000;2,8491;3,4759;-10,4523;0,0001;6,9765;2,8489;-0,9980;1,0543;-0,8724;0,0003;-0,1819;-0,9983;8;0
3,0008;-15,8319;42,7765;43,0985;0,0000;4,1250;164,1681;264,482;-75,000;0,000;50,000;2,8430;3,4823;-10,4577;0,0000;6,9754;2,8430;-0,9947;1,0531;-0,8732;-0,0096;-0,1785;-0,9846;8;0
3,0069;-15,8145;42,7978;43,0344;-0,0000;4,1677;164,1855;264,788;-75,000;0,000;50,000;2,8369;3,4888;-10,4630;-0,0000;6,9743;2,8369;-0,9918;1,0517;-0,8733;0,0001;-0,1784;-0,9919;8;0
3,0131;-15,7972;42,8192;42,9703;0,0000;4,2105;164,2028;265,094;-75,000;0,000;50,000;2,8308;3,4952;-10,4684;0,0000;6,9732;2,8308;-0,9886;1,0507;-0,8746;-0,0065;-0,1730;-0,9820;8;0
3,0192;-15,7799;42,8406;42,9062;0,0000;4,2532;164,2201;265,401;-75,000;0,000;50,000;2,8248;3,5016;-10,4737;-0,0001;6,9722;2,8249;-0,9856;1,0491;-0,8742;-0,0004;-0,1749;-0,9852;8;0
3,0253;-15,7626;42,8621;42,8420;-0,0000;4,2959;164,2374;265,707;-75,000;0,000;50,000;2,8187;3,5080;-10,4791;-0,0000;6,9711;2,8188;-0,9828;1,0473;-0,8729;0,0130;-0,1807;-0,9959;8;0
3,0314;-15,7453;42,8836;42,7779;-0,0000;4,3385;164,2547;266,013;-75,000;0,000;50,000;2,8127;3,5145;-10,4844;0,0001;6,9700;2,8127;-0,9795;1,0466;-0,8751;0,0004;-0,1715;-0,9800;8;0
3,0376;-15,7281;42,9052;42,7136;0,0000;4,3812;164,2719;266,319;-75,000;0,000;50,000;2,8068;3,5209;-10,4898;0,0000;6,9690;2,8068;-0,9763;1,0457;-0,8765;-0,0065;-0,1661;-0,9698;8;0
3,0437;-15,7110;42,9267;42,6494;-0,0000;4,4239;164,2890;266,625;-75,000;0,000;50,000;2,8008;3,5273;-10,4952;-0,0000;6,9679;2,8008;-0,9734;1,0441;-0,8761;0,0001;-0,1680;-0,9735;8;0
3,0498;-15,6938;42,9484;42,5851;0,0000;4,4666;164,3062;266,932;-75,000;0,000;50,000;2,7948;3,5336;-10,5005;0,0000;6,9669;2,7948;-0,9688;1,0431;-0,8771;-0,0772;-0,1642;-0,8916;8;0
3,0559;-15,6767;42,9700;42,5208;0,0000;4,5092;164,3233;267,238;-75,000;0,000;50,000;2,7889;3,5400;-10,5059;-0,0009;6,9659;2,7899;-0,9674;1,0417;-0,8770;-0,0021;-0,1648;-0,9653;8;0
3,0621;-15,6597;42,9917;42,4564;-0,0000;4,5519;164,3404;267,544;-75,000;0,000;50,000;2,7830;3,5464;-10,5113;-0,0000;6,9649;2,7830;-0,9676;1,0401;-0,8765;0,1543;-0,1672;-1,1221;8;0
3,0682;-15,6426;43,0135;42,3920;-0,0000;4,5945;164,3574;267,850;-75,000;0,000;50,000;2,7771;3,5528;-10,5167;0,0009;6,9639;2,7761;-0,9613;1,0392;-0,8781;-0,0025;-0,1606;-0,9588;8;0
3,0743;-15,6256;43,0352;42,3276;0,0000;4,6372;164,3744;268,156;-75,000;0,000;50,000;2,7712;3,5591;-10,5220;-0,0001;6,9629;2,7713;-0,9569;1,0382;-0,8791;-0,0772;-0,1573;-0,8796;8;0
3,0804;-15,6087;43,0570;42,2631;-0,0000;4,6798;164,3913;268,463;-75,000;0,000;50,000;2,7653;3,5655;-10,5274;-0,0000;6,9619;2,7653;-0,9558;1,0369;-0,8794;0,0134;-0,1566;-0,9693;8;0
3,0866;-15,5918;43,0789;42,1986;-0,0000;4,7225;164,4082;268,769;-75,000;0,000;50,000;2,7595;3,5718;-10,5328;0,0001;6,9610;2,7594;-0,9525;1,0356;-0,8796;0,0001;-0,1560;-0,9526;8;0
3,0927;-15,5749;43,1008;42,1341;0,0000;4,7651;164,4251;269,075;-75,000;0,000;50,000;2,7537;3,5782;-10,5382;0,0000;6,9600;2,7537;-0,9494;1,0342;-0,8794;-0,0118;-0,1575;-0,9376;8;0
3,0988;-15,5580;43,1227;42,0696;0,0000;4,8077;164,4420;269,381;-75,000;0,000;50,000;2,7479;3,5845;-10,5436;-0,0000;6,9591;2,7479;-0,9467;1,0333;-0,8806;-0,0000;-0,1526;-0,9467;8;0
3,1049;-15,5412;43,1447;42,0050;-0,0000;4,8503;164,4588;269,687;-75,000;0,000;50,000;2,7421;3,5908;-10,5490;0,0000;6,9582;2,7421;-0,9438;1,0322;-0,8816;0,0027;-0,1493;-0,9466;8;0
3,1111;-15,5245;43,1667;41,9404;0,0000;4,8929;164,4755;269,994;-75,000;0,000;50,000;2,7363;3,5971;-10,5544;-0,0000;6,9572;2,7363;-0,9409;1,0309;-0,8817;-0,0000;-0,1492;-0,9409;8;0
3,1172;-15,5077;43,1888;41,8757;-0,0000;4,9355;164,4923;270,300;-75,000;0,000;50,000;2,7306;3,6035;-10,5598;0,0000;6,9563;2,7306;-0,9380;1,0298;-0,8823;0,0000;-0,1475;-0,9380;8;0
3,1233;-15,4910;43,2108;41,8110;0,0000;4,9781;164,5090;270,606;-75,000;0,000;50,000;2,7248;3,6098;-10,5652;-0,0000;6,9554;2,7248;-0,9351;1,0286;-0,8828;-0,0000;-0,1458;-0,9351;8;0
3,1294;-15,4743;43,2330;41,7463;-0,0000;5,0207;164,5257;270,912;-75,000;0,000;50,000;2,7191;3,6161;-10,5706;0,0000;6,9545;2,7191;-0,9322;1,0275;-0,8834;0,0001;-0,1441;-0,9323;8;0
3,1355;-15,4577;43,2551;41,6816;0,0000;5,0633;164,5423;271,218;-75,000;0,000;50,000;2,7134;3,6223;-10,5760;0,0000;6,9537;2,7134;-0,9282;1,0265;-0,8844;-0,0533;-0,1404;-0,8746;8;0
3,1417;-15,4411;43,2773;41,6168;0,0000;5,1059;164,5589;271,525;-75,000;0,000;50,000;2,7077;3,6286;-10,5814;-0,0007;6,9528;2,7084;-0,9265;1,0253;-0,8845;-0,0011;-0,1408;-0,9254;8;0
3,1478;-15,4245;43,2996;41,5520;-0,0000;5,1485;164,5755;271,831;-75,000;0,000;50,000;2,7021;3,6349;-10,5868;-0,0000;6,9519;2,7021;-0,9261;1,0238;-0,8842;0,1065;-0,1430;-1,0331;8;0
3,1539;-15,4080;43,3219;41,4871;-0,0000;5,1910;164,5920;272,137;-75,000;0,000;50,000;2,6964;3,6412;-10,5923;0,0007;6,9511;2,6957;-0,9209;1,0230;-0,8857;0,0021;-0,1371;-0,9230;8;0
3,1600;-15,3915;43,3442;41,4222;0,0000;5,2336;164,6085;272,443;-75,000;0,000;50,000;2,6908;3,6474;-10,5977;0,0000;6,9503;2,6908;-0,9169;1,0221;-0,8868;-0,0532;-0,1336;-0,8634;8;0
3,1662;-15,3751;43,3665;41,3573;0,0000;5,2762;164,6249;272,749;-75,000;0,000;50,000;2,6852;3,6537;-10,6031;-0,0000;6,9494;2,6852;-0,9153;1,0208;-0,8869;-0,0010;-0,1341;-0,9143;8;0
3,1723;-15,3586;43,3889;41,2923;-0,0000;5,3187;164,6414;273,056;-75,000;0,000;50,000;2,6796;3,6599;-10,6086;0,0000;6,9486;2,6796;-0,9125;1,0198;-0,8875;0,0000;-0,1323;-0,9125;8;0
3,1784;-15,3422;43,4114;41,2274;0,0000;5,3613;164,6578;273,362;-75,000;0,000;50,000;2,6740;3,6662;-10,6140;-0,0000;6,9478;2,6740;-0,9097;1,0187;-0,8881;0,0000;-0,1306;-0,9097;8;0
3,1845;-15,3259;43,4338;41,1623;-0,0000;5,4038;164,6741;273,668;-75,000;0,000;50,000;2,6684;3,6724;-10,6194;0,0000;6,9470;2,6684;-0,9069;1,0176;-0,8887;0,0000;-0,1289;-0,9069;8;0
3,1907;-15,3096;43,4563;41,0973;0,0000;5,4464;164,6904;273,974;-75,000;0,000;50,000;2,6629;3,6786;-10,6249;0,0000;6,9462;2,6629;-0,9042;1,0165;-0,8893;-0,0001;-0,1272;-0,9041;8;0
3,1968;-15,2933;43,4789;41,0322;-0,0000;5,4889;164,7067;274,281;-75,000;0,000;50,000;2,6573;3,6849;-10,6303;-0,0000;6,9455;2,6573;-0,8990;1,0155;-0,8900;-0,0976;-0,1253;-0,8009;8;0
3,2029;-15,2770;43,5015;40,9671;0,0000;5,5314;164,7230;274,587;-75,000;0,000;50,000;2,6519;3,6911;-10,6358;-0,0012;6,9447;2,6531;-0,8987;1,0144;-0,8906;-0,0003;-0,1242;-0,8984;8;0
3,2090;-15,2608;43,5241;40,9019;-0,0000;5,5740;164,7392;274,893;-75,000;0,000;50,000;2,6463;3,6973;-10,6412;-0,0000;6,9439;2,6463;-0,9008;1,0133;-0,8911;0,1952;-0,1227;-1,0971;8;0
3,2152;-15,2446;43,5468;40,8368;-0,0000;5,6165;164,7554;275,199;-75,000;0,000;50,000;2,6408;3,7035;-10,6467;0,0012;6,9432;2,6396;-0,8933;1,0124;-0,8919;0,0004;-0,1197;-0,8937;8;0
3,2213;-15,2284;43,5695;40,7715;0,0000;5,6590;164,7716;275,505;-75,000;0,000;50,000;2,6354;3,7097;-10,6522;0,0000;6,9425;2,6354;-0,8889;1,0117;-0,8936;-0,0689;-0,1144;-0,8221;8;0
3,2274;-15,2123;43,5922;40,7063;-0,0000;5,7015;164,7877;275,812;-75,000;0,000;50,000;2,6299;3,7159;-10,6576;0,0004;6,9418;2,6296;-0,8879;1,0103;-0,8932;0,0009;-0,1175;-0,8888;8;0
3,2335;-15,1962;43,6150;40,6410;0,0000;5,7440;164,8038;276,118;-75,000;0,000;50,000;2,6245;3,7221;-10,6631;0,0000;6,9410;2,6245;-0,8838;1,0086;-0,8919;-0,0573;-0,1237;-0,8211;8;0
3,2397;-15,1802;43,6378;40,5757;0,0000;5,7865;164,8198;276,424;-75,000;0,000;50,000;2,6191;3,7282;-10,6686;-0,0004;6,9403;2,6195;-0,8825;1,0083;-0,8945;-0,0020;-0,1137;-0,8805;8;0
3,2458;-15,1641;43,6606;40,5103;-0,0000;5,8290;164,8359;276,730;-75,000;0,000;50,000;2,6137;3,7344;-10,6740;-0,0000;6,9396;2,6137;-0,8806;1,0076;-0,8962;0,0287;-0,1080;-0,9119;8;0
3,2519;-15,1482;43,6835;40,4449;0,0000;5,8715;164,8518;277,036;-75,000;0,000;50,000;2,6083;3,7406;-10,6795;0,0000;6,9390;2,6083;-0,8772;1,0063;-0,8959;0,0010;-0,1105;-0,8782;8;0
3,2580;-15,1322;43,7065;40,3795;-0,0000;5,9140;164,8678;277,343;-75,000;0,000;50,000;2,6030;3,7467;-10,6850;0,0000;6,9383;2,6030;-0,8733;1,0055;-0,8970;-0,0508;-0,1069;-0,8220;8;0
3,2642;-15,1163;43,7294;40,3141;0,0000;5,9565;164,8837;277,649;-75,000;0,000;50,000;2,5976;3,7529;-10,6905;-0,0006;6,9376;2,5983;-0,8720;1,0043;-0,8972;-0,0008;-0,1072;-0,8712;8;0
3,2703;-15,1004;43,7524;40,2486;-0,0000;5,9990;164,8996;277,955;-75,000;0,000;50,000;2,5923;3,7590;-10,6960;-0,0000;6,9370;2,5923;-0,8720;1,0031;-0,8971;0,1016;-0,1091;-0,9745;8;0
3,2764;-15,0845;43,7755;40,1831;-0,0000;6,0415;164,9155;278,261;-75,000;0,000;50,000;2,5870;3,7652;-10,7015;0,0006;6,9363;2,5863;-0,8657;1,0026;-0,8991;-0,0382;-0,1017;-0,8274;8;0
3,2825;-15,0687;43,7985;40,1175;0,0000;6,0840;164,9313;278,567;-75,000;0,000;50,000;2,5817;3,7713;-10,7070;-0,0005;6,9357;2,5822;-0,8628;1,0016;-0,8998;-0,0514;-0,1003;-0,8110;8;0
3,2887;-15,0529;43,8217;40,0519;-0,0000;6,1264;164,9471;278,874;-75,000;0,000;50,000;2,5764;3,7774;-10,7125;-0,0000;6,9351;2,5764;-0,8637;1,0002;-0,8992;0,0785;-0,1042;-0,9424;8;0
3,2948;-15,0371;43,8448;39,9863;-0,0000;6,1689;164,9629;279,180;-75,000;0,000;50,000;2,5711;3,7836;-10,7180;0,0005;6,9344;2,5706;-0,8590;0,9996;-0,9008;0,0008;-0,0986;-0,8597;8;0
3,3009;-15,0214;43,8680;39,9206;0,0000;6,2114;164,9786;279,486;-75,000;0,000;50,000;2,5659;3,7897;-10,7236;0,0000;6,9339;2,5659;-0,8553;0,9988;-0,9019;-0,0396;-0,0953;-0,8157;8;0
3,3070;-15,0057;43,8912;39,8550;-0,0000;6,2538;164,9943;279,792;-75,000;0,000;50,000;2,5606;3,7958;-10,7291;-0,0000;6,9333;2,5606;-0,8539;0,9977;-0,9022;0,0001;-0,0955;-0,8540;8;0
3,3131;-14,9900;43,9145;39,7892;0,0000;6,2963;165,0100;280,098;-75,000;0,000;50,000;2,5554;3,8019;-10,7346;0,0000;6,9327;2,5554;-0,8513;0,9968;-0,9030;0,0001;-0,0938;-0,8514;8;0
3,3193;-14,9744;43,9378;39,7235;-0,0000;6,3387;165,0256;280,405;-75,000;0,000;50,000;2,5502;3,8080;-10,7401;0,0000;6,9321;2,5502;-0,8475;0,9960;-0,9041;-0,0458;-0,0904;-0,8014;8;0
3,3254;-14,9588;43,9611;39,6577;0,0000;6,3812;165,0412;280,711;-75,000;0,000;50,000;2,5450;3,8141;-10,7457;-0,0006;6,9316;2,5456;-0,8462;0,9950;-0,9045;-0,0006;-0,0906;-0,8456;8;0
3,3315;-14,9432;43,9845;39,5919;-0,0000;6,4236;165,0568;281,017;-75,000;0,000;50,000;2,5398;3,8202;-10,7512;-0,0000;6,9310;2,5398;-0,8462;0,9938;-0,9044;0,0910;-0,0922;-0,9378;8;0
3,3376;-14,9277;44,0079;39,5260;-0,0000;6,4661;165,0723;281,323;-75,000;0,000;50,000;2,5347;3,8263;-10,7568;0,0006;6,9305;2,5341;-0,8412;0,9932;-0,9060;0,0008;-0,0870;-0,8420;8;0
3,3438;-14,9122;44,0314;39,4601;0,0000;6,5085;165,0878;281,629;-75,000;0,000;50,000;2,5295;3,8324;-10,7623;0,0000;6,9300;2,5295;-0,8374;0,9924;-0,9072;-0,0455;-0,0838;-0,7916;8;0
3,3499;-14,8967;44,0549;39,3942;-0,0000;6,5510;165,1033;281,936;-75,000;0,000;50,000;2,5244;3,8384;-10,7679;-0,0000;6,9294;2,5244;-0,8362;0,9914;-0,9075;0,0001;-0,0840;-0,8363;8;0
3,3560;-14,8813;44,0784;39,3282;0,0000;6,5934;165,1187;282,242;-75,000;0,000;50,000;2,5193;3,8445;-10,7734;0,0000;6,9289;2,5193;-0,8347;0,9907;-0,9089;0,0338;-0,0799;-0,8684;8;0
3,3621;-14,8659;44,1019;39,2622;-0,0000;6,6358;165,1341;282,548;-75,000;0,000;50,000;2,5142;3,8506;-10,7790;0,0004;6,9285;2,5138;-0,8313;0,9897;-0,9091;0,0003;-0,0806;-0,8315;8;0
3,3683;-14,8505;44,1255;39,1962;0,0000;6,6783;165,1495;282,854;-75,000;0,000;50,000;2,5091;3,8566;-10,7846;0,0000;6,9279;2,5091;-0,8269;0,9884;-0,9088;-0,0676;-0,0835;-0,7595;8;0
3,3744;-14,8351;44,1492;39,1301;0,0000;6,7207;165,1649;283,160;-75,000;0,000;50,000;2,5041;3,8627;-10,7901;-0,0004;6,9274;2,5045;-0,8264;0,9880;-0,9107;-0,0006;-0,0771;-0,8257;8;0
3,3805;-14,8198;44,1729;39,0640;-0,0000;6,7631;165,1802;283,467;-75,000;0,000;50,000;2,4990;3,8687;-10,7957;-0,0000;6,9270;2,4990;-0,8249;0,9873;-0,9120;0,0338;-0,0733;-0,8586;8;0
3,3866;-14,8045;44,1966;38,9979;0,0000;6,8055;165,1955;283,773;-75,000;0,000;50,000;2,4940;3,8748;-10,8013;0,0000;6,9265;2,4940;-0,8215;0,9863;-0,9123;-0,0002;-0,0740;-0,8213;8;0
3,3928;-14,7893;44,2203;38,9317;-0,0000;6,8479;165,2107;284,079;-75,000;0,000;50,000;2,4889;3,8808;-10,8069;-0,0000;6,9261;2,4889;-0,8191;0,9855;-0,9131;-0,0000;-0,0723;-0,8191;8;0
3,3989;-14,7740;44,2441;38,8655;0,0000;6,8904;165,2260;284,385;-75,000;0,000;50,000;2,4839;3,8868;-10,8125;0,0000;6,9257;2,4839;-0,8166;0,9846;-0,9139;0,0003;-0,0707;-0,8169;8;0
3,4050;-14,7588;44,2679;38,7993;-0,0000;6,9328;165,2412;284,692;-75,000;0,000;50,000;2,4789;3,8929;-10,8181;-0,0000;6,9252;2,4789;-0,8130;0,9838;-0,9148;-0,0401;-0,0689;-0,7722;8;0
3,4111;-14,7437;44,2918;38,7330;0,0000;6,9752;165,2563;284,998;-75,000;0,000;50,000;2,4740;3,8989;-10,8237;-0,0005;6,9248;2,4745;-0,8118;0,9830;-0,9156;-0,0000;-0,0675;-0,8118;8;0
3,4173;-14,7285;44,3157;38,6667;-0,0000;7,0176;165,2715;285,304;-75,000;0,000;50,000;2,4690;3,9049;-10,8293;-0,0000;6,9244;2,4690;-0,8118;0,9822;-0,9164;0,0803;-0,0661;-0,8935;8;0
3,4234;-14,7134;44,3396;38,6004;-0,0000;7,0600;165,2866;285,610;-75,000;0,000;50,000;2,4640;3,9109;-10,8349;0,0005;6,9240;2,4635;-0,8071;0,9814;-0,9173;0,0002;-0,0640;-0,8073;8;0
3,4295;-14,6984;44,3636;38,5340;-0,0000;7,1024;165,3016;285,916;-75,000;0,000;50,000;2,4591;3,9169;-10,8405;0,0000;6,9236;2,4591;-0,8035;0,9806;-0,9182;-0,0401;-0,0623;-0,7627;8;0
3,4356;-14,6833;44,3876;38,4676;0,0000;7,1448;165,3167;286,223;-75,000;0,000;50,000;2,4542;3,9229;-10,8462;0,0000;6,9232;2,4542;-0,8023;0,9798;-0,9190;-0,0002;-0,0609;-0,8022;8;0
3,4418;-14,6683;44,4116;38,4012;-0,0000;7,1872;165,3317;286,529;-75,000;0,000;50,000;2,4493;3,9289;-10,8518;-0,0000;6,9229;2,4493;-0,7989;0,9792;-0,9201;-0,0365;-0,0581;-0,7624;8;0
3,4479;-14,6533;44,4357;38,3347;0,0000;7,2296;165,3467;286,835;-75,000;0,000;50,000;2,4444;3,9349;-10,8574;-0,0004;6,9225;2,4448;-0,7977;0,9783;-0,9207;-0,0002;-0,0576;-0,7974;8;0
3,4540;-14,6384;44,4598;38,2682;-0,0000;7,2720;165,3616;287,141;-75,000;0,000;50,000;2,4395;3,9409;-10,8631;-0,0000;6,9222;2,4395;-0,7976;0,9774;-0,9211;0,0730;-0,0580;-0,8704;8;0
3,4601;-14,6234;44,4840;38,2016;-0,0000;7,3144;165,3766;287,447;-75,000;0,000;50,000;2,4346;3,9469;-10,8687;0,0004;6,9218;2,4342;-0,7930;0,9768;-0,9225;0,0004;-0,0542;-0,7934;8;0
3,4663;-14,6085;44,5082;38,1351;0,0000;7,3568;165,3915;287,754;-75,000;0,000;50,000;2,4298;3,9529;-10,8744;0,0000;6,9215;2,4298;-0,7896;0,9761;-0,9236;-0,0365;-0,0516;-0,7532;8;0
3,4724;-14,5937;44,5324;38,0685;-0,0000;7,3992;165,4063;288,060;-75,000;0,000;50,000;2,4250;3,9589;-10,8800;0,0000;6,9212;2,4250;-0,7878;0,9754;-0,9247;-0,0189;-0,0495;-0,7689;8;0
3,4785;-14,5788;44,5567;38,0018;0,0000;7,4415;165,4212;288,366;-75,000;0,000;50,000;2,4201;3,9648;-10,8857;-0,0002;6,9209;2,4204;-0,7861;0,9746;-0,9252;-0,0002;-0,0494;-0,7859;8;0
3,4846;-14,5640;44,5810;37,9351;-0,0000;7,4839;165,4360;288,672;-75,000;0,000;50,000;2,4153;3,9708;-10,8914;-0,0000;6,9206;2,4153;-0,7850;0,9736;-0,9253;0,0373;-0,0509;-0,8224;8;0
3,4907;-14,5493;44,6053;37,8684;-0,0000;7,5263;165,4507;288,978;-75,000;0,000;50,000;2,4105;3,9767;-10,8970;0,0002;6,9203;2,4103;-0,7815;0,9731;-0,9270;0,0003;-0,0461;-0,7819;8;0
3,4969;-14,5345;44,6297;37,8017;0,0000;7,5687;165,4655;289,285;-75,000;0,000;50,000;2,4058;3,9827;-10,9027;0,0000;6,9200;2,4058;-0,7787;0,9726;-0,9283;-0,0187;-0,0429;-0,7599;8;0
3,5030;-14,5198;44,6541;37,7349;0,0000;7,6111;165,4802;289,591;-75,000;0,000;50,000;2,4010;3,9887;-10,9084;-0,0000;6,9197;2,4010;-0,7770;0,9717;-0,9289;-0,0001;-0,0429;-0,7768;8;0
3,5091;-14,5051;44,6785;37,6680;-0,0000;7,6534;165,4949;289,897;-75,000;0,000;50,000;2,3962;3,9946;-10,9141;0,0000;6,9195;2,3962;-0,7741;0,9712;-0,9302;-0,0183;-0,0396;-0,7558;8;0
3,5152;-14,4904;44,7030;37,6012;0,0000;7,6958;165,5096;290,203;-75,000;0,000;50,000;2,3915;4,0006;-10,9198;-0,0002;6,9193;2,3917;-0,7725;0,9703;-0,9307;-0,0002;-0,0396;-0,7723;8;0
3,5214;-14,4758;44,7275;37,5343;-0,0000;7,7382;165,5242;290,509;-75,000;0,000;50,000;2,3868;4,0065;-10,9255;-0,0000;6,9190;2,3868;-0,7714;0,9694;-0,9309;0,0366;-0,0412;-0,8082;8;0
3,5275;-14,4612;44,7521;37,4674;-0,0000;7,7806;165,5388;290,816;-75,000;0,000;50,000;2,3821;4,0124;-10,9312;0,0002;6,9188;2,3818;-0,7680;0,9690;-0,9326;0,0003;-0,0363;-0,7683;8;0
3,5336;-14,4466;44,7767;37,4004;0,0000;7,8229;165,5534;291,122;-75,000;0,000;50,000;2,3774;4,0184;-10,9369;0,0000;6,9186;2,3774;-0,7649;0,9687;-0,9346;-0,0272;-0,0306;-0,7375;8;0
3,5397;-14,4321;44,8013;37,3334;0,0000;7,8653;165,5679;291,428;-75,000;0,000;50,000;2,3727;4,0243;-10,9426;-0,0001;6,9184;2,3728;-0,7636;0,9676;-0,9345;-0,0003;-0,0331;-0,7633;8;0
3,5459;-14,4176;44,8260;37,2664;-0,0000;7,9077;165,5824;291,734;-75,000;0,000;50,000;2,3680;4,0302;-10,9484;-0,0000;6,9182;2,3680;-0,7620;0,9665;-0,9343;0,0178;-0,0365;-0,7801;8;0
3,5520;-14,4031;44,8507;37,1993;-0,0000;7,9500;165,5969;292,040;-75,000;0,000;50,000;2,3634;4,0361;-10,9541;0,0001;6,9179;2,3632;-0,7592;0,9663;-0,9365;0,0002;-0,0298;-0,7594;8;0
3,5581;-14,3886;44,8754;37,1322;0,0000;7,9924;165,6114;292,347;-75,000;0,000;50,000;2,3587;4,0420;-10,9598;0,0000;6,9178;2,3587;-0,7567;0,9659;-0,9381;-0,0089;-0,0257;-0,7477;8;0
3,5642;-14,3742;44,9002;37,0651;0,0000;8,0348;165,6258;292,653;-75,000;0,000;50,000;2,3541;4,0480;-10,9656;0,0000;6,9176;2,3541;-0,7548;0,9650;-0,9384;-0,0001;-0,0266;-0,7547;8;0
3,5704;-14,3598;44,9250;36,9979;0,0000;8,0771;165,6402;292,959;-75,000;0,000;50,000;2,3495;4,0539;-10,9713;-0,0000;6,9175;2,3495;-0,7527;0,9644;-0,9394;-0,0000;-0,0250;-0,7526;8;0
3,5765;-14,3454;44,9498;36,9307;-0,0000;8,1195;165,6546;293,265;-75,000;0,000;50,000;2,3449;4,0598;-10,9771;-0,0000;6,9173;2,3449;-0,7500;0,9639;-0,9408;-0,0140;-0,0218;-0,7360;8;0
3,5826;-14,3311;44,9747;36,8635;0,0000;8,1619;165,6689;293,571;-75,000;0,000;50,000;2,3403;4,0657;-10,9829;-0,0002;6,9172;2,3405;-0,7483;0,9632;-0,9414;-0,0001;-0,0217;-0,7482;8;0
3,5887;-14,3168;44,9996;36,7962;-0,0000;8,2042;165,6833;293,878;-75,000;0,000;50,000;2,3357;4,0716;-10,9886;-0,0000;6,9170;2,3357;-0,7471;0,9623;-0,9417;0,0280;-0,0232;-0,7752;8;0
3,5949;-14,3025;45,0246;36,7289;-0,0000;8,2466;165,6975;294,184;-75,000;0,000;50,000;2,3311;4,0775;-10,9944;0,0002;6,9169;2,3310;-0,7441;0,9619;-0,9435;0,0002;-0,0185;-0,7443;8;0
3,6010;-14,2882;45,0496;36,6615;-0,0000;8,2889;165,7118;294,490;-75,000;0,000;50,000;2,3266;4,0834;-11,0002;0,0000;6,9168;2,3266;-0,7410;0,9617;-0,9454;-0,0277;-0,0131;-0,7130;8;0
3,6071;-14,2740;45,0746;36,5941;0,0000;8,3313;165,7260;294,796;-75,000;0,000;50,000;2,3221;4,0892;-11,0060;-0,0002;6,9168;2,3222;-0,7398;0,9608;-0,9455;-0,0003;-0,0153;-0,7395;8;0
3,6132;-14,2598;45,0996;36,5267;-0,0000;8,3737;165,7402;295,103;-75,000;0,000;50,000;2,3175;4,0951;-11,0118;-0,0000;6,9166;2,3175;-0,7386;0,9598;-0,9455;0,0274;-0,0182;-0,7666;8;0
3,6194;-14,2456;45,1247;36,4593;-0,0000;8,4160;165,7544;295,409;-75,000;0,000;50,000;2,3130;4,1010;-11,0175;0,0002;6,9165;2,3128;-0,7351;0,9597;-0,9480;-0,0130;-0,0104;-0,7221;8;0
3,6255;-14,2314;45,1499;36,3918;0,0000;8,4584;165,7686;295,715;-75,000;0,000;50,000;2,3085;4,1069;-11,0234;-0,0002;6,9165;2,3087;-0,7330;0,9592;-0,9492;-0,0138;-0,0081;-0,7189;8;0
3,6316;-14,2173;45,1750;36,3242;-0,0000;8,5007;165,7827;296,021;-75,000;0,000;50,000;2,3040;4,1127;-11,0292;-0,0000;6,9164;2,3040;-0,7323;0,9582;-0,9490;0,0264;-0,0118;-0,7588;8;0
3,6377;-14,2032;45,2002;36,2567;-0,0000;8,5431;165,7968;296,327;-75,000;0,000;50,000;2,2996;4,1186;-11,0350;0,0002;6,9164;2,2994;-0,7293;0,9579;-0,9508;0,0002;-0,0071;-0,7295;8;0
3,6439;-14,1891;45,2255;36,1891;-0,0000;8,5854;165,8109;296,634;-75,000;0,000;50,000;2,2951;4,1245;-11,0408;0,0000;6,9163;2,2951;-0,7268;0,9575;-0,9522;-0,0132;-0,0040;-0,7135;8;0
3,6500;-14,1751;45,2508;36,1214;0,0000;8,6278;165,8249;296,940;-75,000;0,000;50,000;2,2907;4,1303;-11,0467;-0,0000;6,9163;2,2907;-0,7252;0,9568;-0,9529;-0,0001;-0,0039;-0,7251;8;0
3,6561;-14,1611;45,2761;36,0538;-0,0000;8,6702;165,8389;297,246;-75,000;0,000;50,000;2,2862;4,1362;-11,0525;-0,0000;6,9163;2,2862;-0,7231;0,9563;-0,9540;0,0000;-0,0023;-0,7231;8;0
3,6622;-14,1471;45,3014;35,9861;0,0000;8,7125;165,8529;297,552;-75,000;0,000;50,000;2,2818;4,1421;-11,0583;0,0000;6,9163;2,2818;-0,7206;0,9559;-0,9554;-0,0112;0,0008;-0,7092;8;0
3,6683;-14,1331;45,3268;35,9183;0,0000;8,7549;165,8669;297,858;-75,000;0,000;50,000;2,2774;4,1479;-11,0642;-0,0001;6,9163;2,2775;-0,7190;0,9552;-0,9562;-0,0001;0,0009;-0,7189;8;0
3,6745;-14,1192;45,3522;35,8506;-0,0000;8,7972;165,8808;298,165;-75,000;0,000;50,000;2,2730;4,1538;-11,0700;-0,0000;6,9163;2,2730;-0,7178;0,9544;-0,9566;0,0224;-0,0003;-0,7406;8;0
3,6806;-14,1053;45,3777;35,7827;-0,0000;8,8396;165,8947;298,471;-75,000;0,000;50,000;2,2686;4,1596;-11,0759;0,0001;6,9163;2,2685;-0,7149;0,9542;-0,9584;0,0002;0,0042;-0,7151;8;0
3,6867;-14,0914;45,4032;35,7149;-0,0000;8,8819;165,9086;298,777;-75,000;0,000;50,000;2,2642;4,1654;-11,0818;0,0000;6,9163;2,2642;-0,7120;0,9540;-0,9603;-0,0248;0,0091;-0,6868;8;0
3,6928;-14,0776;45,4287;35,6470;0,0000;8,9243;165,9224;299,083;-75,000;0,000;50,000;2,2599;4,1713;-11,0877;-0,0002;6,9164;2,2601;-0,7109;0,9532;-0,9606;-0,0002;0,0074;-0,7107;8;0
3,6990;-14,0637;45,4543;35,5791;-0,0000;8,9666;165,9363;299,389;-75,000;0,000;50,000;2,2555;4,1771;-11,0936;-0,0000;6,9164;2,2555;-0,7099;0,9524;-0,9608;0,0272;0,0052;-0,7374;8;0
3,7051;-14,0499;45,4799;35,5111;-0,0000;9,0090;165,9501;299,696;-75,000;0,000;50,000;2,2512;4,1829;-11,0994;0,0002;6,9165;2,2510;-0,7069;0,9522;-0,9629;0,0002;0,0106;-0,7071;8;0
3,7112;-14,0362;45,5055;35,4431;-0,0000;9,0514;165,9638;300,002;-75,000;0,000;50,000;2,2469;4,1888;-11,1053;0,0000;6,9166;2,2469;-0,7044;0,9519;-0,9645;-0,0136;0,0141;-0,6906;8;0
3,7173;-14,0224;45,5312;35,3751;0,0000;9,0937;165,9776;300,308;-75,000;0,000;50,000;2,2426;4,1946;-11,1113;0,0000;6,9166;2,2426;-0,7029;0,9513;-0,9651;-0,0001;0,0139;-0,7028;8;0
3,7235;-14,0087;45,5569;35,3070;-0,0000;9,1361;165,9913;300,614;-75,000;0,000;50,000;2,2383;4,2004;-11,1172;-0,0000;6,9167;2,2383;-0,7005;0,9509;-0,9666;-0,0110;0,0169;-0,6896;8;0
3,7296;-13,9950;45,5826;35,2389;0,0000;9,1784;166,0050;300,920;-75,000;0,000;50,000;2,2340;4,2063;-11,1231;-0,0001;6,9169;2,2341;-0,6990;0,9503;-0,9674;-0,0001;0,0171;-0,6989;8;0
3,7357;-13,9813;45,6084;35,1708;-0,0000;9,2208;166,0187;301,227;-75,000;0,000;50,000;2,2297;4,2121;-11,1290;-0,0000;6,9169;2,2297;-0,6978;0,9496;-0,9679;0,0221;0,0158;-0,7197;8;0
3,7418;-13,9677;45,6342;35,1026;-0,0000;9,2632;166,0323;301,533;-75,000;0,000;50,000;2,2254;4,2179;-11,1349;0,0001;6,9170;2,2253;-0,6950;0,9495;-0,9698;0,0001;0,0203;-0,6952;8;0
3,7480;-13,9541;45,6601;35,0344;0,0000;9,3055;166,0459;301,839;-75,000;0,000;50,000;2,2212;4,2237;-11,1409;0,0000;6,9172;2,2212;-0,6927;0,9491;-0,9713;-0,0110;0,0234;-0,6817;8;0
3,7541;-13,9405;45,6859;34,9662;0,0000;9,3479;166,0595;302,145;-75,000;0,000;50,000;2,2169;4,2295;-11,1468;0,0000;6,9173;2,2169;-0,6908;0,9487;-0,9725;-0,0090;0,0249;-0,6816;8;0
3,7602;-13,9269;45,7119;34,8979;0,0000;9,3902;166,0731;302,451;-75,000;0,000;50,000;2,2127;4,2353;-11,1528;-0,0001;6,9175;2,2128;-0,6892;0,9482;-0,9733;-0,0001;0,0252;-0,6891;8;0
3,7663;-13,9134;45,7378;34,8296;-0,0000;9,4326;166,0866;302,758;-75,000;0,000;50,000;2,2085;4,2411;-11,1588;-0,0000;6,9176;2,2085;-0,6890;0,9478;-0,9747;0,0461;0,0274;-0,7355;8;0
3,7725;-13,8999;45,7638;34,7612;-0,0000;9,4750;166,1001;303,064;-75,000;0,000;50,000;2,2043;4,2469;-11,1647;0,0005;6,9178;2,2038;-0,6854;0,9473;-0,9757;0,0004;0,0284;-0,6858;8;0
3,7786;-13,8864;45,7898;34,6928;0,0000;9,5173;166,1136;303,370;-75,000;0,000;50,000;2,2001;4,2527;-11,1707;0,0000;6,9180;2,2001;-0,6810;0,9464;-0,9757;-0,0653;0,0249;-0,6154;8;0
3,7847;-13,8729;45,8159;34,6244;0,0000;9,5597;166,1271;303,676;-75,000;0,000;50,000;2,1959;4,2585;-11,1767;-0,0003;6,9181;2,1963;-0,6815;0,9465;-0,9782;-0,0006;0,0317;-0,6809;8;0
3,7908;-13,8595;45,8420;34,5559;-0,0000;9,6021;166,1405;303,983;-75,000;0,000;50,000;2,1918;4,2643;-11,1827;-0,0000;6,9184;2,1918;-0,6807;0,9464;-0,9802;0,0282;0,0365;-0,7089;8;0
3,7970;-13,8461;45,8681;34,4874;0,0000;9,6444;166,1539;304,289;-75,000;0,000;50,000;2,1876;4,2701;-11,1887;0,0000;6,9186;2,1876;-0,6777;0,9457;-0,9806;0,0002;0,0348;-0,6779;8;0
3,8031;-13,8327;45,8943;34,4189;-0,0000;9,6868;166,1673;304,595;-75,000;0,000;50,000;2,1835;4,2759;-11,1947;-0,0000;6,9188;2,1835;-0,6759;0,9454;-0,9818;-0,0000;0,0365;-0,6759;8;0
3,8092;-13,8193;45,9205;34,3503;0,0000;9,7292;166,1807;304,901;-75,000;0,000;50,000;2,1793;4,2817;-11,2007;0,0000;6,9190;2,1793;-0,6740;0,9450;-0,9831;0,0001;0,0381;-0,6741;8;0
3,8153;-13,8060;45,9467;34,2817;-0,0000;9,7716;166,1940;305,207;-75,000;0,000;50,000;2,1752;4,2875;-11,2067;-0,0000;6,9193;2,1752;-0,6718;0,9448;-0,9847;-0,0088;0,0411;-0,6629;8;0
3,8215;-13,7927;45,9730;34,2131;0,0000;9,8139;166,2073;305,514;-75,000;0,000;50,000;2,1711;4,2933;-11,2128;-0,0001;6,9195;2,1712;-0,6702;0,9443;-0,9856;-0,0000;0,0413;-0,6702;8;0
3,8276;-13,7794;45,9993;34,1444;-0,0000;9,8563;166,2206;305,820;-75,000;0,000;50,000;2,1670;4,2990;-11,2188;-0,0000;6,9198;2,1670;-0,6701;0,9439;-0,9869;0,0441;0,0431;-0,7144;8;0
3,8337;-13,7661;46,0257;34,0756;-0,0000;9,8987;166,2339;306,126;-75,000;0,000;50,000;2,1629;4,3048;-11,2249;0,0004;6,9201;2,1625;-0,6665;0,9436;-0,9881;0,0004;0,0445;-0,6669;8;0
3,8398;-13,7529;46,0520;34,0069;0,0000;9,9411;166,2471;306,432;-75,000;0,000;50,000;2,1588;4,3106;-11,2309;0,0000;6,9203;2,1588;-0,6623;0,9428;-0,9882;-0,0617;0,0415;-0,6004;8;0
3,8459;-13,7397;46,0785;33,9381;0,0000;9,9835;166,2603;306,738;-75,000;0,000;50,000;2,1548;4,3164;-11,2370;-0,0003;6,9206;2,1551;-0,6629;0,9429;-0,9907;-0,0005;0,0478;-0,6624;8;0
3,8521;-13,7265;46,1049;33,8692;-0,0000;10,0258;166,2735;307,045;-75,000;0,000;50,000;2,1507;4,3221;-11,2431;-0,0000;6,9209;2,1507;-0,6621;0,9429;-0,9927;0,0265;0,0524;-0,6886;8;0
3,8582;-13,7134;46,1314;33,8004;0,0000;10,0682;166,2866;307,351;-75,000;0,000;50,000;2,1467;4,3279;-11,2491;0,0000;6,9212;2,1467;-0,6592;0,9422;-0,9932;0,0002;0,0509;-0,6593;8;0
3,8643;-13,7002;46,1579;33,7315;-0,0000;10,1106;166,2998;307,657;-75,000;0,000;50,000;2,1426;4,3337;-11,2552;-0,0000;6,9215;2,1426;-0,6570;0,9420;-0,9947;-0,0097;0,0531;-0,6472;8;0
3,8704;-13,6871;46,1845;33,6625;0,0000;10,1530;166,3129;307,963;-75,000;0,000;50,000;2,1386;4,3395;-11,2613;-0,0001;6,9219;2,1387;-0,6556;0,9416;-0,9959;0,0000;0,0542;-0,6556;8;0
3,8766;-13,6740;46,2111;33,5935;-0,0000;10,1954;166,3260;308,269;-75,000;0,000;50,000;2,1346;4,3452;-11,2674;-0,0000;6,9222;2,1346;-0,6549;0,9416;-0,9978;0,0292;0,0584;-0,6842;8;0
3,8827;-13,6610;46,2377;33,5245;-0,0000;10,2378;166,3390;308,576;-75,000;0,000;50,000;2,1306;4,3510;-11,2735;0,0002;6,9226;2,1304;-0,6520;0,9410;-0,9985;0,0002;0,0575;-0,6521;8;0
3,8888;-13,6479;46,2644;33,4555;0,0000;10,2802;166,3521;308,882;-75,000;0,000;50,000;2,1266;4,3567;-11,2796;0,0000;6,9229;2,1266;-0,6490;0,9401;-0,9982;-0,0291;0,0523;-0,6198;8;0
3,8949;-13,6349;46,2911;33,3864;0,0000;10,3226;166,3651;309,188;-75,000;0,000;50,000;2,1227;4,3625;-11,2858;-0,0001;6,9232;2,1228;-0,6484;0,9405;-1,0012;-0,0002;0,0607;-0,6482;8;0
3,9011;-13,6219;46,3178;33,3172;-0,0000;10,3650;166,3781;309,494;-75,000;0,000;50,000;2,1187;4,3683;-11,2919;-0,0000;6,9236;2,1187;-0,6470;0,9405;-1,0034;0,0097;0,0659;-0,6567;8;0
3,9072;-13,6090;46,3446;33,2481;0,0000;10,4074;166,3910;309,800;-75,000;0,000;50,000;2,1147;4,3740;-11,2981;0,0000;6,9240;2,1147;-0,6448;0,9399;-1,0038;0,0001;0,0639;-0,6449;8;0
3,9133;-13,5960;46,3714;33,1788;-0,0000;10,4498;166,4040;310,107;-75,000;0,000;50,000;2,1108;4,3798;-11,3042;-0,0000;6,9244;2,1108;-0,6428;0,9398;-1,0055;-0,0071;0,0668;-0,6356;8;0
3,9194;-13,5831;46,3982;33,1096;0,0000;10,4922;166,4169;310,413;-75,000;0,000;50,000;2,1069;4,3855;-11,3104;-0,0001;6,9248;2,1069;-0,6413;0,9394;-1,0066;-0,0000;0,0672;-0,6413;8;0
3,9256;-13,5702;46,4251;33,0403;-0,0000;10,5346;166,4298;310,719;-75,000;0,000;50,000;2,1029;4,3913;-11,3165;-0,0000;6,9252;2,1029;-0,6408;0,9391;-1,0078;0,0304;0,0682;-0,6714;8;0
3,9317;-13,5574;46,4520;32,9710;-0,0000;10,5770;166,4426;311,025;-75,000;0,000;50,000;2,0990;4,3970;-11,3227;0,0003;6,9257;2,0987;-0,6378;0,9389;-1,0093;0,0002;0,0704;-0,6379;8;0
3,9378;-13,5445;46,4789;32,9016;0,0000;10,6194;166,4555;311,331;-75,000;0,000;50,000;2,0951;4,4028;-11,3289;0,0000;6,9261;2,0951;-0,6344;0,9384;-1,0101;-0,0395;0,0695;-0,5948;8;0
3,9439;-13,5317;46,5059;32,8322;0,0000;10,6618;166,4683;311,638;-75,000;0,000;50,000;2,0912;4,4085;-11,3351;-0,0002;6,9265;2,0914;-0,6343;0,9385;-1,0121;-0,0002;0,0737;-0,6341;8;0
3,9501;-13,5189;46,5329;32,7628;-0,0000;10,7043;166,4811;311,944;-75,000;0,000;50,000;2,0874;4,4143;-11,3413;-0,0000;6,9270;2,0874;-0,6327;0,9384;-1,0140;0,0031;0,0774;-0,6357;8;0
3,9562;-13,5061;46,5600;32,6933;0,0000;10,7467;166,4939;312,250;-75,000;0,000;50,000;2,0835;4,4200;-11,3475;-0,0002;6,9275;2,0837;-0,6309;0,9380;-1,0149;0,0000;0,0768;-0,6309;8;0
3,9623;-13,4934;46,5871;32,6238;-0,0000;10,7891;166,5066;312,556;-75,000;0,000;50,000;2,0796;4,4258;-11,3537;-0,0000;6,9280;2,0796;-0,6305;0,9384;-1,0178;0,0325;0,0844;-0,6634;8;0
3,9684;-13,4807;46,6142;32,5543;-0,0000;10,8315;166,5193;312,862;-75,000;0,000;50,000;2,0758;4,4315;-11,3600;0,0002;6,9285;2,0755;-0,6274;0,9376;-1,0177;0,0002;0,0801;-0,6276;8;0
3,9746;-13,4680;46,6414;32,4847;0,0000;10,8740;166,5320;313,169;-75,000;0,000;50,000;2,0719;4,4373;-11,3662;0,0000;6,9289;2,0719;-0,6246;0,9362;-1,0160;-0,0257;0,0691;-0,5987;8;0
3,9807;-13,4553;46,6685;32,4150;0,0000;10,9164;166,5447;313,475;-75,000;0,000;50,000;2,0681;4,4430;-11,3724;-0,0001;6,9294;2,0682;-0,6240;0,9372;-1,0206;-0,0002;0,0833;-0,6238;8;0
3,9868;-13,4426;46,6958;32,3454;-0,0000;10,9589;166,5574;313,781;-75,000;0,000;50,000;2,0643;4,4487;-11,3787;-0,0000;6,9300;2,0643;-0,6226;0,9377;-1,0236;0,0064;0,0914;-0,6290;8;0
3,9929;-13,4300;46,7230;32,2757;0,0000;11,0013;166,5700;314,087;-75,000;0,000;50,000;2,0605;4,4545;-11,3850;0,0000;6,9305;2,0605;-0,6206;0,9369;-1,0235;0,0001;0,0866;-0,6207;8;0
3,9991;-13,4174;46,7503;32,2059;0,0000;11,0437;166,5826;314,394;-75,000;0,000;50,000;2,0567;4,4602;-11,3912;-0,0000;6,9310;2,0567;-0,6190;0,9367;-1,0249;-0,0000;0,0882;-0,6189;8;0
4,0052;-13,4048;46,7777;32,1361;-0,0000;11,0862;166,5952;314,700;-75,000;0,000;50,000;2,0529;4,4659;-11,3975;0,0000;6,9316;2,0529;-0,6170;0,9366;-1,0267;-0,0055;0,0911;-0,6115;8;0
4,0113;-13,3923;46,8050;32,0663;0,0000;11,1286;166,6077;315,006;-75,000;0,000;50,000;2,0491;4,4717;-11,4038;-0,0001;6,9321;2,0492;-0,6156;0,9364;-1,0278;-0,0000;0,0915;-0,6156;8;0
4,0174;-13,3797;46,8324;31,9965;-0,0000;11,1711;166,6203;315,312;-75,000;0,000;50,000;2,0454;4,4774;-11,4101;-0,0000;6,9327;2,0454;-0,6149;0,9361;-1,0290;0,0215;0,0918;-0,6365;8;0
4,0235;-13,3672;46,8599;31,9266;-0,0000;11,2135;166,6328;315,618;-75,000;0,000;50,000;2,0416;4,4831;-11,4164;0,0002;6,9333;2,0414;-0,6123;0,9361;-1,0308;0,0001;0,0947;-0,6124;8;0
4,0297;-13,3547;46,8873;31,8566;0,0000;11,2560;166,6453;315,925;-75,000;0,000;50,000;2,0379;4,4889;-11,4227;0,0000;6,9338;2,0379;-0,6087;0,9363;-1,0331;-0,0445;0,0996;-0,5640;8;0
4,0358;-13,3422;46,9149;31,7867;0,0000;11,2985;166,6578;316,231;-75,000;0,000;50,000;2,0342;4,4946;-11,4291;-0,0003;6,9345;2,0345;-0,6090;0,9358;-1,0338;-0,0003;0,0980;-0,6087;8;0
4,0419;-13,3298;46,9424;31,7167;-0,0000;11,3409;166,6702;316,537;-75,000;0,000;50,000;2,0304;4,5003;-11,4354;-0,0000;6,9350;2,0304;-0,6094;0,9349;-1,0334;0,0467;0,0922;-0,6562;8;0
4,0480;-13,3174;46,9700;31,6466;-0,0000;11,3834;166,6826;316,843;-75,000;0,000;50,000;2,0267;4,5061;-11,4417;0,0002;6,9356;2,0265;-0,6057;0,9356;-1,0368;0,0004;0,1013;-0,6061;8;0
4,0542;-13,3050;46,9976;31,5765;-0,0000;11,4259;166,6950;317,149;-75,000;0,000;50,000;2,0230;4,5118;-11,4481;0,0000;6,9363;2,0230;-0,6030;0,9360;-1,0398;-0,0248;0,1088;-0,5780;8;0
4,0603;-13,2926;47,0252;31,5064;0,0000;11,4684;166,7074;317,456;-75,000;0,000;50,000;2,0193;4,5175;-11,4544;-0,0001;6,9369;2,0194;-0,6025;0,9353;-1,0398;-0,0002;0,1045;-0,6022;8;0
4,0664;-13,2802;47,0529;31,4362;-0,0000;11,5109;166,7198;317,762;-75,000;0,000;50,000;2,0156;4,5233;-11,4608;-0,0000;6,9376;2,0156;-0,6014;0,9349;-1,0405;0,0133;0,1027;-0,6152;8;0
4,0725;-13,2679;47,0806;31,3660;-0,0000;11,5533;166,7321;318,068;-75,000;0,000;50,000;2,0119;4,5290;-11,4672;0,0001;6,9382;2,0119;-0,5992;0,9351;-1,0429;0,0001;0,1078;-0,5993;8;0
4,0787;-13,2556;47,1084;31,2958;0,0000;11,5958;166,7444;318,374;-75,000;0,000;50,000;2,0083;4,5347;-11,4736;0,0000;6,9389;2,0083;-0,5972;0,9354;-1,0452;-0,0102;0,1123;-0,5867;8;0
4,0848;-13,2433;47,1362;31,2255;0,0000;11,6383;166,7567;318,680;-75,000;0,000;50,000;2,0046;4,5404;-11,4800;-0,0000;6,9396;2,0047;-0,5960;0,9350;-1,0460;-0,0000;0,1110;-0,5960;8;0
4,0909;-13,2310;47,1640;31,1552;-0,0000;11,6808;166,7690;318,987;-75,000;0,000;50,000;2,0010;4,5462;-11,4864;-0,0000;6,9402;2,0010;-0,5948;0,9347;-1,0470;0,0072;0,1103;-0,6020;8;0
4,0970;-13,2188;47,1919;31,0848;-0,0000;11,7233;166,7812;319,293;-75,000;0,000;50,000;1,9973;4,5519;-11,4928;0,0000;6,9409;1,9973;-0,5928;0,9348;-1,0491;0,0000;0,1143;-0,5929;8;0
4,1032;-13,2066;47,2198;31,0144;-0,0000;11,7659;166,7934;319,599;-75,000;0,000;50,000;1,9937;4,5576;-11,4993;0,0000;6,9416;1,9937;-0,5908;0,9350;-1,0513;-0,0097;0,1183;-0,5810;8;0
4,1093;-13,1944;47,2477;30,9439;0,0000;11,8084;166,8056;319,905;-75,000;0,000;50,000;1,9901;4,5633;-11,5057;-0,0001;6,9424;1,9902;-0,5897;0,9347;-1,0523;-0,0000;0,1176;-0,5896;8;0
4,1154;-13,1822;47,2757;30,8735;-0,0000;11,8509;166,8178;320,211;-75,000;0,000;50,000;1,9865;4,5691;-11,5121;-0,0000;6,9431;1,9865;-0,5891;0,9346;-1,0536;0,0214;0,1182;-0,6108;8;0
4,1215;-13,1701;47,3037;30,8029;-0,0000;11,8934;166,8299;320,518;-75,000;0,000;50,000;1,9829;4,5748;-11,5186;0,0002;6,9438;1,9827;-0,5865;0,9346;-1,0555;0,0001;0,1208;-0,5866;8;0
4,1277;-13,1579;47,3317;30,7324;0,0000;11,9359;166,8421;320,824;-75,000;0,000;50,000;1,9793;4,5805;-11,5251;0,0000;6,9446;1,9793;-0,5831;0,9348;-1,0576;-0,0410;0,1243;-0,5419;8;0
4,1338;-13,1458;47,3598;30,6618;0,0000;11,9785;166,8542;321,130;-75,000;0,000;50,000;1,9757;4,5862;-11,5316;-0,0003;6,9453;1,9761;-0,5834;0,9346;-1,0587;-0,0002;0,1241;-0,5832;8;0
4,1399;-13,1337;47,3879;30,5911;-0,0000;12,0210;166,8663;321,436;-75,000;0,000;50,000;1,9722;4,5920;-11,5380;-0,0000;6,9461;1,9722;-0,5838;0,9340;-1,0590;0,0420;0,1206;-0,6259;8;0
4,1460;-13,1217;47,4160;30,5205;-0,0000;12,0635;166,8783;321,742;-75,000;0,000;50,000;1,9686;4,5977;-11,5445;0,0002;6,9468;1,9684;-0,5803;0,9346;-1,0620;0,0003;0,1274;-0,5806;8;0
4,1522;-13,1096;47,4442;30,4497;-0,0000;12,1061;166,8904;322,049;-75,000;0,000;50,000;1,9651;4,6034;-11,5510;0,0000;6,9476;1,9650;-0,5777;0,9350;-1,0648;-0,0232;0,1338;-0,5544;8;0
4,1583;-13,0976;47,4724;30,3790;0,0000;12,1486;166,9024;322,355;-75,000;0,000;50,000;1,9615;4,6091;-11,5576;-0,0001;6,9485;1,9616;-0,5772;0,9345;-1,0652;-0,0002;0,1307;-0,5771;8;0
4,1644;-13,0856;47,5006;30,3082;-0,0000;12,1912;166,9144;322,661;-75,000;0,000;50,000;1,9580;4,6148;-11,5641;-0,0000;6,9492;1,9580;-0,5770;0,9344;-1,0665;0,0270;0,1309;-0,6042;8;0
4,1705;-13,0736;47,5289;30,2373;-0,0000;12,2338;166,9264;322,967;-75,000;0,000;50,000;1,9544;4,6206;-11,5706;0,0002;6,9501;1,9542;-0,5742;0,9346;-1,0686;0,0001;0,1340;-0,5743;8;0
4,1767;-13,0616;47,5572;30,1665;0,0000;12,2763;166,9384;323,273;-75,000;0,000;50,000;1,9509;4,6263;-11,5772;0,0000;6,9509;1,9509;-0,5711;0,9344;-1,0698;-0,0334;0,1340;-0,5375;8;0
4,1828;-13,0497;47,5856;30,0955;0,0000;12,3189;166,9503;323,580;-75,000;0,000;50,000;1,9475;4,6320;-11,5837;-0,0002;6,9517;1,9476;-0,5712;0,9346;-1,0719;-0,0001;0,1373;-0,5711;8;0
4,1889;-13,0378;47,6140;30,0246;-0,0000;12,3615;166,9622;323,886;-75,000;0,000;50,000;1,9440;4,6377;-11,5903;-0,0000;6,9526;1,9440;-0,5700;0,9349;-1,0742;0,0080;0,1416;-0,5780;8;0
4,1950;-13,0259;47,6424;29,9536;0,0000;12,4040;166,9741;324,192;-75,000;0,000;50,000;1,9405;4,6435;-11,5969;-0,0001;6,9534;1,9405;-0,5681;0,9347;-1,0753;0,0000;0,1406;-0,5682;8;0
4,2011;-13,0140;47,6708;29,8825;-0,0000;12,4466;166,9860;324,498;-75,000;0,000;50,000;1,9370;4,6492;-11,6035;-0,0000;6,9543;1,9370;-0,5674;0,9346;-1,0767;0,0169;0,1412;-0,5843;8;0
4,2073;-13,0022;47,6993;29,8115;-0,0000;12,4892;166,9978;324,805;-75,000;0,000;50,000;1,9335;4,6549;-11,6101;0,0001;6,9552;1,9334;-0,5652;0,9348;-1,0787;0,0000;0,1439;-0,5652;8;0
4,2134;-12,9903;47,7278;29,7403;0,0000;12,5318;167,0097;325,111;-75,000;0,000;50,000;1,9301;4,6606;-11,6167;0,0000;6,9561;1,9301;-0,5628;0,9348;-1,0802;-0,0179;0,1447;-0,5449;8;0
4,2195;-12,9785;47,7564;29,6692;0,0000;12,5744;167,0215;325,417;-75,000;0,000;50,000;1,9266;4,6664;-11,6233;-0,0001;6,9569;1,9267;-0,5622;0,9349;-1,0821;-0,0000;0,1472;-0,5622;8;0
4,2256;-12,9667;47,7850;29,5980;-0,0000;12,6170;167,0333;325,723;-75,000;0,000;50,000;1,9232;4,6721;-11,6299;-0,0000;6,9579;1,9232;-0,5608;0,9352;-1,0844;0,0026;0,1510;-0,5634;8;0
4,2318;-12,9550;47,8136;29,5267;0,0000;12,6596;167,0450;326,029;-75,000;0,000;50,000;1,9198;4,6778;-11,6366;-0,0000;6,9588;1,9198;-0,5592;0,9351;-1,0856;-0,0000;0,1505;-0,5592;8;0
4,2379;-12,9432;47,8423;29,4554;-0,0000;12,7023;167,0568;326,336;-75,000;0,000;50,000;1,9163;4,6835;-11,6432;-0,0000;6,9597;1,9163;-0,5583;0,9349;-1,0868;0,0121;0,1503;-0,5706;8;0
4,2440;-12,9315;47,8710;29,3841;-0,0000;12,7449;167,0685;326,642;-75,000;0,000;50,000;1,9129;4,6893;-11,6499;0,0001;6,9606;1,9128;-0,5563;0,9352;-1,0891;0,0000;0,1539;-0,5563;8;0
4,2501;-12,9198;47,8997;29,3128;0,0000;12,7875;167,0802;326,948;-75,000;0,000;50,000;1,9095;4,6950;-11,6566;0,0000;6,9616;1,9095;-0,5541;0,9354;-1,0911;-0,0156;0,1566;-0,5384;8;0
4,2563;-12,9081;47,9285;29,2413;0,0000;12,8302;167,0919;327,254;-75,000;0,000;50,000;1,9061;4,7007;-11,6633;-0,0001;6,9625;1,9062;-0,5534;0,9354;-1,0926;-0,0000;0,1572;-0,5534;8;0
4,2624;-12,8965;47,9573;29,1699;-0,0000;12,8728;167,1035;327,560;-75,000;0,000;50,000;1,9027;4,7065;-11,6700;-0,0000;6,9635;1,9027;-0,5525;0,9354;-1,0941;0,0118;0,1578;-0,5644;8;0
4,2685;-12,8848;47,9861;29,0984;-0,0000;12,9154;167,1152;327,867;-75,000;0,000;50,000;1,8994;4,7122;-11,6767;0,0001;6,9645;1,8993;-0,5505;0,9357;-1,0962;0,0000;0,1605;-0,5505;8;0
4,2746;-12,8732;48,0150;29,0269;0,0000;12,9581;167,1268;328,173;-75,000;0,000;50,000;1,8960;4,7179;-11,6834;0,0000;6,9655;1,8960;-0,5487;0,9359;-1,0981;-0,0073;0,1628;-0,5414;8;0
4,2808;-12,8616;48,0439;28,9553;0,0000;13,0008;167,1384;328,479;-75,000;0,000;50,000;1,8926;4,7236;-11,6901;-0,0000;6,9665;1,8927;-0,5476;0,9359;-1,0998;-0,0000;0,1639;-0,5476;8;0
4,2869;-12,8500;48,0729;28,8837;-0,0000;13,0434;167,1500;328,785;-75,000;0,000;50,000;1,8893;4,7294;-11,6969;-0,0000;6,9675;1,8893;-0,5464;0,9360;-1,1015;0,0032;0,1653;-0,5496;8;0
4,2930;-12,8384;48,1019;28,8120;-0,0000;13,0861;167,1616;329,091;-75,000;0,000;50,000;1,8860;4,7351;-11,7036;0,0000;6,9685;1,8859;-0,5448;0,9362;-1,1034;0,0000;0,1672;-0,5448;8;0
4,2991;-12,8269;48,1309;28,7403;0,0000;13,1288;167,1731;329,398;-75,000;0,000;50,000;1,8826;4,7408;-11,7104;0,0000;6,9695;1,8826;-0,5433;0,9364;-1,1053;-0,0007;0,1690;-0,5427;8;0
4,3053;-12,8154;48,1599;28,6686;-0,0000;13,1715;167,1846;329,704;-75,000;-0,000;50,000;1,8793;4,7466;-11,7171;-0,0000;6,9706;1,8793;-0,5417;0,9366;-1,1073;-0,0042;0,1714;-0,5375;8;0
4,3114;-12,8039;48,1890;28,5968;0,0000;13,2142;167,1961;330,010;-75,000;0,000;50,000;1,8760;4,7523;-11,7239;-0,0001;6,9716;1,8760;-0,5405;0,9367;-1,1089;0,0001;0,1722;-0,5406;8;0
4,3175;-12,7924;48,2181;28,5250;-0,0000;13,2569;167,2076;330,316;-75,000;0,000;50,000;1,8727;4,7581;-11,7307;-0,0000;6,9727;1,8727;-0,5397;0,9367;-1,1105;0,0119;0,1728;-0,5517;8;0
4,3236;-12,7810;48,2473;28,4532;-0,0000;13,2996;167,2190;330,622;-75,000;0,000;50,000;1,8694;4,7638;-11,7375;0,0001;6,9737;1,8693;-0,5377;0,9370;-1,1126;0,0000;0,1756;-0,5378;8;0
4,3298;-12,7695;48,2765;28,3812;0,0000;13,3423;167,2305;330,929;-75,000;0,000;50,000;1,8661;4,7695;-11,7444;0,0000;6,9748;1,8661;-0,5357;0,9372;-1,1145;-0,0133;0,1775;-0,5223;8;0
4,3359;-12,7581;48,3057;28,3093;0,0000;13,3850;167,2419;331,235;-75,000;0,000;50,000;1,8628;4,7753;-11,7512;-0,0001;6,9759;1,8629;-0,5350;0,9374;-1,1164;-0,0000;0,1789;-0,5349;8;0
4,3420;-12,7467;48,3350;28,2373;-0,0000;13,4277;167,2533;331,541;-75,000;0,000;50,000;1,8595;4,7810;-11,7580;-0,0000;6,9770;1,8595;-0,5340;0,9376;-1,1182;0,0086;0,1804;-0,5426;8;0
4,3481;-12,7353;48,3643;28,1653;-0,0000;13,4704;167,2647;331,847;-75,000;0,000;50,000;1,8563;4,7868;-11,7649;0,0000;6,9781;1,8562;-0,5322;0,9378;-1,1201;0,0000;0,1823;-0,5322;8;0
4,3542;-12,7240;48,3936;28,0932;0,0000;13,5132;167,2760;332,153;-75,000;0,000;50,000;1,8530;4,7925;-11,7718;0,0000;6,9793;1,8530;-0,5306;0,9380;-1,1221;-0,0040;0,1843;-0,5266;8;0
4,3604;-12,7126;48,4230;28,0211;0,0000;13,5559;167,2874;332,460;-75,000;0,000;50,000;1,8498;4,7982;-11,7786;-0,0000;6,9804;1,8498;-0,5294;0,9382;-1,1239;-0,0000;0,1857;-0,5294;8;0
4,3665;-12,7013;48,4524;27,9489;-0,0000;13,5987;167,2987;332,766;-75,000;0,000;50,000;1,8465;4,8040;-11,7855;-0,0000;6,9815;1,8465;-0,5281;0,9385;-1,1259;0,0012;0,1874;-0,5294;8;0
4,3726;-12,6900;48,4818;27,8768;-0,0000;13,6414;167,3100;333,072;-75,000;0,000;50,000;1,8433;4,8097;-11,7924;0,0000;6,9827;1,8433;-0,5264;0,9388;-1,1281;-0,0060;0,1905;-0,5201;8;0
4,3787;-12,6787;48,5113;27,8045;0,0000;13,6842;167,3213;333,378;-75,000;0,000;50,000;1,8401;4,8155;-11,7993;-0,0001;6,9839;1,8402;-0,5254;0,9389;-1,1297;-0,0002;0,1908;-0,5252;8;0
4,3849;-12,6675;48,5408;27,7322;-0,0000;13,7270;167,3325;333,684;-75,000;0,000;50,000;1,8369;4,8212;-11,8063;-0,0000;6,9850;1,8369;-0,5250;0,9390;-1,1312;0,0196;0,1908;-0,5454;8;0
4,3910;-12,6562;48,5703;27,6599;-0,0000;13,7698;167,3438;333,991;-75,000;0,000;50,000;1,8337;4,8270;-11,8132;0,0002;6,9862;1,8335;-0,5227;0,9394;-1,1336;0,0001;0,1942;-0,5227;8;0
4,3971;-12,6450;48,5999;27,5875;0,0000;13,8126;167,3550;334,297;-75,000;0,000;50,000;1,8305;4,8327;-11,8201;0,0000;6,9874;1,8305;-0,5202;0,9396;-1,1353;-0,0214;0,1950;-0,4985;8;0
4,4032;-12,6338;48,6295;27,5151;0,0000;13,8553;167,3662;334,603;-75,000;0,000;50,000;1,8273;4,8385;-11,8271;-0,0001;6,9886;1,8274;-0,5199;0,9401;-1,1378;-0,0024;0,1987;-0,5174;8;0
4,4094;-12,6226;48,6592;27,4427;0,0000;13,8981;167,3774;334,909;-75,000;0,000;50,000;1,8241;4,8443;-11,8341;-0,0000;6,9898;1,8241;-0,5190;0,9404;-1,1398;0,0077;0,2004;-0,5267;8;0
4,4155;-12,6115;48,6889;27,3702;-0,0000;13,9410;167,3885;335,216;-75,000;0,000;50,000;1,8209;4,8500;-11,8411;-0,0000;6,9910;1,8209;-0,5177;0,9403;-1,1410;0,0070;0,1990;-0,5248;8;0
4,4216;-12,6003;48,7186;27,2976;-0,0000;13,9838;167,3997;335,522;-75,000;0,000;50,000;1,8178;4,8558;-11,8481;0,0001;6,9923;1,8177;-0,5160;0,9408;-1,1435;0,0000;0,2027;-0,5160;8;0
4,4277;-12,5892;48,7483;27,2251;0,0000;14,0266;167,4108;335,828;-75,000;0,000;50,000;1,8146;4,8615;-11,8551;0,0000;6,9935;1,8146;-0,5143;0,9412;-1,1457;-0,0072;0,2053;-0,5070;8;0
4,4339;-12,5781;48,7781;27,1524;0,0000;14,0694;167,4219;336,134;-75,000;0,000;50,000;1,8115;4,8673;-11,8621;-0,0000;6,9948;1,8115;-0,5134;0,9414;-1,1475;-0,0000;0,2061;-0,5133;8;0
4,4400;-12,5670;48,8079;27,0798;-0,0000;14,1123;167,4330;336,440;-75,000;0,000;50,000;1,8083;4,8731;-11,8691;-0,0000;6,9960;1,8083;-0,5122;0,9417;-1,1495;0,0030;0,2076;-0,5153;8;0
4,4461;-12,5560;48,8378;27,0071;-0,0000;14,1551;167,4440;336,747;-75,000;0,000;50,000;1,8052;4,8788;-11,8762;0,0000;6,9973;1,8052;-0,5107;0,9420;-1,1516;0,0000;0,2096;-0,5107;8;0
4,4522;-12,5449;48,8677;26,9343;0,0000;14,1980;167,4551;337,053;-75,000;0,000;50,000;1,8021;4,8846;-11,8832;0,0000;6,9986;1,8021;-0,5094;0,9424;-1,1537;-0,0005;0,2114;-0,5089;8;0
4,4584;-12,5339;48,8976;26,8615;0,0000;14,2408;167,4661;337,359;-75,000;0,000;50,000;1,7989;4,8904;-11,8903;-0,0000;6,9999;1,7989;-0,5081;0,9427;-1,1557;-0,0000;0,2130;-0,5081;8;0
4,4645;-12,5229;48,9276;26,7887;0,0000;14,2837;167,4771;337,665;-75,000;0,000;50,000;1,7958;4,8962;-11,8974;-0,0000;7,0012;1,7958;-0,5068;0,9430;-1,1577;0,0001;0,2147;-0,5069;8;0
4,4706;-12,5119;48,9576;26,7158;-0,0000;14,3266;167,4881;337,971;-75,000;-0,000;50,000;1,7927;4,9019;-11,9045;0,0000;7,0025;1,7927;-0,5054;0,9435;-1,1601;-0,0022;0,2175;-0,5031;8;0
4,4767;-12,5009;48,9876;26,6429;0,0000;14,3695;167,4991;338,278;-75,000;0,000;50,000;1,7896;4,9077;-11,9116;-0,0000;7,0039;1,7897;-0,5043;0,9437;-1,1619;-0,0000;0,2182;-0,5043;8;0
4,4829;-12,4900;49,0177;26,5699;-0,0000;14,4124;167,5100;338,584;-75,000;0,000;50,000;1,7866;4,9135;-11,9187;-0,0000;7,0052;1,7866;-0,5033;0,9438;-1,1634;0,0062;0,2179;-0,5098;8;0
4,4890;-12,4790;49,0478;26,4969;-0,0000;14,4553;167,5210;338,890;-75,000;0,000;50,000;1,7835;4,9193;-11,9258;0,0000;7,0066;1,7834;-0,5017;0,9444;-1,1660;0,0000;0,2216;-0,5017;8;0
4,4951;-12,4681;49,0780;26,4238;0,0000;14,4982;167,5319;339,196;-75,000;0,000;50,000;1,7804;4,9251;-11,9330;0,0000;7,0079;1,7804;-0,5001;0,9449;-1,1684;-0,0061;0,2243;-0,4938;8;0
4,5012;-12,4572;49,1081;26,3507;0,0000;14,5411;167,5428;339,502;-75,000;0,000;50,000;1,7774;4,9308;-11,9401;-0,0000;7,0093;1,7774;-0,4992;0,9452;-1,1702;-0,0000;0,2251;-0,4992;8;0
4,5074;-12,4464;49,1384;26,2776;-0,0000;14,5841;167,5536;339,809;-75,000;0,000;50,000;1,7743;4,9366;-11,9473;-0,0000;7,0107;1,7743;-0,4980;0,9455;-1,1723;0,0024;0,2267;-0,5004;8;0
4,5135;-12,4355;49,1686;26,2044;-0,0000;14,6270;167,5645;340,115;-75,000;0,000;50,000;1,7713;4,9424;-11,9545;0,0000;7,0121;1,7713;-0,4959;0,9460;-1,1748;-0,0139;0,2296;-0,4814;8;0
4,5196;-12,4247;49,1989;26,1312;0,0000;14,6699;167,5753;340,421;-75,000;0,000;50,000;1,7682;4,9482;-11,9617;-0,0002;7,0135;1,7684;-0,4954;0,9463;-1,1767;-0,0003;0,2304;-0,4950;8;0
4,5257;-12,4138;49,2292;26,0579;-0,0000;14,7129;167,5862;340,727;-75,000;0,000;50,000;1,7652;4,9540;-11,9689;-0,0000;7,0149;1,7652;-0,4961;0,9472;-1,1798;0,0385;0,2360;-0,5357;8;0
4,5318;-12,4030;49,2596;25,9846;-0,0000;14,7559;167,5970;341,033;-75,000;0,000;50,000;1,7622;4,9598;-11,9762;0,0003;7,0164;1,7618;-0,4929;0,9471;-1,1809;0,0002;0,2338;-0,4930;8;0
4,5380;-12,3923;49,2900;25,9112;0,0000;14,7988;167,6077;341,340;-75,000;0,000;50,000;1,7592;4,9656;-11,9834;0,0000;7,0178;1,7592;-0,4898;0,9464;-1,1803;-0,0352;0,2247;-0,4540;8;0
4,5441;-12,3815;49,3204;25,8378;0,0000;14,8418;167,6185;341,646;-75,000;0,000;50,000;1,7562;4,9714;-11,9906;-0,0001;7,0191;1,7563;-0,4904;0,9480;-1,1853;-0,0002;0,2373;-0,4902;8;0
4,5502;-12,3707;49,3509;25,7643;0,0000;14,8848;167,6293;341,952;-75,000;0,000;50,000;1,7531;4,9772;-11,9979;-0,0000;7,0207;1,7532;-0,4897;0,9491;-1,1890;0,0106;0,2450;-0,5004;8;0
4,5563;-12,3600;49,3814;25,6908;0,0000;14,9278;167,6400;342,258;-75,000;0,000;50,000;1,7502;4,9830;-12,0052;-0,0000;7,0221;1,7502;-0,4879;0,9489;-1,1897;0,0001;0,2408;-0,4880;8;0
4,5625;-12,3493;49,4119;25,6173;-0,0000;14,9708;167,6507;342,564;-75,000;0,000;50,000;1,7472;4,9888;-12,0125;0,0000;7,0236;1,7472;-0,4866;0,9494;-1,1921;-0,0024;0,2435;-0,4840;8;0
4,5686;-12,3386;49,4425;25,5437;0,0000;15,0138;167,6614;342,871;-75,000;0,000;50,000;1,7442;4,9947;-12,0198;-0,0000;7,0251;1,7442;-0,4855;0,9498;-1,1941;-0,0000;0,2443;-0,4855;8;0
4,5747;-12,3279;49,4731;25,4701;-0,0000;15,0569;167,6721;343,177;-75,000;0,000;50,000;1,7412;5,0005;-12,0271;-0,0000;7,0266;1,7412;-0,4846;0,9500;-1,1959;0,0064;0,2444;-0,4913;8;0
4,5808;-12,3173;49,5037;25,3964;-0,0000;15,0999;167,6827;343,483;-75,000;0,000;50,000;1,7383;5,0063;-12,0344;0,0000;7,0281;1,7382;-0,4830;0,9507;-1,1986;0,0000;0,2479;-0,4831;8;0
4,5870;-12,3067;49,5344;25,3227;0,0000;15,1429;167,6933;343,789;-75,000;0,000;50,000;1,7353;5,0121;-12,0418;0,0000;7,0297;1,7353;-0,4815;0,9512;-1,2010;-0,0058;0,2503;-0,4756;8;0
4,5931;-12,2960;49,5651;25,2489;0,0000;15,1860;167,7040;344,095;-75,000;0,000;50,000;1,7324;5,0180;-12,0491;-0,0000;7,0312;1,7324;-0,4806;0,9516;-1,2030;-0,0000;0,2514;-0,4806;8;0
4,5992;-12,2854;49,5958;25,1751;-0,0000;15,2291;167,7146;344,402;-75,000;0,000;50,000;1,7294;5,0238;-12,0565;-0,0000;7,0327;1,7294;-0,4795;0,9521;-1,2053;0,0021;0,2532;-0,4816;8;0
4,6053;-12,2749;49,6266;25,1012;-0,0000;15,2721;167,7251;344,708;-75,000;0,000;50,000;1,7265;5,0296;-12,0639;0,0000;7,0343;1,7265;-0,4782;0,9526;-1,2076;0,0000;0,2549;-0,4782;8;0
4,6115;-12,2643;49,6575;25,0273;-0,0000;15,3152;167,7357;345,014;-75,000;0,000;50,000;1,7236;5,0354;-12,0713;0,0000;7,0359;1,7236;-0,4769;0,9532;-1,2101;-0,0025;0,2577;-0,4743;8;0
4,6176;-12,2537;49,6883;24,9534;0,0000;15,3583;167,7463;345,320;-75,000;0,000;50,000;1,7207;5,0413;-12,0787;-0,0000;7,0374;1,7207;-0,4758;0,9537;-1,2122;-0,0000;0,2585;-0,4758;8;0
4,6237;-12,2432;49,7192;24,8794;-0,0000;15,4014;167,7568;345,627;-75,000;0,000;50,000;1,7177;5,0471;-12,0861;-0,0000;7,0390;1,7177;-0,4750;0,9540;-1,2140;0,0058;0,2586;-0,4809;8;0
4,6298;-12,2327;49,7501;24,8053;-0,0000;15,4445;167,7673;345,933;-75,000;0,000;50,000;1,7148;5,0530;-12,0936;0,0000;7,0406;1,7148;-0,4735;0,9547;-1,2168;0,0000;0,2621;-0,4735;8;0
4,6360;-12,2222;49,7811;24,7313;0,0000;15,4877;167,7778;346,239;-75,000;0,000;50,000;1,7119;5,0588;-12,1011;0,0000;7,0422;1,7119;-0,4720;0,9553;-1,2193;-0,0051;0,2646;-0,4668;8;0
4,6421;-12,2117;49,8121;24,6571;0,0000;15,5308;167,7883;346,545;-75,000;0,000;50,000;1,7091;5,0647;-12,1085;-0,0000;7,0439;1,7091;-0,4711;0,9558;-1,2214;-0,0000;0,2657;-0,4711;8;0
4,6482;-12,2013;49,8431;24,5830;-0,0000;15,5739;167,7987;346,851;-75,000;0,000;50,000;1,7062;5,0705;-12,1160;-0,0000;7,0455;1,7062;-0,4700;0,9563;-1,2238;0,0017;0,2675;-0,4718;8;0
4,6543;-12,1908;49,8742;24,5087;-0,0000;15,6171;167,8092;347,158;-75,000;0,000;50,000;1,7033;5,0764;-12,1235;0,0000;7,0471;1,7033;-0,4684;0,9570;-1,2264;-0,0063;0,2704;-0,4618;8;0
4,6605;-12,1804;49,9053;24,4345;0,0000;15,6602;167,8196;347,464;-75,000;0,000;50,000;1,7004;5,0823;-12,1310;-0,0001;7,0488;1,7005;-0,4676;0,9574;-1,2285;-0,0002;0,2711;-0,4674;8;0
4,6666;-12,1700;49,9364;24,3601;-0,0000;15,7034;167,8300;347,770;-75,000;0,000;50,000;1,6976;5,0881;-12,1386;-0,0000;7,0504;1,6976;-0,4674;0,9579;-1,2306;0,0172;0,2717;-0,4852;8;0
4,6727;-12,1596;49,9676;24,2858;-0,0000;15,7466;167,8404;348,076;-75,000;0,000;50,000;1,6947;5,0940;-12,1461;0,0001;7,0521;1,6946;-0,4653;0,9586;-1,2332;0,0000;0,2747;-0,4653;8;0
4,6788;-12,1493;49,9988;24,2114;0,0000;15,7898;167,8507;348,382;-75,000;0,000;50,000;1,6919;5,0999;-12,1537;0,0000;7,0538;1,6919;-0,4633;0,9590;-1,2354;-0,0155;0,2754;-0,4474;8;0
4,6850;-12,1389;50,0301;24,1369;0,0000;15,8330;167,8611;348,689;-75,000;0,000;50,000;1,6890;5,1057;-12,1612;-0,0001;7,0555;1,6891;-0,4629;0,9599;-1,2383;-0,0015;0,2792;-0,4613;8;0
4,6911;-12,1286;50,0614;24,0624;0,0000;15,8762;167,8714;348,995;-75,000;0,000;50,000;1,6862;5,1116;-12,1688;-0,0000;7,0572;1,6862;-0,4621;0,9605;-1,2408;0,0046;0,2812;-0,4667;8;0
4,6972;-12,1182;50,0927;23,9879;-0,0000;15,9194;167,8818;349,301;-75,000;0,000;50,000;1,6834;5,1175;-12,1764;-0,0000;7,0589;1,6834;-0,4609;0,9608;-1,2424;0,0039;0,2801;-0,4650;8;0
4,7033;-12,1079;50,1240;23,9133;-0,0000;15,9627;167,8921;349,607;-75,000;0,000;50,000;1,6806;5,1234;-12,1841;0,0000;7,0607;1,6805;-0,4596;0,9616;-1,2453;0,0000;0,2837;-0,4596;8;0
4,7094;-12,0977;50,1554;23,8386;0,0000;16,0059;167,9023;349,913;-75,000;0,000;50,000;1,6777;5,1293;-12,1917;0,0000;7,0624;1,6777;-0,4582;0,9623;-1,2480;-0,0033;0,2864;-0,4549;8;0
4,7156;-12,0874;50,1869;23,7640;0,0000;16,0492;167,9126;350,220;-75,000;0,000;50,000;1,6749;5,1352;-12,1993;-0,0000;7,0642;1,6750;-0,4573;0,9628;-1,2502;-0,0000;0,2874;-0,4573;8;0
4,7217;-12,0771;50,2183;23,6892;-0,0000;16,0924;167,9229;350,526;-75,000;0,000;50,000;1,6721;5,1411;-12,2070;-0,0000;7,0659;1,6721;-0,4562;0,9635;-1,2527;0,0010;0,2892;-0,4572;8;0
4,7278;-12,0669;50,2498;23,6144;-0,0000;16,1357;167,9331;350,832;-75,000;0,000;50,000;1,6694;5,1470;-12,2147;0,0000;7,0677;1,6694;-0,4550;0,9642;-1,2554;-0,0014;0,2920;-0,4535;8;0
4,7339;-12,0567;50,2814;23,5396;0,0000;16,1790;167,9433;351,138;-75,000;0,000;50,000;1,6666;5,1529;-12,2224;-0,0000;7,0695;1,6666;-0,4539;0,9648;-1,2577;-0,0001;0,2929;-0,4538;8;0
4,7401;-12,0465;50,3130;23,4647;-0,0000;16,2223;167,9535;351,444;-75,000;0,000;50,000;1,6638;5,1588;-12,2301;-0,0000;7,0713;1,6638;-0,4530;0,9652;-1,2597;0,0035;0,2929;-0,4566;8;0
4,7462;-12,0363;50,3446;23,3898;-0,0000;16,2656;167,9637;351,751;-75,000;0,000;50,000;1,6610;5,1647;-12,2378;0,0000;7,0731;1,6610;-0,4517;0,9661;-1,2627;0,0000;0,2966;-0,4517;8;0
4,7523;-12,0262;50,3762;23,3148;0,0000;16,3089;167,9738;352,057;-75,000;0,000;50,000;1,6583;5,1706;-12,2455;0,0000;7,0749;1,6583;-0,4504;0,9669;-1,2654;-0,0029;0,2993;-0,4475;8;0
4,7584;-12,0160;50,4079;23,2398;0,0000;16,3523;167,9840;352,363;-75,000;0,000;50,000;1,6555;5,1765;-12,2533;-0,0000;7,0768;1,6555;-0,4495;0,9674;-1,2677;0,0000;0,3003;-0,4495;8;0
4,7646;-12,0059;50,4396;23,1648;-0,0000;16,3956;167,9941;352,669;-75,000;0,000;50,000;1,6528;5,1825;-12,2611;0,0000;7,0786;1,6528;-0,4483;0,9682;-1,2705;-0,0010;0,3030;-0,4473;8;0
4,7707;-11,9958;50,4714;23,0897;0,0000;16,4390;168,0042;352,975;-75,000;0,000;50,000;1,6500;5,1884;-12,2689;-0,0000;7,0805;1,6500;-0,4473;0,9688;-1,2728;-0,0000;0,3040;-0,4473;8;0
4,7768;-11,9857;50,5032;23,0145;-0,0000;16,4823;168,0143;353,282;-75,000;0,000;50,000;1,6473;5,1943;-12,2767;-0,0000;7,0823;1,6473;-0,4464;0,9694;-1,2749;0,0042;0,3042;-0,4507;8;0
4,7829;-11,9756;50,5350;22,9393;-0,0000;16,5257;168,0244;353,588;-75,000;0,000;50,000;1,6445;5,2003;-12,2845;0,0000;7,0842;1,6445;-0,4451;0,9702;-1,2780;0,0000;0,3077;-0,4451;8;0
4,7891;-11,9655;50,5669;22,8640;0,0000;16,5691;168,0345;353,894;-75,000;0,000;50,000;1,6418;5,2062;-12,2923;0,0000;7,0861;1,6418;-0,4438;0,9710;-1,2807;-0,0033;0,3103;-0,4404;8;0
4,7952;-11,9555;50,5988;22,7887;0,0000;16,6125;168,0445;354,200;-75,000;0,000;50,000;1,6391;5,2122;-12,3002;-0,0000;7,0880;1,6391;-0,4429;0,9717;-1,2831;-0,0000;0,3114;-0,4429;8;0
4,8013;-11,9455;50,6307;22,7134;-0,0000;16,6559;168,0545;354,506;-75,000;0,000;50,000;1,6364;5,2181;-12,3080;-0,0000;7,0899;1,6364;-0,4419;0,9724;-1,2857;0,0009;0,3133;-0,4428;8;0
4,8074;-11,9354;50,6627;22,6380;-0,0000;16,6993;168,0646;354,813;-75,000;0,000;50,000;1,6337;5,2241;-12,3159;0,0000;7,0918;1,6337;-0,4407;0,9732;-1,2884;0,0000;0,3152;-0,4407;8;0
4,8136;-11,9254;50,6947;22,5625;0,0000;16,7428;168,0746;355,119;-75,000;0,000;50,000;1,6310;5,2300;-12,3238;-0,0000;7,0938;1,6310;-0,4397;0,9739;-1,2910;-0,0001;0,3171;-0,4396;8;0
4,8197;-11,9155;50,7267;22,4870;-0,0000;16,7862;168,0845;355,425;-75,000;0,000;50,000;1,6283;5,2360;-12,3317;0,0000;7,0957;1,6283;-0,4385;0,9748;-1,2939;-0,0016;0,3198;-0,4369;8;0
4,8258;-11,9055;50,7588;22,4115;0,0000;16,8297;168,0945;355,731;-75,000;0,000;50,000;1,6256;5,2420;-12,3397;-0,0000;7,0977;1,6257;-0,4375;0,9754;-1,2963;-0,0000;0,3208;-0,4375;8;0
4,8319;-11,8956;50,7909;22,3359;-0,0000;16,8732;168,1044;356,038;-75,000;0,000;50,000;1,6230;5,2480;-12,3476;-0,0000;7,0997;1,6230;-0,4367;0,9760;-1,2985;0,0038;0,3211;-0,4406;8;0
4,8381;-11,8856;50,8231;22,2602;-0,0000;16,9167;168,1144;356,344;-75,000;0,000;50,000;1,6203;5,2539;-12,3556;0,0000;7,1016;1,6203;-0,4354;0,9770;-1,3016;0,0000;0,3246;-0,4354;8;0
4,8442;-11,8757;50,8553;22,1846;0,0000;16,9602;168,1243;356,650;-75,000;0,000;50,000;1,6176;5,2599;-12,3636;0,0000;7,1036;1,6176;-0,4342;0,9779;-1,3045;-0,0030;0,3273;-0,4311;8;0
4,8503;-11,8658;50,8875;22,1088;0,0000;17,0037;168,1342;356,956;-75,000;0,000;50,000;1,6150;5,2659;-12,3715;-0,0000;7,1056;1,6150;-0,4345;0,9778;-1,3052;0,0208;0,3218;-0,4558;8;0
4,8564;-11,8559;50,9198;22,0330;-0,0000;17,0472;168,1441;357,262;-75,000;0,000;50,000;1,6123;5,2719;-12,3795;0,0003;7,1076;1,6120;-0,4323;0,9794;-1,3097;0,0006;0,3303;-0,4329;8;0
4,8626;-11,8461;50,9521;21,9572;0,0000;17,0907;168,1539;357,569;-75,000;0,000;50,000;1,6097;5,2779;-12,3876;-0,0000;7,1097;1,6097;-0,4288;0,9817;-1,3160;-0,0416;0,3456;-0,3863;8;0
4,8687;-11,8362;50,9844;21,8813;-0,0000;17,1343;168,1638;357,875;-75,000;0,000;50,000;1,6070;5,2839;-12,3957;-0,0003;7,1118;1,6073;-0,4302;0,9810;-1,3152;0,0003;0,3342;-0,4304;8;0
4,8748;-11,8264;51,0168;21,8054;-0,0000;17,1778;168,1736;358,181;-75,000;0,000;50,000;1,6044;5,2899;-12,4037;0,0000;7,1138;1,6044;-0,4301;0,9812;-1,3164;0,0165;0,3305;-0,4468;8;0
4,8809;-11,8166;51,0492;21,7294;0,0000;17,2214;168,1834;358,487;-75,000;0,000;50,000;1,6018;5,2959;-12,4118;-0,0001;7,1159;1,6018;-0,4281;0,9827;-1,3207;-0,0002;0,3380;-0,4279;8;0
4,8870;-11,8068;51,0817;21,6533;-0,0000;17,2650;168,1932;358,793;-75,000;0,000;50,000;1,5992;5,3020;-12,4199;-0,0000;7,1179;1,5992;-0,4277;0,9834;-1,3230;0,0108;0,3383;-0,4389;8;0
4,8932;-11,7970;51,1142;21,5773;-0,0000;17,3086;168,2030;359,100;-75,000;0,000;50,000;1,5965;5,3080;-12,4280;0,0001;7,1200;1,5965;-0,4260;0,9844;-1,3262;0,0000;0,3418;-0,4260;8;0
4,8993;-11,7872;51,1467;21,5011;0,0000;17,3522;168,2128;359,406;-75,000;0,000;50,000;1,5939;5,3140;-12,4361;0,0000;7,1221;1,5939;-0,4245;0,9853;-1,3291;-0,0087;0,3439;-0,4155;8;0
4,9054;-11,7774;51,1793;21,4249;0,0000;17,3958;168,2226;359,712;-75,000;0,000;50,000;1,5913;5,3200;-12,4443;-0,0000;7,1242;1,5914;-0,4240;0,9861;-1,3319;-0,0000;0,3457;-0,4240;8;0
4,9115;-11,7677;51,2119;21,3487;-0,0000;17,4394;168,2323;360,018;-75,000;0,000;50,000;1,5887;5,3261;-12,4524;0,0000;7,1263;1,5887;-0,4230;0,9872;-1,3350;0,0009;0,3489;-0,4239;8;0
4,9177;-11,7580;51,2445;21,2724;0,0000;17,4831;168,2420;360,324;-75,000;0,000;50,000;1,5862;5,3321;-12,4606;-0,0000;7,1285;1,5862;-0,4219;0,9879;-1,3375;-0,0000;0,3496;-0,4219;8;0
4,9238;-11,7483;51,2772;21,1961;-0,0000;17,5268;168,2517;360,631;-75,000;0,000;50,000;1,5836;5,3382;-12,4688;-0,0000;7,1306;1,5836;-0,4211;0,9886;-1,3399;0,0032;0,3500;-0,4243;8;0
4,9299;-11,7386;51,3099;21,1197;-0,0000;17,5704;168,2614;360,937;-75,000;0,000;50,000;1,5810;5,3442;-12,4770;0,0000;7,1328;1,5810;-0,4199;0,9897;-1,3432;0,0000;0,3535;-0,4199;8;0
4,9360;-11,7289;51,3426;21,0433;0,0000;17,6141;168,2711;361,243;-75,000;0,000;50,000;1,5784;5,3503;-12,4853;0,0000;7,1349;1,5784;-0,4188;0,9907;-1,3463;-0,0023;0,3562;-0,4164;8;0
4,9422;-11,7193;51,3754;20,9668;0,0000;17,6578;168,2807;361,549;-75,000;0,000;50,000;1,5759;5,3564;-12,4935;-0,0000;7,1371;1,5759;-0,4179;0,9915;-1,3489;-0,0000;0,3574;-0,4179;8;0
4,9483;-11,7096;51,4082;20,8902;-0,0000;17,7015;168,2904;361,855;-75,000;0,000;50,000;1,5733;5,3625;-12,5018;-0,0000;7,1393;1,5733;-0,4169;0,9925;-1,3518;0,0005;0,3594;-0,4175;8;0
4,9544;-11,7000;51,4411;20,8136;-0,0000;17,7453;168,3000;362,162;-75,000;0,000;50,000;1,5708;5,3685;-12,5101;0,0000;7,1415;1,5708;-0,4159;0,9934;-1,3547;0,0000;0,3614;-0,4159;8;0
4,9605;-11,6904;51,4740;20,7370;0,0000;17,7890;168,3096;362,468;-75,000;0,000;50,000;1,5682;5,3746;-12,5184;0,0000;7,1438;1,5682;-0,4149;0,9943;-1,3577;-0,0000;0,3633;-0,4149;8;0
4,9667;-11,6808;51,5069;20,6603;-0,0000;17,8328;168,3192;362,774;-75,000;-0,000;50,000;1,5657;5,3807;-12,5267;-0,0000;7,1460;1,5657;-0,4138;0,9954;-1,3608;-0,0010;0,3662;-0,4128;8;0
4,9728;-11,6712;51,5399;20,5836;0,0000;17,8765;168,3288;363,080;-75,000;0,000;50,000;1,5632;5,3868;-12,5350;-0,0000;7,1482;1,5632;-0,4129;0,9963;-1,3635;-0,0000;0,3673;-0,4129;8;0
4,9789;-11,6616;51,5729;20,5068;-0,0000;17,9203;168,3384;363,386;-75,000;0,000;50,000;1,5606;5,3929;-12,5434;-0,0000;7,1505;1,5606;-0,4120;0,9970;-1,3660;0,0020;0,3675;-0,4142;8;0
4,9850;-11,6521;51,6059;20,4299;-0,0000;17,9641;168,3479;363,693;-75,000;0,000;50,000;1,5581;5,3990;-12,5518;0,0000;7,1527;1,5581;-0,4109;0,9983;-1,3697;-0,0009;0,3721;-0,4099;8;0
4,9912;-11,6426;51,6390;20,3531;0,0000;18,0079;168,3574;363,999;-75,000;0,000;50,000;1,5556;5,4051;-12,5602;-0,0000;7,1550;1,5556;-0,4099;0,9993;-1,3727;-0,0010;0,3741;-0,4088;8;0
4,9973;-11,6330;51,6721;20,2761;-0,0000;18,0518;168,3670;364,305;-75,000;0,000;50,000;1,5531;5,4113;-12,5686;-0,0000;7,1573;1,5531;-0,4091;1,0000;-1,3750;0,0022;0,3736;-0,4114;8;0
5,0034;-11,6235;51,7053;20,1991;-0,0000;18,0956;168,3765;364,611;-75,000;0,000;50,000;1,5506;5,4174;-12,5770;0,0000;7,1596;1,5506;-0,4080;1,0012;-1,3784;0,0000;0,3773;-0,4080;8;0
5,0095;-11,6140;51,7385;20,1221;0,0000;18,1394;168,3860;364,917;-75,000;0,000;50,000;1,5481;5,4235;-12,5855;0,0000;7,1619;1,5481;-0,4069;1,0023;-1,3817;-0,0016;0,3801;-0,4053;8;0
5,0157;-11,6046;51,7717;20,0450;0,0000;18,1833;168,3954;365,224;-75,000;0,000;50,000;1,5456;5,4297;-12,5939;-0,0000;7,1643;1,5456;-0,4064;1,0031;-1,3842;0,0060;0,3800;-0,4128;8;0
5,0218;-11,5951;51,8050;19,9678;-0,0000;18,2272;168,4049;365,530;-75,000;0,000;50,000;1,5431;5,4358;-12,6024;0,0001;7,1666;1,5430;-0,4051;1,0042;-1,3875;0,0003;0,3833;-0,4055;8;0
5,0279;-11,5857;51,8383;19,8906;0,0000;18,2711;168,4143;365,836;-75,000;0,000;50,000;1,5406;5,4420;-12,6109;0,0000;7,1690;1,5406;-0,4036;1,0057;-1,3916;-0,0093;0,3888;-0,3937;8;0
5,0340;-11,5762;51,8717;19,8133;-0,0000;18,3150;168,4238;366,142;-75,000;0,000;50,000;1,5382;5,4481;-12,6195;-0,0000;7,1714;1,5382;-0,4032;1,0063;-1,3937;0,0000;0,3874;-0,4032;8;0
5,0402;-11,5668;51,9050;19,7360;0,0000;18,3589;168,4332;366,449;-75,000;0,000;50,000;1,5357;5,4543;-12,6280;0,0000;7,1737;1,5357;-0,4022;1,0070;-1,3959;-0,0007;0,3864;-0,4018;8;0
5,0463;-11,5574;51,9385;19,6587;0,0000;18,4029;168,4426;366,755;-75,000;0,000;50,000;1,5332;5,4605;-12,6366;-0,0000;7,1761;1,5333;-0,4013;1,0085;-1,3999;-0,0000;0,3914;-0,4013;8;0
5,0524;-11,5480;51,9719;19,5813;-0,0000;18,4468;168,4520;367,061;-75,000;0,000;50,000;1,5308;5,4667;-12,6452;-0,0000;7,1785;1,5308;-0,4006;1,0096;-1,4031;0,0053;0,3941;-0,4059;8;0
5,0585;-11,5387;52,0054;19,5038;-0,0000;18,4908;168,4613;367,367;-75,000;0,000;50,000;1,5283;5,4728;-12,6538;0,0000;7,1809;1,5283;-0,3994;1,0106;-1,4061;0,0000;0,3955;-0,3994;8;0
5,0646;-11,5293;52,0390;19,4263;0,0000;18,5348;168,4707;367,673;-75,000;0,000;50,000;1,5259;5,4790;-12,6624;0,0000;7,1833;1,5259;-0,3983;1,0117;-1,4093;-0,0014;0,3977;-0,3969;8;0
5,0708;-11,5200;52,0725;19,3487;0,0000;18,5788;168,4800;367,980;-75,000;0,000;50,000;1,5235;5,4852;-12,6710;-0,0000;7,1858;1,5235;-0,3976;1,0128;-1,4125;0,0023;0,3998;-0,3999;8;0
5,0769;-11,5107;52,1061;19,2711;-0,0000;18,6228;168,4893;368,286;-75,000;0,000;50,000;1,5210;5,4914;-12,6797;0,0000;7,1882;1,5210;-0,3966;1,0139;-1,4156;0,0001;0,4017;-0,3967;8;0
5,0830;-11,5014;52,1398;19,1934;0,0000;18,6668;168,4986;368,592;-75,000;0,000;50,000;1,5186;5,4976;-12,6884;0,0000;7,1907;1,5186;-0,3953;1,0150;-1,4187;-0,0049;0,4034;-0,3904;8;0
5,0891;-11,4921;52,1735;19,1157;0,0000;18,7109;168,5079;368,898;-75,000;0,000;50,000;1,5162;5,5039;-12,6971;-0,0000;7,1932;1,5162;-0,3947;1,0161;-1,4220;-0,0000;0,4058;-0,3947;8;0
5,0953;-11,4828;52,2072;19,0379;-0,0000;18,7549;168,5172;369,204;-75,000;0,000;50,000;1,5138;5,5101;-12,7058;-0,0000;7,1957;1,5138;-0,3939;1,0173;-1,4251;0,0029;0,4078;-0,3969;8;0
5,1014;-11,4735;52,2410;18,9600;-0,0000;18,7990;168,5265;369,511;-75,000;0,000;50,000;1,5114;5,5163;-12,7145;0,0000;7,1982;1,5114;-0,3922;1,0185;-1,4286;-0,0098;0,4106;-0,3819;8;0
5,1075;-11,4643;52,2748;18,8821;0,0000;18,8431;168,5357;369,817;-75,000;0,000;50,000;1,5090;5,5226;-12,7233;-0,0001;7,2007;1,5091;-0,3919;1,0196;-1,4317;-0,0004;0,4122;-0,3915;8;0
5,1136;-11,4550;52,3086;18,8042;-0,0000;18,8872;168,5450;370,123;-75,000;0,000;50,000;1,5066;5,5288;-12,7320;-0,0000;7,2032;1,5066;-0,3924;1,0209;-1,4351;0,0222;0,4151;-0,4157;8;0
5,1198;-11,4458;52,3425;18,7262;-0,0000;18,9313;168,5542;370,429;-75,000;0,000;50,000;1,5042;5,5351;-12,7408;0,0002;7,2058;1,5040;-0,3901;1,0219;-1,4381;0,0000;0,4162;-0,3901;8;0
5,1259;-11,4366;52,3764;18,6481;0,0000;18,9755;168,5634;370,735;-75,000;0,000;50,000;1,5018;5,5413;-12,7497;0,0000;7,2083;1,5018;-0,3881;1,0227;-1,4404;-0,0173;0,4147;-0,3701;8;0
5,1320;-11,4274;52,4104;18,5700;0,0000;19,0196;168,5726;371,042;-75,000;0,000;50,000;1,4994;5,5476;-12,7585;-0,0001;7,2109;1,4995;-0,3882;1,0243;-1,4447;-0,0000;0,4204;-0,3882;8;0
5,1381;-11,4183;52,4443;18,4919;-0,0000;19,0638;168,5817;371,348;-75,000;0,000;50,000;1,4970;5,5539;-12,7674;-0,0000;7,2135;1,4970;-0,3878;1,0257;-1,4486;0,0073;0,4245;-0,3952;8;0
5,1443;-11,4091;52,4784;18,4137;-0,0000;19,1080;168,5909;371,654;-75,000;0,000;50,000;1,4947;5,5602;-12,7762;0,0000;7,2161;1,4946;-0,3864;1,0267;-1,4514;0,0000;0,4247;-0,3864;8;0
5,1504;-11,3999;52,5124;18,3354;0,0000;19,1522;168,6001;371,960;-75,000;0,000;50,000;1,4923;5,5665;-12,7851;0,0000;7,2187;1,4923;-0,3854;1,0279;-1,4547;-0,0027;0,4268;-0,3826;8;0
5,1565;-11,3908;52,5466;18,2571;0,0000;19,1964;168,6092;372,266;-75,000;0,000;50,000;1,4899;5,5727;-12,7941;-0,0000;7,2213;1,4899;-0,3851;1,0291;-1,4580;0,0076;0,4286;-0,3929;8;0
5,1626;-11,3817;52,5807;18,1787;-0,0000;19,2406;168,6183;372,573;-75,000;0,000;50,000;1,4876;5,5791;-12,8030;0,0001;7,2239;1,4875;-0,3837;1,0304;-1,4614;0,0003;0,4311;-0,3840;8;0
5,1688;-11,3726;52,6149;18,1003;0,0000;19,2849;168,6274;372,879;-75,000;0,000;50,000;1,4852;5,5854;-12,8120;0,0000;7,2266;1,4852;-0,3819;1,0319;-1,4654;-0,0149;0,4352;-0,3667;8;0
5,1749;-11,3635;52,6491;18,0218;-0,0000;19,3291;168,6365;373,185;-75,000;0,000;50,000;1,4829;5,5917;-12,8209;-0,0001;7,2293;1,4830;-0,3819;1,0329;-1,4682;-0,0000;0,4353;-0,3819;8;0
5,1810;-11,3544;52,6834;17,9432;0,0000;19,3734;168,6456;373,491;-75,000;0,000;50,000;1,4806;5,5980;-12,8299;0,0000;7,2319;1,4806;-0,3815;1,0338;-1,4707;0,0065;0,4344;-0,3882;8;0
5,1871;-11,3454;52,7177;17,8646;0,0000;19,4177;168,6546;373,797;-75,000;0,000;50,000;1,4782;5,6044;-12,8390;-0,0000;7,2346;1,4782;-0,3802;1,0354;-1,4750;-0,0000;0,4396;-0,3802;8;0
5,1933;-11,3363;52,7520;17,7860;-0,0000;19,4620;168,6637;374,104;-75,000;0,000;50,000;1,4759;5,6107;-12,8480;-0,0000;7,2373;1,4759;-0,3793;1,0369;-1,4789;0,0010;0,4432;-0,3803;8;0
5,1994;-11,3273;52,7864;17,7073;-0,0000;19,5063;168,6727;374,410;-75,000;0,000;50,000;1,4736;5,6171;-12,8571;0,0000;7,2400;1,4736;-0,3780;1,0381;-1,4822;-0,0054;0,4448;-0,3722;8;0
5,2055;-11,3183;52,8208;17,6285;0,0000;19,5507;168,6817;374,716;-75,000;0,000;50,000;1,4713;5,6234;-12,8662;-0,0001;7,2427;1,4713;-0,3775;1,0393;-1,4854;-0,0003;0,4462;-0,3772;8;0
5,2116;-11,3093;52,8553;17,5497;-0,0000;19,5951;168,6907;375,022;-75,000;0,000;50,000;1,4690;5,6298;-12,8753;-0,0000;7,2455;1,4690;-0,3774;1,0405;-1,4887;0,0124;0,4474;-0,3906;8;0
5,2178;-11,3003;52,8898;17,4708;-0,0000;19,6394;168,6997;375,329;-75,000;0,000;50,000;1,4666;5,6362;-12,8844;0,0001;7,2482;1,4666;-0,3758;1,0419;-1,4924;0,0000;0,4505;-0,3758;8;0
5,2239;-11,2913;52,9243;17,3919;0,0000;19,6838;168,7087;375,635;-75,000;0,000;50,000;1,4644;5,6425;-12,8935;0,0000;7,2510;1,4644;-0,3743;1,0432;-1,4958;-0,0089;0,4522;-0,3649;8;0
5,2300;-11,2824;52,9589;17,3129;0,0000;19,7282;168,7176;375,941;-75,000;0,000;50,000;1,4621;5,6489;-12,9027;-0,0000;7,2538;1,4621;-0,3740;1,0446;-1,4995;-0,0000;0,4549;-0,3740;8;0
5,2361;-11,2734;52,9935;17,2338;-0,0000;19,7727;168,7266;376,247;-75,000;0,000;50,000;1,4598;5,6553;-12,9119;-0,0000;7,2566;1,4598;-0,3733;1,0460;-1,5032;0,0024;0,4576;-0,3757;8;0
5,2422;-11,2645;53,0282;17,1547;-0,0000;19,8171;168,7355;376,553;-75,000;0,000;50,000;1,4575;5,6618;-12,9211;0,0000;7,2594;1,4575;-0,3723;1,0473;-1,5066;0,0000;0,4593;-0,3723;8;0
5,2484;-11,2556;53,0628;17,0756;0,0000;19,8616;168,7444;376,860;-75,000;0,000;50,000;1,4552;5,6682;-12,9304;0,0000;7,2622;1,4552;-0,3714;1,0487;-1,5102;-0,0004;0,4616;-0,3709;8;0
5,2545;-11,2466;53,0976;16,9963;-0,0000;19,9061;168,7534;377,166;-75,000;-0,000;50,000;1,4529;5,6746;-12,9396;-0,0000;7,2650;1,4529;-0,3705;1,0501;-1,5140;-0,0006;0,4645;-0,3698;8;0
5,2606;-11,2378;53,1324;16,9171;0,0000;19,9506;168,7622;377,472;-75,000;0,000;50,000;1,4507;5,6810;-12,9489;-0,0000;7,2679;1,4507;-0,3697;1,0514;-1,5174;0,0000;0,4660;-0,3697;8;0
5,2667;-11,2289;53,1672;16,8377;-0,0000;19,9951;168,7711;377,778;-75,000;0,000;50,000;1,4484;5,6875;-12,9582;-0,0000;7,2707;1,4484;-0,3690;1,0526;-1,5206;0,0014;0,4666;-0,3705;8;0
5,2729;-11,2200;53,2020;16,7584;-0,0000;20,0396;168,7800;378,084;-75,000;0,000;50,000;1,4462;5,6939;-12,9675;0,0000;7,2736;1,4461;-0,3680;1,0543;-1,5247;0,0000;0,4704;-0,3680;8;0
5,2790;-11,2112;53,2369;16,6789;0,0000;20,0842;168,7888;378,391;-75,000;0,000;50,000;1,4439;5,7004;-12,9769;0,0000;7,2765;1,4439;-0,3671;1,0558;-1,5286;-0,0009;0,4735;-0,3661;8;0
5,2851;-11,2023;53,2718;16,5994;0,0000;20,1288;168,7977;378,697;-75,000;0,000;50,000;1,4417;5,7069;-12,9862;-0,0000;7,2794;1,4417;-0,3663;1,0571;-1,5320;-0,0000;0,4749;-0,3663;8;0
5,2912;-11,1935;53,3068;16,5199;0,0000;20,1733;168,8065;379,003;-75,000;0,000;50,000;1,4394;5,7133;-12,9956;-0,0000;7,2823;1,4394;-0,3655;1,0585;-1,5357;0,0001;0,4772;-0,3656;8;0
5,2974;-11,1847;53,3418;16,4402;-0,0000;20,2179;168,8153;379,309;-75,000;-0,000;50,000;1,4372;5,7198;-13,0051;0,0000;7,2852;1,4372;-0,3646;1,0601;-1,5397;-0,0006;0,4803;-0,3640;8;0
5,3035;-11,1759;53,3769;16,3606;0,0000;20,2626;168,8241;379,615;-75,000;0,000;50,000;1,4350;5,7263;-13,0145;-0,0000;7,2882;1,4350;-0,3638;1,0615;-1,5432;-0,0000;0,4817;-0,3638;8;0
5,3096;-11,1671;53,4120;16,2808;-0,0000;20,3072;168,8329;379,922;-75,000;0,000;50,000;1,4327;5,7328;-13,0240;-0,0000;7,2911;1,4327;-0,3631;1,0627;-1,5465;0,0014;0,4824;-0,3644;8;0
5,3157;-11,1584;53,4471;16,2010;-0,0000;20,3519;168,8416;380,228;-75,000;0,000;50,000;1,4305;5,7393;-13,0334;0,0000;7,2941;1,4305;-0,3621;1,0644;-1,5507;0,0000;0,4863;-0,3621;8;0
5,3219;-11,1496;53,4822;16,1212;0,0000;20,3966;168,8504;380,534;-75,000;0,000;50,000;1,4283;5,7459;-13,0430;0,0000;7,2971;1,4283;-0,3612;1,0660;-1,5547;-0,0009;0,4894;-0,3604;8;0
5,3280;-11,1409;53,5175;16,0413;0,0000;20,4413;168,8591;380,840;-75,000;0,000;50,000;1,4261;5,7524;-13,0525;-0,0000;7,3001;1,4261;-0,3606;1,0674;-1,5584;0,0016;0,4912;-0,3623;8;0
5,3341;-11,1321;53,5527;15,9613;-0,0000;20,4860;168,8679;381,146;-75,000;0,000;50,000;1,4239;5,7589;-13,0620;0,0000;7,3031;1,4239;-0,3597;1,0689;-1,5621;0,0001;0,4932;-0,3598;8;0
5,3402;-11,1234;53,5880;15,8813;0,0000;20,5307;168,8766;381,453;-75,000;0,000;50,000;1,4217;5,7655;-13,0716;0,0000;7,3061;1,4217;-0,3586;1,0704;-1,5658;-0,0034;0,4950;-0,3549;8;0
5,3464;-11,1147;53,6233;15,8012;0,0000;20,5755;168,8853;381,759;-75,000;0,000;50,000;1,4195;5,7720;-13,0812;-0,0000;7,3092;1,4195;-0,3580;1,0720;-1,5698;-0,0000;0,4978;-0,3580;8;0
5,3525;-11,1060;53,6587;15,7211;-0,0000;20,6202;168,8940;382,065;-75,000;0,000;50,000;1,4173;5,7786;-13,0908;-0,0000;7,3122;1,4173;-0,3573;1,0735;-1,5737;0,0020;0,5003;-0,3595;8;0
5,3586;-11,0974;53,6941;15,6409;-0,0000;20,6650;168,9026;382,371;-75,000;0,000;50,000;1,4151;5,7852;-13,1005;0,0000;7,3153;1,4151;-0,3561;1,0752;-1,5777;-0,0045;0,5032;-0,3512;8;0
5,3647;-11,0887;53,7295;15,5606;0,0000;20,7098;168,9113;382,677;-75,000;0,000;50,000;1,4129;5,7918;-13,1102;-0,0001;7,3184;1,4130;-0,3555;1,0766;-1,5814;-0,0002;0,5049;-0,3553;8;0
5,3709;-11,0801;53,7650;15,4803;-0,0000;20,7547;168,9199;382,984;-75,000;0,000;50,000;1,4107;5,7984;-13,1199;-0,0000;7,3215;1,4108;-0,3554;1,0781;-1,5850;0,0102;0,5060;-0,3663;8;0
5,3770;-11,0714;53,8006;15,3999;-0,0000;20,7995;168,9286;383,290;-75,000;0,000;50,000;1,4086;5,8050;-13,1296;0,0001;7,3246;1,4085;-0,3539;1,0798;-1,5893;0,0000;0,5095;-0,3540;8;0
5,3831;-11,0628;53,8361;15,3195;0,0000;20,8444;168,9372;383,596;-75,000;0,000;50,000;1,4064;5,8116;-13,1393;0,0000;7,3277;1,4064;-0,3527;1,0814;-1,5932;-0,0069;0,5118;-0,3454;8;0
5,3892;-11,0542;53,8717;15,2390;0,0000;20,8893;168,9458;383,902;-75,000;0,000;50,000;1,4043;5,8182;-13,1491;-0,0000;7,3309;1,4043;-0,3523;1,0830;-1,5972;-0,0000;0,5142;-0,3523;8;0
5,3953;-11,0456;53,9074;15,1584;-0,0000;20,9342;168,9544;384,208;-75,000;0,000;50,000;1,4021;5,8249;-13,1589;-0,0000;7,3340;1,4021;-0,3516;1,0847;-1,6013;0,0014;0,5169;-0,3531;8;0
5,4015;-11,0370;53,9431;15,0778;-0,0000;20,9791;168,9630;384,515;-75,000;0,000;50,000;1,3999;5,8315;-13,1687;0,0000;7,3372;1,3999;-0,3507;1,0863;-1,6052;0,0000;0,5190;-0,3507;8;0
5,4076;-11,0285;53,9788;14,9971;-0,0000;21,0240;168,9715;384,821;-75,000;0,000;50,000;1,3978;5,8382;-13,1786;0,0000;7,3404;1,3978;-0,3499;1,0880;-1,6095;-0,0008;0,5221;-0,3490;8;0
5,4137;-11,0199;54,0146;14,9164;0,0000;21,0690;168,9801;385,127;-75,000;0,000;50,000;1,3957;5,8448;-13,1884;-0,0000;7,3436;1,3957;-0,3491;1,0896;-1,6133;-0,0000;0,5237;-0,3491;8;0
5,4198;-11,0114;54,0504;14,8356;-0,0000;21,1140;168,9886;385,433;-75,000;0,000;50,000;1,3935;5,8515;-13,1983;-0,0000;7,3468;1,3935;-0,3485;1,0910;-1,6170;0,0014;0,5247;-0,3500;8;0
5,4260;-11,0028;54,0863;14,7548;-0,0000;21,1590;168,9972;385,740;-75,000;0,000;50,000;1,3914;5,8582;-13,2082;0,0000;7,3500;1,3914;-0,3476;1,0929;-1,6215;0,0000;0,5285;-0,3476;8;0
5,4321;-10,9943;54,1222;14,6738;0,0000;21,2040;169,0057;386,046;-75,000;0,000;50,000;1,3893;5,8649;-13,2182;0,0000;7,3533;1,3893;-0,3467;1,0947;-1,6258;-0,0009;0,5317;-0,3458;8;0
5,4382;-10,9858;54,1581;14,5929;0,0000;21,2490;169,0142;386,352;-75,000;0,000;50,000;1,3871;5,8716;-13,2281;-0,0000;7,3565;1,3872;-0,3461;1,0963;-1,6298;0,0014;0,5337;-0,3476;8;0
5,4443;-10,9773;54,1941;14,5118;-0,0000;21,2941;169,0227;386,658;-75,000;0,000;50,000;1,3850;5,8783;-13,2381;0,0000;7,3598;1,3850;-0,3452;1,0980;-1,6338;0,0001;0,5358;-0,3454;8;0
5,4505;-10,9689;54,2301;14,4307;0,0000;21,3392;169,0311;386,964;-75,000;0,000;50,000;1,3829;5,8851;-13,2482;0,0000;7,3631;1,3829;-0,3442;1,0996;-1,6378;-0,0030;0,5377;-0,3410;8;0
5,4566;-10,9604;54,2662;14,3495;0,0000;21,3843;169,0396;387,271;-75,000;0,000;50,000;1,3808;5,8918;-13,2582;-0,0000;7,3664;1,3808;-0,3437;1,1014;-1,6422;-0,0000;0,5407;-0,3437;8;0
5,4627;-10,9519;54,3023;14,2683;-0,0000;21,4294;169,0481;387,577;-75,000;0,000;50,000;1,3787;5,8986;-13,2683;-0,0000;7,3697;1,3787;-0,3430;1,1032;-1,6464;0,0018;0,5434;-0,3449;8;0
5,4688;-10,9435;54,3384;14,1870;-0,0000;21,4746;169,0565;387,883;-75,000;0,000;50,000;1,3766;5,9053;-13,2784;0,0000;7,3730;1,3766;-0,3419;1,1050;-1,6508;-0,0035;0,5464;-0,3380;8;0
5,4750;-10,9351;54,3746;14,1057;0,0000;21,5197;169,0649;388,189;-75,000;0,000;50,000;1,3745;5,9121;-13,2885;-0,0000;7,3764;1,3746;-0,3413;1,1067;-1,6548;-0,0002;0,5481;-0,3411;8;0
5,4811;-10,9267;54,4108;14,0243;-0,0000;21,5649;169,0733;388,495;-75,000;0,000;50,000;1,3724;5,9189;-13,2986;-0,0000;7,3798;1,3724;-0,3411;1,1083;-1,6587;0,0078;0,5493;-0,3495;8;0
5,4872;-10,9183;54,4471;13,9428;-0,0000;21,6101;169,0817;388,802;-75,000;0,000;50,000;1,3703;5,9257;-13,3088;0,0001;7,3831;1,3703;-0,3398;1,1103;-1,6633;0,0000;0,5531;-0,3398;8;0
5,4933;-10,9099;54,4834;13,8613;0,0000;21,6553;169,0901;389,108;-75,000;0,000;50,000;1,3683;5,9325;-13,3190;0,0000;7,3865;1,3683;-0,3387;1,1121;-1,6677;-0,0051;0,5558;-0,3333;8;0
5,4995;-10,9015;54,5198;13,7797;0,0000;21,7006;169,0985;389,414;-75,000;0,000;50,000;1,3662;5,9393;-13,3292;-0,0000;7,3899;1,3662;-0,3383;1,1139;-1,6720;-0,0000;0,5581;-0,3383;8;0
5,5056;-10,8932;54,5562;13,6980;-0,0000;21,7458;169,1068;389,720;-75,000;0,000;50,000;1,3641;5,9461;-13,3395;-0,0000;7,3934;1,3641;-0,3376;1,1158;-1,6764;0,0009;0,5608;-0,3385;8;0
5,5117;-10,8848;54,5926;13,6163;-0,0000;21,7911;169,1152;390,026;-75,000;0,000;50,000;1,3621;5,9530;-13,3498;0,0000;7,3968;1,3621;-0,3367;1,1177;-1,6809;-0,0017;0,5639;-0,3348;8;0
5,5178;-10,8765;54,6291;13,5345;0,0000;21,8364;169,1235;390,333;-75,000;0,000;50,000;1,3600;5,9598;-13,3601;-0,0000;7,4003;1,3600;-0,3360;1,1194;-1,6850;-0,0001;0,5656;-0,3359;8;0
5,5240;-10,8682;54,6656;13,4526;-0,0000;21,8818;169,1318;390,639;-75,000;0,000;50,000;1,3579;5,9667;-13,3704;-0,0000;7,4037;1,3579;-0,3355;1,1211;-1,6890;0,0037;0,5667;-0,3395;8;0
5,5301;-10,8598;54,7021;13,3707;-0,0000;21,9271;169,1402;390,945;-75,000;0,000;50,000;1,3559;5,9735;-13,3808;0,0000;7,4072;1,3559;-0,3345;1,1232;-1,6938;0,0000;0,5707;-0,3345;8;0
5,5362;-10,8515;54,7388;13,2888;0,0000;21,9725;169,1485;391,251;-75,000;0,000;50,000;1,3538;5,9804;-13,3911;0,0000;7,4107;1,3538;-0,3336;1,1251;-1,6985;-0,0024;0,5739;-0,3311;8;0
5,5423;-10,8433;54,7754;13,2067;0,0000;22,0179;169,1567;391,557;-75,000;0,000;50,000;1,3518;5,9873;-13,4016;-0,0000;7,4142;1,3518;-0,3330;1,1269;-1,7027;-0,0000;0,5758;-0,3330;8;0
5,5485;-10,8350;54,8121;13,1246;-0,0000;22,0633;169,1650;391,864;-75,000;0,000;50,000;1,3498;5,9942;-13,4120;-0,0000;7,4178;1,3498;-0,3323;1,1289;-1,7072;0,0004;0,5784;-0,3327;8;0
5,5546;-10,8267;54,8488;13,0424;-0,0000;22,1087;169,1733;392,170;-75,000;0,000;50,000;1,3477;6,0011;-13,4225;0,0000;7,4213;1,3477;-0,3315;1,1309;-1,7119;-0,0008;0,5817;-0,3306;8;0
5,5607;-10,8185;54,8856;12,9602;0,0000;22,1542;169,1815;392,476;-75,000;0,000;50,000;1,3457;6,0081;-13,4330;-0,0000;7,4249;1,3457;-0,3308;1,1327;-1,7163;-0,0000;0,5835;-0,3308;8;0
5,5668;-10,8102;54,9224;12,8779;-0,0000;22,1997;169,1898;392,782;-75,000;0,000;50,000;1,3437;6,0150;-13,4435;-0,0000;7,4285;1,3437;-0,3302;1,1345;-1,7204;0,0017;0,5847;-0,3320;8;0
5,5729;-10,8020;54,9593;12,7955;-0,0000;22,2452;169,1980;393,088;-75,000;0,000;50,000;1,3417;6,0220;-13,4540;0,0000;7,4321;1,3417;-0,3293;1,1366;-1,7254;0,0000;0,5887;-0,3293;8;0
5,5791;-10,7938;54,9962;12,7131;0,0000;22,2907;169,2062;393,395;-75,000;0,000;50,000;1,3397;6,0289;-13,4646;0,0000;7,4357;1,3397;-0,3285;1,1387;-1,7302;-0,0011;0,5921;-0,3274;8;0
5,5852;-10,7856;55,0331;12,6306;0,0000;22,3363;169,2144;393,701;-75,000;0,000;50,000;1,3376;6,0359;-13,4752;-0,0000;7,4393;1,3376;-0,3280;1,1406;-1,7347;0,0016;0,5943;-0,3297;8;0
5,5913;-10,7774;55,0701;12,5481;-0,0000;22,3818;169,2226;394,007;-75,000;0,000;50,000;1,3356;6,0429;-13,4859;0,0000;7,4430;1,3356;-0,3271;1,1426;-1,7392;0,0001;0,5966;-0,3273;8;0
5,5974;-10,7693;55,1071;12,4654;0,0000;22,4274;169,2307;394,313;-75,000;0,000;50,000;1,3336;6,0499;-13,4965;0,0000;7,4466;1,3336;-0,3262;1,1445;-1,7437;-0,0033;0,5986;-0,3226;8;0
5,6036;-10,7611;55,1442;12,3828;0,0000;22,4730;169,2389;394,619;-75,000;0,000;50,000;1,3316;6,0569;-13,5072;-0,0000;7,4503;1,3317;-0,3257;1,1466;-1,7485;-0,0000;0,6019;-0,3257;8;0
5,6097;-10,7529;55,1813;12,3000;-0,0000;22,5187;169,2471;394,926;-75,000;0,000;50,000;1,3296;6,0640;-13,5180;-0,0000;7,4540;1,3296;-0,3251;1,1487;-1,7533;0,0019;0,6048;-0,3272;8;0
5,6158;-10,7448;55,2185;12,2172;-0,0000;22,5643;169,2552;395,232;-75,000;0,000;50,000;1,3277;6,0710;-13,5287;0,0000;7,4577;1,3277;-0,3240;1,1508;-1,7581;-0,0033;0,6080;-0,3204;8;0
5,6219;-10,7367;55,2557;12,1343;0,0000;22,6100;169,2633;395,538;-75,000;0,000;50,000;1,3257;6,0780;-13,5395;-0,0000;7,4614;1,3257;-0,3235;1,1528;-1,7627;-0,0002;0,6100;-0,3233;8;0
5,6281;-10,7286;55,2929;12,0514;-0,0000;22,6557;169,2714;395,844;-75,000;0,000;50,000;1,3237;6,0851;-13,5503;-0,0000;7,4652;1,3237;-0,3233;1,1547;-1,7671;0,0073;0,6113;-0,3313;8;0
5,6342;-10,7205;55,3302;11,9683;-0,0000;22,7015;169,2795;396,151;-75,000;0,000;50,000;1,3217;6,0922;-13,5611;0,0000;7,4689;1,3217;-0,3221;1,1569;-1,7722;0,0000;0,6153;-0,3221;8;0
5,6403;-10,7124;55,3675;11,8853;0,0000;22,7472;169,2876;396,457;-75,000;0,000;50,000;1,3198;6,0993;-13,5720;0,0000;7,4727;1,3198;-0,3211;1,1591;-1,7771;-0,0046;0,6183;-0,3161;8;0
5,6464;-10,7043;55,4049;11,8021;0,0000;22,7930;169,2957;396,763;-75,000;0,000;50,000;1,3178;6,1064;-13,5829;-0,0000;7,4765;1,3178;-0,3219;1,1608;-1,7811;0,0176;0,6180;-0,3403;8;0
5,6526;-10,6962;55,4423;11,7189;-0,0000;22,8388;169,3038;397,069;-75,000;0,000;50,000;1,3158;6,1135;-13,5938;0,0002;7,4803;1,3156;-0,3200;1,1633;-1,7868;0,0007;0,6236;-0,3207;8;0
5,6587;-10,6882;55,4798;11,6356;0,0000;22,8846;169,3118;397,375;-75,000;0,000;50,000;1,3139;6,1206;-13,6048;0,0000;7,4841;1,3139;-0,3174;1,1669;-1,7950;-0,0272;0,6376;-0,2887;8;0
5,6648;-10,6801;55,5173;11,5523;-0,0000;22,9305;169,3199;397,682;-75,000;0,000;50,000;1,3119;6,1278;-13,6158;-0,0001;7,4881;1,3120;-0,3186;1,1676;-1,7965;0,0000;0,6289;-0,3186;8;0
5,6709;-10,6721;55,5548;11,4688;0,0000;22,9763;169,3279;397,988;-75,000;0,000;50,000;1,3100;6,1349;-13,6268;0,0000;7,4918;1,3100;-0,3180;1,1678;-1,7970;0,0014;0,6167;-0,3201;8;0
5,6771;-10,6641;55,5924;11,3854;0,0000;23,0222;169,3359;398,294;-75,000;0,000;50,000;1,3080;6,1421;-13,6378;-0,0001;7,4956;1,3081;-0,4872;0,3692;-0,0253;-0,0001;-0,3439;-0,4871;8;0
5,6832;-10,6561;55,6301;11,3018;-0,0000;23,0681;169,3439;398,600;-75,000;-0,000;50,000;1,3040;6,1395;-13,6271;-0,0000;7,4876;1,3040;-1,8029;-5,8578;13,7858;0,0077;-7,9222;-1,8106;8;0
5,6893;-10,6481;55,6676;11,2184;0,0000;23,1139;169,3519;398,905;-75,000;0,000;49,840;1,2859;6,0704;-13,4690;-0,0000;7,3986;1,2859;-4,0740;-16,6662;37,7427;0,0000;-21,0765;-4,0740;8;0
5,6954;-10,6403;55,7044;11,1368;-0,0000;23,1588;169,3597;399,204;-75,000;0,000;48,762;1,2541;5,9353;-13,1648;-0,0000;7,2295;1,2541;-5,3452;-22,8244;51,3598;0,0008;-28,5365;-5,3461;8;0
5,7016;-10,6328;55,7403;11,0572;-0,0000;23,2025;169,3672;399,495;-75,000;0,000;47,537;1,2205;5,7908;-12,8399;0,0000;7,0491;1,2205;-5,4780;-23,6409;53,1166;-0,0125;-29,4755;-5,4648;8;0
5,7077;-10,6254;55,7753;10,9796;0,0000;23,2451;169,3746;399,779;-75,000;0,000;46,312;1,1870;5,6458;-12,5142;-0,0002;6,8685;1,1872;-5,4569;-23,7195;53,2368;-0,0005;-29,5168;-5,4564;8;0
5,7138;-10,6182;55,8095;10,9039;-0,0000;23,2866;169,3818;400,055;-75,000;0,000;45,088;1,1536;5,5003;-12,1878;-0,0000;6,6876;1,1536;-5,4375;-23,7962;53,3543;0,0255;-29,5569;-5,4644;8;0
5,7199;-10,6113;55,8427;10,8303;-0,0000;23,3270;169,3887;400,324;-75,000;0,000;43,863;1,1204;5,3543;-11,8607;0,0002;6,5064;1,1202;-5,4151;-23,8713;53,4698;0,0000;-29,5985;-5,4151;8;0
5,7261;-10,6045;55,8751;10,7586;0,0000;23,3663;169,3955;400,585;-75,000;0,000;42,638;1,0873;5,2079;-11,5329;0,0000;6,3250;1,0873;-5,3941;-23,9447;53,5830;-0,0136;-29,6411;-5,3798;8;0
5,7322;-10,5980;55,9065;10,6890;0,0000;23,4045;169,4020;400,838;-75,000;0,000;41,413;1,0543;5,0610;-11,2044;-0,0000;6,1434;1,0543;-5,3757;-24,0154;53,6915;-0,0000;-29,6761;-5,3757;8;0
5,7383;-10,5916;55,9370;10,6214;-0,0000;23,4415;169,4084;401,084;-75,000;0,000;40,188;1,0215;4,9137;-10,8753;-0,0000;5,9616;1,0215;-5,3570;-24,0843;53,7975;0,0007;-29,7117;-5,3577;8;0
5,7444;-10,5854;55,9667;10,5558;0,0000;23,4775;169,4146;401,323;-75,000;0,000;38,964;0,9887;4,7660;-10,5455;0,0000;5,7795;0,9887;-5,3388;-24,1518;53,9017;-0,0001;-29,7497;-5,3387;8;0
5,7505;-10,5795;55,9954;10,4922;0,0000;23,5123;169,4205;401,554;-75,000;0,000;37,739;0,9561;4,6179;-10,2151;-0,0000;5,5972;0,9561;-5,3213;-24,2171;54,0026;-0,0001;-29,7855;-5,3212;8;0
5,7567;-10,5737;56,0232;10,4307;-0,0000;23,5460;169,4263;401,778;-75,000;0,000;36,514;0,9235;4,4694;-9,8841;-0,0000;5,4147;0,9235;-5,3045;-24,2805;54,1007;0,0003;-29,8208;-5,3048;8;0
5,7628;-10,5682;56,0502;10,3712;-0,0000;23,5787;169,4318;401,994;-75,000;0,000;35,289;0,8911;4,3205;-9,5525;0,0000;5,2319;0,8911;-5,2882;-24,3417;54,1955;0,0000;-29,8537;-5,2882;8;0
5,7689;-10,5628;56,0762;10,3137;0,0000;23,6101;169,4372;402,202;-75,000;0,000;34,064;0,8588;4,1713;-9,2203;0,0000;5,0490;0,8588;-5,2725;-24,4010;54,2873;-0,0001;-29,8860;-5,2724;8;0
5,7750;-10,5577;56,1013;10,2583;-0,0000;23,6405;169,4423;402,404;-75,000;-0,000;32,839;0,8265;4,0217;-8,8875;-0,0000;4,8659;0,8265;-5,2575;-24,4584;54,3763;-0,0001;-29,9177;-5,2573;8;0
5,7812;-10,5527;56,1254;10,2048;0,0000;23,6697;169,4473;402,597;-75,000;0,000;31,615;0,7944;3,8717;-8,5543;-0,0000;4,6826;0,7944;-5,2430;-24,5137;54,4622;-0,0000;-29,9485;-5,2430;8;0
5,7873;-10,5479;56,1487;10,1535;-0,0000;23,6978;169,4521;402,783;-75,000;0,000;30,390;0,7623;3,7214;-8,2205;-0,0000;4,4991;0,7623;-5,2291;-24,5671;54,5451;0,0002;-29,9784;-5,2294;8;0
5,7934;-10,5434;56,1710;10,1042;-0,0000;23,7248;169,4566;402,962;-75,000;0,000;29,165;0,7303;3,5708;-7,8862;0,0000;4,3154;0,7303;-5,2158;-24,6182;54,6246;-0,0002;-30,0063;-5,2156;8;0
5,7995;-10,5390;56,1924;10,0569;0,0000;23,7507;169,4610;403,133;-75,000;0,000;27,940;0,6984;3,4199;-7,5514;-0,0000;4,1315;0,6984;-5,2031;-24,6674;54,7011;-0,0001;-30,0336;-5,2030;8;0
5,8057;-10,5348;56,2129;10,0117;-0,0000;23,7754;169,4652;403,297;-75,000;0,000;26,715;0,6666;3,2687;-7,2162;-0,0000;3,9475;0,6666;-5,1910;-24,7145;54,7746;0,0004;-30,0603;-5,1914;8;0
5,8118;-10,5308;56,2324;9,9685;-0,0000;23,7991;169,4692;403,453;-75,000;0,000;25,490;0,6348;3,1172;-6,8805;0,0000;3,7633;0,6348;-5,1794;-24,7595;54,8447;-0,0001;-30,0851;-5,1793;8;0
5,8179;-10,5270;56,2511;9,9274;0,0000;23,8215;169,4730;403,601;-75,000;0,000;24,266;0,6032;2,9654;-6,5444;-0,0000;3,5790;0,6032;-5,1685;-24,8024;54,9116;-0,0002;-30,1091;-5,1683;8;0
5,8240;-10,5234;56,2688;9,8883;-0,0000;23,8429;169,4766;403,742;-75,000;0,000;23,041;0,5715;2,8134;-6,2079;-0,0000;3,3946;0,5715;-5,1581;-24,8433;54,9754;0,0003;-30,1323;-5,1584;8;0
5,8302;-10,5200;56,2855;9,8514;-0,0000;23,8631;169,4800;403,876;-75,000;0,000;21,816;0,5400;2,6611;-5,8711;0,0000;3,2100;0,5400;-5,1482;-24,8820;55,0358;-0,0001;-30,1538;-5,1482;8;0
5,8363;-10,5168;56,3014;9,8164;0,0000;23,8822;169,4832;404,002;-75,000;0,000;20,591;0,5085;2,5086;-5,5339;-0,0000;3,0252;0,5085;-5,1390;-24,9185;55,0930;-0,0001;-30,1743;-5,1388;8;0
5,8424;-10,5138;56,3163;9,7836;-0,0000;23,9002;169,4862;404,121;-75,000;0,000;19,366;0,4770;2,3559;-5,1963;-0,0000;2,8404;0,4770;-5,1303;-24,9530;55,1469;0,0001;-30,1940;-5,1304;8;0
5,8485;-10,5110;56,3302;9,7528;-0,0000;23,9170;169,4890;404,232;-75,000;0,000;18,142;0,4456;2,2030;-4,8584;0,0000;2,6554;0,4456;-5,1221;-24,9853;55,1974;-0,0000;-30,2120;-5,1221;8;0
5,8547;-10,5083;56,3432;9,7241;0,0000;23,9327;169,4917;404,335;-75,000;0,000;16,917;0,4143;2,0499;-4,5202;-0,0000;2,4703;0,4143;-5,1145;-25,0155;55,2446;-0,0001;-30,2291;-5,1145;8;0
5,8608;-10,5059;56,3553;9,6974;-0,0000;23,9473;169,4941;404,432;-75,000;0,000;15,692;0,3830;1,8966;-4,1818;-0,0000;2,2852;0,3830;-5,1075;-25,0436;55,2886;0,0001;-30,2451;-5,1076;8;0
5,8669;-10,5036;56,3665;9,6729;-0,0000;23,9607;169,4964;404,520;-75,000;0,000;14,467;0,3517;1,7431;-3,8430;0,0000;2,0999;0,3517;-5,1010;-25,0694;55,3290;-0,0000;-30,2596;-5,1010;8;0
5,8730;-10,5016;56,3767;9,6504;0,0000;23,9730;169,4984;404,601;-75,000;0,000;13,242;0,3205;1,5895;-3,5041;-0,0000;1,9145;0,3205;-5,0952;-25,0933;55,3667;0,0008;-30,2749;-5,0960;8;0
5,8792;-10,4997;56,3859;9,6299;-0,0000;23,9841;169,5003;404,675;-75,000;0,000;12,017;0,2893;1,4358;-3,1649;0,0000;1,7291;0,2893;-5,0898;-25,1146;55,3999;0,0000;-30,2854;-5,0898;8;0
5,8853;-10,4980;56,3943;9,6116;0,0000;23,9941;169,5020;404,741;-75,000;0,000;10,793;0,2582;1,2819;-2,8255;0,0000;1,5436;0,2582;-5,0848;-25,1335;55,4292;-0,0017;-30,2927;-5,0831;8;0
5,8914;-10,4966;56,4016;9,5953;-0,0000;24,0030;169,5034;404,800;-75,000;0,000;9,568;0,2271;1,1280;-2,4860;-0,0000;1,3580;0,2271;-5,0807;-25,1511;55,4572;-0,0001;-30,3060;-5,0806;8;0
5,8975;-10,4953;56,4081;9,5811;0,0000;24,0108;169,5047;404,851;-75,000;0,000;8,343;0,1960;0,9739;-2,1463;-0,0000;1,1724;0,1960;-5,0771;-25,1664;55,4813;0,0024;-30,3167;-5,0796;8;0
5,9037;-10,4942;56,4136;9,5690;-0,0000;24,0174;169,5058;404,894;-75,000;0,000;7,118;0,1649;0,8197;-1,8064;0,0000;0,9867;0,1649;-5,0738;-25,1789;55,5007;0,0001;-30,3219;-5,0739;8;0
5,9098;-10,4932;56,4181;9,5590;0,0000;24,0229;169,5068;404,930;-75,000;0,000;5,893;0,1338;0,6655;-1,4665;0,0000;0,8010;0,1338;-5,0710;-25,1894;55,5172;-0,0032;-30,3273;-5,0677;8;0
5,9159;-10,4925;56,4217;9,5511;-0,0000;24,0272;169,5075;404,959;-75,000;0,000;4,668;0,1028;0,5112;-1,1264;-0,0000;0,6153;0,1028;-5,0691;-25,1978;55,5305;-0,0001;-30,3326;-5,0690;8;0
5,9220;-10,4920;56,4244;9,5452;0,0000;24,0304;169,5080;404,980;-75,000;0,000;3,444;0,0717;0,3569;-0,7863;-0,0000;0,4295;0,0717;-5,0677;-25,2041;55,5404;0,0016;-30,3365;-5,0693;8;0
5,9281;-10,4916;56,4261;9,5414;-0,0000;24,0325;169,5084;404,994;-75,000;0,000;2,219;0,0407;0,2025;-0,4462;0,0000;0,2437;0,0407;-3,1456;-23,9909;52,8647;-0,0001;-28,8738;-3,1456;8;0
5,9343;-10,4915;56,4269;9,5398;0,0000;24,0334;169,5085;405,000;-75,000;0,000;0,994;0,0332;0,0630;-0,1388;-0,0000;0,0758;0,0332;6,4877;-17,8895;39,4192;0,0029;-21,5303;6,4848;8;0
5,9404;-10,4912;56,4269;9,5397;-0,0000;24,0334;169,5088;405,000;-74,998;0,000;0,296;0,1202;-0,0166;0,0366;0,0000;-0,0200;0,1201;20,3851;-9,0847;20,0177;0,0001;-10,9331;20,3850;9;0
5,9465;-10,4900;56,4267;9,5402;0,0000;24,0331;169,5100;405,000;-74,989;0,000;1,456;0,2829;-0,0483;0,1064;0,0000;-0,0581;0,2829;26,9642;-4,9151;10,8302;-0,0058;-5,9141;26,9700;9;0
5,9526;-10,4878;56,4263;9,5410;-0,0000;24,0327;169,5122;405,000;-74,973;0,000;2,680;0,4504;-0,0768;0,1693;-0,0000;-0,0925;0,4505;27,3583;-4,6631;10,2751;-0,0014;-5,6125;27,3598;9;0
5,9588;-10,4845;56,4257;9,5423;0,0000;24,0320;169,5155;405,000;-74,949;0,000;3,905;0,6180;-0,1054;0,2322;-0,0000;-0,1268;0,6180;27,3597;-4,6586;10,2654;0,0029;-5,6073;27,3568;9;0
5,9649;-10,4802;56,4250;9,5439;-0,0000;24,0311;169,5198;405,000;-74,918;0,000;5,130;0,7855;-0,1339;0,2950;-0,0000;-0,1611;0,7855;27,3620;-4,6523;10,2517;0,0027;-5,5983;27,3593;9;0
5,9710;-10,4749;56,4241;9,5459;0,0000;24,0300;169,5251;405,000;-74,879;0,000;6,355;0,9531;-0,1624;0,3578;0,0000;-0,1954;0,9531;27,3651;-4,6451;10,2360;0,0000;-5,5909;27,3650;9;0
5,9771;-10,4685;56,4230;9,5483;-0,0000;24,0287;169,5315;405,000;-74,832;0,000;7,580;1,1207;-0,1908;0,4204;-0,0000;-0,2296;1,1207;27,3685;-4,6363;10,2170;-0,0013;-5,5812;27,3698;9;0
5,9833;-10,4611;56,4217;9,5510;-0,0000;24,0272;169,5389;405,000;-74,778;0,000;8,805;1,2883;-0,2191;0,4829;0,0000;-0,2638;1,2883;27,3723;-4,6260;10,1945;0,0000;-5,5686;27,3723;9;0
5,9894;-10,4527;56,4203;9,5542;-0,0000;24,0255;169,5473;405,000;-74,717;0,000;10,029;1,4560;-0,2474;0,5453;0,0000;-0,2978;1,4560;27,3768;-4,6143;10,1691;-0,0004;-5,5549;27,3772;9;0
5,9955;-10,4433;56,4187;9,5577;0,0000;24,0236;169,5567;405,000;-74,648;0,000;11,254;1,6236;-0,2757;0,6075;-0,0000;-0,3318;1,6236;27,3817;-4,6011;10,1407;-0,0000;-5,5395;27,3817;9;0
6,0016;-10,4329;56,4169;9,5616;-0,0000;24,0214;169,5671;405,000;-74,572;0,000;12,479;1,7913;-0,3038;0,6695;-0,0000;-0,3657;1,7913;27,3872;-4,5866;10,1091;0,0007;-5,5224;27,3864;9;0
6,0078;-10,4214;56,4150;9,5659;0,0000;24,0191;169,5786;405,000;-74,488;0,000;13,704;1,9591;-0,3318;0,7313;0,0000;-0,3994;1,9591;27,3932;-4,5711;10,0754;0,0011;-5,5071;27,3923;9;0
6,0139;-10,4089;56,4129;9,5706;-0,0000;24,0165;169,5911;405,000;-74,396;0,000;14,929;2,1269;-0,3598;0,7929;0,0000;-0,4331;2,1268;27,3998;-4,5532;10,0367;-0,0004;-5,4835;27,4002;9;0
6,0200;-10,3953;56,4106;9,5756;0,0000;24,0138;169,6047;405,000;-74,297;0,000;16,154;2,2947;-0,3876;0,8542;-0,0000;-0,4666;2,2947;27,4068;-4,5335;9,9938;0,0007;-5,4547;27,4056;9;0
6,0261;-10,3808;56,4081;9,5810;-0,0000;24,0108;169,6192;405,000;-74,191;0,000;17,378;2,4625;-0,4153;0,9153;0,0000;-0,4999;2,4625;27,4145;-4,5142;9,9518;0,0000;-5,4377;27,4145;9;0
6,0323;-10,3652;56,4055;9,5868;0,0000;24,0077;169,6348;405,000;-74,077;0,000;18,603;2,6305;-0,4429;0,9761;0,0000;-0,5332;2,6305;27,4230;-4,4928;9,9054;-0,0052;-5,4145;27,4285;9;0
6,0384;-10,3485;56,4027;9,5930;0,0000;24,0043;169,6515;405,000;-73,955;0,000;19,828;2,7984;-0,4703;1,0366;-0,0000;-0,5663;2,7985;27,4313;-4,4694;9,8546;-0,0000;-5,3852;27,4313;9;0
6,0445;-10,3309;56,3997;9,5995;-0,0000;24,0007;169,6691;405,000;-73,827;0,000;21,053;2,9664;-0,4976;1,0968;-0,0000;-0,5992;2,9664;27,4401;-4,4452;9,8021;0,0048;-5,3588;27,4352;9;0
6,0506;-10,3122;56,3966;9,6064;-0,0000;23,9970;169,6878;405,000;-73,690;0,000;22,278;3,1345;-0,5248;1,1567;0,0000;-0,6319;3,1345;27,4501;-4,4190;9,7450;0,0000;-5,3261;27,4501;9;0
6,0568;-10,2925;56,3933;9,6137;0,0000;23,9930;169,7075;405,000;-73,546;0,000;23,503;3,3027;-0,5518;1,2162;0,0000;-0,6644;3,3027;27,4604;-4,3914;9,6852;-0,0026;-5,2925;27,4631;9;0
6,0629;-10,2718;56,3898;9,6213;0,0000;23,9888;169,7282;405,000;-73,395;0,000;24,727;3,4709;-0,5786;1,2753;-0,0000;-0,6967;3,4709;27,4709;-4,3628;9,6230;-0,0000;-5,2602;27,4709;9;0
6,0690;-10,2500;56,3862;9,6293;-0,0000;23,9845;169,7500;405,000;-73,236;0,000;25,952;3,6391;-0,6052;1,3340;-0,0000;-0,7288;3,6391;27,4820;-4,3327;9,5576;0,0015;-5,2253;27,4804;9;0
6,0751;-10,2272;56,3824;9,6377;-0,0000;23,9799;169,7728;405,000;-73,069;0,000;27,177;3,8075;-0,6316;1,3924;0,0000;-0,7607;3,8075;27,4937;-4,3010;9,4887;0,0000;-5,1877;27,4937;9;0
6,0813;-10,2033;56,3785;9,6464;0,0000;23,9751;169,7967;405,000;-72,895;0,000;28,402;3,9759;-0,6579;1,4503;0,0000;-0,7924;3,9759;27,5059;-4,2680;9,4168;-0,0006;-5,1486;27,5065;9;0
6,0874;-10,1785;56,3744;9,6554;0,0000;23,9702;169,8215;405,000;-72,714;0,000;29,627;4,1444;-0,6839;1,5077;-0,0000;-0,8238;4,1444;27,5184;-4,2335;9,3420;-0,0000;-5,1084;27,5184;9;0
6,0935;-10,1526;56,3701;9,6648;-0,0000;23,9651;169,8474;405,000;-72,525;0,000;30,851;4,3129;-0,7097;1,5647;-0,0000;-0,8549;4,3129;27,5315;-4,1977;9,2640;0,0003;-5,0663;27,5312;9;0
6,0996;-10,1257;56,3657;9,6746;-0,0000;23,9597;169,8743;405,000;-72,329;0,000;32,076;4,4816;-0,7353;1,6212;0,0000;-0,8858;4,4816;27,5459;-4,1606;9,1834;-0,0122;-5,0241;27,5591;9;0
6,1057;-10,0977;56,3611;9,6847;0,0000;23,9542;169,9023;405,000;-72,125;0,000;33,301;4,6503;-0,7607;1,6772;-0,0001;-0,9165;4,6505;27,5590;-4,1217;9,0987;0,0001;-4,9771;27,5590;9;0
6,1119;-10,0687;56,3564;9,6951;-0,0000;23,9485;169,9313;405,000;-71,913;0,000;34,526;4,8191;-0,7858;1,7326;0,0000;-0,9468;4,8191;27,5718;-4,0812;9,0104;0,0244;-4,9265;27,5453;9;0
6,1180;-10,0387;56,3515;9,7059;0,0000;23,9426;169,9613;405,000;-71,694;0,000;35,751;4,9880;-0,8107;1,7875;0,0001;-0,9768;4,9879;27,5884;-4,0401;8,9210;-0,0002;-4,8807;27,5886;9;0
6,1241;-10,0076;56,3464;9,7170;-0,0000;23,9365;169,9924;405,000;-71,468;0,000;36,976;5,1570;-0,8353;1,8419;-0,0000;-1,0066;5,1570;27,6046;-3,9974;8,8281;-0,0122;-4,8321;27,6178;9;0
6,1302;-9,9755;56,3412;9,7285;0,0000;23,9303;170,0245;405,000;-71,234;0,000;38,200;5,3261;-0,8596;1,8956;0,0000;-1,0360;5,3261;27,6195;-3,9528;8,7311;-0,0000;-4,7784;27,6195;9;0
6,1364;-9,9424;56,3359;9,7403;0,0000;23,9238;170,0576;405,000;-70,992;0,000;39,425;5,4953;-0,8837;1,9488;-0,0000;-1,0651;5,4953;27,6357;-3,9071;8,6314;-0,0000;-4,7244;27,6357;9;0
6,1425;-9,9082;56,3304;9,7524;-0,0000;23,9172;170,0918;405,000;-70,744;0,000;40,650;5,6646;-0,9075;2,0014;-0,0000;-1,0939;5,6646;27,6522;-3,8599;8,5287;0,0002;-4,6688;27,6521;9;0
6,1486;-9,8730;56,3248;9,7648;-0,0000;23,9104;170,1270;405,000;-70,487;0,000;41,875;5,8340;-0,9310;2,0533;0,0000;-1,1223;5,8340;27,6693;-3,8114;8,4229;0,0000;-4,6115;27,6693;9;0
6,1547;-9,8367;56,3190;9,7775;0,0000;23,9035;170,1633;405,000;-70,223;0,000;43,100;6,0035;-0,9542;2,1045;0,0000;-1,1503;6,0035;27,6867;-3,7614;8,3140;-0,0001;-4,5526;27,6868;9;0
6,1609;-9,7995;56,3131;9,7905;0,0000;23,8964;170,2005;405,000;-69,952;0,000;44,325;6,1731;-0,9771;2,1551;-0,0000;-1,1780;6,1731;27,7045;-3,7101;8,2021;-0,0000;-4,4920;27,7045;9;0
6,1670;-9,7611;56,3070;9,8039;-0,0000;23,8891;170,2389;405,000;-69,673;0,000;45,549;6,3429;-0,9996;2,2050;-0,0000;-1,2054;6,3429;27,7226;-3,6573;8,0870;0,0001;-4,4297;27,7225;9;0
6,1731;-9,7218;56,3009;9,8176;-0,0000;23,8816;170,2782;405,000;-69,386;0,000;46,774;6,5127;-1,0219;2,2542;0,0000;-1,2323;6,5127;27,7412;-3,6031;7,9689;0,0000;-4,3657;27,7412;9;0
6,1792;-9,6814;56,2945;9,8315;0,0000;23,8740;170,3186;405,000;-69,092;0,000;47,999;6,6826;-1,0438;2,3026;0,0000;-1,2588;6,6826;25,1798;-3,1483;6,9668;-0,0001;-3,8185;25,1798;9;0
6,1854;-9,6399;56,2881;9,8458;0,0000;23,8662;170,3601;405,000;-68,791;0,000;49,224;6,8211;-1,0604;2,3395;-0,0000;-1,2791;6,8211;15,8002;-1,6462;3,6537;-0,0000;-2,0075;15,8002;9;0
6,1915;-9,5978;56,2815;9,8602;-0,0000;23,8583;170,4022;405,000;-68,485;0,000;49,989;6,8762;-1,0639;2,3473;-0,0000;-1,2834;6,8762;4,6965;0,0994;-0,1971;0,0001;0,0977;4,6964;9;0
6,1976;-9,5557;56,2750;9,8745;-0,0000;23,8505;170,4443;405,000;-68,179;0,000;50,000;6,8786;-1,0592;2,3371;0,0000;-1,2779;6,8786;0,3395;0,7797;-1,6981;0,0000;0,9185;0,3395;9;0
6,2037;-9,5136;56,2686;9,8888;0,0000;23,8426;170,4864;405,000;-67,872;0,000;50,000;6,8803;-1,0544;2,3265;0,0000;-1,2722;6,8803;0,2769;0,7891;-1,7191;-0,0001;0,9301;0,2770;9;0
6,2099;-9,4714;56,2621;9,9030;0,0000;23,8349;170,5286;405,000;-67,566;0,000;50,000;6,8820;-1,0495;2,3160;-0,0000;-1,2665;6,8820;0,2758;0,7889;-1,7190;-0,0000;0,9301;0,2758;9;0
6,2160;-9,4293;56,2557;9,9172;-0,0000;23,8271;170,5707;405,000;-67,260;0,000;50,000;6,8837;-1,0447;2,3055;-0,0000;-1,2608;6,8837;0,2747;0,7887;-1,7189;0,0001;0,9302;0,2746;9;0
6,2221;-9,3871;56,2493;9,9312;-0,0000;23,8194;170,6129;405,000;-66,954;0,000;50,000;6,8854;-1,0399;2,2950;0,0000;-1,2551;6,8854;0,2736;0,7886;-1,7189;0,0000;0,9303;0,2736;9;0
6,2282;-9,3449;56,2430;9,9453;0,0000;23,8118;170,6551;405,000;-66,648;0,000;50,000;6,8870;-1,0351;2,2844;0,0000;-1,2494;6,8870;0,2725;0,7884;-1,7188;-0,0001;0,9304;0,2726;9;0
6,2344;-9,3028;56,2367;9,9592;0,0000;23,8041;170,6972;405,000;-66,341;0,000;50,000;6,8887;-1,0302;2,2739;-0,0000;-1,2437;6,8887;0,2713;0,7882;-1,7187;-0,0000;0,9305;0,2713;9;0
6,2405;-9,2606;56,2304;9,9731;-0,0000;23,7965;170,7394;405,000;-66,035;0,000;50,000;6,8904;-1,0254;2,2634;-0,0000;-1,2380;6,8904;0,2702;0,7880;-1,7186;0,0002;0,9306;0,2700;9;0
6,2466;-9,2184;56,2241;9,9869;-0,0000;23,7890;170,7816;405,000;-65,729;0,000;50,000;6,8920;-1,0206;2,2529;0,0000;-1,2323;6,8920;0,2691;0,7879;-1,7185;0,0000;0,9306;0,2691;9;0
6,2527;-9,1761;56,2179;10,0007;0,0000;23,7814;170,8239;405,000;-65,423;0,000;50,000;6,8937;-1,0157;2,2423;0,0000;-1,2266;6,8937;0,2680;0,7877;-1,7184;-0,0002;0,9307;0,2682;9;0
6,2589;-9,1339;56,2117;10,0144;0,0000;23,7739;170,8661;405,000;-65,116;0,000;50,000;6,8953;-1,0109;2,2318;-0,0000;-1,2209;6,8953;0,2668;0,7875;-1,7183;-0,0000;0,9308;0,2668;9;0
6,2650;-9,0917;56,2055;10,0280;-0,0000;23,7665;170,9083;405,000;-64,810;0,000;50,000;6,8969;-1,0061;2,2213;-0,0000;-1,2152;6,8969;0,2657;0,7874;-1,7182;0,0003;0,9309;0,2654;9;0
6,2711;-9,0495;56,1993;10,0416;-0,0000;23,7591;170,9505;405,000;-64,504;0,000;50,000;6,8986;-1,0013;2,2108;0,0000;-1,2095;6,8986;0,2646;0,7872;-1,7182;0,0000;0,9309;0,2646;9;0
6,2772;-9,0072;56,1932;10,0551;0,0000;23,7517;170,9928;405,000;-64,198;0,000;50,000;6,9002;-0,9965;2,2003;0,0000;-1,2038;6,9002;0,2635;0,7870;-1,7181;-0,0002;0,9310;0,2637;9;0
6,2833;-8,9649;56,1871;10,0686;0,0000;23,7443;171,0351;405,000;-63,892;0,000;50,000;6,9018;-0,9916;2,1897;-0,0000;-1,1981;6,9018;0,2623;0,7869;-1,7180;-0,0000;0,9311;0,2623;9;0
6,2895;-8,9227;56,1811;10,0819;0,0000;23,7370;171,0773;405,000;-63,585;0,000;50,000;6,9034;-0,9868;2,1792;-0,0000;-1,1924;6,9034;0,2612;0,7867;-1,7179;0,0001;0,9312;0,2611;9;0
6,2956;-8,8804;56,1750;10,0953;-0,0000;23,7297;171,1196;405,000;-63,279;0,000;50,000;6,9050;-0,9820;2,1687;0,0000;-1,1867;6,9050;0,2604;0,7865;-1,7177;-0,0049;0,9309;0,2659;9;0
6,3017;-8,8381;56,1690;10,1085;0,0000;23,7225;171,1619;405,000;-62,973;0,000;50,000;6,9066;-0,9772;2,1582;-0,0001;-1,1810;6,9066;0,2589;0,7864;-1,7177;0,0000;0,9313;0,2589;9;0
6,3078;-8,7958;56,1631;10,1217;-0,0000;23,7152;171,2042;405,000;-62,667;0,000;50,000;6,9082;-0,9724;2,1476;0,0000;-1,1753;6,9082;0,2571;0,7863;-1,7179;0,0098;0,9321;0,2460;9;0
6,3140;-8,7535;56,1571;10,1348;0,0000;23,7081;171,2465;405,000;-62,361;0,000;50,000;6,9097;-0,9676;2,1371;0,0001;-1,1696;6,9097;0,2566;0,7861;-1,7176;-0,0001;0,9316;0,2567;9;0
6,3201;-8,7112;56,1512;10,1479;0,0000;23,7009;171,2888;405,000;-62,054;0,000;50,000;6,9113;-0,9627;2,1266;-0,0000;-1,1639;6,9113;0,2558;0,7859;-1,7174;-0,0049;0,9312;0,2613;9;0
6,3262;-8,6688;56,1453;10,1609;-0,0000;23,6938;171,3312;405,000;-61,748;0,000;50,000;6,9129;-0,9579;2,1161;-0,0000;-1,1582;6,9129;0,2543;0,7858;-1,7174;0,0001;0,9316;0,2542;9;0
6,3323;-8,6265;56,1395;10,1738;-0,0000;23,6867;171,3735;405,000;-61,442;0,000;50,000;6,9144;-0,9531;2,1056;0,0000;-1,1525;6,9144;0,2532;0,7856;-1,7174;0,0000;0,9317;0,2532;9;0
6,3385;-8,5841;56,1337;10,1866;0,0000;23,6797;171,4159;405,000;-61,136;0,000;50,000;6,9160;-0,9483;2,0951;0,0000;-1,1467;6,9160;0,2520;0,7855;-1,7173;-0,0001;0,9318;0,2522;9;0
6,3446;-8,5418;56,1279;10,1994;0,0000;23,6727;171,4582;405,000;-60,830;0,000;50,000;6,9175;-0,9435;2,0845;-0,0000;-1,1410;6,9175;0,2509;0,7853;-1,7172;-0,0000;0,9319;0,2509;9;0
6,3507;-8,4994;56,1221;10,2122;-0,0000;23,6657;171,5006;405,000;-60,523;0,000;50,000;6,9190;-0,9387;2,0740;-0,0000;-1,1353;6,9190;0,2497;0,7852;-1,7171;0,0001;0,9320;0,2496;9;0
6,3568;-8,4570;56,1164;10,2248;-0,0000;23,6588;171,5430;405,000;-60,217;0,000;50,000;6,9206;-0,9339;2,0635;0,0000;-1,1296;6,9206;0,2486;0,7850;-1,7171;0,0000;0,9320;0,2486;9;0
6,3630;-8,4146;56,1107;10,2375;0,0000;23,6519;171,5854;405,000;-59,911;0,000;50,000;6,9221;-0,9291;2,0530;0,0000;-1,1239;6,9221;0,2474;0,7849;-1,7170;-0,0002;0,9321;0,2476;9;0
6,3691;-8,3722;56,1050;10,2500;0,0000;23,6450;171,6278;405,000;-59,605;0,000;50,000;6,9236;-0,9243;2,0425;-0,0000;-1,1182;6,9236;0,2463;0,7847;-1,7169;-0,0000;0,9322;0,2463;9;0
6,3752;-8,3298;56,0993;10,2625;-0,0000;23,6382;171,6702;405,000;-59,299;0,000;50,000;6,9251;-0,9195;2,0320;-0,0000;-1,1125;6,9251;0,2451;0,7846;-1,7168;0,0002;0,9323;0,2449;9;0
6,3813;-8,2874;56,0937;10,2749;-0,0000;23,6314;171,7126;405,000;-58,992;0,000;50,000;6,9266;-0,9147;2,0215;0,0000;-1,1068;6,9266;0,2439;0,7844;-1,7168;0,0000;0,9324;0,2439;9;0
6,3875;-8,2450;56,0881;10,2872;0,0000;23,6246;171,7550;405,000;-58,686;0,000;50,000;6,9281;-0,9099;2,0109;0,0000;-1,1011;6,9281;0,2428;0,7843;-1,7167;-0,0002;0,9324;0,2430;9;0
6,3936;-8,2026;56,0826;10,2995;0,0000;23,6179;171,7974;405,000;-58,380;0,000;50,000;6,9296;-0,9051;2,0004;-0,0000;-1,0954;6,9296;0,2416;0,7841;-1,7166;-0,0000;0,9325;0,2416;9;0
6,3997;-8,1601;56,0771;10,3117;0,0000;23,6112;171,8399;405,000;-58,074;0,000;50,000;6,9310;-0,9003;1,9899;-0,0000;-1,0897;6,9310;0,2404;0,7840;-1,7166;0,0001;0,9326;0,2404;9;0
6,4058;-8,1177;56,0716;10,3239;-0,0000;23,6046;171,8823;405,000;-57,768;0,000;50,000;6,9325;-0,8955;1,9794;0,0000;-1,0839;6,9325;0,2393;0,7838;-1,7165;0,0000;0,9327;0,2393;9;0
6,4120;-8,0752;56,0661;10,3360;0,0000;23,5979;171,9248;405,000;-57,461;0,000;50,000;6,9340;-0,8907;1,9689;-0,0000;-1,0782;6,9340;0,2381;0,7837;-1,7164;-0,0000;0,9327;0,2381;9;0
6,4181;-8,0327;56,0607;10,3480;-0,0000;23,5913;171,9673;405,000;-57,155;0,000;50,000;6,9354;-0,8859;1,9584;0,0000;-1,0725;6,9354;0,2373;0,7835;-1,7163;-0,0052;0,9325;0,2432;9;0
6,4242;-7,9903;56,0552;10,3600;0,0000;23,5848;172,0097;405,000;-56,849;0,000;50,000;6,9369;-0,8811;1,9479;-0,0001;-1,0668;6,9370;0,2358;0,7834;-1,7163;0,0000;0,9329;0,2358;9;0
6,4303;-7,9478;56,0499;10,3719;-0,0000;23,5783;172,0522;405,000;-56,543;0,000;50,000;6,9383;-0,8763;1,9374;0,0000;-1,0611;6,9383;0,2339;0,7833;-1,7164;0,0104;0,9336;0,2220;9;0
6,4365;-7,9053;56,0445;10,3837;0,0000;23,5718;172,0947;405,000;-56,237;0,000;50,000;6,9397;-0,8715;1,9268;0,0001;-1,0554;6,9397;0,2334;0,7831;-1,7162;-0,0001;0,9331;0,2335;9;0
6,4426;-7,8628;56,0392;10,3955;0,0000;23,5654;172,1372;405,000;-55,930;0,000;50,000;6,9412;-0,8667;1,9163;-0,0000;-1,0497;6,9412;0,2326;0,7829;-1,7160;-0,0052;0,9328;0,2385;9;0
6,4487;-7,8203;56,0339;10,4072;-0,0000;23,5589;172,1797;405,000;-55,624;0,000;50,000;6,9426;-0,8619;1,9058;-0,0000;-1,0440;6,9426;0,2311;0,7828;-1,7161;0,0001;0,9332;0,2310;9;0
6,4548;-7,7778;56,0286;10,4188;-0,0000;23,5526;172,2222;405,000;-55,318;0,000;50,000;6,9440;-0,8571;1,8953;0,0000;-1,0382;6,9440;0,2299;0,7827;-1,7160;0,0000;0,9333;0,2299;9;0
6,4609;-7,7352;56,0234;10,4304;0,0000;23,5462;172,2648;405,000;-55,012;0,000;50,000;6,9454;-0,8523;1,8848;0,0000;-1,0325;6,9454;0,2287;0,7826;-1,7159;-0,0000;0,9334;0,2287;9;0
6,4671;-7,6927;56,0182;10,4419;-0,0000;23,5399;172,3073;405,000;-54,705;0,000;50,000;6,9468;-0,8475;1,8743;0,0000;-1,0268;6,9468;0,2279;0,7824;-1,7158;-0,0051;0,9332;0,2334;9;0
6,4732;-7,6501;56,0130;10,4533;0,0000;23,5337;172,3499;405,000;-54,399;0,000;50,000;6,9482;-0,8427;1,8638;-0,0001;-1,0211;6,9483;0,2264;0,7823;-1,7158;0,0000;0,9335;0,2263;9;0
6,4793;-7,6076;56,0079;10,4647;-0,0000;23,5274;172,3924;405,000;-54,093;0,000;50,000;6,9496;-0,8379;1,8533;0,0000;-1,0154;6,9496;0,2245;0,7822;-1,7159;0,0101;0,9341;0,2135;9;0
6,4854;-7,5650;56,0028;10,4760;0,0000;23,5212;172,4350;405,000;-53,787;0,000;50,000;6,9509;-0,8331;1,8428;0,0001;-1,0097;6,9509;0,2240;0,7820;-1,7157;-0,0000;0,9337;0,2240;9;0
6,4916;-7,5224;55,9977;10,4873;0,0000;23,5151;172,4776;405,000;-53,481;0,000;50,000;6,9523;-0,8283;1,8323;-0,0000;-1,0039;6,9523;0,2232;0,7819;-1,7156;-0,0051;0,9335;0,2286;9;0
6,4977;-7,4799;55,9926;10,4985;-0,0000;23,5089;172,5201;405,000;-53,174;0,000;50,000;6,9537;-0,8235;1,8218;0,0000;-0,9982;6,9537;0,2220;0,7817;-1,7155;-0,0051;0,9335;0,2274;9;0
6,5038;-7,4373;55,9876;10,5096;0,0000;23,5028;172,5627;405,000;-52,868;0,000;50,000;6,9550;-0,8188;1,8113;-0,0001;-0,9925;6,9551;0,2204;0,7816;-1,7155;0,0000;0,9339;0,2204;9;0
6,5099;-7,3947;55,9826;10,5207;-0,0000;23,4968;172,6053;405,000;-52,562;0,000;50,000;6,9564;-0,8140;1,8008;0,0000;-0,9868;6,9564;0,2185;0,7816;-1,7156;0,0102;0,9345;0,2075;9;0
6,5161;-7,3521;55,9776;10,5317;0,0000;23,4907;172,6479;405,000;-52,256;0,000;50,000;6,9577;-0,8092;1,7902;0,0001;-0,9811;6,9576;0,2180;0,7814;-1,7154;-0,0000;0,9341;0,2181;9;0
6,5222;-7,3095;55,9727;10,5426;0,0000;23,4847;172,6905;405,000;-51,950;0,000;50,000;6,9591;-0,8044;1,7797;-0,0000;-0,9753;6,9591;0,2172;0,7812;-1,7153;-0,0051;0,9338;0,2227;9;0
6,5283;-7,2668;55,9678;10,5535;-0,0000;23,4788;172,7332;405,000;-51,643;0,000;50,000;6,9604;-0,7996;1,7692;-0,0000;-0,9696;6,9604;0,2156;0,7811;-1,7153;0,0001;0,9342;0,2156;9;0
6,5344;-7,2242;55,9629;10,5643;-0,0000;23,4729;172,7758;405,000;-51,337;0,000;50,000;6,9617;-0,7948;1,7587;0,0000;-0,9639;6,9617;0,2144;0,7810;-1,7153;0,0000;0,9343;0,2144;9;0
6,5406;-7,1816;55,9580;10,5750;0,0000;23,4670;172,8184;405,000;-51,031;0,000;50,000;6,9630;-0,7901;1,7482;0,0000;-0,9582;6,9630;0,2133;0,7809;-1,7152;-0,0001;0,9343;0,2134;9;0
6,5467;-7,1389;55,9532;10,5857;0,0000;23,4611;172,8611;405,000;-50,725;0,000;50,000;6,9643;-0,7853;1,7377;-0,0000;-0,9525;6,9643;0,2120;0,7808;-1,7152;-0,0000;0,9344;0,2120;9;0
6,5528;-7,0963;55,9484;10,5963;-0,0000;23,4553;172,9037;405,000;-50,419;0,000;50,000;6,9656;-0,7805;1,7272;-0,0000;-0,9467;6,9656;0,2108;0,7806;-1,7151;0,0001;0,9345;0,2107;9;0
6,5589;-7,0536;55,9436;10,6068;-0,0000;23,4495;172,9464;405,000;-50,112;0,000;50,000;6,9669;-0,7757;1,7167;0,0000;-0,9410;6,9669;0,2096;0,7805;-1,7151;0,0000;0,9346;0,2096;9;0
6,5651;-7,0109;55,9389;10,6173;0,0000;23,4438;172,9891;405,000;-49,806;0,000;50,000;6,9682;-0,7709;1,7062;0,0000;-0,9353;6,9682;0,2084;0,7804;-1,7150;-0,0002;0,9346;0,2086;9;0
6,5712;-6,9683;55,9342;10,6277;0,0000;23,4381;173,0317;405,000;-49,500;0,000;50,000;6,9694;-0,7661;1,6957;-0,0000;-0,9296;6,9694;0,2072;0,7803;-1,7150;-0,0000;0,9347;0,2072;9;0
6,5773;-6,9256;55,9295;10,6381;-0,0000;23,4324;173,0744;405,000;-49,194;0,000;50,000;6,9707;-0,7614;1,6852;-0,0000;-0,9238;6,9707;0,2060;0,7801;-1,7149;0,0002;0,9348;0,2058;9;0
6,5834;-6,8829;55,9249;10,6484;-0,0000;23,4268;173,1171;405,000;-48,888;0,000;50,000;6,9720;-0,7566;1,6747;0,0000;-0,9181;6,9720;0,2048;0,7800;-1,7149;0,0000;0,9348;0,2048;9;0
6,5896;-6,8402;55,9203;10,6586;0,0000;23,4212;173,1598;405,000;-48,581;0,000;50,000;6,9732;-0,7518;1,6642;0,0000;-0,9124;6,9732;0,2036;0,7799;-1,7148;-0,0003;0,9349;0,2039;9;0
6,5957;-6,7975;55,9157;10,6687;0,0000;23,4156;173,2025;405,000;-48,275;0,000;50,000;6,9745;-0,7470;1,6537;-0,0000;-0,9067;6,9745;0,2024;0,7798;-1,7148;-0,0000;0,9350;0,2024;9;0
6,6018;-6,7547;55,9111;10,6788;-0,0000;23,4101;173,2453;405,000;-47,969;0,000;50,000;6,9757;-0,7423;1,6432;-0,0000;-0,9009;6,9757;0,2012;0,7797;-1,7147;0,0004;0,9351;0,2007;9;0
6,6079;-6,7120;55,9066;10,6889;-0,0000;23,4046;173,2880;405,000;-47,663;0,000;50,000;6,9769;-0,7375;1,6327;0,0000;-0,8952;6,9769;0,2000;0,7796;-1,7147;0,0000;0,9351;0,2000;9;0
6,6140;-6,6693;55,9021;10,6988;0,0000;23,3991;173,3307;405,000;-47,357;0,000;50,000;6,9781;-0,7327;1,6222;0,0000;-0,8895;6,9781;0,1988;0,7794;-1,7146;-0,0004;0,9351;0,1992;9;0
6,6202;-6,6266;55,8976;10,7087;0,0000;23,3937;173,3734;405,000;-47,050;0,000;50,000;6,9794;-0,7279;1,6117;-0,0000;-0,8838;6,9794;0,1979;0,7793;-1,7145;-0,0054;0,9350;0,2037;9;0
6,6263;-6,5838;55,8932;10,7186;0,0000;23,3883;173,4162;405,000;-46,744;0,000;50,000;6,9806;-0,7232;1,6012;-0,0001;-0,8780;6,9806;0,1963;0,7792;-1,7146;0,0002;0,9353;0,1961;9;0
6,6324;-6,5411;55,8887;10,7284;-0,0000;23,3829;173,4589;405,000;-46,438;0,000;50,000;6,9818;-0,7184;1,5907;0,0000;-0,8723;6,9818;0,1943;0,7792;-1,7146;0,0108;0,9359;0,1827;9;0
6,6385;-6,4983;55,8844;10,7381;0,0000;23,3776;173,5017;405,000;-46,132;0,000;50,000;6,9829;-0,7136;1,5802;0,0001;-0,8666;6,9829;0,1939;0,7790;-1,7145;-0,0000;0,9356;0,1939;9;0
6,6447;-6,4555;55,8800;10,7477;0,0000;23,3723;173,5445;405,000;-45,825;0,000;50,000;6,9841;-0,7089;1,5697;-0,0000;-0,8608;6,9841;0,1930;0,7788;-1,7144;-0,0054;0,9353;0,1989;9;0
6,6508;-6,4128;55,8757;10,7573;-0,0000;23,3670;173,5872;405,000;-45,519;0,000;50,000;6,9853;-0,7041;1,5592;-0,0000;-0,8551;6,9853;0,1914;0,7788;-1,7144;0,0001;0,9356;0,1914;9;0
6,6569;-6,3700;55,8714;10,7668;-0,0000;23,3618;173,6300;405,000;-45,213;0,000;50,000;6,9865;-0,6993;1,5487;0,0000;-0,8494;6,9865;0,1902;0,7787;-1,7143;0,0000;0,9357;0,1902;9;0
6,6630;-6,3272;55,8671;10,7763;0,0000;23,3566;173,6728;405,000;-44,907;0,000;50,000;6,9876;-0,6946;1,5382;0,0000;-0,8436;6,9876;0,1890;0,7785;-1,7143;-0,0001;0,9358;0,1891;9;0
6,6692;-6,2844;55,8629;10,7856;0,0000;23,3515;173,7156;405,000;-44,601;0,000;50,000;6,9888;-0,6898;1,5277;-0,0000;-0,8379;6,9888;0,1878;0,7784;-1,7143;-0,0000;0,9358;0,1878;9;0
6,6753;-6,2416;55,8587;10,7950;-0,0000;23,3464;173,7584;405,000;-44,294;0,000;50,000;6,9899;-0,6850;1,5172;-0,0000;-0,8322;6,9899;0,1865;0,7783;-1,7142;0,0001;0,9359;0,1864;9;0
6,6814;-6,1988;55,8545;10,8042;-0,0000;23,3413;173,8012;405,000;-43,988;0,000;50,000;6,9911;-0,6803;1,5067;0,0000;-0,8265;6,9911;0,1853;0,7782;-1,7142;0,0000;0,9360;0,1853;9;0
6,6875;-6,1559;55,8503;10,8134;0,0000;23,3363;173,8441;405,000;-43,682;0,000;50,000;6,9922;-0,6755;1,4962;0,0000;-0,8207;6,9922;0,1841;0,7781;-1,7141;-0,0002;0,9360;0,1843;9;0
6,6937;-6,1131;55,8462;10,8226;0,0000;23,3312;173,8869;405,000;-43,376;0,000;50,000;6,9933;-0,6707;1,4857;-0,0000;-0,8150;6,9933;0,1828;0,7780;-1,7141;-0,0000;0,9361;0,1828;9;0
6,6998;-6,0703;55,8421;10,8316;-0,0000;23,3263;173,9297;405,000;-43,070;0,000;50,000;6,9945;-0,6660;1,4752;-0,0000;-0,8093;6,9945;0,1816;0,7779;-1,7141;0,0002;0,9362;0,1814;9;0
6,7059;-6,0275;55,8380;10,8406;-0,0000;23,3213;173,9725;405,000;-42,763;0,000;50,000;6,9956;-0,6612;1,4647;0,0000;-0,8035;6,9956;0,1804;0,7778;-1,7140;0,0000;0,9362;0,1804;9;0
6,7120;-5,9846;55,8340;10,8496;0,0000;23,3164;174,0154;405,000;-42,457;0,000;50,000;6,9967;-0,6564;1,4542;0,0000;-0,7978;6,9967;0,1792;0,7777;-1,7140;-0,0003;0,9363;0,1795;9;0
6,7182;-5,9418;55,8300;10,8584;0,0000;23,3116;174,0582;405,000;-42,151;0,000;50,000;6,9978;-0,6517;1,4437;-0,0000;-0,7921;6,9978;0,1779;0,7776;-1,7140;-0,0000;0,9364;0,1779;9;0
6,7243;-5,8989;55,8260;10,8672;-0,0000;23,3067;174,1011;405,000;-41,845;0,000;50,000;6,9988;-0,6469;1,4332;-0,0000;-0,7863;6,9988;0,1766;0,7775;-1,7139;0,0005;0,9364;0,1761;9;0
6,7304;-5,8560;55,8221;10,8760;-0,0000;23,3019;174,1440;405,000;-41,539;0,000;50,000;6,9999;-0,6421;1,4227;0,0000;-0,7806;6,9999;0,1754;0,7774;-1,7139;0,0000;0,9365;0,1754;9;0
6,7365;-5,8132;55,8182;10,8847;0,0000;23,2972;174,1868;405,000;-41,232;0,000;50,000;7,0010;-0,6374;1,4122;0,0000;-0,7749;7,0010;0,1742;0,7773;-1,7138;-0,0008;0,9366;0,1751;9;0
6,7427;-5,7703;55,8143;10,8933;0,0000;23,2924;174,2297;405,000;-40,926;0,000;50,000;7,0021;-0,6326;1,4017;-0,0000;-0,7691;7,0021;0,1729;0,7772;-1,7138;-0,0000;0,9366;0,1729;9;0
6,7488;-5,7274;55,8104;10,9018;-0,0000;23,2877;174,2726;405,000;-40,620;0,000;50,000;7,0031;-0,6279;1,3912;-0,0000;-0,7634;7,0031;0,1716;0,7771;-1,7138;0,0018;0,9369;0,1697;9;0
6,7549;-5,6845;55,8066;10,9103;-0,0000;23,2831;174,3155;405,000;-40,314;0,000;50,000;7,0042;-0,6231;1,3807;0,0000;-0,7576;7,0041;0,1705;0,7770;-1,7137;0,0000;0,9367;0,1705;9;0
6,7610;-5,6416;55,8028;10,9188;0,0000;23,2785;174,3584;405,000;-40,008;0,000;50,000;7,0052;-0,6183;1,3703;0,0000;-0,7519;7,0052;0,1698;0,7771;-1,7141;-0,0084;0,9380;0,1785;9;0
6,7672;-5,5987;55,7990;10,9271;0,0000;23,2739;174,4013;405,000;-39,701;0,000;50,000;7,0062;-0,6136;1,3598;-0,0001;-0,7462;7,0063;0,1680;0,7768;-1,7137;-0,0002;0,9368;0,1682;9;0
6,7733;-5,5558;55,7953;10,9354;-0,0000;23,2693;174,4442;405,000;-39,395;0,000;50,000;7,0073;-0,6088;1,3493;-0,0000;-0,7404;7,0073;0,1658;0,7763;-1,7127;0,0135;0,9337;0,1519;9;0
6,7794;-5,5129;55,7916;10,9436;-0,0000;23,2648;174,4871;405,000;-39,089;0,000;50,000;7,0083;-0,6041;1,3388;0,0001;-0,7347;7,0082;0,1655;0,7766;-1,7136;0,0003;0,9372;0,1651;9;0
6,7855;-5,4700;55,7879;10,9518;0,0000;23,2603;174,5300;405,000;-38,783;0,000;50,000;7,0093;-0,5993;1,3283;0,0000;-0,7290;7,0093;0,1647;0,7768;-1,7141;-0,0063;0,9388;0,1711;9;0
6,7916;-5,4270;55,7842;10,9599;0,0000;23,2559;174,5730;405,000;-38,477;0,000;50,000;7,0103;-0,5946;1,3178;0,0000;-0,7232;7,0103;0,1630;0,7764;-1,7135;-0,0002;0,9369;0,1632;9;0
6,7978;-5,3841;55,7806;10,9679;0,0000;23,2515;174,6159;405,000;-38,170;0,000;50,000;7,0113;-0,5898;1,3073;-0,0000;-0,7175;7,0113;0,1614;0,7760;-1,7129;0,0040;0,9349;0,1574;9;0
6,8039;-5,3412;55,7770;10,9759;-0,0000;23,2471;174,6588;405,000;-37,864;0,000;50,000;7,0123;-0,5851;1,2968;0,0000;-0,7118;7,0122;0,1605;0,7763;-1,7135;-0,0001;0,9373;0,1606;9;0
6,8100;-5,2982;55,7734;10,9838;0,0000;23,2428;174,7018;405,000;-37,558;0,000;50,000;7,0132;-0,5803;1,2863;-0,0000;-0,7060;7,0132;0,1598;0,7768;-1,7148;-0,0080;0,9419;0,1679;9;0
6,8161;-5,2553;55,7699;10,9917;-0,0000;23,2384;174,7447;405,000;-37,252;0,000;50,000;7,0142;-0,5755;1,2758;-0,0000;-0,7002;7,0143;0,1580;0,7761;-1,7135;0,0004;0,9374;0,1576;9;0
6,8223;-5,2123;55,7664;10,9995;-0,0000;23,2342;174,7877;405,000;-36,946;0,000;50,000;7,0152;-0,5708;1,2653;0,0000;-0,6945;7,0152;0,1564;0,7757;-1,7127;0,0040;0,9351;0,1524;9;0
6,8284;-5,1693;55,7629;11,0072;0,0000;23,2299;174,8307;405,000;-36,639;0,000;50,000;7,0161;-0,5660;1,2548;0,0000;-0,6888;7,0161;0,1555;0,7759;-1,7134;-0,0006;0,9374;0,1562;9;0
6,8345;-5,1264;55,7594;11,0148;0,0000;23,2257;174,8736;405,000;-36,333;0,000;50,000;7,0171;-0,5613;1,2443;-0,0000;-0,6830;7,0171;0,1542;0,7758;-1,7133;-0,0000;0,9375;0,1542;9;0
6,8406;-5,0834;55,7560;11,0224;-0,0000;23,2216;174,9166;405,000;-36,027;0,000;50,000;7,0180;-0,5565;1,2338;-0,0000;-0,6773;7,0180;0,1529;0,7757;-1,7134;0,0011;0,9377;0,1516;9;0
6,8468;-5,0404;55,7526;11,0299;-0,0000;23,2174;174,9596;405,000;-35,721;0,000;50,000;7,0189;-0,5518;1,2233;0,0000;-0,6715;7,0189;0,1517;0,7756;-1,7133;0,0000;0,9377;0,1517;9;0
6,8529;-4,9974;55,7493;11,0374;0,0000;23,2133;175,0026;405,000;-35,414;0,000;50,000;7,0199;-0,5470;1,2129;0,0000;-0,6658;7,0199;0,1507;0,7756;-1,7133;-0,0037;0,9380;0,1545;9;0
6,8590;-4,9544;55,7459;11,0448;0,0000;23,2093;175,0456;405,000;-35,108;0,000;50,000;7,0208;-0,5423;1,2024;-0,0000;-0,6601;7,0208;0,1492;0,7755;-1,7132;-0,0000;0,9378;0,1492;9;0
6,8651;-4,9114;55,7426;11,0521;-0,0000;23,2053;175,0886;405,000;-34,802;0,000;50,000;7,0217;-0,5375;1,1919;-0,0000;-0,6543;7,0217;0,1475;0,7753;-1,7129;0,0053;0,9369;0,1420;9;0
6,8713;-4,8684;55,7393;11,0594;-0,0000;23,2013;175,1316;405,000;-34,496;0,000;50,000;7,0226;-0,5328;1,1814;0,0000;-0,6486;7,0226;0,1466;0,7753;-1,7132;0,0001;0,9379;0,1465;9;0
6,8774;-4,8254;55,7361;11,0666;-0,0000;23,1973;175,1746;405,000;-34,190;0,000;50,000;7,0235;-0,5280;1,1709;0,0000;-0,6428;7,0235;0,1455;0,7753;-1,7133;-0,0024;0,9385;0,1480;9;0
6,8835;-4,7824;55,7329;11,0737;0,0000;23,1934;175,2176;405,000;-33,883;0,000;50,000;7,0244;-0,5233;1,1604;0,0000;-0,6371;7,0244;0,1441;0,7751;-1,7131;-0,0001;0,9380;0,1442;9;0
6,8896;-4,7394;55,7297;11,0808;0,0000;23,1895;175,2606;405,000;-33,577;0,000;50,000;7,0253;-0,5186;1,1499;-0,0000;-0,6313;7,0253;0,1428;0,7751;-1,7131;-0,0000;0,9380;0,1428;9;0
6,8958;-4,6963;55,7265;11,0878;-0,0000;23,1857;175,3037;405,000;-33,271;0,000;50,000;7,0261;-0,5138;1,1394;-0,0000;-0,6256;7,0261;0,1416;0,7750;-1,7131;0,0002;0,9381;0,1414;9;0
6,9019;-4,6533;55,7234;11,0948;-0,0000;23,1819;175,3467;405,000;-32,965;0,000;50,000;7,0270;-0,5091;1,1289;0,0000;-0,6199;7,0270;0,1403;0,7749;-1,7131;0,0000;0,9382;0,1403;9;0
6,9080;-4,6103;55,7203;11,1016;0,0000;23,1781;175,3897;405,000;-32,659;0,000;50,000;7,0279;-0,5043;1,1184;0,0000;-0,6141;7,0279;0,1390;0,7748;-1,7130;-0,0002;0,9382;0,1393;9;0
6,9141;-4,5672;55,7172;11,1085;0,0000;23,1743;175,4328;405,000;-32,352;0,000;50,000;7,0287;-0,4996;1,1079;-0,0000;-0,6084;7,0287;0,1378;0,7748;-1,7130;-0,0000;0,9383;0,1378;9;0
6,9203;-4,5242;55,7142;11,1152;-0,0000;23,1706;175,4758;405,000;-32,046;0,000;50,000;7,0295;-0,4948;1,0974;-0,0000;-0,6026;7,0295;0,1365;0,7747;-1,7130;0,0004;0,9383;0,1360;9;0
6,9264;-4,4811;55,7111;11,1219;-0,0000;23,1670;175,5189;405,000;-31,740;0,000;50,000;7,0304;-0,4901;1,0870;0,0000;-0,5969;7,0304;0,1352;0,7746;-1,7130;0,0000;0,9384;0,1352;9;0
6,9325;-4,4381;55,7082;11,1285;0,0000;23,1633;175,5619;405,000;-31,434;0,000;50,000;7,0312;-0,4853;1,0765;0,0000;-0,5911;7,0312;0,1340;0,7745;-1,7130;-0,0006;0,9384;0,1347;9;0
6,9386;-4,3950;55,7052;11,1351;0,0000;23,1597;175,6050;405,000;-31,128;0,000;50,000;7,0320;-0,4806;1,0660;-0,0000;-0,5854;7,0320;0,1327;0,7745;-1,7129;-0,0000;0,9385;0,1327;9;0
6,9448;-4,3519;55,7023;11,1416;-0,0000;23,1561;175,6481;405,000;-30,821;0,000;50,000;7,0328;-0,4759;1,0555;-0,0000;-0,5796;7,0328;0,1313;0,7744;-1,7129;0,0013;0,9386;0,1300;9;0
6,9509;-4,3089;55,6994;11,1480;-0,0000;23,1526;175,6911;405,000;-30,515;0,000;50,000;7,0336;-0,4711;1,0450;0,0000;-0,5739;7,0336;0,1301;0,7743;-1,7129;0,0000;0,9386;0,1301;9;0
6,9570;-4,2658;55,6965;11,1544;0,0000;23,1491;175,7342;405,000;-30,209;0,000;50,000;7,0344;-0,4664;1,0345;0,0000;-0,5681;7,0344;0,1291;0,7743;-1,7130;-0,0045;0,9392;0,1338;9;0
6,9631;-4,2227;55,6937;11,1607;0,0000;23,1457;175,7773;405,000;-29,903;0,000;50,000;7,0352;-0,4616;1,0240;-0,0000;-0,5624;7,0352;0,1276;0,7742;-1,7128;-0,0000;0,9387;0,1276;9;0
6,9692;-4,1796;55,6909;11,1669;-0,0000;23,1422;175,8204;405,000;-29,597;0,000;50,000;7,0360;-0,4569;1,0135;-0,0000;-0,5566;7,0360;0,1258;0,7739;-1,7124;0,0066;0,9373;0,1190;9;0
6,9754;-4,1365;55,6881;11,1731;-0,0000;23,1388;175,8635;405,000;-29,290;0,000;50,000;7,0367;-0,4522;1,0030;0,0000;-0,5509;7,0367;0,1250;0,7740;-1,7128;0,0001;0,9388;0,1249;9;0
6,9815;-4,0934;55,6853;11,1792;-0,0000;23,1355;175,9066;405,000;-28,984;0,000;50,000;7,0375;-0,4474;0,9925;0,0000;-0,5451;7,0375;0,1239;0,7741;-1,7130;-0,0030;0,9396;0,1270;9;0
6,9876;-4,0503;55,6826;11,1853;0,0000;23,1322;175,9497;405,000;-28,678;0,000;50,000;7,0383;-0,4427;0,9821;0,0000;-0,5394;7,0383;0,1225;0,7739;-1,7128;-0,0002;0,9389;0,1227;9;0
6,9937;-4,0072;55,6799;11,1912;0,0000;23,1289;175,9928;405,000;-28,372;0,000;50,000;7,0390;-0,4379;0,9716;-0,0000;-0,5336;7,0390;0,1212;0,7738;-1,7127;-0,0000;0,9389;0,1212;9;0
6,9999;-3,9641;55,6772;11,1972;-0,0000;23,1256;176,0359;405,000;-28,066;0,000;50,000;7,0397;-0,4332;0,9611;-0,0000;-0,5279;7,0397;0,1199;0,7738;-1,7127;0,0003;0,9390;0,1195;9;0
7,0060;-3,9210;55,6746;11,2030;-0,0000;23,1224;176,0790;405,000;-27,759;0,000;50,000;7,0405;-0,4285;0,9506;0,0000;-0,5221;7,0405;0,1186;0,7737;-1,7127;0,0000;0,9390;0,1186;9;0
7,0121;-3,8779;55,6720;11,2088;0,0000;23,1192;176,1221;405,000;-27,453;0,000;50,000;7,0412;-0,4237;0,9401;0,0000;-0,5164;7,0412;0,1173;0,7736;-1,7127;-0,0005;0,9391;0,1179;9;0
7,0182;-3,8348;55,6694;11,2145;0,0000;23,1161;176,1652;405,000;-27,147;0,000;50,000;7,0419;-0,4190;0,9296;-0,0000;-0,5106;7,0419;0,1160;0,7736;-1,7127;-0,0000;0,9391;0,1160;9;0
7,0244;-3,7916;55,6668;11,2202;-0,0000;23,1130;176,2084;405,000;-26,841;0,000;50,000;7,0426;-0,4142;0,9191;-0,0000;-0,5049;7,0426;0,1147;0,7735;-1,7127;0,0009;0,9392;0,1138;9;0
7,0305;-3,7485;55,6643;11,2258;-0,0000;23,1099;176,2515;405,000;-26,535;0,000;50,000;7,0433;-0,4095;0,9086;0,0000;-0,4991;7,0433;0,1135;0,7734;-1,7126;0,0000;0,9392;0,1135;9;0
7,0366;-3,7054;55,6618;11,2313;0,0000;23,1069;176,2946;405,000;-26,228;0,000;50,000;7,0440;-0,4048;0,8981;0,0000;-0,4934;7,0440;0,1123;0,7734;-1,7127;-0,0022;0,9394;0,1146;9;0
7,0427;-3,6622;55,6594;11,2368;0,0000;23,1039;176,3378;405,000;-25,922;0,000;50,000;7,0447;-0,4000;0,8877;-0,0000;-0,4876;7,0447;0,1109;0,7733;-1,7126;-0,0000;0,9393;0,1109;9;0
7,0489;-3,6191;55,6569;11,2422;-0,0000;23,1009;176,3809;405,000;-25,616;0,000;50,000;7,0454;-0,3953;0,8772;-0,0000;-0,4819;7,0454;0,1087;0,7736;-1,7135;0,0132;0,9424;0,0951;9;0
7,0550;-3,5759;55,6545;11,2475;-0,0000;23,0980;176,4241;405,000;-25,310;0,000;50,000;7,0460;-0,3906;0,8667;0,0001;-0,4761;7,0459;0,1083;0,7732;-1,7125;0,0006;0,9392;0,1077;9;0
7,0611;-3,5328;55,6521;11,2528;0,0000;23,0951;176,4672;405,000;-25,003;0,000;50,000;7,0467;-0,3858;0,8562;0,0000;-0,4704;7,0467;0,1085;0,7722;-1,7106;-0,0219;0,9326;0,1309;9;0
7,0672;-3,4896;55,6498;11,2580;0,0000;23,0922;176,5104;405,000;-24,697;0,000;50,000;7,0474;-0,3811;0,8457;-0,0001;-0,4647;7,0475;0,1056;0,7732;-1,7128;0,0001;0,9405;0,1056;9;0
7,0734;-3,4465;55,6475;11,2632;-0,0000;23,0894;176,5535;405,000;-24,391;0,000;50,000;7,0480;-0,3764;0,8352;0,0000;-0,4589;7,0480;0,1037;0,7735;-1,7136;0,0104;0,9431;0,0931;9;0
7,0795;-3,4033;55,6452;11,2682;0,0000;23,0866;176,5967;405,000;-24,085;0,000;50,000;7,0486;-0,3716;0,8247;0,0000;-0,4531;7,0486;0,1033;0,7727;-1,7121;-0,0019;0,9380;0,1051;9;0
7,0856;-3,3601;55,6429;11,2733;0,0000;23,0838;176,6399;405,000;-23,779;0,000;50,000;7,0493;-0,3669;0,8142;-0,0000;-0,4474;7,0493;0,1018;0,7729;-1,7125;-0,0000;0,9396;0,1019;9;0
7,0917;-3,3170;55,6407;11,2782;0,0000;23,0811;176,6830;405,000;-23,472;0,000;50,000;7,0499;-0,3622;0,8038;-0,0000;-0,4416;7,0499;0,1005;0,7729;-1,7127;0,0013;0,9403;0,0993;9;0
7,0979;-3,2738;55,6385;11,2831;-0,0000;23,0784;176,7262;405,000;-23,166;0,000;50,000;7,0505;-0,3574;0,7933;-0,0000;-0,4358;7,0505;0,0992;0,7728;-1,7125;0,0001;0,9397;0,0992;9;0
7,1040;-3,2306;55,6363;11,2879;-0,0000;23,0758;176,7694;405,000;-22,860;0,000;50,000;7,0511;-0,3527;0,7828;0,0000;-0,4301;7,0511;0,0980;0,7727;-1,7124;0,0000;0,9397;0,0980;9;0
7,1101;-3,1874;55,6342;11,2927;0,0000;23,0731;176,8126;405,000;-22,554;0,000;50,000;7,0517;-0,3480;0,7723;0,0000;-0,4243;7,0517;0,0967;0,7727;-1,7124;-0,0001;0,9397;0,0968;9;0
7,1162;-3,1442;55,6321;11,2974;0,0000;23,0706;176,8558;405,000;-22,248;0,000;50,000;7,0523;-0,3432;0,7618;-0,0000;-0,4186;7,0523;0,0954;0,7726;-1,7124;0,0000;0,9398;0,0954;9;0
7,1224;-3,1010;55,6300;11,3020;-0,0000;23,0680;176,8990;405,000;-21,941;0,000;50,000;7,0529;-0,3385;0,7513;0,0000;-0,4128;7,0529;0,0945;0,7724;-1,7120;-0,0061;0,9384;0,1011;9;0
7,1285;-3,0579;55,6279;11,3066;0,0000;23,0655;176,9421;405,000;-21,635;0,000;50,000;7,0534;-0,3338;0,7408;-0,0001;-0,4071;7,0535;0,0928;0,7725;-1,7124;0,0001;0,9398;0,0926;9;0
7,1346;-3,0147;55,6259;11,3111;-0,0000;23,0630;176,9853;405,000;-21,329;0,000;50,000;7,0540;-0,3290;0,7303;0,0000;-0,4013;7,0540;0,0906;0,7729;-1,7132;0,0123;0,9428;0,0773;9;0
7,1407;-2,9715;55,6239;11,3155;0,0000;23,0606;177,0285;405,000;-21,023;0,000;50,000;7,0545;-0,3243;0,7199;0,0001;-0,3955;7,0545;0,0902;0,7724;-1,7124;-0,0003;0,9401;0,0905;9;0
7,1468;-2,9282;55,6219;11,3199;0,0000;23,0582;177,0718;405,000;-20,717;0,000;50,000;7,0551;-0,3196;0,7094;-0,0000;-0,3898;7,0551;0,0893;0,7722;-1,7119;-0,0061;0,9385;0,0960;9;0
7,1530;-2,8850;55,6200;11,3242;-0,0000;23,0558;177,1150;405,000;-20,410;0,000;50,000;7,0556;-0,3148;0,6989;-0,0000;-0,3840;7,0556;0,0876;0,7723;-1,7123;0,0002;0,9399;0,0873;9;0
7,1591;-2,8418;55,6180;11,3285;-0,0000;23,0535;177,1582;405,000;-20,104;0,000;50,000;7,0562;-0,3101;0,6884;0,0000;-0,3783;7,0562;0,0863;0,7723;-1,7123;0,0000;0,9400;0,0863;9;0
7,1652;-2,7986;55,6162;11,3327;0,0000;23,0512;177,2014;405,000;-19,798;0,000;50,000;7,0567;-0,3054;0,6779;0,0000;-0,3725;7,0567;0,0850;0,7722;-1,7123;-0,0002;0,9401;0,0852;9;0
7,1713;-2,7554;55,6143;11,3368;0,0000;23,0489;177,2446;405,000;-19,492;0,000;50,000;7,0572;-0,3007;0,6674;-0,0000;-0,3668;7,0572;0,0837;0,7722;-1,7123;-0,0000;0,9401;0,0837;9;0
7,1775;-2,7122;55,6125;11,3408;-0,0000;23,0467;177,2878;405,000;-19,186;0,000;50,000;7,0577;-0,2959;0,6569;-0,0000;-0,3610;7,0577;0,0824;0,7721;-1,7123;0,0002;0,9401;0,0822;9;0
7,1836;-2,6690;55,6107;11,3448;-0,0000;23,0445;177,3310;405,000;-18,879;0,000;50,000;7,0582;-0,2912;0,6465;0,0000;-0,3553;7,0582;0,0815;0,7721;-1,7123;-0,0067;0,9401;0,0884;9;0
7,1897;-2,6257;55,6089;11,3488;0,0000;23,0423;177,3743;405,000;-18,573;0,000;50,000;7,0587;-0,2865;0,6360;-0,0001;-0,3495;7,0588;0,0798;0,7721;-1,7123;-0,0001;0,9402;0,0798;9;0
7,1958;-2,5825;55,6072;11,3526;-0,0000;23,0402;177,4175;405,000;-18,267;0,000;50,000;7,0592;-0,2817;0,6255;-0,0000;-0,3437;7,0592;0,0775;0,7720;-1,7123;0,0135;0,9404;0,0637;9;0
7,2020;-2,5393;55,6055;11,3564;0,0000;23,0381;177,4607;405,000;-17,961;0,000;50,000;7,0597;-0,2770;0,6150;0,0001;-0,3380;7,0596;0,0772;0,7720;-1,7123;-0,0000;0,9404;0,0772;9;0
7,2081;-2,4960;55,6038;11,3601;0,0000;23,0361;177,5040;405,000;-17,655;0,000;50,000;7,0601;-0,2723;0,6045;-0,0000;-0,3322;7,0601;0,0763;0,7719;-1,7122;-0,0067;0,9402;0,0832;9;0
7,2142;-2,4528;55,6021;11,3638;-0,0000;23,0341;177,5472;405,000;-17,348;0,000;50,000;7,0606;-0,2676;0,5940;0,0000;-0,3265;7,0606;0,0750;0,7717;-1,7117;-0,0065;0,9386;0,0822;9;0
7,2203;-2,4095;55,6005;11,3674;0,0000;23,0321;177,5905;405,000;-17,042;0,000;50,000;7,0611;-0,2628;0,5835;-0,0001;-0,3207;7,0611;0,0732;0,7718;-1,7122;0,0002;0,9403;0,0731;9;0
7,2265;-2,3663;55,5989;11,3710;-0,0000;23,0301;177,6337;405,000;-16,736;0,000;50,000;7,0615;-0,2581;0,5731;0,0000;-0,3150;7,0615;0,0710;0,7723;-1,7132;0,0129;0,9438;0,0565;9;0
7,2326;-2,3231;55,5973;11,3744;0,0000;23,0282;177,6769;405,000;-16,430;0,000;50,000;7,0619;-0,2534;0,5626;0,0001;-0,3092;7,0618;0,0706;0,7718;-1,7122;-0,0003;0,9406;0,0710;9;0
7,2387;-2,2798;55,5958;11,3779;-0,0000;23,0263;177,7202;405,000;-16,124;0,000;50,000;7,0624;-0,2487;0,5521;-0,0000;-0,3034;7,0624;0,0698;0,7715;-1,7117;-0,0065;0,9388;0,0770;9;0
7,2448;-2,2366;55,5943;11,3812;0,0000;23,0245;177,7634;405,000;-15,817;0,000;50,000;7,0628;-0,2439;0,5416;0,0000;-0,2977;7,0628;0,0680;0,7717;-1,7121;0,0001;0,9403;0,0679;9;0
7,2510;-2,1933;55,5928;11,3845;0,0000;23,0227;177,8067;405,000;-15,511;0,000;50,000;7,0632;-0,2392;0,5311;-0,0000;-0,2919;7,0632;0,0667;0,7717;-1,7122;-0,0000;0,9405;0,0667;9;0
7,2571;-2,1500;55,5914;11,3877;-0,0000;23,0209;177,8500;405,000;-15,205;0,000;50,000;7,0636;-0,2345;0,5206;-0,0000;-0,2862;7,0636;0,0654;0,7716;-1,7122;0,0001;0,9406;0,0653;9;0
7,2632;-2,1068;55,5899;11,3909;-0,0000;23,0192;177,8932;405,000;-14,899;0,000;50,000;7,0640;-0,2297;0,5101;0,0000;-0,2804;7,0640;0,0641;0,7716;-1,7122;0,0000;0,9406;0,0641;9;0
7,2693;-2,0635;55,5886;11,3940;0,0000;23,0175;177,9365;405,000;-14,592;0,000;50,000;7,0644;-0,2250;0,4997;0,0000;-0,2746;7,0644;0,0628;0,7716;-1,7121;-0,0002;0,9406;0,0630;9;0
7,2755;-2,0203;55,5872;11,3970;0,0000;23,0158;177,9797;405,000;-14,286;0,000;50,000;7,0648;-0,2203;0,4892;-0,0000;-0,2689;7,0648;0,0615;0,7715;-1,7121;-0,0000;0,9406;0,0615;9;0
7,2816;-1,9770;55,5859;11,3999;-0,0000;23,0142;178,0230;405,000;-13,980;0,000;50,000;7,0651;-0,2156;0,4787;-0,0000;-0,2631;7,0651;0,0601;0,7715;-1,7121;0,0003;0,9406;0,0598;9;0
7,2877;-1,9337;55,5846;11,4028;-0,0000;23,0126;178,0663;405,000;-13,674;0,000;50,000;7,0655;-0,2108;0,4682;0,0000;-0,2573;7,0655;0,0588;0,7715;-1,7121;0,0000;0,9407;0,0588;9;0
7,2938;-1,8905;55,5833;11,4057;0,0000;23,0110;178,1095;405,000;-13,368;0,000;50,000;7,0659;-0,2061;0,4577;0,0000;-0,2516;7,0659;0,0576;0,7714;-1,7121;-0,0006;0,9407;0,0582;9;0
7,3000;-1,8472;55,5820;11,4085;0,0000;23,0095;178,1528;405,000;-13,061;0,000;50,000;7,0662;-0,2014;0,4472;-0,0000;-0,2458;7,0662;0,0562;0,7714;-1,7121;-0,0000;0,9407;0,0562;9;0
7,3061;-1,8039;55,5808;11,4112;-0,0000;23,0080;178,1961;405,000;-12,755;0,000;50,000;7,0665;-0,1967;0,4367;-0,0000;-0,2401;7,0665;0,0548;0,7714;-1,7121;0,0012;0,9408;0,0535;9;0
7,3122;-1,7606;55,5796;11,4138;-0,0000;23,0066;178,2394;405,000;-12,449;0,000;50,000;7,0669;-0,1920;0,4263;0,0000;-0,2343;7,0669;0,0536;0,7713;-1,7121;0,0000;0,9408;0,0536;9;0
7,3183;-1,7173;55,5785;11,4164;0,0000;23,0052;178,2827;405,000;-12,143;0,000;50,000;7,0672;-0,1872;0,4158;0,0000;-0,2285;7,0672;0,0526;0,7714;-1,7123;-0,0047;0,9414;0,0574;9;0
7,3244;-1,6741;55,5773;11,4189;0,0000;23,0038;178,3259;405,000;-11,837;0,000;50,000;7,0675;-0,1825;0,4053;-0,0000;-0,2228;7,0676;0,0510;0,7713;-1,7121;-0,0001;0,9408;0,0510;9;0
7,3306;-1,6308;55,5762;11,4213;-0,0000;23,0024;178,3692;405,000;-11,530;0,000;50,000;7,0678;-0,1778;0,3948;-0,0000;-0,2170;7,0678;0,0492;0,7710;-1,7116;0,0070;0,9391;0,0420;9;0
7,3367;-1,5875;55,5751;11,4237;-0,0000;23,0011;178,4125;405,000;-11,224;0,000;50,000;7,0681;-0,1731;0,3843;0,0000;-0,2113;7,0681;0,0483;0,7712;-1,7121;0,0001;0,9409;0,0482;9;0
7,3428;-1,5442;55,5741;11,4261;-0,0000;22,9998;178,4558;405,000;-10,918;0,000;50,000;7,0684;-0,1683;0,3738;0,0000;-0,2055;7,0684;0,0477;0,7713;-1,7123;-0,0103;0,9417;0,0590;9;0
7,3489;-1,5009;55,5731;11,4283;0,0000;22,9986;178,4991;405,000;-10,612;0,000;50,000;7,0687;-0,1636;0,3633;-0,0001;-0,1997;7,0688;0,0457;0,7712;-1,7121;-0,0001;0,9408;0,0458;9;0
7,3551;-1,4576;55,5721;11,4305;-0,0000;22,9974;178,5424;405,000;-10,306;0,000;50,000;7,0690;-0,1589;0,3529;-0,0000;-0,1940;7,0690;0,0434;0,7712;-1,7121;0,0142;0,9410;0,0274;9;0
7,3612;-1,4143;55,5711;11,4326;-0,0000;22,9962;178,5857;405,000;-9,999;0,000;50,000;7,0692;-0,1542;0,3424;0,0001;-0,1882;7,0691;0,0431;0,7711;-1,7121;0,0000;0,9411;0,0431;9;0
7,3673;-1,3710;55,5702;11,4347;0,0000;22,9951;178,6290;405,000;-9,693;0,000;50,000;7,0695;-0,1494;0,3319;-0,0000;-0,1824;7,0695;0,0420;0,7710;-1,7119;-0,0035;0,9404;0,0481;9;0
7,3734;-1,3277;55,5693;11,4367;-0,0000;22,9940;178,6723;405,000;-9,387;0,000;50,000;7,0698;-0,1447;0,3214;0,0000;-0,1767;7,0697;0,0404;0,7711;-1,7120;-0,0000;0,9409;0,0405;9;0
7,3796;-1,2845;55,5684;11,4386;0,0000;22,9929;178,7155;405,000;-9,081;0,000;50,000;7,0700;-0,1400;0,3109;-0,0000;-0,1709;7,0700;0,0396;0,7712;-1,7123;-0,0072;0,9420;0,0434;9;0
7,3857;-1,2412;55,5676;11,4405;-0,0000;22,9919;178,7588;405,000;-8,775;0,000;50,000;7,0702;-0,1353;0,3004;-0,0000;-0,1652;7,0703;0,0378;0,7710;-1,7120;0,0001;0,9410;0,0377;9;0
7,3918;-1,1979;55,5668;11,4423;-0,0000;22,9909;178,8021;405,000;-8,468;0,000;50,000;7,0705;-0,1306;0,2900;0,0000;-0,1594;7,0705;0,0362;0,7710;-1,7119;0,0036;0,9405;0,0344;9;0
7,3979;-1,1546;55,5660;11,4441;0,0000;22,9899;178,8454;405,000;-8,162;0,000;50,000;7,0707;-0,1258;0,2795;0,0000;-0,1536;7,0707;0,0352;0,7710;-1,7120;-0,0001;0,9410;0,0353;9;0
7,4041;-1,1113;55,5652;11,4457;0,0000;22,9890;178,8887;405,000;-7,856;0,000;50,000;7,0709;-0,1211;0,2690;-0,0000;-0,1479;7,0709;0,0344;0,7710;-1,7120;-0,0072;0,9410;0,0418;9;0
7,4102;-1,0679;55,5645;11,4474;0,0000;22,9881;178,9321;405,000;-7,550;0,000;50,000;7,0711;-0,1164;0,2585;-0,0001;-0,1421;7,0712;0,0325;0,7710;-1,7120;0,0000;0,9410;0,0325;9;0
7,4163;-1,0246;55,5638;11,4489;-0,0000;22,9873;178,9754;405,000;-7,244;0,000;50,000;7,0713;-0,1117;0,2480;-0,0000;-0,1363;7,0713;0,0302;0,7710;-1,7120;0,0145;0,9411;0,0154;9;0
7,4224;-0,9813;55,5631;11,4504;-0,0000;22,9865;179,0187;405,000;-6,937;0,000;50,000;7,0715;-0,1069;0,2375;0,0001;-0,1306;7,0714;0,0299;0,7709;-1,7120;0,0000;0,9412;0,0299;9;0
7,4286;-0,9380;55,5625;11,4518;0,0000;22,9857;179,0620;405,000;-6,631;0,000;50,000;7,0717;-0,1022;0,2270;0,0000;-0,1248;7,0717;0,0290;0,7709;-1,7119;-0,0064;0,9406;0,0369;9;0
7,4347;-0,8947;55,5619;11,4532;-0,0000;22,9849;179,1053;405,000;-6,325;0,000;50,000;7,0718;-0,0975;0,2166;0,0000;-0,1191;7,0718;0,0273;0,7709;-1,7120;-0,0000;0,9410;0,0273;9;0
7,4408;-0,8514;55,5613;11,4545;0,0000;22,9842;179,1486;405,000;-6,019;0,000;50,000;7,0720;-0,0928;0,2061;-0,0000;-0,1133;7,0720;0,0259;0,7709;-1,7121;-0,0001;0,9413;0,0229;9;0
7,4469;-0,8081;55,5608;11,4557;-0,0000;22,9836;179,1919;405,000;-5,713;0,000;50,000;7,0721;-0,0881;0,1956;0,0000;-0,1075;7,0721;0,0246;0,7709;-1,7120;-0,0000;0,9411;0,0246;9;0
7,4531;-0,7648;55,5602;11,4569;0,0000;22,9829;179,2352;405,000;-5,406;0,000;50,000;7,0723;-0,0833;0,1851;-0,0000;-0,1018;7,0723;0,0235;0,7710;-1,7122;-0,0024;0,9420;0,0280;9;0
7,4592;-0,7215;55,5597;11,4580;-0,0000;22,9823;179,2785;405,000;-5,100;0,000;50,000;7,0724;-0,0786;0,1746;-0,0000;-0,0960;7,0725;0,0220;0,7709;-1,7120;0,0001;0,9411;0,0219;9;0
7,4653;-0,6782;55,5593;11,4590;-0,0000;22,9817;179,3218;405,000;-4,794;0,000;50,000;7,0726;-0,0739;0,1641;0,0000;-0,0902;7,0726;0,0206;0,7708;-1,7118;0,0016;0,9405;0,0185;9;0
7,4714;-0,6349;55,5588;11,4600;0,0000;22,9812;179,3651;405,000;-4,488;0,000;50,000;7,0727;-0,0692;0,1537;0,0000;-0,0845;7,0727;0,0194;0,7708;-1,7120;-0,0001;0,9411;0,0195;9;0
7,4776;-0,5915;55,5584;11,4609;0,0000;22,9807;179,4085;405,000;-4,181;0,000;50,000;7,0728;-0,0645;0,1432;-0,0000;-0,0787;7,0728;0,0180;0,7708;-1,7120;-0,0000;0,9412;0,0180;9;0
7,4837;-0,5482;55,5580;11,4617;-0,0000;22,9802;179,4518;405,000;-3,875;0,000;50,000;7,0729;-0,0597;0,1327;-0,0000;-0,0729;7,0729;0,0167;0,7708;-1,7120;0,0002;0,9412;0,0165;9;0
7,4898;-0,5049;55,5577;11,4625;-0,0000;22,9798;179,4951;405,000;-3,569;0,000;50,000;7,0730;-0,0550;0,1222;0,0000;-0,0672;7,0730;0,0154;0,7708;-1,7120;0,0000;0,9412;0,0154;9;0
7,4959;-0,4616;55,5574;11,4632;0,0000;22,9794;179,5384;405,000;-3,263;0,000;50,000;7,0731;-0,0503;0,1117;0,0000;-0,0614;7,0731;0,0141;0,7708;-1,7120;-0,0003;0,9412;0,0144;9;0
7,5020;-0,4183;55,5571;11,4639;0,0000;22,9791;179,5817;405,000;-2,957;0,000;50,000;7,0732;-0,0456;0,1012;-0,0000;-0,0557;7,0732;0,0127;0,7708;-1,7120;-0,0000;0,9412;0,0127;9;0
7,5082;-0,3750;55,5568;11,4645;-0,0000;22,9787;179,6250;405,000;-2,650;0,000;50,000;7,0732;-0,0409;0,0907;-0,0000;-0,0499;7,0732;0,0114;0,7708;-1,7120;0,0005;0,9412;0,0108;9;0
7,5143;-0,3316;55,5566;11,4650;-0,0000;22,9784;179,6684;405,000;-2,344;0,000;50,000;7,0733;-0,0361;0,0803;0,0000;-0,0441;7,0733;0,0101;0,7708;-1,7120;0,0000;0,9412;0,0101;9;0
7,5204;-0,2883;55,5564;11,4654;0,0000;22,9782;179,7117;405,000;-2,038;0,000;50,000;7,0734;-0,0314;0,0698;0,0000;-0,0384;7,0734;0,0089;0,7708;-1,7120;-0,0012;0,9413;0,0101;9;0
7,5265;-0,2450;55,5562;11,4658;0,0000;22,9780;179,7550;405,000;-1,732;0,000;50,000;7,0734;-0,0267;0,0593;-0,0000;-0,0326;7,0734;0,0075;0,7708;-1,7120;-0,0000;0,9412;0,0075;9;0
7,5327;-0,2017;55,5560;11,4662;-0,0000;22,9778;179,7983;405,000;-1,426;0,000;50,000;7,0735;-0,0220;0,0488;-0,0000;-0,0268;7,0735;0,0059;0,7708;-1,7121;0,0042;0,9418;0,0015;9;0
7,5388;-0,1584;55,5559;11,4664;-0,0000;22,9776;179,8416;405,000;-1,119;0,000;50,000;7,0735;-0,0173;0,0383;0,0000;-0,0211;7,0735;0,0048;0,7708;-1,7120;0,0000;0,9412;0,0048;9;0
7,5449;-0,1150;55,5558;11,4666;0,0000;22,9775;179,8850;405,000;-0,813;0,000;50,000;7,0735;-0,0125;0,0278;0,0000;-0,0153;7,0735;0,0039;0,7706;-1,7115;-0,0062;0,9397;0,0104;9;0
7,5510;-0,0717;55,5558;11,4668;0,0000;22,9775;179,9283;405,000;-0,507;0,000;50,000;7,0735;-0,0078;0,0174;-0,0000;-0,0096;7,0736;0,0022;0,7708;-1,7120;-0,0001;0,9412;0,0023;9;0
7,5572;-0,0284;55,5557;11,4669;0,0000;22,9774;179,9716;405,000;-0,201;0,000;50,000;7,0735;-0,0031;0,0069;-0,0000;-0,0038;7,0736;0,0007;0,7709;-1,7122;0,0028;0,9420;-0,0022;9;0
7,5633;0,0149;55,5557;11,4669;-0,0000;22,9774;180,0149;405,000;0,105;0,000;50,000;7,0736;0,0016;-0,0036;-0,0000;0,0020;7,0736;-0,0005;0,7707;-1,7120;0,0002;0,9412;-0,0007;9;0
7,5694;0,0582;55,5558;11,4668;-0,0000;22,9774;180,0582;405,000;0,412;0,000;50,000;7,0735;0,0063;-0,0141;0,0000;0,0077;7,0735;-0,0018;0,7708;-1,7120;0,0000;0,9412;-0,0018;9;0
7,5755;0,1016;55,5558;11,4667;0,0000;22,9775;180,1016;405,000;0,718;0,000;50,000;7,0735;0,0111;-0,0246;0,0000;0,0135;7,0735;-0,0031;0,7708;-1,7120;-0,0003;0,9412;-0,0027;9;0
7,5817;0,1449;55,5559;11,4665;0,0000;22,9776;180,1449;405,000;1,024;0,000;50,000;7,0735;0,0158;-0,0351;-0,0000;0,0193;7,0735;-0,0044;0,7708;-1,7120;-0,0000;0,9412;-0,0044;9;0
7,5878;0,1882;55,5560;11,4663;-0,0000;22,9777;180,1882;405,000;1,330;0,000;50,000;7,0735;0,0205;-0,0455;-0,0000;0,0250;7,0735;-0,0058;0,7708;-1,7120;0,0006;0,9412;-0,0065;9;0
7,5939;0,2315;55,5561;11,4660;-0,0000;22,9779;180,2315;405,000;1,636;0,000;50,000;7,0734;0,0252;-0,0560;0,0000;0,0308;7,0734;-0,0071;0,7708;-1,7120;0,0000;0,9412;-0,0071;9;0
7,6000;0,2748;55,5563;11,4656;0,0000;22,9781;180,2748;405,000;1,943;0,000;50,000;7,0734;0,0299;-0,0665;0,0000;0,0366;7,0734;-0,0083;0,7708;-1,7119;-0,0007;0,9411;-0,0076;9;0
7,6062;0,3181;55,5565;11,4651;0,0000;22,9784;180,3181;405,000;2,249;0,000;50,000;7,0733;0,0347;-0,0770;-0,0000;0,0423;7,0733;-0,0097;0,7708;-1,7120;0,0000;0,9412;-0,0097;9;0
7,6123;0,3615;55,5567;11,4646;0,0000;22,9786;180,3615;405,000;2,555;0,000;50,000;7,0733;0,0394;-0,0875;0,0000;0,0481;7,0733;-0,0105;0,7708;-1,7120;-0,0074;0,9413;-0,0022;9;0
7,6184;0,4048;55,5570;11,4641;0,0000;22,9789;180,4048;405,000;2,861;0,000;50,000;7,0732;0,0441;-0,0980;-0,0001;0,0539;7,0733;-0,0123;0,7708;-1,7120;-0,0000;0,9411;-0,0123;9;0
7,6245;0,4481;55,5573;11,4634;-0,0000;22,9793;180,4481;405,000;3,167;0,000;50,000;7,0731;0,0488;-0,1085;-0,0000;0,0596;7,0731;-0,0147;0,7708;-1,7120;0,0154;0,9412;-0,0320;9;0
7,6307;0,4914;55,5576;11,4627;-0,0000;22,9797;180,4914;405,000;3,474;0,000;50,000;7,0730;0,0535;-0,1189;0,0001;0,0654;7,0729;-0,0150;0,7708;-1,7120;0,0000;0,9413;-0,0150;9;0
7,6368;0,5347;55,5579;11,4620;0,0000;22,9801;180,5347;405,000;3,780;0,000;50,000;7,0729;0,0583;-0,1294;0,0000;0,0712;7,0729;-0,0159;0,7708;-1,7119;-0,0060;0,9409;-0,0068;9;0
7,6429;0,5780;55,5583;11,4612;-0,0000;22,9806;180,5780;405,000;4,086;0,000;50,000;7,0728;0,0630;-0,1399;0,0000;0,0769;7,0728;-0,0176;0,7708;-1,7120;-0,0000;0,9411;-0,0176;9;0
7,6490;0,6214;55,5587;11,4603;0,0000;22,9810;180,6214;405,000;4,392;0,000;50,000;7,0727;0,0677;-0,1504;-0,0000;0,0827;7,0727;-0,0188;0,7708;-1,7119;-0,0013;0,9408;-0,0222;9;0
7,6552;0,6647;55,5591;11,4593;-0,0000;22,9816;180,6647;405,000;4,698;0,000;50,000;7,0726;0,0724;-0,1609;0,0000;0,0884;7,0726;-0,0203;0,7708;-1,7120;-0,0000;0,9411;-0,0202;9;0
7,6613;0,7080;55,5596;11,4583;0,0000;22,9821;180,7080;405,000;5,005;0,000;50,000;7,0725;0,0772;-0,1714;-0,0000;0,0942;7,0725;-0,0214;0,7710;-1,7124;-0,0025;0,9426;-0,0162;9;0
7,6674;0,7513;55,5601;11,4572;-0,0000;22,9827;180,7513;405,000;5,311;0,000;50,000;7,0723;0,0819;-0,1818;-0,0000;0,1000;7,0724;-0,0229;0,7709;-1,7120;0,0001;0,9411;-0,0230;9;0
7,6735;0,7946;55,5606;11,4561;-0,0000;22,9833;180,7946;405,000;5,617;0,000;50,000;7,0722;0,0866;-0,1923;0,0000;0,1057;7,0722;-0,0244;0,7708;-1,7117;0,0021;0,9403;-0,0267;9;0
7,6796;0,8379;55,5611;11,4549;0,0000;22,9840;180,8379;405,000;5,923;0,000;50,000;7,0720;0,0913;-0,2028;0,0000;0,1115;7,0720;-0,0255;0,7709;-1,7120;-0,0002;0,9411;-0,0253;9;0
7,6858;0,8812;55,5617;11,4536;0,0000;22,9847;180,8812;405,000;6,230;0,000;50,000;7,0719;0,0960;-0,2133;-0,0000;0,1173;7,0719;-0,0269;0,7709;-1,7120;-0,0000;0,9411;-0,0269;9;0
7,6919;0,9245;55,5623;11,4522;-0,0000;22,9854;180,9245;405,000;6,536;0,000;50,000;7,0717;0,1008;-0,2238;-0,0000;0,1230;7,0717;-0,0282;0,7709;-1,7120;0,0003;0,9411;-0,0285;9;0
7,6980;0,9678;55,5629;11,4508;-0,0000;22,9862;180,9678;405,000;6,842;0,000;50,000;7,0715;0,1055;-0,2343;0,0000;0,1288;7,0715;-0,0295;0,7709;-1,7120;0,0000;0,9411;-0,0295;9;0
7,7041;1,0112;55,5636;11,4494;0,0000;22,9870;181,0112;405,000;7,148;0,000;50,000;7,0713;0,1102;-0,2447;0,0000;0,1346;7,0713;-0,0308;0,7709;-1,7120;-0,0003;0,9410;-0,0304;9;0
7,7103;1,0545;55,5643;11,4478;0,0000;22,9879;181,0545;405,000;7,454;0,000;50,000;7,0712;0,1149;-0,2552;-0,0000;0,1403;7,0712;-0,0321;0,7710;-1,7120;-0,0000;0,9410;-0,0321;9;0
7,7164;1,0978;55,5650;11,4462;-0,0000;22,9887;181,0978;405,000;7,761;0,000;50,000;7,0710;0,1196;-0,2657;-0,0000;0,1461;7,0710;-0,0335;0,7710;-1,7120;0,0001;0,9410;-0,0336;9;0
7,7225;1,1411;55,5658;11,4446;-0,0000;22,9897;181,1411;405,000;8,067;0,000;50,000;7,0707;0,1244;-0,2762;0,0000;0,1518;7,0707;-0,0342;0,7708;-1,7116;-0,0081;0,9394;-0,0257;9;0
7,7286;1,1844;55,5665;11,4429;0,0000;22,9906;181,1844;405,000;8,373;0,000;50,000;7,0705;0,1291;-0,2867;-0,0001;0,1576;7,0706;-0,0361;0,7710;-1,7120;0,0002;0,9409;-0,0363;9;0
7,7348;1,2277;55,5673;11,4411;-0,0000;22,9916;181,2277;405,000;8,679;0,000;50,000;7,0703;0,1338;-0,2972;0,0000;0,1634;7,0703;-0,0385;0,7715;-1,7130;0,0162;0,9442;-0,0554;9;0
7,7409;1,2710;55,5682;11,4392;0,0000;22,9926;181,2710;405,000;8,985;0,000;50,000;7,0701;0,1385;-0,3077;0,0001;0,1691;7,0700;-0,0387;0,7711;-1,7121;-0,0002;0,9412;-0,0385;9;0
7,7470;1,3143;55,5690;11,4373;-0,0000;22,9937;181,3143;405,000;9,292;0,000;50,000;7,0698;0,1433;-0,3181;0,0000;0,1749;7,0698;-0,0395;0,7709;-1,7116;-0,0081;0,9394;-0,0310;9;0
7,7531;1,3576;55,5699;11,4353;0,0000;22,9947;181,3576;405,000;9,598;0,000;50,000;7,0696;0,1480;-0,3286;0,0000;0,1807;7,0696;-0,0413;0,7711;-1,7120;-0,0010;0,9408;-0,0403;9;0
7,7593;1,4008;55,5708;11,4333;0,0000;22,9959;181,4008;405,000;9,904;0,000;50,000;7,0693;0,1527;-0,3391;-0,0000;0,1864;7,0693;-0,0427;0,7711;-1,7120;-0,0000;0,9409;-0,0427;9;0
7,7654;1,4441;55,5718;11,4312;-0,0000;22,9970;181,4441;405,000;10,210;0,000;50,000;7,0691;0,1574;-0,3496;-0,0000;0,1922;7,0691;-0,0443;0,7713;-1,7125;0,0048;0,9423;-0,0493;9;0
7,7715;1,4874;55,5728;11,4290;-0,0000;22,9982;181,4874;405,000;10,516;0,000;50,000;7,0688;0,1621;-0,3601;0,0000;0,1980;7,0687;-0,0453;0,7712;-1,7121;0,0001;0,9409;-0,0454;9;0
7,7776;1,5307;55,5738;11,4268;0,0000;22,9995;181,5307;405,000;10,823;0,000;50,000;7,0685;0,1669;-0,3706;0,0000;0,2037;7,0685;-0,0461;0,7708;-1,7112;-0,0069;0,9379;-0,0389;9;0
7,7838;1,5740;55,5748;11,4245;0,0000;23,0007;181,5740;405,000;11,129;0,000;50,000;7,0682;0,1716;-0,3810;-0,0000;0,2094;7,0683;-0,0479;0,7712;-1,7121;-0,0002;0,9409;-0,0477;9;0
7,7899;1,6173;55,5759;11,4221;0,0000;23,0020;181,6173;405,000;11,435;0,000;50,000;7,0679;0,1763;-0,3915;-0,0000;0,2152;7,0679;-0,0494;0,7714;-1,7125;0,0031;0,9424;-0,0526;9;0
7,7960;1,6606;55,5770;11,4197;-0,0000;23,0034;181,6606;405,000;11,741;0,000;50,000;7,0676;0,1810;-0,4020;-0,0000;0,2210;7,0676;-0,0506;0,7713;-1,7121;0,0003;0,9408;-0,0508;9;0
7,8021;1,7039;55,5781;11,4172;-0,0000;23,0047;181,7039;405,000;12,047;0,000;50,000;7,0673;0,1858;-0,4125;0,0000;0,2267;7,0673;-0,0513;0,7713;-1,7121;-0,0081;0,9409;-0,0426;9;0
7,8083;1,7471;55,5793;11,4146;0,0000;23,0061;181,7471;405,000;12,354;0,000;50,000;7,0670;0,1905;-0,4230;-0,0001;0,2325;7,0671;-0,0532;0,7713;-1,7121;-0,0001;0,9407;-0,0530;9;0
7,8144;1,7904;55,5804;11,4120;-0,0000;23,0076;181,7904;405,000;12,660;0,000;50,000;7,0666;0,1952;-0,4335;-0,0000;0,2383;7,0666;-0,0556;0,7713;-1,7120;0,0162;0,9405;-0,0729;9;0
7,8205;1,8337;55,5816;11,4093;-0,0000;23,0091;181,8337;405,000;12,966;0,000;50,000;7,0663;0,1999;-0,4440;0,0001;0,2440;7,0662;-0,0558;0,7714;-1,7121;0,0000;0,9409;-0,0558;9;0
7,8266;1,8770;55,5829;11,4066;0,0000;23,0106;181,8770;405,000;13,272;0,000;50,000;7,0660;0,2047;-0,4544;0,0000;0,2498;7,0660;-0,0574;0,7713;-1,7118;0,0036;0,9397;-0,0563;9;0
7,8327;1,9202;55,5841;11,4037;-0,0000;23,0121;181,9202;405,000;13,578;0,000;50,000;7,0656;0,2094;-0,4649;0,0001;0,2555;7,0655;-0,0584;0,7714;-1,7121;-0,0002;0,9405;-0,0582;9;0
7,8389;1,9635;55,5854;11,4009;0,0000;23,0137;181,9635;405,000;13,885;0,000;50,000;7,0652;0,2141;-0,4754;-0,0000;0,2613;7,0652;-0,0581;0,7718;-1,7128;-0,0233;0,9429;-0,0429;9;0
7,8450;2,0068;55,5868;11,3979;-0,0000;23,0153;182,0068;405,000;14,191;0,000;50,000;7,0649;0,2188;-0,4859;-0,0001;0,2671;7,0650;-0,0610;0,7715;-1,7122;0,0000;0,9409;-0,0611;9;0
7,8511;2,0500;55,5881;11,3949;0,0000;23,0170;182,0500;405,000;14,497;0,000;50,000;7,0645;0,2236;-0,4964;-0,0000;0,2728;7,0645;-0,0632;0,7714;-1,7118;0,0117;0,9395;-0,0708;9;0
7,8572;2,0933;55,5895;11,3918;-0,0000;23,0187;182,0933;405,000;14,803;0,000;50,000;7,0641;0,2283;-0,5069;-0,0000;0,2786;7,0641;-0,0638;0,7716;-1,7122;0,0014;0,9405;-0,0652;9;0
7,8634;2,1366;55,5909;11,3887;-0,0000;23,0204;182,1366;405,000;15,110;0,000;50,000;7,0637;0,2330;-0,5174;0,0000;0,2844;7,0637;-0,0650;0,7716;-1,7122;0,0000;0,9405;-0,0650;9;0
7,8695;2,1798;55,5924;11,3855;0,0000;23,0221;182,1798;405,000;15,416;0,000;50,000;7,0633;0,2377;-0,5278;0,0000;0,2901;7,0633;-0,0657;0,7719;-1,7128;-0,0088;0,9426;-0,0566;9;0
7,8756;2,2231;55,5938;11,3822;0,0000;23,0239;182,2231;405,000;15,722;0,000;50,000;7,0629;0,2425;-0,5383;-0,0001;0,2959;7,0630;-0,0676;0,7717;-1,7122;-0,0003;0,9404;-0,0673;9;0
7,8817;2,2663;55,5953;11,3789;-0,0000;23,0258;182,2663;405,000;16,028;0,000;50,000;7,0625;0,2472;-0,5488;-0,0000;0,3016;7,0625;-0,0699;0,7711;-1,7108;0,0142;0,9359;-0,0845;9;0
7,8879;2,3096;55,5969;11,3755;-0,0000;23,0276;182,3096;405,000;16,334;0,000;50,000;7,0621;0,2519;-0,5593;0,0001;0,3074;7,0620;-0,0702;0,7718;-1,7123;0,0005;0,9407;-0,0708;9;0
7,8940;2,3528;55,5984;11,3721;0,0000;23,0295;182,3528;405,000;16,641;0,000;50,000;7,0616;0,2566;-0,5698;0,0000;0,3132;7,0616;-0,0711;0,7721;-1,7129;-0,0066;0,9428;-0,0643;9;0
7,9001;2,3961;55,6000;11,3685;-0,0000;23,0315;182,3961;405,000;16,947;0,000;50,000;7,0612;0,2614;-0,5803;0,0000;0,3189;7,0612;-0,0722;0,7718;-1,7122;-0,0089;0,9402;-0,0623;9;0
7,9062;2,4393;55,6016;11,3649;0,0000;23,0334;182,4393;405,000;17,253;0,000;50,000;7,0607;0,2661;-0,5908;-0,0001;0,3247;7,0609;-0,0741;0,7719;-1,7122;-0,0000;0,9402;-0,0741;9;0
7,9124;2,4826;55,6033;11,3613;-0,0000;23,0354;182,4826;405,000;17,559;0,000;50,000;7,0603;0,2708;-0,6012;-0,0000;0,3304;7,0603;-0,0766;0,7719;-1,7122;0,0173;0,9402;-0,0960;9;0
7,9185;2,5258;55,6049;11,3576;-0,0000;23,0375;182,5258;405,000;17,865;0,000;50,000;7,0598;0,2755;-0,6117;0,0001;0,3362;7,0597;-0,0767;0,7720;-1,7123;0,0000;0,9405;-0,0768;9;0
7,9246;2,5690;55,6066;11,3538;0,0000;23,0396;182,5690;405,000;18,172;0,000;50,000;7,0593;0,2803;-0,6222;0,0000;0,3419;7,0593;-0,0774;0,7720;-1,7123;-0,0087;0,9404;-0,0678;9;0
7,9307;2,6123;55,6084;11,3500;-0,0000;23,0417;182,6123;405,000;18,478;0,000;50,000;7,0589;0,2850;-0,6327;-0,0000;0,3477;7,0589;-0,0794;0,7720;-1,7123;0,0001;0,9401;-0,0794;9;0
7,9369;2,6555;55,6101;11,3461;-0,0000;23,0438;182,6555;405,000;18,784;0,000;50,000;7,0584;0,2897;-0,6432;0,0000;0,3535;7,0584;-0,0807;0,7721;-1,7123;0,0000;0,9402;-0,0807;9;0
7,9430;2,6987;55,6119;11,3421;0,0000;23,0460;182,6987;405,000;19,090;0,000;50,000;7,0579;0,2945;-0,6537;0,0000;0,3592;7,0579;-0,0819;0,7721;-1,7123;-0,0002;0,9402;-0,0817;9;0
7,9491;2,7419;55,6137;11,3380;0,0000;23,0482;182,7419;405,000;19,396;0,000;50,000;7,0574;0,2992;-0,6642;-0,0000;0,3650;7,0574;-0,0833;0,7722;-1,7123;-0,0000;0,9401;-0,0833;9;0
7,9552;2,7852;55,6156;11,3339;-0,0000;23,0505;182,7852;405,000;19,703;0,000;50,000;7,0569;0,3039;-0,6746;-0,0000;0,3707;7,0569;-0,0846;0,7722;-1,7123;0,0003;0,9401;-0,0850;9;0
7,9614;2,8284;55,6175;11,3298;-0,0000;23,0528;182,8284;405,000;20,009;0,000;50,000;7,0563;0,3086;-0,6851;0,0000;0,3765;7,0563;-0,0859;0,7723;-1,7123;0,0000;0,9401;-0,0859;9;0
7,9675;2,8716;55,6194;11,3256;0,0000;23,0551;182,8716;405,000;20,315;0,000;50,000;7,0558;0,3134;-0,6956;0,0000;0,3823;7,0558;-0,0871;0,7723;-1,7123;-0,0006;0,9401;-0,0864;9;0
7,9736;2,9148;55,6213;11,3213;0,0000;23,0574;182,9148;405,000;20,621;0,000;50,000;7,0553;0,3181;-0,7061;-0,0000;0,3880;7,0553;-0,0885;0,7724;-1,7123;-0,0000;0,9400;-0,0885;9;0
7,9797;2,9580;55,6233;11,3169;-0,0000;23,0598;182,9580;405,000;20,927;0,000;50,000;7,0547;0,3228;-0,7166;-0,0000;0,3938;7,0547;-0,0898;0,7724;-1,7123;0,0007;0,9398;-0,0906;9;0
7,9859;3,0012;55,6253;11,3125;-0,0000;23,0623;183,0012;405,000;21,234;0,000;50,000;7,0542;0,3276;-0,7271;0,0000;0,3995;7,0542;-0,0911;0,7725;-1,7124;0,0000;0,9399;-0,0911;9;0
7,9920;3,0444;55,6273;11,3080;-0,0000;23,0647;183,0444;405,000;21,540;0,000;50,000;7,0536;0,3323;-0,7376;0,0000;0,4053;7,0536;-0,0916;0,7723;-1,7119;-0,0107;0,9382;-0,0802;9;0
7,9981;3,0876;55,6293;11,3035;0,0000;23,0672;183,0876;405,000;21,846;0,000;50,000;7,0530;0,3370;-0,7480;-0,0001;0,4110;7,0532;-0,0937;0,7725;-1,7124;0,0003;0,9397;-0,0939;9;0
8,0042;3,1308;55,6314;11,2988;-0,0000;23,0698;183,1308;405,000;22,152;0,000;50,000;7,0525;0,3418;-0,7585;0,0000;0,4168;7,0524;-0,0964;0,7731;-1,7134;0,0208;0,9433;-0,1186;9;0
8,0103;3,1740;55,6335;11,2942;0,0000;23,0723;183,1740;405,000;22,458;0,000;50,000;7,0519;0,3465;-0,7690;0,0001;0,4226;7,0517;-0,0963;0,7727;-1,7125;-0,0005;0,9401;-0,0957;9;0
8,0165;3,2172;55,6356;11,2894;-0,0000;23,0749;183,2172;405,000;22,765;0,000;50,000;7,0513;0,3512;-0,7795;-0,0000;0,4283;7,0513;-0,0962;0,7725;-1,7120;-0,0189;0,9382;-0,0761;9;0
8,0226;3,2603;55,6378;11,2846;0,0000;23,0776;183,2603;405,000;23,071;0,000;50,000;7,0507;0,3559;-0,7900;-0,0001;0,4341;7,0508;-0,0989;0,7727;-1,7124;0,0002;0,9394;-0,0991;9;0
8,0287;3,3035;55,6400;11,2797;-0,0000;23,0803;183,3035;405,000;23,377;0,000;50,000;7,0501;0,3607;-0,8005;-0,0000;0,4398;7,0501;-0,1013;0,7728;-1,7124;0,0169;0,9392;-0,1195;9;0
8,0348;3,3467;55,6422;11,2748;-0,0000;23,0830;183,3467;405,000;23,683;0,000;50,000;7,0494;0,3654;-0,8110;0,0001;0,4456;7,0493;-0,1014;0,7729;-1,7125;0,0001;0,9398;-0,1015;9;0
8,0410;3,3899;55,6445;11,2698;0,0000;23,0857;183,3899;405,000;23,989;0,000;50,000;7,0488;0,3701;-0,8215;0,0000;0,4513;7,0488;-0,1021;0,7730;-1,7126;-0,0085;0,9398;-0,0931;9;0
8,0471;3,4330;55,6468;11,2647;-0,0000;23,0885;183,4330;405,000;24,296;0,000;50,000;7,0482;0,3749;-0,8320;-0,0000;0,4571;7,0482;-0,1040;0,7730;-1,7125;0,0000;0,9394;-0,1041;9;0
8,0532;3,4762;55,6491;11,2596;-0,0000;23,0913;183,4762;405,000;24,602;0,000;50,000;7,0475;0,3796;-0,8424;0,0000;0,4628;7,0475;-0,1053;0,7731;-1,7125;0,0000;0,9395;-0,1053;9;0
8,0593;3,5193;55,6514;11,2544;0,0000;23,0942;183,5193;405,000;24,908;0,000;50,000;7,0469;0,3844;-0,8529;0,0000;0,4686;7,0469;-0,1066;0,7731;-1,7125;-0,0002;0,9394;-0,1064;9;0
8,0655;3,5625;55,6538;11,2492;0,0000;23,0970;183,5625;405,000;25,214;0,000;50,000;7,0462;0,3891;-0,8634;-0,0000;0,4743;7,0462;-0,1079;0,7732;-1,7126;0,0000;0,9394;-0,1079;9;0
8,0716;3,6056;55,6562;11,2439;-0,0000;23,1000;183,6056;405,000;25,521;0,000;50,000;7,0456;0,3938;-0,8739;0,0000;0,4801;7,0456;-0,1086;0,7733;-1,7126;-0,0084;0,9395;-0,0996;9;0
8,0777;3,6488;55,6586;11,2385;0,0000;23,1029;183,6488;405,000;25,827;0,000;50,000;7,0449;0,3986;-0,8844;-0,0001;0,4858;7,0450;-0,1105;0,7733;-1,7126;-0,0000;0,9392;-0,1104;9;0
8,0838;3,6919;55,6611;11,2330;-0,0000;23,1059;183,6919;405,000;26,133;0,000;50,000;7,0442;0,4033;-0,8949;-0,0000;0,4916;7,0442;-0,1130;0,7733;-1,7125;0,0171;0,9389;-0,1313;9;0
8,0900;3,7351;55,6635;11,2275;-0,0000;23,1089;183,7351;405,000;26,439;0,000;50,000;7,0435;0,4080;-0,9054;0,0001;0,4973;7,0434;-0,1131;0,7734;-1,7126;0,0001;0,9394;-0,1131;9;0
8,0961;3,7782;55,6661;11,2219;0,0000;23,1120;183,7782;405,000;26,745;0,000;50,000;7,0428;0,4128;-0,9159;0,0000;0,5031;7,0428;-0,1137;0,7735;-1,7127;-0,0086;0,9394;-0,1045;9;0
8,1022;3,8213;55,6686;11,2163;-0,0000;23,1151;183,8213;405,000;27,052;0,000;50,000;7,0421;0,4175;-0,9263;-0,0000;0,5088;7,0421;-0,1156;0,7735;-1,7127;0,0000;0,9390;-0,1157;9;0
8,1083;3,8645;55,6712;11,2106;-0,0000;23,1182;183,8645;405,000;27,358;0,000;50,000;7,0414;0,4222;-0,9368;0,0000;0,5146;7,0414;-0,1169;0,7736;-1,7127;0,0000;0,9391;-0,1169;9;0
8,1145;3,9076;55,6738;11,2048;0,0000;23,1214;183,9076;405,000;27,664;0,000;50,000;7,0407;0,4270;-0,9473;0,0000;0,5203;7,0407;-0,1182;0,7737;-1,7127;-0,0001;0,9390;-0,1180;9;0
8,1206;3,9507;55,6764;11,1990;0,0000;23,1246;183,9507;405,000;27,970;0,000;50,000;7,0400;0,4317;-0,9578;-0,0000;0,5261;7,0400;-0,1195;0,7737;-1,7127;-0,0000;0,9390;-0,1195;9;0
8,1267;3,9938;55,6791;11,1931;-0,0000;23,1279;183,9938;405,000;28,276;0,000;50,000;7,0392;0,4365;-0,9683;-0,0000;0,5318;7,0392;-0,1208;0,7738;-1,7127;0,0002;0,9389;-0,1210;9;0
8,1328;4,0369;55,6817;11,1871;-0,0000;23,1311;184,0369;405,000;28,583;0,000;50,000;7,0385;0,4412;-0,9788;0,0000;0,5376;7,0385;-0,1220;0,7739;-1,7128;0,0000;0,9389;-0,1220;9;0
8,1390;4,0800;55,6845;11,1811;0,0000;23,1344;184,0800;405,000;28,889;0,000;50,000;7,0377;0,4459;-0,9893;0,0000;0,5433;7,0377;-0,1233;0,7739;-1,7128;-0,0004;0,9389;-0,1228;9;0
8,1451;4,1231;55,6872;11,1750;0,0000;23,1378;184,1231;405,000;29,195;0,000;50,000;7,0370;0,4507;-0,9998;-0,0000;0,5491;7,0370;-0,1246;0,7740;-1,7128;-0,0000;0,9388;-0,1246;9;0
8,1512;4,1662;55,6900;11,1689;-0,0000;23,1412;184,1662;405,000;29,501;0,000;50,000;7,0362;0,4554;-1,0103;-0,0000;0,5548;7,0362;-0,1259;0,7741;-1,7128;0,0009;0,9388;-0,1269;9;0
8,1573;4,2093;55,6928;11,1626;-0,0000;23,1446;184,2093;405,000;29,807;0,000;50,000;7,0354;0,4602;-1,0207;0,0000;0,5606;7,0354;-0,1272;0,7741;-1,7128;0,0000;0,9387;-0,1272;9;0
8,1635;4,2524;55,6956;11,1564;0,0000;23,1480;184,2524;405,000;30,114;0,000;50,000;7,0347;0,4649;-1,0312;0,0000;0,5663;7,0347;-0,1282;0,7743;-1,7130;-0,0028;0,9391;-0,1253;9;0
8,1696;4,2955;55,6985;11,1500;0,0000;23,1515;184,2955;405,000;30,420;0,000;50,000;7,0339;0,4696;-1,0417;-0,0000;0,5721;7,0339;-0,1297;0,7743;-1,7129;-0,0000;0,9386;-0,1297;9;0
8,1757;4,3385;55,7014;11,1436;-0,0000;23,1550;184,3385;405,000;30,726;0,000;50,000;7,0331;0,4744;-1,0522;-0,0000;0,5778;7,0331;-0,1313;0,7742;-1,7126;0,0039;0,9375;-0,1353;9;0
8,1818;4,3816;55,7043;11,1371;-0,0000;23,1586;184,3816;405,000;31,032;0,000;50,000;7,0323;0,4791;-1,0627;0,0000;0,5836;7,0322;-0,1323;0,7744;-1,7129;0,0001;0,9385;-0,1323;9;0
8,1879;4,4247;55,7072;11,1306;-0,0000;23,1622;184,4247;405,000;31,338;0,000;50,000;7,0315;0,4839;-1,0732;0,0000;0,5893;7,0315;-0,1334;0,7746;-1,7131;-0,0017;0,9390;-0,1316;9;0
8,1941;4,4677;55,7102;11,1240;0,0000;23,1658;184,4677;405,000;31,645;0,000;50,000;7,0306;0,4886;-1,0837;0,0000;0,5951;7,0306;-0,1348;0,7746;-1,7130;-0,0001;0,9384;-0,1347;9;0
8,2002;4,5108;55,7132;11,1173;0,0000;23,1695;184,5108;405,000;31,951;0,000;50,000;7,0298;0,4934;-1,0942;-0,0000;0,6008;7,0298;-0,1361;0,7747;-1,7130;-0,0000;0,9383;-0,1361;9;0
8,2063;4,5538;55,7163;11,1106;-0,0000;23,1732;184,5538;405,000;32,257;0,000;50,000;7,0290;0,4981;-1,1047;-0,0000;0,6066;7,0290;-0,1374;0,7747;-1,7130;0,0002;0,9383;-0,1376;9;0
8,2124;4,5969;55,7193;11,1038;-0,0000;23,1769;184,5969;405,000;32,563;0,000;50,000;7,0281;0,5028;-1,1152;0,0000;0,6123;7,0281;-0,1386;0,7748;-1,7130;0,0000;0,9382;-0,1386;9;0
8,2186;4,6399;55,7224;11,0969;0,0000;23,1807;184,6399;405,000;32,869;0,000;50,000;7,0273;0,5076;-1,1256;0,0000;0,6181;7,0273;-0,1399;0,7749;-1,7131;-0,0002;0,9382;-0,1396;9;0
8,2247;4,6829;55,7255;11,0900;0,0000;23,1845;184,6829;405,000;33,176;0,000;50,000;7,0264;0,5123;-1,1361;-0,0000;0,6238;7,0264;-0,1412;0,7750;-1,7131;-0,0000;0,9381;-0,1412;9;0
8,2308;4,7260;55,7287;11,0830;0,0000;23,1883;184,7260;405,000;33,482;0,000;50,000;7,0255;0,5171;-1,1466;-0,0000;0,6296;7,0255;-0,1428;0,7747;-1,7124;0,0051;0,9358;-0,1489;9;0
8,2369;4,7690;55,7319;11,0759;-0,0000;23,1922;184,7690;405,000;33,788;0,000;50,000;7,0247;0,5218;-1,1571;0,0001;0,6353;7,0246;-0,1437;0,7751;-1,7131;-0,0002;0,9380;-0,1435;9;0
8,2431;4,8120;55,7351;11,0688;0,0000;23,1961;184,8120;405,000;34,094;0,000;50,000;7,0238;0,5266;-1,1676;-0,0000;0,6410;7,0238;-0,1443;0,7758;-1,7145;-0,0100;0,9425;-0,1323;9;0
8,2492;4,8550;55,7383;11,0616;-0,0000;23,2000;184,8550;405,000;34,400;0,000;50,000;7,0229;0,5313;-1,1781;-0,0001;0,6468;7,0230;-0,1462;0,7753;-1,7132;0,0005;0,9381;-0,1467;9;0
8,2553;4,8980;55,7416;11,0544;-0,0000;23,2040;184,8980;405,000;34,707;0,000;50,000;7,0220;0,5361;-1,1886;0,0000;0,6525;7,0220;-0,1478;0,7751;-1,7125;0,0050;0,9356;-0,1538;9;0
8,2614;4,9410;55,7449;11,0471;0,0000;23,2080;184,9410;405,000;35,013;0,000;50,000;7,0211;0,5408;-1,1991;0,0000;0,6583;7,0211;-0,1487;0,7754;-1,7132;-0,0004;0,9376;-0,1483;9;0
8,2676;4,9840;55,7482;11,0397;0,0000;23,2121;184,9840;405,000;35,319;0,000;50,000;7,0202;0,5456;-1,2096;-0,0000;0,6640;7,0202;-0,1500;0,7755;-1,7133;0,0000;0,9377;-0,1500;9;0
8,2737;5,0270;55,7516;11,0323;-0,0000;23,2162;185,0270;405,000;35,625;0,000;50,000;7,0192;0,5503;-1,2201;0,0000;0,6698;7,0192;-0,1513;0,7756;-1,7133;0,0001;0,9377;-0,1514;9;0
8,2798;5,0700;55,7550;11,0248;0,0000;23,2203;185,0700;405,000;35,932;0,000;50,000;7,0183;0,5551;-1,2306;0,0000;0,6755;7,0183;-0,1525;0,7757;-1,7133;-0,0000;0,9376;-0,1525;9;0
8,2859;5,1130;55,7584;11,0172;0,0000;23,2244;185,1130;405,000;36,238;0,000;50,000;7,0174;0,5598;-1,2411;-0,0000;0,6812;7,0174;-0,1538;0,7758;-1,7133;-0,0000;0,9376;-0,1538;9;0
8,2921;5,1559;55,7618;11,0096;0,0000;23,2286;185,1559;405,000;36,544;0,000;50,000;7,0164;0,5646;-1,2516;-0,0000;0,6870;7,0164;-0,1554;0,7756;-1,7127;0,0050;0,9354;-0,1609;9;0
8,2982;5,1989;55,7653;11,0019;-0,0000;23,2329;185,1989;405,000;36,850;0,000;50,000;7,0155;0,5693;-1,2620;0,0001;0,6927;7,0154;-0,1563;0,7760;-1,7134;-0,0002;0,9374;-0,1562;9;0
8,3043;5,2419;55,7688;10,9941;0,0000;23,2371;185,2419;405,000;37,156;0,000;50,000;7,0145;0,5741;-1,2725;-0,0000;0,6985;7,0145;-0,1569;0,7766;-1,7147;-0,0100;0,9417;-0,1460;9;0
8,3104;5,2848;55,7723;10,9863;-0,0000;23,2414;185,2848;405,000;37,463;0,000;50,000;7,0135;0,5788;-1,2830;-0,0001;0,7042;7,0136;-0,1588;0,7762;-1,7135;0,0004;0,9375;-0,1593;9;0
8,3166;5,3278;55,7759;10,9784;-0,0000;23,2457;185,3278;405,000;37,769;0,000;50,000;7,0126;0,5836;-1,2935;0,0000;0,7099;7,0126;-0,1604;0,7759;-1,7129;0,0050;0,9351;-0,1659;9;0
8,3227;5,3707;55,7795;10,9704;0,0000;23,2501;185,3707;405,000;38,075;0,000;50,000;7,0116;0,5883;-1,3040;0,0000;0,7157;7,0116;-0,1613;0,7763;-1,7135;-0,0008;0,9371;-0,1604;9;0
8,3288;5,4137;55,7831;10,9624;0,0000;23,2545;185,4137;405,000;38,381;0,000;50,000;7,0106;0,5931;-1,3145;-0,0000;0,7214;7,0106;-0,1626;0,7764;-1,7135;-0,0000;0,9371;-0,1626;9;0
8,3349;5,4566;55,7867;10,9543;-0,0000;23,2589;185,4566;405,000;38,687;0,000;50,000;7,0096;0,5978;-1,3250;-0,0000;0,7272;7,0096;-0,1640;0,7766;-1,7137;0,0021;0,9375;-0,1662;9;0
8,3411;5,4995;55,7904;10,9462;-0,0000;23,2634;185,4995;405,000;38,994;0,000;50,000;7,0086;0,6026;-1,3355;0,0000;0,7329;7,0086;-0,1651;0,7766;-1,7136;0,0000;0,9370;-0,1651;9;0
8,3472;5,5424;55,7941;10,9380;0,0000;23,2679;185,5424;405,000;39,300;0,000;50,000;7,0076;0,6074;-1,3460;0,0000;0,7386;7,0076;-0,1651;0,7771;-1,7146;-0,0179;0,9402;-0,1467;9;0
8,3533;5,5853;55,7978;10,9297;0,0000;23,2725;185,5853;405,000;39,606;0,000;50,000;7,0066;0,6121;-1,3565;-0,0002;0,7444;7,0068;-0,1676;0,7767;-1,7136;-0,0009;0,9366;-0,1666;9;0
8,3594;5,6282;55,8016;10,9214;-0,0000;23,2770;185,6282;405,000;39,912;0,000;50,000;7,0055;0,6169;-1,3670;-0,0000;0,7501;7,0055;-0,1710;0,7759;-1,7114;0,0314;0,9291;-0,2031;9;0
8,3655;5,6711;55,8054;10,9130;-0,0000;23,2816;185,6711;405,000;40,218;0,000;50,000;7,0045;0,6216;-1,3775;0,0002;0,7558;7,0043;-0,1696;0,7773;-1,7144;-0,0046;0,9395;-0,1651;9;0
8,3717;5,7140;55,8092;10,9045;0,0000;23,2863;185,7140;405,000;40,525;0,000;50,000;7,0034;0,6264;-1,3880;-0,0001;0,7616;7,0035;-0,1703;0,7776;-1,7150;-0,0153;0,9407;-0,1547;9;0
8,3778;5,7569;55,8131;10,8960;-0,0000;23,2910;185,7569;405,000;40,831;0,000;50,000;7,0024;0,6311;-1,3985;-0,0000;0,7673;7,0024;-0,1735;0,7766;-1,7125;0,0120;0,9320;-0,1853;9;0
8,3839;5,7998;55,8169;10,8874;-0,0000;23,2957;185,7998;405,000;41,137;0,000;50,000;7,0013;0,6359;-1,4090;0,0001;0,7730;7,0012;-0,1732;0,7773;-1,7139;-0,0084;0,9368;-0,1636;9;0
8,3900;5,8427;55,8209;10,8787;0,0000;23,3004;185,8427;405,000;41,443;0,000;50,000;7,0003;0,6407;-1,4195;-0,0001;0,7788;7,0004;-0,1746;0,7776;-1,7145;-0,0065;0,9385;-0,1681;9;0
8,3962;5,8855;55,8248;10,8700;-0,0000;23,3052;185,8855;405,000;41,749;0,000;50,000;6,9992;0,6454;-1,4300;-0,0000;0,7845;6,9992;-0,1775;0,7774;-1,7138;0,0175;0,9360;-0,1974;9;0
8,4023;5,9284;55,8288;10,8612;-0,0000;23,3101;185,9284;405,000;42,056;0,000;50,000;6,9981;0,6502;-1,4405;0,0001;0,7903;6,9980;-0,1775;0,7776;-1,7140;0,0001;0,9366;-0,1776;9;0
8,4084;5,9713;55,8328;10,8523;0,0000;23,3149;185,9713;405,000;42,362;0,000;50,000;6,9970;0,6549;-1,4510;0,0000;0,7960;6,9970;-0,1781;0,7777;-1,7140;-0,0089;0,9365;-0,1681;9;0
8,4145;6,0141;55,8368;10,8434;-0,0000;23,3198;186,0141;405,000;42,668;0,000;50,000;6,9959;0,6597;-1,4614;-0,0000;0,8017;6,9959;-0,1800;0,7778;-1,7140;0,0000;0,9361;-0,1800;9;0
8,4207;6,0569;55,8408;10,8344;-0,0000;23,3247;186,0569;405,000;42,974;0,000;50,000;6,9948;0,6645;-1,4719;0,0000;0,8075;6,9948;-0,1812;0,7779;-1,7141;0,0000;0,9362;-0,1812;9;0
8,4268;6,0998;55,8449;10,8254;0,0000;23,3297;186,0998;405,000;43,280;0,000;50,000;6,9937;0,6692;-1,4824;0,0000;0,8132;6,9937;-0,1824;0,7780;-1,7141;-0,0001;0,9361;-0,1824;9;0
8,4329;6,1426;55,8490;10,8163;0,0000;23,3347;186,1426;405,000;43,587;0,000;50,000;6,9926;0,6740;-1,4929;-0,0000;0,8189;6,9926;-0,1837;0,7781;-1,7141;-0,0000;0,9360;-0,1837;9;0
8,4390;6,1854;55,8532;10,8071;-0,0000;23,3397;186,1854;405,000;43,893;0,000;50,000;6,9914;0,6788;-1,5034;-0,0000;0,8247;6,9914;-0,1849;0,7782;-1,7142;0,0002;0,9360;-0,1851;9;0
8,4452;6,2282;55,8574;10,7979;-0,0000;23,3448;186,2282;405,000;44,199;0,000;50,000;6,9903;0,6835;-1,5139;0,0000;0,8304;6,9903;-0,1861;0,7783;-1,7142;0,0000;0,9359;-0,1861;9;0
8,4513;6,2710;55,8616;10,7886;0,0000;23,3499;186,2710;405,000;44,505;0,000;50,000;6,9892;0,6883;-1,5244;0,0000;0,8361;6,9892;-0,1874;0,7784;-1,7142;-0,0003;0,9359;-0,1871;9;0
8,4574;6,3138;55,8658;10,7792;0,0000;23,3550;186,3138;405,000;44,811;0,000;50,000;6,9880;0,6931;-1,5349;-0,0000;0,8419;6,9880;-0,1886;0,7785;-1,7143;-0,0000;0,9358;-0,1886;9;0
8,4635;6,3566;55,8700;10,7698;-0,0000;23,3602;186,3566;405,000;45,118;0,000;50,000;6,9868;0,6978;-1,5454;-0,0000;0,8476;6,9868;-0,1899;0,7786;-1,7143;0,0005;0,9357;-0,1904;9;0
8,4697;6,3994;55,8743;10,7603;-0,0000;23,3654;186,3994;405,000;45,424;0,000;50,000;6,9857;0,7026;-1,5559;0,0000;0,8533;6,9857;-0,1911;0,7787;-1,7144;0,0000;0,9356;-0,1911;9;0
8,4758;6,4422;55,8786;10,7507;0,0000;23,3707;186,4422;405,000;45,730;0,000;50,000;6,9845;0,7074;-1,5664;0,0000;0,8591;6,9845;-0,1922;0,7789;-1,7144;-0,0011;0,9357;-0,1911;9;0
8,4819;6,4850;55,8830;10,7411;0,0000;23,3759;186,4850;405,000;46,036;0,000;50,000;6,9833;0,7121;-1,5769;-0,0000;0,8648;6,9833;-0,1935;0,7789;-1,7144;-0,0000;0,9355;-0,1935;9;0
8,4880;6,5277;55,8874;10,7314;-0,0000;23,3812;186,5277;405,000;46,343;0,000;50,000;6,9821;0,7169;-1,5874;-0,0000;0,8705;6,9821;-0,1950;0,7791;-1,7146;0,0042;0,9359;-0,1994;9;0
8,4942;6,5705;55,8918;10,7216;-0,0000;23,3866;186,5705;405,000;46,649;0,000;50,000;6,9809;0,7217;-1,5979;0,0000;0,8762;6,9809;-0,1959;0,7792;-1,7145;0,0000;0,9353;-0,1960;9;0
8,5003;6,6132;55,8962;10,7118;0,0000;23,3920;186,6132;405,000;46,955;0,000;50,000;6,9797;0,7265;-1,6084;0,0000;0,8820;6,9797;-0,1967;0,7791;-1,7142;-0,0064;0,9340;-0,1901;9;0
8,5064;6,6560;55,9007;10,7019;0,0000;23,3974;186,6560;405,000;47,261;0,000;50,000;6,9785;0,7312;-1,6189;-0,0000;0,8877;6,9786;-0,1984;0,7794;-1,7146;-0,0001;0,9353;-0,1983;9;0
8,5125;6,6987;55,9052;10,6920;0,0000;23,4029;186,6987;405,000;47,567;0,000;50,000;6,9773;0,7360;-1,6294;-0,0000;0,8934;6,9773;-0,1998;0,7796;-1,7149;0,0029;0,9359;-0,2028;9;0
8,5187;6,7414;55,9097;10,6820;-0,0000;23,4083;186,7414;405,000;47,874;0,000;50,000;6,9761;0,7408;-1,6399;-0,0000;0,8991;6,9761;-0,2008;0,7796;-1,7147;0,0002;0,9351;-0,2010;9;0
8,5248;6,7842;55,9142;10,6719;-0,0000;23,4139;186,7842;405,000;48,180;0,000;50,000;6,9748;0,7456;-1,6504;0,0000;0,9049;6,9748;-0,2020;0,7797;-1,7148;0,0000;0,9350;-0,2020;9;0
8,5309;6,8269;55,9188;10,6618;0,0000;23,4194;186,8269;405,000;48,486;0,000;50,000;6,9736;0,7503;-1,6609;0,0000;0,9106;6,9736;-0,2032;0,7799;-1,7148;-0,0002;0,9349;-0,2030;9;0
8,5370;6,8696;55,9234;10,6516;0,0000;23,4250;186,8696;405,000;48,792;0,000;50,000;6,9724;0,7551;-1,6714;-0,0000;0,9163;6,9724;-0,2044;0,7800;-1,7149;0,0000;0,9349;-0,2044;9;0
8,5431;6,9123;55,9281;10,6413;-0,0000;23,4306;186,9123;405,000;49,098;0,000;50,000;6,9711;0,7599;-1,6819;0,0000;0,9221;6,9711;-0,2057;0,7801;-1,7149;0,0001;0,9348;-0,2057;9;0
8,5493;6,9550;55,9327;10,6310;0,0000;23,4363;186,9550;405,000;49,405;0,000;50,000;6,9698;0,7647;-1,6924;0,0000;0,9278;6,9698;-0,2069;0,7802;-1,7149;-0,0000;0,9347;-0,2068;9;0
8,5554;6,9976;55,9374;10,6206;0,0000;23,4420;186,9976;405,000;49,711;0,000;50,000;6,9686;0,7694;-1,7029;-0,0000;0,9335;6,9686;-0,2081;0,7803;-1,7150;0,0000;0,9346;-0,2081;9;0
8,5615;7,0403;55,9422;10,6101;-0,0000;23,4477;187,0403;405,000;50,017;0,000;50,000;6,9673;0,7742;-1,7134;0,0000;0,9392;6,9673;-0,2093;0,7805;-1,7150;0,0000;0,9346;-0,2093;9;0
8,5676;7,0830;55,9469;10,5996;0,0000;23,4535;187,0830;405,000;50,323;0,000;50,000;6,9660;0,7790;-1,7239;0,0000;0,9449;6,9660;-0,2105;0,7806;-1,7151;-0,0000;0,9345;-0,2105;9;0
8,5738;7,1256;55,9517;10,5890;-0,0000;23,4593;187,1256;405,000;50,629;0,000;50,000;6,9647;0,7838;-1,7344;0,0000;0,9507;6,9647;-0,2110;0,7808;-1,7152;-0,0101;0,9348;-0,1999;9;0
8,5799;7,1683;55,9565;10,5783;0,0000;23,4652;187,1683;405,000;50,936;0,000;50,000;6,9634;0,7886;-1,7450;-0,0001;0,9564;6,9636;-0,2129;0,7808;-1,7152;-0,0001;0,9342;-0,2128;9;0
8,5860;7,2109;55,9614;10,5676;-0,0000;23,4710;187,2109;405,000;51,242;0,000;50,000;6,9621;0,7933;-1,7555;-0,0000;0,9621;6,9621;-0,2155;0,7809;-1,7150;0,0202;0,9336;-0,2376;9;0
8,5921;7,2536;55,9662;10,5568;-0,0000;23,4769;187,2536;405,000;51,548;0,000;50,000;6,9608;0,7981;-1,7660;0,0001;0,9678;6,9606;-0,2153;0,7811;-1,7153;0,0000;0,9345;-0,2153;9;0
8,5983;7,2962;55,9711;10,5460;0,0000;23,4829;187,2962;405,000;51,854;0,000;50,000;6,9595;0,8029;-1,7765;-0,0000;0,9736;6,9595;-0,2158;0,7813;-1,7155;-0,0101;0,9345;-0,2047;9;0
8,6044;7,3388;55,9761;10,5351;-0,0000;23,4889;187,3388;405,000;52,160;0,000;50,000;6,9581;0,8077;-1,7870;-0,0000;0,9793;6,9581;-0,2177;0,7813;-1,7154;0,0003;0,9339;-0,2180;9;0
8,6105;7,3814;55,9810;10,5241;-0,0000;23,4949;187,3814;405,000;52,467;0,000;50,000;6,9568;0,8125;-1,7975;0,0000;0,9850;6,9568;-0,2189;0,7815;-1,7155;0,0000;0,9340;-0,2189;9;0
8,6166;7,4240;55,9860;10,5131;0,0000;23,5009;187,4240;405,000;52,773;0,000;50,000;6,9555;0,8173;-1,8080;0,0000;0,9907;6,9555;-0,2200;0,7816;-1,7155;-0,0007;0,9340;-0,2192;9;0
8,6228;7,4666;55,9910;10,5019;0,0000;23,5070;187,4666;405,000;53,079;0,000;50,000;6,9541;0,8221;-1,8185;-0,0000;0,9964;6,9541;-0,2212;0,7817;-1,7156;-0,0000;0,9338;-0,2212;9;0
8,6289;7,5092;55,9961;10,4908;-0,0000;23,5131;187,5092;405,000;53,385;0,000;50,000;6,9527;0,8268;-1,8290;-0,0000;1,0022;6,9527;-0,2226;0,7819;-1,7157;0,0022;0,9339;-0,2249;9;0
8,6350;7,5518;56,0012;10,4795;-0,0000;23,5193;187,5518;405,000;53,691;0,000;50,000;6,9514;0,8316;-1,8395;0,0000;1,0079;6,9514;-0,2236;0,7820;-1,7157;0,0000;0,9337;-0,2236;9;0
8,6411;7,5943;56,0063;10,4682;0,0000;23,5255;187,5943;405,000;53,998;0,000;50,000;6,9500;0,8364;-1,8500;0,0000;1,0136;6,9500;-0,2246;0,7821;-1,7156;-0,0030;0,9331;-0,2215;9;0
8,6473;7,6369;56,0114;10,4569;0,0000;23,5317;187,6369;405,000;54,304;0,000;50,000;6,9486;0,8412;-1,8605;-0,0000;1,0193;6,9486;-0,2260;0,7823;-1,7158;-0,0000;0,9335;-0,2260;9;0
8,6534;7,6794;56,0166;10,4455;-0,0000;23,5380;187,6794;405,000;54,610;0,000;50,000;6,9472;0,8460;-1,8710;-0,0000;1,0250;6,9472;-0,2265;0,7825;-1,7160;-0,0102;0,9341;-0,2158;9;0
8,6595;7,7220;56,0218;10,4340;0,0000;23,5443;187,7220;405,000;54,916;0,000;50,000;6,9459;0,8508;-1,8815;-0,0001;1,0307;6,9460;-0,2283;0,7825;-1,7159;-0,0001;0,9332;-0,2283;9;0
8,6656;7,7645;56,0270;10,4224;-0,0000;23,5506;187,7645;405,000;55,222;0,000;50,000;6,9444;0,8556;-1,8920;-0,0000;1,0365;6,9444;-0,2312;0,7826;-1,7158;0,0230;0,9326;-0,2553;9;0
8,6718;7,8070;56,0323;10,4108;-0,0000;23,5570;187,8070;405,000;55,529;0,000;50,000;6,9430;0,8604;-1,9026;0,0001;1,0422;6,9429;-0,2307;0,7828;-1,7161;-0,0000;0,9336;-0,2307;9;0
8,6779;7,8495;56,0375;10,3991;0,0000;23,5634;187,8495;405,000;55,835;0,000;50,000;6,9416;0,8652;-1,9131;-0,0000;1,0479;6,9416;-0,2311;0,7830;-1,7162;-0,0115;0,9335;-0,2190;9;0
8,6840;7,8920;56,0428;10,3874;-0,0000;23,5698;187,8920;405,000;56,141;0,000;50,000;6,9402;0,8700;-1,9236;-0,0000;1,0536;6,9402;-0,2331;0,7831;-1,7162;0,0005;0,9329;-0,2337;9;0
8,6901;7,9345;56,0482;10,3755;-0,0000;23,5763;187,9345;405,000;56,447;0,000;50,000;6,9388;0,8748;-1,9341;0,0000;1,0593;6,9388;-0,2342;0,7832;-1,7162;0,0000;0,9330;-0,2342;9;0
8,6963;7,9770;56,0536;10,3637;0,0000;23,5828;187,9770;405,000;56,754;0,000;50,000;6,9373;0,8796;-1,9446;0,0000;1,0650;6,9373;-0,2354;0,7833;-1,7163;-0,0007;0,9328;-0,2346;9;0
8,7024;8,0195;56,0590;10,3517;0,0000;23,5893;188,0195;405,000;57,060;0,000;50,000;6,9359;0,8844;-1,9551;-0,0000;1,0707;6,9359;-0,2366;0,7835;-1,7164;0,0000;0,9329;-0,2366;9;0
8,7085;8,0620;56,0644;10,3397;-0,0000;23,5959;188,0620;405,000;57,366;0,000;50,000;6,9344;0,8892;-1,9656;0,0000;1,0765;6,9344;-0,2371;0,7834;-1,7159;-0,0090;0,9311;-0,2269;9;0
8,7146;8,1045;56,0699;10,3277;0,0000;23,6025;188,1045;405,000;57,672;0,000;50,000;6,9330;0,8940;-1,9761;-0,0001;1,0821;6,9331;-0,2389;0,7838;-1,7165;0,0002;0,9326;-0,2391;9;0
8,7207;8,1469;56,0753;10,3155;-0,0000;23,6091;188,1469;405,000;57,978;0,000;50,000;6,9315;0,8988;-1,9866;0,0000;1,0879;6,9315;-0,2414;0,7844;-1,7176;0,0186;0,9360;-0,2624;9;0
8,7269;8,1893;56,0809;10,3033;0,0000;23,6158;188,1893;405,000;58,285;0,000;50,000;6,9300;0,9036;-1,9972;0,0001;1,0936;6,9299;-0,2413;0,7841;-1,7167;0,0001;0,9330;-0,2413;9;0
8,7330;8,2318;56,0864;10,2911;-0,0000;23,6225;188,2318;405,000;58,591;0,000;50,000;6,9285;0,9084;-2,0077;0,0000;1,0993;6,9285;-0,2418;0,7840;-1,7162;-0,0093;0,9308;-0,2313;9;0
8,7391;8,2742;56,0920;10,2787;0,0000;23,6293;188,2742;405,000;58,897;0,000;50,000;6,9271;0,9132;-2,0182;0,0000;1,1050;6,9271;-0,2433;0,7844;-1,7169;-0,0039;0,9327;-0,2393;9;0
8,7452;8,3166;56,0976;10,2663;0,0000;23,6361;188,3166;405,000;59,203;0,000;50,000;6,9256;0,9180;-2,0287;-0,0000;1,1107;6,9256;-0,2447;0,7845;-1,7168;-0,0000;0,9323;-0,2447;9;0
8,7514;8,3590;56,1032;10,2539;-0,0000;23,6429;188,3590;405,000;59,509;0,000;50,000;6,9241;0,9228;-2,0392;-0,0000;1,1164;6,9241;-0,2464;0,7845;-1,7165;0,0067;0,9308;-0,2533;9;0
8,7575;8,4014;56,1089;10,2414;-0,0000;23,6497;188,4014;405,000;59,816;0,000;50,000;6,9225;0,9276;-2,0497;0,0000;1,1221;6,9225;-0,2471;0,7848;-1,7170;0,0001;0,9322;-0,2472;9;0
8,7636;8,4438;56,1146;10,2288;-0,0000;23,6566;188,4438;405,000;60,122;0,000;50,000;6,9210;0,9324;-2,0602;0,0000;1,1278;6,9210;-0,2480;0,7851;-1,7173;-0,0031;0,9328;-0,2448;9;0
8,7697;8,4862;56,1203;10,2161;0,0000;23,6636;188,4862;405,000;60,428;0,000;50,000;6,9195;0,9372;-2,0708;0,0000;1,1336;6,9195;-0,2494;0,7851;-1,7171;-0,0003;0,9320;-0,2491;9;0
8,7759;8,5286;56,1261;10,2034;0,0000;23,6705;188,5286;405,000;60,734;0,000;50,000;6,9180;0,9420;-2,0813;-0,0000;1,1393;6,9180;-0,2505;0,7853;-1,7172;-0,0000;0,9319;-0,2505;9;0
8,7820;8,5709;56,1319;10,1906;-0,0000;23,6775;188,5709;405,000;61,040;0,000;50,000;6,9164;0,9468;-2,0918;-0,0000;1,1450;6,9164;-0,2517;0,7854;-1,7173;0,0005;0,9318;-0,2522;9;0
8,7881;8,6133;56,1377;10,1778;-0,0000;23,6845;188,6133;405,000;61,347;0,000;50,000;6,9149;0,9516;-2,1023;0,0000;1,1507;6,9149;-0,2528;0,7856;-1,7173;0,0000;0,9318;-0,2528;9;0
8,7942;8,6556;56,1435;10,1649;0,0000;23,6916;188,6556;405,000;61,653;0,000;50,000;6,9133;0,9564;-2,1128;0,0000;1,1564;6,9133;-0,2539;0,7857;-1,7174;-0,0010;0,9318;-0,2528;9;0
8,8004;8,6980;56,1494;10,1519;0,0000;23,6987;188,6980;405,000;61,959;0,000;50,000;6,9118;0,9612;-2,1233;-0,0000;1,1621;6,9118;-0,2551;0,7859;-1,7175;-0,0000;0,9316;-0,2551;9;0
8,8065;8,7403;56,1553;10,1389;-0,0000;23,7058;188,7403;405,000;62,265;0,000;50,000;6,9102;0,9661;-2,1339;-0,0000;1,1678;6,9102;-0,2565;0,7861;-1,7176;0,0037;0,9318;-0,2604;9;0
8,8126;8,7826;56,1612;10,1258;-0,0000;23,7130;188,7826;405,000;62,571;0,000;50,000;6,9086;0,9709;-2,1444;0,0000;1,1735;6,9086;-0,2574;0,7862;-1,7176;0,0000;0,9314;-0,2574;9;0
8,8187;8,8249;56,1672;10,1126;0,0000;23,7202;188,8249;405,000;62,878;0,000;50,000;6,9071;0,9757;-2,1549;0,0000;1,1792;6,9071;-0,2581;0,7862;-1,7174;-0,0056;0,9303;-0,2523;9;0
8,8249;8,8672;56,1732;10,0994;0,0000;23,7274;188,8672;405,000;63,184;0,000;50,000;6,9055;0,9805;-2,1654;-0,0000;1,1849;6,9055;-0,2597;0,7865;-1,7178;-0,0001;0,9313;-0,2596;9;0
8,8310;8,9095;56,1792;10,0861;0,0000;23,7347;188,9095;405,000;63,490;0,000;50,000;6,9039;0,9853;-2,1759;-0,0000;1,1906;6,9039;-0,2610;0,7868;-1,7181;0,0026;0,9318;-0,2637;9;0
8,8371;8,9518;56,1852;10,0727;-0,0000;23,7420;188,9518;405,000;63,796;0,000;50,000;6,9023;0,9901;-2,1865;-0,0000;1,1963;6,9023;-0,2620;0,7868;-1,7180;0,0001;0,9311;-0,2621;9;0
8,8432;8,9940;56,1913;10,0593;-0,0000;23,7494;188,9940;405,000;64,102;0,000;50,000;6,9007;0,9950;-2,1970;0,0000;1,2020;6,9007;-0,2631;0,7870;-1,7180;0,0000;0,9310;-0,2631;9;0
8,8494;9,0363;56,1974;10,0458;0,0000;23,7568;189,0363;405,000;64,409;0,000;50,000;6,8991;0,9998;-2,2075;0,0000;1,2077;6,8991;-0,2642;0,7872;-1,7181;-0,0002;0,9310;-0,2640;9;0
8,8555;9,0785;56,2036;10,0323;0,0000;23,7642;189,0785;405,000;64,715;0,000;50,000;6,8974;1,0046;-2,2180;-0,0000;1,2134;6,8974;-0,2654;0,7873;-1,7182;-0,0000;0,9309;-0,2654;9;0
8,8616;9,1208;56,2097;10,0187;-0,0000;23,7716;189,1208;405,000;65,021;0,000;50,000;6,8958;1,0094;-2,2285;-0,0000;1,2191;6,8958;-0,2665;0,7875;-1,7183;0,0003;0,9308;-0,2669;9;0
8,8677;9,1630;56,2159;10,0050;-0,0000;23,7791;189,1630;405,000;65,327;0,000;50,000;6,8942;1,0142;-2,2391;0,0000;1,2248;6,8942;-0,2676;0,7877;-1,7184;0,0000;0,9307;-0,2676;9;0
8,8739;9,2052;56,2221;9,9912;0,0000;23,7866;189,2052;405,000;65,633;0,000;50,000;6,8925;1,0191;-2,2496;0,0000;1,2305;6,8925;-0,2687;0,7878;-1,7185;-0,0006;0,9307;-0,2680;9;0
8,8800;9,2474;56,2284;9,9774;0,0000;23,7942;189,2474;405,000;65,940;0,000;50,000;6,8909;1,0239;-2,2601;-0,0000;1,2362;6,8909;-0,2699;0,7880;-1,7186;-0,0000;0,9306;-0,2699;9;0
8,8861;9,2896;56,2347;9,9636;-0,0000;23,8018;189,2896;405,000;66,246;0,000;50,000;6,8892;1,0287;-2,2706;-0,0000;1,2419;6,8892;-0,2711;0,7882;-1,7187;0,0017;0,9305;-0,2729;9;0
8,8922;9,3318;56,2410;9,9496;-0,0000;23,8094;189,3318;405,000;66,552;0,000;50,000;6,8876;1,0335;-2,2812;0,0000;1,2476;6,8875;-0,2721;0,7883;-1,7187;0,0000;0,9304;-0,2721;9;0
8,8983;9,3740;56,2473;9,9356;0,0000;23,8170;189,3740;405,000;66,858;0,000;50,000;6,8859;1,0384;-2,2917;0,0000;1,2533;6,8859;-0,2726;0,7888;-1,7196;-0,0084;0,9328;-0,2639;9;0
8,9045;9,4161;56,2537;9,9215;0,0000;23,8247;189,4161;405,000;67,165;0,000;50,000;6,8842;1,0432;-2,3022;-0,0001;1,2590;6,8843;-0,2743;0,7887;-1,7189;-0,0003;0,9302;-0,2741;9;0
8,9106;9,4583;56,2601;9,9074;-0,0000;23,8325;189,4583;405,000;67,471;0,000;50,000;6,8825;1,0480;-2,3127;-0,0000;1,2647;6,8825;-0,2764;0,7881;-1,7174;0,0134;0,9249;-0,2903;9;0
8,9167;9,5004;56,2666;9,8932;-0,0000;23,8402;189,5004;405,000;67,777;0,000;50,000;6,8808;1,0529;-2,3233;0,0001;1,2704;6,8808;-0,2766;0,7890;-1,7191;0,0005;0,9302;-0,2771;9;0
8,9228;9,5426;56,2730;9,8790;-0,0000;23,8480;189,5426;405,000;68,083;0,000;50,000;6,8791;1,0577;-2,3338;0,0000;1,2761;6,8791;-0,2772;0,7896;-1,7200;-0,0062;0,9328;-0,2708;9;0
8,9290;9,5847;56,2795;9,8646;0,0000;23,8559;189,5847;405,000;68,389;0,000;50,000;6,8774;1,0625;-2,3443;0,0000;1,2818;6,8774;-2,6022;0,4270;-0,9198;-0,0003;0,4928;-2,6019;9;0
8,9351;9,6268;56,2860;9,8502;-0,0000;23,8637;189,6268;405,000;68,696;0,000;50,000;6,8473;1,0629;-2,3451;0,0000;1,2821;6,8473;-11,6886;-0,9983;2,2245;-0,0098;-1,2256;-11,6779;9;0
8,9412;9,6686;56,2925;9,8359;0,0000;23,8716;189,6686;405,000;68,999;0,000;49,586;6,7343;1,0503;-2,3171;-0,0001;1,2668;6,7344;-22,9957;-2,7930;6,1832;-0,0001;-3,3903;-22,9956;9;0
8,9473;9,7093;56,2989;9,8219;-0,0000;23,8792;189,7093;405,000;69,296;0,000;48,380;6,5656;1,0287;-2,2693;-0,0000;1,2406;6,5656;-27,6397;-3,5693;7,8946;0,0196;-4,3265;-27,6610;9;0
8,9535;9,7490;56,3051;9,8081;-0,0000;23,8867;189,7490;405,000;69,584;0,000;47,156;6,3957;1,0066;-2,2204;0,0001;1,2138;6,3956;-27,7284;-3,6405;8,0505;0,0001;-4,4097;-27,7285;9;0
8,9596;9,7876;56,3112;9,7947;0,0000;23,8941;189,7876;405,000;69,866;0,000;45,931;6,2260;0,9841;-2,1707;0,0000;1,1866;6,2260;-27,7094;-3,6937;8,1663;-0,0098;-4,4721;-27,6988;9;0
8,9657;9,8252;56,3172;9,7815;-0,0000;23,9013;189,8252;405,000;70,139;0,000;44,706;6,0564;0,9613;-2,1204;-0,0000;1,1590;6,0564;-27,6922;-3,7456;8,2795;0,0002;-4,5340;-27,6923;9;0
8,9718;9,8618;56,3230;9,7687;-0,0000;23,9083;189,8618;405,000;70,406;0,000;43,481;5,8868;0,9383;-2,0693;0,0000;1,1311;5,8868;-27,6746;-3,7960;8,3893;0,0000;-4,5934;-27,6746;9;0
8,9780;9,8973;56,3287;9,7562;0,0000;23,9151;189,8973;405,000;70,664;0,000;42,256;5,7174;0,9149;-2,0176;0,0000;1,1028;5,7174;-27,6575;-3,8450;8,4961;-0,0003;-4,6511;-27,6571;9;0
8,9841;9,9318;56,3342;9,7440;0,0000;23,9218;189,9318;405,000;70,916;0,000;41,032;5,5481;0,8912;-1,9653;-0,0000;1,0741;5,5481;-27,6408;-3,8926;8,5998;-0,0000;-4,7072;-27,6408;9;0
8,9902;9,9653;56,3396;9,7321;-0,0000;23,9283;189,9653;405,000;71,160;0,000;39,807;5,3788;0,8672;-1,9123;-0,0000;1,0451;5,3788;-27,6245;-3,9387;8,7004;0,0003;-4,7617;-27,6248;9;0
8,9963;9,9977;56,3448;9,7206;-0,0000;23,9346;189,9977;405,000;71,396;0,000;38,582;5,2097;0,8429;-1,8587;0,0000;1,0158;5,2097;-27,6086;-3,9835;8,7979;0,0000;-4,8144;-27,6086;9;0
9,0025;10,0291;56,3499;9,7093;0,0000;23,9407;190,0291;405,000;71,625;0,000;37,357;5,0407;0,8184;-1,8045;0,0000;0,9861;5,0407;-27,5931;-4,0269;8,8923;-0,0002;-4,8654;-27,5929;9;0
9,0086;10,0595;56,3549;9,6985;0,0000;23,9467;190,0595;405,000;71,846;0,000;36,132;4,8717;0,7936;-1,7498;-0,0000;0,9562;4,8717;-27,5781;-4,0688;8,9836;-0,0000;-4,9148;-27,5781;9;0
9,0147;10,0888;56,3596;9,6879;-0,0000;23,9524;190,0888;405,000;72,060;0,000;34,907;4,7029;0,7686;-1,6945;-0,0000;0,9259;4,7029;-27,5635;-4,1094;9,0718;0,0001;-4,9625;-27,5636;9;0
9,0208;10,1171;56,3643;9,6777;-0,0000;23,9580;190,1171;405,000;72,266;0,000;33,683;4,5341;0,7433;-1,6387;0,0000;0,8954;4,5341;-27,5491;-4,1485;9,1570;-0,0029;-5,0084;-27,5459;9;0
9,0270;10,1443;56,3687;9,6678;0,0000;23,9634;190,1443;405,000;72,465;0,000;32,458;4,3655;0,7177;-1,5823;-0,0000;0,8646;4,3655;-27,5357;-4,1862;9,2390;-0,0000;-5,0528;-27,5356;9;0
9,0331;10,1705;56,3731;9,6583;-0,0000;23,9686;190,1705;405,000;72,656;0,000;31,233;4,1969;0,6920;-1,5255;-0,0000;0,8335;4,1969;-27,5230;-4,2219;9,3166;0,0073;-5,0909;-27,5310;9;0
9,0392;10,1957;56,3772;9,6492;-0,0000;23,9736;190,1957;405,000;72,840;0,000;30,008;4,0284;0,6660;-1,4682;0,0001;0,8022;4,0283;-27,5097;-4,2574;9,3939;0,0000;-5,1364;-27,5097;9;0
9,0453;10,2199;56,3812;9,6403;0,0000;23,9784;190,2199;405,000;73,016;0,000;28,783;3,8599;0,6398;-1,4104;0,0000;0,7706;3,8599;-27,4970;-4,2921;9,4694;-0,0058;-5,1851;-27,4908;9;0
9,0514;10,2430;56,3851;9,6319;0,0000;23,9831;190,2430;405,000;73,185;0,000;27,559;3,6916;0,6135;-1,3522;-0,0000;0,7387;3,6916;-27,4856;-4,3229;9,5363;-0,0001;-5,2134;-27,4856;9;0
9,0576;10,2651;56,3887;9,6238;0,0000;23,9875;190,2651;405,000;73,346;0,000;26,334;3,5233;0,5869;-1,2936;-0,0000;0,7067;3,5233;-27,4744;-4,3530;9,6016;0,0015;-5,2450;-27,4759;9;0
9,0637;10,2861;56,3922;9,6160;-0,0000;23,9917;190,2861;405,000;73,500;0,000;25,109;3,3551;0,5601;-1,2346;0,0000;0,6745;3,3551;-27,4635;-4,3828;9,6664;0,0000;-5,2836;-27,4635;9;0
9,0698;10,3062;56,3956;9,6087;0,0000;23,9957;190,3062;405,000;73,646;0,000;23,884;3,1869;0,5332;-1,1752;0,0000;0,6420;3,1869;-27,4532;-4,4105;9,7266;-0,0001;-5,3155;-27,4532;9;0
9,0759;10,3252;56,3988;9,6016;-0,0000;23,9996;190,3252;405,000;73,785;0,000;22,659;3,0188;0,5061;-1,1155;-0,0000;0,6094;3,0188;-27,4422;-4,4369;9,7841;-0,0162;-5,3470;-27,4254;9;0
9,0821;10,3432;56,4018;9,5950;0,0000;24,0032;190,3432;405,000;73,916;0,000;21,434;2,8508;0,4789;-1,0554;-0,0002;0,5765;2,8510;-27,4341;-4,4620;9,8385;0,0000;-5,3768;-27,4340;9;0
9,0882;10,3601;56,4046;9,5887;-0,0000;24,0066;190,3601;405,000;74,040;0,000;20,209;2,6828;0,4515;-0,9950;-0,0000;0,5435;2,6828;-27,4274;-4,4857;9,8899;0,0304;-5,4056;-27,4589;9;0
9,0943;10,3760;56,4073;9,5828;0,0000;24,0099;190,3760;405,000;74,156;0,000;18,985;2,5148;0,4239;-0,9343;0,0002;0,5103;2,5147;-27,4170;-4,5076;9,9375;0,0000;-5,4299;-27,4170;9;0
9,1004;10,3909;56,4098;9,5773;-0,0000;24,0129;190,3909;405,000;74,265;0,000;17,760;2,3470;0,3963;-0,8733;-0,0000;0,4770;2,3470;-27,4082;-4,5279;9,9816;-0,0137;-5,4513;-27,3943;9;0
9,1066;10,4048;56,4122;9,5721;0,0000;24,0157;190,4048;405,000;74,366;0,000;16,535;2,1791;0,3685;-0,8120;0,0000;0,4436;2,1791;-27,4020;-4,5475;10,0243;-0,0000;-5,4767;-27,4020;9;0
9,1127;10,4176;56,4143;9,5673;-0,0000;24,0183;190,4176;405,000;74,460;0,000;15,310;2,0113;0,3406;-0,7505;-0,0000;0,4099;2,0113;-27,3953;-4,5656;10,0635;0,0015;-5,4994;-27,3967;9;0
9,1188;10,4294;56,4163;9,5629;-0,0000;24,0207;190,4294;405,000;74,546;0,000;14,086;1,8436;0,3125;-0,6888;0,0000;0,3762;1,8436;-27,3890;-4,5818;10,0986;0,0000;-5,5168;-27,3890;9;0
9,1249;10,4402;56,4182;9,5589;0,0000;24,0229;190,4402;405,000;74,625;0,000;12,861;1,6759;0,2844;-0,6268;0,0000;0,3424;1,6759;-27,3832;-4,5968;10,1311;-0,0022;-5,5343;-27,3810;9;0
9,1311;10,4499;56,4198;9,5552;0,0000;24,0249;190,4499;405,000;74,696;0,000;11,636;1,5082;0,2562;-0,5647;-0,0000;0,3084;1,5082;-27,3784;-4,6104;10,1607;0,0019;-5,5508;-27,3803;9;0
9,1372;10,4586;56,4213;9,5520;-0,0000;24,0267;190,4586;405,000;74,760;0,000;10,411;1,3405;0,2280;-0,5024;0,0000;0,2744;1,3405;-27,3737;-4,6224;10,1869;0,0003;-5,5644;-27,3739;9;0
9,1433;10,4663;56,4226;9,5491;0,0000;24,0283;190,4663;405,000;74,816;0,000;9,186;1,1729;0,1996;-0,4399;0,0000;0,2403;1,1729;-27,3693;-4,6330;10,2099;-0,0038;-5,5760;-27,3656;9;0
9,1494;10,4730;56,4238;9,5466;-0,0000;24,0297;190,4730;405,000;74,865;0,000;7,961;1,0053;0,1712;-0,3773;-0,0000;0,2061;1,0053;-27,3653;-4,6431;10,2317;-0,0106;-5,5924;-27,3546;9;0
9,1556;10,4787;56,4247;9,5445;0,0000;24,0308;190,4787;405,000;74,906;0,000;6,737;0,8377;0,1428;-0,3146;-0,0001;0,1718;0,8379;-27,3632;-4,6504;10,2475;0,0018;-5,5976;-27,3650;9;0
9,1617;10,4833;56,4255;9,5427;-0,0000;24,0318;190,4833;405,000;74,940;0,000;5,512;0,6702;0,1143;-0,2518;-0,0000;0,1375;0,6702;-27,3621;-4,6555;10,2586;0,0212;-5,5956;-27,3835;9;0
9,1678;10,4869;56,4261;9,5414;0,0000;24,0325;190,4869;405,000;74,966;0,000;4,287;0,5026;0,0857;-0,1889;0,0001;0,1032;0,5025;-27,3587;-4,6617;10,2722;0,0001;-5,6104;-27,3588;9;0
9,1739;10,4894;56,4266;9,5404;-0,0000;24,0330;190,4894;405,000;74,985;0,000;3,062;0,3351;0,0572;-0,1260;-0,0000;0,0688;0,3351;-27,3566;-4,6659;10,2813;-0,0106;-5,6191;-27,3459;9;0
9,1801;10,4910;56,4268;9,5398;0,0000;24,0333;190,4910;405,000;74,996;0,000;1,837;0,1675;0,0286;-0,0630;-0,0000;0,0344;0,1675;-23,3038;-7,2352;15,9425;0,0000;-8,7073;-23,3038;9;0
9,1862;10,4915;56,4269;9,5397;-0,0000;24,0334;190,4915;405,000;75,000;0,000;0,612;0,0496;-0,0315;0,0693;0,0000;-0,0378;0,0496;-11,1451;-14,9390;32,9178;0,0000;-17,9787;-11,1451;10;0
9,1923;10,4916;56,4264;9,5407;0,0000;24,0329;190,4916;404,996;75,000;0,000;0,612;0,0310;-0,1544;0,3402;0,0000;-0,1858;0,0310;1,0136;-22,6410;49,8897;-0,0000;-27,2487;1,0136;10;0
9,1984;10,4919;56,4250;9,5438;-0,0000;24,0312;190,4919;404,985;75,000;0,000;1,837;0,0621;-0,3088;0,6804;-0,0000;-0,3716;0,0621;5,0672;-25,2055;55,5425;-0,0000;-30,3370;5,0672;10;0
9,2046;10,4923;56,4227;9,5490;0,0000;24,0283;190,4923;404,966;75,000;0,000;3,062;0,0931;-0,4631;1,0205;-0,0000;-0,5574;0,0931;5,0686;-25,2000;55,5339;0,0000;-30,3338;5,0685;10;0
9,2107;10,4930;56,4193;9,5563;-0,0000;24,0243;190,4930;404,940;75,000;0,000;4,287;0,1241;-0,6174;1,3606;0,0000;-0,7431;0,1241;5,0706;-25,1926;55,5225;-0,0011;-30,3319;5,0717;10;0
9,2168;10,4939;56,4151;9,5657;0,0000;24,0192;190,4939;404,906;75,000;0,000;5,512;0,1552;-0,7717;1,7005;-0,0000;-0,9289;0,1552;5,0729;-25,1824;55,5063;-0,0001;-30,3240;5,0730;10;0
9,2229;10,4949;56,4099;9,5771;-0,0000;24,0130;190,4949;404,865;75,000;0,000;6,736;0,1863;-0,9259;2,0404;-0,0000;-1,1145;0,1863;5,0758;-25,1696;55,4858;0,0021;-30,3121;5,0736;10;0
9,2290;10,4961;56,4037;9,5907;0,0000;24,0056;190,4961;404,816;75,000;0,000;7,961;0,2174;-1,0800;2,3801;0,0000;-1,3002;0,2174;5,0795;-25,1560;55,4648;0,0001;-30,3088;5,0794;10;0
9,2352;10,4976;56,3967;9,6063;-0,0000;23,9970;190,4976;404,760;75,000;0,000;9,186;0,2485;-1,2340;2,7198;0,0000;-1,4858;0,2485;5,0836;-25,1399;55,4397;-0,0011;-30,3019;5,0847;10;0
9,2413;10,4992;56,3886;9,6240;0,0000;23,9874;190,4992;404,696;75,000;0,000;10,411;0,2796;-1,3879;3,0592;0,0000;-1,6713;0,2796;5,0882;-25,1209;55,4097;-0,0002;-30,2888;5,0884;10;0
9,2474;10,5010;56,3797;9,6438;-0,0000;23,9766;190,5010;404,625;75,000;0,000;11,636;0,3108;-1,5417;3,3984;-0,0000;-1,8568;0,3108;5,0934;-25,1000;55,3771;-0,0000;-30,2770;5,0934;10;0
9,2535;10,5030;56,3698;9,6656;0,0000;23,9646;190,5030;404,546;75,000;0,000;12,861;0,3420;-1,6953;3,7375;0,0000;-2,0421;0,3420;5,0991;-25,0770;55,3410;0,0001;-30,2640;5,0991;10;0
9,2597;10,5052;56,3589;9,6895;0,0000;23,9516;190,5052;404,460;75,000;0,000;14,085;0,3733;-1,8488;4,0763;-0,0000;-2,2274;0,3733;5,1053;-25,0514;55,3005;0,0016;-30,2462;5,1037;10;0
9,2658;10,5076;56,3471;9,7155;-0,0000;23,9373;190,5076;404,366;75,000;0,000;15,310;0,4045;-2,0021;4,4148;0,0000;-2,4126;0,4045;5,1123;-25,0245;55,2587;0,0000;-30,2341;5,1122;10;0
9,2719;10,5101;56,3344;9,7436;0,0000;23,9220;190,5101;404,265;75,000;0,000;16,535;0,4359;-2,1553;4,7531;0,0000;-2,5978;0,4359;5,1199;-24,9959;55,2146;-0,0032;-30,2246;5,1232;10;0
9,2780;10,5129;56,3207;9,7738;0,0000;23,9055;190,5129;404,156;75,000;0,000;17,760;0,4673;-2,3083;5,0911;-0,0000;-2,7828;0,4673;5,1274;-24,9634;55,1631;0,0034;-30,2000;5,1240;10;0
9,2842;10,5159;56,3061;9,8060;-0,0000;23,8879;190,5159;404,040;75,000;0,000;18,985;0,4987;-2,4611;5,4287;0,0000;-2,9677;0,4986;5,1361;-24,9291;55,1091;0,0017;-30,1771;5,1344;10;0
9,2903;10,5190;56,2906;9,8403;0,0000;23,8692;190,5190;403,916;75,000;0,000;20,210;0,5302;-2,6136;5,7661;0,0000;-3,1524;0,5302;5,1458;-24,8935;55,0538;-0,0067;-30,1599;5,1526;10;0
9,2964;10,5223;56,2741;9,8766;-0,0000;23,8493;190,5223;403,785;75,000;0,000;21,434;0,5617;-2,7660;6,1030;-0,0000;-3,3371;0,5617;5,1549;-24,8555;54,9945;-0,0000;-30,1390;5,1550;10;0
9,3025;10,5259;56,2567;9,9150;0,0000;23,8283;190,5259;403,646;75,000;0,000;22,659;0,5933;-2,9181;6,4396;0,0000;-3,5216;0,5933;5,1649;-24,8154;54,9319;0,0034;-30,1167;5,1615;10;0
9,3087;10,5296;56,2383;9,9555;-0,0000;23,8062;190,5296;403,500;75,000;0,000;23,884;0,6250;-3,0699;6,7759;-0,0000;-3,7059;0,6250;5,1760;-24,7731;54,8659;-0,0001;-30,0929;5,1760;10;0
9,3148;10,5335;56,2191;9,9980;0,0000;23,7829;190,5335;403,346;75,000;0,000;25,109;0,6567;-3,2215;7,1117;-0,0000;-3,8902;0,6567;5,1873;-24,7287;54,7967;0,0000;-30,0680;5,1873;10;0
9,3209;10,5377;56,1989;10,0426;-0,0000;23,7585;190,5377;403,185;75,000;0,000;26,334;0,6885;-3,3728;7,4470;-0,0000;-4,0742;0,6885;5,1993;-24,6823;54,7243;0,0001;-30,0418;5,1991;10;0
9,3270;10,5420;56,1778;10,0892;0,0000;23,7330;190,5420;403,016;75,000;0,000;27,559;0,7204;-3,5238;7,7819;0,0000;-4,2581;0,7204;5,2118;-24,6338;54,6489;-0,0000;-30,0152;5,2118;10;0
9,3332;10,5465;56,1557;10,1379;0,0000;23,7064;190,5465;402,840;75,000;0,000;28,783;0,7523;-3,6745;8,1164;-0,0000;-4,4419;0,7523;5,2249;-24,5832;54,5702;-0,0001;-29,9871;5,2250;10;0
9,3393;10,5512;56,1328;10,1886;-0,0000;23,6786;190,5512;402,656;75,000;0,000;30,008;0,7844;-3,8249;8,4503;-0,0000;-4,6254;0,7844;5,2386;-24,5305;54,4882;0,0001;-29,9575;5,2385;10;0
9,3454;10,5561;56,1089;10,2414;0,0000;23,6497;190,5561;402,465;75,000;0,000;31,233;0,8165;-3,9750;8,7838;0,0000;-4,8088;0,8165;5,2529;-24,4759;54,4035;-0,0000;-29,9277;5,2529;10;0
9,3515;10,5612;56,0841;10,2962;0,0000;23,6197;190,5612;402,266;75,000;0,000;32,458;0,8487;-4,1247;9,1167;-0,0000;-4,9920;0,8487;5,2678;-24,4192;54,3155;-0,0000;-29,8965;5,2678;10;0
9,3577;10,5665;56,0584;10,3531;-0,0000;23,5886;190,5665;402,060;75,000;0,000;33,683;0,8810;-4,2741;9,4490;-0,0000;-5,1750;0,8810;5,2832;-24,3604;54,2243;0,0000;-29,8636;5,2832;10;0
9,3638;10,5720;56,0317;10,4119;0,0000;23,5563;190,5720;401,846;75,000;0,000;34,907;0,9134;-4,4231;9,7808;0,0000;-5,3577;0,9134;5,2993;-24,2998;54,1305;0,0000;-29,8309;5,2993;10;0
9,3699;10,5777;56,0042;10,4729;-0,0000;23,5230;190,5777;401,625;75,000;0,000;36,132;0,9459;-4,5717;10,1120;0,0000;-5,5403;0,9459;5,3160;-24,2370;54,0335;-0,0000;-29,7966;5,3161;10;0
9,3760;10,5836;55,9757;10,5358;0,0000;23,4885;190,5836;401,396;75,000;0,000;37,357;0,9785;-4,7199;10,4426;0,0000;-5,7227;0,9785;5,3333;-24,1723;53,9334;-0,0001;-29,7607;5,3334;10;0
9,3822;10,5897;55,9464;10,6008;0,0000;23,4529;190,5897;401,160;75,000;0,000;38,582;1,0113;-4,8678;10,7726;-0,0000;-5,9049;1,0113;5,3512;-24,1057;53,8307;0,0000;-29,7250;5,3512;10;0
9,3883;10,5959;55,9161;10,6677;-0,0000;23,4161;190,5959;400,916;75,000;0,000;39,807;1,0441;-5,0152;11,1020;0,0000;-6,0868;1,0441;5,3698;-24,0372;53,7251;-0,0001;-29,6883;5,3699;10;0
9,3944;10,6024;55,8849;10,7367;0,0000;23,3783;190,6024;400,664;75,000;0,000;41,032;1,0770;-5,1622;11,4307;-0,0000;-6,2685;1,0770;5,3890;-23,9666;53,6164;-0,0000;-29,6498;5,3890;10;0
9,4005;10,6091;55,8529;10,8077;-0,0000;23,3394;190,6091;400,406;75,000;0,000;42,256;1,1101;-5,3087;11,7587;-0,0000;-6,4499;1,1101;5,4087;-23,8942;53,5049;0,0002;-29,6103;5,4085;10;0
9,4066;10,6160;55,8199;10,8808;0,0000;23,2993;190,6160;400,139;75,000;0,000;43,481;1,1433;-5,4548;12,0860;0,0000;-6,6312;1,1433;5,4292;-23,8200;53,3910;0,0004;-29,5713;5,4288;10;0
9,4128;10,6231;55,7861;10,9558;-0,0000;23,2581;190,6231;399,866;75,000;0,000;44,706;1,1766;-5,6005;12,4126;0,0000;-6,8121;1,1766;5,4503;-23,7437;53,2741;-0,0001;-29,5305;5,4504;10;0
9,4189;10,6305;55,7513;11,0328;0,0000;23,2159;190,6305;399,584;75,000;0,000;45,931;1,2100;-5,7457;12,7385;0,0000;-6,9929;1,2100;5,4720;-23,6656;53,1542;-0,0008;-29,4881;5,4727;10;0
9,4250;10,6380;55,7157;11,1118;0,0000;23,1725;190,6380;399,296;75,000;0,000;47,156;1,2436;-5,8904;13,0637;-0,0000;-7,1733;1,2436;5,4737;-23,4885;52,8165;-0,0001;-29,3283;5,4738;10;0
9,4311;10,6457;55,6792;11,1928;0,0000;23,1280;190,6457;398,999;75,000;0,000;48,381;1,2771;-6,0334;13,3854;-0,0000;-7,3521;1,2771;4,6105;-19,2423;43,4456;0,0004;-24,2037;4,6102;10;0
9,4373;10,6536;55,6418;11,2758;-0,0000;23,0824;190,6536;398,696;75,000;0,000;49,586;1,3001;-6,1260;13,5958;-0,0000;-7,4698;1,3001;2,4772;-9,0614;20,8889;0,0001;-11,8268;2,4772;10;0
9,4434;10,6616;55,6042;11,3593;0,0000;23,0365;190,6616;398,389;75,000;0,000;50,000;1,3074;-6,1443;13,6413;0,0000;-7,4969;1,3074;0,7576;-0,9090;2,8104;-0,0002;-1,9016;0,7577;10;0
9,4495;10,6696;55,5665;11,4428;0,0000;22,9906;190,6696;398,083;75,000;0,000;50,000;1,3094;-6,1372;13,6302;-0,0000;-7,4931;1,3094;0,3176;1,1704;-1,8029;-0,0001;0,6321;0,3177;10;0
9,4556;10,6776;55,5290;11,5263;-0,0000;22,9447;190,6776;397,777;75,000;0,000;50,000;1,3113;-6,1300;13,6192;-0,0000;-7,4892;1,3113;0,3183;1,1683;-1,7982;0,0003;0,6304;0,3180;10;0
9,4618;10,6857;55,4915;11,6096;0,0000;22,8989;190,6857;397,471;75,000;0,000;50,000;1,3133;-6,1229;13,6082;0,0000;-7,4853;1,3133;0,3190;1,1660;-1,7930;0,0011;0,6265;0,3181;10;0
9,4679;10,6937;55,4540;11,6930;-0,0000;22,8531;190,6937;397,165;75,000;0,000;50,000;1,3152;-6,1157;13,5972;0,0000;-7,4815;1,3152;0,3198;1,1639;-1,7882;-0,0001;0,6240;0,3199;10;0
9,4740;10,7018;55,4166;11,7762;0,0000;22,8073;190,7018;396,858;75,000;0,000;50,000;1,3172;-6,1086;13,5863;0,0000;-7,4777;1,3172;0,3206;1,1620;-1,7837;-0,0021;0,6226;0,3224;10;0
9,4801;10,7099;55,3792;11,8594;-0,0000;22,7615;190,7099;396,552;75,000;0,000;50,000;1,3191;-6,1015;13,5754;-0,0000;-7,4739;1,3191;0,3215;1,1594;-1,7779;-0,0052;0,6166;0,3264;10;0
9,4863;10,7179;55,3418;11,9425;0,0000;22,7157;190,7179;396,246;75,000;0,000;50,000;1,3211;-6,0944;13,5645;-0,0001;-7,4701;1,3212;0,3218;1,1575;-1,7736;0,0010;0,6156;0,3209;10;0
9,4924;10,7260;55,3045;12,0255;-0,0000;22,6700;190,7260;395,940;75,000;0,000;50,000;1,3231;-6,0873;13,5537;-0,0000;-7,4663;1,3231;0,3220;1,1561;-1,7704;0,0091;0,6183;0,3134;10;0
9,4985;10,7342;55,2673;12,1085;0,0000;22,6243;190,7342;395,633;75,000;0,000;50,000;1,3251;-6,0802;13,5428;0,0000;-7,4626;1,3250;0,3233;1,1534;-1,7642;0,0000;0,6108;0,3233;10;0
9,5046;10,7423;55,2300;12,1914;-0,0000;22,5786;190,7423;395,327;75,000;0,000;50,000;1,3270;-6,0732;13,5321;-0,0000;-7,4589;1,3270;0,3242;1,1510;-1,7586;-0,0025;0,6051;0,3264;10;0
9,5108;10,7504;55,1929;12,2742;-0,0000;22,5329;190,7504;395,021;75,000;0,000;50,000;1,3290;-6,0661;13,5213;0,0000;-7,4552;1,3290;0,3247;1,1493;-1,7547;0,0000;0,6054;0,3247;10;0
9,5169;10,7586;55,1557;12,3570;0,0000;22,4873;190,7586;394,715;75,000;0,000;50,000;1,3310;-6,0591;13,5106;0,0000;-7,4515;1,3310;0,3256;1,1473;-1,7501;-0,0015;0,6030;0,3271;10;0
9,5230;10,7667;55,1187;12,4397;0,0000;22,4416;190,7667;394,409;75,000;0,000;50,000;1,3330;-6,0521;13,4999;-0,0000;-7,4478;1,3330;0,3262;1,1452;-1,7453;-0,0000;0,6001;0,3262;10;0
9,5291;10,7749;55,0816;12,5223;-0,0000;22,3960;190,7749;394,102;75,000;0,000;50,000;1,3350;-6,0451;13,4892;-0,0000;-7,4441;1,3350;0,3269;1,1432;-1,7406;0,0001;0,5975;0,3268;10;0
9,5353;10,7831;55,0446;12,6049;-0,0000;22,3505;190,7831;393,796;75,000;0,000;50,000;1,3370;-6,0381;13,4785;0,0000;-7,4405;1,3370;0,3276;1,1412;-1,7359;-0,0002;0,5945;0,3278;10;0
9,5414;10,7913;55,0077;12,6874;0,0000;22,3049;190,7913;393,490;75,000;0,000;50,000;1,3390;-6,0311;13,4679;-0,0000;-7,4368;1,3390;0,3284;1,1392;-1,7314;-0,0000;0,5922;0,3284;10;0
9,5475;10,7995;54,9708;12,7699;-0,0000;22,2594;190,7995;393,184;75,000;0,000;50,000;1,3410;-6,0241;13,4573;-0,0000;-7,4332;1,3410;0,3291;1,1373;-1,7270;0,0003;0,5902;0,3287;10;0
9,5536;10,8077;54,9339;12,8523;0,0000;22,2139;190,8077;392,878;75,000;0,000;50,000;1,3431;-6,0172;13,4468;0,0000;-7,4296;1,3431;0,3297;1,1352;-1,7221;0,0014;0,5864;0,3285;10;0
9,5598;10,8159;54,8971;12,9346;-0,0000;22,1684;190,8159;392,571;75,000;0,000;50,000;1,3451;-6,0102;13,4362;0,0000;-7,4260;1,3451;0,3306;1,1333;-1,7176;-0,0002;0,5840;0,3308;10;0
9,5659;10,8242;54,8603;13,0168;0,0000;22,1229;190,8242;392,265;75,000;0,000;50,000;1,3471;-6,0033;13,4257;0,0000;-7,4224;1,3471;0,3315;1,1315;-1,7134;-0,0029;0,5828;0,3340;10;0
9,5720;10,8324;54,8235;13,0990;-0,0000;22,0775;190,8324;391,959;75,000;0,000;50,000;1,3491;-5,9964;13,4153;-0,0000;-7,4189;1,3492;0,3320;1,1294;-1,7086;-0,0000;0,5792;0,3321;10;0
9,5781;10,8407;54,7868;13,1811;0,0000;22,0320;190,8407;391,653;75,000;0,000;50,000;1,3512;-5,9895;13,4048;0,0000;-7,4153;1,3512;0,3327;1,1275;-1,7040;0,0014;0,5760;0,3315;10;0
9,5842;10,8490;54,7502;13,2632;0,0000;21,9866;190,8490;391,347;75,000;0,000;50,000;1,3532;-5,9826;13,3944;-0,0000;-7,4118;1,3532;0,3335;1,1256;-1,6997;-0,0000;0,5740;0,3335;10;0
9,5904;10,8573;54,7135;13,3452;-0,0000;21,9413;190,8573;391,040;75,000;0,000;50,000;1,3553;-5,9757;13,3840;-0,0000;-7,4083;1,3553;0,3343;1,1237;-1,6952;0,0000;0,5715;0,3342;10;0
9,5965;10,8656;54,6770;13,4271;0,0000;21,8959;190,8656;390,734;75,000;0,000;50,000;1,3573;-5,9688;13,3736;0,0000;-7,4048;1,3573;0,3350;1,1218;-1,6907;-0,0002;0,5686;0,3352;10;0
9,6026;10,8739;54,6404;13,5090;0,0000;21,8506;190,8739;390,428;75,000;0,000;50,000;1,3594;-5,9619;13,3633;-0,0000;-7,4013;1,3594;0,3358;1,1200;-1,6864;-0,0000;0,5664;0,3358;10;0
9,6087;10,8822;54,6039;13,5908;-0,0000;21,8052;190,8822;390,122;75,000;0,000;50,000;1,3614;-5,9551;13,3530;-0,0000;-7,3979;1,3614;0,3365;1,1182;-1,6822;0,0003;0,5645;0,3362;10;0
9,6149;10,8906;54,5675;13,6726;0,0000;21,7600;190,8906;389,816;75,000;0,000;50,000;1,3635;-5,9482;13,3427;0,0000;-7,3944;1,3635;0,3372;1,1162;-1,6775;0,0017;0,5609;0,3356;10;0
9,6210;10,8989;54,5311;13,7542;-0,0000;21,7147;190,8989;389,509;75,000;0,000;50,000;1,3655;-5,9414;13,3324;0,0000;-7,3910;1,3655;0,3381;1,1144;-1,6732;-0,0001;0,5585;0,3382;10;0
9,6271;10,9073;54,4947;13,8358;0,0000;21,6694;190,9073;389,203;75,000;0,000;50,000;1,3676;-5,9346;13,3222;0,0000;-7,3876;1,3676;0,3390;1,1128;-1,6693;-0,0034;0,5573;0,3421;10;0
9,6332;10,9157;54,4584;13,9174;-0,0000;21,6242;190,9157;388,897;75,000;0,000;50,000;1,3697;-5,9278;13,3120;-0,0000;-7,3842;1,3697;0,3396;1,1108;-1,6647;-0,0000;0,5538;0,3396;10;0
9,6394;10,9241;54,4221;13,9989;0,0000;21,5790;190,9241;388,591;75,000;0,000;50,000;1,3718;-5,9210;13,3018;0,0000;-7,3808;1,3718;0,3402;1,1090;-1,6602;0,0016;0,5508;0,3388;10;0
9,6455;10,9325;54,3859;14,0803;0,0000;21,5338;190,9325;388,285;75,000;0,000;50,000;1,3739;-5,9142;13,2916;-0,0000;-7,3774;1,3739;0,3411;1,1072;-1,6561;0,0001;0,5486;0,3409;10;0
9,6516;10,9409;54,3497;14,1617;-0,0000;21,4886;190,9409;387,978;75,000;0,000;50,000;1,3760;-5,9074;13,2815;0,0000;-7,3741;1,3760;0,3419;1,1055;-1,6519;0,0001;0,5464;0,3418;10;0
9,6577;10,9493;54,3135;14,2430;0,0000;21,4435;190,9493;387,672;75,000;0,000;50,000;1,3781;-5,9007;13,2714;0,0000;-7,3707;1,3781;0,3427;1,1038;-1,6478;-0,0003;0,5445;0,3430;10;0
9,6639;10,9578;54,2774;14,3242;0,0000;21,3983;190,9578;387,366;75,000;0,000;50,000;1,3802;-5,8939;13,2613;-0,0000;-7,3674;1,3802;0,3434;1,1020;-1,6435;0,0000;0,5415;0,3434;10;0
9,6700;10,9662;54,2413;14,4054;-0,0000;21,3532;190,9662;387,060;75,000;0,000;50,000;1,3823;-5,8872;13,2513;0,0000;-7,3641;1,3823;0,3442;1,1002;-1,6391;-0,0001;0,5384;0,3442;10;0
9,6761;10,9747;54,2053;14,4866;0,0000;21,3081;190,9747;386,754;75,000;0,000;50,000;1,3844;-5,8804;13,2413;-0,0000;-7,3608;1,3844;0,3450;1,0985;-1,6351;-0,0000;0,5366;0,3450;10;0
9,6822;10,9832;54,1693;14,5676;-0,0000;21,2631;190,9832;386,447;75,000;0,000;50,000;1,3865;-5,8737;13,2313;-0,0000;-7,3575;1,3865;0,3457;1,0969;-1,6311;0,0004;0,5348;0,3453;10;0
9,6884;10,9917;54,1334;14,6486;0,0000;21,2180;190,9917;386,141;75,000;0,000;50,000;1,3886;-5,8670;13,2213;0,0000;-7,3543;1,3886;0,3464;1,0950;-1,6267;0,0020;0,5311;0,3446;10;0
9,6945;11,0002;54,0975;14,7296;-0,0000;21,1730;191,0002;385,835;75,000;0,000;50,000;1,3907;-5,8603;13,2113;0,0000;-7,3510;1,3907;0,3473;1,0934;-1,6226;-0,0002;0,5290;0,3475;10;0
9,7006;11,0087;54,0616;14,8104;0,0000;21,1280;191,0087;385,529;75,000;0,000;50,000;1,3929;-5,8536;13,2014;0,0000;-7,3478;1,3929;0,3484;1,0919;-1,6190;-0,0040;0,5281;0,3520;10;0
9,7067;11,0172;54,0258;14,8912;-0,0000;21,0830;191,0172;385,222;75,000;0,000;50,000;1,3950;-5,8469;13,1915;-0,0000;-7,3446;1,3950;0,3489;1,0900;-1,6145;-0,0002;0,5242;0,3491;10;0
9,7129;11,0258;53,9900;14,9720;0,0000;21,0380;191,0258;384,916;75,000;0,000;50,000;1,3971;-5,8403;13,1816;-0,0000;-7,3414;1,3971;0,3496;1,0883;-1,6103;0,0020;0,5215;0,3478;10;0
9,7190;11,0344;53,9542;15,0527;-0,0000;20,9931;191,0344;384,610;75,000;0,000;50,000;1,3993;-5,8336;13,1718;-0,0000;-7,3382;1,3993;0,3505;1,0868;-1,6066;0,0003;0,5200;0,3501;10;0
9,7251;11,0429;53,9185;15,1333;0,0000;20,9482;191,0429;384,304;75,000;0,000;50,000;1,4014;-5,8269;13,1619;0,0000;-7,3350;1,4014;0,3513;1,0851;-1,6025;-0,0000;0,5173;0,3513;10;0
9,7312;11,0515;53,8829;15,2139;-0,0000;20,9032;191,0515;383,998;75,000;0,000;50,000;1,4036;-5,8203;13,1521;-0,0000;-7,3318;1,4036;0,3521;1,0836;-1,5985;0,0000;0,5152;0,3521;10;0
9,7374;11,0601;53,8472;15,2944;0,0000;20,8583;191,0601;383,691;75,000;0,000;50,000;1,4057;-5,8137;13,1424;0,0000;-7,3287;1,4057;0,3528;1,0818;-1,5944;0,0017;0,5121;0,3513;10;0
9,7435;11,0687;53,8116;15,3749;-0,0000;20,8135;191,0687;383,385;75,000;0,000;50,000;1,4079;-5,8070;13,1326;0,0000;-7,3256;1,4079;0,3537;1,0803;-1,5904;-0,0001;0,5099;0,3538;10;0
9,7496;11,0774;53,7761;15,4553;0,0000;20,7686;191,0774;383,079;75,000;0,000;50,000;1,4101;-5,8004;13,1229;0,0000;-7,3225;1,4101;0,3547;1,0788;-1,5868;-0,0033;0,5088;0,3577;10;0
9,7557;11,0860;53,7406;15,5356;-0,0000;20,7238;191,0860;382,773;75,000;0,000;50,000;1,4122;-5,7938;13,1132;-0,0000;-7,3193;1,4123;0,3553;1,0771;-1,5826;-0,0000;0,5055;0,3553;10;0
9,7618;11,0947;53,7051;15,6159;0,0000;20,6790;191,0947;382,467;75,000;0,000;50,000;1,4144;-5,7872;13,1035;0,0000;-7,3163;1,4144;0,3560;1,0755;-1,5786;0,0015;0,5027;0,3546;10;0
9,7680;11,1033;53,6697;15,6961;0,0000;20,6342;191,1033;382,160;75,000;0,000;50,000;1,4166;-5,7807;13,0938;-0,0000;-7,3132;1,4166;0,3569;1,0740;-1,5748;0,0001;0,5006;0,3568;10;0
9,7741;11,1120;53,6343;15,7763;-0,0000;20,5894;191,1120;381,854;75,000;0,000;50,000;1,4188;-5,7741;13,0842;0,0000;-7,3101;1,4188;0,3578;1,0725;-1,5710;0,0001;0,4985;0,3577;10;0
9,7802;11,1207;53,5990;15,8564;0,0000;20,5446;191,1207;381,548;75,000;0,000;50,000;1,4210;-5,7675;13,0746;0,0000;-7,3071;1,4210;0,3586;1,0710;-1,5673;-0,0003;0,4968;0,3589;10;0
9,7863;11,1294;53,5637;15,9364;0,0000;20,4999;191,1294;381,242;75,000;0,000;50,000;1,4232;-5,7610;13,0650;-0,0000;-7,3040;1,4232;0,3594;1,0694;-1,5632;0,0005;0,4936;0,3589;10;0
9,7925;11,1381;53,5284;16,0164;-0,0000;20,4552;191,1381;380,936;75,000;0,000;50,000;1,4254;-5,7544;13,0555;0,0000;-7,3010;1,4254;0,3602;1,0678;-1,5594;0,0001;0,4913;0,3601;10;0
9,7986;11,1469;53,4932;16,0963;0,0000;20,4105;191,1469;380,629;75,000;0,000;50,000;1,4276;-5,7479;13,0459;0,0000;-7,2980;1,4276;0,3611;1,0664;-1,5558;-0,0009;0,4898;0,3620;10;0
9,8047;11,1556;53,4580;16,1762;-0,0000;20,3658;191,1556;380,323;75,000;0,000;50,000;1,4298;-5,7414;13,0364;-0,0000;-7,2950;1,4298;0,3619;1,0648;-1,5517;-0,0004;0,4864;0,3622;10;0
9,8108;11,1644;53,4229;16,2560;0,0000;20,3211;191,1644;380,017;75,000;0,000;50,000;1,4320;-5,7349;13,0269;-0,0000;-7,2921;1,4320;0,3627;1,0634;-1,5480;0,0005;0,4844;0,3622;10;0
9,8170;11,1732;53,3878;16,3357;-0,0000;20,2765;191,1732;379,711;75,000;0,000;50,000;1,4343;-5,7283;13,0174;-0,0000;-7,2891;1,4343;0,3635;1,0621;-1,5447;0,0008;0,4836;0,3629;10;0
9,8231;11,1820;53,3527;16,4154;0,0000;20,2318;191,1820;379,405;75,000;0,000;50,000;1,4365;-5,7218;13,0080;0,0000;-7,2861;1,4365;0,3639;1,0603;-1,5403;0,0080;0,4791;0,3561;10;0
9,8292;11,1908;53,3177;16,4951;-0,0000;20,1872;191,1908;379,098;75,000;0,000;50,000;1,4387;-5,7154;12,9986;0,0001;-7,2832;1,4386;0,3652;1,0589;-1,5367;-0,0004;0,4773;0,3655;10;0
9,8353;11,1996;53,2827;16,5746;0,0000;20,1426;191,1996;378,792;75,000;0,000;50,000;1,4410;-5,7089;12,9892;0,0000;-7,2803;1,4410;0,3670;1,0579;-1,5340;-0,0148;0,4785;0,3813;10;0
9,8415;11,2084;53,2478;16,6542;-0,0000;20,0981;191,2084;378,486;75,000;0,000;50,000;1,4432;-5,7024;12,9798;-0,0001;-7,2774;1,4433;0,3669;1,0561;-1,5295;-0,0000;0,4734;0,3669;10;0
9,8476;11,2173;53,2129;16,7336;0,0000;20,0535;191,2173;378,180;75,000;0,000;50,000;1,4455;-5,6959;12,9704;0,0000;-7,2745;1,4455;0,3674;1,0544;-1,5251;0,0054;0,4685;0,3622;10;0
9,8537;11,2261;53,1780;16,8130;0,0000;20,0090;191,2261;377,874;75,000;0,000;50,000;1,4477;-5,6895;12,9611;-0,0000;-7,2716;1,4477;0,3686;1,0533;-1,5222;-0,0000;0,4689;0,3686;10;0
9,8598;11,2350;53,1432;16,8924;-0,0000;19,9644;191,2350;377,567;75,000;0,000;50,000;1,4500;-5,6830;12,9518;-0,0000;-7,2688;1,4500;0,3694;1,0520;-1,5188;0,0016;0,4674;0,3678;10;0
9,8660;11,2439;53,1084;16,9717;-0,0000;19,9199;191,2439;377,261;75,000;0,000;50,000;1,4522;-5,6766;12,9425;0,0000;-7,2659;1,4522;0,3703;1,0505;-1,5149;0,0000;0,4644;0,3703;10;0
9,8721;11,2528;53,0737;17,0509;0,0000;19,8754;191,2528;376,955;75,000;0,000;50,000;1,4545;-5,6702;12,9332;0,0000;-7,2631;1,4545;0,3712;1,0491;-1,5113;-0,0002;0,4622;0,3714;10;0
9,8782;11,2617;53,0390;17,1301;0,0000;19,8310;191,2617;376,649;75,000;0,000;50,000;1,4568;-5,6637;12,9240;-0,0000;-7,2602;1,4568;0,3720;1,0477;-1,5076;-0,0002;0,4597;0,3722;10;0
9,8843;11,2706;53,0043;17,2092;0,0000;19,7865;191,2706;376,343;75,000;0,000;50,000;1,4591;-5,6573;12,9148;-0,0000;-7,2574;1,4591;0,3729;1,0464;-1,5041;0,0000;0,4578;0,3729;10;0
9,8905;11,2796;52,9697;17,2882;-0,0000;19,7421;191,2796;376,036;75,000;0,000;50,000;1,4613;-5,6509;12,9056;-0,0000;-7,2546;1,4613;0,3737;1,0451;-1,5008;0,0003;0,4562;0,3734;10;0
9,8966;11,2885;52,9351;17,3673;0,0000;19,6977;191,2885;375,730;75,000;0,000;50,000;1,4636;-5,6445;12,8964;0,0000;-7,2519;1,4636;0,3746;1,0437;-1,4970;0,0000;0,4534;0,3746;10;0
9,9027;11,2975;52,9005;17,4462;-0,0000;19,6533;191,2975;375,424;75,000;0,000;50,000;1,4659;-5,6381;12,8872;0,0000;-7,2491;1,4659;0,3755;1,0423;-1,4933;-0,0004;0,4506;0,3759;10;0
9,9088;11,3065;52,8660;17,5251;0,0000;19,6089;191,3065;375,118;75,000;0,000;50,000;1,4682;-5,6318;12,8781;-0,0000;-7,2463;1,4682;0,3764;1,0410;-1,4900;-0,0000;0,4490;0,3764;10;0
9,9150;11,3155;52,8316;17,6039;-0,0000;19,5645;191,3155;374,811;75,000;0,000;50,000;1,4705;-5,6254;12,8690;-0,0000;-7,2436;1,4705;0,3772;1,0398;-1,4867;0,0005;0,4474;0,3767;10;0
9,9211;11,3245;52,7971;17,6827;0,0000;19,5202;191,3245;374,505;75,000;0,000;50,000;1,4729;-5,6190;12,8599;0,0000;-7,2409;1,4729;0,3779;1,0383;-1,4828;0,0031;0,4439;0,3750;10;0
9,9272;11,3335;52,7627;17,7615;-0,0000;19,4758;191,3335;374,199;75,000;0,000;50,000;1,4752;-5,6127;12,8508;0,0000;-7,2381;1,4751;0,3790;1,0371;-1,4795;-0,0002;0,4422;0,3792;10;0
9,9333;11,3426;52,7284;17,8401;0,0000;19,4315;191,3426;373,893;75,000;0,000;50,000;1,4775;-5,6063;12,8418;0,0000;-7,2354;1,4775;0,3803;1,0360;-1,4765;-0,0060;0,4419;0,3858;10;0
9,9394;11,3516;52,6941;17,9187;-0,0000;19,3872;191,3516;373,587;75,000;0,000;50,000;1,4798;-5,6000;12,8327;-0,0000;-7,2327;1,4799;0,3808;1,0345;-1,4727;-0,0000;0,4382;0,3808;10;0
9,9456;11,3607;52,6598;17,9973;0,0000;19,3429;191,3607;373,280;75,000;0,000;50,000;1,4822;-5,5937;12,8237;0,0000;-7,2301;1,4822;0,3815;1,0331;-1,4690;0,0025;0,4351;0,3792;10;0
9,9517;11,3698;52,6255;18,0758;0,0000;19,2986;191,3698;372,974;75,000;0,000;50,000;1,4845;-5,5873;12,8147;-0,0000;-7,2274;1,4845;0,3825;1,0320;-1,4659;-0,0000;0,4339;0,3826;10;0
9,9578;11,3789;52,5914;18,1543;0,0000;19,2544;191,3789;372,668;75,000;0,000;50,000;1,4868;-5,5810;12,8058;0,0000;-7,2248;1,4868;0,3834;1,0307;-1,4624;0,0001;0,4315;0,3833;10;0
9,9639;11,3880;52,5572;18,2327;0,0000;19,2102;191,3880;372,362;75,000;0,000;50,000;1,4892;-5,5747;12,7968;-0,0000;-7,2221;1,4892;0,3843;1,0295;-1,4591;-0,0000;0,4296;0,3843;10;0
9,9701;11,3971;52,5231;18,3110;-0,0000;19,1659;191,3971;372,056;75,000;0,000;50,000;1,4916;-5,5684;12,7879;-0,0000;-7,2195;1,4916;0,3852;1,0284;-1,4559;0,0004;0,4281;0,3848;10;0
9,9762;11,4062;52,4890;18,3893;0,0000;19,1217;191,4062;371,749;75,000;0,000;50,000;1,4939;-5,5621;12,7790;0,0000;-7,2169;1,4939;0,3861;1,0271;-1,4524;0,0000;0,4253;0,3861;10;0
9,9823;11,4154;52,4549;18,4675;0,0000;19,0775;191,4154;371,443;75,000;0,000;50,000;1,4963;-5,5558;12,7701;0,0000;-7,2143;1,4963;0,3871;1,0258;-1,4490;-0,0002;0,4229;0,3873;10;0
9,9884;11,4246;52,4209;18,5457;0,0000;19,0334;191,4246;371,137;75,000;0,000;50,000;1,4987;-5,5496;12,7613;-0,0000;-7,2117;1,4987;0,3880;1,0247;-1,4458;-0,0000;0,4211;0,3880;10;0
9,9946;11,4338;52,3870;18,6238;0,0000;18,9892;191,4338;370,831;75,000;0,000;50,000;1,5010;-5,5433;12,7524;0,0000;-7,2091;1,5010;0,3889;1,0234;-1,4424;-0,0002;0,4187;0,3891;10;0
10,0007;11,4430;52,3530;18,7019;0,0000;18,9451;191,4430;370,525;75,000;0,000;50,000;1,5034;-5,5370;12,7436;-0,0000;-7,2066;1,5034;0,3898;1,0223;-1,4392;-0,0000;0,4169;0,3898;10;0
10,0068;11,4522;52,3192;18,7799;-0,0000;18,9009;191,4522;370,218;75,000;0,000;50,000;1,5058;-5,5308;12,7348;-0,0000;-7,2040;1,5058;0,3907;1,0212;-1,4361;0,0004;0,4154;0,3903;10;0
10,0129;11,4614;52,2853;18,8579;0,0000;18,8568;191,4614;369,912;75,000;0,000;50,000;1,5082;-5,5245;12,7260;0,0000;-7,2015;1,5082;0,3914;1,0199;-1,4325;0,0035;0,4121;0,3881;10;0
10,0191;11,4706;52,2515;18,9358;-0,0000;18,8127;191,4706;369,606;75,000;0,000;50,000;1,5106;-5,5183;12,7172;0,0000;-7,1990;1,5106;0,3926;1,0187;-1,4293;-0,0002;0,4103;0,3927;10;0
10,0252;11,4799;52,2177;19,0136;0,0000;18,7687;191,4799;369,300;75,000;0,000;50,000;1,5130;-5,5120;12,7085;0,0000;-7,1965;1,5130;0,3939;1,0178;-1,4265;-0,0067;0,4099;0,4002;10;0
10,0313;11,4892;52,1840;19,0914;-0,0000;18,7246;191,4892;368,994;75,000;0,000;50,000;1,5154;-5,5058;12,6998;-0,0000;-7,1940;1,5155;0,3944;1,0165;-1,4230;-0,0000;0,4065;0,3944;10;0
10,0374;11,4985;52,1503;19,1692;0,0000;18,6805;191,4985;368,687;75,000;0,000;50,000;1,5178;-5,4996;12,6911;0,0000;-7,1915;1,5178;0,3952;1,0153;-1,4195;0,0029;0,4035;0,3925;10;0
10,0436;11,5078;52,1166;19,2469;0,0000;18,6365;191,5078;368,381;75,000;0,000;50,000;1,5203;-5,4934;12,6824;-0,0000;-7,1890;1,5203;0,3963;1,0142;-1,4165;-0,0003;0,4020;0,3966;10;0
10,0497;11,5171;52,0830;19,3245;0,0000;18,5925;191,5171;368,075;75,000;0,000;50,000;1,5227;-5,4872;12,6737;-0,0000;-7,1866;1,5227;0,3972;1,0132;-1,4134;0,0003;0,4004;0,3969;10;0
10,0558;11,5264;52,0494;19,4021;-0,0000;18,5485;191,5264;367,769;75,000;0,000;50,000;1,5251;-5,4810;12,6651;-0,0000;-7,1841;1,5251;0,3981;1,0121;-1,4104;0,0006;0,3988;0,3975;10;0
10,0619;11,5358;52,0159;19,4796;0,0000;18,5045;191,5358;367,463;75,000;0,000;50,000;1,5276;-5,4748;12,6564;0,0000;-7,1817;1,5276;0,3991;1,0109;-1,4070;-0,0003;0,3959;0,3994;10;0
10,0681;11,5451;51,9824;19,5571;0,0000;18,4605;191,5451;367,156;75,000;0,000;50,000;1,5300;-5,4686;12,6478;-0,0000;-7,1793;1,5300;0,4000;1,0098;-1,4039;-0,0003;0,3938;0,4004;10;0
10,0742;11,5545;51,9489;19,6346;-0,0000;18,4166;191,5545;366,850;75,000;0,000;50,000;1,5325;-5,4624;12,6392;-0,0000;-7,1768;1,5325;0,4009;1,0089;-1,4010;0,0006;0,3926;0,4003;10;0
10,0803;11,5639;51,9154;19,7119;0,0000;18,3726;191,5639;366,544;75,000;0,000;50,000;1,5349;-5,4562;12,6307;0,0000;-7,1745;1,5349;0,4019;1,0077;-1,3977;0,0000;0,3900;0,4019;10;0
10,0864;11,5733;51,8821;19,7893;-0,0000;18,3287;191,5733;366,238;75,000;0,000;50,000;1,5374;-5,4501;12,6221;-0,0000;-7,1721;1,5374;0,4029;1,0066;-1,3946;-0,0003;0,3877;0,4032;10;0
10,0926;11,5827;51,8487;19,8665;-0,0000;18,2848;191,5827;365,932;75,000;0,000;50,000;1,5399;-5,4439;12,6136;0,0000;-7,1697;1,5399;0,4039;1,0056;-1,3915;-0,0003;0,3857;0,4042;10;0
10,0987;11,5922;51,8154;19,9438;0,0000;18,2409;191,5922;365,625;75,000;0,000;50,000;1,5423;-5,4377;12,6051;-0,0000;-7,1673;1,5423;0,4048;1,0046;-1,3885;-0,0000;0,3839;0,4048;10;0
10,1048;11,6016;51,7821;20,0209;-0,0000;18,1970;191,6016;365,319;75,000;0,000;50,000;1,5448;-5,4316;12,5966;-0,0000;-7,1650;1,5448;0,4057;1,0036;-1,3856;0,0006;0,3825;0,4052;10;0
10,1109;11,6111;51,7488;20,0980;0,0000;18,1531;191,6111;365,013;75,000;0,000;50,000;1,5473;-5,4254;12,5881;0,0000;-7,1627;1,5473;0,4065;1,0024;-1,3822;0,0046;0,3790;0,4021;10;0
10,1170;11,6206;51,7156;20,1751;-0,0000;18,1093;191,6206;364,707;75,000;0,000;50,000;1,5498;-5,4193;12,5797;0,0001;-7,1604;1,5498;0,4077;1,0015;-1,3793;-0,0003;0,3776;0,4080;10;0
10,1232;11,6301;51,6825;20,2521;0,0000;18,0654;191,6301;364,400;75,000;0,000;50,000;1,5523;-5,4132;12,5712;0,0000;-7,1580;1,5523;0,4092;1,0007;-1,3769;-0,0084;0,3778;0,4172;10;0
10,1293;11,6396;51,6493;20,3291;-0,0000;18,0216;191,6396;364,094;75,000;0,000;50,000;1,5548;-5,4071;12,5628;-0,0000;-7,1557;1,5549;0,4097;0,9995;-1,3734;-0,0000;0,3739;0,4097;10;0
10,1354;11,6491;51,6162;20,4060;0,0000;17,9778;191,6491;363,788;75,000;0,000;50,000;1,5573;-5,4009;12,5544;0,0000;-7,1535;1,5573;0,4104;0,9983;-1,3700;0,0031;0,3705;0,4076;10;0
10,1415;11,6587;51,5832;20,4829;0,0000;17,9340;191,6587;363,482;75,000;0,000;50,000;1,5598;-5,3948;12,5460;-0,0000;-7,1512;1,5599;0,4116;0,9975;-1,3674;-0,0000;0,3699;0,4116;10;0
10,1477;11,6682;51,5502;20,5597;0,0000;17,8902;191,6682;363,176;75,000;0,000;50,000;1,5624;-5,3887;12,5376;0,0000;-7,1489;1,5624;0,4126;0,9966;-1,3644;0,0005;0,3679;0,4121;10;0
10,1538;11,6778;51,5172;20,6364;0,0000;17,8464;191,6778;362,869;75,000;0,000;50,000;1,5649;-5,3826;12,5293;-0,0000;-7,1467;1,5649;0,4136;0,9956;-1,3615;-0,0000;0,3659;0,4136;10;0
10,1599;11,6874;51,4842;20,7131;-0,0000;17,8026;191,6874;362,563;75,000;0,000;50,000;1,5674;-5,3765;12,5210;-0,0000;-7,1444;1,5674;0,4146;0,9947;-1,3587;0,0004;0,3645;0,4141;10;0
10,1660;11,6970;51,4513;20,7898;0,0000;17,7589;191,6970;362,257;75,000;0,000;50,000;1,5700;-5,3704;12,5127;0,0000;-7,1422;1,5700;0,4153;0,9936;-1,3555;0,0048;0,3613;0,4107;10;0
10,1722;11,7066;51,4185;20,8664;-0,0000;17,7152;191,7066;361,951;75,000;0,000;50,000;1,5725;-5,3644;12,5044;0,0001;-7,1400;1,5725;0,4166;0,9927;-1,3527;-0,0002;0,3597;0,4168;10;0
10,1783;11,7163;51,3856;20,9429;0,0000;17,6714;191,7163;361,645;75,000;0,000;50,000;1,5751;-5,3583;12,4961;0,0000;-7,1378;1,5751;0,4181;0,9920;-1,3503;-0,0090;0,3597;0,4267;10;0
10,1844;11,7259;51,3528;21,0194;-0,0000;17,6277;191,7259;361,338;75,000;0,000;50,000;1,5776;-5,3522;12,4878;-0,0001;-7,1356;1,5777;0,4186;0,9909;-1,3470;-0,0000;0,3561;0,4186;10;0
10,1905;11,7356;51,3201;21,0959;0,0000;17,5840;191,7356;361,032;75,000;0,000;50,000;1,5802;-5,3461;12,4796;0,0000;-7,1335;1,5802;0,4194;0,9898;-1,3437;0,0034;0,3528;0,4162;10;0
10,1967;11,7453;51,2873;21,1723;0,0000;17,5404;191,7453;360,726;75,000;0,000;50,000;1,5828;-5,3401;12,4714;-0,0000;-7,1313;1,5828;0,4206;0,9891;-1,3412;-0,0000;0,3522;0,4206;10;0
10,2028;11,7550;51,2547;21,2486;-0,0000;17,4967;191,7550;360,420;75,000;0,000;50,000;1,5854;-5,3340;12,4632;-0,0000;-7,1291;1,5854;0,4216;0,9882;-1,3385;0,0008;0,3505;0,4208;10;0
10,2089;11,7647;51,2220;21,3249;-0,0000;17,4530;191,7647;360,114;75,000;0,000;50,000;1,5879;-5,3280;12,4550;0,0000;-7,1270;1,5879;0,4226;0,9873;-1,3355;0,0000;0,3483;0,4226;10;0
10,2150;11,7744;51,1894;21,4012;0,0000;17,4094;191,7744;359,807;75,000;0,000;50,000;1,5905;-5,3219;12,4468;0,0000;-7,1249;1,5905;0,4236;0,9864;-1,3327;-0,0001;0,3463;0,4237;10;0
10,2212;11,7842;51,1568;21,4774;-0,0000;17,3658;191,7842;359,501;75,000;0,000;50,000;1,5931;-5,3159;12,4387;-0,0000;-7,1228;1,5931;0,4247;0,9855;-1,3298;-0,0003;0,3441;0,4250;10;0
10,2273;11,7939;51,1243;21,5535;0,0000;17,3222;191,7939;359,195;75,000;0,000;50,000;1,5957;-5,3099;12,4305;-0,0000;-7,1207;1,5957;0,4257;0,9847;-1,3271;-0,0000;0,3424;0,4257;10;0
10,2334;11,8037;51,0918;21,6296;-0,0000;17,2786;191,8037;358,889;75,000;0,000;50,000;1,5983;-5,3038;12,4224;-0,0000;-7,1186;1,5983;0,4267;0,9839;-1,3245;0,0007;0,3411;0,4260;10;0
10,2395;11,8135;51,0593;21,7057;0,0000;17,2350;191,8135;358,583;75,000;0,000;50,000;1,6010;-5,2978;12,4143;0,0000;-7,1165;1,6010;0,4274;0,9828;-1,3213;0,0063;0,3375;0,4213;10;0
10,2457;11,8233;51,0269;21,7817;-0,0000;17,1914;191,8233;358,276;75,000;0,000;50,000;1,6036;-5,2918;12,4062;0,0001;-7,1144;1,6035;0,4288;0,9821;-1,3187;-0,0003;0,3364;0,4291;10;0
10,2518;11,8331;50,9945;21,8577;0,0000;17,1478;191,8331;357,970;75,000;0,000;50,000;1,6062;-5,2858;12,3981;0,0000;-7,1124;1,6062;0,4305;0,9816;-1,3168;-0,0111;0,3375;0,4412;10;0
10,2579;11,8430;50,9622;21,9336;-0,0000;17,1043;191,8430;357,664;75,000;0,000;50,000;1,6089;-5,2798;12,3901;-0,0001;-7,1103;1,6089;0,4309;0,9805;-1,3133;-0,0000;0,3328;0,4309;10;0
10,2640;11,8528;50,9298;22,0094;0,0000;17,0607;191,8528;357,358;75,000;0,000;50,000;1,6115;-5,2738;12,3821;0,0000;-7,1083;1,6115;0,4318;0,9794;-1,3100;0,0029;0,3288;0,4291;10;0
10,2701;11,8627;50,8976;22,0852;0,0000;17,0172;191,8627;357,052;75,000;0,000;50,000;1,6141;-5,2678;12,3740;-0,0000;-7,1063;1,6142;0,4330;0,9788;-1,3079;-0,0000;0,3290;0,4330;10;0
10,2763;11,8726;50,8653;22,1610;-0,0000;16,9737;191,8726;356,745;75,000;0,000;50,000;1,6168;-5,2618;12,3660;-0,0000;-7,1043;1,6168;0,4339;0,9781;-1,3053;0,0021;0,3276;0,4318;10;0
10,2824;11,8825;50,8331;22,2367;-0,0000;16,9302;191,8825;356,439;75,000;0,000;50,000;1,6195;-5,2558;12,3581;0,0000;-7,1023;1,6195;0,4351;0,9772;-1,3024;-0,0004;0,3249;0,4355;10;0
10,2885;11,8925;50,8010;22,3123;0,0000;16,8867;191,8925;356,133;75,000;0,000;50,000;1,6221;-5,2498;12,3501;-0,0000;-7,1003;1,6221;0,4362;0,9765;-1,2998;-0,0003;0,3234;0,4364;10;0
10,2946;11,9024;50,7688;22,3879;-0,0000;16,8432;191,9024;355,827;75,000;0,000;50,000;1,6248;-5,2438;12,3421;-0,0000;-7,0983;1,6248;0,4372;0,9758;-1,2973;0,0007;0,3220;0,4364;10;0
10,3008;11,9124;50,7367;22,4635;0,0000;16,7998;191,9124;355,521;75,000;0,000;50,000;1,6275;-5,2379;12,3342;0,0000;-7,0963;1,6275;0,4383;0,9749;-1,2945;0,0000;0,3195;0,4383;10;0
10,3069;11,9223;50,7047;22,5390;-0,0000;16,7563;191,9223;355,214;75,000;0,000;50,000;1,6302;-5,2319;12,3263;-0,0000;-7,0944;1,6302;0,4394;0,9741;-1,2917;-0,0003;0,3174;0,4397;10;0
10,3130;11,9323;50,6726;22,6145;0,0000;16,7129;191,9323;354,908;75,000;0,000;50,000;1,6329;-5,2259;12,3184;0,0000;-7,0924;1,6329;0,4404;0,9734;-1,2892;0,0000;0,3158;0,4404;10;0
10,3191;11,9423;50,6407;22,6899;0,0000;16,6694;191,9423;354,602;75,000;0,000;50,000;1,6356;-5,2200;12,3105;-0,0000;-7,0905;1,6356;0,4415;0,9727;-1,2866;-0,0000;0,3139;0,4415;10;0
10,3253;11,9524;50,6087;22,7653;-0,0000;16,6260;191,9524;354,296;75,000;0,000;50,000;1,6383;-5,2140;12,3026;0,0000;-7,0886;1,6383;0,4426;0,9719;-1,2839;-0,0004;0,3118;0,4430;10;0
10,3314;11,9624;50,5768;22,8406;0,0000;16,5826;191,9624;353,989;75,000;0,000;50,000;1,6410;-5,2081;12,2948;-0,0000;-7,0867;1,6410;0,4437;0,9712;-1,2813;-0,0000;0,3102;0,4437;10;0
10,3375;11,9725;50,5449;22,9158;-0,0000;16,5392;191,9725;353,683;75,000;0,000;50,000;1,6437;-5,2021;12,2869;-0,0000;-7,0848;1,6437;0,4447;0,9705;-1,2789;0,0007;0,3088;0,4439;10;0
10,3436;11,9825;50,5131;22,9911;0,0000;16,4959;191,9825;353,377;75,000;0,000;50,000;1,6464;-5,1962;12,2791;0,0000;-7,0829;1,6464;0,4458;0,9698;-1,2762;0,0000;0,3064;0,4458;10;0
10,3498;11,9926;50,4813;23,0662;-0,0000;16,4525;191,9926;353,071;75,000;0,000;50,000;1,6492;-5,1902;12,2713;-0,0000;-7,0810;1,6492;0,4469;0,9690;-1,2735;-0,0003;0,3043;0,4473;10;0
10,3559;12,0027;50,4495;23,1414;-0,0000;16,4091;192,0027;352,765;75,000;0,000;50,000;1,6519;-5,1843;12,2635;0,0000;-7,0792;1,6519;0,4480;0,9683;-1,2711;0,0000;0,3027;0,4480;10;0
10,3620;12,0129;50,4178;23,2165;0,0000;16,3658;192,0129;352,458;75,000;0,000;50,000;1,6546;-5,1784;12,2557;0,0000;-7,0773;1,6546;0,4491;0,9676;-1,2684;-0,0004;0,3006;0,4496;10;0
10,3681;12,0230;50,3861;23,2915;0,0000;16,3224;192,0230;352,152;75,000;0,000;50,000;1,6574;-5,1725;12,2480;-0,0000;-7,0755;1,6574;0,4502;0,9670;-1,2660;-0,0000;0,2990;0,4502;10;0
10,3743;12,0332;50,3544;23,3665;-0,0000;16,2791;192,0332;351,846;75,000;0,000;50,000;1,6602;-5,1665;12,2402;-0,0000;-7,0737;1,6602;0,4513;0,9664;-1,2636;0,0008;0,2977;0,4505;10;0
10,3804;12,0433;50,3228;23,4414;0,0000;16,2358;192,0433;351,540;75,000;0,000;50,000;1,6629;-5,1606;12,2325;0,0000;-7,0719;1,6629;0,4524;0,9656;-1,2609;0,0000;0,2953;0,4524;10;0
10,3865;12,0535;50,2912;23,5163;-0,0000;16,1925;192,0535;351,234;75,000;0,000;50,000;1,6657;-5,1547;12,2248;-0,0000;-7,0701;1,6657;0,4536;0,9649;-1,2584;-0,0003;0,2932;0,4539;10;0
10,3926;12,0637;50,2597;23,5911;-0,0000;16,1492;192,0637;350,927;75,000;0,000;50,000;1,6685;-5,1488;12,2171;0,0000;-7,0683;1,6685;0,4547;0,9643;-1,2559;-0,0006;0,2913;0,4553;10;0
10,3988;12,0740;50,2282;23,6659;0,0000;16,1059;192,0740;350,621;75,000;0,000;50,000;1,6713;-5,1429;12,2094;-0,0000;-7,0665;1,6713;0,4558;0,9637;-1,2535;-0,0000;0,2898;0,4558;10;0
10,4049;12,0842;50,1967;23,7407;-0,0000;16,0626;192,0842;350,315;75,000;0,000;50,000;1,6741;-5,1370;12,2017;-0,0000;-7,0647;1,6741;0,4569;0,9631;-1,2512;0,0011;0,2886;0,4558;10;0
10,4110;12,0945;50,1652;23,8154;0,0000;16,0194;192,0945;350,009;75,000;0,000;50,000;1,6769;-5,1311;12,1941;0,0000;-7,0630;1,6769;0,4573;0,9622;-1,2480;0,0144;0,2841;0,4431;10;0
10,4171;12,1047;50,1338;23,8900;-0,0000;15,9761;192,1047;349,703;75,000;0,000;50,000;1,6797;-5,1252;12,1864;0,0002;-7,0612;1,6795;0,4592;0,9617;-1,2460;-0,0005;0,2840;0,4597;10;0
10,4233;12,1150;50,1025;23,9646;0,0000;15,9329;192,1150;349,396;75,000;0,000;50,000;1,6825;-5,1193;12,1788;0,0000;-7,0595;1,6825;0,4614;0,9620;-1,2456;-0,0196;0,2897;0,4805;10;0
10,4294;12,1253;50,0711;24,0392;-0,0000;15,8897;192,1253;349,090;75,000;0,000;50,000;1,6853;-5,1134;12,1712;-0,0001;-7,0577;1,6854;0,4615;0,9605;-1,2412;0,0001;0,2807;0,4614;10;0
10,4355;12,1357;50,0398;24,1137;0,0000;15,8465;192,1357;348,784;75,000;0,000;50,000;1,6881;-5,1076;12,1636;0,0000;-7,0560;1,6881;0,4633;0,9592;-1,2369;-0,0131;0,2718;0,4768;10;0
10,4416;12,1460;50,0086;24,1882;0,0000;15,8032;192,1460;348,478;75,000;0,000;50,000;1,6910;-5,1017;12,1560;-0,0002;-7,0544;1,6912;0,4638;0,9593;-1,2364;-0,0001;0,2770;0,4639;10;0
10,4477;12,1564;49,9773;24,2626;-0,0000;15,7601;192,1564;348,172;75,000;0,000;50,000;1,6938;-5,0958;12,1485;-0,0000;-7,0526;1,6938;0,4632;0,9590;-1,2345;0,0313;0,2771;0,4318;10;0
10,4539;12,1668;49,9461;24,3370;-0,0000;15,7169;192,1668;347,865;75,000;0,000;50,000;1,6967;-5,0899;12,1409;0,0002;-7,0510;1,6965;0,4661;0,9582;-1,2316;0,0001;0,2734;0,4660;10;0
10,4600;12,1772;49,9150;24,4113;0,0000;15,6737;192,1772;347,559;75,000;0,000;50,000;1,6995;-5,0841;12,1334;0,0000;-7,0493;1,6995;0,4683;0,9575;-1,2289;-0,0186;0,2705;0,4869;10;0
10,4661;12,1876;49,8839;24,4856;0,0000;15,6305;192,1876;347,253;75,000;0,000;50,000;1,7024;-5,0782;12,1259;-0,0001;-7,0477;1,7025;0,4684;0,9570;-1,2269;-0,0000;0,2698;0,4684;10;0
10,4722;12,1980;49,8528;24,5598;-0,0000;15,5874;192,1980;346,947;75,000;0,000;50,000;1,7053;-5,0724;12,1183;-0,0000;-7,0460;1,7053;0,4692;0,9566;-1,2247;0,0074;0,2689;0,4617;10;0
10,4784;12,2085;49,8218;24,6340;-0,0000;15,5442;192,2085;346,641;75,000;0,000;50,000;1,7082;-5,0665;12,1109;0,0000;-7,0444;1,7081;0,4707;0,9559;-1,2222;0,0000;0,2662;0,4707;10;0
10,4845;12,2189;49,7907;24,7082;0,0000;15,5011;192,2189;346,334;75,000;0,000;50,000;1,7110;-5,0606;12,1034;0,0000;-7,0427;1,7110;0,4721;0,9554;-1,2198;-0,0026;0,2643;0,4746;10;0
10,4906;12,2294;49,7598;24,7823;0,0000;15,4580;192,2294;346,028;75,000;0,000;50,000;1,7139;-5,0548;12,0959;-0,0000;-7,0411;1,7139;0,4731;0,9549;-1,2175;-0,0000;0,2626;0,4731;10;0
10,4967;12,2399;49,7288;24,8563;-0,0000;15,4148;192,2399;345,722;75,000;0,000;50,000;1,7168;-5,0489;12,0885;-0,0000;-7,0395;1,7168;0,4742;0,9544;-1,2153;0,0012;0,2614;0,4730;10;0
10,5029;12,2505;49,6979;24,9303;0,0000;15,3717;192,2505;345,416;75,000;0,000;50,000;1,7197;-5,0431;12,0810;0,0000;-7,0379;1,7197;0,4755;0,9538;-1,2129;0,0000;0,2591;0,4755;10;0
10,5090;12,2610;49,6671;25,0043;-0,0000;15,3286;192,2610;345,110;75,000;0,000;50,000;1,7227;-5,0373;12,0736;0,0000;-7,0363;1,7227;0,4767;0,9532;-1,2104;-0,0009;0,2567;0,4776;10;0
10,5151;12,2716;49,6362;25,0782;0,0000;15,2856;192,2716;344,803;75,000;0,000;50,000;1,7256;-5,0314;12,0662;-0,0000;-7,0348;1,7256;0,4778;0,9528;-1,2083;-0,0000;0,2555;0,4778;10;0
10,5212;12,2821;49,6054;25,1521;-0,0000;15,2425;192,2821;344,497;75,000;0,000;50,000;1,7285;-5,0256;12,0588;-0,0000;-7,0332;1,7285;0,4790;0,9524;-1,2062;0,0008;0,2543;0,4782;10;0
10,5274;12,2927;49,5747;25,2259;0,0000;15,1994;192,2927;344,191;75,000;0,000;50,000;1,7314;-5,0198;12,0514;0,0000;-7,0317;1,7314;0,4802;0,9518;-1,2038;0,0000;0,2520;0,4802;10;0
10,5335;12,3033;49,5440;25,2997;-0,0000;15,1564;192,3033;343,885;75,000;0,000;50,000;1,7344;-5,0139;12,0441;-0,0000;-7,0301;1,7344;0,4815;0,9513;-1,2014;-0,0004;0,2499;0,4818;10;0
10,5396;12,3140;49,5133;25,3734;-0,0000;15,1133;192,3140;343,578;75,000;0,000;50,000;1,7373;-5,0081;12,0367;0,0000;-7,0286;1,7373;0,4827;0,9508;-1,1992;-0,0007;0,2481;0,4834;10;0
10,5457;12,3246;49,4826;25,4471;0,0000;15,0703;192,3246;343,272;75,000;0,000;50,000;1,7403;-5,0023;12,0294;-0,0000;-7,0271;1,7403;0,4839;0,9504;-1,1970;-0,0000;0,2466;0,4839;10;0
10,5519;12,3353;49,4520;25,5208;-0,0000;15,0272;192,3353;342,966;75,000;0,000;50,000;1,7433;-4,9965;12,0221;-0,0000;-7,0256;1,7433;0,4850;0,9500;-1,1950;0,0013;0,2456;0,4836;10;0
10,5580;12,3460;49,4214;25,5944;0,0000;14,9842;192,3460;342,660;75,000;0,000;50,000;1,7462;-4,9907;12,0147;0,0000;-7,0241;1,7462;0,4863;0,9494;-1,1926;0,0000;0,2431;0,4863;10;0
10,5641;12,3567;49,3909;25,6679;0,0000;14,9412;192,3567;342,354;75,000;0,000;50,000;1,7492;-4,9848;12,0074;0,0000;-7,0226;1,7492;0,4876;0,9489;-1,1902;-0,0010;0,2407;0,4886;10;0
10,5702;12,3674;49,3604;25,7414;0,0000;14,8982;192,3674;342,047;75,000;0,000;50,000;1,7522;-4,9790;12,0002;-0,0000;-7,0211;1,7522;0,4888;0,9486;-1,1882;-0,0000;0,2396;0,4888;10;0
10,5764;12,3781;49,3299;25,8149;-0,0000;14,8552;192,3781;341,741;75,000;0,000;50,000;1,7552;-4,9732;11,9929;-0,0000;-7,0197;1,7552;0,4900;0,9482;-1,1861;0,0006;0,2384;0,4893;10;0
10,5825;12,3889;49,2994;25,8883;0,0000;14,8122;192,3889;341,435;75,000;0,000;50,000;1,7582;-4,9674;11,9856;0,0000;-7,0182;1,7582;0,4912;0,9477;-1,1838;0,0000;0,2361;0,4912;10;0
10,5886;12,3997;49,2690;25,9617;-0,0000;14,7692;192,3997;341,129;75,000;0,000;50,000;1,7612;-4,9616;11,9784;-0,0000;-7,0168;1,7612;0,4925;0,9472;-1,1815;-0,0002;0,2340;0,4928;10;0
10,5947;12,4105;49,2387;26,0350;0,0000;14,7263;192,4105;340,823;75,000;0,000;50,000;1,7643;-4,9558;11,9712;0,0000;-7,0153;1,7642;0,4938;0,9468;-1,1794;-0,0005;0,2323;0,4942;10;0
10,6009;12,4213;49,2083;26,1083;0,0000;14,6833;192,4213;340,516;75,000;0,000;50,000;1,7673;-4,9500;11,9640;-0,0000;-7,0139;1,7673;0,4950;0,9465;-1,1773;-0,0000;0,2309;0,4950;10;0
10,6070;12,4321;49,1780;26,1816;-0,0000;14,6404;192,4321;340,210;75,000;0,000;50,000;1,7703;-4,9442;11,9567;-0,0000;-7,0125;1,7703;0,4962;0,9461;-1,1753;0,0009;0,2296;0,4953;10;0
10,6131;12,4430;49,1478;26,2548;0,0000;14,5974;192,4430;339,904;75,000;0,000;50,000;1,7734;-4,9384;11,9496;0,0000;-7,0111;1,7734;0,4968;0,9455;-1,1726;0,0129;0,2257;0,4841;10;0
10,6192;12,4538;49,1176;26,3279;-0,0000;14,5545;192,4538;339,598;75,000;0,000;50,000;1,7764;-4,9326;11,9424;0,0002;-7,0098;1,7762;0,4988;0,9452;-1,1708;-0,0004;0,2254;0,4992;10;0
10,6253;12,4647;49,0874;26,4011;0,0000;14,5116;192,4647;339,292;75,000;0,000;50,000;1,7795;-4,9269;11,9352;0,0000;-7,0084;1,7795;0,5009;0,9455;-1,1703;-0,0175;0,2298;0,5181;10;0
10,6315;12,4756;49,0572;26,4741;-0,0000;14,4687;192,4756;338,985;75,000;0,000;50,000;1,7825;-4,9211;11,9281;-0,0001;-7,0069;1,7826;0,5013;0,9445;-1,1667;0,0000;0,2222;0,5013;10;0
10,6376;12,4866;49,0271;26,5472;0,0000;14,4258;192,4866;338,679;75,000;0,000;50,000;1,7856;-4,9153;11,9209;0,0000;-7,0056;1,7856;0,5028;0,9434;-1,1628;-0,0036;0,2136;0,5066;10;0
10,6437;12,4975;48,9970;26,6201;0,0000;14,3829;192,4975;338,373;75,000;0,000;50,000;1,7887;-4,9095;11,9138;-0,0001;-7,0043;1,7888;0,5039;0,9438;-1,1625;-0,0001;0,2187;0,5040;10;0
10,6498;12,5085;48,9670;26,6931;0,0000;14,3400;192,5085;338,067;75,000;0,000;50,000;1,7918;-4,9037;11,9067;-0,0000;-7,0030;1,7918;0,5047;0,9437;-1,1610;0,0081;0,2193;0,4966;10;0
10,6560;12,5194;48,9369;26,7660;0,0000;14,2971;192,5194;337,761;75,000;0,000;50,000;1,7949;-4,8980;11,8996;-0,0000;-7,0016;1,7949;0,5064;0,9431;-1,1584;0,0000;0,2152;0,5064;10;0
10,6621;12,5304;48,9070;26,8388;-0,0000;14,2542;192,5304;337,454;75,000;0,000;50,000;1,7980;-4,8922;11,8925;-0,0000;-7,0003;1,7980;0,5077;0,9428;-1,1564;0,0003;0,2140;0,5074;10;0
10,6682;12,5415;48,8770;26,9116;0,0000;14,2113;192,5415;337,148;75,000;0,000;50,000;1,8011;-4,8864;11,8854;0,0000;-6,9990;1,8011;0,5087;0,9424;-1,1541;0,0061;0,2112;0,5027;10;0
10,6743;12,5525;48,8471;26,9844;-0,0000;14,1685;192,5525;336,842;75,000;0,000;50,000;1,8042;-4,8806;11,8784;0,0001;-6,9977;1,8041;0,5103;0,9421;-1,1521;-0,0001;0,2099;0,5105;10;0
10,6805;12,5636;48,8172;27,0571;0,0000;14,1256;192,5636;336,536;75,000;0,000;50,000;1,8073;-4,8749;11,8713;0,0000;-6,9964;1,8073;0,5122;0,9420;-1,1506;-0,0109;0,2100;0,5228;10;0
10,6866;12,5746;48,7874;27,1298;-0,0000;14,0828;192,5746;336,230;75,000;0,000;50,000;1,8105;-4,8691;11,8643;-0,0001;-6,9952;1,8105;0,5129;0,9415;-1,1481;-0,0000;0,2067;0,5130;10;0
10,6927;12,5857;48,7576;27,2024;0,0000;14,0399;192,5857;335,923;75,000;0,000;50,000;1,8136;-4,8633;11,8572;0,0000;-6,9939;1,8136;0,5141;0,9410;-1,1457;0,0032;0,2033;0,5110;10;0
10,6988;12,5969;48,7278;27,2750;0,0000;13,9971;192,5969;335,617;75,000;0,000;50,000;1,8168;-4,8576;11,8502;-0,0000;-6,9927;1,8168;0,5156;0,9409;-1,1441;-0,0000;0,2032;0,5156;10;0
10,7050;12,6080;48,6981;27,3476;-0,0000;13,9543;192,6080;335,311;75,000;0,000;50,000;1,8199;-4,8518;11,8432;-0,0000;-6,9914;1,8199;0,5168;0,9407;-1,1423;0,0019;0,2020;0,5149;10;0
10,7111;12,6192;48,6684;27,4201;-0,0000;13,9115;192,6192;335,005;75,000;0,000;50,000;1,8231;-4,8460;11,8362;0,0000;-6,9902;1,8231;0,5184;0,9402;-1,1399;-0,0027;0,1988;0,5212;10;0
10,7172;12,6303;48,6388;27,4926;0,0000;13,8687;192,6303;334,698;75,000;0,000;50,000;1,8263;-4,8403;11,8293;-0,0000;-6,9890;1,8263;0,5196;0,9400;-1,1382;-0,0003;0,1981;0,5199;10;0
10,7233;12,6415;48,6091;27,5650;-0,0000;13,8259;192,6415;334,392;75,000;0,000;50,000;1,8295;-4,8345;11,8223;-0,0000;-6,9878;1,8295;0,5207;0,9400;-1,1367;0,0043;0,1985;0,5163;10;0
10,7295;12,6527;48,5795;27,6374;0,0000;13,7831;192,6527;334,086;75,000;0,000;50,000;1,8327;-4,8288;11,8154;0,0000;-6,9866;1,8326;0,5222;0,9395;-1,1342;0,0000;0,1947;0,5222;10;0
10,7356;12,6640;48,5500;27,7097;-0,0000;13,7403;192,6640;333,780;75,000;0,000;50,000;1,8359;-4,8230;11,8084;-0,0000;-6,9854;1,8359;0,5236;0,9391;-1,1320;-0,0002;0,1918;0,5239;10;0
10,7417;12,6752;48,5205;27,7820;-0,0000;13,6975;192,6752;333,474;75,000;0,000;50,000;1,8391;-4,8173;11,8015;0,0000;-6,9842;1,8391;0,5249;0,9390;-1,1303;0,0000;0,1913;0,5249;10;0
10,7478;12,6865;48,4910;27,8543;0,0000;13,6548;192,6865;333,167;75,000;0,000;50,000;1,8423;-4,8115;11,7946;0,0000;-6,9830;1,8423;0,5264;0,9388;-1,1284;-0,0014;0,1897;0,5278;10;0
10,7540;12,6978;48,4615;27,9265;0,0000;13,6120;192,6978;332,861;75,000;0,000;50,000;1,8455;-4,8058;11,7877;-0,0000;-6,9819;1,8455;0,5277;0,9385;-1,1265;-0,0000;0,1879;0,5277;10;0
10,7601;12,7091;48,4321;27,9986;-0,0000;13,5693;192,7091;332,555;75,000;0,000;50,000;1,8488;-4,8000;11,7808;-0,0000;-6,9807;1,8488;0,5290;0,9383;-1,1245;-0,0005;0,1860;0,5296;10;0
10,7662;12,7204;48,4027;28,0708;0,0000;13,5265;192,7204;332,249;75,000;0,000;50,000;1,8520;-4,7943;11,7739;-0,0000;-6,9796;1,8520;0,5304;0,9381;-1,1226;-0,0000;0,1845;0,5304;10;0
10,7723;12,7318;48,3734;28,1428;-0,0000;13,4838;192,7318;331,943;75,000;0,000;50,000;1,8553;-4,7885;11,7670;-0,0000;-6,9785;1,8553;0,5317;0,9379;-1,1209;0,0012;0,1834;0,5306;10;0
10,7785;12,7432;48,3441;28,2149;0,0000;13,4410;192,7432;331,636;75,000;0,000;50,000;1,8585;-4,7828;11,7602;0,0000;-6,9774;1,8585;0,5331;0,9377;-1,1188;0,0000;0,1812;0,5331;10;0
10,7846;12,7545;48,3148;28,2869;-0,0000;13,3983;192,7545;331,330;75,000;0,000;50,000;1,8618;-4,7771;11,7533;-0,0000;-6,9763;1,8618;0,5345;0,9374;-1,1169;-0,0005;0,1792;0,5350;10;0
10,7907;12,7660;48,2856;28,3588;-0,0000;13,3556;192,7660;331,024;75,000;0,000;50,000;1,8651;-4,7713;11,7465;0,0000;-6,9752;1,8651;0,5359;0,9373;-1,1151;0,0000;0,1778;0,5359;10;0
10,7968;12,7774;48,2564;28,4308;0,0000;13,3129;192,7774;330,718;75,000;0,000;50,000;1,8684;-4,7656;11,7397;0,0000;-6,9741;1,8684;0,5373;0,9371;-1,1131;-0,0007;0,1759;0,5381;10;0
10,8029;12,7888;48,2272;28,5026;0,0000;13,2702;192,7888;330,412;75,000;0,000;50,000;1,8716;-4,7598;11,7329;-0,0000;-6,9730;1,8717;0,5387;0,9369;-1,1113;-0,0000;0,1744;0,5387;10;0
10,8091;12,8003;48,1981;28,5745;-0,0000;13,2275;192,8003;330,105;75,000;0,000;50,000;1,8750;-4,7541;11,7260;-0,0000;-6,9719;1,8750;0,5400;0,9368;-1,1096;0,0012;0,1733;0,5388;10;0
10,8152;12,8118;48,1690;28,6463;0,0000;13,1848;192,8118;329,799;75,000;0,000;50,000;1,8783;-4,7484;11,7193;0,0000;-6,9709;1,8783;0,5415;0,9366;-1,1076;0,0000;0,1711;0,5415;10;0
10,8213;12,8233;48,1399;28,7180;-0,0000;13,1421;192,8233;329,493;75,000;0,000;50,000;1,8816;-4,7426;11,7125;-0,0000;-6,9699;1,8816;0,5429;0,9364;-1,1057;-0,0005;0,1691;0,5434;10;0
10,8274;12,8349;48,1109;28,7897;-0,0000;13,0994;192,8349;329,187;75,000;0,000;50,000;1,8849;-4,7369;11,7057;0,0000;-6,9688;1,8849;0,5444;0,9362;-1,1039;-0,0011;0,1673;0,5455;10;0
10,8336;12,8464;48,0819;28,8614;0,0000;13,0567;192,8464;328,881;75,000;0,000;50,000;1,8883;-4,7312;11,6990;-0,0000;-6,9678;1,8883;0,5458;0,9361;-1,1021;-0,0001;0,1661;0,5459;10;0
10,8397;12,8580;48,0529;28,9330;-0,0000;13,0141;192,8580;328,574;75,000;0,000;50,000;1,8916;-4,7254;11,6922;-0,0000;-6,9668;1,8916;0,5471;0,9360;-1,1005;0,0019;0,1652;0,5451;10;0
10,8458;12,8696;48,0240;29,0046;0,0000;12,9714;192,8696;328,268;75,000;0,000;50,000;1,8950;-4,7197;11,6855;0,0000;-6,9658;1,8949;0,5486;0,9358;-1,0985;0,0000;0,1627;0,5486;10;0
10,8519;12,8812;47,9951;29,0761;-0,0000;12,9287;192,8812;327,962;75,000;0,000;50,000;1,8983;-4,7140;11,6788;-0,0000;-6,9648;1,8983;0,5501;0,9357;-1,0966;-0,0006;0,1606;0,5507;10;0
10,8581;12,8928;47,9663;29,1476;-0,0000;12,8861;192,8928;327,656;75,000;0,000;50,000;1,9017;-4,7082;11,6721;0,0000;-6,9638;1,9017;0,5515;0,9356;-1,0949;0,0000;0,1594;0,5515;10;0
10,8642;12,9045;47,9375;29,2191;0,0000;12,8434;192,9045;327,350;75,000;0,000;50,000;1,9051;-4,7025;11,6654;0,0000;-6,9628;1,9051;0,5530;0,9354;-1,0931;-0,0007;0,1575;0,5536;10;0
10,8703;12,9162;47,9087;29,2905;0,0000;12,8008;192,9162;327,043;75,000;0,000;50,000;1,9085;-4,6968;11,6587;-0,0000;-6,9619;1,9085;0,5544;0,9354;-1,0914;-0,0000;0,1560;0,5544;10;0
10,8764;12,9279;47,8799;29,3619;-0,0000;12,7582;192,9279;326,737;75,000;0,000;50,000;1,9119;-4,6911;11,6520;-0,0000;-6,9609;1,9119;0,5558;0,9353;-1,0898;0,0008;0,1549;0,5550;10;0
10,8826;12,9396;47,8512;29,4332;0,0000;12,7155;192,9396;326,431;75,000;0,000;50,000;1,9153;-4,6853;11,6453;0,0000;-6,9600;1,9153;0,5573;0,9352;-1,0879;0,0000;0,1527;0,5573;10;0
10,8887;12,9513;47,8226;29,5045;-0,0000;12,6729;192,9513;326,125;75,000;0,000;50,000;1,9187;-4,6796;11,6387;-0,0000;-6,9591;1,9187;0,5588;0,9350;-1,0861;-0,0003;0,1508;0,5591;10;0
10,8948;12,9631;47,7939;29,5758;-0,0000;12,6303;192,9631;325,819;75,000;0,000;50,000;1,9221;-4,6739;11,6320;0,0000;-6,9581;1,9221;0,5602;0,9350;-1,0844;0,0000;0,1494;0,5602;10;0
10,9009;12,9749;47,7653;29,6470;0,0000;12,5877;192,9749;325,512;75,000;0,000;50,000;1,9256;-4,6681;11,6254;0,0000;-6,9572;1,9256;0,5618;0,9349;-1,0826;-0,0005;0,1475;0,5623;10;0
10,9071;12,9867;47,7367;29,7182;0,0000;12,5451;192,9867;325,206;75,000;0,000;50,000;1,9290;-4,6624;11,6188;-0,0000;-6,9563;1,9290;0,5632;0,9349;-1,0809;-0,0000;0,1461;0,5632;10;0
10,9132;12,9985;47,7082;29,7893;-0,0000;12,5025;192,9985;324,900;75,000;0,000;50,000;1,9324;-4,6567;11,6121;-0,0000;-6,9554;1,9324;0,5647;0,9348;-1,0793;0,0008;0,1449;0,5638;10;0
10,9193;13,0103;47,6797;29,8604;0,0000;12,4599;193,0103;324,594;75,000;0,000;50,000;1,9359;-4,6510;11,6055;0,0000;-6,9546;1,9359;0,5653;0,9346;-1,0771;0,0197;0,1410;0,5457;10;0
10,9254;13,0222;47,6512;29,9315;-0,0000;12,4173;193,0222;324,287;75,000;0,000;50,000;1,9394;-4,6452;11,5989;0,0002;-6,9537;1,9391;0,5677;0,9347;-1,0757;-0,0004;0,1408;0,5681;10;0
10,9316;13,0341;47,6228;30,0025;0,0000;12,3747;193,0341;323,981;75,000;0,000;50,000;1,9429;-4,6395;11,5924;0,0000;-6,9528;1,9429;0,5710;0,9350;-1,0750;-0,0394;0,1429;0,6101;10;0
10,9377;13,0460;47,5944;30,0734;-0,0000;12,3322;193,0460;323,675;75,000;0,000;50,000;1,9464;-4,6338;11,5858;-0,0002;-6,9520;1,9466;0,5707;0,9346;-1,0724;-0,0006;0,1376;0,5714;10;0
10,9438;13,0579;47,5660;30,1444;0,0000;12,2896;193,0579;323,369;75,000;0,000;50,000;1,9499;-4,6281;11,5792;-0,0000;-6,9511;1,9499;0,5713;0,9344;-1,0703;0,0197;0,1344;0,5518;10;0
10,9499;13,0699;47,5377;30,2153;-0,0000;12,2470;193,0699;323,063;75,000;0,000;50,000;1,9534;-4,6224;11,5727;-0,0000;-6,9503;1,9534;0,5737;0,9346;-1,0692;0,0012;0,1350;0,5724;10;0
10,9561;13,0818;47,5094;30,2861;0,0000;12,2045;193,0818;322,756;75,000;0,000;50,000;1,9569;-4,6166;11,5661;0,0000;-6,9495;1,9569;0,5752;0,9346;-1,0674;0,0000;0,1329;0,5752;10;0
10,9622;13,0938;47,4812;30,3569;-0,0000;12,1619;193,0938;322,450;75,000;0,000;50,000;1,9604;-4,6109;11,5596;-0,0000;-6,9487;1,9604;0,5768;0,9345;-1,0657;-0,0005;0,1309;0,5773;10;0
10,9683;13,1059;47,4530;30,4277;-0,0000;12,1193;193,1059;322,144;75,000;0,000;50,000;1,9639;-4,6052;11,5531;0,0000;-6,9479;1,9639;0,5783;0,9345;-1,0641;-0,0008;0,1293;0,5791;10;0
10,9744;13,1179;47,4248;30,4984;0,0000;12,0768;193,1179;321,838;75,000;0,000;50,000;1,9675;-4,5995;11,5466;-0,0000;-6,9471;1,9675;0,5798;0,9346;-1,0625;-0,0001;0,1279;0,5800;10;0
10,9805;13,1300;47,3966;30,5691;-0,0000;12,0343;193,1300;321,532;75,000;0,000;50,000;1,9710;-4,5937;11,5401;-0,0000;-6,9463;1,9710;0,5813;0,9346;-1,0610;0,0016;0,1267;0,5797;10;0
10,9867;13,1420;47,3685;30,6398;0,0000;11,9917;193,1420;321,225;75,000;0,000;50,000;1,9746;-4,5880;11,5336;0,0000;-6,9456;1,9746;0,5829;0,9346;-1,0592;0,0000;0,1246;0,5829;10;0
10,9928;13,1541;47,3404;30,7104;0,0000;11,9492;193,1541;320,919;75,000;0,000;50,000;1,9782;-4,5823;11,5271;0,0000;-6,9448;1,9782;0,5845;0,9346;-1,0575;-0,0008;0,1228;0,5853;10;0
10,9989;13,1663;47,3124;30,7810;0,0000;11,9067;193,1663;320,613;75,000;0,000;50,000;1,9818;-4,5766;11,5206;0,0000;-6,9440;1,9818;0,5861;0,9346;-1,0559;-0,0008;0,1211;0,5869;10;0
11,0050;13,1784;47,2844;30,8515;0,0000;11,8641;193,1784;320,307;75,000;0,000;50,000;1,9854;-4,5708;11,5142;-0,0000;-6,9433;1,9854;0,5876;0,9347;-1,0544;-0,0000;0,1197;0,5876;10;0
11,0112;13,1906;47,2564;30,9220;-0,0000;11,8216;193,1906;320,001;75,000;0,000;50,000;1,9890;-4,5651;11,5077;-0,0000;-6,9426;1,9890;0,5891;0,9348;-1,0529;0,0015;0,1186;0,5876;10;0
11,0173;13,2028;47,2285;30,9924;0,0000;11,7791;193,2028;319,694;75,000;0,000;50,000;1,9926;-4,5594;11,5013;0,0000;-6,9419;1,9926;0,5908;0,9348;-1,0512;0,0000;0,1164;0,5908;10;0
11,0234;13,2150;47,2006;31,0629;-0,0000;11,7366;193,2150;319,388;75,000;0,000;50,000;1,9962;-4,5537;11,4948;-0,0000;-6,9412;1,9962;0,5924;0,9348;-1,0496;-0,0005;0,1145;0,5929;10;0
11,0295;13,2272;47,1727;31,1332;-0,0000;11,6941;193,2272;319,082;75,000;0,000;50,000;1,9998;-4,5479;11,4884;0,0000;-6,9405;1,9998;0,5939;0,9349;-1,0481;0,0000;0,1132;0,5939;10;0
11,0357;13,2395;47,1448;31,2036;0,0000;11,6516;193,2395;318,776;75,000;0,000;50,000;2,0035;-4,5422;11,4820;0,0000;-6,9398;2,0035;0,5956;0,9349;-1,0464;-0,0010;0,1113;0,5966;10;0
11,0418;13,2518;47,1170;31,2739;0,0000;11,6091;193,2518;318,470;75,000;0,000;50,000;2,0071;-4,5365;11,4756;-0,0000;-6,9391;2,0071;0,5971;0,9350;-1,0449;-0,0000;0,1099;0,5971;10;0
11,0479;13,2641;47,0893;31,3441;-0,0000;11,5666;193,2641;318,163;75,000;0,000;50,000;2,0108;-4,5308;11,4692;-0,0000;-6,9384;2,0108;0,5987;0,9352;-1,0435;0,0016;0,1088;0,5971;10;0
11,0540;13,2764;47,0616;31,4143;0,0000;11,5241;193,2764;317,857;75,000;0,000;50,000;2,0145;-4,5250;11,4628;0,0000;-6,9378;2,0145;0,6003;0,9352;-1,0418;0,0000;0,1066;0,6003;10;0
11,0602;13,2887;47,0339;31,4845;-0,0000;11,4816;193,2887;317,551;75,000;0,000;50,000;2,0181;-4,5193;11,4564;-0,0000;-6,9371;2,0181;0,6020;0,9353;-1,0402;-0,0006;0,1047;0,6026;10;0
11,0663;13,3011;47,0062;31,5547;-0,0000;11,4391;193,3011;317,245;75,000;0,000;50,000;2,0218;-4,5136;11,4501;0,0000;-6,9365;2,0218;0,6036;0,9354;-1,0387;-0,0015;0,1029;0,6052;10;0
11,0724;13,3135;46,9786;31,6248;0,0000;11,3967;193,3135;316,939;75,000;0,000;50,000;2,0255;-4,5079;11,4437;-0,0000;-6,9359;2,0256;0,6052;0,9355;-1,0373;-0,0002;0,1018;0,6054;10;0
11,0785;13,3259;46,9510;31,6948;-0,0000;11,3542;193,3259;316,632;75,000;0,000;50,000;2,0293;-4,5021;11,4374;-0,0000;-6,9352;2,0293;0,6067;0,9357;-1,0360;0,0025;0,1012;0,6042;10;0
11,0847;13,3384;46,9234;31,7649;0,0000;11,3117;193,3384;316,326;75,000;0,000;50,000;2,0330;-4,4964;11,4310;0,0000;-6,9346;2,0330;0,6085;0,9358;-1,0342;0,0000;0,0985;0,6085;10;0
11,0908;13,3508;46,8959;31,8348;-0,0000;11,2692;193,3508;316,020;75,000;0,000;50,000;2,0367;-4,4907;11,4247;-0,0000;-6,9340;2,0367;0,6101;0,9358;-1,0326;-0,0004;0,0963;0,6105;10;0
11,0969;13,3633;46,8684;31,9048;-0,0000;11,2268;193,3633;315,714;75,000;0,000;50,000;2,0404;-4,4849;11,4184;0,0000;-6,9334;2,0404;0,6121;0,9358;-1,0307;-0,0069;0,0928;0,6190;10;0
11,1030;13,3758;46,8410;31,9747;0,0000;11,1843;193,3758;315,408;75,000;0,000;50,000;2,0442;-4,4792;11,4121;-0,0001;-6,9329;2,0443;0,6135;0,9362;-1,0298;-0,0006;0,0936;0,6140;10;0
11,1092;13,3883;46,8136;32,0446;-0,0000;11,1419;193,3883;315,101;75,000;0,000;50,000;2,0480;-4,4735;11,4058;0,0000;-6,9323;2,0480;0,6150;0,9369;-1,0297;0,0019;0,0976;0,6130;10;0
11,1153;13,4009;46,7862;32,1144;0,0000;11,0994;193,4009;314,795;75,000;0,000;50,000;2,0517;-4,4677;11,3995;-0,0001;-6,9317;2,0518;0,6168;0,9365;-1,0268;-0,0001;0,0904;0,6168;10;0
11,1214;13,4135;46,7588;32,1842;-0,0000;11,0570;193,4135;314,489;75,000;0,000;50,000;2,0555;-4,4620;11,3932;-0,0000;-6,9312;2,0555;0,6174;0,9365;-1,0249;0,0238;0,0870;0,5937;10;0
11,1275;13,4261;46,7315;32,2539;-0,0000;11,0145;193,4261;314,183;75,000;0,000;50,000;2,0593;-4,4563;11,3869;0,0002;-6,9306;2,0591;0,6201;0,9368;-1,0239;0,0001;0,0871;0,6200;10;0
11,1337;13,4387;46,7043;32,3237;0,0000;10,9721;193,4387;313,876;75,000;0,000;50,000;2,0631;-4,4505;11,3806;0,0000;-6,9301;2,0631;0,6234;0,9367;-1,0217;-0,0368;0,0824;0,6603;10;0
11,1398;13,4513;46,6770;32,3933;0,0000;10,9296;193,4513;313,570;75,000;0,000;50,000;2,0669;-4,4448;11,3744;-0,0002;-6,9296;2,0672;0,6235;0,9372;-1,0210;-0,0001;0,0839;0,6236;10;0
11,1459;13,4640;46,6498;32,4630;-0,0000;10,8872;193,4640;313,264;75,000;0,000;50,000;2,0707;-4,4390;11,3681;-0,0000;-6,9291;2,0707;0,6237;0,9376;-1,0203;0,0352;0,0852;0,5884;10;0
11,1520;13,4767;46,6227;32,5326;-0,0000;10,8448;193,4767;312,958;75,000;0,000;50,000;2,0746;-4,4333;11,3619;0,0002;-6,9286;2,0744;0,6269;0,9375;-1,0182;0,0001;0,0806;0,6268;10;0
11,1581;13,4894;46,5955;32,6021;0,0000;10,8023;193,4894;312,652;75,000;0,000;50,000;2,0784;-4,4276;11,3557;0,0000;-6,9281;2,0784;0,6299;0,9375;-1,0160;-0,0318;0,0761;0,6619;10;0
11,1643;13,5022;46,5684;32,6717;0,0000;10,7599;193,5022;312,345;75,000;0,000;50,000;2,0823;-4,4218;11,3494;-0,0002;-6,9276;2,0825;0,6303;0,9379;-1,0153;-0,0001;0,0774;0,6304;10;0
11,1704;13,5149;46,5414;32,7412;-0,0000;10,7175;193,5149;312,039;75,000;0,000;50,000;2,0861;-4,4161;11,3432;-0,0000;-6,9272;2,0861;0,6309;0,9384;-1,0145;0,0270;0,0780;0,6038;10;0
11,1765;13,5277;46,5143;32,8106;-0,0000;10,6751;193,5277;311,733;75,000;0,000;50,000;2,0900;-4,4103;11,3370;0,0002;-6,9267;2,0899;0,6338;0,9384;-1,0125;0,0001;0,0741;0,6337;10;0
11,1826;13,5405;46,4873;32,8800;0,0000;10,6326;193,5405;311,427;75,000;0,000;50,000;2,0939;-4,4046;11,3308;0,0000;-6,9262;2,0939;0,6363;0,9384;-1,0107;-0,0191;0,0707;0,6555;10;0
11,1888;13,5534;46,4604;32,9494;0,0000;10,5902;193,5534;311,121;75,000;0,000;50,000;2,0978;-4,3988;11,3246;-0,0001;-6,9258;2,0979;0,6372;0,9388;-1,0097;-0,0000;0,0709;0,6373;10;0
11,1949;13,5662;46,4335;33,0187;-0,0000;10,5478;193,5662;310,814;75,000;0,000;50,000;2,1017;-4,3931;11,3185;-0,0000;-6,9254;2,1017;0,6386;0,9392;-1,0086;0,0106;0,0704;0,6280;10;0
11,2010;13,5791;46,4066;33,0880;-0,0000;10,5054;193,5791;310,508;75,000;0,000;50,000;2,1056;-4,3873;11,3123;0,0000;-6,9250;2,1056;0,6407;0,9393;-1,0070;0,0000;0,0677;0,6407;10;0
11,2071;13,5920;46,3797;33,1573;0,0000;10,4630;193,5920;310,202;75,000;0,000;50,000;2,1096;-4,3816;11,3061;0,0000;-6,9246;2,1096;0,6427;0,9396;-1,0056;-0,0043;0,0658;0,6470;10;0
11,2133;13,6049;46,3529;33,2265;0,0000;10,4206;193,6049;309,896;75,000;0,000;50,000;2,1135;-4,3758;11,3000;-0,0000;-6,9242;2,1135;0,6438;0,9398;-1,0041;0,0113;0,0639;0,6323;10;0
11,2194;13,6179;46,3261;33,2957;-0,0000;10,3782;193,6179;309,590;75,000;0,000;50,000;2,1174;-4,3701;11,2938;0,0001;-6,9238;2,1173;0,6460;0,9401;-1,0030;0,0005;0,0630;0,6455;10;0
11,2255;13,6309;46,2994;33,3648;0,0000;10,3358;193,6309;309,283;75,000;0,000;50,000;2,1214;-4,3643;11,2877;0,0000;-6,9234;2,1214;0,6485;0,9407;-1,0023;-0,0178;0,0643;0,6666;10;0
11,2316;13,6439;46,2727;33,4339;-0,0000;10,2934;193,6439;308,977;75,000;0,000;50,000;2,1254;-4,3585;11,2815;-0,0001;-6,9230;2,1255;0,6496;0,9407;-1,0002;0,0000;0,0596;0,6496;10;0
11,2378;13,6569;46,2460;33,5030;0,0000;10,2510;193,6569;308,671;75,000;0,000;50,000;2,1294;-4,3528;11,2754;0,0000;-6,9227;2,1294;0,6516;0,9405;-0,9979;-0,0061;0,0537;0,6577;10;0
11,2439;13,6700;46,2194;33,5720;0,0000;10,2086;193,6700;308,365;75,000;0,000;50,000;2,1334;-4,3470;11,2693;-0,0002;-6,9223;2,1335;0,6532;0,9412;-0,9976;-0,0001;0,0563;0,6533;10;0
11,2500;13,6830;46,1928;33,6410;-0,0000;10,1662;193,6830;308,059;75,000;0,000;50,000;2,1374;-4,3413;11,2632;-0,0000;-6,9220;2,1374;0,6541;0,9418;-0,9968;0,0225;0,0570;0,6315;10;0
11,2561;13,6961;46,1662;33,7100;-0,0000;10,1238;193,6961;307,752;75,000;0,000;50,000;2,1414;-4,3355;11,2571;0,0001;-6,9216;2,1413;0,6568;0,9418;-0,9949;0,0001;0,0531;0,6568;10;0
11,2623;13,7093;46,1397;33,7789;0,0000;10,0814;193,7093;307,446;75,000;0,000;50,000;2,1454;-4,3297;11,2510;0,0000;-6,9213;2,1454;0,6592;0,9420;-0,9933;-0,0139;0,0499;0,6731;10;0
11,2684;13,7224;46,1132;33,8478;0,0000;10,0390;193,7224;307,140;75,000;0,000;50,000;2,1495;-4,3239;11,2450;-0,0000;-6,9210;2,1495;0,6604;0,9425;-0,9923;-0,0000;0,0499;0,6605;10;0
11,2745;13,7356;46,0867;33,9166;-0,0000;9,9967;193,7356;306,834;75,000;0,000;50,000;2,1535;-4,3182;11,2389;-0,0000;-6,9207;2,1535;0,6621;0,9429;-0,9913;0,0057;0,0492;0,6563;10;0
11,2806;13,7488;46,0603;33,9855;-0,0000;9,9543;193,7488;306,528;75,000;0,000;50,000;2,1576;-4,3124;11,2328;0,0000;-6,9204;2,1575;0,6641;0,9431;-0,9898;0,0000;0,0467;0,6641;10;0
11,2868;13,7620;46,0339;34,0542;0,0000;9,9119;193,7620;306,221;75,000;0,000;50,000;2,1616;-4,3066;11,2268;0,0000;-6,9201;2,1616;0,6660;0,9435;-0,9885;-0,0019;0,0450;0,6679;10;0
11,2929;13,7753;46,0075;34,1230;-0,0000;9,8695;193,7753;305,915;75,000;0,000;50,000;2,1657;-4,3008;11,2207;-0,0000;-6,9199;2,1657;0,6679;0,9438;-0,9872;-0,0016;0,0433;0,6695;10;0
11,2990;13,7886;45,9812;34,1917;0,0000;9,8271;193,7886;305,609;75,000;0,000;50,000;2,1698;-4,2951;11,2147;-0,0000;-6,9196;2,1698;0,6697;0,9442;-0,9860;0,0001;0,0419;0,6696;10;0
11,3051;13,8019;45,9549;34,2603;-0,0000;9,7848;193,8019;305,303;75,000;0,000;50,000;2,1739;-4,2893;11,2086;-0,0000;-6,9193;2,1739;0,6714;0,9445;-0,9848;0,0030;0,0405;0,6684;10;0
11,3113;13,8152;45,9287;34,3289;0,0000;9,7424;193,8152;304,997;75,000;0,000;50,000;2,1780;-4,2835;11,2026;0,0000;-6,9191;2,1780;0,6734;0,9449;-0,9835;0,0000;0,0386;0,6734;10;0
11,3174;13,8285;45,9025;34,3975;-0,0000;9,7000;193,8285;304,690;75,000;0,000;50,000;2,1822;-4,2777;11,1966;-0,0000;-6,9189;2,1822;0,6753;0,9452;-0,9822;-0,0011;0,0367;0,6765;10;0
11,3235;13,8419;45,8763;34,4661;-0,0000;9,6576;193,8419;304,384;75,000;0,000;50,000;2,1863;-4,2719;11,1906;0,0000;-6,9187;2,1863;0,6773;0,9456;-0,9808;-0,0045;0,0346;0,6818;10;0
11,3296;13,8553;45,8501;34,5346;0,0000;9,6153;193,8553;304,078;75,000;0,000;50,000;2,1905;-4,2661;11,1846;-0,0001;-6,9185;2,1905;0,6791;0,9460;-0,9798;-0,0003;0,0338;0,6793;10;0
11,3357;13,8687;45,8240;34,6031;-0,0000;9,5729;193,8687;303,772;75,000;0,000;50,000;2,1946;-4,2603;11,1786;-0,0000;-6,9182;2,1946;0,6807;0,9466;-0,9790;0,0056;0,0340;0,6752;10;0
11,3419;13,8822;45,7979;34,6715;0,0000;9,5305;193,8822;303,465;75,000;0,000;50,000;2,1988;-4,2545;11,1726;0,0000;-6,9180;2,1988;0,6829;0,9468;-0,9773;-0,0000;0,0305;0,6829;10;0
11,3480;13,8957;45,7719;34,7399;-0,0000;9,4882;193,8957;303,159;75,000;0,000;50,000;2,2030;-4,2487;11,1666;-0,0000;-6,9179;2,2030;0,6846;0,9471;-0,9758;0,0033;0,0276;0,6814;10;0
11,3541;13,9092;45,7459;34,8083;-0,0000;9,4458;193,9092;302,853;75,000;0,000;50,000;2,2072;-4,2429;11,1606;0,0001;-6,9177;2,2071;0,6867;0,9476;-0,9749;0,0000;0,0273;0,6867;10;0
11,3602;13,9227;45,7199;34,8766;0,0000;9,4034;193,9227;302,547;75,000;0,000;50,000;2,2114;-4,2371;11,1547;0,0000;-6,9175;2,2114;0,6888;0,9480;-0,9737;-0,0056;0,0256;0,6944;10;0
11,3664;13,9363;45,6940;34,9449;0,0000;9,3611;193,9363;302,241;75,000;0,000;50,000;2,2156;-4,2313;11,1487;-0,0000;-6,9174;2,2156;0,6905;0,9484;-0,9725;-0,0000;0,0241;0,6906;10;0
11,3725;13,9498;45,6681;35,0132;-0,0000;9,3187;193,9498;301,934;75,000;0,000;50,000;2,2199;-4,2255;11,1427;-0,0000;-6,9172;2,2199;0,6924;0,9489;-0,9714;0,0013;0,0226;0,6911;10;0
11,3786;13,9634;45,6423;35,0814;0,0000;9,2764;193,9634;301,628;75,000;0,000;50,000;2,2241;-4,2197;11,1368;0,0000;-6,9171;2,2241;0,6944;0,9493;-0,9701;0,0000;0,0208;0,6944;10;0
11,3847;13,9771;45,6164;35,1496;0,0000;9,2340;193,9771;301,322;75,000;0,000;50,000;2,2284;-4,2139;11,1309;0,0000;-6,9170;2,2284;0,6964;0,9497;-0,9689;-0,0015;0,0190;0,6979;10;0
11,3909;13,9907;45,5906;35,2177;0,0000;9,1916;193,9907;301,016;75,000;0,000;50,000;2,2326;-4,2081;11,1249;-0,0000;-6,9169;2,2327;0,6984;0,9502;-0,9678;-0,0000;0,0176;0,6984;10;0
11,3970;14,0044;45,5649;35,2858;-0,0000;9,1493;194,0044;300,710;75,000;0,000;50,000;2,2369;-4,2022;11,1190;-0,0000;-6,9168;2,2369;0,7002;0,9507;-0,9668;0,0023;0,0164;0,6979;10;0
11,4031;14,0181;45,5392;35,3539;0,0000;9,1069;194,0181;300,403;75,000;0,000;50,000;2,2412;-4,1964;11,1131;0,0000;-6,9167;2,2412;0,7023;0,9511;-0,9655;0,0000;0,0144;0,7023;10;0
11,4092;14,0319;45,5135;35,4220;-0,0000;9,0646;194,0319;300,097;75,000;0,000;50,000;2,2455;-4,1906;11,1072;-0,0000;-6,9166;2,2455;0,7043;0,9516;-0,9643;-0,0006;0,0125;0,7050;10;0
11,4154;14,0456;45,4878;35,4900;-0,0000;9,0222;194,0456;299,791;75,000;0,000;50,000;2,2498;-4,1848;11,1013;0,0000;-6,9165;2,2498;0,7064;0,9520;-0,9629;-0,0032;0,0100;0,7096;10;0
11,4215;14,0594;45,4622;35,5579;0,0000;8,9798;194,0594;299,485;75,000;0,000;50,000;2,2542;-4,1789;11,0954;-0,0000;-6,9165;2,2542;0,7083;0,9526;-0,9621;-0,0003;0,0096;0,7086;10;0
11,4276;14,0733;45,4367;35,6259;-0,0000;8,9375;194,0733;299,179;75,000;0,000;50,000;2,2585;-4,1731;11,0895;0,0000;-6,9164;2,2585;0,7102;0,9533;-0,9615;0,0025;0,0103;0,7077;10;0
11,4337;14,0871;45,4111;35,6938;0,0000;8,8951;194,0871;298,872;75,000;0,000;50,000;2,2629;-4,1673;11,0836;-0,0000;-6,9163;2,2629;0,7123;0,9535;-0,9598;-0,0000;0,0063;0,7123;10;0
11,4399;14,1010;45,3856;35,7616;-0,0000;8,8528;194,1010;298,566;75,000;0,000;50,000;2,2672;-4,1614;11,0777;-0,0000;-6,9163;2,2672;0,7141;0,9539;-0,9584;0,0046;0,0032;0,7095;10;0
11,4460;14,1149;45,3602;35,8294;-0,0000;8,8104;194,1149;298,260;75,000;0,000;50,000;2,2716;-4,1556;11,0719;0,0000;-6,9163;2,2716;0,7164;0,9545;-0,9576;-0,0014;0,0029;0,7178;10;0
11,4521;14,1288;45,3347;35,8972;0,0000;8,7681;194,1288;297,954;75,000;0,000;50,000;2,2760;-4,1497;11,0660;-0,0000;-6,9163;2,2760;0,7185;0,9551;-0,9565;-0,0039;0,0016;0,7224;10;0
11,4582;14,1427;45,3093;35,9650;-0,0000;8,7257;194,1427;297,648;75,000;0,000;50,000;2,2804;-4,1439;11,0602;-0,0000;-6,9163;2,2804;0,7203;0,9556;-0,9555;0,0025;0,0002;0,7178;10;0
11,4644;14,1567;45,2840;36,0327;0,0000;8,6833;194,1567;297,341;75,000;0,000;50,000;2,2848;-4,1380;11,0543;0,0000;-6,9163;2,2848;0,7225;0,9561;-0,9543;0,0000;-0,0018;0,7225;10;0
11,4705;14,1707;45,2586;36,1004;-0,0000;8,6410;194,1707;297,035;75,000;0,000;50,000;2,2893;-4,1322;11,0485;-0,0000;-6,9163;2,2893;0,7245;0,9566;-0,9532;-0,0007;-0,0037;0,7253;10;0
11,4766;14,1848;45,2334;36,1680;-0,0000;8,5986;194,1848;296,729;75,000;0,000;50,000;2,2937;-4,1263;11,0426;0,0000;-6,9163;2,2937;0,7267;0,9571;-0,9519;-0,0036;-0,0062;0,7303;10;0
11,4827;14,1988;45,2081;36,2356;0,0000;8,5563;194,1988;296,423;75,000;0,000;50,000;2,2982;-4,1204;11,0368;-0,0000;-6,9164;2,2982;0,7287;0,9577;-0,9511;-0,0004;-0,0066;0,7290;10;0
11,4888;14,2129;45,1829;36,3032;-0,0000;8,5139;194,2129;296,117;75,000;0,000;50,000;2,3026;-4,1146;11,0310;0,0000;-6,9164;2,3026;0,7307;0,9585;-0,9506;0,0023;-0,0058;0,7284;10;0
11,4950;14,2270;45,1577;36,3707;0,0000;8,4716;194,2270;295,810;75,000;0,000;50,000;2,3071;-4,1087;11,0252;-0,0000;-6,9165;2,3071;0,7328;0,9589;-0,9490;-0,0000;-0,0099;0,7329;10;0
11,5011;14,2412;45,1326;36,4382;-0,0000;8,4292;194,2412;295,504;75,000;0,000;50,000;2,3116;-4,1028;11,0194;-0,0000;-6,9165;2,3116;0,7347;0,9593;-0,9475;0,0064;-0,0131;0,7283;10;0
11,5072;14,2553;45,1075;36,5057;-0,0000;8,3868;194,2553;295,198;75,000;0,000;50,000;2,3161;-4,0970;11,0136;0,0001;-6,9166;2,3161;0,7371;0,9600;-0,9468;-0,0015;-0,0133;0,7386;10;0
11,5133;14,2695;45,0824;36,5731;0,0000;8,3445;194,2695;294,892;75,000;0,000;50,000;2,3206;-4,0911;11,0078;-0,0000;-6,9167;2,3207;0,7393;0,9606;-0,9459;-0,0050;-0,0145;0,7443;10;0
11,5195;14,2838;45,0573;36,6405;-0,0000;8,3021;194,2838;294,586;75,000;0,000;50,000;2,3252;-4,0852;11,0020;-0,0000;-6,9168;2,3252;0,7412;0,9612;-0,9449;0,0027;-0,0160;0,7385;10;0
11,5256;14,2980;45,0323;36,7079;0,0000;8,2598;194,2980;294,279;75,000;0,000;50,000;2,3297;-4,0793;10,9962;0,0000;-6,9169;2,3297;0,7434;0,9618;-0,9438;0,0000;-0,0180;0,7434;10;0
11,5317;14,3123;45,0074;36,7752;-0,0000;8,2174;194,3123;293,973;75,000;0,000;50,000;2,3343;-4,0734;10,9904;-0,0000;-6,9170;2,3343;0,7455;0,9623;-0,9427;-0,0007;-0,0199;0,7463;10;0
11,5378;14,3266;44,9825;36,8425;-0,0000;8,1751;194,3266;293,667;75,000;0,000;50,000;2,3389;-4,0675;10,9846;0,0000;-6,9171;2,3388;0,7478;0,9628;-0,9414;-0,0044;-0,0226;0,7522;10;0
11,5440;14,3409;44,9576;36,9098;0,0000;8,1327;194,3409;293,361;75,000;0,000;50,000;2,3434;-4,0616;10,9789;-0,0001;-6,9173;2,3435;0,7498;0,9636;-0,9408;-0,0004;-0,0228;0,7502;10;0
11,5501;14,3553;44,9327;36,9770;-0,0000;8,0903;194,3553;293,054;75,000;0,000;50,000;2,3480;-4,0557;10,9731;0,0000;-6,9174;2,3480;0,7519;0,9645;-0,9405;0,0011;-0,0215;0,7509;10;0
11,5562;14,3697;44,9079;37,0442;0,0000;8,0480;194,3697;292,748;75,000;0,000;50,000;2,3527;-4,0498;10,9674;-0,0000;-6,9175;2,3527;0,7541;0,9648;-0,9387;-0,0001;-0,0261;0,7542;10;0
11,5623;14,3841;44,8831;37,1113;-0,0000;8,0056;194,3841;292,442;75,000;0,000;50,000;2,3573;-4,0439;10,9616;-0,0000;-6,9177;2,3573;0,7559;0,9654;-0,9375;0,0138;-0,0288;0,7421;10;0
11,5685;14,3986;44,8584;37,1784;-0,0000;7,9632;194,3986;292,136;75,000;0,000;50,000;2,3619;-4,0380;10,9559;0,0001;-6,9179;2,3618;0,7585;0,9661;-0,9368;0,0001;-0,0293;0,7584;10;0
11,5746;14,4131;44,8336;37,2455;0,0000;7,9209;194,4131;291,830;75,000;0,000;50,000;2,3666;-4,0321;10,9502;0,0000;-6,9181;2,3666;0,7612;0,9666;-0,9355;-0,0160;-0,0324;0,7772;10;0
11,5807;14,4276;44,8090;37,3125;0,0000;7,8785;194,4276;291,523;75,000;0,000;50,000;2,3712;-4,0261;10,9444;-0,0001;-6,9183;2,3713;0,7629;0,9674;-0,9348;-0,0000;-0,0326;0,7629;10;0
11,5868;14,4421;44,7843;37,3795;-0,0000;7,8361;194,4421;291,217;75,000;0,000;50,000;2,3759;-4,0202;10,9387;-0,0000;-6,9185;2,3759;0,7648;0,9682;-0,9341;0,0086;-0,0334;0,7562;10;0
11,5930;14,4567;44,7597;37,4465;-0,0000;7,7938;194,4567;290,911;75,000;0,000;50,000;2,3806;-4,0143;10,9330;0,0000;-6,9187;2,3806;0,7673;0,9687;-0,9329;0,0000;-0,0358;0,7673;10;0
11,5991;14,4713;44,7352;37,5135;0,0000;7,7514;194,4713;290,605;75,000;0,000;50,000;2,3853;-4,0083;10,9273;0,0000;-6,9189;2,3853;0,7697;0,9694;-0,9319;-0,0033;-0,0376;0,7729;10;0
11,6052;14,4859;44,7106;37,5804;0,0000;7,7090;194,4859;290,299;75,000;0,000;50,000;2,3900;-4,0024;10,9216;-0,0000;-6,9192;2,3900;0,7718;0,9701;-0,9310;0,0000;-0,0391;0,7718;10;0
11,6113;14,5005;44,6861;37,6472;0,0000;7,6666;194,5005;289,992;75,000;0,000;50,000;2,3948;-3,9965;10,9159;0,0000;-6,9194;2,3948;0,7741;0,9708;-0,9301;-0,0007;-0,0408;0,7747;10;0
11,6175;14,5152;44,6617;37,7141;0,0000;7,6243;194,5152;289,686;75,000;0,000;50,000;2,3995;-3,9905;10,9102;-0,0000;-6,9197;2,3995;0,7763;0,9715;-0,9291;-0,0000;-0,0424;0,7763;10;0
11,6236;14,5299;44,6373;37,7809;-0,0000;7,5819;194,5299;289,380;75,000;0,000;50,000;2,4043;-3,9846;10,9045;-0,0000;-6,9199;2,4043;0,7785;0,9722;-0,9283;0,0015;-0,0436;0,7770;10;0
11,6297;14,5447;44,6129;37,8476;0,0000;7,5395;194,5447;289,074;75,000;0,000;50,000;2,4090;-3,9786;10,8988;0,0000;-6,9202;2,4090;0,7808;0,9729;-0,9273;0,0000;-0,0456;0,7808;10;0
11,6358;14,5594;44,5885;37,9143;-0,0000;7,4971;194,5594;288,768;75,000;0,000;50,000;2,4138;-3,9726;10,8931;-0,0000;-6,9205;2,4138;0,7831;0,9736;-0,9263;-0,0003;-0,0475;0,7834;10;0
11,6420;14,5742;44,5642;37,9810;0,0000;7,4547;194,5742;288,461;75,000;0,000;50,000;2,4186;-3,9667;10,8875;0,0000;-6,9208;2,4186;0,7854;0,9743;-0,9255;0,0000;-0,0489;0,7854;10;0
11,6481;14,5891;44,5399;38,0477;0,0000;7,4124;194,5891;288,155;75,000;0,000;50,000;2,4235;-3,9607;10,8818;0,0000;-6,9211;2,4235;0,7877;0,9751;-0,9245;-0,0012;-0,0507;0,7889;10;0
11,6542;14,6039;44,5157;38,1143;0,0000;7,3700;194,6039;287,849;75,000;0,000;50,000;2,4283;-3,9547;10,8761;-0,0000;-6,9214;2,4283;0,7900;0,9758;-0,9237;-0,0000;-0,0521;0,7900;10;0
11,6603;14,6188;44,4915;38,1809;-0,0000;7,3276;194,6188;287,543;75,000;0,000;50,000;2,4331;-3,9488;10,8705;-0,0000;-6,9217;2,4331;0,7922;0,9766;-0,9229;0,0015;-0,0534;0,7907;10;0
11,6664;14,6337;44,4673;38,2475;0,0000;7,2852;194,6337;287,237;75,000;0,000;50,000;2,4380;-3,9428;10,8648;0,0000;-6,9221;2,4380;0,7946;0,9773;-0,9219;0,0000;-0,0554;0,7946;10;0
11,6726;14,6487;44,4432;38,3140;-0,0000;7,2428;194,6487;286,930;75,000;0,000;50,000;2,4429;-3,9368;10,8592;-0,0000;-6,9224;2,4429;0,7969;0,9780;-0,9210;-0,0003;-0,0573;0,7972;10;0
11,6787;14,6636;44,4191;38,3805;0,0000;7,2004;194,6636;286,624;75,000;0,000;50,000;2,4477;-3,9308;10,8536;0,0000;-6,9228;2,4477;0,7992;0,9787;-0,9199;0,0011;-0,0596;0,7981;10;0
11,6848;14,6786;44,3951;38,4469;-0,0000;7,1580;194,6786;286,318;75,000;0,000;50,000;2,4526;-3,9248;10,8479;0,0000;-6,9231;2,4526;0,8016;0,9796;-0,9193;-0,0003;-0,0603;0,8020;10;0
11,6909;14,6937;44,3711;38,5133;0,0000;7,1156;194,6937;286,012;75,000;0,000;50,000;2,4576;-3,9188;10,8423;-0,0000;-6,9235;2,4576;0,8040;0,9805;-0,9189;-0,0008;-0,0600;0,8048;10;0
11,6971;14,7087;44,3471;38,5797;-0,0000;7,0732;194,7087;285,706;75,000;0,000;50,000;2,4625;-3,9128;10,8367;0,0000;-6,9239;2,4625;0,8063;0,9812;-0,9176;0,0000;-0,0636;0,8063;10;0
11,7032;14,7238;44,3231;38,6461;0,0000;7,0308;194,7238;285,399;75,000;0,000;50,000;2,4674;-3,9068;10,8311;0,0000;-6,9243;2,4674;0,8088;0,9819;-0,9165;-0,0017;-0,0662;0,8104;10;0
11,7093;14,7390;44,2992;38,7124;-0,0000;6,9884;194,7390;285,093;75,000;0,000;50,000;2,4724;-3,9008;10,8254;-0,0000;-6,9247;2,4724;0,8111;0,9828;-0,9159;-0,0000;-0,0669;0,8111;10;0
11,7154;14,7541;44,2754;38,7787;0,0000;6,9460;194,7541;284,787;75,000;0,000;50,000;2,4774;-3,8947;10,8198;0,0000;-6,9251;2,4774;0,8134;0,9836;-0,9150;0,0013;-0,0686;0,8122;10;0
11,7216;14,7693;44,2515;38,8449;-0,0000;6,9036;194,7693;284,481;75,000;0,000;50,000;2,4824;-3,8887;10,8142;-0,0000;-6,9255;2,4824;0,8160;0,9844;-0,9142;-0,0030;-0,0703;0,8190;10;0
11,7277;14,7845;44,2277;38,9111;0,0000;6,8612;194,7845;284,175;75,000;0,000;50,000;2,4874;-3,8827;10,8086;-0,0000;-6,9260;2,4874;0,8183;0,9852;-0,9134;0,0001;-0,0718;0,8182;10;0
11,7338;14,7998;44,2040;38,9773;-0,0000;6,8187;194,7998;283,868;75,000;0,000;50,000;2,4924;-3,8767;10,8031;-0,0000;-6,9264;2,4924;0,8205;0,9860;-0,9126;0,0060;-0,0733;0,8145;10;0
11,7399;14,8150;44,1802;39,0434;0,0000;6,7763;194,8150;283,562;75,000;0,000;50,000;2,4974;-3,8706;10,7975;0,0000;-6,9269;2,4974;0,8231;0,9869;-0,9118;0,0000;-0,0751;0,8231;10;0
11,7461;14,8304;44,1566;39,1095;0,0000;6,7339;194,8304;283,256;75,000;0,000;50,000;2,5025;-3,8646;10,7919;0,0000;-6,9273;2,5025;0,8257;0,9877;-0,9109;-0,0040;-0,0770;0,8298;10;0
11,7522;14,8457;44,1329;39,1756;0,0000;6,6915;194,8457;282,950;75,000;0,000;50,000;2,5075;-3,8585;10,7863;-0,0000;-6,9278;2,5075;0,8280;0,9885;-0,9101;-0,0000;-0,0784;0,8280;10;0
11,7583;14,8611;44,1093;39,2417;-0,0000;6,6491;194,8611;282,643;75,000;0,000;50,000;2,5126;-3,8525;10,7807;-0,0000;-6,9283;2,5126;0,8304;0,9894;-0,9094;0,0017;-0,0797;0,8287;10;0
11,7644;14,8765;44,0857;39,3077;0,0000;6,6066;194,8765;282,337;75,000;0,000;50,000;2,5177;-3,8464;10,7752;0,0000;-6,9288;2,5177;0,8330;0,9903;-0,9086;0,0000;-0,0817;0,8330;10;0
11,7706;14,8919;44,0622;39,3736;-0,0000;6,5642;194,8919;282,031;75,000;0,000;50,000;2,5228;-3,8403;10,7696;-0,0000;-6,9293;2,5228;0,8354;0,9911;-0,9077;-0,0003;-0,0835;0,8357;10;0
11,7767;14,9074;44,0387;39,4396;0,0000;6,5217;194,9074;281,725;75,000;0,000;50,000;2,5279;-3,8343;10,7641;0,0000;-6,9298;2,5279;0,8379;0,9919;-0,9068;0,0024;-0,0861;0,8355;10;0
11,7828;14,9229;44,0152;39,5055;-0,0000;6,4793;194,9229;281,419;75,000;0,000;50,000;2,5331;-3,8282;10,7585;0,0000;-6,9303;2,5330;0,8404;0,9929;-0,9062;-0,0004;-0,0866;0,8408;10;0
11,7889;14,9384;43,9918;39,5713;0,0000;6,4369;194,9384;281,112;75,000;0,000;50,000;2,5382;-3,8221;10,7530;-0,0000;-6,9309;2,5382;0,8429;0,9940;-0,9060;-0,0005;-0,0861;0,8435;10;0
11,7951;14,9540;43,9684;39,6372;-0,0000;6,3944;194,9540;280,806;75,000;0,000;50,000;2,5434;-3,8160;10,7474;0,0000;-6,9314;2,5434;0,8454;0,9947;-0,9047;0,0000;-0,0900;0,8454;10;0
11,8012;14,9695;43,9451;39,7030;0,0000;6,3520;194,9695;280,500;75,000;0,000;50,000;2,5486;-3,8099;10,7419;0,0000;-6,9320;2,5486;0,8481;0,9955;-0,9037;-0,0062;-0,0926;0,8543;10;0
11,8073;14,9852;43,9217;39,7687;0,0000;6,3095;194,9852;280,194;75,000;0,000;50,000;2,5538;-3,8038;10,7363;-0,0001;-6,9325;2,5538;0,8505;0,9965;-0,9032;-0,0000;-0,0933;0,8505;10;0
11,8134;15,0008;43,8985;39,8345;-0,0000;6,2671;195,0008;279,888;75,000;0,000;50,000;2,5590;-3,7977;10,7308;-0,0000;-6,9331;2,5590;0,8529;0,9974;-0,9024;0,0044;-0,0953;0,8485;10;0
11,8196;15,0165;43,8752;39,9002;-0,0000;6,2246;195,0165;279,581;75,000;0,000;50,000;2,5642;-3,7916;10,7253;0,0000;-6,9337;2,5642;0,8561;0,9983;-0,9017;-0,0190;-0,0968;0,8750;10;0
11,8257;15,0322;43,8520;39,9658;0,0000;6,1821;195,0322;279,275;75,000;0,000;50,000;2,5695;-3,7855;10,7198;-0,0002;-6,9343;2,5697;0,8582;0,9993;-0,9011;-0,0002;-0,0981;0,8583;10;0
11,8318;15,0480;43,8289;40,0315;-0,0000;6,1397;195,0480;278,969;75,000;0,000;50,000;2,5747;-3,7794;10,7142;-0,0000;-6,9349;2,5747;0,8597;1,0002;-0,9004;0,0380;-0,0994;0,8219;10;0
11,8379;15,0638;43,8057;40,0971;0,0000;6,0972;195,0638;278,663;75,000;0,000;50,000;2,5800;-3,7732;10,7087;0,0002;-6,9355;2,5798;0,8633;1,0012;-0,8996;-0,0000;-0,1015;0,8633;10;0
11,8440;15,0796;43,7826;40,1626;0,0000;6,0547;195,0796;278,357;75,000;0,000;50,000;2,5853;-3,7671;10,7032;-0,0000;-6,9361;2,5853;0,8664;1,0021;-0,8988;-0,0190;-0,1035;0,8853;10;0
11,8502;15,0954;43,7596;40,2282;0,0000;6,0122;195,0954;278,050;75,000;0,000;50,000;2,5906;-3,7610;10,6977;0,0000;-6,9368;2,5906;0,8686;1,0031;-0,8981;-0,0026;-0,1051;0,8712;10;0
11,8563;15,1113;43,7366;40,2937;0,0000;5,9698;195,1113;277,744;75,000;0,000;50,000;2,5960;-3,7548;10,6922;-0,0000;-6,9374;2,5960;0,8711;1,0040;-0,8975;-0,0000;-0,1066;0,8712;10;0
11,8624;15,1272;43,7136;40,3591;-0,0000;5,9273;195,1272;277,438;75,000;0,000;50,000;2,6013;-3,7487;10,6867;-0,0000;-6,9381;2,6013;0,8737;1,0050;-0,8969;0,0042;-0,1079;0,8695;10;0
11,8685;15,1432;43,6907;40,4246;0,0000;5,8848;195,1432;277,132;75,000;0,000;50,000;2,6067;-3,7425;10,6812;0,0000;-6,9387;2,6066;0,8764;1,0060;-0,8961;0,0000;-0,1099;0,8764;10;0
11,8747;15,1592;43,6678;40,4900;-0,0000;5,8423;195,1592;276,826;75,000;0,000;50,000;2,6120;-3,7363;10,6758;-0,0000;-6,9394;2,6120;0,8791;1,0070;-0,8953;-0,0004;-0,1119;0,8795;10;0
11,8808;15,1752;43,6449;40,5553;-0,0000;5,7998;195,1752;276,519;75,000;0,000;50,000;2,6174;-3,7302;10,6703;0,0000;-6,9401;2,6174;0,8817;1,0080;-0,8947;0,0000;-0,1133;0,8817;10;0
11,8869;15,1912;43,6221;40,6207;0,0000;5,7573;195,1912;276,213;75,000;0,000;50,000;2,6228;-3,7240;10,6648;0,0000;-6,9408;2,6228;0,8844;1,0090;-0,8941;-0,0012;-0,1149;0,8856;10;0
11,8930;15,2073;43,5993;40,6859;-0,0000;5,7148;195,2073;275,907;75,000;0,000;50,000;2,6283;-3,7178;10,6593;-0,0000;-6,9415;2,6283;0,8872;1,0100;-0,8934;-0,0045;-0,1167;0,8917;10;0
11,8992;15,2234;43,5765;40,7512;0,0000;5,6723;195,2234;275,601;75,000;0,000;50,000;2,6337;-3,7116;10,6539;-0,0001;-6,9422;2,6338;0,8897;1,0110;-0,8927;0,0001;-0,1183;0,8897;10;0
11,9053;15,2396;43,5538;40,8164;-0,0000;5,6297;195,2396;275,295;75,000;0,000;50,000;2,6392;-3,7054;10,6484;-0,0000;-6,9430;2,6392;0,8922;1,0121;-0,8922;0,0079;-0,1196;0,8844;10;0
11,9114;15,2557;43,5312;40,8816;0,0000;5,5872;195,2557;274,988;75,000;0,000;50,000;2,6446;-3,6992;10,6429;0,0000;-6,9437;2,6446;0,8951;1,0131;-0,8914;0,0000;-0,1216;0,8951;10;0
11,9175;15,2719;43,5085;40,9468;-0,0000;5,5447;195,2719;274,682;75,000;0,000;50,000;2,6501;-3,6930;10,6375;-0,0000;-6,9445;2,6501;0,8979;1,0141;-0,8907;-0,0016;-0,1239;0,8995;10;0
11,9237;15,2882;43,4859;41,0119;-0,0000;5,5022;195,2882;274,376;75,000;0,000;50,000;2,6556;-3,6868;10,6320;0,0000;-6,9452;2,6556;0,9006;1,0152;-0,8902;0,0000;-0,1250;0,9006;10;0
11,9298;15,3045;43,4634;41,0770;0,0000;5,4596;195,3045;274,070;75,000;0,000;50,000;2,6612;-3,6806;10,6266;0,0000;-6,9460;2,6612;0,9034;1,0162;-0,8896;-0,0023;-0,1265;0,9057;10;0
11,9359;15,3208;43,4408;41,1421;-0,0000;5,4171;195,3208;273,763;75,000;0,000;50,000;2,6667;-3,6744;10,6211;-0,0000;-6,9468;2,6667;0,9064;1,0172;-0,8888;-0,0146;-0,1288;0,9210;10;0
11,9420;15,3371;43,4184;41,2071;0,0000;5,3745;195,3371;273,457;75,000;0,000;50,000;2,6723;-3,6681;10,6157;-0,0002;-6,9476;2,6724;0,9088;1,0183;-0,8883;0,0005;-0,1300;0,9083;10;0
11,9482;15,3535;43,3959;41,2721;-0,0000;5,3320;195,3535;273,151;75,000;0,000;50,000;2,6778;-3,6619;10,6102;0,0000;-6,9484;2,6778;0,9113;1,0197;-0,8885;0,0125;-0,1283;0,8988;10;0
11,9543;15,3699;43,3735;41,3371;0,0000;5,2894;195,3699;272,845;75,000;0,000;50,000;2,6834;-3,6556;10,6048;-0,0000;-6,9491;2,6834;0,9144;1,0205;-0,8871;-0,0005;-0,1334;0,9149;10;0
11,9604;15,3864;43,3511;41,4020;-0,0000;5,2469;195,3864;272,539;75,000;0,000;50,000;2,6890;-3,6494;10,5994;-0,0000;-6,9500;2,6890;0,9168;1,0212;-0,8852;0,0188;-0,1406;0,8980;10;0
11,9665;15,4029;43,3288;41,4669;-0,0000;5,2043;195,4029;272,232;75,000;0,000;50,000;2,6946;-3,6431;10,5940;0,0002;-6,9509;2,6944;0,9200;1,0227;-0,8859;0,0008;-0,1368;0,9192;10;0
11,9727;15,4194;43,3065;41,5318;0,0000;5,1617;195,4194;271,926;75,000;0,000;50,000;2,7003;-3,6369;10,5885;0,0000;-6,9517;2,7003;0,9232;1,0240;-0,8859;-0,0167;-0,1360;0,9399;10;0
11,9788;15,4359;43,2843;41,5966;-0,0000;5,1192;195,4359;271,620;75,000;0,000;50,000;2,7060;-3,6306;10,5831;-0,0000;-6,9525;2,7060;0,9257;1,0249;-0,8847;-0,0003;-0,1402;0,9259;10;0
11,9849;15,4525;43,2620;41,6614;0,0000;5,0766;195,4525;271,314;75,000;0,000;50,000;2,7116;-3,6243;10,5777;0,0000;-6,9534;2,7116;0,9285;1,0260;-0,8841;0,0006;-0,1421;0,9279;10;0
11,9910;15,4692;43,2399;41,7261;-0,0000;5,0340;195,4692;271,008;75,000;0,000;50,000;2,7173;-3,6180;10,5723;0,0000;-6,9543;2,7173;0,9313;1,0272;-0,8836;-0,0001;-0,1436;0,9314;10;0
11,9972;15,4858;43,2177;41,7909;0,0000;4,9914;195,4858;270,701;75,000;0,000;50,000;2,7230;-3,6117;10,5669;0,0000;-6,9551;2,7230;0,9342;1,0283;-0,8831;-0,0009;-0,1449;0,9352;10;0
12,0033;15,5025;43,1956;41,8556;-0,0000;4,9488;195,5025;270,395;75,000;0,000;50,000;2,7288;-3,6054;10,5615;-0,0000;-6,9560;2,7288;0,9371;1,0294;-0,8825;-0,0000;-0,1470;0,9371;10;0
12,0094;15,5192;43,1736;41,9202;0,0000;4,9062;195,5192;270,089;75,000;0,000;50,000;2,7345;-3,5991;10,5561;0,0000;-6,9569;2,7345;0,9400;1,0306;-0,8819;0,0000;-0,1489;0,9399;10;0
12,0155;15,5360;43,1516;41,9849;-0,0000;4,8636;195,5360;269,783;75,000;0,000;50,000;2,7403;-3,5928;10,5507;-0,0000;-6,9579;2,7403;0,9429;1,0317;-0,8814;-0,0000;-0,1504;0,9429;10;0
12,0216;15,5528;43,1296;42,0495;0,0000;4,8210;195,5528;269,477;75,000;0,000;50,000;2,7461;-3,5865;10,5453;0,0000;-6,9588;2,7461;0,9458;1,0329;-0,8808;0,0002;-0,1521;0,9455;10;0
12,0278;15,5696;43,1076;42,1140;-0,0000;4,7784;195,5696;269,170;75,000;0,000;50,000;2,7519;-3,5801;10,5399;-0,0000;-6,9597;2,7519;0,9488;1,0341;-0,8803;-0,0040;-0,1539;0,9528;10;0
12,0339;15,5865;43,0857;42,1786;0,0000;4,7357;195,5865;268,864;75,000;0,000;50,000;2,7577;-3,5738;10,5345;-0,0000;-6,9607;2,7577;0,9516;1,0353;-0,8798;0,0000;-0,1555;0,9516;10;0
12,0400;15,6034;43,0639;42,2430;-0,0000;4,6931;195,6034;268,558;75,000;0,000;50,000;2,7635;-3,5675;10,5291;-0,0000;-6,9616;2,7635;0,9544;1,0365;-0,8793;0,0061;-0,1568;0,9483;10;0
12,0461;15,6204;43,0420;42,3075;0,0000;4,6505;195,6204;268,252;75,000;0,000;50,000;2,7694;-3,5611;10,5237;0,0000;-6,9626;2,7694;0,9575;1,0376;-0,8787;-0,0000;-0,1589;0,9575;10;0
12,0523;15,6373;43,0202;42,3719;-0,0000;4,6078;195,6373;267,946;75,000;0,000;50,000;2,7753;-3,5548;10,5183;-0,0000;-6,9636;2,7753;0,9605;1,0388;-0,8781;0,0004;-0,1611;0,9601;10;0
12,0584;15,6543;42,9985;42,4363;-0,0000;4,5652;195,6543;267,639;75,000;0,000;50,000;2,7811;-3,5484;10,5130;0,0000;-6,9646;2,7811;0,9635;1,0401;-0,8777;0,0000;-0,1624;0,9635;10;0
12,0645;15,6714;42,9768;42,5007;0,0000;4,5225;195,6714;267,333;75,000;0,000;50,000;2,7871;-3,5420;10,5076;0,0000;-6,9656;2,7871;0,9665;1,0413;-0,8772;-0,0031;-0,1640;0,9696;10;0
12,0706;15,6885;42,9551;42,5650;-0,0000;4,4799;195,6885;267,027;75,000;0,000;50,000;2,7930;-3,5356;10,5022;-0,0000;-6,9666;2,7930;0,9695;1,0425;-0,8767;0,0000;-0,1658;0,9695;10;0
12,0768;15,7056;42,9335;42,6293;0,0000;4,4372;195,7056;266,721;75,000;0,000;50,000;2,7989;-3,5292;10,4968;0,0000;-6,9676;2,7989;0,9725;1,0437;-0,8762;-0,0008;-0,1676;0,9733;10;0
12,0829;15,7228;42,9119;42,6936;0,0000;4,3945;195,7228;266,415;75,000;0,000;50,000;2,8049;-3,5229;10,4915;-0,0000;-6,9686;2,8049;0,9755;1,0450;-0,8757;-0,0000;-0,1692;0,9755;10;0
12,0890;15,7400;42,8903;42,7578;-0,0000;4,3518;195,7400;266,108;75,000;0,000;50,000;2,8109;-3,5165;10,4861;-0,0000;-6,9697;2,8109;0,9785;1,0462;-0,8753;0,0020;-0,1707;0,9765;10;0
12,0951;15,7572;42,8688;42,8220;0,0000;4,3092;195,7572;265,802;75,000;0,000;50,000;2,8169;-3,5100;10,4808;0,0000;-6,9707;2,8169;0,9816;1,0475;-0,8748;-0,0000;-0,1727;0,9816;10;0
12,1013;15,7745;42,8473;42,8862;-0,0000;4,2665;195,7745;265,496;75,000;0,000;50,000;2,8229;-3,5036;10,4754;-0,0000;-6,9718;2,8229;0,9847;1,0487;-0,8743;0,0001;-0,1746;0,9846;10;0
12,1074;15,7918;42,8259;42,9504;0,0000;4,2238;195,7918;265,190;75,000;0,000;50,000;2,8289;-3,4972;10,4701;0,0000;-6,9729;2,8289;0,9878;1,0500;-0,8739;0,0000;-0,1761;0,9878;10;0
12,1135;15,8091;42,8045;43,0145;-0,0000;4,1811;195,8091;264,884;75,000;0,000;50,000;2,8350;-3,4908;10,4647;-0,0000;-6,9739;2,8350;0,9909;1,0513;-0,8734;-0,0006;-0,1779;0,9914;10;0
12,1196;15,8265;42,7831;43,0785;0,0000;4,1383;195,8265;264,577;75,000;0,000;50,000;2,8411;-3,4843;10,4594;0,0000;-6,9750;2,8411;0,9939;1,0526;-0,8729;0,0019;-0,1798;0,9920;10;0
12,1258;15,8439;42,7618;43,1426;-0,0000;4,0956;195,8439;264,271;75,000;0,000;50,000;2,8472;-3,4779;10,4540;0,0000;-6,9761;2,8471;0,9971;1,0539;-0,8725;-0,0001;-0,1813;0,9972;10;0
12,1319;15,8614;42,7405;43,2066;0,0000;4,0529;195,8614;263,965;75,000;0,000;50,000;2,8533;-3,4714;10,4487;0,0000;-6,9773;2,8533;1,0002;1,0552;-0,8722;-0,0024;-0,1826;1,0026;10;0
12,1380;15,8789;42,7193;43,2705;-0,0000;4,0102;195,8789;263,659;75,000;0,000;50,000;2,8594;-3,4649;10,4433;-0,0000;-6,9784;2,8594;1,0033;1,0565;-0,8717;0,0000;-0,1848;1,0033;10;0
12,1441;15,8964;42,6981;43,3345;0,0000;3,9674;195,8964;263,352;75,000;0,000;50,000;2,8656;-3,4585;10,4380;0,0000;-6,9795;2,8656;1,0065;1,0578;-0,8712;-0,0008;-0,1868;1,0073;10;0
12,1503;15,9140;42,6769;43,3984;-0,0000;3,9247;195,9140;263,046;75,000;0,000;50,000;2,8717;-3,4520;10,4327;-0,0000;-6,9807;2,8718;1,0097;1,0591;-0,8708;-0,0000;-0,1883;1,0097;10;0
12,1564;15,9316;42,6558;43,4623;0,0000;3,8819;195,9316;262,740;75,000;0,000;50,000;2,8779;-3,4455;10,4273;0,0000;-6,9818;2,8779;1,0128;1,0605;-0,8704;0,0010;-0,1900;1,0118;10;0
12,1625;15,9492;42,6347;43,5261;-0,0000;3,8392;195,9492;262,434;75,000;0,000;50,000;2,8842;-3,4390;10,4220;-0,0000;-6,9830;2,8842;1,0163;1,0618;-0,8700;-0,0156;-0,1918;1,0319;10;0
12,1686;15,9669;42,6137;43,5899;0,0000;3,7964;195,9669;262,128;75,000;0,000;50,000;2,8904;-3,4325;10,4167;-0,0002;-6,9842;2,8906;1,0192;1,0632;-0,8696;0,0002;-0,1935;1,0191;10;0
12,1748;15,9846;42,5927;43,6537;-0,0000;3,7536;195,9846;261,821;75,000;0,000;50,000;2,8966;-3,4260;10,4113;-0,0000;-6,9854;2,8966;0,9959;1,0950;-0,9623;0,0312;-0,1327;0,9646;10;0
12,1809;16,0024;42,5717;43,7174;0,0000;3,7108;196,0024;261,515;75,000;0,000;50,000;2,9026;-3,4191;10,4049;0,0002;-6,9858;2,9024;-0,8480;3,2551;-7,5497;0,0000;4,2946;-0,8480;10;0
12,1870;16,0202;42,5508;43,7811;0,0000;3,6681;196,0202;261,209;75,000;0,000;49,989;2,8863;-3,3861;10,3189;-0,0000;-6,9328;2,8863;-5,5695;8,7460;-24,3347;-0,0213;15,5886;-5,5481;10;0
12,1931;16,0377;42,5303;43,8438;0,0000;3,6259;196,0377;260,908;75,000;0,000;49,224;2,8344;-3,3120;10,1068;-0,0001;-6,7949;2,8344;-9,5964;13,3536;-38,4985;-0,0000;25,1449;-9,5963;10;0
12,1992;16,0549;42,5102;43,9049;-0,0000;3,5848;196,0549;260,614;75,000;0,000;47,999;2,7687;-3,2225;9,8473;-0,0000;-6,6248;2,7687;-10,7558;14,5624;-42,3414;0,0106;27,7791;-10,7664;10;0
12,2054;16,0716;42,4908;43,9644;0,0000;3,5448;196,0716;260,327;75,000;0,000;46,774;2,7026;-3,1336;9,5882;0,0001;-6,4546;2,7026;-10,8242;14,4899;-42,2815;0,0000;27,7915;-10,8242;10;0
12,2115;16,0880;42,4719;44,0224;-0,0000;3,5058;196,0880;260,048;75,000;0,000;45,549;2,6361;-3,0451;9,3295;-0,0000;-6,2844;2,6361;-10,8912;14,4193;-42,2232;-0,0047;27,8041;-10,8864;10;0
12,2176;16,1039;42,4535;44,0787;0,0000;3,4678;196,1039;259,777;75,000;0,000;44,325;2,5692;-2,9570;9,0711;0,0000;-6,1141;2,5692;-10,9569;14,3503;-42,1664;-0,0000;27,8161;-10,9569;10;0
12,2237;16,1195;42,4357;44,1335;-0,0000;3,4309;196,1195;259,513;75,000;0,000;43,100;2,5019;-2,8693;8,8130;-0,0000;-5,9437;2,5019;-11,0210;14,2832;-42,1113;0,0005;27,8280;-11,0216;10;0
12,2299;16,1346;42,4183;44,1867;0,0000;3,3950;196,1346;259,256;75,000;0,000;41,875;2,4342;-2,7820;8,5553;0,0000;-5,7732;2,4342;-11,0836;14,2178;-42,0578;0,0000;27,8400;-11,0836;10;0
12,2360;16,1493;42,4016;44,2383;-0,0000;3,3602;196,1493;259,008;75,000;0,000;40,650;2,3662;-2,6952;8,2979;-0,0000;-5,6027;2,3662;-11,1446;14,1542;-42,0058;-0,0004;27,8516;-11,1442;10;0
12,2421;16,1635;42,3853;44,2883;0,0000;3,3264;196,1635;258,766;75,000;0,000;39,425;2,2977;-2,6087;8,0408;0,0000;-5,4321;2,2977;-11,2042;14,0925;-41,9554;0,0110;27,8626;-11,2152;10;0
12,2482;16,1774;42,3696;44,3367;-0,0000;3,2936;196,1774;258,532;75,000;0,000;38,200;2,2289;-2,5226;7,7840;0,0001;-5,2614;2,2288;-11,2618;14,0326;-41,9068;-0,0002;27,8742;-11,2616;10;0
12,2544;16,1908;42,3544;44,3836;0,0000;3,2619;196,1908;258,306;75,000;0,000;36,976;2,1598;-2,4368;7,5275;-0,0000;-5,0907;2,1598;-11,3177;13,9745;-41,8598;-0,0220;27,8860;-11,2957;10;0
12,2605;16,2039;42,3398;44,4289;-0,0000;3,2313;196,2039;258,087;75,000;0,000;35,751;2,0903;-2,3514;7,2713;-0,0001;-4,9199;2,0905;-11,3726;13,9182;-41,8140;0,0001;27,8959;-11,3726;10;0
12,2666;16,2165;42,3256;44,4727;0,0000;3,2017;196,2165;257,875;75,000;0,000;34,526;2,0205;-2,2663;7,0153;0,0000;-4,7490;2,0205;-11,4256;13,8637;-41,7700;0,0110;27,9059;-11,4366;10;0
12,2727;16,2286;42,3120;44,5149;0,0000;3,1731;196,2286;257,671;75,000;0,000;33,301;1,9504;-2,1816;6,7597;-0,0000;-4,5781;1,9504;-11,4766;13,8111;-41,7276;-0,0000;27,9165;-11,4766;10;0
12,2789;16,2403;42,2989;44,5555;-0,0000;3,1456;196,2403;257,475;75,000;0,000;32,076;1,8799;-2,0972;6,5042;0,0000;-4,4071;1,8799;-11,5259;13,7604;-41,6868;-0,0140;27,9262;-11,5119;10;0
12,2850;16,2516;42,2863;44,5945;0,0000;3,1191;196,2516;257,286;75,000;0,000;30,851;1,8092;-2,0130;6,2491;-0,0002;-4,2360;1,8094;-11,5738;13,7116;-41,6475;-0,0001;27,9360;-11,5737;10;0
12,2911;16,2625;42,2743;44,6320;-0,0000;3,0937;196,2625;257,105;75,000;0,000;29,627;1,7382;-1,9292;5,9941;-0,0000;-4,0649;1,7382;-11,6201;13,6647;-41,6101;0,0206;27,9462;-11,6407;10;0
12,2972;16,2729;42,2627;44,6679;0,0000;3,0693;196,2729;256,931;75,000;0,000;28,402;1,6669;-1,8457;5,7394;0,0001;-3,8937;1,6668;-11,6640;13,6195;-41,5737;-0,0000;27,9542;-11,6640;10;0
12,3034;16,2829;42,2517;44,7023;-0,0000;3,0460;196,2829;256,764;75,000;0,000;27,177;1,5953;-1,7624;5,4849;-0,0000;-3,7225;1,5953;-11,7065;13,5762;-41,5389;0,0060;27,9616;-11,7125;10;0
12,3095;16,2925;42,2411;44,7351;-0,0000;3,0238;196,2925;256,605;75,000;0,000;25,952;1,5235;-1,6794;5,2306;0,0002;-3,5513;1,5233;-11,7471;13,5350;-41,5062;0,0001;27,9712;-11,7472;10;0
12,3156;16,3016;42,2311;44,7664;0,0000;3,0025;196,3016;256,454;75,000;0,000;24,727;1,4514;-1,5966;4,9766;0,0000;-3,3799;1,4514;-11,7857;13,4956;-41,4749;-0,0178;27,9796;-11,7678;10;0
12,3217;16,3102;42,2216;44,7961;-0,0000;2,9824;196,3102;256,310;75,000;0,000;23,502;1,3791;-1,5141;4,7227;-0,0001;-3,2086;1,3792;-11,8228;13,4581;-41,4449;-0,0105;27,9867;-11,8122;10;0
12,3279;16,3185;42,2125;44,8242;0,0000;2,9632;196,3185;256,173;75,000;0,000;22,278;1,3066;-1,4318;4,4689;-0,0001;-3,0371;1,3068;-11,8582;13,4225;-41,4167;0,0052;27,9943;-11,8634;10;0
12,3340;16,3262;42,2040;44,8508;-0,0000;2,9452;196,3262;256,045;75,000;0,000;21,053;1,2339;-1,3497;4,2154;-0,0000;-2,8657;1,2339;-11,8917;13,3889;-41,3900;0,0189;28,0014;-11,9106;10;0
12,3401;16,3336;42,1960;44,8759;0,0000;2,9281;196,3336;255,923;75,000;0,000;19,828;1,1610;-1,2678;3,9620;0,0001;-2,6942;1,1609;-11,9229;13,3571;-41,3648;0,0000;28,0076;-11,9229;10;0
12,3462;16,3405;42,1885;44,8993;-0,0000;2,9122;196,3405;255,809;75,000;0,000;18,603;1,0879;-1,1861;3,7087;-0,0000;-2,5226;1,0879;-11,9523;13,3273;-41,3411;-0,0063;28,0134;-11,9460;10;0
12,3524;16,3469;42,1815;44,9213;0,0000;2,8972;196,3469;255,703;75,000;0,000;17,378;1,0146;-1,1046;3,4556;0,0000;-2,3511;1,0146;-11,9801;13,2995;-41,3191;0,0000;28,0196;-11,9801;10;0
12,3585;16,3529;42,1750;44,9417;0,0000;2,8834;196,3529;255,604;75,000;0,000;16,154;0,9411;-1,0232;3,2026;0,0000;-2,1794;0,9411;-12,0057;13,2736;-41,2986;-0,0075;28,0251;-11,9982;10;0
12,3646;16,3584;42,1689;44,9605;0,0000;2,8705;196,3584;255,512;75,000;0,000;14,929;0,8675;-0,9420;2,9498;-0,0001;-2,0078;0,8676;-12,0297;13,2496;-41,2797;-0,0001;28,0301;-12,0296;10;0
12,3707;16,3635;42,1634;44,9778;-0,0000;2,8588;196,3635;255,428;75,000;0,000;13,704;0,7938;-0,8609;2,6970;-0,0000;-1,8361;0,7938;-12,0518;13,2276;-41,2623;0,0105;28,0348;-12,0623;10;0
12,3768;16,3682;42,1584;44,9935;0,0000;2,8481;196,3682;255,352;75,000;0,000;12,479;0,7199;-0,7800;2,4444;0,0001;-1,6644;0,7199;-12,0721;13,2075;-41,2462;0,0378;28,0378;-12,1099;10;0
12,3830;16,3723;42,1539;45,0077;-0,0000;2,8384;196,3723;255,283;75,000;0,000;11,254;0,6459;-0,6991;2,1918;0,0005;-1,4927;0,6455;-12,0896;13,1894;-41,2322;-0,0048;28,0427;-12,0848;10;0
12,3891;16,3761;42,1498;45,0204;0,0000;2,8298;196,3761;255,222;75,000;0,000;10,029;0,5718;-0,6184;1,9394;0,0000;-1,3210;0,5718;-12,1048;13,1735;-41,2200;-0,0719;28,0485;-12,0329;10;0
12,3952;16,3793;42,1463;45,0315;-0,0000;2,8222;196,3793;255,168;75,000;0,000;8,805;0,4977;-0,5378;1,6870;-0,0004;-1,1492;0,4981;-12,1199;13,1591;-41,2083;-0,0002;28,0492;-12,1197;10;0
12,4013;16,3822;42,1433;45,0411;0,0000;2,8157;196,3822;255,121;75,000;0,000;7,580;0,4234;-0,4572;1,4346;0,0000;-0,9774;0,4234;-12,1325;13,1468;-41,1984;0,0305;28,0504;-12,1630;10;0
12,4075;16,3845;42,1407;45,0491;-0,0000;2,8102;196,3845;255,082;75,000;0,000;6,355;0,3491;-0,3768;1,1824;-0,0000;-0,8056;0,3491;-12,1423;13,1367;-41,1907;-0,0022;28,0540;-12,1402;10;0
12,4136;16,3864;42,1386;45,0555;0,0000;2,8058;196,3864;255,051;75,000;0,000;5,130;0,2747;-0,2963;0,9301;-0,0000;-0,6338;0,2747;-12,1516;13,1285;-41,1844;0,0751;28,0569;-12,2268;10;0
12,4197;16,3879;42,1371;45,0605;-0,0000;2,8025;196,3879;255,027;75,000;0,000;3,905;0,2002;-0,2160;0,6779;0,0009;-0,4620;0,1994;-12,1570;13,1221;-41,1793;0,0042;28,0572;-12,1612;10;0
12,4258;16,3889;42,1360;45,0638;0,0000;2,8002;196,3889;255,011;75,000;0,000;2,681;0,1258;-0,1356;0,4258;0,0000;-0,2901;0,1257;-12,5135;12,9118;-40,5290;-0,1431;27,6156;-12,3704;10;0
12,4320;16,3894;42,1354;45,0657;-0,0000;2,7989;196,3894;255,002;75,000;0,000;1,456;0,0470;-0,0578;0,1815;-0,0009;-0,1237;0,0478;-18,4411;9,4663;-29,7173;-0,0022;20,2510;-18,4389;10;0
12,4381;16,3895;42,1353;45,0661;-0,0000;2,7987;196,3895;255,000;75,000;-0,000;0,296;-0,1001;-0,0197;0,0618;-0,0000;-0,0421;-0,1001;-30,9572;2,1915;-6,8797;0,0673;4,6891;-31,0245;12;0
12,4442;16,3882;42,1352;45,0664;-0,0000;2,7984;196,3882;255,000;74,994;0,000;0,994;-0,3322;-0,0310;0,0973;-0,0001;-0,0663;-0,3322;-39,6327;-2,8501;8,9485;0,0001;-6,0984;-39,6328;12;0
12,4503;16,3854;42,1349;45,0673;-0,0000;2,7978;196,3854;255,000;74,980;0,000;2,219;-0,5855;-0,0546;0,1714;0,0000;-0,1168;-0,5855;-41,3661;-3,8535;12,0994;0,0083;-8,2459;-41,3744;12;0
12,4565;16,3810;42,1345;45,0685;-0,0000;2,7970;196,3810;255,000;74,959;0,000;3,444;-0,8389;-0,0782;0,2454;0,0000;-0,1673;-0,8389;-41,3703;-3,8502;12,0902;-0,0872;-8,2416;-41,2831;12;0
12,4626;16,3751;42,1339;45,0703;-0,0000;2,7958;196,3751;255,000;74,930;0,000;4,668;-1,0922;-0,1017;0,3195;-0,0011;-0,2177;-1,0912;-41,3790;-3,8453;12,0765;-0,0028;-8,2312;-41,3761;12;0
12,4687;16,3677;42,1333;45,0724;-0,0000;2,7943;196,3677;255,000;74,894;0,000;5,893;-1,3457;-0,1253;0,3934;0,0000;-0,2681;-1,3457;-41,3908;-3,8392;12,0590;0,1743;-8,2167;-41,5651;12;0
12,4748;16,3586;42,1324;45,0751;0,0000;2,7925;196,3586;255,000;74,851;0,000;7,118;-1,5992;-0,1488;0,4672;0,0011;-0,3184;-1,6003;-41,4000;-3,8323;12,0398;-0,0020;-8,2074;-41,3980;12;0
12,4810;16,3481;42,1314;45,0782;0,0000;2,7904;196,3481;255,000;74,800;0,000;8,343;-1,8528;-0,1722;0,5408;-0,0000;-0,3686;-1,8528;-41,4122;-3,8241;12,0167;-0,0872;-8,1942;-41,3250;12;0
12,4871;16,3359;42,1303;45,0817;0,0000;2,7880;196,3359;255,000;74,741;0,000;9,568;-2,1064;-0,1956;0,6143;-0,0000;-0,4187;-2,1064;-41,4288;-3,8144;11,9893;0,0008;-8,1749;-41,4296;12;0
12,4932;16,3223;42,1290;45,0857;-0,0000;2,7853;196,3223;255,000;74,675;0,000;10,793;-2,3602;-0,2189;0,6877;-0,0000;-0,4687;-2,3602;-41,4461;-3,8035;11,9588;0,0000;-8,1553;-41,4461;12;0
12,4993;16,3070;42,1276;45,0901;-0,0000;2,7823;196,3070;255,000;74,601;0,000;12,017;-2,6141;-0,2422;0,7608;-0,0000;-0,5186;-2,6141;-41,4654;-3,7915;11,9249;-0,0001;-8,1334;-41,4653;12;0
12,5055;16,2903;42,1261;45,0950;-0,0000;2,7789;196,2903;255,000;74,520;0,000;13,242;-2,8681;-0,2654;0,8337;-0,0000;-0,5684;-2,8681;-41,4866;-3,7783;11,8875;0,0001;-8,1092;-41,4867;12;0
12,5116;16,2719;42,1244;45,1003;-0,0000;2,7753;196,2719;255,000;74,432;0,000;14,467;-3,1222;-0,2885;0,9064;0,0000;-0,6180;-3,1222;-41,5098;-3,7638;11,8466;0,0003;-8,0829;-41,5101;12;0
12,5177;16,2520;42,1225;45,1061;-0,0000;2,7714;196,2520;255,000;74,335;0,000;15,692;-3,3765;-0,3115;0,9788;0,0000;-0,6674;-3,3765;-41,5348;-3,7481;11,8023;-0,0002;-8,0542;-41,5346;12;0
12,5238;16,2306;42,1206;45,1123;-0,0000;2,7671;196,2306;255,000;74,232;0,000;16,917;-3,6309;-0,3344;1,0510;-0,0000;-0,7166;-3,6309;-41,5618;-3,7312;11,7545;-0,0001;-8,0233;-41,5617;12;0
12,5300;16,2075;42,1184;45,1190;-0,0000;2,7626;196,2075;255,000;74,121;0,000;18,142;-3,8856;-0,3572;1,1228;-0,0000;-0,7656;-3,8856;-41,5907;-3,7130;11,7032;0,0003;-7,9902;-41,5910;12;0
12,5361;16,1830;42,1162;45,1261;-0,0000;2,7577;196,1830;255,000;74,002;0,000;19,366;-4,1404;-0,3799;1,1943;0,0000;-0,8145;-4,1404;-41,6215;-3,6937;11,6484;0,0000;-7,9548;-41,6215;12;0
12,5422;16,1568;42,1138;45,1336;-0,0000;2,7526;196,1568;255,000;73,876;0,000;20,591;-4,3953;-0,4024;1,2655;0,0000;-0,8631;-4,3953;-41,6542;-3,6731;11,5902;-0,0003;-7,9171;-41,6539;12;0
12,5483;16,1291;42,1113;45,1416;-0,0000;2,7472;196,1291;255,000;73,742;0,000;21,816;-4,6505;-0,4248;1,3363;-0,0000;-0,9114;-4,6505;-41,6887;-3,6513;11,5285;0,0000;-7,8772;-41,6887;12;0
12,5544;16,0999;42,1086;45,1500;-0,0000;2,7414;196,0999;255,000;73,601;0,000;23,041;-4,9060;-0,4471;1,4067;0,0000;-0,9596;-4,9060;-41,7252;-3,6283;11,4632;0,0004;-7,8350;-41,7255;12;0
12,5606;16,0690;42,1058;45,1588;0,0000;2,7354;196,0690;255,000;73,453;0,000;24,266;-5,1616;-0,4693;1,4767;0,0000;-1,0074;-5,1616;-41,7634;-3,6041;11,3945;0,0000;-7,7904;-41,7634;12;0
12,5667;16,0366;42,1028;45,1681;-0,0000;2,7291;196,0366;255,000;73,297;0,000;25,490;-5,4175;-0,4913;1,5462;0,0000;-1,0550;-5,4175;-41,8035;-3,5786;11,3222;0,0007;-7,7436;-41,8042;12;0
12,5728;16,0027;42,0998;45,1777;0,0000;2,7225;196,0027;255,000;73,133;0,000;26,715;-5,6736;-0,5131;1,6154;0,0000;-1,1022;-5,6736;-41,8454;-3,5520;11,2465;-0,0000;-7,6945;-41,8454;12;0
12,5789;15,9672;42,0966;45,1878;0,0000;2,7156;195,9672;255,000;72,962;0,000;27,940;-5,9300;-0,5348;1,6840;-0,0000;-1,1492;-5,9300;-41,8891;-3,5242;11,1673;-0,0043;-7,6431;-41,8847;12;0
12,5851;15,9300;42,0932;45,1984;-0,0000;2,7084;195,9300;255,000;72,783;0,000;29,165;-6,1867;-0,5563;1,7521;-0,0000;-1,1959;-6,1866;-41,9346;-3,4951;11,0845;0,0000;-7,5893;-41,9346;12;0
12,5912;15,8914;42,0897;45,2093;-0,0000;2,7010;195,8914;255,000;72,597;0,000;30,390;-6,4436;-0,5776;1,8198;0,0000;-1,2422;-6,4436;-41,9820;-3,4649;10,9981;0,0063;-7,5331;-41,9882;12;0
12,5973;15,8511;42,0861;45,2207;0,0000;2,6932;195,8511;255,000;72,404;0,000;31,615;-6,7009;-0,5987;1,8868;0,0000;-1,2881;-6,7009;-42,0309;-3,4335;10,9083;-0,0003;-7,4749;-42,0306;12;0
12,6034;15,8093;42,0824;45,2324;0,0000;2,6852;195,8093;255,000;72,202;0,000;32,839;-6,9585;-0,6196;1,9534;-0,0000;-1,3337;-6,9584;-42,0816;-3,4008;10,8150;-0,0028;-7,4142;-42,0788;12;0
12,6096;15,7659;42,0785;45,2446;-0,0000;2,6769;195,7659;255,000;71,994;0,000;34,064;-7,2163;-0,6404;2,0193;0,0000;-1,3789;-7,2163;-42,1341;-3,3670;10,7181;-0,0000;-7,3511;-42,1341;12;0
12,6157;15,7209;42,0746;45,2572;0,0000;2,6683;195,7209;255,000;71,778;0,000;35,289;-7,4745;-0,6609;2,0846;-0,0000;-1,4238;-7,4745;-42,1882;-3,3319;10,6176;0,0000;-7,2857;-42,1882;12;0
12,6218;15,6743;42,0705;45,2701;-0,0000;2,6594;195,6743;255,000;71,554;0,000;36,514;-7,7331;-0,6812;2,1494;0,0000;-1,4682;-7,7331;-42,2441;-3,2957;10,5136;0,0002;-7,2179;-42,2443;12;0
12,6279;15,6262;42,0662;45,2835;0,0000;2,6503;195,6262;255,000;71,323;0,000;37,739;-7,9919;-0,7013;2,2134;-0,0000;-1,5122;-7,9919;-42,3015;-3,2583;10,4060;-0,0006;-7,1477;-42,3009;12;0
12,6341;15,5765;42,0619;45,2972;-0,0000;2,6409;195,5765;255,000;71,084;0,000;38,964;-8,2512;-0,7211;2,2768;-0,0000;-1,5557;-8,2512;-42,3606;-3,2197;10,2949;0,0006;-7,0751;-42,3613;12;0
12,6402;15,5251;42,0574;45,3114;-0,0000;2,6312;195,5251;255,000;70,838;0,000;40,188;-8,5108;-0,7407;2,3395;0,0000;-1,5988;-8,5108;-42,4215;-3,1800;10,1802;0,0120;-7,0005;-42,4334;12;0
12,6463;15,4722;42,0528;45,3259;0,0000;2,6213;195,4722;255,000;70,585;0,000;41,413;-8,7708;-0,7600;2,4015;0,0001;-1,6415;-8,7709;-42,4836;-3,1390;10,0618;-0,0014;-6,9228;-42,4822;12;0
12,6524;15,4177;42,0481;45,3408;0,0000;2,6111;195,4177;255,000;70,324;0,000;42,638;-9,0311;-0,7791;2,4628;-0,0000;-1,6836;-9,0311;-42,5471;-3,0968;9,9398;-0,0221;-6,8425;-42,5250;12;0
12,6586;15,3616;42,0432;45,3560;-0,0000;2,6007;195,3616;255,000;70,055;0,000;43,863;-9,2919;-0,7980;2,5232;-0,0001;-1,7253;-9,2918;-42,6133;-3,0536;9,8146;0,0482;-6,7615;-42,6615;12;0
12,6647;15,3039;42,0383;45,3717;0,0000;2,5900;195,3039;255,000;69,779;0,000;45,088;-9,5531;-0,8165;2,5830;0,0006;-1,7664;-9,5536;-42,6795;-3,0092;9,6855;0,0012;-6,6772;-42,6808;12;0
12,6708;15,2446;42,0332;45,3877;0,0000;2,5791;195,2446;255,000;69,495;0,000;46,312;-9,8146;-0,8348;2,6419;-0,0001;-1,8071;-9,8145;-42,7467;-2,9633;9,5523;-0,0920;-6,5878;-42,6546;12;0
12,6769;15,1837;42,0281;45,4040;-0,0000;2,5679;195,1837;255,000;69,204;0,000;47,537;-10,0766;-0,8528;2,7000;-0,0005;-1,8471;-10,0761;-41,5634;-2,8115;9,0830;0,0190;-6,2703;-41,5824;12;0
12,6831;15,1212;42,0228;45,4208;0,0000;2,5564;195,1212;255,000;68,905;0,000;48,762;-10,3237;-0,8693;2,7531;0,0001;-1,8839;-10,3238;-31,2631;-1,9001;6,2060;0,0425;-4,3065;-31,3057;12;0
12,6892;15,0572;42,0174;45,4378;-0,0000;2,5448;195,0572;255,000;68,600;0,000;49,840;-10,4596;-0,8761;2,7760;-0,0000;-1,8999;-10,4595;-12,9700;-0,3369;1,2587;-0,0119;-0,9224;-12,9580;12;0
12,6953;14,9931;42,0121;45,4548;-0,0000;2,5332;194,9931;255,000;68,294;0,000;50,000;-10,4826;-0,8734;2,7685;-0,0000;-1,8952;-10,4825;-2,3924;0,5585;-1,5779;0,0021;1,0194;-2,3945;12;0
12,7014;14,9288;42,0067;45,4717;-0,0000;2,5216;194,9288;255,000;67,988;0,000;50,000;-10,4889;-0,8693;2,7567;0,0000;-1,8874;-10,4889;-1,0239;0,6730;-1,9431;0,0050;1,2700;-1,0289;12;0
12,7075;14,8646;42,0014;45,4885;0,0000;2,5101;194,8646;255,000;67,682;0,000;50,000;-10,4951;-0,8651;2,7447;0,0000;-1,8796;-10,4951;-1,0205;0,6727;-1,9441;0,0003;1,2715;-1,0208;12;0
12,7137;14,8003;41,9961;45,5053;0,0000;2,4986;194,8003;255,000;67,375;0,000;50,000;-10,5014;-0,8610;2,7328;0,0000;-1,8718;-10,5014;-1,0171;0,6723;-1,9452;-0,0025;1,2729;-1,0145;12;0
12,7198;14,7360;41,9909;45,5220;0,0000;2,4871;194,7360;255,000;67,069;0,000;50,000;-10,5076;-0,8569;2,7209;-0,0000;-1,8640;-10,5076;-1,0133;0,6719;-1,9462;-0,0273;1,2742;-0,9860;12;0
12,7259;14,6716;41,9856;45,5386;-0,0000;2,4757;194,6716;255,000;66,763;0,000;50,000;-10,5138;-0,8528;2,7090;-0,0003;-1,8562;-10,5134;-1,0102;0,6715;-1,9473;0,0016;1,2756;-1,0118;12;0
12,7320;14,6072;41,9804;45,5552;-0,0000;2,4644;194,6072;255,000;66,457;0,000;50,000;-10,5199;-0,8487;2,6971;0,0000;-1,8484;-10,5200;-1,0074;0,6711;-1,9484;0,0534;1,2775;-1,0608;12;0
12,7382;14,5427;41,9752;45,5717;0,0000;2,4531;194,5427;255,000;66,151;0,000;50,000;-10,5261;-0,8446;2,6851;0,0003;-1,8406;-10,5264;-1,0033;0,6707;-1,9493;-0,0031;1,2790;-1,0002;12;0
12,7443;14,4783;41,9701;45,5881;-0,0000;2,4419;194,4783;255,000;65,844;0,000;50,000;-10,5322;-0,8405;2,6732;-0,0000;-1,8327;-10,5322;-0,9996;0,6703;-1,9503;-0,0195;1,2799;-0,9801;12;0
12,7504;14,4137;41,9650;45,6044;0,0000;2,4307;194,4137;255,000;65,538;0,000;50,000;-10,5384;-0,8364;2,6612;0,0001;-1,8249;-10,5384;-0,9963;0,6699;-1,9514;0,0013;1,2813;-0,9977;12;0
12,7565;14,3492;41,9598;45,6207;0,0000;2,4195;194,3492;255,000;65,232;0,000;50,000;-10,5444;-0,8323;2,6493;-0,0000;-1,8170;-10,5444;-0,9927;0,6695;-1,9524;-0,0138;1,2830;-0,9789;12;0
12,7627;14,2846;41,9548;45,6368;-0,0000;2,4084;194,2846;255,000;64,926;0,000;50,000;-10,5505;-0,8282;2,6373;-0,0001;-1,8092;-10,5504;-0,9895;0,6691;-1,9534;0,0162;1,2842;-1,0057;12;0
12,7688;14,2200;41,9497;45,6530;0,0000;2,3973;194,2200;255,000;64,619;0,000;50,000;-10,5566;-0,8241;2,6254;0,0002;-1,8013;-10,5568;-0,9858;0,6688;-1,9545;0,0061;1,2856;-0,9920;12;0
12,7749;14,1553;41,9447;45,6690;0,0000;2,3863;194,1553;255,000;64,313;0,000;50,000;-10,5626;-0,8200;2,6134;-0,0000;-1,7934;-10,5626;-0,9819;0,6684;-1,9555;-0,0317;1,2873;-0,9502;12;0
12,7810;14,0906;41,9397;45,6850;-0,0000;2,3754;194,0906;255,000;64,007;0,000;50,000;-10,5686;-0,8159;2,6014;-0,0002;-1,7855;-10,5684;-0,9800;0,6679;-1,9563;0,1180;1,2879;-1,0980;12;0
12,7872;14,0259;41,9347;45,7009;0,0000;2,3645;194,0259;255,000;63,701;0,000;50,000;-10,5746;-0,8118;2,5894;0,0014;-1,7776;-10,5760;-0,9749;0,6673;-1,9564;-0,0142;1,2852;-0,9607;12;0
12,7933;13,9611;41,9297;45,7167;0,0000;2,3536;193,9611;255,000;63,395;0,000;50,000;-10,5805;-0,8077;2,5775;-0,0004;-1,7698;-10,5802;-0,9694;0,6673;-1,9588;-0,1869;1,2923;-0,7824;12;0
12,7994;13,8963;41,9248;45,7324;-0,0000;2,3428;193,8963;255,000;63,088;0,000;50,000;-10,5865;-0,8036;2,5654;-0,0009;-1,7618;-10,5856;-0,9685;0,6674;-1,9614;0,0542;1,3011;-1,0227;12;0
12,8055;13,8314;41,9199;45,7481;0,0000;2,3320;193,8314;255,000;62,782;0,000;50,000;-10,5924;-0,7995;2,5534;0,0003;-1,7539;-10,5927;-0,9645;0,6664;-1,9605;0,0240;1,2939;-0,9886;12;0
12,8117;13,7665;41,9150;45,7637;-0,0000;2,3213;193,7665;255,000;62,476;0,000;50,000;-10,5983;-0,7955;2,5414;-0,0006;-1,7460;-10,5977;-0,9604;0,6659;-1,9608;-0,0188;1,2923;-0,9416;12;0
12,8178;13,7016;41,9101;45,7792;0,0000;2,3106;193,7016;255,000;62,170;0,000;50,000;-10,6042;-0,7914;2,5294;0,0001;-1,7380;-10,6042;-0,9563;0,6655;-1,9619;-0,0685;1,2941;-0,8877;12;0
12,8239;13,6366;41,9053;45,7947;-0,0000;2,3000;193,6366;255,000;61,864;0,000;50,000;-10,6100;-0,7873;2,5174;-0,0014;-1,7301;-10,6086;-0,9532;0,6653;-1,9633;-0,0055;1,2975;-0,9477;12;0
12,8300;13,5716;41,9005;45,8101;-0,0000;2,2894;193,5717;255,000;61,557;0,000;50,000;-10,6158;-0,7832;2,5054;0,0000;-1,7221;-10,6158;-0,9521;0,6653;-1,9656;0,2265;1,3045;-1,1788;12;0
12,8362;13,5066;41,8957;45,8254;0,0000;2,2789;193,5066;255,000;61,251;0,000;50,000;-10,6216;-0,7792;2,4933;0,0014;-1,7141;-10,6230;-0,9459;0,6646;-1,9655;-0,0000;1,3009;-0,9459;12;0
12,8423;13,4415;41,8909;45,8406;-0,0000;2,2685;193,4415;255,000;60,945;0,000;50,000;-10,6274;-0,7751;2,4813;0,0000;-1,7062;-10,6274;-0,9410;0,6640;-1,9659;-0,1085;1,2998;-0,8324;12;0
12,8484;13,3764;41,8862;45,8558;0,0000;2,2580;193,3764;255,000;60,639;0,000;50,000;-10,6332;-0,7710;2,4692;0,0000;-1,6982;-10,6332;-0,9385;0,6638;-1,9674;-0,0001;1,3036;-0,9384;12;0
12,8545;13,3113;41,8815;45,8709;0,0000;2,2477;193,3113;255,000;60,333;0,000;50,000;-10,6389;-0,7670;2,4572;-0,0000;-1,6902;-10,6389;-0,9347;0,6634;-1,9684;-0,0077;1,3050;-0,9269;12;0
12,8607;13,2461;41,8768;45,8859;-0,0000;2,2373;193,2461;255,000;60,026;0,000;50,000;-10,6446;-0,7629;2,4451;-0,0000;-1,6822;-10,6446;-0,9311;0,6630;-1,9694;0,0052;1,3063;-0,9363;12;0
12,8668;13,1809;41,8722;45,9008;0,0000;2,2270;193,1809;255,000;59,720;0,000;50,000;-10,6503;-0,7588;2,4331;0,0001;-1,6742;-10,6504;-0,9273;0,6627;-1,9703;0,0037;1,3076;-0,9310;12;0
12,8729;13,1157;41,8675;45,9157;0,0000;2,2168;193,1157;255,000;59,414;0,000;50,000;-10,6560;-0,7548;2,4210;-0,0000;-1,6662;-10,6560;-0,9234;0,6623;-1,9713;-0,0101;1,3091;-0,9133;12;0
12,8790;13,0504;41,8629;45,9305;-0,0000;2,2066;193,0504;255,000;59,108;0,000;50,000;-10,6616;-0,7507;2,4089;-0,0001;-1,6582;-10,6616;-0,9197;0,6619;-1,9723;0,0003;1,3104;-0,9200;12;0
12,8851;12,9851;41,8583;45,9452;0,0000;2,1965;192,9851;255,000;58,802;0,000;50,000;-10,6672;-0,7467;2,3968;0,0000;-1,6502;-10,6672;-0,9160;0,6615;-1,9732;0,0029;1,3117;-0,9189;12;0
12,8913;12,9198;41,8538;45,9598;-0,0000;2,1864;192,9198;255,000;58,495;0,000;50,000;-10,6728;-0,7426;2,3848;-0,0000;-1,6421;-10,6728;-0,9121;0,6612;-1,9742;-0,0001;1,3130;-0,9120;12;0
12,8974;12,8544;41,8492;45,9744;-0,0000;2,1764;192,8544;255,000;58,189;0,000;50,000;-10,6784;-0,7386;2,3727;0,0000;-1,6341;-10,6784;-0,9083;0,6608;-1,9751;0,0042;1,3143;-0,9125;12;0
12,9035;12,7890;41,8447;45,9889;0,0000;2,1664;192,7890;255,000;57,883;0,000;50,000;-10,6840;-0,7345;2,3606;0,0000;-1,6260;-10,6840;-0,9044;0,6604;-1,9761;-0,0046;1,3156;-0,8998;12;0
12,9096;12,7235;41,8402;46,0033;-0,0000;2,1565;192,7235;255,000;57,577;0,000;50,000;-10,6895;-0,7305;2,3485;-0,0001;-1,6180;-10,6894;-0,9006;0,6601;-1,9770;-0,0034;1,3169;-0,8972;12;0
12,9158;12,6580;41,8358;46,0176;-0,0000;2,1466;192,6580;255,000;57,271;0,000;50,000;-10,6950;-0,7264;2,3364;-0,0000;-1,6099;-10,6950;-0,8968;0,6597;-1,9780;0,0091;1,3183;-0,9059;12;0
12,9219;12,5925;41,8313;46,0319;-0,0000;2,1368;192,5925;255,000;56,964;0,000;50,000;-10,7005;-0,7224;2,3242;0,0001;-1,6018;-10,7005;-0,8937;0,6592;-1,9784;0,0859;1,3176;-0,9797;12;0
12,9280;12,5270;41,8269;46,0461;0,0000;2,1270;192,5270;255,000;56,658;0,000;50,000;-10,7059;-0,7184;2,3121;0,0010;-1,5938;-10,7070;-0,8889;0,6590;-1,9798;-0,0046;1,3209;-0,8843;12;0
12,9341;12,4614;41,8225;46,0602;0,0000;2,1172;192,4614;255,000;56,352;0,000;50,000;-10,7114;-0,7143;2,3000;-0,0000;-1,5857;-10,7114;-0,8833;0,6589;-1,9817;-0,1700;1,3262;-0,7131;12;0
12,9403;12,3958;41,8182;46,0743;-0,0000;2,1076;192,3958;255,000;56,046;0,000;50,000;-10,7168;-0,7103;2,2878;-0,0010;-1,5775;-10,7157;-0,8811;0,6582;-1,9817;0,0001;1,3234;-0,8812;12;0
12,9464;12,3301;41,8138;46,0882;-0,0000;2,0979;192,3301;255,000;55,740;0,000;50,000;-10,7222;-0,7063;2,2757;0,0000;-1,5694;-10,7222;-0,8795;0,6574;-1,9809;0,2317;1,3174;-1,1114;12;0
12,9525;12,2645;41,8095;46,1021;0,0000;2,0883;192,2645;255,000;55,433;0,000;50,000;-10,7275;-0,7023;2,2636;0,0018;-1,5614;-10,7293;-0,8732;0,6575;-1,9835;-0,0001;1,3260;-0,8732;12;0
12,9586;12,1987;41,8052;46,1160;0,0000;2,0788;192,1987;255,000;55,127;0,000;50,000;-10,7329;-0,6982;2,2514;-0,0000;-1,5532;-10,7329;-0,8663;0,6579;-1,9868;-0,2955;1,3378;-0,5706;12;0
12,9648;12,1330;41,8010;46,1297;-0,0000;2,0693;192,1330;255,000;54,821;0,000;50,000;-10,7381;-0,6942;2,2393;-0,0018;-1,5450;-10,7363;-0,8653;0,6568;-1,9853;0,0002;1,3285;-0,8655;12;0
12,9709;12,0672;41,7967;46,1434;-0,0000;2,0599;192,0672;255,000;54,515;0,000;50,000;-10,7435;-0,6902;2,2271;0,0000;-1,5369;-10,7435;-0,8629;0,6561;-1,9851;0,1544;1,3246;-1,0174;12;0
12,9770;12,0014;41,7925;46,1570;0,0000;2,0505;192,0014;255,000;54,208;0,000;50,000;-10,7487;-0,6862;2,2149;0,0001;-1,5288;-10,7488;-0,8572;0,6561;-1,9871;-0,0127;1,3311;-0,8445;12;0
12,9831;11,9356;41,7883;46,1705;-0,0000;2,0411;191,9356;255,000;53,902;0,000;50,000;-10,7540;-0,6821;2,2028;-0,0002;-1,5206;-10,7538;-0,8533;0,6557;-1,9880;-0,0049;1,3323;-0,8484;12;0
12,9893;11,8697;41,7842;46,1840;-0,0000;2,0319;191,8697;255,000;53,596;0,000;50,000;-10,7592;-0,6781;2,1906;0,0000;-1,5125;-10,7592;-0,8495;0,6554;-1,9889;0,0250;1,3336;-0,8746;12;0
12,9954;11,8038;41,7800;46,1974;0,0000;2,0226;191,8038;255,000;53,290;0,000;50,000;-10,7644;-0,6741;2,1784;0,0002;-1,5043;-10,7645;-0,8449;0,6550;-1,9898;-0,0385;1,3348;-0,8064;12;0
13,0015;11,7378;41,7759;46,2107;-0,0000;2,0134;191,7378;255,000;52,984;0,000;50,000;-10,7695;-0,6701;2,1662;-0,0005;-1,4961;-10,7690;-0,8411;0,6547;-1,9907;-0,0108;1,3357;-0,8303;12;0
13,0076;11,6719;41,7718;46,2239;-0,0000;2,0043;191,6719;255,000;52,677;0,000;50,000;-10,7747;-0,6661;2,1540;0,0000;-1,4879;-10,7747;-0,8379;0,6543;-1,9916;0,0757;1,3374;-0,9137;12;0
13,0138;11,6059;41,7677;46,2370;0,0000;1,9952;191,6059;255,000;52,371;0,000;50,000;-10,7798;-0,6621;2,1418;0,0005;-1,4797;-10,7802;-0,8331;0,6540;-1,9925;-0,0034;1,3392;-0,8297;12;0
13,0199;11,5398;41,7637;46,2501;-0,0000;1,9862;191,5398;255,000;52,065;0,000;50,000;-10,7849;-0,6581;2,1296;-0,0000;-1,4715;-10,7848;-0,8288;0,6536;-1,9933;-0,0174;1,3396;-0,8114;12;0
13,0260;11,4738;41,7597;46,2631;0,0000;1,9772;191,4738;255,000;51,759;0,000;50,000;-10,7899;-0,6541;2,1174;0,0002;-1,4633;-10,7902;-0,8249;0,6533;-1,9942;0,0002;1,3405;-0,8251;12;0
13,0321;11,4077;41,7557;46,2761;0,0000;1,9682;191,4077;255,000;51,453;0,000;50,000;-10,7950;-0,6501;2,1052;-0,0000;-1,4551;-10,7949;-0,8204;0,6529;-1,9951;-0,0400;1,3424;-0,7804;12;0
13,0383;11,3416;41,7517;46,2889;-0,0000;1,9594;191,3416;255,000;51,146;0,000;50,000;-10,8000;-0,6461;2,0930;-0,0002;-1,4469;-10,7997;-0,8166;0,6526;-1,9960;0,0015;1,3436;-0,8181;12;0
13,0444;11,2754;41,7478;46,3017;0,0000;1,9505;191,2754;255,000;50,840;0,000;50,000;-10,8050;-0,6421;2,0807;-0,0000;-1,4387;-10,8050;-0,8127;0,6522;-1,9968;0,0197;1,3445;-0,8324;12;0
13,0505;11,2092;41,7439;46,3144;-0,0000;1,9417;191,2092;255,000;50,534;0,000;50,000;-10,8099;-0,6381;2,0685;-0,0000;-1,4304;-10,8099;-0,8093;0,6517;-1,9971;0,1029;1,3433;-0,9123;12;0
13,0566;11,1430;41,7400;46,3270;0,0000;1,9330;191,1430;255,000;50,228;0,000;50,000;-10,8149;-0,6341;2,0563;0,0013;-1,4222;-10,8161;-0,8042;0,6515;-1,9985;0,0000;1,3470;-0,8042;12;0
13,0627;11,0768;41,7361;46,3396;0,0000;1,9243;191,0767;255,000;49,922;0,000;50,000;-10,8198;-0,6301;2,0440;-0,0000;-1,4139;-10,8198;-0,7981;0,6515;-2,0004;-0,2074;1,3529;-0,5905;12;0
13,0689;11,0105;41,7322;46,3521;-0,0000;1,9157;191,0105;255,000;49,615;0,000;50,000;-10,8247;-0,6261;2,0318;-0,0013;-1,4056;-10,8234;-0,7958;0,6508;-2,0002;0,0001;1,3494;-0,7959;12;0
13,0750;10,9442;41,7284;46,3645;-0,0000;1,9071;190,9442;255,000;49,309;0,000;50,000;-10,8295;-0,6221;2,0195;0,0000;-1,3974;-10,8295;-0,7926;0,6503;-2,0005;0,1076;1,3482;-0,9003;12;0
13,0811;10,8778;41,7246;46,3768;0,0000;1,8986;190,8778;255,000;49,003;0,000;50,000;-10,8344;-0,6182;2,0073;0,0000;-1,3891;-10,8344;-0,7873;0,6502;-2,0019;-0,0072;1,3517;-0,7801;12;0
13,0872;10,8115;41,7209;46,3891;-0,0000;1,8901;190,8115;255,000;48,697;0,000;50,000;-10,8392;-0,6142;1,9950;-0,0001;-1,3808;-10,8391;-0,7831;0,6498;-2,0027;-0,0030;1,3529;-0,7802;12;0
13,0934;10,7451;41,7171;46,4012;-0,0000;1,8817;190,7451;255,000;48,391;0,000;50,000;-10,8440;-0,6102;1,9827;0,0000;-1,3725;-10,8440;-0,7791;0,6495;-2,0035;0,0143;1,3540;-0,7933;12;0
13,0995;10,6787;41,7134;46,4133;0,0000;1,8733;190,6787;255,000;48,084;0,000;50,000;-10,8487;-0,6062;1,9705;0,0001;-1,3642;-10,8488;-0,7747;0,6492;-2,0044;-0,0003;1,3552;-0,7744;12;0
13,1056;10,6122;41,7097;46,4254;-0,0000;1,8649;190,6122;255,000;47,778;0,000;50,000;-10,8534;-0,6023;1,9582;-0,0000;-1,3559;-10,8534;-0,7703;0,6488;-2,0052;-0,0095;1,3563;-0,7609;12;0
13,1117;10,5457;41,7060;46,4373;-0,0000;1,8567;190,5457;255,000;47,472;0,000;50,000;-10,8581;-0,5983;1,9459;-0,0000;-1,3476;-10,8581;-0,7661;0,6485;-2,0060;0,0002;1,3575;-0,7664;12;0
13,1179;10,4792;41,7023;46,4492;-0,0000;1,8484;190,4792;255,000;47,166;0,000;50,000;-10,8628;-0,5943;1,9336;0,0000;-1,3393;-10,8628;-0,7619;0,6482;-2,0068;0,0048;1,3586;-0,7667;12;0
13,1240;10,4127;41,6987;46,4610;0,0000;1,8403;190,4127;255,000;46,860;0,000;50,000;-10,8675;-0,5903;1,9213;0,0000;-1,3310;-10,8675;-0,7575;0,6478;-2,0076;-0,0064;1,3598;-0,7511;12;0
13,1301;10,3461;41,6951;46,4727;-0,0000;1,8321;190,3461;255,000;46,553;0,000;50,000;-10,8721;-0,5864;1,9090;-0,0001;-1,3227;-10,8720;-0,7532;0,6475;-2,0084;-0,0023;1,3609;-0,7510;12;0
13,1362;10,2795;41,6915;46,4844;-0,0000;1,8241;190,2795;255,000;46,247;0,000;50,000;-10,8767;-0,5824;1,8967;0,0000;-1,3143;-10,8767;-0,7490;0,6472;-2,0092;0,0126;1,3620;-0,7616;12;0
13,1424;10,2129;41,6880;46,4960;0,0000;1,8160;190,2129;255,000;45,941;0,000;50,000;-10,8813;-0,5784;1,8844;0,0001;-1,3060;-10,8814;-0,7445;0,6469;-2,0100;-0,0142;1,3631;-0,7303;12;0
13,1485;10,1462;41,6845;46,5075;-0,0000;1,8081;190,1462;255,000;45,635;0,000;50,000;-10,8858;-0,5745;1,8721;-0,0002;-1,2976;-10,8857;-0,7402;0,6465;-2,0108;-0,0059;1,3642;-0,7343;12;0
13,1546;10,0795;41,6809;46,5189;-0,0000;1,8001;190,0795;255,000;45,329;0,000;50,000;-10,8903;-0,5705;1,8598;0,0000;-1,2893;-10,8904;-0,7361;0,6462;-2,0116;0,0280;1,3653;-0,7641;12;0
13,1607;10,0128;41,6775;46,5303;0,0000;1,7923;190,0128;255,000;45,022;0,000;50,000;-10,8948;-0,5666;1,8475;0,0002;-1,2809;-10,8950;-0,7315;0,6459;-2,0123;-0,0007;1,3665;-0,7308;12;0
13,1669;9,9461;41,6740;46,5415;-0,0000;1,7845;189,9461;255,000;44,716;0,000;50,000;-10,8993;-0,5626;1,8352;-0,0000;-1,2725;-10,8993;-0,7270;0,6456;-2,0131;-0,0166;1,3675;-0,7104;12;0
13,1730;9,8793;41,6706;46,5527;-0,0000;1,7767;189,8793;255,000;44,410;0,000;50,000;-10,9037;-0,5587;1,8228;-0,0000;-1,2642;-10,9037;-0,7228;0,6453;-2,0139;0,0004;1,3686;-0,7232;12;0
13,1791;9,8126;41,6672;46,5639;-0,0000;1,7690;189,8126;255,000;44,104;0,000;50,000;-10,9082;-0,5547;1,8105;0,0000;-1,2558;-10,9082;-0,7184;0,6450;-2,0146;0,0055;1,3697;-0,7239;12;0
13,1852;9,7457;41,6638;46,5749;0,0000;1,7613;189,7457;255,000;43,797;0,000;50,000;-10,9125;-0,5508;1,7981;0,0000;-1,2474;-10,9126;-0,7139;0,6446;-2,0154;-0,0071;1,3708;-0,7068;12;0
13,1914;9,6789;41,6604;46,5859;-0,0000;1,7537;189,6789;255,000;43,491;0,000;50,000;-10,9169;-0,5468;1,7858;-0,0001;-1,2390;-10,9168;-0,7095;0,6443;-2,0162;-0,0026;1,3718;-0,7069;12;0
13,1975;9,6120;41,6571;46,5968;-0,0000;1,7461;189,6120;255,000;43,185;0,000;50,000;-10,9212;-0,5429;1,7735;0,0000;-1,2306;-10,9212;-0,7052;0,6440;-2,0169;0,0141;1,3729;-0,7193;12;0
13,2036;9,5451;41,6538;46,6076;0,0000;1,7386;189,5451;255,000;42,879;0,000;50,000;-10,9255;-0,5389;1,7611;0,0001;-1,2222;-10,9256;-0,7006;0,6437;-2,0177;-0,0003;1,3740;-0,7003;12;0
13,2097;9,4782;41,6505;46,6184;-0,0000;1,7312;189,4782;255,000;42,573;0,000;50,000;-10,9298;-0,5350;1,7487;-0,0000;-1,2138;-10,9298;-0,6961;0,6434;-2,0184;-0,0091;1,3750;-0,6870;12;0
13,2159;9,4113;41,6472;46,6290;-0,0000;1,7238;189,4113;255,000;42,266;0,000;50,000;-10,9341;-0,5311;1,7364;-0,0000;-1,2053;-10,9340;-0,6917;0,6431;-2,0191;0,0002;1,3760;-0,6919;12;0
13,2220;9,3443;41,6440;46,6396;-0,0000;1,7164;189,3443;255,000;41,960;0,000;50,000;-10,9383;-0,5271;1,7240;0,0000;-1,1969;-10,9383;-0,6886;0,6425;-2,0189;0,1601;1,3729;-0,8488;12;0
13,2281;9,2773;41,6408;46,6501;0,0000;1,7091;189,2773;255,000;41,654;0,000;50,000;-10,9425;-0,5232;1,7116;0,0019;-1,1885;-10,9444;-0,6827;0,6425;-2,0206;-0,0001;1,3781;-0,6826;12;0
13,2342;9,2103;41,6376;46,6606;0,0000;1,7018;189,2102;255,000;41,348;0,000;50,000;-10,9467;-0,5192;1,6993;-0,0000;-1,1800;-10,9467;-0,6756;0,6428;-2,0232;-0,3216;1,3874;-0,3538;12;0
13,2403;9,1432;41,6344;46,6710;-0,0000;1,6946;189,1432;255,000;41,042;0,000;50,000;-10,9508;-0,5153;1,6869;-0,0020;-1,1715;-10,9488;-0,6737;0,6419;-2,0221;0,0003;1,3802;-0,6740;12;0
13,2465;9,0761;41,6313;46,6812;-0,0000;1,6875;189,0761;255,000;40,735;0,000;50,000;-10,9549;-0,5114;1,6745;0,0000;-1,1631;-10,9549;-0,6706;0,6413;-2,0218;0,1713;1,3771;-0,8420;12;0
13,2526;9,0090;41,6281;46,6915;0,0000;1,6804;189,0090;255,000;40,429;0,000;50,000;-10,9590;-0,5075;1,6621;0,0001;-1,1547;-10,9591;-0,6645;0,6413;-2,0235;-0,0263;1,3822;-0,6381;12;0
13,2587;8,9419;41,6250;46,7016;-0,0000;1,6734;188,9419;255,000;40,123;0,000;50,000;-10,9630;-0,5035;1,6497;-0,0003;-1,1462;-10,9627;-0,6601;0,6410;-2,0242;-0,0067;1,3830;-0,6534;12;0
13,2648;8,8747;41,6220;46,7117;-0,0000;1,6664;188,8748;255,000;39,817;0,000;50,000;-10,9671;-0,4996;1,6373;0,0000;-1,1377;-10,9671;-0,6560;0,6407;-2,0249;0,0518;1,3842;-0,7078;12;0
13,2710;8,8076;41,6189;46,7217;0,0000;1,6594;188,8076;255,000;39,511;0,000;50,000;-10,9711;-0,4957;1,6249;0,0003;-1,1292;-10,9714;-0,6510;0,6404;-2,0256;-0,0021;1,3855;-0,6489;12;0
13,2771;8,7404;41,6159;46,7316;-0,0000;1,6525;188,7404;255,000;39,204;0,000;50,000;-10,9750;-0,4918;1,6125;-0,0000;-1,1207;-10,9750;-0,6461;0,6401;-2,0263;-0,0349;1,3861;-0,6112;12;0
13,2832;8,6731;41,6129;46,7414;-0,0000;1,6457;188,6731;255,000;38,898;0,000;50,000;-10,9790;-0,4878;1,6001;-0,0001;-1,1123;-10,9789;-0,6418;0,6398;-2,0270;0,0014;1,3870;-0,6432;12;0
13,2893;8,6059;41,6099;46,7512;-0,0000;1,6389;188,6059;255,000;38,592;0,000;50,000;-10,9829;-0,4839;1,5877;0,0000;-1,1038;-10,9829;-0,6374;0,6396;-2,0277;0,0186;1,3881;-0,6559;12;0
13,2955;8,5386;41,6070;46,7609;0,0000;1,6322;188,5386;255,000;38,286;0,000;50,000;-10,9868;-0,4800;1,5753;0,0001;-1,0952;-10,9869;-0,6326;0,6393;-2,0283;-0,0006;1,3891;-0,6320;12;0
13,3016;8,4713;41,6040;46,7705;-0,0000;1,6255;188,4713;255,000;37,980;0,000;50,000;-10,9907;-0,4761;1,5628;-0,0000;-1,0867;-10,9907;-0,6279;0,6390;-2,0290;-0,0113;1,3900;-0,6166;12;0
13,3077;8,4040;41,6011;46,7800;0,0000;1,6189;188,4040;255,000;37,673;0,000;50,000;-10,9945;-0,4722;1,5504;-0,0000;-1,0782;-10,9945;-0,6234;0,6387;-2,0297;0,0004;1,3910;-0,6237;12;0
13,3138;8,3367;41,5983;46,7895;-0,0000;1,6123;188,3367;255,000;37,367;0,000;50,000;-10,9983;-0,4683;1,5380;0,0000;-1,0697;-10,9983;-0,6188;0,6384;-2,0303;0,0040;1,3919;-0,6228;12;0
13,3200;8,2693;41,5954;46,7988;0,0000;1,6058;188,2693;255,000;37,061;0,000;50,000;-11,0021;-0,4644;1,5255;0,0000;-1,0612;-11,0021;-0,6141;0,6381;-2,0310;0,0009;1,3929;-0,6150;12;0
13,3261;8,2019;41,5926;46,8081;0,0000;1,5993;188,2019;255,000;36,755;0,000;50,000;-11,0058;-0,4605;1,5131;0,0000;-1,0526;-11,0058;-0,6094;0,6379;-2,0317;-0,0020;1,3938;-0,6074;12;0
13,3322;8,1345;41,5898;46,8174;0,0000;1,5929;188,1345;255,000;36,449;0,000;50,000;-11,0095;-0,4565;1,5006;-0,0000;-1,0441;-11,0095;-0,6041;0,6375;-2,0321;-0,0853;1,3940;-0,5187;12;0
13,3383;8,0671;41,5870;46,8265;-0,0000;1,5865;188,0671;255,000;36,142;0,000;50,000;-11,0132;-0,4526;1,4882;-0,0010;-1,0356;-11,0122;-0,6003;0,6372;-2,0326;0,0344;1,3940;-0,6347;12;0
13,3445;7,9996;41,5842;46,8356;-0,0000;1,5802;187,9996;255,000;35,836;0,000;50,000;-11,0169;-0,4487;1,4758;0,0004;-1,0270;-11,0173;-0,5964;0,6371;-2,0339;0,1361;1,3977;-0,7326;12;0
13,3506;7,9321;41,5815;46,8446;0,0000;1,5739;187,9321;255,000;35,530;0,000;50,000;-11,0205;-0,4448;1,4633;0,0006;-1,0184;-11,0212;-0,5902;0,6370;-2,0350;-0,0630;1,4006;-0,5271;12;0
13,3567;7,8646;41,5788;46,8535;-0,0000;1,5677;187,8646;255,000;35,224;0,000;50,000;-11,0241;-0,4409;1,4508;-0,0004;-1,0099;-11,0238;-0,5858;0,6365;-2,0348;-0,0208;1,3982;-0,5650;12;0
13,3628;7,7971;41,5761;46,8624;0,0000;1,5616;187,7971;255,000;34,917;0,000;50,000;-11,0277;-0,4370;1,4384;0,0004;-1,0013;-11,0281;-0,5815;0,6361;-2,0351;0,0232;1,3980;-0,6047;12;0
13,3690;7,7296;41,5734;46,8711;-0,0000;1,5554;187,7296;255,000;34,611;0,000;50,000;-11,0312;-0,4331;1,4259;-0,0001;-0,9928;-11,0312;-0,5769;0,6359;-2,0359;0,0444;1,3992;-0,6213;12;0
13,3751;7,6620;41,5708;46,8798;0,0000;1,5494;187,6620;255,000;34,305;0,000;50,000;-11,0348;-0,4293;1,4134;0,0009;-0,9842;-11,0357;-0,5718;0,6357;-2,0367;0,0055;1,4008;-0,5773;12;0
13,3812;7,5944;41,5682;46,8884;0,0000;1,5434;187,5944;255,000;33,999;0,000;50,000;-11,0382;-0,4254;1,4010;-0,0000;-0,9756;-11,0382;-0,5659;0,6356;-2,0376;-0,1519;1,4031;-0,4139;12;0
13,3873;7,5268;41,5656;46,8970;-0,0000;1,5374;187,5268;255,000;33,693;0,000;50,000;-11,0417;-0,4215;1,3885;-0,0009;-0,9670;-11,0408;-0,5623;0,6352;-2,0379;0,0001;1,4027;-0,5624;12;0
13,3935;7,4592;41,5630;46,9055;-0,0000;1,5315;187,4592;255,000;33,386;0,000;50,000;-11,0451;-0,4176;1,3760;0,0000;-0,9584;-11,0451;-0,5581;0,6349;-2,0384;0,0788;1,4030;-0,6370;12;0
13,3996;7,3915;41,5605;46,9138;0,0000;1,5257;187,3915;255,000;33,080;0,000;50,000;-11,0485;-0,4137;1,3635;0,0000;-0,9498;-11,0486;-0,5527;0,6347;-2,0391;-0,0071;1,4044;-0,5456;12;0
13,4057;7,3238;41,5579;46,9222;-0,0000;1,5199;187,3238;255,000;32,774;0,000;50,000;-11,0519;-0,4098;1,3510;-0,0001;-0,9412;-11,0518;-0,5480;0,6345;-2,0397;-0,0020;1,4053;-0,5460;12;0
13,4118;7,2561;41,5554;46,9304;-0,0000;1,5142;187,2561;255,000;32,468;0,000;50,000;-11,0552;-0,4059;1,3385;0,0000;-0,9326;-11,0552;-0,5433;0,6342;-2,0403;0,0140;1,4061;-0,5573;12;0
13,4179;7,1884;41,5530;46,9385;0,0000;1,5085;187,1884;255,000;32,162;0,000;50,000;-11,0586;-0,4020;1,3260;0,0001;-0,9240;-11,0586;-0,5382;0,6340;-2,0409;-0,0202;1,4069;-0,5181;12;0
13,4241;7,1207;41,5505;46,9466;-0,0000;1,5029;187,1207;255,000;31,855;0,000;50,000;-11,0618;-0,3982;1,3135;-0,0002;-0,9154;-11,0616;-0,5335;0,6337;-2,0415;-0,0063;1,4077;-0,5272;12;0
13,4302;7,0529;41,5481;46,9546;-0,0000;1,4973;187,0529;255,000;31,549;0,000;50,000;-11,0651;-0,3943;1,3010;0,0000;-0,9067;-11,0651;-0,5291;0,6335;-2,0420;0,0398;1,4086;-0,5688;12;0
13,4363;6,9852;41,5457;46,9626;0,0000;1,4918;186,9852;255,000;31,243;0,000;50,000;-11,0683;-0,3904;1,2885;0,0002;-0,8981;-11,0686;-0,5227;0,6332;-2,0425;-0,1668;1,4092;-0,3560;12;0
13,4424;6,9174;41,5433;46,9704;-0,0000;1,4863;186,9174;255,000;30,937;0,000;50,000;-11,0715;-0,3865;1,2760;-0,0020;-0,8895;-11,0695;-0,5192;0,6326;-2,0418;0,0147;1,4040;-0,5339;12;0
13,4486;6,8496;41,5409;46,9782;-0,0000;1,4809;186,8496;255,000;30,631;0,000;50,000;-11,0747;-0,3827;1,2635;0,0004;-0,8809;-11,0751;-0,5157;0,6328;-2,0438;0,2051;1,4113;-0,7210;12;0
13,4547;6,7817;41,5386;46,9859;0,0000;1,4755;186,7817;255,000;30,324;0,000;50,000;-11,0778;-0,3788;1,2510;0,0005;-0,8722;-11,0783;-0,5091;0,6331;-2,0462;-0,0459;1,4205;-0,4632;12;0
13,4608;6,7139;41,5363;46,9935;-0,0000;1,4702;186,7139;255,000;30,018;0,000;50,000;-11,0809;-0,3749;1,2384;-0,0001;-0,8635;-11,0808;-0,5052;0,6323;-2,0449;0,0872;1,4128;-0,5923;12;0
13,4669;6,6460;41,5340;47,0011;0,0000;1,4649;186,6460;255,000;29,712;0,000;50,000;-11,0840;-0,3710;1,2259;0,0015;-0,8549;-11,0855;-0,4996;0,6321;-2,0456;-0,0152;1,4143;-0,4844;12;0
13,4731;6,5781;41,5318;47,0085;-0,0000;1,4597;186,5781;255,000;29,406;0,000;50,000;-11,0870;-0,3672;1,2134;-0,0003;-0,8462;-11,0867;-0,4939;0,6318;-2,0458;-0,1262;1,4138;-0,3677;12;0
13,4792;6,5102;41,5295;47,0159;-0,0000;1,4545;186,5102;255,000;29,100;0,000;50,000;-11,0900;-0,3633;1,2009;0,0000;-0,8376;-11,0900;-0,4901;0,6313;-2,0456;0,0301;1,4113;-0,5202;12;0
13,4853;6,4423;41,5273;47,0232;0,0000;1,4494;186,4423;255,000;28,793;0,000;50,000;-11,0930;-0,3594;1,1883;0,0000;-0,8289;-11,0931;-0,4850;0,6314;-2,0469;0,0034;1,4156;-0,4884;12;0
13,4914;6,3743;41,5251;47,0305;0,0000;1,4444;186,3743;255,000;28,487;0,000;50,000;-11,0960;-0,3556;1,1758;0,0000;-0,8202;-11,0960;-0,4801;0,6311;-2,0475;-0,0036;1,4163;-0,4764;12;0
13,4976;6,3064;41,5230;47,0376;0,0000;1,4394;186,3064;255,000;28,181;0,000;50,000;-11,0989;-0,3517;1,1633;-0,0000;-0,8116;-11,0989;-0,4752;0,6309;-2,0480;-0,0071;1,4171;-0,4681;12;0
13,5037;6,2384;41,5208;47,0447;-0,0000;1,4345;186,2384;255,000;27,875;0,000;50,000;-11,1018;-0,3478;1,1507;-0,0000;-0,8029;-11,1018;-0,4703;0,6307;-2,0485;0,0062;1,4178;-0,4765;12;0
13,5098;6,1704;41,5187;47,0517;0,0000;1,4296;186,1704;255,000;27,569;0,000;50,000;-11,1047;-0,3440;1,1382;0,0001;-0,7942;-11,1047;-0,4654;0,6305;-2,0490;0,0034;1,4185;-0,4688;12;0
13,5159;6,1024;41,5166;47,0587;0,0000;1,4247;186,1024;255,000;27,262;0,000;50,000;-11,1075;-0,3401;1,1256;-0,0000;-0,7855;-11,1075;-0,4603;0,6303;-2,0495;-0,0120;1,4193;-0,4483;12;0
13,5221;6,0343;41,5145;47,0655;-0,0000;1,4199;186,0343;255,000;26,956;0,000;50,000;-11,1103;-0,3362;1,1131;-0,0001;-0,7768;-11,1102;-0,4555;0,6301;-2,0500;0,0004;1,4199;-0,4559;12;0
13,5282;5,9663;41,5125;47,0723;0,0000;1,4152;185,9663;255,000;26,650;0,000;50,000;-11,1131;-0,3324;1,1005;0,0000;-0,7681;-11,1131;-0,4506;0,6298;-2,0505;0,0039;1,4206;-0,4545;12;0
13,5343;5,8982;41,5105;47,0790;0,0000;1,4105;185,8982;255,000;26,344;0,000;50,000;-11,1158;-0,3285;1,0880;-0,0000;-0,7594;-11,1158;-0,4456;0,6296;-2,0510;-0,0002;1,4213;-0,4454;12;0
13,5404;5,8301;41,5085;47,0856;-0,0000;1,4059;185,8301;255,000;26,038;0,000;50,000;-11,1185;-0,3247;1,0754;0,0000;-0,7507;-11,1185;-0,4417;0,6292;-2,0508;0,1592;1,4191;-0,6010;12;0
13,5466;5,7620;41,5065;47,0922;0,0000;1,4013;185,7620;255,000;25,731;0,000;50,000;-11,1212;-0,3208;1,0628;0,0019;-0,7420;-11,1232;-0,4356;0,6292;-2,0519;-0,0001;1,4227;-0,4355;12;0
13,5527;5,6939;41,5045;47,0986;0,0000;1,3968;185,6939;255,000;25,425;0,000;50,000;-11,1239;-0,3170;1,0503;-0,0000;-0,7333;-11,1239;-0,4285;0,6294;-2,0537;-0,3122;1,4291;-0,1162;12;0
13,5588;5,6258;41,5026;47,1050;-0,0000;1,3924;185,6258;255,000;25,119;0,000;50,000;-11,1265;-0,3131;1,0377;-0,0019;-0,7245;-11,1246;-0,4257;0,6288;-2,0528;-0,0029;1,4240;-0,4228;12;0
13,5649;5,5577;41,5007;47,1114;-0,0000;1,3879;185,5577;255,000;24,813;0,000;50,000;-11,1291;-0,3093;1,0251;-0,0000;-0,7158;-11,1291;-0,4217;0,6284;-2,0527;0,1551;1,4218;-0,5770;12;0
13,5711;5,4895;41,4988;47,1176;-0,0000;1,3836;185,4895;255,000;24,506;0,000;50,000;-11,1316;-0,3054;1,0125;0,0000;-0,7071;-11,1317;-0,4173;0,6280;-2,0525;0,2430;1,4196;-0,6604;12;0
13,5772;5,4213;41,4970;47,1238;0,0000;1,3793;185,4213;255,000;24,200;0,000;50,000;-11,1342;-0,3016;1,0000;0,0029;-0,6985;-11,1371;-0,4107;0,6282;-2,0542;-0,0002;1,4260;-0,4105;12;0
13,5833;5,3531;41,4951;47,1298;0,0000;1,3750;185,3531;255,000;23,894;0,000;50,000;-11,1367;-0,2977;0,9874;-0,0000;-0,6897;-11,1367;-0,4023;0,6288;-2,0572;-0,5002;1,4380;0,0982;12;0
13,5894;5,2849;41,4933;47,1358;-0,0000;1,3708;185,2849;255,000;23,588;0,000;50,000;-11,1391;-0,2939;0,9748;-0,0032;-0,6808;-11,1359;-0,4006;0,6279;-2,0551;0,0020;1,4271;-0,4026;12;0
13,5955;5,2167;41,4915;47,1418;-0,0000;1,3667;185,2167;255,000;23,282;0,000;50,000;-11,1416;-0,2900;0,9622;0,0000;-0,6722;-11,1416;-0,3975;0,6273;-2,0543;0,2831;1,4222;-0,6808;12;0
13,6017;5,1484;41,4898;47,1476;0,0000;1,3626;185,1484;255,000;22,975;0,000;50,000;-11,1440;-0,2862;0,9496;0,0003;-0,6634;-11,1443;-0,3906;0,6275;-2,0559;-0,0038;1,4286;-0,3868;12;0
13,6078;5,0802;41,4880;47,1534;-0,0000;1,3586;185,0802;255,000;22,669;0,000;50,000;-11,1464;-0,2823;0,9370;-0,0000;-0,6547;-11,1463;-0,3855;0,6273;-2,0563;-0,0115;1,4289;-0,3739;12;0
13,6139;5,0119;41,4863;47,1591;0,0000;1,3546;185,0119;255,000;22,363;0,000;50,000;-11,1487;-0,2785;0,9244;0,0001;-0,6459;-11,1489;-0,3805;0,6271;-2,0568;0,0014;1,4295;-0,3819;12;0
13,6200;4,9436;41,4846;47,1647;0,0000;1,3507;184,9436;255,000;22,057;0,000;50,000;-11,1510;-0,2747;0,9118;-0,0000;-0,6372;-11,1510;-0,3753;0,6269;-2,0572;-0,0226;1,4303;-0,3527;12;0
13,6262;4,8753;41,4829;47,1703;-0,0000;1,3468;184,8753;255,000;21,751;0,000;50,000;-11,1533;-0,2708;0,8992;-0,0001;-0,6284;-11,1532;-0,3708;0,6268;-2,0575;0,0609;1,4307;-0,4317;12;0
13,6323;4,8070;41,4813;47,1757;0,0000;1,3430;184,8070;255,000;21,444;0,000;50,000;-11,1556;-0,2670;0,8866;0,0007;-0,6196;-11,1563;-0,3653;0,6265;-2,0578;0,0032;1,4306;-0,3685;12;0
13,6384;4,7387;41,4797;47,1811;0,0000;1,3392;184,7387;255,000;21,138;0,000;50,000;-11,1578;-0,2632;0,8740;-0,0001;-0,6109;-11,1577;-0,3595;0,6264;-2,0584;-0,1163;1,4322;-0,2431;12;0
13,6445;4,6704;41,4781;47,1865;-0,0000;1,3355;184,6704;255,000;20,832;0,000;50,000;-11,1600;-0,2593;0,8614;-0,0007;-0,6021;-11,1593;-0,3553;0,6264;-2,0591;0,0158;1,4340;-0,3711;12;0
13,6507;4,6020;41,4765;47,1917;0,0000;1,3318;184,6020;255,000;20,526;0,000;50,000;-11,1621;-0,2555;0,8488;0,0001;-0,5933;-11,1622;-0,3505;0,6261;-2,0591;0,0517;1,4329;-0,4022;12;0
13,6568;4,5336;41,4749;47,1968;-0,0000;1,3282;184,5336;255,000;20,220;0,000;50,000;-11,1643;-0,2516;0,8362;-0,0001;-0,5845;-11,1642;-0,3450;0,6259;-2,0593;0,0010;1,4328;-0,3460;12;0
13,6629;4,4653;41,4734;47,2019;0,0000;1,3247;184,4653;255,000;19,913;0,000;50,000;-11,1664;-0,2478;0,8236;0,0001;-0,5758;-11,1665;-0,3399;0,6258;-2,0599;0,0038;1,4341;-0,3437;12;0
13,6690;4,3969;41,4719;47,2069;0,0000;1,3212;184,3969;255,000;19,607;0,000;50,000;-11,1684;-0,2440;0,8110;-0,0000;-0,5670;-11,1684;-0,3347;0,6256;-2,0603;-0,0175;1,4347;-0,3172;12;0
13,6752;4,3285;41,4704;47,2119;-0,0000;1,3177;184,3285;255,000;19,301;0,000;50,000;-11,1705;-0,2402;0,7983;-0,0001;-0,5582;-11,1704;-0,3299;0,6254;-2,0606;0,0326;1,4351;-0,3625;12;0
13,6813;4,2601;41,4690;47,2167;0,0000;1,3143;184,2601;255,000;18,995;0,000;50,000;-11,1725;-0,2363;0,7857;0,0004;-0,5494;-11,1729;-0,3246;0,6253;-2,0610;0,0062;1,4355;-0,3309;12;0
13,6874;4,1916;41,4675;47,2215;0,0000;1,3110;184,1916;255,000;18,689;0,000;50,000;-11,1744;-0,2325;0,7731;-0,0000;-0,5406;-11,1744;-0,3190;0,6251;-2,0613;-0,0638;1,4363;-0,2552;12;0
13,6935;4,1232;41,4661;47,2262;-0,0000;1,3077;184,1232;255,000;18,382;0,000;50,000;-11,1764;-0,2287;0,7605;-0,0004;-0,5318;-11,1760;-0,3143;0,6250;-2,0617;0,0048;1,4370;-0,3191;12;0
13,6997;4,0547;41,4647;47,2308;0,0000;1,3045;184,0547;255,000;18,076;0,000;50,000;-11,1783;-0,2248;0,7479;0,0000;-0,5230;-11,1783;-0,3092;0,6248;-2,0620;-0,0029;1,4370;-0,3063;12;0
13,7058;3,9863;41,4634;47,2353;-0,0000;1,3013;183,9863;255,000;17,770;0,000;50,000;-11,1802;-0,2210;0,7352;-0,0004;-0,5142;-11,1797;-0,3041;0,6247;-2,0623;0,0005;1,4373;-0,3045;12;0
13,7119;3,9178;41,4620;47,2398;-0,0000;1,2982;183,9178;255,000;17,464;0,000;50,000;-11,1820;-0,2172;0,7226;0,0000;-0,5054;-11,1821;-0,2993;0,6246;-2,0627;0,0679;1,4383;-0,3673;12;0
13,7180;3,8493;41,4607;47,2442;0,0000;1,2951;183,8493;255,000;17,158;0,000;50,000;-11,1838;-0,2134;0,7100;0,0004;-0,4966;-11,1842;-0,2938;0,6244;-2,0630;-0,0058;1,4390;-0,2880;12;0
13,7242;3,7808;41,4594;47,2485;-0,0000;1,2921;183,7808;255,000;16,851;0,000;50,000;-11,1856;-0,2095;0,6973;-0,0000;-0,4878;-11,1856;-0,2886;0,6243;-2,0632;0,0049;1,4388;-0,2936;12;0
13,7303;3,7123;41,4581;47,2527;0,0000;1,2891;183,7123;255,000;16,545;0,000;50,000;-11,1874;-0,2057;0,6847;0,0005;-0,4790;-11,1878;-0,2835;0,6241;-2,0636;-0,0025;1,4390;-0,2809;12;0
13,7364;3,6438;41,4569;47,2569;0,0000;1,2862;183,6438;255,000;16,239;0,000;50,000;-11,1891;-0,2019;0,6721;-0,0001;-0,4702;-11,1890;-0,2778;0,6240;-2,0640;-0,0752;1,4402;-0,2026;12;0
13,7425;3,5753;41,4557;47,2610;-0,0000;1,2834;183,5753;255,000;15,933;0,000;50,000;-11,1908;-0,1981;0,6594;-0,0004;-0,4613;-11,1903;-0,2731;0,6239;-2,0642;0,0107;1,4408;-0,2839;12;0
13,7487;3,5067;41,4545;47,2650;0,0000;1,2806;183,5067;255,000;15,627;0,000;50,000;-11,1924;-0,1943;0,6468;0,0001;-0,4525;-11,1925;-0,2675;0,6237;-2,0643;-0,0699;1,4398;-0,1976;12;0
13,7548;3,4382;41,4533;47,2689;-0,0000;1,2778;183,4382;255,000;15,320;0,000;50,000;-11,1940;-0,1904;0,6341;-0,0013;-0,4437;-11,1927;-0,2632;0,6235;-2,0643;0,0544;1,4387;-0,3176;12;0
13,7609;3,3696;41,4521;47,2727;-0,0000;1,2751;183,3696;255,000;15,014;0,000;50,000;-11,1957;-0,1866;0,6215;0,0007;-0,4349;-11,1964;-0,2584;0,6236;-2,0653;0,1191;1,4424;-0,3775;12;0
13,7670;3,3011;41,4510;47,2765;0,0000;1,2725;183,3010;255,000;14,708;0,000;50,000;-11,1972;-0,1828;0,6088;0,0002;-0,4260;-11,1974;-0,2520;0,6236;-2,0660;-0,0714;1,4447;-0,1806;12;0
13,7731;3,2325;41,4499;47,2802;-0,0000;1,2699;183,2325;255,000;14,402;0,000;50,000;-11,1987;-0,1790;0,5962;-0,0001;-0,4172;-11,1986;-0,2477;0,6233;-2,0658;0,0805;1,4430;-0,3282;12;0
13,7793;3,1639;41,4488;47,2838;0,0000;1,2674;183,1639;255,000;14,095;0,000;50,000;-11,2002;-0,1752;0,5835;0,0011;-0,4084;-11,2014;-0,2418;0,6232;-2,0662;-0,0409;1,4440;-0,2009;12;0
13,7854;3,0953;41,4477;47,2873;-0,0000;1,2649;183,0953;255,000;13,789;0,000;50,000;-11,2017;-0,1713;0,5709;-0,0006;-0,3995;-11,2011;-0,2363;0,6230;-2,0660;-0,0929;1,4424;-0,1434;12;0
13,7915;3,0267;41,4467;47,2908;-0,0000;1,2625;183,0267;255,000;13,483;0,000;50,000;-11,2031;-0,1675;0,5582;0,0000;-0,3907;-11,2031;-0,2320;0,6228;-2,0660;0,0569;1,4418;-0,2889;12;0
13,7976;2,9581;41,4457;47,2942;0,0000;1,2601;182,9581;255,000;13,177;0,000;50,000;-11,2045;-0,1637;0,5456;0,0001;-0,3819;-11,2046;-0,2264;0,6228;-2,0666;-0,0002;1,4438;-0,2262;12;0
13,8038;2,8894;41,4447;47,2975;-0,0000;1,2578;182,8894;255,000;12,871;0,000;50,000;-11,2059;-0,1599;0,5329;-0,0000;-0,3730;-11,2059;-0,2212;0,6227;-2,0669;-0,0075;1,4442;-0,2137;12;0
13,8099;2,8208;41,4437;47,3007;-0,0000;1,2556;182,8208;255,000;12,564;0,000;50,000;-11,2073;-0,1561;0,5203;-0,0000;-0,3642;-11,2072;-0,2160;0,6226;-2,0671;0,0002;1,4445;-0,2162;12;0
13,8160;2,7522;41,4428;47,3039;-0,0000;1,2534;182,7522;255,000;12,258;0,000;50,000;-11,2086;-0,1523;0,5076;0,0000;-0,3553;-11,2086;-0,2108;0,6225;-2,0674;0,0062;1,4449;-0,2171;12;0
13,8221;2,6835;41,4419;47,3069;0,0000;1,2512;182,6835;255,000;11,952;0,000;50,000;-11,2098;-0,1485;0,4949;0,0000;-0,3465;-11,2099;-0,2055;0,6224;-2,0676;-0,0094;1,4452;-0,1961;12;0
13,8283;2,6149;41,4410;47,3099;-0,0000;1,2491;182,6149;255,000;11,646;0,000;50,000;-11,2111;-0,1447;0,4823;-0,0001;-0,3376;-11,2110;-0,2003;0,6223;-2,0678;-0,0028;1,4455;-0,1975;12;0
13,8344;2,5462;41,4401;47,3128;-0,0000;1,2471;182,5462;255,000;11,340;0,000;50,000;-11,2123;-0,1408;0,4696;0,0000;-0,3288;-11,2123;-0,1953;0,6222;-2,0680;0,0185;1,4458;-0,2138;12;0
13,8405;2,4775;41,4392;47,3157;0,0000;1,2451;182,4775;255,000;11,033;0,000;50,000;-11,2135;-0,1370;0,4569;0,0001;-0,3199;-11,2136;-0,1897;0,6221;-2,0682;-0,0319;1,4461;-0,1578;12;0
13,8466;2,4089;41,4384;47,3184;-0,0000;1,2432;182,4089;255,000;10,727;0,000;50,000;-11,2146;-0,1332;0,4443;-0,0004;-0,3110;-11,2142;-0,1846;0,6220;-2,0684;-0,0075;1,4462;-0,1771;12;0
13,8528;2,3402;41,4376;47,3211;-0,0000;1,2413;182,3402;255,000;10,421;0,000;50,000;-11,2157;-0,1294;0,4316;0,0000;-0,3022;-11,2158;-0,1798;0,6219;-2,0686;0,0627;1,4468;-0,2425;12;0
13,8589;2,2715;41,4368;47,3237;0,0000;1,2395;182,2715;255,000;10,115;0,000;50,000;-11,2168;-0,1256;0,4189;0,0004;-0,2933;-11,2172;-0,1742;0,6218;-2,0688;-0,0034;1,4473;-0,1708;12;0
13,8650;2,2028;41,4361;47,3262;-0,0000;1,2377;182,2028;255,000;9,809;0,000;50,000;-11,2179;-0,1218;0,4063;-0,0000;-0,2845;-11,2178;-0,1689;0,6218;-2,0690;-0,0139;1,4472;-0,1550;12;0
13,8711;2,1341;41,4353;47,3287;0,0000;1,2360;182,1341;255,000;9,502;0,000;50,000;-11,2189;-0,1180;0,3936;0,0002;-0,2756;-11,2191;-0,1637;0,6217;-2,0692;0,0007;1,4473;-0,1644;12;0
13,8773;2,0654;41,4346;47,3311;0,0000;1,2343;182,0654;255,000;9,196;0,000;50,000;-11,2199;-0,1142;0,3809;-0,0000;-0,2667;-11,2199;-0,1583;0,6216;-2,0694;-0,0340;1,4478;-0,1243;12;0
13,8834;1,9967;41,4339;47,3334;-0,0000;1,2327;181,9967;255,000;8,890;0,000;50,000;-11,2208;-0,1104;0,3682;-0,0002;-0,2579;-11,2206;-0,1542;0,6215;-2,0694;0,1697;1,4476;-0,3240;12;0
13,8895;1,9280;41,4333;47,3356;0,0000;1,2312;181,9280;255,000;8,584;0,000;50,000;-11,2218;-0,1066;0,3556;0,0021;-0,2490;-11,2238;-0,1477;0,6211;-2,0684;-0,0480;1,4427;-0,0996;12;0
13,8956;1,8592;41,4326;47,3377;0,0000;1,2297;181,8592;255,000;8,278;0,000;50,000;-11,2226;-0,1028;0,3429;-0,0008;-0,2402;-11,2218;-0,1407;0,6215;-2,0701;-0,3365;1,4494;0,1959;12;0
13,9018;1,7905;41,4320;47,3398;-0,0000;1,2282;181,7905;255,000;7,971;0,000;50,000;-11,2235;-0,0990;0,3302;-0,0021;-0,2313;-11,2214;-0,1382;0,6221;-2,0725;0,1296;1,4597;-0,2679;12;0
13,9079;1,7218;41,4314;47,3418;0,0000;1,2268;181,7218;255,000;7,665;0,000;50,000;-11,2243;-0,0952;0,3175;0,0008;-0,2223;-11,2251;-0,1332;0,6212;-2,0700;0,1647;1,4484;-0,2979;12;0
13,9140;1,6530;41,4309;47,3437;-0,0000;1,2255;181,6530;255,000;7,359;0,000;50,000;-11,2251;-0,0914;0,3049;-0,0000;-0,2135;-11,2251;-0,1265;0,6208;-2,0691;-0,0647;1,4436;-0,0618;12;0
13,9201;1,5843;41,4303;47,3455;-0,0000;1,2242;181,5843;255,000;7,053;0,000;50,000;-11,2259;-0,0875;0,2922;0,0000;-0,2046;-11,2259;-0,1217;0,6211;-2,0704;0,0062;1,4493;-0,1279;12;0
13,9262;1,5155;41,4298;47,3472;0,0000;1,2230;181,5155;255,000;6,747;0,000;50,000;-11,2266;-0,0837;0,2795;0,0000;-0,1958;-11,2266;-0,1163;0,6211;-2,0706;-0,0094;1,4495;-0,1070;12;0
13,9324;1,4468;41,4293;47,3489;-0,0000;1,2218;181,4468;255,000;6,440;0,000;50,000;-11,2273;-0,0799;0,2668;-0,0001;-0,1869;-11,2272;-0,1111;0,6210;-2,0707;-0,0028;1,4496;-0,1083;12;0
13,9385;1,3780;41,4288;47,3505;-0,0000;1,2207;181,3780;255,000;6,134;0,000;50,000;-11,2280;-0,0761;0,2541;0,0000;-0,1780;-11,2280;-0,1060;0,6210;-2,0708;0,0185;1,4498;-0,1244;12;0
13,9446;1,3092;41,4283;47,3520;0,0000;1,2196;181,3092;255,000;5,828;0,000;50,000;-11,2286;-0,0723;0,2415;0,0001;-0,1691;-11,2287;-0,1004;0,6209;-2,0709;-0,0310;1,4500;-0,0694;12;0
13,9507;1,2405;41,4279;47,3535;-0,0000;1,2186;181,2405;255,000;5,522;0,000;50,000;-11,2292;-0,0685;0,2288;-0,0004;-0,1602;-11,2288;-0,0952;0,6209;-2,0710;-0,0075;1,4500;-0,0878;12;0
13,9569;1,1717;41,4275;47,3548;-0,0000;1,2177;181,1717;255,000;5,216;0,000;50,000;-11,2298;-0,0647;0,2161;0,0000;-0,1514;-11,2298;-0,0904;0,6208;-2,0711;0,0609;1,4504;-0,1513;12;0
13,9630;1,1029;41,4271;47,3561;0,0000;1,2168;181,1029;255,000;4,909;0,000;50,000;-11,2303;-0,0609;0,2034;0,0004;-0,1425;-11,2307;-0,0848;0,6208;-2,0712;-0,0034;1,4507;-0,0814;12;0
13,9691;1,0342;41,4268;47,3573;-0,0000;1,2159;181,0342;255,000;4,603;0,000;50,000;-11,2308;-0,0571;0,1907;-0,0000;-0,1336;-11,2308;-0,0794;0,6207;-2,0713;-0,0147;1,4505;-0,0647;12;0
13,9752;0,9654;41,4264;47,3584;0,0000;1,2151;180,9654;255,000;4,297;0,000;50,000;-11,2313;-0,0533;0,1780;0,0002;-0,1247;-11,2315;-0,0742;0,6207;-2,0714;0,0009;1,4505;-0,0751;12;0
13,9814;0,8966;41,4261;47,3595;0,0000;1,2144;180,8966;255,000;3,991;0,000;50,000;-11,2317;-0,0495;0,1654;-0,0000;-0,1158;-11,2317;-0,0687;0,6207;-2,0715;-0,0307;1,4509;-0,0380;12;0
13,9875;0,8278;41,4258;47,3605;-0,0000;1,2137;180,8278;255,000;3,684;0,000;50,000;-11,2321;-0,0457;0,1527;-0,0002;-0,1069;-11,2319;-0,0636;0,6206;-2,0715;-0,0011;1,4510;-0,0626;12;0
13,9936;0,7590;41,4255;47,3614;0,0000;1,2131;180,7590;255,000;3,378;0,000;50,000;-11,2325;-0,0419;0,1400;-0,0000;-0,0981;-11,2325;-0,0584;0,6206;-2,0716;0,0152;1,4510;-0,0737;12;0
13,9997;0,6902;41,4253;47,3622;-0,0000;1,2125;180,6902;255,000;3,072;0,000;50,000;-11,2328;-0,0381;0,1273;0,0000;-0,0892;-11,2328;-0,0541;0,6204;-2,0709;0,1809;1,4476;-0,2351;12;0
14,0059;0,6214;41,4251;47,3629;0,0000;1,2120;180,6214;255,000;2,766;0,000;50,000;-11,2332;-0,0343;0,1146;0,0022;-0,0803;-11,2353;-0,0478;0,6206;-2,0717;-0,0001;1,4512;-0,0477;12;0
14,0120;0,5526;41,4249;47,3636;0,0000;1,2115;180,5526;255,000;2,460;0,000;50,000;-11,2334;-0,0305;0,1019;-0,0000;-0,0714;-11,2334;-0,0403;0,6210;-2,0733;-0,3698;1,4581;0,3296;12;0
14,0181;0,4838;41,4247;47,3642;-0,0000;1,2111;180,4838;255,000;2,153;0,000;50,000;-11,2336;-0,0267;0,0892;-0,0023;-0,0625;-11,2313;-0,0372;0,6205;-2,0718;0,0006;1,4513;-0,0378;12;0
14,0242;0,4150;41,4246;47,3647;-0,0000;1,2108;180,4151;255,000;1,847;0,000;50,000;-11,2339;-0,0229;0,0765;0,0000;-0,0536;-11,2339;-0,0331;0,6203;-2,0711;0,2051;1,4479;-0,2383;12;0
14,0304;0,3463;41,4244;47,3651;0,0000;1,2105;180,3463;255,000;1,541;0,000;50,000;-11,2341;-0,0191;0,0639;0,0002;-0,0447;-11,2342;-0,0262;0,6205;-2,0718;-0,0791;1,4513;0,0529;12;0
14,0365;0,2775;41,4243;47,3655;-0,0000;1,2102;180,2775;255,000;1,235;0,000;50,000;-11,2342;-0,0153;0,0512;-0,0010;-0,0358;-11,2332;-0,0213;0,6204;-2,0716;-0,0041;1,4503;-0,0173;12;0
14,0426;0,2087;41,4242;47,3657;-0,0000;1,2100;180,2087;255,000;0,929;0,000;50,000;-11,2343;-0,0115;0,0385;0,0001;-0,0270;-11,2344;-0,0170;0,6205;-2,0720;0,1475;1,4517;-0,1645;12;0
14,0487;0,1399;41,4242;47,3659;0,0000;1,2099;180,1399;255,000;0,622;0,000;50,000;-11,2344;-0,0077;0,0258;0,0008;-0,0181;-11,2352;-0,0106;0,6206;-2,0725;-0,0202;1,4538;0,0096;12;0
14,0549;0,0711;41,4241;47,3661;-0,0000;1,2098;180,0711;255,000;0,316;0,000;50,000;-11,2344;-0,0039;0,0131;-0,0001;-0,0092;-11,2343;-0,0050;0,6205;-2,0719;-0,0601;1,4514;0,0551;12;0
14,0610;0,0022;41,4241;47,3661;0,0000;1,2098;180,0022;255,000;0,010;0,000;50,000;-11,2345;-0,0001;0,0004;0,0001;-0,0003;-11,2346;-0,0000;0,6204;-2,0717;-0,0266;1,4503;0,0266;12;0
14,0671;-0,0666;41,4241;47,3661;-0,0000;1,2098;179,9334;255,000;-0,296;0,000;50,000;-11,2344;0,0037;-0,0123;-0,0004;0,0086;-11,2340;0,0051;0,6204;-2,0719;-0,0062;1,4513;0,0113;12;0
14,0732;-0,1354;41,4242;47,3659;-0,0000;1,2099;179,8647;255,000;-0,602;0,000;50,000;-11,2344;0,0075;-0,0250;0,0000;0,0175;-11,2344;0,0100;0,6205;-2,0720;0,0722;1,4516;-0,0622;12;0
14,0794;-0,2042;41,4242;47,3658;0,0000;1,2100;179,7958;255,000;-0,909;0,000;50,000;-11,2343;0,0113;-0,0377;0,0004;0,0264;-11,2348;0,0157;0,6205;-2,0719;-0,0053;1,4519;0,0210;12;0
14,0855;-0,2730;41,4243;47,3655;-0,0000;1,2102;179,7270;255,000;-1,215;0,000;50,000;-11,2342;0,0151;-0,0503;-0,0000;0,0353;-11,2342;0,0210;0,6205;-2,0719;-0,0010;1,4512;0,0220;12;0
14,0916;-0,3418;41,4244;47,3651;0,0000;1,2104;179,6582;255,000;-1,521;0,000;50,000;-11,2341;0,0189;-0,0630;0,0004;0,0442;-11,2345;0,0263;0,6205;-2,0719;-0,0017;1,4510;0,0280;12;0
14,0977;-0,4106;41,4245;47,3647;0,0000;1,2107;179,5894;255,000;-1,827;0,000;50,000;-11,2339;0,0227;-0,0757;-0,0001;0,0530;-11,2338;0,0320;0,6205;-2,0719;-0,0678;1,4516;0,0998;12;0
14,1038;-0,4793;41,4247;47,3642;-0,0000;1,2111;179,5207;255,000;-2,133;0,000;50,000;-11,2337;0,0265;-0,0884;-0,0004;0,0619;-11,2333;0,0369;0,6205;-2,0718;0,0062;1,4517;0,0306;12;0
14,1100;-0,5481;41,4249;47,3636;0,0000;1,2115;179,4519;255,000;-2,440;0,000;50,000;-11,2334;0,0303;-0,1011;0,0000;0,0708;-11,2335;0,0419;0,6205;-2,0717;0,0325;1,4511;0,0094;12;0
14,1161;-0,6169;41,4251;47,3630;-0,0000;1,2120;179,3831;255,000;-2,746;0,000;50,000;-11,2332;0,0341;-0,1138;-0,0000;0,0797;-11,2331;0,0465;0,6204;-2,0711;0,1556;1,4482;-0,1092;12;0
14,1222;-0,6857;41,4253;47,3622;0,0000;1,2125;179,3143;255,000;-3,052;0,000;50,000;-11,2329;0,0379;-0,1265;0,0019;0,0886;-11,2348;0,0527;0,6206;-2,0717;0,0007;1,4511;0,0520;12;0
14,1283;-0,7545;41,4255;47,3614;0,0000;1,2130;179,2455;255,000;-3,358;0,000;50,000;-11,2325;0,0417;-0,1392;-0,0000;0,0975;-11,2325;0,0599;0,6210;-2,0729;-0,3228;1,4566;0,3828;12;0
14,1345;-0,8233;41,4258;47,3605;-0,0000;1,2137;179,1767;255,000;-3,664;0,000;50,000;-11,2321;0,0455;-0,1518;-0,0020;0,1064;-11,2301;0,0633;0,6206;-2,0715;0,0004;1,4509;0,0629;12;0
14,1406;-0,8921;41,4261;47,3596;-0,0000;1,2144;179,1079;255,000;-3,971;0,000;50,000;-11,2317;0,0493;-0,1645;0,0000;0,1152;-11,2317;0,0675;0,6205;-2,0708;0,1732;1,4480;-0,1057;12;0
14,1467;-0,9609;41,4264;47,3585;0,0000;1,2151;179,0391;255,000;-4,277;0,000;50,000;-11,2313;0,0531;-0,1772;0,0001;0,1241;-11,2314;0,0738;0,6207;-2,0714;-0,0006;1,4507;0,0745;12;0
14,1528;-1,0297;41,4267;47,3574;-0,0000;1,2159;178,9703;255,000;-4,583;0,000;50,000;-11,2308;0,0569;-0,1899;-0,0000;0,1330;-11,2308;0,0792;0,6207;-2,0713;-0,0079;1,4506;0,0870;12;0
14,1590;-1,0984;41,4271;47,3562;0,0000;1,2167;178,9016;255,000;-4,889;0,000;50,000;-11,2303;0,0607;-0,2026;0,0000;0,1419;-11,2303;0,0844;0,6208;-2,0712;0,0003;1,4504;0,0841;12;0
14,1651;-1,1672;41,4275;47,3549;-0,0000;1,2176;178,8328;255,000;-5,195;0,000;50,000;-11,2298;0,0645;-0,2153;-0,0000;0,1508;-11,2298;0,0888;0,6206;-2,0706;0,1471;1,4478;-0,0583;12;0
14,1712;-1,2360;41,4279;47,3536;0,0000;1,2186;178,7640;255,000;-5,502;0,000;50,000;-11,2292;0,0683;-0,2279;0,0018;0,1596;-11,2310;0,0950;0,6209;-2,0710;-0,0001;1,4502;0,0950;12;0
14,1773;-1,3047;41,4283;47,3521;0,0000;1,2196;178,6952;255,000;-5,808;0,000;50,000;-11,2286;0,0721;-0,2406;-0,0000;0,1685;-11,2286;0,1020;0,6213;-2,0721;-0,3006;1,4551;0,4028;12;0
14,1835;-1,3735;41,4288;47,3506;-0,0000;1,2206;178,6265;255,000;-6,114;0,000;50,000;-11,2280;0,0759;-0,2533;-0,0019;0,1775;-11,2261;0,1055;0,6210;-2,0708;0,0003;1,4498;0,1052;12;0
14,1896;-1,4423;41,4292;47,3490;-0,0000;1,2217;178,5577;255,000;-6,420;0,000;50,000;-11,2273;0,0797;-0,2660;0,0000;0,1863;-11,2273;0,1098;0,6208;-2,0701;0,1623;1,4471;-0,0526;12;0
14,1957;-1,5110;41,4297;47,3473;0,0000;1,2229;178,4890;255,000;-6,727;0,000;50,000;-11,2267;0,0835;-0,2787;0,0001;0,1952;-11,2268;0,1161;0,6211;-2,0706;-0,0029;1,4495;0,1189;12;0
14,2018;-1,5798;41,4303;47,3456;-0,0000;1,2241;178,4202;255,000;-7,033;0,000;50,000;-11,2259;0,0873;-0,2914;-0,0000;0,2041;-11,2259;0,1214;0,6211;-2,0704;-0,0087;1,4493;0,1301;12;0
14,2080;-1,6485;41,4308;47,3438;-0,0000;1,2254;178,3515;255,000;-7,339;0,000;50,000;-11,2252;0,0911;-0,3040;0,0000;0,2129;-11,2252;0,1266;0,6212;-2,0703;0,0049;1,4491;0,1216;12;0
14,2141;-1,7173;41,4314;47,3419;0,0000;1,2267;178,2827;255,000;-7,645;0,000;50,000;-11,2244;0,0949;-0,3167;0,0000;0,2218;-11,2244;0,1319;0,6212;-2,0702;-0,0024;1,4489;0,1343;12;0
14,2202;-1,7860;41,4320;47,3399;0,0000;1,2281;178,2140;255,000;-7,951;0,000;50,000;-11,2235;0,0987;-0,3294;-0,0000;0,2307;-11,2235;0,1371;0,6213;-2,0700;-0,0023;1,4487;0,1394;12;0
14,2263;-1,8547;41,4326;47,3378;-0,0000;1,2296;178,1453;255,000;-8,258;0,000;50,000;-11,2227;0,1025;-0,3421;0,0000;0,2396;-11,2227;0,1424;0,6214;-2,0699;0,0024;1,4485;0,1400;12;0
14,2325;-1,9235;41,4332;47,3357;0,0000;1,2311;178,0765;255,000;-8,564;0,000;50,000;-11,2218;0,1063;-0,3547;0,0000;0,2484;-11,2218;0,1476;0,6214;-2,0697;-0,0001;1,4483;0,1477;12;0
14,2386;-1,9922;41,4339;47,3335;-0,0000;1,2326;178,0078;255,000;-8,870;0,000;50,000;-11,2209;0,1101;-0,3674;-0,0000;0,2573;-11,2209;0,1521;0,6214;-2,0691;0,1307;1,4459;0,0213;12;0
14,2447;-2,0609;41,4346;47,3312;0,0000;1,2342;177,9391;255,000;-9,176;0,000;50,000;-11,2199;0,1139;-0,3801;0,0016;0,2661;-11,2215;0,1581;0,6216;-2,0694;-0,0001;1,4478;0,1582;12;0
14,2508;-2,1296;41,4353;47,3288;0,0000;1,2359;177,8704;255,000;-9,482;0,000;50,000;-11,2189;0,1177;-0,3928;-0,0000;0,2750;-11,2189;0,1650;0,6220;-2,0702;-0,2658;1,4518;0,4309;12;0
14,2570;-2,1983;41,4360;47,3264;-0,0000;1,2376;177,8017;255,000;-9,789;0,000;50,000;-11,2179;0,1216;-0,4054;-0,0017;0,2839;-11,2163;0,1686;0,6218;-2,0690;0,0003;1,4473;0,1684;12;0
14,2631;-2,2670;41,4368;47,3239;-0,0000;1,2393;177,7330;255,000;-10,095;0,000;50,000;-11,2169;0,1254;-0,4181;0,0000;0,2927;-11,2169;0,1730;0,6217;-2,0684;0,1395;1,4449;0,0335;12;0
14,2692;-2,3357;41,4376;47,3213;0,0000;1,2412;177,6643;255,000;-10,401;0,000;50,000;-11,2158;0,1292;-0,4308;0,0001;0,3016;-11,2159;0,1791;0,6219;-2,0686;-0,0003;1,4467;0,1794;12;0
14,2753;-2,4044;41,4384;47,3186;-0,0000;1,2430;177,5956;255,000;-10,707;0,000;50,000;-11,2147;0,1330;-0,4434;-0,0000;0,3105;-11,2147;0,1836;0,6219;-2,0680;0,1179;1,4445;0,0657;12;0
14,2814;-2,4731;41,4392;47,3158;0,0000;1,2450;177,5269;255,000;-11,013;0,000;50,000;-11,2136;0,1368;-0,4561;0,0015;0,3193;-11,2151;0,1906;0,6219;-2,0676;-0,1664;1,4433;0,3570;12;0
14,2876;-2,5417;41,4400;47,3130;0,0000;1,2469;177,4583;255,000;-11,320;0,000;50,000;-11,2124;0,1406;-0,4688;-0,0020;0,3281;-11,2103;0,1963;0,6224;-2,0689;-0,2424;1,4497;0,4387;12;0
14,2937;-2,6104;41,4409;47,3101;-0,0000;1,2490;177,3896;255,000;-11,626;0,000;50,000;-11,2111;0,1444;-0,4814;-0,0015;0,3371;-11,2097;0,1980;0,6227;-2,0691;0,3309;1,4513;-0,1330;12;0
14,2998;-2,6790;41,4418;47,3071;0,0000;1,2511;177,3210;255,000;-11,932;0,000;50,000;-11,2099;0,1482;-0,4941;0,0020;0,3459;-11,2119;0,2045;0,6222;-2,0672;0,1201;1,4433;0,0843;12;0
14,3059;-2,7477;41,4427;47,3041;-0,0000;1,2532;177,2523;255,000;-12,238;0,000;50,000;-11,2086;0,1520;-0,5068;0,0000;0,3547;-11,2086;0,2108;0,6222;-2,0663;-0,0490;1,4402;0,2597;12;0
14,3121;-2,8163;41,4437;47,3009;0,0000;1,2554;177,1837;255,000;-12,544;0,000;50,000;-11,2073;0,1558;-0,5194;0,0014;0,3636;-11,2088;0,2166;0,6224;-2,0666;-0,1430;1,4420;0,3596;12;0
14,3182;-2,8850;41,4446;47,2977;0,0000;1,2577;177,1150;255,000;-12,851;0,000;50,000;-11,2060;0,1597;-0,5321;-0,0018;0,3724;-11,2042;0,2223;0,6229;-2,0677;-0,2287;1,4478;0,4511;12;0
14,3243;-2,9536;41,4456;47,2944;-0,0000;1,2600;177,0464;255,000;-13,157;0,000;50,000;-11,2046;0,1635;-0,5447;-0,0014;0,3813;-11,2032;0,2243;0,6231;-2,0678;0,2890;1,4490;-0,0647;12;0
14,3304;-3,0222;41,4466;47,2910;0,0000;1,2623;176,9778;255,000;-13,463;0,000;50,000;-11,2032;0,1673;-0,5574;0,0018;0,3901;-11,2050;0,2306;0,6228;-2,0660;0,1132;1,4417;0,1173;12;0
14,3366;-3,0908;41,4477;47,2876;0,0000;1,2648;176,9092;255,000;-13,769;0,000;50,000;-11,2018;0,1711;-0,5701;-0,0000;0,3990;-11,2018;0,2386;0,6226;-2,0647;-0,3400;1,4365;0,5787;12;0
14,3427;-3,1594;41,4487;47,2840;-0,0000;1,2672;176,8406;255,000;-14,075;0,000;50,000;-11,2003;0,1749;-0,5827;-0,0024;0,4077;-11,1979;0,2417;0,6231;-2,0659;0,0002;1,4428;0,2415;12;0
14,3488;-3,2280;41,4498;47,2804;-0,0000;1,2698;176,7720;255,000;-14,382;0,000;50,000;-11,1988;0,1787;-0,5954;0,0000;0,4166;-11,1988;0,2445;0,6238;-2,0674;0,3847;1,4505;-0,1403;12;0
14,3549;-3,2966;41,4509;47,2767;0,0000;1,2723;176,7034;255,000;-14,688;0,000;50,000;-11,1973;0,1826;-0,6080;0,0023;0,4255;-11,1997;0,2521;0,6234;-2,0654;-0,0019;1,4420;0,2540;12;0
14,3611;-3,3651;41,4521;47,2730;0,0000;1,2750;176,6349;255,000;-14,994;0,000;50,000;-11,1958;0,1864;-0,6207;-0,0000;0,4343;-11,1957;0,2585;0,6232;-2,0642;-0,1907;1,4376;0,4492;12;0
14,3672;-3,4337;41,4532;47,2691;-0,0000;1,2777;176,5663;255,000;-15,300;0,000;50,000;-11,1942;0,1902;-0,6333;0,0000;0,4431;-11,1942;0,2624;0,6236;-2,0648;0,0037;1,4412;0,2588;12;0
14,3733;-3,5022;41,4544;47,2652;0,0000;1,2804;176,4978;255,000;-15,606;0,000;50,000;-11,1925;0,1940;-0,6459;0,0000;0,4519;-11,1926;0,2676;0,6237;-2,0645;-0,0001;1,4408;0,2677;12;0
14,3794;-3,5708;41,4556;47,2612;0,0000;1,2832;176,4292;255,000;-15,913;0,000;50,000;-11,1909;0,1978;-0,6586;-0,0000;0,4608;-11,1909;0,2727;0,6238;-2,0638;0,0167;1,4387;0,2571;12;0
14,3856;-3,6393;41,4568;47,2572;0,0000;1,2860;176,3607;255,000;-16,219;0,000;50,000;-11,1892;0,2016;-0,6712;0,0002;0,4696;-11,1894;0,2780;0,6240;-2,0639;-0,0205;1,4399;0,2985;12;0
14,3917;-3,7078;41,4580;47,2530;0,0000;1,2889;176,2922;255,000;-16,525;0,000;50,000;-11,1875;0,2055;-0,6839;-0,0003;0,4784;-11,1872;0,2834;0,6244;-2,0644;-0,0356;1,4427;0,3168;12;0
14,3978;-3,7763;41,4593;47,2488;-0,0000;1,2919;176,2237;255,000;-16,831;0,000;50,000;-11,1857;0,2093;-0,6965;-0,0002;0,4872;-11,1855;0,2883;0,6243;-2,0633;0,0410;1,4391;0,2473;12;0
14,4039;-3,8448;41,4606;47,2445;0,0000;1,2949;176,1552;255,000;-17,138;0,000;50,000;-11,1839;0,2131;-0,7091;0,0003;0,4960;-11,1842;0,2933;0,6243;-2,0626;0,0156;1,4371;0,2788;12;0
14,4101;-3,9133;41,4619;47,2401;-0,0000;1,2980;176,0867;255,000;-17,444;0,000;50,000;-11,1821;0,2169;-0,7218;-0,0000;0,5048;-11,1821;0,2986;0,6245;-2,0627;-0,0264;1,4381;0,3250;12;0
14,4162;-3,9818;41,4633;47,2356;-0,0000;1,3011;176,0182;255,000;-17,750;0,000;50,000;-11,1803;0,2208;-0,7344;-0,0001;0,5136;-11,1802;0,3037;0,6247;-2,0623;0,0016;1,4376;0,3021;12;0
14,4223;-4,0503;41,4646;47,2311;-0,0000;1,3043;175,9497;255,000;-18,056;0,000;50,000;-11,1784;0,2246;-0,7470;0,0000;0,5224;-11,1784;0,3088;0,6248;-2,0620;0,0121;1,4372;0,2967;12;0
14,4284;-4,1187;41,4660;47,2265;0,0000;1,3075;175,8813;255,000;-18,362;0,000;50,000;-11,1765;0,2284;-0,7597;0,0001;0,5312;-11,1766;0,3141;0,6250;-2,0617;-0,0122;1,4367;0,3262;12;0
14,4346;-4,1872;41,4674;47,2218;-0,0000;1,3108;175,8128;255,000;-18,669;0,000;50,000;-11,1746;0,2322;-0,7723;-0,0001;0,5400;-11,1744;0,3191;0,6251;-2,0613;-0,0057;1,4362;0,3248;12;0
14,4407;-4,2556;41,4689;47,2170;-0,0000;1,3141;175,7444;255,000;-18,975;0,000;50,000;-11,1726;0,2361;-0,7849;0,0000;0,5488;-11,1726;0,3241;0,6253;-2,0610;0,0238;1,4357;0,3003;12;0
14,4468;-4,3240;41,4703;47,2122;0,0000;1,3175;175,6760;255,000;-19,281;0,000;50,000;-11,1706;0,2399;-0,7975;0,0001;0,5576;-11,1707;0,3296;0,6254;-2,0606;-0,0386;1,4352;0,3681;12;0
14,4529;-4,3924;41,4718;47,2073;-0,0000;1,3209;175,6076;255,000;-19,587;0,000;50,000;-11,1686;0,2437;-0,8101;-0,0005;0,5664;-11,1681;0,3345;0,6256;-2,0603;-0,0089;1,4344;0,3434;12;0
14,4590;-4,4608;41,4733;47,2023;-0,0000;1,3244;175,5392;255,000;-19,893;0,000;50,000;-11,1665;0,2476;-0,8228;0,0000;0,5752;-11,1665;0,3391;0,6258;-2,0599;0,0752;1,4343;0,2639;12;0
14,4652;-4,5292;41,4748;47,1972;0,0000;1,3280;175,4708;255,000;-20,200;0,000;50,000;-11,1644;0,2514;-0,8354;0,0005;0,5840;-11,1649;0,3446;0,6259;-2,0595;-0,0058;1,4341;0,3505;12;0
14,4713;-4,5975;41,4764;47,1920;-0,0000;1,3316;175,4025;255,000;-20,506;0,000;50,000;-11,1623;0,2552;-0,8480;-0,0000;0,5928;-11,1622;0,3500;0,6261;-2,0591;-0,0364;1,4330;0,3864;12;0
14,4774;-4,6659;41,4780;47,1868;0,0000;1,3352;175,3341;255,000;-20,812;0,000;50,000;-11,1601;0,2591;-0,8606;0,0000;0,6015;-11,1601;0,3548;0,6262;-2,0588;0,0018;1,4323;0,3531;12;0
14,4835;-4,7342;41,4796;47,1815;0,0000;1,3390;175,2658;255,000;-21,118;0,000;50,000;-11,1579;0,2629;-0,8732;-0,0000;0,6103;-11,1579;0,3599;0,6264;-2,0584;-0,0006;1,4320;0,3605;12;0
14,4897;-4,8026;41,4812;47,1761;-0,0000;1,3427;175,1974;255,000;-21,424;0,000;50,000;-11,1557;0,2667;-0,8858;0,0000;0,6191;-11,1557;0,3646;0,6266;-2,0579;0,0529;1,4310;0,3117;12;0
14,4958;-4,8709;41,4828;47,1706;0,0000;1,3465;175,1291;255,000;-21,731;0,000;50,000;-11,1535;0,2706;-0,8984;0,0006;0,6278;-11,1541;0,3702;0,6267;-2,0575;-0,0160;1,4303;0,3861;12;0
14,5019;-4,9392;41,4845;47,1651;0,0000;1,3504;175,0608;255,000;-22,037;0,000;50,000;-11,1512;0,2744;-0,9110;-0,0002;0,6366;-11,1510;0,3758;0,6270;-2,0574;-0,0965;1,4311;0,4724;12;0
14,5080;-5,0075;41,4862;47,1595;-0,0000;1,3543;174,9926;255,000;-22,343;0,000;50,000;-11,1489;0,2783;-0,9236;-0,0005;0,6454;-11,1483;0,3799;0,6272;-2,0570;0,0315;1,4308;0,3484;12;0
14,5142;-5,0757;41,4879;47,1538;0,0000;1,3583;174,9243;255,000;-22,649;0,000;50,000;-11,1465;0,2821;-0,9362;0,0002;0,6541;-11,1467;0,3849;0,6273;-2,0563;0,0389;1,4287;0,3460;12;0
14,5203;-5,1440;41,4896;47,1480;-0,0000;1,3623;174,8560;255,000;-22,955;0,000;50,000;-11,1442;0,2859;-0,9488;-0,0001;0,6629;-11,1441;0,3902;0,6274;-2,0558;0,0024;1,4279;0,3878;12;0
14,5264;-5,2122;41,4914;47,1422;0,0000;1,3664;174,7878;255,000;-23,262;0,000;50,000;-11,1417;0,2898;-0,9614;0,0002;0,6716;-11,1420;0,3953;0,6277;-2,0555;0,0050;1,4278;0,3903;12;0
14,5325;-5,2804;41,4932;47,1362;0,0000;1,3706;174,7196;255,000;-23,568;0,000;50,000;-11,1393;0,2936;-0,9740;-0,0000;0,6803;-11,1393;0,4006;0,6278;-2,0551;-0,0371;1,4273;0,4376;12;0
14,5387;-5,3487;41,4950;47,1302;-0,0000;1,3748;174,6513;255,000;-23,874;0,000;50,000;-11,1368;0,2975;-0,9866;-0,0002;0,6891;-11,1366;0,4053;0,6280;-2,0547;0,0019;1,4267;0,4034;12;0
14,5448;-5,4169;41,4968;47,1242;-0,0000;1,3790;174,5831;255,000;-24,180;0,000;50,000;-11,1343;0,3013;-0,9991;0,0000;0,6978;-11,1344;0,4098;0,6282;-2,0540;0,0841;1,4252;0,3256;12;0
14,5509;-5,4850;41,4987;47,1180;0,0000;1,3833;174,5150;255,000;-24,486;0,000;50,000;-11,1318;0,3052;-1,0117;0,0008;0,7065;-11,1326;0,4156;0,6284;-2,0536;-0,0331;1,4244;0,4487;12;0
14,5570;-5,5532;41,5006;47,1118;0,0000;1,3877;174,4468;255,000;-24,793;0,000;50,000;-11,1293;0,3090;-1,0243;-0,0004;0,7153;-11,1289;0,4212;0,6287;-2,0537;-0,1104;1,4261;0,5317;12;0
14,5632;-5,6213;41,5025;47,1055;-0,0000;1,3921;174,3787;255,000;-25,099;0,000;50,000;-11,1267;0,3129;-1,0369;-0,0006;0,7240;-11,1261;0,4249;0,6289;-2,0533;0,0613;1,4258;0,3636;12;0
14,5693;-5,6895;41,5044;47,0991;0,0000;1,3965;174,3105;255,000;-25,405;0,000;50,000;-11,1241;0,3167;-1,0494;0,0004;0,7327;-11,1244;0,4299;0,6290;-2,0522;0,0274;1,4230;0,4025;12;0
14,5754;-5,7576;41,5064;47,0926;-0,0000;1,4010;174,2424;255,000;-25,711;0,000;50,000;-11,1214;0,3206;-1,0620;-0,0002;0,7414;-11,1212;0,4355;0,6292;-2,0517;-0,0262;1,4220;0,4618;12;0
14,5815;-5,8257;41,5083;47,0861;0,0000;1,4056;174,1743;255,000;-26,017;0,000;50,000;-11,1187;0,3244;-1,0746;0,0000;0,7501;-11,1188;0,4404;0,6294;-2,0515;0,0078;1,4219;0,4326;12;0
14,5877;-5,8938;41,5103;47,0794;-0,0000;1,4102;174,1062;255,000;-26,324;0,000;50,000;-11,1160;0,3283;-1,0871;-0,0001;0,7588;-11,1159;0,4453;0,6296;-2,0510;-0,0026;1,4213;0,4478;12;0
14,5938;-5,9618;41,5124;47,0727;-0,0000;1,4149;174,0382;255,000;-26,630;0,000;50,000;-11,1133;0,3321;-1,0997;0,0000;0,7676;-11,1133;0,4501;0,6298;-2,0505;0,0202;1,4207;0,4299;12;0
14,5999;-6,0299;41,5144;47,0660;0,0000;1,4196;173,9701;255,000;-26,936;0,000;50,000;-11,1105;0,3360;-1,1122;0,0001;0,7763;-11,1106;0,4553;0,6300;-2,0500;-0,0256;1,4200;0,4809;12;0
14,6060;-6,0979;41,5165;47,0591;-0,0000;1,4244;173,9021;255,000;-27,242;0,000;50,000;-11,1077;0,3399;-1,1248;-0,0003;0,7849;-11,1074;0,4602;0,6303;-2,0495;-0,0085;1,4191;0,4687;12;0
14,6122;-6,1659;41,5186;47,0522;-0,0000;1,4292;173,8341;255,000;-27,549;0,000;50,000;-11,1049;0,3437;-1,1373;0,0000;0,7936;-11,1049;0,4647;0,6305;-2,0491;0,0498;1,4187;0,4148;12;0
14,6183;-6,2339;41,5207;47,0452;0,0000;1,4341;173,7661;255,000;-27,855;0,000;50,000;-11,1020;0,3476;-1,1499;0,0003;0,8023;-11,1023;0,4700;0,6307;-2,0485;-0,0030;1,4181;0,4729;12;0
14,6244;-6,3019;41,5228;47,0381;-0,0000;1,4391;173,6981;255,000;-28,161;0,000;50,000;-11,0991;0,3514;-1,1624;-0,0000;0,8110;-11,0991;0,4750;0,6309;-2,0480;-0,0189;1,4170;0,4939;12;0
14,6305;-6,3699;41,5250;47,0309;0,0000;1,4441;173,6301;255,000;-28,467;0,000;50,000;-11,0962;0,3553;-1,1750;0,0001;0,8197;-11,0962;0,4798;0,6311;-2,0475;0,0013;1,4163;0,4785;12;0
14,6366;-6,4378;41,5272;47,0237;0,0000;1,4491;173,5622;255,000;-28,773;0,000;50,000;-11,0932;0,3592;-1,1875;-0,0000;0,8283;-11,0932;0,4848;0,6314;-2,0470;-0,0114;1,4156;0,4962;12;0
14,6428;-6,5058;41,5294;47,0164;-0,0000;1,4542;173,4942;255,000;-29,080;0,000;50,000;-11,0902;0,3630;-1,2001;-0,0001;0,8370;-11,0902;0,4895;0,6316;-2,0465;0,0070;1,4149;0,4825;12;0
14,6489;-6,5737;41,5316;47,0090;0,0000;1,4594;173,4263;255,000;-29,386;0,000;50,000;-11,0872;0,3669;-1,2126;0,0001;0,8457;-11,0873;0,4944;0,6318;-2,0459;0,0054;1,4141;0,4890;12;0
14,6550;-6,6416;41,5339;47,0016;0,0000;1,4646;173,3584;255,000;-29,692;0,000;50,000;-11,0842;0,3708;-1,2251;-0,0000;0,8543;-11,0842;0,4995;0,6320;-2,0454;-0,0147;1,4134;0,5141;12;0
14,6611;-6,7094;41,5362;46,9940;-0,0000;1,4698;173,2906;255,000;-29,998;0,000;50,000;-11,0811;0,3746;-1,2376;-0,0001;0,8630;-11,0810;0,5042;0,6323;-2,0449;0,0004;1,4126;0,5038;12;0
14,6673;-6,7773;41,5385;46,9864;-0,0000;1,4751;173,2227;255,000;-30,304;0,000;50,000;-11,0780;0,3785;-1,2502;0,0000;0,8716;-11,0780;0,5090;0,6325;-2,0443;0,0090;1,4118;0,5000;12;0
14,6734;-6,8451;41,5408;46,9787;0,0000;1,4805;173,1549;255,000;-30,611;0,000;50,000;-11,0749;0,3824;-1,2627;0,0000;0,8803;-11,0749;0,5139;0,6327;-2,0438;-0,0009;1,4110;0,5148;12;0
14,6795;-6,9129;41,5431;46,9709;0,0000;1,4859;173,0871;255,000;-30,917;0,000;50,000;-11,0717;0,3863;-1,2752;-0,0000;0,8889;-11,0717;0,5188;0,6330;-2,0432;-0,0012;1,4102;0,5199;12;0
14,6856;-6,9807;41,5455;46,9631;-0,0000;1,4914;173,0193;255,000;-31,223;0,000;50,000;-11,0685;0,3901;-1,2877;0,0000;0,8976;-11,0685;0,5235;0,6332;-2,0426;0,0236;1,4093;0,4999;12;0
14,6918;-7,0485;41,5479;46,9552;0,0000;1,4969;172,9515;255,000;-31,529;0,000;50,000;-11,0653;0,3940;-1,3002;0,0003;0,9062;-11,0656;0,5284;0,6335;-2,0421;-0,0021;1,4085;0,5306;12;0
14,6979;-7,1163;41,5504;46,9472;0,0000;1,5025;172,8837;255,000;-31,835;0,000;50,000;-11,0620;0,3979;-1,3127;-0,0000;0,9148;-11,0620;0,5336;0,6337;-2,0416;-0,0451;1,4081;0,5787;12;0
14,7040;-7,1840;41,5528;46,9391;-0,0000;1,5081;172,8160;255,000;-32,142;0,000;50,000;-11,0588;0,4018;-1,3252;-0,0003;0,9234;-11,0585;0,5381;0,6339;-2,0409;0,0042;1,4072;0,5339;12;0
14,7101;-7,2517;41,5553;46,9309;0,0000;1,5138;172,7483;255,000;-32,448;0,000;50,000;-11,0555;0,4057;-1,3377;0,0000;0,9320;-11,0555;0,5428;0,6342;-2,0403;0,0144;1,4060;0,5283;12;0
14,7163;-7,3194;41,5578;46,9227;-0,0000;1,5195;172,6806;255,000;-32,754;0,000;50,000;-11,0521;0,4096;-1,3502;-0,0001;0,9406;-11,0520;0,5477;0,6344;-2,0398;-0,0018;1,4052;0,5495;12;0
14,7224;-7,3871;41,5603;46,9144;-0,0000;1,5253;172,6129;255,000;-33,060;0,000;50,000;-11,0487;0,4134;-1,3627;0,0000;0,9493;-11,0488;0,5524;0,6347;-2,0392;0,0143;1,4045;0,5381;12;0
14,7285;-7,4547;41,5628;46,9060;0,0000;1,5312;172,5453;255,000;-33,366;0,000;50,000;-11,0454;0,4173;-1,3752;0,0001;0,9579;-11,0454;0,5572;0,6349;-2,0386;-0,0005;1,4037;0,5577;12;0
14,7346;-7,5224;41,5654;46,8975;-0,0000;1,5371;172,4776;255,000;-33,673;0,000;50,000;-11,0419;0,4212;-1,3877;-0,0000;0,9664;-11,0419;0,5618;0,6352;-2,0379;0,0298;1,4024;0,5319;12;0
14,7408;-7,5900;41,5680;46,8890;0,0000;1,5430;172,4100;255,000;-33,979;0,000;50,000;-11,0385;0,4251;-1,4001;0,0004;0,9750;-11,0389;0,5667;0,6355;-2,0374;-0,0072;1,4017;0,5740;12;0
14,7469;-7,6576;41,5706;46,8804;0,0000;1,5490;172,3424;255,000;-34,285;0,000;50,000;-11,0350;0,4290;-1,4126;-0,0001;0,9836;-11,0349;0,5720;0,6358;-2,0369;-0,0703;1,4017;0,6424;12;0
14,7530;-7,7251;41,5732;46,8717;-0,0000;1,5550;172,2749;255,000;-34,591;0,000;50,000;-11,0315;0,4329;-1,4251;-0,0004;0,9922;-11,0310;0,5762;0,6360;-2,0361;0,0148;1,4007;0,5614;12;0
14,7591;-7,7927;41,5759;46,8629;0,0000;1,5612;172,2073;255,000;-34,897;0,000;50,000;-11,0279;0,4368;-1,4376;0,0001;1,0008;-11,0280;0,5812;0,6362;-2,0353;-0,0291;1,3983;0,6103;12;0
14,7653;-7,8602;41,5786;46,8541;-0,0000;1,5673;172,1398;255,000;-35,204;0,000;50,000;-11,0243;0,4407;-1,4500;-0,0008;1,0093;-11,0236;0,5855;0,6364;-2,0347;0,0165;1,3972;0,5690;12;0
14,7714;-7,9277;41,5813;46,8452;-0,0000;1,5735;172,0723;255,000;-35,510;0,000;50,000;-11,0208;0,4446;-1,4625;0,0003;1,0179;-11,0210;0,5894;0,6369;-2,0346;0,1126;1,3987;0,4768;12;0
14,7775;-7,9952;41,5840;46,8362;0,0000;1,5798;172,0048;255,000;-35,816;0,000;50,000;-11,0171;0,4485;-1,4749;0,0006;1,0265;-11,0177;0,5955;0,6372;-2,0340;-0,0464;1,3984;0,6419;12;0
14,7836;-8,0627;41,5868;46,8271;-0,0000;1,5861;171,9374;255,000;-36,122;0,000;50,000;-11,0135;0,4524;-1,4874;-0,0003;1,0350;-11,0132;0,6003;0,6373;-2,0328;-0,0374;1,3952;0,6377;12;0
14,7898;-8,1301;41,5896;46,8180;0,0000;1,5924;171,8699;255,000;-36,429;0,000;50,000;-11,0098;0,4563;-1,4998;0,0001;1,0435;-11,0099;0,6043;0,6375;-2,0321;0,0215;1,3939;0,5828;12;0
14,7959;-8,1975;41,5924;46,8087;-0,0000;1,5989;171,8025;255,000;-36,735;0,000;50,000;-11,0061;0,4602;-1,5123;-0,0000;1,0521;-11,0060;0,6091;0,6379;-2,0317;-0,0110;1,3937;0,6201;12;0
14,8020;-8,2649;41,5952;46,7994;0,0000;1,6053;171,7351;255,000;-37,041;0,000;50,000;-11,0023;0,4641;-1,5247;0,0000;1,0606;-11,0023;0,6138;0,6381;-2,0310;0,0011;1,3929;0,6126;12;0
14,8081;-8,3323;41,5981;46,7901;0,0000;1,6119;171,6677;255,000;-37,347;0,000;50,000;-10,9985;0,4680;-1,5372;-0,0000;1,0691;-10,9985;0,6187;0,6384;-2,0303;-0,0394;1,3915;0,6582;12;0
14,8142;-8,3996;41,6010;46,7806;-0,0000;1,6184;171,6004;255,000;-37,653;0,000;50,000;-10,9947;0,4719;-1,5496;-0,0005;1,0777;-10,9943;0,6231;0,6387;-2,0297;0,0095;1,3908;0,6136;12;0
14,8204;-8,4669;41,6039;46,7711;-0,0000;1,6251;171,5331;255,000;-37,960;0,000;50,000;-10,9909;0,4758;-1,5620;0,0001;1,0862;-10,9910;0,6271;0,6390;-2,0293;0,0736;1,3910;0,5535;12;0
14,8265;-8,5342;41,6068;46,7615;0,0000;1,6317;171,4658;255,000;-38,266;0,000;50,000;-10,9871;0,4797;-1,5744;0,0004;1,0947;-10,9875;0,6323;0,6393;-2,0284;-0,0188;1,3897;0,6511;12;0
14,8326;-8,6015;41,6097;46,7518;-0,0000;1,6385;171,3985;255,000;-38,572;0,000;50,000;-10,9832;0,4837;-1,5869;-0,0001;1,1032;-10,9830;0,6365;0,6394;-2,0273;0,0515;1,3866;0,5850;12;0
14,8387;-8,6687;41,6127;46,7420;0,0000;1,6452;171,3313;255,000;-38,878;0,000;50,000;-10,9793;0,4876;-1,5993;0,0011;1,1117;-10,9803;0,6419;0,6397;-2,0266;-0,0414;1,3851;0,6833;12;0
14,8449;-8,7360;41,6157;46,7322;0,0000;1,6521;171,2640;255,000;-39,184;0,000;50,000;-10,9753;0,4915;-1,6117;-0,0006;1,1202;-10,9747;0,6471;0,6402;-2,0267;-0,1239;1,3878;0,7711;12;0
14,8510;-8,8032;41,6187;46,7223;-0,0000;1,6590;171,1968;255,000;-39,491;0,000;50,000;-10,9713;0,4954;-1,6241;-0,0005;1,1287;-10,9709;0,6500;0,6406;-2,0263;0,0847;1,3883;0,5653;12;0
14,8571;-8,8704;41,6218;46,7123;0,0000;1,6659;171,1296;255,000;-39,797;0,000;50,000;-10,9673;0,4993;-1,6365;0,0004;1,1372;-10,9678;0,6554;0,6407;-2,0250;-0,0055;1,3844;0,6609;12;0
14,8632;-8,9375;41,6248;46,7023;-0,0000;1,6729;171,0625;255,000;-40,103;0,000;50,000;-10,9633;0,5033;-1,6489;-0,0005;1,1456;-10,9628;0,6600;0,6409;-2,0241;-0,0181;1,3826;0,6781;12;0
14,8694;-9,0046;41,6279;46,6921;0,0000;1,6799;170,9954;255,000;-40,409;0,000;50,000;-10,9593;0,5072;-1,6613;0,0002;1,1541;-10,9595;0,6640;0,6412;-2,0234;0,0375;1,3817;0,6265;12;0
14,8755;-9,0717;41,6311;46,6819;-0,0000;1,6870;170,9283;255,000;-40,715;0,000;50,000;-10,9552;0,5111;-1,6737;-0,0001;1,1626;-10,9551;0,6690;0,6415;-2,0227;-0,0151;1,3807;0,6842;12;0
14,8816;-9,1388;41,6342;46,6716;0,0000;1,6942;170,8612;255,000;-41,022;0,000;50,000;-10,9511;0,5151;-1,6861;0,0000;1,1710;-10,9511;0,6734;0,6419;-2,0221;0,0043;1,3802;0,6692;12;0
14,8877;-9,2059;41,6374;46,6613;-0,0000;1,7014;170,7941;255,000;-41,328;0,000;50,000;-10,9469;0,5190;-1,6985;-0,0000;1,1795;-10,9469;0,6779;0,6422;-2,0214;-0,0007;1,3792;0,6787;12;0
14,8939;-9,2729;41,6406;46,6508;-0,0000;1,7086;170,7271;255,000;-41,634;0,000;50,000;-10,9428;0,5229;-1,7108;0,0000;1,1879;-10,9428;0,6822;0,6425;-2,0206;0,0273;1,3780;0,6549;12;0
14,9000;-9,3399;41,6438;46,6403;0,0000;1,7159;170,6601;255,000;-41,940;0,000;50,000;-10,9386;0,5269;-1,7232;0,0003;1,1963;-10,9389;0,6869;0,6428;-2,0199;-0,0035;1,3770;0,6905;12;0
14,9061;-9,4069;41,6470;46,6297;0,0000;1,7233;170,5931;255,000;-42,246;0,000;50,000;-10,9343;0,5308;-1,7356;-0,0000;1,2048;-10,9343;0,6919;0,6431;-2,0193;-0,0516;1,3766;0,7435;12;0
14,9122;-9,4738;41,6503;46,6191;-0,0000;1,7307;170,5262;255,000;-42,553;0,000;50,000;-10,9301;0,5347;-1,7479;-0,0003;1,2132;-10,9298;0,6959;0,6434;-2,0185;0,0070;1,3754;0,6889;12;0
14,9184;-9,5408;41,6536;46,6083;0,0000;1,7381;170,4592;255,000;-42,859;0,000;50,000;-10,9258;0,5387;-1,7603;0,0000;1,2216;-10,9259;0,7001;0,6437;-2,0177;0,0242;1,3738;0,6760;12;0
14,9245;-9,6076;41,6569;46,5975;-0,0000;1,7456;170,3924;255,000;-43,165;0,000;50,000;-10,9215;0,5426;-1,7726;-0,0000;1,2300;-10,9215;0,7048;0,6440;-2,0170;-0,0035;1,3728;0,7082;12;0
14,9306;-9,6745;41,6602;46,5866;-0,0000;1,7532;170,3255;255,000;-43,471;0,000;50,000;-10,9172;0,5466;-1,7850;0,0000;1,2384;-10,9172;0,7091;0,6443;-2,0162;0,0190;1,3718;0,6901;12;0
14,9367;-9,7414;41,6636;46,5756;0,0000;1,7608;170,2586;255,000;-43,777;0,000;50,000;-10,9128;0,5505;-1,7973;0,0002;1,2468;-10,9131;0,7137;0,6446;-2,0155;-0,0014;1,3708;0,7151;12;0
14,9429;-9,8082;41,6669;46,5646;0,0000;1,7685;170,1918;255,000;-44,084;0,000;50,000;-10,9084;0,5545;-1,8097;-0,0000;1,2552;-10,9084;0,7184;0,6450;-2,0148;-0,0352;1,3700;0,7536;12;0
14,9490;-9,8750;41,6704;46,5535;-0,0000;1,7762;170,1250;255,000;-44,390;0,000;50,000;-10,9040;0,5584;-1,8220;-0,0002;1,2636;-10,9038;0,7225;0,6453;-2,0139;0,0028;1,3688;0,7197;12;0
14,9551;-9,9417;41,6738;46,5423;0,0000;1,7840;170,0583;255,000;-44,696;0,000;50,000;-10,8996;0,5624;-1,8343;0,0000;1,2720;-10,8996;0,7267;0,6456;-2,0131;0,0147;1,3675;0,7120;12;0
14,9612;-10,0085;41,6772;46,5310;-0,0000;1,7918;169,9915;255,000;-45,002;0,000;50,000;-10,8951;0,5663;-1,8467;-0,0000;1,2804;-10,8951;0,7312;0,6459;-2,0124;-0,0013;1,3664;0,7326;12;0
14,9674;-10,0752;41,6807;46,5196;-0,0000;1,7996;169,9248;255,000;-45,308;0,000;50,000;-10,8906;0,5703;-1,8590;0,0000;1,2887;-10,8906;0,7356;0,6462;-2,0116;0,0049;1,3654;0,7307;12;0
14,9735;-10,1419;41,6842;46,5082;0,0000;1,8076;169,8581;255,000;-45,615;0,000;50,000;-10,8861;0,5742;-1,8713;0,0000;1,2971;-10,8862;0,7400;0,6465;-2,0108;-0,0019;1,3643;0,7419;12;0
14,9796;-10,2085;41,6878;46,4967;-0,0000;1,8155;169,7915;255,000;-45,921;0,000;50,000;-10,8816;0,5782;-1,8836;-0,0000;1,3054;-10,8816;0,7443;0,6468;-2,0100;-0,0024;1,3632;0,7467;12;0
14,9857;-10,2751;41,6913;46,4852;-0,0000;1,8235;169,7249;255,000;-46,227;0,000;50,000;-10,8770;0,5822;-1,8959;0,0000;1,3138;-10,8770;0,7482;0,6471;-2,0090;0,0503;1,3611;0,6979;12;0
14,9918;-10,3417;41,6949;46,4735;0,0000;1,8316;169,6583;255,000;-46,533;0,000;50,000;-10,8724;0,5861;-1,9082;0,0006;1,3221;-10,8730;0,7532;0,6475;-2,0083;-0,0213;1,3604;0,7745;12;0
14,9980;-10,4083;41,6985;46,4618;0,0000;1,8397;169,5917;255,000;-46,840;0,000;50,000;-10,8678;0,5901;-1,9205;-0,0003;1,3304;-10,8675;0,7581;0,6480;-2,0081;-0,0890;1,3617;0,8472;12;0
15,0041;-10,4749;41,7021;46,4500;-0,0000;1,8479;169,5251;255,000;-47,146;0,000;50,000;-10,8631;0,5941;-1,9328;-0,0005;1,3388;-10,8626;0,7612;0,6482;-2,0071;0,0421;1,3599;0,7191;12;0
15,0102;-10,5414;41,7058;46,4381;0,0000;1,8561;169,4586;255,000;-47,452;0,000;50,000;-10,8585;0,5980;-1,9451;0,0003;1,3471;-10,8587;0,7655;0,6484;-2,0058;0,0345;1,3568;0,7309;12;0
15,0163;-10,6079;41,7094;46,4262;-0,0000;1,8644;169,3921;255,000;-47,758;0,000;50,000;-10,8538;0,6020;-1,9574;-0,0001;1,3554;-10,8537;0,7703;0,6488;-2,0051;-0,0203;1,3558;0,7907;12;0
15,0225;-10,6743;41,7131;46,4141;0,0000;1,8727;169,3257;255,000;-48,064;0,000;50,000;-10,8490;0,6060;-1,9697;0,0000;1,3637;-10,8490;0,7744;0,6491;-2,0044;0,0055;1,3552;0,7689;12;0
15,0286;-10,7407;41,7169;46,4020;-0,0000;1,8811;169,2593;255,000;-48,371;0,000;50,000;-10,8443;0,6099;-1,9819;-0,0000;1,3720;-10,8443;0,7787;0,6495;-2,0036;-0,0004;1,3541;0,7791;12;0
15,0347;-10,8071;41,7206;46,3899;-0,0000;1,8895;169,1929;255,000;-48,677;0,000;50,000;-10,8395;0,6139;-1,9942;0,0000;1,3803;-10,8395;0,7828;0,6498;-2,0027;0,0128;1,3529;0,7700;12;0
15,0408;-10,8735;41,7244;46,3776;0,0000;1,8980;169,1265;255,000;-48,983;0,000;50,000;-10,8347;0,6179;-2,0065;0,0001;1,3886;-10,8348;0,7871;0,6502;-2,0019;-0,0006;1,3517;0,7877;12;0
15,0470;-10,9398;41,7282;46,3653;0,0000;1,9065;169,0602;255,000;-49,289;0,000;50,000;-10,8298;0,6219;-2,0187;-0,0000;1,3968;-10,8298;0,7916;0,6505;-2,0011;-0,0239;1,3507;0,8155;12;0
15,0531;-11,0061;41,7320;46,3529;-0,0000;1,9151;168,9939;255,000;-49,595;0,000;50,000;-10,8250;0,6259;-2,0310;-0,0001;1,4051;-10,8248;0,7955;0,6508;-2,0003;0,0012;1,3495;0,7944;12;0
15,0592;-11,0724;41,7358;46,3404;0,0000;1,9238;168,9276;255,000;-49,902;0,000;50,000;-10,8201;0,6299;-2,0432;0,0000;1,4134;-10,8201;0,7996;0,6512;-1,9994;0,0113;1,3482;0,7883;12;0
15,0653;-11,1387;41,7397;46,3279;0,0000;1,9324;168,8613;255,000;-50,208;0,000;50,000;-10,8152;0,6338;-2,0555;-0,0000;1,4216;-10,8152;0,8039;0,6515;-1,9986;-0,0006;1,3470;0,8045;12;0
15,0715;-11,2049;41,7436;46,3152;-0,0000;1,9412;168,7951;255,000;-50,514;0,000;50,000;-10,8103;0,6378;-2,0677;0,0000;1,4299;-10,8103;0,8080;0,6518;-1,9977;0,0082;1,3458;0,7998;12;0
15,0776;-11,2711;41,7475;46,3025;0,0000;1,9499;168,7289;255,000;-50,820;0,000;50,000;-10,8053;0,6418;-2,0799;0,0001;1,4381;-10,8054;0,8122;0,6522;-1,9969;-0,0003;1,3447;0,8125;12;0
15,0837;-11,3372;41,7515;46,2898;0,0000;1,9588;168,6628;255,000;-51,126;0,000;50,000;-10,8003;0,6458;-2,0922;-0,0000;1,4463;-10,8003;0,8165;0,6525;-1,9960;-0,0153;1,3435;0,8318;12;0
15,0898;-11,4034;41,7554;46,2769;-0,0000;1,9677;168,5966;255,000;-51,433;0,000;50,000;-10,7953;0,6498;-2,1044;-0,0001;1,4546;-10,7952;0,8204;0,6529;-1,9951;0,0068;1,3423;0,8136;12;0
15,0960;-11,4695;41,7594;46,2640;0,0000;1,9766;168,5305;255,000;-51,739;0,000;50,000;-10,7903;0,6538;-2,1166;0,0001;1,4628;-10,7903;0,8245;0,6532;-1,9943;0,0073;1,3410;0,8172;12;0
15,1021;-11,5355;41,7634;46,2510;0,0000;1,9856;168,4645;255,000;-52,045;0,000;50,000;-10,7852;0,6578;-2,1288;-0,0000;1,4710;-10,7852;0,8288;0,6536;-1,9934;-0,0128;1,3398;0,8417;12;0
15,1082;-11,6016;41,7675;46,2379;-0,0000;1,9946;168,3984;255,000;-52,351;0,000;50,000;-10,7801;0,6618;-2,1410;-0,0001;1,4792;-10,7800;0,8328;0,6539;-1,9925;0,0038;1,3386;0,8289;12;0
15,1143;-11,6676;41,7715;46,2248;0,0000;2,0037;168,3324;255,000;-52,657;0,000;50,000;-10,7750;0,6658;-2,1532;0,0000;1,4874;-10,7750;0,8368;0,6543;-1,9917;0,0062;1,3374;0,8306;12;0
15,1205;-11,7335;41,7756;46,2115;0,0000;2,0128;168,2665;255,000;-52,964;0,000;50,000;-10,7699;0,6698;-2,1654;-0,0000;1,4956;-10,7699;0,8410;0,6546;-1,9908;-0,0072;1,3361;0,8482;12;0
15,1266;-11,7995;41,7798;46,1982;-0,0000;2,0220;168,2005;255,000;-53,270;0,000;50,000;-10,7647;0,6739;-2,1776;-0,0000;1,5038;-10,7647;0,8450;0,6550;-1,9899;0,0015;1,3349;0,8435;12;0
15,1327;-11,8654;41,7839;46,1849;0,0000;2,0313;168,1346;255,000;-53,576;0,000;50,000;-10,7595;0,6779;-2,1898;0,0000;1,5119;-10,7595;0,8490;0,6553;-1,9890;0,0035;1,3337;0,8455;12;0
15,1388;-11,9313;41,7881;46,1714;0,0000;2,0405;168,0687;255,000;-53,882;0,000;50,000;-10,7543;0,6819;-2,2020;-0,0000;1,5201;-10,7543;0,8533;0,6557;-1,9880;-0,0283;1,3318;0,8816;12;0
15,1449;-11,9971;41,7922;46,1579;-0,0000;2,0499;168,0029;255,000;-54,188;0,000;50,000;-10,7491;0,6859;-2,2141;-0,0003;1,5282;-10,7487;0,8571;0,6561;-1,9872;0,0060;1,3310;0,8510;12;0
15,1511;-12,0629;41,7965;46,1443;-0,0000;2,0593;167,9371;255,000;-54,495;0,000;50,000;-10,7438;0,6899;-2,2263;0,0001;1,5364;-10,7439;0,8605;0,6565;-1,9866;0,0519;1,3310;0,8086;12;0
15,1572;-12,1287;41,8007;46,1306;0,0000;2,0687;167,8713;255,000;-54,801;0,000;50,000;-10,7385;0,6939;-2,2385;0,0003;1,5445;-10,7388;0,8650;0,6568;-1,9854;-0,0120;1,3290;0,8770;12;0
15,1633;-12,1944;41,8050;46,1169;-0,0000;2,0782;167,8056;255,000;-55,107;0,000;50,000;-10,7332;0,6980;-2,2506;-0,0001;1,5527;-10,7331;0,8692;0,6571;-1,9843;-0,0121;1,3267;0,8812;12;0
15,1694;-12,2602;41,8092;46,1031;0,0000;2,0877;167,7398;255,000;-55,413;0,000;50,000;-10,7279;0,7020;-2,2628;0,0002;1,5608;-10,7280;0,8730;0,6575;-1,9836;0,0054;1,3259;0,8676;12;0
15,1756;-12,3258;41,8136;46,0892;0,0000;2,0973;167,6742;255,000;-55,719;0,000;50,000;-10,7225;0,7060;-2,2749;-0,0000;1,5689;-10,7225;0,8772;0,6579;-1,9827;-0,0253;1,3250;0,9025;12;0
15,1817;-12,3915;41,8179;46,0752;-0,0000;2,1069;167,6085;255,000;-56,026;0,000;50,000;-10,7171;0,7100;-2,2871;-0,0002;1,5770;-10,7170;0,8807;0,6582;-1,9817;0,0215;1,3235;0,8591;12;0
15,1878;-12,4571;41,8222;46,0611;0,0000;2,1166;167,5429;255,000;-56,332;0,000;50,000;-10,7117;0,7141;-2,2992;0,0003;1,5851;-10,7120;0,8847;0,6586;-1,9808;0,0112;1,3220;0,8734;12;0
15,1939;-12,5227;41,8266;46,0470;0,0000;2,1263;167,4773;255,000;-56,638;0,000;50,000;-10,7063;0,7181;-2,3113;-0,0000;1,5932;-10,7063;0,8891;0,6590;-1,9799;-0,0411;1,3211;0,9303;12;0
15,2001;-12,5882;41,8310;46,0328;-0,0000;2,1361;167,4118;255,000;-56,944;0,000;50,000;-10,7008;0,7221;-2,3234;-0,0002;1,6013;-10,7006;0,8926;0,6593;-1,9790;0,0022;1,3199;0,8904;12;0
15,2062;-12,6538;41,8355;46,0186;0,0000;2,1459;167,3462;255,000;-57,251;0,000;50,000;-10,6954;0,7262;-2,3356;0,0000;1,6094;-10,6954;0,8963;0,6597;-1,9780;0,0200;1,3182;0,8762;12;0
15,2123;-12,7192;41,8399;46,0042;0,0000;2,1558;167,2808;255,000;-57,557;0,000;50,000;-10,6899;0,7302;-2,3477;-0,0000;1,6174;-10,6899;0,9003;0,6600;-1,9771;-0,0011;1,3169;0,9014;12;0
15,2184;-12,7847;41,8444;45,9898;-0,0000;2,1658;167,2153;255,000;-57,863;0,000;50,000;-10,6843;0,7343;-2,3598;0,0000;1,6255;-10,6843;0,9042;0,6604;-1,9761;-0,0000;1,3157;0,9042;12;0
15,2246;-12,8501;41,8489;45,9753;0,0000;2,1757;167,1499;255,000;-58,169;0,000;50,000;-10,6788;0,7383;-2,3719;-0,0000;1,6336;-10,6788;0,9080;0,6608;-1,9752;0,0000;1,3144;0,9080;12;0
15,2307;-12,9155;41,8535;45,9608;-0,0000;2,1858;167,0845;255,000;-58,475;0,000;50,000;-10,6732;0,7424;-2,3840;0,0000;1,6416;-10,6732;0,9118;0,6612;-1,9742;0,0055;1,3131;0,9063;12;0
15,2368;-12,9808;41,8580;45,9461;0,0000;2,1958;167,0192;255,000;-58,782;0,000;50,000;-10,6676;0,7464;-2,3961;0,0001;1,6496;-10,6677;0,9157;0,6615;-1,9733;-0,0001;1,3118;0,9158;12;0
15,2429;-13,0461;41,8626;45,9314;0,0000;2,2060;166,9539;255,000;-59,088;0,000;50,000;-10,6620;0,7505;-2,4081;-0,0000;1,6577;-10,6620;0,9196;0,6619;-1,9723;-0,0102;1,3105;0,9298;12;0
15,2491;-13,1114;41,8672;45,9166;-0,0000;2,2161;166,8886;255,000;-59,394;0,000;50,000;-10,6563;0,7545;-2,4202;-0,0001;1,6657;-10,6563;0,9232;0,6623;-1,9714;0,0023;1,3091;0,9210;12;0
15,2552;-13,1767;41,8718;45,9018;0,0000;2,2264;166,8233;255,000;-59,700;0,000;50,000;-10,6507;0,7586;-2,4323;0,0000;1,6737;-10,6507;0,9270;0,6626;-1,9704;0,0049;1,3077;0,9221;12;0
15,2613;-13,2419;41,8765;45,8868;0,0000;2,2366;166,7581;255,000;-60,006;0,000;50,000;-10,6450;0,7626;-2,4443;-0,0000;1,6817;-10,6450;0,9312;0,6629;-1,9692;-0,0358;1,3052;0,9670;12;0
15,2674;-13,3070;41,8812;45,8718;-0,0000;2,2470;166,6930;255,000;-60,313;0,000;50,000;-10,6393;0,7667;-2,4564;-0,0004;1,6897;-10,6389;0,9345;0,6634;-1,9685;0,0001;1,3051;0,9345;12;0
15,2736;-13,3722;41,8859;45,8568;-0,0000;2,2573;166,6278;255,000;-60,619;0,000;50,000;-10,6335;0,7708;-2,4685;0,0000;1,6977;-10,6335;0,9376;0,6639;-1,9680;0,0651;1,3061;0,8724;12;0
15,2797;-13,4373;41,8906;45,8416;0,0000;2,2678;166,5627;255,000;-60,925;0,000;50,000;-10,6278;0,7748;-2,4805;0,0004;1,7057;-10,6282;0,9420;0,6641;-1,9665;-0,0000;1,3024;0,9420;12;0
15,2858;-13,5024;41,8954;45,8264;-0,0000;2,2782;166,4976;255,000;-61,231;0,000;50,000;-10,6220;0,7789;-2,4925;0,0000;1,7137;-10,6220;0,9460;0,6644;-1,9653;-0,0279;1,2998;0,9739;12;0
15,2919;-13,5674;41,9002;45,8111;0,0000;2,2888;166,4326;255,000;-61,537;0,000;50,000;-10,6162;0,7830;-2,5046;0,0000;1,7216;-10,6163;0,9494;0,6649;-1,9646;-0,0001;1,2996;0,9495;12;0
15,2981;-13,6324;41,9050;45,7957;0,0000;2,2993;166,3676;255,000;-61,844;0,000;50,000;-10,6104;0,7870;-2,5166;-0,0000;1,7296;-10,6104;0,9531;0,6653;-1,9636;-0,0068;1,2983;0,9600;12;0
15,3042;-13,6974;41,9098;45,7802;-0,0000;2,3099;166,3026;255,000;-62,150;0,000;50,000;-10,6045;0,7911;-2,5286;-0,0000;1,7375;-10,6045;0,9567;0,6657;-1,9626;0,0010;1,2969;0,9557;12;0
15,3103;-13,7623;41,9147;45,7647;0,0000;2,3206;166,2377;255,000;-62,456;0,000;50,000;-10,5987;0,7952;-2,5406;0,0000;1,7455;-10,5987;0,9603;0,6660;-1,9616;0,0033;1,2955;0,9571;12;0
15,3164;-13,8272;41,9196;45,7491;0,0000;2,3313;166,1728;255,000;-62,762;0,000;50,000;-10,5928;0,7993;-2,5527;-0,0000;1,7534;-10,5928;0,9642;0,6664;-1,9605;-0,0138;1,2939;0,9780;12;0
15,3225;-13,8920;41,9245;45,7335;-0,0000;2,3421;166,1080;255,000;-63,068;0,000;50,000;-10,5869;0,8034;-2,5647;-0,0002;1,7613;-10,5867;0,9676;0,6668;-1,9596;0,0011;1,2927;0,9665;12;0
15,3287;-13,9568;41,9294;45,7177;-0,0000;2,3529;166,0432;255,000;-63,375;0,000;50,000;-10,5809;0,8074;-2,5767;0,0000;1,7692;-10,5809;0,9710;0,6672;-1,9587;0,0248;1,2918;0,9461;12;0
15,3348;-14,0216;41,9343;45,7019;0,0000;2,3638;165,9784;255,000;-63,681;0,000;50,000;-10,5750;0,8115;-2,5886;0,0001;1,7771;-10,5751;0,9748;0,6676;-1,9576;-0,0022;1,2901;0,9771;12;0
15,3409;-14,0864;41,9393;45,6860;-0,0000;2,3747;165,9136;255,000;-63,987;0,000;50,000;-10,5690;0,8156;-2,6006;-0,0000;1,7850;-10,5690;0,9785;0,6679;-1,9565;-0,0115;1,2884;0,9901;12;0
15,3470;-14,1511;41,9443;45,6700;0,0000;2,3856;165,8489;255,000;-64,293;0,000;50,000;-10,5630;0,8197;-2,6126;0,0000;1,7929;-10,5630;0,9820;0,6683;-1,9555;0,0011;1,2872;0,9809;12;0
15,3532;-14,2157;41,9494;45,6540;0,0000;2,3966;165,7843;255,000;-64,599;0,000;50,000;-10,5570;0,8238;-2,6246;-0,0000;1,8008;-10,5570;0,9856;0,6687;-1,9545;-0,0059;1,2857;0,9915;12;0
15,3593;-14,2804;41,9544;45,6379;-0,0000;2,4077;165,7196;255,000;-64,906;0,000;50,000;-10,5509;0,8279;-2,6366;-0,0001;1,8087;-10,5508;0,9891;0,6691;-1,9535;0,0002;1,2844;0,9889;12;0
15,3654;-14,3450;41,9595;45,6217;-0,0000;2,4188;165,6550;255,000;-65,212;0,000;50,000;-10,5448;0,8320;-2,6485;0,0000;1,8165;-10,5448;0,9925;0,6695;-1,9525;0,0106;1,2831;0,9819;12;0
15,3715;-14,4095;41,9646;45,6055;0,0000;2,4299;165,5905;255,000;-65,518;0,000;50,000;-10,5387;0,8361;-2,6605;0,0001;1,8244;-10,5388;0,9961;0,6699;-1,9515;-0,0029;1,2816;0,9991;12;0
15,3777;-14,4741;41,9698;45,5891;-0,0000;2,4411;165,5259;255,000;-65,824;0,000;50,000;-10,5326;0,8402;-2,6724;-0,0000;1,8322;-10,5326;0,9997;0,6703;-1,9504;-0,0053;1,2801;1,0050;12;0
15,3838;-14,5385;41,9749;45,5727;-0,0000;2,4524;165,4615;255,000;-66,130;0,000;50,000;-10,5265;0,8443;-2,6844;-0,0000;1,8400;-10,5265;1,0030;0,6707;-1,9494;0,0053;1,2787;0,9977;12;0
15,3899;-14,6030;41,9801;45,5563;-0,0000;2,4637;165,3970;255,000;-66,437;0,000;50,000;-10,5204;0,8484;-2,6963;0,0000;1,8479;-10,5204;1,0065;0,6711;-1,9484;0,0027;1,2773;1,0038;12;0
15,3960;-14,6674;41,9853;45,5397;0,0000;2,4750;165,3326;255,000;-66,743;0,000;50,000;-10,5142;0,8525;-2,7082;0,0000;1,8557;-10,5142;1,0100;0,6715;-1,9473;-0,0026;1,2759;1,0127;12;0
15,4022;-14,7318;41,9905;45,5231;0,0000;2,4864;165,2682;255,000;-67,049;0,000;50,000;-10,5080;0,8566;-2,7201;-0,0000;1,8635;-10,5080;1,0135;0,6718;-1,9463;-0,0049;1,2745;1,0184;12;0
15,4083;-14,7961;41,9958;45,5064;-0,0000;2,4978;165,2039;255,000;-67,355;0,000;50,000;-10,5018;0,8608;-2,7321;-0,0000;1,8713;-10,5017;1,0169;0,6722;-1,9452;-0,0002;1,2730;1,0170;12;0
15,4144;-14,8604;42,0011;45,4896;-0,0000;2,5093;165,1396;255,000;-67,662;0,000;50,000;-10,4955;0,8649;-2,7440;-0,0000;1,8791;-10,4955;1,0202;0,6726;-1,9442;0,0023;1,2716;1,0179;12;0
15,4205;-14,9246;42,0064;45,4728;-0,0000;2,5208;165,0754;255,000;-67,968;0,000;50,000;-10,4893;0,8690;-2,7559;0,0000;1,8869;-10,4893;1,0236;0,6730;-1,9431;0,0032;1,2701;1,0205;12;0
15,4267;-14,9889;42,0117;45,4559;0,0000;2,5324;165,0111;255,000;-68,274;0,000;50,000;-10,4830;0,8731;-2,7678;0,0000;1,8947;-10,4830;2,0650;0,5860;-1,6654;-0,0001;1,0793;2,0650;12;0
15,4328;-15,0530;42,0171;45,4389;0,0000;2,5440;164,9470;255,000;-68,580;0,000;50,000;-10,4640;0,8762;-2,7763;-0,0000;1,9001;-10,4640;11,9595;-0,2511;0,9871;-0,0424;-0,7378;12,0020;12;0
15,4389;-15,1170;42,0225;45,4219;-0,0000;2,5557;164,8830;255,000;-68,886;0,000;49,879;-10,3365;0,8700;-2,7557;-0,0005;1,8856;-10,3360;30,2232;-1,8103;5,9221;0,0208;-4,1122;30,2023;12;0
15,4450;-15,1796;42,0277;45,4051;-0,0000;2,5671;164,8204;255,000;-69,185;0,000;48,842;-10,0938;0,8540;-2,7037;0,0003;1,8497;-10,0940;41,2092;-2,7783;8,9786;0,0737;-6,1969;41,1353;12;0
15,4512;-15,2407;42,0329;45,3887;0,0000;2,5783;164,7593;255,000;-69,476;0,000;47,617;-9,8318;0,8360;-2,6457;0,0004;1,8097;-9,8322;42,7528;-2,9604;9,5436;-0,0414;-6,5825;42,7943;12;0
15,4573;-15,3001;42,0380;45,3727;-0,0000;2,5893;164,6999;255,000;-69,760;0,000;46,393;-9,5701;0,8177;-2,5868;-0,0003;1,7691;-9,5699;42,6844;-3,0063;9,6772;-0,0317;-6,6724;42,7161;12;0
15,4634;-15,3579;42,0429;45,3571;0,0000;2,6000;164,6421;255,000;-70,037;0,000;45,168;-9,3090;0,7992;-2,5272;0,0000;1,7280;-9,3090;42,6168;-3,0507;9,8062;0,0195;-6,7558;42,5973;12;0
15,4695;-15,4141;42,0478;45,3418;-0,0000;2,6105;164,5859;255,000;-70,306;0,000;43,943;-9,0482;0,7804;-2,4667;-0,0000;1,6864;-9,0482;42,5516;-3,0941;9,9318;-0,0028;-6,8379;42,5544;12;0
15,4757;-15,4687;42,0525;45,3268;-0,0000;2,6207;164,5313;255,000;-70,568;0,000;42,718;-8,7878;0,7613;-2,4055;-0,0000;1,6442;-8,7878;42,4877;-3,1363;10,0540;0,0022;-6,9177;42,4854;12;0
15,4818;-15,5217;42,0571;45,3123;-0,0000;2,6306;164,4783;255,000;-70,822;0,000;41,493;-8,5278;0,7420;-2,3436;0,0000;1,6016;-8,5278;42,4253;-3,1773;10,1725;0,0017;-6,9952;42,4236;12;0
15,4879;-15,5732;42,0616;45,2981;0,0000;2,6403;164,4268;255,000;-71,068;0,000;40,268;-8,2681;0,7224;-2,2809;0,0000;1,5586;-8,2682;42,3645;-3,2172;10,2875;-0,0011;-7,0703;42,3656;12;0
15,4940;-15,6230;42,0659;45,2844;0,0000;2,6497;164,3770;255,000;-71,308;0,000;39,044;-8,0089;0,7026;-2,2176;-0,0000;1,5150;-8,0089;42,3055;-3,2559;10,3989;-0,0105;-7,1434;42,3159;12;0
15,5001;-15,6712;42,0702;45,2710;-0,0000;2,6588;164,3288;255,000;-71,539;0,000;37,819;-7,7500;0,6825;-2,1536;-0,0001;1,4711;-7,7499;42,2478;-3,2933;10,5067;0,0004;-7,2133;42,2473;12;0
15,5063;-15,7179;42,0743;45,2580;-0,0000;2,6677;164,2821;255,000;-71,763;0,000;36,594;-7,4914;0,6622;-2,0889;0,0000;1,4267;-7,4914;42,1916;-3,3296;10,6107;0,0167;-7,2806;42,1749;12;0
15,5124;-15,7630;42,0783;45,2454;0,0000;2,6763;164,2370;255,000;-71,980;0,000;35,369;-7,2332;0,6417;-2,0236;0,0001;1,3819;-7,2333;42,1376;-3,3647;10,7116;-0,0028;-7,3469;42,1404;12;0
15,5185;-15,8065;42,0822;45,2332;-0,0000;2,6846;164,1935;255,000;-72,189;0,000;34,144;-6,9753;0,6210;-1,9577;-0,0000;1,3367;-6,9753;42,0851;-3,3987;10,8088;-0,0077;-7,4105;42,0928;12;0
15,5246;-15,8484;42,0859;45,2214;-0,0000;2,6927;164,1516;255,000;-72,391;0,000;32,920;-6,7177;0,6001;-1,8912;0,0000;1,2911;-6,7177;42,0341;-3,4313;10,9023;0,0043;-7,4709;42,0298;12;0
15,5308;-15,8888;42,0895;45,2100;0,0000;2,7005;164,1112;255,000;-72,585;0,000;31,695;-6,4605;0,5790;-1,8242;0,0000;1,2452;-6,4605;41,9850;-3,4629;10,9924;-0,0002;-7,5295;41,9852;12;0
15,5369;-15,9276;42,0930;45,1991;0,0000;2,7079;164,0724;255,000;-72,771;0,000;30,470;-6,2035;0,5577;-1,7566;-0,0000;1,1989;-6,2035;41,9377;-3,4932;11,0789;-0,0020;-7,5858;41,9396;12;0
15,5430;-15,9648;42,0963;45,1885;-0,0000;2,7151;164,0352;255,000;-72,950;0,000;29,245;-5,9468;0,5362;-1,6885;0,0000;1,1523;-5,9468;41,8920;-3,5223;11,1619;0,0003;-7,6396;41,8917;12;0
15,5491;-16,0004;42,0996;45,1784;0,0000;2,7221;163,9996;255,000;-73,122;0,000;28,020;-5,6904;0,5145;-1,6199;0,0000;1,1053;-5,6904;41,8489;-3,5504;11,2421;-0,0513;-7,6940;41,9001;12;0
15,5553;-16,0345;42,1026;45,1687;-0,0000;2,7287;163,9655;255,000;-73,286;0,000;26,795;-5,4342;0,4927;-1,5508;-0,0006;1,0580;-5,4336;41,8062;-3,5769;11,3174;-0,0001;-7,7405;41,8063;12;0
15,5614;-16,0670;42,1056;45,1594;-0,0000;2,7350;163,9330;255,000;-73,443;0,000;25,571;-5,1783;0,4707;-1,4812;0,0000;1,0105;-5,1783;41,7646;-3,6020;11,3886;0,1025;-7,7818;41,6622;12;0
15,5675;-16,0979;42,1084;45,1505;0,0000;2,7411;163,9021;255,000;-73,592;0,000;24,346;-4,9227;0,4486;-1,4113;0,0006;0,9627;-4,9233;41,7276;-3,6267;11,4588;-0,0002;-7,8321;41,7278;12;0
15,5736;-16,1273;42,1111;45,1421;0,0000;2,7468;163,8727;255,000;-73,733;0,000;23,121;-4,6672;0,4263;-1,3409;-0,0000;0,9146;-4,6672;41,6917;-3,6500;11,5249;-0,0513;-7,8773;41,7429;12;0
15,5798;-16,1551;42,1136;45,1341;-0,0000;2,7523;163,8449;255,000;-73,868;0,000;21,896;-4,4120;0,4039;-1,2701;-0,0000;0,8662;-4,4120;41,6564;-3,6717;11,5863;0,0001;-7,9146;41,6563;12;0
15,5859;-16,1813;42,1160;45,1266;-0,0000;2,7574;163,8187;255,000;-73,994;0,000;20,671;-4,1570;0,3813;-1,1990;-0,0000;0,8177;-4,1570;41,6236;-3,6923;11,6447;0,0000;-7,9524;41,6236;12;0
15,5920;-16,2060;42,1183;45,1194;-0,0000;2,7623;163,7940;255,000;-74,113;0,000;19,446;-3,9022;0,3587;-1,1275;-0,0000;0,7688;-3,9022;41,5927;-3,7118;11,6997;0,0003;-7,9880;41,5924;12;0
15,5981;-16,2291;42,1204;45,1127;-0,0000;2,7668;163,7709;255,000;-74,225;0,000;18,222;-3,6476;0,3359;-1,0557;0,0000;0,7198;-3,6476;41,5637;-3,7300;11,7512;-0,0001;-8,0212;41,5638;12;0
15,6043;-16,2507;42,1224;45,1065;0,0000;2,7711;163,7493;255,000;-74,329;0,000;16,997;-3,3931;0,3130;-0,9836;-0,0000;0,6706;-3,3931;41,5365;-3,7470;11,7993;-0,0002;-8,0523;41,5368;12;0
15,6104;-16,2707;42,1243;45,1007;-0,0000;2,7750;163,7293;255,000;-74,425;0,000;15,772;-3,1388;0,2900;-0,9112;-0,0000;0,6212;-3,1388;41,5113;-3,7628;11,8438;0,0001;-8,0811;41,5113;12;0
15,6165;-16,2891;42,1260;45,0953;-0,0000;2,7787;163,7109;255,000;-74,515;0,000;14,547;-2,8847;0,2669;-0,8385;-0,0000;0,5716;-2,8847;41,4893;-3,7774;11,8850;-0,0899;-8,1078;41,5792;12;0
15,6226;-16,3060;42,1275;45,0904;-0,0000;2,7820;163,6940;255,000;-74,596;0,000;13,322;-2,6307;0,2437;-0,7656;-0,0011;0,5219;-2,6296;41,4667;-3,7907;11,9225;0,0004;-8,1320;41,4664;12;0
15,6288;-16,3213;42,1289;45,0860;-0,0000;2,7851;163,6787;255,000;-74,670;0,000;12,098;-2,3768;0,2205;-0,6925;0,0000;0,4720;-2,3768;41,4449;-3,8028;11,9566;0,1798;-8,1535;41,2650;12;0
15,6349;-16,3351;42,1302;45,0819;0,0000;2,7878;163,6649;255,000;-74,737;0,000;10,872;-2,1230;0,1971;-0,6191;0,0011;0,4220;-2,1241;41,4299;-3,8137;11,9874;-0,0005;-8,1734;41,4304;12;0
15,6410;-16,3473;42,1314;45,0784;-0,0000;2,7903;163,6527;255,000;-74,796;0,000;9,648;-1,8694;0,1737;-0,5456;-0,0000;0,3719;-1,8694;41,4160;-3,8234;12,0147;-0,1241;-8,1915;41,5402;12;0
15,6471;-16,3580;42,1324;45,0753;-0,0000;2,7924;163,6420;255,000;-74,847;0,000;8,423;-1,6158;0,1503;-0,4720;-0,0004;0,3217;-1,6153;41,4008;-3,8318;12,0384;0,0003;-8,2067;41,4005;12;0
15,6533;-16,3671;42,1332;45,0726;-0,0000;2,7942;163,6329;255,000;-74,892;0,000;7,198;-1,3623;0,1268;-0,3982;0,0000;0,2714;-1,3623;41,3883;-3,8391;12,0589;0,0669;-8,2208;41,3214;12;0
15,6594;-16,3747;42,1339;45,0704;-0,0000;2,7957;163,6253;255,000;-74,928;0,000;5,973;-1,1088;0,1033;-0,3243;0,0004;0,2210;-1,1092;41,3796;-3,8450;12,0755;-0,0001;-8,2305;41,3797;12;0
15,6655;-16,3807;42,1345;45,0686;-0,0000;2,7969;163,6193;255,000;-74,957;0,000;4,749;-0,8554;0,0797;-0,2503;0,0000;0,1706;-0,8554;41,3723;-3,8496;12,0883;-0,0312;-8,2366;41,4035;12;0
15,6716;-16,3852;42,1349;45,0673;0,0000;2,7978;163,6148;255,000;-74,979;0,000;3,524;-0,6021;0,0561;-0,1762;0,0000;0,1201;-0,6021;41,3663;-3,8533;12,0988;-0,0000;-8,2456;41,3663;12;0
15,6777;-16,3881;42,1352;45,0665;0,0000;2,7984;163,6119;255,000;-74,993;0,000;2,299;-0,3488;0,0325;-0,1021;-0,0000;0,0696;-0,3488;39,3555;-6,0052;12,2858;-0,0019;-6,2818;39,3574;12;0
15,6839;-16,3894;42,1353;45,0661;0,0000;2,7986;163,6106;255,000;-74,999;0,000;1,074;-0,1201;-0,0174;-0,0257;-0,0000;0,0432;-0,1201;27,7410;-18,4428;13,3312;-0,0001;5,1115;27,7411;12;0
15,6900;-16,3895;42,1349;45,0662;-0,0000;2,7989;163,6105;255,000;-75,000;0,001;0,253;-0,0090;-0,1934;0,0612;-0,0000;0,1322;-0,0090;9,8020;-37,6544;14,9415;0,0003;22,7129;9,8018;13;0
15,6961;-16,3895;42,1329;45,0668;-0,0000;2,8003;163,6105;255,000;-75,000;0,010;1,376;0,0000;-0,4786;0,1573;0,0000;0,3214;-0,0000;0,7345;-47,3653;15,7520;0,0001;31,6134;0,7344;13;0
15,7022;-16,3895;42,1291;45,0681;-0,0000;2,8028;163,6105;255,000;-75,000;0,026;2,600;0,0000;-0,7735;0,2541;0,0000;0,5194;-0,0000;-0,0000;-48,1521;15,8108;0,0001;32,3413;-0,0001;13;0
15,7084;-16,3895;42,1234;45,0699;-0,0000;2,8066;163,6105;255,000;-75,000;0,049;3,825;-0,0000;-1,0684;0,3509;0,0000;0,7175;-0,0000;-0,0000;-48,1523;15,8004;0,0001;32,3519;-0,0001;13;0
15,7145;-16,3895;42,1160;45,0724;0,0000;2,8116;163,6105;255,000;-75,000;0,080;5,050;-0,0000;-1,3633;0,4476;0,0000;0,9156;-0,0000;0,0000;-48,1526;15,7867;-0,0001;32,3659;0,0001;13;0
15,7206;-16,3895;42,1067;45,0754;0,0000;2,8178;163,6105;255,000;-75,000;0,119;6,275;0,0000;-1,6582;0,5443;0,0000;1,1139;-0,0000;0,0000;-48,1529;15,7697;-0,0001;32,3832;0,0001;13;0
15,7267;-16,3895;42,0957;45,0790;0,0000;2,8253;163,6105;255,000;-75,000;0,165;7,500;0,0000;-1,9531;0,6408;-0,0000;1,3123;0,0000;0,0000;-48,1533;15,7493;-0,0000;32,4040;0,0000;13;0
15,7329;-16,3895;42,0828;45,0833;-0,0000;2,8339;163,6105;255,000;-75,000;0,218;8,725;0,0000;-2,2480;0,7372;-0,0000;1,5108;0,0000;-0,0000;-48,1537;15,7256;0,0000;32,4281;-0,0000;13;0
15,7390;-16,3895;42,0682;45,0881;-0,0000;2,8438;163,6105;255,000;-75,000;0,279;9,949;0,0000;-2,5429;0,8334;0,0000;1,7095;-0,0000;-0,0000;-48,1542;15,6986;0,0000;32,4557;-0,0000;13;0
15,7451;-16,3895;42,0517;45,0935;0,0000;2,8549;163,6105;255,000;-75,000;0,347;11,174;0,0000;-2,8378;0,9295;0,0000;1,9083;-0,0000;0,0000;-48,1548;15,6682;-0,0000;32,4866;0,0000;13;0
15,7512;-16,3895;42,0334;45,0995;0,0000;2,8671;163,6105;255,000;-75,000;0,423;12,399;0,0000;-3,1327;1,0253;-0,0000;2,1074;0,0000;0,0000;-48,1553;15,6345;-0,0000;32,5209;0,0000;13;0
15,7574;-16,3895;42,0133;45,1060;0,0000;2,8807;163,6105;255,000;-75,000;0,507;13,624;0,0000;-3,4276;1,1210;-0,0000;2,3067;0,0000;0,0000;-48,1559;15,5974;-0,0000;32,5585;0,0000;13;0
15,7635;-16,3895;41,9914;45,1132;-0,0000;2,8954;163,6105;255,000;-75,000;0,598;14,849;0,0000;-3,7225;1,2164;-0,0000;2,5062;0,0000;0,0000;-48,1565;15,5570;0,0000;32,5995;-0,0000;13;0
15,7696;-16,3895;41,9677;45,1209;-0,0000;2,9114;163,6105;255,000;-75,000;0,696;16,073;0,0000;-4,0174;1,3115;-0,0000;2,7059;0,0000;0,0000;-48,1571;15,5132;0,0000;32,6439;-0,0000;13;0
15,7757;-16,3895;41,9422;45,1293;-0,0000;2,9285;163,6105;255,000;-75,000;0,802;17,298;0,0000;-4,3124;1,4064;0,0000;2,9060;-0,0000;0,0000;-48,1577;15,4661;-0,0000;32,6916;0,0000;13;0
15,7819;-16,3895;41,9149;45,1382;0,0000;2,9470;163,6105;255,000;-75,000;0,915;18,523;0,0000;-4,6073;1,5009;-0,0000;3,1064;0,0000;0,0000;-48,1583;15,4156;-0,0000;32,7427;0,0000;13;0
15,7880;-16,3895;41,8858;45,1476;-0,0000;2,9666;163,6105;255,000;-75,000;1,036;19,748;0,0000;-4,9022;1,5952;0,0000;3,3070;-0,0000;0,0000;-48,1589;15,3618;0,0000;32,7971;-0,0000;13;0
15,7941;-16,3895;41,8548;45,1577;0,0000;2,9875;163,6105;255,000;-75,000;1,165;20,973;0,0000;-5,1971;1,6891;0,0000;3,5081;-0,0000;0,0000;-48,1594;15,3046;-0,0000;32,8548;0,0000;13;0
15,8002;-16,3895;41,8221;45,1683;-0,0000;3,0096;163,6105;255,000;-75,000;1,301;22,198;0,0000;-5,4921;1,7826;-0,0000;3,7094;0,0000;0,0000;-48,1599;15,2440;-0,0000;32,9159;0,0000;13;0
15,8064;-16,3895;41,7876;45,1795;-0,0000;3,0329;163,6105;255,000;-75,000;1,444;23,422;0,0000;-5,7870;1,8758;-0,0000;3,9112;0,0000;0,0000;-48,1604;15,1801;0,0000;32,9803;0,0000;13;0
15,8125;-16,3895;41,7512;45,1913;-0,0000;3,0575;163,6105;255,000;-75,000;1,595;24,647;0,0000;-6,0820;1,9686;-0,0000;4,1134;0,0000;-0,0000;-48,1607;15,1127;0,0000;33,0480;-0,0000;13;0
15,8186;-16,3895;41,7131;45,2036;-0,0000;3,0833;163,6105;255,000;-75,000;1,754;25,872;0,0000;-6,3769;2,0609;0,0000;4,3160;-0,0000;0,0000;-48,1610;15,0420;0,0000;33,1190;-0,0000;13;0
15,8247;-16,3895;41,6731;45,2165;-0,0000;3,1103;163,6105;255,000;-75,000;1,920;27,097;0,0000;-6,6718;2,1528;0,0000;4,5190;0,0000;0,0000;-48,1612;14,9679;-0,0000;33,1933;0,0000;13;0
15,8309;-16,3895;41,6314;45,2300;-0,0000;3,1386;163,6105;255,000;-75,000;2,093;28,322;0,0000;-6,9668;2,2442;-0,0000;4,7226;0,0000;0,0000;-48,1612;14,8904;-0,0000;33,2709;0,0000;13;0
15,8370;-16,3895;41,5878;45,2440;-0,0000;3,1682;163,6105;255,000;-75,000;2,274;29,547;0,0000;-7,2617;2,3352;0,0000;4,9266;0,0000;-0,0000;-48,1611;14,8094;0,0000;33,3517;-0,0000;13;0
15,8431;-16,3895;41,5424;45,2586;-0,0000;3,1990;163,6105;255,000;-75,000;2,462;30,771;0,0000;-7,5567;2,4256;0,0000;5,1311;-0,0000;0,0000;-48,1609;14,7251;0,0000;33,4358;-0,0000;13;0
15,8492;-16,3895;41,4952;45,2737;0,0000;3,2310;163,6105;255,000;-75,000;2,658;31,996;0,0000;-7,8516;2,5155;0,0000;5,3361;-0,0000;0,0000;-48,1605;14,6373;-0,0000;33,5231;0,0000;13;0
15,8553;-16,3895;41,4463;45,2894;-0,0000;3,2643;163,6105;255,000;-75,000;2,862;33,221;0,0000;-8,1466;2,6049;-0,0000;5,5417;0,0000;0,0000;-48,1598;14,5461;-0,0000;33,6137;0,0000;13;0
15,8615;-16,3895;41,3955;45,3056;-0,0000;3,2989;163,6105;255,000;-75,000;3,073;34,446;0,0000;-8,4415;2,6937;-0,0000;5,7478;0,0000;0,0000;-48,1590;14,4515;0,0000;33,7075;-0,0000;13;0
15,8676;-16,3895;41,3429;45,3224;-0,0000;3,3347;163,6105;255,000;-75,000;3,291;35,671;0,0000;-8,7364;2,7819;0,0000;5,9545;-0,0000;0,0000;-48,1579;14,3534;0,0000;33,8045;-0,0000;13;0
15,8737;-16,3895;41,2885;45,3397;0,0000;3,3718;163,6105;255,000;-75,000;3,517;36,895;0,0000;-9,0313;2,8695;0,0000;6,1618;-0,0000;0,0000;-48,1566;14,2519;0,0000;33,9047;-0,0000;13;0
15,8798;-16,3895;41,2322;45,3576;0,0000;3,4102;163,6105;255,000;-75,000;3,751;38,120;0,0000;-9,3263;2,9565;0,0000;6,3698;-0,0000;0,0000;-48,1549;14,1469;0,0000;34,0081;-0,0000;13;0
15,8860;-16,3895;41,1742;45,3759;0,0000;3,4498;163,6105;255,000;-75,000;3,992;39,345;0,0000;-9,6212;3,0428;0,0000;6,5784;-0,0000;0,0000;-48,1530;14,0384;0,0000;34,1146;-0,0000;13;0
15,8921;-16,3895;41,1144;45,3948;0,0000;3,4908;163,6105;255,000;-75,000;4,240;40,570;0,0000;-9,9160;3,1284;0,0000;6,7876;-0,0000;0,0000;-48,1507;13,9264;-0,0000;34,2243;0,0000;13;0
15,8982;-16,3895;41,0528;45,4142;0,0000;3,5330;163,6105;255,000;-75,000;4,496;41,795;0,0000;-10,2109;3,2134;-0,0000;6,9976;0,0000;0,0000;-48,1480;13,8110;-0,0000;34,3371;0,0000;13;0
15,9043;-16,3895;40,9893;45,4342;0,0000;3,5765;163,6105;255,000;-75,000;4,759;43,020;0,0000;-10,5058;3,2976;-0,0000;7,2082;0,0000;0,0000;-48,1450;13,6920;-0,0000;34,4530;0,0000;13;0
15,9105;-16,3895;40,9241;45,4546;0,0000;3,6213;163,6105;255,000;-75,000;5,030;44,244;0,0000;-10,8006;3,3811;-0,0000;7,4196;0,0000;0,0000;-48,1415;13,5695;-0,0000;34,5720;0,0000;13;0
15,9166;-16,3895;40,8570;45,4756;0,0000;3,6674;163,6105;255,000;-75,000;5,309;45,469;0,0000;-11,0954;3,4638;-0,0000;7,6316;0,0000;0,0000;-48,1376;13,4436;-0,0000;34,6941;0,0000;13;0
15,9227;-16,3895;40,7882;45,4971;-0,0000;3,7147;163,6105;255,000;-75,000;5,595;46,694;0,0000;-11,3902;3,5457;-0,0000;7,8445;0,0000;0,0000;-48,1332;13,3140;-0,0000;34,8192;-0,0000;13;0
15,9288;-16,3895;40,7175;45,5190;-0,0000;3,7634;163,6105;255,000;-75,000;5,888;47,919;0,0000;-11,6850;3,6269;-0,0000;8,0581;0,0000;-0,0000;-44,2676;11,9899;0,0000;32,2777;-0,0000;13;0
15,9350;-16,3895;40,6451;45,5415;-0,0000;3,8134;163,6105;255,000;-75,000;6,189;49,144;0,0000;-11,9324;3,6926;-0,0000;8,2398;0,0000;-0,0000;-28,6022;7,0408;0,0000;21,5614;-0,0000;13;0
15,9411;-16,3895;40,5714;45,5643;-0,0000;3,8644;163,6105;255,000;-75,000;6,495;49,976;0,0000;-12,0353;3,7131;0,0000;8,3222;-0,0000;-0,0000;-8,6206;0,8106;0,0000;7,8100;-0,0000;13;0
15,9472;-16,3895;40,4977;45,5870;-0,0000;3,9154;163,6105;255,000;-75,000;6,801;50,000;0,0000;-12,0380;3,7025;0,0000;8,3355;-0,0000;0,0000;-0,2007;-1,8034;-0,0000;2,0041;0,0000;13;0
15,9533;-16,3895;40,4239;45,6096;0,0000;3,9665;163,6105;255,000;-75,000;7,108;50,000;0,0000;-12,0378;3,6910;0,0000;8,3468;-0,0000;0,0000;0,0415;-1,8786;-0,0000;1,8371;0,0000;13;0
15,9595;-16,3895;40,3502;45,6322;0,0000;4,0176;163,6105;255,000;-75,000;7,414;50,000;0,0000;-12,0375;3,6795;-0,0000;8,3580;0,0000;0,0000;0,0451;-1,8799;-0,0000;1,8348;0,0000;13;0
15,9656;-16,3895;40,2765;45,6547;0,0000;4,0688;163,6105;255,000;-75,000;7,720;50,000;0,0000;-12,0372;3,6680;0,0000;8,3692;0,0000;-0,0000;0,0486;-1,8812;0,0000;1,8326;-0,0000;13;0
15,9717;-16,3895;40,2028;45,6771;0,0000;4,1201;163,6105;255,000;-75,000;8,026;50,000;0,0000;-12,0369;3,6565;-0,0000;8,3804;0,0000;0,0000;0,0522;-1,8826;-0,0000;1,8303;0,0000;13;0
15,9778;-16,3895;40,1291;45,6995;-0,0000;4,1715;163,6105;255,000;-75,000;8,332;50,000;0,0000;-12,0366;3,6449;-0,0000;8,3917;0,0000;0,0000;0,0558;-1,8839;-0,0000;1,8281;0,0000;13;0
15,9840;-16,3895;40,0554;45,7217;-0,0000;4,2229;163,6105;255,000;-75,000;8,639;50,000;0,0000;-12,0362;3,6334;-0,0000;8,4028;0,0000;-0,0000;0,0594;-1,8852;0,0000;1,8258;-0,0000;13;0
15,9901;-16,3895;39,9817;45,7440;-0,0000;4,2744;163,6105;255,000;-75,000;8,945;50,000;0,0000;-12,0358;3,6218;0,0000;8,4140;-0,0000;-0,0000;0,0630;-1,8865;0,0000;1,8235;-0,0000;13;0
15,9962;-16,3895;39,9079;45,7661;-0,0000;4,3260;163,6105;255,000;-75,000;9,251;50,000;0,0000;-12,0354;3,6103;0,0000;8,4252;-0,0000;-0,0000;0,0666;-1,8878;0,0000;1,8212;-0,0000;13;0
16,0023;-16,3895;39,8342;45,7882;0,0000;4,3776;163,6105;255,000;-75,000;9,557;50,000;0,0000;-12,0350;3,5987;0,0000;8,4363;-0,0000;0,0000;0,0703;-1,8892;-0,0000;1,8189;0,0000;13;0
16,0085;-16,3895;39,7605;45,8102;0,0000;4,4293;163,6105;255,000;-75,000;9,864;50,000;0,0000;-12,0346;3,5871;0,0000;8,4475;0,0000;0,0000;0,0739;-1,8905;-0,0000;1,8166;0,0000;13;0
16,0146;-16,3895;39,6868;45,8321;0,0000;4,4811;163,6105;255,000;-75,000;10,170;50,000;0,0000;-12,0341;3,5755;0,0000;8,4586;0,0000;-0,0000;0,0776;-1,8918;0,0000;1,8142;-0,0000;13;0
16,0207;-16,3895;39,6131;45,8540;0,0000;4,5329;163,6105;255,000;-75,000;10,476;50,000;0,0000;-12,0336;3,5640;0,0000;8,4697;-0,0000;-0,0000;0,0812;-1,8931;0,0000;1,8119;-0,0000;13;0
16,0268;-16,3895;39,5394;45,8758;0,0000;4,5848;163,6105;255,000;-75,000;10,782;50,000;0,0000;-12,0331;3,5524;0,0000;8,4808;-0,0000;0,0000;0,0849;-1,8944;-0,0000;1,8095;0,0000;13;0
16,0329;-16,3895;39,4658;45,8975;0,0000;4,6368;163,6105;255,000;-75,000;11,088;50,000;0,0000;-12,0326;3,5408;-0,0000;8,4918;0,0000;0,0000;0,0886;-1,8957;-0,0000;1,8071;0,0000;13;0
16,0391;-16,3895;39,3921;45,9191;-0,0000;4,6888;163,6105;255,000;-75,000;11,395;50,000;0,0000;-12,0320;3,5291;-0,0000;8,5029;0,0000;-0,0000;0,0923;-1,8970;0,0000;1,8047;-0,0000;13;0
16,0452;-16,3895;39,3184;45,9407;0,0000;4,7409;163,6105;255,000;-75,000;11,701;50,000;0,0000;-12,0315;3,5175;0,0000;8,5139;-0,0000;-0,0000;0,0960;-1,8983;0,0000;1,8023;-0,0000;13;0
16,0513;-16,3895;39,2447;45,9622;0,0000;4,7931;163,6105;255,000;-75,000;12,007;50,000;0,0000;-12,0309;3,5059;0,0000;8,5250;0,0000;0,0000;0,0997;-1,8996;-0,0000;1,7999;0,0000;13;0
16,0574;-16,3895;39,1710;45,9837;0,0000;4,8453;163,6105;255,000;-75,000;12,313;50,000;0,0000;-12,0302;3,4943;-0,0000;8,5360;0,0000;0,0000;0,1035;-1,9009;-0,0000;1,7974;0,0000;13;0
16,0636;-16,3895;39,0974;46,0050;-0,0000;4,8976;163,6105;255,000;-75,000;12,619;50,000;0,0000;-12,0296;3,4826;-0,0000;8,5470;0,0000;-0,0000;0,1072;-1,9022;0,0000;1,7950;-0,0000;13;0
16,0697;-16,3895;39,0237;46,0263;0,0000;4,9500;163,6105;255,000;-75,000;12,926;50,000;0,0000;-12,0289;3,4710;0,0000;8,5580;0,0000;0,0000;0,1110;-1,9035;-0,0000;1,7925;0,0000;13;0
16,0758;-16,3895;38,9500;46,0475;-0,0000;5,0025;163,6105;255,000;-75,000;13,232;50,000;0,0000;-12,0282;3,4593;-0,0000;8,5689;0,0000;-0,0000;0,1148;-1,9048;0,0000;1,7901;-0,0000;13;0
16,0819;-16,3895;38,8764;46,0687;0,0000;5,0550;163,6105;255,000;-75,000;13,538;50,000;0,0000;-12,0275;3,4476;0,0000;8,5799;0,0000;-0,0000;0,1185;-1,9061;0,0000;1,7876;-0,0000;13;0
16,0881;-16,3895;38,8027;46,0898;0,0000;5,1075;163,6105;255,000;-75,000;13,844;50,000;0,0000;-12,0268;3,4359;0,0000;8,5908;0,0000;0,0000;0,1223;-1,9074;-0,0000;1,7851;0,0000;13;0
16,0942;-16,3895;38,7291;46,1108;0,0000;5,1602;163,6105;255,000;-75,000;14,150;50,000;0,0000;-12,0260;3,4243;0,0000;8,6018;0,0000;-0,0000;0,1261;-1,9087;-0,0000;1,7826;-0,0000;13;0
16,1003;-16,3895;38,6554;46,1317;0,0000;5,2129;163,6105;255,000;-75,000;14,457;50,000;0,0000;-12,0252;3,4126;0,0000;8,6127;0,0000;0,0000;0,1299;-1,9100;-0,0000;1,7800;0,0000;13;0
16,1064;-16,3895;38,5818;46,1526;0,0000;5,2657;163,6105;255,000;-75,000;14,763;50,000;0,0000;-12,0244;3,4009;-0,0000;8,6236;0,0000;0,0000;0,1338;-1,9113;-0,0000;1,7775;0,0000;13;0
16,1126;-16,3895;38,5081;46,1734;-0,0000;5,3185;163,6105;255,000;-75,000;15,069;50,000;0,0000;-12,0236;3,3892;-0,0000;8,6344;0,0000;-0,0000;0,1376;-1,9126;0,0000;1,7750;-0,0000;13;0
16,1187;-16,3895;38,4345;46,1941;0,0000;5,3714;163,6105;255,000;-75,000;15,375;50,000;0,0000;-12,0227;3,3774;0,0000;8,6453;-0,0000;-0,0000;0,1414;-1,9138;0,0000;1,7724;-0,0000;13;0
16,1248;-16,3895;38,3609;46,2147;0,0000;5,4244;163,6105;255,000;-75,000;15,681;50,000;0,0000;-12,0219;3,3657;0,0000;8,6561;0,0000;0,0000;0,1453;-1,9151;-0,0000;1,7698;0,0000;13;0
16,1309;-16,3895;38,2872;46,2353;0,0000;5,4775;163,6105;255,000;-75,000;15,988;50,000;0,0000;-12,0210;3,3540;-0,0000;8,6670;0,0000;0,0000;0,1492;-1,9164;-0,0000;1,7672;0,0000;13;0
16,1371;-16,3895;38,2136;46,2558;-0,0000;5,5306;163,6105;255,000;-75,000;16,294;50,000;0,0000;-12,0200;3,3422;-0,0000;8,6778;0,0000;-0,0000;0,1531;-1,9177;0,0000;1,7646;-0,0000;13;0
16,1432;-16,3895;38,1400;46,2762;-0,0000;5,5837;163,6105;255,000;-75,000;16,600;50,000;0,0000;-12,0191;3,3305;-0,0000;8,6886;0,0000;-0,0000;0,1569;-1,9190;0,0000;1,7620;-0,0000;13;0
16,1493;-16,3895;38,0664;46,2966;-0,0000;5,6370;163,6105;255,000;-75,000;16,906;50,000;0,0000;-12,0181;3,3187;0,0000;8,6994;0,0000;0,0000;0,1608;-1,9202;-0,0000;1,7594;0,0000;13;0
16,1554;-16,3895;37,9928;46,3169;-0,0000;5,6903;163,6105;255,000;-75,000;17,212;50,000;0,0000;-12,0171;3,3070;-0,0000;8,7101;0,0000;0,0000;0,1648;-1,9215;-0,0000;1,7567;0,0000;13;0
16,1616;-16,3895;37,9192;46,3371;-0,0000;5,7437;163,6105;255,000;-75,000;17,519;50,000;0,0000;-12,0161;3,2952;-0,0000;8,7209;0,0000;-0,0000;0,1687;-1,9228;0,0000;1,7541;-0,0000;13;0
16,1677;-16,3895;37,8456;46,3572;-0,0000;5,7971;163,6105;255,000;-75,000;17,825;50,000;0,0000;-12,0151;3,2834;0,0000;8,7316;0,0000;-0,0000;0,1726;-1,9240;0,0000;1,7514;-0,0000;13;0
16,1738;-16,3895;37,7721;46,3773;-0,0000;5,8506;163,6105;255,000;-75,000;18,131;50,000;0,0000;-12,0140;3,2716;-0,0000;8,7423;0,0000;0,0000;0,1766;-1,9253;-0,0000;1,7487;0,0000;13;0
16,1799;-16,3895;37,6985;46,3973;-0,0000;5,9042;163,6105;255,000;-75,000;18,437;50,000;0,0000;-12,0129;3,2598;-0,0000;8,7530;0,0000;-0,0000;0,1805;-1,9266;0,0000;1,7460;0,0000;13;0
16,1860;-16,3895;37,6249;46,4172;-0,0000;5,9578;163,6105;255,000;-75,000;18,743;50,000;0,0000;-12,0118;3,2480;-0,0000;8,7637;0,0000;-0,0000;0,1845;-1,9278;0,0000;1,7433;-0,0000;13;0
16,1922;-16,3895;37,5514;46,4371;-0,0000;6,0115;163,6105;255,000;-75,000;19,050;50,000;0,0000;-12,0106;3,2362;0,0000;8,7744;0,0000;-0,0000;0,1884;-1,9291;0,0000;1,7406;-0,0000;13;0
16,1983;-16,3895;37,4778;46,4569;-0,0000;6,0653;163,6105;255,000;-75,000;19,356;50,000;0,0000;-12,0095;3,2244;0,0000;8,7851;-0,0000;0,0000;0,1924;-1,9303;-0,0000;1,7379;0,0000;13;0
16,2044;-16,3895;37,4043;46,4766;-0,0000;6,1191;163,6105;255,000;-75,000;19,662;50,000;0,0000;-12,0083;3,2126;-0,0000;8,7957;0,0000;0,0000;0,1964;-1,9316;-0,0000;1,7351;0,0000;13;0
16,2105;-16,3895;37,3307;46,4962;-0,0000;6,1730;163,6105;255,000;-75,000;19,968;50,000;0,0000;-12,0071;3,2008;-0,0000;8,8063;0,0000;0,0000;0,2004;-1,9328;-0,0000;1,7324;0,0000;13;0
16,2167;-16,3895;37,2572;46,5158;-0,0000;6,2270;163,6105;255,000;-75,000;20,275;50,000;0,0000;-12,0058;3,1889;-0,0000;8,8169;0,0000;-0,0000;0,2045;-1,9341;0,0000;1,7296;-0,0000;13;0
16,2228;-16,3895;37,1837;46,5353;-0,0000;6,2810;163,6105;255,000;-75,000;20,581;50,000;0,0000;-12,0046;3,1771;0,0000;8,8275;-0,0000;-0,0000;0,2085;-1,9353;0,0000;1,7269;-0,0000;13;0
16,2289;-16,3895;37,1102;46,5547;-0,0000;6,3351;163,6105;255,000;-75,000;20,887;50,000;0,0000;-12,0033;3,1652;0,0000;8,8381;-0,0000;0,0000;0,2125;-1,9366;-0,0000;1,7240;0,0000;13;0
16,2350;-16,3895;37,0367;46,5741;0,0000;6,3893;163,6105;255,000;-75,000;21,193;50,000;0,0000;-12,0020;3,1533;-0,0000;8,8486;0,0000;0,0000;0,2166;-1,9378;-0,0000;1,7212;0,0000;13;0
16,2412;-16,3895;36,9632;46,5933;-0,0000;6,4435;163,6105;255,000;-75,000;21,499;50,000;0,0000;-12,0006;3,1415;-0,0000;8,8591;0,0000;-0,0000;0,2206;-1,9390;0,0000;1,7184;-0,0000;13;0
16,2473;-16,3895;36,8897;46,6125;-0,0000;6,4978;163,6105;255,000;-75,000;21,806;50,000;0,0000;-11,9993;3,1296;-0,0000;8,8697;0,0000;-0,0000;0,2247;-1,9403;0,0000;1,7156;-0,0000;13;0
16,2534;-16,3895;36,8162;46,6317;-0,0000;6,5521;163,6105;255,000;-75,000;22,112;50,000;0,0000;-11,9979;3,1177;-0,0000;8,8801;0,0000;-0,0000;0,2288;-1,9415;0,0000;1,7127;-0,0000;13;0
16,2595;-16,3895;36,7427;46,6507;-0,0000;6,6065;163,6105;255,000;-75,000;22,418;50,000;0,0000;-11,9964;3,1058;0,0000;8,8906;0,0000;-0,0000;0,2329;-1,9427;0,0000;1,7099;-0,0000;13;0
16,2657;-16,3895;36,6693;46,6697;-0,0000;6,6610;163,6105;255,000;-75,000;22,724;50,000;0,0000;-11,9950;3,0939;0,0000;8,9011;0,0000;0,0000;0,2370;-1,9440;-0,0000;1,7070;0,0000;13;0
16,2718;-16,3895;36,5958;46,6886;-0,0000;6,7156;163,6105;255,000;-75,000;23,030;50,000;0,0000;-11,9935;3,0820;-0,0000;8,9115;0,0000;0,0000;0,2411;-1,9452;-0,0000;1,7041;0,0000;13;0
16,2779;-16,3895;36,5224;46,7075;-0,0000;6,7702;163,6105;255,000;-75,000;23,337;50,000;0,0000;-11,9921;3,0701;-0,0000;8,9220;0,0000;-0,0000;0,2452;-1,9464;0,0000;1,7012;-0,0000;13;0
16,2840;-16,3895;36,4489;46,7262;-0,0000;6,8248;163,6105;255,000;-75,000;23,643;50,000;0,0000;-11,9905;3,0582;0,0000;8,9324;-0,0000;-0,0000;0,2493;-1,9476;0,0000;1,6983;-0,0000;13;0
16,2902;-16,3895;36,3755;46,7449;0,0000;6,8796;163,6105;255,000;-75,000;23,949;50,000;0,0000;-11,9890;3,0462;0,0000;8,9428;-0,0000;0,0000;0,2535;-1,9489;-0,0000;1,6954;0,0000;13;0
16,2963;-16,3895;36,3021;46,7635;0,0000;6,9344;163,6105;255,000;-75,000;24,255;50,000;0,0000;-11,9874;3,0343;0,0000;8,9531;0,0000;0,0000;0,2576;-1,9501;-0,0000;1,6925;0,0000;13;0
16,3024;-16,3895;36,2287;46,7821;0,0000;6,9892;163,6105;255,000;-75,000;24,561;50,000;0,0000;-11,9858;3,0224;0,0000;8,9635;0,0000;-0,0000;0,2618;-1,9513;0,0000;1,6895;-0,0000;13;0
16,3085;-16,3895;36,1553;46,8005;0,0000;7,0442;163,6105;255,000;-75,000;24,868;50,000;0,0000;-11,9842;3,0104;0,0000;8,9738;-0,0000;0,0000;0,2659;-1,9525;-0,0000;1,6866;0,0000;13;0
16,3147;-16,3895;36,0819;46,8189;0,0000;7,0992;163,6105;255,000;-75,000;25,174;50,000;0,0000;-11,9826;2,9984;-0,0000;8,9842;0,0000;0,0000;0,2701;-1,9537;-0,0000;1,6836;0,0000;13;0
16,3208;-16,3895;36,0085;46,8373;0,0000;7,1542;163,6105;255,000;-75,000;25,480;50,000;0,0000;-11,9809;2,9865;-0,0000;8,9945;0,0000;-0,0000;0,2743;-1,9549;0,0000;1,6806;-0,0000;13;0
16,3269;-16,3895;35,9352;46,8555;0,0000;7,2093;163,6105;255,000;-75,000;25,786;50,000;0,0000;-11,9792;2,9745;0,0000;9,0047;0,0000;-0,0000;0,2785;-1,9561;0,0000;1,6776;-0,0000;13;0
16,3330;-16,3895;35,8618;46,8737;0,0000;7,2645;163,6105;255,000;-75,000;26,092;50,000;0,0000;-11,9775;2,9625;-0,0000;9,0150;0,0000;0,0000;0,2827;-1,9573;-0,0000;1,6746;0,0000;13;0
16,3392;-16,3895;35,7884;46,8918;0,0000;7,3197;163,6105;255,000;-75,000;26,399;50,000;0,0000;-11,9758;2,9505;-0,0000;9,0252;0,0000;0,0000;0,2869;-1,9585;-0,0000;1,6716;0,0000;13;0
16,3453;-16,3895;35,7151;46,9098;0,0000;7,3750;163,6105;255,000;-75,000;26,705;50,000;0,0000;-11,9740;2,9385;-0,0000;9,0355;0,0000;0,0000;0,2912;-1,9597;-0,0000;1,6685;0,0000;13;0
16,3514;-16,3895;35,6418;46,9278;0,0000;7,4304;163,6105;255,000;-75,000;27,011;50,000;0,0000;-11,9722;2,9265;-0,0000;9,0457;0,0000;-0,0000;0,2954;-1,9609;0,0000;1,6655;-0,0000;13;0
16,3575;-16,3895;35,5685;46,9457;-0,0000;7,4858;163,6105;255,000;-75,000;27,317;50,000;0,0000;-11,9704;2,9145;-0,0000;9,0559;0,0000;-0,0000;0,2996;-1,9621;0,0000;1,6624;-0,0000;13;0
16,3636;-16,3895;35,4952;46,9635;-0,0000;7,5413;163,6105;255,000;-75,000;27,623;50,000;0,0000;-11,9685;2,9025;0,0000;9,0660;0,0000;0,0000;0,3039;-1,9633;-0,0000;1,6594;0,0000;13;0
16,3698;-16,3895;35,4219;46,9812;-0,0000;7,5969;163,6105;255,000;-75,000;27,930;50,000;0,0000;-11,9667;2,8905;-0,0000;9,0762;0,0000;0,0000;0,3082;-1,9644;-0,0000;1,6563;0,0000;13;0
16,3759;-16,3895;35,3486;46,9989;-0,0000;7,6525;163,6105;255,000;-75,000;28,236;50,000;0,0000;-11,9648;2,8784;-0,0000;9,0863;0,0000;-0,0000;0,3124;-1,9656;0,0000;1,6532;-0,0000;13;0
16,3820;-16,3895;35,2753;47,0165;-0,0000;7,7082;163,6105;255,000;-75,000;28,542;50,000;0,0000;-11,9628;2,8664;-0,0000;9,0964;0,0000;-0,0000;0,3167;-1,9668;0,0000;1,6501;-0,0000;13;0
16,3881;-16,3895;35,2021;47,0340;-0,0000;7,7639;163,6105;255,000;-75,000;28,848;50,000;0,0000;-11,9609;2,8543;0,0000;9,1065;-0,0000;-0,0000;0,3210;-1,9680;0,0000;1,6470;-0,0000;13;0
16,3943;-16,3895;35,1288;47,0515;-0,0000;7,8197;163,6105;255,000;-75,000;29,154;50,000;0,0000;-11,9589;2,8423;0,0000;9,1166;-0,0000;0,0000;0,3253;-1,9691;-0,0000;1,6438;0,0000;13;0
16,4004;-16,3895;35,0556;47,0688;-0,0000;7,8756;163,6105;255,000;-75,000;29,461;50,000;0,0000;-11,9569;2,8302;-0,0000;9,1267;0,0000;-0,0000;0,3296;-1,9703;0,0000;1,6407;0,0000;13;0
16,4065;-16,3895;34,9824;47,0861;-0,0000;7,9315;163,6105;255,000;-75,000;29,767;50,000;0,0000;-11,9549;2,8181;0,0000;9,1367;-0,0000;-0,0000;0,3339;-1,9715;0,0000;1,6375;-0,0000;13;0
16,4126;-16,3895;34,9092;47,1033;-0,0000;7,9875;163,6105;255,000;-75,000;30,073;50,000;0,0000;-11,9528;2,8061;0,0000;9,1467;0,0000;0,0000;0,3383;-1,9726;-0,0000;1,6344;0,0000;13;0
16,4188;-16,3895;34,8360;47,1205;-0,0000;8,0435;163,6105;255,000;-75,000;30,379;50,000;0,0000;-11,9507;2,7940;-0,0000;9,1567;0,0000;-0,0000;0,3426;-1,9738;0,0000;1,6312;-0,0000;13;0
16,4249;-16,3895;34,7628;47,1376;-0,0000;8,0996;163,6105;255,000;-75,000;30,686;50,000;0,0000;-11,9486;2,7819;0,0000;9,1667;0,0000;-0,0000;0,3469;-1,9749;0,0000;1,6280;-0,0000;13;0
16,4310;-16,3895;34,6896;47,1546;-0,0000;8,1558;163,6105;255,000;-75,000;30,992;50,000;0,0000;-11,9465;2,7698;0,0000;9,1767;-0,0000;-0,0000;0,3513;-1,9761;0,0000;1,6248;-0,0000;13;0
16,4371;-16,3895;34,6165;47,1715;0,0000;8,2120;163,6105;255,000;-75,000;31,298;50,000;0,0000;-11,9443;2,7577;0,0000;9,1866;-0,0000;0,0000;0,3557;-1,9772;-0,0000;1,6216;0,0000;13;0
16,4433;-16,3895;34,5433;47,1883;0,0000;8,2683;163,6105;255,000;-75,000;31,604;50,000;0,0000;-11,9421;2,7456;0,0000;9,1965;0,0000;0,0000;0,3600;-1,9784;-0,0000;1,6183;0,0000;13;0
16,4494;-16,3895;34,4702;47,2051;0,0000;8,3247;163,6105;255,000;-75,000;31,910;50,000;0,0000;-11,9399;2,7335;-0,0000;9,2064;0,0000;0,0000;0,3644;-1,9795;-0,0000;1,6151;0,0000;13;0
16,4555;-16,3895;34,3971;47,2218;0,0000;8,3811;163,6105;255,000;-75,000;32,217;50,000;0,0000;-11,9377;2,7213;-0,0000;9,2163;0,0000;-0,0000;0,3688;-1,9807;0,0000;1,6118;-0,0000;13;0
16,4616;-16,3895;34,3240;47,2384;-0,0000;8,4376;163,6105;255,000;-75,000;32,523;50,000;0,0000;-11,9354;2,7092;-0,0000;9,2262;0,0000;-0,0000;0,3732;-1,9818;0,0000;1,6086;-0,0000;13;0
16,4678;-16,3895;34,2509;47,2550;-0,0000;8,4941;163,6105;255,000;-75,000;32,829;50,000;0,0000;-11,9331;2,6971;0,0000;9,2360;0,0000;-0,0000;0,3776;-1,9829;0,0000;1,6053;-0,0000;13;0
16,4739;-16,3895;34,1778;47,2715;0,0000;8,5507;163,6105;255,000;-75,000;33,135;50,000;0,0000;-11,9308;2,6849;0,0000;9,2458;-0,0000;-0,0000;0,3820;-1,9840;0,0000;1,6020;-0,0000;13;0
16,4800;-16,3895;34,1048;47,2879;0,0000;8,6073;163,6105;255,000;-75,000;33,441;50,000;0,0000;-11,9284;2,6728;0,0000;9,2556;-0,0000;-0,0000;0,3865;-1,9852;0,0000;1,5987;-0,0000;13;0
16,4861;-16,3895;34,0317;47,3042;0,0000;8,6640;163,6105;255,000;-75,000;33,748;50,000;0,0000;-11,9260;2,6606;0,0000;9,2654;-0,0000;0,0000;0,3909;-1,9863;-0,0000;1,5954;0,0000;13;0
16,4923;-16,3895;33,9587;47,3205;0,0000;8,7208;163,6105;255,000;-75,000;34,054;50,000;0,0000;-11,9236;2,6484;0,0000;9,2752;-0,0000;0,0000;0,3953;-1,9874;-0,0000;1,5921;0,0000;13;0
16,4984;-16,3895;33,8857;47,3367;0,0000;8,7777;163,6105;255,000;-75,000;34,360;50,000;0,0000;-11,9212;2,6363;0,0000;9,2849;0,0000;0,0000;0,3998;-1,9885;-0,0000;1,5887;0,0000;13;0
16,5045;-16,3895;33,8127;47,3528;0,0000;8,8345;163,6105;255,000;-75,000;34,666;50,000;0,0000;-11,9187;2,6241;-0,0000;9,2946;0,0000;-0,0000;0,4043;-1,9896;0,0000;1,5854;-0,0000;13;0
16,5106;-16,3895;33,7397;47,3688;0,0000;8,8915;163,6105;255,000;-75,000;34,972;50,000;0,0000;-11,9162;2,6119;0,0000;9,3043;0,0000;-0,0000;0,4087;-1,9907;0,0000;1,5820;-0,0000;13;0
16,5168;-16,3895;33,6667;47,3848;0,0000;8,9485;163,6105;255,000;-75,000;35,279;50,000;0,0000;-11,9137;2,5997;0,0000;9,3140;-0,0000;-0,0000;0,4132;-1,9918;0,0000;1,5786;-0,0000;13;0
16,5229;-16,3895;33,5938;47,4006;0,0000;9,0056;163,6105;255,000;-75,000;35,585;50,000;0,0000;-11,9112;2,5875;0,0000;9,3237;-0,0000;0,0000;0,4177;-1,9929;-0,0000;1,5753;0,0000;13;0
16,5290;-16,3895;33,5208;47,4164;0,0000;9,0627;163,6105;255,000;-75,000;35,891;50,000;0,0000;-11,9086;2,5753;0,0000;9,3333;0,0000;0,0000;0,4222;-1,9940;-0,0000;1,5719;0,0000;13;0
16,5351;-16,3895;33,4479;47,4322;0,0000;9,1199;163,6105;255,000;-75,000;36,197;50,000;0,0000;-11,9060;2,5631;-0,0000;9,3429;0,0000;0,0000;0,4267;-1,9951;-0,0000;1,5685;-0,0000;13;0
16,5412;-16,3895;33,3750;47,4478;0,0000;9,1771;163,6105;255,000;-75,000;36,503;50,000;0,0000;-11,9034;2,5508;-0,0000;9,3525;0,0000;-0,0000;0,4312;-1,9962;0,0000;1,5650;-0,0000;13;0
16,5474;-16,3895;33,3021;47,4634;0,0000;9,2344;163,6105;255,000;-75,000;36,810;50,000;0,0000;-11,9007;2,5386;0,0000;9,3621;-0,0000;-0,0000;0,4357;-1,9973;0,0000;1,5616;-0,0000;13;0
16,5535;-16,3895;33,2293;47,4789;0,0000;9,2918;163,6105;255,000;-75,000;37,116;50,000;0,0000;-11,8980;2,5264;0,0000;9,3717;0,0000;0,0000;0,4402;-1,9984;-0,0000;1,5582;0,0000;13;0
16,5596;-16,3895;33,1564;47,4944;0,0000;9,3492;163,6105;255,000;-75,000;37,422;50,000;0,0000;-11,8953;2,5141;0,0000;9,3812;0,0000;0,0000;0,4447;-1,9995;-0,0000;1,5547;0,0000;13;0
16,5657;-16,3895;33,0836;47,5097;0,0000;9,4067;163,6105;255,000;-75,000;37,728;50,000;0,0000;-11,8926;2,5019;-0,0000;9,3907;0,0000;0,0000;0,4493;-2,0005;-0,0000;1,5513;0,0000;13;0
16,5719;-16,3895;33,0107;47,5250;0,0000;9,4643;163,6105;255,000;-75,000;38,034;50,000;0,0000;-11,8898;2,4896;-0,0000;9,4002;0,0000;0,0000;0,4538;-2,0016;-0,0000;1,5478;0,0000;13;0
16,5780;-16,3895;32,9379;47,5402;-0,0000;9,5218;163,6105;255,000;-75,000;38,341;50,000;0,0000;-11,8870;2,4774;-0,0000;9,4097;0,0000;-0,0000;0,4584;-2,0027;0,0000;1,5443;-0,0000;13;0
16,5841;-16,3895;32,8651;47,5554;-0,0000;9,5795;163,6105;255,000;-75,000;38,647;50,000;0,0000;-11,8842;2,4651;0,0000;9,4191;0,0000;-0,0000;0,4629;-2,0037;0,0000;1,5408;-0,0000;13;0
16,5902;-16,3895;32,7924;47,5704;0,0000;9,6372;163,6105;255,000;-75,000;38,953;50,000;0,0000;-11,8814;2,4528;0,0000;9,4285;0,0000;0,0000;0,4675;-2,0048;-0,0000;1,5373;0,0000;13;0
16,5964;-16,3895;32,7196;47,5854;0,0000;9,6950;163,6105;255,000;-75,000;39,259;50,000;0,0000;-11,8785;2,4406;-0,0000;9,4379;0,0000;0,0000;0,4721;-2,0059;-0,0000;1,5338;0,0000;13;0
16,6025;-16,3895;32,6469;47,6003;0,0000;9,7528;163,6105;255,000;-75,000;39,565;50,000;0,0000;-11,8756;2,4283;-0,0000;9,4473;0,0000;-0,0000;0,4767;-2,0069;0,0000;1,5302;-0,0000;13;0
16,6086;-16,3895;32,5742;47,6151;0,0000;9,8107;163,6105;255,000;-75,000;39,872;50,000;0,0000;-11,8726;2,4160;0,0000;9,4567;0,0000;0,0000;0,4813;-2,0079;-0,0000;1,5267;0,0000;13;0
16,6147;-16,3895;32,5015;47,6299;0,0000;9,8686;163,6105;255,000;-75,000;40,178;50,000;0,0000;-11,8697;2,4037;-0,0000;9,4660;0,0000;0,0000;0,4859;-2,0090;-0,0000;1,5231;-0,0000;13;0
16,6209;-16,3895;32,4288;47,6446;0,0000;9,9266;163,6105;255,000;-75,000;40,484;50,000;0,0000;-11,8667;2,3914;0,0000;9,4753;0,0000;-0,0000;0,4905;-2,0100;0,0000;1,5196;-0,0000;13;0
16,6270;-16,3895;32,3561;47,6592;0,0000;9,9847;163,6105;255,000;-75,000;40,790;50,000;0,0000;-11,8637;2,3791;0,0000;9,4846;0,0000;0,0000;0,4951;-2,0111;-0,0000;1,5160;0,0000;13;0
16,6331;-16,3895;32,2835;47,6737;0,0000;10,0428;163,6105;255,000;-75,000;41,097;50,000;0,0000;-11,8606;2,3667;-0,0000;9,4939;0,0000;0,0000;0,4997;-2,0121;-0,0000;1,5124;0,0000;13;0
16,6392;-16,3895;32,2108;47,6882;0,0000;10,1010;163,6105;255,000;-75,000;41,403;50,000;0,0000;-11,8576;2,3544;-0,0000;9,5031;0,0000;0,0000;0,5043;-2,0131;-0,0000;1,5088;-0,0000;13;0
16,6454;-16,3895;32,1382;47,7026;0,0000;10,1592;163,6105;255,000;-75,000;41,709;50,000;0,0000;-11,8544;2,3421;-0,0000;9,5124;0,0000;-0,0000;0,5090;-2,0142;0,0000;1,5052;-0,0000;13;0
16,6515;-16,3895;32,0656;47,7169;0,0000;10,2175;163,6105;255,000;-75,000;42,015;50,000;0,0000;-11,8513;2,3297;0,0000;9,5216;-0,0000;-0,0000;0,5136;-2,0152;0,0000;1,5016;-0,0000;13;0
16,6576;-16,3895;31,9931;47,7311;0,0000;10,2758;163,6105;255,000;-75,000;42,321;50,000;0,0000;-11,8482;2,3174;0,0000;9,5308;0,0000;0,0000;0,5183;-2,0162;-0,0000;1,4979;0,0000;13;0
16,6637;-16,3895;31,9205;47,7452;0,0000;10,3342;163,6105;255,000;-75,000;42,628;50,000;0,0000;-11,8450;2,3050;0,0000;9,5399;0,0000;0,0000;0,5229;-2,0172;-0,0000;1,4943;0,0000;13;0
16,6699;-16,3895;31,8480;47,7593;0,0000;10,3927;163,6105;255,000;-75,000;42,934;50,000;0,0000;-11,8418;2,2927;-0,0000;9,5491;0,0000;0,0000;0,5276;-2,0182;-0,0000;1,4906;0,0000;13;0
16,6760;-16,3895;31,7755;47,7733;-0,0000;10,4512;163,6105;255,000;-75,000;43,240;50,000;0,0000;-11,8385;2,2803;-0,0000;9,5582;0,0000;-0,0000;1,1934;-2,1453;0,0000;0,9518;-0,0000;13;0
16,6821;-16,3895;31,7030;47,7873;0,0000;10,5097;163,6105;255,000;-75,000;43,546;50,000;0,0000;-11,8271;2,2664;0,0000;9,5607;0,0000;-0,0000;11,0667;-4,0172;0,0000;-7,0495;-0,0000;13;0
16,6882;-16,3895;31,6306;47,8011;0,0000;10,5683;163,6105;255,000;-75,000;43,852;49,932;0,0000;-11,7030;2,2311;-0,0000;9,4718;0,0000;0,0000;31,4375;-7,8481;-0,0000;-23,5894;0,0000;13;0
16,6944;-16,3895;31,5597;47,8146;-0,0000;10,6258;163,6105;255,000;-75,000;44,152;48,978;0,0000;-11,4421;2,1703;-0,0000;9,2718;0,0000;-0,0000;45,2036;-10,3647;0,0000;-34,8389;-0,0000;13;0
16,7005;-16,3895;31,4905;47,8277;0,0000;10,6818;163,6105;255,000;-75,000;44,444;47,753;0,0000;-11,1493;2,1042;0,0000;9,0451;0,0000;-0,0000;47,7915;-10,7261;0,0000;-37,0654;-0,0000;13;0
16,7066;-16,3895;31,4231;47,8404;-0,0000;10,7365;163,6105;255,000;-75,000;44,729;46,528;0,0000;-10,8567;2,0389;-0,0000;8,8178;0,0000;-0,0000;47,7575;-10,5885;0,0000;-37,1690;-0,0000;13;0
16,7127;-16,3895;31,3575;47,8526;0,0000;10,7899;163,6105;255,000;-75,000;45,007;45,304;0,0000;-10,5643;1,9745;0,0000;8,5899;-0,0000;-0,0000;47,7239;-10,4544;0,0000;-37,2695;-0,0000;13;0
16,7188;-16,3895;31,2937;47,8645;0,0000;10,8418;163,6105;255,000;-75,000;45,277;44,079;0,0000;-10,2722;1,9109;0,0000;8,3613;-0,0000;0,0000;47,6908;-10,3239;-0,0000;-37,3669;0,0000;13;0
16,7250;-16,3895;31,2317;47,8760;0,0000;10,8923;163,6105;255,000;-75,000;45,539;42,854;0,0000;-9,9802;1,8480;0,0000;8,1322;0,0000;-0,0000;47,6581;-10,1969;-0,0000;-37,4613;0,0000;13;0
16,7311;-16,3895;31,1715;47,8872;0,0000;10,9414;163,6105;255,000;-75,000;45,794;41,629;0,0000;-9,6885;1,7860;0,0000;7,9025;0,0000;-0,0000;47,6260;-10,0734;-0,0000;-37,5526;0,0000;13;0
16,7372;-16,3895;31,1130;47,8979;0,0000;10,9891;163,6105;255,000;-75,000;46,042;40,404;0,0000;-9,3969;1,7246;-0,0000;7,6722;0,0000;-0,0000;47,5945;-9,9535;-0,0000;-37,6410;0,0000;13;0
16,7433;-16,3895;31,0564;47,9083;0,0000;11,0353;163,6105;255,000;-75,000;46,281;39,180;0,0000;-9,1055;1,6641;-0,0000;7,4415;0,0000;-0,0000;47,5635;-9,8371;0,0000;-37,7264;0,0000;13;0
16,7495;-16,3895;31,0015;47,9183;0,0000;11,0802;163,6105;255,000;-75,000;46,514;37,955;0,0000;-8,8143;1,6042;-0,0000;7,2102;0,0000;-0,0000;47,5332;-9,7243;0,0000;-37,8089;-0,0000;13;0
16,7556;-16,3895;30,9484;47,9279;0,0000;11,1236;163,6105;255,000;-75,000;46,739;36,730;0,0000;-8,5233;1,5449;0,0000;6,9784;0,0000;-0,0000;47,5036;-9,6151;0,0000;-37,8884;-0,0000;13;0
16,7617;-16,3895;30,8971;47,9372;0,0000;11,1657;163,6105;255,000;-75,000;46,956;35,505;0,0000;-8,2325;1,4864;0,0000;6,7461;-0,0000;-0,0000;47,4746;-9,5095;0,0000;-37,9651;0,0000;13;0
16,7678;-16,3895;30,8476;47,9462;0,0000;11,2063;163,6105;255,000;-75,000;47,166;34,280;0,0000;-7,9418;1,4285;0,0000;6,5134;0,0000;-0,0000;47,4464;-9,4075;-0,0000;-38,0389;0,0000;13;0
16,7740;-16,3895;30,7998;47,9547;0,0000;11,2455;163,6105;255,000;-75,000;47,369;33,055;0,0000;-7,6513;1,3712;0,0000;6,2802;0,0000;-0,0000;47,4189;-9,3090;0,0000;-38,1099;-0,0000;13;0
16,7801;-16,3895;30,7539;47,9629;0,0000;11,2832;163,6105;255,000;-75,000;47,564;31,831;0,0000;-7,3610;1,3145;0,0000;6,0466;-0,0000;-0,0000;47,3922;-9,2142;-0,0000;-38,1780;0,0000;13;0
16,7862;-16,3895;30,7097;47,9708;0,0000;11,3195;163,6105;255,000;-75,000;47,751;30,606;0,0000;-7,0709;1,2583;0,0000;5,8126;0,0000;0,0000;47,3663;-9,1229;-0,0000;-38,2434;0,0000;13;0
16,7923;-16,3895;30,6673;47,9784;0,0000;11,3544;163,6105;255,000;-75,000;47,931;29,381;0,0000;-6,7809;1,2027;-0,0000;5,5782;0,0000;-0,0000;47,3412;-9,0353;-0,0000;-38,3059;0,0000;13;0
16,7985;-16,3895;30,6266;47,9856;0,0000;11,3878;163,6105;255,000;-75,000;48,103;28,156;0,0000;-6,4910;1,1476;-0,0000;5,3434;0,0000;-0,0000;47,3170;-8,9513;0,0000;-38,3657;-0,0000;13;0
16,8046;-16,3895;30,5877;47,9924;0,0000;11,4198;163,6105;255,000;-75,000;48,268;26,931;0,0000;-6,2013;1,0931;0,0000;5,1083;0,0000;-0,0000;47,2937;-8,8709;0,0000;-38,4228;-0,0000;13;0
16,8107;-16,3895;30,5507;47,9989;0,0000;11,4504;163,6105;255,000;-75,000;48,426;25,706;0,0000;-5,9118;1,0390;0,0000;4,8728;0,0000;-0,0000;47,2712;-8,7941;-0,0000;-38,4771;0,0000;13;0
16,8168;-16,3895;30,5153;48,0051;0,0000;11,4795;163,6105;255,000;-75,000;48,576;24,482;0,0000;-5,6223;0,9854;-0,0000;4,6370;0,0000;-0,0000;47,2497;-8,7210;0,0000;-38,5288;-0,0000;13;0
16,8230;-16,3895;30,4818;48,0110;0,0000;11,5072;163,6105;255,000;-75,000;48,718;23,257;0,0000;-5,3330;0,9322;0,0000;4,4009;-0,0000;-0,0000;47,2292;-8,6514;0,0000;-38,5777;-0,0000;13;0
16,8291;-16,3895;30,4500;48,0166;0,0000;11,5334;163,6105;255,000;-75,000;48,853;22,032;0,0000;-5,0439;0,8794;0,0000;4,1645;-0,0000;-0,0000;47,2096;-8,5856;-0,0000;-38,6240;0,0000;13;0
16,8352;-16,3895;30,4200;48,0218;0,0000;11,5582;163,6105;255,000;-75,000;48,980;20,807;0,0000;-4,7548;0,8270;0,0000;3,9278;-0,0000;-0,0000;47,1910;-8,5233;-0,0000;-38,6676;0,0000;13;0
16,8413;-16,3895;30,3918;48,0267;0,0000;11,5815;163,6105;255,000;-75,000;49,100;19,582;0,0000;-4,4659;0,7750;0,0000;3,6909;0,0000;-0,0000;47,1734;-8,4648;-0,0000;-38,7086;0,0000;13;0
16,8475;-16,3895;30,3653;48,0313;0,0000;11,6034;163,6105;255,000;-75,000;49,213;18,358;0,0000;-4,1770;0,7233;-0,0000;3,4537;0,0000;-0,0000;47,1568;-8,4098;-0,0000;-38,7469;0,0000;13;0
16,8536;-16,3895;30,3406;48,0355;0,0000;11,6238;163,6105;255,000;-75,000;49,318;17,133;0,0000;-3,8883;0,6720;-0,0000;3,2163;0,0000;-0,0000;47,1412;-8,3585;0,0000;-38,7827;-0,0000;13;0
16,8597;-16,3895;30,3177;48,0395;0,0000;11,6428;163,6105;255,000;-75,000;49,415;15,908;0,0000;-3,5996;0,6210;0,0000;2,9787;0,0000;0,0000;47,1267;-8,3109;-0,0000;-38,8158;0,0000;13;0
16,8658;-16,3895;30,2965;48,0432;0,0000;11,6603;163,6105;255,000;-75,000;49,505;14,683;0,0000;-3,3111;0,5702;-0,0000;2,7408;0,0000;0,0000;47,1133;-8,2670;-0,0000;-38,8463;0,0000;13;0
16,8720;-16,3895;30,2771;48,0465;0,0000;11,6764;163,6105;255,000;-75,000;49,587;13,458;0,0000;-3,0226;0,5197;-0,0000;2,5029;0,0000;-0,0000;47,1009;-8,2266;0,0000;-38,8743;-0,0000;13;0
16,8781;-16,3895;30,2595;48,0495;0,0000;11,6910;163,6105;255,000;-75,000;49,662;12,233;0,0000;-2,7341;0,4694;-0,0000;2,2647;0,0000;-0,0000;47,0897;-8,1900;0,0000;-38,8997;-0,0000;13;0
16,8842;-16,3895;30,2436;48,0522;-0,0000;11,7041;163,6105;255,000;-75,000;49,730;11,009;0,0000;-2,4458;0,4194;-0,0000;2,0264;0,0000;-0,0000;47,0795;-8,1570;-0,0000;-38,9225;0,0000;13;0
16,8903;-16,3895;30,2296;48,0547;-0,0000;11,7158;163,6105;255,000;-75,000;49,790;9,784;0,0000;-2,1575;0,3695;-0,0000;1,7880;0,0000;-0,0000;47,0704;-8,1277;0,0000;-38,9427;-0,0000;13;0
16,8964;-16,3895;30,2172;48,0568;-0,0000;11,7260;163,6105;255,000;-75,000;49,842;8,559;0,0000;-1,8693;0,3198;0,0000;1,5494;0,0000;-0,0000;47,0625;-8,1020;0,0000;-38,9605;-0,0000;13;0
16,9026;-16,3895;30,2067;48,0586;-0,0000;11,7348;163,6105;255,000;-75,000;49,887;7,334;0,0000;-1,5811;0,2703;0,0000;1,3108;-0,0000;-0,0000;47,0556;-8,0800;0,0000;-38,9756;0,0000;13;0
16,9087;-16,3895;30,1979;48,0601;-0,0000;11,7421;163,6105;255,000;-75,000;49,924;6,109;0,0000;-1,2929;0,2209;0,0000;1,0720;0,0000;-0,0000;47,0500;-8,0617;-0,0000;-38,9882;0,0000;13;0
16,9148;-16,3895;30,1908;48,0613;-0,0000;11,7479;163,6105;255,000;-75,000;49,954;4,884;0,0000;-1,0048;0,1716;-0,0000;0,8332;0,0000;-0,0000;47,0454;-8,0471;-0,0000;-38,9983;-0,0000;13;0
16,9209;-16,3895;30,1856;48,0622;-0,0000;11,7523;163,6105;255,000;-75,000;49,977;3,660;0,0000;-0,7167;0,1223;0,0000;0,5944;0,0000;-0,0000;47,0420;-8,0361;-0,0000;-39,0059;-0,0000;13;0
16,9271;-16,3895;30,1820;48,0628;-0,0000;11,7552;163,6105;255,000;-75,000;49,992;2,435;0,0000;-0,4286;0,0731;-0,0000;0,3555;0,0000;1,5764;43,9257;-9,4722;-0,0000;-34,4535;1,5764;13;0
16,9332;-16,3895;30,1803;48,0631;-0,0000;11,7566;163,6105;255,000;-75,000;49,999;1,210;0,0193;-0,1787;0,0063;-0,0000;0,1724;0,0193;13,7430;19,8902;-20,6091;-0,0000;0,7188;13,7430;13;0
16,9393;-16,3893;30,1799;48,0629;-0,0000;11,7573;163,6107;255,002;-74,999;50,002;0,514;0,1683;-0,1850;-0,1793;-0,0000;0,3643;0,1683;34,7779;-21,6628;-39,8689;0,0000;61,5318;34,7779;14;0
16,9454;-16,3875;30,1780;48,0609;-0,0000;11,7611;163,6125;255,015;-74,994;50,015;3,119;0,4453;-0,4440;-0,4820;0,0000;0,9260;0,4453;46,6531;-45,1213;-50,7426;0,0000;95,8640;46,6531;14;0
16,9516;-16,3839;30,1744;48,0570;0,0000;11,7686;163,6161;255,041;-74,985;50,040;6,202;0,7397;-0,7376;-0,8008;0,0000;1,5385;0,7397;48,0837;-47,9474;-52,0526;0,0000;100,0000;48,0837;14;0
16,9577;-16,3784;30,1690;48,0511;0,0000;11,7799;163,6216;255,080;-74,970;50,079;9,284;1,0342;-1,0313;-1,1196;0,0000;2,1509;1,0342;48,0837;-47,9474;-52,0526;0,0000;100,0000;48,0837;14;0
16,9638;-16,3712;30,1618;48,0432;0,0000;11,7950;163,6288;255,132;-74,950;50,130;12,368;1,3287;-1,3249;-1,4384;0,0000;2,7633;1,3287;48,0837;-47,9474;-52,0526;0,0000;100,0000;48,0837;14;0
16,9699;-16,3621;30,1528;48,0335;0,0000;11,8138;163,6379;255,197;-74,926;50,194;15,452;1,6232;-1,6186;-1,7571;0,0000;3,3757;1,6232;48,0837;-47,9474;-52,0526;0,0000;100,0000;48,0837;14;0
16,9761;-16,3513;30,1420;48,0217;0,0000;11,8363;163,6487;255,276;-74,896;50,271;18,537;1,9176;-1,9122;-2,0759;0,0000;3,9881;1,9176;48,0837;-47,9474;-52,0526;0,0000;100,0000;48,0837;14;0
16,9822;-16,3387;30,1294;48,0080;0,0000;11,8626;163,6613;255,367;-74,861;50,361;21,623;2,2121;-2,2058;-2,3947;0,0000;4,6005;2,2121;48,0837;-47,9474;-52,0526;0,0000;100,0000;48,0837;14;0
16,9883;-16,3242;30,1149;47,9924;0,0000;11,8927;163,6758;255,471;-74,822;50,463;24,711;2,5066;-2,4995;-2,7135;0,0000;5,2129;2,5066;48,0837;-47,9474;-52,0526;0,0000;100,0000;48,0837;14;0
16,9944;-16,3080;30,0987;47,9748;0,0000;11,9265;163,6920;255,588;-74,778;50,579;27,800;2,8010;-2,7931;-3,0322;0,0000;5,8253;2,8010;48,0837;-47,9474;-52,0526;0,0000;100,0000;48,0837;14;0
17,0006;-16,2899;30,0807;47,9552;0,0000;11,9640;163,7101;255,717;-74,728;50,707;30,891;3,0955;-3,0867;-3,3510;0,0000;6,4378;3,0955;48,0837;-47,9474;-52,0526;0,0000;100,0000;48,0837;14;0
17,0067;-16,2700;30,0609;47,9337;0,0000;12,0053;163,7300;255,860;-74,674;50,849;33,984;3,3900;-3,3804;-3,6698;0,0000;7,0502;3,3900;48,0837;-47,9474;-52,0526;0,0000;100,0000;48,0837;14;0
17,0128;-16,2484;30,0393;47,9103;0,0000;12,0504;163,7516;256,016;-74,614;51,003;37,080;3,6845;-3,6740;-3,9886;0,0000;7,6626;3,6845;48,0837;-47,9474;-52,0526;0,0000;100,0000;48,0837;14;0
17,0189;-16,2249;30,0159;47,8849;0,0000;12,0992;163,7751;256,184;-74,549;51,170;40,177;3,9789;-3,9676;-4,3073;0,0000;8,2750;3,9789;48,0837;-47,9474;-52,0526;0,0000;100,0000;48,0837;14;0
17,0251;-16,1996;29,9907;47,8575;0,0000;12,1517;163,8004;256,365;-74,479;51,351;43,278;4,2734;-4,2613;-4,6261;0,0000;8,8874;4,2734;48,0837;-47,9474;-52,0526;0,0000;100,0000;48,0837;14;0
17,0312;-16,1726;29,9637;47,8282;0,0000;12,2080;163,8274;256,559;-74,404;51,544;46,381;4,5679;-4,5549;-4,9449;0,0000;9,4998;4,5679;48,0837;-47,9474;-52,0526;0,0000;100,0000;48,0837;14;0
17,0373;-16,1437;29,9349;47,7970;0,0000;12,2681;163,8563;256,766;-74,324;51,750;49,487;4,8623;-4,8486;-5,2637;0,0000;10,1122;4,8623;48,0837;-47,9474;-52,0526;0,0000;100,0000;48,0837;14;0
17,0434;-16,1130;29,9043;47,7638;0,0000;12,3319;163,8870;256,986;-74,238;51,970;52,596;5,1568;-5,1422;-5,5824;0,0000;10,7246;5,1568;48,0837;-47,9474;-52,0526;0,0000;100,0000;48,0837;14;0
17,0496;-16,0805;29,8720;47,7286;0,0000;12,3994;163,9195;257,218;-74,147;52,203;55,709;5,4513;-5,4358;-5,9012;0,0000;11,3370;5,4513;48,0837;-47,9474;-52,0526;0,0000;100,0000;48,0837;14;0
17,0557;-16,0462;29,8378;47,6915;0,0000;12,4707;163,9538;257,462;-74,051;52,449;58,825;5,7457;-5,7295;-6,2200;0,0000;11,9495;5,7457;48,0837;-47,9474;-52,0526;0,0000;100,0000;48,0837;14;0
17,0618;-16,0102;29,8018;47,6524;0,0000;12,5458;163,9898;257,720;-73,949;52,709;61,945;6,0402;-6,0231;-6,5388;0,0000;12,5619;6,0402;48,0837;-47,9474;-52,0526;0,0000;100,0000;48,0837;14;0
17,0679;-15,9723;29,7640;47,6114;0,0000;12,6246;164,0277;257,990;-73,842;52,982;65,070;6,3347;-6,3167;-6,8576;0,0000;13,1743;6,3347;48,0837;-47,9474;-52,0526;0,0000;100,0000;48,0837;14;0
17,0740;-15,9326;29,7244;47,5684;0,0000;12,7072;164,0674;258,272;-73,729;53,268;68,198;6,6292;-6,6104;-7,1763;0,0000;13,7867;6,6292;48,0837;-47,9474;-52,0526;0,0000;100,0000;48,0837;14;0
17,0802;-15,8911;29,6830;47,5235;0,0000;12,7935;164,1089;258,567;-73,611;53,568;71,331;6,9236;-6,9040;-7,4951;0,0000;14,3991;6,9236;48,0837;-47,9474;-52,0526;0,0000;100,0000;48,0837;14;0
17,0863;-15,8478;29,6399;47,4766;0,0000;12,8835;164,1522;258,874;-73,487;53,881;74,468;7,2181;-7,1976;-7,8139;0,0000;15,0115;7,2181;48,0837;-47,9474;-52,0526;0,0000;100,0000;48,0837;14;0
17,0924;-15,8027;29,5949;47,4278;0,0000;12,9773;164,1973;259,193;-73,357;54,209;77,610;7,5126;-7,4913;-8,1327;0,0000;15,6239;7,5126;48,0837;-47,9474;-52,0526;0,0000;100,0000;48,0837;14;0
17,0985;-15,7558;29,5481;47,3770;0,0000;13,0749;164,2442;259,525;-73,222;54,549;80,757;7,8070;-7,7849;-8,4514;0,0000;16,2363;7,8070;48,0837;-47,9474;-52,0526;0,0000;100,0000;48,0837;14;0
17,1047;-15,7070;29,4995;47,3243;0,0000;13,1762;164,2930;259,869;-73,080;54,904;83,909;8,1015;-8,0785;-8,7702;0,0000;16,8488;8,1015;48,0837;-47,9474;-52,0526;0,0000;100,0000;48,0837;14;0
17,1108;-15,6565;29,4491;47,2696;0,0000;13,2813;164,3435;260,225;-72,933;55,272;87,066;8,3960;-8,3722;-9,0890;0,0000;17,4612;8,3960;48,0837;-47,9474;-52,0526;0,0000;100,0000;48,0837;14;0
17,1169;-15,6042;29,3970;47,2130;0,0000;13,3901;164,3958;260,593;-72,780;55,655;90,229;8,6905;-8,6658;-9,4078;0,0000;18,0736;8,6905;48,0837;-47,9474;-52,0526;0,0000;100,0000;48,0837;14;0
17,1230;-15,5501;29,3430;47,1544;0,0000;13,5026;164,4499;260,974;-72,620;56,051;93,398;8,9849;-8,9595;-9,7265;0,0000;18,6860;8,9849;48,0837;-47,9474;-52,0526;0,0000;100,0000;48,0837;14;0
17,1292;-15,4942;29,2872;47,0938;0,0000;13,6189;164,5058;261,366;-72,454;56,462;96,573;9,2794;-9,2531;-10,0453;0,0000;19,2984;9,2794;48,0837;-47,9474;-52,0526;0,0000;100,0000;48,0837;14;0
17,1353;-15,4364;29,2297;47,0313;0,0000;13,7390;164,5636;261,770;-72,282;56,887;99,754;9,5739;-9,5467;-10,3641;0,0000;19,9108;9,5739;48,0837;-47,9474;-52,0526;0,0000;100,0000;48,0837;14;0
17,1414;-15,3769;29,1703;46,9669;0,0000;13,8628;164,6231;262,186;-72,104;57,326;102,941;9,8683;-9,8404;-10,6829;0,0000;20,5232;9,8683;48,0837;-47,9474;-52,0526;0,0000;100,0000;48,0837;14;0
17,1475;-15,3156;29,1091;46,9005;0,0000;13,9904;164,6844;262,613;-71,919;57,779;106,135;10,1628;-10,1340;-11,0016;0,0000;21,1356;10,1628;48,0837;-47,9474;-52,0526;0,0000;100,0000;48,0837;14;0
17,1537;-15,2524;29,0462;46,8321;0,0000;14,1217;164,7476;263,052;-71,728;58,247;109,335;10,4573;-10,4276;-11,3204;0,0000;21,7481;10,4573;48,0837;-47,9474;-52,0526;0,0000;100,0000;48,0837;14;0
17,1598;-15,1875;28,9814;46,7618;0,0000;14,2568;164,8125;263,503;-71,530;58,729;112,543;10,7517;-10,7213;-11,6392;0,0000;22,3605;10,7517;48,0837;-47,9474;-52,0526;0,0000;100,0000;48,0837;14;0
17,1659;-15,1207;28,9149;46,6896;0,0000;14,3956;164,8793;263,965;-71,326;59,227;115,757;11,0462;-11,0149;-11,9580;0,0000;22,9729;11,0462;48,0837;-47,9474;-52,0526;0,0000;100,0000;48,0837;14;0
17,1720;-15,0522;28,8465;46,6154;0,0000;14,5381;164,9478;264,438;-71,114;59,739;118,979;11,3407;-11,3085;-12,2767;0,0000;23,5853;11,3407;48,0837;-47,9474;-52,0526;0,0000;100,0000;48,0837;14;0
17,1782;-14,9818;28,7764;46,5392;0,0000;14,6844;165,0182;264,923;-70,896;60,265;122,208;11,6352;-11,6022;-12,5955;0,0000;24,1977;11,6352;48,0837;-47,9474;-52,0526;0,0000;100,0000;48,0837;14;0
17,1843;-14,9097;28,7044;46,4611;0,0000;14,8345;165,0903;265,419;-70,670;60,807;125,445;11,9296;-11,8958;-12,9143;0,0000;24,8101;11,9296;48,0837;-47,9474;-52,0526;0,0000;100,0000;48,0837;14;0
17,1904;-14,8357;28,6307;46,3810;0,0000;14,9883;165,1643;265,925;-70,438;61,364;128,689;12,2241;-12,1895;-13,2331;0,0000;25,4225;12,2241;48,0837;-47,9474;-52,0526;0,0000;100,0000;48,0837;14;0
17,1965;-14,7599;28,5551;46,2990;0,0000;15,1459;165,2401;266,443;-70,198;61,936;131,942;12,5186;-12,4831;-13,5518;0,0000;26,0349;12,5186;48,0837;-47,9474;-52,0526;0,0000;100,0000;48,0837;14;0
17,2027;-14,6824;28,4778;46,2150;0,0000;15,3072;165,3176;266,972;-69,951;62,524;135,203;12,8130;-12,7767;-13,8706;0,0000;26,6473;12,8130;48,0837;-47,9474;-52,0526;0,0000;100,0000;48,0837;14;0
17,2088;-14,6030;28,3986;46,1291;0,0000;15,4723;165,3970;267,511;-69,696;63,127;138,472;13,1075;-13,0704;-14,1894;0,0000;27,2598;13,1075;48,0837;-47,9474;-52,0526;0,0000;100,0000;48,0837;14;0
17,2149;-14,5218;28,3177;46,0412;0,0000;15,6411;165,4782;268,061;-69,434;63,745;141,750;13,4020;-13,3640;-14,5082;0,0000;27,8722;13,4020;48,0837;-47,9474;-52,0526;0,0000;100,0000;48,0837;14;0
17,2210;-14,4389;28,2349;45,9514;0,0000;15,8137;165,5611;268,621;-69,164;64,380;145,036;13,6965;-13,6576;-14,8270;0,0000;28,4846;13,6965;48,0837;-47,9474;-52,0526;0,0000;100,0000;48,0837;14;0
17,2272;-14,3541;28,1504;45,8596;0,0000;15,9900;165,6459;269,192;-68,887;65,030;148,332;13,9909;-13,9513;-15,1457;0,0000;29,0970;13,9909;46,4240;-46,2924;-50,2558;0,0000;96,5482;46,4240;14;0
17,2333;-14,2675;28,0641;45,7659;0,0000;16,1700;165,7325;269,772;-68,601;65,696;151,636;14,2651;-14,2246;-15,4425;0,0000;29,6671;14,2651;34,0965;-33,9999;-36,9109;0,0000;70,9108;34,0965;14;0
17,2394;-14,1793;27,9762;45,6705;0,0000;16,3533;165,8207;270,362;-68,308;66,376;154,513;14,4085;-14,3677;-15,5978;0,0000;29,9655;14,4085;13,0677;-13,0307;-14,1463;0,0000;27,1770;13,0677;14;0
17,2455;-14,0910;27,8881;45,5749;0,0000;16,5371;165,9090;270,950;-68,013;67,060;155,026;14,4251;-14,3842;-15,6158;0,0000;30,0000;14,4251;1,3533;-1,3494;-1,4650;0,0000;2,8144;1,3533;14;0
17,2516;-14,0027;27,8000;45,4792;0,0000;16,7208;165,9973;271,536;-67,715;67,746;155,182;14,4251;-14,3842;-15,6158;0,0000;30,0000;14,4251;0,0000;0,0000;0,0000;0,0000;0,0000;-0,0000;14;0
17,2578;-13,9143;27,7119;45,3836;0,0000;16,9045;166,0857;272,121;-67,415;68,434;155,339;14,4251;-14,3842;-15,6158;0,0000;30,0000;14,4251;0,0000;0,0000;0,0000;0,0000;0,0000;0,0000;14;0
17,2639;-13,8260;27,6238;45,2880;0,0000;17,0882;166,1740;272,703;-67,113;69,124;155,495;14,4251;-14,3842;-15,6158;0,0000;30,0000;14,4251;0,0000;-0,0000;-0,0000;-0,0000;-0,0000;0,0000;14;0
17,2700;-13,7376;27,5357;45,1923;0,0000;17,2720;166,2624;273,283;-66,809;69,817;155,651;14,4251;-14,3842;-15,6158;0,0000;30,0000;14,4251;0,0000;-0,0000;0,0000;-0,0000;0,0000;0,0000;14;0
17,2761;-13,6493;27,4476;45,0967;0,0000;17,4557;166,3507;273,861;-66,503;70,512;155,807;14,4251;-14,3842;-15,6158;0,0000;30,0000;14,4251;-0,0000;0,0000;0,0000;0,0000;0,0000;-0,0000;14;0
17,2823;-13,5610;27,3595;45,0011;0,0000;17,6394;166,4390;274,437;-66,195;71,209;155,963;14,4251;-14,3842;-15,6158;0,0000;30,0000;14,4251;0,0000;0,0000;-0,0000;0,0000;-0,0000;-0,0000;14;0
17,2884;-13,4726;27,2714;44,9054;0,0000;17,8231;166,5274;275,010;-65,885;71,908;156,119;14,4251;-14,3842;-15,6158;0,0000;30,0000;14,4251;0,0000;0,0000;-0,0000;-0,0000;0,0000;0,0000;14;0
17,2945;-13,3843;27,1833;44,8098;0,0000;18,0069;166,6157;275,582;-65,573;72,610;156,274;14,4251;-14,3842;-15,6158;0,0000;30,0000;14,4251;0,0000;0,0000;0,0000;0,0000;0,0000;0,0000;14;0
17,3006;-13,2959;27,0953;44,7142;0,0000;18,1906;166,7041;276,151;-65,259;73,313;156,429;14,4251;-14,3842;-15,6158;0,0000;30,0000;14,4251;0,0000;-0,0000;0,0000;-0,0000;0,0000;0,0000;14;0
17,3068;-13,2076;27,0072;44,6185;0,0000;18,3743;166,7924;276,718;-64,942;74,019;156,584;14,4251;-14,3842;-15,6158;0,0000;30,0000;14,4251;0,0000;0,0000;0,0000;0,0000;0,0000;0,0000;14;0
17,3129;-13,1193;26,9191;44,5229;0,0000;18,5580;166,8807;277,283;-64,624;74,727;156,739;14,4251;-14,3842;-15,6158;0,0000;30,0000;14,4251;0,0000;0,0000;0,0000;0,0000;0,0000;-0,0000;14;0
17,3190;-13,0309;26,8310;44,4273;0,0000;18,7418;166,9691;277,845;-64,304;75,437;156,894;14,4251;-14,3842;-15,6158;0,0000;30,0000;14,4251;0,0000;0,0000;-0,0000;-0,0000;0,0000;0,0000;14;0
17,3251;-12,9426;26,7429;44,3316;0,0000;18,9255;167,0574;278,405;-63,981;76,149;157,048;14,4251;-14,3842;-15,6158;0,0000;30,0000;14,4251;0,0000;0,0000;-0,0000;0,0000;0,0000;0,0000;14;0
17,3313;-12,8542;26,6548;44,2360;0,0000;19,1092;167,1458;278,963;-63,657;76,863;157,203;14,4251;-14,3842;-15,6158;0,0000;30,0000;14,4251;-0,0000;-0,0000;-0,0000;0,0000;0,0000;-0,0000;14;0
17,3374;-12,7659;26,5667;44,1404;0,0000;19,2929;167,2341;279,519;-63,330;77,579;157,357;14,4251;-14,3842;-15,6158;0,0000;30,0000;14,4251;0,0000;0,0000;0,0000;-0,0000;0,0000;0,0000;14;0
17,3435;-12,6775;26,4786;44,0447;0,0000;19,4766;167,3225;280,073;-63,002;78,298;157,511;14,4251;-14,3842;-15,6158;0,0000;30,0000;14,4251;0,0000;0,0000;0,0000;0,0000;0,0000;0,0000;14;0
17,3496;-12,5892;26,3905;43,9491;0,0000;19,6604;167,4108;280,624;-62,671;79,019;157,665;14,4251;-14,3842;-15,6158;0,0000;30,0000;14,4251;-0,0000;0,0000;0,0000;0,0000;0,0000;0,0000;14;0
17,3558;-12,5009;26,3024;43,8535;0,0000;19,8441;167,4991;281,173;-62,339;79,741;157,818;14,4251;-14,3842;-15,6158;0,0000;30,0000;14,4251;0,0000;0,0000;-0,0000;0,0000;0,0000;0,0000;14;0
17,3619;-12,4125;26,2143;43,7578;0,0000;20,0278;167,5875;281,719;-62,005;80,466;157,972;14,4251;-14,3842;-15,6158;0,0000;30,0000;14,4251;0,0000;-0,0000;-0,0000;-0,0000;-0,0000;0,0000;14;0
17,3680;-12,3242;26,1263;43,6622;0,0000;20,2115;167,6758;282,263;-61,668;81,193;158,125;14,4251;-14,3842;-15,6158;0,0000;30,0000;14,4251;-0,0000;0,0000;0,0000;-0,0000;0,0000;-0,0000;14;0
17,3741;-12,2358;26,0382;43,5666;0,0000;20,3953;167,7642;282,805;-61,330;81,922;158,278;14,4251;-14,3842;-15,6158;0,0000;30,0000;14,4251;-0,0000;0,0000;-0,0000;-0,0000;0,0000;0,0000;14;0
17,3803;-12,1475;25,9501;43,4709;0,0000;20,5790;167,8525;283,345;-60,990;82,653;158,431;14,4251;-14,3842;-15,6158;0,0000;30,0000;14,4251;0,0000;0,0000;-0,0000;0,0000;0,0000;0,0000;14;0
17,3864;-12,0592;25,8620;43,3753;0,0000;20,7627;167,9408;283,882;-60,647;83,387;158,583;14,4251;-14,3842;-15,6158;0,0000;30,0000;14,4251;0,0000;0,0000;0,0000;0,0000;0,0000;-0,0000;14;0
17,3925;-11,9708;25,7739;43,2797;0,0000;20,9464;168,0292;284,417;-60,303;84,122;158,736;14,4251;-14,3842;-15,6158;0,0000;30,0000;14,4251;0,0000;0,0000;0,0000;0,0000;0,0000;0,0000;14;0
17,3986;-11,8825;25,6858;43,1840;0,0000;21,1302;168,1175;284,949;-59,957;84,859;158,888;14,4251;-14,3842;-15,6158;0,0000;30,0000;14,4251;0,0000;0,0000;-0,0000;-0,0000;0,0000;-0,0000;14;0
17,4047;-11,7941;25,5977;43,0884;0,0000;21,3139;168,2059;285,479;-59,609;85,599;159,040;14,4251;-14,3842;-15,6158;0,0000;30,0000;14,4251;-0,0000;-0,0000;-0,0000;-0,0000;0,0000;0,0000;14;0
17,4109;-11,7058;25,5096;42,9928;0,0000;21,4976;168,2942;286,006;-59,259;86,340;159,191;14,4251;-14,3842;-15,6158;0,0000;30,0000;14,4251;0,0000;-0,0000;0,0000;0,0000;0,0000;0,0000;14;0
17,4170;-11,6175;25,4215;42,8971;0,0000;21,6813;168,3825;286,531;-58,907;87,084;159,343;14,4251;-14,3842;-15,6158;0,0000;30,0000;14,4251;-0,0000;0,0000;-0,0000;-0,0000;0,0000;0,0000;14;0
17,4231;-11,5291;25,3334;42,8015;0,0000;21,8651;168,4709;287,054;-58,554;87,829;159,494;14,4251;-14,3842;-15,6158;0,0000;30,0000;14,4251;-0,0000;0,0000;-0,0000;-0,0000;0,0000;0,0000;14;0
17,4292;-11,4408;25,2453;42,7059;0,0000;22,0488;168,5592;287,574;-58,198;88,577;159,645;14,4251;-14,3842;-15,6158;0,0000;30,0000;14,4251;0,0000;0,0000;0,0000;0,0000;0,0000;-0,0000;14;0
17,4354;-11,3524;25,1573;42,6102;0,0000;22,2325;168,6476;288,092;-57,841;89,326;159,796;14,4251;-14,3842;-15,6158;0,0000;30,0000;14,4251;-0,0000;-0,0000;0,0000;0,0000;0,0000;0,0000;14;0
17,4415;-11,2641;25,0692;42,5146;0,0000;22,4162;168,7359;288,607;-57,481;90,078;159,947;14,4251;-14,3842;-15,6158;0,0000;30,0000;14,4251;0,0000;-0,0000;-0,0000;-0,0000;-0,0000;0,0000;14;0
17,4476;-11,1757;24,9811;42,4190;0,0000;22,5999;168,8243;289,119;-57,120;90,832;160,097;14,4251;-14,3842;-15,6158;0,0000;30,0000;14,4251;0,0000;0,0000;0,0000;-0,0000;0,0000;0,0000;14;0
17,4537;-11,0874;24,8930;42,3233;0,0000;22,7837;168,9126;289,629;-56,757;91,587;160,248;14,4251;-14,3842;-15,6158;0,0000;30,0000;14,4251;-0,0000;0,0000;0,0000;0,0000;0,0000;0,0000;14;0
17,4599;-10,9991;24,8049;42,2277;0,0000;22,9674;169,0009;290,137;-56,392;92,345;160,398;14,4251;-14,3842;-15,6158;0,0000;30,0000;14,4251;0,0000;-0,0000;-0,0000;0,0000;-0,0000;-0,0000;14;0
17,4660;-10,9107;24,7168;42,1321;0,0000;23,1511;169,0893;290,642;-56,025;93,105;160,548;14,4251;-14,3842;-15,6158;0,0000;30,0000;14,4251;0,0000;0,0000;0,0000;0,0000;-0,0000;0,0000;14;0
17,4721;-10,8224;24,6287;42,0364;0,0000;23,3348;169,1776;291,145;-55,657;93,867;160,697;14,4251;-14,3842;-15,6158;0,0000;30,0000;14,4251;0,0000;0,0000;0,0000;-0,0000;0,0000;0,0000;14;0
17,4782;-10,7340;24,5406;41,9408;0,0000;23,5186;169,2660;291,644;-55,286;94,630;160,846;14,4251;-14,3842;-15,6158;0,0000;30,0000;14,4251;-0,0000;0,0000;0,0000;0,0000;0,0000;0,0000;14;0
17,4844;-10,6457;24,4525;41,8452;0,0000;23,7023;169,3543;292,142;-54,914;95,396;160,996;14,4251;-14,3842;-15,6158;0,0000;30,0000;14,4251;-0,0000;0,0000;-0,0000;0,0000;0,0000;0,0000;14;0
17,4905;-10,5574;24,3644;41,7495;0,0000;23,8860;169,4426;292,637;-54,540;96,163;161,144;14,4251;-14,3842;-15,6158;0,0000;30,0000;14,4251;0,0000;-0,0000;-0,0000;0,0000;0,0000;-0,0000;14;0
17,4966;-10,4690;24,2764;41,6539;0,0000;24,0697;169,5310;293,129;-54,164;96,933;161,293;14,4251;-14,3842;-15,6158;0,0000;30,0000;14,4251;-0,0000;0,0000;0,0000;0,0000;0,0000;0,0000;14;0
17,5027;-10,3807;24,1883;41,5583;0,0000;24,2535;169,6193;293,618;-53,787;97,705;161,442;14,4251;-14,3842;-15,6158;0,0000;30,0000;14,4251;-0,0000;0,0000;0,0000;-0,0000;0,0000;0,0000;14;0
17,5089;-10,2923;24,1002;41,4626;0,0000;24,4372;169,7077;294,105;-53,407;98,478;161,590;14,4251;-14,3842;-15,6158;0,0000;30,0000;14,4251;0,0000;-0,0000;-0,0000;0,0000;0,0000;0,0000;14;0
17,5150;-10,2040;24,0121;41,3670;0,0000;24,6209;169,7960;294,589;-53,026;99,254;161,738;14,4251;-14,3842;-15,6158;0,0000;30,0000;14,4251;0,0000;0,0000;-0,0000;-0,0000;0,0000;0,0000;14;0
17,5211;-10,1157;23,9240;41,2714;0,0000;24,8046;169,8843;295,071;-52,643;100,031;161,885;14,4251;-14,3842;-15,6158;0,0000;30,0000;14,4251;0,0000;0,0000;0,0000;-0,0000;-0,0000;-0,0000;14;0
17,5272;-10,0273;23,8359;41,1757;0,0000;24,9884;169,9727;295,550;-52,259;100,810;162,033;14,4251;-14,3842;-15,6158;0,0000;30,0000;14,4251;0,0000;0,0000;0,0000;0,0000;0,0000;0,0000;14;0
17,5334;-9,9390;23,7478;41,0801;0,0000;25,1721;170,0610;296,026;-51,872;101,592;162,180;14,4251;-14,3842;-15,6158;0,0000;30,0000;14,4251;-0,0000;-0,0000;-0,0000;0,0000;0,0000;-0,0000;14;0
17,5395;-9,8506;23,6597;40,9845;0,0000;25,3558;170,1494;296,500;-51,484;102,375;162,327;14,4251;-14,3842;-15,6158;0,0000;30,0000;14,4251;-0,0000;0,0000;0,0000;-0,0000;0,0000;0,0000;14;0
17,5456;-9,7623;23,5716;40,8888;0,0000;25,5395;170,2377;296,971;-51,095;103,160;162,474;14,4251;-14,3842;-15,6158;0,0000;30,0000;14,4251;-0,0000;0,0000;0,0000;-0,0000;0,0000;0,0000;14;0
17,5517;-9,6739;23,4835;40,7932;0,0000;25,7232;170,3261;297,439;-50,703;103,947;162,620;14,4251;-14,3842;-15,6158;0,0000;30,0000;14,4251;0,0000;-0,0000;-0,0000;0,0000;-0,0000;-0,0000;14;0
17,5579;-9,5856;23,3954;40,6976;0,0000;25,9070;170,4144;297,904;-50,310;104,736;162,767;14,4251;-14,3842;-15,6158;0,0000;30,0000;14,4251;-0,0000;-0,0000;-0,0000;0,0000;0,0000;0,0000;14;0
17,5640;-9,4973;23,3074;40,6020;0,0000;26,0907;170,5027;298,367;-49,915;105,526;162,913;14,4251;-14,3842;-15,6158;0,0000;30,0000;14,4251;0,0000;0,0000;0,0000;0,0000;0,0000;0,0000;14;0
17,5701;-9,4089;23,2193;40,5063;0,0000;26,2744;170,5911;298,827;-49,518;106,319;163,058;14,4251;-14,3842;-15,6158;0,0000;30,0000;14,4251;0,0000;0,0000;0,0000;0,0000;0,0000;-0,0000;14;0
17,5762;-9,3206;23,1312;40,4107;0,0000;26,4581;170,6794;299,284;-49,120;107,114;163,204;14,4251;-14,3842;-15,6158;0,0000;30,0000;14,4251;0,0000;-0,0000;-0,0000;-0,0000;0,0000;-0,0000;14;0
17,5823;-9,2322;23,0431;40,3151;0,0000;26,6419;170,7678;299,739;-48,720;107,910;163,349;14,4251;-14,3842;-15,6158;0,0000;30,0000;14,4251;-0,0000;-0,0000;0,0000;-0,0000;0,0000;0,0000;14;0
17,5885;-9,1439;22,9550;40,2194;0,0000;26,8256;170,8561;300,191;-48,319;108,708;163,494;14,4251;-14,3842;-15,6158;0,0000;30,0000;14,4251;0,0000;0,0000;0,0000;0,0000;0,0000;0,0000;14;0
17,5946;-9,0556;22,8669;40,1238;0,0000;27,0093;170,9444;300,640;-47,916;109,509;163,639;14,4251;-14,3842;-15,6158;0,0000;30,0000;14,4251;-0,0000;0,0000;-0,0000;0,0000;0,0000;0,0000;14;0
17,6007;-8,9672;22,7788;40,0282;0,0000;27,1930;171,0328;301,086;-47,511;110,311;163,783;14,4251;-14,3842;-15,6158;0,0000;30,0000;14,4251;0,0000;0,0000;-0,0000;-0,0000;-0,0000;-0,0000;14;0
17,6068;-8,8789;22,6907;39,9325;0,0000;27,3768;171,1211;301,529;-47,104;111,114;163,927;14,4251;-14,3842;-15,6158;0,0000;30,0000;14,4251;0,0000;0,0000;0,0000;0,0000;0,0000;-0,0000;14;0
17,6130;-8,7905;22,6026;39,8369;0,0000;27,5605;171,2095;301,969;-46,696;111,920;164,071;14,4251;-14,3842;-15,6158;0,0000;30,0000;14,4251;-0,0000;-0,0000;0,0000;0,0000;-0,0000;0,0000;14;0
17,6191;-8,7022;22,5145;39,7413;0,0000;27,7442;171,2978;302,407;-46,287;112,728;164,215;14,4251;-14,3842;-15,6158;0,0000;30,0000;14,4251;-0,0000;0,0000;0,0000;-0,0000;0,0000;0,0000;14;0
17,6252;-8,6139;22,4264;39,6456;0,0000;27,9279;171,3861;302,842;-45,875;113,537;164,359;14,4251;-14,3842;-15,6158;0,0000;30,0000;14,4251;-0,0000;0,0000;0,0000;-0,0000;0,0000;-0,0000;14;0
17,6313;-8,5255;22,3384;39,5500;0,0000;28,1117;171,4745;303,274;-45,463;114,348;164,502;14,4251;-14,3842;-15,6158;0,0000;30,0000;14,4251;0,0000;-0,0000;0,0000;0,0000;-0,0000;0,0000;14;0
17,6375;-8,4372;22,2503;39,4544;0,0000;28,2954;171,5628;303,703;-45,048;115,161;164,645;14,4251;-14,3842;-15,6158;0,0000;30,0000;14,4251;0,0000;-0,0000;-0,0000;0,0000;0,0000;0,0000;14;0
17,6436;-8,3488;22,1622;39,3587;0,0000;28,4791;171,6512;304,129;-44,632;115,976;164,787;14,4251;-14,3842;-15,6158;0,0000;30,0000;14,4251;-0,0000;0,0000;-0,0000;0,0000;0,0000;0,0000;14;0
17,6497;-8,2605;22,0741;39,2631;0,0000;28,6628;171,7395;304,552;-44,215;116,792;164,930;14,4251;-14,3842;-15,6158;0,0000;30,0000;14,4251;0,0000;0,0000;0,0000;0,0000;0,0000;0,0000;14;0
17,6558;-8,1721;21,9860;39,1675;0,0000;28,8466;171,8279;304,973;-43,796;117,611;165,072;14,4251;-14,3842;-15,6158;0,0000;30,0000;14,4251;-0,0000;0,0000;0,0000;-0,0000;0,0000;0,0000;14;0
17,6620;-8,0838;21,8979;39,0718;0,0000;29,0303;171,9162;305,390;-43,375;118,431;165,214;14,4251;-14,3842;-15,6158;0,0000;30,0000;14,4251;-0,0000;0,0000;0,0000;-0,0000;-0,0000;0,0000;14;0
17,6681;-7,9955;21,8098;38,9762;0,0000;29,2140;172,0045;305,805;-42,953;119,253;165,355;14,4251;-14,3842;-15,6158;0,0000;30,0000;14,4251;0,0000;0,0000;0,0000;0,0000;0,0000;-0,0000;14;0
17,6742;-7,9071;21,7217;38,8806;0,0000;29,3977;172,0929;306,216;-42,530;120,076;165,496;14,4251;-14,3842;-15,6158;0,0000;30,0000;14,4251;0,0000;-0,0000;0,0000;0,0000;0,0000;-0,0000;14;0
17,6803;-7,8188;21,6336;38,7849;0,0000;29,5814;172,1812;306,625;-42,105;120,902;165,637;14,4251;-14,3842;-15,6158;0,0000;30,0000;14,4251;0,0000;0,0000;-0,0000;-0,0000;-0,0000;0,0000;14;0
17,6865;-7,7304;21,5455;38,6893;0,0000;29,7652;172,2696;307,031;-41,678;121,729;165,778;14,4251;-14,3842;-15,6158;0,0000;30,0000;14,4251;-0,0000;0,0000;-0,0000;0,0000;-0,0000;0,0000;14;0
17,6926;-7,6421;21,4574;38,5937;0,0000;29,9489;172,3579;307,433;-41,250;122,558;165,919;14,4251;-14,3842;-15,6158;0,0000;30,0000;14,4251;0,0000;0,0000;0,0000;0,0000;0,0000;-0,0000;14;0
17,6987;-7,5538;21,3694;38,4980;0,0000;30,1326;172,4462;307,833;-40,821;123,388;166,059;14,4251;-14,3842;-15,6158;0,0000;30,0000;14,4251;0,0000;0,0000;0,0000;0,0000;0,0000;0,0000;14;0
17,7048;-7,4654;21,2813;38,4024;0,0000;30,3163;172,5346;308,230;-40,390;124,221;166,199;14,4251;-14,3842;-15,6158;0,0000;30,0000;14,4251;-0,0000;-0,0000;0,0000;-0,0000;0,0000;0,0000;14;0
17,7110;-7,3771;21,1932;38,3068;0,0000;30,5001;172,6229;308,624;-39,958;125,055;166,338;14,4251;-14,3842;-15,6158;0,0000;30,0000;14,4251;-0,0000;-0,0000;-0,0000;-0,0000;-0,0000;-0,0000;14;0
17,7171;-7,2887;21,1051;38,2111;0,0000;30,6838;172,7113;309,014;-39,524;125,891;166,478;14,4251;-14,3842;-15,6158;0,0000;30,0000;14,4251;0,0000;0,0000;-0,0000;0,0000;0,0000;0,0000;14;0
17,7232;-7,2004;21,0170;38,1155;0,0000;30,8675;172,7996;309,402;-39,089;126,728;166,617;14,4251;-14,3842;-15,6158;0,0000;30,0000;14,4251;0,0000;0,0000;-0,0000;0,0000;0,0000;0,0000;14;0
17,7293;-7,1121;20,9289;38,0199;0,0000;31,0512;172,8879;309,787;-38,652;127,568;166,755;14,4251;-14,3842;-15,6158;0,0000;30,0000;14,4251;0,0000;-0,0000;-0,0000;-0,0000;-0,0000;-0,0000;14;0
17,7355;-7,0237;20,8408;37,9242;0,0000;31,2350;172,9763;310,169;-38,214;128,408;166,894;14,4251;-14,3842;-15,6158;0,0000;30,0000;14,4251;-0,0000;0,0000;0,0000;0,0000;0,0000;0,0000;14;0
17,7416;-6,9354;20,7527;37,8286;0,0000;31,4187;173,0646;310,547;-37,775;129,251;167,032;14,4251;-14,3842;-15,6158;0,0000;30,0000;14,4251;0,0000;-0,0000;0,0000;0,0000;-0,0000;-0,0000;14;0
17,7477;-6,8470;20,6646;37,7330;0,0000;31,6024;173,1530;310,923;-37,334;130,095;167,170;14,4251;-14,3842;-15,6158;0,0000;30,0000;14,4251;0,0000;-0,0000;0,0000;0,0000;0,0000;0,0000;14;0
17,7538;-6,7587;20,5765;37,6373;0,0000;31,7861;173,2413;311,295;-36,892;130,941;167,308;14,4251;-14,3842;-15,6158;0,0000;30,0000;14,4251;-0,0000;0,0000;-0,0000;-0,0000;0,0000;0,0000;14;0
17,7599;-6,6703;20,4884;37,5417;0,0000;31,9699;173,3297;311,665;-36,449;131,789;167,445;14,4251;-14,3842;-15,6158;0,0000;30,0000;14,4251;0,0000;0,0000;0,0000;-0,0000;-0,0000;0,0000;14;0
17,7661;-6,5820;20,4004;37,4461;0,0000;32,1536;173,4180;312,031;-36,004;132,638;167,582;14,4251;-14,3842;-15,6158;0,0000;30,0000;14,4251;0,0000;-0,0000;0,0000;0,0000;0,0000;0,0000;14;0
17,7722;-6,4937;20,3123;37,3504;0,0000;32,3373;173,5063;312,394;-35,558;133,489;167,719;14,4251;-14,3842;-15,6158;0,0000;30,0000;14,4251;-0,0000;0,0000;-0,0000;0,0000;-0,0000;-0,0000;14;0
17,7783;-6,4053;20,2242;37,2548;0,0000;32,5210;173,5947;312,754;-35,110;134,342;167,855;14,4251;-14,3842;-15,6158;0,0000;30,0000;14,4251;-0,0000;0,0000;-0,0000;0,0000;0,0000;0,0000;14;0
17,7844;-6,3170;20,1361;37,1592;0,0000;32,7047;173,6830;313,111;-34,662;135,196;167,991;14,4251;-14,3842;-15,6158;0,0000;30,0000;14,4251;-0,0000;0,0000;0,0000;0,0000;0,0000;0,0000;14;0
17,7906;-6,2286;20,0480;37,0635;0,0000;32,8885;173,7714;313,465;-34,212;136,052;168,127;14,4251;-14,3842;-15,6158;0,0000;30,0000;14,4251;0,0000;-0,0000;0,0000;-0,0000;-0,0000;0,0000;14;0
17,7967;-6,1403;19,9599;36,9679;0,0000;33,0722;173,8597;313,816;-33,761;136,909;168,263;14,4251;-14,3842;-15,6158;0,0000;30,0000;14,4251;-0,0000;-0,0000;0,0000;0,0000;0,0000;0,0000;14;0
17,8028;-6,0520;19,8718;36,8723;0,0000;33,2559;173,9480;314,164;-33,308;137,768;168,398;14,4251;-14,3842;-15,6158;0,0000;30,0000;14,4251;-0,0000;0,0000;0,0000;-0,0000;0,0000;-0,0000;14;0
17,8089;-5,9636;19,7837;36,7766;0,0000;33,4396;174,0364;314,508;-32,854;138,629;168,533;14,4251;-14,3842;-15,6158;0,0000;30,0000;14,4251;-0,0000;0,0000;-0,0000;-0,0000;-0,0000;0,0000;14;0
17,8151;-5,8753;19,6956;36,6810;0,0000;33,6234;174,1247;314,849;-32,399;139,491;168,668;14,4251;-14,3842;-15,6158;0,0000;30,0000;14,4251;-0,0000;0,0000;-0,0000;-0,0000;0,0000;0,0000;14;0
17,8212;-5,7869;19,6075;36,5854;0,0000;33,8071;174,2131;315,187;-31,943;140,355;168,802;14,4251;-14,3842;-15,6158;0,0000;30,0000;14,4251;0,0000;-0,0000;-0,0000;0,0000;0,0000;0,0000;14;0
17,8273;-5,6986;19,5194;36,4897;0,0000;33,9908;174,3014;315,522;-31,485;141,220;168,936;14,4251;-14,3842;-15,6158;0,0000;30,0000;14,4251;0,0000;0,0000;0,0000;0,0000;0,0000;0,0000;14;0
17,8334;-5,6103;19,4314;36,3941;0,0000;34,1745;174,3897;315,854;-31,027;142,087;169,070;14,4251;-14,3842;-15,6158;0,0000;30,0000;14,4251;0,0000;0,0000;0,0000;-0,0000;0,0000;0,0000;14;0
17,8396;-5,5219;19,3433;36,2985;0,0000;34,3583;174,4781;316,182;-30,567;142,956;169,203;14,4251;-14,3842;-15,6158;0,0000;30,0000;14,4251;0,0000;-0,0000;0,0000;-0,0000;-0,0000;0,0000;14;0
17,8457;-5,4336;19,2552;36,2028;0,0000;34,5420;174,5664;316,508;-30,106;143,826;169,336;14,4251;-14,3842;-15,6158;0,0000;30,0000;14,4251;-0,0000;0,0000;-0,0000;0,0000;0,0000;0,0000;14;0
17,8518;-5,3452;19,1671;36,1072;0,0000;34,7257;174,6548;316,830;-29,644;144,698;169,469;14,4251;-14,3842;-15,6158;0,0000;30,0000;14,4251;0,0000;0,0000;0,0000;-0,0000;0,0000;-0,0000;14;0
17,8579;-5,2569;19,0790;36,0116;0,0000;34,9094;174,7431;317,149;-29,180;145,571;169,601;14,4251;-14,3842;-15,6158;0,0000;30,0000;14,4251;-0,0000;0,0000;0,0000;-0,0000;0,0000;-0,0000;14;0
17,8641;-5,1685;18,9909;35,9159;0,0000;35,0932;174,8315;317,464;-28,716;146,446;169,734;14,4251;-14,3842;-15,6158;0,0000;30,0000;14,4251;-0,0000;-0,0000;-0,0000;-0,0000;0,0000;0,0000;14;0
17,8702;-5,0802;18,9028;35,8203;0,0000;35,2769;174,9198;317,776;-28,250;147,322;169,866;14,4251;-14,3842;-15,6158;0,0000;30,0000;14,4251;0,0000;-0,0000;-0,0000;-0,0000;-0,0000;0,0000;14;0
17,8763;-4,9919;18,8147;35,7247;0,0000;35,4606;175,0081;318,086;-27,783;148,200;169,997;14,4251;-14,3842;-15,6158;0,0000;30,0000;14,4251;0,0000;0,0000;0,0000;0,0000;0,0000;0,0000;14;0
17,8824;-4,9035;18,7266;35,6290;0,0000;35,6443;175,0965;318,391;-27,316;149,079;170,128;14,4251;-14,3842;-15,6158;0,0000;30,0000;14,4251;0,0000;0,0000;0,0000;0,0000;0,0000;0,0000;14;0
17,8886;-4,8152;18,6385;35,5334;0,0000;35,8280;175,1848;318,694;-26,847;149,960;170,259;14,4251;-14,3842;-15,6158;0,0000;30,0000;14,4251;0,0000;0,0000;-0,0000;0,0000;-0,0000;-0,0000;14;0
17,8947;-4,7268;18,5504;35,4378;0,0000;36,0118;175,2732;318,993;-26,376;150,842;170,390;14,4251;-14,3842;-15,6158;0,0000;30,0000;14,4251;-0,0000;0,0000;0,0000;-0,0000;0,0000;0,0000;14;0
17,9008;-4,6385;18,4624;35,3421;0,0000;36,1955;175,3615;319,289;-25,905;151,726;170,520;14,4251;-14,3842;-15,6158;0,0000;30,0000;14,4251;0,0000;-0,0000;0,0000;-0,0000;-0,0000;0,0000;14;0
17,9069;-4,5502;18,3743;35,2465;0,0000;36,3792;175,4498;319,582;-25,433;152,611;170,650;14,4251;-14,3842;-15,6158;0,0000;30,0000;14,4251;-0,0000;0,0000;-0,0000;0,0000;0,0000;0,0000;14;0
17,9131;-4,4618;18,2862;35,1509;0,0000;36,5629;175,5382;319,871;-24,960;153,497;170,780;14,4251;-14,3842;-15,6158;0,0000;30,0000;14,4251;-0,0000;0,0000;-0,0000;0,0000;0,0000;0,0000;14;0
17,9192;-4,3735;18,1981;35,0552;0,0000;36,7467;175,6265;320,157;-24,486;154,386;170,909;14,4251;-14,3842;-15,6158;0,0000;30,0000;14,4251;0,0000;0,0000;-0,0000;0,0000;-0,0000;-0,0000;14;0
17,9253;-4,2851;18,1100;34,9596;0,0000;36,9304;175,7149;320,440;-24,010;155,275;171,038;14,4251;-14,3842;-15,6158;0,0000;30,0000;14,4251;0,0000;0,0000;0,0000;0,0000;0,0000;0,0000;14;0
17,9314;-4,1968;18,0219;34,8640;0,0000;37,1141;175,8032;320,719;-23,534;156,166;171,167;14,4251;-14,3842;-15,6158;0,0000;30,0000;14,4251;-0,0000;-0,0000;-0,0000;-0,0000;-0,0000;0,0000;14;0
17,9375;-4,1085;17,9338;34,7683;0,0000;37,2978;175,8915;320,995;-23,057;157,059;171,295;14,4251;-14,3842;-15,6158;0,0000;30,0000;14,4251;-0,0000;-0,0000;0,0000;0,0000;-0,0000;0,0000;14;0
17,9437;-4,0201;17,8457;34,6727;0,0000;37,4816;175,9799;321,268;-22,579;157,953;171,423;14,4251;-14,3842;-15,6158;0,0000;30,0000;14,4251;-0,0000;0,0000;0,0000;-0,0000;0,0000;0,0000;14;0
17,9498;-3,9318;17,7576;34,5771;0,0000;37,6653;176,0682;321,537;-22,099;158,848;171,551;14,4251;-14,3842;-15,6158;0,0000;30,0000;14,4251;0,0000;-0,0000;-0,0000;-0,0000;-0,0000;-0,0000;14;0
17,9559;-3,8434;17,6695;34,4814;0,0000;37,8490;176,1566;321,803;-21,619;159,745;171,679;14,4251;-14,3842;-15,6158;0,0000;30,0000;14,4251;-0,0000;0,0000;-0,0000;0,0000;0,0000;0,0000;14;0
17,9620;-3,7551;17,5815;34,3858;0,0000;38,0327;176,2449;322,065;-21,138;160,643;171,806;14,4251;-14,3842;-15,6158;0,0000;30,0000;14,4251;-0,0000;0,0000;0,0000;-0,0000;0,0000;0,0000;14;0
17,9682;-3,6667;17,4934;34,2902;0,0000;38,2165;176,3333;322,325;-20,656;161,542;171,932;14,4251;-14,3842;-15,6158;0,0000;30,0000;14,4251;0,0000;0,0000;0,0000;0,0000;-0,0000;-0,0000;14;0
17,9743;-3,5784;17,4053;34,1946;0,0000;38,4002;176,4216;322,580;-20,173;162,443;172,059;14,4251;-14,3842;-15,6158;0,0000;30,0000;14,4251;0,0000;-0,0000;-0,0000;0,0000;0,0000;0,0000;14;0
17,9804;-3,4901;17,3172;34,0989;0,0000;38,5839;176,5099;322,833;-19,689;163,345;172,185;14,4251;-14,3842;-15,6158;0,0000;30,0000;14,4251;0,0000;-0,0000;0,0000;0,0000;0,0000;-0,0000;14;0
17,9865;-3,4017;17,2291;34,0033;0,0000;38,7676;176,5983;323,082;-19,204;164,249;172,311;14,4251;-14,3842;-15,6158;0,0000;30,0000;14,4251;-0,0000;0,0000;0,0000;0,0000;0,0000;0,0000;14;0
17,9927;-3,3134;17,1410;33,9077;0,0000;38,9513;176,6866;323,327;-18,719;165,154;172,436;14,4251;-14,3842;-15,6158;0,0000;30,0000;14,4251;0,0000;0,0000;-0,0000;-0,0000;0,0000;0,0000;14;0
17,9988;-3,2250;17,0529;33,8120;0,0000;39,1351;176,7750;323,569;-18,232;166,060;172,561;14,4251;-14,3842;-15,6158;0,0000;30,0000;14,4251;0,0000;0,0000;-0,0000;0,0000;0,0000;0,0000;14;0
18,0049;-3,1367;16,9648;33,7164;0,0000;39,3188;176,8633;323,808;-17,745;166,968;172,686;14,4251;-14,3842;-15,6158;0,0000;30,0000;14,4251;-0,0000;0,0000;0,0000;-0,0000;0,0000;0,0000;14;0
18,0110;-3,0484;16,8767;33,6208;0,0000;39,5025;176,9516;324,043;-17,257;167,877;172,810;14,4251;-14,3842;-15,6158;0,0000;30,0000;14,4251;-0,0000;0,0000;0,0000;-0,0000;-0,0000;-0,0000;14;0
18,0172;-2,9600;16,7886;33,5251;0,0000;39,6862;177,0400;324,275;-16,768;168,788;172,935;14,4251;-14,3842;-15,6158;0,0000;30,0000;14,4251;0,0000;0,0000;-0,0000;0,0000;0,0000;0,0000;14;0
18,0233;-2,8717;16,7005;33,4295;0,0000;39,8700;177,1283;324,503;-16,278;169,699;173,058;14,4251;-14,3842;-15,6158;0,0000;30,0000;14,4251;0,0000;0,0000;0,0000;0,0000;0,0000;0,0000;14;0
18,0294;-2,7833;16,6125;33,3339;0,0000;40,0537;177,2167;324,728;-15,787;170,612;173,182;14,4251;-14,3842;-15,6158;0,0000;30,0000;14,4251;0,0000;-0,0000;0,0000;0,0000;0,0000;0,0000;14;0
18,0355;-2,6950;16,5244;33,2382;0,0000;40,2374;177,3050;324,949;-15,296;171,527;173,305;14,4251;-14,3842;-15,6158;0,0000;30,0000;14,4251;0,0000;0,0000;0,0000;0,0000;0,0000;-0,0000;14;0
18,0417;-2,6067;16,4363;33,1426;0,0000;40,4211;177,3933;325,167;-14,804;172,442;173,428;14,4251;-14,3842;-15,6158;0,0000;30,0000;14,4251;0,0000;0,0000;-0,0000;0,0000;0,0000;0,0000;14;0
18,0478;-2,5183;16,3482;33,0470;0,0000;40,6049;177,4817;325,382;-14,311;173,359;173,550;14,4251;-14,3842;-15,6158;0,0000;30,0000;14,4251;-0,0000;0,0000;-0,0000;-0,0000;0,0000;0,0000;14;0
18,0539;-2,4300;16,2601;32,9513;0,0000;40,7886;177,5700;325,593;-13,817;174,277;173,672;14,4251;-14,3842;-15,6158;0,0000;30,0000;14,4251;-0,0000;0,0000;0,0000;-0,0000;0,0000;0,0000;14;0
18,0600;-2,3416;16,1720;32,8557;0,0000;40,9723;177,6584;325,800;-13,323;175,197;173,794;14,4251;-14,3842;-15,6158;0,0000;30,0000;14,4251;-0,0000;-0,0000;0,0000;-0,0000;0,0000;0,0000;14;0
18,0662;-2,2533;16,0839;32,7601;0,0000;41,1560;177,7467;326,004;-12,827;176,117;173,915;14,4251;-14,3842;-15,6158;0,0000;30,0000;14,4251;-5,8508;5,8342;6,3337;-0,0000;-12,1679;-5,8508;14;0
18,0723;-2,1649;15,9958;32,6644;0,0000;41,3398;177,8351;326,204;-12,332;177,039;174,036;14,3535;-14,3128;-15,5382;0,0000;29,8510;14,3535;-23,7214;23,6542;25,6794;-0,0000;-49,3336;-23,7214;14;0
18,0784;-2,0775;15,9086;32,5697;0,0000;41,5217;177,9225;326,399;-11,840;177,953;172,426;14,1346;-14,0945;-15,3012;0,0000;29,3958;14,1346;-41,9114;41,7927;45,3708;-0,0000;-87,1635;-41,9114;14;0
18,0845;-1,9918;15,8232;32,4770;0,0000;41,6998;178,0082;326,587;-11,358;178,850;168,986;13,8401;-13,8009;-14,9825;0,0000;28,7834;13,8401;-48,0827;47,9464;52,0514;-0,0000;-99,9978;-48,0827;14;0
18,0907;-1,9080;15,7396;32,3862;0,0000;41,8742;178,0920;326,767;-10,885;179,728;165,537;13,5456;-13,5073;-14,6637;0,0000;28,1710;13,5456;-48,0837;47,9474;52,0526;-0,0000;-100,0000;-48,0837;14;0
18,0968;-1,8259;15,6577;32,2974;0,0000;42,0448;178,1741;326,941;-10,423;180,589;162,082;13,2512;-13,2136;-14,3449;0,0000;27,5585;13,2512;-48,0837;47,9474;52,0526;-0,0000;-100,0000;-48,0837;14;0
18,1029;-1,7457;15,5777;32,2105;0,0000;42,2117;178,2543;327,108;-9,969;181,432;158,619;12,9567;-12,9200;-14,0261;0,0000;26,9461;12,9567;-48,0837;47,9474;52,0526;-0,0000;-100,0000;-48,0837;14;0
18,1090;-1,6672;15,4995;32,1256;0,0000;42,3749;178,3328;327,268;-9,526;182,257;155,150;12,6622;-12,6263;-13,7074;0,0000;26,3337;12,6622;-48,0837;47,9474;52,0526;-0,0000;-100,0000;-48,0837;14;0
18,1151;-1,5906;15,4231;32,0426;0,0000;42,5343;178,4094;327,421;-9,092;183,063;151,674;12,3678;-12,3327;-13,3886;0,0000;25,7213;12,3678;-48,0837;47,9474;52,0526;-0,0000;-100,0000;-48,0837;14;0
18,1213;-1,5157;15,3484;31,9616;0,0000;42,6899;178,4843;327,569;-8,668;183,852;148,191;12,0733;-12,0391;-13,0698;0,0000;25,1089;12,0733;-48,0837;47,9474;52,0526;-0,0000;-100,0000;-48,0837;14;0
18,1274;-1,4427;15,2756;31,8826;0,0000;42,8418;178,5573;327,710;-8,253;184,623;144,702;11,7788;-11,7454;-12,7510;0,0000;24,4965;11,7788;-48,0837;47,9474;52,0526;-0,0000;-100,0000;-48,0837;14;0
18,1335;-1,3715;15,2046;31,8054;0,0000;42,9900;178,6285;327,846;-7,849;185,375;141,207;11,4844;-11,4518;-12,4323;0,0000;23,8841;11,4844;-48,0837;47,9474;52,0526;-0,0000;-100,0000;-48,0837;14;0
18,1396;-1,3020;15,1353;31,7303;0,0000;43,1344;178,6980;327,976;-7,454;186,109;137,705;11,1899;-11,1582;-12,1135;0,0000;23,2717;11,1899;-48,0837;47,9474;52,0526;-0,0000;-100,0000;-48,0837;14;0
18,1458;-1,2344;15,0679;31,6571;0,0000;43,2750;178,7656;328,100;-7,070;186,824;134,198;10,8954;-10,8645;-11,7947;0,0000;22,6592;10,8954;-48,0837;47,9474;52,0526;-0,0000;-100,0000;-48,0837;14;0
18,1519;-1,1686;15,0023;31,5858;0,0000;43,4119;178,8314;328,219;-6,695;187,521;130,686;10,6009;-10,5709;-11,4759;0,0000;22,0468;10,6009;-48,0837;47,9474;52,0526;-0,0000;-100,0000;-48,0837;14;0
18,1580;-1,1046;14,9384;31,5165;0,0000;43,5450;178,8954;328,333;-6,330;188,200;127,167;10,3065;-10,2773;-11,1572;0,0000;21,4344;10,3065;-48,0837;47,9474;52,0526;-0,0000;-100,0000;-48,0837;14;0
18,1641;-1,0423;14,8764;31,4492;0,0000;43,6744;178,9576;328,442;-5,976;188,860;123,644;10,0120;-9,9836;-10,8384;0,0000;20,8220;10,0120;-48,0837;47,9474;52,0526;-0,0000;-100,0000;-48,0837;14;0
18,1703;-0,9819;14,8162;31,3838;0,0000;43,8001;179,0181;328,546;-5,631;189,502;120,115;9,7175;-9,6900;-10,5196;0,0000;20,2096;9,7175;-48,0837;47,9474;52,0526;-0,0000;-100,0000;-48,0837;14;0
18,1764;-0,9233;14,7577;31,3203;0,0000;43,9220;179,0767;328,646;-5,297;190,124;116,582;9,4231;-9,3964;-10,2008;0,0000;19,5972;9,4231;-48,0837;47,9474;52,0526;-0,0000;-100,0000;-48,0837;14;0
18,1825;-0,8665;14,7011;31,2588;0,0000;44,0401;179,1335;328,740;-4,972;190,729;113,043;9,1286;-9,1027;-9,8821;0,0000;18,9848;9,1286;-48,0837;47,9474;52,0526;-0,0000;-100,0000;-48,0837;14;0
18,1886;-0,8115;14,6462;31,1993;0,0000;44,1545;179,1885;328,831;-4,658;191,314;109,500;8,8341;-8,8091;-9,5633;0,0000;18,3724;8,8341;-48,0837;47,9474;52,0526;-0,0000;-100,0000;-48,0837;14;0
18,1948;-0,7583;14,5932;31,1417;0,0000;44,2651;179,2417;328,917;-4,354;191,881;105,952;8,5396;-8,5154;-9,2445;0,0000;17,7599;8,5396;-48,0837;47,9474;52,0526;-0,0000;-100,0000;-48,0837;14;0
18,2009;-0,7069;14,5419;31,0861;0,0000;44,3720;179,2931;328,999;-4,059;192,428;102,400;8,2452;-8,2218;-8,9257;0,0000;17,1475;8,2452;-48,0837;47,9474;52,0526;-0,0000;-100,0000;-48,0837;14;0
18,2070;-0,6573;14,4925;31,0324;0,0000;44,4752;179,3427;329,077;-3,776;192,957;98,844;7,9507;-7,9282;-8,6070;0,0000;16,5351;7,9507;-48,0837;47,9474;52,0526;-0,0000;-100,0000;-48,0837;14;0
18,2131;-0,6095;14,4448;30,9806;0,0000;44,5745;179,3905;329,151;-3,502;193,467;95,284;7,6562;-7,6345;-8,2882;0,0000;15,9227;7,6562;-48,0837;47,9474;52,0526;-0,0000;-100,0000;-48,0837;14;0
18,2193;-0,5636;14,3990;30,9309;0,0000;44,6702;179,4364;329,221;-3,238;193,958;91,720;7,3618;-7,3409;-7,9694;0,0000;15,3103;7,3618;-48,0837;47,9474;52,0526;-0,0000;-100,0000;-48,0837;14;0
18,2254;-0,5194;14,3549;30,8830;0,0000;44,7621;179,4806;329,287;-2,985;194,431;88,153;7,0673;-7,0473;-7,6506;0,0000;14,6979;7,0673;-48,0837;47,9474;52,0526;-0,0000;-100,0000;-48,0837;14;0
18,2315;-0,4770;14,3126;30,8371;0,0000;44,8502;179,5230;329,350;-2,742;194,884;84,581;6,7728;-6,7536;-7,3318;0,0000;14,0855;6,7728;-48,0837;47,9474;52,0526;-0,0000;-100,0000;-48,0837;14;0
18,2376;-0,4364;14,2722;30,7932;0,0000;44,9346;179,5636;329,409;-2,509;195,318;81,007;6,4784;-6,4600;-7,0131;0,0000;13,4731;6,4784;-48,0837;47,9474;52,0526;-0,0000;-100,0000;-48,0837;14;0
18,2438;-0,3976;14,2335;30,7512;0,0000;45,0152;179,6024;329,466;-2,287;195,733;77,429;6,1839;-6,1664;-6,6943;0,0000;12,8607;6,1839;-48,0837;47,9474;52,0526;-0,0000;-100,0000;-48,0837;14;0
18,2499;-0,3607;14,1967;30,7112;0,0000;45,0921;179,6393;329,518;-2,074;196,128;73,848;5,8894;-5,8727;-6,3755;0,0000;12,2482;5,8894;-48,0837;47,9474;52,0526;-0,0000;-100,0000;-48,0837;14;0
18,2560;-0,3255;14,1616;30,6732;0,0000;45,1653;179,6745;329,568;-1,872;196,505;70,264;5,5949;-5,5791;-6,0567;0,0000;11,6358;5,5949;-48,0837;47,9474;52,0526;-0,0000;-100,0000;-48,0837;14;0
18,2621;-0,2921;14,1283;30,6370;0,0000;45,2346;179,7079;329,615;-1,681;196,863;66,677;5,3005;-5,2854;-5,7380;0,0000;11,0234;5,3005;-48,0837;47,9474;52,0526;-0,0000;-100,0000;-48,0837;14;0
18,2683;-0,2606;14,0969;30,6029;0,0000;45,3003;179,7394;329,658;-1,499;197,201;63,088;5,0060;-4,9918;-5,4192;0,0000;10,4110;5,0060;-48,0837;47,9474;52,0526;-0,0000;-100,0000;-48,0837;14;0
18,2744;-0,2308;14,0672;30,5707;0,0000;45,3622;179,7692;329,699;-1,328;197,520;59,496;4,7115;-4,6982;-5,1004;0,0000;9,7986;4,7115;-48,0837;47,9474;52,0526;-0,0000;-100,0000;-48,0837;14;0
18,2805;-0,2029;14,0393;30,5404;0,0000;45,4203;179,7971;329,737;-1,168;197,820;55,902;4,4171;-4,4045;-4,7816;0,0000;9,1862;4,4171;-48,0837;47,9474;52,0526;-0,0000;-100,0000;-48,0837;14;0
18,2866;-0,1767;14,0132;30,5121;0,0000;45,4747;179,8233;329,772;-1,017;198,101;52,306;4,1226;-4,1109;-4,4629;0,0000;8,5738;4,1226;-48,0837;47,9474;52,0526;-0,0000;-100,0000;-48,0837;14;0
18,2927;-0,1524;13,9890;30,4857;0,0000;45,5253;179,8476;329,804;-0,877;198,362;48,707;3,8281;-3,8173;-4,1441;0,0000;7,9614;3,8281;-48,0837;47,9474;52,0526;-0,0000;-100,0000;-48,0837;14;0
18,2989;-0,1298;13,9665;30,4613;0,0000;45,5722;179,8702;329,834;-0,747;198,604;45,107;3,5336;-3,5236;-3,8253;0,0000;7,3489;3,5336;-48,0837;47,9474;52,0526;-0,0000;-100,0000;-48,0837;14;0
18,3050;-0,1091;13,9458;30,4389;0,0000;45,6153;179,8909;329,861;-0,628;198,827;41,505;3,2392;-3,2300;-3,5065;0,0000;6,7365;3,2392;-48,0837;47,9474;52,0526;-0,0000;-100,0000;-48,0837;14;0
18,3111;-0,0902;13,9269;30,4184;0,0000;45,6547;179,9098;329,885;-0,519;199,030;37,901;2,9447;-2,9364;-3,1878;0,0000;6,1241;2,9447;-48,0837;47,9474;52,0526;-0,0000;-100,0000;-48,0837;14;0
18,3172;-0,0730;13,9098;30,3998;0,0000;45,6903;179,9270;329,907;-0,421;199,215;34,296;2,6502;-2,6427;-2,8690;0,0000;5,5117;2,6502;-48,0837;47,9474;52,0526;-0,0000;-100,0000;-48,0837;14;0
18,3234;-0,0577;13,8945;30,3833;0,0000;45,7222;179,9423;329,927;-0,332;199,379;30,690;2,3558;-2,3491;-2,5502;0,0000;4,8993;2,3558;-48,0837;47,9474;52,0526;-0,0000;-100,0000;-48,0837;14;0
18,3295;-0,0442;13,8811;30,3686;0,0000;45,7503;179,9558;329,944;-0,254;199,525;27,082;2,0613;-2,0555;-2,2314;0,0000;4,2869;2,0613;-48,0837;47,9474;52,0526;-0,0000;-100,0000;-48,0837;14;0
18,3356;-0,0325;13,8694;30,3559;0,0000;45,7747;179,9675;329,959;-0,187;199,651;23,473;1,7668;-1,7618;-1,9127;0,0000;3,6745;1,7668;-48,0837;47,9474;52,0526;-0,0000;-100,0000;-48,0837;14;0
18,3417;-0,0225;13,8595;30,3452;0,0000;45,7953;179,9775;329,972;-0,130;199,758;19,863;1,4724;-1,4682;-1,5939;0,0000;3,0621;1,4724;-48,0837;47,9474;52,0526;-0,0000;-100,0000;-48,0837;14;0
18,3479;-0,0144;13,8514;30,3364;0,0000;45,8122;179,9856;329,982;-0,083;199,845;16,253;1,1779;-1,1745;-1,2751;0,0000;2,4496;1,1779;-48,0837;47,9474;52,0526;-0,0000;-100,0000;-48,0837;14;0
18,3540;-0,0081;13,8451;30,3296;0,0000;45,8253;179,9919;329,990;-0,047;199,913;12,642;0,8834;-0,8809;-0,9563;0,0000;1,8372;0,8834;-48,0837;47,9474;52,0526;-0,0000;-100,0000;-48,0837;14;0
18,3601;-0,0036;13,8406;30,3247;0,0000;45,8347;179,9964;329,995;-0,021;199,961;9,030;0,5889;-0,5873;-0,6376;0,0000;1,2248;0,5889;-48,0837;47,9474;52,0526;-0,0000;-100,0000;-48,0837;14;0
18,3662;-0,0009;13,8379;30,3218;0,0000;45,8403;179,9991;329,999;-0,005;199,990;5,418;0,2945;-0,2936;-0,3188;0,0000;0,6124;0,2945;-36,0628;35,9606;39,0394;-0,0000;-75,0000;-36,0628;14;0
18,3724;-0,0000;13,8370;30,3208;0,0000;45,8422;180,0000;330,000;0,000;200,000;1,806;0,1472;-0,1468;-0,1594;0,0000;0,3062;0,1472;-24,0419;23,9737;26,0263;-0,0000;-50,0000;-24,0419;14;0
