ido_s;J1_fok;J2_fok;J3_fok;J4_fok;J5_fok;J6_fok;TCP_X_mm;TCP_Y_mm;TCP_Z_mm;TCP_sebesseg_mm_s;v_J1_fok_s;v_J2_fok_s;v_J3_fok_s;v_J4_fok_s;v_J5_fok_s;v_J6_fok_s;a_J1_fok_s2;a_J2_fok_s2;a_J3_fok_s2;a_J4_fok_s2;a_J5_fok_s2;a_J6_fok_s2;mozgas_id;hibakod
0,0000;0,0000;-10,0000;10,0000;0,0000;90,0000;0,0000;255,115;0,000;453,898;0,000;-0,5051;0,9085;0,2382;0,0000;-1,1467;-0,5051;-176,2027;316,9054;83,0946;0,0000;-400,0000;-176,2027;1;0
0,0029;-0,0014;-9,9974;10,0007;0,0000;89,9967;-0,0014;255,131;-0,006;453,883;8,044;-1,0102;1,8169;0,4764;0,0000;-2,2933;-1,0102;-264,3041;475,3581;124,6419;0,0000;-600,0000;-264,3041;2;0
0,0057;-0,0058;-9,9896;10,0027;0,0000;89,9869;-0,0058;255,179;-0,026;453,837;24,132;-2,0205;3,6338;0,9528;0,0000;-4,5867;-2,0205;-352,4055;633,8108;166,1892;0,0000;-800,0000;-352,4055;2;0
0,0086;-0,0130;-9,9766;10,0061;0,0000;89,9704;-0,0130;255,260;-0,058;453,761;40,219;-3,0307;5,4508;1,4292;0,0000;-6,8800;-3,0307;-352,4055;633,8108;166,1892;0,0000;-800,0000;-352,4055;2;0
0,0115;-0,0232;-9,9583;10,0109;0,0000;89,9474;-0,0232;255,372;-0,103;453,655;56,307;-4,0409;7,2677;1,9056;0,0000;-9,1733;-4,0409;-352,4055;633,8108;166,1892;0,0000;-800,0000;-352,4055;2;0
0,0143;-0,0362;-9,9349;10,0171;0,0000;89,9178;-0,0362;255,517;-0,161;453,518;72,395;-5,0511;9,0846;2,3820;0,0000;-11,4667;-5,0511;-352,4055;633,8108;166,1892;0,0000;-800,0000;-352,4055;2;0
0,0172;-0,0521;-9,9062;10,0246;0,0000;89,8817;-0,0521;255,694;-0,233;453,351;88,483;-6,0614;10,9015;2,8585;0,0000;-13,7600;-6,0614;-352,4055;633,8108;166,1892;0,0000;-800,0000;-352,4055;2;0
0,0201;-0,0710;-9,8724;10,0335;0,0000;89,8389;-0,0710;255,903;-0,317;453,153;104,571;-7,0716;12,7185;3,3349;0,0000;-16,0533;-7,0716;-352,4055;633,8108;166,1892;0,0000;-800,0000;-352,4055;2;0
0,0229;-0,0927;-9,8333;10,0437;0,0000;89,7896;-0,0927;256,143;-0,414;452,924;120,658;-8,0818;14,5354;3,8113;0,0000;-18,3467;-8,0818;-352,4055;633,8108;166,1892;0,0000;-800,0000;-352,4055;2;0
0,0258;-0,1173;-9,7891;10,0553;0,0000;89,7337;-0,1173;256,416;-0,525;452,665;136,746;-9,0921;16,3523;4,2877;0,0000;-20,6400;-9,0921;-352,4055;633,8108;166,1892;0,0000;-800,0000;-352,4055;2;0
0,0287;-0,1448;-9,7396;10,0683;0,0000;89,6713;-0,1448;256,720;-0,649;452,375;152,834;-10,1023;18,1692;4,7641;0,0000;-22,9333;-10,1023;-352,4055;633,8108;166,1892;0,0000;-800,0000;-352,4055;2;0
0,0315;-0,1752;-9,6849;10,0826;0,0000;89,6023;-0,1752;257,056;-0,786;452,054;168,922;-11,1125;19,9862;5,2405;0,0000;-25,2267;-11,1125;-352,4055;633,8108;166,1892;0,0000;-800,0000;-352,4055;2;0
0,0344;-0,2085;-9,6250;10,0983;0,0000;89,5267;-0,2085;257,423;-0,937;451,702;185,010;-12,1227;21,8031;5,7169;0,0000;-27,5200;-12,1227;-352,4055;633,8108;166,1892;0,0000;-800,0000;-352,4055;2;0
0,0373;-0,2447;-9,5599;10,1154;0,0000;89,4445;-0,2447;257,821;-1,101;451,319;201,099;-13,1330;23,6200;6,1933;0,0000;-29,8133;-13,1330;-352,4055;633,8108;166,1892;0,0000;-800,0000;-352,4055;2;0
0,0401;-0,2838;-9,4896;10,1338;0,0000;89,3557;-0,2838;258,250;-1,279;450,905;217,187;-14,1432;25,4369;6,6697;0,0000;-32,1067;-14,1432;-352,4055;633,8108;166,1892;0,0000;-800,0000;-352,4055;2;0
0,0430;-0,3258;-9,4140;10,1536;0,0000;89,2604;-0,3258;258,711;-1,471;450,460;233,275;-15,1534;27,2539;7,1461;0,0000;-34,4000;-15,1534;-352,4055;633,8108;166,1892;0,0000;-800,0000;-352,4055;2;0
0,0459;-0,3707;-9,3333;10,1748;0,0000;89,1585;-0,3707;259,202;-1,677;449,983;249,363;-16,1637;29,0708;7,6225;0,0000;-36,6933;-16,1637;-352,4055;633,8108;166,1892;0,0000;-800,0000;-352,4055;2;0
0,0487;-0,4185;-9,2474;10,1973;0,0000;89,0500;-0,4185;259,724;-1,897;449,474;265,452;-17,1739;30,8877;8,0990;0,0000;-38,9867;-17,1739;-352,4055;633,8108;166,1892;0,0000;-800,0000;-352,4055;2;0
0,0516;-0,4692;-9,1562;10,2212;0,0000;88,9350;-0,4692;260,276;-2,131;448,934;281,540;-18,1841;32,7046;8,5754;0,0000;-41,2800;-18,1841;-352,4055;633,8108;166,1892;0,0000;-800,0000;-352,4055;2;0
0,0545;-0,5227;-9,0599;10,2465;0,0000;88,8134;-0,5227;260,858;-2,380;448,362;297,629;-19,1944;34,5216;9,0518;0,0000;-43,5733;-19,1944;-352,4055;633,8108;166,1892;0,0000;-800,0000;-352,4055;2;0
0,0573;-0,5792;-8,9583;10,2731;0,0000;88,6852;-0,5792;261,470;-2,643;447,758;313,718;-20,2046;36,3385;9,5282;0,0000;-45,8667;-20,2046;-352,4055;633,8108;166,1892;0,0000;-800,0000;-352,4055;2;0
0,0602;-0,6386;-8,8515;10,3011;0,0000;88,5504;-0,6386;262,112;-2,921;447,122;329,806;-21,2148;38,1554;10,0046;0,0000;-48,1600;-21,2148;-352,4055;633,8108;166,1892;0,0000;-800,0000;-352,4055;2;0
0,0631;-0,7008;-8,7395;10,3305;0,0000;88,4090;-0,7008;262,783;-3,214;446,453;345,895;-22,2250;39,9723;10,4810;0,0000;-50,4533;-22,2250;-352,4055;633,8108;166,1892;0,0000;-800,0000;-352,4055;2;0
0,0659;-0,7660;-8,6223;10,3612;0,0000;88,2611;-0,7660;263,483;-3,523;445,752;361,984;-23,2353;41,7893;10,9574;0,0000;-52,7467;-23,2353;-352,4055;633,8108;166,1892;0,0000;-800,0000;-352,4055;2;0
0,0688;-0,8340;-8,4999;10,3933;0,0000;88,1066;-0,8340;264,212;-3,846;445,018;378,074;-24,2455;43,6062;11,4338;0,0000;-55,0400;-24,2455;-352,4055;633,8108;166,1892;0,0000;-800,0000;-352,4055;2;0
0,0717;-0,9050;-8,3723;10,4268;0,0000;87,9456;-0,9050;264,969;-4,186;444,251;394,163;-25,2557;45,4231;11,9102;0,0000;-57,3333;-25,2557;-352,4055;633,8108;166,1892;0,0000;-800,0000;-352,4055;2;0
0,0745;-0,9788;-8,2395;10,4616;0,0000;87,7779;-0,9788;265,754;-4,541;443,451;410,252;-26,2660;47,2400;12,3866;0,0000;-59,6267;-26,2660;-352,4055;633,8108;166,1892;0,0000;-800,0000;-352,4055;2;0
0,0774;-1,0556;-8,1015;10,4978;0,0000;87,6037;-1,0556;266,567;-4,912;442,617;426,342;-27,2762;49,0570;12,8630;0,0000;-61,9200;-27,2762;-352,4055;633,8108;166,1892;0,0000;-800,0000;-352,4055;2;0
0,0803;-1,1352;-7,9583;10,5354;0,0000;87,4229;-1,1352;267,408;-5,299;441,750;442,432;-28,2864;50,8739;13,3395;0,0000;-64,2133;-28,2864;-352,4055;633,8108;166,1892;0,0000;-800,0000;-352,4055;2;0
0,0831;-1,2178;-7,8098;10,5743;0,0000;87,2355;-1,2178;268,275;-5,703;440,849;458,521;-29,2966;52,6908;13,8159;0,0000;-66,5067;-29,2966;-352,4055;633,8108;166,1892;0,0000;-800,0000;-352,4055;2;0
0,0860;-1,3032;-7,6562;10,6146;0,0000;87,0416;-1,3032;269,169;-6,123;439,913;474,611;-30,3069;54,5077;14,2923;0,0000;-68,8000;-30,3069;-352,4055;633,8108;166,1892;0,0000;-800,0000;-352,4055;2;0
0,0889;-1,3915;-7,4973;10,6562;0,0000;86,8411;-1,3915;270,089;-6,561;438,944;490,701;-31,3171;56,3247;14,7687;0,0000;-71,0933;-31,3171;-352,4055;633,8108;166,1892;0,0000;-800,0000;-352,4055;2;0
0,0917;-1,4827;-7,3332;10,6992;0,0000;86,6340;-1,4827;271,035;-7,016;437,939;506,792;-32,3273;58,1416;15,2451;0,0000;-73,3867;-32,3273;-352,4055;633,8108;166,1892;0,0000;-800,0000;-352,4055;2;0
0,0946;-1,5769;-7,1640;10,7436;0,0000;86,4203;-1,5769;272,007;-7,488;436,900;522,882;-33,3376;59,9585;15,7215;0,0000;-75,6800;-33,3376;-352,4055;633,8108;166,1892;0,0000;-800,0000;-352,4055;2;0
0,0975;-1,6739;-6,9895;10,7894;0,0000;86,2001;-1,6739;273,003;-7,978;435,825;538,972;-34,3478;61,7754;16,1979;0,0000;-77,9733;-34,3478;-352,4055;633,8108;166,1892;0,0000;-800,0000;-352,4055;2;0
0,1003;-1,7738;-6,8098;10,8365;0,0000;85,9733;-1,7738;274,024;-8,486;434,716;555,063;-35,3580;63,5923;16,6743;0,0000;-80,2667;-35,3580;-352,4055;633,8108;166,1892;0,0000;-800,0000;-352,4055;2;0
0,1032;-1,8766;-6,6249;10,8850;0,0000;85,7399;-1,8766;275,068;-9,013;433,570;571,153;-36,3682;65,4093;17,1507;0,0000;-82,5600;-36,3682;-352,4055;633,8108;166,1892;0,0000;-800,0000;-352,4055;2;0
0,1061;-1,9823;-6,4348;10,9348;0,0000;85,4999;-1,9823;276,136;-9,558;432,388;587,244;-37,3785;67,2262;17,6271;0,0000;-84,8533;-37,3785;-352,4055;633,8108;166,1892;0,0000;-800,0000;-352,4055;2;0
0,1089;-2,0909;-6,2395;10,9860;0,0000;85,2534;-2,0909;277,227;-10,121;431,170;603,334;-38,3887;69,0431;18,1035;0,0000;-87,1467;-38,3887;-352,4055;633,8108;166,1892;0,0000;-800,0000;-352,4055;2;0
0,1118;-2,2024;-6,0389;11,0386;0,0000;85,0003;-2,2024;278,341;-10,704;429,916;619,424;-39,3989;70,8600;18,5800;0,0000;-89,4400;-39,3989;-352,4055;633,8108;166,1892;0,0000;-800,0000;-352,4055;2;0
0,1147;-2,3168;-5,8332;11,0926;0,0000;84,7406;-2,3168;279,476;-11,307;428,625;635,515;-40,4092;72,6770;19,0564;0,0000;-91,7333;-40,4092;-352,4055;633,8108;166,1892;0,0000;-800,0000;-352,4055;2;0
0,1175;-2,4341;-5,6222;11,1479;0,0000;84,4744;-2,4341;280,632;-11,929;427,296;651,605;-41,4194;74,4939;19,5328;0,0000;-94,0267;-41,4194;-352,4055;633,8108;166,1892;0,0000;-800,0000;-352,4055;2;0
0,1204;-2,5543;-5,4061;11,2046;0,0000;84,2015;-2,5543;281,809;-12,571;425,930;667,695;-42,4296;76,3108;20,0092;0,0000;-96,3200;-42,4296;-352,4055;633,8108;166,1892;0,0000;-800,0000;-352,4055;2;0
0,1233;-2,6773;-5,1847;11,2626;0,0000;83,9221;-2,6773;283,006;-13,234;424,526;683,784;-43,4398;78,1277;20,4856;0,0000;-98,6133;-43,4399;-352,4055;633,8108;166,1892;0,0000;-800,0000;-352,4055;2;0
0,1261;-2,8033;-4,9582;11,3220;0,0000;83,6362;-2,8033;284,222;-13,917;423,084;699,873;-44,4501;79,9447;20,9620;0,0000;-100,9067;-44,4501;-352,4055;633,8108;166,1892;0,0000;-800,0000;-352,4055;2;0
0,1290;-2,9322;-4,7264;11,3828;0,0000;83,3436;-2,9322;285,457;-14,621;421,604;715,962;-45,4603;81,7616;21,4384;0,0000;-103,2000;-45,4603;-352,4055;633,8108;166,1892;0,0000;-800,0000;-352,4055;2;0
0,1319;-3,0640;-4,4894;11,4449;0,0000;83,0445;-3,0640;286,710;-15,347;420,085;732,051;-46,4705;83,5785;21,9148;0,0000;-105,4933;-46,4705;-352,4055;633,8108;166,1892;0,0000;-800,0000;-352,4055;2;0
0,1347;-3,1986;-4,2472;11,5084;0,0000;82,7388;-3,1986;287,980;-16,094;418,526;748,138;-47,4808;85,3954;22,3912;0,0000;-107,7867;-47,4808;-352,4055;633,8108;166,1892;0,0000;-800,0000;-352,4055;2;0
0,1376;-3,3362;-3,9998;11,5733;0,0000;82,4265;-3,3362;289,267;-16,862;416,929;764,225;-48,4910;87,2124;22,8676;0,0000;-110,0800;-48,4910;-352,4055;633,8108;166,1892;0,0000;-800,0000;-352,4055;2;0
0,1405;-3,4766;-3,7472;11,6395;0,0000;82,1076;-3,4766;290,570;-17,653;415,291;780,311;-49,5012;89,0293;23,3440;0,0000;-112,3733;-49,5012;-352,4055;633,8108;166,1892;0,0000;-800,0000;-352,4055;2;0
0,1433;-3,6200;-3,4894;11,7071;0,0000;81,7822;-3,6200;291,888;-18,466;413,614;796,396;-50,5115;90,8462;23,8205;0,0000;-114,6667;-50,5115;-352,4055;633,8108;166,1892;0,0000;-800,0000;-352,4055;2;0
0,1462;-3,7662;-3,2263;11,7761;0,0000;81,4502;-3,7662;293,220;-19,302;411,896;812,480;-51,5217;92,6631;24,2969;0,0000;-116,9600;-51,5217;-352,4055;633,8108;166,1892;0,0000;-800,0000;-352,4055;2;0
0,1491;-3,9154;-2,9581;11,8464;0,0000;81,1117;-3,9154;294,566;-20,161;410,138;828,562;-52,5319;94,4801;24,7733;0,0000;-119,2533;-52,5319;-352,4055;633,8108;166,1892;0,0000;-800,0000;-352,4055;2;0
0,1519;-4,0674;-2,6846;11,9181;0,0000;80,7665;-4,0674;295,925;-21,043;408,338;844,643;-53,5421;96,2970;25,2497;0,0000;-121,5467;-53,5421;-352,4055;633,8108;166,1892;0,0000;-800,0000;-352,4055;2;0
0,1548;-4,2224;-2,4060;11,9912;0,0000;80,4148;-4,2224;297,296;-21,949;406,497;860,722;-54,5524;98,1139;25,7261;0,0000;-123,8400;-54,5524;-352,4055;633,8108;166,1892;0,0000;-800,0000;-352,4055;2;0
0,1577;-4,3802;-2,1221;12,0656;0,0000;80,0565;-4,3802;298,678;-22,878;404,615;876,799;-55,5626;99,9308;26,2025;0,0000;-126,1333;-55,5626;-352,4055;633,8108;166,1892;0,0000;-800,0000;-352,4055;2;0
0,1605;-4,5409;-1,8330;12,1414;0,0000;79,6916;-4,5409;300,070;-23,832;402,690;892,874;-56,5728;101,7478;26,6789;0,0000;-128,4267;-56,5728;-352,4055;633,8108;166,1892;0,0000;-800,0000;-352,4055;2;0
0,1634;-4,7045;-1,5388;12,2186;0,0000;79,3202;-4,7045;301,472;-24,810;400,723;908,947;-57,5831;103,5647;27,1553;0,0000;-130,7200;-57,5831;-352,4055;633,8108;166,1892;0,0000;-800,0000;-352,4055;2;0
0,1663;-4,8711;-1,2393;12,2971;0,0000;78,9422;-4,8711;302,882;-25,812;398,714;925,017;-58,5933;105,3816;27,6317;0,0000;-133,0133;-58,5933;-352,4055;633,8108;166,1892;0,0000;-800,0000;-352,4055;2;0
0,1691;-5,0405;-0,9346;12,3770;0,0000;78,5576;-5,0405;304,299;-26,839;396,661;941,084;-59,6035;107,1985;28,1081;0,0000;-135,3067;-59,6035;-352,4055;633,8108;166,1892;0,0000;-800,0000;-352,4055;2;0
0,1720;-5,2128;-0,6247;12,4583;0,0000;78,1664;-5,2128;305,723;-27,892;394,565;957,147;-60,6137;109,0155;28,5845;0,0000;-137,6000;-60,6137;-352,4055;633,8108;166,1892;0,0000;-800,0000;-352,4055;2;0
0,1749;-5,3880;-0,3096;12,5409;0,0000;77,7687;-5,3880;307,153;-28,970;392,426;973,207;-61,6240;110,8324;29,0610;0,0000;-139,8933;-61,6240;-352,4055;633,8108;166,1892;0,0000;-800,0000;-352,4055;2;0
0,1777;-5,5661;0,0108;12,6249;0,0000;77,3643;-5,5661;308,587;-30,073;390,242;989,263;-62,6342;112,6493;29,5374;0,0000;-142,1867;-62,6342;-352,4055;633,8108;166,1892;0,0000;-800,0000;-352,4055;2;0
0,1806;-5,7471;0,3363;12,7102;0,0000;76,9535;-5,7471;310,025;-31,202;388,014;1005,314;-63,6444;114,4662;30,0138;0,0000;-144,4800;-63,6444;-352,4055;633,8108;166,1892;0,0000;-800,0000;-352,4055;2;0
0,1835;-5,9310;0,6670;12,7970;0,0000;76,5360;-5,9310;311,465;-32,357;385,742;1021,361;-64,6547;116,2831;30,4902;0,0000;-146,7733;-64,6547;-352,4055;633,8108;166,1892;0,0000;-800,0000;-352,4055;2;0
0,1863;-6,1178;1,0030;12,8851;0,0000;76,1120;-6,1178;312,907;-33,538;383,425;1037,402;-65,6649;118,1001;30,9666;0,0000;-149,0667;-65,6649;-352,4055;633,8108;166,1892;0,0000;-800,0000;-352,4055;2;0
0,1892;-6,3075;1,3441;12,9745;0,0000;75,6813;-6,3075;314,350;-34,746;381,062;1053,437;-66,6751;119,9170;31,4430;0,0000;-151,3600;-66,6751;-352,4055;633,8108;166,1892;0,0000;-800,0000;-352,4055;2;0
0,1921;-6,5000;1,6905;13,0653;0,0000;75,2442;-6,5000;315,791;-35,980;378,654;1069,466;-67,6853;121,7339;31,9194;0,0000;-153,6533;-67,6853;-352,4055;633,8108;166,1892;0,0000;-800,0000;-352,4055;2;0
0,1949;-6,6955;2,0421;13,1575;0,0000;74,8004;-6,6955;317,231;-37,241;376,201;1085,488;-68,6956;123,5508;32,3958;0,0000;-155,9467;-68,6956;-352,4055;633,8108;166,1892;0,0000;-800,0000;-352,4055;2;0
0,1978;-6,8939;2,3989;13,2511;0,0000;74,3501;-6,8939;318,668;-38,529;373,701;1101,503;-69,7058;125,3678;32,8722;0,0000;-158,2400;-69,7058;-352,4055;633,8108;166,1892;0,0000;-800,0000;-352,4055;2;0
0,2007;-7,0952;2,7609;13,3460;0,0000;73,8932;-7,0952;320,100;-39,843;371,155;1117,510;-70,7160;127,1847;33,3486;0,0000;-160,5333;-70,7160;-352,4055;633,8108;166,1892;0,0000;-800,0000;-352,4055;2;0
0,2035;-7,2993;3,1281;13,4423;0,0000;73,4297;-7,2993;321,528;-41,185;368,563;1133,508;-71,7263;129,0016;33,8250;0,0000;-162,8267;-71,7263;-352,4055;633,8108;166,1892;0,0000;-800,0000;-352,4055;2;0
0,2064;-7,5064;3,5005;13,5399;0,0000;72,9596;-7,5064;322,949;-42,554;365,923;1149,497;-72,7365;130,8185;34,3015;0,0000;-165,1200;-72,7365;-352,4055;633,8108;166,1892;0,0000;-800,0000;-352,4055;2;0
0,2093;-7,7164;3,8781;13,6389;0,0000;72,4830;-7,7164;324,362;-43,950;363,237;1165,475;-73,7467;132,6355;34,7779;0,0000;-167,4133;-73,7467;-352,4055;633,8108;166,1892;0,0000;-800,0000;-352,4055;2;0
0,2121;-7,9292;4,2609;13,7393;0,0000;71,9998;-7,9292;325,766;-45,373;360,503;1181,443;-74,7570;134,4524;35,2543;0,0000;-169,7067;-74,7570;-352,4055;633,8108;166,1892;0,0000;-800,0000;-352,4055;2;0
0,2150;-8,1450;4,6490;13,8410;0,0000;71,5100;-8,1450;327,160;-46,824;357,722;1197,399;-75,7672;136,2693;35,7307;0,0000;-172,0000;-75,7672;-352,4055;633,8108;166,1892;0,0000;-800,0000;-352,4055;2;0
0,2179;-8,3636;5,0422;13,9442;0,0000;71,0136;-8,3636;328,543;-48,302;354,893;1213,343;-76,7774;138,0862;36,2071;0,0000;-174,2933;-76,7774;-352,4055;633,8108;166,1892;0,0000;-800,0000;-352,4055;2;0
0,2207;-8,5852;5,4406;14,0486;0,0000;70,5107;-8,5852;329,912;-49,807;352,016;1229,273;-77,7876;139,9032;36,6835;0,0000;-176,5867;-77,7876;-352,4055;633,8108;166,1892;0,0000;-800,0000;-352,4055;2;0
0,2236;-8,8096;5,8443;14,1545;0,0000;70,0012;-8,8096;331,268;-51,340;349,092;1245,189;-78,7979;141,7201;37,1599;0,0000;-178,8800;-78,7979;-352,4055;633,8108;166,1892;0,0000;-800,0000;-352,4055;2;0
0,2265;-9,0369;6,2532;14,2617;0,0000;69,4851;-9,0369;332,608;-52,900;346,118;1261,090;-79,8081;143,5370;37,6363;0,0000;-181,1733;-79,8081;-352,4055;633,8108;166,1892;0,0000;-800,0000;-352,4055;2;0
0,2293;-9,2672;6,6673;14,3703;0,0000;68,9625;-9,2672;333,931;-54,487;343,097;1276,975;-80,8183;145,3539;38,1127;0,0000;-183,4667;-80,8183;-352,4055;633,8108;166,1892;0,0000;-800,0000;-352,4055;2;0
0,2322;-9,5003;7,0865;14,4802;0,0000;68,4333;-9,5003;335,236;-56,101;340,026;1292,842;-81,8286;147,1709;38,5891;0,0000;-185,7600;-81,8286;-352,4055;633,8108;166,1892;0,0000;-800,0000;-352,4055;2;0
0,2351;-9,7363;7,5110;14,5915;0,0000;67,8975;-9,7363;336,521;-57,742;336,907;1308,690;-82,8388;148,9878;39,0655;0,0000;-188,0533;-82,8388;-348,9748;627,6406;164,5714;0,0000;-792,2120;-348,9748;2;0
0,2379;-9,9752;7,9407;14,7042;0,0000;67,3551;-9,9752;337,785;-59,410;333,739;1324,519;-83,8293;150,7693;39,5327;0,0000;-190,3020;-83,8293;-280,3377;504,1949;132,2031;0,0000;-636,3981;-280,3377;2;0
0,2408;-10,2169;8,3754;14,8182;0,0000;66,8064;-10,2169;339,026;-61,104;330,524;1339,702;-84,4461;151,8785;39,8235;0,0000;-191,7020;-84,4461;-130,4605;234,6368;61,5233;0,0000;-296,1601;-130,4606;2;0
0,2437;-10,4594;8,8115;14,9325;0,0000;66,2560;-10,4594;340,233;-62,809;327,288;1343,611;-84,5773;152,1146;39,8854;0,0000;-192,0000;-84,5773;-22,8949;41,1771;10,7969;0,0000;-51,9740;-22,8949;2;0
0,2465;-10,7018;9,2476;15,0468;0,0000;65,7056;-10,7018;341,402;-64,520;324,041;1343,335;-84,5773;152,1146;39,8854;0,0000;-192,0000;-84,5773;0,0000;0,0000;0,0000;0,0000;0,0000;0,0000;2;0
0,2494;-10,9443;9,6836;15,1612;0,0000;65,1552;-10,9443;342,532;-66,236;320,786;1343,045;-84,5773;152,1146;39,8854;0,0000;-192,0000;-84,5773;0,0000;-0,0000;-0,0000;-0,0000;0,0000;0,0000;2;0
0,2523;-11,1868;10,1197;15,2755;0,0000;64,6048;-11,1868;343,623;-67,957;317,520;1342,741;-84,5773;152,1146;39,8854;0,0000;-192,0000;-84,5773;-0,0000;0,0000;0,0000;0,0000;-0,0000;-0,0000;2;0
0,2551;-11,4292;10,5558;15,3898;0,0000;64,0544;-11,4292;344,676;-69,682;314,245;1342,423;-84,5773;152,1146;39,8854;0,0000;-192,0000;-84,5773;-0,0000;0,0000;0,0000;0,0000;-0,0000;-0,0000;2;0
0,2580;-11,6717;10,9918;15,5042;0,0000;63,5040;-11,6717;345,691;-71,411;310,961;1342,091;-84,5773;152,1146;39,8854;0,0000;-192,0000;-84,5773;0,0000;-0,0000;-0,0000;-0,0000;0,0000;0,0000;2;0
0,2609;-11,9141;11,4279;15,6185;0,0000;62,9536;-11,9141;346,667;-73,143;307,669;1341,744;-84,5773;152,1146;39,8854;0,0000;-192,0000;-84,5773;0,0000;-0,0000;-0,0000;-0,0000;0,0000;0,0000;2;0
0,2637;-12,1566;11,8639;15,7329;0,0000;62,4032;-12,1566;347,604;-74,879;304,368;1341,382;-84,5773;152,1146;39,8854;0,0000;-192,0000;-84,5773;0,0000;0,0000;0,0000;0,0000;-0,0000;0,0000;2;0
0,2666;-12,3990;12,3000;15,8472;0,0000;61,8528;-12,3990;348,502;-76,617;301,059;1341,005;-84,5773;152,1146;39,8854;0,0000;-192,0000;-84,5773;-0,0000;0,0000;0,0000;0,0000;-0,0000;-0,0000;2;0
0,2695;-12,6415;12,7361;15,9615;0,0000;61,3024;-12,6415;349,362;-78,357;297,742;1340,612;-84,5773;152,1146;39,8854;0,0000;-192,0000;-84,5773;4,4530;-8,0088;-2,1000;-0,0000;10,1088;4,4530;2;0
0,2723;-12,8839;13,1721;16,0759;0,0000;60,7520;-12,8839;350,183;-80,099;294,418;1340,204;-84,5518;152,0687;39,8734;0,0000;-191,9420;-84,5518;76,5149;-137,6141;-36,0833;-0,0000;173,6974;76,5149;2;0
0,2752;-13,1263;13,6079;16,1901;0,0000;60,2019;-13,1263;350,965;-81,842;291,088;1338,971;-84,1386;151,3256;39,6785;0,0000;-191,0041;-84,1386;227,7722;-409,6544;-107,4140;-0,0000;517,0684;227,7722;2;0
0,2781;-13,3663;14,0397;16,3034;0,0000;59,6569;-13,3663;351,701;-83,569;287,782;1326,257;-83,2459;149,7200;39,2575;0,0000;-188,9775;-83,2459;331,9130;-596,9545;-156,5253;-0,0000;753,4798;331,9130;2;0
0,2809;-13,6035;14,4663;16,4152;0,0000;59,1185;-13,6035;352,392;-85,276;284,510;1309,821;-82,2357;147,9031;38,7811;0,0000;-186,6842;-82,2357;352,4055;-633,8108;-166,1892;-0,0000;800,0000;352,4055;2;0
0,2838;-13,8378;14,8877;16,5257;0,0000;58,5866;-13,8378;353,037;-86,961;281,271;1293,385;-81,2254;146,0861;38,3047;0,0000;-184,3909;-81,2254;352,4055;-633,8108;-166,1892;-0,0000;800,0000;352,4055;2;0
0,2867;-14,0692;15,3039;16,6348;0,0000;58,0613;-14,0692;353,639;-88,626;278,067;1276,951;-80,2152;144,2692;37,8283;0,0000;-182,0975;-80,2152;352,4055;-633,8108;-166,1892;-0,0000;800,0000;352,4055;2;0
0,2895;-14,2977;15,7148;16,7426;0,0000;57,5426;-14,2977;354,199;-90,269;274,898;1260,519;-79,2050;142,4523;37,3519;0,0000;-179,8042;-79,2050;352,4055;-633,8108;-166,1892;-0,0000;800,0000;352,4055;2;0
0,2924;-14,5233;16,1206;16,8490;0,0000;57,0304;-14,5233;354,719;-91,891;271,764;1244,091;-78,1947;140,6354;36,8755;0,0000;-177,5109;-78,1947;352,4055;-633,8108;-166,1892;-0,0000;800,0000;352,4055;2;0
0,2953;-14,7460;16,5212;16,9540;0,0000;56,5248;-14,7460;355,198;-93,490;268,666;1227,666;-77,1845;138,8184;36,3991;0,0000;-175,2175;-77,1845;352,4055;-633,8108;-166,1892;-0,0000;800,0000;352,4055;2;0
0,2981;-14,9659;16,9165;17,0577;0,0000;56,0258;-14,9659;355,640;-95,066;265,604;1211,245;-76,1743;137,0015;35,9227;0,0000;-172,9242;-76,1743;352,4055;-633,8108;-166,1892;-0,0000;800,0000;352,4055;2;0
0,3010;-15,1828;17,3066;17,1600;0,0000;55,5334;-15,1828;356,045;-96,620;262,578;1194,830;-75,1641;135,1846;35,4463;0,0000;-170,6309;-75,1641;352,4055;-633,8108;-166,1892;-0,0000;800,0000;352,4055;2;0
0,3039;-15,3968;17,6916;17,2609;0,0000;55,0475;-15,3968;356,414;-98,151;259,590;1178,421;-74,1538;133,3677;34,9699;0,0000;-168,3375;-74,1538;352,4055;-633,8108;-166,1892;-0,0000;800,0000;352,4055;2;0
0,3067;-15,6079;18,0713;17,3605;0,0000;54,5683;-15,6079;356,748;-99,659;256,639;1162,018;-73,1436;131,5507;34,4934;0,0000;-166,0442;-73,1436;352,4055;-633,8108;-166,1892;-0,0000;800,0000;352,4055;2;0
0,3096;-15,8162;18,4458;17,4587;0,0000;54,0956;-15,8162;357,050;-101,144;253,725;1145,622;-72,1334;129,7338;34,0170;0,0000;-163,7509;-72,1334;352,4055;-633,8108;-166,1892;-0,0000;800,0000;352,4055;2;0
0,3125;-16,0215;18,8151;17,5555;0,0000;53,6294;-16,0215;357,320;-102,605;250,849;1129,234;-71,1231;127,9169;33,5406;0,0000;-161,4575;-71,1231;352,4055;-633,8108;-166,1892;-0,0000;800,0000;352,4055;2;0
0,3153;-16,2239;19,1792;17,6510;0,0000;53,1699;-16,2239;357,559;-104,042;248,011;1112,854;-70,1129;126,1000;33,0642;0,0000;-159,1642;-70,1129;352,4055;-633,8108;-166,1892;-0,0000;800,0000;352,4055;2;0
0,3182;-16,4235;19,5380;17,7451;0,0000;52,7169;-16,4235;357,768;-105,456;245,211;1096,484;-69,1027;124,2830;32,5878;0,0000;-156,8709;-69,1027;352,4055;-633,8108;-166,1892;-0,0000;800,0000;352,4055;2;0
0,3211;-16,6201;19,8917;17,8378;0,0000;52,2705;-16,6201;357,949;-106,846;242,450;1080,122;-68,0925;122,4661;32,1114;0,0000;-154,5775;-68,0925;352,4055;-633,8108;-166,1892;-0,0000;800,0000;352,4055;2;0
0,3239;-16,8139;20,2402;17,9292;0,0000;51,8306;-16,8139;358,103;-108,212;239,728;1063,771;-67,0822;120,6492;31,6350;0,0000;-152,2842;-67,0822;352,4055;-633,8108;-166,1892;-0,0000;800,0000;352,4055;2;0
0,3268;-17,0047;20,5834;18,0192;0,0000;51,3974;-17,0047;358,231;-109,555;237,046;1047,430;-66,0720;118,8323;31,1586;0,0000;-149,9909;-66,0720;352,4055;-633,8108;-166,1892;-0,0000;800,0000;352,4055;2;0
0,3297;-17,1927;20,9215;18,1078;0,0000;50,9707;-17,1927;358,334;-110,873;234,402;1031,100;-65,0618;117,0153;30,6822;0,0000;-147,6975;-65,0618;352,4055;-633,8108;-166,1892;-0,0000;800,0000;352,4055;2;0
0,3325;-17,3777;21,2543;18,1951;0,0000;50,5506;-17,3777;358,414;-112,167;231,798;1014,782;-64,0515;115,1984;30,2058;0,0000;-145,4042;-64,0515;352,4055;-633,8108;-166,1892;-0,0000;800,0000;352,4055;2;0
0,3354;-17,5599;21,5820;18,2810;0,0000;50,1370;-17,5599;358,470;-113,437;229,234;998,476;-63,0413;113,3815;29,7294;0,0000;-143,1109;-63,0413;352,4055;-633,8108;-166,1892;-0,0000;800,0000;352,4055;2;0
0,3383;-17,7392;21,9044;18,3655;0,0000;49,7301;-17,7392;358,505;-114,684;226,709;982,181;-62,0311;111,5646;29,2529;0,0000;-140,8175;-62,0311;352,4055;-633,8108;-166,1892;-0,0000;800,0000;352,4055;2;0
0,3411;-17,9156;22,2216;18,4487;0,0000;49,3297;-17,9156;358,519;-115,906;224,225;965,900;-61,0209;109,7477;28,7765;0,0000;-138,5242;-61,0209;352,4055;-633,8108;-166,1892;-0,0000;800,0000;352,4055;2;0
0,3440;-18,0890;22,5336;18,5305;0,0000;48,9359;-18,0890;358,514;-117,104;221,780;949,632;-60,0106;107,9307;28,3001;0,0000;-136,2309;-60,0106;352,4055;-633,8108;-166,1892;-0,0000;800,0000;352,4055;2;0
0,3469;-18,2596;22,8404;18,6110;0,0000;48,5486;-18,2596;358,490;-118,279;219,376;933,377;-59,0004;106,1138;27,8237;0,0000;-133,9375;-59,0004;352,4055;-633,8108;-166,1892;-0,0000;800,0000;352,4055;2;0
0,3497;-18,4273;23,1420;18,6900;0,0000;48,1680;-18,4273;358,448;-119,430;217,013;917,136;-57,9902;104,2969;27,3473;0,0000;-131,6442;-57,9902;352,4055;-633,8108;-166,1892;-0,0000;800,0000;352,4055;2;0
0,3526;-18,5921;23,4384;18,7678;0,0000;47,7939;-18,5921;358,390;-120,556;214,690;900,909;-56,9799;102,4800;26,8709;0,0000;-129,3509;-56,9799;352,4055;-633,8108;-166,1892;-0,0000;800,0000;352,4055;2;0
0,3555;-18,7540;23,7295;18,8441;0,0000;47,4264;-18,7540;358,316;-121,660;212,407;884,696;-55,9697;100,6630;26,3945;0,0000;-127,0575;-55,9697;352,4055;-633,8108;-166,1892;-0,0000;800,0000;352,4055;2;0
0,3583;-18,9130;24,0155;18,9191;0,0000;47,0654;-18,9130;358,227;-122,739;210,166;868,498;-54,9595;98,8461;25,9181;0,0000;-124,7642;-54,9595;352,4055;-633,8108;-166,1892;-0,0000;800,0000;352,4055;2;0
0,3612;-19,0691;24,2963;18,9927;0,0000;46,7110;-19,0691;358,125;-123,795;207,965;852,315;-53,9492;97,0292;25,4417;0,0000;-122,4709;-53,9493;352,4055;-633,8108;-166,1892;-0,0000;800,0000;352,4055;2;0
0,3641;-19,2223;24,5718;19,0649;0,0000;46,3632;-19,2223;358,009;-124,828;205,805;836,146;-52,9390;95,2123;24,9653;0,0000;-120,1775;-52,9390;352,4055;-633,8108;-166,1892;-0,0000;800,0000;352,4055;2;0
0,3669;-19,3726;24,8421;19,1358;0,0000;46,0220;-19,3726;357,881;-125,838;203,686;819,993;-51,9288;93,3953;24,4889;0,0000;-117,8842;-51,9288;352,4055;-633,8108;-166,1892;-0,0000;800,0000;352,4055;2;0
0,3698;-19,5200;25,1073;19,2054;0,0000;45,6874;-19,5200;357,743;-126,824;201,608;803,856;-50,9186;91,5784;24,0124;0,0000;-115,5909;-50,9186;352,4055;-633,8108;-166,1892;-0,0000;800,0000;352,4055;2;0
0,3727;-19,6645;25,3672;19,2735;0,0000;45,3593;-19,6645;357,593;-127,787;199,571;787,734;-49,9083;89,7615;23,5360;0,0000;-113,2975;-49,9083;352,4055;-633,8108;-166,1892;-0,0000;800,0000;352,4055;2;0
0,3755;-19,8062;25,6219;19,3403;0,0000;45,0378;-19,8062;357,434;-128,728;197,575;771,627;-48,8981;87,9446;23,0596;0,0000;-111,0042;-48,8981;352,4055;-633,8108;-166,1892;-0,0000;800,0000;352,4055;2;0
0,3784;-19,9449;25,8714;19,4057;0,0000;44,7229;-19,9449;357,267;-129,645;195,620;755,536;-47,8879;86,1276;22,5832;0,0000;-108,7109;-47,8879;352,4055;-633,8108;-166,1892;-0,0000;800,0000;352,4055;2;0
0,3813;-20,0807;26,1157;19,4698;0,0000;44,4145;-20,0807;357,091;-130,541;193,707;739,461;-46,8776;84,3107;22,1068;0,0000;-106,4175;-46,8776;352,4055;-633,8108;-166,1892;-0,0000;800,0000;352,4055;2;0
0,3841;-20,2136;26,3548;19,5325;0,0000;44,1127;-20,2136;356,908;-131,413;191,835;723,402;-45,8674;82,4938;21,6304;0,0000;-104,1242;-45,8674;352,4055;-633,8108;-166,1892;-0,0000;800,0000;352,4055;2;0
0,3870;-20,3437;26,5887;19,5938;0,0000;43,8175;-20,3437;356,719;-132,264;190,003;707,358;-44,8572;80,6769;21,1540;0,0000;-101,8309;-44,8572;352,4055;-633,8108;-166,1892;-0,0000;800,0000;352,4055;2;0
0,3899;-20,4708;26,8173;19,6537;0,0000;43,5289;-20,4708;356,523;-133,092;188,214;691,331;-43,8470;78,8599;20,6776;0,0000;-99,5375;-43,8470;352,4055;-633,8108;-166,1892;-0,0000;800,0000;352,4055;2;0
0,3927;-20,5951;27,0408;19,7123;0,0000;43,2469;-20,5951;356,323;-133,898;186,465;675,319;-42,8367;77,0430;20,2012;0,0000;-97,2442;-42,8367;352,4055;-633,8108;-166,1892;-0,0000;800,0000;352,4055;2;0
0,3956;-20,7164;27,2591;19,7696;0,0000;42,9714;-20,7164;356,118;-134,683;184,758;659,323;-41,8265;75,2261;19,7248;0,0000;-94,9509;-41,8265;352,4055;-633,8108;-166,1892;-0,0000;800,0000;352,4055;2;0
0,3985;-20,8349;27,4721;19,8254;0,0000;42,7025;-20,8349;355,910;-135,445;183,092;643,342;-40,8163;73,4092;19,2484;0,0000;-92,6575;-40,8163;352,4055;-633,8108;-166,1892;-0,0000;800,0000;352,4055;2;0
0,4013;-20,9504;27,6799;19,8799;0,0000;42,4401;-20,9504;355,698;-136,187;181,467;627,377;-39,8060;71,5922;18,7719;0,0000;-90,3642;-39,8060;352,4055;-633,8108;-166,1892;-0,0000;800,0000;352,4055;2;0
0,4042;-21,0631;27,8826;19,9330;0,0000;42,1844;-21,0631;355,484;-136,907;179,883;611,428;-38,7958;69,7753;18,2955;0,0000;-88,0709;-38,7958;352,4055;-633,8108;-166,1892;-0,0000;800,0000;352,4055;2;0
0,4071;-21,1729;28,0800;19,9848;0,0000;41,9352;-21,1729;355,268;-137,606;178,341;595,494;-37,7856;67,9584;17,8191;0,0000;-85,7775;-37,7856;352,4055;-633,8108;-166,1892;-0,0000;800,0000;352,4055;2;0
0,4099;-21,2797;28,2722;20,0352;0,0000;41,6926;-21,2797;355,051;-138,284;176,840;579,575;-36,7754;66,1415;17,3427;0,0000;-83,4842;-36,7754;352,4055;-633,8108;-166,1892;-0,0000;800,0000;352,4055;2;0
0,4128;-21,3837;28,4592;20,0842;0,0000;41,4566;-21,3837;354,833;-138,941;175,380;563,671;-35,7651;64,3245;16,8663;0,0000;-81,1909;-35,7651;352,4055;-633,8108;-166,1892;-0,0000;800,0000;352,4055;2;0
0,4157;-21,4848;28,6410;20,1319;0,0000;41,2271;-21,4848;354,615;-139,578;173,961;547,782;-34,7549;62,5076;16,3899;0,0000;-78,8975;-34,7549;352,4055;-633,8108;-166,1892;-0,0000;800,0000;352,4055;2;0
0,4185;-21,5830;28,8176;20,1782;0,0000;41,0042;-21,5830;354,397;-140,194;172,583;531,908;-33,7447;60,6907;15,9135;0,0000;-76,6042;-33,7447;352,4055;-633,8108;-166,1892;-0,0000;800,0000;352,4055;2;0
0,4214;-21,6783;28,9889;20,2231;0,0000;40,7879;-21,6783;354,180;-140,790;171,247;516,048;-32,7344;58,8738;15,4371;0,0000;-74,3109;-32,7344;352,4055;-633,8108;-166,1892;-0,0000;800,0000;352,4055;2;0
0,4243;-21,7707;29,1551;20,2667;0,0000;40,5782;-21,7707;353,965;-141,366;169,951;500,202;-31,7242;57,0568;14,9607;0,0000;-72,0175;-31,7242;352,4055;-633,8108;-166,1892;-0,0000;800,0000;352,4055;2;0
0,4271;-21,8601;29,3161;20,3089;0,0000;40,3750;-21,8601;353,752;-141,921;168,697;484,370;-30,7140;55,2399;14,4843;0,0000;-69,7242;-30,7140;352,4055;-633,8108;-166,1892;-0,0000;800,0000;352,4055;2;0
0,4300;-21,9467;29,4718;20,3498;0,0000;40,1784;-21,9467;353,541;-142,458;167,484;468,552;-29,7038;53,4230;14,0079;0,0000;-67,4309;-29,7038;352,4055;-633,8108;-166,1892;-0,0000;800,0000;352,4055;2;0
0,4329;-22,0305;29,6224;20,3892;0,0000;39,9884;-22,0305;353,332;-142,974;166,311;452,747;-28,6935;51,6061;13,5314;0,0000;-65,1375;-28,6935;352,4055;-633,8108;-166,1892;-0,0000;800,0000;352,4055;2;0
0,4357;-22,1113;29,7677;20,4273;0,0000;39,8050;-22,1113;353,128;-143,471;165,180;436,955;-27,6833;49,7892;13,0550;0,0000;-62,8442;-27,6833;352,4055;-633,8108;-166,1892;-0,0000;800,0000;352,4055;2;0
0,4386;-22,1892;29,9078;20,4641;0,0000;39,6281;-22,1892;352,926;-143,949;164,089;421,176;-26,6731;47,9722;12,5786;0,0000;-60,5509;-26,6731;352,4055;-633,8108;-166,1892;-0,0000;800,0000;352,4055;2;0
0,4415;-22,2642;30,0427;20,4995;0,0000;39,4578;-22,2642;352,729;-144,407;163,040;405,410;-25,6628;46,1553;12,1022;0,0000;-58,2575;-25,6628;352,4055;-633,8108;-166,1892;-0,0000;800,0000;352,4055;2;0
0,4443;-22,3363;30,1724;20,5335;0,0000;39,2941;-22,3363;352,537;-144,847;162,031;389,655;-24,6526;44,3384;11,6258;0,0000;-55,9642;-24,6526;352,4055;-633,8108;-166,1892;-0,0000;800,0000;352,4055;2;0
0,4472;-22,4055;30,2969;20,5661;0,0000;39,1369;-22,4055;352,349;-145,267;161,063;373,912;-23,6424;42,5215;11,1494;0,0000;-53,6709;-23,6424;352,4055;-633,8108;-166,1892;-0,0000;800,0000;352,4055;2;0
0,4501;-22,4719;30,4162;20,5974;0,0000;38,9864;-22,4719;352,166;-145,669;160,136;358,181;-22,6321;40,7045;10,6730;0,0000;-51,3775;-22,6321;352,4055;-633,8108;-166,1892;-0,0000;800,0000;352,4055;2;0
0,4529;-22,5353;30,5303;20,6273;0,0000;38,8424;-22,5353;351,990;-146,053;159,250;342,461;-21,6219;38,8876;10,1966;0,0000;-49,0842;-21,6219;352,4055;-633,8108;-166,1892;-0,0000;800,0000;352,4055;2;0
0,4558;-22,5958;30,6392;20,6559;0,0000;38,7050;-22,5958;351,819;-146,418;158,404;326,751;-20,6117;37,0707;9,7202;0,0000;-46,7909;-20,6117;352,4055;-633,8108;-166,1892;-0,0000;800,0000;352,4055;2;0
0,4587;-22,6535;30,7429;20,6830;0,0000;38,5741;-22,6535;351,654;-146,764;157,600;311,051;-19,6015;35,2538;9,2438;0,0000;-44,4975;-19,6015;352,4055;-633,8108;-166,1892;-0,0000;800,0000;352,4055;2;0
0,4615;-22,7082;30,8413;20,7089;0,0000;38,4498;-22,7082;351,495;-147,093;156,835;295,361;-18,5912;33,4368;8,7674;0,0000;-42,2042;-18,5912;352,4055;-633,8108;-166,1892;-0,0000;800,0000;352,4055;2;0
0,4644;-22,7600;30,9346;20,7333;0,0000;38,3321;-22,7600;351,344;-147,403;156,112;279,680;-17,5810;31,6199;8,2909;0,0000;-39,9109;-17,5810;352,4055;-633,8108;-166,1892;-0,0000;800,0000;352,4055;2;0
0,4673;-22,8090;31,0226;20,7564;0,0000;38,2210;-22,8090;351,199;-147,695;155,429;264,008;-16,5708;29,8030;7,8145;0,0000;-37,6175;-16,5708;352,4055;-633,8108;-166,1892;-0,0000;800,0000;352,4055;2;0
0,4701;-22,8551;31,1054;20,7781;0,0000;38,1165;-22,8551;351,062;-147,970;154,786;248,345;-15,5605;27,9861;7,3381;0,0000;-35,3242;-15,5605;352,4055;-633,8108;-166,1892;-0,0000;800,0000;352,4055;2;0
0,4730;-22,8982;31,1830;20,7985;0,0000;38,0185;-22,8982;350,932;-148,227;154,185;232,690;-14,5503;26,1691;6,8617;0,0000;-33,0309;-14,5503;352,4055;-633,8108;-166,1892;-0,0000;800,0000;352,4055;2;0
0,4759;-22,9385;31,2555;20,8174;0,0000;37,9271;-22,9385;350,810;-148,466;153,623;217,042;-13,5401;24,3522;6,3853;0,0000;-30,7375;-13,5401;352,4055;-633,8108;-166,1892;-0,0000;800,0000;352,4055;2;0
0,4787;-22,9758;31,3227;20,8351;0,0000;37,8423;-22,9758;350,696;-148,687;153,102;201,401;-12,5299;22,5353;5,9089;0,0000;-28,4442;-12,5299;352,4055;-633,8108;-166,1892;-0,0000;800,0000;352,4055;2;0
0,4816;-23,0103;31,3847;20,8513;0,0000;37,7640;-23,0103;350,590;-148,891;152,622;185,767;-11,5196;20,7184;5,4325;0,0000;-26,1509;-11,5196;352,4055;-633,8108;-166,1892;-0,0000;800,0000;352,4055;2;0
0,4845;-23,0419;31,4415;20,8662;0,0000;37,6923;-23,0419;350,493;-149,078;152,182;170,139;-10,5094;18,9014;4,9561;0,0000;-23,8575;-10,5094;352,4055;-633,8108;-166,1892;-0,0000;800,0000;352,4055;2;0
0,4873;-23,0706;31,4930;20,8797;0,0000;37,6272;-23,0706;350,404;-149,247;151,783;154,516;-9,4992;17,0845;4,4797;0,0000;-21,5642;-9,4992;352,4055;-633,8108;-166,1892;-0,0000;800,0000;352,4055;2;0
0,4902;-23,0963;31,5394;20,8919;0,0000;37,5687;-23,0963;350,323;-149,399;151,424;138,899;-8,4889;15,2676;4,0033;0,0000;-19,2709;-8,4889;352,4055;-633,8108;-166,1892;-0,0000;800,0000;352,4055;2;0
0,4931;-23,1192;31,5806;20,9027;0,0000;37,5167;-23,1192;350,251;-149,534;151,105;123,286;-7,4787;13,4507;3,5269;0,0000;-16,9775;-7,4787;352,4055;-633,8108;-166,1892;-0,0000;800,0000;352,4055;2;0
0,4959;-23,1392;31,6165;20,9121;0,0000;37,4714;-23,1392;350,188;-149,651;150,826;107,677;-6,4685;11,6337;3,0504;0,0000;-14,6842;-6,4685;352,4055;-633,8108;-166,1892;-0,0000;800,0000;352,4055;2;0
0,4988;-23,1563;31,6473;20,9202;0,0000;37,4326;-23,1563;350,134;-149,752;150,588;92,072;-5,4583;9,8168;2,5740;0,0000;-12,3909;-5,4583;352,4055;-633,8108;-166,1892;-0,0000;800,0000;352,4055;2;0
0,5017;-23,1705;31,6728;20,9269;0,0000;37,4003;-23,1705;350,089;-149,835;150,391;76,470;-4,4480;7,9999;2,0976;0,0000;-10,0975;-4,4480;352,4055;-633,8108;-166,1892;-0,0000;800,0000;352,4055;2;0
0,5045;-23,1818;31,6931;20,9322;0,0000;37,3747;-23,1818;350,053;-149,902;150,233;60,870;-3,4378;6,1830;1,6212;0,0000;-7,8042;-3,4378;352,4055;-633,8108;-166,1892;-0,0000;800,0000;352,4055;2;0
0,5074;-23,1902;31,7083;20,9362;0,0000;37,3556;-23,1902;350,027;-149,951;150,116;45,273;-2,4276;4,3660;1,1448;0,0000;-5,5109;-2,4276;352,4055;-633,8108;-166,1892;-0,0000;800,0000;352,4055;2;0
0,5103;-23,1957;31,7182;20,9388;0,0000;37,3431;-23,1957;350,009;-149,983;150,040;29,677;-1,4173;2,5491;0,6684;0,0000;-3,2175;-1,4173;336,7048;-605,5726;-158,7850;-0,0000;764,3576;336,7048;2;0
0,5131;-23,1984;31,7229;20,9400;0,0000;37,3371;-23,1984;350,001;-149,999;150,003;14,082;-0,4971;0,8941;0,2344;0,0000;-1,1285;-0,4971;240,0564;-406,1360;-109,0607;-0,0000;515,1967;240,0564;2;0
0,5160;-23,1986;31,7233;20,9401;0,0000;37,3366;-23,1986;350,000;-150,000;150,000;1,266;-0,0410;0,2206;0,0431;0,0000;-0,2637;-0,0410;86,7082;-53,4974;-24,3076;-0,0000;77,8050;86,7082;2;0
0,5189;-23,1986;31,7241;20,9402;0,0000;37,3356;-23,1986;350,000;-150,000;149,994;2,150;0,0000;0,5874;0,0951;0,0000;-0,6825;-0,0000;7,1538;166,4322;25,6287;0,0000;-192,0609;7,1538;3;0
0,5217;-23,1986;31,7267;20,9407;0,0000;37,3327;-23,1986;350,000;-150,000;149,975;6,450;0,0000;1,1748;0,1901;0,0000;-1,3649;-0,0000;-0,0000;204,9471;33,0942;0,0000;-238,0413;-0,0000;3;0
0,5246;-23,1986;31,7309;20,9413;0,0000;37,3278;-23,1986;350,000;-150,000;149,945;10,750;-0,0000;1,7624;0,2848;0,0000;-2,0472;-0,0000;0,0000;205,0112;32,9989;0,0000;-238,0101;-0,0000;3;0
0,5275;-23,1986;31,7368;20,9423;0,0000;37,3209;-23,1986;350,000;-150,000;149,901;15,050;0,0000;2,3502;0,3792;0,0000;-2,7295;-0,0000;0,0000;205,1013;32,8650;0,0000;-237,9663;-0,0000;3;0
0,5303;-23,1986;31,7443;20,9435;0,0000;37,3121;-23,1986;350,000;-150,000;149,846;19,350;0,0000;2,9383;0,4732;0,0000;-3,4116;-0,0000;-0,0000;205,2172;32,6928;0,0000;-237,9100;-0,0000;3;0
0,5332;-23,1986;31,7536;20,9450;0,0000;37,3014;-23,1986;350,000;-150,000;149,778;23,650;-0,0000;3,5268;0,5667;0,0000;-4,0935;-0,0000;-0,0000;205,3587;32,4823;0,0000;-237,8410;-0,0000;3;0
0,5361;-23,1986;31,7646;20,9468;0,0000;37,2887;-23,1986;350,000;-150,000;149,698;27,950;-0,0000;4,1157;0,6595;0,0000;-4,7752;-0,0000;0,0000;205,5259;32,2335;0,0000;-237,7594;-0,0000;3;0
0,5389;-23,1986;31,7772;20,9488;0,0000;37,2740;-23,1986;350,000;-150,000;149,606;32,250;0,0000;4,7051;0,7515;0,0000;-5,4566;-0,0000;0,0000;205,7187;31,9465;0,0000;-237,6652;-0,0000;3;0
0,5418;-23,1986;31,7915;20,9511;0,0000;37,2574;-23,1986;350,000;-150,000;149,501;36,550;0,0000;5,2952;0,8426;0,0000;-6,1378;-0,0000;-0,0000;205,9370;31,6212;0,0000;-237,5582;-0,0000;3;0
0,5447;-23,1986;31,8076;20,9536;0,0000;37,2388;-23,1986;350,000;-150,000;149,384;40,850;-0,0000;5,8858;0,9328;0,0000;-6,8186;-0,0000;-0,0000;206,1809;31,2576;0,0000;-237,4385;-0,0000;3;0
0,5475;-23,1986;31,8253;20,9564;0,0000;37,2183;-23,1986;350,000;-150,000;149,254;45,150;-0,0000;6,4773;1,0218;0,0000;-7,4991;-0,0000;-0,0000;206,4502;30,8557;0,0000;-237,3059;-0,0000;3;0
0,5504;-23,1986;31,8447;20,9595;0,0000;37,1958;-23,1986;350,000;-150,000;149,112;49,450;-0,0000;7,0695;1,1097;0,0000;-8,1792;-0,0000;0,0000;206,7448;30,4155;0,0000;-237,1604;-0,0000;3;0
0,5533;-23,1986;31,8658;20,9628;0,0000;37,1714;-23,1986;350,000;-150,000;148,958;53,750;0,0000;7,6626;1,1962;0,0000;-8,8588;-0,0000;0,0000;207,0648;29,9371;0,0000;-237,0019;-0,0000;3;0
0,5561;-23,1986;31,8886;20,9663;0,0000;37,1450;-23,1986;350,000;-150,000;148,792;58,050;0,0000;8,2567;1,2813;0,0000;-9,5380;-0,0000;-0,0000;207,4100;29,4203;0,0000;-236,8303;-0,0000;3;0
0,5590;-23,1986;31,9132;20,9701;0,0000;37,1167;-23,1986;350,000;-150,000;148,613;62,350;0,0000;8,8518;1,3649;0,0000;-10,2167;-0,0000;0,0000;207,7804;28,8653;0,0000;-236,6456;-0,0000;3;0
0,5619;-23,1986;31,9394;20,9742;0,0000;37,0865;-23,1986;350,000;-150,000;148,422;66,650;0,0000;9,4479;1,4468;0,0000;-10,8948;-0,0000;-0,0000;208,1758;28,2719;0,0000;-236,4476;-0,0000;3;0
0,5647;-23,1986;31,9673;20,9784;0,0000;37,0543;-23,1986;350,000;-150,000;148,219;70,950;-0,0000;10,0453;1,5270;0,0000;-11,5723;-0,0000;-0,0000;208,5961;27,6402;0,0000;-236,2363;-0,0000;3;0
0,5676;-23,1986;31,9970;20,9829;0,0000;37,0201;-23,1986;350,000;-150,000;148,003;75,250;-0,0000;10,6439;1,6053;0,0000;-12,2492;-0,0000;0,0000;209,0413;26,9702;0,0000;-236,0115;-0,0000;3;0
0,5705;-23,1986;32,0283;20,9876;0,0000;36,9840;-23,1986;350,000;-150,000;147,775;79,550;-0,0000;11,2438;1,6816;0,0000;-12,9254;-0,0000;0,0000;209,5112;26,2619;0,0000;-235,7730;-0,0000;3;0
0,5733;-23,1986;32,0614;20,9926;0,0000;36,9460;-23,1986;350,000;-150,000;147,535;83,850;0,0000;11,8451;1,7559;0,0000;-13,6010;-0,0000;0,0000;210,0057;25,5152;0,0000;-235,5209;-0,0000;3;0
0,5762;-23,1986;32,0963;20,9977;0,0000;36,9060;-23,1986;350,000;-150,000;147,282;88,150;0,0000;12,4478;1,8279;0,0000;-14,2757;-0,0000;0,0000;211,0604;23,9237;0,0000;-234,9841;-0,0000;3;0
0,5791;-23,1986;32,1328;21,0030;0,0000;36,8642;-23,1986;350,000;-150,000;147,017;92,450;0,0000;13,0552;1,8930;0,0000;-14,9482;-0,0000;-0,0000;211,6518;23,0270;0,0000;-234,6788;-0,0000;3;0
0,5819;-23,1986;32,1711;21,0085;0,0000;36,8203;-23,1986;350,000;-150,000;146,740;96,752;0,0000;13,6613;1,9599;0,0000;-15,6212;-0,0000;-0,0000;211,1977;23,7018;0,0000;-234,8995;-0,0000;3;0
0,5848;-23,1986;32,2111;21,0143;0,0000;36,7746;-23,1986;350,000;-150,000;146,450;101,050;0,0000;14,2660;2,0289;0,0000;-16,2950;-0,0000;0,0000;211,7452;22,8687;0,0000;-234,6139;-0,0000;3;0
0,5877;-23,1986;32,2529;21,0202;0,0000;36,7269;-23,1986;350,000;-150,000;146,148;105,350;0,0000;14,8753;2,0910;0,0000;-16,9664;-0,0000;0,0000;212,8504;21,1940;0,0000;-234,0443;-0,0000;3;0
0,5905;-23,1986;32,2964;21,0263;0,0000;36,6773;-23,1986;350,000;-150,000;145,834;109,650;0,0000;15,4864;2,1504;0,0000;-17,6368;-0,0000;-0,0000;213,4895;20,2172;0,0000;-233,7067;-0,0000;3;0
0,5934;-23,1986;32,3417;21,0325;0,0000;36,6258;-23,1986;350,000;-150,000;145,507;113,950;0,0000;16,0993;2,2070;0,0000;-18,3063;-0,0000;0,0000;214,1522;19,2021;0,0000;-233,3543;-0,0000;3;0
0,5963;-23,1986;32,3887;21,0389;0,0000;36,5724;-23,1986;350,000;-150,000;145,168;118,250;0,0000;16,7142;2,2605;0,0000;-18,9747;-0,0000;0,0000;214,8384;18,1485;0,0000;-232,9869;-0,0000;3;0
0,5991;-23,1986;32,4375;21,0455;0,0000;36,5170;-23,1986;350,000;-150,000;144,817;122,550;0,0000;17,3311;2,3110;0,0000;-19,6421;-0,0000;0,0000;215,5477;17,0566;0,0000;-232,6043;-0,0000;3;0
0,6020;-23,1986;32,4881;21,0522;0,0000;36,4598;-23,1986;350,000;-150,000;144,453;126,850;0,0000;17,9500;2,3583;0,0000;-20,3083;-0,0000;-0,0000;216,2800;15,9263;0,0000;-232,2063;-0,0000;3;0
0,6049;-23,1986;32,5404;21,0590;0,0000;36,4006;-23,1986;350,000;-150,000;144,077;131,150;0,0000;18,5711;2,4023;0,0000;-20,9734;-0,0000;-0,0000;217,0352;14,7576;0,0000;-231,7928;-0,0000;3;0
0,6077;-23,1986;32,5946;21,0659;0,0000;36,3395;-23,1986;350,000;-150,000;143,689;135,450;0,0000;19,1943;2,4429;0,0000;-21,6373;-0,0000;0,0000;217,8130;13,5505;0,0000;-231,3634;-0,0000;3;0
0,6106;-23,1986;32,6505;21,0730;0,0000;36,2765;-23,1986;350,000;-150,000;143,288;139,750;0,0000;19,8199;2,4800;0,0000;-22,2999;-0,0000;-0,0000;218,6132;12,3049;0,0000;-230,9181;-0,0000;3;0
0,6135;-23,1986;32,7082;21,0802;0,0000;36,2117;-23,1986;350,000;-150,000;142,875;144,050;0,0000;20,4477;2,5135;0,0000;-22,9612;-0,0000;-0,0000;219,4355;11,0210;0,0000;-230,4565;-0,0000;3;0
0,6163;-23,1986;32,7677;21,0874;0,0000;36,1449;-23,1986;350,000;-150,000;142,450;148,350;0,0000;21,0780;2,5432;0,0000;-23,6211;-0,0000;-0,0000;220,2798;9,6986;0,0000;-229,9784;-0,0000;3;0
0,6192;-23,1986;32,8290;21,0947;0,0000;36,0762;-23,1986;350,000;-150,000;142,012;152,650;0,0000;21,7106;2,5691;0,0000;-24,2797;-0,0000;0,0000;221,1459;8,3377;0,0000;-229,4836;-0,0000;3;0
0,6221;-23,1986;32,8922;21,1021;0,0000;36,0057;-23,1986;350,000;-150,000;141,562;156,950;0,0000;22,3459;2,5910;0,0000;-24,9369;-0,0000;0,0000;222,0334;6,9384;0,0000;-228,9718;-0,0000;3;0
0,6249;-23,1986;32,9572;21,1096;0,0000;35,9333;-23,1986;350,000;-150,000;141,100;161,250;0,0000;22,9836;2,6089;0,0000;-25,5925;-0,0000;0,0000;222,9421;5,5007;0,0000;-228,4428;-0,0000;3;0
0,6278;-23,1986;33,0240;21,1171;0,0000;35,8589;-23,1986;350,000;-150,000;140,626;165,550;0,0000;23,6241;2,6225;0,0000;-26,2466;-0,0000;-0,0000;223,8718;4,0245;0,0000;-227,8964;-0,0000;3;0
0,6307;-23,1986;33,0926;21,1246;0,0000;35,7828;-23,1986;350,000;-150,000;140,139;169,850;0,0000;24,2672;2,6319;0,0000;-26,8991;-0,0000;-0,0000;224,8222;2,5099;0,0000;-227,3321;-0,0000;3;0
0,6335;-23,1986;33,1631;21,1322;0,0000;35,7047;-23,1986;350,000;-150,000;139,639;174,150;0,0000;24,9130;2,6369;0,0000;-27,5500;-0,0000;0,0000;225,7931;0,9568;0,0000;-226,7498;-0,0000;3;0
0,6364;-23,1986;33,2354;21,1397;0,0000;35,6248;-23,1986;350,000;-150,000;139,128;178,450;0,0000;25,5617;2,6374;0,0000;-28,1991;-0,0000;0,0000;226,7840;-0,6348;0,0000;-226,1492;-0,0000;3;0
0,6393;-23,1986;33,3096;21,1473;0,0000;35,5431;-23,1986;350,000;-150,000;138,604;182,750;0,0000;26,2133;2,6333;0,0000;-28,8466;-0,0000;0,0000;227,7949;-2,2648;0,0000;-225,5300;-0,0000;3;0
0,6421;-23,1986;33,3857;21,1548;0,0000;35,4594;-23,1986;350,000;-150,000;138,068;187,050;0,0000;26,8677;2,6244;0,0000;-29,4922;-0,0000;-0,0000;228,8252;-3,9334;0,0000;-224,8919;-0,0000;3;0
0,6450;-23,1986;33,4637;21,1624;0,0000;35,3740;-23,1986;350,000;-150,000;137,519;191,350;0,0000;27,5252;2,6107;0,0000;-30,1359;-0,0000;-0,0000;229,8748;-5,6404;0,0000;-224,2345;-0,0000;3;0
0,6479;-23,1986;33,5435;21,1698;0,0000;35,2867;-23,1986;350,000;-150,000;136,958;195,650;0,0000;28,1857;2,5921;0,0000;-30,7778;-0,0000;-0,0000;230,9434;-7,3858;0,0000;-223,5575;-0,0000;3;0
0,6507;-23,1986;33,6253;21,1772;0,0000;35,1975;-23,1986;350,000;-150,000;136,385;199,950;0,0000;28,8493;2,5684;0,0000;-31,4177;-0,0000;0,0000;232,0305;-9,1698;0,0000;-222,8607;-0,0000;3;0
0,6536;-23,1986;33,7089;21,1845;0,0000;35,1065;-23,1986;350,000;-150,000;135,800;204,250;0,0000;29,5160;2,5395;0,0000;-32,0555;-0,0000;0,0000;233,1360;-10,9923;0,0000;-222,1437;-0,0000;3;0
0,6565;-23,1986;33,7945;21,1918;0,0000;35,0137;-23,1986;350,000;-150,000;135,202;208,550;0,0000;30,1859;2,5054;0,0000;-32,6913;-0,0000;0,0000;234,2593;-12,8532;0,0000;-221,4061;-0,0000;3;0
0,6593;-23,1986;33,8820;21,1989;0,0000;34,9191;-23,1986;350,000;-150,000;134,592;212,850;0,0000;30,8591;2,4658;0,0000;-33,3249;-0,0000;-0,0000;235,4003;-14,7526;0,0000;-220,6477;-0,0000;3;0
0,6622;-23,1986;33,9714;21,2059;0,0000;34,8227;-23,1986;350,000;-150,000;133,969;217,150;0,0000;31,5355;2,4208;0,0000;-33,9563;-0,0000;-0,0000;236,5584;-16,6905;0,0000;-219,8679;-0,0000;3;0
0,6651;-23,1986;34,0628;21,2128;0,0000;34,7244;-23,1986;350,000;-150,000;133,334;221,450;0,0000;32,2154;2,3701;0,0000;-34,5855;-0,0000;0,0000;237,7335;-18,6669;0,0000;-219,0666;-0,0000;3;0
0,6679;-23,1986;34,1561;21,2195;0,0000;34,6244;-23,1986;350,000;-150,000;132,687;225,750;0,0000;32,8986;2,3138;0,0000;-35,2123;-0,0000;0,0000;238,9250;-20,6817;0,0000;-218,2432;-0,0000;3;0
0,6708;-23,1986;34,2514;21,2260;0,0000;34,5225;-23,1986;350,000;-150,000;132,028;230,050;0,0000;33,5852;2,2516;0,0000;-35,8368;-0,0000;0,0000;240,1326;-22,7351;0,0000;-217,3975;-0,0000;3;0
0,6737;-23,1986;34,3487;21,2324;0,0000;34,4189;-23,1986;350,000;-150,000;131,356;234,350;0,0000;34,2753;2,1834;0,0000;-36,4587;-0,0000;0,0000;241,3559;-24,8268;0,0000;-216,5291;-0,0000;3;0
0,6765;-23,1986;34,4479;21,2386;0,0000;34,3135;-23,1986;350,000;-150,000;130,672;238,650;0,0000;34,9690;2,1092;0,0000;-37,0782;-0,0000;0,0000;242,5946;-26,9571;0,0000;-215,6375;-0,0000;3;0
0,6794;-23,1986;34,5492;21,2445;0,0000;34,2063;-23,1986;350,000;-150,000;129,975;242,950;0,0000;35,6662;2,0289;0,0000;-37,6950;-0,0000;0,0000;243,8481;-29,1258;0,0000;-214,7223;-0,0000;3;0
0,6823;-23,1986;34,6524;21,2502;0,0000;34,0974;-23,1986;350,000;-150,000;129,267;247,250;0,0000;36,3670;1,9422;0,0000;-38,3093;-0,0000;0,0000;245,1161;-31,3329;0,0000;-213,7832;-0,0000;3;0
0,6851;-23,1986;34,7577;21,2556;0,0000;33,9867;-23,1986;350,000;-150,000;128,545;251,550;0,0000;37,0715;1,8492;0,0000;-38,9207;-0,0000;-0,0000;246,3982;-33,5785;0,0000;-212,8198;-0,0000;3;0
0,6880;-23,1986;34,8650;21,2608;0,0000;33,8742;-23,1986;350,000;-150,000;127,812;255,850;0,0000;37,7797;1,7497;0,0000;-39,5294;-0,0000;-0,0000;247,6940;-35,8624;0,0000;-211,8315;-0,0000;3;0
0,6909;-23,1986;34,9743;21,2657;0,0000;33,7600;-23,1986;350,000;-150,000;127,066;260,150;0,0000;38,4916;1,6436;0,0000;-40,1352;-0,0000;0,0000;249,0029;-38,1848;0,0000;-210,8181;-0,0000;3;0
0,6937;-23,1986;35,0857;21,2702;0,0000;33,6441;-23,1986;350,000;-150,000;126,308;264,450;0,0000;39,2073;1,5308;0,0000;-40,7381;-0,0000;0,0000;250,3245;-40,5456;0,0000;-209,7789;-0,0000;3;0
0,6966;-23,1986;35,1991;21,2744;0,0000;33,5265;-23,1986;350,000;-150,000;125,538;268,750;0,0000;39,9268;1,4111;0,0000;-41,3380;-0,0000;0,0000;251,6584;-42,9447;0,0000;-208,7137;-0,0000;3;0
0,6995;-23,1986;35,3146;21,2783;0,0000;33,4071;-23,1986;350,000;-150,000;124,755;273,050;0,0000;40,6502;1,2846;0,0000;-41,9347;-0,0000;-0,0000;253,0041;-45,3822;0,0000;-207,6219;-0,0000;3;0
0,7023;-23,1986;35,4321;21,2818;0,0000;33,2861;-23,1986;350,000;-150,000;123,960;277,350;0,0000;41,3774;1,1510;0,0000;-42,5283;-0,0000;-0,0000;254,3611;-47,8580;0,0000;-206,5031;-0,0000;3;0
0,7052;-23,1986;35,5518;21,2849;0,0000;33,1633;-23,1986;350,000;-150,000;123,153;281,650;0,0000;42,1085;1,0102;0,0000;-43,1187;-0,0000;0,0000;255,7290;-50,3721;0,0000;-205,3569;-0,0000;3;0
0,7081;-23,1986;35,6736;21,2876;0,0000;33,0388;-23,1986;350,000;-150,000;122,333;285,950;0,0000;42,8436;0,8622;0,0000;-43,7057;-0,0000;-0,0000;257,1072;-52,9245;0,0000;-204,1827;-0,0000;3;0
0,7109;-23,1986;35,7974;21,2899;0,0000;32,9127;-23,1986;350,000;-150,000;121,501;290,250;0,0000;43,5826;0,7068;0,0000;-44,2893;-0,0000;0,0000;256,9768;-55,5278;0,0000;-201,4490;-0,0000;3;0
0,7138;-23,1986;35,9234;21,2917;0,0000;32,7849;-23,1986;350,000;-150,000;120,656;294,550;0,0000;44,3169;0,5438;0,0000;-44,8607;-0,0000;0,0000;217,1395;-58,3283;0,0000;-158,8112;-0,0000;3;0
0,7167;-23,1986;36,0515;21,2930;0,0000;32,6555;-23,1986;350,000;-150,000;119,800;298,734;0,0000;44,8275;0,3723;0,0000;-45,1999;-0,0000;-0,0000;123,7405;-60,8276;0,0000;-62,9129;-0,0000;3;0
0,7195;-23,1986;36,1804;21,2938;0,0000;32,5258;-23,1986;350,000;-150,000;118,940;300,000;0,0000;45,0263;0,1951;0,0000;-45,2214;-0,0000;-0,0000;52,7790;-62,0471;0,0000;9,2681;-0,0000;3;0
0,7224;-23,1986;36,3097;21,2941;0,0000;32,3962;-23,1986;350,000;-150,000;118,080;300,000;0,0000;45,1301;0,0166;0,0000;-45,1467;-0,0000;0,0000;36,1209;-62,2503;0,0000;26,1294;-0,0000;3;0
0,7253;-23,1986;36,4392;21,2939;0,0000;32,2669;-23,1986;350,000;-150,000;117,220;300,000;0,0000;45,2334;-0,1619;0,0000;-45,0716;-0,0000;0,0000;35,9602;-62,2502;0,0000;26,2900;-0,0000;3;0
0,7281;-23,1986;36,5690;21,2932;0,0000;32,1378;-23,1986;350,000;-150,000;116,360;300,000;0,0000;45,3363;-0,3403;0,0000;-44,9960;-0,0000;0,0000;35,7991;-62,2498;0,0000;26,4507;-0,0000;3;0
0,7310;-23,1986;36,6991;21,2919;0,0000;32,0089;-23,1986;350,000;-150,000;115,500;300,000;0,0000;45,4387;-0,5187;0,0000;-44,9199;-0,0000;0,0000;35,6378;-62,2493;0,0000;26,6114;-0,0000;3;0
0,7339;-23,1986;36,8295;21,2902;0,0000;31,8803;-23,1986;350,000;-150,000;114,640;300,000;0,0000;45,5406;-0,6972;0,0000;-44,8434;-0,0000;0,0000;35,4763;-62,2484;0,0000;26,7722;-0,0000;3;0
0,7367;-23,1986;36,9602;21,2879;0,0000;31,7518;-23,1986;350,000;-150,000;113,780;300,000;0,0000;45,6421;-0,8756;0,0000;-44,7664;-0,0000;-0,0000;35,3144;-62,2474;0,0000;26,9330;-0,0000;3;0
0,7396;-23,1986;37,0912;21,2852;0,0000;31,6236;-23,1986;350,000;-150,000;112,920;300,000;0,0000;45,7431;-1,0541;0,0000;-44,6890;-0,0000;-0,0000;35,1524;-62,2461;0,0000;27,0937;-0,0000;3;0
0,7425;-23,1986;37,2225;21,2819;0,0000;31,4956;-23,1986;350,000;-150,000;112,060;300,000;0,0000;45,8436;-1,2325;0,0000;-44,6111;-0,0000;-0,0000;34,9901;-62,2445;0,0000;27,2545;-0,0000;3;0
0,7453;-23,1986;37,3540;21,2781;0,0000;31,3679;-23,1986;350,000;-150,000;111,200;300,000;0,0000;45,9437;-1,4110;0,0000;-44,5327;-0,0000;0,0000;34,8275;-62,2427;0,0000;27,4152;-0,0000;3;0
0,7482;-23,1986;37,4859;21,2738;0,0000;31,2403;-23,1986;350,000;-150,000;110,340;300,000;0,0000;46,0433;-1,5894;0,0000;-44,4539;-0,0000;0,0000;34,6648;-62,2407;0,0000;27,5759;-0,0000;3;0
0,7511;-23,1986;37,6180;21,2690;0,0000;31,1130;-23,1986;350,000;-150,000;109,480;300,000;0,0000;46,1424;-1,7678;0,0000;-44,3746;-0,0000;0,0000;34,5019;-62,2385;0,0000;27,7366;-0,0000;3;0
0,7539;-23,1986;37,7504;21,2637;0,0000;30,9859;-23,1986;350,000;-150,000;108,620;300,000;0,0000;46,2411;-1,9462;0,0000;-44,2949;-0,0000;0,0000;34,3387;-62,2360;0,0000;27,8972;-0,0000;3;0
0,7568;-23,1986;37,8831;21,2578;0,0000;30,8590;-23,1986;350,000;-150,000;107,760;300,000;0,0000;46,3393;-2,1246;0,0000;-44,2147;-0,0000;-0,0000;34,1754;-62,2332;0,0000;28,0578;-0,0000;3;0
0,7597;-23,1986;38,0161;21,2515;0,0000;30,7324;-23,1986;350,000;-150,000;106,900;300,000;0,0000;46,4370;-2,3030;0,0000;-44,1340;-0,0000;-0,0000;34,0119;-62,2303;0,0000;28,2183;-0,0000;3;0
0,7625;-23,1986;38,1494;21,2446;0,0000;30,6060;-23,1986;350,000;-150,000;106,040;300,000;0,0000;46,5343;-2,4814;0,0000;-44,0529;-0,0000;-0,0000;33,8483;-62,2270;0,0000;28,3788;-0,0000;3;0
0,7654;-23,1986;38,2829;21,2373;0,0000;30,4798;-23,1986;350,000;-150,000;105,180;300,000;0,0000;46,6311;-2,6598;0,0000;-43,9713;-0,0000;-0,0000;33,6845;-62,2236;0,0000;28,5391;-0,0000;3;0
0,7683;-23,1986;38,4167;21,2294;0,0000;30,3539;-23,1986;350,000;-150,000;104,320;300,000;0,0000;46,7274;-2,8382;0,0000;-43,8893;-0,0000;0,0000;33,5205;-62,2199;0,0000;28,6994;-0,0000;3;0
0,7711;-23,1986;38,5508;21,2210;0,0000;30,2282;-23,1986;350,000;-150,000;103,460;300,000;0,0000;46,8233;-3,0165;0,0000;-43,8068;-0,0000;-0,0000;33,3565;-62,2160;0,0000;28,8596;-0,0000;3;0
0,7740;-23,1986;38,6852;21,2121;0,0000;30,1027;-23,1986;350,000;-150,000;102,600;300,000;0,0000;46,9187;-3,1949;0,0000;-43,7238;-0,0000;-0,0000;33,1923;-62,2119;0,0000;29,0196;-0,0000;3;0
0,7769;-23,1986;38,8198;21,2027;0,0000;29,9775;-23,1986;350,000;-150,000;101,740;300,000;0,0000;47,0136;-3,3732;0,0000;-43,6404;-0,0000;0,0000;33,0280;-62,2075;0,0000;29,1795;-0,0000;3;0
0,7797;-23,1986;38,9547;21,1927;0,0000;29,8525;-23,1986;350,000;-150,000;100,880;300,000;0,0000;47,1080;-3,5515;0,0000;-43,5565;-0,0000;0,0000;32,8636;-62,2029;0,0000;29,3393;-0,0000;3;0
0,7826;-23,1986;39,0899;21,1823;0,0000;29,7278;-23,1986;350,000;-150,000;100,020;300,000;0,0000;47,2020;-3,7298;0,0000;-43,4722;-0,0000;-0,0000;32,6991;-62,1981;0,0000;29,4990;-0,0000;3;0
0,7855;-23,1986;39,2254;21,1714;0,0000;29,6033;-23,1986;350,000;-150,000;99,160;300,000;0,0000;47,2955;-3,9081;0,0000;-43,3874;-0,0000;-0,0000;32,5346;-62,1931;0,0000;29,6585;-0,0000;3;0
0,7883;-23,1986;39,3611;21,1599;0,0000;29,4790;-23,1986;350,000;-150,000;98,300;300,000;0,0000;47,3885;-4,0864;0,0000;-43,3022;-0,0000;0,0000;32,3700;-62,1878;0,0000;29,8178;-0,0000;3;0
0,7912;-23,1986;39,4970;21,1479;0,0000;29,3550;-23,1986;350,000;-150,000;97,440;300,000;0,0000;47,4811;-4,2647;0,0000;-43,2164;-0,0000;-0,0000;32,2053;-62,1823;0,0000;29,9770;-0,0000;3;0
0,7941;-23,1986;39,6333;21,1354;0,0000;29,2313;-23,1986;350,000;-150,000;96,580;300,000;0,0000;47,5732;-4,4429;0,0000;-43,1303;-0,0000;0,0000;32,0406;-62,1766;0,0000;30,1360;-0,0000;3;0
0,7969;-23,1986;39,7698;21,1225;0,0000;29,1077;-23,1986;350,000;-150,000;95,720;300,000;0,0000;47,6648;-4,6211;0,0000;-43,0437;-0,0000;0,0000;31,8758;-62,1707;0,0000;30,2949;-0,0000;3;0
0,7998;-23,1986;39,9066;21,1090;0,0000;28,9845;-23,1986;350,000;-150,000;94,860;300,000;0,0000;47,7559;-4,7994;0,0000;-42,9566;-0,0000;-0,0000;31,7111;-62,1646;0,0000;30,4535;-0,0000;3;0
0,8027;-23,1986;40,0436;21,0949;0,0000;28,8615;-23,1986;350,000;-150,000;94,000;300,000;0,0000;47,8466;-4,9775;0,0000;-42,8691;-0,0000;-0,0000;31,5463;-62,1582;0,0000;30,6119;-0,0000;3;0
0,8055;-23,1986;40,1809;21,0804;0,0000;28,7387;-23,1986;350,000;-150,000;93,140;300,000;0,0000;47,9368;-5,1557;0,0000;-42,7811;-0,0000;0,0000;31,3815;-62,1517;0,0000;30,7701;-0,0000;3;0
0,8084;-23,1986;40,3184;21,0654;0,0000;28,6162;-23,1986;350,000;-150,000;92,280;300,000;0,0000;48,0265;-5,3339;0,0000;-42,6927;-0,0000;0,0000;31,2168;-62,1449;0,0000;30,9281;-0,0000;3;0
0,8113;-23,1986;40,4562;21,0498;0,0000;28,4939;-23,1986;350,000;-150,000;91,420;300,000;0,0000;48,1158;-5,5120;0,0000;-42,6038;-0,0000;0,0000;31,0520;-62,1379;0,0000;31,0859;-0,0000;3;0
0,8141;-23,1986;40,5943;21,0338;0,0000;28,3719;-23,1986;350,000;-150,000;90,560;300,000;0,0000;48,2046;-5,6901;0,0000;-42,5144;-0,0000;0,0000;30,8873;-62,1307;0,0000;31,2434;-0,0000;3;0
0,8170;-23,1986;40,7326;21,0172;0,0000;28,2502;-23,1986;350,000;-150,000;89,700;300,000;0,0000;48,2929;-5,8682;0,0000;-42,4246;-0,0000;-0,0000;30,7227;-62,1233;0,0000;31,4007;-0,0000;3;0
0,8199;-23,1986;40,8712;21,0001;0,0000;28,1287;-23,1986;350,000;-150,000;88,840;300,000;0,0000;48,3807;-6,0463;0,0000;-42,3344;-0,0000;-0,0000;30,5580;-62,1158;0,0000;31,5577;-0,0000;3;0
0,8227;-23,1986;41,0100;20,9825;0,0000;28,0075;-23,1986;350,000;-150,000;87,980;300,000;0,0000;48,4681;-6,2244;0,0000;-42,2437;-0,0000;-0,0000;30,3935;-62,1080;0,0000;31,7145;-0,0000;3;0
0,8256;-23,1986;41,1491;20,9644;0,0000;27,8865;-23,1986;350,000;-150,000;87,120;300,000;0,0000;48,5550;-6,4024;0,0000;-42,1526;-0,0000;-0,0000;30,2291;-62,1000;0,0000;31,8710;-0,0000;3;0
0,8285;-23,1986;41,2884;20,9458;0,0000;27,7658;-23,1986;350,000;-150,000;86,260;300,000;0,0000;48,6414;-6,5804;0,0000;-42,0610;-0,0000;0,0000;30,0647;-62,0919;0,0000;32,0272;-0,0000;3;0
0,8313;-23,1986;41,4279;20,9267;0,0000;27,6453;-23,1986;350,000;-150,000;85,400;300,000;0,0000;48,7273;-6,7584;0,0000;-41,9689;-0,0000;0,0000;29,9004;-62,0835;0,0000;32,1831;-0,0000;3;0
0,8342;-23,1986;41,5678;20,9071;0,0000;27,5252;-23,1986;350,000;-150,000;84,540;300,000;0,0000;48,8128;-6,9364;0,0000;-41,8765;-0,0000;0,0000;29,7363;-62,0750;0,0000;32,3387;-0,0000;3;0
0,8371;-23,1986;41,7078;20,8870;0,0000;27,4052;-23,1986;350,000;-150,000;83,680;300,000;0,0000;48,8978;-7,1143;0,0000;-41,7835;-0,0000;-0,0000;29,5722;-62,0663;0,0000;32,4940;-0,0000;3;0
0,8399;-23,1986;41,8481;20,8663;0,0000;27,2856;-23,1986;350,000;-150,000;82,820;300,000;0,0000;48,9824;-7,2922;0,0000;-41,6902;-0,0000;0,0000;29,4083;-62,0574;0,0000;32,6490;-0,0000;3;0
0,8428;-23,1986;41,9886;20,8451;0,0000;27,1662;-23,1986;350,000;-150,000;81,960;300,000;0,0000;49,0664;-7,4701;0,0000;-41,5963;-0,0000;0,0000;29,2446;-62,0483;0,0000;32,8037;-0,0000;3;0
0,8457;-23,1986;42,1294;20,8235;0,0000;27,0471;-23,1986;350,000;-150,000;81,100;300,000;0,0000;49,1500;-7,6479;0,0000;-41,5021;-0,0000;-0,0000;13,0613;-59,4393;0,0000;46,3779;-0,0000;3;0
0,8485;-23,1986;42,2704;20,8013;0,0000;26,9283;-23,1986;350,000;-150,000;80,240;300,000;0,0000;49,1413;-7,8109;0,0000;-41,3304;-0,0000;0,0000;-62,5168;-46,8894;0,0000;109,4062;-0,0000;3;0
0,8514;-23,1986;42,4112;20,7787;0,0000;26,8102;-23,1986;350,000;-150,000;79,383;298,883;0,0000;48,7916;-7,9168;0,0000;-40,8748;-0,0000;0,0000;-168,1477;-28,5624;-0,0000;196,7101;0,0000;3;0
0,8543;-23,1986;42,5502;20,7559;0,0000;26,6939;-23,1986;350,000;-150,000;78,538;294,750;0,0000;48,1773;-7,9746;0,0000;-40,2026;-0,0000;-0,0000;-217,3737;-18,4950;-0,0000;235,8687;0,0000;3;0
0,8571;-23,1986;42,6874;20,7330;0,0000;26,5797;-23,1986;350,000;-150,000;77,706;290,450;0,0000;47,5453;-8,0228;0,0000;-39,5225;-0,0000;-0,0000;-221,1052;-15,5238;-0,0000;236,6290;0,0000;3;0
0,8600;-23,1986;42,8228;20,7099;0,0000;26,4673;-23,1986;350,000;-150,000;76,885;286,150;0,0000;46,9096;-8,0636;0,0000;-38,8460;-0,0000;-0,0000;-222,4097;-12,9723;-0,0000;235,3820;0,0000;3;0
0,8629;-23,1986;42,9563;20,6867;0,0000;26,3569;-23,1986;350,000;-150,000;76,077;281,850;0,0000;46,2702;-8,0972;0,0000;-38,1730;-0,0000;0,0000;-223,6841;-10,4596;-0,0000;234,1437;0,0000;3;0
0,8657;-23,1986;43,0880;20,6635;0,0000;26,2485;-23,1986;350,000;-150,000;75,282;277,550;0,0000;45,6271;-8,1236;0,0000;-37,5035;-0,0000;0,0000;-224,9288;-7,9859;-0,0000;232,9146;0,0000;3;0
0,8686;-23,1986;43,2179;20,6402;0,0000;26,1419;-23,1986;350,000;-150,000;74,498;273,250;0,0000;44,9806;-8,1430;0,0000;-36,8376;-0,0000;-0,0000;-226,1443;-5,5510;-0,0000;231,6953;0,0000;3;0
0,8715;-23,1986;43,3459;20,6168;0,0000;26,0373;-23,1986;350,000;-150,000;73,727;268,950;0,0000;44,3306;-8,1554;0,0000;-36,1752;-0,0000;-0,0000;-227,3311;-3,1549;-0,0000;230,4860;0,0000;3;0
0,8743;-23,1986;43,4721;20,5934;0,0000;25,9345;-23,1986;350,000;-150,000;72,969;264,650;0,0000;43,6772;-8,1611;0,0000;-35,5162;-0,0000;0,0000;-228,4897;-0,7976;-0,0000;229,2873;0,0000;3;0
0,8772;-23,1986;43,5963;20,5700;0,0000;25,8336;-23,1986;350,000;-150,000;72,222;260,350;0,0000;43,0206;-8,1600;0,0000;-34,8606;-0,0000;0,0000;-229,6206;1,5209;-0,0000;228,0997;0,0000;3;0
0,8801;-23,1986;43,7187;20,5466;0,0000;25,7346;-23,1986;350,000;-150,000;71,488;256,050;0,0000;42,3607;-8,1523;0,0000;-34,2084;-0,0000;-0,0000;-230,7241;3,8005;-0,0000;226,9236;0,0000;3;0
0,8829;-23,1986;43,8392;20,5233;0,0000;25,6375;-23,1986;350,000;-150,000;70,767;251,750;0,0000;41,6978;-8,1382;0,0000;-33,5595;-0,0000;0,0000;-231,8007;6,0414;-0,0000;225,7593;0,0000;3;0
0,8858;-23,1986;43,9578;20,5000;0,0000;25,5422;-23,1986;350,000;-150,000;70,057;247,450;0,0000;41,0317;-8,1177;0,0000;-32,9140;-0,0000;0,0000;-232,8510;8,2435;-0,0000;224,6074;0,0000;3;0
0,8887;-23,1986;44,0745;20,4767;0,0000;25,4488;-23,1986;350,000;-150,000;69,360;243,150;0,0000;40,3627;-8,0909;0,0000;-32,2718;-0,0000;-0,0000;-233,8752;10,4069;-0,0000;223,4683;0,0000;3;0
0,8915;-23,1986;44,1892;20,4536;0,0000;25,3572;-23,1986;350,000;-150,000;68,676;238,850;0,0000;39,6909;-8,0580;0,0000;-31,6328;-0,0000;-0,0000;-234,8738;12,5316;-0,0000;222,3422;0,0000;3;0
0,8944;-23,1986;44,3020;20,4305;0,0000;25,2674;-23,1986;350,000;-150,000;68,003;234,550;0,0000;39,0161;-8,0191;0,0000;-30,9970;-0,0000;0,0000;-235,8472;14,6175;-0,0000;221,2297;0,0000;3;0
0,8973;-23,1986;44,4129;20,4076;0,0000;25,1795;-23,1986;350,000;-150,000;67,343;230,250;0,0000;38,3387;-7,9742;0,0000;-30,3644;-0,0000;0,0000;-236,7959;16,6647;-0,0000;220,1311;0,0000;3;0
0,9001;-23,1986;44,5218;20,3848;0,0000;25,0934;-23,1986;350,000;-150,000;66,695;225,950;0,0000;37,6585;-7,9236;0,0000;-29,7350;-0,0000;-0,0000;-237,7202;18,6733;-0,0000;219,0469;0,0000;3;0
0,9030;-23,1986;44,6288;20,3622;0,0000;25,0090;-23,1986;350,000;-150,000;66,060;221,650;0,0000;36,9757;-7,8672;0,0000;-29,1086;-0,0000;-0,0000;-238,6205;20,6432;-0,0000;217,9772;0,0000;3;0
0,9059;-23,1986;44,7338;20,3397;0,0000;24,9265;-23,1986;350,000;-150,000;65,437;217,350;0,0000;36,2904;-7,8052;0,0000;-28,4852;-0,0000;-0,0000;-239,4972;22,5745;-0,0000;216,9227;0,0000;3;0
0,9087;-23,1986;44,8369;20,3174;0,0000;24,8457;-23,1986;350,000;-150,000;64,826;213,050;0,0000;35,6026;-7,7377;0,0000;-27,8649;-0,0000;0,0000;-240,3507;24,4672;-0,0000;215,8834;0,0000;3;0
0,9116;-23,1986;44,9379;20,2953;0,0000;24,7667;-23,1986;350,000;-150,000;64,228;208,750;0,0000;34,9124;-7,6649;0,0000;-27,2475;-0,0000;0,0000;-241,1813;26,3213;-0,0000;214,8600;0,0000;3;0
0,9145;-23,1986;45,0370;20,2735;0,0000;24,6895;-23,1986;350,000;-150,000;63,642;204,450;0,0000;34,2198;-7,5868;0,0000;-26,6330;-0,0000;0,0000;-241,9894;28,1368;-0,0000;213,8525;0,0000;3;0
0,9173;-23,1986;45,1341;20,2518;0,0000;24,6140;-23,1986;350,000;-150,000;63,068;200,150;0,0000;33,5250;-7,5036;0,0000;-26,0214;-0,0000;-0,0000;-242,7753;29,9138;-0,0000;212,8615;0,0000;3;0
0,9202;-23,1986;45,2293;20,2305;0,0000;24,5403;-23,1986;350,000;-150,000;62,507;195,850;0,0000;32,8279;-7,4153;0,0000;-25,4126;-0,0000;-0,0000;-243,5394;31,6522;-0,0000;211,8872;0,0000;3;0
0,9231;-23,1986;45,3224;20,2093;0,0000;24,4683;-23,1986;350,000;-150,000;61,957;191,550;0,0000;32,1287;-7,3221;0,0000;-24,8066;-0,0000;-0,0000;-244,2820;33,3521;-0,0000;210,9299;0,0000;3;0
0,9259;-23,1986;45,4135;20,1885;0,0000;24,3981;-23,1986;350,000;-150,000;61,421;187,250;0,0000;31,4274;-7,2241;0,0000;-24,2033;-0,0000;0,0000;-245,0034;35,0135;-0,0000;209,9899;0,0000;3;0
0,9288;-23,1986;45,5025;20,1679;0,0000;24,3296;-23,1986;350,000;-150,000;60,896;182,950;0,0000;30,7240;-7,1214;0,0000;-23,6026;-0,0000;-0,0000;-245,7040;36,6365;-0,0000;209,0675;0,0000;3;0
0,9317;-23,1986;45,5896;20,1476;0,0000;24,2627;-23,1986;350,000;-150,000;60,384;178,650;0,0000;30,0187;-7,0141;0,0000;-23,0046;-0,0000;-0,0000;-246,3840;38,2210;-0,0000;208,1630;0,0000;3;0
0,9345;-23,1986;45,6746;20,1277;0,0000;24,1977;-23,1986;350,000;-150,000;59,884;174,350;0,0000;29,3114;-6,9023;0,0000;-22,4092;-0,0000;0,0000;-247,0438;39,7671;-0,0000;207,2767;0,0000;3;0
0,9374;-23,1986;45,7577;20,1081;0,0000;24,1343;-23,1986;350,000;-150,000;59,397;170,050;0,0000;28,6023;-6,7861;0,0000;-21,8162;-0,0000;0,0000;-247,6836;41,2747;-0,0000;206,4089;0,0000;3;0
0,9403;-23,1986;45,8386;20,0888;0,0000;24,0726;-23,1986;350,000;-150,000;58,922;165,750;0,0000;27,8914;-6,6656;0,0000;-21,2258;-0,0000;-0,0000;-248,3038;42,7440;-0,0000;205,5598;0,0000;3;0
0,9431;-23,1986;45,9176;20,0699;0,0000;24,0126;-23,1986;350,000;-150,000;58,459;161,450;0,0000;27,1787;-6,5410;0,0000;-20,6377;-0,0000;0,0000;-248,9045;44,1749;-0,0000;204,7296;0,0000;3;0
0,9460;-23,1986;45,9945;20,0513;0,0000;23,9543;-23,1986;350,000;-150,000;58,008;157,150;0,0000;26,4643;-6,4123;0,0000;-20,0520;-0,0000;0,0000;-249,4861;45,5674;-0,0000;203,9187;0,0000;3;0
0,9489;-23,1986;46,0693;20,0331;0,0000;23,8976;-23,1986;350,000;-150,000;57,570;152,850;0,0000;25,7483;-6,2797;0,0000;-19,4686;-0,0000;-0,0000;-250,0489;46,9217;-0,0000;203,1272;0,0000;3;0
0,9517;-23,1986;46,1421;20,0153;0,0000;23,8426;-23,1986;350,000;-150,000;57,144;148,550;0,0000;25,0307;-6,1433;0,0000;-18,8874;-0,0000;-0,0000;-250,5930;48,2375;-0,0000;202,3554;0,0000;3;0
0,9546;-23,1986;46,2128;19,9979;0,0000;23,7893;-23,1986;350,000;-150,000;56,731;144,250;0,0000;24,3116;-6,0032;0,0000;-18,3084;-0,0000;0,0000;-251,1187;49,5151;-0,0000;201,6036;0,0000;3;0
0,9575;-23,1986;46,2815;19,9809;0,0000;23,7377;-23,1986;350,000;-150,000;56,330;139,950;0,0000;23,5910;-5,8594;0,0000;-17,7315;-0,0000;0,0000;-251,6263;50,7545;-0,0000;200,8719;0,0000;3;0
0,9603;-23,1986;46,3481;19,9643;0,0000;23,6877;-23,1986;350,000;-150,000;55,941;135,650;0,0000;22,8689;-5,7122;0,0000;-17,1567;-0,0000;-0,0000;-252,1160;51,9555;-0,0000;200,1605;0,0000;3;0
0,9632;-23,1986;46,4126;19,9481;0,0000;23,6393;-23,1986;350,000;-150,000;55,564;131,350;0,0000;22,1455;-5,5616;0,0000;-16,5839;-0,0000;-0,0000;-252,5880;53,1183;-0,0000;199,4697;0,0000;3;0
0,9661;-23,1986;46,4750;19,9324;0,0000;23,5926;-23,1986;350,000;-150,000;55,200;127,050;0,0000;21,4207;-5,4076;0,0000;-16,0131;-0,0000;-0,0000;-253,0426;54,2429;-0,0000;198,7997;0,0000;3;0
0,9689;-23,1986;46,5354;19,9171;0,0000;23,5475;-23,1986;350,000;-150,000;54,848;122,750;0,0000;20,6947;-5,2506;0,0000;-15,4441;-0,0000;0,0000;-253,4798;55,3293;-0,0000;198,1506;0,0000;3;0
0,9718;-23,1986;46,5937;19,9023;0,0000;23,5040;-23,1986;350,000;-150,000;54,509;118,450;0,0000;19,9675;-5,0904;0,0000;-14,8770;-0,0000;0,0000;-253,9000;56,3774;-0,0000;197,5226;0,0000;3;0
0,9747;-23,1986;46,6499;19,8879;0,0000;23,4622;-23,1986;350,000;-150,000;54,181;114,150;0,0000;19,2390;-4,9273;0,0000;-14,3117;-0,0000;0,0000;-254,3033;57,3874;-0,0000;196,9159;0,0000;3;0
0,9775;-23,1986;46,7040;19,8740;0,0000;23,4220;-23,1986;350,000;-150,000;53,866;109,850;0,0000;18,5095;-4,7614;0,0000;-13,7480;-0,0000;-0,0000;-254,6899;58,3592;-0,0000;196,3307;0,0000;3;0
0,9804;-23,1986;46,7560;19,8606;0,0000;23,3834;-23,1986;350,000;-150,000;53,564;105,550;0,0000;17,7788;-4,5927;0,0000;-13,1861;-0,0000;-0,0000;-255,0600;59,2929;-0,0000;195,7671;0,0000;3;0
0,9833;-23,1986;46,8059;19,8477;0,0000;23,3464;-23,1986;350,000;-150,000;53,274;101,250;0,0000;17,0471;-4,4215;0,0000;-12,6256;-0,0000;-0,0000;-255,6978;60,9225;-0,0000;194,7753;0,0000;3;0
0,9861;-23,1986;46,8537;19,8353;0,0000;23,3110;-23,1986;350,000;-150,000;52,996;96,950;0,0000;16,3128;-4,2435;0,0000;-12,0693;-0,0000;-0,0000;-256,0087;61,7131;-0,0000;194,2956;0,0000;3;0
0,9890;-23,1986;46,8994;19,8234;0,0000;23,2772;-23,1986;350,000;-150,000;52,730;92,655;0,0000;15,5793;-4,0676;0,0000;-11,5117;-0,0000;0,0000;-255,7370;61,0007;-0,0000;194,7363;0,0000;3;0
0,9919;-23,1986;46,9431;19,8120;0,0000;23,2450;-23,1986;350,000;-150,000;52,477;88,350;0,0000;14,8466;-3,8937;0,0000;-10,9529;-0,0000;-0,0000;-256,0723;61,8551;-0,0000;194,2172;0,0000;3;0
0,9947;-23,1986;46,9846;19,8011;0,0000;23,2144;-23,1986;350,000;-150,000;52,236;84,050;-0,0000;14,1112;-3,7130;0,0000;-10,3982;-0,0000;-0,0000;-256,6738;63,4021;-0,0000;193,2717;0,0000;3;0
0,9976;-23,1986;47,0240;19,7907;0,0000;23,1854;-23,1986;350,000;-150,000;52,007;79,750;-0,0000;13,3750;-3,5302;0,0000;-9,8448;-0,0000;0,0000;-256,9476;64,1070;-0,0000;192,8406;0,0000;3;0
1,0005;-23,1986;47,0612;19,7808;0,0000;23,1579;-23,1986;350,000;-150,000;51,791;75,450;0,0000;12,6380;-3,3455;0,0000;-9,2926;-0,0000;0,0000;-257,2062;64,7739;-0,0000;192,4324;0,0000;3;0
1,0033;-23,1986;47,0964;19,7715;0,0000;23,1321;-23,1986;350,000;-150,000;51,587;71,150;0,0000;11,9003;-3,1588;0,0000;-8,7415;-0,0000;0,0000;-257,4495;65,4027;-0,0000;192,0468;0,0000;3;0
1,0062;-23,1986;47,1295;19,7627;0,0000;23,1078;-23,1986;350,000;-150,000;51,395;66,850;0,0000;11,1620;-2,9705;0,0000;-8,1915;-0,0000;-0,0000;-257,6776;65,9935;-0,0000;191,6840;0,0000;3;0
1,0091;-23,1986;47,1604;19,7545;0,0000;23,0851;-23,1986;350,000;-150,000;51,216;62,550;0,0000;10,4230;-2,7805;0,0000;-7,6425;-0,0000;0,0000;-257,8905;66,5463;-0,0000;191,3442;0,0000;3;0
1,0119;-23,1986;47,1892;19,7468;0,0000;23,0640;-23,1986;350,000;-150,000;51,049;58,250;0,0000;9,6834;-2,5889;0,0000;-7,0944;-0,0000;0,0000;-258,0883;67,0610;-0,0000;191,0273;0,0000;3;0
1,0148;-23,1986;47,2159;19,7396;0,0000;23,0445;-23,1986;350,000;-150,000;50,894;53,950;0,0000;8,9433;-2,3960;0,0000;-6,5473;-0,0000;-0,0000;-258,2711;67,5377;-0,0000;190,7334;0,0000;3;0
1,0177;-23,1986;47,2405;19,7330;0,0000;23,0265;-23,1986;350,000;-150,000;50,752;49,650;0,0000;8,2026;-2,2017;0,0000;-6,0009;-0,0000;-0,0000;-258,4391;67,9764;-0,0000;190,4627;0,0000;3;0
1,0205;-23,1986;47,2630;19,7270;0,0000;23,0101;-23,1986;350,000;-150,000;50,622;45,350;-0,0000;7,4616;-2,0063;0,0000;-5,4553;-0,0000;0,0000;-258,5923;68,3771;-0,0000;190,2152;0,0000;3;0
1,0234;-23,1986;47,2833;19,7215;0,0000;22,9952;-23,1986;350,000;-150,000;50,504;41,050;0,0000;6,7200;-1,8097;0,0000;-4,9103;-0,0000;0,0000;-258,7307;68,7397;-0,0000;189,9910;0,0000;3;0
1,0263;-23,1986;47,3015;19,7166;0,0000;22,9819;-23,1986;350,000;-150,000;50,399;36,750;-0,0000;5,9782;-1,6122;0,0000;-4,3660;-0,0000;-0,0000;-258,8545;69,0644;-0,0000;189,7901;0,0000;3;0
1,0291;-23,1986;47,3176;19,7123;0,0000;22,9702;-23,1986;350,000;-150,000;50,306;32,450;0,0000;5,2359;-1,4137;0,0000;-3,8222;-0,0000;0,0000;-258,9636;69,3510;-0,0000;189,6126;0,0000;3;0
1,0320;-23,1986;47,3315;19,7085;0,0000;22,9600;-23,1986;350,000;-150,000;50,225;28,150;0,0000;4,4934;-1,2145;0,0000;-3,2789;-0,0000;-0,0000;-259,0582;69,5997;-0,0000;189,4585;0,0000;3;0
1,0349;-23,1986;47,3433;19,7053;0,0000;22,9514;-23,1986;350,000;-150,000;50,157;23,850;-0,0000;3,7507;-1,0147;0,0000;-2,7360;-0,0000;-0,0000;-259,1382;69,8104;-0,0000;189,3279;0,0000;3;0
1,0377;-23,1986;47,3530;19,7027;0,0000;22,9443;-23,1986;350,000;-150,000;50,101;19,550;0,0000;3,0077;-0,8143;0,0000;-2,1934;-0,0000;0,0000;-259,2038;69,9830;-0,0000;189,2208;0,0000;3;0
1,0406;-23,1986;47,3606;19,7006;0,0000;22,9388;-23,1986;350,000;-150,000;50,057;15,250;0,0000;2,2646;-0,6135;0,0000;-1,6511;-0,0000;-0,0000;-259,2549;70,1177;-0,0000;189,1372;0,0000;3;0
1,0435;-23,1986;47,3660;19,6992;0,0000;22,9348;-23,1986;350,000;-150,000;50,026;10,950;-0,0000;1,5213;-0,4123;0,0000;-1,1090;-0,0000;0,0000;-259,2916;70,2145;-0,0000;189,0771;0,0000;3;0
1,0463;-23,1986;47,3693;19,6983;0,0000;22,9324;-23,1986;350,000;-150,000;50,007;6,650;0,0000;0,7780;-0,2109;0,0000;-0,5671;-0,0000;0,0000;-229,9142;62,3042;-0,0000;167,6099;0,0000;3;0
1,0492;-23,1986;47,3705;19,6980;0,0000;22,9316;-23,1986;350,000;-150,000;50,000;2,350;0,0000;0,2031;-0,0551;0,0000;-0,1481;-0,0000;0,0003;-135,6224;36,7651;-0,0018;98,8572;0,0022;3;0
1,0521;-23,1986;47,3705;19,6980;0,0000;22,9316;-23,1986;350,000;-150,000;50,000;0,000;0,0000;0,0004;-0,0001;-0,0000;-0,0003;0,0000;0,0003;-35,3614;9,5875;-0,0018;25,7738;0,0022;3;0
1,0549;-23,1986;47,3705;19,6980;0,0000;22,9316;-23,1986;350,000;-150,000;50,000;0,005;0,0000;0,0004;-0,0001;-0,0000;-0,0003;0,0000;-0,0003;-0,0703;0,0194;0,0018;0,0510;-0,0022;4;0
1,0578;-23,1986;47,3705;19,6980;0,0000;22,9316;-23,1986;350,000;-150,000;50,000;0,000;0,0000;0,0000;0,0000;0,0000;0,0000;0,0000;-0,0003;-0,0703;0,0194;0,0018;0,0510;-0,0022;4;0
1,0607;-23,1986;47,3705;19,6980;0,0000;22,9316;-23,1986;350,000;-150,000;50,000;0,000;0,0000;0,0000;0,0000;0,0000;0,0000;0,0000;0,0000;0,0000;0,0000;0,0000;0,0000;0,0000;4;0
1,0635;-23,1986;47,3705;19,6980;0,0000;22,9316;-23,1986;350,000;-150,000;50,000;0,000;0,0000;0,0000;0,0000;0,0000;0,0000;0,0000;0,0000;0,0000;0,0000;0,0000;0,0000;0,0000;4;0
1,0664;-23,1986;47,3705;19,6980;0,0000;22,9316;-23,1986;350,000;-150,000;50,000;0,000;0,0000;0,0000;0,0000;0,0000;0,0000;0,0000;0,0000;0,0000;0,0000;0,0000;0,0000;0,0000;4;0
1,0693;-23,1986;47,3705;19,6980;0,0000;22,9316;-23,1986;350,000;-150,000;50,000;0,000;0,0000;0,0000;0,0000;0,0000;0,0000;0,0000;0,0000;0,0000;0,0000;0,0000;0,0000;0,0000;4;0
1,0721;-23,1986;47,3705;19,6980;0,0000;22,9316;-23,1986;350,000;-150,000;50,000;0,000;0,0000;0,0000;0,0000;0,0000;0,0000;0,0000;0,0000;0,0000;0,0000;0,0000;0,0000;0,0000;4;0
1,0750;-23,1986;47,3705;19,6980;0,0000;22,9316;-23,1986;350,000;-150,000;50,000;0,000;0,0000;0,0000;0,0000;0,0000;0,0000;0,0000;0,0000;0,0000;0,0000;0,0000;0,0000;0,0000;4;0
1,0779;-23,1986;47,3705;19,6980;0,0000;22,9316;-23,1986;350,000;-150,000;50,000;0,000;0,0000;0,0000;0,0000;0,0000;0,0000;0,0000;0,0000;0,0000;0,0000;0,0000;0,0000;0,0000;4;0
1,0807;-23,1986;47,3705;19,6980;0,0000;22,9316;-23,1986;350,000;-150,000;50,000;0,000;0,0000;0,0000;0,0000;0,0000;0,0000;0,0000;0,0000;0,0000;0,0000;0,0000;0,0000;0,0000;4;0
1,0836;-23,1986;47,3705;19,6980;0,0000;22,9316;-23,1986;350,000;-150,000;50,000;0,000;0,0000;0,0000;0,0000;0,0000;0,0000;0,0000;0,0000;0,0000;0,0000;0,0000;0,0000;0,0000;4;0
1,0865;-23,1986;47,3705;19,6980;0,0000;22,9316;-23,1986;350,000;-150,000;50,000;0,000;0,0000;0,0000;0,0000;0,0000;0,0000;0,0000;0,0000;0,0000;0,0000;0,0000;0,0000;0,0000;4;0
1,0893;-23,1986;47,3705;19,6980;0,0000;22,9316;-23,1986;350,000;-150,000;50,000;0,000;0,0000;0,0000;0,0000;0,0000;0,0000;0,0000;0,0000;0,0000;0,0000;0,0000;0,0000;0,0000;4;0
1,0922;-23,1986;47,3705;19,6980;0,0000;22,9316;-23,1986;350,000;-150,000;50,000;0,000;0,0000;0,0000;0,0000;0,0000;0,0000;0,0000;0,0000;0,0000;0,0000;0,0000;0,0000;0,0000;4;0
1,0951;-23,1986;47,3705;19,6980;0,0000;22,9316;-23,1986;350,000;-150,000;50,000;0,000;0,0000;0,0000;0,0000;0,0000;0,0000;0,0000;0,0000;0,0000;0,0000;0,0000;0,0000;0,0000;4;0
1,0979;-23,1986;47,3705;19,6980;0,0000;22,9316;-23,1986;350,000;-150,000;50,000;0,000;0,0000;0,0000;0,0000;0,0000;0,0000;0,0000;0,0000;0,0000;0,0000;0,0000;0,0000;0,0000;4;0
1,1008;-23,1986;47,3705;19,6980;0,0000;22,9316;-23,1986;350,000;-150,000;50,000;0,000;0,0000;0,0000;0,0000;0,0000;0,0000;0,0000;0,0000;0,0000;0,0000;0,0000;0,0000;0,0000;4;0
1,1037;-23,1986;47,3705;19,6980;0,0000;22,9316;-23,1986;350,000;-150,000;50,000;0,000;0,0000;0,0000;0,0000;0,0000;0,0000;0,0000;0,0000;0,0000;0,0000;0,0000;0,0000;0,0000;4;0
1,1065;-23,1986;47,3705;19,6980;0,0000;22,9316;-23,1986;350,000;-150,000;50,000;0,000;0,0000;0,0000;0,0000;0,0000;0,0000;0,0000;0,0000;0,0000;0,0000;0,0000;0,0000;0,0000;4;0
1,1094;-23,1986;47,3705;19,6980;0,0000;22,9316;-23,1986;350,000;-150,000;50,000;0,000;0,0000;0,0000;0,0000;0,0000;0,0000;0,0000;0,0000;0,0000;0,0000;0,0000;0,0000;0,0000;4;0
1,1123;-23,1986;47,3705;19,6980;0,0000;22,9316;-23,1986;350,000;-150,000;50,000;0,000;0,0000;0,0000;0,0000;0,0000;0,0000;0,0000;0,0000;0,0000;0,0000;0,0000;0,0000;0,0000;4;0
1,1151;-23,1986;47,3705;19,6980;0,0000;22,9316;-23,1986;350,000;-150,000;50,000;0,000;0,0000;0,0000;0,0000;0,0000;0,0000;0,0000;0,0000;0,0000;0,0000;0,0000;0,0000;0,0000;4;0
1,1180;-23,1986;47,3705;19,6980;0,0000;22,9316;-23,1986;350,000;-150,000;50,000;0,000;0,0000;0,0000;0,0000;0,0000;0,0000;0,0000;0,0000;0,0000;0,0000;0,0000;0,0000;0,0000;4;0
1,1209;-23,1986;47,3705;19,6980;0,0000;22,9316;-23,1986;350,000;-150,000;50,000;0,000;0,0000;0,0000;0,0000;0,0000;0,0000;0,0000;0,0000;0,0000;0,0000;0,0000;0,0000;0,0000;4;0
1,1237;-23,1986;47,3705;19,6980;0,0000;22,9316;-23,1986;350,000;-150,000;50,000;0,000;0,0000;0,0000;0,0000;0,0000;0,0000;0,0000;0,0000;0,0000;0,0000;0,0000;0,0000;0,0000;4;0
1,1266;-23,1986;47,3705;19,6980;0,0000;22,9316;-23,1986;350,000;-150,000;50,000;0,000;0,0000;0,0000;0,0000;0,0000;0,0000;0,0000;0,0000;0,0000;0,0000;0,0000;0,0000;0,0000;4;0
1,1295;-23,1986;47,3705;19,6980;0,0000;22,9316;-23,1986;350,000;-150,000;50,000;0,000;0,0000;0,0000;0,0000;0,0000;0,0000;0,0000;0,0000;0,0000;0,0000;0,0000;0,0000;0,0000;4;0
1,1323;-23,1986;47,3705;19,6980;0,0000;22,9316;-23,1986;350,000;-150,000;50,000;0,000;0,0000;0,0000;0,0000;0,0000;0,0000;0,0000;0,0000;0,0000;0,0000;0,0000;0,0000;0,0000;4;0
1,1352;-23,1986;47,3705;19,6980;0,0000;22,9316;-23,1986;350,000;-150,000;50,000;0,000;0,0000;0,0000;0,0000;0,0000;0,0000;0,0000;0,0000;0,0000;0,0000;0,0000;0,0000;0,0000;4;0
1,1381;-23,1986;47,3705;19,6980;0,0000;22,9316;-23,1986;350,000;-150,000;50,000;0,000;0,0000;0,0000;0,0000;0,0000;0,0000;0,0000;0,0000;0,0000;0,0000;0,0000;0,0000;0,0000;4;0
1,1409;-23,1986;47,3705;19,6980;0,0000;22,9316;-23,1986;350,000;-150,000;50,000;0,000;0,0000;0,0000;0,0000;0,0000;0,0000;0,0000;0,0000;0,0000;0,0000;0,0000;0,0000;0,0000;4;0
1,1438;-23,1986;47,3705;19,6980;0,0000;22,9316;-23,1986;350,000;-150,000;50,000;0,000;0,0000;0,0000;0,0000;0,0000;0,0000;0,0000;0,0000;0,0000;0,0000;0,0000;0,0000;0,0000;4;0
1,1467;-23,1986;47,3705;19,6980;0,0000;22,9316;-23,1986;350,000;-150,000;50,000;0,000;0,0000;0,0000;0,0000;0,0000;0,0000;0,0000;0,0000;0,0000;0,0000;0,0000;0,0000;0,0000;4;0
1,1495;-23,1986;47,3705;19,6980;0,0000;22,9316;-23,1986;350,000;-150,000;50,000;0,000;0,0000;0,0000;0,0000;0,0000;0,0000;0,0000;0,0000;0,0000;0,0000;0,0000;0,0000;0,0000;4;0
1,1524;-23,1986;47,3705;19,6980;0,0000;22,9316;-23,1986;350,000;-150,000;50,000;0,000;0,0000;0,0000;0,0000;0,0000;0,0000;0,0000;0,0000;0,0000;0,0000;0,0000;0,0000;0,0000;4;0
1,1553;-23,1986;47,3705;19,6980;0,0000;22,9316;-23,1986;350,000;-150,000;50,000;0,000;0,0000;0,0000;0,0000;0,0000;0,0000;0,0000;0,0000;0,0000;0,0000;0,0000;0,0000;0,0000;4;0
1,1581;-23,1986;47,3705;19,6980;0,0000;22,9316;-23,1986;350,000;-150,000;50,000;0,000;0,0000;0,0000;0,0000;0,0000;0,0000;0,0000;0,0000;0,0000;0,0000;0,0000;0,0000;0,0000;4;0
1,1610;-23,1986;47,3705;19,6980;0,0000;22,9316;-23,1986;350,000;-150,000;50,000;0,000;0,0000;0,0000;0,0000;0,0000;0,0000;0,0000;0,0000;0,0000;0,0000;0,0000;0,0000;0,0000;4;0
1,1639;-23,1986;47,3705;19,6980;0,0000;22,9316;-23,1986;350,000;-150,000;50,000;0,000;0,0000;0,0000;0,0000;0,0000;0,0000;0,0000;0,0000;0,0000;0,0000;0,0000;0,0000;0,0000;4;0
1,1667;-23,1986;47,3705;19,6980;0,0000;22,9316;-23,1986;350,000;-150,000;50,000;0,000;0,0000;0,0000;0,0000;0,0000;0,0000;0,0000;0,0000;0,0000;0,0000;0,0000;0,0000;0,0000;4;0
1,1696;-23,1986;47,3705;19,6980;0,0000;22,9316;-23,1986;350,000;-150,000;50,000;0,000;0,0000;0,0000;0,0000;0,0000;0,0000;0,0000;0,0000;0,0000;0,0000;0,0000;0,0000;0,0000;4;0
1,1725;-23,1986;47,3705;19,6980;0,0000;22,9316;-23,1986;350,000;-150,000;50,000;0,000;0,0000;0,0000;0,0000;0,0000;0,0000;0,0000;0,0000;0,0000;0,0000;0,0000;0,0000;0,0000;4;0
1,1753;-23,1986;47,3705;19,6980;0,0000;22,9316;-23,1986;350,000;-150,000;50,000;0,000;0,0000;0,0000;0,0000;0,0000;0,0000;0,0000;0,0000;0,0000;0,0000;0,0000;0,0000;0,0000;4;0
1,1782;-23,1986;47,3705;19,6980;0,0000;22,9316;-23,1986;350,000;-150,000;50,000;0,000;0,0000;0,0000;0,0000;0,0000;0,0000;0,0000;0,0000;0,0000;0,0000;0,0000;0,0000;0,0000;4;0
1,1811;-23,1986;47,3705;19,6980;0,0000;22,9316;-23,1986;350,000;-150,000;50,000;0,000;0,0000;0,0000;0,0000;0,0000;0,0000;0,0000;0,0000;0,0000;0,0000;0,0000;0,0000;0,0000;4;0
1,1839;-23,1986;47,3705;19,6980;0,0000;22,9316;-23,1986;350,000;-150,000;50,000;0,000;0,0000;0,0000;0,0000;0,0000;0,0000;0,0000;0,0000;0,0000;0,0000;0,0000;0,0000;0,0000;4;0
1,1868;-23,1986;47,3705;19,6980;0,0000;22,9316;-23,1986;350,000;-150,000;50,000;0,000;0,0000;0,0000;0,0000;0,0000;0,0000;0,0000;0,0000;0,0000;0,0000;0,0000;0,0000;0,0000;4;0
1,1897;-23,1986;47,3705;19,6980;0,0000;22,9316;-23,1986;350,000;-150,000;50,000;0,000;0,0000;0,0000;0,0000;0,0000;0,0000;0,0000;0,0000;0,0000;0,0000;0,0000;0,0000;0,0000;4;0
1,1925;-23,1986;47,3705;19,6980;0,0000;22,9316;-23,1986;350,000;-150,000;50,000;0,000;0,0000;0,0000;0,0000;0,0000;0,0000;0,0000;0,0000;0,0000;0,0000;0,0000;0,0000;0,0000;4;0
1,1954;-23,1986;47,3705;19,6980;0,0000;22,9316;-23,1986;350,000;-150,000;50,000;0,000;0,0000;0,0000;0,0000;0,0000;0,0000;0,0000;0,0000;0,0000;0,0000;0,0000;0,0000;0,0000;4;0
1,1983;-23,1986;47,3705;19,6980;0,0000;22,9316;-23,1986;350,000;-150,000;50,000;0,000;0,0000;0,0000;0,0000;0,0000;0,0000;0,0000;0,0000;0,0000;0,0000;0,0000;0,0000;0,0000;4;0
1,2011;-23,1986;47,3705;19,6980;0,0000;22,9316;-23,1986;350,000;-150,000;50,000;0,000;0,0000;0,0000;0,0000;0,0000;0,0000;0,0000;0,0000;0,0000;0,0000;0,0000;0,0000;0,0000;4;0
1,2040;-23,1986;47,3705;19,6980;0,0000;22,9316;-23,1986;350,000;-150,000;50,000;0,000;0,0000;0,0000;0,0000;0,0000;0,0000;0,0000;0,0000;0,0000;0,0000;0,0000;0,0000;0,0000;4;0
1,2069;-23,1986;47,3705;19,6980;0,0000;22,9316;-23,1986;350,000;-150,000;50,000;0,000;0,0000;0,0000;0,0000;0,0000;0,0000;0,0000;0,0000;0,0000;0,0000;0,0000;0,0000;0,0000;4;0
1,2097;-23,1986;47,3705;19,6980;0,0000;22,9316;-23,1986;350,000;-150,000;50,000;0,000;0,0000;0,0000;0,0000;0,0000;0,0000;0,0000;0,0000;0,0000;0,0000;0,0000;0,0000;0,0000;4;0
1,2126;-23,1986;47,3705;19,6980;0,0000;22,9316;-23,1986;350,000;-150,000;50,000;0,000;0,0000;0,0000;0,0000;0,0000;0,0000;0,0000;0,0000;0,0000;0,0000;0,0000;0,0000;0,0000;4;0
1,2155;-23,1986;47,3705;19,6980;0,0000;22,9316;-23,1986;350,000;-150,000;50,000;0,000;0,0000;0,0000;0,0000;0,0000;0,0000;0,0000;0,0000;0,0000;0,0000;0,0000;0,0000;0,0000;4;0
1,2183;-23,1986;47,3705;19,6980;0,0000;22,9316;-23,1986;350,000;-150,000;50,000;0,000;0,0000;0,0000;0,0000;0,0000;0,0000;0,0000;0,0000;0,0000;0,0000;0,0000;0,0000;0,0000;4;0
1,2212;-23,1986;47,3705;19,6980;0,0000;22,9316;-23,1986;350,000;-150,000;50,000;0,000;0,0000;0,0000;0,0000;0,0000;0,0000;0,0000;0,0000;0,0000;0,0000;0,0000;0,0000;0,0000;4;0
1,2241;-23,1986;47,3705;19,6980;0,0000;22,9316;-23,1986;350,000;-150,000;50,000;0,000;0,0000;0,0000;0,0000;0,0000;0,0000;0,0000;0,0000;0,0000;0,0000;0,0000;0,0000;0,0000;4;0
1,2269;-23,1986;47,3705;19,6980;0,0000;22,9316;-23,1986;350,000;-150,000;50,000;0,000;0,0000;0,0000;0,0000;0,0000;0,0000;0,0000;0,0000;0,0000;0,0000;0,0000;0,0000;0,0000;4;0
1,2298;-23,1986;47,3705;19,6980;0,0000;22,9316;-23,1986;350,000;-150,000;50,000;0,000;0,0000;0,0000;0,0000;0,0000;0,0000;0,0000;0,0000;0,0000;0,0000;0,0000;0,0000;0,0000;4;0
1,2327;-23,1986;47,3705;19,6980;0,0000;22,9316;-23,1986;350,000;-150,000;50,000;0,000;0,0000;0,0000;0,0000;0,0000;0,0000;0,0000;0,0000;0,0000;0,0000;0,0000;0,0000;0,0000;4;0
1,2355;-23,1986;47,3705;19,6980;0,0000;22,9316;-23,1986;350,000;-150,000;50,000;0,000;0,0000;0,0000;0,0000;0,0000;0,0000;0,0000;0,0000;0,0000;0,0000;0,0000;0,0000;0,0000;4;0
1,2384;-23,1986;47,3705;19,6980;0,0000;22,9316;-23,1986;350,000;-150,000;50,000;0,000;0,0000;0,0000;0,0000;0,0000;0,0000;0,0000;0,0000;0,0000;0,0000;0,0000;0,0000;0,0000;4;0
1,2413;-23,1986;47,3705;19,6980;0,0000;22,9316;-23,1986;350,000;-150,000;50,000;0,000;0,0000;0,0000;0,0000;0,0000;0,0000;0,0000;0,0000;0,0000;0,0000;0,0000;0,0000;0,0000;4;0
1,2441;-23,1986;47,3705;19,6980;0,0000;22,9316;-23,1986;350,000;-150,000;50,000;0,000;0,0000;0,0000;0,0000;0,0000;0,0000;0,0000;0,0000;0,0000;0,0000;0,0000;0,0000;0,0000;4;0
1,2470;-23,1986;47,3705;19,6980;0,0000;22,9316;-23,1986;350,000;-150,000;50,000;0,000;0,0000;0,0000;0,0000;0,0000;0,0000;0,0000;0,0000;0,0000;0,0000;0,0000;0,0000;0,0000;4;0
1,2499;-23,1986;47,3705;19,6980;0,0000;22,9316;-23,1986;350,000;-150,000;50,000;0,000;0,0000;0,0000;0,0000;0,0000;0,0000;0,0000;0,0000;0,0000;0,0000;0,0000;0,0000;0,0000;4;0
1,2527;-23,1986;47,3705;19,6980;0,0000;22,9316;-23,1986;350,000;-150,000;50,000;0,000;0,0000;0,0000;0,0000;0,0000;0,0000;0,0000;0,0000;0,0000;0,0000;0,0000;0,0000;0,0000;4;0
1,2556;-23,1986;47,3705;19,6980;0,0000;22,9316;-23,1986;350,000;-150,000;50,000;0,000;0,0000;0,0000;0,0000;0,0000;0,0000;0,0000;0,0000;0,0000;0,0000;0,0000;0,0000;0,0000;4;0
1,2585;-23,1986;47,3705;19,6980;0,0000;22,9316;-23,1986;350,000;-150,000;50,000;0,000;0,0000;0,0000;0,0000;0,0000;0,0000;0,0000;0,0000;0,0000;0,0000;0,0000;0,0000;0,0000;4;0
1,2613;-23,1986;47,3705;19,6980;0,0000;22,9316;-23,1986;350,000;-150,000;50,000;0,000;0,0000;0,0000;0,0000;0,0000;0,0000;0,0000;0,0000;0,0000;0,0000;0,0000;0,0000;0,0000;4;0
1,2642;-23,1986;47,3705;19,6980;0,0000;22,9316;-23,1986;350,000;-150,000;50,000;0,000;0,0000;0,0000;0,0000;0,0000;0,0000;0,0000;0,0000;0,0000;0,0000;0,0000;0,0000;0,0000;4;0
1,2671;-23,1986;47,3705;19,6980;0,0000;22,9316;-23,1986;350,000;-150,000;50,000;0,000;0,0000;0,0000;0,0000;0,0000;0,0000;0,0000;0,0000;0,0000;0,0000;0,0000;0,0000;0,0000;4;0
1,2699;-23,1986;47,3705;19,6980;0,0000;22,9316;-23,1986;350,000;-150,000;50,000;0,000;0,0000;0,0000;0,0000;0,0000;0,0000;0,0000;0,0000;0,0000;0,0000;0,0000;0,0000;0,0000;4;0
1,2728;-23,1986;47,3705;19,6980;0,0000;22,9316;-23,1986;350,000;-150,000;50,000;0,000;0,0000;0,0000;0,0000;0,0000;0,0000;0,0000;0,0000;0,0000;0,0000;0,0000;0,0000;0,0000;4;0
1,2757;-23,1986;47,3705;19,6980;0,0000;22,9316;-23,1986;350,000;-150,000;50,000;0,000;0,0000;0,0000;0,0000;0,0000;0,0000;0,0000;0,0000;0,0000;0,0000;0,0000;0,0000;0,0000;4;0
1,2785;-23,1986;47,3705;19,6980;0,0000;22,9316;-23,1986;350,000;-150,000;50,000;0,000;0,0000;0,0000;0,0000;0,0000;0,0000;0,0000;0,0000;0,0000;0,0000;0,0000;0,0000;0,0000;4;0
1,2814;-23,1986;47,3705;19,6980;0,0000;22,9316;-23,1986;350,000;-150,000;50,000;0,000;0,0000;0,0000;0,0000;0,0000;0,0000;0,0000;0,0000;0,0000;0,0000;0,0000;0,0000;0,0000;4;0
1,2843;-23,1986;47,3705;19,6980;0,0000;22,9316;-23,1986;350,000;-150,000;50,000;0,000;0,0000;0,0000;0,0000;0,0000;0,0000;0,0000;0,0000;0,0000;0,0000;0,0000;0,0000;0,0000;4;0
1,2871;-23,1986;47,3705;19,6980;0,0000;22,9316;-23,1986;350,000;-150,000;50,000;0,000;0,0000;0,0000;0,0000;0,0000;0,0000;0,0000;0,0000;0,0000;0,0000;0,0000;0,0000;0,0000;4;0
1,2900;-23,1986;47,3705;19,6980;0,0000;22,9316;-23,1986;350,000;-150,000;50,000;0,000;0,0000;0,0000;0,0000;0,0000;0,0000;0,0000;0,0000;0,0000;0,0000;0,0000;0,0000;0,0000;4;0
1,2929;-23,1986;47,3705;19,6980;0,0000;22,9316;-23,1986;350,000;-150,000;50,000;0,000;0,0000;0,0000;0,0000;0,0000;0,0000;0,0000;0,0000;0,0000;0,0000;0,0000;0,0000;0,0000;4;0
1,2957;-23,1986;47,3705;19,6980;0,0000;22,9316;-23,1986;350,000;-150,000;50,000;0,000;0,0000;0,0000;0,0000;0,0000;0,0000;0,0000;0,0000;0,0000;0,0000;0,0000;0,0000;0,0000;4;0
1,2986;-23,1986;47,3705;19,6980;0,0000;22,9316;-23,1986;350,000;-150,000;50,000;0,000;0,0000;0,0000;0,0000;0,0000;0,0000;0,0000;0,0000;0,0000;0,0000;0,0000;0,0000;0,0000;4;0
1,3015;-23,1986;47,3705;19,6980;0,0000;22,9316;-23,1986;350,000;-150,000;50,000;0,000;0,0000;0,0000;0,0000;0,0000;0,0000;0,0000;0,0000;0,0000;0,0000;0,0000;0,0000;0,0000;4;0
1,3043;-23,1986;47,3705;19,6980;0,0000;22,9316;-23,1986;350,000;-150,000;50,000;0,000;0,0000;0,0000;0,0000;0,0000;0,0000;0,0000;0,0000;0,0000;0,0000;0,0000;0,0000;0,0000;4;0
1,3072;-23,1986;47,3705;19,6980;0,0000;22,9316;-23,1986;350,000;-150,000;50,000;0,000;0,0000;0,0000;0,0000;0,0000;0,0000;0,0000;0,0000;0,0000;0,0000;0,0000;0,0000;0,0000;4;0
1,3101;-23,1986;47,3705;19,6980;0,0000;22,9316;-23,1986;350,000;-150,000;50,000;0,000;0,0000;0,0000;0,0000;0,0000;0,0000;0,0000;0,0000;0,0000;0,0000;0,0000;0,0000;0,0000;4;0
1,3129;-23,1986;47,3705;19,6980;0,0000;22,9316;-23,1986;350,000;-150,000;50,000;0,000;0,0000;0,0000;0,0000;0,0000;0,0000;0,0000;0,0000;0,0000;0,0000;0,0000;0,0000;0,0000;4;0
1,3158;-23,1986;47,3705;19,6980;0,0000;22,9316;-23,1986;350,000;-150,000;50,000;0,000;0,0000;0,0000;0,0000;0,0000;0,0000;0,0000;0,0000;0,0000;0,0000;0,0000;0,0000;0,0000;4;0
1,3187;-23,1986;47,3705;19,6980;0,0000;22,9316;-23,1986;350,000;-150,000;50,000;0,000;0,0000;0,0000;0,0000;0,0000;0,0000;0,0000;0,0000;0,0000;0,0000;0,0000;0,0000;0,0000;4;0
1,3215;-23,1986;47,3705;19,6980;0,0000;22,9316;-23,1986;350,000;-150,000;50,000;0,000;0,0000;0,0000;0,0000;0,0000;0,0000;0,0000;0,0000;0,0000;0,0000;0,0000;0,0000;0,0000;4;0
1,3244;-23,1986;47,3705;19,6980;0,0000;22,9316;-23,1986;350,000;-150,000;50,000;0,000;0,0000;0,0000;0,0000;0,0000;0,0000;0,0000;0,0000;0,0000;0,0000;0,0000;0,0000;0,0000;4;0
1,3273;-23,1986;47,3705;19,6980;0,0000;22,9316;-23,1986;350,000;-150,000;50,000;0,000;0,0000;0,0000;0,0000;0,0000;0,0000;0,0000;0,0000;0,0000;0,0000;0,0000;0,0000;0,0000;4;0
1,3301;-23,1986;47,3705;19,6980;0,0000;22,9316;-23,1986;350,000;-150,000;50,000;0,000;0,0000;0,0000;0,0000;0,0000;0,0000;0,0000;0,0000;0,0000;0,0000;0,0000;0,0000;0,0000;4;0
1,3330;-23,1986;47,3705;19,6980;0,0000;22,9316;-23,1986;350,000;-150,000;50,000;0,000;0,0000;0,0000;0,0000;0,0000;0,0000;0,0000;0,0000;0,0000;0,0000;0,0000;0,0000;0,0000;4;0
1,3359;-23,1986;47,3705;19,6980;0,0000;22,9316;-23,1986;350,000;-150,000;50,000;0,000;0,0000;0,0000;0,0000;0,0000;0,0000;0,0000;0,0000;0,0000;0,0000;0,0000;0,0000;0,0000;4;0
1,3387;-23,1986;47,3705;19,6980;0,0000;22,9316;-23,1986;350,000;-150,000;50,000;0,000;0,0000;0,0000;0,0000;0,0000;0,0000;0,0000;0,0000;0,0000;0,0000;0,0000;0,0000;0,0000;4;0
1,3416;-23,1986;47,3705;19,6980;0,0000;22,9316;-23,1986;350,000;-150,000;50,000;0,000;0,0000;0,0000;0,0000;0,0000;0,0000;0,0000;0,0000;0,0000;0,0000;0,0000;0,0000;0,0000;4;0
1,3445;-23,1986;47,3705;19,6980;0,0000;22,9316;-23,1986;350,000;-150,000;50,000;0,000;0,0000;0,0000;0,0000;0,0000;0,0000;0,0000;0,0000;0,0000;0,0000;0,0000;0,0000;0,0000;4;0
1,3473;-23,1986;47,3705;19,6980;0,0000;22,9316;-23,1986;350,000;-150,000;50,000;0,000;0,0000;0,0000;0,0000;0,0000;0,0000;0,0000;0,0000;0,0000;0,0000;0,0000;0,0000;0,0000;4;0
1,3502;-23,1986;47,3705;19,6980;0,0000;22,9316;-23,1986;350,000;-150,000;50,000;0,000;0,0000;0,0000;0,0000;0,0000;0,0000;0,0000;-0,0000;-32,4152;8,7868;-0,0000;23,6285;0,0000;4;0
1,3531;-23,1986;47,3705;19,6980;0,0000;22,9316;-23,1986;350,000;-150,000;50,000;0,000;-0,0000;-0,1858;0,0504;-0,0000;0,1355;0,0000;-0,0000;-129,6599;35,1443;-0,0000;94,5156;0,0000;4;0
1,3559;-23,1986;47,3694;19,6983;0,0000;22,9324;-23,1986;350,000;-150,000;50,006;2,150;-0,0000;-0,7434;0,2015;-0,0000;0,5419;0,0000;0,0000;-226,8982;61,4852;-0,0000;165,4130;0,0000;6;0
1,3588;-23,1986;47,3662;19,6991;0,0000;22,9347;-23,1986;350,000;-150,000;50,025;6,450;0,0000;-1,4867;0,4029;-0,0000;1,0838;0,0000;0,0000;-259,2928;70,2177;-0,0000;189,0752;0,0000;6;0
1,3617;-23,1986;47,3609;19,7006;0,0000;22,9386;-23,1986;350,000;-150,000;50,055;10,750;-0,0000;-2,2300;0,6041;-0,0000;1,6259;0,0000;-0,0000;-259,2569;70,1231;-0,0000;189,1339;0,0000;6;0
1,3645;-23,1986;47,3534;19,7026;0,0000;22,9440;-23,1986;350,000;-150,000;50,099;15,050;-0,0000;-2,9731;0,8049;-0,0000;2,1682;0,0000;0,0000;-259,2065;69,9902;-0,0000;189,2163;0,0000;6;0
1,3674;-23,1986;47,3438;19,7052;0,0000;22,9510;-23,1986;350,000;-150,000;50,154;19,350;0,0000;-3,7161;1,0054;-0,0000;2,7108;0,0000;0,0000;-259,1416;69,8192;-0,0000;189,3224;0,0000;6;0
1,3703;-23,1986;47,3321;19,7083;0,0000;22,9595;-23,1986;350,000;-150,000;50,222;23,650;0,0000;-4,4589;1,2052;-0,0000;3,2537;0,0000;-0,0000;-259,0622;69,6103;-0,0000;189,4519;0,0000;6;0
1,3731;-23,1986;47,3183;19,7121;0,0000;22,9697;-23,1986;350,000;-150,000;50,302;27,950;-0,0000;-5,2014;1,4045;-0,0000;3,7970;0,0000;-0,0000;-258,9683;69,3634;-0,0000;189,6049;0,0000;6;0
1,3760;-23,1986;47,3023;19,7164;0,0000;22,9813;-23,1986;350,000;-150,000;50,394;32,250;-0,0000;-5,9436;1,6029;-0,0000;4,3407;0,0000;0,0000;-258,8598;69,0786;-0,0000;189,7813;0,0000;6;0
1,3789;-23,1986;47,2842;19,7213;0,0000;22,9945;-23,1986;350,000;-150,000;50,499;36,550;0,0000;-6,6855;1,8005;-0,0000;4,8850;0,0000;-0,0000;-258,7368;68,7557;-0,0000;189,9811;0,0000;6;0
1,3817;-23,1986;47,2640;19,7267;0,0000;23,0093;-23,1986;350,000;-150,000;50,616;40,850;-0,0000;-7,4271;1,9971;-0,0000;5,4299;0,0000;-0,0000;-258,5990;68,3948;-0,0000;190,2042;0,0000;6;0
1,3846;-23,1986;47,2416;19,7327;0,0000;23,0257;-23,1986;350,000;-150,000;50,746;45,150;-0,0000;-8,1682;2,1926;-0,0000;5,9755;0,0000;0,0000;-258,4465;67,9959;-0,0000;190,4507;0,0000;6;0
1,3875;-23,1986;47,2171;19,7393;0,0000;23,0436;-23,1986;350,000;-150,000;50,888;49,450;0,0000;-8,9088;2,3870;-0,0000;6,5219;0,0000;0,0000;-258,2793;67,5590;-0,0000;190,7203;0,0000;6;0
1,3903;-23,1986;47,1905;19,7464;0,0000;23,0631;-23,1986;350,000;-150,000;51,042;53,750;0,0000;-9,6490;2,5800;-0,0000;7,0690;0,0000;-0,0000;-258,0971;67,0840;-0,0000;191,0131;0,0000;6;0
1,3932;-23,1986;47,1618;19,7541;0,0000;23,0841;-23,1986;350,000;-150,000;51,208;58,050;-0,0000;-10,3886;2,7716;-0,0000;7,6170;0,0000;-0,0000;-257,9000;66,5711;-0,0000;191,3289;0,0000;6;0
1,3961;-23,1986;47,1310;19,7623;0,0000;23,1067;-23,1986;350,000;-150,000;51,387;62,350;-0,0000;-11,1276;2,9616;-0,0000;8,1660;0,0000;0,0000;-257,6878;66,0201;-0,0000;191,6677;0,0000;6;0
1,3989;-23,1986;47,0980;19,7711;0,0000;23,1309;-23,1986;350,000;-150,000;51,578;66,650;-0,0000;-11,8660;3,1501;-0,0000;8,7159;0,0000;0,0000;-257,4605;65,4311;-0,0000;192,0294;0,0000;6;0
1,4018;-23,1986;47,0629;19,7804;0,0000;23,1567;-23,1986;350,000;-150,000;51,781;70,950;0,0000;-12,6037;3,3368;-0,0000;9,2669;0,0000;0,0000;-257,2179;64,8040;-0,0000;192,4139;0,0000;6;0
1,4047;-23,1986;47,0257;19,7902;0,0000;23,1841;-23,1986;350,000;-150,000;51,997;75,250;-0,0000;-13,3407;3,5216;-0,0000;9,8191;0,0000;-0,0000;-256,9599;64,1388;-0,0000;192,8211;0,0000;6;0
1,4075;-23,1986;46,9864;19,8006;0,0000;23,2130;-23,1986;350,000;-150,000;52,225;79,550;-0,0000;-14,0769;3,7045;-0,0000;10,3724;0,0000;0,0000;-256,6865;63,4356;-0,0000;193,2509;0,0000;6;0
1,4104;-23,1986;46,9450;19,8114;0,0000;23,2435;-23,1986;350,000;-150,000;52,465;83,850;0,0000;-14,8124;3,8853;-0,0000;10,9270;0,0000;0,0000;-256,3974;62,6943;-0,0000;193,7031;0,0000;6;0
1,4133;-23,1986;46,9015;19,8228;0,0000;23,2757;-23,1986;350,000;-150,000;52,718;88,150;0,0000;-15,5469;4,0640;-0,0000;11,4830;0,0000;-0,0000;-255,7810;61,1120;-0,0000;194,6690;0,0000;6;0
1,4161;-23,1986;46,8559;19,8347;0,0000;23,3094;-23,1986;350,000;-150,000;52,983;92,450;-0,0000;-16,2788;4,2357;-0,0000;12,0431;0,0000;-0,0000;-255,4313;60,2215;-0,0000;195,2097;0,0000;6;0
1,4190;-23,1986;46,8082;19,8471;0,0000;23,3447;-23,1986;350,000;-150,000;53,260;96,755;-0,0000;-17,0114;4,4092;-0,0000;12,6022;0,0000;0,0000;-255,6875;60,8956;-0,0000;194,7918;0,0000;6;0
1,4219;-23,1986;46,7584;19,8600;0,0000;23,3816;-23,1986;350,000;-150,000;53,550;101,050;0,0000;-17,7448;4,5848;-0,0000;13,1600;0,0000;0,0000;-255,3608;60,0685;-0,0000;195,2923;0,0000;6;0
1,4247;-23,1986;46,7064;19,8734;0,0000;23,4202;-23,1986;350,000;-150,000;53,852;105,350;-0,0000;-18,4755;4,7536;-0,0000;13,7219;0,0000;-0,0000;-254,7075;58,4035;-0,0000;196,3040;0,0000;6;0
1,4276;-23,1986;46,6524;19,8873;0,0000;23,4603;-23,1986;350,000;-150,000;54,166;109,650;-0,0000;-19,2051;4,9197;-0,0000;14,2854;0,0000;0,0000;-254,3216;57,4334;-0,0000;196,8882;0,0000;6;0
1,4305;-23,1986;46,5963;19,9016;0,0000;23,5021;-23,1986;350,000;-150,000;54,493;113,950;0,0000;-19,9336;5,0829;-0,0000;14,8507;0,0000;0,0000;-253,9191;56,4252;-0,0000;197,4939;0,0000;6;0
1,4333;-23,1986;46,5382;19,9164;0,0000;23,5454;-23,1986;350,000;-150,000;54,832;118,250;0,0000;-20,6609;5,2432;-0,0000;15,4177;0,0000;-0,0000;-253,4997;55,3789;-0,0000;198,1209;0,0000;6;0
1,4362;-23,1986;46,4779;19,9317;0,0000;23,5904;-23,1986;350,000;-150,000;55,183;122,550;-0,0000;-21,3870;5,4004;-0,0000;15,9866;0,0000;-0,0000;-253,0633;54,2943;-0,0000;198,7690;0,0000;6;0
1,4391;-23,1986;46,4155;19,9474;0,0000;23,6371;-23,1986;350,000;-150,000;55,547;126,850;-0,0000;-22,1118;5,5545;-0,0000;16,5573;0,0000;0,0000;-252,6096;53,1715;-0,0000;199,4381;0,0000;6;0
1,4419;-23,1986;46,3511;19,9635;0,0000;23,6854;-23,1986;350,000;-150,000;55,923;131,150;0,0000;-22,8353;5,7053;-0,0000;17,1300;0,0000;0,0000;-252,1384;52,0104;-0,0000;200,1279;0,0000;6;0
1,4448;-23,1986;46,2846;19,9801;0,0000;23,7353;-23,1986;350,000;-150,000;56,311;135,450;0,0000;-23,5574;5,8527;-0,0000;17,7047;0,0000;-0,0000;-251,6495;50,8112;-0,0000;200,8383;0,0000;6;0
1,4477;-23,1986;46,2160;19,9971;0,0000;23,7869;-23,1986;350,000;-150,000;56,712;139,750;0,0000;-24,2781;5,9966;-0,0000;18,2815;0,0000;-0,0000;-251,1428;49,5736;-0,0000;201,5691;0,0000;6;0
1,4505;-23,1986;46,1454;20,0145;0,0000;23,8401;-23,1986;350,000;-150,000;57,125;144,050;-0,0000;-24,9973;6,1369;-0,0000;18,8604;0,0000;-0,0000;-250,6179;48,2978;-0,0000;202,3200;0,0000;6;0
1,4534;-23,1986;46,0727;20,0323;0,0000;23,8950;-23,1986;350,000;-150,000;57,550;148,350;-0,0000;-25,7150;6,2735;-0,0000;19,4415;0,0000;-0,0000;-250,0746;46,9837;-0,0000;203,0909;0,0000;6;0
1,4563;-23,1986;45,9980;20,0504;0,0000;23,9516;-23,1986;350,000;-150,000;57,988;152,650;-0,0000;-26,4310;6,4063;-0,0000;20,0248;0,0000;0,0000;-249,5127;45,6313;-0,0000;203,8814;0,0000;6;0
1,4591;-23,1986;45,9212;20,0690;0,0000;24,0098;-23,1986;350,000;-150,000;58,438;156,950;-0,0000;-27,1455;6,5351;-0,0000;20,6104;0,0000;-0,0000;-248,9320;44,2405;-0,0000;204,6915;0,0000;6;0
1,4620;-23,1986;45,8424;20,0879;0,0000;24,0697;-23,1986;350,000;-150,000;58,900;161,250;-0,0000;-27,8583;6,6599;-0,0000;21,1984;0,0000;-0,0000;-248,3321;42,8114;-0,0000;205,5208;0,0000;6;0
1,4649;-23,1986;45,7615;20,1072;0,0000;24,1314;-23,1986;350,000;-150,000;59,374;165,550;-0,0000;-28,5693;6,7806;-0,0000;21,7887;0,0000;0,0000;-247,7129;41,3440;-0,0000;206,3689;0,0000;6;0
1,4677;-23,1986;45,6786;20,1268;0,0000;24,1947;-23,1986;350,000;-150,000;59,861;169,850;-0,0000;-29,2785;6,8969;-0,0000;22,3815;0,0000;0,0000;-247,0740;39,8381;-0,0000;207,2359;0,0000;6;0
1,4706;-23,1986;45,5936;20,1467;0,0000;24,2597;-23,1986;350,000;-150,000;60,361;174,150;0,0000;-29,9858;7,0090;-0,0000;22,9769;0,0000;0,0000;-246,4151;38,2938;-0,0000;208,1214;0,0000;6;0
1,4735;-23,1986;45,5066;20,1670;0,0000;24,3264;-23,1986;350,000;-150,000;60,872;178,450;0,0000;-30,6913;7,1165;-0,0000;23,5748;0,0000;0,0000;-245,7361;36,7110;-0,0000;209,0250;0,0000;6;0
1,4763;-23,1986;45,4176;20,1875;0,0000;24,3948;-23,1986;350,000;-150,000;61,396;182,750;0,0000;-31,3947;7,2194;-0,0000;24,1753;0,0000;-0,0000;-245,0365;35,0899;-0,0000;209,9466;0,0000;6;0
1,4792;-23,1986;45,3266;20,2084;0,0000;24,4650;-23,1986;350,000;-150,000;61,932;187,050;0,0000;-32,0961;7,3177;-0,0000;24,7785;0,0000;0,0000;-244,3160;33,4302;-0,0000;210,8858;0,0000;6;0
1,4821;-23,1986;45,2336;20,2295;0,0000;24,5369;-23,1986;350,000;-150,000;62,481;191,350;0,0000;-32,7955;7,4111;-0,0000;25,3844;0,0000;0,0000;-243,5744;31,7321;-0,0000;211,8423;0,0000;6;0
1,4849;-23,1986;45,1386;20,2508;0,0000;24,6105;-23,1986;350,000;-150,000;63,042;195,650;0,0000;-33,4926;7,4996;-0,0000;25,9930;0,0000;-0,0000;-242,8113;29,9955;-0,0000;212,8158;0,0000;6;0
1,4878;-23,1986;45,0416;20,2725;0,0000;24,6859;-23,1986;350,000;-150,000;63,615;199,950;-0,0000;-34,1876;7,5831;-0,0000;26,6045;0,0000;-0,0000;-242,0264;28,2203;-0,0000;213,8061;0,0000;6;0
1,4907;-23,1986;44,9426;20,2943;0,0000;24,7631;-23,1986;350,000;-150,000;64,200;204,250;-0,0000;-34,8802;7,6614;-0,0000;27,2188;0,0000;-0,0000;-241,2193;26,4066;-0,0000;214,8127;0,0000;6;0
1,4935;-23,1986;44,8416;20,3164;0,0000;24,8420;-23,1986;350,000;-150,000;64,798;208,550;-0,0000;-35,5706;7,7345;-0,0000;27,8361;0,0000;0,0000;-240,3898;24,5543;-0,0000;215,8355;0,0000;6;0
1,4964;-23,1986;44,7387;20,3387;0,0000;24,9227;-23,1986;350,000;-150,000;65,408;212,850;0,0000;-36,2585;7,8022;-0,0000;28,4563;0,0000;-0,0000;-239,5374;22,6634;-0,0000;216,8740;0,0000;6;0
1,4993;-23,1986;44,6337;20,3611;0,0000;25,0051;-23,1986;350,000;-150,000;66,031;217,150;-0,0000;-36,9439;7,8644;-0,0000;29,0795;0,0000;-0,0000;-238,6618;20,7339;-0,0000;217,9279;0,0000;6;0
1,5021;-23,1986;44,5269;20,3838;0,0000;25,0894;-23,1986;350,000;-150,000;66,666;221,450;-0,0000;-37,6268;7,9211;-0,0000;29,7058;0,0000;0,0000;-237,7626;18,7658;-0,0000;218,9967;0,0000;6;0
1,5050;-23,1986;44,4180;20,4065;0,0000;25,1755;-23,1986;350,000;-150,000;67,313;225,750;0,0000;-38,3071;7,9720;-0,0000;30,3351;0,0000;0,0000;-236,8394;16,7591;-0,0000;220,0803;0,0000;6;0
1,5079;-23,1986;44,3072;20,4295;0,0000;25,2633;-23,1986;350,000;-150,000;67,972;230,050;0,0000;-38,9847;8,0171;-0,0000;30,9675;0,0000;-0,0000;-235,8919;14,7136;-0,0000;221,1783;0,0000;6;0
1,5107;-23,1986;44,1945;20,4525;0,0000;25,3530;-23,1986;350,000;-150,000;68,644;234,350;-0,0000;-39,6595;8,0564;-0,0000;31,6032;0,0000;0,0000;-234,9196;12,6294;-0,0000;222,2902;0,0000;6;0
1,5136;-23,1986;44,0798;20,4756;0,0000;25,4445;-23,1986;350,000;-150,000;69,328;238,650;0,0000;-40,3316;8,0896;-0,0000;32,2420;0,0000;0,0000;-233,9222;10,5066;-0,0000;223,4156;0,0000;6;0
1,5165;-23,1986;43,9633;20,4989;0,0000;25,5379;-23,1986;350,000;-150,000;70,025;242,950;0,0000;-41,0007;8,1166;-0,0000;32,8841;0,0000;-0,0000;-232,8992;8,3450;-0,0000;224,5542;0,0000;6;0
1,5193;-23,1986;43,8448;20,5222;0,0000;25,6330;-23,1986;350,000;-150,000;70,733;247,250;0,0000;-41,6669;8,1374;-0,0000;33,5295;0,0000;0,0000;-231,8502;6,1447;-0,0000;225,7055;0,0000;6;0
1,5222;-23,1986;43,7244;20,5455;0,0000;25,7301;-23,1986;350,000;-150,000;71,455;251,550;0,0000;-42,3300;8,1518;-0,0000;34,1781;0,0000;0,0000;-230,7748;3,9056;-0,0000;226,8692;0,0000;6;0
1,5251;-23,1986;43,6021;20,5689;0,0000;25,8290;-23,1986;350,000;-150,000;72,188;255,850;0,0000;-42,9900;8,1598;-0,0000;34,8302;0,0000;0,0000;-229,6725;1,6277;-0,0000;228,0448;0,0000;6;0
1,5279;-23,1986;43,4779;20,5923;0,0000;25,9298;-23,1986;350,000;-150,000;72,934;260,150;0,0000;-43,6468;8,1612;-0,0000;35,4856;0,0000;-0,0000;-228,5429;-0,6889;-0,0000;229,2319;0,0000;6;0
1,5308;-23,1986;43,3518;20,6157;0,0000;26,0324;-23,1986;350,000;-150,000;73,692;264,450;0,0000;-44,3003;8,1558;-0,0000;36,1444;0,0000;-0,0000;-227,3856;-3,0444;-0,0000;230,4300;0,0000;6;0
1,5337;-23,1986;43,2239;20,6391;0,0000;26,1370;-23,1986;350,000;-150,000;74,462;268,750;0,0000;-44,9504;8,1437;-0,0000;36,8067;0,0000;-0,0000;-226,2001;-5,4387;-0,0000;231,6388;0,0000;6;0
1,5365;-23,1986;43,0941;20,6624;0,0000;26,2435;-23,1986;350,000;-150,000;75,245;273,050;-0,0000;-45,5972;8,1247;-0,0000;37,4725;0,0000;0,0000;-224,9859;-7,8718;-0,0000;232,8577;0,0000;6;0
1,5394;-23,1986;42,9625;20,6857;0,0000;26,3519;-23,1986;350,000;-150,000;76,040;277,350;0,0000;-46,2404;8,0986;-0,0000;38,1418;0,0000;0,0000;-223,7426;-10,3437;-0,0000;234,0863;0,0000;6;0
1,5423;-23,1986;42,8290;20,7088;0,0000;26,4622;-23,1986;350,000;-150,000;76,847;281,650;0,0000;-46,8799;8,0654;-0,0000;38,8146;0,0000;-0,0000;-222,4697;-12,8545;-0,0000;235,3242;0,0000;6;0
1,5451;-23,1986;42,6937;20,7319;0,0000;26,5744;-23,1986;350,000;-150,000;77,667;285,950;0,0000;-47,5158;8,0249;-0,0000;39,4910;0,0000;-0,0000;-221,1666;-15,4042;-0,0000;236,5708;0,0000;6;0
1,5480;-23,1986;42,5566;20,7548;0,0000;26,6886;-23,1986;350,000;-150,000;78,499;290,250;0,0000;-48,1480;7,9770;-0,0000;40,1709;0,0000;0,0000;-218,1686;-18,2576;-0,0000;236,4261;0,0000;6;0
1,5509;-23,1986;42,4177;20,7776;0,0000;26,8047;-23,1986;350,000;-150,000;79,344;294,550;0,0000;-48,7667;7,9202;-0,0000;40,8465;0,0000;-0,0000;-171,7968;-27,8889;-0,0000;199,6857;0,0000;6;0
1,5537;-23,1986;42,2770;20,8003;0,0000;26,9228;-23,1986;350,000;-150,000;80,200;298,734;-0,0000;-49,1329;7,8171;-0,0000;41,3158;0,0000;-0,0000;-67,5409;-46,0437;0,0000;113,5846;-0,0000;6;0
1,5566;-23,1986;42,1360;20,8225;0,0000;27,0416;-23,1986;350,000;-150,000;81,060;300,000;-0,0000;-49,1539;7,6562;-0,0000;41,4977;0,0000;-0,0000;10,9187;-59,0896;0,0000;48,1711;-0,0000;6;0
1,5595;-23,1986;41,9952;20,8441;0,0000;27,1607;-23,1986;350,000;-150,000;81,920;300,000;-0,0000;-49,0703;7,4784;-0,0000;41,5920;0,0000;0,0000;29,2369;-62,0478;-0,0000;32,8108;0,0000;6;0
1,5623;-23,1986;41,8546;20,8653;0,0000;27,2800;-23,1986;350,000;-150,000;82,780;300,000;-0,0000;-48,9863;7,3005;-0,0000;41,6858;0,0000;0,0000;29,4007;-62,0569;-0,0000;32,6561;0,0000;6;0
1,5652;-23,1986;41,7143;20,8860;0,0000;27,3997;-23,1986;350,000;-150,000;83,640;300,000;-0,0000;-48,9018;7,1226;-0,0000;41,7792;0,0000;0,0000;29,5646;-62,0659;0,0000;32,5013;-0,0000;6;0
1,5681;-23,1986;41,5743;20,9062;0,0000;27,5196;-23,1986;350,000;-150,000;84,500;300,000;0,0000;-48,8168;6,9446;-0,0000;41,8721;0,0000;0,0000;29,7286;-62,0746;0,0000;32,3460;-0,0000;6;0
1,5709;-23,1986;41,4344;20,9258;0,0000;27,6397;-23,1986;350,000;-150,000;85,360;300,000;0,0000;-48,7313;6,7667;-0,0000;41,9647;0,0000;-0,0000;29,8928;-62,0831;0,0000;32,1903;-0,0000;6;0
1,5738;-23,1986;41,2949;20,9450;0,0000;27,7602;-23,1986;350,000;-150,000;86,220;300,000;0,0000;-48,6454;6,5887;-0,0000;42,0567;0,0000;-0,0000;30,0570;-62,0915;0,0000;32,0344;-0,0000;6;0
1,5767;-23,1986;41,1555;20,9636;0,0000;27,8809;-23,1986;350,000;-150,000;87,080;300,000;0,0000;-48,5590;6,4107;-0,0000;42,1483;0,0000;-0,0000;30,2214;-62,0996;0,0000;31,8782;-0,0000;6;0
1,5795;-23,1986;41,0165;20,9817;0,0000;28,0018;-23,1986;350,000;-150,000;87,940;300,000;-0,0000;-48,4721;6,2327;-0,0000;42,2395;0,0000;-0,0000;30,3859;-62,1076;0,0000;31,7218;-0,0000;6;0
1,5824;-23,1986;40,8776;20,9993;0,0000;28,1230;-23,1986;350,000;-150,000;88,800;300,000;-0,0000;-48,3848;6,0546;-0,0000;42,3302;0,0000;-0,0000;30,5504;-62,1154;0,0000;31,5650;-0,0000;6;0
1,5853;-23,1986;40,7391;21,0164;0,0000;28,2445;-23,1986;350,000;-150,000;89,660;300,000;-0,0000;-48,2970;5,8765;-0,0000;42,4204;0,0000;0,0000;30,7150;-62,1230;0,0000;31,4080;-0,0000;6;0
1,5881;-23,1986;40,6007;21,0330;0,0000;28,3663;-23,1986;350,000;-150,000;90,520;300,000;0,0000;-48,2087;5,6984;-0,0000;42,5103;0,0000;0,0000;30,8797;-62,1304;0,0000;31,2507;-0,0000;6;0
1,5910;-23,1986;40,4627;21,0491;0,0000;28,4882;-23,1986;350,000;-150,000;91,380;300,000;0,0000;-48,1199;5,5203;-0,0000;42,5996;0,0000;0,0000;31,0444;-62,1376;0,0000;31,0932;-0,0000;6;0
1,5939;-23,1986;40,3248;21,0647;0,0000;28,6105;-23,1986;350,000;-150,000;92,240;300,000;0,0000;-48,0307;5,3422;-0,0000;42,6885;0,0000;-0,0000;31,2091;-62,1446;0,0000;30,9355;-0,0000;6;0
1,5967;-23,1986;40,1873;21,0797;0,0000;28,7330;-23,1986;350,000;-150,000;93,100;300,000;-0,0000;-47,9410;5,1640;-0,0000;42,7770;0,0000;-0,0000;31,3739;-62,1513;0,0000;30,7775;-0,0000;6;0
1,5996;-23,1986;40,0500;21,0943;0,0000;28,8557;-23,1986;350,000;-150,000;93,960;300,000;-0,0000;-47,8508;4,9858;-0,0000;42,8650;0,0000;0,0000;31,5386;-62,1579;0,0000;30,6193;-0,0000;6;0
1,6025;-23,1986;39,9129;21,1083;0,0000;28,9787;-23,1986;350,000;-150,000;94,820;300,000;0,0000;-47,7602;4,8076;-0,0000;42,9525;0,0000;-0,0000;31,7035;-62,1644;0,0000;30,4610;-0,0000;6;0
1,6053;-23,1986;39,7762;21,1218;0,0000;29,1020;-23,1986;350,000;-150,000;95,680;300,000;-0,0000;-47,6691;4,6294;-0,0000;43,0396;0,0000;-0,0000;31,8682;-62,1705;0,0000;30,3024;-0,0000;6;0
1,6082;-23,1986;39,6396;21,1349;0,0000;29,2255;-23,1986;350,000;-150,000;96,540;300,000;-0,0000;-47,5775;4,4512;-0,0000;43,1263;0,0000;0,0000;32,0329;-62,1763;-0,0000;30,1433;0,0000;6;0
1,6111;-23,1986;39,5034;21,1474;0,0000;29,3493;-23,1986;350,000;-150,000;97,400;300,000;0,0000;-47,4854;4,2730;-0,0000;43,2124;0,0000;0,0000;32,1976;-62,1820;-0,0000;29,9843;0,0000;6;0
1,6139;-23,1986;39,3674;21,1594;0,0000;29,4733;-23,1986;350,000;-150,000;98,260;300,000;0,0000;-47,3929;4,0947;-0,0000;43,2982;0,0000;0,0000;32,3623;-62,1876;0,0000;29,8253;-0,0000;6;0
1,6168;-23,1986;39,2317;21,1708;0,0000;29,5975;-23,1986;350,000;-150,000;99,120;300,000;0,0000;-47,2999;3,9164;-0,0000;43,3834;0,0000;-0,0000;32,5269;-62,1928;0,0000;29,6659;-0,0000;6;0
1,6197;-23,1986;39,0962;21,1818;0,0000;29,7220;-23,1986;350,000;-150,000;99,980;300,000;0,0000;-47,2064;3,7381;-0,0000;43,4683;0,0000;-0,0000;32,6915;-62,1979;0,0000;29,5064;-0,0000;6;0
1,6225;-23,1986;38,9610;21,1923;0,0000;29,8467;-23,1986;350,000;-150,000;100,840;300,000;0,0000;-47,1124;3,5598;-0,0000;43,5526;0,0000;0,0000;32,8560;-62,2027;0,0000;29,3468;-0,0000;6;0
1,6254;-23,1986;38,8261;21,2022;0,0000;29,9717;-23,1986;350,000;-150,000;101,700;300,000;0,0000;-47,0180;3,3815;-0,0000;43,6365;0,0000;-0,0000;33,0204;-62,2073;0,0000;29,1870;-0,0000;6;0
1,6283;-23,1986;38,6914;21,2117;0,0000;30,0969;-23,1986;350,000;-150,000;102,560;300,000;0,0000;-46,9231;3,2032;-0,0000;43,7200;0,0000;-0,0000;33,1846;-62,2117;0,0000;29,0270;-0,0000;6;0
1,6311;-23,1986;38,5571;21,2206;0,0000;30,2224;-23,1986;350,000;-150,000;103,420;300,000;0,0000;-46,8277;3,0248;-0,0000;43,8029;0,0000;0,0000;33,3488;-62,2158;0,0000;28,8670;-0,0000;6;0
1,6340;-23,1986;38,4230;21,2290;0,0000;30,3480;-23,1986;350,000;-150,000;104,280;300,000;0,0000;-46,7319;2,8464;-0,0000;43,8855;0,0000;-0,0000;33,5129;-62,2198;0,0000;28,7068;-0,0000;6;0
1,6369;-23,1986;38,2891;21,2369;0,0000;30,4740;-23,1986;350,000;-150,000;105,140;300,000;0,0000;-46,6356;2,6681;-0,0000;43,9675;0,0000;-0,0000;33,6769;-62,2234;0,0000;28,5466;-0,0000;6;0
1,6397;-23,1986;38,1556;21,2443;0,0000;30,6001;-23,1986;350,000;-150,000;106,000;300,000;0,0000;-46,5388;2,4897;-0,0000;44,0491;0,0000;0,0000;33,8407;-62,2269;0,0000;28,3862;-0,0000;6;0
1,6426;-23,1986;38,0223;21,2512;0,0000;30,7265;-23,1986;350,000;-150,000;106,860;300,000;0,0000;-46,4416;2,3113;-0,0000;44,1303;0,0000;0,0000;34,0043;-62,2301;0,0000;28,2258;-0,0000;6;0
1,6455;-23,1986;37,8893;21,2575;0,0000;30,8531;-23,1986;350,000;-150,000;107,720;300,000;0,0000;-46,3439;2,1329;-0,0000;44,2110;0,0000;0,0000;34,1678;-62,2331;0,0000;28,0653;-0,0000;6;0
1,6483;-23,1986;37,7566;21,2634;0,0000;30,9800;-23,1986;350,000;-150,000;108,580;300,000;0,0000;-46,2457;1,9545;-0,0000;44,2912;0,0000;-0,0000;34,3311;-62,2358;0,0000;27,9047;-0,0000;6;0
1,6512;-23,1986;37,6242;21,2688;0,0000;31,1071;-23,1986;350,000;-150,000;109,440;300,000;0,0000;-46,1470;1,7761;-0,0000;44,3709;0,0000;-0,0000;34,4943;-62,2383;0,0000;27,7441;-0,0000;6;0
1,6541;-23,1986;37,4920;21,2736;0,0000;31,2344;-23,1986;350,000;-150,000;110,300;300,000;-0,0000;-46,0479;1,5977;-0,0000;44,4502;0,0000;-0,0000;34,6572;-62,2406;0,0000;27,5834;-0,0000;6;0
1,6569;-23,1986;37,3602;21,2779;0,0000;31,3619;-23,1986;350,000;-150,000;111,160;300,000;0,0000;-45,9483;1,4192;-0,0000;44,5291;0,0000;0,0000;34,8200;-62,2427;0,0000;27,4227;-0,0000;6;0
1,6598;-23,1986;37,2286;21,2817;0,0000;31,4897;-23,1986;350,000;-150,000;112,020;300,000;0,0000;-45,8483;1,2408;-0,0000;44,6075;0,0000;0,0000;34,9825;-62,2445;0,0000;27,2619;-0,0000;6;0
1,6627;-23,1986;37,0973;21,2850;0,0000;31,6177;-23,1986;350,000;-150,000;112,880;300,000;0,0000;-45,7478;1,0624;-0,0000;44,6854;0,0000;-0,0000;35,1448;-62,2460;0,0000;27,1012;-0,0000;6;0
1,6655;-23,1986;36,9663;21,2878;0,0000;31,7459;-23,1986;350,000;-150,000;113,740;300,000;0,0000;-45,6468;0,8839;-0,0000;44,7628;0,0000;-0,0000;35,3070;-62,2475;0,0000;26,9407;-0,0000;6;0
1,6684;-23,1986;36,8356;21,2901;0,0000;31,8743;-23,1986;350,000;-150,000;114,600;300,000;-0,0000;-45,5453;0,7055;-0,0000;44,8398;0,0000;-0,0000;35,4688;-62,2485;0,0000;26,7799;-0,0000;6;0
1,6713;-23,1986;36,7052;21,2919;0,0000;32,0030;-23,1986;350,000;-150,000;115,460;300,000;-0,0000;-45,4434;0,5270;-0,0000;44,9164;0,0000;0,0000;35,6302;-62,2491;-0,0000;26,6187;0,0000;6;0
1,6741;-23,1986;36,5751;21,2931;0,0000;32,1318;-23,1986;350,000;-150,000;116,320;300,000;-0,0000;-45,3411;0,3486;-0,0000;44,9925;0,0000;0,0000;35,7916;-62,2497;-0,0000;26,4580;0,0000;6;0
1,6770;-23,1986;36,4452;21,2939;0,0000;32,2609;-23,1986;350,000;-150,000;117,180;300,000;-0,0000;-45,2382;0,1702;-0,0000;45,0681;0,0000;0,0000;35,9527;-62,2502;0,0000;26,2975;-0,0000;6;0
1,6799;-23,1986;36,3157;21,2941;0,0000;32,3902;-23,1986;350,000;-150,000;118,040;300,000;0,0000;-45,1349;-0,0083;-0,0000;45,1432;0,0000;0,0000;36,1134;-62,2503;0,0000;26,1368;-0,0000;6;0
1,6827;-23,1986;36,1864;21,2938;0,0000;32,5197;-23,1986;350,000;-150,000;118,900;300,000;0,0000;-45,0312;-0,1868;-0,0000;45,2179;0,0000;0,0000;50,8340;-62,0737;0,0000;11,2397;-0,0000;6;0
1,6856;-23,1986;36,0575;21,2930;0,0000;32,6495;-23,1986;350,000;-150,000;119,760;300,000;0,0000;-44,8435;-0,3642;-0,0000;45,2077;0,0000;-0,0000;119,2078;-60,9167;0,0000;-58,2911;-0,0000;6;0
1,6885;-23,1986;35,9293;21,2917;0,0000;32,7789;-23,1986;350,000;-150,000;120,617;298,883;0,0000;-44,3477;-0,5360;-0,0000;44,8837;0,0000;-0,0000;213,9122;-58,4571;0,0000;-155,4551;-0,0000;6;0
1,6913;-23,1986;35,8032;21,2899;0,0000;32,9068;-23,1986;350,000;-150,000;121,462;294,750;-0,0000;-43,6171;-0,6993;-0,0000;44,3164;0,0000;-0,0000;256,3732;-55,6543;0,0000;-200,7189;-0,0000;6;0
1,6942;-23,1986;35,6793;21,2877;0,0000;33,0330;-23,1986;350,000;-150,000;122,294;290,450;-0,0000;-42,8778;-0,8551;-0,0000;43,7329;0,0000;0,0000;257,1715;-53,0441;0,0000;-204,1274;-0,0000;6;0
1,6971;-23,1986;35,5574;21,2850;0,0000;33,1575;-23,1986;350,000;-150,000;123,115;286,150;0,0000;-42,1426;-1,0035;-0,0000;43,1461;0,0000;0,0000;255,7928;-50,4900;0,0000;-205,3029;-0,0000;6;0
1,6999;-23,1986;35,4377;21,2820;0,0000;33,2804;-23,1986;350,000;-150,000;123,923;281,850;0,0000;-41,4113;-1,1446;-0,0000;42,5559;0,0000;-0,0000;254,4245;-47,9741;0,0000;-206,4504;-0,0000;6;0
1,7028;-23,1986;35,3200;21,2785;0,0000;33,4015;-23,1986;350,000;-150,000;124,718;277,550;-0,0000;-40,6839;-1,2785;-0,0000;41,9624;0,0000;-0,0000;253,0669;-45,4965;0,0000;-207,5705;-0,0000;6;0
1,7057;-23,1986;35,2044;21,2746;0,0000;33,5210;-23,1986;350,000;-150,000;125,502;273,250;-0,0000;-39,9604;-1,4054;-0,0000;41,3658;0,0000;-0,0000;251,7207;-43,0572;0,0000;-208,6635;-0,0000;6;0
1,7085;-23,1986;35,0909;21,2704;0,0000;33,6387;-23,1986;350,000;-150,000;126,273;268,950;-0,0000;-39,2407;-1,5254;-0,0000;40,7661;0,0000;-0,0000;250,3863;-40,6563;0,0000;-209,7300;-0,0000;6;0
1,7114;-23,1986;34,9794;21,2659;0,0000;33,7547;-23,1986;350,000;-150,000;127,031;264,650;-0,0000;-38,5248;-1,6385;-0,0000;40,1633;0,0000;0,0000;249,0640;-38,2938;0,0000;-210,7703;-0,0000;6;0
1,7143;-23,1986;34,8700;21,2610;0,0000;33,8690;-23,1986;350,000;-150,000;127,778;260,350;0,0000;-37,8127;-1,7449;-0,0000;39,5577;0,0000;0,0000;247,7545;-35,9696;0,0000;-211,7850;-0,0000;6;0
1,7171;-23,1986;34,7626;21,2559;0,0000;33,9815;-23,1986;350,000;-150,000;128,512;256,050;0,0000;-37,1044;-1,8447;-0,0000;38,9491;0,0000;0,0000;246,4582;-33,6838;0,0000;-212,7744;-0,0000;6;0
1,7200;-23,1986;34,6573;21,2505;0,0000;34,0923;-23,1986;350,000;-150,000;129,233;251,750;0,0000;-36,3997;-1,9380;-0,0000;38,3378;0,0000;0,0000;245,1755;-31,4365;0,0000;-213,7390;-0,0000;6;0
1,7229;-23,1986;34,5539;21,2448;0,0000;34,2013;-23,1986;350,000;-150,000;129,943;247,450;0,0000;-35,6987;-2,0250;-0,0000;37,7237;0,0000;-0,0000;243,9068;-29,2276;0,0000;-214,6792;-0,0000;6;0
1,7257;-23,1986;34,4526;21,2388;0,0000;34,3086;-23,1986;350,000;-150,000;130,640;243,150;-0,0000;-35,0013;-2,1056;-0,0000;37,1069;0,0000;-0,0000;242,6525;-27,0571;0,0000;-215,5954;-0,0000;6;0
1,7286;-23,1986;34,3533;21,2327;0,0000;34,4140;-23,1986;350,000;-150,000;131,324;238,850;-0,0000;-34,3075;-2,1801;-0,0000;36,4876;0,0000;-0,0000;241,4132;-24,9251;0,0000;-216,4881;-0,0000;6;0
1,7315;-23,1986;34,2559;21,2263;0,0000;34,5177;-23,1986;350,000;-150,000;131,997;234,550;-0,0000;-33,6172;-2,2485;-0,0000;35,8657;0,0000;0,0000;240,1891;-22,8315;0,0000;-217,3577;-0,0000;6;0
1,7343;-23,1986;34,1605;21,2198;0,0000;34,6197;-23,1986;350,000;-150,000;132,657;230,250;0,0000;-32,9304;-2,3110;-0,0000;35,2414;0,0000;0,0000;238,9808;-20,7764;0,0000;-218,2044;-0,0000;6;0
1,7372;-23,1986;34,0671;21,2131;0,0000;34,7198;-23,1986;350,000;-150,000;133,305;225,950;0,0000;-32,2471;-2,3676;-0,0000;34,6147;0,0000;-0,0000;237,7886;-18,7599;0,0000;-219,0285;-0,0000;6;0
1,7401;-23,1986;33,9756;21,2062;0,0000;34,8181;-23,1986;350,000;-150,000;133,940;221,650;-0,0000;-31,5671;-2,4186;-0,0000;33,9856;0,0000;-0,0000;236,6128;-16,7817;0,0000;-219,8309;-0,0000;6;0
1,7429;-23,1986;33,8861;21,1992;0,0000;34,9146;-23,1986;350,000;-150,000;134,563;217,350;-0,0000;-30,8905;-2,4639;-0,0000;33,3543;0,0000;0,0000;235,4537;-14,8417;-0,0000;-220,6121;-0,0000;6;0
1,7458;-23,1986;33,7985;21,1921;0,0000;35,0094;-23,1986;350,000;-150,000;135,174;213,050;0,0000;-30,2172;-2,5036;-0,0000;32,7208;0,0000;0,0000;234,3119;-12,9405;-0,0000;-221,3716;-0,0000;6;0
1,7487;-23,1986;33,7129;21,1849;0,0000;35,1022;-23,1986;350,000;-150,000;135,772;208,750;-0,0000;-29,5471;-2,5380;-0,0000;32,0851;0,0000;-0,0000;233,1878;-11,0780;0,0000;-222,1099;-0,0000;6;0
1,7515;-23,1986;33,6291;21,1776;0,0000;35,1933;-23,1986;350,000;-150,000;136,358;204,450;-0,0000;-28,8802;-2,5672;-0,0000;31,4474;0,0000;0,0000;232,0816;-9,2537;0,0000;-222,8278;-0,0000;6;0
1,7544;-23,1986;33,5473;21,1702;0,0000;35,2825;-23,1986;350,000;-150,000;136,932;200,150;0,0000;-28,2165;-2,5911;-0,0000;30,8076;0,0000;0,0000;230,9935;-7,4680;0,0000;-223,5256;-0,0000;6;0
1,7573;-23,1986;33,4674;21,1627;0,0000;35,3699;-23,1986;350,000;-150,000;137,493;195,850;-0,0000;-27,5559;-2,6100;-0,0000;30,1658;0,0000;-0,0000;229,9241;-5,7207;0,0000;-224,2034;-0,0000;6;0
1,7601;-23,1986;33,3893;21,1552;0,0000;35,4555;-23,1986;350,000;-150,000;138,043;191,550;-0,0000;-26,8983;-2,6239;-0,0000;29,5222;0,0000;0,0000;228,8736;-4,0119;0,0000;-224,8617;-0,0000;6;0
1,7630;-23,1986;33,3131;21,1477;0,0000;35,5392;-23,1986;350,000;-150,000;138,579;187,250;0,0000;-26,2436;-2,6330;-0,0000;28,8766;0,0000;0,0000;227,8423;-2,3416;0,0000;-225,5008;-0,0000;6;0
1,7659;-23,1986;33,2388;21,1401;0,0000;35,6211;-23,1986;350,000;-150,000;139,104;182,950;0,0000;-25,5920;-2,6373;-0,0000;28,2293;0,0000;-0,0000;226,8306;-0,7098;0,0000;-226,1209;-0,0000;6;0
1,7687;-23,1986;33,1664;21,1325;0,0000;35,7011;-23,1986;350,000;-150,000;139,616;178,650;-0,0000;-24,9431;-2,6370;-0,0000;27,5802;0,0000;-0,0000;225,8387;0,8836;0,0000;-226,7223;-0,0000;6;0
1,7716;-23,1986;33,0958;21,1250;0,0000;35,7792;-23,1986;350,000;-150,000;140,116;174,350;-0,0000;-24,2972;-2,6323;-0,0000;26,9294;0,0000;-0,0000;224,8669;2,4385;0,0000;-227,3054;-0,0000;6;0
1,7745;-23,1986;33,0271;21,1174;0,0000;35,8554;-23,1986;350,000;-150,000;140,603;170,050;-0,0000;-23,6539;-2,6231;-0,0000;26,2770;0,0000;-0,0000;223,9156;3,9549;0,0000;-227,8705;-0,0000;6;0
1,7773;-23,1986;32,9602;21,1099;0,0000;35,9298;-23,1986;350,000;-150,000;141,078;165,750;-0,0000;-23,0134;-2,6096;-0,0000;25,6230;0,0000;0,0000;222,9849;5,4329;0,0000;-228,4178;-0,0000;6;0
1,7802;-23,1986;32,8952;21,1025;0,0000;36,0024;-23,1986;350,000;-150,000;141,541;161,450;0,0000;-22,3755;-2,5919;-0,0000;24,9674;0,0000;0,0000;222,0752;6,8724;0,0000;-228,9476;-0,0000;6;0
1,7831;-23,1986;32,8319;21,0951;0,0000;36,0730;-23,1986;350,000;-150,000;141,992;157,150;0,0000;-21,7401;-2,5702;-0,0000;24,3103;0,0000;0,0000;221,1867;8,2735;0,0000;-229,4602;-0,0000;6;0
1,7859;-23,1986;32,7705;21,0877;0,0000;36,1417;-23,1986;350,000;-150,000;142,430;152,850;0,0000;-21,1073;-2,5445;-0,0000;23,6518;0,0000;-0,0000;220,3196;9,6361;0,0000;-229,9558;-0,0000;6;0
1,7888;-23,1986;32,7109;21,0805;0,0000;36,2086;-23,1986;350,000;-150,000;142,856;148,550;-0,0000;-20,4770;-2,5149;-0,0000;22,9919;0,0000;-0,0000;219,4743;10,9603;0,0000;-230,4346;-0,0000;6;0
1,7917;-23,1986;32,6531;21,0733;0,0000;36,2735;-23,1986;350,000;-150,000;143,269;144,250;-0,0000;-19,8490;-2,4816;-0,0000;22,3307;0,0000;-0,0000;218,6509;12,2461;0,0000;-230,8970;-0,0000;6;0
1,7945;-23,1986;32,5971;21,0663;0,0000;36,3366;-23,1986;350,000;-150,000;143,670;139,950;-0,0000;-19,2234;-2,4447;-0,0000;21,6681;0,0000;0,0000;217,8497;13,4934;0,0000;-231,3431;-0,0000;6;0
1,7974;-23,1986;32,5429;21,0593;0,0000;36,3978;-23,1986;350,000;-150,000;144,059;135,650;0,0000;-18,6000;-2,4043;-0,0000;21,0043;0,0000;0,0000;217,0709;14,7023;0,0000;-231,7732;-0,0000;6;0
1,8003;-23,1986;32,4905;21,0525;0,0000;36,4570;-23,1986;350,000;-150,000;144,436;131,350;0,0000;-17,9788;-2,3604;-0,0000;20,3393;0,0000;-0,0000;216,3146;15,8728;0,0000;-232,1874;-0,0000;6;0
1,8031;-23,1986;32,4398;21,0458;0,0000;36,5144;-23,1986;350,000;-150,000;144,800;127,050;-0,0000;-17,3598;-2,3133;-0,0000;19,6731;0,0000;-0,0000;215,5812;17,0049;0,0000;-232,5861;-0,0000;6;0
1,8060;-23,1986;32,3910;21,0392;0,0000;36,5698;-23,1986;350,000;-150,000;145,152;122,750;-0,0000;-16,7428;-2,2629;-0,0000;19,0058;0,0000;0,0000;214,8708;18,0986;0,0000;-232,9694;-0,0000;6;0
1,8089;-23,1986;32,3438;21,0328;0,0000;36,6234;-23,1986;350,000;-150,000;145,491;118,450;-0,0000;-16,1279;-2,2095;-0,0000;18,3374;0,0000;0,0000;214,1836;19,1539;0,0000;-233,3375;-0,0000;6;0
1,8117;-23,1986;32,2985;21,0265;0,0000;36,6750;-23,1986;350,000;-150,000;145,819;114,150;-0,0000;-15,5148;-2,1531;-0,0000;17,6680;0,0000;0,0000;213,5198;20,1708;0,0000;-233,6907;-0,0000;6;0
1,8146;-23,1986;32,2549;21,0205;0,0000;36,7247;-23,1986;350,000;-150,000;146,134;109,850;-0,0000;-14,9037;-2,0939;-0,0000;16,9976;0,0000;0,0000;212,8796;21,1494;0,0000;-234,0290;-0,0000;6;0
1,8175;-23,1986;32,2130;21,0145;0,0000;36,7724;-23,1986;350,000;-150,000;146,436;105,550;-0,0000;-14,2943;-2,0319;-0,0000;16,3262;0,0000;-0,0000;212,2630;22,0896;0,0000;-234,3526;-0,0000;6;0
1,8203;-23,1986;32,1729;21,0088;0,0000;36,8183;-23,1986;350,000;-150,000;146,726;101,250;-0,0000;-13,6867;-1,9672;-0,0000;15,6539;0,0000;-0,0000;211,1772;23,7330;0,0000;-234,9102;-0,0000;6;0
1,8232;-23,1986;32,1346;21,0033;0,0000;36,8622;-23,1986;350,000;-150,000;147,004;96,950;-0,0000;-13,0836;-1,8958;-0,0000;14,9794;0,0000;0,0000;210,6526;24,5292;0,0000;-235,1818;-0,0000;6;0
1,8261;-23,1986;32,0979;20,9979;0,0000;36,9041;-23,1986;350,000;-150,000;147,270;92,652;-0,0000;-12,4790;-1,8266;-0,0000;14,3056;0,0000;0,0000;211,1368;23,8071;0,0000;-234,9439;-0,0000;6;0
1,8289;-23,1986;32,0630;20,9928;0,0000;36,9442;-23,1986;350,000;-150,000;147,523;88,350;0,0000;-11,8731;-1,7593;-0,0000;13,6324;0,0000;-0,0000;210,5690;24,6676;0,0000;-235,2366;-0,0000;6;0
1,8318;-23,1986;32,0298;20,9879;0,0000;36,9823;-23,1986;350,000;-150,000;147,764;84,050;-0,0000;-11,2717;-1,6852;-0,0000;12,9569;0,0000;-0,0000;209,5339;26,2280;0,0000;-235,7620;-0,0000;6;0
1,8347;-23,1986;31,9984;20,9831;0,0000;37,0185;-23,1986;350,000;-150,000;147,993;79,750;-0,0000;-10,6717;-1,6089;-0,0000;12,2807;0,0000;0,0000;209,0626;26,9381;0,0000;-236,0007;-0,0000;6;0
1,8375;-23,1986;31,9687;20,9786;0,0000;37,0527;-23,1986;350,000;-150,000;148,209;75,450;0,0000;-10,0731;-1,5307;-0,0000;11,6038;0,0000;0,0000;208,6163;27,6099;0,0000;-236,2262;-0,0000;6;0
1,8404;-23,1986;31,9406;20,9744;0,0000;37,0850;-23,1986;350,000;-150,000;148,413;71,150;0,0000;-9,4757;-1,4506;-0,0000;10,9263;0,0000;-0,0000;208,1948;28,2433;0,0000;-236,4381;-0,0000;6;0
1,8433;-23,1986;31,9143;20,9703;0,0000;37,1154;-23,1986;350,000;-150,000;148,605;66,850;-0,0000;-8,8794;-1,3688;-0,0000;10,2482;0,0000;-0,0000;207,7982;28,8385;0,0000;-236,6367;-0,0000;6;0
1,8461;-23,1986;31,8897;20,9665;0,0000;37,1438;-23,1986;350,000;-150,000;148,784;62,550;-0,0000;-8,2843;-1,2853;-0,0000;9,5696;0,0000;-0,0000;207,4267;29,3953;0,0000;-236,8221;-0,0000;6;0
1,8490;-23,1986;31,8668;20,9629;0,0000;37,1702;-23,1986;350,000;-150,000;148,951;58,250;-0,0000;-7,6902;-1,2003;-0,0000;8,8904;0,0000;0,0000;207,0803;29,9139;0,0000;-236,9942;-0,0000;6;0
1,8519;-23,1986;31,8456;20,9596;0,0000;37,1947;-23,1986;350,000;-150,000;149,106;53,950;0,0000;-7,0970;-1,1138;-0,0000;8,2108;0,0000;0,0000;206,7592;30,3941;0,0000;-237,1533;-0,0000;6;0
1,8547;-23,1986;31,8261;20,9566;0,0000;37,2173;-23,1986;350,000;-150,000;149,248;49,650;0,0000;-6,5048;-1,0260;-0,0000;7,5308;0,0000;-0,0000;206,4633;30,8361;0,0000;-237,2994;-0,0000;6;0
1,8576;-23,1986;31,8084;20,9537;0,0000;37,2379;-23,1986;350,000;-150,000;149,378;45,350;-0,0000;-5,9133;-0,9370;-0,0000;6,8503;0,0000;-0,0000;206,1929;31,2398;0,0000;-237,4326;-0,0000;6;0
1,8605;-23,1986;31,7922;20,9512;0,0000;37,2566;-23,1986;350,000;-150,000;149,496;41,050;0,0000;-5,3226;-0,8469;-0,0000;6,1695;0,0000;-0,0000;205,9478;31,6051;0,0000;-237,5529;-0,0000;6;0
1,8633;-23,1986;31,7778;20,9489;0,0000;37,2733;-23,1986;350,000;-150,000;149,601;36,750;-0,0000;-4,7325;-0,7558;-0,0000;5,4883;0,0000;-0,0000;205,7283;31,9322;0,0000;-237,6605;-0,0000;6;0
1,8662;-23,1986;31,7651;20,9469;0,0000;37,2880;-23,1986;350,000;-150,000;149,694;32,450;-0,0000;-4,1431;-0,6638;-0,0000;4,8069;0,0000;0,0000;205,5343;32,2210;0,0000;-237,7553;-0,0000;6;0
1,8691;-23,1986;31,7541;20,9451;0,0000;37,3008;-23,1986;350,000;-150,000;149,775;28,150;0,0000;-3,5542;-0,5711;-0,0000;4,1252;0,0000;0,0000;205,3659;32,4716;0,0000;-237,8375;-0,0000;6;0
1,8719;-23,1986;31,7447;20,9436;0,0000;37,3117;-23,1986;350,000;-150,000;149,843;23,850;0,0000;-2,9657;-0,4776;-0,0000;3,4433;0,0000;-0,0000;205,2232;32,6838;0,0000;-237,9070;-0,0000;6;0
1,8748;-23,1986;31,7371;20,9423;0,0000;37,3206;-23,1986;350,000;-150,000;149,899;19,550;-0,0000;-2,3775;-0,3837;-0,0000;2,7612;0,0000;-0,0000;205,1062;32,8578;0,0000;-237,9640;-0,0000;6;0
1,8777;-23,1986;31,7311;20,9414;0,0000;37,3275;-23,1986;350,000;-150,000;149,943;15,250;-0,0000;-1,7897;-0,2893;-0,0000;2,0790;0,0000;0,0000;205,0148;32,9935;0,0000;-238,0084;-0,0000;6;0
1,8805;-23,1986;31,7268;20,9407;0,0000;37,3325;-23,1986;350,000;-150,000;149,974;10,950;0,0000;-1,2021;-0,1945;-0,0000;1,3966;0,0000;0,0000;204,9493;33,0910;0,0000;-238,0403;-0,0000;6;0
1,8834;-23,1986;31,7242;20,9403;0,0000;37,3355;-23,1986;350,000;-150,000;149,993;6,650;0,0000;-0,6147;-0,0995;-0,0000;0,7142;0,0000;-0,0000;181,6797;29,3900;0,0000;-211,0697;-0,0000;6;0
1,8863;-23,1986;31,7233;20,9401;0,0000;37,3366;-23,1986;350,000;-150,000;150,000;2,350;-0,0000;-0,1605;-0,0260;-0,0000;0,1865;0,0000;99,9997;107,1553;17,3510;0,0012;-124,5069;99,9986;6;0
1,8891;-23,1986;31,7233;20,9401;0,0000;37,3366;-23,1986;350,000;-150,000;150,000;0,000;0,5733;-0,0003;-0,0001;0,0000;0,0004;0,5733;399,9997;27,9371;4,5260;0,0012;-32,4637;399,9986;6;0
1,8920;-23,1953;31,7233;20,9401;0,0000;37,3366;-23,1953;350,009;-149,980;150,000;7,621;2,2933;-0,0003;-0,0001;0,0000;0,0004;2,2933;700,0003;0,0554;0,0090;-0,0012;-0,0638;700,0014;7;0
1,8949;-23,1854;31,7233;20,9401;0,0000;37,3366;-23,1854;350,034;-149,920;150,000;22,862;4,5867;-0,0000;0,0000;-0,0000;-0,0000;4,5867;800,0003;0,0554;0,0090;-0,0012;-0,0638;800,0014;7;0
1,8977;-23,1690;31,7233;20,9401;0,0000;37,3366;-23,1690;350,077;-149,819;150,000;38,104;6,8800;-0,0000;0,0000;-0,0000;-0,0000;6,8800;800,0000;-0,0000;0,0000;-0,0000;-0,0000;800,0000;7;0
1,9006;-23,1460;31,7233;20,9401;0,0000;37,3366;-23,1460;350,138;-149,679;150,000;53,345;9,1733;-0,0000;0,0000;-0,0000;-0,0000;9,1733;800,0000;-0,0000;0,0000;-0,0000;-0,0000;800,0000;7;0
1,9035;-23,1164;31,7233;20,9401;0,0000;37,3366;-23,1164;350,215;-149,498;150,000;68,587;11,4667;-0,0000;0,0000;-0,0000;-0,0000;11,4667;800,0000;-0,0000;0,0000;-0,0000;-0,0000;800,0000;7;0
1,9063;-23,0803;31,7233;20,9401;0,0000;37,3366;-23,0803;350,309;-149,277;150,000;83,828;13,7600;-0,0000;0,0000;-0,0000;-0,0000;13,7600;800,0000;-0,0000;0,0000;-0,0000;-0,0000;800,0000;7;0
1,9092;-23,0375;31,7233;20,9401;0,0000;37,3366;-23,0375;350,420;-149,015;150,000;99,070;16,0533;-0,0000;0,0000;-0,0000;-0,0000;16,0533;800,0000;-0,0000;0,0000;-0,0000;-0,0000;800,0000;7;0
1,9121;-22,9882;31,7233;20,9401;0,0000;37,3366;-22,9882;350,548;-148,714;150,000;114,311;18,3467;-0,0000;0,0000;-0,0000;-0,0000;18,3467;800,0000;-0,0000;0,0000;-0,0000;-0,0000;800,0000;7;0
1,9149;-22,9323;31,7233;20,9401;0,0000;37,3366;-22,9323;350,693;-148,372;150,000;129,553;20,6400;-0,0000;0,0000;-0,0000;-0,0000;20,6400;800,0000;-0,0000;0,0000;-0,0000;-0,0000;800,0000;7;0
1,9178;-22,8699;31,7233;20,9401;0,0000;37,3366;-22,8699;350,855;-147,990;150,000;144,795;22,9333;-0,0000;0,0000;-0,0000;-0,0000;22,9333;800,0000;-0,0000;0,0000;-0,0000;-0,0000;800,0000;7;0
1,9207;-22,8009;31,7233;20,9401;0,0000;37,3366;-22,8009;351,033;-147,567;150,000;160,036;25,2267;-0,0000;0,0000;-0,0000;-0,0000;25,2267;800,0000;-0,0000;0,0000;-0,0000;-0,0000;800,0000;7;0
1,9235;-22,7252;31,7233;20,9401;0,0000;37,3366;-22,7252;351,227;-147,103;150,000;175,278;27,5200;-0,0000;0,0000;-0,0000;-0,0000;27,5200;800,0000;-0,0000;0,0000;-0,0000;-0,0000;800,0000;7;0
1,9264;-22,6431;31,7233;20,9401;0,0000;37,3366;-22,6431;351,438;-146,600;150,000;190,519;29,8133;-0,0000;0,0000;-0,0000;-0,0000;29,8133;800,0000;-0,0000;0,0000;-0,0000;-0,0000;800,0000;7;0
1,9293;-22,5543;31,7233;20,9401;0,0000;37,3366;-22,5543;351,665;-146,055;150,000;205,761;32,1067;-0,0000;0,0000;-0,0000;-0,0000;32,1067;800,0000;-0,0000;0,0000;-0,0000;-0,0000;800,0000;7;0
1,9321;-22,4590;31,7233;20,9401;0,0000;37,3366;-22,4590;351,907;-145,470;150,000;221,002;34,4000;-0,0000;0,0000;-0,0000;-0,0000;34,4000;800,0000;-0,0000;0,0000;-0,0000;-0,0000;800,0000;7;0
1,9350;-22,3571;31,7233;20,9401;0,0000;37,3366;-22,3571;352,165;-144,844;150,000;236,244;36,6933;-0,0000;0,0000;-0,0000;-0,0000;36,6933;800,0000;-0,0000;0,0000;-0,0000;-0,0000;800,0000;7;0
1,9379;-22,2486;31,7233;20,9401;0,0000;37,3366;-22,2486;352,439;-144,177;150,000;251,485;38,9867;-0,0000;0,0000;-0,0000;-0,0000;38,9867;800,0000;-0,0000;0,0000;-0,0000;-0,0000;800,0000;7;0
1,9407;-22,1336;31,7233;20,9401;0,0000;37,3366;-22,1336;352,728;-143,469;150,000;266,727;41,2800;-0,0000;0,0000;-0,0000;-0,0000;41,2800;800,0000;-0,0000;0,0000;-0,0000;-0,0000;800,0000;7;0
1,9436;-22,0119;31,7233;20,9401;0,0000;37,3366;-22,0119;353,031;-142,720;150,000;281,968;43,5733;-0,0000;0,0000;-0,0000;-0,0000;43,5733;800,0000;-0,0000;0,0000;-0,0000;-0,0000;800,0000;7;0
1,9465;-21,8837;31,7233;20,9401;0,0000;37,3366;-21,8837;353,350;-141,929;150,000;297,210;45,8667;-0,0000;0,0000;-0,0000;-0,0000;45,8667;800,0000;-0,0000;0,0000;-0,0000;-0,0000;800,0000;7;0
1,9493;-21,7490;31,7233;20,9401;0,0000;37,3366;-21,7490;353,683;-141,098;150,000;312,451;48,1600;-0,0000;0,0000;-0,0000;-0,0000;48,1600;800,0000;-0,0000;0,0000;-0,0000;-0,0000;800,0000;7;0
1,9522;-21,6076;31,7233;20,9401;0,0000;37,3366;-21,6076;354,030;-140,225;150,000;327,693;50,4533;-0,0000;0,0000;-0,0000;-0,0000;50,4533;800,0000;-0,0000;0,0000;-0,0000;-0,0000;800,0000;7;0
1,9551;-21,4597;31,7233;20,9401;0,0000;37,3366;-21,4597;354,391;-139,310;150,000;342,934;52,7467;-0,0000;0,0000;-0,0000;-0,0000;52,7467;800,0000;-0,0000;0,0000;-0,0000;-0,0000;800,0000;7;0
1,9579;-21,3052;31,7233;20,9401;0,0000;37,3366;-21,3052;354,765;-138,354;150,000;358,176;55,0400;-0,0000;0,0000;-0,0000;-0,0000;55,0400;800,0000;-0,0000;0,0000;-0,0000;-0,0000;800,0000;7;0
1,9608;-21,1441;31,7233;20,9401;0,0000;37,3366;-21,1441;355,152;-137,356;150,000;373,417;57,3333;-0,0000;0,0000;-0,0000;-0,0000;57,3333;800,0000;-0,0000;0,0000;-0,0000;-0,0000;800,0000;7;0
1,9637;-20,9765;31,7233;20,9401;0,0000;37,3366;-20,9765;355,553;-136,317;150,000;388,659;59,6267;-0,0000;0,0000;-0,0000;-0,0000;59,6267;800,0000;-0,0000;0,0000;-0,0000;-0,0000;800,0000;7;0
1,9665;-20,8023;31,7233;20,9401;0,0000;37,3366;-20,8023;355,966;-135,235;150,000;403,900;61,9200;-0,0000;0,0000;-0,0000;-0,0000;61,9200;800,0000;-0,0000;0,0000;-0,0000;-0,0000;800,0000;7;0
1,9694;-20,6215;31,7233;20,9401;0,0000;37,3366;-20,6215;356,391;-134,111;150,000;419,142;64,2133;-0,0000;0,0000;-0,0000;-0,0000;64,2133;800,0000;-0,0000;0,0000;-0,0000;-0,0000;800,0000;7;0
1,9723;-20,4341;31,7233;20,9401;0,0000;37,3366;-20,4341;356,827;-132,945;150,000;434,383;66,5067;-0,0000;0,0000;-0,0000;-0,0000;66,5067;800,0000;-0,0000;0,0000;-0,0000;-0,0000;800,0000;7;0
1,9751;-20,2402;31,7233;20,9401;0,0000;37,3366;-20,2402;357,275;-131,736;150,000;449,625;68,8000;-0,0000;0,0000;-0,0000;-0,0000;68,8000;800,0000;-0,0000;0,0000;-0,0000;-0,0000;800,0000;7;0
1,9780;-20,0397;31,7233;20,9401;0,0000;37,3366;-20,0397;357,734;-130,485;150,000;464,866;71,0933;-0,0000;0,0000;-0,0000;-0,0000;71,0933;800,0000;-0,0000;0,0000;-0,0000;-0,0000;800,0000;7;0
1,9809;-19,8326;31,7233;20,9401;0,0000;37,3366;-19,8326;358,203;-129,191;150,000;480,108;73,3867;-0,0000;0,0000;-0,0000;-0,0000;73,3867;800,0000;-0,0000;0,0000;-0,0000;-0,0000;800,0000;7;0
1,9837;-19,6189;31,7233;20,9401;0,0000;37,3366;-19,6189;358,683;-127,855;150,000;495,349;75,6800;-0,0000;0,0000;-0,0000;-0,0000;75,6800;800,0000;-0,0000;0,0000;-0,0000;-0,0000;800,0000;7;0
1,9866;-19,3987;31,7233;20,9401;0,0000;37,3366;-19,3987;359,171;-126,475;150,000;510,591;77,9733;-0,0000;0,0000;-0,0000;-0,0000;77,9733;800,0000;-0,0000;0,0000;-0,0000;-0,0000;800,0000;7;0
1,9895;-19,1719;31,7233;20,9401;0,0000;37,3366;-19,1719;359,669;-125,052;150,000;525,832;80,2667;-0,0000;0,0000;-0,0000;-0,0000;80,2667;800,0000;-0,0000;0,0000;-0,0000;-0,0000;800,0000;7;0
1,9923;-18,9385;31,7233;20,9401;0,0000;37,3366;-18,9385;360,176;-123,586;150,000;541,074;82,5600;-0,0000;0,0000;-0,0000;-0,0000;82,5600;800,0000;-0,0000;0,0000;-0,0000;-0,0000;800,0000;7;0
1,9952;-18,6985;31,7233;20,9401;0,0000;37,3366;-18,6985;360,690;-122,077;150,000;556,315;84,8533;-0,0000;0,0000;-0,0000;-0,0000;84,8533;800,0000;-0,0000;0,0000;-0,0000;-0,0000;800,0000;7;0
1,9981;-18,4520;31,7233;20,9401;0,0000;37,3366;-18,4520;361,212;-120,523;150,000;571,557;87,1467;-0,0000;0,0000;-0,0000;-0,0000;87,1467;800,0000;-0,0000;0,0000;-0,0000;-0,0000;800,0000;7;0
2,0009;-18,1989;31,7233;20,9401;0,0000;37,3366;-18,1989;361,741;-118,927;150,000;586,798;89,4400;-0,0000;0,0000;-0,0000;-0,0000;89,4400;800,0000;-0,0000;0,0000;-0,0000;-0,0000;800,0000;7;0
2,0038;-17,9392;31,7233;20,9401;0,0000;37,3366;-17,9392;362,276;-117,286;150,000;602,040;91,7333;-0,0000;0,0000;-0,0000;-0,0000;91,7333;800,0000;-0,0000;0,0000;-0,0000;-0,0000;800,0000;7;0
2,0067;-17,6730;31,7233;20,9401;0,0000;37,3366;-17,6730;362,817;-115,601;150,000;617,281;94,0267;-0,0000;0,0000;-0,0000;-0,0000;94,0267;800,0000;-0,0000;0,0000;-0,0000;-0,0000;800,0000;7;0
2,0095;-17,4001;31,7233;20,9401;0,0000;37,3366;-17,4001;363,364;-113,872;150,000;632,523;96,3200;-0,0000;0,0000;-0,0000;-0,0000;96,3200;800,0000;-0,0000;0,0000;-0,0000;-0,0000;800,0000;7;0
2,0124;-17,1207;31,7233;20,9401;0,0000;37,3366;-17,1207;363,915;-112,099;150,000;647,764;98,6133;-0,0000;0,0000;-0,0000;-0,0000;98,6133;800,0000;-0,0000;0,0000;-0,0000;-0,0000;800,0000;7;0
2,0153;-16,8347;31,7233;20,9401;0,0000;37,3366;-16,8347;364,470;-110,281;150,000;663,006;100,9067;-0,0000;0,0000;-0,0000;-0,0000;100,9067;800,0000;-0,0000;0,0000;-0,0000;-0,0000;800,0000;7;0
2,0181;-16,5422;31,7233;20,9401;0,0000;37,3366;-16,5422;365,028;-108,419;150,000;678,247;103,2000;-0,0000;0,0000;-0,0000;-0,0000;103,2000;800,0000;-0,0000;0,0000;-0,0000;-0,0000;800,0000;7;0
2,0210;-16,2431;31,7233;20,9401;0,0000;37,3366;-16,2431;365,589;-106,511;150,000;693,489;105,4933;-0,0000;0,0000;-0,0000;-0,0000;105,4933;800,0000;-0,0000;0,0000;-0,0000;-0,0000;800,0000;7;0
2,0239;-15,9374;31,7233;20,9401;0,0000;37,3366;-15,9374;366,152;-104,559;150,000;708,730;107,7867;-0,0000;0,0000;-0,0000;-0,0000;107,7867;800,0000;-0,0000;0,0000;-0,0000;-0,0000;800,0000;7;0
2,0267;-15,6251;31,7233;20,9401;0,0000;37,3366;-15,6251;366,717;-102,562;150,000;723,972;110,0800;-0,0000;0,0000;-0,0000;-0,0000;110,0800;800,0000;-0,0000;0,0000;-0,0000;-0,0000;800,0000;7;0
2,0296;-15,3062;31,7233;20,9401;0,0000;37,3366;-15,3062;367,282;-100,520;150,000;739,213;112,3733;-0,0000;0,0000;-0,0000;-0,0000;112,3733;800,0000;-0,0000;0,0000;-0,0000;-0,0000;800,0000;7;0
2,0325;-14,9808;31,7233;20,9401;0,0000;37,3366;-14,9808;367,847;-98,432;150,000;754,455;114,6667;-0,0000;0,0000;-0,0000;-0,0000;114,6667;800,0000;-0,0000;0,0000;-0,0000;-0,0000;800,0000;7;0
2,0353;-14,6488;31,7233;20,9401;0,0000;37,3366;-14,6488;368,411;-96,299;150,000;769,696;116,9600;-0,0000;0,0000;-0,0000;-0,0000;116,9600;800,0000;-0,0000;0,0000;-0,0000;-0,0000;800,0000;7;0
2,0382;-14,3102;31,7233;20,9401;0,0000;37,3366;-14,3102;368,973;-94,120;150,000;784,938;119,2533;-0,0000;0,0000;-0,0000;-0,0000;119,2533;800,0000;-0,0000;0,0000;-0,0000;-0,0000;800,0000;7;0
2,0411;-13,9651;31,7233;20,9401;0,0000;37,3366;-13,9651;369,534;-91,896;150,000;800,179;121,5467;-0,0000;0,0000;-0,0000;-0,0000;121,5467;800,0000;-0,0000;0,0000;-0,0000;-0,0000;800,0000;7;0
2,0439;-13,6134;31,7233;20,9401;0,0000;37,3366;-13,6134;370,091;-89,626;150,000;815,421;123,8400;-0,0000;0,0000;-0,0000;-0,0000;123,8400;800,0000;-0,0000;0,0000;-0,0000;-0,0000;800,0000;7;0
2,0468;-13,2551;31,7233;20,9401;0,0000;37,3366;-13,2551;370,644;-87,310;150,000;830,662;126,1333;-0,0000;0,0000;-0,0000;-0,0000;126,1333;800,0000;-0,0000;0,0000;-0,0000;-0,0000;800,0000;7;0
2,0497;-12,8902;31,7233;20,9401;0,0000;37,3366;-12,8902;371,193;-84,948;150,000;845,903;128,4267;-0,0000;0,0000;-0,0000;-0,0000;128,4267;800,0000;-0,0000;0,0000;-0,0000;-0,0000;800,0000;7;0
2,0525;-12,5188;31,7233;20,9401;0,0000;37,3366;-12,5188;371,735;-82,540;150,000;861,145;130,7200;-0,0000;0,0000;-0,0000;-0,0000;130,7200;800,0000;-0,0000;0,0000;-0,0000;-0,0000;800,0000;7;0
2,0554;-12,1407;31,7233;20,9401;0,0000;37,3366;-12,1407;372,272;-80,085;150,000;876,386;133,0133;-0,0000;0,0000;-0,0000;-0,0000;133,0133;800,0000;-0,0000;0,0000;-0,0000;-0,0000;800,0000;7;0
2,0583;-11,7562;31,7233;20,9401;0,0000;37,3366;-11,7562;372,801;-77,585;150,000;891,628;135,3067;-0,0000;0,0000;-0,0000;-0,0000;135,3067;800,0000;-0,0000;0,0000;-0,0000;-0,0000;800,0000;7;0
2,0611;-11,3650;31,7233;20,9401;0,0000;37,3366;-11,3650;373,322;-75,038;150,000;906,869;137,6000;-0,0000;0,0000;-0,0000;-0,0000;137,6000;800,0000;-0,0000;0,0000;-0,0000;-0,0000;800,0000;7;0
2,0640;-10,9673;31,7233;20,9401;0,0000;37,3366;-10,9673;373,834;-72,444;150,000;922,111;139,8933;-0,0000;0,0000;-0,0000;-0,0000;139,8933;800,0000;-0,0000;0,0000;-0,0000;-0,0000;800,0000;7;0
2,0669;-10,5629;31,7233;20,9401;0,0000;37,3366;-10,5629;374,336;-69,804;150,000;937,352;142,1867;-0,0000;0,0000;-0,0000;-0,0000;142,1867;800,0000;-0,0000;0,0000;-0,0000;-0,0000;800,0000;7;0
2,0697;-10,1520;31,7233;20,9401;0,0000;37,3366;-10,1520;374,827;-67,118;150,000;952,594;144,4800;-0,0000;0,0000;-0,0000;-0,0000;144,4800;800,0000;-0,0000;0,0000;-0,0000;-0,0000;800,0000;7;0
2,0726;-9,7346;31,7233;20,9401;0,0000;37,3366;-9,7346;375,306;-64,385;150,000;967,835;146,7733;-0,0000;0,0000;-0,0000;-0,0000;146,7733;764,8323;-0,0000;0,0000;-0,0000;-0,0000;764,8324;7;0
2,0755;-9,3105;31,7233;20,9401;0,0000;37,3366;-9,3105;375,772;-61,606;150,000;983,076;148,8650;-0,0000;0,0000;-0,0000;-0,0000;148,8650;546,2277;-0,0000;0,0000;-0,0000;-0,0000;546,2277;7;0
2,0783;-8,8811;31,7233;20,9401;0,0000;37,3366;-8,8811;376,223;-58,788;150,000;995,638;149,9050;-0,0000;0,0000;-0,0000;-0,0000;149,9050;197,9584;-0,0000;0,0000;-0,0000;-0,0000;197,9584;7;0
2,0812;-8,4511;31,7233;20,9401;0,0000;37,3366;-8,4511;376,654;-55,963;150,000;996,900;150,0000;-0,0000;0,0000;-0,0000;-0,0000;150,0000;16,5630;-0,0000;0,0000;-0,0000;-0,0000;16,5630;7;0
2,0841;-8,0211;31,7233;20,9401;0,0000;37,3366;-8,0211;377,063;-53,134;150,000;996,900;150,0000;-0,0000;0,0000;-0,0000;-0,0000;150,0000;-0,0000;0,0000;0,0000;0,0000;0,0000;-0,0000;7;0
2,0869;-7,5911;31,7233;20,9401;0,0000;37,3366;-7,5911;377,451;-50,303;150,000;996,900;150,0000;-0,0000;0,0000;-0,0000;-0,0000;150,0000;0,0000;0,0000;0,0000;-0,0000;0,0000;-0,0000;7;0
2,0898;-7,1611;31,7233;20,9401;0,0000;37,3366;-7,1611;377,818;-47,469;150,000;996,900;150,0000;-0,0000;0,0000;-0,0000;-0,0000;150,0000;0,0000;-0,0000;0,0000;-0,0000;0,0000;0,0000;7;0
2,0927;-6,7311;31,7233;20,9401;0,0000;37,3366;-6,7311;378,164;-44,632;150,000;996,900;150,0000;-0,0000;0,0000;-0,0000;-0,0000;150,0000;-0,0000;-0,0000;0,0000;0,0000;-0,0000;0,0000;7;0
2,0955;-6,3011;31,7233;20,9401;0,0000;37,3366;-6,3011;378,488;-41,793;150,000;996,900;150,0000;-0,0000;0,0000;-0,0000;-0,0000;150,0000;-0,0000;0,0000;-0,0000;0,0000;-0,0000;-0,0000;7;0
2,0984;-5,8711;31,7233;20,9401;0,0000;37,3366;-5,8711;378,791;-38,951;150,000;996,900;150,0000;-0,0000;0,0000;-0,0000;-0,0000;150,0000;0,0000;0,0000;0,0000;-0,0000;0,0000;0,0000;7;0
2,1013;-5,4411;31,7233;20,9401;0,0000;37,3366;-5,4411;379,073;-36,107;150,000;996,900;150,0000;-0,0000;0,0000;-0,0000;-0,0000;150,0000;0,0000;-0,0000;0,0000;-0,0000;0,0000;0,0000;7;0
2,1041;-5,0111;31,7233;20,9401;0,0000;37,3366;-5,0111;379,333;-33,261;150,000;996,900;150,0000;-0,0000;0,0000;-0,0000;-0,0000;150,0000;-0,0000;0,0000;-0,0000;0,0000;-0,0000;0,0000;7;0
2,1070;-4,5811;31,7233;20,9401;0,0000;37,3366;-4,5811;379,572;-30,414;150,000;996,900;150,0000;-0,0000;0,0000;-0,0000;-0,0000;150,0000;0,0000;0,0000;0,0000;0,0000;-0,0000;0,0000;7;0
2,1099;-4,1511;31,7233;20,9401;0,0000;37,3366;-4,1511;379,790;-27,564;150,000;996,900;150,0000;-0,0000;0,0000;-0,0000;-0,0000;150,0000;0,0000;-0,0000;0,0000;-0,0000;0,0000;0,0000;7;0
2,1127;-3,7211;31,7233;20,9401;0,0000;37,3366;-3,7211;379,986;-24,713;150,000;996,900;150,0000;-0,0000;0,0000;-0,0000;-0,0000;150,0000;0,0000;0,0000;0,0000;0,0000;0,0000;-0,0000;7;0
2,1156;-3,2911;31,7233;20,9401;0,0000;37,3366;-3,2911;380,161;-21,861;150,000;996,900;150,0000;-0,0000;0,0000;-0,0000;-0,0000;150,0000;-0,0000;0,0000;0,0000;0,0000;0,0000;-0,0000;7;0
2,1185;-2,8611;31,7233;20,9401;0,0000;37,3366;-2,8611;380,314;-19,007;150,000;996,900;150,0000;-0,0000;0,0000;-0,0000;-0,0000;150,0000;0,0000;-0,0000;-0,0000;-0,0000;-0,0000;0,0000;7;0
2,1213;-2,4311;31,7233;20,9401;0,0000;37,3366;-2,4311;380,446;-16,152;150,000;996,900;150,0000;-0,0000;0,0000;-0,0000;-0,0000;150,0000;0,0000;0,0000;0,0000;-0,0000;-0,0000;0,0000;7;0
2,1242;-2,0011;31,7233;20,9401;0,0000;37,3366;-2,0011;380,556;-13,297;150,000;996,900;150,0000;-0,0000;0,0000;-0,0000;-0,0000;150,0000;-0,0000;0,0000;0,0000;0,0000;0,0000;0,0000;7;0
2,1271;-1,5711;31,7233;20,9401;0,0000;37,3366;-1,5711;380,646;-10,440;150,000;996,900;150,0000;-0,0000;0,0000;-0,0000;-0,0000;150,0000;0,0000;-0,0000;0,0000;-0,0000;0,0000;0,0000;7;0
2,1299;-1,1411;31,7233;20,9401;0,0000;37,3366;-1,1411;380,713;-7,583;150,000;996,900;150,0000;-0,0000;0,0000;-0,0000;-0,0000;150,0000;-0,0000;0,0000;0,0000;0,0000;0,0000;-0,0000;7;0
2,1328;-0,7111;31,7233;20,9401;0,0000;37,3366;-0,7111;380,759;-4,726;150,000;996,900;150,0000;-0,0000;0,0000;-0,0000;-0,0000;150,0000;0,0000;0,0000;-0,0000;0,0000;-0,0000;0,0000;7;0
2,1357;-0,2811;31,7233;20,9401;0,0000;37,3366;-0,2811;380,784;-1,868;150,000;996,900;150,0000;-0,0000;0,0000;-0,0000;-0,0000;150,0000;0,0000;-0,0000;0,0000;-0,0000;-0,0000;0,0000;7;0
2,1385;0,1489;31,7233;20,9401;0,0000;37,3366;0,1489;380,787;0,990;150,000;996,900;150,0000;-0,0000;0,0000;-0,0000;-0,0000;150,0000;-0,0000;0,0000;0,0000;0,0000;0,0000;-0,0000;7;0
2,1414;0,5789;31,7233;20,9401;0,0000;37,3366;0,5789;380,769;3,847;150,000;996,900;150,0000;-0,0000;0,0000;-0,0000;-0,0000;150,0000;0,0000;0,0000;-0,0000;-0,0000;0,0000;0,0000;7;0
2,1443;1,0089;31,7233;20,9401;0,0000;37,3366;1,0089;380,730;6,705;150,000;996,900;150,0000;-0,0000;0,0000;-0,0000;-0,0000;150,0000;0,0000;-0,0000;0,0000;-0,0000;-0,0000;0,0000;7;0
2,1471;1,4389;31,7233;20,9401;0,0000;37,3366;1,4389;380,669;9,562;150,000;996,900;150,0000;-0,0000;0,0000;-0,0000;-0,0000;150,0000;-0,0000;-0,0000;0,0000;0,0000;-0,0000;-0,0000;7;0
2,1500;1,8689;31,7233;20,9401;0,0000;37,3366;1,8689;380,586;12,419;150,000;996,900;150,0000;-0,0000;0,0000;-0,0000;-0,0000;150,0000;0,0000;0,0000;0,0000;0,0000;0,0000;-0,0000;7;0
2,1529;2,2989;31,7233;20,9401;0,0000;37,3366;2,2989;380,482;15,274;150,000;996,900;150,0000;-0,0000;0,0000;-0,0000;-0,0000;150,0000;0,0000;0,0000;0,0000;-0,0000;0,0000;0,0000;7;0
2,1557;2,7289;31,7233;20,9401;0,0000;37,3366;2,7289;380,357;18,130;150,000;996,900;150,0000;-0,0000;0,0000;-0,0000;-0,0000;150,0000;-0,0000;-0,0000;-0,0000;0,0000;0,0000;-0,0000;7;0
2,1586;3,1589;31,7233;20,9401;0,0000;37,3366;3,1589;380,210;20,984;150,000;996,900;150,0000;-0,0000;0,0000;-0,0000;-0,0000;150,0000;-0,0000;0,0000;0,0000;0,0000;-0,0000;-0,0000;7;0
2,1615;3,5889;31,7233;20,9401;0,0000;37,3366;3,5889;380,042;23,836;150,000;996,900;150,0000;-0,0000;0,0000;-0,0000;-0,0000;150,0000;0,0000;0,0000;0,0000;-0,0000;-0,0000;0,0000;7;0
2,1643;4,0189;31,7233;20,9401;0,0000;37,3366;4,0189;379,852;26,688;150,000;996,900;150,0000;-0,0000;0,0000;-0,0000;-0,0000;150,0000;-0,0000;-0,0000;-0,0000;0,0000;0,0000;-0,0000;7;0
2,1672;4,4489;31,7233;20,9401;0,0000;37,3366;4,4489;379,641;29,538;150,000;996,900;150,0000;-0,0000;0,0000;-0,0000;-0,0000;150,0000;0,0000;0,0000;0,0000;0,0000;0,0000;0,0000;7;0
2,1701;4,8789;31,7233;20,9401;0,0000;37,3366;4,8789;379,409;32,386;150,000;996,900;150,0000;-0,0000;0,0000;-0,0000;-0,0000;150,0000;0,0000;0,0000;0,0000;-0,0000;0,0000;0,0000;7;0
2,1729;5,3089;31,7233;20,9401;0,0000;37,3366;5,3089;379,155;35,233;150,000;996,900;150,0000;-0,0000;0,0000;-0,0000;-0,0000;150,0000;-0,0000;-0,0000;0,0000;0,0000;-0,0000;-0,0000;7;0
2,1758;5,7389;31,7233;20,9401;0,0000;37,3366;5,7389;378,880;38,077;150,000;996,900;150,0000;-0,0000;0,0000;-0,0000;-0,0000;150,0000;-0,0000;0,0000;0,0000;0,0000;-0,0000;-0,0000;7;0
2,1787;6,1689;31,7233;20,9401;0,0000;37,3366;6,1689;378,584;40,920;150,000;996,900;150,0000;-0,0000;0,0000;-0,0000;-0,0000;150,0000;0,0000;0,0000;-0,0000;-0,0000;0,0000;0,0000;7;0
2,1815;6,5989;31,7233;20,9401;0,0000;37,3366;6,5989;378,266;43,760;150,000;996,900;150,0000;-0,0000;0,0000;-0,0000;-0,0000;150,0000;0,0000;-0,0000;0,0000;-0,0000;0,0000;0,0000;7;0
2,1844;7,0289;31,7233;20,9401;0,0000;37,3366;7,0289;377,927;46,597;150,000;996,900;150,0000;-0,0000;0,0000;-0,0000;-0,0000;150,0000;-0,0000;0,0000;0,0000;0,0000;0,0000;-0,0000;7;0
2,1873;7,4589;31,7233;20,9401;0,0000;37,3366;7,4589;377,567;49,432;150,000;996,900;150,0000;-0,0000;0,0000;-0,0000;-0,0000;150,0000;-0,0000;0,0000;0,0000;0,0000;-0,0000;-0,0000;7;0
2,1901;7,8889;31,7233;20,9401;0,0000;37,3366;7,8889;377,185;52,264;150,000;996,900;150,0000;-0,0000;0,0000;-0,0000;-0,0000;150,0000;0,0000;-0,0000;0,0000;-0,0000;-0,0000;0,0000;7;0
2,1930;8,3189;31,7233;20,9401;0,0000;37,3366;8,3189;376,782;55,094;150,000;996,900;150,0000;-0,0000;0,0000;-0,0000;-0,0000;150,0000;-0,9916;0,0000;-0,0000;0,0000;0,0000;-0,9916;7;0
2,1959;8,7489;31,7233;20,9401;0,0000;37,3366;8,7489;376,358;57,920;150,000;996,900;149,9943;-0,0000;0,0000;-0,0000;-0,0000;149,9943;-120,9073;0,0000;-0,0000;0,0000;0,0000;-120,9073;7;0
2,1987;9,1789;31,7233;20,9401;0,0000;37,3366;9,1789;375,913;60,742;150,000;996,824;149,3068;-0,0000;0,0000;-0,0000;-0,0000;149,3068;-438,8399;0,0000;-0,0000;0,0000;0,0000;-438,8399;7;0
2,2016;9,6049;31,7233;20,9401;0,0000;37,3366;9,6049;375,451;63,536;150,000;987,762;147,4783;-0,0000;0,0000;-0,0000;-0,0000;147,4783;-718,9242;0,0000;-0,0000;0,0000;0,0000;-718,9242;7;0
2,2045;10,0244;31,7233;20,9401;0,0000;37,3366;10,0244;374,975;66,283;150,000;972,520;145,1850;-0,0000;0,0000;-0,0000;-0,0000;145,1850;-800,0000;0,0000;-0,0000;0,0000;0,0000;-800,0000;7;0
2,2073;10,4373;31,7233;20,9401;0,0000;37,3366;10,4373;374,488;68,984;150,000;957,279;142,8916;-0,0000;0,0000;-0,0000;-0,0000;142,8916;-800,0000;0,0000;-0,0000;0,0000;0,0000;-800,0000;7;0
2,2102;10,8437;31,7233;20,9401;0,0000;37,3366;10,8437;373,989;71,638;150,000;942,037;140,5983;-0,0000;0,0000;-0,0000;-0,0000;140,5983;-800,0000;0,0000;-0,0000;0,0000;0,0000;-800,0000;7;0
2,2131;11,2434;31,7233;20,9401;0,0000;37,3366;11,2434;373,480;74,245;150,000;926,796;138,3050;-0,0000;0,0000;-0,0000;-0,0000;138,3050;-800,0000;0,0000;-0,0000;0,0000;0,0000;-800,0000;7;0
2,2159;11,6366;31,7233;20,9401;0,0000;37,3366;11,6366;372,962;76,807;150,000;911,554;136,0116;-0,0000;0,0000;-0,0000;-0,0000;136,0116;-800,0000;0,0000;-0,0000;0,0000;0,0000;-800,0000;7;0
2,2188;12,0232;31,7233;20,9401;0,0000;37,3366;12,0232;372,435;79,321;150,000;896,313;133,7183;-0,0000;0,0000;-0,0000;-0,0000;133,7183;-800,0000;0,0000;-0,0000;0,0000;0,0000;-800,0000;7;0
2,2217;12,4033;31,7233;20,9401;0,0000;37,3366;12,4033;371,901;81,790;150,000;881,072;131,4250;-0,0000;0,0000;-0,0000;-0,0000;131,4250;-800,0000;0,0000;-0,0000;0,0000;0,0000;-800,0000;7;0
2,2245;12,7767;31,7233;20,9401;0,0000;37,3366;12,7767;371,360;84,212;150,000;865,830;129,1316;-0,0000;0,0000;-0,0000;-0,0000;129,1316;-800,0000;0,0000;-0,0000;0,0000;0,0000;-800,0000;7;0
2,2274;13,1436;31,7233;20,9401;0,0000;37,3366;13,1436;370,813;86,589;150,000;850,589;126,8383;-0,0000;0,0000;-0,0000;-0,0000;126,8383;-800,0000;0,0000;-0,0000;0,0000;0,0000;-800,0000;7;0
2,2303;13,5039;31,7233;20,9401;0,0000;37,3366;13,5039;370,261;88,919;150,000;835,347;124,5450;-0,0000;0,0000;-0,0000;-0,0000;124,5450;-800,0000;0,0000;-0,0000;0,0000;0,0000;-800,0000;7;0
2,2331;13,8577;31,7233;20,9401;0,0000;37,3366;13,8577;369,705;91,203;150,000;820,106;122,2516;-0,0000;0,0000;-0,0000;-0,0000;122,2516;-800,0000;0,0000;-0,0000;0,0000;0,0000;-800,0000;7;0
2,2360;14,2048;31,7233;20,9401;0,0000;37,3366;14,2048;369,146;93,441;150,000;804,864;119,9583;-0,0000;0,0000;-0,0000;-0,0000;119,9583;-800,0000;0,0000;-0,0000;0,0000;0,0000;-800,0000;7;0
2,2389;14,5454;31,7233;20,9401;0,0000;37,3366;14,5454;368,584;95,634;150,000;789,623;117,6650;-0,0000;0,0000;-0,0000;-0,0000;117,6650;-800,0000;0,0000;-0,0000;0,0000;0,0000;-800,0000;7;0
2,2417;14,8795;31,7233;20,9401;0,0000;37,3366;14,8795;368,020;97,781;150,000;774,381;115,3716;-0,0000;0,0000;-0,0000;-0,0000;115,3716;-800,0000;0,0000;-0,0000;0,0000;0,0000;-800,0000;7;0
2,2446;15,2069;31,7233;20,9401;0,0000;37,3366;15,2069;367,455;99,883;150,000;759,140;113,0783;-0,0000;0,0000;-0,0000;-0,0000;113,0783;-800,0000;0,0000;-0,0000;0,0000;0,0000;-800,0000;7;0
2,2475;15,5278;31,7233;20,9401;0,0000;37,3366;15,5278;366,890;101,939;150,000;743,898;110,7850;-0,0000;0,0000;-0,0000;-0,0000;110,7850;-800,0000;0,0000;-0,0000;0,0000;0,0000;-800,0000;7;0
2,2503;15,8421;31,7233;20,9401;0,0000;37,3366;15,8421;366,325;103,950;150,000;728,657;108,4916;-0,0000;0,0000;-0,0000;-0,0000;108,4916;-800,0000;0,0000;-0,0000;0,0000;0,0000;-800,0000;7;0
2,2532;16,1498;31,7233;20,9401;0,0000;37,3366;16,1498;365,762;105,916;150,000;713,415;106,1983;-0,0000;0,0000;-0,0000;-0,0000;106,1983;-800,0000;0,0000;-0,0000;0,0000;0,0000;-800,0000;7;0
2,2561;16,4509;31,7233;20,9401;0,0000;37,3366;16,4509;365,200;107,837;150,000;698,174;103,9050;-0,0000;0,0000;-0,0000;-0,0000;103,9050;-800,0000;0,0000;-0,0000;0,0000;0,0000;-800,0000;7;0
2,2589;16,7455;31,7233;20,9401;0,0000;37,3366;16,7455;364,641;109,713;150,000;682,933;101,6116;-0,0000;0,0000;-0,0000;-0,0000;101,6116;-800,0000;0,0000;-0,0000;0,0000;0,0000;-800,0000;7;0
2,2618;17,0335;31,7233;20,9401;0,0000;37,3366;17,0335;364,085;111,545;150,000;667,691;99,3183;-0,0000;0,0000;-0,0000;-0,0000;99,3183;-800,0000;0,0000;-0,0000;0,0000;0,0000;-800,0000;7;0
2,2647;17,3149;31,7233;20,9401;0,0000;37,3366;17,3149;363,533;113,332;150,000;652,450;97,0250;-0,0000;0,0000;-0,0000;-0,0000;97,0250;-800,0000;0,0000;-0,0000;0,0000;0,0000;-800,0000;7;0
2,2675;17,5898;31,7233;20,9401;0,0000;37,3366;17,5898;362,985;115,074;150,000;637,208;94,7316;-0,0000;0,0000;-0,0000;-0,0000;94,7316;-800,0000;0,0000;-0,0000;0,0000;0,0000;-800,0000;7;0
2,2704;17,8581;31,7233;20,9401;0,0000;37,3366;17,8581;362,442;116,773;150,000;621,967;92,4383;-0,0000;0,0000;-0,0000;-0,0000;92,4383;-800,0000;0,0000;-0,0000;0,0000;0,0000;-800,0000;7;0
2,2733;18,1198;31,7233;20,9401;0,0000;37,3366;18,1198;361,905;118,427;150,000;606,725;90,1450;-0,0000;0,0000;-0,0000;-0,0000;90,1450;-800,0000;0,0000;-0,0000;0,0000;0,0000;-800,0000;7;0
2,2761;18,3749;31,7233;20,9401;0,0000;37,3366;18,3749;361,374;120,037;150,000;591,484;87,8516;-0,0000;0,0000;-0,0000;-0,0000;87,8516;-800,0000;0,0000;-0,0000;0,0000;0,0000;-800,0000;7;0
2,2790;18,6235;31,7233;20,9401;0,0000;37,3366;18,6235;360,850;121,604;150,000;576,242;85,5583;-0,0000;0,0000;-0,0000;-0,0000;85,5583;-800,0000;0,0000;-0,0000;0,0000;0,0000;-800,0000;7;0
2,2819;18,8654;31,7233;20,9401;-0,0000;37,3366;18,8654;360,333;123,127;150,000;561,001;83,2650;-0,0000;0,0000;-0,0000;-0,0000;83,2650;-800,0000;0,0000;-0,0000;0,0000;0,0000;-800,0000;7;0
2,2847;19,1008;31,7233;20,9401;-0,0000;37,3366;19,1008;359,824;124,606;150,000;545,759;80,9716;-0,0000;0,0000;-0,0000;-0,0000;80,9716;-800,0000;0,0000;-0,0000;0,0000;0,0000;-800,0000;7;0
2,2876;19,3297;31,7233;20,9401;-0,0000;37,3366;19,3297;359,323;126,042;150,000;530,518;78,6783;-0,0000;0,0000;-0,0000;-0,0000;78,6783;-800,0000;0,0000;-0,0000;0,0000;0,0000;-800,0000;7;0
2,2905;19,5519;31,7233;20,9401;-0,0000;37,3366;19,5519;358,832;127,435;150,000;515,276;76,3850;-0,0000;0,0000;-0,0000;-0,0000;76,3850;-800,0000;0,0000;-0,0000;0,0000;0,0000;-800,0000;7;0
2,2933;19,7676;31,7233;20,9401;-0,0000;37,3366;19,7676;358,350;128,785;150,000;500,035;74,0916;-0,0000;0,0000;-0,0000;-0,0000;74,0916;-800,0000;0,0000;-0,0000;0,0000;0,0000;-800,0000;7;0
2,2962;19,9767;31,7233;20,9401;-0,0000;37,3366;19,9767;357,877;130,092;150,000;484,793;71,7983;-0,0000;0,0000;-0,0000;-0,0000;71,7983;-800,0000;0,0000;-0,0000;0,0000;0,0000;-800,0000;7;0
2,2991;20,1793;31,7233;20,9401;-0,0000;37,3366;20,1793;357,415;131,356;150,000;469,552;69,5050;-0,0000;0,0000;-0,0000;-0,0000;69,5050;-800,0000;0,0000;-0,0000;0,0000;0,0000;-800,0000;7;0
2,3019;20,3752;31,7233;20,9401;-0,0000;37,3366;20,3752;356,964;132,578;150,000;454,310;67,2116;-0,0000;0,0000;-0,0000;-0,0000;67,2116;-800,0000;0,0000;-0,0000;0,0000;0,0000;-800,0000;7;0
2,3048;20,5646;31,7233;20,9401;-0,0000;37,3366;20,5646;356,524;133,757;150,000;439,069;64,9183;-0,0000;0,0000;-0,0000;-0,0000;64,9183;-800,0000;0,0000;-0,0000;0,0000;0,0000;-800,0000;7;0
2,3077;20,7474;31,7233;20,9401;-0,0000;37,3366;20,7474;356,095;134,894;150,000;423,827;62,6250;-0,0000;0,0000;-0,0000;-0,0000;62,6250;-800,0000;0,0000;-0,0000;0,0000;0,0000;-800,0000;7;0
2,3105;20,9236;31,7233;20,9401;-0,0000;37,3366;20,9236;355,678;135,989;150,000;408,586;60,3316;-0,0000;0,0000;-0,0000;-0,0000;60,3316;-800,0000;0,0000;-0,0000;0,0000;0,0000;-800,0000;7;0
2,3134;21,0933;31,7233;20,9401;-0,0000;37,3366;21,0933;355,274;137,041;150,000;393,344;58,0383;-0,0000;0,0000;-0,0000;-0,0000;58,0383;-800,0000;0,0000;-0,0000;0,0000;0,0000;-800,0000;7;0
2,3163;21,2564;31,7233;20,9401;-0,0000;37,3366;21,2564;354,883;138,052;150,000;378,103;55,7450;-0,0000;0,0000;-0,0000;-0,0000;55,7450;-800,0000;0,0000;-0,0000;0,0000;0,0000;-800,0000;7;0
2,3191;21,4129;31,7233;20,9401;-0,0000;37,3366;21,4129;354,504;139,021;150,000;362,861;53,4516;-0,0000;0,0000;-0,0000;-0,0000;53,4516;-800,0000;0,0000;-0,0000;0,0000;0,0000;-800,0000;7;0
2,3220;21,5629;31,7233;20,9401;-0,0000;37,3366;21,5629;354,139;139,948;150,000;347,620;51,1583;-0,0000;0,0000;-0,0000;-0,0000;51,1583;-800,0000;0,0000;-0,0000;0,0000;0,0000;-800,0000;7;0
2,3249;21,7062;31,7233;20,9401;-0,0000;37,3366;21,7062;353,788;140,834;150,000;332,378;48,8650;-0,0000;0,0000;-0,0000;-0,0000;48,8650;-800,0000;0,0000;-0,0000;0,0000;0,0000;-800,0000;7;0
2,3277;21,8430;31,7233;20,9401;-0,0000;37,3366;21,8430;353,451;141,678;150,000;317,136;46,5716;-0,0000;0,0000;-0,0000;-0,0000;46,5716;-800,0000;0,0000;-0,0000;0,0000;0,0000;-800,0000;7;0
2,3306;21,9732;31,7233;20,9401;-0,0000;37,3366;21,9732;353,128;142,481;150,000;301,895;44,2783;-0,0000;0,0000;-0,0000;-0,0000;44,2783;-800,0000;0,0000;-0,0000;0,0000;0,0000;-800,0000;7;0
2,3335;22,0969;31,7233;20,9401;-0,0000;37,3366;22,0969;352,819;143,243;150,000;286,653;41,9850;-0,0000;0,0000;-0,0000;-0,0000;41,9850;-800,0000;0,0000;-0,0000;0,0000;0,0000;-800,0000;7;0
2,3363;22,2139;31,7233;20,9401;-0,0000;37,3366;22,2139;352,526;143,963;150,000;271,412;39,6916;-0,0000;0,0000;-0,0000;-0,0000;39,6916;-800,0000;0,0000;-0,0000;0,0000;0,0000;-800,0000;7;0
2,3392;22,3244;31,7233;20,9401;-0,0000;37,3366;22,3244;352,248;144,643;150,000;256,170;37,3983;-0,0000;0,0000;-0,0000;-0,0000;37,3983;-800,0000;0,0000;-0,0000;0,0000;0,0000;-800,0000;7;0
2,3421;22,4284;31,7233;20,9401;-0,0000;37,3366;22,4284;351,985;145,282;150,000;240,929;35,1050;-0,0000;0,0000;-0,0000;-0,0000;35,1050;-800,0000;0,0000;-0,0000;0,0000;0,0000;-800,0000;7;0
2,3449;22,5257;31,7233;20,9401;-0,0000;37,3366;22,5257;351,737;145,879;150,000;225,687;32,8116;-0,0000;0,0000;-0,0000;-0,0000;32,8116;-800,0000;0,0000;-0,0000;0,0000;0,0000;-800,0000;7;0
2,3478;22,6165;31,7233;20,9401;-0,0000;37,3366;22,6165;351,506;146,436;150,000;210,446;30,5183;-0,0000;0,0000;-0,0000;-0,0000;30,5183;-800,0000;0,0000;-0,0000;0,0000;0,0000;-800,0000;7;0
2,3507;22,7007;31,7233;20,9401;-0,0000;37,3366;22,7007;351,290;146,953;150,000;195,204;28,2250;-0,0000;0,0000;-0,0000;-0,0000;28,2250;-800,0000;0,0000;-0,0000;0,0000;0,0000;-800,0000;7;0
2,3535;22,7783;31,7233;20,9401;-0,0000;37,3366;22,7783;351,091;147,429;150,000;179,963;25,9316;-0,0000;0,0000;-0,0000;-0,0000;25,9316;-800,0000;0,0000;-0,0000;0,0000;0,0000;-800,0000;7;0
2,3564;22,8494;31,7233;20,9401;-0,0000;37,3366;22,8494;350,908;147,864;150,000;164,721;23,6383;-0,0000;0,0000;-0,0000;-0,0000;23,6383;-800,0000;0,0000;-0,0000;0,0000;0,0000;-800,0000;7;0
2,3593;22,9138;31,7233;20,9401;-0,0000;37,3366;22,9138;350,741;148,259;150,000;149,480;21,3450;-0,0000;0,0000;-0,0000;-0,0000;21,3450;-800,0000;0,0000;-0,0000;0,0000;0,0000;-800,0000;7;0
2,3621;22,9717;31,7233;20,9401;-0,0000;37,3366;22,9717;350,591;148,613;150,000;134,238;19,0516;-0,0000;0,0000;-0,0000;-0,0000;19,0516;-800,0000;0,0000;-0,0000;0,0000;0,0000;-800,0000;7;0
2,3650;23,0231;31,7233;20,9401;-0,0000;37,3366;23,0231;350,458;148,927;150,000;118,997;16,7583;-0,0000;0,0000;-0,0000;-0,0000;16,7583;-800,0000;0,0000;-0,0000;0,0000;0,0000;-800,0000;7;0
2,3679;23,0678;31,7233;20,9401;-0,0000;37,3366;23,0678;350,341;149,201;150,000;103,755;14,4650;-0,0000;0,0000;-0,0000;-0,0000;14,4650;-800,0000;0,0000;-0,0000;0,0000;0,0000;-800,0000;7;0
2,3707;23,1060;31,7233;20,9401;-0,0000;37,3366;23,1060;350,242;149,434;150,000;88,514;12,1716;-0,0000;0,0000;-0,0000;-0,0000;12,1716;-800,0000;0,0000;-0,0000;0,0000;0,0000;-800,0000;7;0
2,3736;23,1376;31,7233;20,9401;-0,0000;37,3366;23,1376;350,159;149,627;150,000;73,272;9,8783;-0,0000;0,0000;-0,0000;-0,0000;9,8783;-800,0000;0,0000;-0,0000;0,0000;0,0000;-800,0000;7;0
2,3765;23,1626;31,7233;20,9401;-0,0000;37,3366;23,1626;350,094;149,780;150,000;58,031;7,5850;-0,0000;0,0000;-0,0000;-0,0000;7,5850;-800,0000;0,0000;-0,0000;0,0000;0,0000;-800,0000;7;0
2,3793;23,1811;31,7233;20,9401;-0,0000;37,3366;23,1811;350,046;149,893;150,000;42,789;5,2916;-0,0000;0,0000;-0,0000;-0,0000;5,2916;-800,0000;0,0000;-0,0000;0,0000;0,0000;-800,0000;7;0
2,3822;23,1930;31,7233;20,9401;-0,0000;37,3366;23,1930;350,015;149,966;150,000;27,548;2,9983;-0,0000;0,0000;-0,0000;-0,0000;2,9983;-752,0302;0,0000;-0,0000;0,0000;0,0000;-752,0303;7;0
2,3851;23,1983;31,7233;20,9401;-0,0000;37,3366;23,1983;350,001;149,998;150,000;12,306;0,9800;-0,0000;0,0000;-0,0000;-0,0000;0,9800;-513,5098;25,6119;4,1464;0,0000;-29,7583;-513,5099;7;0
2,3879;23,1986;31,7233;20,9401;-0,0000;37,3366;23,1986;350,000;150,000;150,000;0,720;0,0542;0,1468;0,0238;-0,0000;-0,1706;0,0542;-170,9290;102,4496;16,5827;0,0000;-119,0323;-170,9290;7;0
2,3908;23,1986;31,7241;20,9402;-0,0000;37,3356;23,1986;350,000;150,000;149,994;2,150;-0,0000;0,5874;0,0951;-0,0000;-0,6825;0,0000;-9,4494;179,2985;29,0023;-0,0000;-208,3008;-9,4494;8;0
2,3937;23,1986;31,7267;20,9407;-0,0000;37,3327;23,1986;350,000;150,000;149,975;6,450;-0,0000;1,1748;0,1901;-0,0000;-1,3649;0,0000;-0,0000;204,9471;33,0942;-0,0000;-238,0413;0,0000;8;0
2,3965;23,1986;31,7309;20,9413;-0,0000;37,3278;23,1986;350,000;150,000;149,945;10,750;-0,0000;1,7624;0,2848;-0,0000;-2,0472;0,0000;0,0000;205,0112;32,9989;-0,0000;-238,0101;0,0000;8;0
2,3994;23,1986;31,7368;20,9423;-0,0000;37,3209;23,1986;350,000;150,000;149,901;15,050;0,0000;2,3502;0,3792;-0,0000;-2,7295;0,0000;0,0000;205,1013;32,8650;-0,0000;-237,9663;0,0000;8;0
2,4023;23,1986;31,7443;20,9435;-0,0000;37,3121;23,1986;350,000;150,000;149,846;19,350;0,0000;2,9383;0,4732;-0,0000;-3,4116;0,0000;0,0000;205,2172;32,6928;-0,0000;-237,9100;0,0000;8;0
2,4051;23,1986;31,7536;20,9450;-0,0000;37,3014;23,1986;350,000;150,000;149,778;23,650;0,0000;3,5268;0,5667;-0,0000;-4,0935;0,0000;-0,0000;205,3587;32,4823;-0,0000;-237,8410;0,0000;8;0
2,4080;23,1986;31,7646;20,9468;-0,0000;37,2887;23,1986;350,000;150,000;149,698;27,950;-0,0000;4,1157;0,6595;-0,0000;-4,7752;0,0000;-0,0000;205,5259;32,2335;-0,0000;-237,7594;0,0000;8;0
2,4109;23,1986;31,7772;20,9488;-0,0000;37,2740;23,1986;350,000;150,000;149,606;32,250;-0,0000;4,7051;0,7515;-0,0000;-5,4566;0,0000;-0,0000;205,7187;31,9465;-0,0000;-237,6652;0,0000;8;0
2,4137;23,1986;31,7915;20,9511;-0,0000;37,2574;23,1986;350,000;150,000;149,501;36,550;-0,0000;5,2952;0,8426;-0,0000;-6,1378;0,0000;0,0000;205,9370;31,6212;-0,0000;-237,5582;0,0000;8;0
2,4166;23,1986;31,8076;20,9536;-0,0000;37,2388;23,1986;350,000;150,000;149,384;40,850;0,0000;5,8858;0,9328;-0,0000;-6,8186;0,0000;0,0000;206,1809;31,2576;-0,0000;-237,4385;0,0000;8;0
2,4195;23,1986;31,8253;20,9564;-0,0000;37,2183;23,1986;350,000;150,000;149,254;45,150;0,0000;6,4773;1,0218;-0,0000;-7,4991;0,0000;-0,0000;206,4502;30,8557;-0,0000;-237,3059;0,0000;8;0
2,4223;23,1986;31,8447;20,9595;-0,0000;37,1958;23,1986;350,000;150,000;149,112;49,450;-0,0000;7,0695;1,1097;-0,0000;-8,1792;0,0000;-0,0000;206,7448;30,4155;-0,0000;-237,1604;0,0000;8;0
2,4252;23,1986;31,8658;20,9628;-0,0000;37,1714;23,1986;350,000;150,000;148,958;53,750;-0,0000;7,6626;1,1962;-0,0000;-8,8588;0,0000;0,0000;207,0648;29,9371;-0,0000;-237,0019;0,0000;8;0
2,4281;23,1986;31,8886;20,9663;-0,0000;37,1450;23,1986;350,000;150,000;148,792;58,050;-0,0000;8,2567;1,2813;-0,0000;-9,5380;0,0000;-0,0000;207,4100;29,4203;-0,0000;-236,8303;0,0000;8;0
2,4309;23,1986;31,9132;20,9701;-0,0000;37,1167;23,1986;350,000;150,000;148,613;62,350;-0,0000;8,8518;1,3649;-0,0000;-10,2167;0,0000;0,0000;207,7804;28,8653;-0,0000;-236,6456;0,0000;8;0
2,4338;23,1986;31,9394;20,9742;-0,0000;37,0865;23,1986;350,000;150,000;148,422;66,650;0,0000;9,4479;1,4468;-0,0000;-10,8948;0,0000;0,0000;208,1758;28,2719;-0,0000;-236,4477;0,0000;8;0
2,4367;23,1986;31,9673;20,9784;-0,0000;37,0543;23,1986;350,000;150,000;148,219;70,950;0,0000;10,0453;1,5270;-0,0000;-11,5723;0,0000;-0,0000;208,5961;27,6402;-0,0000;-236,2363;0,0000;8;0
2,4395;23,1986;31,9970;20,9829;-0,0000;37,0201;23,1986;350,000;150,000;148,003;75,250;-0,0000;10,6439;1,6053;-0,0000;-12,2492;0,0000;-0,0000;209,0413;26,9702;-0,0000;-236,0115;0,0000;8;0
2,4424;23,1986;32,0283;20,9876;-0,0000;36,9840;23,1986;350,000;150,000;147,775;79,550;-0,0000;11,2438;1,6816;-0,0000;-12,9254;0,0000;0,0000;209,5112;26,2619;-0,0000;-235,7730;0,0000;8;0
2,4453;23,1986;32,0614;20,9926;-0,0000;36,9460;23,1986;350,000;150,000;147,535;83,850;0,0000;11,8451;1,7559;-0,0000;-13,6010;0,0000;-0,0000;210,0057;25,5152;-0,0000;-235,5209;0,0000;8;0
2,4481;23,1986;32,0963;20,9977;-0,0000;36,9060;23,1986;350,000;150,000;147,282;88,150;-0,0000;12,4478;1,8279;-0,0000;-14,2757;0,0000;-0,0000;211,0604;23,9237;-0,0000;-234,9841;-0,0000;8;0
2,4510;23,1986;32,1328;21,0030;-0,0000;36,8642;23,1986;350,000;150,000;147,017;92,450;-0,0000;13,0552;1,8930;-0,0000;-14,9482;0,0000;0,0000;211,6518;23,0270;-0,0000;-234,6788;0,0000;8;0
2,4539;23,1986;32,1711;21,0085;-0,0000;36,8203;23,1986;350,000;150,000;146,740;96,752;-0,0000;13,6613;1,9599;-0,0000;-15,6212;0,0000;0,0000;211,1977;23,7018;-0,0000;-234,8995;0,0000;8;0
2,4567;23,1986;32,2111;21,0143;-0,0000;36,7746;23,1986;350,000;150,000;146,450;101,050;-0,0000;14,2660;2,0289;-0,0000;-16,2950;0,0000;0,0000;211,7452;22,8687;-0,0000;-234,6139;0,0000;8;0
2,4596;23,1986;32,2529;21,0202;-0,0000;36,7269;23,1986;350,000;150,000;146,148;105,350;-0,0000;14,8753;2,0910;-0,0000;-16,9664;0,0000;-0,0000;212,8504;21,1940;-0,0000;-234,0443;0,0000;8;0
2,4625;23,1986;32,2964;21,0263;-0,0000;36,6773;23,1986;350,000;150,000;145,834;109,650;-0,0000;15,4864;2,1504;-0,0000;-17,6368;0,0000;0,0000;213,4895;20,2172;-0,0000;-233,7067;0,0000;8;0
2,4653;23,1986;32,3417;21,0325;-0,0000;36,6258;23,1986;350,000;150,000;145,507;113,950;0,0000;16,0993;2,2070;-0,0000;-18,3063;0,0000;-0,0000;214,1522;19,2021;-0,0000;-233,3543;0,0000;8;0
2,4682;23,1986;32,3887;21,0389;-0,0000;36,5724;23,1986;350,000;150,000;145,168;118,250;-0,0000;16,7142;2,2605;-0,0000;-18,9747;0,0000;-0,0000;214,8384;18,1485;0,0000;-232,9869;-0,0000;8;0
2,4711;23,1986;32,4375;21,0455;-0,0000;36,5170;23,1986;350,000;150,000;144,817;122,550;-0,0000;17,3311;2,3110;-0,0000;-19,6421;0,0000;-0,0000;215,5477;17,0566;-0,0000;-232,6043;0,0000;8;0
2,4739;23,1986;32,4881;21,0522;-0,0000;36,4598;23,1986;350,000;150,000;144,453;126,850;-0,0000;17,9500;2,3583;-0,0000;-20,3083;0,0000;0,0000;216,2800;15,9263;-0,0000;-232,2063;0,0000;8;0
2,4768;23,1986;32,5404;21,0590;-0,0000;36,4006;23,1986;350,000;150,000;144,077;131,150;-0,0000;18,5711;2,4023;-0,0000;-20,9734;0,0000;0,0000;217,0352;14,7576;-0,0000;-231,7928;0,0000;8;0
2,4797;23,1986;32,5946;21,0659;-0,0000;36,3395;23,1986;350,000;150,000;143,689;135,450;-0,0000;19,1943;2,4429;-0,0000;-21,6373;0,0000;-0,0000;217,8130;13,5505;-0,0000;-231,3635;0,0000;8;0
2,4825;23,1986;32,6505;21,0730;-0,0000;36,2765;23,1986;350,000;150,000;143,288;139,750;-0,0000;19,8199;2,4800;-0,0000;-22,2999;0,0000;-0,0000;218,6132;12,3049;-0,0000;-230,9181;0,0000;8;0
2,4854;23,1986;32,7082;21,0802;-0,0000;36,2117;23,1986;350,000;150,000;142,875;144,050;-0,0000;20,4477;2,5135;-0,0000;-22,9612;0,0000;0,0000;219,4355;11,0209;-0,0000;-230,4565;0,0000;8;0
2,4883;23,1986;32,7677;21,0874;-0,0000;36,1449;23,1986;350,000;150,000;142,450;148,350;-0,0000;21,0780;2,5432;-0,0000;-23,6211;0,0000;0,0000;220,2798;9,6985;-0,0000;-229,9784;0,0000;8;0
2,4911;23,1986;32,8290;21,0947;-0,0000;36,0762;23,1986;350,000;150,000;142,012;152,650;-0,0000;21,7106;2,5691;-0,0000;-24,2797;0,0000;0,0000;221,1459;8,3377;-0,0000;-229,4836;0,0000;8;0
2,4940;23,1986;32,8922;21,1021;-0,0000;36,0057;23,1986;350,000;150,000;141,562;156,950;-0,0000;22,3459;2,5910;-0,0000;-24,9369;0,0000;0,0000;222,0334;6,9385;-0,0000;-228,9719;0,0000;8;0
2,4969;23,1986;32,9572;21,1096;-0,0000;35,9333;23,1986;350,000;150,000;141,100;161,250;-0,0000;22,9836;2,6089;-0,0000;-25,5925;0,0000;-0,0000;222,9421;5,5007;-0,0000;-228,4428;0,0000;8;0
2,4997;23,1986;33,0240;21,1171;-0,0000;35,8589;23,1986;350,000;150,000;140,626;165,550;-0,0000;23,6241;2,6225;-0,0000;-26,2466;0,0000;-0,0000;223,8718;4,0245;-0,0000;-227,8963;0,0000;8;0
2,5026;23,1986;33,0926;21,1246;-0,0000;35,7828;23,1986;350,000;150,000;140,139;169,850;-0,0000;24,2672;2,6319;-0,0000;-26,8991;0,0000;-0,0000;224,8222;2,5099;-0,0000;-227,3321;0,0000;8;0
2,5055;23,1986;33,1631;21,1322;-0,0000;35,7047;23,1986;350,000;150,000;139,639;174,150;-0,0000;24,9130;2,6369;-0,0000;-27,5500;0,0000;-0,0000;225,7931;0,9568;-0,0000;-226,7499;0,0000;8;0
2,5083;23,1986;33,2354;21,1397;-0,0000;35,6248;23,1986;350,000;150,000;139,128;178,450;-0,0000;25,5617;2,6374;-0,0000;-28,1991;0,0000;0,0000;226,7840;-0,6348;-0,0000;-226,1493;0,0000;8;0
2,5112;23,1986;33,3096;21,1473;-0,0000;35,5431;23,1986;350,000;150,000;138,604;182,750;-0,0000;26,2133;2,6333;-0,0000;-28,8466;0,0000;0,0000;227,7949;-2,2648;-0,0000;-225,5300;0,0000;8;0
2,5141;23,1986;33,3857;21,1548;-0,0000;35,4594;23,1986;350,000;150,000;138,068;187,050;-0,0000;26,8677;2,6244;-0,0000;-29,4922;0,0000;-0,0000;228,8252;-3,9334;-0,0000;-224,8918;0,0000;8;0
2,5169;23,1986;33,4637;21,1624;-0,0000;35,3740;23,1986;350,000;150,000;137,519;191,350;-0,0000;27,5252;2,6107;-0,0000;-30,1359;0,0000;-0,0000;229,8748;-5,6404;-0,0000;-224,2345;-0,0000;8;0
2,5198;23,1986;33,5435;21,1698;-0,0000;35,2867;23,1986;350,000;150,000;136,958;195,650;-0,0000;28,1857;2,5921;-0,0000;-30,7778;0,0000;0,0000;230,9434;-7,3858;-0,0000;-223,5576;0,0000;8;0
2,5227;23,1986;33,6253;21,1772;-0,0000;35,1975;23,1986;350,000;150,000;136,385;199,950;-0,0000;28,8493;2,5684;-0,0000;-31,4177;0,0000;0,0000;232,0305;-9,1698;-0,0000;-222,8607;0,0000;8;0
2,5255;23,1986;33,7089;21,1845;-0,0000;35,1065;23,1986;350,000;150,000;135,800;204,250;0,0000;29,5160;2,5395;-0,0000;-32,0555;0,0000;-0,0000;233,1360;-10,9923;-0,0000;-222,1437;0,0000;8;0
2,5284;23,1986;33,7945;21,1918;-0,0000;35,0137;23,1986;350,000;150,000;135,202;208,550;-0,0000;30,1859;2,5054;-0,0000;-32,6913;0,0000;0,0000;234,2593;-12,8532;-0,0000;-221,4061;0,0000;8;0
2,5313;23,1986;33,8820;21,1989;-0,0000;34,9191;23,1986;350,000;150,000;134,592;212,850;0,0000;30,8591;2,4658;-0,0000;-33,3249;0,0000;0,0000;235,4003;-14,7526;-0,0000;-220,6477;0,0000;8;0
2,5341;23,1986;33,9714;21,2059;-0,0000;34,8227;23,1986;350,000;150,000;133,969;217,150;-0,0000;31,5355;2,4208;-0,0000;-33,9563;0,0000;-0,0000;236,5584;-16,6905;0,0000;-219,8679;-0,0000;8;0
2,5370;23,1986;34,0628;21,2128;-0,0000;34,7244;23,1986;350,000;150,000;133,334;221,450;-0,0000;32,2154;2,3701;-0,0000;-34,5855;0,0000;-0,0000;237,7335;-18,6669;0,0000;-219,0666;0,0000;8;0
2,5399;23,1986;34,1561;21,2195;-0,0000;34,6244;23,1986;350,000;150,000;132,687;225,750;-0,0000;32,8986;2,3138;-0,0000;-35,2123;0,0000;0,0000;238,9250;-20,6818;-0,0000;-218,2432;0,0000;8;0
2,5427;23,1986;34,2514;21,2260;-0,0000;34,5225;23,1986;350,000;150,000;132,028;230,050;-0,0000;33,5852;2,2516;-0,0000;-35,8368;0,0000;0,0000;240,1326;-22,7351;-0,0000;-217,3975;0,0000;8;0
2,5456;23,1986;34,3487;21,2324;-0,0000;34,4189;23,1986;350,000;150,000;131,356;234,350;-0,0000;34,2753;2,1834;-0,0000;-36,4587;0,0000;0,0000;241,3559;-24,8268;-0,0000;-216,5291;-0,0000;8;0
2,5485;23,1986;34,4479;21,2386;-0,0000;34,3135;23,1986;350,000;150,000;130,672;238,650;-0,0000;34,9690;2,1092;-0,0000;-37,0782;0,0000;0,0000;242,5946;-26,9571;-0,0000;-215,6375;-0,0000;8;0
2,5513;23,1986;34,5492;21,2445;-0,0000;34,2063;23,1986;350,000;150,000;129,975;242,950;-0,0000;35,6662;2,0289;-0,0000;-37,6951;0,0000;-0,0000;243,8481;-29,1258;-0,0000;-214,7223;0,0000;8;0
2,5542;23,1986;34,6524;21,2502;-0,0000;34,0974;23,1986;350,000;150,000;129,267;247,250;-0,0000;36,3670;1,9422;-0,0000;-38,3093;0,0000;-0,0000;245,1162;-31,3329;-0,0000;-213,7832;0,0000;8;0
2,5571;23,1986;34,7577;21,2556;-0,0000;33,9867;23,1986;350,000;150,000;128,545;251,550;-0,0000;37,0715;1,8492;-0,0000;-38,9207;0,0000;-0,0000;246,3982;-33,5785;-0,0000;-212,8198;0,0000;8;0
2,5599;23,1986;34,8650;21,2608;-0,0000;33,8742;23,1986;350,000;150,000;127,812;255,850;-0,0000;37,7797;1,7497;-0,0000;-39,5294;0,0000;0,0000;247,6940;-35,8624;-0,0000;-211,8315;0,0000;8;0
2,5628;23,1986;34,9743;21,2657;-0,0000;33,7600;23,1986;350,000;150,000;127,066;260,150;0,0000;38,4916;1,6436;-0,0000;-40,1352;0,0000;-0,0000;249,0029;-38,1848;-0,0000;-210,8180;0,0000;8;0
2,5657;23,1986;35,0857;21,2702;-0,0000;33,6441;23,1986;350,000;150,000;126,308;264,450;-0,0000;39,2073;1,5308;-0,0000;-40,7381;0,0000;-0,0000;250,3245;-40,5456;-0,0000;-209,7789;0,0000;8;0
2,5685;23,1986;35,1991;21,2744;-0,0000;33,5265;23,1986;350,000;150,000;125,538;268,750;-0,0000;39,9268;1,4111;-0,0000;-41,3380;0,0000;0,0000;251,6584;-42,9447;-0,0000;-208,7137;0,0000;8;0
2,5714;23,1986;35,3146;21,2783;-0,0000;33,4071;23,1986;350,000;150,000;124,755;273,050;-0,0000;40,6502;1,2846;-0,0000;-41,9347;0,0000;-0,0000;253,0041;-45,3822;0,0000;-207,6219;-0,0000;8;0
2,5743;23,1986;35,4321;21,2818;-0,0000;33,2861;23,1986;350,000;150,000;123,960;277,350;-0,0000;41,3774;1,1510;-0,0000;-42,5283;0,0000;-0,0000;254,3611;-47,8580;0,0000;-206,5031;-0,0000;8;0
2,5771;23,1986;35,5518;21,2849;-0,0000;33,1633;23,1986;350,000;150,000;123,153;281,650;-0,0000;42,1085;1,0102;-0,0000;-43,1187;0,0000;0,0000;255,7290;-50,3721;-0,0000;-205,3569;0,0000;8;0
2,5800;23,1986;35,6736;21,2876;-0,0000;33,0388;23,1986;350,000;150,000;122,333;285,950;-0,0000;42,8436;0,8622;-0,0000;-43,7057;0,0000;0,0000;257,1072;-52,9245;-0,0000;-204,1827;0,0000;8;0
2,5829;23,1986;35,7974;21,2899;-0,0000;32,9127;23,1986;350,000;150,000;121,501;290,250;-0,0000;43,5826;0,7068;-0,0000;-44,2893;0,0000;0,0000;256,9768;-55,5278;-0,0000;-201,4490;0,0000;8;0
2,5857;23,1986;35,9234;21,2917;-0,0000;32,7849;23,1986;350,000;150,000;120,656;294,550;-0,0000;44,3169;0,5438;-0,0000;-44,8607;0,0000;0,0000;217,1395;-58,3283;-0,0000;-158,8112;0,0000;8;0
2,5886;23,1986;36,0515;21,2930;-0,0000;32,6555;23,1986;350,000;150,000;119,800;298,734;-0,0000;44,8275;0,3723;-0,0000;-45,1999;0,0000;0,0000;123,7405;-60,8276;-0,0000;-62,9129;0,0000;8;0
2,5915;23,1986;36,1804;21,2938;-0,0000;32,5258;23,1986;350,000;150,000;118,940;300,000;0,0000;45,0263;0,1951;-0,0000;-45,2214;0,0000;0,0000;52,7789;-62,0471;-0,0000;9,2681;0,0000;8;0
2,5943;23,1986;36,3097;21,2941;-0,0000;32,3962;23,1986;350,000;150,000;118,080;300,000;0,0000;45,1301;0,0166;-0,0000;-45,1467;0,0000;-0,0000;36,1209;-62,2503;0,0000;26,1294;-0,0000;8;0
2,5972;23,1986;36,4392;21,2939;-0,0000;32,2669;23,1986;350,000;150,000;117,220;300,000;-0,0000;45,2334;-0,1619;-0,0000;-45,0716;0,0000;-0,0000;35,9602;-62,2502;0,0000;26,2901;-0,0000;8;0
2,6001;23,1986;36,5690;21,2932;-0,0000;32,1378;23,1986;350,000;150,000;116,360;300,000;-0,0000;45,3363;-0,3403;-0,0000;-44,9960;0,0000;0,0000;35,7991;-62,2498;-0,0000;26,4507;0,0000;8;0
2,6029;23,1986;36,6991;21,2919;-0,0000;32,0089;23,1986;350,000;150,000;115,500;300,000;-0,0000;45,4387;-0,5187;-0,0000;-44,9199;0,0000;-0,0000;35,6378;-62,2493;-0,0000;26,6115;0,0000;8;0
2,6058;23,1986;36,8295;21,2902;-0,0000;31,8803;23,1986;350,000;150,000;114,640;300,000;-0,0000;45,5406;-0,6972;-0,0000;-44,8434;0,0000;0,0000;35,4763;-62,2484;-0,0000;26,7722;0,0000;8;0
2,6087;23,1986;36,9602;21,2879;-0,0000;31,7518;23,1986;350,000;150,000;113,780;300,000;-0,0000;45,6421;-0,8756;-0,0000;-44,7664;0,0000;0,0000;35,3144;-62,2474;-0,0000;26,9329;0,0000;8;0
2,6115;23,1986;37,0912;21,2852;-0,0000;31,6236;23,1986;350,000;150,000;112,920;300,000;-0,0000;45,7431;-1,0541;-0,0000;-44,6890;0,0000;-0,0000;35,1524;-62,2461;0,0000;27,0937;-0,0000;8;0
2,6144;23,1986;37,2225;21,2819;-0,0000;31,4956;23,1986;350,000;150,000;112,060;300,000;-0,0000;45,8436;-1,2325;-0,0000;-44,6111;0,0000;-0,0000;34,9901;-62,2445;0,0000;27,2545;-0,0000;8;0
2,6173;23,1986;37,3540;21,2781;-0,0000;31,3679;23,1986;350,000;150,000;111,200;300,000;-0,0000;45,9437;-1,4110;-0,0000;-44,5327;0,0000;0,0000;34,8275;-62,2427;-0,0000;27,4152;0,0000;8;0
2,6201;23,1986;37,4859;21,2738;-0,0000;31,2403;23,1986;350,000;150,000;110,340;300,000;-0,0000;46,0433;-1,5894;-0,0000;-44,4539;0,0000;0,0000;34,6648;-62,2407;-0,0000;27,5759;0,0000;8;0
2,6230;23,1986;37,6180;21,2690;-0,0000;31,1130;23,1986;350,000;150,000;109,480;300,000;-0,0000;46,1424;-1,7678;-0,0000;-44,3746;0,0000;-0,0000;34,5019;-62,2385;-0,0000;27,7366;-0,0000;8;0
2,6259;23,1986;37,7504;21,2637;-0,0000;30,9859;23,1986;350,000;150,000;108,620;300,000;-0,0000;46,2411;-1,9462;-0,0000;-44,2949;0,0000;-0,0000;34,3387;-62,2360;0,0000;27,8973;-0,0000;8;0
2,6287;23,1986;37,8831;21,2578;-0,0000;30,8590;23,1986;350,000;150,000;107,760;300,000;-0,0000;46,3393;-2,1246;-0,0000;-44,2147;0,0000;-0,0000;34,1754;-62,2332;0,0000;28,0578;0,0000;8;0
2,6316;23,1986;38,0161;21,2515;-0,0000;30,7324;23,1986;350,000;150,000;106,900;300,000;-0,0000;46,4370;-2,3030;-0,0000;-44,1340;0,0000;0,0000;34,0119;-62,2303;-0,0000;28,2183;0,0000;8;0
2,6345;23,1986;38,1494;21,2446;-0,0000;30,6060;23,1986;350,000;150,000;106,040;300,000;-0,0000;46,5343;-2,4814;-0,0000;-44,0529;0,0000;0,0000;33,8483;-62,2270;-0,0000;28,3788;-0,0000;8;0
2,6373;23,1986;38,2829;21,2373;-0,0000;30,4798;23,1986;350,000;150,000;105,180;300,000;-0,0000;46,6311;-2,6598;-0,0000;-43,9713;0,0000;0,0000;33,6845;-62,2236;-0,0000;28,5392;-0,0000;8;0
2,6402;23,1986;38,4167;21,2294;-0,0000;30,3539;23,1986;350,000;150,000;104,320;300,000;-0,0000;46,7274;-2,8382;-0,0000;-43,8893;0,0000;-0,0000;33,5205;-62,2199;0,0000;28,6994;0,0000;8;0
2,6431;23,1986;38,5508;21,2210;-0,0000;30,2282;23,1986;350,000;150,000;103,460;300,000;-0,0000;46,8233;-3,0165;-0,0000;-43,8068;0,0000;-0,0000;33,3565;-62,2160;0,0000;28,8596;0,0000;8;0
2,6459;23,1986;38,6852;21,2121;-0,0000;30,1027;23,1986;350,000;150,000;102,600;300,000;-0,0000;46,9187;-3,1949;-0,0000;-43,7238;0,0000;-0,0000;33,1923;-62,2119;-0,0000;29,0195;0,0000;8;0
2,6488;23,1986;38,8198;21,2027;-0,0000;29,9775;23,1986;350,000;150,000;101,740;300,000;-0,0000;47,0136;-3,3732;-0,0000;-43,6404;0,0000;-0,0000;33,0280;-62,2075;-0,0000;29,1795;0,0000;8;0
2,6517;23,1986;38,9547;21,1927;-0,0000;29,8525;23,1986;350,000;150,000;100,880;300,000;-0,0000;47,1080;-3,5515;-0,0000;-43,5565;0,0000;0,0000;32,8636;-62,2030;-0,0000;29,3394;0,0000;8;0
2,6545;23,1986;39,0899;21,1823;-0,0000;29,7278;23,1986;350,000;150,000;100,020;300,000;-0,0000;47,2020;-3,7298;-0,0000;-43,4722;0,0000;0,0000;32,6991;-62,1981;-0,0000;29,4990;-0,0000;8;0
2,6574;23,1986;39,2254;21,1714;-0,0000;29,6033;23,1986;350,000;150,000;99,160;300,000;-0,0000;47,2955;-3,9081;-0,0000;-43,3874;0,0000;-0,0000;32,5346;-62,1931;-0,0000;29,6585;0,0000;8;0
2,6603;23,1986;39,3611;21,1599;-0,0000;29,4790;23,1986;350,000;150,000;98,300;300,000;-0,0000;47,3885;-4,0864;-0,0000;-43,3022;0,0000;-0,0000;32,3700;-62,1878;-0,0000;29,8178;0,0000;8;0
2,6631;23,1986;39,4970;21,1479;-0,0000;29,3550;23,1986;350,000;150,000;97,440;300,000;-0,0000;47,4811;-4,2647;-0,0000;-43,2164;0,0000;-0,0000;32,2053;-62,1823;0,0000;29,9771;-0,0000;8;0
2,6660;23,1986;39,6333;21,1354;-0,0000;29,2313;23,1986;350,000;150,000;96,580;300,000;-0,0000;47,5732;-4,4429;-0,0000;-43,1303;0,0000;0,0000;32,0406;-62,1766;-0,0000;30,1360;-0,0000;8;0
2,6689;23,1986;39,7698;21,1225;-0,0000;29,1077;23,1986;350,000;150,000;95,720;300,000;-0,0000;47,6648;-4,6211;-0,0000;-43,0437;0,0000;0,0000;31,8758;-62,1707;-0,0000;30,2948;0,0000;8;0
2,6717;23,1986;39,9066;21,1090;-0,0000;28,9845;23,1986;350,000;150,000;94,860;300,000;-0,0000;47,7559;-4,7994;-0,0000;-42,9566;0,0000;-0,0000;31,7111;-62,1646;0,0000;30,4535;0,0000;8;0
2,6746;23,1986;40,0436;21,0949;-0,0000;28,8615;23,1986;350,000;150,000;94,000;300,000;-0,0000;47,8466;-4,9775;-0,0000;-42,8691;0,0000;-0,0000;31,5463;-62,1582;0,0000;30,6119;-0,0000;8;0
2,6775;23,1986;40,1809;21,0804;-0,0000;28,7387;23,1986;350,000;150,000;93,140;300,000;-0,0000;47,9368;-5,1557;-0,0000;-42,7811;0,0000;-0,0000;31,3815;-62,1517;-0,0000;30,7701;0,0000;8;0
2,6803;23,1986;40,3184;21,0654;-0,0000;28,6162;23,1986;350,000;150,000;92,280;300,000;-0,0000;48,0265;-5,3339;-0,0000;-42,6927;0,0000;0,0000;31,2168;-62,1449;-0,0000;30,9282;0,0000;8;0
2,6832;23,1986;40,4562;21,0498;-0,0000;28,4939;23,1986;350,000;150,000;91,420;300,000;-0,0000;48,1158;-5,5120;-0,0000;-42,6038;0,0000;0,0000;31,0520;-62,1379;-0,0000;31,0859;0,0000;8;0
2,6861;23,1986;40,5943;21,0338;-0,0000;28,3719;23,1986;350,000;150,000;90,560;300,000;-0,0000;48,2046;-5,6901;-0,0000;-42,5144;0,0000;-0,0000;30,8873;-62,1307;0,0000;31,2434;-0,0000;8;0
2,6889;23,1986;40,7326;21,0172;-0,0000;28,2502;23,1986;350,000;150,000;89,700;300,000;-0,0000;48,2929;-5,8682;-0,0000;-42,4246;0,0000;0,0000;30,7227;-62,1234;-0,0000;31,4007;0,0000;8;0
2,6918;23,1986;40,8712;21,0001;-0,0000;28,1287;23,1986;350,000;150,000;88,840;300,000;-0,0000;48,3807;-6,0463;-0,0000;-42,3344;0,0000;0,0000;30,5581;-62,1158;-0,0000;31,5578;0,0000;8;0
2,6947;23,1986;41,0100;20,9825;-0,0000;28,0075;23,1986;350,000;150,000;87,980;300,000;-0,0000;48,4681;-6,2244;-0,0000;-42,2437;0,0000;-0,0000;30,3935;-62,1080;0,0000;31,7145;0,0000;8;0
2,6975;23,1986;41,1491;20,9644;-0,0000;27,8865;23,1986;350,000;150,000;87,120;300,000;-0,0000;48,5550;-6,4024;-0,0000;-42,1526;0,0000;0,0000;30,2290;-62,1000;-0,0000;31,8709;0,0000;8;0
2,7004;23,1986;41,2884;20,9458;-0,0000;27,7658;23,1986;350,000;150,000;86,260;300,000;-0,0000;48,6414;-6,5804;-0,0000;-42,0610;0,0000;-0,0000;30,0647;-62,0919;-0,0000;32,0272;-0,0000;8;0
2,7033;23,1986;41,4279;20,9267;-0,0000;27,6453;23,1986;350,000;150,000;85,400;300,000;-0,0000;48,7273;-6,7584;-0,0000;-41,9689;0,0000;-0,0000;29,9004;-62,0835;-0,0000;32,1831;0,0000;8;0
2,7061;23,1986;41,5678;20,9071;-0,0000;27,5252;23,1986;350,000;150,000;84,540;300,000;-0,0000;48,8128;-6,9364;-0,0000;-41,8765;0,0000;0,0000;29,7363;-62,0750;-0,0000;32,3387;0,0000;8;0
2,7090;23,1986;41,7078;20,8870;-0,0000;27,4052;23,1986;350,000;150,000;83,680;300,000;0,0000;48,8978;-7,1143;-0,0000;-41,7835;0,0000;-0,0000;29,5722;-62,0663;0,0000;32,4940;-0,0000;8;0
2,7119;23,1986;41,8481;20,8663;-0,0000;27,2856;23,1986;350,000;150,000;82,820;300,000;-0,0000;48,9824;-7,2922;-0,0000;-41,6902;0,0000;-0,0000;29,4083;-62,0574;0,0000;32,6490;-0,0000;8;0
2,7147;23,1986;41,9886;20,8451;-0,0000;27,1662;23,1986;350,000;150,000;81,960;300,000;-0,0000;49,0664;-7,4701;-0,0000;-41,5963;0,0000;0,0000;29,2446;-62,0483;-0,0000;32,8037;0,0000;8;0
2,7176;23,1986;42,1294;20,8235;-0,0000;27,0471;23,1986;350,000;150,000;81,100;300,000;-0,0000;49,1500;-7,6479;-0,0000;-41,5021;0,0000;0,0000;13,0613;-59,4393;-0,0000;46,3779;0,0000;8;0
2,7205;23,1986;42,2704;20,8013;-0,0000;26,9283;23,1986;350,000;150,000;80,240;300,000;-0,0000;49,1413;-7,8109;-0,0000;-41,3304;0,0000;-0,0000;-62,5168;-46,8894;0,0000;109,4062;-0,0000;8;0
2,7233;23,1986;42,4112;20,7787;-0,0000;26,8102;23,1986;350,000;150,000;79,383;298,883;-0,0000;48,7916;-7,9168;-0,0000;-40,8748;0,0000;-0,0000;-168,1477;-28,5624;0,0000;196,7102;-0,0000;8;0
2,7262;23,1986;42,5502;20,7559;-0,0000;26,6939;23,1986;350,000;150,000;78,538;294,750;-0,0000;48,1773;-7,9746;-0,0000;-40,2026;0,0000;-0,0000;-217,3737;-18,4950;0,0000;235,8687;-0,0000;8;0
2,7291;23,1986;42,6874;20,7330;-0,0000;26,5797;23,1986;350,000;150,000;77,706;290,450;-0,0000;47,5453;-8,0228;-0,0000;-39,5225;0,0000;-0,0000;-221,1052;-15,5238;0,0000;236,6290;-0,0000;8;0
2,7319;23,1986;42,8228;20,7099;-0,0000;26,4673;23,1986;350,000;150,000;76,885;286,150;-0,0000;46,9096;-8,0636;-0,0000;-38,8460;0,0000;0,0000;-222,4097;-12,9722;-0,0000;235,3820;0,0000;8;0
2,7348;23,1986;42,9563;20,6867;-0,0000;26,3569;23,1986;350,000;150,000;76,077;281,850;0,0000;46,2702;-8,0972;-0,0000;-38,1730;0,0000;0,0000;-223,6841;-10,4596;-0,0000;234,1437;0,0000;8;0
2,7377;23,1986;43,0880;20,6635;-0,0000;26,2485;23,1986;350,000;150,000;75,282;277,550;0,0000;45,6271;-8,1236;-0,0000;-37,5035;0,0000;-0,0000;-224,9288;-7,9859;0,0000;232,9147;-0,0000;8;0
2,7405;23,1986;43,2179;20,6402;-0,0000;26,1419;23,1986;350,000;150,000;74,498;273,250;-0,0000;44,9806;-8,1430;-0,0000;-36,8376;0,0000;-0,0000;-226,1443;-5,5510;0,0000;231,6953;-0,0000;8;0
2,7434;23,1986;43,3459;20,6168;-0,0000;26,0373;23,1986;350,000;150,000;73,727;268,950;-0,0000;44,3306;-8,1554;-0,0000;-36,1752;0,0000;-0,0000;-227,3311;-3,1549;0,0000;230,4860;-0,0000;8;0
2,7463;23,1986;43,4721;20,5934;-0,0000;25,9345;23,1986;350,000;150,000;72,969;264,650;-0,0000;43,6772;-8,1611;-0,0000;-35,5162;0,0000;0,0000;-228,4897;-0,7976;0,0000;229,2873;-0,0000;8;0
2,7491;23,1986;43,5963;20,5700;-0,0000;25,8336;23,1986;350,000;150,000;72,222;260,350;-0,0000;43,0206;-8,1600;-0,0000;-34,8606;0,0000;0,0000;-229,6206;1,5208;-0,0000;228,0997;0,0000;8;0
2,7520;23,1986;43,7187;20,5466;-0,0000;25,7346;23,1986;350,000;150,000;71,488;256,050;-0,0000;42,3607;-8,1523;-0,0000;-34,2084;0,0000;0,0000;-230,7241;3,8005;0,0000;226,9236;0,0000;8;0
2,7549;23,1986;43,8392;20,5233;-0,0000;25,6375;23,1986;350,000;150,000;70,767;251,750;-0,0000;41,6978;-8,1382;-0,0000;-33,5595;0,0000;-0,0000;-231,8007;6,0414;0,0000;225,7594;-0,0000;8;0
2,7577;23,1986;43,9578;20,5000;-0,0000;25,5422;23,1986;350,000;150,000;70,057;247,450;-0,0000;41,0317;-8,1177;-0,0000;-32,9140;0,0000;0,0000;-232,8509;8,2435;0,0000;224,6074;-0,0000;8;0
2,7606;23,1986;44,0745;20,4767;-0,0000;25,4488;23,1986;350,000;150,000;69,360;243,150;-0,0000;40,3627;-8,0909;-0,0000;-32,2718;0,0000;0,0000;-233,8752;10,4069;0,0000;223,4683;-0,0000;8;0
2,7635;23,1986;44,1892;20,4536;-0,0000;25,3572;23,1986;350,000;150,000;68,676;238,850;-0,0000;39,6909;-8,0580;-0,0000;-31,6328;0,0000;0,0000;-234,8738;12,5316;-0,0000;222,3422;-0,0000;8;0
2,7663;23,1986;44,3020;20,4305;-0,0000;25,2674;23,1986;350,000;150,000;68,003;234,550;-0,0000;39,0161;-8,0191;-0,0000;-30,9970;0,0000;0,0000;-235,8472;14,6175;0,0000;221,2297;-0,0000;8;0
2,7692;23,1986;44,4129;20,4076;-0,0000;25,1795;23,1986;350,000;150,000;67,343;230,250;-0,0000;38,3387;-7,9742;-0,0000;-30,3644;0,0000;-0,0000;-236,7959;16,6647;0,0000;220,1312;-0,0000;8;0
2,7721;23,1986;44,5218;20,3848;-0,0000;25,0934;23,1986;350,000;150,000;66,695;225,950;-0,0000;37,6585;-7,9236;-0,0000;-29,7350;0,0000;-0,0000;-237,7202;18,6733;0,0000;219,0469;-0,0000;8;0
2,7749;23,1986;44,6288;20,3622;-0,0000;25,0090;23,1986;350,000;150,000;66,060;221,650;-0,0000;36,9757;-7,8672;-0,0000;-29,1086;0,0000;0,0000;-238,6205;20,6433;0,0000;217,9772;-0,0000;8;0
2,7778;23,1986;44,7338;20,3397;-0,0000;24,9265;23,1986;350,000;150,000;65,437;217,350;-0,0000;36,2904;-7,8052;-0,0000;-28,4852;0,0000;0,0000;-239,4972;22,5745;-0,0000;216,9226;-0,0000;8;0
2,7807;23,1986;44,8369;20,3174;-0,0000;24,8457;23,1986;350,000;150,000;64,826;213,050;-0,0000;35,6026;-7,7377;-0,0000;-27,8649;0,0000;0,0000;-240,3507;24,4672;0,0000;215,8835;-0,0000;8;0
2,7835;23,1986;44,9379;20,2953;-0,0000;24,7667;23,1986;350,000;150,000;64,228;208,750;-0,0000;34,9124;-7,6649;-0,0000;-27,2475;0,0000;-0,0000;-241,1813;26,3213;0,0000;214,8600;-0,0000;8;0
2,7864;23,1986;45,0370;20,2735;-0,0000;24,6895;23,1986;350,000;150,000;63,642;204,450;-0,0000;34,2198;-7,5868;-0,0000;-26,6330;0,0000;-0,0000;-241,9894;28,1368;0,0000;213,8525;-0,0000;8;0
2,7893;23,1986;45,1341;20,2518;-0,0000;24,6140;23,1986;350,000;150,000;63,068;200,150;-0,0000;33,5250;-7,5036;-0,0000;-26,0214;0,0000;0,0000;-242,7753;29,9138;0,0000;212,8615;-0,0000;8;0
2,7921;23,1986;45,2293;20,2305;-0,0000;24,5403;23,1986;350,000;150,000;62,507;195,850;-0,0000;32,8279;-7,4153;-0,0000;-25,4126;0,0000;-0,0000;-243,5394;31,6522;0,0000;211,8872;-0,0000;8;0
2,7950;23,1986;45,3224;20,2093;-0,0000;24,4683;23,1986;350,000;150,000;61,957;191,550;-0,0000;32,1287;-7,3221;-0,0000;-24,8066;0,0000;-0,0000;-244,2820;33,3521;0,0000;210,9298;-0,0000;8;0
2,7979;23,1986;45,4135;20,1885;-0,0000;24,3981;23,1986;350,000;150,000;61,421;187,250;-0,0000;31,4274;-7,2241;-0,0000;-24,2033;0,0000;-0,0000;-245,0034;35,0135;0,0000;209,9899;-0,0000;8;0
2,8007;23,1986;45,5025;20,1679;-0,0000;24,3296;23,1986;350,000;150,000;60,896;182,950;-0,0000;30,7240;-7,1214;-0,0000;-23,6026;0,0000;0,0000;-245,7040;36,6365;0,0000;209,0675;-0,0000;8;0
2,8036;23,1986;45,5896;20,1476;-0,0000;24,2627;23,1986;350,000;150,000;60,384;178,650;0,0000;30,0187;-7,0141;-0,0000;-23,0046;0,0000;0,0000;-246,3840;38,2210;-0,0000;208,1630;0,0000;8;0
2,8065;23,1986;45,6746;20,1277;-0,0000;24,1977;23,1986;350,000;150,000;59,884;174,350;-0,0000;29,3114;-6,9023;-0,0000;-22,4092;0,0000;-0,0000;-247,0438;39,7671;0,0000;207,2767;-0,0000;8;0
2,8093;23,1986;45,7577;20,1081;-0,0000;24,1343;23,1986;350,000;150,000;59,397;170,050;-0,0000;28,6023;-6,7861;-0,0000;-21,8162;0,0000;-0,0000;-247,6836;41,2747;0,0000;206,4089;-0,0000;8;0
2,8122;23,1986;45,8386;20,0888;-0,0000;24,0726;23,1986;350,000;150,000;58,922;165,750;-0,0000;27,8914;-6,6656;-0,0000;-21,2258;0,0000;0,0000;-248,3038;42,7440;0,0000;205,5597;-0,0000;8;0
2,8151;23,1986;45,9176;20,0699;-0,0000;24,0126;23,1986;350,000;150,000;58,459;161,450;-0,0000;27,1787;-6,5410;-0,0000;-20,6377;0,0000;-0,0000;-248,9045;44,1749;0,0000;204,7296;-0,0000;8;0
2,8179;23,1986;45,9945;20,0513;-0,0000;23,9543;23,1986;350,000;150,000;58,008;157,150;-0,0000;26,4643;-6,4123;-0,0000;-20,0520;0,0000;-0,0000;-249,4861;45,5674;0,0000;203,9187;-0,0000;8;0
2,8208;23,1986;46,0693;20,0331;-0,0000;23,8976;23,1986;350,000;150,000;57,570;152,850;-0,0000;25,7483;-6,2797;-0,0000;-19,4686;0,0000;0,0000;-250,0489;46,9216;0,0000;203,1272;-0,0000;8;0
2,8237;23,1986;46,1421;20,0153;-0,0000;23,8426;23,1986;350,000;150,000;57,144;148,550;-0,0000;25,0307;-6,1433;-0,0000;-18,8874;0,0000;0,0000;-250,5930;48,2375;0,0000;202,3555;-0,0000;8;0
2,8265;23,1986;46,2128;19,9979;-0,0000;23,7893;23,1986;350,000;150,000;56,731;144,250;-0,0000;24,3116;-6,0032;-0,0000;-18,3084;0,0000;0,0000;-251,1187;49,5151;0,0000;201,6036;-0,0000;8;0
2,8294;23,1986;46,2815;19,9809;-0,0000;23,7377;23,1986;350,000;150,000;56,330;139,950;-0,0000;23,5910;-5,8594;-0,0000;-17,7315;0,0000;-0,0000;-251,6263;50,7545;0,0000;200,8719;-0,0000;8;0
2,8323;23,1986;46,3481;19,9643;-0,0000;23,6877;23,1986;350,000;150,000;55,941;135,650;-0,0000;22,8689;-5,7122;-0,0000;-17,1567;0,0000;-0,0000;-252,1160;51,9555;0,0000;200,1605;-0,0000;8;0
2,8351;23,1986;46,4126;19,9481;-0,0000;23,6393;23,1986;350,000;150,000;55,564;131,350;-0,0000;22,1455;-5,5616;-0,0000;-16,5839;0,0000;0,0000;-252,5880;53,1183;0,0000;199,4697;-0,0000;8;0
2,8380;23,1986;46,4750;19,9324;-0,0000;23,5926;23,1986;350,000;150,000;55,200;127,050;-0,0000;21,4207;-5,4076;-0,0000;-16,0131;0,0000;0,0000;-253,0426;54,2429;0,0000;198,7997;-0,0000;8;0
2,8409;23,1986;46,5354;19,9171;-0,0000;23,5475;23,1986;350,000;150,000;54,848;122,750;-0,0000;20,6947;-5,2506;-0,0000;-15,4441;0,0000;-0,0000;-253,4798;55,3293;0,0000;198,1506;-0,0000;8;0
2,8437;23,1986;46,5937;19,9023;-0,0000;23,5040;23,1986;350,000;150,000;54,509;118,450;-0,0000;19,9675;-5,0904;-0,0000;-14,8770;0,0000;0,0000;-253,9000;56,3774;0,0000;197,5226;-0,0000;8;0
2,8466;23,1986;46,6499;19,8879;-0,0000;23,4622;23,1986;350,000;150,000;54,181;114,150;-0,0000;19,2390;-4,9273;-0,0000;-14,3117;0,0000;0,0000;-254,3033;57,3874;0,0000;196,9159;-0,0000;8;0
2,8495;23,1986;46,7040;19,8740;-0,0000;23,4220;23,1986;350,000;150,000;53,866;109,850;-0,0000;18,5095;-4,7614;-0,0000;-13,7480;0,0000;-0,0000;-254,6899;58,3592;0,0000;196,3307;-0,0000;8;0
2,8523;23,1986;46,7560;19,8606;-0,0000;23,3834;23,1986;350,000;150,000;53,564;105,550;-0,0000;17,7788;-4,5927;-0,0000;-13,1861;0,0000;-0,0000;-255,0600;59,2929;0,0000;195,7671;-0,0000;8;0
2,8552;23,1986;46,8059;19,8477;-0,0000;23,3464;23,1986;350,000;150,000;53,274;101,250;-0,0000;17,0471;-4,4215;-0,0000;-12,6256;0,0000;0,0000;-255,6978;60,9225;0,0000;194,7753;-0,0000;8;0
2,8581;23,1986;46,8537;19,8353;-0,0000;23,3110;23,1986;350,000;150,000;52,996;96,950;-0,0000;16,3128;-4,2435;-0,0000;-12,0693;0,0000;0,0000;-256,0087;61,7131;0,0000;194,2956;-0,0000;8;0
2,8609;23,1986;46,8994;19,8234;-0,0000;23,2772;23,1986;350,000;150,000;52,730;92,655;0,0000;15,5793;-4,0676;-0,0000;-11,5117;0,0000;0,0000;-255,7370;61,0007;0,0000;194,7363;-0,0000;8;0
2,8638;23,1986;46,9431;19,8120;-0,0000;23,2450;23,1986;350,000;150,000;52,477;88,350;0,0000;14,8466;-3,8937;-0,0000;-10,9529;0,0000;-0,0000;-256,0723;61,8551;0,0000;194,2172;-0,0000;8;0
2,8667;23,1986;46,9846;19,8011;-0,0000;23,2144;23,1986;350,000;150,000;52,236;84,050;-0,0000;14,1112;-3,7130;-0,0000;-10,3982;0,0000;0,0000;-256,6738;63,4021;0,0000;193,2717;-0,0000;8;0
2,8695;23,1986;47,0240;19,7907;-0,0000;23,1854;23,1986;350,000;150,000;52,007;79,750;0,0000;13,3750;-3,5302;-0,0000;-9,8448;0,0000;0,0000;-256,9476;64,1070;-0,0000;192,8406;-0,0000;8;0
2,8724;23,1986;47,0612;19,7808;-0,0000;23,1579;23,1986;350,000;150,000;51,791;75,450;-0,0000;12,6380;-3,3455;-0,0000;-9,2926;0,0000;-0,0000;-257,2062;64,7739;0,0000;192,4324;-0,0000;8;0
2,8753;23,1986;47,0964;19,7715;-0,0000;23,1321;23,1986;350,000;150,000;51,587;71,150;0,0000;11,9003;-3,1588;-0,0000;-8,7415;0,0000;-0,0000;-257,4495;65,4027;0,0000;192,0468;-0,0000;8;0
2,8781;23,1986;47,1295;19,7627;-0,0000;23,1078;23,1986;350,000;150,000;51,395;66,850;-0,0000;11,1620;-2,9705;-0,0000;-8,1915;0,0000;-0,0000;-257,6776;65,9935;0,0000;191,6840;-0,0000;8;0
2,8810;23,1986;47,1604;19,7545;-0,0000;23,0851;23,1986;350,000;150,000;51,216;62,550;-0,0000;10,4230;-2,7805;-0,0000;-7,6425;0,0000;0,0000;-257,8905;66,5463;0,0000;191,3441;-0,0000;8;0
2,8839;23,1986;47,1892;19,7468;-0,0000;23,0640;23,1986;350,000;150,000;51,049;58,250;-0,0000;9,6834;-2,5889;-0,0000;-7,0944;0,0000;0,0000;-258,0883;67,0610;0,0000;191,0272;-0,0000;8;0
2,8867;23,1986;47,2159;19,7396;-0,0000;23,0445;23,1986;350,000;150,000;50,894;53,950;0,0000;8,9433;-2,3960;-0,0000;-6,5473;0,0000;0,0000;-258,2711;67,5377;0,0000;190,7334;-0,0000;8;0
2,8896;23,1986;47,2405;19,7330;-0,0000;23,0265;23,1986;350,000;150,000;50,752;49,650;0,0000;8,2026;-2,2017;-0,0000;-6,0009;0,0000;-0,0000;-258,4391;67,9764;0,0000;190,4627;-0,0000;8;0
2,8925;23,1986;47,2630;19,7270;-0,0000;23,0101;23,1986;350,000;150,000;50,622;45,350;-0,0000;7,4616;-2,0063;-0,0000;-5,4553;0,0000;-0,0000;-258,5923;68,3771;0,0000;190,2152;-0,0000;8;0
2,8953;23,1986;47,2833;19,7215;-0,0000;22,9952;23,1986;350,000;150,000;50,504;41,050;-0,0000;6,7200;-1,8097;-0,0000;-4,9103;0,0000;0,0000;-258,7307;68,7397;0,0000;189,9910;-0,0000;8;0
2,8982;23,1986;47,3015;19,7166;-0,0000;22,9819;23,1986;350,000;150,000;50,399;36,750;0,0000;5,9782;-1,6122;-0,0000;-4,3660;0,0000;0,0000;-258,8545;69,0644;0,0000;189,7901;-0,0000;8;0
2,9011;23,1986;47,3176;19,7123;-0,0000;22,9702;23,1986;350,000;150,000;50,306;32,450;0,0000;5,2359;-1,4137;-0,0000;-3,8222;0,0000;-0,0000;-258,9636;69,3510;0,0000;189,6126;-0,0000;8;0
2,9039;23,1986;47,3315;19,7085;-0,0000;22,9600;23,1986;350,000;150,000;50,225;28,150;-0,0000;4,4934;-1,2145;-0,0000;-3,2789;0,0000;-0,0000;-259,0582;69,5997;0,0000;189,4585;-0,0000;8;0
2,9068;23,1986;47,3433;19,7053;-0,0000;22,9514;23,1986;350,000;150,000;50,157;23,850;-0,0000;3,7507;-1,0147;-0,0000;-2,7360;0,0000;0,0000;-259,1382;69,8104;0,0000;189,3279;-0,0000;8;0
2,9097;23,1986;47,3530;19,7027;-0,0000;22,9443;23,1986;350,000;150,000;50,101;19,550;-0,0000;3,0077;-0,8143;-0,0000;-2,1934;0,0000;0,0000;-259,2038;69,9830;0,0000;189,2208;-0,0000;8;0
2,9125;23,1986;47,3606;19,7006;-0,0000;22,9388;23,1986;350,000;150,000;50,057;15,250;-0,0000;2,2646;-0,6135;-0,0000;-1,6511;0,0000;0,0000;-259,2549;70,1178;0,0000;189,1372;-0,0000;8;0
2,9154;23,1986;47,3660;19,6992;-0,0000;22,9348;23,1986;350,000;150,000;50,026;10,950;0,0000;1,5213;-0,4123;-0,0000;-1,1090;0,0000;0,0000;-259,2916;70,2145;0,0000;189,0771;-0,0000;8;0
2,9183;23,1986;47,3693;19,6983;-0,0000;22,9324;23,1986;350,000;150,000;50,007;6,650;0,0000;0,7780;-0,2109;-0,0000;-0,5671;0,0000;-0,0000;-229,9142;62,3042;0,0000;167,6099;-0,0000;8;0
2,9211;23,1986;47,3705;19,6980;-0,0000;22,9316;23,1986;350,000;150,000;50,000;2,350;0,0000;0,2031;-0,0551;-0,0000;-0,1481;0,0000;-0,0003;-135,6224;36,7651;0,0020;98,8571;-0,0027;8;0
2,9240;23,1986;47,3705;19,6980;-0,0000;22,9316;23,1986;350,000;150,000;50,000;0,000;-0,0000;0,0004;-0,0001;0,0000;-0,0003;-0,0000;-0,0003;-35,3614;9,5876;0,0020;25,7737;-0,0027;8;0
2,9269;23,1986;47,3705;19,6980;0,0000;22,9316;23,1986;350,000;150,000;50,000;0,005;-0,0000;0,0004;-0,0001;0,0000;-0,0003;-0,0000;0,0003;-0,0702;0,0194;-0,0020;0,0510;0,0027;9;0
2,9297;23,1986;47,3705;19,6980;0,0000;22,9316;23,1986;350,000;150,000;50,000;0,000;0,0000;0,0000;0,0000;0,0000;0,0000;0,0000;0,0003;-0,0702;0,0194;-0,0020;0,0510;0,0027;9;0
2,9326;23,1986;47,3705;19,6980;0,0000;22,9316;23,1986;350,000;150,000;50,000;0,000;0,0000;0,0000;0,0000;0,0000;0,0000;0,0000;0,0000;0,0000;0,0000;0,0000;0,0000;0,0000;9;0
2,9355;23,1986;47,3705;19,6980;0,0000;22,9316;23,1986;350,000;150,000;50,000;0,000;0,0000;0,0000;0,0000;0,0000;0,0000;0,0000;0,0000;0,0000;0,0000;0,0000;0,0000;0,0000;9;0
2,9383;23,1986;47,3705;19,6980;0,0000;22,9316;23,1986;350,000;150,000;50,000;0,000;0,0000;0,0000;0,0000;0,0000;0,0000;0,0000;0,0000;0,0000;0,0000;0,0000;0,0000;0,0000;9;0
2,9412;23,1986;47,3705;19,6980;0,0000;22,9316;23,1986;350,000;150,000;50,000;0,000;0,0000;0,0000;0,0000;0,0000;0,0000;0,0000;0,0000;0,0000;0,0000;0,0000;0,0000;0,0000;9;0
2,9441;23,1986;47,3705;19,6980;0,0000;22,9316;23,1986;350,000;150,000;50,000;0,000;0,0000;0,0000;0,0000;0,0000;0,0000;0,0000;0,0000;0,0000;0,0000;0,0000;0,0000;0,0000;9;0
2,9469;23,1986;47,3705;19,6980;0,0000;22,9316;23,1986;350,000;150,000;50,000;0,000;0,0000;0,0000;0,0000;0,0000;0,0000;0,0000;0,0000;0,0000;0,0000;0,0000;0,0000;0,0000;9;0
2,9498;23,1986;47,3705;19,6980;0,0000;22,9316;23,1986;350,000;150,000;50,000;0,000;0,0000;0,0000;0,0000;0,0000;0,0000;0,0000;0,0000;0,0000;0,0000;0,0000;0,0000;0,0000;9;0
2,9527;23,1986;47,3705;19,6980;0,0000;22,9316;23,1986;350,000;150,000;50,000;0,000;0,0000;0,0000;0,0000;0,0000;0,0000;0,0000;0,0000;0,0000;0,0000;0,0000;0,0000;0,0000;9;0
2,9555;23,1986;47,3705;19,6980;0,0000;22,9316;23,1986;350,000;150,000;50,000;0,000;0,0000;0,0000;0,0000;0,0000;0,0000;0,0000;0,0000;0,0000;0,0000;0,0000;0,0000;0,0000;9;0
2,9584;23,1986;47,3705;19,6980;0,0000;22,9316;23,1986;350,000;150,000;50,000;0,000;0,0000;0,0000;0,0000;0,0000;0,0000;0,0000;0,0000;0,0000;0,0000;0,0000;0,0000;0,0000;9;0
2,9613;23,1986;47,3705;19,6980;0,0000;22,9316;23,1986;350,000;150,000;50,000;0,000;0,0000;0,0000;0,0000;0,0000;0,0000;0,0000;0,0000;0,0000;0,0000;0,0000;0,0000;0,0000;9;0
2,9641;23,1986;47,3705;19,6980;0,0000;22,9316;23,1986;350,000;150,000;50,000;0,000;0,0000;0,0000;0,0000;0,0000;0,0000;0,0000;0,0000;0,0000;0,0000;0,0000;0,0000;0,0000;9;0
2,9670;23,1986;47,3705;19,6980;0,0000;22,9316;23,1986;350,000;150,000;50,000;0,000;0,0000;0,0000;0,0000;0,0000;0,0000;0,0000;0,0000;0,0000;0,0000;0,0000;0,0000;0,0000;9;0
2,9699;23,1986;47,3705;19,6980;0,0000;22,9316;23,1986;350,000;150,000;50,000;0,000;0,0000;0,0000;0,0000;0,0000;0,0000;0,0000;0,0000;0,0000;0,0000;0,0000;0,0000;0,0000;9;0
2,9727;23,1986;47,3705;19,6980;0,0000;22,9316;23,1986;350,000;150,000;50,000;0,000;0,0000;0,0000;0,0000;0,0000;0,0000;0,0000;0,0000;0,0000;0,0000;0,0000;0,0000;0,0000;9;0
2,9756;23,1986;47,3705;19,6980;0,0000;22,9316;23,1986;350,000;150,000;50,000;0,000;0,0000;0,0000;0,0000;0,0000;0,0000;0,0000;0,0000;0,0000;0,0000;0,0000;0,0000;0,0000;9;0
2,9785;23,1986;47,3705;19,6980;0,0000;22,9316;23,1986;350,000;150,000;50,000;0,000;0,0000;0,0000;0,0000;0,0000;0,0000;0,0000;0,0000;0,0000;0,0000;0,0000;0,0000;0,0000;9;0
2,9813;23,1986;47,3705;19,6980;0,0000;22,9316;23,1986;350,000;150,000;50,000;0,000;0,0000;0,0000;0,0000;0,0000;0,0000;0,0000;0,0000;0,0000;0,0000;0,0000;0,0000;0,0000;9;0
2,9842;23,1986;47,3705;19,6980;0,0000;22,9316;23,1986;350,000;150,000;50,000;0,000;0,0000;0,0000;0,0000;0,0000;0,0000;0,0000;0,0000;0,0000;0,0000;0,0000;0,0000;0,0000;9;0
2,9871;23,1986;47,3705;19,6980;0,0000;22,9316;23,1986;350,000;150,000;50,000;0,000;0,0000;0,0000;0,0000;0,0000;0,0000;0,0000;0,0000;0,0000;0,0000;0,0000;0,0000;0,0000;9;0
2,9899;23,1986;47,3705;19,6980;0,0000;22,9316;23,1986;350,000;150,000;50,000;0,000;0,0000;0,0000;0,0000;0,0000;0,0000;0,0000;0,0000;0,0000;0,0000;0,0000;0,0000;0,0000;9;0
2,9928;23,1986;47,3705;19,6980;0,0000;22,9316;23,1986;350,000;150,000;50,000;0,000;0,0000;0,0000;0,0000;0,0000;0,0000;0,0000;0,0000;0,0000;0,0000;0,0000;0,0000;0,0000;9;0
2,9957;23,1986;47,3705;19,6980;0,0000;22,9316;23,1986;350,000;150,000;50,000;0,000;0,0000;0,0000;0,0000;0,0000;0,0000;0,0000;0,0000;0,0000;0,0000;0,0000;0,0000;0,0000;9;0
2,9985;23,1986;47,3705;19,6980;0,0000;22,9316;23,1986;350,000;150,000;50,000;0,000;0,0000;0,0000;0,0000;0,0000;0,0000;0,0000;0,0000;0,0000;0,0000;0,0000;0,0000;0,0000;9;0
3,0014;23,1986;47,3705;19,6980;0,0000;22,9316;23,1986;350,000;150,000;50,000;0,000;0,0000;0,0000;0,0000;0,0000;0,0000;0,0000;0,0000;0,0000;0,0000;0,0000;0,0000;0,0000;9;0
3,0043;23,1986;47,3705;19,6980;0,0000;22,9316;23,1986;350,000;150,000;50,000;0,000;0,0000;0,0000;0,0000;0,0000;0,0000;0,0000;0,0000;0,0000;0,0000;0,0000;0,0000;0,0000;9;0
3,0071;23,1986;47,3705;19,6980;0,0000;22,9316;23,1986;350,000;150,000;50,000;0,000;0,0000;0,0000;0,0000;0,0000;0,0000;0,0000;0,0000;0,0000;0,0000;0,0000;0,0000;0,0000;9;0
3,0100;23,1986;47,3705;19,6980;0,0000;22,9316;23,1986;350,000;150,000;50,000;0,000;0,0000;0,0000;0,0000;0,0000;0,0000;0,0000;0,0000;0,0000;0,0000;0,0000;0,0000;0,0000;9;0
3,0129;23,1986;47,3705;19,6980;0,0000;22,9316;23,1986;350,000;150,000;50,000;0,000;0,0000;0,0000;0,0000;0,0000;0,0000;0,0000;0,0000;0,0000;0,0000;0,0000;0,0000;0,0000;9;0
3,0157;23,1986;47,3705;19,6980;0,0000;22,9316;23,1986;350,000;150,000;50,000;0,000;0,0000;0,0000;0,0000;0,0000;0,0000;0,0000;0,0000;0,0000;0,0000;0,0000;0,0000;0,0000;9;0
3,0186;23,1986;47,3705;19,6980;0,0000;22,9316;23,1986;350,000;150,000;50,000;0,000;0,0000;0,0000;0,0000;0,0000;0,0000;0,0000;0,0000;0,0000;0,0000;0,0000;0,0000;0,0000;9;0
3,0215;23,1986;47,3705;19,6980;0,0000;22,9316;23,1986;350,000;150,000;50,000;0,000;0,0000;0,0000;0,0000;0,0000;0,0000;0,0000;0,0000;0,0000;0,0000;0,0000;0,0000;0,0000;9;0
3,0243;23,1986;47,3705;19,6980;0,0000;22,9316;23,1986;350,000;150,000;50,000;0,000;0,0000;0,0000;0,0000;0,0000;0,0000;0,0000;0,0000;0,0000;0,0000;0,0000;0,0000;0,0000;9;0
3,0272;23,1986;47,3705;19,6980;0,0000;22,9316;23,1986;350,000;150,000;50,000;0,000;0,0000;0,0000;0,0000;0,0000;0,0000;0,0000;0,0000;0,0000;0,0000;0,0000;0,0000;0,0000;9;0
3,0301;23,1986;47,3705;19,6980;0,0000;22,9316;23,1986;350,000;150,000;50,000;0,000;0,0000;0,0000;0,0000;0,0000;0,0000;0,0000;0,0000;0,0000;0,0000;0,0000;0,0000;0,0000;9;0
3,0329;23,1986;47,3705;19,6980;0,0000;22,9316;23,1986;350,000;150,000;50,000;0,000;0,0000;0,0000;0,0000;0,0000;0,0000;0,0000;0,0000;0,0000;0,0000;0,0000;0,0000;0,0000;9;0
3,0358;23,1986;47,3705;19,6980;0,0000;22,9316;23,1986;350,000;150,000;50,000;0,000;0,0000;0,0000;0,0000;0,0000;0,0000;0,0000;0,0000;0,0000;0,0000;0,0000;0,0000;0,0000;9;0
3,0387;23,1986;47,3705;19,6980;0,0000;22,9316;23,1986;350,000;150,000;50,000;0,000;0,0000;0,0000;0,0000;0,0000;0,0000;0,0000;0,0000;0,0000;0,0000;0,0000;0,0000;0,0000;9;0
3,0415;23,1986;47,3705;19,6980;0,0000;22,9316;23,1986;350,000;150,000;50,000;0,000;0,0000;0,0000;0,0000;0,0000;0,0000;0,0000;0,0000;0,0000;0,0000;0,0000;0,0000;0,0000;9;0
3,0444;23,1986;47,3705;19,6980;0,0000;22,9316;23,1986;350,000;150,000;50,000;0,000;0,0000;0,0000;0,0000;0,0000;0,0000;0,0000;0,0000;0,0000;0,0000;0,0000;0,0000;0,0000;9;0
3,0473;23,1986;47,3705;19,6980;0,0000;22,9316;23,1986;350,000;150,000;50,000;0,000;0,0000;0,0000;0,0000;0,0000;0,0000;0,0000;0,0000;0,0000;0,0000;0,0000;0,0000;0,0000;9;0
3,0501;23,1986;47,3705;19,6980;0,0000;22,9316;23,1986;350,000;150,000;50,000;0,000;0,0000;0,0000;0,0000;0,0000;0,0000;0,0000;0,0000;0,0000;0,0000;0,0000;0,0000;0,0000;9;0
3,0530;23,1986;47,3705;19,6980;0,0000;22,9316;23,1986;350,000;150,000;50,000;0,000;0,0000;0,0000;0,0000;0,0000;0,0000;0,0000;0,0000;0,0000;0,0000;0,0000;0,0000;0,0000;9;0
3,0559;23,1986;47,3705;19,6980;0,0000;22,9316;23,1986;350,000;150,000;50,000;0,000;0,0000;0,0000;0,0000;0,0000;0,0000;0,0000;0,0000;0,0000;0,0000;0,0000;0,0000;0,0000;9;0
3,0587;23,1986;47,3705;19,6980;0,0000;22,9316;23,1986;350,000;150,000;50,000;0,000;0,0000;0,0000;0,0000;0,0000;0,0000;0,0000;0,0000;0,0000;0,0000;0,0000;0,0000;0,0000;9;0
3,0616;23,1986;47,3705;19,6980;0,0000;22,9316;23,1986;350,000;150,000;50,000;0,000;0,0000;0,0000;0,0000;0,0000;0,0000;0,0000;0,0000;0,0000;0,0000;0,0000;0,0000;0,0000;9;0
3,0645;23,1986;47,3705;19,6980;0,0000;22,9316;23,1986;350,000;150,000;50,000;0,000;0,0000;0,0000;0,0000;0,0000;0,0000;0,0000;0,0000;0,0000;0,0000;0,0000;0,0000;0,0000;9;0
3,0673;23,1986;47,3705;19,6980;0,0000;22,9316;23,1986;350,000;150,000;50,000;0,000;0,0000;0,0000;0,0000;0,0000;0,0000;0,0000;0,0000;0,0000;0,0000;0,0000;0,0000;0,0000;9;0
3,0702;23,1986;47,3705;19,6980;0,0000;22,9316;23,1986;350,000;150,000;50,000;0,000;0,0000;0,0000;0,0000;0,0000;0,0000;0,0000;0,0000;0,0000;0,0000;0,0000;0,0000;0,0000;9;0
3,0731;23,1986;47,3705;19,6980;0,0000;22,9316;23,1986;350,000;150,000;50,000;0,000;0,0000;0,0000;0,0000;0,0000;0,0000;0,0000;0,0000;0,0000;0,0000;0,0000;0,0000;0,0000;9;0
3,0759;23,1986;47,3705;19,6980;0,0000;22,9316;23,1986;350,000;150,000;50,000;0,000;0,0000;0,0000;0,0000;0,0000;0,0000;0,0000;0,0000;0,0000;0,0000;0,0000;0,0000;0,0000;9;0
3,0788;23,1986;47,3705;19,6980;0,0000;22,9316;23,1986;350,000;150,000;50,000;0,000;0,0000;0,0000;0,0000;0,0000;0,0000;0,0000;0,0000;0,0000;0,0000;0,0000;0,0000;0,0000;9;0
3,0817;23,1986;47,3705;19,6980;0,0000;22,9316;23,1986;350,000;150,000;50,000;0,000;0,0000;0,0000;0,0000;0,0000;0,0000;0,0000;0,0000;0,0000;0,0000;0,0000;0,0000;0,0000;9;0
3,0845;23,1986;47,3705;19,6980;0,0000;22,9316;23,1986;350,000;150,000;50,000;0,000;0,0000;0,0000;0,0000;0,0000;0,0000;0,0000;0,0000;0,0000;0,0000;0,0000;0,0000;0,0000;9;0
3,0874;23,1986;47,3705;19,6980;0,0000;22,9316;23,1986;350,000;150,000;50,000;0,000;0,0000;0,0000;0,0000;0,0000;0,0000;0,0000;0,0000;0,0000;0,0000;0,0000;0,0000;0,0000;9;0
3,0903;23,1986;47,3705;19,6980;0,0000;22,9316;23,1986;350,000;150,000;50,000;0,000;0,0000;0,0000;0,0000;0,0000;0,0000;0,0000;0,0000;0,0000;0,0000;0,0000;0,0000;0,0000;9;0
3,0931;23,1986;47,3705;19,6980;0,0000;22,9316;23,1986;350,000;150,000;50,000;0,000;0,0000;0,0000;0,0000;0,0000;0,0000;0,0000;0,0000;0,0000;0,0000;0,0000;0,0000;0,0000;9;0
3,0960;23,1986;47,3705;19,6980;0,0000;22,9316;23,1986;350,000;150,000;50,000;0,000;0,0000;0,0000;0,0000;0,0000;0,0000;0,0000;0,0000;0,0000;0,0000;0,0000;0,0000;0,0000;9;0
3,0989;23,1986;47,3705;19,6980;0,0000;22,9316;23,1986;350,000;150,000;50,000;0,000;0,0000;0,0000;0,0000;0,0000;0,0000;0,0000;0,0000;0,0000;0,0000;0,0000;0,0000;0,0000;9;0
3,1017;23,1986;47,3705;19,6980;0,0000;22,9316;23,1986;350,000;150,000;50,000;0,000;0,0000;0,0000;0,0000;0,0000;0,0000;0,0000;0,0000;0,0000;0,0000;0,0000;0,0000;0,0000;9;0
3,1046;23,1986;47,3705;19,6980;0,0000;22,9316;23,1986;350,000;150,000;50,000;0,000;0,0000;0,0000;0,0000;0,0000;0,0000;0,0000;0,0000;0,0000;0,0000;0,0000;0,0000;0,0000;9;0
3,1075;23,1986;47,3705;19,6980;0,0000;22,9316;23,1986;350,000;150,000;50,000;0,000;0,0000;0,0000;0,0000;0,0000;0,0000;0,0000;0,0000;0,0000;0,0000;0,0000;0,0000;0,0000;9;0
3,1103;23,1986;47,3705;19,6980;0,0000;22,9316;23,1986;350,000;150,000;50,000;0,000;0,0000;0,0000;0,0000;0,0000;0,0000;0,0000;0,0000;0,0000;0,0000;0,0000;0,0000;0,0000;9;0
3,1132;23,1986;47,3705;19,6980;0,0000;22,9316;23,1986;350,000;150,000;50,000;0,000;0,0000;0,0000;0,0000;0,0000;0,0000;0,0000;0,0000;0,0000;0,0000;0,0000;0,0000;0,0000;9;0
3,1161;23,1986;47,3705;19,6980;0,0000;22,9316;23,1986;350,000;150,000;50,000;0,000;0,0000;0,0000;0,0000;0,0000;0,0000;0,0000;0,0000;0,0000;0,0000;0,0000;0,0000;0,0000;9;0
3,1189;23,1986;47,3705;19,6980;0,0000;22,9316;23,1986;350,000;150,000;50,000;0,000;0,0000;0,0000;0,0000;0,0000;0,0000;0,0000;0,0000;0,0000;0,0000;0,0000;0,0000;0,0000;9;0
3,1218;23,1986;47,3705;19,6980;0,0000;22,9316;23,1986;350,000;150,000;50,000;0,000;0,0000;0,0000;0,0000;0,0000;0,0000;0,0000;0,0000;0,0000;0,0000;0,0000;0,0000;0,0000;9;0
3,1247;23,1986;47,3705;19,6980;0,0000;22,9316;23,1986;350,000;150,000;50,000;0,000;0,0000;0,0000;0,0000;0,0000;0,0000;0,0000;0,0000;0,0000;0,0000;0,0000;0,0000;0,0000;9;0
3,1275;23,1986;47,3705;19,6980;0,0000;22,9316;23,1986;350,000;150,000;50,000;0,000;0,0000;0,0000;0,0000;0,0000;0,0000;0,0000;0,0000;0,0000;0,0000;0,0000;0,0000;0,0000;9;0
3,1304;23,1986;47,3705;19,6980;0,0000;22,9316;23,1986;350,000;150,000;50,000;0,000;0,0000;0,0000;0,0000;0,0000;0,0000;0,0000;0,0000;0,0000;0,0000;0,0000;0,0000;0,0000;9;0
3,1333;23,1986;47,3705;19,6980;0,0000;22,9316;23,1986;350,000;150,000;50,000;0,000;0,0000;0,0000;0,0000;0,0000;0,0000;0,0000;0,0000;0,0000;0,0000;0,0000;0,0000;0,0000;9;0
3,1361;23,1986;47,3705;19,6980;0,0000;22,9316;23,1986;350,000;150,000;50,000;0,000;0,0000;0,0000;0,0000;0,0000;0,0000;0,0000;0,0000;0,0000;0,0000;0,0000;0,0000;0,0000;9;0
3,1390;23,1986;47,3705;19,6980;0,0000;22,9316;23,1986;350,000;150,000;50,000;0,000;0,0000;0,0000;0,0000;0,0000;0,0000;0,0000;0,0000;0,0000;0,0000;0,0000;0,0000;0,0000;9;0
3,1419;23,1986;47,3705;19,6980;0,0000;22,9316;23,1986;350,000;150,000;50,000;0,000;0,0000;0,0000;0,0000;0,0000;0,0000;0,0000;0,0000;0,0000;0,0000;0,0000;0,0000;0,0000;9;0
3,1447;23,1986;47,3705;19,6980;0,0000;22,9316;23,1986;350,000;150,000;50,000;0,000;0,0000;0,0000;0,0000;0,0000;0,0000;0,0000;0,0000;0,0000;0,0000;0,0000;0,0000;0,0000;9;0
3,1476;23,1986;47,3705;19,6980;0,0000;22,9316;23,1986;350,000;150,000;50,000;0,000;0,0000;0,0000;0,0000;0,0000;0,0000;0,0000;0,0000;0,0000;0,0000;0,0000;0,0000;0,0000;9;0
3,1505;23,1986;47,3705;19,6980;0,0000;22,9316;23,1986;350,000;150,000;50,000;0,000;0,0000;0,0000;0,0000;0,0000;0,0000;0,0000;0,0000;0,0000;0,0000;0,0000;0,0000;0,0000;9;0
3,1533;23,1986;47,3705;19,6980;0,0000;22,9316;23,1986;350,000;150,000;50,000;0,000;0,0000;0,0000;0,0000;0,0000;0,0000;0,0000;0,0000;0,0000;0,0000;0,0000;0,0000;0,0000;9;0
3,1562;23,1986;47,3705;19,6980;0,0000;22,9316;23,1986;350,000;150,000;50,000;0,000;0,0000;0,0000;0,0000;0,0000;0,0000;0,0000;0,0000;0,0000;0,0000;0,0000;0,0000;0,0000;9;0
3,1591;23,1986;47,3705;19,6980;0,0000;22,9316;23,1986;350,000;150,000;50,000;0,000;0,0000;0,0000;0,0000;0,0000;0,0000;0,0000;0,0000;0,0000;0,0000;0,0000;0,0000;0,0000;9;0
3,1619;23,1986;47,3705;19,6980;0,0000;22,9316;23,1986;350,000;150,000;50,000;0,000;0,0000;0,0000;0,0000;0,0000;0,0000;0,0000;0,0000;0,0000;0,0000;0,0000;0,0000;0,0000;9;0
3,1648;23,1986;47,3705;19,6980;0,0000;22,9316;23,1986;350,000;150,000;50,000;0,000;0,0000;0,0000;0,0000;0,0000;0,0000;0,0000;0,0000;0,0000;0,0000;0,0000;0,0000;0,0000;9;0
3,1677;23,1986;47,3705;19,6980;0,0000;22,9316;23,1986;350,000;150,000;50,000;0,000;0,0000;0,0000;0,0000;0,0000;0,0000;0,0000;0,0000;0,0000;0,0000;0,0000;0,0000;0,0000;9;0
3,1705;23,1986;47,3705;19,6980;0,0000;22,9316;23,1986;350,000;150,000;50,000;0,000;0,0000;0,0000;0,0000;0,0000;0,0000;0,0000;0,0000;0,0000;0,0000;0,0000;0,0000;0,0000;9;0
3,1734;23,1986;47,3705;19,6980;0,0000;22,9316;23,1986;350,000;150,000;50,000;0,000;0,0000;0,0000;0,0000;0,0000;0,0000;0,0000;0,0000;0,0000;0,0000;0,0000;0,0000;0,0000;9;0
3,1763;23,1986;47,3705;19,6980;0,0000;22,9316;23,1986;350,000;150,000;50,000;0,000;0,0000;0,0000;0,0000;0,0000;0,0000;0,0000;0,0000;0,0000;0,0000;0,0000;0,0000;0,0000;9;0
3,1791;23,1986;47,3705;19,6980;0,0000;22,9316;23,1986;350,000;150,000;50,000;0,000;0,0000;0,0000;0,0000;0,0000;0,0000;0,0000;0,0000;0,0000;0,0000;0,0000;0,0000;0,0000;9;0
3,1820;23,1986;47,3705;19,6980;0,0000;22,9316;23,1986;350,000;150,000;50,000;0,000;0,0000;0,0000;0,0000;0,0000;0,0000;0,0000;0,0000;0,0000;0,0000;0,0000;0,0000;0,0000;9;0
3,1849;23,1986;47,3705;19,6980;0,0000;22,9316;23,1986;350,000;150,000;50,000;0,000;0,0000;0,0000;0,0000;0,0000;0,0000;0,0000;0,0000;0,0000;0,0000;0,0000;0,0000;0,0000;9;0
3,1877;23,1986;47,3705;19,6980;0,0000;22,9316;23,1986;350,000;150,000;50,000;0,000;0,0000;0,0000;0,0000;0,0000;0,0000;0,0000;0,0000;0,0000;0,0000;0,0000;0,0000;0,0000;9;0
3,1906;23,1986;47,3705;19,6980;0,0000;22,9316;23,1986;350,000;150,000;50,000;0,000;0,0000;0,0000;0,0000;0,0000;0,0000;0,0000;0,0000;0,0000;0,0000;0,0000;0,0000;0,0000;9;0
3,1935;23,1986;47,3705;19,6980;0,0000;22,9316;23,1986;350,000;150,000;50,000;0,000;0,0000;0,0000;0,0000;0,0000;0,0000;0,0000;0,0000;0,0000;0,0000;0,0000;0,0000;0,0000;9;0
3,1963;23,1986;47,3705;19,6980;0,0000;22,9316;23,1986;350,000;150,000;50,000;0,000;0,0000;0,0000;0,0000;0,0000;0,0000;0,0000;0,0000;0,0000;0,0000;0,0000;0,0000;0,0000;9;0
3,1992;23,1986;47,3705;19,6980;0,0000;22,9316;23,1986;350,000;150,000;50,000;0,000;0,0000;0,0000;0,0000;0,0000;0,0000;0,0000;0,0000;0,0000;0,0000;0,0000;0,0000;0,0000;9;0
3,2021;23,1986;47,3705;19,6980;0,0000;22,9316;23,1986;350,000;150,000;50,000;0,000;0,0000;0,0000;0,0000;0,0000;0,0000;0,0000;0,0000;0,0000;0,0000;0,0000;0,0000;0,0000;9;0
3,2049;23,1986;47,3705;19,6980;0,0000;22,9316;23,1986;350,000;150,000;50,000;0,000;0,0000;0,0000;0,0000;0,0000;0,0000;0,0000;0,0000;0,0000;0,0000;0,0000;0,0000;0,0000;9;0
3,2078;23,1986;47,3705;19,6980;0,0000;22,9316;23,1986;350,000;150,000;50,000;0,000;0,0000;0,0000;0,0000;0,0000;0,0000;0,0000;0,0000;0,0000;0,0000;0,0000;0,0000;0,0000;9;0
3,2107;23,1986;47,3705;19,6980;0,0000;22,9316;23,1986;350,000;150,000;50,000;0,000;0,0000;0,0000;0,0000;0,0000;0,0000;0,0000;0,0000;0,0000;0,0000;0,0000;0,0000;0,0000;9;0
3,2135;23,1986;47,3705;19,6980;0,0000;22,9316;23,1986;350,000;150,000;50,000;0,000;0,0000;0,0000;0,0000;0,0000;0,0000;0,0000;0,0000;0,0000;0,0000;0,0000;0,0000;0,0000;9;0
3,2164;23,1986;47,3705;19,6980;0,0000;22,9316;23,1986;350,000;150,000;50,000;0,000;0,0000;0,0000;0,0000;0,0000;0,0000;0,0000;0,0000;0,0000;0,0000;0,0000;0,0000;0,0000;9;0
3,2193;23,1986;47,3705;19,6980;0,0000;22,9316;23,1986;350,000;150,000;50,000;0,000;0,0000;0,0000;0,0000;0,0000;0,0000;0,0000;0,0000;0,0000;0,0000;0,0000;0,0000;0,0000;9;0
3,2221;23,1986;47,3705;19,6980;0,0000;22,9316;23,1986;350,000;150,000;50,000;0,000;0,0000;0,0000;0,0000;0,0000;0,0000;0,0000;-0,0000;-32,4152;8,7868;0,0000;23,6285;-0,0000;9;0
3,2250;23,1986;47,3705;19,6980;0,0000;22,9316;23,1986;350,000;150,000;50,000;0,000;-0,0000;-0,1858;0,0504;0,0000;0,1355;-0,0000;-0,0000;-129,6599;35,1443;0,0000;94,5156;-0,0000;9;0
3,2279;23,1986;47,3694;19,6983;0,0000;22,9324;23,1986;350,000;150,000;50,006;2,150;-0,0000;-0,7434;0,2015;0,0000;0,5419;-0,0000;0,0000;-226,8982;61,4852;0,0000;165,4130;0,0000;11;0
3,2307;23,1986;47,3662;19,6991;0,0000;22,9347;23,1986;350,000;150,000;50,025;6,450;0,0000;-1,4867;0,4029;0,0000;1,0838;0,0000;0,0000;-259,2928;70,2177;-0,0000;189,0752;0,0000;11;0
3,2336;23,1986;47,3609;19,7006;0,0000;22,9386;23,1986;350,000;150,000;50,055;10,750;0,0000;-2,2300;0,6041;-0,0000;1,6259;0,0000;-0,0000;-259,2569;70,1231;-0,0000;189,1339;0,0000;11;0
3,2365;23,1986;47,3534;19,7026;0,0000;22,9440;23,1986;350,000;150,000;50,099;15,050;0,0000;-2,9731;0,8049;-0,0000;2,1682;0,0000;-0,0000;-259,2065;69,9902;0,0000;189,2163;-0,0000;11;0
3,2393;23,1986;47,3438;19,7052;0,0000;22,9510;23,1986;350,000;150,000;50,154;19,350;0,0000;-3,7161;1,0054;-0,0000;2,7108;0,0000;-0,0000;-259,1416;69,8192;0,0000;189,3224;-0,0000;11;0
3,2422;23,1986;47,3321;19,7083;0,0000;22,9595;23,1986;350,000;150,000;50,222;23,650;-0,0000;-4,4589;1,2052;-0,0000;3,2537;-0,0000;-0,0000;-259,0622;69,6103;-0,0000;189,4519;0,0000;11;0
3,2451;23,1986;47,3183;19,7121;0,0000;22,9697;23,1986;350,000;150,000;50,302;27,950;-0,0000;-5,2014;1,4045;-0,0000;3,7970;0,0000;0,0000;-258,9683;69,3634;-0,0000;189,6049;0,0000;11;0
3,2479;23,1986;47,3023;19,7164;0,0000;22,9813;23,1986;350,000;150,000;50,394;32,250;-0,0000;-5,9436;1,6029;-0,0000;4,3407;0,0000;0,0000;-258,8598;69,0786;0,0000;189,7813;0,0000;11;0
3,2508;23,1986;47,2842;19,7213;0,0000;22,9945;23,1986;350,000;150,000;50,499;36,550;0,0000;-6,6855;1,8005;0,0000;4,8850;0,0000;0,0000;-258,7368;68,7557;0,0000;189,9811;0,0000;11;0
3,2537;23,1986;47,2640;19,7267;0,0000;23,0093;23,1986;350,000;150,000;50,616;40,850;0,0000;-7,4271;1,9971;0,0000;5,4299;0,0000;-0,0000;-258,5990;68,3948;-0,0000;190,2042;-0,0000;11;0
3,2565;23,1986;47,2416;19,7327;0,0000;23,0257;23,1986;350,000;150,000;50,746;45,150;-0,0000;-8,1682;2,1926;-0,0000;5,9755;0,0000;-0,0000;-258,4465;67,9959;-0,0000;190,4507;-0,0000;11;0
3,2594;23,1986;47,2171;19,7393;0,0000;23,0436;23,1986;350,000;150,000;50,888;49,450;0,0000;-8,9088;2,3870;0,0000;6,5219;0,0000;0,0000;-258,2793;67,5590;0,0000;190,7203;0,0000;11;0
3,2623;23,1986;47,1905;19,7464;0,0000;23,0631;23,1986;350,000;150,000;51,042;53,750;0,0000;-9,6490;2,5800;0,0000;7,0690;0,0000;-0,0000;-258,0971;67,0840;0,0000;191,0131;-0,0000;11;0
3,2651;23,1986;47,1618;19,7541;0,0000;23,0841;23,1986;350,000;150,000;51,208;58,050;-0,0000;-10,3886;2,7716;0,0000;7,6170;-0,0000;0,0000;-257,9000;66,5711;0,0000;191,3289;0,0000;11;0
3,2680;23,1986;47,1310;19,7623;0,0000;23,1067;23,1986;350,000;150,000;51,387;62,350;0,0000;-11,1276;2,9616;0,0000;8,1660;0,0000;0,0000;-257,6878;66,0201;-0,0000;191,6677;0,0000;11;0
3,2709;23,1986;47,0980;19,7711;0,0000;23,1309;23,1986;350,000;150,000;51,578;66,650;0,0000;-11,8660;3,1501;-0,0000;8,7159;0,0000;-0,0000;-257,4605;65,4311;-0,0000;192,0294;-0,0000;11;0
3,2737;23,1986;47,0629;19,7804;0,0000;23,1567;23,1986;350,000;150,000;51,781;70,950;-0,0000;-12,6037;3,3368;-0,0000;9,2669;-0,0000;-0,0000;-257,2179;64,8040;-0,0000;192,4139;-0,0000;11;0
3,2766;23,1986;47,0257;19,7902;0,0000;23,1841;23,1986;350,000;150,000;51,997;75,250;-0,0000;-13,3407;3,5216;-0,0000;9,8191;-0,0000;0,0000;-256,9599;64,1388;-0,0000;192,8211;0,0000;11;0
3,2795;23,1986;46,9864;19,8006;0,0000;23,2130;23,1986;350,000;150,000;52,225;79,550;-0,0000;-14,0769;3,7045;-0,0000;10,3724;0,0000;0,0000;-256,6865;63,4356;-0,0000;193,2509;0,0000;11;0
3,2823;23,1986;46,9450;19,8114;0,0000;23,2435;23,1986;350,000;150,000;52,465;83,850;0,0000;-14,8124;3,8853;-0,0000;10,9270;0,0000;0,0000;-256,3974;62,6943;0,0000;193,7031;0,0000;11;0
3,2852;23,1986;46,9015;19,8228;0,0000;23,2757;23,1986;350,000;150,000;52,718;88,150;0,0000;-15,5469;4,0640;-0,0000;11,4830;0,0000;-0,0000;-255,7810;61,1120;0,0000;194,6690;-0,0000;11;0
3,2881;23,1986;46,8559;19,8347;0,0000;23,3094;23,1986;350,000;150,000;52,983;92,450;0,0000;-16,2788;4,2357;-0,0000;12,0431;0,0000;-0,0000;-255,4313;60,2215;-0,0000;195,2097;-0,0000;11;0
3,2909;23,1986;46,8082;19,8471;0,0000;23,3447;23,1986;350,000;150,000;53,260;96,755;-0,0000;-17,0114;4,4092;-0,0000;12,6022;0,0000;-0,0000;-255,6875;60,8957;0,0000;194,7918;-0,0000;11;0
3,2938;23,1986;46,7584;19,8600;0,0000;23,3816;23,1986;350,000;150,000;53,550;101,050;0,0000;-17,7448;4,5848;0,0000;13,1600;-0,0000;0,0000;-255,3608;60,0685;0,0000;195,2923;-0,0000;11;0
3,2967;23,1986;46,7064;19,8734;0,0000;23,4201;23,1986;350,000;150,000;53,852;105,350;0,0000;-18,4755;4,7536;0,0000;13,7219;-0,0000;0,0000;-254,7075;58,4035;-0,0000;196,3040;0,0000;11;0
3,2995;23,1986;46,6524;19,8873;0,0000;23,4603;23,1986;350,000;150,000;54,166;109,650;0,0000;-19,2051;4,9197;-0,0000;14,2854;0,0000;0,0000;-254,3216;57,4335;-0,0000;196,8882;0,0000;11;0
3,3024;23,1986;46,5963;19,9016;0,0000;23,5021;23,1986;350,000;150,000;54,493;113,950;0,0000;-19,9336;5,0829;-0,0000;14,8507;0,0000;-0,0000;-253,9191;56,4252;0,0000;197,4939;-0,0000;11;0
3,3053;23,1986;46,5382;19,9164;0,0000;23,5454;23,1986;350,000;150,000;54,832;118,250;0,0000;-20,6609;5,2432;-0,0000;15,4177;0,0000;-0,0000;-253,4997;55,3789;0,0000;198,1209;-0,0000;11;0
3,3081;23,1986;46,4779;19,9317;0,0000;23,5904;23,1986;350,000;150,000;55,183;122,550;0,0000;-21,3870;5,4004;0,0000;15,9866;-0,0000;-0,0000;-253,0633;54,2943;0,0000;198,7690;-0,0000;11;0
3,3110;23,1986;46,4155;19,9474;0,0000;23,6371;23,1986;350,000;150,000;55,547;126,850;0,0000;-22,1118;5,5545;0,0000;16,5573;-0,0000;0,0000;-252,6096;53,1715;-0,0000;199,4381;0,0000;11;0
3,3139;23,1986;46,3511;19,9635;0,0000;23,6854;23,1986;350,000;150,000;55,923;131,150;0,0000;-22,8353;5,7053;-0,0000;17,1300;0,0000;0,0000;-252,1384;52,0104;-0,0000;200,1279;0,0000;11;0
3,3167;23,1986;46,2846;19,9801;0,0000;23,7353;23,1986;350,000;150,000;56,311;135,450;0,0000;-23,5574;5,8527;-0,0000;17,7047;0,0000;-0,0000;-251,6495;50,8112;0,0000;200,8383;0,0000;11;0
3,3196;23,1986;46,2160;19,9971;0,0000;23,7869;23,1986;350,000;150,000;56,712;139,750;0,0000;-24,2781;5,9966;-0,0000;18,2815;0,0000;0,0000;-251,1428;49,5736;-0,0000;201,5691;0,0000;11;0
3,3225;23,1986;46,1454;20,0145;0,0000;23,8401;23,1986;350,000;150,000;57,125;144,050;0,0000;-24,9973;6,1369;-0,0000;18,8604;0,0000;0,0000;-250,6179;48,2978;-0,0000;202,3200;0,0000;11;0
3,3253;23,1986;46,0727;20,0323;0,0000;23,8950;23,1986;350,000;150,000;57,550;148,350;0,0000;-25,7150;6,2735;-0,0000;19,4415;0,0000;-0,0000;-250,0746;46,9837;0,0000;203,0909;-0,0000;11;0
3,3282;23,1986;45,9980;20,0504;0,0000;23,9516;23,1986;350,000;150,000;57,988;152,650;0,0000;-26,4310;6,4063;-0,0000;20,0248;0,0000;-0,0000;-249,5127;45,6313;0,0000;203,8814;-0,0000;11;0
3,3311;23,1986;45,9212;20,0690;0,0000;24,0098;23,1986;350,000;150,000;58,438;156,950;0,0000;-27,1455;6,5351;-0,0000;20,6104;0,0000;0,0000;-248,9320;44,2405;-0,0000;204,6915;0,0000;11;0
3,3339;23,1986;45,8424;20,0879;0,0000;24,0697;23,1986;350,000;150,000;58,900;161,250;0,0000;-27,8583;6,6599;-0,0000;21,1984;0,0000;-0,0000;-248,3321;42,8114;0,0000;205,5208;-0,0000;11;0
3,3368;23,1986;45,7615;20,1072;0,0000;24,1314;23,1986;350,000;150,000;59,374;165,550;-0,0000;-28,5693;6,7806;0,0000;21,7887;-0,0000;-0,0000;-247,7129;41,3439;0,0000;206,3690;-0,0000;11;0
3,3397;23,1986;45,6786;20,1268;0,0000;24,1947;23,1986;350,000;150,000;59,861;169,850;-0,0000;-29,2785;6,8969;0,0000;22,3815;-0,0000;-0,0000;-247,0740;39,8381;0,0000;207,2359;-0,0000;11;0
3,3425;23,1986;45,5936;20,1467;0,0000;24,2597;23,1986;350,000;150,000;60,361;174,150;-0,0000;-29,9858;7,0090;0,0000;22,9769;-0,0000;0,0000;-246,4152;38,2938;-0,0000;208,1213;0,0000;11;0
3,3454;23,1986;45,5066;20,1670;0,0000;24,3264;23,1986;350,000;150,000;60,872;178,450;0,0000;-30,6913;7,1165;0,0000;23,5748;-0,0000;0,0000;-245,7361;36,7110;-0,0000;209,0250;0,0000;11;0
3,3483;23,1986;45,4176;20,1875;0,0000;24,3948;23,1986;350,000;150,000;61,396;182,750;0,0000;-31,3947;7,2194;-0,0000;24,1753;0,0000;0,0000;-245,0365;35,0899;-0,0000;209,9466;0,0000;11;0
3,3511;23,1986;45,3266;20,2084;0,0000;24,4650;23,1986;350,000;150,000;61,932;187,050;0,0000;-32,0961;7,3177;-0,0000;24,7785;0,0000;0,0000;-244,3160;33,4302;-0,0000;210,8858;-0,0000;11;0
3,3540;23,1986;45,2336;20,2295;0,0000;24,5369;23,1986;350,000;150,000;62,481;191,350;0,0000;-32,7955;7,4111;-0,0000;25,3844;0,0000;-0,0000;-243,5744;31,7321;0,0000;211,8423;-0,0000;11;0
3,3569;23,1986;45,1386;20,2508;0,0000;24,6105;23,1986;350,000;150,000;63,042;195,650;0,0000;-33,4926;7,4996;-0,0000;25,9930;0,0000;-0,0000;-242,8113;29,9955;0,0000;212,8158;-0,0000;11;0
3,3597;23,1986;45,0416;20,2725;0,0000;24,6859;23,1986;350,000;150,000;63,615;199,950;0,0000;-34,1876;7,5831;-0,0000;26,6045;0,0000;-0,0000;-242,0264;28,2203;0,0000;213,8061;-0,0000;11;0
3,3626;23,1986;44,9426;20,2943;0,0000;24,7631;23,1986;350,000;150,000;64,200;204,250;0,0000;-34,8802;7,6614;-0,0000;27,2188;-0,0000;0,0000;-241,2193;26,4066;-0,0000;214,8127;0,0000;11;0
3,3655;23,1986;44,8416;20,3164;0,0000;24,8420;23,1986;350,000;150,000;64,798;208,550;0,0000;-35,5706;7,7345;-0,0000;27,8361;0,0000;0,0000;-240,3898;24,5543;-0,0000;215,8355;0,0000;11;0
3,3683;23,1986;44,7387;20,3387;0,0000;24,9227;23,1986;350,000;150,000;65,408;212,850;0,0000;-36,2585;7,8022;-0,0000;28,4563;0,0000;0,0000;-239,5374;22,6634;-0,0000;216,8740;0,0000;11;0
3,3712;23,1986;44,6337;20,3611;0,0000;25,0051;23,1986;350,000;150,000;66,031;217,150;0,0000;-36,9439;7,8644;-0,0000;29,0795;0,0000;-0,0000;-238,6618;20,7339;0,0000;217,9279;-0,0000;11;0
3,3741;23,1986;44,5269;20,3838;0,0000;25,0894;23,1986;350,000;150,000;66,666;221,450;-0,0000;-37,6268;7,9211;0,0000;29,7058;-0,0000;-0,0000;-237,7626;18,7658;0,0000;218,9968;-0,0000;11;0
3,3769;23,1986;44,4180;20,4065;0,0000;25,1755;23,1986;350,000;150,000;67,313;225,750;0,0000;-38,3071;7,9720;-0,0000;30,3351;0,0000;0,0000;-236,8394;16,7590;-0,0000;220,0804;0,0000;11;0
3,3798;23,1986;44,3072;20,4295;0,0000;25,2633;23,1986;350,000;150,000;67,972;230,050;0,0000;-38,9847;8,0171;-0,0000;30,9675;0,0000;0,0000;-235,8919;14,7136;-0,0000;221,1783;0,0000;11;0
3,3827;23,1986;44,1945;20,4525;0,0000;25,3530;23,1986;350,000;150,000;68,644;234,350;0,0000;-39,6595;8,0564;-0,0000;31,6032;0,0000;0,0000;-234,9196;12,6294;-0,0000;222,2902;-0,0000;11;0
3,3855;23,1986;44,0798;20,4756;0,0000;25,4445;23,1986;350,000;150,000;69,328;238,650;0,0000;-40,3316;8,0896;-0,0000;32,2420;0,0000;-0,0000;-233,9222;10,5066;0,0000;223,4156;-0,0000;11;0
3,3884;23,1986;43,9633;20,4989;0,0000;25,5379;23,1986;350,000;150,000;70,025;242,950;0,0000;-41,0007;8,1166;0,0000;32,8841;0,0000;-0,0000;-232,8992;8,3450;0,0000;224,5542;-0,0000;11;0
3,3913;23,1986;43,8448;20,5222;0,0000;25,6330;23,1986;350,000;150,000;70,733;247,250;-0,0000;-41,6669;8,1374;0,0000;33,5295;-0,0000;0,0000;-231,8502;6,1447;-0,0000;225,7055;-0,0000;11;0
3,3941;23,1986;43,7244;20,5455;0,0000;25,7301;23,1986;350,000;150,000;71,455;251,550;0,0000;-42,3300;8,1518;0,0000;34,1781;0,0000;0,0000;-230,7748;3,9056;-0,0000;226,8692;0,0000;11;0
3,3970;23,1986;43,6021;20,5689;0,0000;25,8290;23,1986;350,000;150,000;72,188;255,850;0,0000;-42,9900;8,1598;-0,0000;34,8302;0,0000;0,0000;-229,6725;1,6277;-0,0000;228,0448;0,0000;11;0
3,3999;23,1986;43,4779;20,5923;0,0000;25,9298;23,1986;350,000;150,000;72,934;260,150;0,0000;-43,6468;8,1612;-0,0000;35,4856;0,0000;-0,0000;-228,5429;-0,6889;0,0000;229,2319;-0,0000;11;0
3,4027;23,1986;43,3518;20,6157;0,0000;26,0324;23,1986;350,000;150,000;73,692;264,450;0,0000;-44,3003;8,1558;-0,0000;36,1444;0,0000;-0,0000;-227,3856;-3,0444;0,0000;230,4300;-0,0000;11;0
3,4056;23,1986;43,2239;20,6391;0,0000;26,1370;23,1986;350,000;150,000;74,462;268,750;0,0000;-44,9504;8,1437;-0,0000;36,8067;-0,0000;-0,0000;-226,2001;-5,4387;0,0000;231,6388;-0,0000;11;0
3,4085;23,1986;43,0941;20,6624;0,0000;26,2435;23,1986;350,000;150,000;75,245;273,050;0,0000;-45,5972;8,1247;-0,0000;37,4725;-0,0000;0,0000;-224,9859;-7,8718;-0,0000;232,8577;-0,0000;11;0
3,4113;23,1986;42,9625;20,6857;0,0000;26,3519;23,1986;350,000;150,000;76,040;277,350;0,0000;-46,2404;8,0986;-0,0000;38,1418;-0,0000;-0,0000;-223,7426;-10,3437;0,0000;234,0863;0,0000;11;0
3,4142;23,1986;42,8290;20,7088;0,0000;26,4622;23,1986;350,000;150,000;76,847;281,650;-0,0000;-46,8799;8,0654;0,0000;38,8146;-0,0000;-0,0000;-222,4697;-12,8545;0,0000;235,3242;0,0000;11;0
3,4171;23,1986;42,6937;20,7319;0,0000;26,5744;23,1986;350,000;150,000;77,667;285,950;-0,0000;-47,5158;8,0249;0,0000;39,4910;0,0000;0,0000;-221,1666;-15,4042;-0,0000;236,5708;0,0000;11;0
3,4199;23,1986;42,5566;20,7548;0,0000;26,6886;23,1986;350,000;150,000;78,499;290,250;0,0000;-48,1480;7,9770;-0,0000;40,1709;0,0000;0,0000;-218,1686;-18,2576;-0,0000;236,4261;-0,0000;11;0
3,4228;23,1986;42,4177;20,7776;0,0000;26,8047;23,1986;350,000;150,000;79,344;294,550;0,0000;-48,7667;7,9202;-0,0000;40,8465;0,0000;0,0000;-171,7968;-27,8889;-0,0000;199,6857;-0,0000;11;0
3,4257;23,1986;42,2770;20,8003;0,0000;26,9228;23,1986;350,000;150,000;80,200;298,734;0,0000;-49,1329;7,8171;-0,0000;41,3158;0,0000;0,0000;-67,5409;-46,0436;-0,0000;113,5845;0,0000;11;0
3,4285;23,1986;42,1360;20,8225;0,0000;27,0416;23,1986;350,000;150,000;81,060;300,000;0,0000;-49,1539;7,6562;-0,0000;41,4977;0,0000;0,0000;10,9186;-59,0896;-0,0000;48,1709;0,0000;11;0
3,4314;23,1986;41,9952;20,8441;0,0000;27,1607;23,1986;350,000;150,000;81,920;300,000;0,0000;-49,0703;7,4784;-0,0000;41,5920;0,0000;-0,0000;29,2370;-62,0479;0,0000;32,8109;-0,0000;11;0
3,4343;23,1986;41,8546;20,8653;0,0000;27,2800;23,1986;350,000;150,000;82,780;300,000;0,0000;-48,9863;7,3005;-0,0000;41,6858;0,0000;-0,0000;29,4008;-62,0571;0,0000;32,6565;-0,0000;11;0
3,4371;23,1986;41,7143;20,8860;0,0000;27,3997;23,1986;350,000;150,000;83,640;300,000;-0,0000;-48,9018;7,1226;0,0000;41,7792;0,0000;-0,0000;29,5647;-62,0660;0,0000;32,5015;-0,0000;11;0
3,4400;23,1986;41,5743;20,9062;0,0000;27,5196;23,1986;350,000;150,000;84,500;300,000;-0,0000;-48,8168;6,9446;0,0000;41,8722;-0,0000;0,0000;29,7286;-62,0744;-0,0000;32,3457;-0,0000;11;0
3,4429;23,1986;41,4344;20,9258;0,0000;27,6397;23,1986;350,000;150,000;85,360;300,000;0,0000;-48,7313;6,7667;0,0000;41,9647;0,0000;0,0000;29,8927;-62,0830;-0,0000;32,1901;0,0000;11;0
3,4457;23,1986;41,2949;20,9450;0,0000;27,7602;23,1986;350,000;150,000;86,220;300,000;0,0000;-48,6454;6,5887;0,0000;42,0567;0,0000;0,0000;30,0570;-62,0915;-0,0000;32,0344;0,0000;11;0
3,4486;23,1986;41,1555;20,9636;0,0000;27,8809;23,1986;350,000;150,000;87,080;300,000;0,0000;-48,5590;6,4107;-0,0000;42,1483;0,0000;0,0000;30,2214;-62,0997;-0,0000;31,8783;-0,0000;11;0
3,4515;23,1986;41,0165;20,9817;0,0000;28,0018;23,1986;350,000;150,000;87,940;300,000;0,0000;-48,4721;6,2327;-0,0000;42,2395;0,0000;-0,0000;30,3859;-62,1077;0,0000;31,7218;-0,0000;11;0
3,4543;23,1986;40,8776;20,9993;0,0000;28,1230;23,1986;350,000;150,000;88,800;300,000;0,0000;-48,3848;6,0546;-0,0000;42,3302;-0,0000;-0,0000;30,5504;-62,1154;0,0000;31,5650;0,0000;11;0
3,4572;23,1986;40,7391;21,0164;0,0000;28,2445;23,1986;350,000;150,000;89,660;300,000;0,0000;-48,2970;5,8765;-0,0000;42,4204;0,0000;-0,0000;30,7150;-62,1230;0,0000;31,4080;0,0000;11;0
3,4601;23,1986;40,6007;21,0330;0,0000;28,3663;23,1986;350,000;150,000;90,520;300,000;0,0000;-48,2087;5,6984;-0,0000;42,5103;0,0000;-0,0000;30,8797;-62,1304;0,0000;31,2507;-0,0000;11;0
3,4629;23,1986;40,4627;21,0491;0,0000;28,4882;23,1986;350,000;150,000;91,380;300,000;0,0000;-48,1199;5,5203;-0,0000;42,5996;-0,0000;0,0000;31,0444;-62,1376;-0,0000;31,0932;0,0000;11;0
3,4658;23,1986;40,3248;21,0647;0,0000;28,6105;23,1986;350,000;150,000;92,240;300,000;0,0000;-48,0307;5,3422;-0,0000;42,6885;0,0000;0,0000;31,2091;-62,1446;-0,0000;30,9355;0,0000;11;0
3,4687;23,1986;40,1873;21,0797;0,0000;28,7330;23,1986;350,000;150,000;93,100;300,000;0,0000;-47,9410;5,1640;-0,0000;42,7770;0,0000;0,0000;31,3739;-62,1513;-0,0000;30,7775;0,0000;11;0
3,4715;23,1986;40,0500;21,0943;0,0000;28,8557;23,1986;350,000;150,000;93,960;300,000;0,0000;-47,8508;4,9858;-0,0000;42,8650;0,0000;-0,0000;31,5386;-62,1579;0,0000;30,6193;-0,0000;11;0
3,4744;23,1986;39,9129;21,1083;0,0000;28,9787;23,1986;350,000;150,000;94,820;300,000;0,0000;-47,7602;4,8076;0,0000;42,9525;0,0000;-0,0000;31,7034;-62,1643;0,0000;30,4609;-0,0000;11;0
3,4773;23,1986;39,7762;21,1218;0,0000;29,1020;23,1986;350,000;150,000;95,680;300,000;0,0000;-47,6691;4,6294;0,0000;43,0396;0,0000;0,0000;31,8682;-62,1704;-0,0000;30,3022;-0,0000;11;0
3,4801;23,1986;39,6396;21,1349;0,0000;29,2255;23,1986;350,000;150,000;96,540;300,000;0,0000;-47,5775;4,4512;-0,0000;43,1263;0,0000;0,0000;32,0329;-62,1764;-0,0000;30,1434;0,0000;11;0
3,4830;23,1986;39,5034;21,1474;0,0000;29,3493;23,1986;350,000;150,000;97,400;300,000;0,0000;-47,4854;4,2730;-0,0000;43,2124;0,0000;-0,0000;32,1976;-62,1821;0,0000;29,9844;-0,0000;11;0
3,4859;23,1986;39,3674;21,1594;0,0000;29,4733;23,1986;350,000;150,000;98,260;300,000;0,0000;-47,3929;4,0947;0,0000;43,2982;-0,0000;-0,0000;32,3623;-62,1876;0,0000;29,8253;0,0000;11;0
3,4887;23,1986;39,2317;21,1708;0,0000;29,5975;23,1986;350,000;150,000;99,120;300,000;0,0000;-47,2999;3,9164;-0,0000;43,3834;0,0000;0,0000;32,5269;-62,1928;-0,0000;29,6659;0,0000;11;0
3,4916;23,1986;39,0962;21,1818;0,0000;29,7220;23,1986;350,000;150,000;99,980;300,000;0,0000;-47,2064;3,7381;-0,0000;43,4683;0,0000;-0,0000;32,6915;-62,1979;0,0000;29,5064;-0,0000;11;0
3,4945;23,1986;38,9610;21,1923;0,0000;29,8467;23,1986;350,000;150,000;100,840;300,000;0,0000;-47,1124;3,5598;-0,0000;43,5526;0,0000;-0,0000;32,8560;-62,2027;0,0000;29,3468;0,0000;11;0
3,4973;23,1986;38,8261;21,2022;0,0000;29,9717;23,1986;350,000;150,000;101,700;300,000;0,0000;-47,0180;3,3815;-0,0000;43,6365;0,0000;0,0000;33,0204;-62,2073;-0,0000;29,1870;0,0000;11;0
3,5002;23,1986;38,6914;21,2117;0,0000;30,0969;23,1986;350,000;150,000;102,560;300,000;0,0000;-46,9231;3,2032;-0,0000;43,7200;0,0000;-0,0000;33,1846;-62,2117;0,0000;29,0270;-0,0000;11;0
3,5031;23,1986;38,5571;21,2206;0,0000;30,2224;23,1986;350,000;150,000;103,420;300,000;0,0000;-46,8277;3,0248;-0,0000;43,8029;-0,0000;-0,0000;33,3488;-62,2158;0,0000;28,8670;-0,0000;11;0
3,5059;23,1986;38,4230;21,2290;0,0000;30,3480;23,1986;350,000;150,000;104,280;300,000;0,0000;-46,7319;2,8464;-0,0000;43,8855;-0,0000;0,0000;33,5129;-62,2198;-0,0000;28,7068;0,0000;11;0
3,5088;23,1986;38,2891;21,2369;0,0000;30,4740;23,1986;350,000;150,000;105,140;300,000;0,0000;-46,6356;2,6681;-0,0000;43,9675;0,0000;-0,0000;33,6769;-62,2234;0,0000;28,5466;0,0000;11;0
3,5117;23,1986;38,1556;21,2443;0,0000;30,6001;23,1986;350,000;150,000;106,000;300,000;0,0000;-46,5388;2,4897;0,0000;44,0491;0,0000;-0,0000;33,8407;-62,2269;0,0000;28,3862;0,0000;11;0
3,5145;23,1986;38,0223;21,2512;0,0000;30,7265;23,1986;350,000;150,000;106,860;300,000;0,0000;-46,4416;2,3113;-0,0000;44,1303;0,0000;0,0000;34,0043;-62,2301;-0,0000;28,2258;0,0000;11;0
3,5174;23,1986;37,8893;21,2575;0,0000;30,8531;23,1986;350,000;150,000;107,720;300,000;0,0000;-46,3439;2,1329;-0,0000;44,2110;0,0000;0,0000;34,1678;-62,2331;0,0000;28,0653;-0,0000;11;0
3,5203;23,1986;37,7566;21,2634;0,0000;30,9800;23,1986;350,000;150,000;108,580;300,000;0,0000;-46,2457;1,9545;-0,0000;44,2912;0,0000;-0,0000;34,3311;-62,2358;0,0000;27,9047;-0,0000;11;0
3,5231;23,1986;37,6242;21,2688;0,0000;31,1071;23,1986;350,000;150,000;109,440;300,000;0,0000;-46,1470;1,7761;0,0000;44,3709;-0,0000;0,0000;34,4943;-62,2383;-0,0000;27,7441;-0,0000;11;0
3,5260;23,1986;37,4920;21,2736;0,0000;31,2344;23,1986;350,000;150,000;110,300;300,000;0,0000;-46,0479;1,5977;-0,0000;44,4502;0,0000;0,0000;34,6572;-62,2406;-0,0000;27,5834;0,0000;11;0
3,5289;23,1986;37,3602;21,2779;0,0000;31,3619;23,1986;350,000;150,000;111,160;300,000;0,0000;-45,9483;1,4192;-0,0000;44,5291;0,0000;-0,0000;34,8200;-62,2427;0,0000;27,4227;0,0000;11;0
3,5317;23,1986;37,2286;21,2817;0,0000;31,4897;23,1986;350,000;150,000;112,020;300,000;-0,0000;-45,8483;1,2408;0,0000;44,6075;0,0000;-0,0000;34,9826;-62,2446;0,0000;27,2622;0,0000;11;0
3,5346;23,1986;37,0973;21,2850;0,0000;31,6177;23,1986;350,000;150,000;112,880;300,000;-0,0000;-45,7478;1,0624;0,0000;44,6854;0,0000;-0,0000;35,1449;-62,2462;0,0000;27,1015;-0,0000;11;0
3,5375;23,1986;36,9663;21,2878;0,0000;31,7459;23,1986;350,000;150,000;113,740;300,000;-0,0000;-45,6468;0,8839;0,0000;44,7629;-0,0000;0,0000;35,3068;-62,2472;-0,0000;26,9401;-0,0000;11;0
3,5403;23,1986;36,8356;21,2901;0,0000;31,8743;23,1986;350,000;150,000;114,600;300,000;0,0000;-45,5453;0,7055;0,0000;44,8398;-0,0000;0,0000;35,4686;-62,2482;-0,0000;26,7794;0,0000;11;0
3,5432;23,1986;36,7052;21,2919;0,0000;32,0030;23,1986;350,000;150,000;115,460;300,000;0,0000;-45,4434;0,5270;0,0000;44,9164;0,0000;0,0000;35,6303;-62,2492;-0,0000;26,6189;0,0000;11;0
3,5461;23,1986;36,5751;21,2931;0,0000;32,1318;23,1986;350,000;150,000;116,320;300,000;0,0000;-45,3411;0,3486;-0,0000;44,9925;0,0000;0,0000;35,7916;-62,2498;-0,0000;26,4582;0,0000;11;0
3,5489;23,1986;36,4452;21,2939;0,0000;32,2609;23,1986;350,000;150,000;117,180;300,000;0,0000;-45,2382;0,1702;-0,0000;45,0681;0,0000;0,0000;35,9527;-62,2502;-0,0000;26,2975;-0,0000;11;0
3,5518;23,1986;36,3157;21,2941;0,0000;32,3902;23,1986;350,000;150,000;118,040;300,000;0,0000;-45,1349;-0,0083;-0,0000;45,1432;0,0000;-0,0000;36,1134;-62,2503;0,0000;26,1368;-0,0000;11;0
3,5547;23,1986;36,1864;21,2938;0,0000;32,5197;23,1986;350,000;150,000;118,900;300,000;0,0000;-45,0312;-0,1868;0,0000;45,2179;-0,0000;-0,0000;50,8340;-62,0737;0,0000;11,2397;-0,0000;11;0
3,5575;23,1986;36,0575;21,2930;0,0000;32,6495;23,1986;350,000;150,000;119,760;300,000;0,0000;-44,8435;-0,3642;-0,0000;45,2077;0,0000;0,0000;119,2078;-60,9167;-0,0000;-58,2911;0,0000;11;0
3,5604;23,1986;35,9293;21,2917;0,0000;32,7789;23,1986;350,000;150,000;120,617;298,883;0,0000;-44,3477;-0,5360;-0,0000;44,8837;0,0000;0,0000;213,9122;-58,4571;-0,0000;-155,4551;0,0000;11;0
3,5633;23,1986;35,8032;21,2899;0,0000;32,9068;23,1986;350,000;150,000;121,462;294,750;0,0000;-43,6171;-0,6993;-0,0000;44,3164;0,0000;-0,0000;256,3732;-55,6544;-0,0000;-200,7187;0,0000;11;0
3,5661;23,1986;35,6793;21,2877;0,0000;33,0330;23,1986;350,000;150,000;122,294;290,450;0,0000;-42,8778;-0,8551;-0,0000;43,7329;0,0000;0,0000;257,1716;-53,0442;-0,0000;-204,1273;0,0000;11;0
3,5690;23,1986;35,5574;21,2850;0,0000;33,1575;23,1986;350,000;150,000;123,115;286,150;0,0000;-42,1426;-1,0035;-0,0000;43,1461;0,0000;-0,0000;255,7928;-50,4899;0,0000;-205,3030;-0,0000;11;0
3,5719;23,1986;35,4377;21,2820;0,0000;33,2804;23,1986;350,000;150,000;123,923;281,850;0,0000;-41,4113;-1,1446;-0,0000;42,5559;0,0000;-0,0000;254,4244;-47,9740;0,0000;-206,4506;-0,0000;11;0
3,5747;23,1986;35,3200;21,2785;0,0000;33,4015;23,1986;350,000;150,000;124,718;277,550;0,0000;-40,6839;-1,2785;-0,0000;41,9624;0,0000;-0,0000;253,0669;-45,4965;0,0000;-207,5705;-0,0000;11;0
3,5776;23,1986;35,2044;21,2746;0,0000;33,5210;23,1986;350,000;150,000;125,502;273,250;-0,0000;-39,9604;-1,4054;0,0000;41,3658;-0,0000;-0,0000;251,7207;-43,0572;0,0000;-208,6635;-0,0000;11;0
3,5805;23,1986;35,0909;21,2704;0,0000;33,6387;23,1986;350,000;150,000;126,273;268,950;0,0000;-39,2407;-1,5254;-0,0000;40,7661;-0,0000;0,0000;250,3863;-40,6563;-0,0000;-209,7300;0,0000;11;0
3,5833;23,1986;34,9794;21,2659;0,0000;33,7547;23,1986;350,000;150,000;127,031;264,650;0,0000;-38,5248;-1,6385;-0,0000;40,1633;0,0000;0,0000;249,0640;-38,2938;-0,0000;-210,7703;0,0000;11;0
3,5862;23,1986;34,8700;21,2610;0,0000;33,8690;23,1986;350,000;150,000;127,778;260,350;0,0000;-37,8127;-1,7449;-0,0000;39,5577;0,0000;-0,0000;247,7545;-35,9696;0,0000;-211,7850;-0,0000;11;0
3,5891;23,1986;34,7626;21,2559;0,0000;33,9815;23,1986;350,000;150,000;128,512;256,050;0,0000;-37,1044;-1,8447;-0,0000;38,9491;0,0000;-0,0000;246,4582;-33,6838;0,0000;-212,7744;-0,0000;11;0
3,5919;23,1986;34,6573;21,2505;0,0000;34,0923;23,1986;350,000;150,000;129,233;251,750;-0,0000;-36,3997;-1,9380;0,0000;38,3378;-0,0000;-0,0000;245,1755;-31,4365;0,0000;-213,7390;-0,0000;11;0
3,5948;23,1986;34,5539;21,2448;0,0000;34,2013;23,1986;350,000;150,000;129,943;247,450;-0,0000;-35,6987;-2,0250;0,0000;37,7237;-0,0000;0,0000;243,9068;-29,2276;-0,0000;-214,6792;-0,0000;11;0
3,5977;23,1986;34,4526;21,2388;0,0000;34,3086;23,1986;350,000;150,000;130,640;243,150;-0,0000;-35,0013;-2,1056;0,0000;37,1069;-0,0000;0,0000;242,6525;-27,0571;-0,0000;-215,5955;0,0000;11;0
3,6005;23,1986;34,3533;21,2327;0,0000;34,4140;23,1986;350,000;150,000;131,324;238,850;0,0000;-34,3075;-2,1801;-0,0000;36,4876;0,0000;0,0000;241,4132;-24,9251;-0,0000;-216,4881;0,0000;11;0
3,6034;23,1986;34,2559;21,2263;0,0000;34,5177;23,1986;350,000;150,000;131,997;234,550;0,0000;-33,6172;-2,2485;-0,0000;35,8657;0,0000;-0,0000;240,1891;-22,8315;0,0000;-217,3577;-0,0000;11;0
3,6063;23,1986;34,1605;21,2198;0,0000;34,6197;23,1986;350,000;150,000;132,657;230,250;0,0000;-32,9304;-2,3110;0,0000;35,2414;-0,0000;-0,0000;238,9808;-20,7764;0,0000;-218,2044;-0,0000;11;0
3,6091;23,1986;34,0671;21,2131;0,0000;34,7198;23,1986;350,000;150,000;133,305;225,950;0,0000;-32,2471;-2,3676;0,0000;34,6147;-0,0000;-0,0000;237,7885;-18,7597;0,0000;-219,0288;0,0000;11;0
3,6120;23,1986;33,9756;21,2062;0,0000;34,8181;23,1986;350,000;150,000;133,940;221,650;0,0000;-31,5671;-2,4186;0,0000;33,9856;-0,0000;0,0000;236,6127;-16,7816;-0,0000;-219,8311;0,0000;11;0
3,6149;23,1986;33,8861;21,1992;0,0000;34,9146;23,1986;350,000;150,000;134,563;217,350;0,0000;-30,8905;-2,4639;-0,0000;33,3543;0,0000;0,0000;235,4538;-14,8419;-0,0000;-220,6119;0,0000;11;0
3,6177;23,1986;33,7985;21,1921;0,0000;35,0094;23,1986;350,000;150,000;135,174;213,050;0,0000;-30,2172;-2,5036;-0,0000;32,7208;0,0000;0,0000;234,3121;-12,9408;-0,0000;-221,3711;0,0000;11;0
3,6206;23,1986;33,7129;21,1849;0,0000;35,1022;23,1986;350,000;150,000;135,772;208,750;0,0000;-29,5471;-2,5380;-0,0000;32,0851;0,0000;0,0000;233,1879;-11,0781;-0,0000;-222,1097;0,0000;11;0
3,6235;23,1986;33,6291;21,1776;0,0000;35,1933;23,1986;350,000;150,000;136,358;204,450;0,0000;-28,8802;-2,5672;-0,0000;31,4474;0,0000;-0,0000;232,0815;-9,2536;0,0000;-222,8280;-0,0000;11;0
3,6263;23,1986;33,5473;21,1702;0,0000;35,2825;23,1986;350,000;150,000;136,932;200,150;0,0000;-28,2165;-2,5911;-0,0000;30,8076;0,0000;-0,0000;230,9935;-7,4678;0,0000;-223,5258;-0,0000;11;0
3,6292;23,1986;33,4674;21,1627;0,0000;35,3699;23,1986;350,000;150,000;137,493;195,850;0,0000;-27,5559;-2,6100;-0,0000;30,1658;0,0000;-0,0000;229,9241;-5,7207;0,0000;-224,2034;-0,0000;11;0
3,6321;23,1986;33,3893;21,1552;0,0000;35,4555;23,1986;350,000;150,000;138,043;191,550;0,0000;-26,8983;-2,6239;0,0000;29,5222;0,0000;0,0000;228,8736;-4,0119;-0,0000;-224,8617;0,0000;11;0
3,6349;23,1986;33,3131;21,1477;0,0000;35,5392;23,1986;350,000;150,000;138,579;187,250;0,0000;-26,2436;-2,6330;-0,0000;28,8766;0,0000;0,0000;227,8423;-2,3416;-0,0000;-225,5008;-0,0000;11;0
3,6378;23,1986;33,2388;21,1401;0,0000;35,6211;23,1986;350,000;150,000;139,104;182,950;0,0000;-25,5920;-2,6373;-0,0000;28,2293;0,0000;-0,0000;226,8306;-0,7098;0,0000;-226,1209;-0,0000;11;0
3,6407;23,1986;33,1664;21,1325;0,0000;35,7011;23,1986;350,000;150,000;139,616;178,650;0,0000;-24,9431;-2,6370;-0,0000;27,5802;-0,0000;0,0000;225,8387;0,8836;-0,0000;-226,7223;-0,0000;11;0
3,6435;23,1986;33,0958;21,1250;0,0000;35,7792;23,1986;350,000;150,000;140,116;174,350;0,0000;-24,2972;-2,6323;-0,0000;26,9294;-0,0000;-0,0000;224,8669;2,4385;0,0000;-227,3054;0,0000;11;0
3,6464;23,1986;33,0271;21,1174;0,0000;35,8554;23,1986;350,000;150,000;140,603;170,050;0,0000;-23,6539;-2,6231;-0,0000;26,2770;0,0000;-0,0000;223,9156;3,9549;0,0000;-227,8704;-0,0000;11;0
3,6493;23,1986;32,9602;21,1099;0,0000;35,9298;23,1986;350,000;150,000;141,078;165,750;-0,0000;-23,0134;-2,6096;0,0000;25,6230;-0,0000;-0,0000;222,9849;5,4329;0,0000;-228,4177;-0,0000;11;0
3,6521;23,1986;32,8952;21,1025;0,0000;36,0024;23,1986;350,000;150,000;141,541;161,450;-0,0000;-22,3755;-2,5919;0,0000;24,9674;-0,0000;0,0000;222,0752;6,8725;-0,0000;-228,9477;-0,0000;11;0
3,6550;23,1986;32,8319;21,0951;0,0000;36,0730;23,1986;350,000;150,000;141,992;157,150;0,0000;-21,7401;-2,5702;-0,0000;24,3103;-0,0000;0,0000;221,1867;8,2735;-0,0000;-229,4602;0,0000;11;0
3,6579;23,1986;32,7705;21,0877;0,0000;36,1417;23,1986;350,000;150,000;142,430;152,850;0,0000;-21,1073;-2,5445;-0,0000;23,6518;0,0000;-0,0000;220,3196;9,6361;0,0000;-229,9558;0,0000;11;0
3,6607;23,1986;32,7109;21,0805;0,0000;36,2086;23,1986;350,000;150,000;142,856;148,550;0,0000;-20,4770;-2,5149;0,0000;22,9919;0,0000;-0,0000;219,4743;10,9603;0,0000;-230,4346;-0,0000;11;0
3,6636;23,1986;32,6531;21,0733;0,0000;36,2735;23,1986;350,000;150,000;143,269;144,250;-0,0000;-19,8490;-2,4816;0,0000;22,3307;-0,0000;0,0000;218,6509;12,2461;-0,0000;-230,8970;-0,0000;11;0
3,6665;23,1986;32,5971;21,0663;0,0000;36,3366;23,1986;350,000;150,000;143,670;139,950;0,0000;-19,2234;-2,4447;-0,0000;21,6681;-0,0000;0,0000;217,8497;13,4934;-0,0000;-231,3431;0,0000;11;0
3,6693;23,1986;32,5429;21,0593;0,0000;36,3978;23,1986;350,000;150,000;144,059;135,650;0,0000;-18,6000;-2,4043;-0,0000;21,0043;-0,0000;-0,0000;217,0709;14,7023;0,0000;-231,7732;-0,0000;11;0
3,6722;23,1986;32,4905;21,0525;0,0000;36,4570;23,1986;350,000;150,000;144,436;131,350;0,0000;-17,9788;-2,3604;0,0000;20,3393;-0,0000;-0,0000;216,3146;15,8728;0,0000;-232,1874;0,0000;11;0
3,6751;23,1986;32,4398;21,0458;0,0000;36,5144;23,1986;350,000;150,000;144,800;127,050;0,0000;-17,3598;-2,3133;0,0000;19,6731;-0,0000;0,0000;215,5812;17,0049;-0,0000;-232,5861;0,0000;11;0
3,6779;23,1986;32,3910;21,0392;0,0000;36,5698;23,1986;350,000;150,000;145,152;122,750;0,0000;-16,7428;-2,2629;-0,0000;19,0058;0,0000;0,0000;214,8708;18,0986;-0,0000;-232,9694;0,0000;11;0
3,6808;23,1986;32,3438;21,0328;0,0000;36,6234;23,1986;350,000;150,000;145,491;118,450;0,0000;-16,1279;-2,2095;-0,0000;18,3374;0,0000;0,0000;214,1836;19,1539;-0,0000;-233,3375;-0,0000;11;0
3,6837;23,1986;32,2985;21,0265;0,0000;36,6750;23,1986;350,000;150,000;145,819;114,150;0,0000;-15,5148;-2,1531;-0,0000;17,6680;0,0000;0,0000;213,5198;20,1708;-0,0000;-233,6907;-0,0000;11;0
3,6865;23,1986;32,2549;21,0205;0,0000;36,7247;23,1986;350,000;150,000;146,134;109,850;0,0000;-14,9037;-2,0939;-0,0000;16,9976;0,0000;-0,0000;212,8796;21,1494;0,0000;-234,0290;-0,0000;11;0
3,6894;23,1986;32,2130;21,0145;0,0000;36,7724;23,1986;350,000;150,000;146,436;105,550;0,0000;-14,2943;-2,0319;-0,0000;16,3262;0,0000;-0,0000;212,2630;22,0896;0,0000;-234,3526;0,0000;11;0
3,6923;23,1986;32,1729;21,0088;0,0000;36,8183;23,1986;350,000;150,000;146,726;101,250;0,0000;-13,6867;-1,9672;-0,0000;15,6539;0,0000;0,0000;211,1772;23,7330;0,0000;-234,9102;0,0000;11;0
3,6951;23,1986;32,1346;21,0033;0,0000;36,8622;23,1986;350,000;150,000;147,004;96,950;0,0000;-13,0836;-1,8958;-0,0000;14,9794;0,0000;-0,0000;210,6526;24,5292;0,0000;-235,1818;-0,0000;11;0
3,6980;23,1986;32,0979;20,9979;0,0000;36,9041;23,1986;350,000;150,000;147,270;92,652;0,0000;-12,4790;-1,8266;0,0000;14,3056;-0,0000;-0,0000;211,1368;23,8071;0,0000;-234,9439;-0,0000;11;0
3,7009;23,1986;32,0630;20,9928;0,0000;36,9442;23,1986;350,000;150,000;147,523;88,350;-0,0000;-11,8731;-1,7593;0,0000;13,6324;-0,0000;0,0000;210,5690;24,6676;-0,0000;-235,2366;0,0000;11;0
3,7037;23,1986;32,0298;20,9879;0,0000;36,9823;23,1986;350,000;150,000;147,764;84,050;0,0000;-11,2717;-1,6852;-0,0000;12,9569;0,0000;0,0000;209,5339;26,2280;-0,0000;-235,7620;0,0000;11;0
3,7066;23,1986;31,9984;20,9831;0,0000;37,0185;23,1986;350,000;150,000;147,993;79,750;0,0000;-10,6717;-1,6089;-0,0000;12,2807;0,0000;-0,0000;209,0626;26,9381;0,0000;-236,0007;-0,0000;11;0
3,7095;23,1986;31,9687;20,9786;0,0000;37,0527;23,1986;350,000;150,000;148,209;75,450;-0,0000;-10,0731;-1,5307;-0,0000;11,6038;-0,0000;-0,0000;208,6163;27,6099;-0,0000;-236,2262;-0,0000;11;0
3,7123;23,1986;31,9406;20,9744;0,0000;37,0850;23,1986;350,000;150,000;148,413;71,150;-0,0000;-9,4757;-1,4506;-0,0000;10,9263;-0,0000;0,0000;208,1948;28,2433;-0,0000;-236,4381;0,0000;11;0
3,7152;23,1986;31,9143;20,9703;0,0000;37,1154;23,1986;350,000;150,000;148,605;66,850;0,0000;-8,8794;-1,3688;-0,0000;10,2482;0,0000;0,0000;207,7982;28,8385;0,0000;-236,6367;0,0000;11;0
3,7181;23,1986;31,8897;20,9665;0,0000;37,1438;23,1986;350,000;150,000;148,784;62,550;0,0000;-8,2843;-1,2853;-0,0000;9,5696;0,0000;-0,0000;207,4267;29,3953;0,0000;-236,8221;-0,0000;11;0
3,7209;23,1986;31,8668;20,9629;0,0000;37,1702;23,1986;350,000;150,000;148,951;58,250;-0,0000;-7,6902;-1,2003;-0,0000;8,8904;-0,0000;-0,0000;207,0803;29,9139;-0,0000;-236,9942;-0,0000;11;0
3,7238;23,1986;31,8456;20,9596;0,0000;37,1947;23,1986;350,000;150,000;149,106;53,950;-0,0000;-7,0970;-1,1138;-0,0000;8,2108;0,0000;0,0000;206,7592;30,3941;-0,0000;-237,1533;0,0000;11;0
3,7267;23,1986;31,8261;20,9566;0,0000;37,2173;23,1986;350,000;150,000;149,248;49,650;-0,0000;-6,5048;-1,0260;-0,0000;7,5308;0,0000;0,0000;206,4633;30,8361;0,0000;-237,2994;-0,0000;11;0
3,7295;23,1986;31,8084;20,9537;0,0000;37,2379;23,1986;350,000;150,000;149,378;45,350;0,0000;-5,9133;-0,9370;0,0000;6,8503;0,0000;-0,0000;206,1929;31,2398;0,0000;-237,4326;-0,0000;11;0
3,7324;23,1986;31,7922;20,9512;0,0000;37,2566;23,1986;350,000;150,000;149,496;41,050;-0,0000;-5,3226;-0,8469;-0,0000;6,1695;-0,0000;-0,0000;205,9478;31,6051;-0,0000;-237,5529;0,0000;11;0
3,7353;23,1986;31,7778;20,9489;0,0000;37,2733;23,1986;350,000;150,000;149,601;36,750;0,0000;-4,7325;-0,7558;-0,0000;5,4883;0,0000;0,0000;205,7283;31,9322;0,0000;-237,6605;0,0000;11;0
3,7381;23,1986;31,7651;20,9469;0,0000;37,2880;23,1986;350,000;150,000;149,694;32,450;-0,0000;-4,1431;-0,6638;0,0000;4,8069;0,0000;-0,0000;205,5343;32,2210;-0,0000;-237,7553;-0,0000;11;0
3,7410;23,1986;31,7541;20,9451;0,0000;37,3008;23,1986;350,000;150,000;149,775;28,150;-0,0000;-3,5542;-0,5711;-0,0000;4,1252;0,0000;0,0000;205,3659;32,4716;-0,0000;-237,8375;0,0000;11;0
3,7439;23,1986;31,7447;20,9436;0,0000;37,3117;23,1986;350,000;150,000;149,843;23,850;0,0000;-2,9657;-0,4776;-0,0000;3,4433;0,0000;0,0000;205,2232;32,6838;0,0000;-237,9070;0,0000;11;0
3,7467;23,1986;31,7371;20,9423;0,0000;37,3206;23,1986;350,000;150,000;149,899;19,550;0,0000;-2,3775;-0,3837;-0,0000;2,7612;0,0000;-0,0000;205,1062;32,8578;0,0000;-237,9640;-0,0000;11;0
3,7496;23,1986;31,7311;20,9414;0,0000;37,3275;23,1986;350,000;150,000;149,943;15,250;-0,0000;-1,7897;-0,2893;0,0000;2,0790;-0,0000;-0,0000;205,0148;32,9935;0,0000;-238,0084;-0,0000;11;0
3,7525;23,1986;31,7268;20,9407;0,0000;37,3325;23,1986;350,000;150,000;149,974;10,950;0,0000;-1,2021;-0,1945;-0,0000;1,3966;0,0000;0,0000;204,9493;33,0910;-0,0000;-238,0403;0,0000;11;0
3,7553;23,1986;31,7242;20,9403;0,0000;37,3355;23,1986;350,000;150,000;149,993;6,650;0,0000;-0,6147;-0,0995;-0,0000;0,7142;0,0000;-0,0000;181,6797;29,3900;0,0000;-211,0697;-0,0000;11;0
3,7582;23,1986;31,7233;20,9401;0,0000;37,3366;23,1986;350,000;150,000;150,000;2,350;-0,0000;-0,1605;-0,0260;-0,0000;0,1865;-0,0000;-44,0503;27,9294;-3,4233;-0,0013;-24,5058;-44,0487;11;0
3,7611;23,1986;31,7233;20,9401;0,0000;37,3366;23,1986;350,000;150,000;150,000;0,000;-0,2526;-0,4545;-0,1192;-0,0000;0,5737;-0,2525;-176,2024;-288,9679;-78,5693;-0,0013;367,5374;-176,2008;11;0
3,7639;23,1971;31,7207;20,9394;-0,0000;37,3399;23,1971;350,005;149,992;150,020;7,801;-1,0102;-1,8172;-0,4765;-0,0000;2,2937;-1,0102;-308,3551;-554,5295;-145,4059;0,0013;699,9352;-308,3567;12;0
3,7668;23,1928;31,7129;20,9374;-0,0000;37,3497;23,1928;350,018;149,966;150,081;23,392;-2,0205;-3,6338;-0,9528;0,0000;4,5867;-2,0205;-352,4058;-633,7558;-166,1796;0,0013;799,9352;-352,4074;12;0
3,7697;23,1856;31,6999;20,9340;-0,0000;37,3662;23,1856;350,042;149,924;150,181;38,988;-3,0307;-5,4508;-1,4292;0,0000;6,8800;-3,0307;-352,4055;-633,8108;-166,1892;0,0000;800,0000;-352,4055;12;0
3,7725;23,1754;31,6816;20,9292;-0,0000;37,3892;23,1754;350,074;149,864;150,322;54,584;-4,0409;-7,2677;-1,9056;0,0000;9,1733;-4,0409;-352,4055;-633,8108;-166,1892;0,0000;800,0000;-352,4055;12;0
3,7754;23,1624;31,6582;20,9230;-0,0000;37,4188;23,1624;350,115;149,788;150,504;70,183;-5,0511;-9,0846;-2,3820;0,0000;11,4667;-5,0511;-352,4055;-633,8108;-166,1892;0,0000;800,0000;-352,4055;12;0
3,7783;23,1465;31,6295;20,9155;-0,0000;37,4549;23,1465;350,166;149,694;150,726;85,784;-6,0614;-10,9015;-2,8585;0,0000;13,7600;-6,0614;-352,4055;-633,8108;-166,1892;0,0000;800,0000;-352,4055;12;0
3,7811;23,1276;31,5957;20,9067;-0,0000;37,4977;23,1276;350,225;149,583;150,988;101,388;-7,0716;-12,7185;-3,3349;0,0000;16,0533;-7,0716;-352,4055;-633,8108;-166,1892;0,0000;800,0000;-352,4055;12;0
3,7840;23,1059;31,5566;20,8964;-0,0000;37,5470;23,1059;350,293;149,455;151,290;116,995;-8,0818;-14,5354;-3,8113;0,0000;18,3467;-8,0818;-352,4055;-633,8108;-166,1892;0,0000;800,0000;-352,4055;12;0
3,7869;23,0813;31,5123;20,8848;-0,0000;37,6029;23,0813;350,370;149,310;151,633;132,606;-9,0921;-16,3523;-4,2877;0,0000;20,6400;-9,0921;-352,4055;-633,8108;-166,1892;0,0000;800,0000;-352,4055;12;0
3,7897;23,0538;31,4629;20,8718;-0,0000;37,6653;23,0538;350,456;149,148;152,016;148,222;-10,1023;-18,1692;-4,7641;0,0000;22,9333;-10,1023;-352,4055;-633,8108;-166,1892;0,0000;800,0000;-352,4055;12;0
3,7926;23,0234;31,4082;20,8575;-0,0000;37,7343;23,0234;350,550;148,969;152,440;163,842;-11,1125;-19,9862;-5,2405;0,0000;25,2267;-11,1125;-352,4055;-633,8108;-166,1892;0,0000;800,0000;-352,4055;12;0
3,7955;22,9901;31,3483;20,8418;-0,0000;37,8099;22,9901;350,653;148,772;152,904;179,468;-12,1227;-21,8031;-5,7169;0,0000;27,5200;-12,1227;-352,4055;-633,8108;-166,1892;0,0000;800,0000;-352,4055;12;0
3,7983;22,9539;31,2832;20,8247;-0,0000;37,8921;22,9539;350,764;148,557;153,409;195,100;-13,1330;-23,6200;-6,1933;0,0000;29,8133;-13,1330;-352,4055;-633,8108;-166,1892;0,0000;800,0000;-352,4055;12;0
3,8012;22,9148;31,2129;20,8063;-0,0000;37,9809;22,9148;350,882;148,325;153,954;210,738;-14,1432;-25,4369;-6,6697;0,0000;32,1067;-14,1432;-352,4055;-633,8108;-166,1892;0,0000;800,0000;-352,4055;12;0
3,8041;22,8728;31,1373;20,7865;-0,0000;38,0762;22,8728;351,009;148,076;154,539;226,383;-15,1534;-27,2539;-7,1461;0,0000;34,4000;-15,1534;-352,4055;-633,8108;-166,1892;0,0000;800,0000;-352,4055;12;0
3,8069;22,8279;31,0566;20,7653;-0,0000;38,1781;22,8279;351,143;147,808;155,165;242,035;-16,1637;-29,0708;-7,6225;0,0000;36,6933;-16,1637;-352,4055;-633,8108;-166,1892;0,0000;800,0000;-352,4055;12;0
3,8098;22,7801;30,9707;20,7428;-0,0000;38,2866;22,7801;351,285;147,523;155,832;257,695;-17,1739;-30,8877;-8,0990;0,0000;38,9867;-17,1739;-352,4055;-633,8108;-166,1892;0,0000;800,0000;-352,4055;12;0
3,8127;22,7294;30,8795;20,7189;-0,0000;38,4016;22,7294;351,433;147,220;156,539;273,364;-18,1841;-32,7046;-8,5754;0,0000;41,2800;-18,1841;-352,4055;-633,8108;-166,1892;0,0000;800,0000;-352,4055;12;0
3,8155;22,6759;30,7832;20,6936;-0,0000;38,5232;22,6759;351,589;146,899;157,287;289,041;-19,1944;-34,5216;-9,0518;0,0000;43,5733;-19,1944;-352,4055;-633,8108;-166,1892;0,0000;800,0000;-352,4055;12;0
3,8184;22,6194;30,6816;20,6670;-0,0000;38,6514;22,6194;351,751;146,560;158,075;304,727;-20,2046;-36,3385;-9,5282;0,0000;45,8667;-20,2046;-352,4055;-633,8108;-166,1892;0,0000;800,0000;-352,4055;12;0
3,8213;22,5600;30,5748;20,6390;-0,0000;38,7862;22,5600;351,920;146,202;158,904;320,423;-21,2148;-38,1554;-10,0046;0,0000;48,1600;-21,2148;-352,4055;-633,8108;-166,1892;0,0000;800,0000;-352,4055;12;0
3,8241;22,4978;30,4628;20,6096;-0,0000;38,9276;22,4978;352,094;145,826;159,774;336,128;-22,2250;-39,9723;-10,4810;0,0000;50,4533;-22,2250;-352,4055;-633,8108;-166,1892;0,0000;800,0000;-352,4055;12;0
3,8270;22,4326;30,3456;20,5789;-0,0000;39,0755;22,4326;352,275;145,432;160,685;351,845;-23,2353;-41,7893;-10,9574;0,0000;52,7467;-23,2353;-352,4055;-633,8108;-166,1892;0,0000;800,0000;-352,4055;12;0
3,8299;22,3645;30,2232;20,5468;-0,0000;39,2300;22,3645;352,460;145,019;161,636;367,572;-24,2455;-43,6062;-11,4338;0,0000;55,0400;-24,2455;-352,4055;-633,8108;-166,1892;0,0000;800,0000;-352,4055;12;0
3,8327;22,2936;30,0956;20,5133;-0,0000;39,3910;22,2936;352,651;144,587;162,628;383,310;-25,2557;-45,4231;-11,9102;0,0000;57,3333;-25,2557;-352,4055;-633,8108;-166,1892;0,0000;800,0000;-352,4055;12;0
3,8356;22,2197;29,9628;20,4785;-0,0000;39,5587;22,2197;352,846;144,136;163,661;399,059;-26,2660;-47,2400;-12,3866;0,0000;59,6267;-26,2660;-352,4055;-633,8108;-166,1892;0,0000;800,0000;-352,4055;12;0
3,8385;22,1430;29,8248;20,4423;-0,0000;39,7329;22,1430;353,046;143,666;164,735;414,821;-27,2762;-49,0570;-12,8630;0,0000;61,9200;-27,2762;-352,4055;-633,8108;-166,1892;0,0000;800,0000;-352,4055;12;0
3,8413;22,0634;29,6816;20,4048;-0,0000;39,9137;22,0634;353,249;143,177;165,850;430,595;-28,2864;-50,8739;-13,3395;0,0000;64,2133;-28,2864;-352,4055;-633,8108;-166,1892;0,0000;800,0000;-352,4055;12;0
3,8442;21,9808;29,5331;20,3658;-0,0000;40,1011;21,9808;353,456;142,668;167,006;446,382;-29,2966;-52,6908;-13,8159;0,0000;66,5067;-29,2966;-352,4055;-633,8108;-166,1892;0,0000;800,0000;-352,4055;12;0
3,8471;21,8954;29,3795;20,3255;-0,0000;40,2950;21,8954;353,666;142,140;168,203;462,181;-30,3069;-54,5077;-14,2923;0,0000;68,8000;-30,3069;-352,4055;-633,8108;-166,1892;0,0000;800,0000;-352,4055;12;0
3,8499;21,8071;29,2206;20,2839;-0,0000;40,4955;21,8071;353,879;141,592;169,441;477,994;-31,3171;-56,3247;-14,7687;0,0000;71,0933;-31,3171;-352,4055;-633,8108;-166,1892;0,0000;800,0000;-352,4055;12;0
3,8528;21,7158;29,0565;20,2409;-0,0000;40,7026;21,7158;354,093;141,024;170,720;493,820;-32,3273;-58,1416;-15,2451;0,0000;73,3867;-32,3273;-352,4055;-633,8108;-166,1892;0,0000;800,0000;-352,4055;12;0
3,8557;21,6217;28,8873;20,1965;-0,0000;40,9163;21,6217;354,310;140,437;172,040;509,660;-33,3376;-59,9585;-15,7215;0,0000;75,6800;-33,3376;-352,4055;-633,8108;-166,1892;0,0000;800,0000;-352,4055;12;0
3,8585;21,5247;28,7128;20,1507;-0,0000;41,1365;21,5247;354,527;139,829;173,401;525,515;-34,3478;-61,7754;-16,1979;0,0000;77,9733;-34,3478;-352,4055;-633,8108;-166,1892;0,0000;800,0000;-352,4055;12;0
3,8614;21,4248;28,5331;20,1036;-0,0000;41,3633;21,4248;354,745;139,200;174,803;541,383;-35,3580;-63,5923;-16,6743;0,0000;80,2667;-35,3580;-352,4055;-633,8108;-166,1892;0,0000;800,0000;-352,4055;12;0
3,8643;21,3220;28,3482;20,0551;-0,0000;41,5967;21,3220;354,963;138,551;176,246;557,266;-36,3682;-65,4093;-17,1507;0,0000;82,5600;-36,3682;-352,4055;-633,8108;-166,1892;0,0000;800,0000;-352,4055;12;0
3,8671;21,2163;28,1581;20,0053;-0,0000;41,8367;21,2163;355,181;137,882;177,731;573,164;-37,3785;-67,2262;-17,6271;0,0000;84,8533;-37,3785;-352,4055;-633,8108;-166,1892;0,0000;800,0000;-352,4055;12;0
3,8700;21,1077;27,9627;19,9541;-0,0000;42,0832;21,1077;355,397;137,191;179,257;589,077;-38,3887;-69,0431;-18,1035;0,0000;87,1467;-38,3887;-352,4055;-633,8108;-166,1892;0,0000;800,0000;-352,4055;12;0
3,8729;20,9962;27,7622;19,9015;-0,0000;42,3363;20,9962;355,612;136,480;180,824;605,005;-39,3989;-70,8600;-18,5800;0,0000;89,4400;-39,3989;-352,4055;-633,8108;-166,1892;0,0000;800,0000;-352,4055;12;0
3,8757;20,8818;27,5565;19,8475;-0,0000;42,5960;20,8818;355,825;135,747;182,432;620,948;-40,4092;-72,6770;-19,0564;0,0000;91,7333;-40,4092;-352,4055;-633,8108;-166,1892;0,0000;800,0000;-352,4055;12;0
3,8786;20,7645;27,3455;19,7922;-0,0000;42,8622;20,7645;356,035;134,993;184,081;636,907;-41,4194;-74,4939;-19,5328;0,0000;94,0267;-41,4194;-352,4055;-633,8108;-166,1892;0,0000;800,0000;-352,4055;12;0
3,8815;20,6443;27,1294;19,7356;-0,0000;43,1351;20,6443;356,241;134,217;185,772;652,881;-42,4296;-76,3108;-20,0092;0,0000;96,3200;-42,4296;-352,4055;-633,8108;-166,1892;0,0000;800,0000;-352,4055;12;0
3,8843;20,5212;26,9080;19,6775;-0,0000;43,4145;20,5212;356,443;133,419;187,504;668,871;-43,4398;-78,1277;-20,4856;0,0000;98,6133;-43,4398;-352,4055;-633,8108;-166,1892;0,0000;800,0000;-352,4055;12;0
3,8872;20,3953;26,6814;19,6181;-0,0000;43,7004;20,3953;356,641;132,600;189,277;684,876;-44,4501;-79,9447;-20,9620;0,0000;100,9067;-44,4501;-352,4055;-633,8108;-166,1892;0,0000;800,0000;-352,4055;12;0
3,8901;20,2664;26,4497;19,5573;-0,0000;43,9930;20,2664;356,833;131,759;191,092;700,897;-45,4603;-81,7616;-21,4384;0,0000;103,2000;-45,4603;-352,4055;-633,8108;-166,1892;0,0000;800,0000;-352,4055;12;0
3,8929;20,1346;26,2127;19,4952;-0,0000;44,2921;20,1346;357,018;130,895;192,947;716,935;-46,4705;-83,5785;-21,9148;0,0000;105,4933;-46,4705;-352,4055;-633,8108;-166,1892;0,0000;800,0000;-352,4055;12;0
3,8958;20,0000;25,9705;19,4317;-0,0000;44,5978;20,0000;357,197;130,009;194,844;732,988;-47,4808;-85,3954;-22,3912;0,0000;107,7867;-47,4808;-352,4055;-633,8108;-166,1892;0,0000;800,0000;-352,4055;12;0
3,8987;19,8624;25,7231;19,3668;-0,0000;44,9101;19,8624;357,368;129,100;196,782;749,056;-48,4910;-87,2124;-22,8676;0,0000;110,0800;-48,4910;-352,4055;-633,8108;-166,1892;0,0000;800,0000;-352,4055;12;0
3,9015;19,7220;25,4705;19,3006;-0,0000;45,2289;19,7220;357,530;128,169;198,762;765,141;-49,5012;-89,0293;-23,3440;0,0000;112,3733;-49,5012;-352,4055;-633,8108;-166,1892;0,0000;800,0000;-352,4055;12;0
3,9044;19,5786;25,2126;19,2330;-0,0000;45,5544;19,5786;357,684;127,215;200,782;781,241;-50,5115;-90,8462;-23,8205;0,0000;114,6667;-50,5115;-352,4055;-633,8108;-166,1892;0,0000;800,0000;-352,4055;12;0
3,9073;19,4324;24,9496;19,1640;-0,0000;45,8864;19,4324;357,827;126,238;202,843;797,357;-51,5217;-92,6631;-24,2969;0,0000;116,9600;-51,5217;-352,4055;-633,8108;-166,1892;0,0000;800,0000;-352,4055;12;0
3,9101;19,2832;24,6814;19,0937;-0,0000;46,2249;19,2832;357,959;125,238;204,946;813,488;-52,5319;-94,4801;-24,7733;0,0000;119,2533;-52,5319;-352,4055;-633,8108;-166,1892;0,0000;800,0000;-352,4055;12;0
3,9130;19,1312;24,4079;19,0220;-0,0000;46,5701;19,1312;358,080;124,214;207,089;829,635;-53,5421;-96,2970;-25,2497;0,0000;121,5467;-53,5421;-352,4055;-633,8108;-166,1892;0,0000;800,0000;-352,4055;12;0
3,9159;18,9762;24,1293;18,9489;-0,0000;46,9218;18,9762;358,187;123,168;209,274;845,797;-54,5524;-98,1139;-25,7261;0,0000;123,8400;-54,5524;-352,4055;-633,8108;-166,1892;0,0000;800,0000;-352,4055;12;0
3,9187;18,8184;23,8454;18,8745;-0,0000;47,2801;18,8184;358,282;122,098;211,499;861,975;-55,5626;-99,9308;-26,2025;0,0000;126,1333;-55,5626;-352,4055;-633,8108;-166,1892;0,0000;800,0000;-352,4055;12;0
3,9216;18,6577;23,5563;18,7987;-0,0000;47,6450;18,6577;358,362;121,004;213,765;878,167;-56,5728;-101,7478;-26,6789;0,0000;128,4267;-56,5728;-352,4055;-633,8108;-166,1892;0,0000;800,0000;-352,4055;12;0
3,9245;18,4941;23,2621;18,7215;-0,0000;48,0164;18,4941;358,427;119,886;216,072;894,373;-57,5831;-103,5647;-27,1553;0,0000;130,7200;-57,5831;-352,4055;-633,8108;-166,1892;0,0000;800,0000;-352,4055;12;0
3,9273;18,3275;22,9626;18,6430;-0,0000;48,3944;18,3275;358,475;118,745;218,419;910,595;-58,5933;-105,3816;-27,6317;0,0000;133,0133;-58,5933;-352,4055;-633,8108;-166,1892;0,0000;800,0000;-352,4055;12;0
3,9302;18,1581;22,6579;18,5631;-0,0000;48,7790;18,1581;358,506;117,581;220,807;926,830;-59,6035;-107,1985;-28,1081;0,0000;135,3067;-59,6035;-352,4055;-633,8108;-166,1892;0,0000;800,0000;-352,4055;12;0
3,9331;17,9858;22,3480;18,4818;-0,0000;49,1702;17,9858;358,519;116,392;223,235;943,080;-60,6137;-109,0155;-28,5845;0,0000;137,6000;-60,6137;-352,4055;-633,8108;-166,1892;0,0000;800,0000;-352,4055;12;0
3,9359;17,8106;22,0328;18,3992;-0,0000;49,5679;17,8106;358,513;115,179;225,703;959,343;-61,6240;-110,8324;-29,0610;0,0000;139,8933;-61,6240;-352,4055;-633,8108;-166,1892;0,0000;800,0000;-352,4055;12;0
3,9388;17,6325;21,7125;18,3152;-0,0000;49,9723;17,6325;358,487;113,942;228,211;975,619;-62,6342;-112,6493;-29,5374;0,0000;142,1867;-62,6342;-352,4055;-633,8108;-166,1892;0,0000;800,0000;-352,4055;12;0
3,9417;17,4515;21,3870;18,2299;-0,0000;50,3831;17,4515;358,439;112,682;230,760;991,908;-63,6444;-114,4662;-30,0138;0,0000;144,4800;-63,6444;-352,4055;-633,8108;-166,1892;0,0000;800,0000;-352,4055;12;0
3,9445;17,2676;21,0563;18,1431;-0,0000;50,8006;17,2676;358,369;111,397;233,348;1008,209;-64,6547;-116,2831;-30,4902;0,0000;146,7733;-64,6547;-352,4055;-633,8108;-166,1892;0,0000;800,0000;-352,4055;12;0
3,9474;17,0808;20,7203;18,0551;-0,0000;51,2246;17,0808;358,276;110,089;235,975;1024,523;-65,6649;-118,1001;-30,9666;0,0000;149,0667;-65,6649;-352,4055;-633,8108;-166,1892;0,0000;800,0000;-352,4055;12;0
3,9503;16,8911;20,3791;17,9656;-0,0000;51,6553;16,8911;358,158;108,756;238,643;1040,848;-66,6751;-119,9170;-31,4430;0,0000;151,3600;-66,6751;-352,4055;-633,8108;-166,1892;0,0000;800,0000;-352,4055;12;0
3,9531;16,6985;20,0328;17,8748;-0,0000;52,0924;16,6985;358,014;107,400;241,349;1057,185;-67,6853;-121,7339;-31,9194;0,0000;153,6533;-67,6853;-352,4055;-633,8108;-166,1892;0,0000;800,0000;-352,4055;12;0
3,9560;16,5031;19,6812;17,7826;-0,0000;52,5362;16,5031;357,844;106,019;244,094;1073,532;-68,6956;-123,5508;-32,3958;0,0000;155,9467;-68,6956;-352,4055;-633,8108;-166,1892;0,0000;800,0000;-352,4055;12;0
3,9589;16,3047;19,3244;17,6890;-0,0000;52,9865;16,3047;357,646;104,615;246,878;1089,889;-69,7058;-125,3678;-32,8722;0,0000;158,2400;-69,7058;-352,4055;-633,8108;-166,1892;0,0000;800,0000;-352,4055;12;0
3,9617;16,1034;18,9624;17,5941;-0,0000;53,4434;16,1034;357,419;103,187;249,700;1106,256;-70,7160;-127,1847;-33,3486;0,0000;160,5333;-70,7160;-352,4055;-633,8108;-166,1892;0,0000;800,0000;-352,4055;12;0
3,9646;15,8992;18,5952;17,4979;-0,0000;53,9069;15,8992;357,162;101,735;252,561;1122,632;-71,7263;-129,0016;-33,8250;0,0000;162,8267;-71,7263;-352,4055;-633,8108;-166,1892;0,0000;800,0000;-352,4055;12;0
3,9675;15,6922;18,2228;17,4002;-0,0000;54,3770;15,6922;356,874;100,260;255,460;1139,017;-72,7365;-130,8185;-34,3015;0,0000;165,1200;-72,7365;-352,4055;-633,8108;-166,1892;0,0000;800,0000;-352,4055;12;0
3,9703;15,4822;17,8452;17,3012;-0,0000;54,8536;15,4822;356,553;98,762;258,396;1155,410;-73,7467;-132,6355;-34,7779;0,0000;167,4133;-73,7467;-352,4055;-633,8108;-166,1892;0,0000;800,0000;-352,4055;12;0
3,9732;15,2694;17,4624;17,2008;-0,0000;55,3368;15,2694;356,197;97,240;261,370;1171,810;-74,7569;-134,4524;-35,2543;0,0000;169,7067;-74,7570;-352,4055;-633,8108;-166,1892;0,0000;800,0000;-352,4055;12;0
3,9761;15,0536;17,0743;17,0991;-0,0000;55,8266;15,0536;355,807;95,695;264,380;1188,217;-75,7672;-136,2693;-35,7307;0,0000;172,0000;-75,7672;-352,4055;-633,8108;-166,1892;0,0000;800,0000;-352,4055;12;0
3,9789;14,8350;16,6811;16,9960;-0,0000;56,3229;14,8350;355,381;94,128;267,428;1204,630;-76,7774;-138,0862;-36,2071;0,0000;174,2933;-76,7774;-352,4055;-633,8108;-166,1892;0,0000;800,0000;-352,4055;12;0
3,9818;14,6134;16,2826;16,8915;-0,0000;56,8259;14,6134;354,917;92,538;270,511;1221,048;-77,7876;-139,9032;-36,6835;0,0000;176,5867;-77,7876;-352,4055;-633,8108;-166,1892;0,0000;800,0000;-352,4055;12;0
3,9847;14,3890;15,8790;16,7856;-0,0000;57,3354;14,3890;354,413;90,925;273,631;1237,471;-78,7979;-141,7201;-37,1599;0,0000;178,8800;-78,7979;-352,4055;-633,8108;-166,1892;0,0000;800,0000;-352,4055;12;0
3,9875;14,1617;15,4701;16,6784;-0,0000;57,8515;14,1617;353,870;89,291;276,786;1253,898;-79,8081;-143,5370;-37,6363;0,0000;181,1733;-79,8081;-352,4055;-633,8108;-166,1892;0,0000;800,0000;-352,4055;12;0
3,9904;13,9314;15,0560;16,5699;-0,0000;58,3741;13,9314;353,285;87,635;279,976;1270,329;-80,8183;-145,3539;-38,1127;0,0000;183,4667;-80,8183;-352,4055;-633,8108;-166,1892;0,0000;800,0000;-352,4055;12;0
3,9933;13,6983;14,6368;16,4599;-0,0000;58,9033;13,6983;352,657;85,957;283,201;1286,762;-81,8286;-147,1709;-38,5891;0,0000;185,7600;-81,8286;-352,4055;-633,8108;-166,1892;0,0000;800,0000;-352,4055;12;0
3,9961;13,4623;14,2123;16,3486;-0,0000;59,4391;13,4623;351,985;84,259;286,459;1303,197;-82,8388;-148,9878;-39,0655;0,0000;188,0533;-82,8388;-348,9748;-627,6406;-164,5714;0,0000;792,2120;-348,9748;12;0
3,9990;13,2234;13,7826;16,2359;-0,0000;59,9815;13,2234;351,267;82,540;289,752;1319,634;-83,8293;-150,7693;-39,5327;0,0000;190,3020;-83,8293;-280,3377;-504,1949;-132,2031;0,0000;636,3981;-280,3377;12;0
4,0019;12,9817;13,3478;16,1220;-0,0000;60,5302;12,9817;350,503;80,802;293,076;1335,447;-84,4461;-151,8785;-39,8235;0,0000;191,7020;-84,4461;-130,4605;-234,6368;-61,5233;0,0000;296,1601;-130,4605;12;0
4,0047;12,7392;12,9118;16,0076;-0,0000;61,0806;12,7392;349,698;79,059;296,403;1340,035;-84,5773;-152,1146;-39,8854;0,0000;192,0000;-84,5773;-22,8949;-41,1771;-10,7969;0,0000;51,9740;-22,8949;12;0
4,0076;12,4967;12,4757;15,8933;-0,0000;61,6310;12,4967;348,853;77,318;299,723;1340,449;-84,5773;-152,1146;-39,8854;0,0000;192,0000;-84,5773;0,0000;0,0000;0,0000;0,0000;0,0000;0,0000;12;0
4,0105;12,2543;12,0397;15,7789;-0,0000;62,1814;12,2543;347,971;75,579;303,035;1340,848;-84,5773;-152,1146;-39,8854;0,0000;192,0000;-84,5773;0,0000;0,0000;0,0000;-0,0000;-0,0000;0,0000;12;0
4,0133;12,0118;11,6036;15,6646;-0,0000;62,7318;12,0118;347,049;73,842;306,340;1341,232;-84,5773;-152,1146;-39,8854;0,0000;192,0000;-84,5773;-0,0000;-0,0000;-0,0000;0,0000;0,0000;-0,0000;12;0
4,0162;11,7694;11,1675;15,5503;-0,0000;63,2822;11,7694;346,089;72,109;309,636;1341,600;-84,5773;-152,1146;-39,8854;0,0000;192,0000;-84,5773;-0,0000;-0,0000;-0,0000;0,0000;0,0000;-0,0000;12;0
4,0191;11,5269;10,7315;15,4359;-0,0000;63,8326;11,5269;345,090;70,378;312,923;1341,953;-84,5773;-152,1146;-39,8854;0,0000;192,0000;-84,5773;0,0000;0,0000;0,0000;-0,0000;-0,0000;0,0000;12;0
4,0219;11,2845;10,2954;15,3216;-0,0000;64,3830;11,2845;344,052;68,651;316,201;1342,291;-84,5773;-152,1146;-39,8854;0,0000;192,0000;-84,5773;0,0000;0,0000;0,0000;-0,0000;-0,0000;0,0000;12;0
4,0248;11,0420;9,8594;15,2072;-0,0000;64,9334;11,0420;342,976;66,929;319,471;1342,615;-84,5773;-152,1146;-39,8854;0,0000;192,0000;-84,5773;-0,0000;-0,0000;0,0000;0,0000;0,0000;-0,0000;12;0
4,0277;10,7996;9,4233;15,0929;-0,0000;65,4838;10,7996;341,862;65,211;322,731;1342,924;-84,5773;-152,1146;-39,8854;0,0000;192,0000;-84,5773;-0,0000;-0,0000;-0,0000;0,0000;0,0000;-0,0000;12;0
4,0305;10,5571;8,9872;14,9786;-0,0000;66,0342;10,5571;340,709;63,498;325,981;1343,219;-84,5773;-152,1146;-39,8854;0,0000;192,0000;-84,5773;4,4530;8,0088;2,1000;-0,0000;-10,1088;4,4530;12;0
4,0334;10,3146;8,5512;14,8642;-0,0000;66,5846;10,3146;339,517;61,790;329,221;1343,501;-84,5518;-152,0687;-39,8734;0,0000;191,9420;-84,5518;76,5149;137,6141;36,0833;-0,0000;-173,6974;76,5149;12;0
4,0363;10,0723;8,1154;14,7500;-0,0000;67,1347;10,0723;338,288;60,090;332,449;1342,958;-84,1386;-151,3256;-39,6785;0,0000;191,0041;-84,1386;227,7722;409,6544;107,4140;-0,0000;-517,0684;227,7722;12;0
4,0391;9,8323;7,6836;14,6367;-0,0000;67,6797;9,8323;337,033;58,411;335,636;1330,892;-83,2459;-149,7200;-39,2575;0,0000;188,9775;-83,2459;331,9130;596,9545;156,5253;-0,0000;-753,4798;331,9130;12;0
4,0420;9,5951;7,2570;14,5249;-0,0000;68,2181;9,5951;335,756;56,759;338,775;1315,071;-82,2357;-147,9031;-38,7811;0,0000;186,6842;-82,2357;352,4055;633,8108;166,1892;-0,0000;-800,0000;352,4055;12;0
4,0449;9,3608;6,8356;14,4144;-0,0000;68,7500;9,3608;334,459;55,134;341,865;1299,231;-81,2254;-146,0861;-38,3047;0,0000;184,3909;-81,2254;352,4055;633,8108;166,1892;-0,0000;-800,0000;352,4055;12;0
4,0477;9,1294;6,4194;14,3053;-0,0000;69,2753;9,1294;333,143;53,536;344,906;1283,371;-80,2152;-144,2692;-37,8283;0,0000;182,0975;-80,2152;352,4055;633,8108;166,1892;-0,0000;-800,0000;352,4055;12;0
4,0506;8,9009;6,0084;14,1975;-0,0000;69,7940;8,9009;331,810;51,965;347,899;1267,493;-79,2050;-142,4523;-37,3519;0,0000;179,8042;-79,2050;352,4055;633,8108;166,1892;-0,0000;-800,0000;352,4055;12;0
4,0535;8,6753;5,6027;14,0911;-0,0000;70,3062;8,6753;330,460;50,421;350,844;1251,599;-78,1947;-140,6354;-36,8755;0,0000;177,5109;-78,1947;352,4055;633,8108;166,1892;-0,0000;-800,0000;352,4055;12;0
4,0563;8,4525;5,2021;13,9861;-0,0000;70,8118;8,4525;329,096;48,905;353,740;1235,689;-77,1845;-138,8184;-36,3991;0,0000;175,2175;-77,1845;352,4055;633,8108;166,1892;-0,0000;-800,0000;352,4055;12;0
4,0592;8,2327;4,8068;13,8824;-0,0000;71,3108;8,2327;327,719;47,416;356,588;1219,765;-76,1743;-137,0015;-35,9227;0,0000;172,9242;-76,1743;352,4055;633,8108;166,1892;-0,0000;-800,0000;352,4055;12;0
4,0621;8,0158;4,4167;13,7801;-0,0000;71,8032;8,0158;326,329;45,954;359,388;1203,826;-75,1641;-135,1846;-35,4463;0,0000;170,6309;-75,1641;352,4055;633,8108;166,1892;-0,0000;-800,0000;352,4055;12;0
4,0649;7,8018;4,0317;13,6792;-0,0000;72,2891;7,8018;324,929;44,520;362,141;1187,875;-74,1538;-133,3677;-34,9699;0,0000;168,3375;-74,1538;352,4055;633,8108;166,1892;-0,0000;-800,0000;352,4055;12;0
4,0678;7,5907;3,6520;13,5796;-0,0000;72,7683;7,5907;323,519;43,113;364,846;1171,912;-73,1436;-131,5507;-34,4934;0,0000;166,0442;-73,1436;352,4055;633,8108;166,1892;-0,0000;-800,0000;352,4055;12;0
4,0707;7,3824;3,2775;13,4814;-0,0000;73,2410;7,3824;322,101;41,733;367,505;1155,937;-72,1334;-129,7338;-34,0170;0,0000;163,7509;-72,1334;352,4055;633,8108;166,1892;-0,0000;-800,0000;352,4055;12;0
4,0735;7,1771;2,9082;13,3846;-0,0000;73,7072;7,1771;320,676;40,381;370,116;1139,953;-71,1231;-127,9169;-33,5406;0,0000;161,4575;-71,1231;352,4055;633,8108;166,1892;-0,0000;-800,0000;352,4055;12;0
4,0764;6,9747;2,5441;13,2891;-0,0000;74,1667;6,9747;319,246;39,055;372,681;1123,958;-70,1129;-126,1000;-33,0642;0,0000;159,1642;-70,1129;352,4055;633,8108;166,1892;-0,0000;-800,0000;352,4055;12;0
4,0793;6,7751;2,1852;13,1950;-0,0000;74,6197;6,7751;317,810;37,757;375,199;1107,955;-69,1027;-124,2830;-32,5878;0,0000;156,8709;-69,1027;352,4055;633,8108;166,1892;-0,0000;-800,0000;352,4055;12;0
4,0821;6,5785;1,8316;13,1023;-0,0000;75,0661;6,5785;316,372;36,485;377,671;1091,943;-68,0925;-122,4661;-32,1114;0,0000;154,5775;-68,0925;352,4055;633,8108;166,1892;-0,0000;-800,0000;352,4055;12;0
4,0850;6,3847;1,4831;13,0109;-0,0000;75,5060;6,3847;314,931;35,240;380,097;1075,924;-67,0822;-120,6492;-31,6350;0,0000;152,2842;-67,0822;352,4055;633,8108;166,1892;-0,0000;-800,0000;352,4055;12;0
4,0879;6,1939;1,1398;12,9209;-0,0000;75,9392;6,1939;313,489;34,022;382,478;1059,897;-66,0720;-118,8323;-31,1586;0,0000;149,9909;-66,0720;352,4055;633,8108;166,1892;-0,0000;-800,0000;352,4055;12;0
4,0907;6,0059;0,8018;12,8323;-0,0000;76,3659;6,0059;312,046;32,830;384,813;1043,865;-65,0618;-117,0153;-30,6822;0,0000;147,6975;-65,0618;352,4055;633,8108;166,1892;-0,0000;-800,0000;352,4055;12;0
4,0936;5,8209;0,4690;12,7450;-0,0000;76,7860;5,8209;310,605;31,664;387,104;1027,826;-64,0515;-115,1984;-30,2058;0,0000;145,4042;-64,0515;352,4055;633,8108;166,1892;-0,0000;-800,0000;352,4055;12;0
4,0965;5,6387;0,1413;12,6591;-0,0000;77,1996;5,6387;309,166;30,525;389,350;1011,781;-63,0413;-113,3815;-29,7294;0,0000;143,1109;-63,0413;352,4055;633,8108;166,1892;-0,0000;-800,0000;352,4055;12;0
4,0993;5,4594;-0,1811;12,5746;-0,0000;77,6065;5,4594;307,730;29,411;391,551;995,732;-62,0311;-111,5646;-29,2529;0,0000;140,8175;-62,0311;352,4055;633,8108;166,1892;-0,0000;-800,0000;352,4055;12;0
4,1022;5,2830;-0,4983;12,4914;-0,0000;78,0069;5,2830;306,299;28,323;393,708;979,678;-61,0209;-109,7477;-28,7765;0,0000;138,5242;-61,0209;352,4055;633,8108;166,1892;-0,0000;-800,0000;352,4055;12;0
4,1051;5,1096;-0,8103;12,4096;-0,0000;78,4007;5,1096;304,872;27,260;395,822;963,620;-60,0106;-107,9307;-28,3001;0,0000;136,2309;-60,0106;352,4055;633,8108;166,1892;-0,0000;-800,0000;352,4055;12;0
4,1079;4,9390;-1,1171;12,3291;-0,0000;78,7880;4,9390;303,452;26,223;397,892;947,557;-59,0004;-106,1138;-27,8237;0,0000;133,9375;-59,0004;352,4055;633,8108;166,1892;-0,0000;-800,0000;352,4055;12;0
4,1108;4,7713;-1,4187;12,2501;-0,0000;79,1686;4,7713;302,039;25,211;399,919;931,492;-57,9902;-104,2969;-27,3473;0,0000;131,6442;-57,9902;352,4055;633,8108;166,1892;-0,0000;-800,0000;352,4055;12;0
4,1137;4,6065;-1,7151;12,1724;-0,0000;79,5427;4,6065;300,634;24,223;401,903;915,423;-56,9799;-102,4800;-26,8709;0,0000;129,3509;-56,9799;352,4055;633,8108;166,1892;-0,0000;-800,0000;352,4055;12;0
4,1165;4,4446;-2,0063;12,0960;-0,0000;79,9102;4,4446;299,238;23,259;403,844;899,352;-55,9697;-100,6630;-26,3945;0,0000;127,0575;-55,9697;352,4055;633,8108;166,1892;-0,0000;-800,0000;352,4055;12;0
4,1194;4,2856;-2,2922;12,0210;-0,0000;80,2712;4,2856;297,852;22,320;405,744;883,278;-54,9595;-98,8461;-25,9181;0,0000;124,7642;-54,9595;352,4055;633,8108;166,1892;-0,0000;-800,0000;352,4055;12;0
4,1223;4,1295;-2,5730;11,9474;-0,0000;80,6256;4,1295;296,476;21,405;407,601;867,201;-53,9492;-97,0292;-25,4417;0,0000;122,4709;-53,9492;352,4055;633,8108;166,1892;-0,0000;-800,0000;352,4055;12;0
4,1251;3,9763;-2,8485;11,8752;-0,0000;80,9734;3,9763;295,113;20,514;409,418;851,123;-52,9390;-95,2123;-24,9653;0,0000;120,1775;-52,9390;352,4055;633,8108;166,1892;-0,0000;-800,0000;352,4055;12;0
4,1280;3,8260;-3,1189;11,8043;-0,0000;81,3146;3,8260;293,761;19,645;411,193;835,043;-51,9288;-93,3953;-24,4889;0,0000;117,8842;-51,9288;352,4055;633,8108;166,1892;-0,0000;-800,0000;352,4055;12;0
4,1309;3,6786;-3,3840;11,7348;-0,0000;81,6492;3,6786;292,423;18,800;412,927;818,961;-50,9186;-91,5784;-24,0124;0,0000;115,5909;-50,9186;352,4055;633,8108;166,1892;-0,0000;-800,0000;352,4055;12;0
4,1337;3,5341;-3,6439;11,6666;-0,0000;81,9773;3,5341;291,099;17,978;414,620;802,878;-49,9083;-89,7615;-23,5360;0,0000;113,2975;-49,9083;352,4055;633,8108;166,1892;-0,0000;-800,0000;352,4055;12;0
4,1366;3,3924;-3,8986;11,5998;-0,0000;82,2988;3,3924;289,790;17,178;416,274;786,793;-48,8981;-87,9446;-23,0596;0,0000;111,0042;-48,8981;352,4055;633,8108;166,1892;-0,0000;-800,0000;352,4055;12;0
4,1395;3,2537;-4,1481;11,5344;-0,0000;82,6137;3,2537;288,497;16,401;417,887;770,708;-47,8879;-86,1276;-22,5832;0,0000;108,7109;-47,8879;352,4055;633,8108;166,1892;-0,0000;-800,0000;352,4055;12;0
4,1423;3,1179;-4,3924;11,4703;-0,0000;82,9221;3,1179;287,220;15,645;419,461;754,621;-46,8776;-84,3107;-22,1068;0,0000;106,4175;-46,8776;352,4055;633,8108;166,1892;-0,0000;-800,0000;352,4055;12;0
4,1452;2,9849;-4,6315;11,4077;-0,0000;83,2238;2,9849;285,960;14,911;420,996;738,534;-45,8674;-82,4938;-21,6304;0,0000;104,1242;-45,8674;352,4055;633,8108;166,1892;-0,0000;-800,0000;352,4055;12;0
4,1481;2,8549;-4,8654;11,3463;-0,0000;83,5190;2,8549;284,717;14,198;422,492;722,446;-44,8572;-80,6769;-21,1540;0,0000;101,8309;-44,8572;352,4055;633,8108;166,1892;-0,0000;-800,0000;352,4055;12;0
4,1509;2,7278;-5,0940;11,2864;-0,0000;83,8077;2,7278;283,493;13,507;423,950;706,357;-43,8470;-78,8599;-20,6776;0,0000;99,5375;-43,8470;352,4055;633,8108;166,1892;-0,0000;-800,0000;352,4055;12;0
4,1538;2,6035;-5,3175;11,2278;-0,0000;84,0897;2,6035;282,289;12,836;425,369;690,268;-42,8367;-77,0430;-20,2012;0,0000;97,2442;-42,8367;352,4055;633,8108;166,1892;-0,0000;-800,0000;352,4055;12;0
4,1567;2,4822;-5,5358;11,1706;-0,0000;84,3652;2,4822;281,104;12,186;426,750;674,179;-41,8265;-75,2261;-19,7248;0,0000;94,9509;-41,8265;352,4055;633,8108;166,1892;-0,0000;-800,0000;352,4055;12;0
4,1595;2,3637;-5,7488;11,1147;-0,0000;84,6341;2,3637;279,939;11,555;428,094;658,089;-40,8163;-73,4092;-19,2484;0,0000;92,6575;-40,8163;352,4055;633,8108;166,1892;-0,0000;-800,0000;352,4055;12;0
4,1624;2,2482;-5,9566;11,0602;-0,0000;84,8964;2,2482;278,795;10,945;429,400;641,999;-39,8060;-71,5922;-18,7719;0,0000;90,3642;-39,8060;352,4055;633,8108;166,1892;-0,0000;-800,0000;352,4055;12;0
4,1653;2,1355;-6,1593;11,0071;-0,0000;85,1522;2,1355;277,673;10,354;430,669;625,909;-38,7958;-69,7753;-18,2955;0,0000;88,0709;-38,7958;352,4055;633,8108;166,1892;-0,0000;-800,0000;352,4055;12;0
4,1681;2,0257;-6,3567;10,9553;-0,0000;85,4014;2,0257;276,573;9,782;431,902;609,818;-37,7856;-67,9584;-17,8191;0,0000;85,7775;-37,7856;352,4055;633,8108;166,1892;-0,0000;-800,0000;352,4055;12;0
4,1710;1,9189;-6,5489;10,9049;-0,0000;85,6440;1,9189;275,496;9,230;433,098;593,728;-36,7754;-66,1415;-17,3427;0,0000;83,4842;-36,7754;352,4055;633,8108;166,1892;-0,0000;-800,0000;352,4055;12;0
4,1739;1,8149;-6,7359;10,8559;-0,0000;85,8800;1,8149;274,442;8,696;434,258;577,637;-35,7651;-64,3245;-16,8663;0,0000;81,1909;-35,7651;352,4055;633,8108;166,1892;-0,0000;-800,0000;352,4055;12;0
4,1767;1,7138;-6,9177;10,8082;-0,0000;86,1095;1,7138;273,411;8,181;435,382;561,547;-34,7549;-62,5076;-16,3899;0,0000;78,8975;-34,7549;352,4055;633,8108;166,1892;-0,0000;-800,0000;352,4055;12;0
4,1796;1,6156;-7,0943;10,7619;-0,0000;86,3324;1,6156;272,405;7,683;436,471;545,456;-33,7447;-60,6907;-15,9135;0,0000;76,6042;-33,7447;352,4055;633,8108;166,1892;-0,0000;-800,0000;352,4055;12;0
4,1825;1,5203;-7,2656;10,7170;-0,0000;86,5487;1,5203;271,424;7,204;437,525;529,366;-32,7344;-58,8738;-15,4371;0,0000;74,3109;-32,7344;352,4055;633,8108;166,1892;-0,0000;-800,0000;352,4055;12;0
4,1853;1,4279;-7,4318;10,6734;-0,0000;86,7584;1,4279;270,468;6,742;438,543;513,276;-31,7242;-57,0568;-14,9607;0,0000;72,0175;-31,7242;352,4055;633,8108;166,1892;-0,0000;-800,0000;352,4055;12;0
4,1882;1,3384;-7,5928;10,6312;-0,0000;86,9616;1,3384;269,537;6,298;439,527;497,186;-30,7140;-55,2399;-14,4843;0,0000;69,7242;-30,7140;352,4055;633,8108;166,1892;-0,0000;-800,0000;352,4055;12;0
4,1911;1,2518;-7,7485;10,5904;-0,0000;87,1582;1,2518;268,632;5,870;440,476;481,095;-29,7038;-53,4230;-14,0079;0,0000;67,4309;-29,7038;352,4055;633,8108;166,1892;-0,0000;-800,0000;352,4055;12;0
4,1939;1,1681;-7,8991;10,5509;-0,0000;87,3482;1,1681;267,754;5,460;441,391;465,005;-28,6935;-51,6061;-13,5314;0,0000;65,1375;-28,6935;352,4055;633,8108;166,1892;-0,0000;-800,0000;352,4055;12;0
4,1968;1,0873;-8,0444;10,5128;-0,0000;87,5316;1,0873;266,903;5,066;442,272;448,916;-27,6833;-49,7892;-13,0550;0,0000;62,8442;-27,6833;352,4055;633,8108;166,1892;-0,0000;-800,0000;352,4055;12;0
4,1997;1,0094;-8,1845;10,4760;-0,0000;87,7085;1,0094;266,078;4,688;443,119;432,826;-26,6731;-47,9722;-12,5786;0,0000;60,5509;-26,6731;352,4055;633,8108;166,1892;-0,0000;-800,0000;352,4055;12;0
4,2025;0,9344;-8,3194;10,4407;-0,0000;87,8788;0,9344;265,282;4,327;443,933;416,736;-25,6628;-46,1553;-12,1022;0,0000;58,2575;-25,6628;352,4055;633,8108;166,1892;-0,0000;-800,0000;352,4055;12;0
4,2054;0,8623;-8,4491;10,4066;-0,0000;88,0425;0,8623;264,513;3,981;444,713;400,647;-24,6526;-44,3384;-11,6258;0,0000;55,9642;-24,6526;352,4055;633,8108;166,1892;-0,0000;-800,0000;352,4055;12;0
4,2083;0,7931;-8,5736;10,3740;-0,0000;88,1996;0,7931;263,773;3,651;445,460;384,557;-23,6424;-42,5215;-11,1494;0,0000;53,6709;-23,6424;352,4055;633,8108;166,1892;-0,0000;-800,0000;352,4055;12;0
4,2111;0,7267;-8,6929;10,3427;-0,0000;88,3502;0,7267;263,061;3,337;446,175;368,468;-22,6321;-40,7045;-10,6730;0,0000;51,3775;-22,6321;352,4055;633,8108;166,1892;-0,0000;-800,0000;352,4055;12;0
4,2140;0,6633;-8,8070;10,3128;-0,0000;88,4942;0,6633;262,379;3,038;446,857;352,379;-21,6219;-38,8876;-10,1966;0,0000;49,0842;-21,6219;352,4055;633,8108;166,1892;-0,0000;-800,0000;352,4055;12;0
4,2169;0,6028;-8,9159;10,2843;-0,0000;88,6316;0,6028;261,725;2,754;447,506;336,290;-20,6117;-37,0707;-9,7202;0,0000;46,7909;-20,6117;352,4055;633,8108;166,1892;-0,0000;-800,0000;352,4055;12;0
4,2197;0,5451;-9,0196;10,2571;-0,0000;88,7625;0,5451;261,101;2,484;448,123;320,201;-19,6015;-35,2538;-9,2438;0,0000;44,4975;-19,6015;352,4055;633,8108;166,1892;-0,0000;-800,0000;352,4055;12;0
4,2226;0,4904;-9,1180;10,2313;-0,0000;88,8868;0,4904;260,507;2,230;448,708;304,112;-18,5912;-33,4368;-8,7674;0,0000;42,2042;-18,5912;352,4055;633,8108;166,1892;-0,0000;-800,0000;352,4055;12;0
4,2255;0,4385;-9,2113;10,2068;-0,0000;89,0045;0,4385;259,943;1,990;449,261;288,024;-17,5810;-31,6199;-8,2909;0,0000;39,9109;-17,5810;352,4055;633,8108;166,1892;-0,0000;-800,0000;352,4055;12;0
4,2283;0,3896;-9,2993;10,1837;-0,0000;89,1156;0,3896;259,409;1,764;449,782;271,935;-16,5708;-29,8030;-7,8145;0,0000;37,6175;-16,5708;352,4055;633,8108;166,1892;-0,0000;-800,0000;352,4055;12;0
4,2312;0,3435;-9,3821;10,1620;-0,0000;89,2201;0,3435;258,905;1,552;450,271;255,847;-15,5605;-27,9861;-7,3381;0,0000;35,3242;-15,5605;352,4055;633,8108;166,1892;-0,0000;-800,0000;352,4055;12;0
4,2341;0,3004;-9,4598;10,1417;-0,0000;89,3181;0,3004;258,432;1,355;450,729;239,758;-14,5503;-26,1691;-6,8617;0,0000;33,0309;-14,5503;352,4055;633,8108;166,1892;-0,0000;-800,0000;352,4055;12;0
4,2369;0,2601;-9,5322;10,1227;-0,0000;89,4095;0,2601;257,990;1,171;451,156;223,670;-13,5401;-24,3522;-6,3853;0,0000;30,7375;-13,5401;352,4055;633,8108;166,1892;-0,0000;-800,0000;352,4055;12;0
4,2398;0,2228;-9,5994;10,1050;-0,0000;89,4943;0,2228;257,579;1,001;451,551;207,582;-12,5299;-22,5353;-5,9089;0,0000;28,4442;-12,5299;352,4055;633,8108;166,1892;-0,0000;-800,0000;352,4055;12;0
4,2427;0,1883;-9,6614;10,0888;-0,0000;89,5726;0,1883;257,200;0,845;451,916;191,494;-11,5196;-20,7184;-5,4325;0,0000;26,1509;-11,5196;352,4055;633,8108;166,1892;-0,0000;-800,0000;352,4055;12;0
4,2455;0,1567;-9,7182;10,0739;-0,0000;89,6443;0,1567;256,851;0,702;452,249;175,406;-10,5094;-18,9014;-4,9561;0,0000;23,8575;-10,5094;352,4055;633,8108;166,1892;-0,0000;-800,0000;352,4055;12;0
4,2484;0,1280;-9,7697;10,0604;-0,0000;89,7094;0,1280;256,534;0,573;452,552;159,318;-9,4992;-17,0845;-4,4797;0,0000;21,5642;-9,4992;352,4055;633,8108;166,1892;-0,0000;-800,0000;352,4055;12;0
4,2513;0,1022;-9,8161;10,0482;-0,0000;89,7679;0,1022;256,249;0,457;452,823;143,230;-8,4889;-15,2676;-4,0033;0,0000;19,2709;-8,4889;352,4055;633,8108;166,1892;-0,0000;-800,0000;352,4055;12;0
4,2541;0,0794;-9,8573;10,0374;-0,0000;89,8199;0,0794;255,996;0,355;453,064;127,142;-7,4787;-13,4507;-3,5269;0,0000;16,9775;-7,4787;352,4055;633,8108;166,1892;-0,0000;-800,0000;352,4055;12;0
4,2570;0,0594;-9,8932;10,0280;-0,0000;89,8652;0,0594;255,774;0,265;453,274;111,054;-6,4685;-11,6337;-3,0504;0,0000;14,6842;-6,4685;352,4055;633,8108;166,1892;-0,0000;-800,0000;352,4055;12;0
4,2599;0,0423;-9,9240;10,0199;-0,0000;89,9040;0,0423;255,585;0,189;453,454;94,966;-5,4583;-9,8168;-2,5740;0,0000;12,3909;-5,4583;352,4055;633,8108;166,1892;-0,0000;-800,0000;352,4055;12;0
4,2627;0,0281;-9,9495;10,0132;-0,0000;89,9363;0,0281;255,427;0,125;453,603;78,878;-4,4480;-7,9999;-2,0976;0,0000;10,0975;-4,4480;352,4055;633,8108;166,1892;-0,0000;-800,0000;352,4055;12;0
4,2656;0,0168;-9,9698;10,0079;-0,0000;89,9619;0,0168;255,301;0,075;453,722;62,790;-3,4378;-6,1830;-1,6212;0,0000;7,8042;-3,4378;352,4055;633,8108;166,1892;-0,0000;-800,0000;352,4055;12;0
4,2685;0,0084;-9,9850;10,0039;-0,0000;89,9810;0,0084;255,208;0,037;453,810;46,703;-2,4276;-4,3660;-1,1448;0,0000;5,5109;-2,4276;352,4055;633,8108;166,1892;-0,0000;-800,0000;352,4055;12;0
4,2713;0,0029;-9,9949;10,0013;-0,0000;89,9935;0,0029;255,147;0,013;453,868;30,615;-1,4173;-2,5491;-0,6684;0,0000;3,2175;-1,4173;336,7048;605,5726;158,7850;-0,0000;-764,3576;336,7048;12;0
4,2742;0,0002;-9,9996;10,0001;-0,0000;89,9995;0,0002;255,118;0,001;453,896;14,527;-0,4971;-0,8941;-0,2344;0,0000;1,1285;-0,4971;232,9027;418,8817;109,8335;-0,0000;-528,7152;232,9027;12;0
4,2771;0,0000;-10,0000;10,0000;0,0000;90,0000;0,0000;255,115;0,000;453,898;1,306;-0,0820;-0,1475;-0,0387;0,0000;0,1862;-0,0820;144,8013;260,4290;68,2861;-0,0000;-328,7152;144,8013;12;0
